id_uci,nclients,seed,data_name,train_size,number_classes,majority_class,ranking,selection,param,consolidation,round1_n_rules,round1_n_items_antecedent,round2_n_rules,round2_n_items_antecedent,final_nrules,final_total_items,default_class,comm_cost
69,2,5,Molecular Biology (Splice-junction Gene Sequences),2552,3,N,1,select_coverage,1.0,DAC,366,1303,,,344,1253,N,9620
69,2,5,Molecular Biology (Splice-junction Gene Sequences),2552,3,N,1,select_coverage,1.0,exact,366,1303,344.0,1253.0,344,1253,EI,26268
69,2,5,Molecular Biology (Splice-junction Gene Sequences),2552,3,N,1,select_coverage,2.0,DAC,654,2417,,,617,2329,N,17532
69,2,5,Molecular Biology (Splice-junction Gene Sequences),2552,3,N,1,select_coverage,2.0,exact,654,2417,617.0,2329.0,617,2329,EI,48068
69,2,5,Molecular Biology (Splice-junction Gene Sequences),2552,3,N,1,select_coverage,3.0,DAC,937,3538,,,891,3416,N,25412
69,2,5,Molecular Biology (Splice-junction Gene Sequences),2552,3,N,1,select_coverage,3.0,exact,937,3538,891.0,3416.0,891,3416,EI,70016
69,2,5,Molecular Biology (Splice-junction Gene Sequences),2552,3,N,1,select_coverage,4.0,DAC,1244,4729,,,1196,4600,N,33860
69,2,5,Molecular Biology (Splice-junction Gene Sequences),2552,3,N,1,select_coverage,4.0,exact,1244,4729,1196.0,4600.0,1196,4600,EI,94012
69,2,5,Molecular Biology (Splice-junction Gene Sequences),2552,3,N,1,select_coverage_CBA_M1,,DAC,358,1278,,,336,1228,N,9424
69,2,5,Molecular Biology (Splice-junction Gene Sequences),2552,3,N,1,select_coverage_CBA_M1,,exact,358,1278,336.0,1228.0,336,1228,EI,25712
69,2,5,Molecular Biology (Splice-junction Gene Sequences),2552,3,N,2,select_coverage,1.0,exact,366,1303,344.0,1253.0,344,1253,EI,26268
69,2,5,Molecular Biology (Splice-junction Gene Sequences),2552,3,N,2,select_coverage,2.0,exact,654,2417,617.0,2329.0,617,2329,EI,48068
69,2,5,Molecular Biology (Splice-junction Gene Sequences),2552,3,N,2,select_coverage,3.0,exact,937,3538,891.0,3416.0,891,3416,EI,70016
69,2,5,Molecular Biology (Splice-junction Gene Sequences),2552,3,N,2,select_coverage,4.0,exact,1244,4729,1196.0,4600.0,1196,4600,EI,94012
69,2,5,Molecular Biology (Splice-junction Gene Sequences),2552,3,N,2,select_coverage_CBA_M1,,exact,242,971,234.0,949.0,234,949,N,18988
69,2,14,Molecular Biology (Splice-junction Gene Sequences),2552,3,N,1,select_coverage,1.0,DAC,360,1290,,,334,1232,N,9496
69,2,14,Molecular Biology (Splice-junction Gene Sequences),2552,3,N,1,select_coverage,1.0,exact,360,1290,334.0,1232.0,334,1232,EI,25728
69,2,14,Molecular Biology (Splice-junction Gene Sequences),2552,3,N,1,select_coverage,2.0,DAC,641,2388,,,606,2300,N,17260
69,2,14,Molecular Biology (Splice-junction Gene Sequences),2552,3,N,1,select_coverage,2.0,exact,641,2388,606.0,2300.0,606,2300,EI,47368
69,2,14,Molecular Biology (Splice-junction Gene Sequences),2552,3,N,1,select_coverage,3.0,DAC,953,3588,,,907,3463,N,25804
69,2,14,Molecular Biology (Splice-junction Gene Sequences),2552,3,N,1,select_coverage,3.0,exact,953,3588,907.0,3463.0,907,3463,EI,71104
69,2,14,Molecular Biology (Splice-junction Gene Sequences),2552,3,N,1,select_coverage,4.0,DAC,1259,4780,,,1204,4626,N,34244
69,2,14,Molecular Biology (Splice-junction Gene Sequences),2552,3,N,1,select_coverage,4.0,exact,1259,4780,1204.0,4626.0,1204,4626,EI,94680
69,2,14,Molecular Biology (Splice-junction Gene Sequences),2552,3,N,1,select_coverage_CBA_M1,,DAC,359,1286,,,333,1228,IE,9468
69,2,14,Molecular Biology (Splice-junction Gene Sequences),2552,3,N,1,select_coverage_CBA_M1,,exact,359,1286,333.0,1228.0,333,1228,EI,25648
69,2,14,Molecular Biology (Splice-junction Gene Sequences),2552,3,N,2,select_coverage,1.0,exact,360,1290,334.0,1232.0,334,1232,EI,25728
69,2,14,Molecular Biology (Splice-junction Gene Sequences),2552,3,N,2,select_coverage,2.0,exact,641,2388,606.0,2300.0,606,2300,EI,47368
69,2,14,Molecular Biology (Splice-junction Gene Sequences),2552,3,N,2,select_coverage,3.0,exact,953,3588,907.0,3463.0,907,3463,EI,71104
69,2,14,Molecular Biology (Splice-junction Gene Sequences),2552,3,N,2,select_coverage,4.0,exact,1259,4780,1204.0,4626.0,1204,4626,EI,94680
69,2,14,Molecular Biology (Splice-junction Gene Sequences),2552,3,N,2,select_coverage_CBA_M1,,exact,308,1135,282.0,1077.0,282,1077,N,22204
69,2,17,Molecular Biology (Splice-junction Gene Sequences),2552,3,N,1,select_coverage,1.0,DAC,346,1243,,,317,1174,N,9140
69,2,17,Molecular Biology (Splice-junction Gene Sequences),2552,3,N,1,select_coverage,1.0,exact,346,1243,317.0,1174.0,317,1174,N,24532
69,2,17,Molecular Biology (Splice-junction Gene Sequences),2552,3,N,1,select_coverage,2.0,DAC,623,2311,,,570,2180,N,16736
69,2,17,Molecular Biology (Splice-junction Gene Sequences),2552,3,N,1,select_coverage,2.0,exact,623,2311,570.0,2180.0,570,2180,N,44948
69,2,17,Molecular Biology (Splice-junction Gene Sequences),2552,3,N,1,select_coverage,3.0,DAC,901,3392,,,837,3223,N,24396
69,2,17,Molecular Biology (Splice-junction Gene Sequences),2552,3,N,1,select_coverage,3.0,exact,901,3392,837.0,3223.0,837,3223,N,66160
69,2,17,Molecular Biology (Splice-junction Gene Sequences),2552,3,N,1,select_coverage,4.0,DAC,1189,4524,,,1115,4315,N,32380
69,2,17,Molecular Biology (Splice-junction Gene Sequences),2552,3,N,1,select_coverage,4.0,exact,1189,4524,1115.0,4315.0,1115,4315,N,88320
69,2,17,Molecular Biology (Splice-junction Gene Sequences),2552,3,N,1,select_coverage_CBA_M1,,DAC,325,1180,,,296,1111,N,8636
69,2,17,Molecular Biology (Splice-junction Gene Sequences),2552,3,N,1,select_coverage_CBA_M1,,exact,325,1180,296.0,1111.0,296,1111,N,23104
69,2,17,Molecular Biology (Splice-junction Gene Sequences),2552,3,N,2,select_coverage,1.0,exact,346,1243,317.0,1174.0,317,1174,N,24532
69,2,17,Molecular Biology (Splice-junction Gene Sequences),2552,3,N,2,select_coverage,2.0,exact,623,2311,570.0,2180.0,570,2180,N,44948
69,2,17,Molecular Biology (Splice-junction Gene Sequences),2552,3,N,2,select_coverage,3.0,exact,901,3392,837.0,3223.0,837,3223,N,66160
69,2,17,Molecular Biology (Splice-junction Gene Sequences),2552,3,N,2,select_coverage,4.0,exact,1189,4524,1115.0,4315.0,1115,4315,N,88320
69,2,17,Molecular Biology (Splice-junction Gene Sequences),2552,3,N,2,select_coverage_CBA_M1,,exact,209,908,204.0,887.0,204,887,N,17280
69,2,19,Molecular Biology (Splice-junction Gene Sequences),2552,3,N,1,select_coverage,1.0,DAC,355,1267,,,329,1203,N,9344
69,2,19,Molecular Biology (Splice-junction Gene Sequences),2552,3,N,1,select_coverage,1.0,exact,355,1267,329.0,1203.0,329,1203,EI,25244
69,2,19,Molecular Biology (Splice-junction Gene Sequences),2552,3,N,1,select_coverage,2.0,DAC,653,2413,,,608,2290,N,17504
69,2,19,Molecular Biology (Splice-junction Gene Sequences),2552,3,N,1,select_coverage,2.0,exact,653,2413,608.0,2290.0,608,2290,EI,47452
69,2,19,Molecular Biology (Splice-junction Gene Sequences),2552,3,N,1,select_coverage,3.0,DAC,921,3451,,,868,3300,N,24872
69,2,19,Molecular Biology (Splice-junction Gene Sequences),2552,3,N,1,select_coverage,3.0,exact,921,3451,868.0,3300.0,868,3300,EI,68004
69,2,19,Molecular Biology (Splice-junction Gene Sequences),2552,3,N,1,select_coverage,4.0,DAC,1216,4598,,,1154,4411,N,33000
69,2,19,Molecular Biology (Splice-junction Gene Sequences),2552,3,N,1,select_coverage,4.0,exact,1216,4598,1154.0,4411.0,1154,4411,EI,90632
69,2,19,Molecular Biology (Splice-junction Gene Sequences),2552,3,N,1,select_coverage_CBA_M1,,DAC,339,1218,,,313,1154,N,8956
69,2,19,Molecular Biology (Splice-junction Gene Sequences),2552,3,N,1,select_coverage_CBA_M1,,exact,339,1218,313.0,1154.0,313,1154,N,24144
69,2,19,Molecular Biology (Splice-junction Gene Sequences),2552,3,N,2,select_coverage,1.0,exact,355,1267,329.0,1203.0,329,1203,EI,25244
69,2,19,Molecular Biology (Splice-junction Gene Sequences),2552,3,N,2,select_coverage,2.0,exact,653,2413,608.0,2290.0,608,2290,EI,47452
69,2,19,Molecular Biology (Splice-junction Gene Sequences),2552,3,N,2,select_coverage,3.0,exact,921,3451,868.0,3300.0,868,3300,EI,68004
69,2,19,Molecular Biology (Splice-junction Gene Sequences),2552,3,N,2,select_coverage,4.0,exact,1216,4598,1154.0,4411.0,1154,4411,EI,90632
69,2,19,Molecular Biology (Splice-junction Gene Sequences),2552,3,N,2,select_coverage_CBA_M1,,exact,230,940,222.0,912.0,222,912,N,18184
69,2,29,Molecular Biology (Splice-junction Gene Sequences),2552,3,N,1,select_coverage,1.0,DAC,358,1272,,,331,1207,EI,9400
69,2,29,Molecular Biology (Splice-junction Gene Sequences),2552,3,N,1,select_coverage,1.0,exact,358,1272,331.0,1207.0,331,1207,EI,25360
69,2,29,Molecular Biology (Splice-junction Gene Sequences),2552,3,N,1,select_coverage,2.0,DAC,644,2378,,,595,2247,EI,17256
69,2,29,Molecular Biology (Splice-junction Gene Sequences),2552,3,N,1,select_coverage,2.0,exact,644,2378,595.0,2247.0,595,2247,EI,46552
69,2,29,Molecular Biology (Splice-junction Gene Sequences),2552,3,N,1,select_coverage,3.0,DAC,922,3466,,,861,3298,EI,24944
69,2,29,Molecular Biology (Splice-junction Gene Sequences),2552,3,N,1,select_coverage,3.0,exact,922,3466,861.0,3298.0,860,3295,EI,67812
69,2,29,Molecular Biology (Splice-junction Gene Sequences),2552,3,N,1,select_coverage,4.0,DAC,1217,4609,,,1145,4407,EI,33056
69,2,29,Molecular Biology (Splice-junction Gene Sequences),2552,3,N,1,select_coverage,4.0,exact,1217,4609,1145.0,4407.0,1144,4404,EI,90344
69,2,29,Molecular Biology (Splice-junction Gene Sequences),2552,3,N,1,select_coverage_CBA_M1,,DAC,334,1199,,,307,1134,N,8820
69,2,29,Molecular Biology (Splice-junction Gene Sequences),2552,3,N,1,select_coverage_CBA_M1,,exact,334,1199,307.0,1134.0,307,1134,N,23716
69,2,29,Molecular Biology (Splice-junction Gene Sequences),2552,3,N,2,select_coverage,1.0,exact,358,1272,331.0,1207.0,331,1207,EI,25360
69,2,29,Molecular Biology (Splice-junction Gene Sequences),2552,3,N,2,select_coverage,2.0,exact,644,2378,595.0,2247.0,595,2247,EI,46552
69,2,29,Molecular Biology (Splice-junction Gene Sequences),2552,3,N,2,select_coverage,3.0,exact,922,3466,861.0,3298.0,860,3295,EI,67812
69,2,29,Molecular Biology (Splice-junction Gene Sequences),2552,3,N,2,select_coverage,4.0,exact,1217,4609,1145.0,4407.0,1144,4404,EI,90344
69,2,29,Molecular Biology (Splice-junction Gene Sequences),2552,3,N,2,select_coverage_CBA_M1,,exact,274,1078,269.0,1057.0,269,1057,N,21400
69,2,31,Molecular Biology (Splice-junction Gene Sequences),2552,3,N,1,select_coverage,1.0,DAC,356,1287,,,334,1238,EI,9436
69,2,31,Molecular Biology (Splice-junction Gene Sequences),2552,3,N,1,select_coverage,1.0,exact,356,1287,334.0,1238.0,334,1238,EI,25764
69,2,31,Molecular Biology (Splice-junction Gene Sequences),2552,3,N,1,select_coverage,2.0,DAC,627,2343,,,585,2221,EI,16912
69,2,31,Molecular Biology (Splice-junction Gene Sequences),2552,3,N,1,select_coverage,2.0,exact,627,2343,585.0,2221.0,585,2221,EI,45884
69,2,31,Molecular Biology (Splice-junction Gene Sequences),2552,3,N,1,select_coverage,3.0,DAC,923,3502,,,871,3351,EI,25100
69,2,31,Molecular Biology (Splice-junction Gene Sequences),2552,3,N,1,select_coverage,3.0,exact,923,3502,871.0,3351.0,871,3351,EI,68712
69,2,31,Molecular Biology (Splice-junction Gene Sequences),2552,3,N,1,select_coverage,4.0,DAC,1222,4674,,,1163,4493,EI,33376
69,2,31,Molecular Biology (Splice-junction Gene Sequences),2552,3,N,1,select_coverage,4.0,exact,1222,4674,1163.0,4493.0,1163,4493,EI,91880
69,2,31,Molecular Biology (Splice-junction Gene Sequences),2552,3,N,1,select_coverage_CBA_M1,,DAC,355,1283,,,333,1234,EI,9408
69,2,31,Molecular Biology (Splice-junction Gene Sequences),2552,3,N,1,select_coverage_CBA_M1,,exact,355,1283,333.0,1234.0,333,1234,EI,25684
69,2,31,Molecular Biology (Splice-junction Gene Sequences),2552,3,N,2,select_coverage,1.0,exact,356,1287,334.0,1238.0,334,1238,EI,25764
69,2,31,Molecular Biology (Splice-junction Gene Sequences),2552,3,N,2,select_coverage,2.0,exact,627,2343,585.0,2221.0,585,2221,EI,45884
69,2,31,Molecular Biology (Splice-junction Gene Sequences),2552,3,N,2,select_coverage,3.0,exact,923,3502,871.0,3351.0,871,3351,EI,68712
69,2,31,Molecular Biology (Splice-junction Gene Sequences),2552,3,N,2,select_coverage,4.0,exact,1222,4674,1163.0,4493.0,1163,4493,EI,91880
69,2,31,Molecular Biology (Splice-junction Gene Sequences),2552,3,N,2,select_coverage_CBA_M1,,exact,324,1192,302.0,1143.0,302,1143,N,23600
69,2,34,Molecular Biology (Splice-junction Gene Sequences),2552,3,N,1,select_coverage,1.0,DAC,368,1336,,,346,1286,N,9776
69,2,34,Molecular Biology (Splice-junction Gene Sequences),2552,3,N,1,select_coverage,1.0,exact,368,1336,346.0,1286.0,346,1286,EI,26728
69,2,34,Molecular Biology (Splice-junction Gene Sequences),2552,3,N,1,select_coverage,2.0,DAC,656,2458,,,615,2361,N,17720
69,2,34,Molecular Biology (Splice-junction Gene Sequences),2552,3,N,1,select_coverage,2.0,exact,656,2458,615.0,2361.0,615,2361,EI,48424
69,2,34,Molecular Biology (Splice-junction Gene Sequences),2552,3,N,1,select_coverage,3.0,DAC,941,3586,,,892,3460,N,25652
69,2,34,Molecular Biology (Splice-junction Gene Sequences),2552,3,N,1,select_coverage,3.0,exact,941,3586,892.0,3460.0,891,3457,EI,70580
69,2,34,Molecular Biology (Splice-junction Gene Sequences),2552,3,N,1,select_coverage,4.0,DAC,1233,4779,,,1178,4631,N,33928
69,2,34,Molecular Biology (Splice-junction Gene Sequences),2552,3,N,1,select_coverage,4.0,exact,1233,4779,1178.0,4631.0,1177,4628,EI,93872
69,2,34,Molecular Biology (Splice-junction Gene Sequences),2552,3,N,1,select_coverage_CBA_M1,,DAC,366,1328,,,344,1278,EI,9720
69,2,34,Molecular Biology (Splice-junction Gene Sequences),2552,3,N,1,select_coverage_CBA_M1,,exact,366,1328,344.0,1278.0,344,1278,EI,26568
69,2,34,Molecular Biology (Splice-junction Gene Sequences),2552,3,N,2,select_coverage,1.0,exact,368,1336,346.0,1286.0,346,1286,EI,26728
69,2,34,Molecular Biology (Splice-junction Gene Sequences),2552,3,N,2,select_coverage,2.0,exact,656,2458,615.0,2361.0,615,2361,EI,48424
69,2,34,Molecular Biology (Splice-junction Gene Sequences),2552,3,N,2,select_coverage,3.0,exact,941,3586,892.0,3460.0,891,3457,EI,70580
69,2,34,Molecular Biology (Splice-junction Gene Sequences),2552,3,N,2,select_coverage,4.0,exact,1233,4779,1178.0,4631.0,1177,4628,EI,93872
69,2,34,Molecular Biology (Splice-junction Gene Sequences),2552,3,N,2,select_coverage_CBA_M1,,exact,287,1098,267.0,1052.0,267,1052,N,21376
69,2,42,Molecular Biology (Splice-junction Gene Sequences),2552,3,N,1,select_coverage,1.0,DAC,350,1261,,,323,1198,N,9260
69,2,42,Molecular Biology (Splice-junction Gene Sequences),2552,3,N,1,select_coverage,1.0,exact,350,1261,323.0,1198.0,323,1198,EI,24988
69,2,42,Molecular Biology (Splice-junction Gene Sequences),2552,3,N,1,select_coverage,2.0,DAC,627,2339,,,585,2239,N,16896
69,2,42,Molecular Biology (Splice-junction Gene Sequences),2552,3,N,1,select_coverage,2.0,exact,627,2339,585.0,2239.0,585,2239,EI,46012
69,2,42,Molecular Biology (Splice-junction Gene Sequences),2552,3,N,1,select_coverage,3.0,DAC,924,3465,,,873,3332,N,24964
69,2,42,Molecular Biology (Splice-junction Gene Sequences),2552,3,N,1,select_coverage,3.0,exact,924,3465,873.0,3332.0,873,3332,EI,68476
69,2,42,Molecular Biology (Splice-junction Gene Sequences),2552,3,N,1,select_coverage,4.0,DAC,1206,4564,,,1149,4401,N,32744
69,2,42,Molecular Biology (Splice-junction Gene Sequences),2552,3,N,1,select_coverage,4.0,exact,1206,4564,1149.0,4401.0,1148,4398,EI,90244
69,2,42,Molecular Biology (Splice-junction Gene Sequences),2552,3,N,1,select_coverage_CBA_M1,,DAC,348,1253,,,321,1190,IE,9204
69,2,42,Molecular Biology (Splice-junction Gene Sequences),2552,3,N,1,select_coverage_CBA_M1,,exact,348,1253,321.0,1190.0,321,1190,EI,24828
69,2,42,Molecular Biology (Splice-junction Gene Sequences),2552,3,N,2,select_coverage,1.0,exact,350,1261,323.0,1198.0,323,1198,EI,24988
69,2,42,Molecular Biology (Splice-junction Gene Sequences),2552,3,N,2,select_coverage,2.0,exact,627,2339,585.0,2239.0,585,2239,EI,46012
69,2,42,Molecular Biology (Splice-junction Gene Sequences),2552,3,N,2,select_coverage,3.0,exact,924,3465,873.0,3332.0,873,3332,EI,68476
69,2,42,Molecular Biology (Splice-junction Gene Sequences),2552,3,N,2,select_coverage,4.0,exact,1206,4564,1149.0,4401.0,1148,4398,EI,90244
69,2,42,Molecular Biology (Splice-junction Gene Sequences),2552,3,N,2,select_coverage_CBA_M1,,exact,320,1171,293.0,1108.0,293,1108,N,22948
69,2,49,Molecular Biology (Splice-junction Gene Sequences),2552,3,N,1,select_coverage,1.0,DAC,374,1346,,,346,1272,N,9888
69,2,49,Molecular Biology (Splice-junction Gene Sequences),2552,3,N,1,select_coverage,1.0,exact,374,1346,346.0,1272.0,346,1272,EI,26656
69,2,49,Molecular Biology (Splice-junction Gene Sequences),2552,3,N,1,select_coverage,2.0,DAC,657,2461,,,615,2338,N,17744
69,2,49,Molecular Biology (Splice-junction Gene Sequences),2552,3,N,1,select_coverage,2.0,exact,657,2461,615.0,2338.0,615,2338,EI,48252
69,2,49,Molecular Biology (Splice-junction Gene Sequences),2552,3,N,1,select_coverage,3.0,DAC,959,3646,,,906,3488,N,26108
69,2,49,Molecular Biology (Splice-junction Gene Sequences),2552,3,N,1,select_coverage,3.0,exact,959,3646,906.0,3488.0,906,3488,EI,71504
69,2,49,Molecular Biology (Splice-junction Gene Sequences),2552,3,N,1,select_coverage,4.0,DAC,1246,4796,,,1184,4602,N,34152
69,2,49,Molecular Biology (Splice-junction Gene Sequences),2552,3,N,1,select_coverage,4.0,exact,1246,4796,1184.0,4602.0,1184,4602,EI,93912
69,2,49,Molecular Biology (Splice-junction Gene Sequences),2552,3,N,1,select_coverage_CBA_M1,,DAC,373,1343,,,345,1269,N,9864
69,2,49,Molecular Biology (Splice-junction Gene Sequences),2552,3,N,1,select_coverage_CBA_M1,,exact,373,1343,345.0,1269.0,345,1269,EI,26588
69,2,49,Molecular Biology (Splice-junction Gene Sequences),2552,3,N,2,select_coverage,1.0,exact,374,1346,346.0,1272.0,346,1272,EI,26656
69,2,49,Molecular Biology (Splice-junction Gene Sequences),2552,3,N,2,select_coverage,2.0,exact,657,2461,615.0,2338.0,615,2338,EI,48252
69,2,49,Molecular Biology (Splice-junction Gene Sequences),2552,3,N,2,select_coverage,3.0,exact,959,3646,906.0,3488.0,906,3488,EI,71504
69,2,49,Molecular Biology (Splice-junction Gene Sequences),2552,3,N,2,select_coverage,4.0,exact,1246,4796,1184.0,4602.0,1184,4602,EI,93912
69,2,49,Molecular Biology (Splice-junction Gene Sequences),2552,3,N,2,select_coverage_CBA_M1,,exact,325,1214,303.0,1152.0,303,1152,N,23792
69,2,63,Molecular Biology (Splice-junction Gene Sequences),2552,3,N,1,select_coverage,1.0,DAC,355,1252,,,327,1181,EI,9284
69,2,63,Molecular Biology (Splice-junction Gene Sequences),2552,3,N,1,select_coverage,1.0,exact,355,1252,327.0,1181.0,327,1181,EI,24944
69,2,63,Molecular Biology (Splice-junction Gene Sequences),2552,3,N,1,select_coverage,2.0,DAC,643,2375,,,604,2278,EI,17232
69,2,63,Molecular Biology (Splice-junction Gene Sequences),2552,3,N,1,select_coverage,2.0,exact,643,2375,604.0,2278.0,604,2278,EI,47076
69,2,63,Molecular Biology (Splice-junction Gene Sequences),2552,3,N,1,select_coverage,3.0,DAC,958,3603,,,910,3476,EI,25924
69,2,63,Molecular Biology (Splice-junction Gene Sequences),2552,3,N,1,select_coverage,3.0,exact,958,3603,910.0,3476.0,910,3476,EI,71364
69,2,63,Molecular Biology (Splice-junction Gene Sequences),2552,3,N,1,select_coverage,4.0,DAC,1238,4690,,,1189,4558,EI,33632
69,2,63,Molecular Biology (Splice-junction Gene Sequences),2552,3,N,1,select_coverage,4.0,exact,1238,4690,1189.0,4558.0,1189,4558,EI,93296
69,2,63,Molecular Biology (Splice-junction Gene Sequences),2552,3,N,1,select_coverage_CBA_M1,,DAC,354,1249,,,326,1178,N,9260
69,2,63,Molecular Biology (Splice-junction Gene Sequences),2552,3,N,1,select_coverage_CBA_M1,,exact,354,1249,326.0,1178.0,326,1178,EI,24876
69,2,63,Molecular Biology (Splice-junction Gene Sequences),2552,3,N,2,select_coverage,1.0,exact,355,1252,327.0,1181.0,327,1181,EI,24944
69,2,63,Molecular Biology (Splice-junction Gene Sequences),2552,3,N,2,select_coverage,2.0,exact,643,2375,604.0,2278.0,604,2278,EI,47076
69,2,63,Molecular Biology (Splice-junction Gene Sequences),2552,3,N,2,select_coverage,3.0,exact,958,3603,910.0,3476.0,910,3476,EI,71364
69,2,63,Molecular Biology (Splice-junction Gene Sequences),2552,3,N,2,select_coverage,4.0,exact,1238,4690,1189.0,4558.0,1189,4558,EI,93296
69,2,63,Molecular Biology (Splice-junction Gene Sequences),2552,3,N,2,select_coverage_CBA_M1,,exact,296,1104,280.0,1057.0,280,1057,N,21856
69,2,64,Molecular Biology (Splice-junction Gene Sequences),2552,3,N,1,select_coverage,1.0,DAC,375,1345,,,353,1295,N,9896
69,2,64,Molecular Biology (Splice-junction Gene Sequences),2552,3,N,1,select_coverage,1.0,exact,375,1345,353.0,1295.0,353,1295,N,27060
69,2,64,Molecular Biology (Splice-junction Gene Sequences),2552,3,N,1,select_coverage,2.0,DAC,657,2432,,,622,2347,N,17628
69,2,64,Molecular Biology (Splice-junction Gene Sequences),2552,3,N,1,select_coverage,2.0,exact,657,2432,622.0,2347.0,622,2347,N,48432
69,2,64,Molecular Biology (Splice-junction Gene Sequences),2552,3,N,1,select_coverage,3.0,DAC,935,3517,,,889,3394,N,25304
69,2,64,Molecular Biology (Splice-junction Gene Sequences),2552,3,N,1,select_coverage,3.0,exact,935,3517,889.0,3394.0,889,3394,N,69692
69,2,64,Molecular Biology (Splice-junction Gene Sequences),2552,3,N,1,select_coverage,4.0,DAC,1206,4570,,,1151,4411,N,32768
69,2,64,Molecular Biology (Splice-junction Gene Sequences),2552,3,N,1,select_coverage,4.0,exact,1206,4570,1151.0,4411.0,1151,4411,N,90424
69,2,64,Molecular Biology (Splice-junction Gene Sequences),2552,3,N,1,select_coverage_CBA_M1,,DAC,373,1336,,,351,1286,IE,9836
69,2,64,Molecular Biology (Splice-junction Gene Sequences),2552,3,N,1,select_coverage_CBA_M1,,exact,373,1336,351.0,1286.0,351,1286,N,26888
69,2,64,Molecular Biology (Splice-junction Gene Sequences),2552,3,N,2,select_coverage,1.0,exact,375,1345,353.0,1295.0,353,1295,N,27060
69,2,64,Molecular Biology (Splice-junction Gene Sequences),2552,3,N,2,select_coverage,2.0,exact,657,2432,622.0,2347.0,622,2347,N,48432
69,2,64,Molecular Biology (Splice-junction Gene Sequences),2552,3,N,2,select_coverage,3.0,exact,935,3517,889.0,3394.0,889,3394,N,69692
69,2,64,Molecular Biology (Splice-junction Gene Sequences),2552,3,N,2,select_coverage,4.0,exact,1206,4570,1151.0,4411.0,1151,4411,N,90424
69,2,64,Molecular Biology (Splice-junction Gene Sequences),2552,3,N,2,select_coverage_CBA_M1,,exact,264,1038,252.0,1008.0,252,1008,N,20304
69,2,65,Molecular Biology (Splice-junction Gene Sequences),2552,3,N,1,select_coverage,1.0,DAC,359,1298,,,327,1219,EI,9516
69,2,65,Molecular Biology (Splice-junction Gene Sequences),2552,3,N,1,select_coverage,1.0,exact,359,1298,327.0,1219.0,327,1219,EI,25432
69,2,65,Molecular Biology (Splice-junction Gene Sequences),2552,3,N,1,select_coverage,2.0,DAC,650,2422,,,604,2299,EI,17504
69,2,65,Molecular Biology (Splice-junction Gene Sequences),2552,3,N,1,select_coverage,2.0,exact,650,2422,604.0,2299.0,604,2299,EI,47432
69,2,65,Molecular Biology (Splice-junction Gene Sequences),2552,3,N,1,select_coverage,3.0,DAC,935,3547,,,880,3394,EI,25424
69,2,65,Molecular Biology (Splice-junction Gene Sequences),2552,3,N,1,select_coverage,3.0,exact,935,3547,880.0,3394.0,880,3394,EI,69524
69,2,65,Molecular Biology (Splice-junction Gene Sequences),2552,3,N,1,select_coverage,4.0,DAC,1228,4693,,,1168,4523,EI,33524
69,2,65,Molecular Biology (Splice-junction Gene Sequences),2552,3,N,1,select_coverage,4.0,exact,1228,4693,1168.0,4523.0,1168,4523,EI,92356
69,2,65,Molecular Biology (Splice-junction Gene Sequences),2552,3,N,1,select_coverage_CBA_M1,,DAC,358,1294,,,326,1215,IE,9488
69,2,65,Molecular Biology (Splice-junction Gene Sequences),2552,3,N,1,select_coverage_CBA_M1,,exact,358,1294,326.0,1215.0,326,1215,EI,25352
69,2,65,Molecular Biology (Splice-junction Gene Sequences),2552,3,N,2,select_coverage,1.0,exact,359,1298,327.0,1219.0,327,1219,EI,25432
69,2,65,Molecular Biology (Splice-junction Gene Sequences),2552,3,N,2,select_coverage,2.0,exact,650,2422,604.0,2299.0,604,2299,EI,47432
69,2,65,Molecular Biology (Splice-junction Gene Sequences),2552,3,N,2,select_coverage,3.0,exact,935,3547,880.0,3394.0,880,3394,EI,69524
69,2,65,Molecular Biology (Splice-junction Gene Sequences),2552,3,N,2,select_coverage,4.0,exact,1228,4693,1168.0,4523.0,1168,4523,EI,92356
69,2,65,Molecular Biology (Splice-junction Gene Sequences),2552,3,N,2,select_coverage_CBA_M1,,exact,323,1190,291.0,1111.0,291,1111,N,22984
69,2,68,Molecular Biology (Splice-junction Gene Sequences),2552,3,N,1,select_coverage,1.0,DAC,361,1287,,,340,1236,EI,9496
69,2,68,Molecular Biology (Splice-junction Gene Sequences),2552,3,N,1,select_coverage,1.0,exact,361,1287,340.0,1236.0,340,1236,EI,25940
69,2,68,Molecular Biology (Splice-junction Gene Sequences),2552,3,N,1,select_coverage,2.0,DAC,643,2372,,,607,2272,EI,17220
69,2,68,Molecular Biology (Splice-junction Gene Sequences),2552,3,N,1,select_coverage,2.0,exact,643,2372,607.0,2272.0,607,2272,EI,47112
69,2,68,Molecular Biology (Splice-junction Gene Sequences),2552,3,N,1,select_coverage,3.0,DAC,923,3464,,,879,3337,EI,24948
69,2,68,Molecular Biology (Splice-junction Gene Sequences),2552,3,N,1,select_coverage,3.0,exact,923,3464,879.0,3337.0,879,3337,EI,68704
69,2,68,Molecular Biology (Splice-junction Gene Sequences),2552,3,N,1,select_coverage,4.0,DAC,1231,4666,,,1177,4503,EI,33452
69,2,68,Molecular Biology (Splice-junction Gene Sequences),2552,3,N,1,select_coverage,4.0,exact,1231,4666,1177.0,4503.0,1177,4503,EI,92376
69,2,68,Molecular Biology (Splice-junction Gene Sequences),2552,3,N,1,select_coverage_CBA_M1,,DAC,360,1282,,,339,1231,EI,9464
69,2,68,Molecular Biology (Splice-junction Gene Sequences),2552,3,N,1,select_coverage_CBA_M1,,exact,360,1282,339.0,1231.0,339,1231,EI,25848
69,2,68,Molecular Biology (Splice-junction Gene Sequences),2552,3,N,2,select_coverage,1.0,exact,361,1287,340.0,1236.0,340,1236,EI,25940
69,2,68,Molecular Biology (Splice-junction Gene Sequences),2552,3,N,2,select_coverage,2.0,exact,643,2372,607.0,2272.0,607,2272,EI,47112
69,2,68,Molecular Biology (Splice-junction Gene Sequences),2552,3,N,2,select_coverage,3.0,exact,923,3464,879.0,3337.0,879,3337,EI,68704
69,2,68,Molecular Biology (Splice-junction Gene Sequences),2552,3,N,2,select_coverage,4.0,exact,1231,4666,1177.0,4503.0,1177,4503,EI,92376
69,2,68,Molecular Biology (Splice-junction Gene Sequences),2552,3,N,2,select_coverage_CBA_M1,,exact,311,1160,299.0,1127.0,299,1127,N,23248
69,2,74,Molecular Biology (Splice-junction Gene Sequences),2552,3,N,1,select_coverage,1.0,DAC,354,1275,,,330,1227,EI,9364
69,2,74,Molecular Biology (Splice-junction Gene Sequences),2552,3,N,1,select_coverage,1.0,exact,354,1275,330.0,1227.0,330,1227,EI,25500
69,2,74,Molecular Biology (Splice-junction Gene Sequences),2552,3,N,1,select_coverage,2.0,DAC,636,2367,,,598,2276,EI,17116
69,2,74,Molecular Biology (Splice-junction Gene Sequences),2552,3,N,1,select_coverage,2.0,exact,636,2367,598.0,2276.0,598,2276,EI,46836
69,2,74,Molecular Biology (Splice-junction Gene Sequences),2552,3,N,1,select_coverage,3.0,DAC,920,3491,,,876,3373,EI,25020
69,2,74,Molecular Biology (Splice-junction Gene Sequences),2552,3,N,1,select_coverage,3.0,exact,920,3491,876.0,3373.0,876,3373,EI,69004
69,2,74,Molecular Biology (Splice-junction Gene Sequences),2552,3,N,1,select_coverage,4.0,DAC,1224,4702,,,1172,4554,EI,33512
69,2,74,Molecular Biology (Splice-junction Gene Sequences),2552,3,N,1,select_coverage,4.0,exact,1224,4702,1172.0,4554.0,1172,4554,EI,92768
69,2,74,Molecular Biology (Splice-junction Gene Sequences),2552,3,N,1,select_coverage_CBA_M1,,DAC,353,1270,,,329,1222,EI,9332
69,2,74,Molecular Biology (Splice-junction Gene Sequences),2552,3,N,1,select_coverage_CBA_M1,,exact,353,1270,329.0,1222.0,329,1222,EI,25408
69,2,74,Molecular Biology (Splice-junction Gene Sequences),2552,3,N,2,select_coverage,1.0,exact,354,1275,330.0,1227.0,330,1227,EI,25500
69,2,74,Molecular Biology (Splice-junction Gene Sequences),2552,3,N,2,select_coverage,2.0,exact,636,2367,598.0,2276.0,598,2276,EI,46836
69,2,74,Molecular Biology (Splice-junction Gene Sequences),2552,3,N,2,select_coverage,3.0,exact,920,3491,876.0,3373.0,876,3373,EI,69004
69,2,74,Molecular Biology (Splice-junction Gene Sequences),2552,3,N,2,select_coverage,4.0,exact,1224,4702,1172.0,4554.0,1172,4554,EI,92768
69,2,74,Molecular Biology (Splice-junction Gene Sequences),2552,3,N,2,select_coverage_CBA_M1,,exact,290,1110,279.0,1088.0,279,1088,N,22096
69,2,76,Molecular Biology (Splice-junction Gene Sequences),2552,3,N,1,select_coverage,1.0,DAC,342,1222,,,316,1170,N,9008
69,2,76,Molecular Biology (Splice-junction Gene Sequences),2552,3,N,1,select_coverage,1.0,exact,342,1222,316.0,1170.0,316,1170,N,24384
69,2,76,Molecular Biology (Splice-junction Gene Sequences),2552,3,N,1,select_coverage,2.0,DAC,637,2388,,,599,2297,N,17212
69,2,76,Molecular Biology (Splice-junction Gene Sequences),2552,3,N,1,select_coverage,2.0,exact,637,2388,599.0,2297.0,599,2297,N,47120
69,2,76,Molecular Biology (Splice-junction Gene Sequences),2552,3,N,1,select_coverage,3.0,DAC,921,3488,,,871,3364,N,25020
69,2,76,Molecular Biology (Splice-junction Gene Sequences),2552,3,N,1,select_coverage,3.0,exact,921,3488,871.0,3364.0,871,3364,N,68760
69,2,76,Molecular Biology (Splice-junction Gene Sequences),2552,3,N,1,select_coverage,4.0,DAC,1216,4664,,,1158,4507,N,33264
69,2,76,Molecular Biology (Splice-junction Gene Sequences),2552,3,N,1,select_coverage,4.0,exact,1216,4664,1158.0,4507.0,1158,4507,N,91792
69,2,76,Molecular Biology (Splice-junction Gene Sequences),2552,3,N,1,select_coverage_CBA_M1,,DAC,317,1146,,,291,1094,N,8404
69,2,76,Molecular Biology (Splice-junction Gene Sequences),2552,3,N,1,select_coverage_CBA_M1,,exact,317,1146,291.0,1094.0,291,1094,N,22672
69,2,76,Molecular Biology (Splice-junction Gene Sequences),2552,3,N,2,select_coverage,1.0,exact,342,1222,316.0,1170.0,316,1170,N,24384
69,2,76,Molecular Biology (Splice-junction Gene Sequences),2552,3,N,2,select_coverage,2.0,exact,637,2388,599.0,2297.0,599,2297,N,47120
69,2,76,Molecular Biology (Splice-junction Gene Sequences),2552,3,N,2,select_coverage,3.0,exact,921,3488,871.0,3364.0,871,3364,N,68760
69,2,76,Molecular Biology (Splice-junction Gene Sequences),2552,3,N,2,select_coverage,4.0,exact,1216,4664,1158.0,4507.0,1158,4507,N,91792
69,2,76,Molecular Biology (Splice-junction Gene Sequences),2552,3,N,2,select_coverage_CBA_M1,,exact,232,945,231.0,943.0,231,943,N,18740
69,2,100,Molecular Biology (Splice-junction Gene Sequences),2552,3,N,1,select_coverage,1.0,DAC,330,1183,,,303,1119,N,8708
69,2,100,Molecular Biology (Splice-junction Gene Sequences),2552,3,N,1,select_coverage,1.0,exact,330,1183,303.0,1119.0,303,1119,N,23404
69,2,100,Molecular Biology (Splice-junction Gene Sequences),2552,3,N,1,select_coverage,2.0,DAC,613,2259,,,571,2159,N,16408
69,2,100,Molecular Biology (Splice-junction Gene Sequences),2552,3,N,1,select_coverage,2.0,exact,613,2259,571.0,2159.0,571,2159,N,44604
69,2,100,Molecular Biology (Splice-junction Gene Sequences),2552,3,N,1,select_coverage,3.0,DAC,898,3371,,,849,3246,N,24276
69,2,100,Molecular Biology (Splice-junction Gene Sequences),2552,3,N,1,select_coverage,3.0,exact,898,3371,849.0,3246.0,848,3243,N,66632
69,2,100,Molecular Biology (Splice-junction Gene Sequences),2552,3,N,1,select_coverage,4.0,DAC,1181,4486,,,1124,4324,N,32132
69,2,100,Molecular Biology (Splice-junction Gene Sequences),2552,3,N,1,select_coverage,4.0,exact,1181,4486,1124.0,4324.0,1123,4321,N,88516
69,2,100,Molecular Biology (Splice-junction Gene Sequences),2552,3,N,1,select_coverage_CBA_M1,,DAC,322,1158,,,295,1094,N,8512
69,2,100,Molecular Biology (Splice-junction Gene Sequences),2552,3,N,1,select_coverage_CBA_M1,,exact,322,1158,295.0,1094.0,295,1094,N,22848
69,2,100,Molecular Biology (Splice-junction Gene Sequences),2552,3,N,2,select_coverage,1.0,exact,330,1183,303.0,1119.0,303,1119,N,23404
69,2,100,Molecular Biology (Splice-junction Gene Sequences),2552,3,N,2,select_coverage,2.0,exact,613,2259,571.0,2159.0,571,2159,N,44604
69,2,100,Molecular Biology (Splice-junction Gene Sequences),2552,3,N,2,select_coverage,3.0,exact,898,3371,849.0,3246.0,848,3243,N,66632
69,2,100,Molecular Biology (Splice-junction Gene Sequences),2552,3,N,2,select_coverage,4.0,exact,1181,4486,1124.0,4324.0,1123,4321,N,88516
69,2,100,Molecular Biology (Splice-junction Gene Sequences),2552,3,N,2,select_coverage_CBA_M1,,exact,237,936,228.0,909.0,228,909,N,18336
69,2,114,Molecular Biology (Splice-junction Gene Sequences),2552,3,N,1,select_coverage,1.0,DAC,357,1293,,,332,1234,N,9472
69,2,114,Molecular Biology (Splice-junction Gene Sequences),2552,3,N,1,select_coverage,1.0,exact,357,1293,332.0,1234.0,332,1234,EI,25692
69,2,114,Molecular Biology (Splice-junction Gene Sequences),2552,3,N,1,select_coverage,2.0,DAC,633,2382,,,588,2255,N,17140
69,2,114,Molecular Biology (Splice-junction Gene Sequences),2552,3,N,1,select_coverage,2.0,exact,633,2382,588.0,2255.0,588,2255,EI,46408
69,2,114,Molecular Biology (Splice-junction Gene Sequences),2552,3,N,1,select_coverage,3.0,DAC,909,3457,,,856,3305,N,24752
69,2,114,Molecular Biology (Splice-junction Gene Sequences),2552,3,N,1,select_coverage,3.0,exact,909,3457,856.0,3305.0,856,3305,EI,67684
69,2,114,Molecular Biology (Splice-junction Gene Sequences),2552,3,N,1,select_coverage,4.0,DAC,1210,4660,,,1151,4479,N,33176
69,2,114,Molecular Biology (Splice-junction Gene Sequences),2552,3,N,1,select_coverage,4.0,exact,1210,4660,1151.0,4479.0,1151,4479,EI,91328
69,2,114,Molecular Biology (Splice-junction Gene Sequences),2552,3,N,1,select_coverage_CBA_M1,,DAC,356,1289,,,331,1230,IE,9444
69,2,114,Molecular Biology (Splice-junction Gene Sequences),2552,3,N,1,select_coverage_CBA_M1,,exact,356,1289,331.0,1230.0,331,1230,EI,25612
69,2,114,Molecular Biology (Splice-junction Gene Sequences),2552,3,N,2,select_coverage,1.0,exact,357,1293,332.0,1234.0,332,1234,EI,25692
69,2,114,Molecular Biology (Splice-junction Gene Sequences),2552,3,N,2,select_coverage,2.0,exact,633,2382,588.0,2255.0,588,2255,EI,46408
69,2,114,Molecular Biology (Splice-junction Gene Sequences),2552,3,N,2,select_coverage,3.0,exact,909,3457,856.0,3305.0,856,3305,EI,67684
69,2,114,Molecular Biology (Splice-junction Gene Sequences),2552,3,N,2,select_coverage,4.0,exact,1210,4660,1151.0,4479.0,1151,4479,EI,91328
69,2,114,Molecular Biology (Splice-junction Gene Sequences),2552,3,N,2,select_coverage_CBA_M1,,exact,310,1153,285.0,1094.0,285,1094,N,22508
69,2,133,Molecular Biology (Splice-junction Gene Sequences),2552,3,N,1,select_coverage,1.0,DAC,373,1347,,,351,1291,N,9880
69,2,133,Molecular Biology (Splice-junction Gene Sequences),2552,3,N,1,select_coverage,1.0,exact,373,1347,351.0,1291.0,351,1291,N,26972
69,2,133,Molecular Biology (Splice-junction Gene Sequences),2552,3,N,1,select_coverage,2.0,DAC,683,2542,,,642,2432,N,18380
69,2,133,Molecular Biology (Splice-junction Gene Sequences),2552,3,N,1,select_coverage,2.0,exact,683,2542,642.0,2432.0,642,2432,N,50192
69,2,133,Molecular Biology (Splice-junction Gene Sequences),2552,3,N,1,select_coverage,3.0,DAC,956,3612,,,911,3485,N,25936
69,2,133,Molecular Biology (Splice-junction Gene Sequences),2552,3,N,1,select_coverage,3.0,exact,956,3612,911.0,3485.0,910,3482,N,71492
69,2,133,Molecular Biology (Splice-junction Gene Sequences),2552,3,N,1,select_coverage,4.0,DAC,1269,4857,,,1218,4703,N,34672
69,2,133,Molecular Biology (Splice-junction Gene Sequences),2552,3,N,1,select_coverage,4.0,exact,1269,4857,1218.0,4703.0,1217,4700,N,96040
69,2,133,Molecular Biology (Splice-junction Gene Sequences),2552,3,N,1,select_coverage_CBA_M1,,DAC,369,1335,,,347,1279,N,9784
69,2,133,Molecular Biology (Splice-junction Gene Sequences),2552,3,N,1,select_coverage_CBA_M1,,exact,369,1335,347.0,1279.0,347,1279,N,26700
69,2,133,Molecular Biology (Splice-junction Gene Sequences),2552,3,N,2,select_coverage,1.0,exact,373,1347,351.0,1291.0,351,1291,N,26972
69,2,133,Molecular Biology (Splice-junction Gene Sequences),2552,3,N,2,select_coverage,2.0,exact,683,2542,642.0,2432.0,642,2432,N,50192
69,2,133,Molecular Biology (Splice-junction Gene Sequences),2552,3,N,2,select_coverage,3.0,exact,956,3612,911.0,3485.0,910,3482,N,71492
69,2,133,Molecular Biology (Splice-junction Gene Sequences),2552,3,N,2,select_coverage,4.0,exact,1269,4857,1218.0,4703.0,1217,4700,N,96040
69,2,133,Molecular Biology (Splice-junction Gene Sequences),2552,3,N,2,select_coverage_CBA_M1,,exact,251,1019,239.0,983.0,239,983,N,19612
69,2,138,Molecular Biology (Splice-junction Gene Sequences),2552,3,N,1,select_coverage,1.0,DAC,365,1313,,,340,1254,N,9648
69,2,138,Molecular Biology (Splice-junction Gene Sequences),2552,3,N,1,select_coverage,1.0,exact,365,1313,340.0,1254.0,339,1251,N,26176
69,2,138,Molecular Biology (Splice-junction Gene Sequences),2552,3,N,1,select_coverage,2.0,DAC,652,2416,,,611,2309,N,17504
69,2,138,Molecular Biology (Splice-junction Gene Sequences),2552,3,N,1,select_coverage,2.0,exact,652,2416,611.0,2309.0,610,2306,N,47700
69,2,138,Molecular Biology (Splice-junction Gene Sequences),2552,3,N,1,select_coverage,3.0,DAC,949,3540,,,898,3403,N,25564
69,2,138,Molecular Biology (Splice-junction Gene Sequences),2552,3,N,1,select_coverage,3.0,exact,949,3540,898.0,3403.0,897,3400,N,70132
69,2,138,Molecular Biology (Splice-junction Gene Sequences),2552,3,N,1,select_coverage,4.0,DAC,1238,4685,,,1180,4516,N,33612
69,2,138,Molecular Biology (Splice-junction Gene Sequences),2552,3,N,1,select_coverage,4.0,exact,1238,4685,1180.0,4516.0,1179,4513,N,92640
69,2,138,Molecular Biology (Splice-junction Gene Sequences),2552,3,N,1,select_coverage_CBA_M1,,DAC,353,1276,,,328,1217,N,9356
69,2,138,Molecular Biology (Splice-junction Gene Sequences),2552,3,N,1,select_coverage_CBA_M1,,exact,353,1276,328.0,1217.0,327,1214,N,25348
69,2,138,Molecular Biology (Splice-junction Gene Sequences),2552,3,N,2,select_coverage,1.0,exact,365,1313,340.0,1254.0,339,1251,N,26176
69,2,138,Molecular Biology (Splice-junction Gene Sequences),2552,3,N,2,select_coverage,2.0,exact,652,2416,611.0,2309.0,610,2306,N,47700
69,2,138,Molecular Biology (Splice-junction Gene Sequences),2552,3,N,2,select_coverage,3.0,exact,949,3540,898.0,3403.0,897,3400,N,70132
69,2,138,Molecular Biology (Splice-junction Gene Sequences),2552,3,N,2,select_coverage,4.0,exact,1238,4685,1180.0,4516.0,1179,4513,N,92640
69,2,138,Molecular Biology (Splice-junction Gene Sequences),2552,3,N,2,select_coverage_CBA_M1,,exact,253,1012,240.0,977.0,240,977,N,19568
69,2,148,Molecular Biology (Splice-junction Gene Sequences),2552,3,N,1,select_coverage,1.0,DAC,351,1266,,,326,1208,EI,9292
69,2,148,Molecular Biology (Splice-junction Gene Sequences),2552,3,N,1,select_coverage,1.0,exact,351,1266,326.0,1208.0,325,1205,EI,25172
69,2,148,Molecular Biology (Splice-junction Gene Sequences),2552,3,N,1,select_coverage,2.0,DAC,645,2389,,,606,2291,EI,17312
69,2,148,Molecular Biology (Splice-junction Gene Sequences),2552,3,N,1,select_coverage,2.0,exact,645,2389,606.0,2291.0,605,2288,EI,47288
69,2,148,Molecular Biology (Splice-junction Gene Sequences),2552,3,N,1,select_coverage,3.0,DAC,930,3474,,,889,3366,EI,25072
69,2,148,Molecular Biology (Splice-junction Gene Sequences),2552,3,N,1,select_coverage,3.0,exact,930,3474,889.0,3366.0,888,3363,EI,69284
69,2,148,Molecular Biology (Splice-junction Gene Sequences),2552,3,N,1,select_coverage,4.0,DAC,1217,4571,,,1165,4421,EI,32904
69,2,148,Molecular Biology (Splice-junction Gene Sequences),2552,3,N,1,select_coverage,4.0,exact,1217,4571,1165.0,4421.0,1164,4418,EI,90944
69,2,148,Molecular Biology (Splice-junction Gene Sequences),2552,3,N,1,select_coverage_CBA_M1,,DAC,342,1239,,,317,1181,N,9076
69,2,148,Molecular Biology (Splice-junction Gene Sequences),2552,3,N,1,select_coverage_CBA_M1,,exact,342,1239,317.0,1181.0,317,1181,N,24572
69,2,148,Molecular Biology (Splice-junction Gene Sequences),2552,3,N,2,select_coverage,1.0,exact,351,1266,326.0,1208.0,325,1205,EI,25172
69,2,148,Molecular Biology (Splice-junction Gene Sequences),2552,3,N,2,select_coverage,2.0,exact,645,2389,606.0,2291.0,605,2288,EI,47288
69,2,148,Molecular Biology (Splice-junction Gene Sequences),2552,3,N,2,select_coverage,3.0,exact,930,3474,889.0,3366.0,888,3363,EI,69284
69,2,148,Molecular Biology (Splice-junction Gene Sequences),2552,3,N,2,select_coverage,4.0,exact,1217,4571,1165.0,4421.0,1164,4418,EI,90944
69,2,148,Molecular Biology (Splice-junction Gene Sequences),2552,3,N,2,select_coverage_CBA_M1,,exact,287,1104,273.0,1068.0,273,1068,N,21720
69,3,5,Molecular Biology (Splice-junction Gene Sequences),2552,3,N,1,select_coverage,1.0,DAC,402,1351,,,356,1242,N,10252
69,3,5,Molecular Biology (Splice-junction Gene Sequences),2552,3,N,1,select_coverage,1.0,exact,402,1351,356.0,1242.0,355,1239,EI,26744
69,3,5,Molecular Biology (Splice-junction Gene Sequences),2552,3,N,1,select_coverage,2.0,DAC,701,2441,,,620,2245,N,18200
69,3,5,Molecular Biology (Splice-junction Gene Sequences),2552,3,N,1,select_coverage,2.0,exact,701,2441,620.0,2245.0,618,2239,EI,47564
69,3,5,Molecular Biology (Splice-junction Gene Sequences),2552,3,N,1,select_coverage,3.0,DAC,1017,3601,,,911,3333,N,26632
69,3,5,Molecular Biology (Splice-junction Gene Sequences),2552,3,N,1,select_coverage,3.0,exact,1017,3601,911.0,3333.0,907,3321,EI,70196
69,3,5,Molecular Biology (Splice-junction Gene Sequences),2552,3,N,1,select_coverage,4.0,DAC,1325,4764,,,1203,4440,N,34980
69,3,5,Molecular Biology (Splice-junction Gene Sequences),2552,3,N,1,select_coverage,4.0,exact,1325,4764,1203.0,4440.0,1198,4425,EI,93036
69,3,5,Molecular Biology (Splice-junction Gene Sequences),2552,3,N,1,select_coverage_CBA_M1,,DAC,386,1303,,,341,1196,N,9868
69,3,5,Molecular Biology (Splice-junction Gene Sequences),2552,3,N,1,select_coverage_CBA_M1,,exact,386,1303,341.0,1196.0,340,1193,EI,25704
69,3,5,Molecular Biology (Splice-junction Gene Sequences),2552,3,N,2,select_coverage,1.0,exact,402,1351,356.0,1242.0,355,1239,EI,26744
69,3,5,Molecular Biology (Splice-junction Gene Sequences),2552,3,N,2,select_coverage,2.0,exact,701,2441,620.0,2245.0,618,2239,EI,47564
69,3,5,Molecular Biology (Splice-junction Gene Sequences),2552,3,N,2,select_coverage,3.0,exact,1017,3601,911.0,3333.0,907,3321,EI,70196
69,3,5,Molecular Biology (Splice-junction Gene Sequences),2552,3,N,2,select_coverage,4.0,exact,1325,4764,1203.0,4440.0,1198,4425,EI,93036
69,3,5,Molecular Biology (Splice-junction Gene Sequences),2552,3,N,2,select_coverage_CBA_M1,,exact,305,1120,285.0,1063.0,285,1063,N,22128
69,3,14,Molecular Biology (Splice-junction Gene Sequences),2552,3,N,1,select_coverage,1.0,DAC,420,1412,,,372,1299,EI,10712
69,3,14,Molecular Biology (Splice-junction Gene Sequences),2552,3,N,1,select_coverage,1.0,exact,420,1412,372.0,1299.0,372,1299,EI,27968
69,3,14,Molecular Biology (Splice-junction Gene Sequences),2552,3,N,1,select_coverage,2.0,DAC,713,2496,,,627,2276,EI,18564
69,3,14,Molecular Biology (Splice-junction Gene Sequences),2552,3,N,1,select_coverage,2.0,exact,713,2496,627.0,2276.0,626,2273,EI,48268
69,3,14,Molecular Biology (Splice-junction Gene Sequences),2552,3,N,1,select_coverage,3.0,DAC,1010,3605,,,898,3318,EI,26564
69,3,14,Molecular Biology (Splice-junction Gene Sequences),2552,3,N,1,select_coverage,3.0,exact,1010,3605,898.0,3318.0,896,3312,EI,69700
69,3,14,Molecular Biology (Splice-junction Gene Sequences),2552,3,N,1,select_coverage,4.0,DAC,1318,4732,,,1190,4402,EI,34768
69,3,14,Molecular Biology (Splice-junction Gene Sequences),2552,3,N,1,select_coverage,4.0,exact,1318,4732,1190.0,4402.0,1188,4396,EI,92224
69,3,14,Molecular Biology (Splice-junction Gene Sequences),2552,3,N,1,select_coverage_CBA_M1,,DAC,402,1357,,,354,1244,N,10276
69,3,14,Molecular Biology (Splice-junction Gene Sequences),2552,3,N,1,select_coverage_CBA_M1,,exact,402,1357,354.0,1244.0,354,1244,EI,26732
69,3,14,Molecular Biology (Splice-junction Gene Sequences),2552,3,N,2,select_coverage,1.0,exact,420,1412,372.0,1299.0,372,1299,EI,27968
69,3,14,Molecular Biology (Splice-junction Gene Sequences),2552,3,N,2,select_coverage,2.0,exact,713,2496,627.0,2276.0,626,2273,EI,48268
69,3,14,Molecular Biology (Splice-junction Gene Sequences),2552,3,N,2,select_coverage,3.0,exact,1010,3605,898.0,3318.0,896,3312,EI,69700
69,3,14,Molecular Biology (Splice-junction Gene Sequences),2552,3,N,2,select_coverage,4.0,exact,1318,4732,1190.0,4402.0,1188,4396,EI,92224
69,3,14,Molecular Biology (Splice-junction Gene Sequences),2552,3,N,2,select_coverage_CBA_M1,,exact,315,1167,294.0,1108.0,294,1108,N,22964
69,3,17,Molecular Biology (Splice-junction Gene Sequences),2552,3,N,1,select_coverage,1.0,DAC,382,1279,,,328,1151,N,9724
69,3,17,Molecular Biology (Splice-junction Gene Sequences),2552,3,N,1,select_coverage,1.0,exact,382,1279,328.0,1151.0,328,1151,N,24844
69,3,17,Molecular Biology (Splice-junction Gene Sequences),2552,3,N,1,select_coverage,2.0,DAC,688,2393,,,588,2160,N,17852
69,3,17,Molecular Biology (Splice-junction Gene Sequences),2552,3,N,1,select_coverage,2.0,exact,688,2393,588.0,2160.0,587,2157,N,45680
69,3,17,Molecular Biology (Splice-junction Gene Sequences),2552,3,N,1,select_coverage,3.0,DAC,990,3532,,,866,3232,N,26032
69,3,17,Molecular Biology (Splice-junction Gene Sequences),2552,3,N,1,select_coverage,3.0,exact,990,3532,866.0,3232.0,865,3229,N,67708
69,3,17,Molecular Biology (Splice-junction Gene Sequences),2552,3,N,1,select_coverage,4.0,DAC,1316,4725,,,1168,4361,N,34716
69,3,17,Molecular Biology (Splice-junction Gene Sequences),2552,3,N,1,select_coverage,4.0,exact,1316,4725,1168.0,4361.0,1165,4352,N,91152
69,3,17,Molecular Biology (Splice-junction Gene Sequences),2552,3,N,1,select_coverage_CBA_M1,,DAC,361,1216,,,307,1088,N,9220
69,3,17,Molecular Biology (Splice-junction Gene Sequences),2552,3,N,1,select_coverage_CBA_M1,,exact,361,1216,307.0,1088.0,307,1088,N,23416
69,3,17,Molecular Biology (Splice-junction Gene Sequences),2552,3,N,2,select_coverage,1.0,exact,382,1279,328.0,1151.0,328,1151,N,24844
69,3,17,Molecular Biology (Splice-junction Gene Sequences),2552,3,N,2,select_coverage,2.0,exact,688,2393,588.0,2160.0,587,2157,N,45680
69,3,17,Molecular Biology (Splice-junction Gene Sequences),2552,3,N,2,select_coverage,3.0,exact,990,3532,866.0,3232.0,865,3229,N,67708
69,3,17,Molecular Biology (Splice-junction Gene Sequences),2552,3,N,2,select_coverage,4.0,exact,1316,4725,1168.0,4361.0,1165,4352,N,91152
69,3,17,Molecular Biology (Splice-junction Gene Sequences),2552,3,N,2,select_coverage_CBA_M1,,exact,196,871,188.0,835.0,188,835,N,16204
69,3,19,Molecular Biology (Splice-junction Gene Sequences),2552,3,N,1,select_coverage,1.0,DAC,406,1363,,,356,1246,EI,10348
69,3,19,Molecular Biology (Splice-junction Gene Sequences),2552,3,N,1,select_coverage,1.0,exact,406,1363,356.0,1246.0,355,1243,N,26824
69,3,19,Molecular Biology (Splice-junction Gene Sequences),2552,3,N,1,select_coverage,2.0,DAC,710,2456,,,615,2226,EI,18368
69,3,19,Molecular Biology (Splice-junction Gene Sequences),2552,3,N,1,select_coverage,2.0,exact,710,2456,615.0,2226.0,614,2223,EI,47324
69,3,19,Molecular Biology (Splice-junction Gene Sequences),2552,3,N,1,select_coverage,3.0,DAC,1013,3588,,,887,3261,EI,26532
69,3,19,Molecular Biology (Splice-junction Gene Sequences),2552,3,N,1,select_coverage,3.0,exact,1013,3588,887.0,3261.0,885,3255,EI,68824
69,3,19,Molecular Biology (Splice-junction Gene Sequences),2552,3,N,1,select_coverage,4.0,DAC,1312,4722,,,1173,4355,EI,34656
69,3,19,Molecular Biology (Splice-junction Gene Sequences),2552,3,N,1,select_coverage,4.0,exact,1312,4722,1173.0,4355.0,1169,4343,EI,91240
69,3,19,Molecular Biology (Splice-junction Gene Sequences),2552,3,N,1,select_coverage_CBA_M1,,DAC,403,1349,,,353,1232,IE,10256
69,3,19,Molecular Biology (Splice-junction Gene Sequences),2552,3,N,1,select_coverage_CBA_M1,,exact,403,1349,353.0,1232.0,352,1229,N,26560
69,3,19,Molecular Biology (Splice-junction Gene Sequences),2552,3,N,2,select_coverage,1.0,exact,406,1363,356.0,1246.0,355,1243,N,26824
69,3,19,Molecular Biology (Splice-junction Gene Sequences),2552,3,N,2,select_coverage,2.0,exact,710,2456,615.0,2226.0,614,2223,EI,47324
69,3,19,Molecular Biology (Splice-junction Gene Sequences),2552,3,N,2,select_coverage,3.0,exact,1013,3588,887.0,3261.0,885,3255,EI,68824
69,3,19,Molecular Biology (Splice-junction Gene Sequences),2552,3,N,2,select_coverage,4.0,exact,1312,4722,1173.0,4355.0,1169,4343,EI,91240
69,3,19,Molecular Biology (Splice-junction Gene Sequences),2552,3,N,2,select_coverage_CBA_M1,,exact,357,1234,314.0,1131.0,314,1131,N,24056
69,3,29,Molecular Biology (Splice-junction Gene Sequences),2552,3,N,1,select_coverage,1.0,DAC,401,1364,,,348,1238,EI,10292
69,3,29,Molecular Biology (Splice-junction Gene Sequences),2552,3,N,1,select_coverage,1.0,exact,401,1364,348.0,1238.0,347,1235,EI,26508
69,3,29,Molecular Biology (Splice-junction Gene Sequences),2552,3,N,1,select_coverage,2.0,DAC,728,2551,,,621,2289,EI,18964
69,3,29,Molecular Biology (Splice-junction Gene Sequences),2552,3,N,1,select_coverage,2.0,exact,728,2551,621.0,2289.0,618,2280,EI,48376
69,3,29,Molecular Biology (Splice-junction Gene Sequences),2552,3,N,1,select_coverage,3.0,DAC,1038,3688,,,908,3362,EI,27232
69,3,29,Molecular Biology (Splice-junction Gene Sequences),2552,3,N,1,select_coverage,3.0,exact,1038,3688,908.0,3362.0,904,3350,EI,70680
69,3,29,Molecular Biology (Splice-junction Gene Sequences),2552,3,N,1,select_coverage,4.0,DAC,1380,5009,,,1228,4620,EI,36620
69,3,29,Molecular Biology (Splice-junction Gene Sequences),2552,3,N,1,select_coverage,4.0,exact,1380,5009,1228.0,4620.0,1224,4608,EI,96268
69,3,29,Molecular Biology (Splice-junction Gene Sequences),2552,3,N,1,select_coverage_CBA_M1,,DAC,371,1274,,,318,1148,N,9572
69,3,29,Molecular Biology (Splice-junction Gene Sequences),2552,3,N,1,select_coverage_CBA_M1,,exact,371,1274,318.0,1148.0,318,1148,N,24480
69,3,29,Molecular Biology (Splice-junction Gene Sequences),2552,3,N,2,select_coverage,1.0,exact,401,1364,348.0,1238.0,347,1235,EI,26508
69,3,29,Molecular Biology (Splice-junction Gene Sequences),2552,3,N,2,select_coverage,2.0,exact,728,2551,621.0,2289.0,618,2280,EI,48376
69,3,29,Molecular Biology (Splice-junction Gene Sequences),2552,3,N,2,select_coverage,3.0,exact,1038,3688,908.0,3362.0,904,3350,EI,70680
69,3,29,Molecular Biology (Splice-junction Gene Sequences),2552,3,N,2,select_coverage,4.0,exact,1380,5009,1228.0,4620.0,1224,4608,EI,96268
69,3,29,Molecular Biology (Splice-junction Gene Sequences),2552,3,N,2,select_coverage_CBA_M1,,exact,263,1059,255.0,1023.0,255,1023,N,20604
69,3,31,Molecular Biology (Splice-junction Gene Sequences),2552,3,N,1,select_coverage,1.0,DAC,402,1336,,,350,1210,EI,10192
69,3,31,Molecular Biology (Splice-junction Gene Sequences),2552,3,N,1,select_coverage,1.0,exact,402,1336,350.0,1210.0,350,1210,EI,26248
69,3,31,Molecular Biology (Splice-junction Gene Sequences),2552,3,N,1,select_coverage,2.0,DAC,702,2435,,,612,2204,EI,18188
69,3,31,Molecular Biology (Splice-junction Gene Sequences),2552,3,N,1,select_coverage,2.0,exact,702,2435,612.0,2204.0,610,2198,EI,46956
69,3,31,Molecular Biology (Splice-junction Gene Sequences),2552,3,N,1,select_coverage,3.0,DAC,1029,3629,,,907,3305,EI,26888
69,3,31,Molecular Biology (Splice-junction Gene Sequences),2552,3,N,1,select_coverage,3.0,exact,1029,3629,907.0,3305.0,903,3293,EI,69956
69,3,31,Molecular Biology (Splice-junction Gene Sequences),2552,3,N,1,select_coverage,4.0,DAC,1325,4767,,,1176,4340,EI,34992
69,3,31,Molecular Biology (Splice-junction Gene Sequences),2552,3,N,1,select_coverage,4.0,exact,1325,4767,1176.0,4340.0,1169,4319,EI,91360
69,3,31,Molecular Biology (Splice-junction Gene Sequences),2552,3,N,1,select_coverage_CBA_M1,,DAC,391,1304,,,339,1178,N,9932
69,3,31,Molecular Biology (Splice-junction Gene Sequences),2552,3,N,1,select_coverage_CBA_M1,,exact,391,1304,339.0,1178.0,339,1178,EI,25512
69,3,31,Molecular Biology (Splice-junction Gene Sequences),2552,3,N,2,select_coverage,1.0,exact,402,1336,350.0,1210.0,350,1210,EI,26248
69,3,31,Molecular Biology (Splice-junction Gene Sequences),2552,3,N,2,select_coverage,2.0,exact,702,2435,612.0,2204.0,610,2198,EI,46956
69,3,31,Molecular Biology (Splice-junction Gene Sequences),2552,3,N,2,select_coverage,3.0,exact,1029,3629,907.0,3305.0,903,3293,EI,69956
69,3,31,Molecular Biology (Splice-junction Gene Sequences),2552,3,N,2,select_coverage,4.0,exact,1325,4767,1176.0,4340.0,1169,4319,EI,91360
69,3,31,Molecular Biology (Splice-junction Gene Sequences),2552,3,N,2,select_coverage_CBA_M1,,exact,267,1046,257.0,1004.0,257,1004,N,20464
69,3,34,Molecular Biology (Splice-junction Gene Sequences),2552,3,N,1,select_coverage,1.0,DAC,402,1340,,,357,1236,EI,10208
69,3,34,Molecular Biology (Splice-junction Gene Sequences),2552,3,N,1,select_coverage,1.0,exact,402,1340,357.0,1236.0,356,1233,EI,26684
69,3,34,Molecular Biology (Splice-junction Gene Sequences),2552,3,N,1,select_coverage,2.0,DAC,723,2551,,,636,2335,EI,18904
69,3,34,Molecular Biology (Splice-junction Gene Sequences),2552,3,N,1,select_coverage,2.0,exact,723,2551,636.0,2335.0,633,2326,EI,49224
69,3,34,Molecular Biology (Splice-junction Gene Sequences),2552,3,N,1,select_coverage,3.0,DAC,1055,3814,,,942,3526,EI,27940
69,3,34,Molecular Biology (Splice-junction Gene Sequences),2552,3,N,1,select_coverage,3.0,exact,1055,3814,942.0,3526.0,937,3511,EI,73572
69,3,34,Molecular Biology (Splice-junction Gene Sequences),2552,3,N,1,select_coverage,4.0,DAC,1368,5006,,,1231,4641,EI,36464
69,3,34,Molecular Biology (Splice-junction Gene Sequences),2552,3,N,1,select_coverage,4.0,exact,1368,5006,1231.0,4641.0,1226,4626,EI,96508
69,3,34,Molecular Biology (Splice-junction Gene Sequences),2552,3,N,1,select_coverage_CBA_M1,,DAC,399,1330,,,354,1226,N,10132
69,3,34,Molecular Biology (Splice-junction Gene Sequences),2552,3,N,1,select_coverage_CBA_M1,,exact,399,1330,354.0,1226.0,353,1223,EI,26468
69,3,34,Molecular Biology (Splice-junction Gene Sequences),2552,3,N,2,select_coverage,1.0,exact,402,1340,357.0,1236.0,356,1233,EI,26684
69,3,34,Molecular Biology (Splice-junction Gene Sequences),2552,3,N,2,select_coverage,2.0,exact,723,2551,636.0,2335.0,633,2326,EI,49224
69,3,34,Molecular Biology (Splice-junction Gene Sequences),2552,3,N,2,select_coverage,3.0,exact,1055,3814,942.0,3526.0,937,3511,EI,73572
69,3,34,Molecular Biology (Splice-junction Gene Sequences),2552,3,N,2,select_coverage,4.0,exact,1368,5006,1231.0,4641.0,1226,4626,EI,96508
69,3,34,Molecular Biology (Splice-junction Gene Sequences),2552,3,N,2,select_coverage_CBA_M1,,exact,334,1177,306.0,1107.0,306,1107,N,23380
69,3,42,Molecular Biology (Splice-junction Gene Sequences),2552,3,N,1,select_coverage,1.0,DAC,404,1340,,,360,1241,N,10232
69,3,42,Molecular Biology (Splice-junction Gene Sequences),2552,3,N,1,select_coverage,1.0,exact,404,1340,360.0,1241.0,358,1235,EI,26808
69,3,42,Molecular Biology (Splice-junction Gene Sequences),2552,3,N,1,select_coverage,2.0,DAC,690,2352,,,605,2147,N,17712
69,3,42,Molecular Biology (Splice-junction Gene Sequences),2552,3,N,1,select_coverage,2.0,exact,690,2352,605.0,2147.0,602,2138,EI,45932
69,3,42,Molecular Biology (Splice-junction Gene Sequences),2552,3,N,1,select_coverage,3.0,DAC,997,3483,,,882,3201,N,25920
69,3,42,Molecular Biology (Splice-junction Gene Sequences),2552,3,N,1,select_coverage,3.0,exact,997,3483,882.0,3201.0,879,3192,EI,67752
69,3,42,Molecular Biology (Splice-junction Gene Sequences),2552,3,N,1,select_coverage,4.0,DAC,1297,4606,,,1164,4261,N,34012
69,3,42,Molecular Biology (Splice-junction Gene Sequences),2552,3,N,1,select_coverage,4.0,exact,1297,4606,1164.0,4261.0,1159,4246,EI,89724
69,3,42,Molecular Biology (Splice-junction Gene Sequences),2552,3,N,1,select_coverage_CBA_M1,,DAC,391,1300,,,347,1201,N,9916
69,3,42,Molecular Biology (Splice-junction Gene Sequences),2552,3,N,1,select_coverage_CBA_M1,,exact,391,1300,347.0,1201.0,345,1195,EI,25912
69,3,42,Molecular Biology (Splice-junction Gene Sequences),2552,3,N,2,select_coverage,1.0,exact,404,1340,360.0,1241.0,358,1235,EI,26808
69,3,42,Molecular Biology (Splice-junction Gene Sequences),2552,3,N,2,select_coverage,2.0,exact,690,2352,605.0,2147.0,602,2138,EI,45932
69,3,42,Molecular Biology (Splice-junction Gene Sequences),2552,3,N,2,select_coverage,3.0,exact,997,3483,882.0,3201.0,879,3192,EI,67752
69,3,42,Molecular Biology (Splice-junction Gene Sequences),2552,3,N,2,select_coverage,4.0,exact,1297,4606,1164.0,4261.0,1159,4246,EI,89724
69,3,42,Molecular Biology (Splice-junction Gene Sequences),2552,3,N,2,select_coverage_CBA_M1,,exact,277,1053,264.0,1016.0,262,1010,N,20788
69,3,49,Molecular Biology (Splice-junction Gene Sequences),2552,3,N,1,select_coverage,1.0,DAC,428,1467,,,383,1365,N,11028
69,3,49,Molecular Biology (Splice-junction Gene Sequences),2552,3,N,1,select_coverage,1.0,exact,428,1467,383.0,1365.0,382,1362,EI,29056
69,3,49,Molecular Biology (Splice-junction Gene Sequences),2552,3,N,1,select_coverage,2.0,DAC,729,2558,,,638,2334,N,19004
69,3,49,Molecular Biology (Splice-junction Gene Sequences),2552,3,N,1,select_coverage,2.0,exact,729,2558,638.0,2334.0,634,2322,EI,49296
69,3,49,Molecular Biology (Splice-junction Gene Sequences),2552,3,N,1,select_coverage,3.0,DAC,1031,3692,,,923,3428,N,27164
69,3,49,Molecular Biology (Splice-junction Gene Sequences),2552,3,N,1,select_coverage,3.0,exact,1031,3692,923.0,3428.0,919,3416,EI,71704
69,3,49,Molecular Biology (Splice-junction Gene Sequences),2552,3,N,1,select_coverage,4.0,DAC,1351,4907,,,1212,4544,N,35864
69,3,49,Molecular Biology (Splice-junction Gene Sequences),2552,3,N,1,select_coverage,4.0,exact,1351,4907,1212.0,4544.0,1208,4532,EI,94740
69,3,49,Molecular Biology (Splice-junction Gene Sequences),2552,3,N,1,select_coverage_CBA_M1,,DAC,415,1428,,,370,1326,N,10716
69,3,49,Molecular Biology (Splice-junction Gene Sequences),2552,3,N,1,select_coverage_CBA_M1,,exact,415,1428,370.0,1326.0,370,1326,N,28184
69,3,49,Molecular Biology (Splice-junction Gene Sequences),2552,3,N,2,select_coverage,1.0,exact,428,1467,383.0,1365.0,382,1362,EI,29056
69,3,49,Molecular Biology (Splice-junction Gene Sequences),2552,3,N,2,select_coverage,2.0,exact,729,2558,638.0,2334.0,634,2322,EI,49296
69,3,49,Molecular Biology (Splice-junction Gene Sequences),2552,3,N,2,select_coverage,3.0,exact,1031,3692,923.0,3428.0,919,3416,EI,71704
69,3,49,Molecular Biology (Splice-junction Gene Sequences),2552,3,N,2,select_coverage,4.0,exact,1351,4907,1212.0,4544.0,1208,4532,EI,94740
69,3,49,Molecular Biology (Splice-junction Gene Sequences),2552,3,N,2,select_coverage_CBA_M1,,exact,304,1186,297.0,1160.0,297,1160,N,23552
69,3,63,Molecular Biology (Splice-junction Gene Sequences),2552,3,N,1,select_coverage,1.0,DAC,420,1426,,,374,1325,EI,10768
69,3,63,Molecular Biology (Splice-junction Gene Sequences),2552,3,N,1,select_coverage,1.0,exact,420,1426,374.0,1325.0,374,1325,EI,28296
69,3,63,Molecular Biology (Splice-junction Gene Sequences),2552,3,N,1,select_coverage,2.0,DAC,733,2598,,,647,2399,EI,19212
69,3,63,Molecular Biology (Splice-junction Gene Sequences),2552,3,N,1,select_coverage,2.0,exact,733,2598,647.0,2399.0,645,2393,EI,50288
69,3,63,Molecular Biology (Splice-junction Gene Sequences),2552,3,N,1,select_coverage,3.0,DAC,1055,3804,,,945,3533,EI,27900
69,3,63,Molecular Biology (Splice-junction Gene Sequences),2552,3,N,1,select_coverage,3.0,exact,1055,3804,945.0,3533.0,943,3527,EI,73720
69,3,63,Molecular Biology (Splice-junction Gene Sequences),2552,3,N,1,select_coverage,4.0,DAC,1363,4971,,,1230,4635,EI,36264
69,3,63,Molecular Biology (Splice-junction Gene Sequences),2552,3,N,1,select_coverage,4.0,exact,1363,4971,1230.0,4635.0,1228,4629,EI,96324
69,3,63,Molecular Biology (Splice-junction Gene Sequences),2552,3,N,1,select_coverage_CBA_M1,,DAC,403,1375,,,357,1274,N,10360
69,3,63,Molecular Biology (Splice-junction Gene Sequences),2552,3,N,1,select_coverage_CBA_M1,,exact,403,1375,357.0,1274.0,357,1274,EI,27140
69,3,63,Molecular Biology (Splice-junction Gene Sequences),2552,3,N,2,select_coverage,1.0,exact,420,1426,374.0,1325.0,374,1325,EI,28296
69,3,63,Molecular Biology (Splice-junction Gene Sequences),2552,3,N,2,select_coverage,2.0,exact,733,2598,647.0,2399.0,645,2393,EI,50288
69,3,63,Molecular Biology (Splice-junction Gene Sequences),2552,3,N,2,select_coverage,3.0,exact,1055,3804,945.0,3533.0,943,3527,EI,73720
69,3,63,Molecular Biology (Splice-junction Gene Sequences),2552,3,N,2,select_coverage,4.0,exact,1363,4971,1230.0,4635.0,1228,4629,EI,96324
69,3,63,Molecular Biology (Splice-junction Gene Sequences),2552,3,N,2,select_coverage_CBA_M1,,exact,276,1117,273.0,1102.0,273,1102,N,22044
69,3,64,Molecular Biology (Splice-junction Gene Sequences),2552,3,N,1,select_coverage,1.0,DAC,406,1366,,,362,1265,N,10360
69,3,64,Molecular Biology (Splice-junction Gene Sequences),2552,3,N,1,select_coverage,1.0,exact,406,1366,362.0,1265.0,361,1262,N,27180
69,3,64,Molecular Biology (Splice-junction Gene Sequences),2552,3,N,1,select_coverage,2.0,DAC,716,2493,,,622,2248,N,18588
69,3,64,Molecular Biology (Splice-junction Gene Sequences),2552,3,N,1,select_coverage,2.0,exact,716,2493,622.0,2248.0,618,2236,N,47836
69,3,64,Molecular Biology (Splice-junction Gene Sequences),2552,3,N,1,select_coverage,3.0,DAC,1010,3580,,,887,3254,N,26464
69,3,64,Molecular Biology (Splice-junction Gene Sequences),2552,3,N,1,select_coverage,3.0,exact,1010,3580,887.0,3254.0,880,3233,N,68676
69,3,64,Molecular Biology (Splice-junction Gene Sequences),2552,3,N,1,select_coverage,4.0,DAC,1326,4751,,,1184,4367,N,34940
69,3,64,Molecular Biology (Splice-junction Gene Sequences),2552,3,N,1,select_coverage,4.0,exact,1326,4751,1184.0,4367.0,1176,4343,N,91756
69,3,64,Molecular Biology (Splice-junction Gene Sequences),2552,3,N,1,select_coverage_CBA_M1,,DAC,402,1353,,,358,1252,N,10260
69,3,64,Molecular Biology (Splice-junction Gene Sequences),2552,3,N,1,select_coverage_CBA_M1,,exact,402,1353,358.0,1252.0,357,1249,N,26896
69,3,64,Molecular Biology (Splice-junction Gene Sequences),2552,3,N,2,select_coverage,1.0,exact,406,1366,362.0,1265.0,361,1262,N,27180
69,3,64,Molecular Biology (Splice-junction Gene Sequences),2552,3,N,2,select_coverage,2.0,exact,716,2493,622.0,2248.0,618,2236,N,47836
69,3,64,Molecular Biology (Splice-junction Gene Sequences),2552,3,N,2,select_coverage,3.0,exact,1010,3580,887.0,3254.0,880,3233,N,68676
69,3,64,Molecular Biology (Splice-junction Gene Sequences),2552,3,N,2,select_coverage,4.0,exact,1326,4751,1184.0,4367.0,1176,4343,N,91756
69,3,64,Molecular Biology (Splice-junction Gene Sequences),2552,3,N,2,select_coverage_CBA_M1,,exact,296,1104,281.0,1061.0,281,1061,N,21920
69,3,65,Molecular Biology (Splice-junction Gene Sequences),2552,3,N,1,select_coverage,1.0,DAC,408,1361,,,364,1251,EI,10364
69,3,65,Molecular Biology (Splice-junction Gene Sequences),2552,3,N,1,select_coverage,1.0,exact,408,1361,364.0,1251.0,364,1251,EI,27124
69,3,65,Molecular Biology (Splice-junction Gene Sequences),2552,3,N,1,select_coverage,2.0,DAC,720,2475,,,627,2244,EI,18564
69,3,65,Molecular Biology (Splice-junction Gene Sequences),2552,3,N,1,select_coverage,2.0,exact,720,2475,627.0,2244.0,625,2238,EI,47916
69,3,65,Molecular Biology (Splice-junction Gene Sequences),2552,3,N,1,select_coverage,3.0,DAC,1019,3611,,,907,3318,EI,26696
69,3,65,Molecular Biology (Splice-junction Gene Sequences),2552,3,N,1,select_coverage,3.0,exact,1019,3611,907.0,3318.0,905,3312,EI,70012
69,3,65,Molecular Biology (Splice-junction Gene Sequences),2552,3,N,1,select_coverage,4.0,DAC,1330,4789,,,1200,4448,EI,35140
69,3,65,Molecular Biology (Splice-junction Gene Sequences),2552,3,N,1,select_coverage,4.0,exact,1330,4789,1200.0,4448.0,1195,4433,EI,93104
69,3,65,Molecular Biology (Splice-junction Gene Sequences),2552,3,N,1,select_coverage_CBA_M1,,DAC,402,1342,,,358,1232,N,10216
69,3,65,Molecular Biology (Splice-junction Gene Sequences),2552,3,N,1,select_coverage_CBA_M1,,exact,402,1342,358.0,1232.0,358,1232,EI,26704
69,3,65,Molecular Biology (Splice-junction Gene Sequences),2552,3,N,2,select_coverage,1.0,exact,408,1361,364.0,1251.0,364,1251,EI,27124
69,3,65,Molecular Biology (Splice-junction Gene Sequences),2552,3,N,2,select_coverage,2.0,exact,720,2475,627.0,2244.0,625,2238,EI,47916
69,3,65,Molecular Biology (Splice-junction Gene Sequences),2552,3,N,2,select_coverage,3.0,exact,1019,3611,907.0,3318.0,905,3312,EI,70012
69,3,65,Molecular Biology (Splice-junction Gene Sequences),2552,3,N,2,select_coverage,4.0,exact,1330,4789,1200.0,4448.0,1195,4433,EI,93104
69,3,65,Molecular Biology (Splice-junction Gene Sequences),2552,3,N,2,select_coverage_CBA_M1,,exact,303,1112,285.0,1054.0,285,1054,N,22024
69,3,68,Molecular Biology (Splice-junction Gene Sequences),2552,3,N,1,select_coverage,1.0,DAC,418,1400,,,370,1281,EI,10640
69,3,68,Molecular Biology (Splice-junction Gene Sequences),2552,3,N,1,select_coverage,1.0,exact,418,1400,370.0,1281.0,370,1281,EI,27712
69,3,68,Molecular Biology (Splice-junction Gene Sequences),2552,3,N,1,select_coverage,2.0,DAC,730,2510,,,633,2252,EI,18824
69,3,68,Molecular Biology (Splice-junction Gene Sequences),2552,3,N,1,select_coverage,2.0,exact,730,2510,633.0,2252.0,631,2246,EI,48312
69,3,68,Molecular Biology (Splice-junction Gene Sequences),2552,3,N,1,select_coverage,3.0,DAC,1034,3658,,,916,3332,EI,27064
69,3,68,Molecular Biology (Splice-junction Gene Sequences),2552,3,N,1,select_coverage,3.0,exact,1034,3658,916.0,3332.0,914,3326,EI,70600
69,3,68,Molecular Biology (Splice-junction Gene Sequences),2552,3,N,1,select_coverage,4.0,DAC,1343,4801,,,1207,4424,EI,35344
69,3,68,Molecular Biology (Splice-junction Gene Sequences),2552,3,N,1,select_coverage,4.0,exact,1343,4801,1207.0,4424.0,1203,4412,EI,93196
69,3,68,Molecular Biology (Splice-junction Gene Sequences),2552,3,N,1,select_coverage_CBA_M1,,DAC,410,1375,,,362,1256,N,10444
69,3,68,Molecular Biology (Splice-junction Gene Sequences),2552,3,N,1,select_coverage_CBA_M1,,exact,410,1375,362.0,1256.0,362,1256,EI,27156
69,3,68,Molecular Biology (Splice-junction Gene Sequences),2552,3,N,2,select_coverage,1.0,exact,418,1400,370.0,1281.0,370,1281,EI,27712
69,3,68,Molecular Biology (Splice-junction Gene Sequences),2552,3,N,2,select_coverage,2.0,exact,730,2510,633.0,2252.0,631,2246,EI,48312
69,3,68,Molecular Biology (Splice-junction Gene Sequences),2552,3,N,2,select_coverage,3.0,exact,1034,3658,916.0,3332.0,914,3326,EI,70600
69,3,68,Molecular Biology (Splice-junction Gene Sequences),2552,3,N,2,select_coverage,4.0,exact,1343,4801,1207.0,4424.0,1203,4412,EI,93196
69,3,68,Molecular Biology (Splice-junction Gene Sequences),2552,3,N,2,select_coverage_CBA_M1,,exact,298,1134,286.0,1087.0,286,1087,N,22408
69,3,74,Molecular Biology (Splice-junction Gene Sequences),2552,3,N,1,select_coverage,1.0,DAC,403,1350,,,355,1242,EI,10260
69,3,74,Molecular Biology (Splice-junction Gene Sequences),2552,3,N,1,select_coverage,1.0,exact,403,1350,355.0,1242.0,355,1242,EI,26720
69,3,74,Molecular Biology (Splice-junction Gene Sequences),2552,3,N,1,select_coverage,2.0,DAC,710,2502,,,630,2315,EI,18552
69,3,74,Molecular Biology (Splice-junction Gene Sequences),2552,3,N,1,select_coverage,2.0,exact,710,2502,630.0,2315.0,628,2309,EI,48688
69,3,74,Molecular Biology (Splice-junction Gene Sequences),2552,3,N,1,select_coverage,3.0,DAC,1024,3675,,,923,3431,EI,27012
69,3,74,Molecular Biology (Splice-junction Gene Sequences),2552,3,N,1,select_coverage,3.0,exact,1024,3675,923.0,3431.0,919,3419,EI,71660
69,3,74,Molecular Biology (Splice-junction Gene Sequences),2552,3,N,1,select_coverage,4.0,DAC,1351,4905,,,1231,4613,EI,35856
69,3,74,Molecular Biology (Splice-junction Gene Sequences),2552,3,N,1,select_coverage,4.0,exact,1351,4905,1231.0,4613.0,1226,4598,EI,95880
69,3,74,Molecular Biology (Splice-junction Gene Sequences),2552,3,N,1,select_coverage_CBA_M1,,DAC,401,1343,,,353,1235,N,10208
69,3,74,Molecular Biology (Splice-junction Gene Sequences),2552,3,N,1,select_coverage_CBA_M1,,exact,401,1343,353.0,1235.0,353,1235,EI,26572
69,3,74,Molecular Biology (Splice-junction Gene Sequences),2552,3,N,2,select_coverage,1.0,exact,403,1350,355.0,1242.0,355,1242,EI,26720
69,3,74,Molecular Biology (Splice-junction Gene Sequences),2552,3,N,2,select_coverage,2.0,exact,710,2502,630.0,2315.0,628,2309,EI,48688
69,3,74,Molecular Biology (Splice-junction Gene Sequences),2552,3,N,2,select_coverage,3.0,exact,1024,3675,923.0,3431.0,919,3419,EI,71660
69,3,74,Molecular Biology (Splice-junction Gene Sequences),2552,3,N,2,select_coverage,4.0,exact,1351,4905,1231.0,4613.0,1226,4598,EI,95880
69,3,74,Molecular Biology (Splice-junction Gene Sequences),2552,3,N,2,select_coverage_CBA_M1,,exact,308,1123,288.0,1071.0,288,1071,N,22300
69,3,76,Molecular Biology (Splice-junction Gene Sequences),2552,3,N,1,select_coverage,1.0,DAC,404,1370,,,357,1269,N,10352
69,3,76,Molecular Biology (Splice-junction Gene Sequences),2552,3,N,1,select_coverage,1.0,exact,404,1370,357.0,1269.0,357,1269,N,27080
69,3,76,Molecular Biology (Splice-junction Gene Sequences),2552,3,N,1,select_coverage,2.0,DAC,712,2511,,,620,2302,N,18612
69,3,76,Molecular Biology (Splice-junction Gene Sequences),2552,3,N,1,select_coverage,2.0,exact,712,2511,620.0,2302.0,620,2302,N,48324
69,3,76,Molecular Biology (Splice-junction Gene Sequences),2552,3,N,1,select_coverage,3.0,DAC,1014,3634,,,895,3339,N,26728
69,3,76,Molecular Biology (Splice-junction Gene Sequences),2552,3,N,1,select_coverage,3.0,exact,1014,3634,895.0,3339.0,894,3336,N,69900
69,3,76,Molecular Biology (Splice-junction Gene Sequences),2552,3,N,1,select_coverage,4.0,DAC,1325,4802,,,1182,4430,N,35132
69,3,76,Molecular Biology (Splice-junction Gene Sequences),2552,3,N,1,select_coverage,4.0,exact,1325,4802,1182.0,4430.0,1181,4427,N,92484
69,3,76,Molecular Biology (Splice-junction Gene Sequences),2552,3,N,1,select_coverage_CBA_M1,,DAC,382,1304,,,335,1203,N,9824
69,3,76,Molecular Biology (Splice-junction Gene Sequences),2552,3,N,1,select_coverage_CBA_M1,,exact,382,1304,335.0,1203.0,335,1203,N,25584
69,3,76,Molecular Biology (Splice-junction Gene Sequences),2552,3,N,2,select_coverage,1.0,exact,404,1370,357.0,1269.0,357,1269,N,27080
69,3,76,Molecular Biology (Splice-junction Gene Sequences),2552,3,N,2,select_coverage,2.0,exact,712,2511,620.0,2302.0,620,2302,N,48324
69,3,76,Molecular Biology (Splice-junction Gene Sequences),2552,3,N,2,select_coverage,3.0,exact,1014,3634,895.0,3339.0,894,3336,N,69900
69,3,76,Molecular Biology (Splice-junction Gene Sequences),2552,3,N,2,select_coverage,4.0,exact,1325,4802,1182.0,4430.0,1181,4427,N,92484
69,3,76,Molecular Biology (Splice-junction Gene Sequences),2552,3,N,2,select_coverage_CBA_M1,,exact,245,1008,242.0,995.0,242,995,N,19760
69,3,100,Molecular Biology (Splice-junction Gene Sequences),2552,3,N,1,select_coverage,1.0,DAC,402,1347,,,358,1235,N,10236
69,3,100,Molecular Biology (Splice-junction Gene Sequences),2552,3,N,1,select_coverage,1.0,exact,402,1347,358.0,1235.0,358,1235,N,26748
69,3,100,Molecular Biology (Splice-junction Gene Sequences),2552,3,N,1,select_coverage,2.0,DAC,713,2484,,,622,2255,N,18516
69,3,100,Molecular Biology (Splice-junction Gene Sequences),2552,3,N,1,select_coverage,2.0,exact,713,2484,622.0,2255.0,621,2252,N,47892
69,3,100,Molecular Biology (Splice-junction Gene Sequences),2552,3,N,1,select_coverage,3.0,DAC,1027,3669,,,908,3365,N,27024
69,3,100,Molecular Biology (Splice-junction Gene Sequences),2552,3,N,1,select_coverage,3.0,exact,1027,3669,908.0,3365.0,905,3356,N,70640
69,3,100,Molecular Biology (Splice-junction Gene Sequences),2552,3,N,1,select_coverage,4.0,DAC,1327,4801,,,1189,4439,N,35152
69,3,100,Molecular Biology (Splice-junction Gene Sequences),2552,3,N,1,select_coverage,4.0,exact,1327,4801,1189.0,4439.0,1186,4430,N,92752
69,3,100,Molecular Biology (Splice-junction Gene Sequences),2552,3,N,1,select_coverage_CBA_M1,,DAC,384,1292,,,340,1180,N,9800
69,3,100,Molecular Biology (Splice-junction Gene Sequences),2552,3,N,1,select_coverage_CBA_M1,,exact,384,1292,340.0,1180.0,340,1180,N,25512
69,3,100,Molecular Biology (Splice-junction Gene Sequences),2552,3,N,2,select_coverage,1.0,exact,402,1347,358.0,1235.0,358,1235,N,26748
69,3,100,Molecular Biology (Splice-junction Gene Sequences),2552,3,N,2,select_coverage,2.0,exact,713,2484,622.0,2255.0,621,2252,N,47892
69,3,100,Molecular Biology (Splice-junction Gene Sequences),2552,3,N,2,select_coverage,3.0,exact,1027,3669,908.0,3365.0,905,3356,N,70640
69,3,100,Molecular Biology (Splice-junction Gene Sequences),2552,3,N,2,select_coverage,4.0,exact,1327,4801,1189.0,4439.0,1186,4430,N,92752
69,3,100,Molecular Biology (Splice-junction Gene Sequences),2552,3,N,2,select_coverage_CBA_M1,,exact,254,1007,245.0,965.0,245,965,N,19612
69,3,114,Molecular Biology (Splice-junction Gene Sequences),2552,3,N,1,select_coverage,1.0,DAC,408,1393,,,362,1294,N,10492
69,3,114,Molecular Biology (Splice-junction Gene Sequences),2552,3,N,1,select_coverage,1.0,exact,408,1393,362.0,1294.0,362,1294,EI,27532
69,3,114,Molecular Biology (Splice-junction Gene Sequences),2552,3,N,1,select_coverage,2.0,DAC,738,2607,,,645,2386,N,19308
69,3,114,Molecular Biology (Splice-junction Gene Sequences),2552,3,N,1,select_coverage,2.0,exact,738,2607,645.0,2386.0,645,2386,EI,50180
69,3,114,Molecular Biology (Splice-junction Gene Sequences),2552,3,N,1,select_coverage,3.0,DAC,1053,3808,,,936,3521,N,27892
69,3,114,Molecular Biology (Splice-junction Gene Sequences),2552,3,N,1,select_coverage,3.0,exact,1053,3808,936.0,3521.0,936,3521,EI,73376
69,3,114,Molecular Biology (Splice-junction Gene Sequences),2552,3,N,1,select_coverage,4.0,DAC,1369,5006,,,1230,4651,N,36476
69,3,114,Molecular Biology (Splice-junction Gene Sequences),2552,3,N,1,select_coverage,4.0,exact,1369,5006,1230.0,4651.0,1229,4648,EI,96604
69,3,114,Molecular Biology (Splice-junction Gene Sequences),2552,3,N,1,select_coverage_CBA_M1,,DAC,401,1371,,,355,1272,N,10320
69,3,114,Molecular Biology (Splice-junction Gene Sequences),2552,3,N,1,select_coverage_CBA_M1,,exact,401,1371,355.0,1272.0,355,1272,EI,27044
69,3,114,Molecular Biology (Splice-junction Gene Sequences),2552,3,N,2,select_coverage,1.0,exact,408,1393,362.0,1294.0,362,1294,EI,27532
69,3,114,Molecular Biology (Splice-junction Gene Sequences),2552,3,N,2,select_coverage,2.0,exact,738,2607,645.0,2386.0,645,2386,EI,50180
69,3,114,Molecular Biology (Splice-junction Gene Sequences),2552,3,N,2,select_coverage,3.0,exact,1053,3808,936.0,3521.0,936,3521,EI,73376
69,3,114,Molecular Biology (Splice-junction Gene Sequences),2552,3,N,2,select_coverage,4.0,exact,1369,5006,1230.0,4651.0,1229,4648,EI,96604
69,3,114,Molecular Biology (Splice-junction Gene Sequences),2552,3,N,2,select_coverage_CBA_M1,,exact,310,1164,294.0,1125.0,294,1125,N,23088
69,3,133,Molecular Biology (Splice-junction Gene Sequences),2552,3,N,1,select_coverage,1.0,DAC,419,1417,,,369,1293,N,10720
69,3,133,Molecular Biology (Splice-junction Gene Sequences),2552,3,N,1,select_coverage,1.0,exact,419,1417,369.0,1293.0,369,1293,N,27844
69,3,133,Molecular Biology (Splice-junction Gene Sequences),2552,3,N,1,select_coverage,2.0,DAC,756,2654,,,670,2436,N,19712
69,3,133,Molecular Biology (Splice-junction Gene Sequences),2552,3,N,1,select_coverage,2.0,exact,756,2654,670.0,2436.0,670,2436,N,51568
69,3,133,Molecular Biology (Splice-junction Gene Sequences),2552,3,N,1,select_coverage,3.0,DAC,1096,3961,,,986,3662,N,29020
69,3,133,Molecular Biology (Splice-junction Gene Sequences),2552,3,N,1,select_coverage,3.0,exact,1096,3961,986.0,3662.0,984,3656,N,76692
69,3,133,Molecular Biology (Splice-junction Gene Sequences),2552,3,N,1,select_coverage,4.0,DAC,1429,5220,,,1299,4865,N,38052
69,3,133,Molecular Biology (Splice-junction Gene Sequences),2552,3,N,1,select_coverage,4.0,exact,1429,5220,1299.0,4865.0,1296,4856,N,101356
69,3,133,Molecular Biology (Splice-junction Gene Sequences),2552,3,N,1,select_coverage_CBA_M1,,DAC,398,1357,,,350,1237,N,10228
69,3,133,Molecular Biology (Splice-junction Gene Sequences),2552,3,N,1,select_coverage_CBA_M1,,exact,398,1357,350.0,1237.0,350,1237,N,26548
69,3,133,Molecular Biology (Splice-junction Gene Sequences),2552,3,N,2,select_coverage,1.0,exact,419,1417,369.0,1293.0,369,1293,N,27844
69,3,133,Molecular Biology (Splice-junction Gene Sequences),2552,3,N,2,select_coverage,2.0,exact,756,2654,670.0,2436.0,670,2436,N,51568
69,3,133,Molecular Biology (Splice-junction Gene Sequences),2552,3,N,2,select_coverage,3.0,exact,1096,3961,986.0,3662.0,984,3656,N,76692
69,3,133,Molecular Biology (Splice-junction Gene Sequences),2552,3,N,2,select_coverage,4.0,exact,1429,5220,1299.0,4865.0,1296,4856,N,101356
69,3,133,Molecular Biology (Splice-junction Gene Sequences),2552,3,N,2,select_coverage_CBA_M1,,exact,250,1028,239.0,982.0,239,982,N,19640
69,3,138,Molecular Biology (Splice-junction Gene Sequences),2552,3,N,1,select_coverage,1.0,DAC,410,1407,,,365,1305,N,10572
69,3,138,Molecular Biology (Splice-junction Gene Sequences),2552,3,N,1,select_coverage,1.0,exact,410,1407,365.0,1305.0,364,1302,N,27760
69,3,138,Molecular Biology (Splice-junction Gene Sequences),2552,3,N,1,select_coverage,2.0,DAC,728,2578,,,644,2379,N,19072
69,3,138,Molecular Biology (Splice-junction Gene Sequences),2552,3,N,1,select_coverage,2.0,exact,728,2578,644.0,2379.0,641,2370,N,49940
69,3,138,Molecular Biology (Splice-junction Gene Sequences),2552,3,N,1,select_coverage,3.0,DAC,1055,3782,,,926,3455,N,27812
69,3,138,Molecular Biology (Splice-junction Gene Sequences),2552,3,N,1,select_coverage,3.0,exact,1055,3782,926.0,3455.0,921,3440,N,72364
69,3,138,Molecular Biology (Splice-junction Gene Sequences),2552,3,N,1,select_coverage,4.0,DAC,1365,4957,,,1218,4572,N,36232
69,3,138,Molecular Biology (Splice-junction Gene Sequences),2552,3,N,1,select_coverage,4.0,exact,1365,4957,1218.0,4572.0,1212,4554,N,95332
69,3,138,Molecular Biology (Splice-junction Gene Sequences),2552,3,N,1,select_coverage_CBA_M1,,DAC,389,1343,,,344,1241,N,10064
69,3,138,Molecular Biology (Splice-junction Gene Sequences),2552,3,N,1,select_coverage_CBA_M1,,exact,389,1343,344.0,1241.0,343,1238,N,26320
69,3,138,Molecular Biology (Splice-junction Gene Sequences),2552,3,N,2,select_coverage,1.0,exact,410,1407,365.0,1305.0,364,1302,N,27760
69,3,138,Molecular Biology (Splice-junction Gene Sequences),2552,3,N,2,select_coverage,2.0,exact,728,2578,644.0,2379.0,641,2370,N,49940
69,3,138,Molecular Biology (Splice-junction Gene Sequences),2552,3,N,2,select_coverage,3.0,exact,1055,3782,926.0,3455.0,921,3440,N,72364
69,3,138,Molecular Biology (Splice-junction Gene Sequences),2552,3,N,2,select_coverage,4.0,exact,1365,4957,1218.0,4572.0,1212,4554,N,95332
69,3,138,Molecular Biology (Splice-junction Gene Sequences),2552,3,N,2,select_coverage_CBA_M1,,exact,235,1008,230.0,986.0,230,986,N,19304
69,3,148,Molecular Biology (Splice-junction Gene Sequences),2552,3,N,1,select_coverage,1.0,DAC,396,1343,,,357,1252,EI,10148
69,3,148,Molecular Biology (Splice-junction Gene Sequences),2552,3,N,1,select_coverage,1.0,exact,396,1343,357.0,1252.0,356,1249,EI,26824
69,3,148,Molecular Biology (Splice-junction Gene Sequences),2552,3,N,1,select_coverage,2.0,DAC,738,2595,,,653,2390,EI,19260
69,3,148,Molecular Biology (Splice-junction Gene Sequences),2552,3,N,1,select_coverage,2.0,exact,738,2595,653.0,2390.0,651,2384,EI,50396
69,3,148,Molecular Biology (Splice-junction Gene Sequences),2552,3,N,1,select_coverage,3.0,DAC,1047,3741,,,933,3456,EI,27552
69,3,148,Molecular Biology (Splice-junction Gene Sequences),2552,3,N,1,select_coverage,3.0,exact,1047,3741,933.0,3456.0,931,3450,EI,72468
69,3,148,Molecular Biology (Splice-junction Gene Sequences),2552,3,N,1,select_coverage,4.0,DAC,1370,4950,,,1234,4595,EI,36264
69,3,148,Molecular Biology (Splice-junction Gene Sequences),2552,3,N,1,select_coverage,4.0,exact,1370,4950,1234.0,4595.0,1230,4583,EI,96024
69,3,148,Molecular Biology (Splice-junction Gene Sequences),2552,3,N,1,select_coverage_CBA_M1,,DAC,392,1331,,,353,1240,N,10052
69,3,148,Molecular Biology (Splice-junction Gene Sequences),2552,3,N,1,select_coverage_CBA_M1,,exact,392,1331,353.0,1240.0,352,1237,EI,26552
69,3,148,Molecular Biology (Splice-junction Gene Sequences),2552,3,N,2,select_coverage,1.0,exact,396,1343,357.0,1252.0,356,1249,EI,26824
69,3,148,Molecular Biology (Splice-junction Gene Sequences),2552,3,N,2,select_coverage,2.0,exact,738,2595,653.0,2390.0,651,2384,EI,50396
69,3,148,Molecular Biology (Splice-junction Gene Sequences),2552,3,N,2,select_coverage,3.0,exact,1047,3741,933.0,3456.0,931,3450,EI,72468
69,3,148,Molecular Biology (Splice-junction Gene Sequences),2552,3,N,2,select_coverage,4.0,exact,1370,4950,1234.0,4595.0,1230,4583,EI,96024
69,3,148,Molecular Biology (Splice-junction Gene Sequences),2552,3,N,2,select_coverage_CBA_M1,,exact,327,1179,298.0,1108.0,298,1108,N,23140
69,4,5,Molecular Biology (Splice-junction Gene Sequences),2552,3,N,1,select_coverage,1.0,DAC,448,1446,,,384,1286,N,11192
69,4,5,Molecular Biology (Splice-junction Gene Sequences),2552,3,N,1,select_coverage,1.0,exact,448,1446,384.0,1286.0,384,1286,EI,28384
69,4,5,Molecular Biology (Splice-junction Gene Sequences),2552,3,N,1,select_coverage,2.0,DAC,788,2639,,,670,2340,N,20044
69,4,5,Molecular Biology (Splice-junction Gene Sequences),2552,3,N,1,select_coverage,2.0,exact,788,2639,670.0,2340.0,668,2334,EI,50716
69,4,5,Molecular Biology (Splice-junction Gene Sequences),2552,3,N,1,select_coverage,3.0,DAC,1118,3796,,,952,3376,N,28632
69,4,5,Molecular Biology (Splice-junction Gene Sequences),2552,3,N,1,select_coverage,3.0,exact,1118,3796,952.0,3376.0,946,3358,EI,72608
69,4,5,Molecular Biology (Splice-junction Gene Sequences),2552,3,N,1,select_coverage,4.0,DAC,1446,4990,,,1242,4457,N,37344
69,4,5,Molecular Biology (Splice-junction Gene Sequences),2552,3,N,1,select_coverage,4.0,exact,1446,4990,1242.0,4457.0,1234,4433,EI,95288
69,4,5,Molecular Biology (Splice-junction Gene Sequences),2552,3,N,1,select_coverage_CBA_M1,,DAC,437,1412,,,373,1252,N,10924
69,4,5,Molecular Biology (Splice-junction Gene Sequences),2552,3,N,1,select_coverage_CBA_M1,,exact,437,1412,373.0,1252.0,373,1252,EI,27624
69,4,5,Molecular Biology (Splice-junction Gene Sequences),2552,3,N,2,select_coverage,1.0,exact,448,1446,384.0,1286.0,384,1286,EI,28384
69,4,5,Molecular Biology (Splice-junction Gene Sequences),2552,3,N,2,select_coverage,2.0,exact,788,2639,670.0,2340.0,668,2334,EI,50716
69,4,5,Molecular Biology (Splice-junction Gene Sequences),2552,3,N,2,select_coverage,3.0,exact,1118,3796,952.0,3376.0,946,3358,EI,72608
69,4,5,Molecular Biology (Splice-junction Gene Sequences),2552,3,N,2,select_coverage,4.0,exact,1446,4990,1242.0,4457.0,1234,4433,EI,95288
69,4,5,Molecular Biology (Splice-junction Gene Sequences),2552,3,N,2,select_coverage_CBA_M1,,exact,314,1152,291.0,1074.0,291,1074,N,22536
69,4,14,Molecular Biology (Splice-junction Gene Sequences),2552,3,N,1,select_coverage,1.0,DAC,466,1505,,,411,1366,EI,11644
69,4,14,Molecular Biology (Splice-junction Gene Sequences),2552,3,N,1,select_coverage,1.0,exact,466,1505,411.0,1366.0,410,1363,EI,30112
69,4,14,Molecular Biology (Splice-junction Gene Sequences),2552,3,N,1,select_coverage,2.0,DAC,801,2640,,,677,2329,EI,20204
69,4,14,Molecular Biology (Splice-junction Gene Sequences),2552,3,N,1,select_coverage,2.0,exact,801,2640,677.0,2329.0,671,2311,EI,50808
69,4,14,Molecular Biology (Splice-junction Gene Sequences),2552,3,N,1,select_coverage,3.0,DAC,1144,3875,,,970,3432,EI,29260
69,4,14,Molecular Biology (Splice-junction Gene Sequences),2552,3,N,1,select_coverage,3.0,exact,1144,3875,970.0,3432.0,960,3402,EI,73900
69,4,14,Molecular Biology (Splice-junction Gene Sequences),2552,3,N,1,select_coverage,4.0,DAC,1502,5176,,,1283,4602,EI,38760
69,4,14,Molecular Biology (Splice-junction Gene Sequences),2552,3,N,1,select_coverage,4.0,exact,1502,5176,1283.0,4602.0,1267,4554,EI,98408
69,4,14,Molecular Biology (Splice-junction Gene Sequences),2552,3,N,1,select_coverage_CBA_M1,,DAC,446,1447,,,392,1310,N,11172
69,4,14,Molecular Biology (Splice-junction Gene Sequences),2552,3,N,1,select_coverage_CBA_M1,,exact,446,1447,392.0,1310.0,392,1310,EI,28836
69,4,14,Molecular Biology (Splice-junction Gene Sequences),2552,3,N,2,select_coverage,1.0,exact,466,1505,411.0,1366.0,410,1363,EI,30112
69,4,14,Molecular Biology (Splice-junction Gene Sequences),2552,3,N,2,select_coverage,2.0,exact,801,2640,677.0,2329.0,671,2311,EI,50808
69,4,14,Molecular Biology (Splice-junction Gene Sequences),2552,3,N,2,select_coverage,3.0,exact,1144,3875,970.0,3432.0,960,3402,EI,73900
69,4,14,Molecular Biology (Splice-junction Gene Sequences),2552,3,N,2,select_coverage,4.0,exact,1502,5176,1283.0,4602.0,1267,4554,EI,98408
69,4,14,Molecular Biology (Splice-junction Gene Sequences),2552,3,N,2,select_coverage_CBA_M1,,exact,319,1185,298.0,1114.0,298,1114,N,23212
69,4,17,Molecular Biology (Splice-junction Gene Sequences),2552,3,N,1,select_coverage,1.0,DAC,433,1372,,,375,1246,N,10716
69,4,17,Molecular Biology (Splice-junction Gene Sequences),2552,3,N,1,select_coverage,1.0,exact,433,1372,375.0,1246.0,375,1246,N,27480
69,4,17,Molecular Biology (Splice-junction Gene Sequences),2552,3,N,1,select_coverage,2.0,DAC,764,2518,,,637,2210,N,19272
69,4,17,Molecular Biology (Splice-junction Gene Sequences),2552,3,N,1,select_coverage,2.0,exact,764,2518,637.0,2210.0,637,2210,N,48160
69,4,17,Molecular Biology (Splice-junction Gene Sequences),2552,3,N,1,select_coverage,3.0,DAC,1076,3620,,,909,3207,N,27424
69,4,17,Molecular Biology (Splice-junction Gene Sequences),2552,3,N,1,select_coverage,3.0,exact,1076,3620,909.0,3207.0,905,3195,N,69200
69,4,17,Molecular Biology (Splice-junction Gene Sequences),2552,3,N,1,select_coverage,4.0,DAC,1417,4845,,,1206,4308,N,36416
69,4,17,Molecular Biology (Splice-junction Gene Sequences),2552,3,N,1,select_coverage,4.0,exact,1417,4845,1206.0,4308.0,1196,4278,N,92340
69,4,17,Molecular Biology (Splice-junction Gene Sequences),2552,3,N,1,select_coverage_CBA_M1,,DAC,408,1297,,,350,1171,N,10116
69,4,17,Molecular Biology (Splice-junction Gene Sequences),2552,3,N,1,select_coverage_CBA_M1,,exact,408,1297,350.0,1171.0,350,1171,N,25780
69,4,17,Molecular Biology (Splice-junction Gene Sequences),2552,3,N,2,select_coverage,1.0,exact,433,1372,375.0,1246.0,375,1246,N,27480
69,4,17,Molecular Biology (Splice-junction Gene Sequences),2552,3,N,2,select_coverage,2.0,exact,764,2518,637.0,2210.0,637,2210,N,48160
69,4,17,Molecular Biology (Splice-junction Gene Sequences),2552,3,N,2,select_coverage,3.0,exact,1076,3620,909.0,3207.0,905,3195,N,69200
69,4,17,Molecular Biology (Splice-junction Gene Sequences),2552,3,N,2,select_coverage,4.0,exact,1417,4845,1206.0,4308.0,1196,4278,N,92340
69,4,17,Molecular Biology (Splice-junction Gene Sequences),2552,3,N,2,select_coverage_CBA_M1,,exact,200,881,195.0,861.0,195,861,N,16676
69,4,19,Molecular Biology (Splice-junction Gene Sequences),2552,3,N,1,select_coverage,1.0,DAC,455,1450,,,388,1292,EI,11292
69,4,19,Molecular Biology (Splice-junction Gene Sequences),2552,3,N,1,select_coverage,1.0,exact,455,1450,388.0,1292.0,385,1283,EI,28540
69,4,19,Molecular Biology (Splice-junction Gene Sequences),2552,3,N,1,select_coverage,2.0,DAC,786,2592,,,656,2261,EI,19832
69,4,19,Molecular Biology (Splice-junction Gene Sequences),2552,3,N,1,select_coverage,2.0,exact,786,2592,656.0,2261.0,646,2231,EI,49352
69,4,19,Molecular Biology (Splice-junction Gene Sequences),2552,3,N,1,select_coverage,3.0,DAC,1103,3722,,,923,3265,EI,28156
69,4,19,Molecular Biology (Splice-junction Gene Sequences),2552,3,N,1,select_coverage,3.0,exact,1103,3722,923.0,3265.0,907,3217,EI,70376
69,4,19,Molecular Biology (Splice-junction Gene Sequences),2552,3,N,1,select_coverage,4.0,DAC,1453,4996,,,1222,4378,EI,37452
69,4,19,Molecular Biology (Splice-junction Gene Sequences),2552,3,N,1,select_coverage,4.0,exact,1453,4996,1222.0,4378.0,1201,4315,EI,93884
69,4,19,Molecular Biology (Splice-junction Gene Sequences),2552,3,N,1,select_coverage_CBA_M1,,DAC,450,1433,,,383,1275,N,11164
69,4,19,Molecular Biology (Splice-junction Gene Sequences),2552,3,N,1,select_coverage_CBA_M1,,exact,450,1433,383.0,1275.0,380,1266,EI,28176
69,4,19,Molecular Biology (Splice-junction Gene Sequences),2552,3,N,2,select_coverage,1.0,exact,455,1450,388.0,1292.0,385,1283,EI,28540
69,4,19,Molecular Biology (Splice-junction Gene Sequences),2552,3,N,2,select_coverage,2.0,exact,786,2592,656.0,2261.0,646,2231,EI,49352
69,4,19,Molecular Biology (Splice-junction Gene Sequences),2552,3,N,2,select_coverage,3.0,exact,1103,3722,923.0,3265.0,907,3217,EI,70376
69,4,19,Molecular Biology (Splice-junction Gene Sequences),2552,3,N,2,select_coverage,4.0,exact,1453,4996,1222.0,4378.0,1201,4315,EI,93884
69,4,19,Molecular Biology (Splice-junction Gene Sequences),2552,3,N,2,select_coverage_CBA_M1,,exact,336,1190,308.0,1110.0,307,1107,N,23508
69,4,29,Molecular Biology (Splice-junction Gene Sequences),2552,3,N,1,select_coverage,1.0,DAC,452,1455,,,389,1300,EI,11276
69,4,29,Molecular Biology (Splice-junction Gene Sequences),2552,3,N,1,select_coverage,1.0,exact,452,1455,389.0,1300.0,387,1294,EI,28668
69,4,29,Molecular Biology (Splice-junction Gene Sequences),2552,3,N,1,select_coverage,2.0,DAC,821,2765,,,690,2419,EI,20944
69,4,29,Molecular Biology (Splice-junction Gene Sequences),2552,3,N,1,select_coverage,2.0,exact,821,2765,690.0,2419.0,685,2404,EI,52456
69,4,29,Molecular Biology (Splice-junction Gene Sequences),2552,3,N,1,select_coverage,3.0,DAC,1137,3885,,,956,3409,EI,29216
69,4,29,Molecular Biology (Splice-junction Gene Sequences),2552,3,N,1,select_coverage,3.0,exact,1137,3885,956.0,3409.0,943,3370,EI,73272
69,4,29,Molecular Biology (Splice-junction Gene Sequences),2552,3,N,1,select_coverage,4.0,DAC,1485,5153,,,1255,4538,EI,38464
69,4,29,Molecular Biology (Splice-junction Gene Sequences),2552,3,N,1,select_coverage,4.0,exact,1485,5153,1255.0,4538.0,1242,4499,EI,96944
69,4,29,Molecular Biology (Splice-junction Gene Sequences),2552,3,N,1,select_coverage_CBA_M1,,DAC,426,1383,,,366,1234,N,10676
69,4,29,Molecular Biology (Splice-junction Gene Sequences),2552,3,N,1,select_coverage_CBA_M1,,exact,426,1383,366.0,1234.0,365,1231,EI,27128
69,4,29,Molecular Biology (Splice-junction Gene Sequences),2552,3,N,2,select_coverage,1.0,exact,452,1455,389.0,1300.0,387,1294,EI,28668
69,4,29,Molecular Biology (Splice-junction Gene Sequences),2552,3,N,2,select_coverage,2.0,exact,821,2765,690.0,2419.0,685,2404,EI,52456
69,4,29,Molecular Biology (Splice-junction Gene Sequences),2552,3,N,2,select_coverage,3.0,exact,1137,3885,956.0,3409.0,943,3370,EI,73272
69,4,29,Molecular Biology (Splice-junction Gene Sequences),2552,3,N,2,select_coverage,4.0,exact,1485,5153,1255.0,4538.0,1242,4499,EI,96944
69,4,29,Molecular Biology (Splice-junction Gene Sequences),2552,3,N,2,select_coverage_CBA_M1,,exact,268,1067,256.0,1014.0,255,1011,N,20584
69,4,31,Molecular Biology (Splice-junction Gene Sequences),2552,3,N,1,select_coverage,1.0,DAC,449,1452,,,384,1296,EI,11228
69,4,31,Molecular Biology (Splice-junction Gene Sequences),2552,3,N,1,select_coverage,1.0,exact,449,1452,384.0,1296.0,382,1290,EI,28464
69,4,31,Molecular Biology (Splice-junction Gene Sequences),2552,3,N,1,select_coverage,2.0,DAC,795,2648,,,658,2295,EI,20164
69,4,31,Molecular Biology (Splice-junction Gene Sequences),2552,3,N,1,select_coverage,2.0,exact,795,2648,658.0,2295.0,655,2286,EI,49996
69,4,31,Molecular Biology (Splice-junction Gene Sequences),2552,3,N,1,select_coverage,3.0,DAC,1122,3816,,,935,3332,EI,28760
69,4,31,Molecular Biology (Splice-junction Gene Sequences),2552,3,N,1,select_coverage,3.0,exact,1122,3816,935.0,3332.0,928,3311,EI,71780
69,4,31,Molecular Biology (Splice-junction Gene Sequences),2552,3,N,1,select_coverage,4.0,DAC,1449,5034,,,1220,4423,EI,37556
69,4,31,Molecular Biology (Splice-junction Gene Sequences),2552,3,N,1,select_coverage,4.0,exact,1449,5034,1220.0,4423.0,1208,4387,EI,94440
69,4,31,Molecular Biology (Splice-junction Gene Sequences),2552,3,N,1,select_coverage_CBA_M1,,DAC,432,1405,,,370,1255,N,10836
69,4,31,Molecular Biology (Splice-junction Gene Sequences),2552,3,N,1,select_coverage_CBA_M1,,exact,432,1405,370.0,1255.0,368,1249,EI,27500
69,4,31,Molecular Biology (Splice-junction Gene Sequences),2552,3,N,2,select_coverage,1.0,exact,449,1452,384.0,1296.0,382,1290,EI,28464
69,4,31,Molecular Biology (Splice-junction Gene Sequences),2552,3,N,2,select_coverage,2.0,exact,795,2648,658.0,2295.0,655,2286,EI,49996
69,4,31,Molecular Biology (Splice-junction Gene Sequences),2552,3,N,2,select_coverage,3.0,exact,1122,3816,935.0,3332.0,928,3311,EI,71780
69,4,31,Molecular Biology (Splice-junction Gene Sequences),2552,3,N,2,select_coverage,4.0,exact,1449,5034,1220.0,4423.0,1208,4387,EI,94440
69,4,31,Molecular Biology (Splice-junction Gene Sequences),2552,3,N,2,select_coverage_CBA_M1,,exact,277,1091,264.0,1039.0,264,1039,N,21148
69,4,34,Molecular Biology (Splice-junction Gene Sequences),2552,3,N,1,select_coverage,1.0,DAC,446,1424,,,383,1281,N,11080
69,4,34,Molecular Biology (Splice-junction Gene Sequences),2552,3,N,1,select_coverage,1.0,exact,446,1424,383.0,1281.0,381,1275,N,28200
69,4,34,Molecular Biology (Splice-junction Gene Sequences),2552,3,N,1,select_coverage,2.0,DAC,795,2671,,,678,2405,EI,20256
69,4,34,Molecular Biology (Splice-junction Gene Sequences),2552,3,N,1,select_coverage,2.0,exact,795,2671,678.0,2405.0,674,2393,N,51596
69,4,34,Molecular Biology (Splice-junction Gene Sequences),2552,3,N,1,select_coverage,3.0,DAC,1152,3950,,,972,3513,EI,29656
69,4,34,Molecular Biology (Splice-junction Gene Sequences),2552,3,N,1,select_coverage,3.0,exact,1152,3950,972.0,3513.0,965,3492,N,74948
69,4,34,Molecular Biology (Splice-junction Gene Sequences),2552,3,N,1,select_coverage,4.0,DAC,1492,5230,,,1279,4688,EI,38856
69,4,34,Molecular Biology (Splice-junction Gene Sequences),2552,3,N,1,select_coverage,4.0,exact,1492,5230,1279.0,4688.0,1270,4661,N,99268
69,4,34,Molecular Biology (Splice-junction Gene Sequences),2552,3,N,1,select_coverage_CBA_M1,,DAC,438,1398,,,375,1255,N,10880
69,4,34,Molecular Biology (Splice-junction Gene Sequences),2552,3,N,1,select_coverage_CBA_M1,,exact,438,1398,375.0,1255.0,373,1249,EI,27632
69,4,34,Molecular Biology (Splice-junction Gene Sequences),2552,3,N,2,select_coverage,1.0,exact,446,1424,383.0,1281.0,381,1275,N,28200
69,4,34,Molecular Biology (Splice-junction Gene Sequences),2552,3,N,2,select_coverage,2.0,exact,795,2671,678.0,2405.0,674,2393,N,51596
69,4,34,Molecular Biology (Splice-junction Gene Sequences),2552,3,N,2,select_coverage,3.0,exact,1152,3950,972.0,3513.0,965,3492,N,74948
69,4,34,Molecular Biology (Splice-junction Gene Sequences),2552,3,N,2,select_coverage,4.0,exact,1492,5230,1279.0,4688.0,1270,4661,N,99268
69,4,34,Molecular Biology (Splice-junction Gene Sequences),2552,3,N,2,select_coverage_CBA_M1,,exact,322,1146,301.0,1087.0,301,1087,N,22936
69,4,42,Molecular Biology (Splice-junction Gene Sequences),2552,3,N,1,select_coverage,1.0,DAC,446,1402,,,384,1255,EI,10992
69,4,42,Molecular Biology (Splice-junction Gene Sequences),2552,3,N,1,select_coverage,1.0,exact,446,1402,384.0,1255.0,383,1252,EI,27948
69,4,42,Molecular Biology (Splice-junction Gene Sequences),2552,3,N,1,select_coverage,2.0,DAC,781,2538,,,652,2222,EI,19556
69,4,42,Molecular Biology (Splice-junction Gene Sequences),2552,3,N,1,select_coverage,2.0,exact,781,2538,652.0,2222.0,649,2213,EI,48780
69,4,42,Molecular Biology (Splice-junction Gene Sequences),2552,3,N,1,select_coverage,3.0,DAC,1118,3738,,,945,3311,EI,28400
69,4,42,Molecular Biology (Splice-junction Gene Sequences),2552,3,N,1,select_coverage,3.0,exact,1118,3738,945.0,3311.0,937,3287,EI,71608
69,4,42,Molecular Biology (Splice-junction Gene Sequences),2552,3,N,1,select_coverage,4.0,DAC,1452,4949,,,1236,4407,EI,37252
69,4,42,Molecular Biology (Splice-junction Gene Sequences),2552,3,N,1,select_coverage,4.0,exact,1452,4949,1236.0,4407.0,1227,4380,EI,94520
69,4,42,Molecular Biology (Splice-junction Gene Sequences),2552,3,N,1,select_coverage_CBA_M1,,DAC,436,1370,,,374,1223,N,10744
69,4,42,Molecular Biology (Splice-junction Gene Sequences),2552,3,N,1,select_coverage_CBA_M1,,exact,436,1370,374.0,1223.0,374,1223,EI,27256
69,4,42,Molecular Biology (Splice-junction Gene Sequences),2552,3,N,2,select_coverage,1.0,exact,446,1402,384.0,1255.0,383,1252,EI,27948
69,4,42,Molecular Biology (Splice-junction Gene Sequences),2552,3,N,2,select_coverage,2.0,exact,781,2538,652.0,2222.0,649,2213,EI,48780
69,4,42,Molecular Biology (Splice-junction Gene Sequences),2552,3,N,2,select_coverage,3.0,exact,1118,3738,945.0,3311.0,937,3287,EI,71608
69,4,42,Molecular Biology (Splice-junction Gene Sequences),2552,3,N,2,select_coverage,4.0,exact,1452,4949,1236.0,4407.0,1227,4380,EI,94520
69,4,42,Molecular Biology (Splice-junction Gene Sequences),2552,3,N,2,select_coverage_CBA_M1,,exact,319,1125,292.0,1048.0,292,1048,EI,22252
69,4,49,Molecular Biology (Splice-junction Gene Sequences),2552,3,N,1,select_coverage,1.0,DAC,453,1465,,,399,1329,N,11328
69,4,49,Molecular Biology (Splice-junction Gene Sequences),2552,3,N,1,select_coverage,1.0,exact,453,1465,399.0,1329.0,396,1320,EI,29248
69,4,49,Molecular Biology (Splice-junction Gene Sequences),2552,3,N,1,select_coverage,2.0,DAC,787,2660,,,683,2391,N,20116
69,4,49,Molecular Biology (Splice-junction Gene Sequences),2552,3,N,1,select_coverage,2.0,exact,787,2660,683.0,2391.0,678,2376,EI,51588
69,4,49,Molecular Biology (Splice-junction Gene Sequences),2552,3,N,1,select_coverage,3.0,DAC,1148,3940,,,981,3500,N,29568
69,4,49,Molecular Biology (Splice-junction Gene Sequences),2552,3,N,1,select_coverage,3.0,exact,1148,3940,981.0,3500.0,974,3479,EI,75092
69,4,49,Molecular Biology (Splice-junction Gene Sequences),2552,3,N,1,select_coverage,4.0,DAC,1492,5177,,,1286,4625,N,38644
69,4,49,Molecular Biology (Splice-junction Gene Sequences),2552,3,N,1,select_coverage,4.0,exact,1492,5177,1286.0,4625.0,1278,4601,EI,98788
69,4,49,Molecular Biology (Splice-junction Gene Sequences),2552,3,N,1,select_coverage_CBA_M1,,DAC,450,1456,,,396,1320,N,11256
69,4,49,Molecular Biology (Splice-junction Gene Sequences),2552,3,N,1,select_coverage_CBA_M1,,exact,450,1456,396.0,1320.0,394,1314,EI,29056
69,4,49,Molecular Biology (Splice-junction Gene Sequences),2552,3,N,2,select_coverage,1.0,exact,453,1465,399.0,1329.0,396,1320,EI,29248
69,4,49,Molecular Biology (Splice-junction Gene Sequences),2552,3,N,2,select_coverage,2.0,exact,787,2660,683.0,2391.0,678,2376,EI,51588
69,4,49,Molecular Biology (Splice-junction Gene Sequences),2552,3,N,2,select_coverage,3.0,exact,1148,3940,981.0,3500.0,974,3479,EI,75092
69,4,49,Molecular Biology (Splice-junction Gene Sequences),2552,3,N,2,select_coverage,4.0,exact,1492,5177,1286.0,4625.0,1278,4601,EI,98788
69,4,49,Molecular Biology (Splice-junction Gene Sequences),2552,3,N,2,select_coverage_CBA_M1,,exact,291,1124,279.0,1072.0,279,1072,N,22024
69,4,63,Molecular Biology (Splice-junction Gene Sequences),2552,3,N,1,select_coverage,1.0,DAC,463,1504,,,409,1378,N,11604
69,4,63,Molecular Biology (Splice-junction Gene Sequences),2552,3,N,1,select_coverage,1.0,exact,463,1504,409.0,1378.0,406,1370,N,30120
69,4,63,Molecular Biology (Splice-junction Gene Sequences),2552,3,N,1,select_coverage,2.0,DAC,806,2682,,,691,2404,EI,20432
69,4,63,Molecular Biology (Splice-junction Gene Sequences),2552,3,N,1,select_coverage,2.0,exact,806,2682,691.0,2404.0,686,2390,N,52040
69,4,63,Molecular Biology (Splice-junction Gene Sequences),2552,3,N,1,select_coverage,3.0,DAC,1144,3886,,,978,3478,EI,29304
69,4,63,Molecular Biology (Splice-junction Gene Sequences),2552,3,N,1,select_coverage,3.0,exact,1144,3886,978.0,3478.0,971,3458,N,74608
69,4,63,Molecular Biology (Splice-junction Gene Sequences),2552,3,N,1,select_coverage,4.0,DAC,1487,5132,,,1277,4609,EI,38404
69,4,63,Molecular Biology (Splice-junction Gene Sequences),2552,3,N,1,select_coverage,4.0,exact,1487,5132,1277.0,4609.0,1264,4571,N,98136
69,4,63,Molecular Biology (Splice-junction Gene Sequences),2552,3,N,1,select_coverage_CBA_M1,,DAC,445,1452,,,393,1330,N,11180
69,4,63,Molecular Biology (Splice-junction Gene Sequences),2552,3,N,1,select_coverage_CBA_M1,,exact,445,1452,393.0,1330.0,390,1322,EI,29016
69,4,63,Molecular Biology (Splice-junction Gene Sequences),2552,3,N,2,select_coverage,1.0,exact,463,1504,409.0,1378.0,406,1370,N,30120
69,4,63,Molecular Biology (Splice-junction Gene Sequences),2552,3,N,2,select_coverage,2.0,exact,806,2682,691.0,2404.0,686,2390,N,52040
69,4,63,Molecular Biology (Splice-junction Gene Sequences),2552,3,N,2,select_coverage,3.0,exact,1144,3886,978.0,3478.0,971,3458,N,74608
69,4,63,Molecular Biology (Splice-junction Gene Sequences),2552,3,N,2,select_coverage,4.0,exact,1487,5132,1277.0,4609.0,1264,4571,N,98136
69,4,63,Molecular Biology (Splice-junction Gene Sequences),2552,3,N,2,select_coverage_CBA_M1,,exact,299,1151,287.0,1109.0,287,1109,N,22684
69,4,64,Molecular Biology (Splice-junction Gene Sequences),2552,3,N,1,select_coverage,1.0,DAC,462,1478,,,400,1334,N,11488
69,4,64,Molecular Biology (Splice-junction Gene Sequences),2552,3,N,1,select_coverage,1.0,exact,462,1478,400.0,1334.0,398,1328,N,29384
69,4,64,Molecular Biology (Splice-junction Gene Sequences),2552,3,N,1,select_coverage,2.0,DAC,826,2753,,,705,2459,N,20956
69,4,64,Molecular Biology (Splice-junction Gene Sequences),2552,3,N,1,select_coverage,2.0,exact,826,2753,705.0,2459.0,699,2441,N,53196
69,4,64,Molecular Biology (Splice-junction Gene Sequences),2552,3,N,1,select_coverage,3.0,DAC,1185,4057,,,1015,3625,N,30480
69,4,64,Molecular Biology (Splice-junction Gene Sequences),2552,3,N,1,select_coverage,3.0,exact,1185,4057,1015.0,3625.0,1001,3583,N,77564
69,4,64,Molecular Biology (Splice-junction Gene Sequences),2552,3,N,1,select_coverage,4.0,DAC,1522,5296,,,1317,4756,N,39480
69,4,64,Molecular Biology (Splice-junction Gene Sequences),2552,3,N,1,select_coverage,4.0,exact,1522,5296,1317.0,4756.0,1291,4678,N,101088
69,4,64,Molecular Biology (Splice-junction Gene Sequences),2552,3,N,1,select_coverage_CBA_M1,,DAC,447,1432,,,385,1288,N,11124
69,4,64,Molecular Biology (Splice-junction Gene Sequences),2552,3,N,1,select_coverage_CBA_M1,,exact,447,1432,385.0,1288.0,383,1282,N,28352
69,4,64,Molecular Biology (Splice-junction Gene Sequences),2552,3,N,2,select_coverage,1.0,exact,462,1478,400.0,1334.0,398,1328,N,29384
69,4,64,Molecular Biology (Splice-junction Gene Sequences),2552,3,N,2,select_coverage,2.0,exact,826,2753,705.0,2459.0,699,2441,N,53196
69,4,64,Molecular Biology (Splice-junction Gene Sequences),2552,3,N,2,select_coverage,3.0,exact,1185,4057,1015.0,3625.0,1001,3583,N,77564
69,4,64,Molecular Biology (Splice-junction Gene Sequences),2552,3,N,2,select_coverage,4.0,exact,1522,5296,1317.0,4756.0,1291,4678,N,101088
69,4,64,Molecular Biology (Splice-junction Gene Sequences),2552,3,N,2,select_coverage_CBA_M1,,exact,269,1059,260.0,1021.0,260,1021,N,20748
69,4,65,Molecular Biology (Splice-junction Gene Sequences),2552,3,N,1,select_coverage,1.0,DAC,441,1395,,,388,1262,EI,10904
69,4,65,Molecular Biology (Splice-junction Gene Sequences),2552,3,N,1,select_coverage,1.0,exact,441,1395,388.0,1262.0,388,1262,EI,28116
69,4,65,Molecular Biology (Splice-junction Gene Sequences),2552,3,N,1,select_coverage,2.0,DAC,783,2586,,,669,2292,EI,19772
69,4,65,Molecular Biology (Splice-junction Gene Sequences),2552,3,N,1,select_coverage,2.0,exact,783,2586,669.0,2292.0,668,2289,EI,50100
69,4,65,Molecular Biology (Splice-junction Gene Sequences),2552,3,N,1,select_coverage,3.0,DAC,1104,3703,,,932,3258,EI,28092
69,4,65,Molecular Biology (Splice-junction Gene Sequences),2552,3,N,1,select_coverage,3.0,exact,1104,3703,932.0,3258.0,930,3252,EI,70700
69,4,65,Molecular Biology (Splice-junction Gene Sequences),2552,3,N,1,select_coverage,4.0,DAC,1418,4852,,,1209,4307,EI,36456
69,4,65,Molecular Biology (Splice-junction Gene Sequences),2552,3,N,1,select_coverage,4.0,exact,1418,4852,1209.0,4307.0,1200,4280,EI,92468
69,4,65,Molecular Biology (Splice-junction Gene Sequences),2552,3,N,1,select_coverage_CBA_M1,,DAC,431,1364,,,378,1231,N,10660
69,4,65,Molecular Biology (Splice-junction Gene Sequences),2552,3,N,1,select_coverage_CBA_M1,,exact,431,1364,378.0,1231.0,378,1231,EI,27424
69,4,65,Molecular Biology (Splice-junction Gene Sequences),2552,3,N,2,select_coverage,1.0,exact,441,1395,388.0,1262.0,388,1262,EI,28116
69,4,65,Molecular Biology (Splice-junction Gene Sequences),2552,3,N,2,select_coverage,2.0,exact,783,2586,669.0,2292.0,668,2289,EI,50100
69,4,65,Molecular Biology (Splice-junction Gene Sequences),2552,3,N,2,select_coverage,3.0,exact,1104,3703,932.0,3258.0,930,3252,EI,70700
69,4,65,Molecular Biology (Splice-junction Gene Sequences),2552,3,N,2,select_coverage,4.0,exact,1418,4852,1209.0,4307.0,1200,4280,EI,92468
69,4,65,Molecular Biology (Splice-junction Gene Sequences),2552,3,N,2,select_coverage_CBA_M1,,exact,281,1056,267.0,1001.0,267,1001,N,20800
69,4,68,Molecular Biology (Splice-junction Gene Sequences),2552,3,N,1,select_coverage,1.0,DAC,453,1455,,,392,1304,N,11288
69,4,68,Molecular Biology (Splice-junction Gene Sequences),2552,3,N,1,select_coverage,1.0,exact,453,1455,392.0,1304.0,391,1301,N,28808
69,4,68,Molecular Biology (Splice-junction Gene Sequences),2552,3,N,1,select_coverage,2.0,DAC,799,2633,,,674,2322,EI,20152
69,4,68,Molecular Biology (Splice-junction Gene Sequences),2552,3,N,1,select_coverage,2.0,exact,799,2633,674.0,2322.0,673,2319,N,50688
69,4,68,Molecular Biology (Splice-junction Gene Sequences),2552,3,N,1,select_coverage,3.0,DAC,1118,3767,,,958,3363,EI,28516
69,4,68,Molecular Biology (Splice-junction Gene Sequences),2552,3,N,1,select_coverage,3.0,exact,1118,3767,958.0,3363.0,955,3354,N,72616
69,4,68,Molecular Biology (Splice-junction Gene Sequences),2552,3,N,1,select_coverage,4.0,DAC,1445,4914,,,1236,4370,EI,37028
69,4,68,Molecular Biology (Splice-junction Gene Sequences),2552,3,N,1,select_coverage,4.0,exact,1445,4914,1236.0,4370.0,1231,4355,N,94132
69,4,68,Molecular Biology (Splice-junction Gene Sequences),2552,3,N,1,select_coverage_CBA_M1,,DAC,432,1392,,,373,1245,N,10784
69,4,68,Molecular Biology (Splice-junction Gene Sequences),2552,3,N,1,select_coverage_CBA_M1,,exact,432,1392,373.0,1245.0,373,1245,EI,27488
69,4,68,Molecular Biology (Splice-junction Gene Sequences),2552,3,N,2,select_coverage,1.0,exact,453,1455,392.0,1304.0,391,1301,N,28808
69,4,68,Molecular Biology (Splice-junction Gene Sequences),2552,3,N,2,select_coverage,2.0,exact,799,2633,674.0,2322.0,673,2319,N,50688
69,4,68,Molecular Biology (Splice-junction Gene Sequences),2552,3,N,2,select_coverage,3.0,exact,1118,3767,958.0,3363.0,955,3354,N,72616
69,4,68,Molecular Biology (Splice-junction Gene Sequences),2552,3,N,2,select_coverage,4.0,exact,1445,4914,1236.0,4370.0,1231,4355,N,94132
69,4,68,Molecular Biology (Splice-junction Gene Sequences),2552,3,N,2,select_coverage_CBA_M1,,exact,268,1052,254.0,995.0,254,995,N,20320
69,4,74,Molecular Biology (Splice-junction Gene Sequences),2552,3,N,1,select_coverage,1.0,DAC,459,1461,,,392,1314,EI,11384
69,4,74,Molecular Biology (Splice-junction Gene Sequences),2552,3,N,1,select_coverage,1.0,exact,459,1461,392.0,1314.0,392,1314,EI,28924
69,4,74,Molecular Biology (Splice-junction Gene Sequences),2552,3,N,1,select_coverage,2.0,DAC,772,2549,,,644,2245,EI,19492
69,4,74,Molecular Biology (Splice-junction Gene Sequences),2552,3,N,1,select_coverage,2.0,exact,772,2549,644.0,2245.0,643,2242,EI,48776
69,4,74,Molecular Biology (Splice-junction Gene Sequences),2552,3,N,1,select_coverage,3.0,DAC,1104,3741,,,933,3318,EI,28244
69,4,74,Molecular Biology (Splice-junction Gene Sequences),2552,3,N,1,select_coverage,3.0,exact,1104,3741,933.0,3318.0,929,3306,EI,71340
69,4,74,Molecular Biology (Splice-junction Gene Sequences),2552,3,N,1,select_coverage,4.0,DAC,1452,4986,,,1240,4447,EI,37400
69,4,74,Molecular Biology (Splice-junction Gene Sequences),2552,3,N,1,select_coverage,4.0,exact,1452,4986,1240.0,4447.0,1225,4402,EI,95044
69,4,74,Molecular Biology (Splice-junction Gene Sequences),2552,3,N,1,select_coverage_CBA_M1,,DAC,455,1447,,,388,1300,N,11280
69,4,74,Molecular Biology (Splice-junction Gene Sequences),2552,3,N,1,select_coverage_CBA_M1,,exact,455,1447,388.0,1300.0,388,1300,N,28628
69,4,74,Molecular Biology (Splice-junction Gene Sequences),2552,3,N,2,select_coverage,1.0,exact,459,1461,392.0,1314.0,392,1314,EI,28924
69,4,74,Molecular Biology (Splice-junction Gene Sequences),2552,3,N,2,select_coverage,2.0,exact,772,2549,644.0,2245.0,643,2242,EI,48776
69,4,74,Molecular Biology (Splice-junction Gene Sequences),2552,3,N,2,select_coverage,3.0,exact,1104,3741,933.0,3318.0,929,3306,EI,71340
69,4,74,Molecular Biology (Splice-junction Gene Sequences),2552,3,N,2,select_coverage,4.0,exact,1452,4986,1240.0,4447.0,1225,4402,EI,95044
69,4,74,Molecular Biology (Splice-junction Gene Sequences),2552,3,N,2,select_coverage_CBA_M1,,exact,291,1100,280.0,1065.0,280,1065,N,21904
69,4,76,Molecular Biology (Splice-junction Gene Sequences),2552,3,N,1,select_coverage,1.0,DAC,460,1486,,,403,1342,N,11496
69,4,76,Molecular Biology (Splice-junction Gene Sequences),2552,3,N,1,select_coverage,1.0,exact,460,1486,403.0,1342.0,400,1333,N,29564
69,4,76,Molecular Biology (Splice-junction Gene Sequences),2552,3,N,1,select_coverage,2.0,DAC,815,2742,,,695,2436,N,20780
69,4,76,Molecular Biology (Splice-junction Gene Sequences),2552,3,N,1,select_coverage,2.0,exact,815,2742,695.0,2436.0,689,2418,N,52648
69,4,76,Molecular Biology (Splice-junction Gene Sequences),2552,3,N,1,select_coverage,3.0,DAC,1151,3945,,,980,3505,N,29624
69,4,76,Molecular Biology (Splice-junction Gene Sequences),2552,3,N,1,select_coverage,3.0,exact,1151,3945,980.0,3505.0,972,3481,N,75108
69,4,76,Molecular Biology (Splice-junction Gene Sequences),2552,3,N,1,select_coverage,4.0,DAC,1506,5234,,,1298,4698,N,39040
69,4,76,Molecular Biology (Splice-junction Gene Sequences),2552,3,N,1,select_coverage,4.0,exact,1506,5234,1298.0,4698.0,1288,4668,N,99960
69,4,76,Molecular Biology (Splice-junction Gene Sequences),2552,3,N,1,select_coverage_CBA_M1,,DAC,444,1438,,,387,1294,N,11112
69,4,76,Molecular Biology (Splice-junction Gene Sequences),2552,3,N,1,select_coverage_CBA_M1,,exact,444,1438,387.0,1294.0,385,1288,N,28488
69,4,76,Molecular Biology (Splice-junction Gene Sequences),2552,3,N,2,select_coverage,1.0,exact,460,1486,403.0,1342.0,400,1333,N,29564
69,4,76,Molecular Biology (Splice-junction Gene Sequences),2552,3,N,2,select_coverage,2.0,exact,815,2742,695.0,2436.0,689,2418,N,52648
69,4,76,Molecular Biology (Splice-junction Gene Sequences),2552,3,N,2,select_coverage,3.0,exact,1151,3945,980.0,3505.0,972,3481,N,75108
69,4,76,Molecular Biology (Splice-junction Gene Sequences),2552,3,N,2,select_coverage,4.0,exact,1506,5234,1298.0,4698.0,1288,4668,N,99960
69,4,76,Molecular Biology (Splice-junction Gene Sequences),2552,3,N,2,select_coverage_CBA_M1,,exact,265,1068,252.0,1012.0,252,1012,N,20456
69,4,100,Molecular Biology (Splice-junction Gene Sequences),2552,3,N,1,select_coverage,1.0,DAC,460,1489,,,402,1349,N,11508
69,4,100,Molecular Biology (Splice-junction Gene Sequences),2552,3,N,1,select_coverage,1.0,exact,460,1489,402.0,1349.0,401,1346,N,29624
69,4,100,Molecular Biology (Splice-junction Gene Sequences),2552,3,N,1,select_coverage,2.0,DAC,795,2639,,,681,2356,N,20128
69,4,100,Molecular Biology (Splice-junction Gene Sequences),2552,3,N,1,select_coverage,2.0,exact,795,2639,681.0,2356.0,677,2344,N,51172
69,4,100,Molecular Biology (Splice-junction Gene Sequences),2552,3,N,1,select_coverage,3.0,DAC,1126,3842,,,961,3424,N,28912
69,4,100,Molecular Biology (Splice-junction Gene Sequences),2552,3,N,1,select_coverage,3.0,exact,1126,3842,961.0,3424.0,951,3394,N,73416
69,4,100,Molecular Biology (Splice-junction Gene Sequences),2552,3,N,1,select_coverage,4.0,DAC,1458,5060,,,1249,4513,N,37768
69,4,100,Molecular Biology (Splice-junction Gene Sequences),2552,3,N,1,select_coverage,4.0,exact,1458,5060,1249.0,4513.0,1232,4462,N,96132
69,4,100,Molecular Biology (Splice-junction Gene Sequences),2552,3,N,1,select_coverage_CBA_M1,,DAC,440,1430,,,383,1292,N,11032
69,4,100,Molecular Biology (Splice-junction Gene Sequences),2552,3,N,1,select_coverage_CBA_M1,,exact,440,1430,383.0,1292.0,382,1289,N,28324
69,4,100,Molecular Biology (Splice-junction Gene Sequences),2552,3,N,2,select_coverage,1.0,exact,460,1489,402.0,1349.0,401,1346,N,29624
69,4,100,Molecular Biology (Splice-junction Gene Sequences),2552,3,N,2,select_coverage,2.0,exact,795,2639,681.0,2356.0,677,2344,N,51172
69,4,100,Molecular Biology (Splice-junction Gene Sequences),2552,3,N,2,select_coverage,3.0,exact,1126,3842,961.0,3424.0,951,3394,N,73416
69,4,100,Molecular Biology (Splice-junction Gene Sequences),2552,3,N,2,select_coverage,4.0,exact,1458,5060,1249.0,4513.0,1232,4462,N,96132
69,4,100,Molecular Biology (Splice-junction Gene Sequences),2552,3,N,2,select_coverage_CBA_M1,,exact,235,1005,226.0,963.0,226,963,N,18980
69,4,114,Molecular Biology (Splice-junction Gene Sequences),2552,3,N,1,select_coverage,1.0,DAC,452,1459,,,393,1317,EI,11292
69,4,114,Molecular Biology (Splice-junction Gene Sequences),2552,3,N,1,select_coverage,1.0,exact,452,1459,393.0,1317.0,392,1314,EI,28960
69,4,114,Molecular Biology (Splice-junction Gene Sequences),2552,3,N,1,select_coverage,2.0,DAC,804,2715,,,688,2416,EI,20540
69,4,114,Molecular Biology (Splice-junction Gene Sequences),2552,3,N,1,select_coverage,2.0,exact,804,2715,688.0,2416.0,685,2407,EI,52192
69,4,114,Molecular Biology (Splice-junction Gene Sequences),2552,3,N,1,select_coverage,3.0,DAC,1146,3953,,,981,3519,EI,29596
69,4,114,Molecular Biology (Splice-junction Gene Sequences),2552,3,N,1,select_coverage,3.0,exact,1146,3953,981.0,3519.0,973,3495,EI,75284
69,4,114,Molecular Biology (Splice-junction Gene Sequences),2552,3,N,1,select_coverage,4.0,DAC,1486,5192,,,1273,4622,EI,38632
69,4,114,Molecular Biology (Splice-junction Gene Sequences),2552,3,N,1,select_coverage,4.0,exact,1486,5192,1273.0,4622.0,1260,4583,EI,98348
69,4,114,Molecular Biology (Splice-junction Gene Sequences),2552,3,N,1,select_coverage_CBA_M1,,DAC,437,1415,,,379,1275,N,10936
69,4,114,Molecular Biology (Splice-junction Gene Sequences),2552,3,N,1,select_coverage_CBA_M1,,exact,437,1415,379.0,1275.0,379,1275,EI,28012
69,4,114,Molecular Biology (Splice-junction Gene Sequences),2552,3,N,2,select_coverage,1.0,exact,452,1459,393.0,1317.0,392,1314,EI,28960
69,4,114,Molecular Biology (Splice-junction Gene Sequences),2552,3,N,2,select_coverage,2.0,exact,804,2715,688.0,2416.0,685,2407,EI,52192
69,4,114,Molecular Biology (Splice-junction Gene Sequences),2552,3,N,2,select_coverage,3.0,exact,1146,3953,981.0,3519.0,973,3495,EI,75284
69,4,114,Molecular Biology (Splice-junction Gene Sequences),2552,3,N,2,select_coverage,4.0,exact,1486,5192,1273.0,4622.0,1260,4583,EI,98348
69,4,114,Molecular Biology (Splice-junction Gene Sequences),2552,3,N,2,select_coverage_CBA_M1,,exact,320,1172,298.0,1104.0,298,1104,N,23080
69,4,133,Molecular Biology (Splice-junction Gene Sequences),2552,3,N,1,select_coverage,1.0,DAC,452,1438,,,384,1267,N,11208
69,4,133,Molecular Biology (Splice-junction Gene Sequences),2552,3,N,1,select_coverage,1.0,exact,452,1438,384.0,1267.0,382,1261,N,28176
69,4,133,Molecular Biology (Splice-junction Gene Sequences),2552,3,N,1,select_coverage,2.0,DAC,803,2654,,,677,2336,N,20284
69,4,133,Molecular Biology (Splice-junction Gene Sequences),2552,3,N,1,select_coverage,2.0,exact,803,2654,677.0,2336.0,671,2318,N,50920
69,4,133,Molecular Biology (Splice-junction Gene Sequences),2552,3,N,1,select_coverage,3.0,DAC,1142,3871,,,966,3423,N,29220
69,4,133,Molecular Biology (Splice-junction Gene Sequences),2552,3,N,1,select_coverage,3.0,exact,1142,3871,966.0,3423.0,954,3387,N,73660
69,4,133,Molecular Biology (Splice-junction Gene Sequences),2552,3,N,1,select_coverage,4.0,DAC,1499,5161,,,1271,4566,N,38664
69,4,133,Molecular Biology (Splice-junction Gene Sequences),2552,3,N,1,select_coverage,4.0,exact,1499,5161,1271.0,4566.0,1257,4524,N,97700
69,4,133,Molecular Biology (Splice-junction Gene Sequences),2552,3,N,1,select_coverage_CBA_M1,,DAC,438,1398,,,371,1229,N,10880
69,4,133,Molecular Biology (Splice-junction Gene Sequences),2552,3,N,1,select_coverage_CBA_M1,,exact,438,1398,371.0,1229.0,371,1229,N,27320
69,4,133,Molecular Biology (Splice-junction Gene Sequences),2552,3,N,2,select_coverage,1.0,exact,452,1438,384.0,1267.0,382,1261,N,28176
69,4,133,Molecular Biology (Splice-junction Gene Sequences),2552,3,N,2,select_coverage,2.0,exact,803,2654,677.0,2336.0,671,2318,N,50920
69,4,133,Molecular Biology (Splice-junction Gene Sequences),2552,3,N,2,select_coverage,3.0,exact,1142,3871,966.0,3423.0,954,3387,N,73660
69,4,133,Molecular Biology (Splice-junction Gene Sequences),2552,3,N,2,select_coverage,4.0,exact,1499,5161,1271.0,4566.0,1257,4524,N,97700
69,4,133,Molecular Biology (Splice-junction Gene Sequences),2552,3,N,2,select_coverage_CBA_M1,,exact,234,964,220.0,901.0,220,901,N,18128
69,4,138,Molecular Biology (Splice-junction Gene Sequences),2552,3,N,1,select_coverage,1.0,DAC,441,1402,,,377,1249,N,10932
69,4,138,Molecular Biology (Splice-junction Gene Sequences),2552,3,N,1,select_coverage,1.0,exact,441,1402,377.0,1249.0,375,1243,N,27664
69,4,138,Molecular Biology (Splice-junction Gene Sequences),2552,3,N,1,select_coverage,2.0,DAC,771,2595,,,647,2284,N,19664
69,4,138,Molecular Biology (Splice-junction Gene Sequences),2552,3,N,1,select_coverage,2.0,exact,771,2595,647.0,2284.0,642,2269,N,49320
69,4,138,Molecular Biology (Splice-junction Gene Sequences),2552,3,N,1,select_coverage,3.0,DAC,1114,3820,,,930,3344,N,28680
69,4,138,Molecular Biology (Splice-junction Gene Sequences),2552,3,N,1,select_coverage,3.0,exact,1114,3820,930.0,3344.0,924,3326,N,71744
69,4,138,Molecular Biology (Splice-junction Gene Sequences),2552,3,N,1,select_coverage,4.0,DAC,1449,5046,,,1230,4471,N,37604
69,4,138,Molecular Biology (Splice-junction Gene Sequences),2552,3,N,1,select_coverage,4.0,exact,1449,5046,1230.0,4471.0,1217,4432,N,95180
69,4,138,Molecular Biology (Splice-junction Gene Sequences),2552,3,N,1,select_coverage_CBA_M1,,DAC,431,1372,,,367,1219,N,10692
69,4,138,Molecular Biology (Splice-junction Gene Sequences),2552,3,N,1,select_coverage_CBA_M1,,exact,431,1372,367.0,1219.0,367,1219,N,27008
69,4,138,Molecular Biology (Splice-junction Gene Sequences),2552,3,N,2,select_coverage,1.0,exact,441,1402,377.0,1249.0,375,1243,N,27664
69,4,138,Molecular Biology (Splice-junction Gene Sequences),2552,3,N,2,select_coverage,2.0,exact,771,2595,647.0,2284.0,642,2269,N,49320
69,4,138,Molecular Biology (Splice-junction Gene Sequences),2552,3,N,2,select_coverage,3.0,exact,1114,3820,930.0,3344.0,924,3326,N,71744
69,4,138,Molecular Biology (Splice-junction Gene Sequences),2552,3,N,2,select_coverage,4.0,exact,1449,5046,1230.0,4471.0,1217,4432,N,95180
69,4,138,Molecular Biology (Splice-junction Gene Sequences),2552,3,N,2,select_coverage_CBA_M1,,exact,212,918,202.0,873.0,202,873,N,17144
69,4,148,Molecular Biology (Splice-junction Gene Sequences),2552,3,N,1,select_coverage,1.0,DAC,462,1493,,,400,1346,N,11548
69,4,148,Molecular Biology (Splice-junction Gene Sequences),2552,3,N,1,select_coverage,1.0,exact,462,1493,400.0,1346.0,399,1343,N,29552
69,4,148,Molecular Biology (Splice-junction Gene Sequences),2552,3,N,1,select_coverage,2.0,DAC,803,2707,,,679,2373,EI,20496
69,4,148,Molecular Biology (Splice-junction Gene Sequences),2552,3,N,1,select_coverage,2.0,exact,803,2707,679.0,2373.0,678,2370,N,51552
69,4,148,Molecular Biology (Splice-junction Gene Sequences),2552,3,N,1,select_coverage,3.0,DAC,1159,3967,,,988,3515,EI,29808
69,4,148,Molecular Biology (Splice-junction Gene Sequences),2552,3,N,1,select_coverage,3.0,exact,1159,3967,988.0,3515.0,986,3509,N,75604
69,4,148,Molecular Biology (Splice-junction Gene Sequences),2552,3,N,1,select_coverage,4.0,DAC,1473,5108,,,1265,4554,EI,38140
69,4,148,Molecular Biology (Splice-junction Gene Sequences),2552,3,N,1,select_coverage,4.0,exact,1473,5108,1265.0,4554.0,1258,4533,N,97284
69,4,148,Molecular Biology (Splice-junction Gene Sequences),2552,3,N,1,select_coverage_CBA_M1,,DAC,455,1468,,,393,1321,N,11364
69,4,148,Molecular Biology (Splice-junction Gene Sequences),2552,3,N,1,select_coverage_CBA_M1,,exact,455,1468,393.0,1321.0,392,1318,EI,29028
69,4,148,Molecular Biology (Splice-junction Gene Sequences),2552,3,N,2,select_coverage,1.0,exact,462,1493,400.0,1346.0,399,1343,N,29552
69,4,148,Molecular Biology (Splice-junction Gene Sequences),2552,3,N,2,select_coverage,2.0,exact,803,2707,679.0,2373.0,678,2370,N,51552
69,4,148,Molecular Biology (Splice-junction Gene Sequences),2552,3,N,2,select_coverage,3.0,exact,1159,3967,988.0,3515.0,986,3509,N,75604
69,4,148,Molecular Biology (Splice-junction Gene Sequences),2552,3,N,2,select_coverage,4.0,exact,1473,5108,1265.0,4554.0,1258,4533,N,97284
69,4,148,Molecular Biology (Splice-junction Gene Sequences),2552,3,N,2,select_coverage_CBA_M1,,exact,340,1222,316.0,1151.0,316,1151,N,24232
69,5,5,Molecular Biology (Splice-junction Gene Sequences),2552,3,N,1,select_coverage,1.0,DAC,498,1585,,,440,1441,N,12356
69,5,5,Molecular Biology (Splice-junction Gene Sequences),2552,3,N,1,select_coverage,1.0,exact,498,1585,440.0,1441.0,438,1434,EI,31944
69,5,5,Molecular Biology (Splice-junction Gene Sequences),2552,3,N,1,select_coverage,2.0,DAC,852,2772,,,726,2455,N,21352
69,5,5,Molecular Biology (Splice-junction Gene Sequences),2552,3,N,1,select_coverage,2.0,exact,852,2772,726.0,2455.0,723,2445,EI,53944
69,5,5,Molecular Biology (Splice-junction Gene Sequences),2552,3,N,1,select_coverage,3.0,DAC,1222,4067,,,1037,3590,N,30972
69,5,5,Molecular Biology (Splice-junction Gene Sequences),2552,3,N,1,select_coverage,3.0,exact,1222,4067,1037.0,3590.0,1023,3547,EI,78024
69,5,5,Molecular Biology (Splice-junction Gene Sequences),2552,3,N,1,select_coverage,4.0,DAC,1595,5387,,,1347,4735,N,40728
69,5,5,Molecular Biology (Splice-junction Gene Sequences),2552,3,N,1,select_coverage,4.0,exact,1595,5387,1347.0,4735.0,1326,4671,EI,102300
69,5,5,Molecular Biology (Splice-junction Gene Sequences),2552,3,N,1,select_coverage_CBA_M1,,DAC,491,1564,,,433,1420,N,12188
69,5,5,Molecular Biology (Splice-junction Gene Sequences),2552,3,N,1,select_coverage_CBA_M1,,exact,491,1564,433.0,1420.0,432,1417,EI,31484
69,5,5,Molecular Biology (Splice-junction Gene Sequences),2552,3,N,2,select_coverage,1.0,exact,498,1585,440.0,1441.0,438,1434,EI,31944
69,5,5,Molecular Biology (Splice-junction Gene Sequences),2552,3,N,2,select_coverage,2.0,exact,852,2772,726.0,2455.0,723,2445,EI,53944
69,5,5,Molecular Biology (Splice-junction Gene Sequences),2552,3,N,2,select_coverage,3.0,exact,1222,4067,1037.0,3590.0,1023,3547,EI,78024
69,5,5,Molecular Biology (Splice-junction Gene Sequences),2552,3,N,2,select_coverage,4.0,exact,1595,5387,1347.0,4735.0,1326,4671,EI,102300
69,5,5,Molecular Biology (Splice-junction Gene Sequences),2552,3,N,2,select_coverage_CBA_M1,,exact,302,1174,287.0,1116.0,287,1116,N,22832
69,5,14,Molecular Biology (Splice-junction Gene Sequences),2552,3,N,1,select_coverage,1.0,DAC,512,1589,,,451,1442,EI,12540
69,5,14,Molecular Biology (Splice-junction Gene Sequences),2552,3,N,1,select_coverage,1.0,exact,512,1589,451.0,1442.0,448,1433,EI,32312
69,5,14,Molecular Biology (Splice-junction Gene Sequences),2552,3,N,1,select_coverage,2.0,DAC,866,2749,,,738,2431,EI,21428
69,5,14,Molecular Biology (Splice-junction Gene Sequences),2552,3,N,1,select_coverage,2.0,exact,866,2749,738.0,2431.0,733,2416,EI,54024
69,5,14,Molecular Biology (Splice-junction Gene Sequences),2552,3,N,1,select_coverage,3.0,DAC,1215,3974,,,1026,3487,EI,30516
69,5,14,Molecular Biology (Splice-junction Gene Sequences),2552,3,N,1,select_coverage,3.0,exact,1215,3974,1026.0,3487.0,1016,3457,EI,76528
69,5,14,Molecular Biology (Splice-junction Gene Sequences),2552,3,N,1,select_coverage,4.0,DAC,1563,5154,,,1306,4495,EI,39412
69,5,14,Molecular Biology (Splice-junction Gene Sequences),2552,3,N,1,select_coverage,4.0,exact,1563,5154,1306.0,4495.0,1294,4459,EI,98248
69,5,14,Molecular Biology (Splice-junction Gene Sequences),2552,3,N,1,select_coverage_CBA_M1,,DAC,502,1562,,,442,1417,N,12312
69,5,14,Molecular Biology (Splice-junction Gene Sequences),2552,3,N,1,select_coverage_CBA_M1,,exact,502,1562,442.0,1417.0,440,1411,EI,31728
69,5,14,Molecular Biology (Splice-junction Gene Sequences),2552,3,N,2,select_coverage,1.0,exact,512,1589,451.0,1442.0,448,1433,EI,32312
69,5,14,Molecular Biology (Splice-junction Gene Sequences),2552,3,N,2,select_coverage,2.0,exact,866,2749,738.0,2431.0,733,2416,EI,54024
69,5,14,Molecular Biology (Splice-junction Gene Sequences),2552,3,N,2,select_coverage,3.0,exact,1215,3974,1026.0,3487.0,1016,3457,EI,76528
69,5,14,Molecular Biology (Splice-junction Gene Sequences),2552,3,N,2,select_coverage,4.0,exact,1563,5154,1306.0,4495.0,1294,4459,EI,98248
69,5,14,Molecular Biology (Splice-junction Gene Sequences),2552,3,N,2,select_coverage_CBA_M1,,exact,316,1181,298.0,1120.0,297,1117,N,23232
69,5,17,Molecular Biology (Splice-junction Gene Sequences),2552,3,N,1,select_coverage,1.0,DAC,489,1500,,,419,1324,N,11908
69,5,17,Molecular Biology (Splice-junction Gene Sequences),2552,3,N,1,select_coverage,1.0,exact,489,1500,419.0,1324.0,419,1324,N,30024
69,5,17,Molecular Biology (Splice-junction Gene Sequences),2552,3,N,1,select_coverage,2.0,DAC,848,2691,,,705,2340,N,20980
69,5,17,Molecular Biology (Splice-junction Gene Sequences),2552,3,N,1,select_coverage,2.0,exact,848,2691,705.0,2340.0,700,2325,N,52008
69,5,17,Molecular Biology (Splice-junction Gene Sequences),2552,3,N,1,select_coverage,3.0,DAC,1182,3838,,,978,3328,N,29576
69,5,17,Molecular Biology (Splice-junction Gene Sequences),2552,3,N,1,select_coverage,3.0,exact,1182,3838,978.0,3328.0,966,3292,N,73152
69,5,17,Molecular Biology (Splice-junction Gene Sequences),2552,3,N,1,select_coverage,4.0,DAC,1547,5108,,,1271,4401,N,39036
69,5,17,Molecular Biology (Splice-junction Gene Sequences),2552,3,N,1,select_coverage,4.0,exact,1547,5108,1271.0,4401.0,1247,4329,N,96048
69,5,17,Molecular Biology (Splice-junction Gene Sequences),2552,3,N,1,select_coverage_CBA_M1,,DAC,450,1403,,,387,1241,N,11052
69,5,17,Molecular Biology (Splice-junction Gene Sequences),2552,3,N,1,select_coverage_CBA_M1,,exact,450,1403,387.0,1241.0,387,1241,N,27948
69,5,17,Molecular Biology (Splice-junction Gene Sequences),2552,3,N,2,select_coverage,1.0,exact,489,1500,419.0,1324.0,419,1324,N,30024
69,5,17,Molecular Biology (Splice-junction Gene Sequences),2552,3,N,2,select_coverage,2.0,exact,848,2691,705.0,2340.0,700,2325,N,52008
69,5,17,Molecular Biology (Splice-junction Gene Sequences),2552,3,N,2,select_coverage,3.0,exact,1182,3838,978.0,3328.0,966,3292,N,73152
69,5,17,Molecular Biology (Splice-junction Gene Sequences),2552,3,N,2,select_coverage,4.0,exact,1547,5108,1271.0,4401.0,1247,4329,N,96048
69,5,17,Molecular Biology (Splice-junction Gene Sequences),2552,3,N,2,select_coverage_CBA_M1,,exact,213,929,196.0,859.0,196,859,N,16884
69,5,19,Molecular Biology (Splice-junction Gene Sequences),2552,3,N,1,select_coverage,1.0,DAC,474,1481,,,411,1312,EI,11652
69,5,19,Molecular Biology (Splice-junction Gene Sequences),2552,3,N,1,select_coverage,1.0,exact,474,1481,411.0,1312.0,408,1303,EI,29560
69,5,19,Molecular Biology (Splice-junction Gene Sequences),2552,3,N,1,select_coverage,2.0,DAC,860,2761,,,707,2343,EI,21404
69,5,19,Molecular Biology (Splice-junction Gene Sequences),2552,3,N,1,select_coverage,2.0,exact,860,2761,707.0,2343.0,700,2322,EI,52352
69,5,19,Molecular Biology (Splice-junction Gene Sequences),2552,3,N,1,select_coverage,3.0,DAC,1233,4037,,,1006,3424,EI,30984
69,5,19,Molecular Biology (Splice-junction Gene Sequences),2552,3,N,1,select_coverage,3.0,exact,1233,4037,1006.0,3424.0,990,3376,EI,75564
69,5,19,Molecular Biology (Splice-junction Gene Sequences),2552,3,N,1,select_coverage,4.0,DAC,1577,5242,,,1294,4470,EI,39932
69,5,19,Molecular Biology (Splice-junction Gene Sequences),2552,3,N,1,select_coverage,4.0,exact,1577,5242,1294.0,4470.0,1269,4395,EI,97860
69,5,19,Molecular Biology (Splice-junction Gene Sequences),2552,3,N,1,select_coverage_CBA_M1,,DAC,470,1466,,,407,1297,IE,11544
69,5,19,Molecular Biology (Splice-junction Gene Sequences),2552,3,N,1,select_coverage_CBA_M1,,exact,470,1466,407.0,1297.0,404,1288,EI,29252
69,5,19,Molecular Biology (Splice-junction Gene Sequences),2552,3,N,2,select_coverage,1.0,exact,474,1481,411.0,1312.0,408,1303,EI,29560
69,5,19,Molecular Biology (Splice-junction Gene Sequences),2552,3,N,2,select_coverage,2.0,exact,860,2761,707.0,2343.0,700,2322,EI,52352
69,5,19,Molecular Biology (Splice-junction Gene Sequences),2552,3,N,2,select_coverage,3.0,exact,1233,4037,1006.0,3424.0,990,3376,EI,75564
69,5,19,Molecular Biology (Splice-junction Gene Sequences),2552,3,N,2,select_coverage,4.0,exact,1577,5242,1294.0,4470.0,1269,4395,EI,97860
69,5,19,Molecular Biology (Splice-junction Gene Sequences),2552,3,N,2,select_coverage_CBA_M1,,exact,312,1142,289.0,1053.0,288,1050,N,22252
69,5,29,Molecular Biology (Splice-junction Gene Sequences),2552,3,N,1,select_coverage,1.0,DAC,485,1518,,,428,1355,N,11932
69,5,29,Molecular Biology (Splice-junction Gene Sequences),2552,3,N,1,select_coverage,1.0,exact,485,1518,428.0,1355.0,425,1346,N,30596
69,5,29,Molecular Biology (Splice-junction Gene Sequences),2552,3,N,1,select_coverage,2.0,DAC,861,2783,,,727,2418,N,21504
69,5,29,Molecular Biology (Splice-junction Gene Sequences),2552,3,N,1,select_coverage,2.0,exact,861,2783,727.0,2418.0,723,2406,N,53716
69,5,29,Molecular Biology (Splice-junction Gene Sequences),2552,3,N,1,select_coverage,3.0,DAC,1235,4089,,,1032,3543,EI,31216
69,5,29,Molecular Biology (Splice-junction Gene Sequences),2552,3,N,1,select_coverage,3.0,exact,1235,4089,1032.0,3543.0,1016,3495,N,77556
69,5,29,Molecular Biology (Splice-junction Gene Sequences),2552,3,N,1,select_coverage,4.0,DAC,1592,5360,,,1319,4631,EI,40584
69,5,29,Molecular Biology (Splice-junction Gene Sequences),2552,3,N,1,select_coverage,4.0,exact,1592,5360,1319.0,4631.0,1296,4562,N,100444
69,5,29,Molecular Biology (Splice-junction Gene Sequences),2552,3,N,1,select_coverage_CBA_M1,,DAC,463,1458,,,408,1299,N,11428
69,5,29,Molecular Biology (Splice-junction Gene Sequences),2552,3,N,1,select_coverage_CBA_M1,,exact,463,1458,408.0,1299.0,406,1293,EI,29280
69,5,29,Molecular Biology (Splice-junction Gene Sequences),2552,3,N,2,select_coverage,1.0,exact,485,1518,428.0,1355.0,425,1346,N,30596
69,5,29,Molecular Biology (Splice-junction Gene Sequences),2552,3,N,2,select_coverage,2.0,exact,861,2783,727.0,2418.0,723,2406,N,53716
69,5,29,Molecular Biology (Splice-junction Gene Sequences),2552,3,N,2,select_coverage,3.0,exact,1235,4089,1032.0,3543.0,1016,3495,N,77556
69,5,29,Molecular Biology (Splice-junction Gene Sequences),2552,3,N,2,select_coverage,4.0,exact,1592,5360,1319.0,4631.0,1296,4562,N,100444
69,5,29,Molecular Biology (Splice-junction Gene Sequences),2552,3,N,2,select_coverage_CBA_M1,,exact,298,1122,272.0,1021.0,271,1018,N,21372
69,5,31,Molecular Biology (Splice-junction Gene Sequences),2552,3,N,1,select_coverage,1.0,DAC,487,1556,,,419,1385,N,12108
69,5,31,Molecular Biology (Splice-junction Gene Sequences),2552,3,N,1,select_coverage,1.0,exact,487,1556,419.0,1385.0,415,1372,EI,30684
69,5,31,Molecular Biology (Splice-junction Gene Sequences),2552,3,N,1,select_coverage,2.0,DAC,860,2812,,,716,2445,EI,21608
69,5,31,Molecular Biology (Splice-junction Gene Sequences),2552,3,N,1,select_coverage,2.0,exact,860,2812,716.0,2445.0,709,2423,EI,53656
69,5,31,Molecular Biology (Splice-junction Gene Sequences),2552,3,N,1,select_coverage,3.0,DAC,1234,4080,,,1014,3514,EI,31168
69,5,31,Molecular Biology (Splice-junction Gene Sequences),2552,3,N,1,select_coverage,3.0,exact,1234,4080,1014.0,3514.0,1001,3474,EI,76744
69,5,31,Molecular Biology (Splice-junction Gene Sequences),2552,3,N,1,select_coverage,4.0,DAC,1579,5279,,,1292,4528,EI,40104
69,5,31,Molecular Biology (Splice-junction Gene Sequences),2552,3,N,1,select_coverage,4.0,exact,1579,5279,1292.0,4528.0,1272,4467,EI,98464
69,5,31,Molecular Biology (Splice-junction Gene Sequences),2552,3,N,1,select_coverage_CBA_M1,,DAC,476,1527,,,413,1366,N,11860
69,5,31,Molecular Biology (Splice-junction Gene Sequences),2552,3,N,1,select_coverage_CBA_M1,,exact,476,1527,413.0,1366.0,410,1357,EI,30240
69,5,31,Molecular Biology (Splice-junction Gene Sequences),2552,3,N,2,select_coverage,1.0,exact,487,1556,419.0,1385.0,415,1372,EI,30684
69,5,31,Molecular Biology (Splice-junction Gene Sequences),2552,3,N,2,select_coverage,2.0,exact,860,2812,716.0,2445.0,709,2423,EI,53656
69,5,31,Molecular Biology (Splice-junction Gene Sequences),2552,3,N,2,select_coverage,3.0,exact,1234,4080,1014.0,3514.0,1001,3474,EI,76744
69,5,31,Molecular Biology (Splice-junction Gene Sequences),2552,3,N,2,select_coverage,4.0,exact,1579,5279,1292.0,4528.0,1272,4467,EI,98464
69,5,31,Molecular Biology (Splice-junction Gene Sequences),2552,3,N,2,select_coverage_CBA_M1,,exact,300,1164,284.0,1097.0,284,1097,N,22544
69,5,34,Molecular Biology (Splice-junction Gene Sequences),2552,3,N,1,select_coverage,1.0,DAC,479,1488,,,419,1333,N,11740
69,5,34,Molecular Biology (Splice-junction Gene Sequences),2552,3,N,1,select_coverage,1.0,exact,479,1488,419.0,1333.0,418,1330,N,30036
69,5,34,Molecular Biology (Splice-junction Gene Sequences),2552,3,N,1,select_coverage,2.0,DAC,867,2806,,,737,2473,EI,21668
69,5,34,Molecular Biology (Splice-junction Gene Sequences),2552,3,N,1,select_coverage,2.0,exact,867,2806,737.0,2473.0,732,2458,N,54556
69,5,34,Molecular Biology (Splice-junction Gene Sequences),2552,3,N,1,select_coverage,3.0,DAC,1242,4085,,,1041,3573,EI,31284
69,5,34,Molecular Biology (Splice-junction Gene Sequences),2552,3,N,1,select_coverage,3.0,exact,1242,4085,1041.0,3573.0,1030,3540,N,78128
69,5,34,Molecular Biology (Splice-junction Gene Sequences),2552,3,N,1,select_coverage,4.0,DAC,1610,5389,,,1346,4708,EI,40916
69,5,34,Molecular Biology (Splice-junction Gene Sequences),2552,3,N,1,select_coverage,4.0,exact,1610,5389,1346.0,4708.0,1326,4648,N,102076
69,5,34,Molecular Biology (Splice-junction Gene Sequences),2552,3,N,1,select_coverage_CBA_M1,,DAC,465,1447,,,406,1294,N,11408
69,5,34,Molecular Biology (Splice-junction Gene Sequences),2552,3,N,1,select_coverage_CBA_M1,,exact,465,1447,406.0,1294.0,406,1294,EI,29156
69,5,34,Molecular Biology (Splice-junction Gene Sequences),2552,3,N,2,select_coverage,1.0,exact,479,1488,419.0,1333.0,418,1330,N,30036
69,5,34,Molecular Biology (Splice-junction Gene Sequences),2552,3,N,2,select_coverage,2.0,exact,867,2806,737.0,2473.0,732,2458,N,54556
69,5,34,Molecular Biology (Splice-junction Gene Sequences),2552,3,N,2,select_coverage,3.0,exact,1242,4085,1041.0,3573.0,1030,3540,N,78128
69,5,34,Molecular Biology (Splice-junction Gene Sequences),2552,3,N,2,select_coverage,4.0,exact,1610,5389,1346.0,4708.0,1326,4648,N,102076
69,5,34,Molecular Biology (Splice-junction Gene Sequences),2552,3,N,2,select_coverage_CBA_M1,,exact,285,1078,268.0,1009.0,268,1009,N,20984
69,5,42,Molecular Biology (Splice-junction Gene Sequences),2552,3,N,1,select_coverage,1.0,DAC,474,1448,,,420,1312,N,11520
69,5,42,Molecular Biology (Splice-junction Gene Sequences),2552,3,N,1,select_coverage,1.0,exact,474,1448,420.0,1312.0,419,1309,N,29740
69,5,42,Molecular Biology (Splice-junction Gene Sequences),2552,3,N,1,select_coverage,2.0,DAC,840,2636,,,717,2330,EI,20664
69,5,42,Molecular Biology (Splice-junction Gene Sequences),2552,3,N,1,select_coverage,2.0,exact,840,2636,717.0,2330.0,712,2315,N,52092
69,5,42,Molecular Biology (Splice-junction Gene Sequences),2552,3,N,1,select_coverage,3.0,DAC,1203,3890,,,1008,3386,EI,30036
69,5,42,Molecular Biology (Splice-junction Gene Sequences),2552,3,N,1,select_coverage,3.0,exact,1203,3890,1008.0,3386.0,994,3344,N,74760
69,5,42,Molecular Biology (Splice-junction Gene Sequences),2552,3,N,1,select_coverage,4.0,DAC,1554,5133,,,1297,4463,EI,39220
69,5,42,Molecular Biology (Splice-junction Gene Sequences),2552,3,N,1,select_coverage,4.0,exact,1554,5133,1297.0,4463.0,1276,4400,N,97512
69,5,42,Molecular Biology (Splice-junction Gene Sequences),2552,3,N,1,select_coverage_CBA_M1,,DAC,460,1410,,,410,1282,N,11200
69,5,42,Molecular Biology (Splice-junction Gene Sequences),2552,3,N,1,select_coverage_CBA_M1,,exact,460,1410,410.0,1282.0,410,1282,EI,29040
69,5,42,Molecular Biology (Splice-junction Gene Sequences),2552,3,N,2,select_coverage,1.0,exact,474,1448,420.0,1312.0,419,1309,N,29740
69,5,42,Molecular Biology (Splice-junction Gene Sequences),2552,3,N,2,select_coverage,2.0,exact,840,2636,717.0,2330.0,712,2315,N,52092
69,5,42,Molecular Biology (Splice-junction Gene Sequences),2552,3,N,2,select_coverage,3.0,exact,1203,3890,1008.0,3386.0,994,3344,N,74760
69,5,42,Molecular Biology (Splice-junction Gene Sequences),2552,3,N,2,select_coverage,4.0,exact,1554,5133,1297.0,4463.0,1276,4400,N,97512
69,5,42,Molecular Biology (Splice-junction Gene Sequences),2552,3,N,2,select_coverage_CBA_M1,,exact,272,1027,256.0,967.0,255,964,N,20048
69,5,49,Molecular Biology (Splice-junction Gene Sequences),2552,3,N,1,select_coverage,1.0,DAC,501,1597,,,445,1449,N,12440
69,5,49,Molecular Biology (Splice-junction Gene Sequences),2552,3,N,1,select_coverage,1.0,exact,501,1597,445.0,1449.0,444,1446,N,32232
69,5,49,Molecular Biology (Splice-junction Gene Sequences),2552,3,N,1,select_coverage,2.0,DAC,873,2876,,,749,2543,N,22020
69,5,49,Molecular Biology (Splice-junction Gene Sequences),2552,3,N,1,select_coverage,2.0,exact,873,2876,749.0,2543.0,748,2540,N,55828
69,5,49,Molecular Biology (Splice-junction Gene Sequences),2552,3,N,1,select_coverage,3.0,DAC,1229,4123,,,1047,3621,N,31280
69,5,49,Molecular Biology (Splice-junction Gene Sequences),2552,3,N,1,select_coverage,3.0,exact,1229,4123,1047.0,3621.0,1041,3603,N,78916
69,5,49,Molecular Biology (Splice-junction Gene Sequences),2552,3,N,1,select_coverage,4.0,DAC,1592,5397,,,1347,4727,N,40732
69,5,49,Molecular Biology (Splice-junction Gene Sequences),2552,3,N,1,select_coverage,4.0,exact,1592,5397,1347.0,4727.0,1333,4685,N,102364
69,5,49,Molecular Biology (Splice-junction Gene Sequences),2552,3,N,1,select_coverage_CBA_M1,,DAC,481,1546,,,429,1406,N,11996
69,5,49,Molecular Biology (Splice-junction Gene Sequences),2552,3,N,1,select_coverage_CBA_M1,,exact,481,1546,429.0,1406.0,429,1406,EI,31184
69,5,49,Molecular Biology (Splice-junction Gene Sequences),2552,3,N,2,select_coverage,1.0,exact,501,1597,445.0,1449.0,444,1446,N,32232
69,5,49,Molecular Biology (Splice-junction Gene Sequences),2552,3,N,2,select_coverage,2.0,exact,873,2876,749.0,2543.0,748,2540,N,55828
69,5,49,Molecular Biology (Splice-junction Gene Sequences),2552,3,N,2,select_coverage,3.0,exact,1229,4123,1047.0,3621.0,1041,3603,N,78916
69,5,49,Molecular Biology (Splice-junction Gene Sequences),2552,3,N,2,select_coverage,4.0,exact,1592,5397,1347.0,4727.0,1333,4685,N,102364
69,5,49,Molecular Biology (Splice-junction Gene Sequences),2552,3,N,2,select_coverage_CBA_M1,,exact,291,1162,274.0,1092.0,274,1092,N,22176
69,5,63,Molecular Biology (Splice-junction Gene Sequences),2552,3,N,1,select_coverage,1.0,DAC,485,1500,,,430,1362,N,11860
69,5,63,Molecular Biology (Splice-junction Gene Sequences),2552,3,N,1,select_coverage,1.0,exact,485,1500,430.0,1362.0,428,1356,N,30656
69,5,63,Molecular Biology (Splice-junction Gene Sequences),2552,3,N,1,select_coverage,2.0,DAC,859,2752,,,734,2436,N,21356
69,5,63,Molecular Biology (Splice-junction Gene Sequences),2552,3,N,1,select_coverage,2.0,exact,859,2752,734.0,2436.0,728,2418,N,53936
69,5,63,Molecular Biology (Splice-junction Gene Sequences),2552,3,N,1,select_coverage,3.0,DAC,1218,3984,,,1026,3498,N,30592
69,5,63,Molecular Biology (Splice-junction Gene Sequences),2552,3,N,1,select_coverage,3.0,exact,1218,3984,1026.0,3498.0,1013,3458,N,76616
69,5,63,Molecular Biology (Splice-junction Gene Sequences),2552,3,N,1,select_coverage,4.0,DAC,1564,5225,,,1317,4589,N,39708
69,5,63,Molecular Biology (Splice-junction Gene Sequences),2552,3,N,1,select_coverage,4.0,exact,1564,5225,1317.0,4589.0,1297,4528,N,99536
69,5,63,Molecular Biology (Splice-junction Gene Sequences),2552,3,N,1,select_coverage_CBA_M1,,DAC,471,1460,,,418,1326,N,11532
69,5,63,Molecular Biology (Splice-junction Gene Sequences),2552,3,N,1,select_coverage_CBA_M1,,exact,471,1460,418.0,1326.0,416,1320,EI,29824
69,5,63,Molecular Biology (Splice-junction Gene Sequences),2552,3,N,2,select_coverage,1.0,exact,485,1500,430.0,1362.0,428,1356,N,30656
69,5,63,Molecular Biology (Splice-junction Gene Sequences),2552,3,N,2,select_coverage,2.0,exact,859,2752,734.0,2436.0,728,2418,N,53936
69,5,63,Molecular Biology (Splice-junction Gene Sequences),2552,3,N,2,select_coverage,3.0,exact,1218,3984,1026.0,3498.0,1013,3458,N,76616
69,5,63,Molecular Biology (Splice-junction Gene Sequences),2552,3,N,2,select_coverage,4.0,exact,1564,5225,1317.0,4589.0,1297,4528,N,99536
69,5,63,Molecular Biology (Splice-junction Gene Sequences),2552,3,N,2,select_coverage_CBA_M1,,exact,276,1061,259.0,999.0,258,996,N,20536
69,5,64,Molecular Biology (Splice-junction Gene Sequences),2552,3,N,1,select_coverage,1.0,DAC,477,1478,,,420,1330,N,11676
69,5,64,Molecular Biology (Splice-junction Gene Sequences),2552,3,N,1,select_coverage,1.0,exact,477,1478,420.0,1330.0,417,1321,N,29980
69,5,64,Molecular Biology (Splice-junction Gene Sequences),2552,3,N,1,select_coverage,2.0,DAC,854,2720,,,717,2363,N,21168
69,5,64,Molecular Biology (Splice-junction Gene Sequences),2552,3,N,1,select_coverage,2.0,exact,854,2720,717.0,2363.0,712,2348,N,52692
69,5,64,Molecular Biology (Splice-junction Gene Sequences),2552,3,N,1,select_coverage,3.0,DAC,1203,3907,,,1001,3378,N,30104
69,5,64,Molecular Biology (Splice-junction Gene Sequences),2552,3,N,1,select_coverage,3.0,exact,1203,3907,1001.0,3378.0,986,3333,N,74528
69,5,64,Molecular Biology (Splice-junction Gene Sequences),2552,3,N,1,select_coverage,4.0,DAC,1561,5170,,,1300,4475,N,39452
69,5,64,Molecular Biology (Splice-junction Gene Sequences),2552,3,N,1,select_coverage,4.0,exact,1561,5170,1300.0,4475.0,1275,4400,N,97804
69,5,64,Molecular Biology (Splice-junction Gene Sequences),2552,3,N,1,select_coverage_CBA_M1,,DAC,462,1439,,,407,1295,N,11340
69,5,64,Molecular Biology (Splice-junction Gene Sequences),2552,3,N,1,select_coverage_CBA_M1,,exact,462,1439,407.0,1295.0,405,1289,N,29140
69,5,64,Molecular Biology (Splice-junction Gene Sequences),2552,3,N,2,select_coverage,1.0,exact,477,1478,420.0,1330.0,417,1321,N,29980
69,5,64,Molecular Biology (Splice-junction Gene Sequences),2552,3,N,2,select_coverage,2.0,exact,854,2720,717.0,2363.0,712,2348,N,52692
69,5,64,Molecular Biology (Splice-junction Gene Sequences),2552,3,N,2,select_coverage,3.0,exact,1203,3907,1001.0,3378.0,986,3333,N,74528
69,5,64,Molecular Biology (Splice-junction Gene Sequences),2552,3,N,2,select_coverage,4.0,exact,1561,5170,1300.0,4475.0,1275,4400,N,97804
69,5,64,Molecular Biology (Splice-junction Gene Sequences),2552,3,N,2,select_coverage_CBA_M1,,exact,250,1007,234.0,941.0,234,941,N,19068
69,5,65,Molecular Biology (Splice-junction Gene Sequences),2552,3,N,1,select_coverage,1.0,DAC,501,1550,,,431,1366,N,12252
69,5,65,Molecular Biology (Splice-junction Gene Sequences),2552,3,N,1,select_coverage,1.0,exact,501,1550,431.0,1366.0,428,1357,N,30908
69,5,65,Molecular Biology (Splice-junction Gene Sequences),2552,3,N,1,select_coverage,2.0,DAC,846,2703,,,712,2345,N,21004
69,5,65,Molecular Biology (Splice-junction Gene Sequences),2552,3,N,1,select_coverage,2.0,exact,846,2703,712.0,2345.0,703,2318,N,52272
69,5,65,Molecular Biology (Splice-junction Gene Sequences),2552,3,N,1,select_coverage,3.0,DAC,1185,3866,,,987,3342,N,29724
69,5,65,Molecular Biology (Splice-junction Gene Sequences),2552,3,N,1,select_coverage,3.0,exact,1185,3866,987.0,3342.0,974,3303,N,73652
69,5,65,Molecular Biology (Splice-junction Gene Sequences),2552,3,N,1,select_coverage,4.0,DAC,1542,5094,,,1289,4432,N,38920
69,5,65,Molecular Biology (Splice-junction Gene Sequences),2552,3,N,1,select_coverage,4.0,exact,1542,5094,1289.0,4432.0,1267,4366,N,96840
69,5,65,Molecular Biology (Splice-junction Gene Sequences),2552,3,N,1,select_coverage_CBA_M1,,DAC,488,1512,,,419,1330,N,11944
69,5,65,Molecular Biology (Splice-junction Gene Sequences),2552,3,N,1,select_coverage_CBA_M1,,exact,488,1512,419.0,1330.0,417,1324,EI,30096
69,5,65,Molecular Biology (Splice-junction Gene Sequences),2552,3,N,2,select_coverage,1.0,exact,501,1550,431.0,1366.0,428,1357,N,30908
69,5,65,Molecular Biology (Splice-junction Gene Sequences),2552,3,N,2,select_coverage,2.0,exact,846,2703,712.0,2345.0,703,2318,N,52272
69,5,65,Molecular Biology (Splice-junction Gene Sequences),2552,3,N,2,select_coverage,3.0,exact,1185,3866,987.0,3342.0,974,3303,N,73652
69,5,65,Molecular Biology (Splice-junction Gene Sequences),2552,3,N,2,select_coverage,4.0,exact,1542,5094,1289.0,4432.0,1267,4366,N,96840
69,5,65,Molecular Biology (Splice-junction Gene Sequences),2552,3,N,2,select_coverage_CBA_M1,,exact,301,1132,280.0,1046.0,279,1043,N,21868
69,5,68,Molecular Biology (Splice-junction Gene Sequences),2552,3,N,1,select_coverage,1.0,DAC,498,1540,,,429,1372,N,12176
69,5,68,Molecular Biology (Splice-junction Gene Sequences),2552,3,N,1,select_coverage,1.0,exact,498,1540,429.0,1372.0,428,1369,N,30876
69,5,68,Molecular Biology (Splice-junction Gene Sequences),2552,3,N,1,select_coverage,2.0,DAC,847,2709,,,714,2371,N,21040
69,5,68,Molecular Biology (Splice-junction Gene Sequences),2552,3,N,1,select_coverage,2.0,exact,847,2709,714.0,2371.0,708,2352,N,52600
69,5,68,Molecular Biology (Splice-junction Gene Sequences),2552,3,N,1,select_coverage,3.0,DAC,1205,3925,,,1005,3410,N,30200
69,5,68,Molecular Biology (Splice-junction Gene Sequences),2552,3,N,1,select_coverage,3.0,exact,1205,3925,1005.0,3410.0,994,3376,N,75028
69,5,68,Molecular Biology (Splice-junction Gene Sequences),2552,3,N,1,select_coverage,4.0,DAC,1558,5118,,,1292,4433,N,39208
69,5,68,Molecular Biology (Splice-junction Gene Sequences),2552,3,N,1,select_coverage,4.0,exact,1558,5118,1292.0,4433.0,1275,4381,N,97096
69,5,68,Molecular Biology (Splice-junction Gene Sequences),2552,3,N,1,select_coverage_CBA_M1,,DAC,488,1513,,,419,1345,N,11948
69,5,68,Molecular Biology (Splice-junction Gene Sequences),2552,3,N,1,select_coverage_CBA_M1,,exact,488,1513,419.0,1345.0,418,1342,EI,30232
69,5,68,Molecular Biology (Splice-junction Gene Sequences),2552,3,N,2,select_coverage,1.0,exact,498,1540,429.0,1372.0,428,1369,N,30876
69,5,68,Molecular Biology (Splice-junction Gene Sequences),2552,3,N,2,select_coverage,2.0,exact,847,2709,714.0,2371.0,708,2352,N,52600
69,5,68,Molecular Biology (Splice-junction Gene Sequences),2552,3,N,2,select_coverage,3.0,exact,1205,3925,1005.0,3410.0,994,3376,N,75028
69,5,68,Molecular Biology (Splice-junction Gene Sequences),2552,3,N,2,select_coverage,4.0,exact,1558,5118,1292.0,4433.0,1275,4381,N,97096
69,5,68,Molecular Biology (Splice-junction Gene Sequences),2552,3,N,2,select_coverage_CBA_M1,,exact,322,1173,302.0,1103.0,302,1103,N,23204
69,5,74,Molecular Biology (Splice-junction Gene Sequences),2552,3,N,1,select_coverage,1.0,DAC,480,1487,,,416,1315,N,11748
69,5,74,Molecular Biology (Splice-junction Gene Sequences),2552,3,N,1,select_coverage,1.0,exact,480,1487,416.0,1315.0,416,1315,N,29804
69,5,74,Molecular Biology (Splice-junction Gene Sequences),2552,3,N,1,select_coverage,2.0,DAC,830,2665,,,697,2299,N,20660
69,5,74,Molecular Biology (Splice-junction Gene Sequences),2552,3,N,1,select_coverage,2.0,exact,830,2665,697.0,2299.0,696,2295,N,51364
69,5,74,Molecular Biology (Splice-junction Gene Sequences),2552,3,N,1,select_coverage,3.0,DAC,1182,3864,,,985,3314,N,29680
69,5,74,Molecular Biology (Splice-junction Gene Sequences),2552,3,N,1,select_coverage,3.0,exact,1182,3864,985.0,3314.0,978,3292,N,73424
69,5,74,Molecular Biology (Splice-junction Gene Sequences),2552,3,N,1,select_coverage,4.0,DAC,1539,5104,,,1287,4409,N,38924
69,5,74,Molecular Biology (Splice-junction Gene Sequences),2552,3,N,1,select_coverage,4.0,exact,1539,5104,1287.0,4409.0,1276,4375,N,96760
69,5,74,Molecular Biology (Splice-junction Gene Sequences),2552,3,N,1,select_coverage_CBA_M1,,DAC,471,1460,,,408,1290,N,11532
69,5,74,Molecular Biology (Splice-junction Gene Sequences),2552,3,N,1,select_coverage_CBA_M1,,exact,471,1460,408.0,1290.0,408,1290,EI,29240
69,5,74,Molecular Biology (Splice-junction Gene Sequences),2552,3,N,2,select_coverage,1.0,exact,480,1487,416.0,1315.0,416,1315,N,29804
69,5,74,Molecular Biology (Splice-junction Gene Sequences),2552,3,N,2,select_coverage,2.0,exact,830,2665,697.0,2299.0,696,2295,N,51364
69,5,74,Molecular Biology (Splice-junction Gene Sequences),2552,3,N,2,select_coverage,3.0,exact,1182,3864,985.0,3314.0,978,3292,N,73424
69,5,74,Molecular Biology (Splice-junction Gene Sequences),2552,3,N,2,select_coverage,4.0,exact,1539,5104,1287.0,4409.0,1276,4375,N,96760
69,5,74,Molecular Biology (Splice-junction Gene Sequences),2552,3,N,2,select_coverage_CBA_M1,,exact,285,1077,263.0,989.0,263,989,N,20660
69,5,76,Molecular Biology (Splice-junction Gene Sequences),2552,3,N,1,select_coverage,1.0,DAC,479,1497,,,419,1331,N,11776
69,5,76,Molecular Biology (Splice-junction Gene Sequences),2552,3,N,1,select_coverage,1.0,exact,479,1497,419.0,1331.0,417,1325,N,30044
69,5,76,Molecular Biology (Splice-junction Gene Sequences),2552,3,N,1,select_coverage,2.0,DAC,834,2711,,,710,2392,N,20892
69,5,76,Molecular Biology (Splice-junction Gene Sequences),2552,3,N,1,select_coverage,2.0,exact,834,2711,710.0,2392.0,706,2380,N,52676
69,5,76,Molecular Biology (Splice-junction Gene Sequences),2552,3,N,1,select_coverage,3.0,DAC,1180,3879,,,979,3357,N,29716
69,5,76,Molecular Biology (Splice-junction Gene Sequences),2552,3,N,1,select_coverage,3.0,exact,1180,3879,979.0,3357.0,969,3327,N,73604
69,5,76,Molecular Biology (Splice-junction Gene Sequences),2552,3,N,1,select_coverage,4.0,DAC,1528,5096,,,1266,4409,N,38760
69,5,76,Molecular Biology (Splice-junction Gene Sequences),2552,3,N,1,select_coverage,4.0,exact,1528,5096,1266.0,4409.0,1251,4364,N,96012
69,5,76,Molecular Biology (Splice-junction Gene Sequences),2552,3,N,1,select_coverage_CBA_M1,,DAC,462,1448,,,402,1282,N,11376
69,5,76,Molecular Biology (Splice-junction Gene Sequences),2552,3,N,1,select_coverage_CBA_M1,,exact,462,1448,402.0,1282.0,401,1279,N,28924
69,5,76,Molecular Biology (Splice-junction Gene Sequences),2552,3,N,2,select_coverage,1.0,exact,479,1497,419.0,1331.0,417,1325,N,30044
69,5,76,Molecular Biology (Splice-junction Gene Sequences),2552,3,N,2,select_coverage,2.0,exact,834,2711,710.0,2392.0,706,2380,N,52676
69,5,76,Molecular Biology (Splice-junction Gene Sequences),2552,3,N,2,select_coverage,3.0,exact,1180,3879,979.0,3357.0,969,3327,N,73604
69,5,76,Molecular Biology (Splice-junction Gene Sequences),2552,3,N,2,select_coverage,4.0,exact,1528,5096,1266.0,4409.0,1251,4364,N,96012
69,5,76,Molecular Biology (Splice-junction Gene Sequences),2552,3,N,2,select_coverage_CBA_M1,,exact,231,979,210.0,891.0,210,891,N,17788
69,5,100,Molecular Biology (Splice-junction Gene Sequences),2552,3,N,1,select_coverage,1.0,DAC,493,1510,,,427,1343,N,11996
69,5,100,Molecular Biology (Splice-junction Gene Sequences),2552,3,N,1,select_coverage,1.0,exact,493,1510,427.0,1343.0,423,1331,N,30424
69,5,100,Molecular Biology (Splice-junction Gene Sequences),2552,3,N,1,select_coverage,2.0,DAC,850,2707,,,719,2361,N,21068
69,5,100,Molecular Biology (Splice-junction Gene Sequences),2552,3,N,1,select_coverage,2.0,exact,850,2707,719.0,2361.0,711,2337,N,52652
69,5,100,Molecular Biology (Splice-junction Gene Sequences),2552,3,N,1,select_coverage,3.0,DAC,1230,4001,,,1028,3471,N,30804
69,5,100,Molecular Biology (Splice-junction Gene Sequences),2552,3,N,1,select_coverage,3.0,exact,1230,4001,1028.0,3471.0,1013,3426,N,76512
69,5,100,Molecular Biology (Splice-junction Gene Sequences),2552,3,N,1,select_coverage,4.0,DAC,1584,5250,,,1324,4561,N,40048
69,5,100,Molecular Biology (Splice-junction Gene Sequences),2552,3,N,1,select_coverage,4.0,exact,1584,5250,1324.0,4561.0,1299,4486,N,99580
69,5,100,Molecular Biology (Splice-junction Gene Sequences),2552,3,N,1,select_coverage_CBA_M1,,DAC,462,1429,,,398,1266,N,11300
69,5,100,Molecular Biology (Splice-junction Gene Sequences),2552,3,N,1,select_coverage_CBA_M1,,exact,462,1429,398.0,1266.0,397,1263,N,28592
69,5,100,Molecular Biology (Splice-junction Gene Sequences),2552,3,N,2,select_coverage,1.0,exact,493,1510,427.0,1343.0,423,1331,N,30424
69,5,100,Molecular Biology (Splice-junction Gene Sequences),2552,3,N,2,select_coverage,2.0,exact,850,2707,719.0,2361.0,711,2337,N,52652
69,5,100,Molecular Biology (Splice-junction Gene Sequences),2552,3,N,2,select_coverage,3.0,exact,1230,4001,1028.0,3471.0,1013,3426,N,76512
69,5,100,Molecular Biology (Splice-junction Gene Sequences),2552,3,N,2,select_coverage,4.0,exact,1584,5250,1324.0,4561.0,1299,4486,N,99580
69,5,100,Molecular Biology (Splice-junction Gene Sequences),2552,3,N,2,select_coverage_CBA_M1,,exact,230,960,215.0,895.0,215,895,N,17904
69,5,114,Molecular Biology (Splice-junction Gene Sequences),2552,3,N,1,select_coverage,1.0,DAC,470,1467,,,402,1303,N,11548
69,5,114,Molecular Biology (Splice-junction Gene Sequences),2552,3,N,1,select_coverage,1.0,exact,470,1467,402.0,1303.0,399,1294,N,29144
69,5,114,Molecular Biology (Splice-junction Gene Sequences),2552,3,N,1,select_coverage,2.0,DAC,869,2848,,,730,2497,N,21860
69,5,114,Molecular Biology (Splice-junction Gene Sequences),2552,3,N,1,select_coverage,2.0,exact,869,2848,730.0,2497.0,724,2479,N,54680
69,5,114,Molecular Biology (Splice-junction Gene Sequences),2552,3,N,1,select_coverage,3.0,DAC,1226,4064,,,1029,3557,N,31008
69,5,114,Molecular Biology (Splice-junction Gene Sequences),2552,3,N,1,select_coverage,3.0,exact,1226,4064,1029.0,3557.0,1016,3518,N,77508
69,5,114,Molecular Biology (Splice-junction Gene Sequences),2552,3,N,1,select_coverage,4.0,DAC,1598,5362,,,1344,4698,N,40664
69,5,114,Molecular Biology (Splice-junction Gene Sequences),2552,3,N,1,select_coverage,4.0,exact,1598,5362,1344.0,4698.0,1318,4619,N,101748
69,5,114,Molecular Biology (Splice-junction Gene Sequences),2552,3,N,1,select_coverage_CBA_M1,,DAC,462,1441,,,395,1279,N,11348
69,5,114,Molecular Biology (Splice-junction Gene Sequences),2552,3,N,1,select_coverage_CBA_M1,,exact,462,1441,395.0,1279.0,393,1273,EI,28636
69,5,114,Molecular Biology (Splice-junction Gene Sequences),2552,3,N,2,select_coverage,1.0,exact,470,1467,402.0,1303.0,399,1294,N,29144
69,5,114,Molecular Biology (Splice-junction Gene Sequences),2552,3,N,2,select_coverage,2.0,exact,869,2848,730.0,2497.0,724,2479,N,54680
69,5,114,Molecular Biology (Splice-junction Gene Sequences),2552,3,N,2,select_coverage,3.0,exact,1226,4064,1029.0,3557.0,1016,3518,N,77508
69,5,114,Molecular Biology (Splice-junction Gene Sequences),2552,3,N,2,select_coverage,4.0,exact,1598,5362,1344.0,4698.0,1318,4619,N,101748
69,5,114,Molecular Biology (Splice-junction Gene Sequences),2552,3,N,2,select_coverage_CBA_M1,,exact,271,1046,255.0,986.0,255,986,N,20256
69,5,133,Molecular Biology (Splice-junction Gene Sequences),2552,3,N,1,select_coverage,1.0,DAC,478,1471,,,412,1312,N,11660
69,5,133,Molecular Biology (Splice-junction Gene Sequences),2552,3,N,1,select_coverage,1.0,exact,478,1471,412.0,1312.0,410,1306,N,29564
69,5,133,Molecular Biology (Splice-junction Gene Sequences),2552,3,N,1,select_coverage,2.0,DAC,853,2734,,,713,2367,N,21212
69,5,133,Molecular Biology (Splice-junction Gene Sequences),2552,3,N,1,select_coverage,2.0,exact,853,2734,713.0,2367.0,707,2349,N,52640
69,5,133,Molecular Biology (Splice-junction Gene Sequences),2552,3,N,1,select_coverage,3.0,DAC,1220,3998,,,1006,3431,N,30672
69,5,133,Molecular Biology (Splice-junction Gene Sequences),2552,3,N,1,select_coverage,3.0,exact,1220,3998,1006.0,3431.0,992,3389,N,75488
69,5,133,Molecular Biology (Splice-junction Gene Sequences),2552,3,N,1,select_coverage,4.0,DAC,1585,5278,,,1305,4529,N,40172
69,5,133,Molecular Biology (Splice-junction Gene Sequences),2552,3,N,1,select_coverage,4.0,exact,1585,5278,1305.0,4529.0,1286,4472,N,98900
69,5,133,Molecular Biology (Splice-junction Gene Sequences),2552,3,N,1,select_coverage_CBA_M1,,DAC,466,1441,,,403,1288,N,11396
69,5,133,Molecular Biology (Splice-junction Gene Sequences),2552,3,N,1,select_coverage_CBA_M1,,exact,466,1441,403.0,1288.0,401,1282,N,28964
69,5,133,Molecular Biology (Splice-junction Gene Sequences),2552,3,N,2,select_coverage,1.0,exact,478,1471,412.0,1312.0,410,1306,N,29564
69,5,133,Molecular Biology (Splice-junction Gene Sequences),2552,3,N,2,select_coverage,2.0,exact,853,2734,713.0,2367.0,707,2349,N,52640
69,5,133,Molecular Biology (Splice-junction Gene Sequences),2552,3,N,2,select_coverage,3.0,exact,1220,3998,1006.0,3431.0,992,3389,N,75488
69,5,133,Molecular Biology (Splice-junction Gene Sequences),2552,3,N,2,select_coverage,4.0,exact,1585,5278,1305.0,4529.0,1286,4472,N,98900
69,5,133,Molecular Biology (Splice-junction Gene Sequences),2552,3,N,2,select_coverage_CBA_M1,,exact,216,924,204.0,873.0,204,873,N,17232
69,5,138,Molecular Biology (Splice-junction Gene Sequences),2552,3,N,1,select_coverage,1.0,DAC,495,1541,,,431,1367,N,12144
69,5,138,Molecular Biology (Splice-junction Gene Sequences),2552,3,N,1,select_coverage,1.0,exact,495,1541,431.0,1367.0,427,1355,N,30868
69,5,138,Molecular Biology (Splice-junction Gene Sequences),2552,3,N,1,select_coverage,2.0,DAC,855,2776,,,729,2441,N,21404
69,5,138,Molecular Biology (Splice-junction Gene Sequences),2552,3,N,1,select_coverage,2.0,exact,855,2776,729.0,2441.0,722,2420,N,53900
69,5,138,Molecular Biology (Splice-junction Gene Sequences),2552,3,N,1,select_coverage,3.0,DAC,1221,4030,,,1026,3521,N,30812
69,5,138,Molecular Biology (Splice-junction Gene Sequences),2552,3,N,1,select_coverage,3.0,exact,1221,4030,1026.0,3521.0,1012,3479,N,76976
69,5,138,Molecular Biology (Splice-junction Gene Sequences),2552,3,N,1,select_coverage,4.0,DAC,1568,5235,,,1320,4590,N,39796
69,5,138,Molecular Biology (Splice-junction Gene Sequences),2552,3,N,1,select_coverage,4.0,exact,1568,5235,1320.0,4590.0,1299,4527,N,99672
69,5,138,Molecular Biology (Splice-junction Gene Sequences),2552,3,N,1,select_coverage_CBA_M1,,DAC,478,1493,,,416,1323,N,11748
69,5,138,Molecular Biology (Splice-junction Gene Sequences),2552,3,N,1,select_coverage_CBA_M1,,exact,478,1493,416.0,1323.0,415,1320,N,29880
69,5,138,Molecular Biology (Splice-junction Gene Sequences),2552,3,N,2,select_coverage,1.0,exact,495,1541,431.0,1367.0,427,1355,N,30868
69,5,138,Molecular Biology (Splice-junction Gene Sequences),2552,3,N,2,select_coverage,2.0,exact,855,2776,729.0,2441.0,722,2420,N,53900
69,5,138,Molecular Biology (Splice-junction Gene Sequences),2552,3,N,2,select_coverage,3.0,exact,1221,4030,1026.0,3521.0,1012,3479,N,76976
69,5,138,Molecular Biology (Splice-junction Gene Sequences),2552,3,N,2,select_coverage,4.0,exact,1568,5235,1320.0,4590.0,1299,4527,N,99672
69,5,138,Molecular Biology (Splice-junction Gene Sequences),2552,3,N,2,select_coverage_CBA_M1,,exact,241,1012,221.0,926.0,221,926,N,18552
69,5,148,Molecular Biology (Splice-junction Gene Sequences),2552,3,N,1,select_coverage,1.0,DAC,471,1474,,,408,1309,N,11588
69,5,148,Molecular Biology (Splice-junction Gene Sequences),2552,3,N,1,select_coverage,1.0,exact,471,1474,408.0,1309.0,406,1303,N,29424
69,5,148,Molecular Biology (Splice-junction Gene Sequences),2552,3,N,1,select_coverage,2.0,DAC,854,2751,,,715,2391,N,21292
69,5,148,Molecular Biology (Splice-junction Gene Sequences),2552,3,N,1,select_coverage,2.0,exact,854,2751,715.0,2391.0,710,2375,N,52972
69,5,148,Molecular Biology (Splice-junction Gene Sequences),2552,3,N,1,select_coverage,3.0,DAC,1216,3997,,,1010,3462,N,30620
69,5,148,Molecular Biology (Splice-junction Gene Sequences),2552,3,N,1,select_coverage,3.0,exact,1216,3997,1010.0,3462.0,1004,3443,N,75952
69,5,148,Molecular Biology (Splice-junction Gene Sequences),2552,3,N,1,select_coverage,4.0,DAC,1574,5264,,,1307,4539,N,39984
69,5,148,Molecular Biology (Splice-junction Gene Sequences),2552,3,N,1,select_coverage,4.0,exact,1574,5264,1307.0,4539.0,1289,4483,N,98992
69,5,148,Molecular Biology (Splice-junction Gene Sequences),2552,3,N,1,select_coverage_CBA_M1,,DAC,453,1425,,,392,1264,N,11176
69,5,148,Molecular Biology (Splice-junction Gene Sequences),2552,3,N,1,select_coverage_CBA_M1,,exact,453,1425,392.0,1264.0,392,1264,N,28380
69,5,148,Molecular Biology (Splice-junction Gene Sequences),2552,3,N,2,select_coverage,1.0,exact,471,1474,408.0,1309.0,406,1303,N,29424
69,5,148,Molecular Biology (Splice-junction Gene Sequences),2552,3,N,2,select_coverage,2.0,exact,854,2751,715.0,2391.0,710,2375,N,52972
69,5,148,Molecular Biology (Splice-junction Gene Sequences),2552,3,N,2,select_coverage,3.0,exact,1216,3997,1010.0,3462.0,1004,3443,N,75952
69,5,148,Molecular Biology (Splice-junction Gene Sequences),2552,3,N,2,select_coverage,4.0,exact,1574,5264,1307.0,4539.0,1289,4483,N,98992
69,5,148,Molecular Biology (Splice-junction Gene Sequences),2552,3,N,2,select_coverage_CBA_M1,,exact,262,1036,244.0,961.0,244,961,N,19664
69,6,5,Molecular Biology (Splice-junction Gene Sequences),2552,3,N,1,select_coverage,1.0,DAC,525,1593,,,460,1439,N,12720
69,6,5,Molecular Biology (Splice-junction Gene Sequences),2552,3,N,1,select_coverage,1.0,exact,525,1593,460.0,1439.0,459,1436,EI,32616
69,6,5,Molecular Biology (Splice-junction Gene Sequences),2552,3,N,1,select_coverage,2.0,DAC,917,2865,,,772,2503,N,22512
69,6,5,Molecular Biology (Splice-junction Gene Sequences),2552,3,N,1,select_coverage,2.0,exact,917,2865,772.0,2503.0,766,2485,EI,56140
69,6,5,Molecular Biology (Splice-junction Gene Sequences),2552,3,N,1,select_coverage,3.0,DAC,1294,4140,,,1076,3575,N,32136
69,6,5,Molecular Biology (Splice-junction Gene Sequences),2552,3,N,1,select_coverage,3.0,exact,1294,4140,1076.0,3575.0,1063,3536,EI,79460
69,6,5,Molecular Biology (Splice-junction Gene Sequences),2552,3,N,1,select_coverage,4.0,DAC,1684,5470,,,1390,4702,N,42136
69,6,5,Molecular Biology (Splice-junction Gene Sequences),2552,3,N,1,select_coverage,4.0,exact,1684,5470,1390.0,4702.0,1372,4648,EI,103784
69,6,5,Molecular Biology (Splice-junction Gene Sequences),2552,3,N,1,select_coverage_CBA_M1,,DAC,505,1550,,,445,1406,N,12308
69,6,5,Molecular Biology (Splice-junction Gene Sequences),2552,3,N,1,select_coverage_CBA_M1,,exact,505,1550,445.0,1406.0,444,1403,EI,31700
69,6,5,Molecular Biology (Splice-junction Gene Sequences),2552,3,N,2,select_coverage,1.0,exact,525,1593,460.0,1439.0,459,1436,EI,32616
69,6,5,Molecular Biology (Splice-junction Gene Sequences),2552,3,N,2,select_coverage,2.0,exact,917,2865,772.0,2503.0,766,2485,EI,56140
69,6,5,Molecular Biology (Splice-junction Gene Sequences),2552,3,N,2,select_coverage,3.0,exact,1294,4140,1076.0,3575.0,1063,3536,EI,79460
69,6,5,Molecular Biology (Splice-junction Gene Sequences),2552,3,N,2,select_coverage,4.0,exact,1684,5470,1390.0,4702.0,1372,4648,EI,103784
69,6,5,Molecular Biology (Splice-junction Gene Sequences),2552,3,N,2,select_coverage_CBA_M1,,exact,292,1118,280.0,1070.0,280,1070,N,22016
69,6,14,Molecular Biology (Splice-junction Gene Sequences),2552,3,N,1,select_coverage,1.0,DAC,518,1560,,,451,1381,N,12504
69,6,14,Molecular Biology (Splice-junction Gene Sequences),2552,3,N,1,select_coverage,1.0,exact,518,1560,451.0,1381.0,447,1369,N,31696
69,6,14,Molecular Biology (Splice-junction Gene Sequences),2552,3,N,1,select_coverage,2.0,DAC,927,2846,,,781,2472,N,22556
69,6,14,Molecular Biology (Splice-junction Gene Sequences),2552,3,N,1,select_coverage,2.0,exact,927,2846,781.0,2472.0,773,2449,N,56084
69,6,14,Molecular Biology (Splice-junction Gene Sequences),2552,3,N,1,select_coverage,3.0,DAC,1285,4051,,,1070,3493,EI,31672
69,6,14,Molecular Biology (Splice-junction Gene Sequences),2552,3,N,1,select_coverage,3.0,exact,1285,4051,1070.0,3493.0,1061,3467,N,78308
69,6,14,Molecular Biology (Splice-junction Gene Sequences),2552,3,N,1,select_coverage,4.0,DAC,1647,5229,,,1355,4470,EI,40728
69,6,14,Molecular Biology (Splice-junction Gene Sequences),2552,3,N,1,select_coverage,4.0,exact,1647,5229,1355.0,4470.0,1340,4426,N,99884
69,6,14,Molecular Biology (Splice-junction Gene Sequences),2552,3,N,1,select_coverage_CBA_M1,,DAC,505,1524,,,440,1349,N,12204
69,6,14,Molecular Biology (Splice-junction Gene Sequences),2552,3,N,1,select_coverage_CBA_M1,,exact,505,1524,440.0,1349.0,438,1343,N,30968
69,6,14,Molecular Biology (Splice-junction Gene Sequences),2552,3,N,2,select_coverage,1.0,exact,518,1560,451.0,1381.0,447,1369,N,31696
69,6,14,Molecular Biology (Splice-junction Gene Sequences),2552,3,N,2,select_coverage,2.0,exact,927,2846,781.0,2472.0,773,2449,N,56084
69,6,14,Molecular Biology (Splice-junction Gene Sequences),2552,3,N,2,select_coverage,3.0,exact,1285,4051,1070.0,3493.0,1061,3467,N,78308
69,6,14,Molecular Biology (Splice-junction Gene Sequences),2552,3,N,2,select_coverage,4.0,exact,1647,5229,1355.0,4470.0,1340,4426,N,99884
69,6,14,Molecular Biology (Splice-junction Gene Sequences),2552,3,N,2,select_coverage_CBA_M1,,exact,304,1119,279.0,1024.0,278,1021,N,21608
69,6,17,Molecular Biology (Splice-junction Gene Sequences),2552,3,N,1,select_coverage,1.0,DAC,508,1543,,,445,1386,N,12316
69,6,17,Molecular Biology (Splice-junction Gene Sequences),2552,3,N,1,select_coverage,1.0,exact,508,1543,445.0,1386.0,444,1383,N,31512
69,6,17,Molecular Biology (Splice-junction Gene Sequences),2552,3,N,1,select_coverage,2.0,DAC,886,2766,,,750,2419,N,21744
69,6,17,Molecular Biology (Splice-junction Gene Sequences),2552,3,N,1,select_coverage,2.0,exact,886,2766,750.0,2419.0,744,2401,N,54368
69,6,17,Molecular Biology (Splice-junction Gene Sequences),2552,3,N,1,select_coverage,3.0,DAC,1227,3927,,,1026,3407,N,30480
69,6,17,Molecular Biology (Splice-junction Gene Sequences),2552,3,N,1,select_coverage,3.0,exact,1227,3927,1026.0,3407.0,1016,3377,N,75700
69,6,17,Molecular Biology (Splice-junction Gene Sequences),2552,3,N,1,select_coverage,4.0,DAC,1622,5260,,,1338,4525,N,40552
69,6,17,Molecular Biology (Splice-junction Gene Sequences),2552,3,N,1,select_coverage,4.0,exact,1622,5260,1338.0,4525.0,1317,4462,N,99828
69,6,17,Molecular Biology (Splice-junction Gene Sequences),2552,3,N,1,select_coverage_CBA_M1,,DAC,481,1480,,,426,1339,N,11740
69,6,17,Molecular Biology (Splice-junction Gene Sequences),2552,3,N,1,select_coverage_CBA_M1,,exact,481,1480,426.0,1339.0,426,1339,N,30288
69,6,17,Molecular Biology (Splice-junction Gene Sequences),2552,3,N,2,select_coverage,1.0,exact,508,1543,445.0,1386.0,444,1383,N,31512
69,6,17,Molecular Biology (Splice-junction Gene Sequences),2552,3,N,2,select_coverage,2.0,exact,886,2766,750.0,2419.0,744,2401,N,54368
69,6,17,Molecular Biology (Splice-junction Gene Sequences),2552,3,N,2,select_coverage,3.0,exact,1227,3927,1026.0,3407.0,1016,3377,N,75700
69,6,17,Molecular Biology (Splice-junction Gene Sequences),2552,3,N,2,select_coverage,4.0,exact,1622,5260,1338.0,4525.0,1317,4462,N,99828
69,6,17,Molecular Biology (Splice-junction Gene Sequences),2552,3,N,2,select_coverage_CBA_M1,,exact,225,962,210.0,901.0,210,901,N,17800
69,6,19,Molecular Biology (Splice-junction Gene Sequences),2552,3,N,1,select_coverage,1.0,DAC,506,1527,,,439,1346,N,12228
69,6,19,Molecular Biology (Splice-junction Gene Sequences),2552,3,N,1,select_coverage,1.0,exact,506,1527,439.0,1346.0,435,1334,N,30900
69,6,19,Molecular Biology (Splice-junction Gene Sequences),2552,3,N,1,select_coverage,2.0,DAC,908,2819,,,770,2464,N,22220
69,6,19,Molecular Biology (Splice-junction Gene Sequences),2552,3,N,1,select_coverage,2.0,exact,908,2819,770.0,2464.0,753,2412,N,55444
69,6,19,Molecular Biology (Splice-junction Gene Sequences),2552,3,N,1,select_coverage,3.0,DAC,1285,4044,,,1055,3443,N,31644
69,6,19,Molecular Biology (Splice-junction Gene Sequences),2552,3,N,1,select_coverage,3.0,exact,1285,4044,1055.0,3443.0,1027,3357,N,77160
69,6,19,Molecular Biology (Splice-junction Gene Sequences),2552,3,N,1,select_coverage,4.0,DAC,1665,5302,,,1357,4509,N,41236
69,6,19,Molecular Biology (Splice-junction Gene Sequences),2552,3,N,1,select_coverage,4.0,exact,1665,5302,1357.0,4509.0,1314,4378,N,100204
69,6,19,Molecular Biology (Splice-junction Gene Sequences),2552,3,N,1,select_coverage_CBA_M1,,DAC,496,1498,,,429,1317,N,11992
69,6,19,Molecular Biology (Splice-junction Gene Sequences),2552,3,N,1,select_coverage_CBA_M1,,exact,496,1498,429.0,1317.0,425,1305,EI,30232
69,6,19,Molecular Biology (Splice-junction Gene Sequences),2552,3,N,2,select_coverage,1.0,exact,506,1527,439.0,1346.0,435,1334,N,30900
69,6,19,Molecular Biology (Splice-junction Gene Sequences),2552,3,N,2,select_coverage,2.0,exact,908,2819,770.0,2464.0,753,2412,N,55444
69,6,19,Molecular Biology (Splice-junction Gene Sequences),2552,3,N,2,select_coverage,3.0,exact,1285,4044,1055.0,3443.0,1027,3357,N,77160
69,6,19,Molecular Biology (Splice-junction Gene Sequences),2552,3,N,2,select_coverage,4.0,exact,1665,5302,1357.0,4509.0,1314,4378,N,100204
69,6,19,Molecular Biology (Splice-junction Gene Sequences),2552,3,N,2,select_coverage_CBA_M1,,exact,310,1119,283.0,1018.0,283,1018,N,21700
69,6,29,Molecular Biology (Splice-junction Gene Sequences),2552,3,N,1,select_coverage,1.0,DAC,509,1547,,,453,1384,EI,12344
69,6,29,Molecular Biology (Splice-junction Gene Sequences),2552,3,N,1,select_coverage,1.0,exact,509,1547,453.0,1384.0,452,1381,EI,31768
69,6,29,Molecular Biology (Splice-junction Gene Sequences),2552,3,N,1,select_coverage,2.0,DAC,910,2888,,,783,2540,EI,22520
69,6,29,Molecular Biology (Splice-junction Gene Sequences),2552,3,N,1,select_coverage,2.0,exact,910,2888,783.0,2540.0,777,2522,EI,56880
69,6,29,Molecular Biology (Splice-junction Gene Sequences),2552,3,N,1,select_coverage,3.0,DAC,1308,4242,,,1099,3669,EI,32712
69,6,29,Molecular Biology (Splice-junction Gene Sequences),2552,3,N,1,select_coverage,3.0,exact,1308,4242,1099.0,3669.0,1083,3621,EI,81320
69,6,29,Molecular Biology (Splice-junction Gene Sequences),2552,3,N,1,select_coverage,4.0,DAC,1701,5589,,,1415,4800,EI,42816
69,6,29,Molecular Biology (Splice-junction Gene Sequences),2552,3,N,1,select_coverage,4.0,exact,1701,5589,1415.0,4800.0,1384,4707,EI,105688
69,6,29,Molecular Biology (Splice-junction Gene Sequences),2552,3,N,1,select_coverage_CBA_M1,,DAC,481,1480,,,429,1325,N,11740
69,6,29,Molecular Biology (Splice-junction Gene Sequences),2552,3,N,1,select_coverage_CBA_M1,,exact,481,1480,429.0,1325.0,429,1325,EI,30272
69,6,29,Molecular Biology (Splice-junction Gene Sequences),2552,3,N,2,select_coverage,1.0,exact,509,1547,453.0,1384.0,452,1381,EI,31768
69,6,29,Molecular Biology (Splice-junction Gene Sequences),2552,3,N,2,select_coverage,2.0,exact,910,2888,783.0,2540.0,777,2522,EI,56880
69,6,29,Molecular Biology (Splice-junction Gene Sequences),2552,3,N,2,select_coverage,3.0,exact,1308,4242,1099.0,3669.0,1083,3621,EI,81320
69,6,29,Molecular Biology (Splice-junction Gene Sequences),2552,3,N,2,select_coverage,4.0,exact,1701,5589,1415.0,4800.0,1384,4707,EI,105688
69,6,29,Molecular Biology (Splice-junction Gene Sequences),2552,3,N,2,select_coverage_CBA_M1,,exact,271,1061,247.0,962.0,247,962,N,19868
69,6,31,Molecular Biology (Splice-junction Gene Sequences),2552,3,N,1,select_coverage,1.0,DAC,533,1631,,,464,1439,N,12968
69,6,31,Molecular Biology (Splice-junction Gene Sequences),2552,3,N,1,select_coverage,1.0,exact,533,1631,464.0,1439.0,460,1426,EI,32856
69,6,31,Molecular Biology (Splice-junction Gene Sequences),2552,3,N,1,select_coverage,2.0,DAC,931,2932,,,785,2529,EI,22948
69,6,31,Molecular Biology (Splice-junction Gene Sequences),2552,3,N,1,select_coverage,2.0,exact,931,2932,785.0,2529.0,777,2504,EI,57004
69,6,31,Molecular Biology (Splice-junction Gene Sequences),2552,3,N,1,select_coverage,3.0,DAC,1313,4196,,,1083,3568,EI,32588
69,6,31,Molecular Biology (Splice-junction Gene Sequences),2552,3,N,1,select_coverage,3.0,exact,1313,4196,1083.0,3568.0,1065,3513,EI,79788
69,6,31,Molecular Biology (Splice-junction Gene Sequences),2552,3,N,1,select_coverage,4.0,DAC,1702,5494,,,1393,4658,EI,42448
69,6,31,Molecular Biology (Splice-junction Gene Sequences),2552,3,N,1,select_coverage,4.0,exact,1702,5494,1393.0,4658.0,1358,4552,EI,103416
69,6,31,Molecular Biology (Splice-junction Gene Sequences),2552,3,N,1,select_coverage_CBA_M1,,DAC,513,1584,,,450,1404,N,12540
69,6,31,Molecular Biology (Splice-junction Gene Sequences),2552,3,N,1,select_coverage_CBA_M1,,exact,513,1584,450.0,1404.0,447,1395,EI,31956
69,6,31,Molecular Biology (Splice-junction Gene Sequences),2552,3,N,2,select_coverage,1.0,exact,533,1631,464.0,1439.0,460,1426,EI,32856
69,6,31,Molecular Biology (Splice-junction Gene Sequences),2552,3,N,2,select_coverage,2.0,exact,931,2932,785.0,2529.0,777,2504,EI,57004
69,6,31,Molecular Biology (Splice-junction Gene Sequences),2552,3,N,2,select_coverage,3.0,exact,1313,4196,1083.0,3568.0,1065,3513,EI,79788
69,6,31,Molecular Biology (Splice-junction Gene Sequences),2552,3,N,2,select_coverage,4.0,exact,1702,5494,1393.0,4658.0,1358,4552,EI,103416
69,6,31,Molecular Biology (Splice-junction Gene Sequences),2552,3,N,2,select_coverage_CBA_M1,,exact,293,1140,267.0,1034.0,266,1030,N,21384
69,6,34,Molecular Biology (Splice-junction Gene Sequences),2552,3,N,1,select_coverage,1.0,DAC,518,1597,,,454,1408,N,12652
69,6,34,Molecular Biology (Splice-junction Gene Sequences),2552,3,N,1,select_coverage,1.0,exact,518,1597,454.0,1408.0,454,1408,N,32204
69,6,34,Molecular Biology (Splice-junction Gene Sequences),2552,3,N,1,select_coverage,2.0,DAC,912,2887,,,782,2535,N,22540
69,6,34,Molecular Biology (Splice-junction Gene Sequences),2552,3,N,1,select_coverage,2.0,exact,912,2887,782.0,2535.0,775,2514,N,56792
69,6,34,Molecular Biology (Splice-junction Gene Sequences),2552,3,N,1,select_coverage,3.0,DAC,1285,4111,,,1070,3539,N,31912
69,6,34,Molecular Biology (Splice-junction Gene Sequences),2552,3,N,1,select_coverage,3.0,exact,1285,4111,1070.0,3539.0,1052,3485,N,78804
69,6,34,Molecular Biology (Splice-junction Gene Sequences),2552,3,N,1,select_coverage,4.0,DAC,1659,5410,,,1375,4651,N,41596
69,6,34,Molecular Biology (Splice-junction Gene Sequences),2552,3,N,1,select_coverage,4.0,exact,1659,5410,1375.0,4651.0,1348,4570,N,102548
69,6,34,Molecular Biology (Splice-junction Gene Sequences),2552,3,N,1,select_coverage_CBA_M1,,DAC,502,1554,,,439,1367,N,12288
69,6,34,Molecular Biology (Splice-junction Gene Sequences),2552,3,N,1,select_coverage_CBA_M1,,exact,502,1554,439.0,1367.0,439,1367,EI,31224
69,6,34,Molecular Biology (Splice-junction Gene Sequences),2552,3,N,2,select_coverage,1.0,exact,518,1597,454.0,1408.0,454,1408,N,32204
69,6,34,Molecular Biology (Splice-junction Gene Sequences),2552,3,N,2,select_coverage,2.0,exact,912,2887,782.0,2535.0,775,2514,N,56792
69,6,34,Molecular Biology (Splice-junction Gene Sequences),2552,3,N,2,select_coverage,3.0,exact,1285,4111,1070.0,3539.0,1052,3485,N,78804
69,6,34,Molecular Biology (Splice-junction Gene Sequences),2552,3,N,2,select_coverage,4.0,exact,1659,5410,1375.0,4651.0,1348,4570,N,102548
69,6,34,Molecular Biology (Splice-junction Gene Sequences),2552,3,N,2,select_coverage_CBA_M1,,exact,355,1250,320.0,1119.0,320,1119,N,24216
69,6,42,Molecular Biology (Splice-junction Gene Sequences),2552,3,N,1,select_coverage,1.0,DAC,508,1515,,,441,1335,N,12204
69,6,42,Molecular Biology (Splice-junction Gene Sequences),2552,3,N,1,select_coverage,1.0,exact,508,1515,441.0,1335.0,439,1330,N,30856
69,6,42,Molecular Biology (Splice-junction Gene Sequences),2552,3,N,1,select_coverage,2.0,DAC,904,2777,,,755,2394,N,22004
69,6,42,Molecular Biology (Splice-junction Gene Sequences),2552,3,N,1,select_coverage,2.0,exact,904,2777,755.0,2394.0,747,2371,N,54352
69,6,42,Molecular Biology (Splice-junction Gene Sequences),2552,3,N,1,select_coverage,3.0,DAC,1282,4022,,,1047,3404,EI,31520
69,6,42,Molecular Biology (Splice-junction Gene Sequences),2552,3,N,1,select_coverage,3.0,exact,1282,4022,1047.0,3404.0,1034,3366,N,76696
69,6,42,Molecular Biology (Splice-junction Gene Sequences),2552,3,N,1,select_coverage,4.0,DAC,1655,5297,,,1341,4464,EI,41096
69,6,42,Molecular Biology (Splice-junction Gene Sequences),2552,3,N,1,select_coverage,4.0,exact,1655,5297,1341.0,4464.0,1318,4396,N,99564
69,6,42,Molecular Biology (Splice-junction Gene Sequences),2552,3,N,1,select_coverage_CBA_M1,,DAC,482,1450,,,418,1276,N,11632
69,6,42,Molecular Biology (Splice-junction Gene Sequences),2552,3,N,1,select_coverage_CBA_M1,,exact,482,1450,418.0,1276.0,417,1274,EI,29400
69,6,42,Molecular Biology (Splice-junction Gene Sequences),2552,3,N,2,select_coverage,1.0,exact,508,1515,441.0,1335.0,439,1330,N,30856
69,6,42,Molecular Biology (Splice-junction Gene Sequences),2552,3,N,2,select_coverage,2.0,exact,904,2777,755.0,2394.0,747,2371,N,54352
69,6,42,Molecular Biology (Splice-junction Gene Sequences),2552,3,N,2,select_coverage,3.0,exact,1282,4022,1047.0,3404.0,1034,3366,N,76696
69,6,42,Molecular Biology (Splice-junction Gene Sequences),2552,3,N,2,select_coverage,4.0,exact,1655,5297,1341.0,4464.0,1318,4396,N,99564
69,6,42,Molecular Biology (Splice-junction Gene Sequences),2552,3,N,2,select_coverage_CBA_M1,,exact,265,1018,243.0,928.0,243,928,N,19296
69,6,49,Molecular Biology (Splice-junction Gene Sequences),2552,3,N,1,select_coverage,1.0,DAC,516,1570,,,450,1385,N,12520
69,6,49,Molecular Biology (Splice-junction Gene Sequences),2552,3,N,1,select_coverage,1.0,exact,516,1570,450.0,1385.0,449,1382,N,31772
69,6,49,Molecular Biology (Splice-junction Gene Sequences),2552,3,N,1,select_coverage,2.0,DAC,912,2879,,,764,2481,N,22508
69,6,49,Molecular Biology (Splice-junction Gene Sequences),2552,3,N,1,select_coverage,2.0,exact,912,2879,764.0,2481.0,760,2469,N,55788
69,6,49,Molecular Biology (Splice-junction Gene Sequences),2552,3,N,1,select_coverage,3.0,DAC,1304,4201,,,1089,3626,N,32500
69,6,49,Molecular Biology (Splice-junction Gene Sequences),2552,3,N,1,select_coverage,3.0,exact,1304,4201,1089.0,3626.0,1078,3593,N,80552
69,6,49,Molecular Biology (Splice-junction Gene Sequences),2552,3,N,1,select_coverage,4.0,DAC,1679,5478,,,1392,4705,N,42108
69,6,49,Molecular Biology (Splice-junction Gene Sequences),2552,3,N,1,select_coverage,4.0,exact,1679,5478,1392.0,4705.0,1374,4651,N,103904
69,6,49,Molecular Biology (Splice-junction Gene Sequences),2552,3,N,1,select_coverage_CBA_M1,,DAC,499,1526,,,434,1343,N,12140
69,6,49,Molecular Biology (Splice-junction Gene Sequences),2552,3,N,1,select_coverage_CBA_M1,,exact,499,1526,434.0,1343.0,433,1340,EI,30748
69,6,49,Molecular Biology (Splice-junction Gene Sequences),2552,3,N,2,select_coverage,1.0,exact,516,1570,450.0,1385.0,449,1382,N,31772
69,6,49,Molecular Biology (Splice-junction Gene Sequences),2552,3,N,2,select_coverage,2.0,exact,912,2879,764.0,2481.0,760,2469,N,55788
69,6,49,Molecular Biology (Splice-junction Gene Sequences),2552,3,N,2,select_coverage,3.0,exact,1304,4201,1089.0,3626.0,1078,3593,N,80552
69,6,49,Molecular Biology (Splice-junction Gene Sequences),2552,3,N,2,select_coverage,4.0,exact,1679,5478,1392.0,4705.0,1374,4651,N,103904
69,6,49,Molecular Biology (Splice-junction Gene Sequences),2552,3,N,2,select_coverage_CBA_M1,,exact,271,1069,246.0,966.0,246,966,N,19900
69,6,63,Molecular Biology (Splice-junction Gene Sequences),2552,3,N,1,select_coverage,1.0,DAC,505,1514,,,440,1351,EI,12164
69,6,63,Molecular Biology (Splice-junction Gene Sequences),2552,3,N,1,select_coverage,1.0,exact,505,1514,440.0,1351.0,438,1345,EI,30944
69,6,63,Molecular Biology (Splice-junction Gene Sequences),2552,3,N,1,select_coverage,2.0,DAC,898,2794,,,760,2435,EI,22000
69,6,63,Molecular Biology (Splice-junction Gene Sequences),2552,3,N,1,select_coverage,2.0,exact,898,2794,760.0,2435.0,755,2420,EI,54940
69,6,63,Molecular Biology (Splice-junction Gene Sequences),2552,3,N,1,select_coverage,3.0,DAC,1244,3944,,,1038,3405,EI,30752
69,6,63,Molecular Biology (Splice-junction Gene Sequences),2552,3,N,1,select_coverage,3.0,exact,1244,3944,1038.0,3405.0,1026,3369,EI,76112
69,6,63,Molecular Biology (Splice-junction Gene Sequences),2552,3,N,1,select_coverage,4.0,DAC,1632,5278,,,1348,4518,EI,40744
69,6,63,Molecular Biology (Splice-junction Gene Sequences),2552,3,N,1,select_coverage,4.0,exact,1632,5278,1348.0,4518.0,1322,4440,EI,100104
69,6,63,Molecular Biology (Splice-junction Gene Sequences),2552,3,N,1,select_coverage_CBA_M1,,DAC,494,1487,,,430,1326,N,11924
69,6,63,Molecular Biology (Splice-junction Gene Sequences),2552,3,N,1,select_coverage_CBA_M1,,exact,494,1487,430.0,1326.0,429,1323,EI,30328
69,6,63,Molecular Biology (Splice-junction Gene Sequences),2552,3,N,2,select_coverage,1.0,exact,505,1514,440.0,1351.0,438,1345,EI,30944
69,6,63,Molecular Biology (Splice-junction Gene Sequences),2552,3,N,2,select_coverage,2.0,exact,898,2794,760.0,2435.0,755,2420,EI,54940
69,6,63,Molecular Biology (Splice-junction Gene Sequences),2552,3,N,2,select_coverage,3.0,exact,1244,3944,1038.0,3405.0,1026,3369,EI,76112
69,6,63,Molecular Biology (Splice-junction Gene Sequences),2552,3,N,2,select_coverage,4.0,exact,1632,5278,1348.0,4518.0,1322,4440,EI,100104
69,6,63,Molecular Biology (Splice-junction Gene Sequences),2552,3,N,2,select_coverage_CBA_M1,,exact,282,1057,265.0,990.0,265,990,N,20652
69,6,64,Molecular Biology (Splice-junction Gene Sequences),2552,3,N,1,select_coverage,1.0,DAC,519,1565,,,453,1389,N,12536
69,6,64,Molecular Biology (Splice-junction Gene Sequences),2552,3,N,1,select_coverage,1.0,exact,519,1565,453.0,1389.0,450,1380,N,31856
69,6,64,Molecular Biology (Splice-junction Gene Sequences),2552,3,N,1,select_coverage,2.0,DAC,889,2765,,,752,2398,N,21776
69,6,64,Molecular Biology (Splice-junction Gene Sequences),2552,3,N,1,select_coverage,2.0,exact,889,2765,752.0,2398.0,739,2359,N,54176
69,6,64,Molecular Biology (Splice-junction Gene Sequences),2552,3,N,1,select_coverage,3.0,DAC,1272,4039,,,1056,3473,N,31468
69,6,64,Molecular Biology (Splice-junction Gene Sequences),2552,3,N,1,select_coverage,3.0,exact,1272,4039,1056.0,3473.0,1036,3413,N,77516
69,6,64,Molecular Biology (Splice-junction Gene Sequences),2552,3,N,1,select_coverage,4.0,DAC,1654,5329,,,1361,4563,N,41212
69,6,64,Molecular Biology (Splice-junction Gene Sequences),2552,3,N,1,select_coverage,4.0,exact,1654,5329,1361.0,4563.0,1324,4452,N,100952
69,6,64,Molecular Biology (Splice-junction Gene Sequences),2552,3,N,1,select_coverage_CBA_M1,,DAC,499,1503,,,436,1333,N,12048
69,6,64,Molecular Biology (Splice-junction Gene Sequences),2552,3,N,1,select_coverage_CBA_M1,,exact,499,1503,436.0,1333.0,434,1327,N,30628
69,6,64,Molecular Biology (Splice-junction Gene Sequences),2552,3,N,2,select_coverage,1.0,exact,519,1565,453.0,1389.0,450,1380,N,31856
69,6,64,Molecular Biology (Splice-junction Gene Sequences),2552,3,N,2,select_coverage,2.0,exact,889,2765,752.0,2398.0,739,2359,N,54176
69,6,64,Molecular Biology (Splice-junction Gene Sequences),2552,3,N,2,select_coverage,3.0,exact,1272,4039,1056.0,3473.0,1036,3413,N,77516
69,6,64,Molecular Biology (Splice-junction Gene Sequences),2552,3,N,2,select_coverage,4.0,exact,1654,5329,1361.0,4563.0,1324,4452,N,100952
69,6,64,Molecular Biology (Splice-junction Gene Sequences),2552,3,N,2,select_coverage_CBA_M1,,exact,243,998,222.0,912.0,222,912,N,18416
69,6,65,Molecular Biology (Splice-junction Gene Sequences),2552,3,N,1,select_coverage,1.0,DAC,532,1605,,,468,1438,N,12852
69,6,65,Molecular Biology (Splice-junction Gene Sequences),2552,3,N,1,select_coverage,1.0,exact,532,1605,468.0,1438.0,463,1423,N,32864
69,6,65,Molecular Biology (Splice-junction Gene Sequences),2552,3,N,1,select_coverage,2.0,DAC,901,2787,,,771,2436,N,22008
69,6,65,Molecular Biology (Splice-junction Gene Sequences),2552,3,N,1,select_coverage,2.0,exact,901,2787,771.0,2436.0,762,2409,N,55224
69,6,65,Molecular Biology (Splice-junction Gene Sequences),2552,3,N,1,select_coverage,3.0,DAC,1269,4042,,,1065,3488,EI,31444
69,6,65,Molecular Biology (Splice-junction Gene Sequences),2552,3,N,1,select_coverage,3.0,exact,1269,4042,1065.0,3488.0,1049,3440,N,77984
69,6,65,Molecular Biology (Splice-junction Gene Sequences),2552,3,N,1,select_coverage,4.0,DAC,1625,5234,,,1343,4454,EI,40484
69,6,65,Molecular Biology (Splice-junction Gene Sequences),2552,3,N,1,select_coverage,4.0,exact,1625,5234,1343.0,4454.0,1314,4367,N,99220
69,6,65,Molecular Biology (Splice-junction Gene Sequences),2552,3,N,1,select_coverage_CBA_M1,,DAC,518,1568,,,455,1403,N,12536
69,6,65,Molecular Biology (Splice-junction Gene Sequences),2552,3,N,1,select_coverage_CBA_M1,,exact,518,1568,455.0,1403.0,455,1403,EI,32080
69,6,65,Molecular Biology (Splice-junction Gene Sequences),2552,3,N,2,select_coverage,1.0,exact,532,1605,468.0,1438.0,463,1423,N,32864
69,6,65,Molecular Biology (Splice-junction Gene Sequences),2552,3,N,2,select_coverage,2.0,exact,901,2787,771.0,2436.0,762,2409,N,55224
69,6,65,Molecular Biology (Splice-junction Gene Sequences),2552,3,N,2,select_coverage,3.0,exact,1269,4042,1065.0,3488.0,1049,3440,N,77984
69,6,65,Molecular Biology (Splice-junction Gene Sequences),2552,3,N,2,select_coverage,4.0,exact,1625,5234,1343.0,4454.0,1314,4367,N,99220
69,6,65,Molecular Biology (Splice-junction Gene Sequences),2552,3,N,2,select_coverage_CBA_M1,,exact,291,1107,268.0,1022.0,267,1019,N,21192
69,6,68,Molecular Biology (Splice-junction Gene Sequences),2552,3,N,1,select_coverage,1.0,DAC,518,1580,,,456,1422,N,12584
69,6,68,Molecular Biology (Splice-junction Gene Sequences),2552,3,N,1,select_coverage,1.0,exact,518,1580,456.0,1422.0,453,1412,EI,32272
69,6,68,Molecular Biology (Splice-junction Gene Sequences),2552,3,N,1,select_coverage,2.0,DAC,922,2864,,,775,2483,N,22568
69,6,68,Molecular Biology (Splice-junction Gene Sequences),2552,3,N,1,select_coverage,2.0,exact,922,2864,775.0,2483.0,763,2446,EI,55996
69,6,68,Molecular Biology (Splice-junction Gene Sequences),2552,3,N,1,select_coverage,3.0,DAC,1306,4123,,,1081,3533,EI,32212
69,6,68,Molecular Biology (Splice-junction Gene Sequences),2552,3,N,1,select_coverage,3.0,exact,1306,4123,1081.0,3533.0,1064,3481,EI,79164
69,6,68,Molecular Biology (Splice-junction Gene Sequences),2552,3,N,1,select_coverage,4.0,DAC,1703,5473,,,1401,4691,EI,42376
69,6,68,Molecular Biology (Splice-junction Gene Sequences),2552,3,N,1,select_coverage,4.0,exact,1703,5473,1401.0,4691.0,1370,4597,EI,103900
69,6,68,Molecular Biology (Splice-junction Gene Sequences),2552,3,N,1,select_coverage_CBA_M1,,DAC,507,1541,,,446,1385,IE,12296
69,6,68,Molecular Biology (Splice-junction Gene Sequences),2552,3,N,1,select_coverage_CBA_M1,,exact,507,1541,446.0,1385.0,446,1385,EI,31540
69,6,68,Molecular Biology (Splice-junction Gene Sequences),2552,3,N,2,select_coverage,1.0,exact,518,1580,456.0,1422.0,453,1412,EI,32272
69,6,68,Molecular Biology (Splice-junction Gene Sequences),2552,3,N,2,select_coverage,2.0,exact,922,2864,775.0,2483.0,763,2446,EI,55996
69,6,68,Molecular Biology (Splice-junction Gene Sequences),2552,3,N,2,select_coverage,3.0,exact,1306,4123,1081.0,3533.0,1064,3481,EI,79164
69,6,68,Molecular Biology (Splice-junction Gene Sequences),2552,3,N,2,select_coverage,4.0,exact,1703,5473,1401.0,4691.0,1370,4597,EI,103900
69,6,68,Molecular Biology (Splice-junction Gene Sequences),2552,3,N,2,select_coverage_CBA_M1,,exact,315,1163,296.0,1091.0,295,1087,N,22860
69,6,74,Molecular Biology (Splice-junction Gene Sequences),2552,3,N,1,select_coverage,1.0,DAC,516,1578,,,454,1412,N,12552
69,6,74,Molecular Biology (Splice-junction Gene Sequences),2552,3,N,1,select_coverage,1.0,exact,516,1578,454.0,1412.0,453,1409,N,32148
69,6,74,Molecular Biology (Splice-junction Gene Sequences),2552,3,N,1,select_coverage,2.0,DAC,904,2847,,,765,2471,N,22284
69,6,74,Molecular Biology (Splice-junction Gene Sequences),2552,3,N,1,select_coverage,2.0,exact,904,2847,765.0,2471.0,759,2452,N,55584
69,6,74,Molecular Biology (Splice-junction Gene Sequences),2552,3,N,1,select_coverage,3.0,DAC,1282,4092,,,1065,3485,N,31800
69,6,74,Molecular Biology (Splice-junction Gene Sequences),2552,3,N,1,select_coverage,3.0,exact,1282,4092,1065.0,3485.0,1052,3445,N,78192
69,6,74,Molecular Biology (Splice-junction Gene Sequences),2552,3,N,1,select_coverage,4.0,DAC,1672,5406,,,1385,4609,N,41736
69,6,74,Molecular Biology (Splice-junction Gene Sequences),2552,3,N,1,select_coverage,4.0,exact,1672,5406,1385.0,4609.0,1366,4551,N,102608
69,6,74,Molecular Biology (Splice-junction Gene Sequences),2552,3,N,1,select_coverage_CBA_M1,,DAC,503,1542,,,444,1382,N,12252
69,6,74,Molecular Biology (Splice-junction Gene Sequences),2552,3,N,1,select_coverage_CBA_M1,,exact,503,1542,444.0,1382.0,443,1379,EI,31444
69,6,74,Molecular Biology (Splice-junction Gene Sequences),2552,3,N,2,select_coverage,1.0,exact,516,1578,454.0,1412.0,453,1409,N,32148
69,6,74,Molecular Biology (Splice-junction Gene Sequences),2552,3,N,2,select_coverage,2.0,exact,904,2847,765.0,2471.0,759,2452,N,55584
69,6,74,Molecular Biology (Splice-junction Gene Sequences),2552,3,N,2,select_coverage,3.0,exact,1282,4092,1065.0,3485.0,1052,3445,N,78192
69,6,74,Molecular Biology (Splice-junction Gene Sequences),2552,3,N,2,select_coverage,4.0,exact,1672,5406,1385.0,4609.0,1366,4551,N,102608
69,6,74,Molecular Biology (Splice-junction Gene Sequences),2552,3,N,2,select_coverage_CBA_M1,,exact,292,1117,272.0,1035.0,272,1035,N,21476
69,6,76,Molecular Biology (Splice-junction Gene Sequences),2552,3,N,1,select_coverage,1.0,DAC,512,1567,,,441,1372,N,12460
69,6,76,Molecular Biology (Splice-junction Gene Sequences),2552,3,N,1,select_coverage,1.0,exact,512,1567,441.0,1372.0,438,1363,N,31344
69,6,76,Molecular Biology (Splice-junction Gene Sequences),2552,3,N,1,select_coverage,2.0,DAC,907,2864,,,767,2486,N,22388
69,6,76,Molecular Biology (Splice-junction Gene Sequences),2552,3,N,1,select_coverage,2.0,exact,907,2864,767.0,2486.0,759,2462,N,55816
69,6,76,Molecular Biology (Splice-junction Gene Sequences),2552,3,N,1,select_coverage,3.0,DAC,1298,4150,,,1074,3556,N,32224
69,6,76,Molecular Biology (Splice-junction Gene Sequences),2552,3,N,1,select_coverage,3.0,exact,1298,4150,1074.0,3556.0,1059,3511,N,79260
69,6,76,Molecular Biology (Splice-junction Gene Sequences),2552,3,N,1,select_coverage,4.0,DAC,1661,5374,,,1356,4552,N,41476
69,6,76,Molecular Biology (Splice-junction Gene Sequences),2552,3,N,1,select_coverage,4.0,exact,1661,5374,1356.0,4552.0,1336,4492,N,101088
69,6,76,Molecular Biology (Splice-junction Gene Sequences),2552,3,N,1,select_coverage_CBA_M1,,DAC,479,1488,,,416,1309,N,11748
69,6,76,Molecular Biology (Splice-junction Gene Sequences),2552,3,N,1,select_coverage_CBA_M1,,exact,479,1488,416.0,1309.0,415,1306,N,29748
69,6,76,Molecular Biology (Splice-junction Gene Sequences),2552,3,N,2,select_coverage,1.0,exact,512,1567,441.0,1372.0,438,1363,N,31344
69,6,76,Molecular Biology (Splice-junction Gene Sequences),2552,3,N,2,select_coverage,2.0,exact,907,2864,767.0,2486.0,759,2462,N,55816
69,6,76,Molecular Biology (Splice-junction Gene Sequences),2552,3,N,2,select_coverage,3.0,exact,1298,4150,1074.0,3556.0,1059,3511,N,79260
69,6,76,Molecular Biology (Splice-junction Gene Sequences),2552,3,N,2,select_coverage,4.0,exact,1661,5374,1356.0,4552.0,1336,4492,N,101088
69,6,76,Molecular Biology (Splice-junction Gene Sequences),2552,3,N,2,select_coverage_CBA_M1,,exact,253,1027,228.0,924.0,228,924,N,18820
69,6,100,Molecular Biology (Splice-junction Gene Sequences),2552,3,N,1,select_coverage,1.0,DAC,518,1571,,,466,1429,N,12548
69,6,100,Molecular Biology (Splice-junction Gene Sequences),2552,3,N,1,select_coverage,1.0,exact,518,1571,466.0,1429.0,464,1423,N,32628
69,6,100,Molecular Biology (Splice-junction Gene Sequences),2552,3,N,1,select_coverage,2.0,DAC,896,2808,,,768,2440,N,22032
69,6,100,Molecular Biology (Splice-junction Gene Sequences),2552,3,N,1,select_coverage,2.0,exact,896,2808,768.0,2440.0,764,2428,N,55304
69,6,100,Molecular Biology (Splice-junction Gene Sequences),2552,3,N,1,select_coverage,3.0,DAC,1274,4086,,,1061,3504,N,31680
69,6,100,Molecular Biology (Splice-junction Gene Sequences),2552,3,N,1,select_coverage,3.0,exact,1274,4086,1061.0,3504.0,1051,3474,N,78232
69,6,100,Molecular Biology (Splice-junction Gene Sequences),2552,3,N,1,select_coverage,4.0,DAC,1641,5345,,,1364,4591,N,41120
69,6,100,Molecular Biology (Splice-junction Gene Sequences),2552,3,N,1,select_coverage,4.0,exact,1641,5345,1364.0,4591.0,1347,4540,N,101576
69,6,100,Molecular Biology (Splice-junction Gene Sequences),2552,3,N,1,select_coverage_CBA_M1,,DAC,500,1522,,,448,1380,N,12136
69,6,100,Molecular Biology (Splice-junction Gene Sequences),2552,3,N,1,select_coverage_CBA_M1,,exact,500,1522,448.0,1380.0,448,1380,N,31488
69,6,100,Molecular Biology (Splice-junction Gene Sequences),2552,3,N,2,select_coverage,1.0,exact,518,1571,466.0,1429.0,464,1423,N,32628
69,6,100,Molecular Biology (Splice-junction Gene Sequences),2552,3,N,2,select_coverage,2.0,exact,896,2808,768.0,2440.0,764,2428,N,55304
69,6,100,Molecular Biology (Splice-junction Gene Sequences),2552,3,N,2,select_coverage,3.0,exact,1274,4086,1061.0,3504.0,1051,3474,N,78232
69,6,100,Molecular Biology (Splice-junction Gene Sequences),2552,3,N,2,select_coverage,4.0,exact,1641,5345,1364.0,4591.0,1347,4540,N,101576
69,6,100,Molecular Biology (Splice-junction Gene Sequences),2552,3,N,2,select_coverage_CBA_M1,,exact,236,990,218.0,916.0,218,916,N,18288
69,6,114,Molecular Biology (Splice-junction Gene Sequences),2552,3,N,1,select_coverage,1.0,DAC,521,1559,,,463,1409,N,12536
69,6,114,Molecular Biology (Splice-junction Gene Sequences),2552,3,N,1,select_coverage,1.0,exact,521,1559,463.0,1409.0,458,1394,N,32288
69,6,114,Molecular Biology (Splice-junction Gene Sequences),2552,3,N,1,select_coverage,2.0,DAC,899,2799,,,764,2444,N,22032
69,6,114,Molecular Biology (Splice-junction Gene Sequences),2552,3,N,1,select_coverage,2.0,exact,899,2799,764.0,2444.0,756,2420,N,55124
69,6,114,Molecular Biology (Splice-junction Gene Sequences),2552,3,N,1,select_coverage,3.0,DAC,1286,4070,,,1067,3511,N,31760
69,6,114,Molecular Biology (Splice-junction Gene Sequences),2552,3,N,1,select_coverage,3.0,exact,1286,4070,1067.0,3511.0,1049,3457,N,78320
69,6,114,Molecular Biology (Splice-junction Gene Sequences),2552,3,N,1,select_coverage,4.0,DAC,1636,5266,,,1347,4513,N,40744
69,6,114,Molecular Biology (Splice-junction Gene Sequences),2552,3,N,1,select_coverage,4.0,exact,1636,5266,1347.0,4513.0,1321,4435,N,99984
69,6,114,Molecular Biology (Splice-junction Gene Sequences),2552,3,N,1,select_coverage_CBA_M1,,DAC,505,1517,,,450,1373,N,12176
69,6,114,Molecular Biology (Splice-junction Gene Sequences),2552,3,N,1,select_coverage_CBA_M1,,exact,505,1517,450.0,1373.0,447,1364,EI,31440
69,6,114,Molecular Biology (Splice-junction Gene Sequences),2552,3,N,2,select_coverage,1.0,exact,521,1559,463.0,1409.0,458,1394,N,32288
69,6,114,Molecular Biology (Splice-junction Gene Sequences),2552,3,N,2,select_coverage,2.0,exact,899,2799,764.0,2444.0,756,2420,N,55124
69,6,114,Molecular Biology (Splice-junction Gene Sequences),2552,3,N,2,select_coverage,3.0,exact,1286,4070,1067.0,3511.0,1049,3457,N,78320
69,6,114,Molecular Biology (Splice-junction Gene Sequences),2552,3,N,2,select_coverage,4.0,exact,1636,5266,1347.0,4513.0,1321,4435,N,99984
69,6,114,Molecular Biology (Splice-junction Gene Sequences),2552,3,N,2,select_coverage_CBA_M1,,exact,295,1089,277.0,1019.0,277,1019,N,21396
69,6,133,Molecular Biology (Splice-junction Gene Sequences),2552,3,N,1,select_coverage,1.0,DAC,521,1600,,,448,1402,N,12700
69,6,133,Molecular Biology (Splice-junction Gene Sequences),2552,3,N,1,select_coverage,1.0,exact,521,1600,448.0,1402.0,445,1394,N,31944
69,6,133,Molecular Biology (Splice-junction Gene Sequences),2552,3,N,1,select_coverage,2.0,DAC,909,2843,,,759,2430,N,22328
69,6,133,Molecular Biology (Splice-junction Gene Sequences),2552,3,N,1,select_coverage,2.0,exact,909,2843,759.0,2430.0,754,2416,N,55068
69,6,133,Molecular Biology (Splice-junction Gene Sequences),2552,3,N,1,select_coverage,3.0,DAC,1275,4038,,,1057,3454,N,31500
69,6,133,Molecular Biology (Splice-junction Gene Sequences),2552,3,N,1,select_coverage,3.0,exact,1275,4038,1057.0,3454.0,1046,3422,N,77504
69,6,133,Molecular Biology (Splice-junction Gene Sequences),2552,3,N,1,select_coverage,4.0,DAC,1647,5310,,,1352,4513,N,41052
69,6,133,Molecular Biology (Splice-junction Gene Sequences),2552,3,N,1,select_coverage,4.0,exact,1647,5310,1352.0,4513.0,1335,4463,N,100432
69,6,133,Molecular Biology (Splice-junction Gene Sequences),2552,3,N,1,select_coverage_CBA_M1,,DAC,503,1554,,,434,1364,N,12300
69,6,133,Molecular Biology (Splice-junction Gene Sequences),2552,3,N,1,select_coverage_CBA_M1,,exact,503,1554,434.0,1364.0,432,1359,N,31020
69,6,133,Molecular Biology (Splice-junction Gene Sequences),2552,3,N,2,select_coverage,1.0,exact,521,1600,448.0,1402.0,445,1394,N,31944
69,6,133,Molecular Biology (Splice-junction Gene Sequences),2552,3,N,2,select_coverage,2.0,exact,909,2843,759.0,2430.0,754,2416,N,55068
69,6,133,Molecular Biology (Splice-junction Gene Sequences),2552,3,N,2,select_coverage,3.0,exact,1275,4038,1057.0,3454.0,1046,3422,N,77504
69,6,133,Molecular Biology (Splice-junction Gene Sequences),2552,3,N,2,select_coverage,4.0,exact,1647,5310,1352.0,4513.0,1335,4463,N,100432
69,6,133,Molecular Biology (Splice-junction Gene Sequences),2552,3,N,2,select_coverage_CBA_M1,,exact,241,1020,217.0,920.0,217,920,N,18408
69,6,138,Molecular Biology (Splice-junction Gene Sequences),2552,3,N,1,select_coverage,1.0,DAC,522,1586,,,465,1436,N,12656
69,6,138,Molecular Biology (Splice-junction Gene Sequences),2552,3,N,1,select_coverage,1.0,exact,522,1586,465.0,1436.0,463,1430,N,32712
69,6,138,Molecular Biology (Splice-junction Gene Sequences),2552,3,N,1,select_coverage,2.0,DAC,922,2889,,,785,2529,N,22668
69,6,138,Molecular Biology (Splice-junction Gene Sequences),2552,3,N,1,select_coverage,2.0,exact,922,2889,785.0,2529.0,775,2499,N,56812
69,6,138,Molecular Biology (Splice-junction Gene Sequences),2552,3,N,1,select_coverage,3.0,DAC,1319,4237,,,1106,3668,N,32824
69,6,138,Molecular Biology (Splice-junction Gene Sequences),2552,3,N,1,select_coverage,3.0,exact,1319,4237,1106.0,3668.0,1092,3626,N,81540
69,6,138,Molecular Biology (Splice-junction Gene Sequences),2552,3,N,1,select_coverage,4.0,DAC,1672,5433,,,1382,4649,N,41844
69,6,138,Molecular Biology (Splice-junction Gene Sequences),2552,3,N,1,select_coverage,4.0,exact,1672,5433,1382.0,4649.0,1364,4595,N,102956
69,6,138,Molecular Biology (Splice-junction Gene Sequences),2552,3,N,1,select_coverage_CBA_M1,,DAC,511,1552,,,454,1402,N,12388
69,6,138,Molecular Biology (Splice-junction Gene Sequences),2552,3,N,1,select_coverage_CBA_M1,,exact,511,1552,454.0,1402.0,454,1402,N,31976
69,6,138,Molecular Biology (Splice-junction Gene Sequences),2552,3,N,2,select_coverage,1.0,exact,522,1586,465.0,1436.0,463,1430,N,32712
69,6,138,Molecular Biology (Splice-junction Gene Sequences),2552,3,N,2,select_coverage,2.0,exact,922,2889,785.0,2529.0,775,2499,N,56812
69,6,138,Molecular Biology (Splice-junction Gene Sequences),2552,3,N,2,select_coverage,3.0,exact,1319,4237,1106.0,3668.0,1092,3626,N,81540
69,6,138,Molecular Biology (Splice-junction Gene Sequences),2552,3,N,2,select_coverage,4.0,exact,1672,5433,1382.0,4649.0,1364,4595,N,102956
69,6,138,Molecular Biology (Splice-junction Gene Sequences),2552,3,N,2,select_coverage_CBA_M1,,exact,243,1011,225.0,939.0,225,939,N,18780
69,6,148,Molecular Biology (Splice-junction Gene Sequences),2552,3,N,1,select_coverage,1.0,DAC,524,1605,,,462,1441,N,12756
69,6,148,Molecular Biology (Splice-junction Gene Sequences),2552,3,N,1,select_coverage,1.0,exact,524,1605,462.0,1441.0,459,1432,EI,32720
69,6,148,Molecular Biology (Splice-junction Gene Sequences),2552,3,N,1,select_coverage,2.0,DAC,897,2836,,,769,2485,N,22156
69,6,148,Molecular Biology (Splice-junction Gene Sequences),2552,3,N,1,select_coverage,2.0,exact,897,2836,769.0,2485.0,761,2461,EI,55760
69,6,148,Molecular Biology (Splice-junction Gene Sequences),2552,3,N,1,select_coverage,3.0,DAC,1306,4176,,,1098,3628,N,32424
69,6,148,Molecular Biology (Splice-junction Gene Sequences),2552,3,N,1,select_coverage,3.0,exact,1306,4176,1098.0,3628.0,1084,3586,N,80720
69,6,148,Molecular Biology (Splice-junction Gene Sequences),2552,3,N,1,select_coverage,4.0,DAC,1698,5505,,,1406,4726,N,42444
69,6,148,Molecular Biology (Splice-junction Gene Sequences),2552,3,N,1,select_coverage,4.0,exact,1698,5505,1406.0,4726.0,1381,4650,N,104540
69,6,148,Molecular Biology (Splice-junction Gene Sequences),2552,3,N,1,select_coverage_CBA_M1,,DAC,505,1550,,,445,1390,N,12308
69,6,148,Molecular Biology (Splice-junction Gene Sequences),2552,3,N,1,select_coverage_CBA_M1,,exact,505,1550,445.0,1390.0,444,1387,EI,31572
69,6,148,Molecular Biology (Splice-junction Gene Sequences),2552,3,N,2,select_coverage,1.0,exact,524,1605,462.0,1441.0,459,1432,EI,32720
69,6,148,Molecular Biology (Splice-junction Gene Sequences),2552,3,N,2,select_coverage,2.0,exact,897,2836,769.0,2485.0,761,2461,EI,55760
69,6,148,Molecular Biology (Splice-junction Gene Sequences),2552,3,N,2,select_coverage,3.0,exact,1306,4176,1098.0,3628.0,1084,3586,N,80720
69,6,148,Molecular Biology (Splice-junction Gene Sequences),2552,3,N,2,select_coverage,4.0,exact,1698,5505,1406.0,4726.0,1381,4650,N,104540
69,6,148,Molecular Biology (Splice-junction Gene Sequences),2552,3,N,2,select_coverage_CBA_M1,,exact,295,1130,276.0,1052.0,275,1049,N,21780
69,7,5,Molecular Biology (Splice-junction Gene Sequences),2552,3,N,1,select_coverage,1.0,DAC,518,1531,,,459,1379,N,12396
69,7,5,Molecular Biology (Splice-junction Gene Sequences),2552,3,N,1,select_coverage,1.0,exact,518,1531,459.0,1379.0,455,1367,EI,31820
69,7,5,Molecular Biology (Splice-junction Gene Sequences),2552,3,N,1,select_coverage,2.0,DAC,940,2865,,,807,2519,N,22796
69,7,5,Molecular Biology (Splice-junction Gene Sequences),2552,3,N,1,select_coverage,2.0,exact,940,2865,807.0,2519.0,799,2495,N,57364
69,7,5,Molecular Biology (Splice-junction Gene Sequences),2552,3,N,1,select_coverage,3.0,DAC,1347,4207,,,1139,3658,N,33048
69,7,5,Molecular Biology (Splice-junction Gene Sequences),2552,3,N,1,select_coverage,3.0,exact,1347,4207,1139.0,3658.0,1122,3607,N,82360
69,7,5,Molecular Biology (Splice-junction Gene Sequences),2552,3,N,1,select_coverage,4.0,DAC,1716,5413,,,1417,4603,N,42300
69,7,5,Molecular Biology (Splice-junction Gene Sequences),2552,3,N,1,select_coverage,4.0,exact,1716,5413,1417.0,4603.0,1389,4519,N,103508
69,7,5,Molecular Biology (Splice-junction Gene Sequences),2552,3,N,1,select_coverage_CBA_M1,,DAC,481,1448,,,429,1310,N,11620
69,7,5,Molecular Biology (Splice-junction Gene Sequences),2552,3,N,1,select_coverage_CBA_M1,,exact,481,1448,429.0,1310.0,428,1307,EI,30012
69,7,5,Molecular Biology (Splice-junction Gene Sequences),2552,3,N,2,select_coverage,1.0,exact,518,1531,459.0,1379.0,455,1367,EI,31820
69,7,5,Molecular Biology (Splice-junction Gene Sequences),2552,3,N,2,select_coverage,2.0,exact,940,2865,807.0,2519.0,799,2495,N,57364
69,7,5,Molecular Biology (Splice-junction Gene Sequences),2552,3,N,2,select_coverage,3.0,exact,1347,4207,1139.0,3658.0,1122,3607,N,82360
69,7,5,Molecular Biology (Splice-junction Gene Sequences),2552,3,N,2,select_coverage,4.0,exact,1716,5413,1417.0,4603.0,1389,4519,N,103508
69,7,5,Molecular Biology (Splice-junction Gene Sequences),2552,3,N,2,select_coverage_CBA_M1,,exact,260,1004,244.0,938.0,244,938,N,19352
69,7,14,Molecular Biology (Splice-junction Gene Sequences),2552,3,N,1,select_coverage,1.0,DAC,553,1653,,,487,1463,N,13304
69,7,14,Molecular Biology (Splice-junction Gene Sequences),2552,3,N,1,select_coverage,1.0,exact,553,1653,487.0,1463.0,485,1458,N,33904
69,7,14,Molecular Biology (Splice-junction Gene Sequences),2552,3,N,1,select_coverage,2.0,DAC,963,2923,,,821,2524,N,23304
69,7,14,Molecular Biology (Splice-junction Gene Sequences),2552,3,N,1,select_coverage,2.0,exact,963,2923,821.0,2524.0,816,2510,N,58124
69,7,14,Molecular Biology (Splice-junction Gene Sequences),2552,3,N,1,select_coverage,3.0,DAC,1357,4202,,,1135,3591,N,33148
69,7,14,Molecular Biology (Splice-junction Gene Sequences),2552,3,N,1,select_coverage,3.0,exact,1357,4202,1135.0,3591.0,1122,3554,N,81732
69,7,14,Molecular Biology (Splice-junction Gene Sequences),2552,3,N,1,select_coverage,4.0,DAC,1752,5506,,,1449,4674,N,43104
69,7,14,Molecular Biology (Splice-junction Gene Sequences),2552,3,N,1,select_coverage,4.0,exact,1752,5506,1449.0,4674.0,1423,4597,N,105500
69,7,14,Molecular Biology (Splice-junction Gene Sequences),2552,3,N,1,select_coverage_CBA_M1,,DAC,542,1620,,,477,1432,N,13040
69,7,14,Molecular Biology (Splice-junction Gene Sequences),2552,3,N,1,select_coverage_CBA_M1,,exact,542,1620,477.0,1432.0,475,1427,EI,33204
69,7,14,Molecular Biology (Splice-junction Gene Sequences),2552,3,N,2,select_coverage,1.0,exact,553,1653,487.0,1463.0,485,1458,N,33904
69,7,14,Molecular Biology (Splice-junction Gene Sequences),2552,3,N,2,select_coverage,2.0,exact,963,2923,821.0,2524.0,816,2510,N,58124
69,7,14,Molecular Biology (Splice-junction Gene Sequences),2552,3,N,2,select_coverage,3.0,exact,1357,4202,1135.0,3591.0,1122,3554,N,81732
69,7,14,Molecular Biology (Splice-junction Gene Sequences),2552,3,N,2,select_coverage,4.0,exact,1752,5506,1449.0,4674.0,1423,4597,N,105500
69,7,14,Molecular Biology (Splice-junction Gene Sequences),2552,3,N,2,select_coverage_CBA_M1,,exact,319,1175,290.0,1059.0,290,1059,N,22476
69,7,17,Molecular Biology (Splice-junction Gene Sequences),2552,3,N,1,select_coverage,1.0,DAC,537,1593,,,464,1396,N,12872
69,7,17,Molecular Biology (Splice-junction Gene Sequences),2552,3,N,1,select_coverage,1.0,exact,537,1593,464.0,1396.0,464,1396,N,32412
69,7,17,Molecular Biology (Splice-junction Gene Sequences),2552,3,N,1,select_coverage,2.0,DAC,968,2943,,,807,2514,N,23444
69,7,17,Molecular Biology (Splice-junction Gene Sequences),2552,3,N,1,select_coverage,2.0,exact,968,2943,807.0,2514.0,804,2505,N,57696
69,7,17,Molecular Biology (Splice-junction Gene Sequences),2552,3,N,1,select_coverage,3.0,DAC,1345,4149,,,1104,3508,N,32792
69,7,17,Molecular Biology (Splice-junction Gene Sequences),2552,3,N,1,select_coverage,3.0,exact,1345,4149,1104.0,3508.0,1089,3463,N,79832
69,7,17,Molecular Biology (Splice-junction Gene Sequences),2552,3,N,1,select_coverage,4.0,DAC,1740,5469,,,1418,4618,N,42812
69,7,17,Molecular Biology (Splice-junction Gene Sequences),2552,3,N,1,select_coverage,4.0,exact,1740,5469,1418.0,4618.0,1395,4549,N,103944
69,7,17,Molecular Biology (Splice-junction Gene Sequences),2552,3,N,1,select_coverage_CBA_M1,,DAC,507,1524,,,440,1339,N,12236
69,7,17,Molecular Biology (Splice-junction Gene Sequences),2552,3,N,1,select_coverage_CBA_M1,,exact,507,1524,440.0,1339.0,440,1339,N,30912
69,7,17,Molecular Biology (Splice-junction Gene Sequences),2552,3,N,2,select_coverage,1.0,exact,537,1593,464.0,1396.0,464,1396,N,32412
69,7,17,Molecular Biology (Splice-junction Gene Sequences),2552,3,N,2,select_coverage,2.0,exact,968,2943,807.0,2514.0,804,2505,N,57696
69,7,17,Molecular Biology (Splice-junction Gene Sequences),2552,3,N,2,select_coverage,3.0,exact,1345,4149,1104.0,3508.0,1089,3463,N,79832
69,7,17,Molecular Biology (Splice-junction Gene Sequences),2552,3,N,2,select_coverage,4.0,exact,1740,5469,1418.0,4618.0,1395,4549,N,103944
69,7,17,Molecular Biology (Splice-junction Gene Sequences),2552,3,N,2,select_coverage_CBA_M1,,exact,231,969,206.0,868.0,206,868,N,17436
69,7,19,Molecular Biology (Splice-junction Gene Sequences),2552,3,N,1,select_coverage,1.0,DAC,563,1668,,,496,1498,EI,13484
69,7,19,Molecular Biology (Splice-junction Gene Sequences),2552,3,N,1,select_coverage,1.0,exact,563,1668,496.0,1498.0,492,1486,EI,34504
69,7,19,Molecular Biology (Splice-junction Gene Sequences),2552,3,N,1,select_coverage,2.0,DAC,966,2974,,,823,2605,EI,23544
69,7,19,Molecular Biology (Splice-junction Gene Sequences),2552,3,N,1,select_coverage,2.0,exact,966,2974,823.0,2605.0,815,2581,EI,59000
69,7,19,Molecular Biology (Splice-junction Gene Sequences),2552,3,N,1,select_coverage,3.0,DAC,1369,4268,,,1155,3700,EI,33556
69,7,19,Molecular Biology (Splice-junction Gene Sequences),2552,3,N,1,select_coverage,3.0,exact,1369,4268,1155.0,3700.0,1136,3643,EI,83428
69,7,19,Molecular Biology (Splice-junction Gene Sequences),2552,3,N,1,select_coverage,4.0,DAC,1736,5470,,,1441,4687,EI,42768
69,7,19,Molecular Biology (Splice-junction Gene Sequences),2552,3,N,1,select_coverage,4.0,exact,1736,5470,1441.0,4687.0,1408,4590,EI,105124
69,7,19,Molecular Biology (Splice-junction Gene Sequences),2552,3,N,1,select_coverage_CBA_M1,,DAC,544,1622,,,482,1462,N,13072
69,7,19,Molecular Biology (Splice-junction Gene Sequences),2552,3,N,1,select_coverage_CBA_M1,,exact,544,1622,482.0,1462.0,479,1453,EI,33596
69,7,19,Molecular Biology (Splice-junction Gene Sequences),2552,3,N,2,select_coverage,1.0,exact,563,1668,496.0,1498.0,492,1486,EI,34504
69,7,19,Molecular Biology (Splice-junction Gene Sequences),2552,3,N,2,select_coverage,2.0,exact,966,2974,823.0,2605.0,815,2581,EI,59000
69,7,19,Molecular Biology (Splice-junction Gene Sequences),2552,3,N,2,select_coverage,3.0,exact,1369,4268,1155.0,3700.0,1136,3643,EI,83428
69,7,19,Molecular Biology (Splice-junction Gene Sequences),2552,3,N,2,select_coverage,4.0,exact,1736,5470,1441.0,4687.0,1408,4590,EI,105124
69,7,19,Molecular Biology (Splice-junction Gene Sequences),2552,3,N,2,select_coverage_CBA_M1,,exact,290,1110,271.0,1036.0,271,1036,N,21424
69,7,29,Molecular Biology (Splice-junction Gene Sequences),2552,3,N,1,select_coverage,1.0,DAC,534,1577,,,466,1393,N,12772
69,7,29,Molecular Biology (Splice-junction Gene Sequences),2552,3,N,1,select_coverage,1.0,exact,534,1577,466.0,1393.0,461,1380,EI,32336
69,7,29,Molecular Biology (Splice-junction Gene Sequences),2552,3,N,1,select_coverage,2.0,DAC,947,2940,,,799,2535,N,23180
69,7,29,Molecular Biology (Splice-junction Gene Sequences),2552,3,N,1,select_coverage,2.0,exact,947,2940,799.0,2535.0,792,2516,N,57556
69,7,29,Molecular Biology (Splice-junction Gene Sequences),2552,3,N,1,select_coverage,3.0,DAC,1366,4345,,,1140,3722,N,33828
69,7,29,Molecular Biology (Splice-junction Gene Sequences),2552,3,N,1,select_coverage,3.0,exact,1366,4345,1140.0,3722.0,1127,3685,N,83512
69,7,29,Molecular Biology (Splice-junction Gene Sequences),2552,3,N,1,select_coverage,4.0,DAC,1752,5628,,,1447,4772,N,43592
69,7,29,Molecular Biology (Splice-junction Gene Sequences),2552,3,N,1,select_coverage,4.0,exact,1752,5628,1447.0,4772.0,1423,4702,N,106736
69,7,29,Molecular Biology (Splice-junction Gene Sequences),2552,3,N,1,select_coverage_CBA_M1,,DAC,492,1470,,,434,1308,N,11840
69,7,29,Molecular Biology (Splice-junction Gene Sequences),2552,3,N,1,select_coverage_CBA_M1,,exact,492,1470,434.0,1308.0,432,1303,EI,30236
69,7,29,Molecular Biology (Splice-junction Gene Sequences),2552,3,N,2,select_coverage,1.0,exact,534,1577,466.0,1393.0,461,1380,EI,32336
69,7,29,Molecular Biology (Splice-junction Gene Sequences),2552,3,N,2,select_coverage,2.0,exact,947,2940,799.0,2535.0,792,2516,N,57556
69,7,29,Molecular Biology (Splice-junction Gene Sequences),2552,3,N,2,select_coverage,3.0,exact,1366,4345,1140.0,3722.0,1127,3685,N,83512
69,7,29,Molecular Biology (Splice-junction Gene Sequences),2552,3,N,2,select_coverage,4.0,exact,1752,5628,1447.0,4772.0,1423,4702,N,106736
69,7,29,Molecular Biology (Splice-junction Gene Sequences),2552,3,N,2,select_coverage_CBA_M1,,exact,269,1034,246.0,940.0,246,940,N,19552
69,7,31,Molecular Biology (Splice-junction Gene Sequences),2552,3,N,1,select_coverage,1.0,DAC,529,1584,,,474,1427,N,12740
69,7,31,Molecular Biology (Splice-junction Gene Sequences),2552,3,N,1,select_coverage,1.0,exact,529,1584,474.0,1427.0,472,1421,N,32920
69,7,31,Molecular Biology (Splice-junction Gene Sequences),2552,3,N,1,select_coverage,2.0,DAC,945,2891,,,808,2516,N,22960
69,7,31,Molecular Biology (Splice-junction Gene Sequences),2552,3,N,1,select_coverage,2.0,exact,945,2891,808.0,2516.0,805,2507,N,57536
69,7,31,Molecular Biology (Splice-junction Gene Sequences),2552,3,N,1,select_coverage,3.0,DAC,1354,4209,,,1131,3617,N,33140
69,7,31,Molecular Biology (Splice-junction Gene Sequences),2552,3,N,1,select_coverage,3.0,exact,1354,4209,1131.0,3617.0,1121,3587,N,81868
69,7,31,Molecular Biology (Splice-junction Gene Sequences),2552,3,N,1,select_coverage,4.0,DAC,1745,5488,,,1429,4639,N,42948
69,7,31,Molecular Biology (Splice-junction Gene Sequences),2552,3,N,1,select_coverage,4.0,exact,1745,5488,1429.0,4639.0,1408,4576,N,104564
69,7,31,Molecular Biology (Splice-junction Gene Sequences),2552,3,N,1,select_coverage_CBA_M1,,DAC,514,1546,,,460,1391,N,12408
69,7,31,Molecular Biology (Splice-junction Gene Sequences),2552,3,N,1,select_coverage_CBA_M1,,exact,514,1546,460.0,1391.0,458,1385,EI,32032
69,7,31,Molecular Biology (Splice-junction Gene Sequences),2552,3,N,2,select_coverage,1.0,exact,529,1584,474.0,1427.0,472,1421,N,32920
69,7,31,Molecular Biology (Splice-junction Gene Sequences),2552,3,N,2,select_coverage,2.0,exact,945,2891,808.0,2516.0,805,2507,N,57536
69,7,31,Molecular Biology (Splice-junction Gene Sequences),2552,3,N,2,select_coverage,3.0,exact,1354,4209,1131.0,3617.0,1121,3587,N,81868
69,7,31,Molecular Biology (Splice-junction Gene Sequences),2552,3,N,2,select_coverage,4.0,exact,1745,5488,1429.0,4639.0,1408,4576,N,104564
69,7,31,Molecular Biology (Splice-junction Gene Sequences),2552,3,N,2,select_coverage_CBA_M1,,exact,284,1083,261.0,990.0,261,990,N,20628
69,7,34,Molecular Biology (Splice-junction Gene Sequences),2552,3,N,1,select_coverage,1.0,DAC,556,1642,,,483,1444,N,13296
69,7,34,Molecular Biology (Splice-junction Gene Sequences),2552,3,N,1,select_coverage,1.0,exact,556,1642,483.0,1444.0,482,1441,N,33588
69,7,34,Molecular Biology (Splice-junction Gene Sequences),2552,3,N,1,select_coverage,2.0,DAC,949,2898,,,809,2524,N,23036
69,7,34,Molecular Biology (Splice-junction Gene Sequences),2552,3,N,1,select_coverage,2.0,exact,949,2898,809.0,2524.0,799,2496,N,57584
69,7,34,Molecular Biology (Splice-junction Gene Sequences),2552,3,N,1,select_coverage,3.0,DAC,1361,4263,,,1142,3682,N,33440
69,7,34,Molecular Biology (Splice-junction Gene Sequences),2552,3,N,1,select_coverage,3.0,exact,1361,4263,1142.0,3682.0,1120,3619,N,82824
69,7,34,Molecular Biology (Splice-junction Gene Sequences),2552,3,N,1,select_coverage,4.0,DAC,1762,5594,,,1455,4776,N,43576
69,7,34,Molecular Biology (Splice-junction Gene Sequences),2552,3,N,1,select_coverage,4.0,exact,1762,5594,1455.0,4776.0,1421,4677,N,106772
69,7,34,Molecular Biology (Splice-junction Gene Sequences),2552,3,N,1,select_coverage_CBA_M1,,DAC,533,1585,,,463,1393,N,12792
69,7,34,Molecular Biology (Splice-junction Gene Sequences),2552,3,N,1,select_coverage_CBA_M1,,exact,533,1585,463.0,1393.0,463,1393,EI,32324
69,7,34,Molecular Biology (Splice-junction Gene Sequences),2552,3,N,2,select_coverage,1.0,exact,556,1642,483.0,1444.0,482,1441,N,33588
69,7,34,Molecular Biology (Splice-junction Gene Sequences),2552,3,N,2,select_coverage,2.0,exact,949,2898,809.0,2524.0,799,2496,N,57584
69,7,34,Molecular Biology (Splice-junction Gene Sequences),2552,3,N,2,select_coverage,3.0,exact,1361,4263,1142.0,3682.0,1120,3619,N,82824
69,7,34,Molecular Biology (Splice-junction Gene Sequences),2552,3,N,2,select_coverage,4.0,exact,1762,5594,1455.0,4776.0,1421,4677,N,106772
69,7,34,Molecular Biology (Splice-junction Gene Sequences),2552,3,N,2,select_coverage_CBA_M1,,exact,317,1152,290.0,1046.0,290,1046,N,22280
69,7,42,Molecular Biology (Splice-junction Gene Sequences),2552,3,N,1,select_coverage,1.0,DAC,531,1585,,,465,1405,N,12768
69,7,42,Molecular Biology (Splice-junction Gene Sequences),2552,3,N,1,select_coverage,1.0,exact,531,1585,465.0,1405.0,462,1396,N,32448
69,7,42,Molecular Biology (Splice-junction Gene Sequences),2552,3,N,1,select_coverage,2.0,DAC,971,2968,,,844,2628,N,23580
69,7,42,Molecular Biology (Splice-junction Gene Sequences),2552,3,N,1,select_coverage,2.0,exact,971,2968,844.0,2628.0,833,2596,N,59800
69,7,42,Molecular Biology (Splice-junction Gene Sequences),2552,3,N,1,select_coverage,3.0,DAC,1377,4274,,,1165,3713,N,33676
69,7,42,Molecular Biology (Splice-junction Gene Sequences),2552,3,N,1,select_coverage,3.0,exact,1377,4274,1165.0,3713.0,1147,3661,N,83896
69,7,42,Molecular Biology (Splice-junction Gene Sequences),2552,3,N,1,select_coverage,4.0,DAC,1762,5506,,,1462,4723,N,43224
69,7,42,Molecular Biology (Splice-junction Gene Sequences),2552,3,N,1,select_coverage,4.0,exact,1762,5506,1462.0,4723.0,1436,4646,N,106308
69,7,42,Molecular Biology (Splice-junction Gene Sequences),2552,3,N,1,select_coverage_CBA_M1,,DAC,518,1550,,,453,1372,N,12472
69,7,42,Molecular Biology (Splice-junction Gene Sequences),2552,3,N,1,select_coverage_CBA_M1,,exact,518,1550,453.0,1372.0,450,1363,EI,31660
69,7,42,Molecular Biology (Splice-junction Gene Sequences),2552,3,N,2,select_coverage,1.0,exact,531,1585,465.0,1405.0,462,1396,N,32448
69,7,42,Molecular Biology (Splice-junction Gene Sequences),2552,3,N,2,select_coverage,2.0,exact,971,2968,844.0,2628.0,833,2596,N,59800
69,7,42,Molecular Biology (Splice-junction Gene Sequences),2552,3,N,2,select_coverage,3.0,exact,1377,4274,1165.0,3713.0,1147,3661,N,83896
69,7,42,Molecular Biology (Splice-junction Gene Sequences),2552,3,N,2,select_coverage,4.0,exact,1762,5506,1462.0,4723.0,1436,4646,N,106308
69,7,42,Molecular Biology (Splice-junction Gene Sequences),2552,3,N,2,select_coverage_CBA_M1,,exact,282,1072,258.0,976.0,258,976,N,20376
69,7,49,Molecular Biology (Splice-junction Gene Sequences),2552,3,N,1,select_coverage,1.0,DAC,547,1621,,,483,1451,N,13104
69,7,49,Molecular Biology (Splice-junction Gene Sequences),2552,3,N,1,select_coverage,1.0,exact,547,1621,483.0,1451.0,479,1440,N,33528
69,7,49,Molecular Biology (Splice-junction Gene Sequences),2552,3,N,1,select_coverage,2.0,DAC,938,2875,,,803,2518,N,22812
69,7,49,Molecular Biology (Splice-junction Gene Sequences),2552,3,N,1,select_coverage,2.0,exact,938,2875,803.0,2518.0,795,2495,N,57272
69,7,49,Molecular Biology (Splice-junction Gene Sequences),2552,3,N,1,select_coverage,3.0,DAC,1352,4218,,,1138,3654,N,33152
69,7,49,Molecular Biology (Splice-junction Gene Sequences),2552,3,N,1,select_coverage,3.0,exact,1352,4218,1138.0,3654.0,1125,3616,N,82392
69,7,49,Molecular Biology (Splice-junction Gene Sequences),2552,3,N,1,select_coverage,4.0,DAC,1746,5536,,,1456,4757,N,43152
69,7,49,Molecular Biology (Splice-junction Gene Sequences),2552,3,N,1,select_coverage,4.0,exact,1746,5536,1456.0,4757.0,1430,4680,N,106508
69,7,49,Molecular Biology (Splice-junction Gene Sequences),2552,3,N,1,select_coverage_CBA_M1,,DAC,529,1575,,,465,1405,N,12704
69,7,49,Molecular Biology (Splice-junction Gene Sequences),2552,3,N,1,select_coverage_CBA_M1,,exact,529,1575,465.0,1405.0,463,1400,EI,32424
69,7,49,Molecular Biology (Splice-junction Gene Sequences),2552,3,N,2,select_coverage,1.0,exact,547,1621,483.0,1451.0,479,1440,N,33528
69,7,49,Molecular Biology (Splice-junction Gene Sequences),2552,3,N,2,select_coverage,2.0,exact,938,2875,803.0,2518.0,795,2495,N,57272
69,7,49,Molecular Biology (Splice-junction Gene Sequences),2552,3,N,2,select_coverage,3.0,exact,1352,4218,1138.0,3654.0,1125,3616,N,82392
69,7,49,Molecular Biology (Splice-junction Gene Sequences),2552,3,N,2,select_coverage,4.0,exact,1746,5536,1456.0,4757.0,1430,4680,N,106508
69,7,49,Molecular Biology (Splice-junction Gene Sequences),2552,3,N,2,select_coverage_CBA_M1,,exact,281,1079,261.0,997.0,261,997,N,20668
69,7,63,Molecular Biology (Splice-junction Gene Sequences),2552,3,N,1,select_coverage,1.0,DAC,519,1500,,,454,1333,N,12284
69,7,63,Molecular Biology (Splice-junction Gene Sequences),2552,3,N,1,select_coverage,1.0,exact,519,1500,454.0,1333.0,451,1323,EI,31176
69,7,63,Molecular Biology (Splice-junction Gene Sequences),2552,3,N,1,select_coverage,2.0,DAC,935,2844,,,808,2501,N,22652
69,7,63,Molecular Biology (Splice-junction Gene Sequences),2552,3,N,1,select_coverage,2.0,exact,935,2844,808.0,2501.0,799,2473,EI,57152
69,7,63,Molecular Biology (Splice-junction Gene Sequences),2552,3,N,1,select_coverage,3.0,DAC,1318,4085,,,1097,3497,EI,32212
69,7,63,Molecular Biology (Splice-junction Gene Sequences),2552,3,N,1,select_coverage,3.0,exact,1318,4085,1097.0,3497.0,1085,3460,EI,79296
69,7,63,Molecular Biology (Splice-junction Gene Sequences),2552,3,N,1,select_coverage,4.0,DAC,1704,5383,,,1396,4560,EI,42036
69,7,63,Molecular Biology (Splice-junction Gene Sequences),2552,3,N,1,select_coverage,4.0,exact,1704,5383,1396.0,4560.0,1374,4493,EI,102440
69,7,63,Molecular Biology (Splice-junction Gene Sequences),2552,3,N,1,select_coverage_CBA_M1,,DAC,504,1460,,,442,1299,N,11944
69,7,63,Molecular Biology (Splice-junction Gene Sequences),2552,3,N,1,select_coverage_CBA_M1,,exact,504,1460,442.0,1299.0,441,1296,EI,30388
69,7,63,Molecular Biology (Splice-junction Gene Sequences),2552,3,N,2,select_coverage,1.0,exact,519,1500,454.0,1333.0,451,1323,EI,31176
69,7,63,Molecular Biology (Splice-junction Gene Sequences),2552,3,N,2,select_coverage,2.0,exact,935,2844,808.0,2501.0,799,2473,EI,57152
69,7,63,Molecular Biology (Splice-junction Gene Sequences),2552,3,N,2,select_coverage,3.0,exact,1318,4085,1097.0,3497.0,1085,3460,EI,79296
69,7,63,Molecular Biology (Splice-junction Gene Sequences),2552,3,N,2,select_coverage,4.0,exact,1704,5383,1396.0,4560.0,1374,4493,EI,102440
69,7,63,Molecular Biology (Splice-junction Gene Sequences),2552,3,N,2,select_coverage_CBA_M1,,exact,256,962,237.0,887.0,237,887,N,18552
69,7,64,Molecular Biology (Splice-junction Gene Sequences),2552,3,N,1,select_coverage,1.0,DAC,538,1596,,,478,1438,N,12896
69,7,64,Molecular Biology (Splice-junction Gene Sequences),2552,3,N,1,select_coverage,1.0,exact,538,1596,478.0,1438.0,474,1427,N,33164
69,7,64,Molecular Biology (Splice-junction Gene Sequences),2552,3,N,1,select_coverage,2.0,DAC,946,2890,,,802,2497,N,22968
69,7,64,Molecular Biology (Splice-junction Gene Sequences),2552,3,N,1,select_coverage,2.0,exact,946,2890,802.0,2497.0,793,2472,N,57124
69,7,64,Molecular Biology (Splice-junction Gene Sequences),2552,3,N,1,select_coverage,3.0,DAC,1320,4090,,,1103,3487,N,32256
69,7,64,Molecular Biology (Splice-junction Gene Sequences),2552,3,N,1,select_coverage,3.0,exact,1320,4090,1103.0,3487.0,1085,3436,N,79372
69,7,64,Molecular Biology (Splice-junction Gene Sequences),2552,3,N,1,select_coverage,4.0,DAC,1692,5329,,,1396,4496,N,41676
69,7,64,Molecular Biology (Splice-junction Gene Sequences),2552,3,N,1,select_coverage,4.0,exact,1692,5329,1396.0,4496.0,1375,4436,N,101740
69,7,64,Molecular Biology (Splice-junction Gene Sequences),2552,3,N,1,select_coverage_CBA_M1,,DAC,505,1506,,,449,1356,N,12140
69,7,64,Molecular Biology (Splice-junction Gene Sequences),2552,3,N,1,select_coverage_CBA_M1,,exact,505,1506,449.0,1356.0,448,1354,N,31256
69,7,64,Molecular Biology (Splice-junction Gene Sequences),2552,3,N,2,select_coverage,1.0,exact,538,1596,478.0,1438.0,474,1427,N,33164
69,7,64,Molecular Biology (Splice-junction Gene Sequences),2552,3,N,2,select_coverage,2.0,exact,946,2890,802.0,2497.0,793,2472,N,57124
69,7,64,Molecular Biology (Splice-junction Gene Sequences),2552,3,N,2,select_coverage,3.0,exact,1320,4090,1103.0,3487.0,1085,3436,N,79372
69,7,64,Molecular Biology (Splice-junction Gene Sequences),2552,3,N,2,select_coverage,4.0,exact,1692,5329,1396.0,4496.0,1375,4436,N,101740
69,7,64,Molecular Biology (Splice-junction Gene Sequences),2552,3,N,2,select_coverage_CBA_M1,,exact,245,1000,225.0,922.0,225,922,N,18600
69,7,65,Molecular Biology (Splice-junction Gene Sequences),2552,3,N,1,select_coverage,1.0,DAC,550,1667,,,494,1505,N,13324
69,7,65,Molecular Biology (Splice-junction Gene Sequences),2552,3,N,1,select_coverage,1.0,exact,550,1667,494.0,1505.0,490,1494,N,34496
69,7,65,Molecular Biology (Splice-junction Gene Sequences),2552,3,N,1,select_coverage,2.0,DAC,952,2955,,,824,2604,N,23300
69,7,65,Molecular Biology (Splice-junction Gene Sequences),2552,3,N,1,select_coverage,2.0,exact,952,2955,824.0,2604.0,816,2581,N,58952
69,7,65,Molecular Biology (Splice-junction Gene Sequences),2552,3,N,1,select_coverage,3.0,DAC,1338,4209,,,1131,3652,N,32948
69,7,65,Molecular Biology (Splice-junction Gene Sequences),2552,3,N,1,select_coverage,3.0,exact,1338,4209,1131.0,3652.0,1111,3593,N,82032
69,7,65,Molecular Biology (Splice-junction Gene Sequences),2552,3,N,1,select_coverage,4.0,DAC,1725,5484,,,1427,4676,N,42692
69,7,65,Molecular Biology (Splice-junction Gene Sequences),2552,3,N,1,select_coverage,4.0,exact,1725,5484,1427.0,4676.0,1394,4578,N,104640
69,7,65,Molecular Biology (Splice-junction Gene Sequences),2552,3,N,1,select_coverage_CBA_M1,,DAC,533,1624,,,477,1462,N,12948
69,7,65,Molecular Biology (Splice-junction Gene Sequences),2552,3,N,1,select_coverage_CBA_M1,,exact,533,1624,477.0,1462.0,473,1451,EI,33436
69,7,65,Molecular Biology (Splice-junction Gene Sequences),2552,3,N,2,select_coverage,1.0,exact,550,1667,494.0,1505.0,490,1494,N,34496
69,7,65,Molecular Biology (Splice-junction Gene Sequences),2552,3,N,2,select_coverage,2.0,exact,952,2955,824.0,2604.0,816,2581,N,58952
69,7,65,Molecular Biology (Splice-junction Gene Sequences),2552,3,N,2,select_coverage,3.0,exact,1338,4209,1131.0,3652.0,1111,3593,N,82032
69,7,65,Molecular Biology (Splice-junction Gene Sequences),2552,3,N,2,select_coverage,4.0,exact,1725,5484,1427.0,4676.0,1394,4578,N,104640
69,7,65,Molecular Biology (Splice-junction Gene Sequences),2552,3,N,2,select_coverage_CBA_M1,,exact,303,1163,277.0,1061.0,276,1058,N,22016
69,7,68,Molecular Biology (Splice-junction Gene Sequences),2552,3,N,1,select_coverage,1.0,DAC,539,1617,,,480,1459,N,12992
69,7,68,Molecular Biology (Splice-junction Gene Sequences),2552,3,N,1,select_coverage,1.0,exact,539,1617,480.0,1459.0,477,1451,EI,33492
69,7,68,Molecular Biology (Splice-junction Gene Sequences),2552,3,N,1,select_coverage,2.0,DAC,939,2894,,,794,2487,N,22900
69,7,68,Molecular Biology (Splice-junction Gene Sequences),2552,3,N,1,select_coverage,2.0,exact,939,2894,794.0,2487.0,783,2455,N,56776
69,7,68,Molecular Biology (Splice-junction Gene Sequences),2552,3,N,1,select_coverage,3.0,DAC,1348,4199,,,1122,3567,N,33028
69,7,68,Molecular Biology (Splice-junction Gene Sequences),2552,3,N,1,select_coverage,3.0,exact,1348,4199,1122.0,3567.0,1098,3496,N,80976
69,7,68,Molecular Biology (Splice-junction Gene Sequences),2552,3,N,1,select_coverage,4.0,DAC,1744,5493,,,1431,4638,N,42956
69,7,68,Molecular Biology (Splice-junction Gene Sequences),2552,3,N,1,select_coverage,4.0,exact,1744,5493,1431.0,4638.0,1396,4536,N,104484
69,7,68,Molecular Biology (Splice-junction Gene Sequences),2552,3,N,1,select_coverage_CBA_M1,,DAC,523,1566,,,466,1414,N,12596
69,7,68,Molecular Biology (Splice-junction Gene Sequences),2552,3,N,1,select_coverage_CBA_M1,,exact,523,1566,466.0,1414.0,465,1412,EI,32504
69,7,68,Molecular Biology (Splice-junction Gene Sequences),2552,3,N,2,select_coverage,1.0,exact,539,1617,480.0,1459.0,477,1451,EI,33492
69,7,68,Molecular Biology (Splice-junction Gene Sequences),2552,3,N,2,select_coverage,2.0,exact,939,2894,794.0,2487.0,783,2455,N,56776
69,7,68,Molecular Biology (Splice-junction Gene Sequences),2552,3,N,2,select_coverage,3.0,exact,1348,4199,1122.0,3567.0,1098,3496,N,80976
69,7,68,Molecular Biology (Splice-junction Gene Sequences),2552,3,N,2,select_coverage,4.0,exact,1744,5493,1431.0,4638.0,1396,4536,N,104484
69,7,68,Molecular Biology (Splice-junction Gene Sequences),2552,3,N,2,select_coverage_CBA_M1,,exact,275,1079,256.0,1001.0,255,998,N,20528
69,7,74,Molecular Biology (Splice-junction Gene Sequences),2552,3,N,1,select_coverage,1.0,DAC,521,1551,,,467,1406,N,12512
69,7,74,Molecular Biology (Splice-junction Gene Sequences),2552,3,N,1,select_coverage,1.0,exact,521,1551,467.0,1406.0,463,1395,N,32376
69,7,74,Molecular Biology (Splice-junction Gene Sequences),2552,3,N,1,select_coverage,2.0,DAC,924,2820,,,802,2487,N,22424
69,7,74,Molecular Biology (Splice-junction Gene Sequences),2552,3,N,1,select_coverage,2.0,exact,924,2820,802.0,2487.0,796,2469,N,56792
69,7,74,Molecular Biology (Splice-junction Gene Sequences),2552,3,N,1,select_coverage,3.0,DAC,1309,4085,,,1112,3548,N,32104
69,7,74,Molecular Biology (Splice-junction Gene Sequences),2552,3,N,1,select_coverage,3.0,exact,1309,4085,1112.0,3548.0,1102,3519,N,80216
69,7,74,Molecular Biology (Splice-junction Gene Sequences),2552,3,N,1,select_coverage,4.0,DAC,1706,5420,,,1410,4605,N,42208
69,7,74,Molecular Biology (Splice-junction Gene Sequences),2552,3,N,1,select_coverage,4.0,exact,1706,5420,1410.0,4605.0,1389,4543,N,103416
69,7,74,Molecular Biology (Splice-junction Gene Sequences),2552,3,N,1,select_coverage_CBA_M1,,DAC,505,1508,,,451,1363,N,12148
69,7,74,Molecular Biology (Splice-junction Gene Sequences),2552,3,N,1,select_coverage_CBA_M1,,exact,505,1508,451.0,1363.0,450,1361,EI,31384
69,7,74,Molecular Biology (Splice-junction Gene Sequences),2552,3,N,2,select_coverage,1.0,exact,521,1551,467.0,1406.0,463,1395,N,32376
69,7,74,Molecular Biology (Splice-junction Gene Sequences),2552,3,N,2,select_coverage,2.0,exact,924,2820,802.0,2487.0,796,2469,N,56792
69,7,74,Molecular Biology (Splice-junction Gene Sequences),2552,3,N,2,select_coverage,3.0,exact,1309,4085,1112.0,3548.0,1102,3519,N,80216
69,7,74,Molecular Biology (Splice-junction Gene Sequences),2552,3,N,2,select_coverage,4.0,exact,1706,5420,1410.0,4605.0,1389,4543,N,103416
69,7,74,Molecular Biology (Splice-junction Gene Sequences),2552,3,N,2,select_coverage_CBA_M1,,exact,271,1040,252.0,965.0,252,965,N,19968
69,7,76,Molecular Biology (Splice-junction Gene Sequences),2552,3,N,1,select_coverage,1.0,DAC,538,1603,,,482,1442,N,12924
69,7,76,Molecular Biology (Splice-junction Gene Sequences),2552,3,N,1,select_coverage,1.0,exact,538,1603,482.0,1442.0,479,1433,N,33360
69,7,76,Molecular Biology (Splice-junction Gene Sequences),2552,3,N,1,select_coverage,2.0,DAC,935,2859,,,808,2508,N,22712
69,7,76,Molecular Biology (Splice-junction Gene Sequences),2552,3,N,1,select_coverage,2.0,exact,935,2859,808.0,2508.0,800,2484,N,57284
69,7,76,Molecular Biology (Splice-junction Gene Sequences),2552,3,N,1,select_coverage,3.0,DAC,1329,4131,,,1110,3522,N,32528
69,7,76,Molecular Biology (Splice-junction Gene Sequences),2552,3,N,1,select_coverage,3.0,exact,1329,4131,1110.0,3522.0,1094,3474,N,80052
69,7,76,Molecular Biology (Splice-junction Gene Sequences),2552,3,N,1,select_coverage,4.0,DAC,1698,5370,,,1402,4551,N,41912
69,7,76,Molecular Biology (Splice-junction Gene Sequences),2552,3,N,1,select_coverage,4.0,exact,1698,5370,1402.0,4551.0,1370,4456,N,102396
69,7,76,Molecular Biology (Splice-junction Gene Sequences),2552,3,N,1,select_coverage_CBA_M1,,DAC,509,1528,,,455,1371,N,12276
69,7,76,Molecular Biology (Splice-junction Gene Sequences),2552,3,N,1,select_coverage_CBA_M1,,exact,509,1528,455.0,1371.0,453,1365,N,31640
69,7,76,Molecular Biology (Splice-junction Gene Sequences),2552,3,N,2,select_coverage,1.0,exact,538,1603,482.0,1442.0,479,1433,N,33360
69,7,76,Molecular Biology (Splice-junction Gene Sequences),2552,3,N,2,select_coverage,2.0,exact,935,2859,808.0,2508.0,800,2484,N,57284
69,7,76,Molecular Biology (Splice-junction Gene Sequences),2552,3,N,2,select_coverage,3.0,exact,1329,4131,1110.0,3522.0,1094,3474,N,80052
69,7,76,Molecular Biology (Splice-junction Gene Sequences),2552,3,N,2,select_coverage,4.0,exact,1698,5370,1402.0,4551.0,1370,4456,N,102396
69,7,76,Molecular Biology (Splice-junction Gene Sequences),2552,3,N,2,select_coverage_CBA_M1,,exact,237,992,214.0,897.0,214,897,N,18016
69,7,100,Molecular Biology (Splice-junction Gene Sequences),2552,3,N,1,select_coverage,1.0,DAC,537,1583,,,491,1459,N,12832
69,7,100,Molecular Biology (Splice-junction Gene Sequences),2552,3,N,1,select_coverage,1.0,exact,537,1583,491.0,1459.0,489,1453,N,33716
69,7,100,Molecular Biology (Splice-junction Gene Sequences),2552,3,N,1,select_coverage,2.0,DAC,960,2962,,,829,2587,N,23424
69,7,100,Molecular Biology (Splice-junction Gene Sequences),2552,3,N,1,select_coverage,2.0,exact,960,2962,829.0,2587.0,817,2552,N,58956
69,7,100,Molecular Biology (Splice-junction Gene Sequences),2552,3,N,1,select_coverage,3.0,DAC,1337,4184,,,1126,3600,N,32836
69,7,100,Molecular Biology (Splice-junction Gene Sequences),2552,3,N,1,select_coverage,3.0,exact,1337,4184,1126.0,3600.0,1107,3544,N,81368
69,7,100,Molecular Biology (Splice-junction Gene Sequences),2552,3,N,1,select_coverage,4.0,DAC,1717,5448,,,1420,4627,N,42452
69,7,100,Molecular Biology (Splice-junction Gene Sequences),2552,3,N,1,select_coverage,4.0,exact,1717,5448,1420.0,4627.0,1388,4532,N,103892
69,7,100,Molecular Biology (Splice-junction Gene Sequences),2552,3,N,1,select_coverage_CBA_M1,,DAC,516,1516,,,472,1396,N,12312
69,7,100,Molecular Biology (Splice-junction Gene Sequences),2552,3,N,1,select_coverage_CBA_M1,,exact,516,1516,472.0,1396.0,472,1396,N,32360
69,7,100,Molecular Biology (Splice-junction Gene Sequences),2552,3,N,2,select_coverage,1.0,exact,537,1583,491.0,1459.0,489,1453,N,33716
69,7,100,Molecular Biology (Splice-junction Gene Sequences),2552,3,N,2,select_coverage,2.0,exact,960,2962,829.0,2587.0,817,2552,N,58956
69,7,100,Molecular Biology (Splice-junction Gene Sequences),2552,3,N,2,select_coverage,3.0,exact,1337,4184,1126.0,3600.0,1107,3544,N,81368
69,7,100,Molecular Biology (Splice-junction Gene Sequences),2552,3,N,2,select_coverage,4.0,exact,1717,5448,1420.0,4627.0,1388,4532,N,103892
69,7,100,Molecular Biology (Splice-junction Gene Sequences),2552,3,N,2,select_coverage_CBA_M1,,exact,228,957,213.0,895.0,213,895,N,17828
69,7,114,Molecular Biology (Splice-junction Gene Sequences),2552,3,N,1,select_coverage,1.0,DAC,545,1628,,,478,1434,N,13108
69,7,114,Molecular Biology (Splice-junction Gene Sequences),2552,3,N,1,select_coverage,1.0,exact,545,1628,478.0,1434.0,475,1427,N,33276
69,7,114,Molecular Biology (Splice-junction Gene Sequences),2552,3,N,1,select_coverage,2.0,DAC,925,2839,,,781,2440,N,22512
69,7,114,Molecular Biology (Splice-junction Gene Sequences),2552,3,N,1,select_coverage,2.0,exact,925,2839,781.0,2440.0,773,2418,N,55804
69,7,114,Molecular Biology (Splice-junction Gene Sequences),2552,3,N,1,select_coverage,3.0,DAC,1315,4100,,,1085,3478,N,32236
69,7,114,Molecular Biology (Splice-junction Gene Sequences),2552,3,N,1,select_coverage,3.0,exact,1315,4100,1085.0,3478.0,1071,3438,N,78808
69,7,114,Molecular Biology (Splice-junction Gene Sequences),2552,3,N,1,select_coverage,4.0,DAC,1692,5331,,,1376,4481,N,41684
69,7,114,Molecular Biology (Splice-junction Gene Sequences),2552,3,N,1,select_coverage,4.0,exact,1692,5331,1376.0,4481.0,1348,4400,N,100904
69,7,114,Molecular Biology (Splice-junction Gene Sequences),2552,3,N,1,select_coverage_CBA_M1,,DAC,530,1591,,,464,1399,N,12780
69,7,114,Molecular Biology (Splice-junction Gene Sequences),2552,3,N,1,select_coverage_CBA_M1,,exact,530,1591,464.0,1399.0,462,1395,EI,32412
69,7,114,Molecular Biology (Splice-junction Gene Sequences),2552,3,N,2,select_coverage,1.0,exact,545,1628,478.0,1434.0,475,1427,N,33276
69,7,114,Molecular Biology (Splice-junction Gene Sequences),2552,3,N,2,select_coverage,2.0,exact,925,2839,781.0,2440.0,773,2418,N,55804
69,7,114,Molecular Biology (Splice-junction Gene Sequences),2552,3,N,2,select_coverage,3.0,exact,1315,4100,1085.0,3478.0,1071,3438,N,78808
69,7,114,Molecular Biology (Splice-junction Gene Sequences),2552,3,N,2,select_coverage,4.0,exact,1692,5331,1376.0,4481.0,1348,4400,N,100904
69,7,114,Molecular Biology (Splice-junction Gene Sequences),2552,3,N,2,select_coverage_CBA_M1,,exact,285,1103,256.0,985.0,255,983,N,20500
69,7,133,Molecular Biology (Splice-junction Gene Sequences),2552,3,N,1,select_coverage,1.0,DAC,531,1580,,,466,1392,N,12748
69,7,133,Molecular Biology (Splice-junction Gene Sequences),2552,3,N,1,select_coverage,1.0,exact,531,1580,466.0,1392.0,465,1389,N,32380
69,7,133,Molecular Biology (Splice-junction Gene Sequences),2552,3,N,1,select_coverage,2.0,DAC,928,2837,,,792,2465,N,22540
69,7,133,Molecular Biology (Splice-junction Gene Sequences),2552,3,N,1,select_coverage,2.0,exact,928,2837,792.0,2465.0,786,2448,N,56368
69,7,133,Molecular Biology (Splice-junction Gene Sequences),2552,3,N,1,select_coverage,3.0,DAC,1328,4129,,,1100,3508,N,32508
69,7,133,Molecular Biology (Splice-junction Gene Sequences),2552,3,N,1,select_coverage,3.0,exact,1328,4129,1100.0,3508.0,1083,3458,N,79604
69,7,133,Molecular Biology (Splice-junction Gene Sequences),2552,3,N,1,select_coverage,4.0,DAC,1706,5389,,,1394,4531,N,42084
69,7,133,Molecular Biology (Splice-junction Gene Sequences),2552,3,N,1,select_coverage,4.0,exact,1706,5389,1394.0,4531.0,1368,4454,N,102128
69,7,133,Molecular Biology (Splice-junction Gene Sequences),2552,3,N,1,select_coverage_CBA_M1,,DAC,507,1514,,,443,1328,N,12196
69,7,133,Molecular Biology (Splice-junction Gene Sequences),2552,3,N,1,select_coverage_CBA_M1,,exact,507,1514,443.0,1328.0,443,1328,N,30880
69,7,133,Molecular Biology (Splice-junction Gene Sequences),2552,3,N,2,select_coverage,1.0,exact,531,1580,466.0,1392.0,465,1389,N,32380
69,7,133,Molecular Biology (Splice-junction Gene Sequences),2552,3,N,2,select_coverage,2.0,exact,928,2837,792.0,2465.0,786,2448,N,56368
69,7,133,Molecular Biology (Splice-junction Gene Sequences),2552,3,N,2,select_coverage,3.0,exact,1328,4129,1100.0,3508.0,1083,3458,N,79604
69,7,133,Molecular Biology (Splice-junction Gene Sequences),2552,3,N,2,select_coverage,4.0,exact,1706,5389,1394.0,4531.0,1368,4454,N,102128
69,7,133,Molecular Biology (Splice-junction Gene Sequences),2552,3,N,2,select_coverage_CBA_M1,,exact,225,952,197.0,838.0,197,838,N,16840
69,7,138,Molecular Biology (Splice-junction Gene Sequences),2552,3,N,1,select_coverage,1.0,DAC,553,1639,,,490,1463,N,13248
69,7,138,Molecular Biology (Splice-junction Gene Sequences),2552,3,N,1,select_coverage,1.0,exact,553,1639,490.0,1463.0,485,1448,N,33904
69,7,138,Molecular Biology (Splice-junction Gene Sequences),2552,3,N,1,select_coverage,2.0,DAC,971,2993,,,829,2603,N,23680
69,7,138,Molecular Biology (Splice-junction Gene Sequences),2552,3,N,1,select_coverage,2.0,exact,971,2993,829.0,2603.0,819,2573,N,59228
69,7,138,Molecular Biology (Splice-junction Gene Sequences),2552,3,N,1,select_coverage,3.0,DAC,1341,4196,,,1130,3619,N,32932
69,7,138,Molecular Biology (Splice-junction Gene Sequences),2552,3,N,1,select_coverage,3.0,exact,1341,4196,1130.0,3619.0,1113,3568,N,81716
69,7,138,Molecular Biology (Splice-junction Gene Sequences),2552,3,N,1,select_coverage,4.0,DAC,1727,5475,,,1428,4656,N,42680
69,7,138,Molecular Biology (Splice-junction Gene Sequences),2552,3,N,1,select_coverage,4.0,exact,1727,5475,1428.0,4656.0,1407,4593,N,104616
69,7,138,Molecular Biology (Splice-junction Gene Sequences),2552,3,N,1,select_coverage_CBA_M1,,DAC,531,1584,,,472,1416,N,12764
69,7,138,Molecular Biology (Splice-junction Gene Sequences),2552,3,N,1,select_coverage_CBA_M1,,exact,531,1584,472.0,1416.0,470,1410,N,32768
69,7,138,Molecular Biology (Splice-junction Gene Sequences),2552,3,N,2,select_coverage,1.0,exact,553,1639,490.0,1463.0,485,1448,N,33904
69,7,138,Molecular Biology (Splice-junction Gene Sequences),2552,3,N,2,select_coverage,2.0,exact,971,2993,829.0,2603.0,819,2573,N,59228
69,7,138,Molecular Biology (Splice-junction Gene Sequences),2552,3,N,2,select_coverage,3.0,exact,1341,4196,1130.0,3619.0,1113,3568,N,81716
69,7,138,Molecular Biology (Splice-junction Gene Sequences),2552,3,N,2,select_coverage,4.0,exact,1727,5475,1428.0,4656.0,1407,4593,N,104616
69,7,138,Molecular Biology (Splice-junction Gene Sequences),2552,3,N,2,select_coverage_CBA_M1,,exact,245,1011,220.0,911.0,220,911,N,18396
69,7,148,Molecular Biology (Splice-junction Gene Sequences),2552,3,N,1,select_coverage,1.0,DAC,544,1646,,,487,1491,N,13168
69,7,148,Molecular Biology (Splice-junction Gene Sequences),2552,3,N,1,select_coverage,1.0,exact,544,1646,487.0,1491.0,485,1486,N,34100
69,7,148,Molecular Biology (Splice-junction Gene Sequences),2552,3,N,1,select_coverage,2.0,DAC,953,2980,,,828,2632,N,23412
69,7,148,Molecular Biology (Splice-junction Gene Sequences),2552,3,N,1,select_coverage,2.0,exact,953,2980,828.0,2632.0,819,2607,N,59396
69,7,148,Molecular Biology (Splice-junction Gene Sequences),2552,3,N,1,select_coverage,3.0,DAC,1346,4265,,,1156,3742,N,33268
69,7,148,Molecular Biology (Splice-junction Gene Sequences),2552,3,N,1,select_coverage,3.0,exact,1346,4265,1156.0,3742.0,1141,3698,N,83836
69,7,148,Molecular Biology (Splice-junction Gene Sequences),2552,3,N,1,select_coverage,4.0,DAC,1730,5531,,,1460,4804,N,42940
69,7,148,Molecular Biology (Splice-junction Gene Sequences),2552,3,N,1,select_coverage,4.0,exact,1730,5531,1460.0,4804.0,1434,4726,N,106988
69,7,148,Molecular Biology (Splice-junction Gene Sequences),2552,3,N,1,select_coverage_CBA_M1,,DAC,531,1612,,,474,1457,N,12876
69,7,148,Molecular Biology (Splice-junction Gene Sequences),2552,3,N,1,select_coverage_CBA_M1,,exact,531,1612,474.0,1457.0,472,1452,EI,33276
69,7,148,Molecular Biology (Splice-junction Gene Sequences),2552,3,N,2,select_coverage,1.0,exact,544,1646,487.0,1491.0,485,1486,N,34100
69,7,148,Molecular Biology (Splice-junction Gene Sequences),2552,3,N,2,select_coverage,2.0,exact,953,2980,828.0,2632.0,819,2607,N,59396
69,7,148,Molecular Biology (Splice-junction Gene Sequences),2552,3,N,2,select_coverage,3.0,exact,1346,4265,1156.0,3742.0,1141,3698,N,83836
69,7,148,Molecular Biology (Splice-junction Gene Sequences),2552,3,N,2,select_coverage,4.0,exact,1730,5531,1460.0,4804.0,1434,4726,N,106988
69,7,148,Molecular Biology (Splice-junction Gene Sequences),2552,3,N,2,select_coverage_CBA_M1,,exact,283,1116,263.0,1035.0,263,1035,N,21184
69,8,5,Molecular Biology (Splice-junction Gene Sequences),2552,3,N,1,select_coverage,1.0,DAC,550,1603,,,488,1428,N,13076
69,8,5,Molecular Biology (Splice-junction Gene Sequences),2552,3,N,1,select_coverage,1.0,exact,550,1603,488.0,1428.0,485,1421,N,33448
69,8,5,Molecular Biology (Splice-junction Gene Sequences),2552,3,N,1,select_coverage,2.0,DAC,970,2912,,,831,2527,N,23352
69,8,5,Molecular Biology (Splice-junction Gene Sequences),2552,3,N,1,select_coverage,2.0,exact,970,2912,831.0,2527.0,822,2501,N,58376
69,8,5,Molecular Biology (Splice-junction Gene Sequences),2552,3,N,1,select_coverage,3.0,DAC,1387,4251,,,1172,3657,N,33712
69,8,5,Molecular Biology (Splice-junction Gene Sequences),2552,3,N,1,select_coverage,3.0,exact,1387,4251,1172.0,3657.0,1154,3607,N,83588
69,8,5,Molecular Biology (Splice-junction Gene Sequences),2552,3,N,1,select_coverage,4.0,DAC,1782,5491,,,1479,4674,EI,43412
69,8,5,Molecular Biology (Splice-junction Gene Sequences),2552,3,N,1,select_coverage,4.0,exact,1782,5491,1479.0,4674.0,1450,4592,N,106380
69,8,5,Molecular Biology (Splice-junction Gene Sequences),2552,3,N,1,select_coverage_CBA_M1,,DAC,515,1525,,,461,1366,N,12344
69,8,5,Molecular Biology (Splice-junction Gene Sequences),2552,3,N,1,select_coverage_CBA_M1,,exact,515,1525,461.0,1366.0,458,1359,EI,31776
69,8,5,Molecular Biology (Splice-junction Gene Sequences),2552,3,N,2,select_coverage,1.0,exact,550,1603,488.0,1428.0,485,1421,N,33448
69,8,5,Molecular Biology (Splice-junction Gene Sequences),2552,3,N,2,select_coverage,2.0,exact,970,2912,831.0,2527.0,822,2501,N,58376
69,8,5,Molecular Biology (Splice-junction Gene Sequences),2552,3,N,2,select_coverage,3.0,exact,1387,4251,1172.0,3657.0,1154,3607,N,83588
69,8,5,Molecular Biology (Splice-junction Gene Sequences),2552,3,N,2,select_coverage,4.0,exact,1782,5491,1479.0,4674.0,1450,4592,N,106380
69,8,5,Molecular Biology (Splice-junction Gene Sequences),2552,3,N,2,select_coverage_CBA_M1,,exact,274,1044,249.0,943.0,249,943,N,19712
69,8,14,Molecular Biology (Splice-junction Gene Sequences),2552,3,N,1,select_coverage,1.0,DAC,573,1690,,,497,1481,N,13700
69,8,14,Molecular Biology (Splice-junction Gene Sequences),2552,3,N,1,select_coverage,1.0,exact,573,1690,497.0,1481.0,494,1474,N,34508
69,8,14,Molecular Biology (Splice-junction Gene Sequences),2552,3,N,1,select_coverage,2.0,DAC,1007,3060,,,863,2668,N,24388
69,8,14,Molecular Biology (Splice-junction Gene Sequences),2552,3,N,1,select_coverage,2.0,exact,1007,3060,863.0,2668.0,854,2644,N,61128
69,8,14,Molecular Biology (Splice-junction Gene Sequences),2552,3,N,1,select_coverage,3.0,DAC,1425,4378,,,1193,3725,EI,34676
69,8,14,Molecular Biology (Splice-junction Gene Sequences),2552,3,N,1,select_coverage,3.0,exact,1425,4378,1193.0,3725.0,1179,3687,N,85360
69,8,14,Molecular Biology (Splice-junction Gene Sequences),2552,3,N,1,select_coverage,4.0,DAC,1842,5719,,,1525,4838,EI,45044
69,8,14,Molecular Biology (Splice-junction Gene Sequences),2552,3,N,1,select_coverage,4.0,exact,1842,5719,1525.0,4838.0,1502,4774,N,110148
69,8,14,Molecular Biology (Splice-junction Gene Sequences),2552,3,N,1,select_coverage_CBA_M1,,DAC,552,1629,,,479,1426,N,13204
69,8,14,Molecular Biology (Splice-junction Gene Sequences),2552,3,N,1,select_coverage_CBA_M1,,exact,552,1629,479.0,1426.0,477,1422,N,33260
69,8,14,Molecular Biology (Splice-junction Gene Sequences),2552,3,N,2,select_coverage,1.0,exact,573,1690,497.0,1481.0,494,1474,N,34508
69,8,14,Molecular Biology (Splice-junction Gene Sequences),2552,3,N,2,select_coverage,2.0,exact,1007,3060,863.0,2668.0,854,2644,N,61128
69,8,14,Molecular Biology (Splice-junction Gene Sequences),2552,3,N,2,select_coverage,3.0,exact,1425,4378,1193.0,3725.0,1179,3687,N,85360
69,8,14,Molecular Biology (Splice-junction Gene Sequences),2552,3,N,2,select_coverage,4.0,exact,1842,5719,1525.0,4838.0,1502,4774,N,110148
69,8,14,Molecular Biology (Splice-junction Gene Sequences),2552,3,N,2,select_coverage_CBA_M1,,exact,304,1146,277.0,1035.0,276,1032,N,21740
69,8,17,Molecular Biology (Splice-junction Gene Sequences),2552,3,N,1,select_coverage,1.0,DAC,564,1641,,,500,1466,N,13396
69,8,17,Molecular Biology (Splice-junction Gene Sequences),2552,3,N,1,select_coverage,1.0,exact,564,1641,500.0,1466.0,498,1461,N,34296
69,8,17,Molecular Biology (Splice-junction Gene Sequences),2552,3,N,1,select_coverage,2.0,DAC,985,2964,,,844,2587,N,23740
69,8,17,Molecular Biology (Splice-junction Gene Sequences),2552,3,N,1,select_coverage,2.0,exact,985,2964,844.0,2587.0,838,2570,N,59516
69,8,17,Molecular Biology (Splice-junction Gene Sequences),2552,3,N,1,select_coverage,3.0,DAC,1415,4357,,,1185,3726,N,34472
69,8,17,Molecular Biology (Splice-junction Gene Sequences),2552,3,N,1,select_coverage,3.0,exact,1415,4357,1185.0,3726.0,1173,3692,N,85044
69,8,17,Molecular Biology (Splice-junction Gene Sequences),2552,3,N,1,select_coverage,4.0,DAC,1846,5767,,,1506,4828,N,45284
69,8,17,Molecular Biology (Splice-junction Gene Sequences),2552,3,N,1,select_coverage,4.0,exact,1846,5767,1506.0,4828.0,1481,4755,N,109616
69,8,17,Molecular Biology (Splice-junction Gene Sequences),2552,3,N,1,select_coverage_CBA_M1,,DAC,516,1520,,,455,1351,N,12336
69,8,17,Molecular Biology (Splice-junction Gene Sequences),2552,3,N,1,select_coverage_CBA_M1,,exact,516,1520,455.0,1351.0,454,1349,N,31464
69,8,17,Molecular Biology (Splice-junction Gene Sequences),2552,3,N,2,select_coverage,1.0,exact,564,1641,500.0,1466.0,498,1461,N,34296
69,8,17,Molecular Biology (Splice-junction Gene Sequences),2552,3,N,2,select_coverage,2.0,exact,985,2964,844.0,2587.0,838,2570,N,59516
69,8,17,Molecular Biology (Splice-junction Gene Sequences),2552,3,N,2,select_coverage,3.0,exact,1415,4357,1185.0,3726.0,1173,3692,N,85044
69,8,17,Molecular Biology (Splice-junction Gene Sequences),2552,3,N,2,select_coverage,4.0,exact,1846,5767,1506.0,4828.0,1481,4755,N,109616
69,8,17,Molecular Biology (Splice-junction Gene Sequences),2552,3,N,2,select_coverage_CBA_M1,,exact,233,966,210.0,873.0,210,873,N,17592
69,8,19,Molecular Biology (Splice-junction Gene Sequences),2552,3,N,1,select_coverage,1.0,DAC,530,1521,,,480,1380,N,12508
69,8,19,Molecular Biology (Splice-junction Gene Sequences),2552,3,N,1,select_coverage,1.0,exact,530,1521,480.0,1380.0,479,1377,N,32496
69,8,19,Molecular Biology (Splice-junction Gene Sequences),2552,3,N,1,select_coverage,2.0,DAC,959,2899,,,836,2540,N,23168
69,8,19,Molecular Biology (Splice-junction Gene Sequences),2552,3,N,1,select_coverage,2.0,exact,959,2899,836.0,2540.0,827,2512,N,58580
69,8,19,Molecular Biology (Splice-junction Gene Sequences),2552,3,N,1,select_coverage,3.0,DAC,1375,4217,,,1170,3630,N,33432
69,8,19,Molecular Biology (Splice-junction Gene Sequences),2552,3,N,1,select_coverage,3.0,exact,1375,4217,1170.0,3630.0,1149,3567,N,83120
69,8,19,Molecular Biology (Splice-junction Gene Sequences),2552,3,N,1,select_coverage,4.0,DAC,1783,5547,,,1483,4693,N,43648
69,8,19,Molecular Biology (Splice-junction Gene Sequences),2552,3,N,1,select_coverage,4.0,exact,1783,5547,1483.0,4693.0,1445,4580,N,106760
69,8,19,Molecular Biology (Splice-junction Gene Sequences),2552,3,N,1,select_coverage_CBA_M1,,DAC,514,1475,,,467,1340,N,12132
69,8,19,Molecular Biology (Splice-junction Gene Sequences),2552,3,N,1,select_coverage_CBA_M1,,exact,514,1475,467.0,1340.0,466,1337,EI,31576
69,8,19,Molecular Biology (Splice-junction Gene Sequences),2552,3,N,2,select_coverage,1.0,exact,530,1521,480.0,1380.0,479,1377,N,32496
69,8,19,Molecular Biology (Splice-junction Gene Sequences),2552,3,N,2,select_coverage,2.0,exact,959,2899,836.0,2540.0,827,2512,N,58580
69,8,19,Molecular Biology (Splice-junction Gene Sequences),2552,3,N,2,select_coverage,3.0,exact,1375,4217,1170.0,3630.0,1149,3567,N,83120
69,8,19,Molecular Biology (Splice-junction Gene Sequences),2552,3,N,2,select_coverage,4.0,exact,1783,5547,1483.0,4693.0,1445,4580,N,106760
69,8,19,Molecular Biology (Splice-junction Gene Sequences),2552,3,N,2,select_coverage_CBA_M1,,exact,253,959,233.0,878.0,233,878,N,18340
69,8,29,Molecular Biology (Splice-junction Gene Sequences),2552,3,N,1,select_coverage,1.0,DAC,561,1621,,,502,1443,N,13280
69,8,29,Molecular Biology (Splice-junction Gene Sequences),2552,3,N,1,select_coverage,1.0,exact,561,1621,502.0,1443.0,499,1436,N,34088
69,8,29,Molecular Biology (Splice-junction Gene Sequences),2552,3,N,1,select_coverage,2.0,DAC,994,3004,,,850,2577,N,24008
69,8,29,Molecular Biology (Splice-junction Gene Sequences),2552,3,N,1,select_coverage,2.0,exact,994,3004,850.0,2577.0,840,2550,N,59748
69,8,29,Molecular Biology (Splice-junction Gene Sequences),2552,3,N,1,select_coverage,3.0,DAC,1396,4323,,,1167,3650,N,34108
69,8,29,Molecular Biology (Splice-junction Gene Sequences),2552,3,N,1,select_coverage,3.0,exact,1396,4323,1167.0,3650.0,1146,3592,N,83628
69,8,29,Molecular Biology (Splice-junction Gene Sequences),2552,3,N,1,select_coverage,4.0,DAC,1822,5712,,,1496,4768,N,44776
69,8,29,Molecular Biology (Splice-junction Gene Sequences),2552,3,N,1,select_coverage,4.0,exact,1822,5712,1496.0,4768.0,1464,4677,N,108524
69,8,29,Molecular Biology (Splice-junction Gene Sequences),2552,3,N,1,select_coverage_CBA_M1,,DAC,533,1557,,,482,1395,N,12688
69,8,29,Molecular Biology (Splice-junction Gene Sequences),2552,3,N,1,select_coverage_CBA_M1,,exact,533,1557,482.0,1395.0,479,1388,EI,32808
69,8,29,Molecular Biology (Splice-junction Gene Sequences),2552,3,N,2,select_coverage,1.0,exact,561,1621,502.0,1443.0,499,1436,N,34088
69,8,29,Molecular Biology (Splice-junction Gene Sequences),2552,3,N,2,select_coverage,2.0,exact,994,3004,850.0,2577.0,840,2550,N,59748
69,8,29,Molecular Biology (Splice-junction Gene Sequences),2552,3,N,2,select_coverage,3.0,exact,1396,4323,1167.0,3650.0,1146,3592,N,83628
69,8,29,Molecular Biology (Splice-junction Gene Sequences),2552,3,N,2,select_coverage,4.0,exact,1822,5712,1496.0,4768.0,1464,4677,N,108524
69,8,29,Molecular Biology (Splice-junction Gene Sequences),2552,3,N,2,select_coverage_CBA_M1,,exact,277,1048,248.0,930.0,248,930,N,19592
69,8,31,Molecular Biology (Splice-junction Gene Sequences),2552,3,N,1,select_coverage,1.0,DAC,540,1598,,,491,1446,N,12936
69,8,31,Molecular Biology (Splice-junction Gene Sequences),2552,3,N,1,select_coverage,1.0,exact,540,1598,491.0,1446.0,490,1443,N,33684
69,8,31,Molecular Biology (Splice-junction Gene Sequences),2552,3,N,1,select_coverage,2.0,DAC,980,2955,,,854,2599,N,23644
69,8,31,Molecular Biology (Splice-junction Gene Sequences),2552,3,N,1,select_coverage,2.0,exact,980,2955,854.0,2599.0,846,2575,N,59868
69,8,31,Molecular Biology (Splice-junction Gene Sequences),2552,3,N,1,select_coverage,3.0,DAC,1391,4256,,,1192,3708,N,33780
69,8,31,Molecular Biology (Splice-junction Gene Sequences),2552,3,N,1,select_coverage,3.0,exact,1391,4256,1192.0,3708.0,1179,3669,N,84700
69,8,31,Molecular Biology (Splice-junction Gene Sequences),2552,3,N,1,select_coverage,4.0,DAC,1800,5579,,,1487,4704,N,43980
69,8,31,Molecular Biology (Splice-junction Gene Sequences),2552,3,N,1,select_coverage,4.0,exact,1800,5579,1487.0,4704.0,1461,4626,N,107244
69,8,31,Molecular Biology (Splice-junction Gene Sequences),2552,3,N,1,select_coverage_CBA_M1,,DAC,516,1542,,,469,1394,N,12424
69,8,31,Molecular Biology (Splice-junction Gene Sequences),2552,3,N,1,select_coverage_CBA_M1,,exact,516,1542,469.0,1394.0,469,1394,EI,32352
69,8,31,Molecular Biology (Splice-junction Gene Sequences),2552,3,N,2,select_coverage,1.0,exact,540,1598,491.0,1446.0,490,1443,N,33684
69,8,31,Molecular Biology (Splice-junction Gene Sequences),2552,3,N,2,select_coverage,2.0,exact,980,2955,854.0,2599.0,846,2575,N,59868
69,8,31,Molecular Biology (Splice-junction Gene Sequences),2552,3,N,2,select_coverage,3.0,exact,1391,4256,1192.0,3708.0,1179,3669,N,84700
69,8,31,Molecular Biology (Splice-junction Gene Sequences),2552,3,N,2,select_coverage,4.0,exact,1800,5579,1487.0,4704.0,1461,4626,N,107244
69,8,31,Molecular Biology (Splice-junction Gene Sequences),2552,3,N,2,select_coverage_CBA_M1,,exact,268,1045,239.0,933.0,239,933,N,19316
69,8,34,Molecular Biology (Splice-junction Gene Sequences),2552,3,N,1,select_coverage,1.0,DAC,565,1644,,,499,1452,N,13420
69,8,34,Molecular Biology (Splice-junction Gene Sequences),2552,3,N,1,select_coverage,1.0,exact,565,1644,499.0,1452.0,493,1434,N,34112
69,8,34,Molecular Biology (Splice-junction Gene Sequences),2552,3,N,1,select_coverage,2.0,DAC,990,2997,,,855,2618,N,23932
69,8,34,Molecular Biology (Splice-junction Gene Sequences),2552,3,N,1,select_coverage,2.0,exact,990,2997,855.0,2618.0,844,2585,N,60184
69,8,34,Molecular Biology (Splice-junction Gene Sequences),2552,3,N,1,select_coverage,3.0,DAC,1419,4393,,,1184,3744,N,34664
69,8,34,Molecular Biology (Splice-junction Gene Sequences),2552,3,N,1,select_coverage,3.0,exact,1419,4393,1184.0,3744.0,1162,3677,N,85168
69,8,34,Molecular Biology (Splice-junction Gene Sequences),2552,3,N,1,select_coverage,4.0,DAC,1833,5746,,,1512,4851,N,45044
69,8,34,Molecular Biology (Splice-junction Gene Sequences),2552,3,N,1,select_coverage,4.0,exact,1833,5746,1512.0,4851.0,1477,4746,N,109780
69,8,34,Molecular Biology (Splice-junction Gene Sequences),2552,3,N,1,select_coverage_CBA_M1,,DAC,549,1604,,,483,1412,N,13068
69,8,34,Molecular Biology (Splice-junction Gene Sequences),2552,3,N,1,select_coverage_CBA_M1,,exact,549,1604,483.0,1412.0,480,1403,EI,33156
69,8,34,Molecular Biology (Splice-junction Gene Sequences),2552,3,N,2,select_coverage,1.0,exact,565,1644,499.0,1452.0,493,1434,N,34112
69,8,34,Molecular Biology (Splice-junction Gene Sequences),2552,3,N,2,select_coverage,2.0,exact,990,2997,855.0,2618.0,844,2585,N,60184
69,8,34,Molecular Biology (Splice-junction Gene Sequences),2552,3,N,2,select_coverage,3.0,exact,1419,4393,1184.0,3744.0,1162,3677,N,85168
69,8,34,Molecular Biology (Splice-junction Gene Sequences),2552,3,N,2,select_coverage,4.0,exact,1833,5746,1512.0,4851.0,1477,4746,N,109780
69,8,34,Molecular Biology (Splice-junction Gene Sequences),2552,3,N,2,select_coverage_CBA_M1,,exact,303,1108,272.0,986.0,271,983,N,21036
69,8,42,Molecular Biology (Splice-junction Gene Sequences),2552,3,N,1,select_coverage,1.0,DAC,563,1667,,,489,1442,N,13488
69,8,42,Molecular Biology (Splice-junction Gene Sequences),2552,3,N,1,select_coverage,1.0,exact,563,1667,489.0,1442.0,485,1432,N,33836
69,8,42,Molecular Biology (Splice-junction Gene Sequences),2552,3,N,1,select_coverage,2.0,DAC,984,2990,,,826,2531,N,23832
69,8,42,Molecular Biology (Splice-junction Gene Sequences),2552,3,N,1,select_coverage,2.0,exact,984,2990,826.0,2531.0,815,2499,N,58536
69,8,42,Molecular Biology (Splice-junction Gene Sequences),2552,3,N,1,select_coverage,3.0,DAC,1391,4291,,,1151,3603,N,33920
69,8,42,Molecular Biology (Splice-junction Gene Sequences),2552,3,N,1,select_coverage,3.0,exact,1391,4291,1151.0,3603.0,1128,3534,N,82568
69,8,42,Molecular Biology (Splice-junction Gene Sequences),2552,3,N,1,select_coverage,4.0,DAC,1776,5527,,,1455,4622,N,43484
69,8,42,Molecular Biology (Splice-junction Gene Sequences),2552,3,N,1,select_coverage,4.0,exact,1776,5527,1455.0,4622.0,1416,4504,N,105196
69,8,42,Molecular Biology (Splice-junction Gene Sequences),2552,3,N,1,select_coverage_CBA_M1,,DAC,547,1622,,,474,1399,N,13116
69,8,42,Molecular Biology (Splice-junction Gene Sequences),2552,3,N,1,select_coverage_CBA_M1,,exact,547,1622,474.0,1399.0,472,1394,EI,32852
69,8,42,Molecular Biology (Splice-junction Gene Sequences),2552,3,N,2,select_coverage,1.0,exact,563,1667,489.0,1442.0,485,1432,N,33836
69,8,42,Molecular Biology (Splice-junction Gene Sequences),2552,3,N,2,select_coverage,2.0,exact,984,2990,826.0,2531.0,815,2499,N,58536
69,8,42,Molecular Biology (Splice-junction Gene Sequences),2552,3,N,2,select_coverage,3.0,exact,1391,4291,1151.0,3603.0,1128,3534,N,82568
69,8,42,Molecular Biology (Splice-junction Gene Sequences),2552,3,N,2,select_coverage,4.0,exact,1776,5527,1455.0,4622.0,1416,4504,N,105196
69,8,42,Molecular Biology (Splice-junction Gene Sequences),2552,3,N,2,select_coverage_CBA_M1,,exact,284,1097,248.0,948.0,248,948,N,19932
69,8,49,Molecular Biology (Splice-junction Gene Sequences),2552,3,N,1,select_coverage,1.0,DAC,560,1657,,,494,1465,N,13412
69,8,49,Molecular Biology (Splice-junction Gene Sequences),2552,3,N,1,select_coverage,1.0,exact,560,1657,494.0,1465.0,488,1451,N,34124
69,8,49,Molecular Biology (Splice-junction Gene Sequences),2552,3,N,1,select_coverage,2.0,DAC,997,3019,,,836,2555,N,24104
69,8,49,Molecular Biology (Splice-junction Gene Sequences),2552,3,N,1,select_coverage,2.0,exact,997,3019,836.0,2555.0,823,2520,N,59152
69,8,49,Molecular Biology (Splice-junction Gene Sequences),2552,3,N,1,select_coverage,3.0,DAC,1427,4382,,,1170,3653,N,34716
69,8,49,Molecular Biology (Splice-junction Gene Sequences),2552,3,N,1,select_coverage,3.0,exact,1427,4382,1170.0,3653.0,1145,3584,N,83940
69,8,49,Molecular Biology (Splice-junction Gene Sequences),2552,3,N,1,select_coverage,4.0,DAC,1842,5761,,,1496,4783,N,45212
69,8,49,Molecular Biology (Splice-junction Gene Sequences),2552,3,N,1,select_coverage,4.0,exact,1842,5761,1496.0,4783.0,1458,4675,N,108772
69,8,49,Molecular Biology (Splice-junction Gene Sequences),2552,3,N,1,select_coverage_CBA_M1,,DAC,532,1593,,,472,1413,N,12820
69,8,49,Molecular Biology (Splice-junction Gene Sequences),2552,3,N,1,select_coverage_CBA_M1,,exact,532,1593,472.0,1413.0,468,1404,EI,32768
69,8,49,Molecular Biology (Splice-junction Gene Sequences),2552,3,N,2,select_coverage,1.0,exact,560,1657,494.0,1465.0,488,1451,N,34124
69,8,49,Molecular Biology (Splice-junction Gene Sequences),2552,3,N,2,select_coverage,2.0,exact,997,3019,836.0,2555.0,823,2520,N,59152
69,8,49,Molecular Biology (Splice-junction Gene Sequences),2552,3,N,2,select_coverage,3.0,exact,1427,4382,1170.0,3653.0,1145,3584,N,83940
69,8,49,Molecular Biology (Splice-junction Gene Sequences),2552,3,N,2,select_coverage,4.0,exact,1842,5761,1496.0,4783.0,1458,4675,N,108772
69,8,49,Molecular Biology (Splice-junction Gene Sequences),2552,3,N,2,select_coverage_CBA_M1,,exact,280,1091,252.0,975.0,251,973,N,20244
69,8,63,Molecular Biology (Splice-junction Gene Sequences),2552,3,N,1,select_coverage,1.0,DAC,559,1652,,,496,1478,N,13380
69,8,63,Molecular Biology (Splice-junction Gene Sequences),2552,3,N,1,select_coverage,1.0,exact,559,1652,496.0,1478.0,490,1462,N,34264
69,8,63,Molecular Biology (Splice-junction Gene Sequences),2552,3,N,1,select_coverage,2.0,DAC,982,2950,,,842,2568,N,23648
69,8,63,Molecular Biology (Splice-junction Gene Sequences),2552,3,N,1,select_coverage,2.0,exact,982,2950,842.0,2568.0,833,2542,N,59208
69,8,63,Molecular Biology (Splice-junction Gene Sequences),2552,3,N,1,select_coverage,3.0,DAC,1387,4245,,,1154,3602,N,33688
69,8,63,Molecular Biology (Splice-junction Gene Sequences),2552,3,N,1,select_coverage,3.0,exact,1387,4245,1154.0,3602.0,1140,3560,N,82580
69,8,63,Molecular Biology (Splice-junction Gene Sequences),2552,3,N,1,select_coverage,4.0,DAC,1801,5587,,,1486,4725,EI,44024
69,8,63,Molecular Biology (Splice-junction Gene Sequences),2552,3,N,1,select_coverage,4.0,exact,1801,5587,1486.0,4725.0,1460,4648,N,107416
69,8,63,Molecular Biology (Splice-junction Gene Sequences),2552,3,N,1,select_coverage_CBA_M1,,DAC,538,1600,,,479,1434,N,12920
69,8,63,Molecular Biology (Splice-junction Gene Sequences),2552,3,N,1,select_coverage_CBA_M1,,exact,538,1600,479.0,1434.0,475,1424,EI,33184
69,8,63,Molecular Biology (Splice-junction Gene Sequences),2552,3,N,2,select_coverage,1.0,exact,559,1652,496.0,1478.0,490,1462,N,34264
69,8,63,Molecular Biology (Splice-junction Gene Sequences),2552,3,N,2,select_coverage,2.0,exact,982,2950,842.0,2568.0,833,2542,N,59208
69,8,63,Molecular Biology (Splice-junction Gene Sequences),2552,3,N,2,select_coverage,3.0,exact,1387,4245,1154.0,3602.0,1140,3560,N,82580
69,8,63,Molecular Biology (Splice-junction Gene Sequences),2552,3,N,2,select_coverage,4.0,exact,1801,5587,1486.0,4725.0,1460,4648,N,107416
69,8,63,Molecular Biology (Splice-junction Gene Sequences),2552,3,N,2,select_coverage_CBA_M1,,exact,299,1119,276.0,1025.0,276,1025,N,21532
69,8,64,Molecular Biology (Splice-junction Gene Sequences),2552,3,N,1,select_coverage,1.0,DAC,553,1633,,,493,1457,N,13232
69,8,64,Molecular Biology (Splice-junction Gene Sequences),2552,3,N,1,select_coverage,1.0,exact,553,1633,493.0,1457.0,488,1445,N,33940
69,8,64,Molecular Biology (Splice-junction Gene Sequences),2552,3,N,1,select_coverage,2.0,DAC,980,2950,,,845,2574,N,23624
69,8,64,Molecular Biology (Splice-junction Gene Sequences),2552,3,N,1,select_coverage,2.0,exact,980,2950,845.0,2574.0,835,2550,N,59360
69,8,64,Molecular Biology (Splice-junction Gene Sequences),2552,3,N,1,select_coverage,3.0,DAC,1397,4299,,,1178,3680,N,34024
69,8,64,Molecular Biology (Splice-junction Gene Sequences),2552,3,N,1,select_coverage,3.0,exact,1397,4299,1178.0,3680.0,1158,3627,N,84144
69,8,64,Molecular Biology (Splice-junction Gene Sequences),2552,3,N,1,select_coverage,4.0,DAC,1809,5637,,,1489,4741,N,44320
69,8,64,Molecular Biology (Splice-junction Gene Sequences),2552,3,N,1,select_coverage,4.0,exact,1809,5637,1489.0,4741.0,1456,4651,N,107788
69,8,64,Molecular Biology (Splice-junction Gene Sequences),2552,3,N,1,select_coverage_CBA_M1,,DAC,540,1597,,,481,1423,N,12932
69,8,64,Molecular Biology (Splice-junction Gene Sequences),2552,3,N,1,select_coverage_CBA_M1,,exact,540,1597,481.0,1423.0,476,1411,N,33140
69,8,64,Molecular Biology (Splice-junction Gene Sequences),2552,3,N,2,select_coverage,1.0,exact,553,1633,493.0,1457.0,488,1445,N,33940
69,8,64,Molecular Biology (Splice-junction Gene Sequences),2552,3,N,2,select_coverage,2.0,exact,980,2950,845.0,2574.0,835,2550,N,59360
69,8,64,Molecular Biology (Splice-junction Gene Sequences),2552,3,N,2,select_coverage,3.0,exact,1397,4299,1178.0,3680.0,1158,3627,N,84144
69,8,64,Molecular Biology (Splice-junction Gene Sequences),2552,3,N,2,select_coverage,4.0,exact,1809,5637,1489.0,4741.0,1456,4651,N,107788
69,8,64,Molecular Biology (Splice-junction Gene Sequences),2552,3,N,2,select_coverage_CBA_M1,,exact,234,986,207.0,876.0,207,876,N,17600
69,8,65,Molecular Biology (Splice-junction Gene Sequences),2552,3,N,1,select_coverage,1.0,DAC,560,1629,,,505,1459,N,13300
69,8,65,Molecular Biology (Splice-junction Gene Sequences),2552,3,N,1,select_coverage,1.0,exact,560,1629,505.0,1459.0,502,1449,N,34332
69,8,65,Molecular Biology (Splice-junction Gene Sequences),2552,3,N,1,select_coverage,2.0,DAC,988,2968,,,853,2582,N,23792
69,8,65,Molecular Biology (Splice-junction Gene Sequences),2552,3,N,1,select_coverage,2.0,exact,988,2968,853.0,2582.0,844,2554,N,59736
69,8,65,Molecular Biology (Splice-junction Gene Sequences),2552,3,N,1,select_coverage,3.0,DAC,1423,4350,,,1204,3738,N,34540
69,8,65,Molecular Biology (Splice-junction Gene Sequences),2552,3,N,1,select_coverage,3.0,exact,1423,4350,1204.0,3738.0,1184,3678,N,85616
69,8,65,Molecular Biology (Splice-junction Gene Sequences),2552,3,N,1,select_coverage,4.0,DAC,1841,5671,,,1519,4782,N,44840
69,8,65,Molecular Biology (Splice-junction Gene Sequences),2552,3,N,1,select_coverage,4.0,exact,1841,5671,1519.0,4782.0,1486,4683,N,109176
69,8,65,Molecular Biology (Splice-junction Gene Sequences),2552,3,N,1,select_coverage_CBA_M1,,DAC,536,1572,,,484,1408,N,12784
69,8,65,Molecular Biology (Splice-junction Gene Sequences),2552,3,N,1,select_coverage_CBA_M1,,exact,536,1572,484.0,1408.0,482,1402,EI,33040
69,8,65,Molecular Biology (Splice-junction Gene Sequences),2552,3,N,2,select_coverage,1.0,exact,560,1629,505.0,1459.0,502,1449,N,34332
69,8,65,Molecular Biology (Splice-junction Gene Sequences),2552,3,N,2,select_coverage,2.0,exact,988,2968,853.0,2582.0,844,2554,N,59736
69,8,65,Molecular Biology (Splice-junction Gene Sequences),2552,3,N,2,select_coverage,3.0,exact,1423,4350,1204.0,3738.0,1184,3678,N,85616
69,8,65,Molecular Biology (Splice-junction Gene Sequences),2552,3,N,2,select_coverage,4.0,exact,1841,5671,1519.0,4782.0,1486,4683,N,109176
69,8,65,Molecular Biology (Splice-junction Gene Sequences),2552,3,N,2,select_coverage_CBA_M1,,exact,277,1057,248.0,939.0,247,936,N,19688
69,8,68,Molecular Biology (Splice-junction Gene Sequences),2552,3,N,1,select_coverage,1.0,DAC,563,1654,,,502,1467,N,13436
69,8,68,Molecular Biology (Splice-junction Gene Sequences),2552,3,N,1,select_coverage,1.0,exact,563,1654,502.0,1467.0,500,1462,N,34420
69,8,68,Molecular Biology (Splice-junction Gene Sequences),2552,3,N,1,select_coverage,2.0,DAC,999,3051,,,847,2593,N,24256
69,8,68,Molecular Biology (Splice-junction Gene Sequences),2552,3,N,1,select_coverage,2.0,exact,999,3051,847.0,2593.0,837,2564,N,59960
69,8,68,Molecular Biology (Splice-junction Gene Sequences),2552,3,N,1,select_coverage,3.0,DAC,1412,4367,,,1182,3700,N,34476
69,8,68,Molecular Biology (Splice-junction Gene Sequences),2552,3,N,1,select_coverage,3.0,exact,1412,4367,1182.0,3700.0,1163,3645,N,84696
69,8,68,Molecular Biology (Splice-junction Gene Sequences),2552,3,N,1,select_coverage,4.0,DAC,1845,5723,,,1524,4816,N,45096
69,8,68,Molecular Biology (Splice-junction Gene Sequences),2552,3,N,1,select_coverage,4.0,exact,1845,5723,1524.0,4816.0,1491,4720,N,109828
69,8,68,Molecular Biology (Splice-junction Gene Sequences),2552,3,N,1,select_coverage_CBA_M1,,DAC,537,1574,,,479,1393,N,12804
69,8,68,Molecular Biology (Splice-junction Gene Sequences),2552,3,N,1,select_coverage_CBA_M1,,exact,537,1574,479.0,1393.0,478,1391,EI,32784
69,8,68,Molecular Biology (Splice-junction Gene Sequences),2552,3,N,2,select_coverage,1.0,exact,563,1654,502.0,1467.0,500,1462,N,34420
69,8,68,Molecular Biology (Splice-junction Gene Sequences),2552,3,N,2,select_coverage,2.0,exact,999,3051,847.0,2593.0,837,2564,N,59960
69,8,68,Molecular Biology (Splice-junction Gene Sequences),2552,3,N,2,select_coverage,3.0,exact,1412,4367,1182.0,3700.0,1163,3645,N,84696
69,8,68,Molecular Biology (Splice-junction Gene Sequences),2552,3,N,2,select_coverage,4.0,exact,1845,5723,1524.0,4816.0,1491,4720,N,109828
69,8,68,Molecular Biology (Splice-junction Gene Sequences),2552,3,N,2,select_coverage_CBA_M1,,exact,276,1070,245.0,943.0,245,943,N,19688
69,8,74,Molecular Biology (Splice-junction Gene Sequences),2552,3,N,1,select_coverage,1.0,DAC,547,1611,,,485,1430,N,13072
69,8,74,Molecular Biology (Splice-junction Gene Sequences),2552,3,N,1,select_coverage,1.0,exact,547,1611,485.0,1430.0,481,1420,N,33388
69,8,74,Molecular Biology (Splice-junction Gene Sequences),2552,3,N,1,select_coverage,2.0,DAC,950,2889,,,822,2524,N,23020
69,8,74,Molecular Biology (Splice-junction Gene Sequences),2552,3,N,1,select_coverage,2.0,exact,950,2889,822.0,2524.0,813,2498,N,57972
69,8,74,Molecular Biology (Splice-junction Gene Sequences),2552,3,N,1,select_coverage,3.0,DAC,1360,4198,,,1147,3598,N,33176
69,8,74,Molecular Biology (Splice-junction Gene Sequences),2552,3,N,1,select_coverage,3.0,exact,1360,4198,1147.0,3598.0,1131,3551,N,82116
69,8,74,Molecular Biology (Splice-junction Gene Sequences),2552,3,N,1,select_coverage,4.0,DAC,1776,5550,,,1473,4686,N,43576
69,8,74,Molecular Biology (Splice-junction Gene Sequences),2552,3,N,1,select_coverage,4.0,exact,1776,5550,1473.0,4686.0,1452,4624,N,106600
69,8,74,Molecular Biology (Splice-junction Gene Sequences),2552,3,N,1,select_coverage_CBA_M1,,DAC,526,1541,,,464,1360,IE,12540
69,8,74,Molecular Biology (Splice-junction Gene Sequences),2552,3,N,1,select_coverage_CBA_M1,,exact,526,1541,464.0,1360.0,461,1353,EI,31888
69,8,74,Molecular Biology (Splice-junction Gene Sequences),2552,3,N,2,select_coverage,1.0,exact,547,1611,485.0,1430.0,481,1420,N,33388
69,8,74,Molecular Biology (Splice-junction Gene Sequences),2552,3,N,2,select_coverage,2.0,exact,950,2889,822.0,2524.0,813,2498,N,57972
69,8,74,Molecular Biology (Splice-junction Gene Sequences),2552,3,N,2,select_coverage,3.0,exact,1360,4198,1147.0,3598.0,1131,3551,N,82116
69,8,74,Molecular Biology (Splice-junction Gene Sequences),2552,3,N,2,select_coverage,4.0,exact,1776,5550,1473.0,4686.0,1452,4624,N,106600
69,8,74,Molecular Biology (Splice-junction Gene Sequences),2552,3,N,2,select_coverage_CBA_M1,,exact,287,1081,258.0,966.0,257,964,N,20324
69,8,76,Molecular Biology (Splice-junction Gene Sequences),2552,3,N,1,select_coverage,1.0,DAC,566,1686,,,496,1478,N,13600
69,8,76,Molecular Biology (Splice-junction Gene Sequences),2552,3,N,1,select_coverage,1.0,exact,566,1686,496.0,1478.0,493,1469,N,34428
69,8,76,Molecular Biology (Splice-junction Gene Sequences),2552,3,N,1,select_coverage,2.0,DAC,1001,3036,,,845,2577,N,24220
69,8,76,Molecular Biology (Splice-junction Gene Sequences),2552,3,N,1,select_coverage,2.0,exact,1001,3036,845.0,2577.0,837,2553,N,59728
69,8,76,Molecular Biology (Splice-junction Gene Sequences),2552,3,N,1,select_coverage,3.0,DAC,1398,4320,,,1149,3606,N,34120
69,8,76,Molecular Biology (Splice-junction Gene Sequences),2552,3,N,1,select_coverage,3.0,exact,1398,4320,1149.0,3606.0,1132,3555,N,82716
69,8,76,Molecular Biology (Splice-junction Gene Sequences),2552,3,N,1,select_coverage,4.0,DAC,1807,5682,,,1471,4705,N,44476
69,8,76,Molecular Biology (Splice-junction Gene Sequences),2552,3,N,1,select_coverage,4.0,exact,1807,5682,1471.0,4705.0,1442,4618,N,107116
69,8,76,Molecular Biology (Splice-junction Gene Sequences),2552,3,N,1,select_coverage_CBA_M1,,DAC,541,1618,,,472,1412,N,13028
69,8,76,Molecular Biology (Splice-junction Gene Sequences),2552,3,N,1,select_coverage_CBA_M1,,exact,541,1618,472.0,1412.0,472,1412,N,32896
69,8,76,Molecular Biology (Splice-junction Gene Sequences),2552,3,N,2,select_coverage,1.0,exact,566,1686,496.0,1478.0,493,1469,N,34428
69,8,76,Molecular Biology (Splice-junction Gene Sequences),2552,3,N,2,select_coverage,2.0,exact,1001,3036,845.0,2577.0,837,2553,N,59728
69,8,76,Molecular Biology (Splice-junction Gene Sequences),2552,3,N,2,select_coverage,3.0,exact,1398,4320,1149.0,3606.0,1132,3555,N,82716
69,8,76,Molecular Biology (Splice-junction Gene Sequences),2552,3,N,2,select_coverage,4.0,exact,1807,5682,1471.0,4705.0,1442,4618,N,107116
69,8,76,Molecular Biology (Splice-junction Gene Sequences),2552,3,N,2,select_coverage_CBA_M1,,exact,254,1053,220.0,917.0,220,917,N,18612
69,8,100,Molecular Biology (Splice-junction Gene Sequences),2552,3,N,1,select_coverage,1.0,DAC,552,1626,,,498,1467,N,13192
69,8,100,Molecular Biology (Splice-junction Gene Sequences),2552,3,N,1,select_coverage,1.0,exact,552,1626,498.0,1467.0,495,1459,N,34168
69,8,100,Molecular Biology (Splice-junction Gene Sequences),2552,3,N,1,select_coverage,2.0,DAC,973,2935,,,845,2557,N,23480
69,8,100,Molecular Biology (Splice-junction Gene Sequences),2552,3,N,1,select_coverage,2.0,exact,973,2935,845.0,2557.0,838,2537,N,59180
69,8,100,Molecular Biology (Splice-junction Gene Sequences),2552,3,N,1,select_coverage,3.0,DAC,1394,4295,,,1181,3690,N,33972
69,8,100,Molecular Biology (Splice-junction Gene Sequences),2552,3,N,1,select_coverage,3.0,exact,1394,4295,1181.0,3690.0,1162,3635,N,84296
69,8,100,Molecular Biology (Splice-junction Gene Sequences),2552,3,N,1,select_coverage,4.0,DAC,1796,5573,,,1499,4734,N,43908
69,8,100,Molecular Biology (Splice-junction Gene Sequences),2552,3,N,1,select_coverage,4.0,exact,1796,5573,1499.0,4734.0,1472,4655,N,107840
69,8,100,Molecular Biology (Splice-junction Gene Sequences),2552,3,N,1,select_coverage_CBA_M1,,DAC,540,1590,,,487,1433,N,12904
69,8,100,Molecular Biology (Splice-junction Gene Sequences),2552,3,N,1,select_coverage_CBA_M1,,exact,540,1590,487.0,1433.0,486,1431,N,33424
69,8,100,Molecular Biology (Splice-junction Gene Sequences),2552,3,N,2,select_coverage,1.0,exact,552,1626,498.0,1467.0,495,1459,N,34168
69,8,100,Molecular Biology (Splice-junction Gene Sequences),2552,3,N,2,select_coverage,2.0,exact,973,2935,845.0,2557.0,838,2537,N,59180
69,8,100,Molecular Biology (Splice-junction Gene Sequences),2552,3,N,2,select_coverage,3.0,exact,1394,4295,1181.0,3690.0,1162,3635,N,84296
69,8,100,Molecular Biology (Splice-junction Gene Sequences),2552,3,N,2,select_coverage,4.0,exact,1796,5573,1499.0,4734.0,1472,4655,N,107840
69,8,100,Molecular Biology (Splice-junction Gene Sequences),2552,3,N,2,select_coverage_CBA_M1,,exact,234,983,209.0,882.0,208,879,N,17688
69,8,114,Molecular Biology (Splice-junction Gene Sequences),2552,3,N,1,select_coverage,1.0,DAC,548,1610,,,489,1437,N,13080
69,8,114,Molecular Biology (Splice-junction Gene Sequences),2552,3,N,1,select_coverage,1.0,exact,548,1610,489.0,1437.0,487,1432,N,33588
69,8,114,Molecular Biology (Splice-junction Gene Sequences),2552,3,N,1,select_coverage,2.0,DAC,975,2939,,,828,2523,N,23520
69,8,114,Molecular Biology (Splice-junction Gene Sequences),2552,3,N,1,select_coverage,2.0,exact,975,2939,828.0,2523.0,818,2495,N,58348
69,8,114,Molecular Biology (Splice-junction Gene Sequences),2552,3,N,1,select_coverage,3.0,DAC,1346,4102,,,1123,3498,N,32624
69,8,114,Molecular Biology (Splice-junction Gene Sequences),2552,3,N,1,select_coverage,3.0,exact,1346,4102,1123.0,3498.0,1109,3458,N,80192
69,8,114,Molecular Biology (Splice-junction Gene Sequences),2552,3,N,1,select_coverage,4.0,DAC,1743,5383,,,1431,4536,N,42512
69,8,114,Molecular Biology (Splice-junction Gene Sequences),2552,3,N,1,select_coverage,4.0,exact,1743,5383,1431.0,4536.0,1404,4458,N,103324
69,8,114,Molecular Biology (Splice-junction Gene Sequences),2552,3,N,1,select_coverage_CBA_M1,,DAC,530,1569,,,473,1400,N,12700
69,8,114,Molecular Biology (Splice-junction Gene Sequences),2552,3,N,1,select_coverage_CBA_M1,,exact,530,1569,473.0,1400.0,471,1395,EI,32616
69,8,114,Molecular Biology (Splice-junction Gene Sequences),2552,3,N,2,select_coverage,1.0,exact,548,1610,489.0,1437.0,487,1432,N,33588
69,8,114,Molecular Biology (Splice-junction Gene Sequences),2552,3,N,2,select_coverage,2.0,exact,975,2939,828.0,2523.0,818,2495,N,58348
69,8,114,Molecular Biology (Splice-junction Gene Sequences),2552,3,N,2,select_coverage,3.0,exact,1346,4102,1123.0,3498.0,1109,3458,N,80192
69,8,114,Molecular Biology (Splice-junction Gene Sequences),2552,3,N,2,select_coverage,4.0,exact,1743,5383,1431.0,4536.0,1404,4458,N,103324
69,8,114,Molecular Biology (Splice-junction Gene Sequences),2552,3,N,2,select_coverage_CBA_M1,,exact,284,1073,258.0,966.0,258,966,N,20300
69,8,133,Molecular Biology (Splice-junction Gene Sequences),2552,3,N,1,select_coverage,1.0,DAC,540,1592,,,476,1403,N,12912
69,8,133,Molecular Biology (Splice-junction Gene Sequences),2552,3,N,1,select_coverage,1.0,exact,540,1592,476.0,1403.0,473,1395,N,32816
69,8,133,Molecular Biology (Splice-junction Gene Sequences),2552,3,N,1,select_coverage,2.0,DAC,964,2905,,,832,2530,N,23252
69,8,133,Molecular Biology (Splice-junction Gene Sequences),2552,3,N,1,select_coverage,2.0,exact,964,2905,832.0,2530.0,820,2496,N,58372
69,8,133,Molecular Biology (Splice-junction Gene Sequences),2552,3,N,1,select_coverage,3.0,DAC,1370,4169,,,1166,3614,N,33180
69,8,133,Molecular Biology (Splice-junction Gene Sequences),2552,3,N,1,select_coverage,3.0,exact,1370,4169,1166.0,3614.0,1142,3546,N,82652
69,8,133,Molecular Biology (Splice-junction Gene Sequences),2552,3,N,1,select_coverage,4.0,DAC,1783,5521,,,1495,4720,N,43544
69,8,133,Molecular Biology (Splice-junction Gene Sequences),2552,3,N,1,select_coverage,4.0,exact,1783,5521,1495.0,4720.0,1465,4635,N,107368
69,8,133,Molecular Biology (Splice-junction Gene Sequences),2552,3,N,1,select_coverage_CBA_M1,,DAC,513,1518,,,452,1335,N,12292
69,8,133,Molecular Biology (Splice-junction Gene Sequences),2552,3,N,1,select_coverage_CBA_M1,,exact,513,1518,452.0,1335.0,449,1327,N,31208
69,8,133,Molecular Biology (Splice-junction Gene Sequences),2552,3,N,2,select_coverage,1.0,exact,540,1592,476.0,1403.0,473,1395,N,32816
69,8,133,Molecular Biology (Splice-junction Gene Sequences),2552,3,N,2,select_coverage,2.0,exact,964,2905,832.0,2530.0,820,2496,N,58372
69,8,133,Molecular Biology (Splice-junction Gene Sequences),2552,3,N,2,select_coverage,3.0,exact,1370,4169,1166.0,3614.0,1142,3546,N,82652
69,8,133,Molecular Biology (Splice-junction Gene Sequences),2552,3,N,2,select_coverage,4.0,exact,1783,5521,1495.0,4720.0,1465,4635,N,107368
69,8,133,Molecular Biology (Splice-junction Gene Sequences),2552,3,N,2,select_coverage_CBA_M1,,exact,236,973,205.0,850.0,205,850,N,17276
69,8,138,Molecular Biology (Splice-junction Gene Sequences),2552,3,N,1,select_coverage,1.0,DAC,561,1657,,,492,1446,N,13424
69,8,138,Molecular Biology (Splice-junction Gene Sequences),2552,3,N,1,select_coverage,1.0,exact,561,1657,492.0,1446.0,490,1440,N,33940
69,8,138,Molecular Biology (Splice-junction Gene Sequences),2552,3,N,1,select_coverage,2.0,DAC,1020,3090,,,865,2638,N,24664
69,8,138,Molecular Biology (Splice-junction Gene Sequences),2552,3,N,1,select_coverage,2.0,exact,1020,3090,865.0,2638.0,859,2621,N,61100
69,8,138,Molecular Biology (Splice-junction Gene Sequences),2552,3,N,1,select_coverage,3.0,DAC,1440,4472,,,1203,3796,N,35232
69,8,138,Molecular Biology (Splice-junction Gene Sequences),2552,3,N,1,select_coverage,3.0,exact,1440,4472,1203.0,3796.0,1189,3755,N,86612
69,8,138,Molecular Biology (Splice-junction Gene Sequences),2552,3,N,1,select_coverage,4.0,DAC,1841,5800,,,1523,4902,N,45356
69,8,138,Molecular Biology (Splice-junction Gene Sequences),2552,3,N,1,select_coverage,4.0,exact,1841,5800,1523.0,4902.0,1495,4819,N,110844
69,8,138,Molecular Biology (Splice-junction Gene Sequences),2552,3,N,1,select_coverage_CBA_M1,,DAC,533,1593,,,467,1388,N,12832
69,8,138,Molecular Biology (Splice-junction Gene Sequences),2552,3,N,1,select_coverage_CBA_M1,,exact,533,1593,467.0,1388.0,467,1388,N,32444
69,8,138,Molecular Biology (Splice-junction Gene Sequences),2552,3,N,2,select_coverage,1.0,exact,561,1657,492.0,1446.0,490,1440,N,33940
69,8,138,Molecular Biology (Splice-junction Gene Sequences),2552,3,N,2,select_coverage,2.0,exact,1020,3090,865.0,2638.0,859,2621,N,61100
69,8,138,Molecular Biology (Splice-junction Gene Sequences),2552,3,N,2,select_coverage,3.0,exact,1440,4472,1203.0,3796.0,1189,3755,N,86612
69,8,138,Molecular Biology (Splice-junction Gene Sequences),2552,3,N,2,select_coverage,4.0,exact,1841,5800,1523.0,4902.0,1495,4819,N,110844
69,8,138,Molecular Biology (Splice-junction Gene Sequences),2552,3,N,2,select_coverage_CBA_M1,,exact,252,1031,217.0,888.0,217,888,N,18196
69,8,148,Molecular Biology (Splice-junction Gene Sequences),2552,3,N,1,select_coverage,1.0,DAC,589,1751,,,525,1564,N,14136
69,8,148,Molecular Biology (Splice-junction Gene Sequences),2552,3,N,1,select_coverage,1.0,exact,589,1751,525.0,1564.0,523,1558,N,36316
69,8,148,Molecular Biology (Splice-junction Gene Sequences),2552,3,N,1,select_coverage,2.0,DAC,1017,3099,,,868,2678,N,24664
69,8,148,Molecular Biology (Splice-junction Gene Sequences),2552,3,N,1,select_coverage,2.0,exact,1017,3099,868.0,2678.0,857,2648,N,61500
69,8,148,Molecular Biology (Splice-junction Gene Sequences),2552,3,N,1,select_coverage,3.0,DAC,1437,4438,,,1210,3814,N,35060
69,8,148,Molecular Biology (Splice-junction Gene Sequences),2552,3,N,1,select_coverage,3.0,exact,1437,4438,1210.0,3814.0,1191,3760,N,86792
69,8,148,Molecular Biology (Splice-junction Gene Sequences),2552,3,N,1,select_coverage,4.0,DAC,1851,5819,,,1531,4914,N,45552
69,8,148,Molecular Biology (Splice-junction Gene Sequences),2552,3,N,1,select_coverage,4.0,exact,1851,5819,1531.0,4914.0,1499,4821,N,111232
69,8,148,Molecular Biology (Splice-junction Gene Sequences),2552,3,N,1,select_coverage_CBA_M1,,DAC,574,1710,,,511,1525,N,13792
69,8,148,Molecular Biology (Splice-junction Gene Sequences),2552,3,N,1,select_coverage_CBA_M1,,exact,574,1710,511.0,1525.0,511,1525,EI,35416
69,8,148,Molecular Biology (Splice-junction Gene Sequences),2552,3,N,2,select_coverage,1.0,exact,589,1751,525.0,1564.0,523,1558,N,36316
69,8,148,Molecular Biology (Splice-junction Gene Sequences),2552,3,N,2,select_coverage,2.0,exact,1017,3099,868.0,2678.0,857,2648,N,61500
69,8,148,Molecular Biology (Splice-junction Gene Sequences),2552,3,N,2,select_coverage,3.0,exact,1437,4438,1210.0,3814.0,1191,3760,N,86792
69,8,148,Molecular Biology (Splice-junction Gene Sequences),2552,3,N,2,select_coverage,4.0,exact,1851,5819,1531.0,4914.0,1499,4821,N,111232
69,8,148,Molecular Biology (Splice-junction Gene Sequences),2552,3,N,2,select_coverage_CBA_M1,,exact,282,1130,253.0,1013.0,253,1013,N,20744
69,9,5,Molecular Biology (Splice-junction Gene Sequences),2552,3,N,1,select_coverage,1.0,DAC,558,1615,,,501,1452,N,13228
69,9,5,Molecular Biology (Splice-junction Gene Sequences),2552,3,N,1,select_coverage,1.0,exact,558,1615,501.0,1452.0,494,1433,EI,34056
69,9,5,Molecular Biology (Splice-junction Gene Sequences),2552,3,N,1,select_coverage,2.0,DAC,1015,3032,,,883,2653,N,24380
69,9,5,Molecular Biology (Splice-junction Gene Sequences),2552,3,N,1,select_coverage,2.0,exact,1015,3032,883.0,2653.0,866,2606,EI,61444
69,9,5,Molecular Biology (Splice-junction Gene Sequences),2552,3,N,1,select_coverage,3.0,DAC,1431,4350,,,1228,3770,N,34644
69,9,5,Molecular Biology (Splice-junction Gene Sequences),2552,3,N,1,select_coverage,3.0,exact,1431,4350,1228.0,3770.0,1199,3689,N,86556
69,9,5,Molecular Biology (Splice-junction Gene Sequences),2552,3,N,1,select_coverage,4.0,DAC,1876,5753,,,1585,4918,N,45596
69,9,5,Molecular Biology (Splice-junction Gene Sequences),2552,3,N,1,select_coverage,4.0,exact,1876,5753,1585.0,4918.0,1536,4779,N,112544
69,9,5,Molecular Biology (Splice-junction Gene Sequences),2552,3,N,1,select_coverage_CBA_M1,,DAC,525,1539,,,472,1384,N,12528
69,9,5,Molecular Biology (Splice-junction Gene Sequences),2552,3,N,1,select_coverage_CBA_M1,,exact,525,1539,472.0,1384.0,466,1369,EI,32296
69,9,5,Molecular Biology (Splice-junction Gene Sequences),2552,3,N,2,select_coverage,1.0,exact,558,1615,501.0,1452.0,494,1433,EI,34056
69,9,5,Molecular Biology (Splice-junction Gene Sequences),2552,3,N,2,select_coverage,2.0,exact,1015,3032,883.0,2653.0,866,2606,EI,61444
69,9,5,Molecular Biology (Splice-junction Gene Sequences),2552,3,N,2,select_coverage,3.0,exact,1431,4350,1228.0,3770.0,1199,3689,N,86556
69,9,5,Molecular Biology (Splice-junction Gene Sequences),2552,3,N,2,select_coverage,4.0,exact,1876,5753,1585.0,4918.0,1536,4779,N,112544
69,9,5,Molecular Biology (Splice-junction Gene Sequences),2552,3,N,2,select_coverage_CBA_M1,,exact,277,1046,253.0,949.0,252,945,N,19880
69,9,14,Molecular Biology (Splice-junction Gene Sequences),2552,3,N,1,select_coverage,1.0,DAC,577,1680,,,509,1473,N,13716
69,9,14,Molecular Biology (Splice-junction Gene Sequences),2552,3,N,1,select_coverage,1.0,exact,577,1680,509.0,1473.0,507,1467,N,34792
69,9,14,Molecular Biology (Splice-junction Gene Sequences),2552,3,N,1,select_coverage,2.0,DAC,1005,2991,,,843,2504,N,24096
69,9,14,Molecular Biology (Splice-junction Gene Sequences),2552,3,N,1,select_coverage,2.0,exact,1005,2991,843.0,2504.0,833,2476,N,58884
69,9,14,Molecular Biology (Splice-junction Gene Sequences),2552,3,N,1,select_coverage,3.0,DAC,1441,4355,,,1193,3623,N,34784
69,9,14,Molecular Biology (Splice-junction Gene Sequences),2552,3,N,1,select_coverage,3.0,exact,1441,4355,1193.0,3623.0,1173,3569,N,84388
69,9,14,Molecular Biology (Splice-junction Gene Sequences),2552,3,N,1,select_coverage,4.0,DAC,1871,5719,,,1536,4740,N,45400
69,9,14,Molecular Biology (Splice-junction Gene Sequences),2552,3,N,1,select_coverage,4.0,exact,1871,5719,1536.0,4740.0,1511,4672,N,109700
69,9,14,Molecular Biology (Splice-junction Gene Sequences),2552,3,N,1,select_coverage_CBA_M1,,DAC,557,1628,,,490,1423,N,13268
69,9,14,Molecular Biology (Splice-junction Gene Sequences),2552,3,N,1,select_coverage_CBA_M1,,exact,557,1628,490.0,1423.0,489,1420,N,33588
69,9,14,Molecular Biology (Splice-junction Gene Sequences),2552,3,N,2,select_coverage,1.0,exact,577,1680,509.0,1473.0,507,1467,N,34792
69,9,14,Molecular Biology (Splice-junction Gene Sequences),2552,3,N,2,select_coverage,2.0,exact,1005,2991,843.0,2504.0,833,2476,N,58884
69,9,14,Molecular Biology (Splice-junction Gene Sequences),2552,3,N,2,select_coverage,3.0,exact,1441,4355,1193.0,3623.0,1173,3569,N,84388
69,9,14,Molecular Biology (Splice-junction Gene Sequences),2552,3,N,2,select_coverage,4.0,exact,1871,5719,1536.0,4740.0,1511,4672,N,109700
69,9,14,Molecular Biology (Splice-junction Gene Sequences),2552,3,N,2,select_coverage_CBA_M1,,exact,293,1103,256.0,958.0,256,958,N,20292
69,9,17,Molecular Biology (Splice-junction Gene Sequences),2552,3,N,1,select_coverage,1.0,DAC,580,1682,,,510,1486,N,13760
69,9,17,Molecular Biology (Splice-junction Gene Sequences),2552,3,N,1,select_coverage,1.0,exact,580,1682,510.0,1486.0,509,1484,N,34952
69,9,17,Molecular Biology (Splice-junction Gene Sequences),2552,3,N,1,select_coverage,2.0,DAC,1004,3022,,,864,2638,N,24208
69,9,17,Molecular Biology (Splice-junction Gene Sequences),2552,3,N,1,select_coverage,2.0,exact,1004,3022,864.0,2638.0,854,2611,N,60756
69,9,17,Molecular Biology (Splice-junction Gene Sequences),2552,3,N,1,select_coverage,3.0,DAC,1448,4401,,,1224,3797,N,35052
69,9,17,Molecular Biology (Splice-junction Gene Sequences),2552,3,N,1,select_coverage,3.0,exact,1448,4401,1224.0,3797.0,1206,3746,N,86968
69,9,17,Molecular Biology (Splice-junction Gene Sequences),2552,3,N,1,select_coverage,4.0,DAC,1880,5797,,,1568,4929,N,45820
69,9,17,Molecular Biology (Splice-junction Gene Sequences),2552,3,N,1,select_coverage,4.0,exact,1880,5797,1568.0,4929.0,1540,4848,N,112496
69,9,17,Molecular Biology (Splice-junction Gene Sequences),2552,3,N,1,select_coverage_CBA_M1,,DAC,513,1538,,,454,1364,N,12380
69,9,17,Molecular Biology (Splice-junction Gene Sequences),2552,3,N,1,select_coverage_CBA_M1,,exact,513,1538,454.0,1364.0,453,1362,N,31608
69,9,17,Molecular Biology (Splice-junction Gene Sequences),2552,3,N,2,select_coverage,1.0,exact,580,1682,510.0,1486.0,509,1484,N,34952
69,9,17,Molecular Biology (Splice-junction Gene Sequences),2552,3,N,2,select_coverage,2.0,exact,1004,3022,864.0,2638.0,854,2611,N,60756
69,9,17,Molecular Biology (Splice-junction Gene Sequences),2552,3,N,2,select_coverage,3.0,exact,1448,4401,1224.0,3797.0,1206,3746,N,86968
69,9,17,Molecular Biology (Splice-junction Gene Sequences),2552,3,N,2,select_coverage,4.0,exact,1880,5797,1568.0,4929.0,1540,4848,N,112496
69,9,17,Molecular Biology (Splice-junction Gene Sequences),2552,3,N,2,select_coverage_CBA_M1,,exact,240,993,212.0,881.0,212,881,N,17828
69,9,19,Molecular Biology (Splice-junction Gene Sequences),2552,3,N,1,select_coverage,1.0,DAC,566,1651,,,514,1493,N,13468
69,9,19,Molecular Biology (Splice-junction Gene Sequences),2552,3,N,1,select_coverage,1.0,exact,566,1651,514.0,1493.0,507,1475,N,34948
69,9,19,Molecular Biology (Splice-junction Gene Sequences),2552,3,N,1,select_coverage,2.0,DAC,1003,3033,,,881,2672,N,24240
69,9,19,Molecular Biology (Splice-junction Gene Sequences),2552,3,N,1,select_coverage,2.0,exact,1003,3033,881.0,2672.0,867,2633,N,61568
69,9,19,Molecular Biology (Splice-junction Gene Sequences),2552,3,N,1,select_coverage,3.0,DAC,1420,4362,,,1217,3770,N,34560
69,9,19,Molecular Biology (Splice-junction Gene Sequences),2552,3,N,1,select_coverage,3.0,exact,1420,4362,1217.0,3770.0,1196,3710,N,86336
69,9,19,Molecular Biology (Splice-junction Gene Sequences),2552,3,N,1,select_coverage,4.0,DAC,1854,5726,,,1558,4873,N,45224
69,9,19,Molecular Biology (Splice-junction Gene Sequences),2552,3,N,1,select_coverage,4.0,exact,1854,5726,1558.0,4873.0,1518,4757,N,111304
69,9,19,Molecular Biology (Splice-junction Gene Sequences),2552,3,N,1,select_coverage_CBA_M1,,DAC,547,1594,,,496,1438,IE,13012
69,9,19,Molecular Biology (Splice-junction Gene Sequences),2552,3,N,1,select_coverage_CBA_M1,,exact,547,1594,496.0,1438.0,490,1423,EI,33716
69,9,19,Molecular Biology (Splice-junction Gene Sequences),2552,3,N,2,select_coverage,1.0,exact,566,1651,514.0,1493.0,507,1475,N,34948
69,9,19,Molecular Biology (Splice-junction Gene Sequences),2552,3,N,2,select_coverage,2.0,exact,1003,3033,881.0,2672.0,867,2633,N,61568
69,9,19,Molecular Biology (Splice-junction Gene Sequences),2552,3,N,2,select_coverage,3.0,exact,1420,4362,1217.0,3770.0,1196,3710,N,86336
69,9,19,Molecular Biology (Splice-junction Gene Sequences),2552,3,N,2,select_coverage,4.0,exact,1854,5726,1558.0,4873.0,1518,4757,N,111304
69,9,19,Molecular Biology (Splice-junction Gene Sequences),2552,3,N,2,select_coverage_CBA_M1,,exact,301,1116,274.0,1008.0,272,1002,N,21296
69,9,29,Molecular Biology (Splice-junction Gene Sequences),2552,3,N,1,select_coverage,1.0,DAC,560,1611,,,507,1444,N,13236
69,9,29,Molecular Biology (Splice-junction Gene Sequences),2552,3,N,1,select_coverage,1.0,exact,560,1611,507.0,1444.0,502,1432,EI,34196
69,9,29,Molecular Biology (Splice-junction Gene Sequences),2552,3,N,1,select_coverage,2.0,DAC,1040,3109,,,901,2707,N,24988
69,9,29,Molecular Biology (Splice-junction Gene Sequences),2552,3,N,1,select_coverage,2.0,exact,1040,3109,901.0,2707.0,885,2665,EI,62780
69,9,29,Molecular Biology (Splice-junction Gene Sequences),2552,3,N,1,select_coverage,3.0,DAC,1488,4541,,,1247,3849,N,36092
69,9,29,Molecular Biology (Splice-junction Gene Sequences),2552,3,N,1,select_coverage,3.0,exact,1488,4541,1247.0,3849.0,1220,3776,N,88592
69,9,29,Molecular Biology (Splice-junction Gene Sequences),2552,3,N,1,select_coverage,4.0,DAC,1907,5915,,,1581,4990,N,46616
69,9,29,Molecular Biology (Splice-junction Gene Sequences),2552,3,N,1,select_coverage,4.0,exact,1907,5915,1581.0,4990.0,1544,4886,N,113780
69,9,29,Molecular Biology (Splice-junction Gene Sequences),2552,3,N,1,select_coverage_CBA_M1,,DAC,509,1494,,,459,1333,N,12156
69,9,29,Molecular Biology (Splice-junction Gene Sequences),2552,3,N,1,select_coverage_CBA_M1,,exact,509,1494,459.0,1333.0,456,1327,EI,31328
69,9,29,Molecular Biology (Splice-junction Gene Sequences),2552,3,N,2,select_coverage,1.0,exact,560,1611,507.0,1444.0,502,1432,EI,34196
69,9,29,Molecular Biology (Splice-junction Gene Sequences),2552,3,N,2,select_coverage,2.0,exact,1040,3109,901.0,2707.0,885,2665,EI,62780
69,9,29,Molecular Biology (Splice-junction Gene Sequences),2552,3,N,2,select_coverage,3.0,exact,1488,4541,1247.0,3849.0,1220,3776,N,88592
69,9,29,Molecular Biology (Splice-junction Gene Sequences),2552,3,N,2,select_coverage,4.0,exact,1907,5915,1581.0,4990.0,1544,4886,N,113780
69,9,29,Molecular Biology (Splice-junction Gene Sequences),2552,3,N,2,select_coverage_CBA_M1,,exact,267,1018,237.0,897.0,236,895,N,18848
69,9,31,Molecular Biology (Splice-junction Gene Sequences),2552,3,N,1,select_coverage,1.0,DAC,582,1699,,,526,1527,N,13852
69,9,31,Molecular Biology (Splice-junction Gene Sequences),2552,3,N,1,select_coverage,1.0,exact,582,1699,526.0,1527.0,519,1510,EI,35800
69,9,31,Molecular Biology (Splice-junction Gene Sequences),2552,3,N,1,select_coverage,2.0,DAC,1024,3075,,,890,2670,N,24660
69,9,31,Molecular Biology (Splice-junction Gene Sequences),2552,3,N,1,select_coverage,2.0,exact,1024,3075,890.0,2670.0,876,2634,N,62020
69,9,31,Molecular Biology (Splice-junction Gene Sequences),2552,3,N,1,select_coverage,3.0,DAC,1446,4385,,,1219,3728,N,34964
69,9,31,Molecular Biology (Splice-junction Gene Sequences),2552,3,N,1,select_coverage,3.0,exact,1446,4385,1219.0,3728.0,1197,3669,N,86160
69,9,31,Molecular Biology (Splice-junction Gene Sequences),2552,3,N,1,select_coverage,4.0,DAC,1855,5691,,,1541,4804,N,45096
69,9,31,Molecular Biology (Splice-junction Gene Sequences),2552,3,N,1,select_coverage,4.0,exact,1855,5691,1541.0,4804.0,1511,4721,N,110200
69,9,31,Molecular Biology (Splice-junction Gene Sequences),2552,3,N,1,select_coverage_CBA_M1,,DAC,555,1636,,,501,1468,N,13276
69,9,31,Molecular Biology (Splice-junction Gene Sequences),2552,3,N,1,select_coverage_CBA_M1,,exact,555,1636,501.0,1468.0,495,1454,EI,34288
69,9,31,Molecular Biology (Splice-junction Gene Sequences),2552,3,N,2,select_coverage,1.0,exact,582,1699,526.0,1527.0,519,1510,EI,35800
69,9,31,Molecular Biology (Splice-junction Gene Sequences),2552,3,N,2,select_coverage,2.0,exact,1024,3075,890.0,2670.0,876,2634,N,62020
69,9,31,Molecular Biology (Splice-junction Gene Sequences),2552,3,N,2,select_coverage,3.0,exact,1446,4385,1219.0,3728.0,1197,3669,N,86160
69,9,31,Molecular Biology (Splice-junction Gene Sequences),2552,3,N,2,select_coverage,4.0,exact,1855,5691,1541.0,4804.0,1511,4721,N,110200
69,9,31,Molecular Biology (Splice-junction Gene Sequences),2552,3,N,2,select_coverage_CBA_M1,,exact,285,1096,255.0,976.0,253,971,N,20356
69,9,34,Molecular Biology (Splice-junction Gene Sequences),2552,3,N,1,select_coverage,1.0,DAC,595,1753,,,528,1551,N,14224
69,9,34,Molecular Biology (Splice-junction Gene Sequences),2552,3,N,1,select_coverage,1.0,exact,595,1753,528.0,1551.0,526,1546,N,36320
69,9,34,Molecular Biology (Splice-junction Gene Sequences),2552,3,N,1,select_coverage,2.0,DAC,1052,3181,,,904,2755,N,25420
69,9,34,Molecular Biology (Splice-junction Gene Sequences),2552,3,N,1,select_coverage,2.0,exact,1052,3181,904.0,2755.0,898,2739,N,63652
69,9,34,Molecular Biology (Splice-junction Gene Sequences),2552,3,N,1,select_coverage,3.0,DAC,1487,4586,,,1257,3914,N,36260
69,9,34,Molecular Biology (Splice-junction Gene Sequences),2552,3,N,1,select_coverage,3.0,exact,1487,4586,1257.0,3914.0,1243,3875,N,89748
69,9,34,Molecular Biology (Splice-junction Gene Sequences),2552,3,N,1,select_coverage,4.0,DAC,1899,5915,,,1564,4954,N,46520
69,9,34,Molecular Biology (Splice-junction Gene Sequences),2552,3,N,1,select_coverage,4.0,exact,1899,5915,1564.0,4954.0,1534,4871,N,113032
69,9,34,Molecular Biology (Splice-junction Gene Sequences),2552,3,N,1,select_coverage_CBA_M1,,DAC,562,1676,,,500,1484,N,13520
69,9,34,Molecular Biology (Splice-junction Gene Sequences),2552,3,N,1,select_coverage_CBA_M1,,exact,562,1676,500.0,1484.0,499,1482,N,34592
69,9,34,Molecular Biology (Splice-junction Gene Sequences),2552,3,N,2,select_coverage,1.0,exact,595,1753,528.0,1551.0,526,1546,N,36320
69,9,34,Molecular Biology (Splice-junction Gene Sequences),2552,3,N,2,select_coverage,2.0,exact,1052,3181,904.0,2755.0,898,2739,N,63652
69,9,34,Molecular Biology (Splice-junction Gene Sequences),2552,3,N,2,select_coverage,3.0,exact,1487,4586,1257.0,3914.0,1243,3875,N,89748
69,9,34,Molecular Biology (Splice-junction Gene Sequences),2552,3,N,2,select_coverage,4.0,exact,1899,5915,1564.0,4954.0,1534,4871,N,113032
69,9,34,Molecular Biology (Splice-junction Gene Sequences),2552,3,N,2,select_coverage_CBA_M1,,exact,274,1105,241.0,971.0,240,968,N,19912
69,9,42,Molecular Biology (Splice-junction Gene Sequences),2552,3,N,1,select_coverage,1.0,DAC,572,1656,,,500,1439,N,13560
69,9,42,Molecular Biology (Splice-junction Gene Sequences),2552,3,N,1,select_coverage,1.0,exact,572,1656,500.0,1439.0,498,1434,N,34140
69,9,42,Molecular Biology (Splice-junction Gene Sequences),2552,3,N,1,select_coverage,2.0,DAC,1007,3000,,,868,2588,N,24156
69,9,42,Molecular Biology (Splice-junction Gene Sequences),2552,3,N,1,select_coverage,2.0,exact,1007,3000,868.0,2588.0,861,2570,N,60432
69,9,42,Molecular Biology (Splice-junction Gene Sequences),2552,3,N,1,select_coverage,3.0,DAC,1432,4330,,,1196,3642,N,34576
69,9,42,Molecular Biology (Splice-junction Gene Sequences),2552,3,N,1,select_coverage,3.0,exact,1432,4330,1196.0,3642.0,1178,3593,N,84556
69,9,42,Molecular Biology (Splice-junction Gene Sequences),2552,3,N,1,select_coverage,4.0,DAC,1863,5695,,,1526,4735,N,45208
69,9,42,Molecular Biology (Splice-junction Gene Sequences),2552,3,N,1,select_coverage,4.0,exact,1863,5695,1526.0,4735.0,1498,4657,N,109204
69,9,42,Molecular Biology (Splice-junction Gene Sequences),2552,3,N,1,select_coverage_CBA_M1,,DAC,542,1579,,,474,1370,N,12892
69,9,42,Molecular Biology (Splice-junction Gene Sequences),2552,3,N,1,select_coverage_CBA_M1,,exact,542,1579,474.0,1370.0,472,1365,EI,32448
69,9,42,Molecular Biology (Splice-junction Gene Sequences),2552,3,N,2,select_coverage,1.0,exact,572,1656,500.0,1439.0,498,1434,N,34140
69,9,42,Molecular Biology (Splice-junction Gene Sequences),2552,3,N,2,select_coverage,2.0,exact,1007,3000,868.0,2588.0,861,2570,N,60432
69,9,42,Molecular Biology (Splice-junction Gene Sequences),2552,3,N,2,select_coverage,3.0,exact,1432,4330,1196.0,3642.0,1178,3593,N,84556
69,9,42,Molecular Biology (Splice-junction Gene Sequences),2552,3,N,2,select_coverage,4.0,exact,1863,5695,1526.0,4735.0,1498,4657,N,109204
69,9,42,Molecular Biology (Splice-junction Gene Sequences),2552,3,N,2,select_coverage_CBA_M1,,exact,285,1074,248.0,927.0,248,927,N,19672
69,9,49,Molecular Biology (Splice-junction Gene Sequences),2552,3,N,1,select_coverage,1.0,DAC,589,1719,,,525,1528,N,14016
69,9,49,Molecular Biology (Splice-junction Gene Sequences),2552,3,N,1,select_coverage,1.0,exact,589,1719,525.0,1528.0,521,1518,N,35884
69,9,49,Molecular Biology (Splice-junction Gene Sequences),2552,3,N,1,select_coverage,2.0,DAC,1016,3024,,,874,2608,N,24360
69,9,49,Molecular Biology (Splice-junction Gene Sequences),2552,3,N,1,select_coverage,2.0,exact,1016,3024,874.0,2608.0,860,2572,N,60808
69,9,49,Molecular Biology (Splice-junction Gene Sequences),2552,3,N,1,select_coverage,3.0,DAC,1450,4403,,,1210,3690,N,35084
69,9,49,Molecular Biology (Splice-junction Gene Sequences),2552,3,N,1,select_coverage,3.0,exact,1450,4403,1210.0,3690.0,1189,3635,N,85656
69,9,49,Molecular Biology (Splice-junction Gene Sequences),2552,3,N,1,select_coverage,4.0,DAC,1850,5696,,,1523,4747,N,45056
69,9,49,Molecular Biology (Splice-junction Gene Sequences),2552,3,N,1,select_coverage,4.0,exact,1850,5696,1523.0,4747.0,1491,4660,N,109172
69,9,49,Molecular Biology (Splice-junction Gene Sequences),2552,3,N,1,select_coverage_CBA_M1,,DAC,549,1629,,,493,1454,N,13176
69,9,49,Molecular Biology (Splice-junction Gene Sequences),2552,3,N,1,select_coverage_CBA_M1,,exact,549,1629,493.0,1454.0,490,1447,EI,33920
69,9,49,Molecular Biology (Splice-junction Gene Sequences),2552,3,N,2,select_coverage,1.0,exact,589,1719,525.0,1528.0,521,1518,N,35884
69,9,49,Molecular Biology (Splice-junction Gene Sequences),2552,3,N,2,select_coverage,2.0,exact,1016,3024,874.0,2608.0,860,2572,N,60808
69,9,49,Molecular Biology (Splice-junction Gene Sequences),2552,3,N,2,select_coverage,3.0,exact,1450,4403,1210.0,3690.0,1189,3635,N,85656
69,9,49,Molecular Biology (Splice-junction Gene Sequences),2552,3,N,2,select_coverage,4.0,exact,1850,5696,1523.0,4747.0,1491,4660,N,109172
69,9,49,Molecular Biology (Splice-junction Gene Sequences),2552,3,N,2,select_coverage_CBA_M1,,exact,291,1115,258.0,986.0,258,986,N,20628
69,9,63,Molecular Biology (Splice-junction Gene Sequences),2552,3,N,1,select_coverage,1.0,DAC,572,1609,,,519,1474,N,13372
69,9,63,Molecular Biology (Splice-junction Gene Sequences),2552,3,N,1,select_coverage,1.0,exact,572,1609,519.0,1474.0,517,1467,EI,34832
69,9,63,Molecular Biology (Splice-junction Gene Sequences),2552,3,N,1,select_coverage,2.0,DAC,1027,3016,,,894,2656,N,24460
69,9,63,Molecular Biology (Splice-junction Gene Sequences),2552,3,N,1,select_coverage,2.0,exact,1027,3016,894.0,2656.0,886,2631,N,61844
69,9,63,Molecular Biology (Splice-junction Gene Sequences),2552,3,N,1,select_coverage,3.0,DAC,1453,4349,,,1228,3742,N,34904
69,9,63,Molecular Biology (Splice-junction Gene Sequences),2552,3,N,1,select_coverage,3.0,exact,1453,4349,1228.0,3742.0,1216,3706,N,86508
69,9,63,Molecular Biology (Splice-junction Gene Sequences),2552,3,N,1,select_coverage,4.0,DAC,1868,5666,,,1565,4846,N,45152
69,9,63,Molecular Biology (Splice-junction Gene Sequences),2552,3,N,1,select_coverage,4.0,exact,1868,5666,1565.0,4846.0,1541,4775,N,111252
69,9,63,Molecular Biology (Splice-junction Gene Sequences),2552,3,N,1,select_coverage_CBA_M1,,DAC,548,1551,,,497,1420,N,12852
69,9,63,Molecular Biology (Splice-junction Gene Sequences),2552,3,N,1,select_coverage_CBA_M1,,exact,548,1551,497.0,1420.0,497,1420,EI,33492
69,9,63,Molecular Biology (Splice-junction Gene Sequences),2552,3,N,2,select_coverage,1.0,exact,572,1609,519.0,1474.0,517,1467,EI,34832
69,9,63,Molecular Biology (Splice-junction Gene Sequences),2552,3,N,2,select_coverage,2.0,exact,1027,3016,894.0,2656.0,886,2631,N,61844
69,9,63,Molecular Biology (Splice-junction Gene Sequences),2552,3,N,2,select_coverage,3.0,exact,1453,4349,1228.0,3742.0,1216,3706,N,86508
69,9,63,Molecular Biology (Splice-junction Gene Sequences),2552,3,N,2,select_coverage,4.0,exact,1868,5666,1565.0,4846.0,1541,4775,N,111252
69,9,63,Molecular Biology (Splice-junction Gene Sequences),2552,3,N,2,select_coverage_CBA_M1,,exact,282,1022,267.0,963.0,266,960,N,20348
69,9,64,Molecular Biology (Splice-junction Gene Sequences),2552,3,N,1,select_coverage,1.0,DAC,597,1722,,,522,1502,N,14124
69,9,64,Molecular Biology (Splice-junction Gene Sequences),2552,3,N,1,select_coverage,1.0,exact,597,1722,522.0,1502.0,517,1490,N,35584
69,9,64,Molecular Biology (Splice-junction Gene Sequences),2552,3,N,1,select_coverage,2.0,DAC,1035,3101,,,878,2647,N,24896
69,9,64,Molecular Biology (Splice-junction Gene Sequences),2552,3,N,1,select_coverage,2.0,exact,1035,3101,878.0,2647.0,867,2618,N,61584
69,9,64,Molecular Biology (Splice-junction Gene Sequences),2552,3,N,1,select_coverage,3.0,DAC,1475,4452,,,1226,3751,N,35580
69,9,64,Molecular Biology (Splice-junction Gene Sequences),2552,3,N,1,select_coverage,3.0,exact,1475,4452,1226.0,3751.0,1208,3702,N,86876
69,9,64,Molecular Biology (Splice-junction Gene Sequences),2552,3,N,1,select_coverage,4.0,DAC,1896,5804,,,1572,4888,N,46040
69,9,64,Molecular Biology (Splice-junction Gene Sequences),2552,3,N,1,select_coverage,4.0,exact,1896,5804,1572.0,4888.0,1539,4796,N,112280
69,9,64,Molecular Biology (Splice-junction Gene Sequences),2552,3,N,1,select_coverage_CBA_M1,,DAC,564,1636,,,491,1420,N,13384
69,9,64,Molecular Biology (Splice-junction Gene Sequences),2552,3,N,1,select_coverage_CBA_M1,,exact,564,1636,491.0,1420.0,488,1413,N,33612
69,9,64,Molecular Biology (Splice-junction Gene Sequences),2552,3,N,2,select_coverage,1.0,exact,597,1722,522.0,1502.0,517,1490,N,35584
69,9,64,Molecular Biology (Splice-junction Gene Sequences),2552,3,N,2,select_coverage,2.0,exact,1035,3101,878.0,2647.0,867,2618,N,61584
69,9,64,Molecular Biology (Splice-junction Gene Sequences),2552,3,N,2,select_coverage,3.0,exact,1475,4452,1226.0,3751.0,1208,3702,N,86876
69,9,64,Molecular Biology (Splice-junction Gene Sequences),2552,3,N,2,select_coverage,4.0,exact,1896,5804,1572.0,4888.0,1539,4796,N,112280
69,9,64,Molecular Biology (Splice-junction Gene Sequences),2552,3,N,2,select_coverage_CBA_M1,,exact,248,1017,213.0,877.0,213,877,N,17924
69,9,65,Molecular Biology (Splice-junction Gene Sequences),2552,3,N,1,select_coverage,1.0,DAC,585,1707,,,513,1493,N,13920
69,9,65,Molecular Biology (Splice-junction Gene Sequences),2552,3,N,1,select_coverage,1.0,exact,585,1707,513.0,1493.0,510,1485,N,35180
69,9,65,Molecular Biology (Splice-junction Gene Sequences),2552,3,N,1,select_coverage,2.0,DAC,1033,3089,,,882,2655,N,24824
69,9,65,Molecular Biology (Splice-junction Gene Sequences),2552,3,N,1,select_coverage,2.0,exact,1033,3089,882.0,2655.0,875,2634,N,61760
69,9,65,Molecular Biology (Splice-junction Gene Sequences),2552,3,N,1,select_coverage,3.0,DAC,1451,4381,,,1218,3728,N,35008
69,9,65,Molecular Biology (Splice-junction Gene Sequences),2552,3,N,1,select_coverage,3.0,exact,1451,4381,1218.0,3728.0,1203,3686,N,86180
69,9,65,Molecular Biology (Splice-junction Gene Sequences),2552,3,N,1,select_coverage,4.0,DAC,1890,5763,,,1550,4802,N,45804
69,9,65,Molecular Biology (Splice-junction Gene Sequences),2552,3,N,1,select_coverage,4.0,exact,1890,5763,1550.0,4802.0,1524,4727,N,110792
69,9,65,Molecular Biology (Splice-junction Gene Sequences),2552,3,N,1,select_coverage_CBA_M1,,DAC,552,1627,,,484,1421,N,13204
69,9,65,Molecular Biology (Splice-junction Gene Sequences),2552,3,N,1,select_coverage_CBA_M1,,exact,552,1627,484.0,1421.0,482,1415,EI,33364
69,9,65,Molecular Biology (Splice-junction Gene Sequences),2552,3,N,2,select_coverage,1.0,exact,585,1707,513.0,1493.0,510,1485,N,35180
69,9,65,Molecular Biology (Splice-junction Gene Sequences),2552,3,N,2,select_coverage,2.0,exact,1033,3089,882.0,2655.0,875,2634,N,61760
69,9,65,Molecular Biology (Splice-junction Gene Sequences),2552,3,N,2,select_coverage,3.0,exact,1451,4381,1218.0,3728.0,1203,3686,N,86180
69,9,65,Molecular Biology (Splice-junction Gene Sequences),2552,3,N,2,select_coverage,4.0,exact,1890,5763,1550.0,4802.0,1524,4727,N,110792
69,9,65,Molecular Biology (Splice-junction Gene Sequences),2552,3,N,2,select_coverage_CBA_M1,,exact,286,1104,251.0,964.0,250,961,N,20172
69,9,68,Molecular Biology (Splice-junction Gene Sequences),2552,3,N,1,select_coverage,1.0,DAC,591,1728,,,520,1518,N,14076
69,9,68,Molecular Biology (Splice-junction Gene Sequences),2552,3,N,1,select_coverage,1.0,exact,591,1728,520.0,1518.0,518,1512,N,35696
69,9,68,Molecular Biology (Splice-junction Gene Sequences),2552,3,N,1,select_coverage,2.0,DAC,1011,3020,,,861,2573,N,24284
69,9,68,Molecular Biology (Splice-junction Gene Sequences),2552,3,N,1,select_coverage,2.0,exact,1011,3020,861.0,2573.0,854,2553,N,60160
69,9,68,Molecular Biology (Splice-junction Gene Sequences),2552,3,N,1,select_coverage,3.0,DAC,1463,4435,,,1231,3767,N,35368
69,9,68,Molecular Biology (Splice-junction Gene Sequences),2552,3,N,1,select_coverage,3.0,exact,1463,4435,1231.0,3767.0,1212,3714,N,87080
69,9,68,Molecular Biology (Splice-junction Gene Sequences),2552,3,N,1,select_coverage,4.0,DAC,1876,5758,,,1547,4817,N,45616
69,9,68,Molecular Biology (Splice-junction Gene Sequences),2552,3,N,1,select_coverage,4.0,exact,1876,5758,1547.0,4817.0,1519,4737,N,110776
69,9,68,Molecular Biology (Splice-junction Gene Sequences),2552,3,N,1,select_coverage_CBA_M1,,DAC,566,1659,,,501,1463,N,13500
69,9,68,Molecular Biology (Splice-junction Gene Sequences),2552,3,N,1,select_coverage_CBA_M1,,exact,566,1659,501.0,1463.0,500,1460,EI,34384
69,9,68,Molecular Biology (Splice-junction Gene Sequences),2552,3,N,2,select_coverage,1.0,exact,591,1728,520.0,1518.0,518,1512,N,35696
69,9,68,Molecular Biology (Splice-junction Gene Sequences),2552,3,N,2,select_coverage,2.0,exact,1011,3020,861.0,2573.0,854,2553,N,60160
69,9,68,Molecular Biology (Splice-junction Gene Sequences),2552,3,N,2,select_coverage,3.0,exact,1463,4435,1231.0,3767.0,1212,3714,N,87080
69,9,68,Molecular Biology (Splice-junction Gene Sequences),2552,3,N,2,select_coverage,4.0,exact,1876,5758,1547.0,4817.0,1519,4737,N,110776
69,9,68,Molecular Biology (Splice-junction Gene Sequences),2552,3,N,2,select_coverage_CBA_M1,,exact,310,1161,276.0,1025.0,276,1025,N,21700
69,9,74,Molecular Biology (Splice-junction Gene Sequences),2552,3,N,1,select_coverage,1.0,DAC,578,1676,,,528,1525,N,13712
69,9,74,Molecular Biology (Splice-junction Gene Sequences),2552,3,N,1,select_coverage,1.0,exact,578,1676,528.0,1525.0,523,1511,EI,35768
69,9,74,Molecular Biology (Splice-junction Gene Sequences),2552,3,N,1,select_coverage,2.0,DAC,1001,2999,,,872,2623,N,24080
69,9,74,Molecular Biology (Splice-junction Gene Sequences),2552,3,N,1,select_coverage,2.0,exact,1001,2999,872.0,2623.0,865,2603,N,60828
69,9,74,Molecular Biology (Splice-junction Gene Sequences),2552,3,N,1,select_coverage,3.0,DAC,1410,4281,,,1184,3635,N,34116
69,9,74,Molecular Biology (Splice-junction Gene Sequences),2552,3,N,1,select_coverage,3.0,exact,1410,4281,1184.0,3635.0,1166,3583,N,83908
69,9,74,Molecular Biology (Splice-junction Gene Sequences),2552,3,N,1,select_coverage,4.0,DAC,1835,5640,,,1524,4755,N,44652
69,9,74,Molecular Biology (Splice-junction Gene Sequences),2552,3,N,1,select_coverage,4.0,exact,1835,5640,1524.0,4755.0,1496,4673,N,109064
69,9,74,Molecular Biology (Splice-junction Gene Sequences),2552,3,N,1,select_coverage_CBA_M1,,DAC,563,1623,,,513,1472,IE,13320
69,9,74,Molecular Biology (Splice-junction Gene Sequences),2552,3,N,1,select_coverage_CBA_M1,,exact,563,1623,513.0,1472.0,511,1466,EI,34684
69,9,74,Molecular Biology (Splice-junction Gene Sequences),2552,3,N,2,select_coverage,1.0,exact,578,1676,528.0,1525.0,523,1511,EI,35768
69,9,74,Molecular Biology (Splice-junction Gene Sequences),2552,3,N,2,select_coverage,2.0,exact,1001,2999,872.0,2623.0,865,2603,N,60828
69,9,74,Molecular Biology (Splice-junction Gene Sequences),2552,3,N,2,select_coverage,3.0,exact,1410,4281,1184.0,3635.0,1166,3583,N,83908
69,9,74,Molecular Biology (Splice-junction Gene Sequences),2552,3,N,2,select_coverage,4.0,exact,1835,5640,1524.0,4755.0,1496,4673,N,109064
69,9,74,Molecular Biology (Splice-junction Gene Sequences),2552,3,N,2,select_coverage_CBA_M1,,exact,288,1090,263.0,989.0,263,989,N,20712
69,9,76,Molecular Biology (Splice-junction Gene Sequences),2552,3,N,1,select_coverage,1.0,DAC,562,1629,,,487,1396,N,13332
69,9,76,Molecular Biology (Splice-junction Gene Sequences),2552,3,N,1,select_coverage,1.0,exact,562,1629,487.0,1396.0,482,1382,N,33236
69,9,76,Molecular Biology (Splice-junction Gene Sequences),2552,3,N,1,select_coverage,2.0,DAC,1019,3047,,,861,2572,N,24488
69,9,76,Molecular Biology (Splice-junction Gene Sequences),2552,3,N,1,select_coverage,2.0,exact,1019,3047,861.0,2572.0,848,2537,N,60200
69,9,76,Molecular Biology (Splice-junction Gene Sequences),2552,3,N,1,select_coverage,3.0,DAC,1438,4346,,,1195,3642,N,34712
69,9,76,Molecular Biology (Splice-junction Gene Sequences),2552,3,N,1,select_coverage,3.0,exact,1438,4346,1195.0,3642.0,1174,3585,N,84556
69,9,76,Molecular Biology (Splice-junction Gene Sequences),2552,3,N,1,select_coverage,4.0,DAC,1864,5727,,,1547,4819,N,45348
69,9,76,Molecular Biology (Splice-junction Gene Sequences),2552,3,N,1,select_coverage,4.0,exact,1864,5727,1547.0,4819.0,1511,4720,N,110592
69,9,76,Molecular Biology (Splice-junction Gene Sequences),2552,3,N,1,select_coverage_CBA_M1,,DAC,528,1550,,,458,1327,N,12608
69,9,76,Molecular Biology (Splice-junction Gene Sequences),2552,3,N,1,select_coverage_CBA_M1,,exact,528,1550,458.0,1327.0,455,1319,N,31464
69,9,76,Molecular Biology (Splice-junction Gene Sequences),2552,3,N,2,select_coverage,1.0,exact,562,1629,487.0,1396.0,482,1382,N,33236
69,9,76,Molecular Biology (Splice-junction Gene Sequences),2552,3,N,2,select_coverage,2.0,exact,1019,3047,861.0,2572.0,848,2537,N,60200
69,9,76,Molecular Biology (Splice-junction Gene Sequences),2552,3,N,2,select_coverage,3.0,exact,1438,4346,1195.0,3642.0,1174,3585,N,84556
69,9,76,Molecular Biology (Splice-junction Gene Sequences),2552,3,N,2,select_coverage,4.0,exact,1864,5727,1547.0,4819.0,1511,4720,N,110592
69,9,76,Molecular Biology (Splice-junction Gene Sequences),2552,3,N,2,select_coverage_CBA_M1,,exact,250,998,207.0,829.0,206,826,N,17260
69,9,100,Molecular Biology (Splice-junction Gene Sequences),2552,3,N,1,select_coverage,1.0,DAC,578,1665,,,516,1474,N,13668
69,9,100,Molecular Biology (Splice-junction Gene Sequences),2552,3,N,1,select_coverage,1.0,exact,578,1665,516.0,1474.0,514,1469,N,34968
69,9,100,Molecular Biology (Splice-junction Gene Sequences),2552,3,N,1,select_coverage,2.0,DAC,1002,2979,,,866,2567,N,24012
69,9,100,Molecular Biology (Splice-junction Gene Sequences),2552,3,N,1,select_coverage,2.0,exact,1002,2979,866.0,2567.0,861,2554,N,60136
69,9,100,Molecular Biology (Splice-junction Gene Sequences),2552,3,N,1,select_coverage,3.0,DAC,1433,4312,,,1205,3647,N,34516
69,9,100,Molecular Biology (Splice-junction Gene Sequences),2552,3,N,1,select_coverage,3.0,exact,1433,4312,1205.0,3647.0,1192,3612,N,84868
69,9,100,Molecular Biology (Splice-junction Gene Sequences),2552,3,N,1,select_coverage,4.0,DAC,1851,5650,,,1515,4675,N,44884
69,9,100,Molecular Biology (Splice-junction Gene Sequences),2552,3,N,1,select_coverage,4.0,exact,1851,5650,1515.0,4675.0,1495,4619,N,108280
69,9,100,Molecular Biology (Splice-junction Gene Sequences),2552,3,N,1,select_coverage_CBA_M1,,DAC,546,1593,,,486,1406,N,12996
69,9,100,Molecular Biology (Splice-junction Gene Sequences),2552,3,N,1,select_coverage_CBA_M1,,exact,546,1593,486.0,1406.0,485,1404,N,33188
69,9,100,Molecular Biology (Splice-junction Gene Sequences),2552,3,N,2,select_coverage,1.0,exact,578,1665,516.0,1474.0,514,1469,N,34968
69,9,100,Molecular Biology (Splice-junction Gene Sequences),2552,3,N,2,select_coverage,2.0,exact,1002,2979,866.0,2567.0,861,2554,N,60136
69,9,100,Molecular Biology (Splice-junction Gene Sequences),2552,3,N,2,select_coverage,3.0,exact,1433,4312,1205.0,3647.0,1192,3612,N,84868
69,9,100,Molecular Biology (Splice-junction Gene Sequences),2552,3,N,2,select_coverage,4.0,exact,1851,5650,1515.0,4675.0,1495,4619,N,108280
69,9,100,Molecular Biology (Splice-junction Gene Sequences),2552,3,N,2,select_coverage_CBA_M1,,exact,238,978,205.0,845.0,205,845,N,17256
69,9,114,Molecular Biology (Splice-junction Gene Sequences),2552,3,N,1,select_coverage,1.0,DAC,560,1614,,,504,1439,N,13248
69,9,114,Molecular Biology (Splice-junction Gene Sequences),2552,3,N,1,select_coverage,1.0,exact,560,1614,504.0,1439.0,496,1417,N,34032
69,9,114,Molecular Biology (Splice-junction Gene Sequences),2552,3,N,1,select_coverage,2.0,DAC,986,2943,,,845,2525,N,23676
69,9,114,Molecular Biology (Splice-junction Gene Sequences),2552,3,N,1,select_coverage,2.0,exact,986,2943,845.0,2525.0,833,2491,N,58900
69,9,114,Molecular Biology (Splice-junction Gene Sequences),2552,3,N,1,select_coverage,3.0,DAC,1414,4285,,,1192,3662,N,34180
69,9,114,Molecular Biology (Splice-junction Gene Sequences),2552,3,N,1,select_coverage,3.0,exact,1414,4285,1192.0,3662.0,1174,3613,N,84408
69,9,114,Molecular Biology (Splice-junction Gene Sequences),2552,3,N,1,select_coverage,4.0,DAC,1842,5606,,,1533,4740,N,44600
69,9,114,Molecular Biology (Splice-junction Gene Sequences),2552,3,N,1,select_coverage,4.0,exact,1842,5606,1533.0,4740.0,1504,4658,N,109096
69,9,114,Molecular Biology (Splice-junction Gene Sequences),2552,3,N,1,select_coverage_CBA_M1,,DAC,543,1572,,,489,1401,N,12876
69,9,114,Molecular Biology (Splice-junction Gene Sequences),2552,3,N,1,select_coverage_CBA_M1,,exact,543,1572,489.0,1401.0,484,1388,EI,33116
69,9,114,Molecular Biology (Splice-junction Gene Sequences),2552,3,N,2,select_coverage,1.0,exact,560,1614,504.0,1439.0,496,1417,N,34032
69,9,114,Molecular Biology (Splice-junction Gene Sequences),2552,3,N,2,select_coverage,2.0,exact,986,2943,845.0,2525.0,833,2491,N,58900
69,9,114,Molecular Biology (Splice-junction Gene Sequences),2552,3,N,2,select_coverage,3.0,exact,1414,4285,1192.0,3662.0,1174,3613,N,84408
69,9,114,Molecular Biology (Splice-junction Gene Sequences),2552,3,N,2,select_coverage,4.0,exact,1842,5606,1533.0,4740.0,1504,4658,N,109096
69,9,114,Molecular Biology (Splice-junction Gene Sequences),2552,3,N,2,select_coverage_CBA_M1,,exact,251,988,218.0,859.0,217,856,N,17812
69,9,133,Molecular Biology (Splice-junction Gene Sequences),2552,3,N,1,select_coverage,1.0,DAC,578,1664,,,522,1493,N,13664
69,9,133,Molecular Biology (Splice-junction Gene Sequences),2552,3,N,1,select_coverage,1.0,exact,578,1664,522.0,1493.0,517,1483,N,35288
69,9,133,Molecular Biology (Splice-junction Gene Sequences),2552,3,N,1,select_coverage,2.0,DAC,1024,3054,,,877,2626,N,24576
69,9,133,Molecular Biology (Splice-junction Gene Sequences),2552,3,N,1,select_coverage,2.0,exact,1024,3054,877.0,2626.0,863,2592,N,61176
69,9,133,Molecular Biology (Splice-junction Gene Sequences),2552,3,N,1,select_coverage,3.0,DAC,1427,4308,,,1190,3629,N,34428
69,9,133,Molecular Biology (Splice-junction Gene Sequences),2552,3,N,1,select_coverage,3.0,exact,1427,4308,1190.0,3629.0,1169,3576,N,84156
69,9,133,Molecular Biology (Splice-junction Gene Sequences),2552,3,N,1,select_coverage,4.0,DAC,1848,5643,,,1496,4652,N,44820
69,9,133,Molecular Biology (Splice-junction Gene Sequences),2552,3,N,1,select_coverage,4.0,exact,1848,5643,1496.0,4652.0,1465,4571,N,107360
69,9,133,Molecular Biology (Splice-junction Gene Sequences),2552,3,N,1,select_coverage_CBA_M1,,DAC,557,1593,,,502,1424,IE,13128
69,9,133,Molecular Biology (Splice-junction Gene Sequences),2552,3,N,1,select_coverage_CBA_M1,,exact,557,1593,502.0,1424.0,497,1414,N,33812
69,9,133,Molecular Biology (Splice-junction Gene Sequences),2552,3,N,2,select_coverage,1.0,exact,578,1664,522.0,1493.0,517,1483,N,35288
69,9,133,Molecular Biology (Splice-junction Gene Sequences),2552,3,N,2,select_coverage,2.0,exact,1024,3054,877.0,2626.0,863,2592,N,61176
69,9,133,Molecular Biology (Splice-junction Gene Sequences),2552,3,N,2,select_coverage,3.0,exact,1427,4308,1190.0,3629.0,1169,3576,N,84156
69,9,133,Molecular Biology (Splice-junction Gene Sequences),2552,3,N,2,select_coverage,4.0,exact,1848,5643,1496.0,4652.0,1465,4571,N,107360
69,9,133,Molecular Biology (Splice-junction Gene Sequences),2552,3,N,2,select_coverage_CBA_M1,,exact,242,988,212.0,869.0,212,869,N,17712
69,9,138,Molecular Biology (Splice-junction Gene Sequences),2552,3,N,1,select_coverage,1.0,DAC,565,1642,,,504,1460,N,13420
69,9,138,Molecular Biology (Splice-junction Gene Sequences),2552,3,N,1,select_coverage,1.0,exact,565,1642,504.0,1460.0,503,1457,N,34388
69,9,138,Molecular Biology (Splice-junction Gene Sequences),2552,3,N,1,select_coverage,2.0,DAC,1010,3024,,,866,2603,N,24288
69,9,138,Molecular Biology (Splice-junction Gene Sequences),2552,3,N,1,select_coverage,2.0,exact,1010,3024,866.0,2603.0,857,2577,N,60552
69,9,138,Molecular Biology (Splice-junction Gene Sequences),2552,3,N,1,select_coverage,3.0,DAC,1459,4424,,,1229,3757,N,35276
69,9,138,Molecular Biology (Splice-junction Gene Sequences),2552,3,N,1,select_coverage,3.0,exact,1459,4424,1229.0,3757.0,1208,3697,N,86864
69,9,138,Molecular Biology (Splice-junction Gene Sequences),2552,3,N,1,select_coverage,4.0,DAC,1870,5740,,,1545,4788,N,45472
69,9,138,Molecular Biology (Splice-junction Gene Sequences),2552,3,N,1,select_coverage,4.0,exact,1870,5740,1545.0,4788.0,1512,4693,N,110348
69,9,138,Molecular Biology (Splice-junction Gene Sequences),2552,3,N,1,select_coverage_CBA_M1,,DAC,537,1580,,,482,1410,N,12836
69,9,138,Molecular Biology (Splice-junction Gene Sequences),2552,3,N,1,select_coverage_CBA_M1,,exact,537,1580,482.0,1410.0,481,1407,N,33036
69,9,138,Molecular Biology (Splice-junction Gene Sequences),2552,3,N,2,select_coverage,1.0,exact,565,1642,504.0,1460.0,503,1457,N,34388
69,9,138,Molecular Biology (Splice-junction Gene Sequences),2552,3,N,2,select_coverage,2.0,exact,1010,3024,866.0,2603.0,857,2577,N,60552
69,9,138,Molecular Biology (Splice-junction Gene Sequences),2552,3,N,2,select_coverage,3.0,exact,1459,4424,1229.0,3757.0,1208,3697,N,86864
69,9,138,Molecular Biology (Splice-junction Gene Sequences),2552,3,N,2,select_coverage,4.0,exact,1870,5740,1545.0,4788.0,1512,4693,N,110348
69,9,138,Molecular Biology (Splice-junction Gene Sequences),2552,3,N,2,select_coverage_CBA_M1,,exact,249,1004,219.0,884.0,219,884,N,18120
69,9,148,Molecular Biology (Splice-junction Gene Sequences),2552,3,N,1,select_coverage,1.0,DAC,592,1733,,,527,1543,N,14108
69,9,148,Molecular Biology (Splice-junction Gene Sequences),2552,3,N,1,select_coverage,1.0,exact,592,1733,527.0,1543.0,519,1522,EI,36080
69,9,148,Molecular Biology (Splice-junction Gene Sequences),2552,3,N,1,select_coverage,2.0,DAC,1048,3164,,,908,2756,N,25304
69,9,148,Molecular Biology (Splice-junction Gene Sequences),2552,3,N,1,select_coverage,2.0,exact,1048,3164,908.0,2756.0,893,2715,EI,63620
69,9,148,Molecular Biology (Splice-junction Gene Sequences),2552,3,N,1,select_coverage,3.0,DAC,1490,4560,,,1269,3922,N,36192
69,9,148,Molecular Biology (Splice-junction Gene Sequences),2552,3,N,1,select_coverage,3.0,exact,1490,4560,1269.0,3922.0,1244,3852,EI,89968
69,9,148,Molecular Biology (Splice-junction Gene Sequences),2552,3,N,1,select_coverage,4.0,DAC,1915,5923,,,1596,5002,N,46744
69,9,148,Molecular Biology (Splice-junction Gene Sequences),2552,3,N,1,select_coverage,4.0,exact,1915,5923,1596.0,5002.0,1558,4894,N,114372
69,9,148,Molecular Biology (Splice-junction Gene Sequences),2552,3,N,1,select_coverage_CBA_M1,,DAC,569,1668,,,507,1484,N,13572
69,9,148,Molecular Biology (Splice-junction Gene Sequences),2552,3,N,1,select_coverage_CBA_M1,,exact,569,1668,507.0,1484.0,502,1472,EI,34744
69,9,148,Molecular Biology (Splice-junction Gene Sequences),2552,3,N,2,select_coverage,1.0,exact,592,1733,527.0,1543.0,519,1522,EI,36080
69,9,148,Molecular Biology (Splice-junction Gene Sequences),2552,3,N,2,select_coverage,2.0,exact,1048,3164,908.0,2756.0,893,2715,EI,63620
69,9,148,Molecular Biology (Splice-junction Gene Sequences),2552,3,N,2,select_coverage,3.0,exact,1490,4560,1269.0,3922.0,1244,3852,EI,89968
69,9,148,Molecular Biology (Splice-junction Gene Sequences),2552,3,N,2,select_coverage,4.0,exact,1915,5923,1596.0,5002.0,1558,4894,N,114372
69,9,148,Molecular Biology (Splice-junction Gene Sequences),2552,3,N,2,select_coverage_CBA_M1,,exact,293,1123,262.0,1001.0,262,1001,N,20908
69,10,5,Molecular Biology (Splice-junction Gene Sequences),2552,3,N,1,select_coverage,1.0,DAC,571,1603,,,513,1433,N,13344
69,10,5,Molecular Biology (Splice-junction Gene Sequences),2552,3,N,1,select_coverage,1.0,exact,571,1603,513.0,1433.0,503,1410,EI,34224
69,10,5,Molecular Biology (Splice-junction Gene Sequences),2552,3,N,1,select_coverage,2.0,DAC,1036,3061,,,918,2704,N,24756
69,10,5,Molecular Biology (Splice-junction Gene Sequences),2552,3,N,1,select_coverage,2.0,exact,1036,3061,918.0,2704.0,902,2665,EI,63120
69,10,5,Molecular Biology (Splice-junction Gene Sequences),2552,3,N,1,select_coverage,3.0,DAC,1489,4453,,,1286,3859,N,35760
69,10,5,Molecular Biology (Splice-junction Gene Sequences),2552,3,N,1,select_coverage,3.0,exact,1489,4453,1286.0,3859.0,1258,3787,EI,89572
69,10,5,Molecular Biology (Splice-junction Gene Sequences),2552,3,N,1,select_coverage,4.0,DAC,1919,5825,,,1619,4966,N,46408
69,10,5,Molecular Biology (Splice-junction Gene Sequences),2552,3,N,1,select_coverage,4.0,exact,1919,5825,1619.0,4966.0,1577,4852,EI,114404
69,10,5,Molecular Biology (Splice-junction Gene Sequences),2552,3,N,1,select_coverage_CBA_M1,,DAC,535,1525,,,481,1363,N,12600
69,10,5,Molecular Biology (Splice-junction Gene Sequences),2552,3,N,1,select_coverage_CBA_M1,,exact,535,1525,481.0,1363.0,473,1346,EI,32352
69,10,5,Molecular Biology (Splice-junction Gene Sequences),2552,3,N,2,select_coverage,1.0,exact,571,1603,513.0,1433.0,503,1410,EI,34224
69,10,5,Molecular Biology (Splice-junction Gene Sequences),2552,3,N,2,select_coverage,2.0,exact,1036,3061,918.0,2704.0,902,2665,EI,63120
69,10,5,Molecular Biology (Splice-junction Gene Sequences),2552,3,N,2,select_coverage,3.0,exact,1489,4453,1286.0,3859.0,1258,3787,EI,89572
69,10,5,Molecular Biology (Splice-junction Gene Sequences),2552,3,N,2,select_coverage,4.0,exact,1919,5825,1619.0,4966.0,1577,4852,EI,114404
69,10,5,Molecular Biology (Splice-junction Gene Sequences),2552,3,N,2,select_coverage_CBA_M1,,exact,274,1003,246.0,893.0,245,891,N,19044
69,10,14,Molecular Biology (Splice-junction Gene Sequences),2552,3,N,1,select_coverage,1.0,DAC,586,1716,,,525,1513,N,13976
69,10,14,Molecular Biology (Splice-junction Gene Sequences),2552,3,N,1,select_coverage,1.0,exact,586,1716,525.0,1513.0,521,1501,N,35744
69,10,14,Molecular Biology (Splice-junction Gene Sequences),2552,3,N,1,select_coverage,2.0,DAC,1036,3092,,,886,2619,N,24880
69,10,14,Molecular Biology (Splice-junction Gene Sequences),2552,3,N,1,select_coverage,2.0,exact,1036,3092,886.0,2619.0,879,2601,N,61624
69,10,14,Molecular Biology (Splice-junction Gene Sequences),2552,3,N,1,select_coverage,3.0,DAC,1482,4459,,,1231,3704,N,35700
69,10,14,Molecular Biology (Splice-junction Gene Sequences),2552,3,N,1,select_coverage,3.0,exact,1482,4459,1231.0,3704.0,1215,3664,N,86724
69,10,14,Molecular Biology (Splice-junction Gene Sequences),2552,3,N,1,select_coverage,4.0,DAC,1933,5889,,,1571,4802,N,46832
69,10,14,Molecular Biology (Splice-junction Gene Sequences),2552,3,N,1,select_coverage,4.0,exact,1933,5889,1571.0,4802.0,1549,4744,N,112036
69,10,14,Molecular Biology (Splice-junction Gene Sequences),2552,3,N,1,select_coverage_CBA_M1,,DAC,560,1646,,,502,1451,N,13384
69,10,14,Molecular Biology (Splice-junction Gene Sequences),2552,3,N,1,select_coverage_CBA_M1,,exact,560,1646,502.0,1451.0,499,1443,N,34248
69,10,14,Molecular Biology (Splice-junction Gene Sequences),2552,3,N,2,select_coverage,1.0,exact,586,1716,525.0,1513.0,521,1501,N,35744
69,10,14,Molecular Biology (Splice-junction Gene Sequences),2552,3,N,2,select_coverage,2.0,exact,1036,3092,886.0,2619.0,879,2601,N,61624
69,10,14,Molecular Biology (Splice-junction Gene Sequences),2552,3,N,2,select_coverage,3.0,exact,1482,4459,1231.0,3704.0,1215,3664,N,86724
69,10,14,Molecular Biology (Splice-junction Gene Sequences),2552,3,N,2,select_coverage,4.0,exact,1933,5889,1571.0,4802.0,1549,4744,N,112036
69,10,14,Molecular Biology (Splice-junction Gene Sequences),2552,3,N,2,select_coverage_CBA_M1,,exact,296,1130,256.0,969.0,256,969,N,20488
69,10,17,Molecular Biology (Splice-junction Gene Sequences),2552,3,N,1,select_coverage,1.0,DAC,595,1705,,,527,1497,N,14040
69,10,17,Molecular Biology (Splice-junction Gene Sequences),2552,3,N,1,select_coverage,1.0,exact,595,1705,527.0,1497.0,522,1486,N,35640
69,10,17,Molecular Biology (Splice-junction Gene Sequences),2552,3,N,1,select_coverage,2.0,DAC,1035,3056,,,889,2627,N,24724
69,10,17,Molecular Biology (Splice-junction Gene Sequences),2552,3,N,1,select_coverage,2.0,exact,1035,3056,889.0,2627.0,872,2581,N,61528
69,10,17,Molecular Biology (Splice-junction Gene Sequences),2552,3,N,1,select_coverage,3.0,DAC,1467,4403,,,1224,3701,N,35296
69,10,17,Molecular Biology (Splice-junction Gene Sequences),2552,3,N,1,select_coverage,3.0,exact,1467,4403,1224.0,3701.0,1195,3622,N,86096
69,10,17,Molecular Biology (Splice-junction Gene Sequences),2552,3,N,1,select_coverage,4.0,DAC,1902,5763,,,1576,4842,N,45956
69,10,17,Molecular Biology (Splice-junction Gene Sequences),2552,3,N,1,select_coverage,4.0,exact,1902,5763,1576.0,4842.0,1534,4728,N,111788
69,10,17,Molecular Biology (Splice-junction Gene Sequences),2552,3,N,1,select_coverage_CBA_M1,,DAC,519,1524,,,464,1343,N,12404
69,10,17,Molecular Biology (Splice-junction Gene Sequences),2552,3,N,1,select_coverage_CBA_M1,,exact,519,1524,464.0,1343.0,460,1335,N,31680
69,10,17,Molecular Biology (Splice-junction Gene Sequences),2552,3,N,2,select_coverage,1.0,exact,595,1705,527.0,1497.0,522,1486,N,35640
69,10,17,Molecular Biology (Splice-junction Gene Sequences),2552,3,N,2,select_coverage,2.0,exact,1035,3056,889.0,2627.0,872,2581,N,61528
69,10,17,Molecular Biology (Splice-junction Gene Sequences),2552,3,N,2,select_coverage,3.0,exact,1467,4403,1224.0,3701.0,1195,3622,N,86096
69,10,17,Molecular Biology (Splice-junction Gene Sequences),2552,3,N,2,select_coverage,4.0,exact,1902,5763,1576.0,4842.0,1534,4728,N,111788
69,10,17,Molecular Biology (Splice-junction Gene Sequences),2552,3,N,2,select_coverage_CBA_M1,,exact,248,1004,211.0,858.0,211,858,N,17656
69,10,19,Molecular Biology (Splice-junction Gene Sequences),2552,3,N,1,select_coverage,1.0,DAC,582,1679,,,525,1503,N,13780
69,10,19,Molecular Biology (Splice-junction Gene Sequences),2552,3,N,1,select_coverage,1.0,exact,582,1679,525.0,1503.0,514,1477,EI,35460
69,10,19,Molecular Biology (Splice-junction Gene Sequences),2552,3,N,1,select_coverage,2.0,DAC,1046,3100,,,893,2629,N,25032
69,10,19,Molecular Biology (Splice-junction Gene Sequences),2552,3,N,1,select_coverage,2.0,exact,1046,3100,893.0,2629.0,877,2591,N,61880
69,10,19,Molecular Biology (Splice-junction Gene Sequences),2552,3,N,1,select_coverage,3.0,DAC,1482,4463,,,1245,3752,N,35716
69,10,19,Molecular Biology (Splice-junction Gene Sequences),2552,3,N,1,select_coverage,3.0,exact,1482,4463,1245.0,3752.0,1217,3681,N,87448
69,10,19,Molecular Biology (Splice-junction Gene Sequences),2552,3,N,1,select_coverage,4.0,DAC,1931,5897,,,1600,4917,N,46840
69,10,19,Molecular Biology (Splice-junction Gene Sequences),2552,3,N,1,select_coverage,4.0,exact,1931,5897,1600.0,4917.0,1562,4816,N,113744
69,10,19,Molecular Biology (Splice-junction Gene Sequences),2552,3,N,1,select_coverage_CBA_M1,,DAC,545,1586,,,489,1414,N,12964
69,10,19,Molecular Biology (Splice-junction Gene Sequences),2552,3,N,1,select_coverage_CBA_M1,,exact,545,1586,489.0,1414.0,482,1398,EI,33264
69,10,19,Molecular Biology (Splice-junction Gene Sequences),2552,3,N,2,select_coverage,1.0,exact,582,1679,525.0,1503.0,514,1477,EI,35460
69,10,19,Molecular Biology (Splice-junction Gene Sequences),2552,3,N,2,select_coverage,2.0,exact,1046,3100,893.0,2629.0,877,2591,N,61880
69,10,19,Molecular Biology (Splice-junction Gene Sequences),2552,3,N,2,select_coverage,3.0,exact,1482,4463,1245.0,3752.0,1217,3681,N,87448
69,10,19,Molecular Biology (Splice-junction Gene Sequences),2552,3,N,2,select_coverage,4.0,exact,1931,5897,1600.0,4917.0,1562,4816,N,113744
69,10,19,Molecular Biology (Splice-junction Gene Sequences),2552,3,N,2,select_coverage_CBA_M1,,exact,276,1061,244.0,935.0,241,927,N,19524
69,10,29,Molecular Biology (Splice-junction Gene Sequences),2552,3,N,1,select_coverage,1.0,DAC,588,1675,,,525,1487,N,13836
69,10,29,Molecular Biology (Splice-junction Gene Sequences),2552,3,N,1,select_coverage,1.0,exact,588,1675,525.0,1487.0,516,1468,EI,35344
69,10,29,Molecular Biology (Splice-junction Gene Sequences),2552,3,N,1,select_coverage,2.0,DAC,1050,3086,,,908,2671,N,25024
69,10,29,Molecular Biology (Splice-junction Gene Sequences),2552,3,N,1,select_coverage,2.0,exact,1050,3086,908.0,2671.0,891,2631,EI,62632
69,10,29,Molecular Biology (Splice-junction Gene Sequences),2552,3,N,1,select_coverage,3.0,DAC,1482,4460,,,1261,3810,N,35704
69,10,29,Molecular Biology (Splice-junction Gene Sequences),2552,3,N,1,select_coverage,3.0,exact,1482,4460,1261.0,3810.0,1233,3740,EI,88416
69,10,29,Molecular Biology (Splice-junction Gene Sequences),2552,3,N,1,select_coverage,4.0,DAC,1923,5880,,,1609,4966,N,46676
69,10,29,Molecular Biology (Splice-junction Gene Sequences),2552,3,N,1,select_coverage,4.0,exact,1923,5880,1609.0,4966.0,1574,4876,N,114400
69,10,29,Molecular Biology (Splice-junction Gene Sequences),2552,3,N,1,select_coverage_CBA_M1,,DAC,546,1581,,,489,1407,N,12956
69,10,29,Molecular Biology (Splice-junction Gene Sequences),2552,3,N,1,select_coverage_CBA_M1,,exact,546,1581,489.0,1407.0,486,1401,EI,33228
69,10,29,Molecular Biology (Splice-junction Gene Sequences),2552,3,N,2,select_coverage,1.0,exact,588,1675,525.0,1487.0,516,1468,EI,35344
69,10,29,Molecular Biology (Splice-junction Gene Sequences),2552,3,N,2,select_coverage,2.0,exact,1050,3086,908.0,2671.0,891,2631,EI,62632
69,10,29,Molecular Biology (Splice-junction Gene Sequences),2552,3,N,2,select_coverage,3.0,exact,1482,4460,1261.0,3810.0,1233,3740,EI,88416
69,10,29,Molecular Biology (Splice-junction Gene Sequences),2552,3,N,2,select_coverage,4.0,exact,1923,5880,1609.0,4966.0,1574,4876,N,114400
69,10,29,Molecular Biology (Splice-junction Gene Sequences),2552,3,N,2,select_coverage_CBA_M1,,exact,272,1038,240.0,912.0,240,912,N,19152
69,10,31,Molecular Biology (Splice-junction Gene Sequences),2552,3,N,1,select_coverage,1.0,DAC,604,1734,,,555,1582,N,14264
69,10,31,Molecular Biology (Splice-junction Gene Sequences),2552,3,N,1,select_coverage,1.0,exact,604,1734,555.0,1582.0,548,1565,N,37308
69,10,31,Molecular Biology (Splice-junction Gene Sequences),2552,3,N,1,select_coverage,2.0,DAC,1048,3049,,,917,2654,N,24852
69,10,31,Molecular Biology (Splice-junction Gene Sequences),2552,3,N,1,select_coverage,2.0,exact,1048,3049,917.0,2654.0,903,2616,N,62644
69,10,31,Molecular Biology (Splice-junction Gene Sequences),2552,3,N,1,select_coverage,3.0,DAC,1496,4433,,,1263,3755,N,35764
69,10,31,Molecular Biology (Splice-junction Gene Sequences),2552,3,N,1,select_coverage,3.0,exact,1496,4433,1263.0,3755.0,1241,3693,N,87964
69,10,31,Molecular Biology (Splice-junction Gene Sequences),2552,3,N,1,select_coverage,4.0,DAC,1934,5806,,,1597,4845,N,46512
69,10,31,Molecular Biology (Splice-junction Gene Sequences),2552,3,N,1,select_coverage,4.0,exact,1934,5806,1597.0,4845.0,1563,4748,N,112724
69,10,31,Molecular Biology (Splice-junction Gene Sequences),2552,3,N,1,select_coverage_CBA_M1,,DAC,565,1648,,,518,1500,N,13452
69,10,31,Molecular Biology (Splice-junction Gene Sequences),2552,3,N,1,select_coverage_CBA_M1,,exact,565,1648,518.0,1500.0,513,1488,EI,35144
69,10,31,Molecular Biology (Splice-junction Gene Sequences),2552,3,N,2,select_coverage,1.0,exact,604,1734,555.0,1582.0,548,1565,N,37308
69,10,31,Molecular Biology (Splice-junction Gene Sequences),2552,3,N,2,select_coverage,2.0,exact,1048,3049,917.0,2654.0,903,2616,N,62644
69,10,31,Molecular Biology (Splice-junction Gene Sequences),2552,3,N,2,select_coverage,3.0,exact,1496,4433,1263.0,3755.0,1241,3693,N,87964
69,10,31,Molecular Biology (Splice-junction Gene Sequences),2552,3,N,2,select_coverage,4.0,exact,1934,5806,1597.0,4845.0,1563,4748,N,112724
69,10,31,Molecular Biology (Splice-junction Gene Sequences),2552,3,N,2,select_coverage_CBA_M1,,exact,298,1116,269.0,1004.0,269,1004,N,21128
69,10,34,Molecular Biology (Splice-junction Gene Sequences),2552,3,N,1,select_coverage,1.0,DAC,611,1749,,,549,1567,N,14408
69,10,34,Molecular Biology (Splice-junction Gene Sequences),2552,3,N,1,select_coverage,1.0,exact,611,1749,549.0,1567.0,547,1563,N,37108
69,10,34,Molecular Biology (Splice-junction Gene Sequences),2552,3,N,1,select_coverage,2.0,DAC,1054,3120,,,917,2715,N,25208
69,10,34,Molecular Biology (Splice-junction Gene Sequences),2552,3,N,1,select_coverage,2.0,exact,1054,3120,917.0,2715.0,906,2686,N,63452
69,10,34,Molecular Biology (Splice-junction Gene Sequences),2552,3,N,1,select_coverage,3.0,DAC,1481,4431,,,1267,3811,N,35576
69,10,34,Molecular Biology (Splice-junction Gene Sequences),2552,3,N,1,select_coverage,3.0,exact,1481,4431,1267.0,3811.0,1247,3757,N,88564
69,10,34,Molecular Biology (Splice-junction Gene Sequences),2552,3,N,1,select_coverage,4.0,DAC,1924,5826,,,1607,4913,N,46472
69,10,34,Molecular Biology (Splice-junction Gene Sequences),2552,3,N,1,select_coverage,4.0,exact,1924,5826,1607.0,4913.0,1576,4827,N,113712
69,10,34,Molecular Biology (Splice-junction Gene Sequences),2552,3,N,1,select_coverage_CBA_M1,,DAC,557,1626,,,502,1458,N,13268
69,10,34,Molecular Biology (Splice-junction Gene Sequences),2552,3,N,1,select_coverage_CBA_M1,,exact,557,1626,502.0,1458.0,500,1454,EI,34240
69,10,34,Molecular Biology (Splice-junction Gene Sequences),2552,3,N,2,select_coverage,1.0,exact,611,1749,549.0,1567.0,547,1563,N,37108
69,10,34,Molecular Biology (Splice-junction Gene Sequences),2552,3,N,2,select_coverage,2.0,exact,1054,3120,917.0,2715.0,906,2686,N,63452
69,10,34,Molecular Biology (Splice-junction Gene Sequences),2552,3,N,2,select_coverage,3.0,exact,1481,4431,1267.0,3811.0,1247,3757,N,88564
69,10,34,Molecular Biology (Splice-junction Gene Sequences),2552,3,N,2,select_coverage,4.0,exact,1924,5826,1607.0,4913.0,1576,4827,N,113712
69,10,34,Molecular Biology (Splice-junction Gene Sequences),2552,3,N,2,select_coverage_CBA_M1,,exact,252,1026,222.0,908.0,222,908,N,18496
69,10,42,Molecular Biology (Splice-junction Gene Sequences),2552,3,N,1,select_coverage,1.0,DAC,552,1588,,,490,1396,N,13056
69,10,42,Molecular Biology (Splice-junction Gene Sequences),2552,3,N,1,select_coverage,1.0,exact,552,1588,490.0,1396.0,483,1378,N,33152
69,10,42,Molecular Biology (Splice-junction Gene Sequences),2552,3,N,1,select_coverage,2.0,DAC,986,2886,,,853,2481,N,23456
69,10,42,Molecular Biology (Splice-junction Gene Sequences),2552,3,N,1,select_coverage,2.0,exact,986,2886,853.0,2481.0,838,2441,N,58552
69,10,42,Molecular Biology (Splice-junction Gene Sequences),2552,3,N,1,select_coverage,3.0,DAC,1425,4269,,,1219,3640,N,34256
69,10,42,Molecular Biology (Splice-junction Gene Sequences),2552,3,N,1,select_coverage,3.0,exact,1425,4269,1219.0,3640.0,1197,3580,N,84988
69,10,42,Molecular Biology (Splice-junction Gene Sequences),2552,3,N,1,select_coverage,4.0,DAC,1859,5615,,,1546,4684,N,44848
69,10,42,Molecular Biology (Splice-junction Gene Sequences),2552,3,N,1,select_coverage,4.0,exact,1859,5615,1546.0,4684.0,1506,4575,N,108992
69,10,42,Molecular Biology (Splice-junction Gene Sequences),2552,3,N,1,select_coverage_CBA_M1,,DAC,531,1524,,,470,1336,N,12548
69,10,42,Molecular Biology (Splice-junction Gene Sequences),2552,3,N,1,select_coverage_CBA_M1,,exact,531,1524,470.0,1336.0,464,1321,EI,31788
69,10,42,Molecular Biology (Splice-junction Gene Sequences),2552,3,N,2,select_coverage,1.0,exact,552,1588,490.0,1396.0,483,1378,N,33152
69,10,42,Molecular Biology (Splice-junction Gene Sequences),2552,3,N,2,select_coverage,2.0,exact,986,2886,853.0,2481.0,838,2441,N,58552
69,10,42,Molecular Biology (Splice-junction Gene Sequences),2552,3,N,2,select_coverage,3.0,exact,1425,4269,1219.0,3640.0,1197,3580,N,84988
69,10,42,Molecular Biology (Splice-junction Gene Sequences),2552,3,N,2,select_coverage,4.0,exact,1859,5615,1546.0,4684.0,1506,4575,N,108992
69,10,42,Molecular Biology (Splice-junction Gene Sequences),2552,3,N,2,select_coverage_CBA_M1,,exact,289,1055,252.0,913.0,248,903,N,19572
69,10,49,Molecular Biology (Splice-junction Gene Sequences),2552,3,N,1,select_coverage,1.0,DAC,586,1689,,,520,1497,N,13868
69,10,49,Molecular Biology (Splice-junction Gene Sequences),2552,3,N,1,select_coverage,1.0,exact,586,1689,520.0,1497.0,517,1490,EI,35368
69,10,49,Molecular Biology (Splice-junction Gene Sequences),2552,3,N,1,select_coverage,2.0,DAC,1033,3076,,,902,2702,N,24780
69,10,49,Molecular Biology (Splice-junction Gene Sequences),2552,3,N,1,select_coverage,2.0,exact,1033,3076,902.0,2702.0,892,2675,N,62700
69,10,49,Molecular Biology (Splice-junction Gene Sequences),2552,3,N,1,select_coverage,3.0,DAC,1468,4419,,,1249,3788,N,35372
69,10,49,Molecular Biology (Splice-junction Gene Sequences),2552,3,N,1,select_coverage,3.0,exact,1468,4419,1249.0,3788.0,1231,3739,N,87776
69,10,49,Molecular Biology (Splice-junction Gene Sequences),2552,3,N,1,select_coverage,4.0,DAC,1890,5774,,,1589,4911,N,45856
69,10,49,Molecular Biology (Splice-junction Gene Sequences),2552,3,N,1,select_coverage,4.0,exact,1890,5774,1589.0,4911.0,1552,4808,N,112844
69,10,49,Molecular Biology (Splice-junction Gene Sequences),2552,3,N,1,select_coverage_CBA_M1,,DAC,558,1613,,,497,1431,N,13228
69,10,49,Molecular Biology (Splice-junction Gene Sequences),2552,3,N,1,select_coverage_CBA_M1,,exact,558,1613,497.0,1431.0,496,1429,EI,33820
69,10,49,Molecular Biology (Splice-junction Gene Sequences),2552,3,N,2,select_coverage,1.0,exact,586,1689,520.0,1497.0,517,1490,EI,35368
69,10,49,Molecular Biology (Splice-junction Gene Sequences),2552,3,N,2,select_coverage,2.0,exact,1033,3076,902.0,2702.0,892,2675,N,62700
69,10,49,Molecular Biology (Splice-junction Gene Sequences),2552,3,N,2,select_coverage,3.0,exact,1468,4419,1249.0,3788.0,1231,3739,N,87776
69,10,49,Molecular Biology (Splice-junction Gene Sequences),2552,3,N,2,select_coverage,4.0,exact,1890,5774,1589.0,4911.0,1552,4808,N,112844
69,10,49,Molecular Biology (Splice-junction Gene Sequences),2552,3,N,2,select_coverage_CBA_M1,,exact,280,1072,249.0,950.0,249,950,N,19880
69,10,63,Molecular Biology (Splice-junction Gene Sequences),2552,3,N,1,select_coverage,1.0,DAC,592,1672,,,534,1510,N,13872
69,10,63,Molecular Biology (Splice-junction Gene Sequences),2552,3,N,1,select_coverage,1.0,exact,592,1672,534.0,1510.0,530,1500,N,35840
69,10,63,Molecular Biology (Splice-junction Gene Sequences),2552,3,N,1,select_coverage,2.0,DAC,1055,3113,,,916,2702,N,25192
69,10,63,Molecular Biology (Splice-junction Gene Sequences),2552,3,N,1,select_coverage,2.0,exact,1055,3113,916.0,2702.0,903,2667,N,63264
69,10,63,Molecular Biology (Splice-junction Gene Sequences),2552,3,N,1,select_coverage,3.0,DAC,1493,4461,,,1263,3789,N,35840
69,10,63,Molecular Biology (Splice-junction Gene Sequences),2552,3,N,1,select_coverage,3.0,exact,1493,4461,1263.0,3789.0,1245,3741,N,88404
69,10,63,Molecular Biology (Splice-junction Gene Sequences),2552,3,N,1,select_coverage,4.0,DAC,1930,5831,,,1618,4922,N,46564
69,10,63,Molecular Biology (Splice-junction Gene Sequences),2552,3,N,1,select_coverage,4.0,exact,1930,5831,1618.0,4922.0,1587,4839,N,114168
69,10,63,Molecular Biology (Splice-junction Gene Sequences),2552,3,N,1,select_coverage_CBA_M1,,DAC,570,1606,,,513,1447,IE,13344
69,10,63,Molecular Biology (Splice-junction Gene Sequences),2552,3,N,1,select_coverage_CBA_M1,,exact,570,1606,513.0,1447.0,512,1445,EI,34432
69,10,63,Molecular Biology (Splice-junction Gene Sequences),2552,3,N,2,select_coverage,1.0,exact,592,1672,534.0,1510.0,530,1500,N,35840
69,10,63,Molecular Biology (Splice-junction Gene Sequences),2552,3,N,2,select_coverage,2.0,exact,1055,3113,916.0,2702.0,903,2667,N,63264
69,10,63,Molecular Biology (Splice-junction Gene Sequences),2552,3,N,2,select_coverage,3.0,exact,1493,4461,1263.0,3789.0,1245,3741,N,88404
69,10,63,Molecular Biology (Splice-junction Gene Sequences),2552,3,N,2,select_coverage,4.0,exact,1930,5831,1618.0,4922.0,1587,4839,N,114168
69,10,63,Molecular Biology (Splice-junction Gene Sequences),2552,3,N,2,select_coverage_CBA_M1,,exact,272,1027,247.0,931.0,246,928,N,19472
69,10,64,Molecular Biology (Splice-junction Gene Sequences),2552,3,N,1,select_coverage,1.0,DAC,574,1652,,,524,1501,N,13576
69,10,64,Molecular Biology (Splice-junction Gene Sequences),2552,3,N,1,select_coverage,1.0,exact,574,1652,524.0,1501.0,514,1478,N,35316
69,10,64,Molecular Biology (Splice-junction Gene Sequences),2552,3,N,1,select_coverage,2.0,DAC,1015,2990,,,874,2565,N,24220
69,10,64,Molecular Biology (Splice-junction Gene Sequences),2552,3,N,1,select_coverage,2.0,exact,1015,2990,874.0,2565.0,858,2526,N,60316
69,10,64,Molecular Biology (Splice-junction Gene Sequences),2552,3,N,1,select_coverage,3.0,DAC,1444,4314,,,1224,3665,N,34664
69,10,64,Molecular Biology (Splice-junction Gene Sequences),2552,3,N,1,select_coverage,3.0,exact,1444,4314,1224.0,3665.0,1202,3610,N,85548
69,10,64,Molecular Biology (Splice-junction Gene Sequences),2552,3,N,1,select_coverage,4.0,DAC,1870,5622,,,1555,4705,N,45008
69,10,64,Molecular Biology (Splice-junction Gene Sequences),2552,3,N,1,select_coverage,4.0,exact,1870,5622,1555.0,4705.0,1520,4612,N,109540
69,10,64,Molecular Biology (Splice-junction Gene Sequences),2552,3,N,1,select_coverage_CBA_M1,,DAC,536,1568,,,489,1423,N,12784
69,10,64,Molecular Biology (Splice-junction Gene Sequences),2552,3,N,1,select_coverage_CBA_M1,,exact,536,1568,489.0,1423.0,482,1407,N,33264
69,10,64,Molecular Biology (Splice-junction Gene Sequences),2552,3,N,2,select_coverage,1.0,exact,574,1652,524.0,1501.0,514,1478,N,35316
69,10,64,Molecular Biology (Splice-junction Gene Sequences),2552,3,N,2,select_coverage,2.0,exact,1015,2990,874.0,2565.0,858,2526,N,60316
69,10,64,Molecular Biology (Splice-junction Gene Sequences),2552,3,N,2,select_coverage,3.0,exact,1444,4314,1224.0,3665.0,1202,3610,N,85548
69,10,64,Molecular Biology (Splice-junction Gene Sequences),2552,3,N,2,select_coverage,4.0,exact,1870,5622,1555.0,4705.0,1520,4612,N,109540
69,10,64,Molecular Biology (Splice-junction Gene Sequences),2552,3,N,2,select_coverage_CBA_M1,,exact,253,1002,226.0,897.0,225,894,N,18428
69,10,65,Molecular Biology (Splice-junction Gene Sequences),2552,3,N,1,select_coverage,1.0,DAC,598,1726,,,542,1564,N,14160
69,10,65,Molecular Biology (Splice-junction Gene Sequences),2552,3,N,1,select_coverage,1.0,exact,598,1726,542.0,1564.0,534,1546,EI,36712
69,10,65,Molecular Biology (Splice-junction Gene Sequences),2552,3,N,1,select_coverage,2.0,DAC,1049,3097,,,902,2668,N,25056
69,10,65,Molecular Biology (Splice-junction Gene Sequences),2552,3,N,1,select_coverage,2.0,exact,1049,3097,902.0,2668.0,891,2641,EI,62512
69,10,65,Molecular Biology (Splice-junction Gene Sequences),2552,3,N,1,select_coverage,3.0,DAC,1482,4443,,,1251,3785,N,35636
69,10,65,Molecular Biology (Splice-junction Gene Sequences),2552,3,N,1,select_coverage,3.0,exact,1482,4443,1251.0,3785.0,1231,3731,N,87892
69,10,65,Molecular Biology (Splice-junction Gene Sequences),2552,3,N,1,select_coverage,4.0,DAC,1933,5846,,,1616,4943,N,46660
69,10,65,Molecular Biology (Splice-junction Gene Sequences),2552,3,N,1,select_coverage,4.0,exact,1933,5846,1616.0,4943.0,1586,4860,N,114332
69,10,65,Molecular Biology (Splice-junction Gene Sequences),2552,3,N,1,select_coverage_CBA_M1,,DAC,563,1643,,,510,1487,N,13408
69,10,65,Molecular Biology (Splice-junction Gene Sequences),2552,3,N,1,select_coverage_CBA_M1,,exact,563,1643,510.0,1487.0,505,1477,EI,34772
69,10,65,Molecular Biology (Splice-junction Gene Sequences),2552,3,N,2,select_coverage,1.0,exact,598,1726,542.0,1564.0,534,1546,EI,36712
69,10,65,Molecular Biology (Splice-junction Gene Sequences),2552,3,N,2,select_coverage,2.0,exact,1049,3097,902.0,2668.0,891,2641,EI,62512
69,10,65,Molecular Biology (Splice-junction Gene Sequences),2552,3,N,2,select_coverage,3.0,exact,1482,4443,1251.0,3785.0,1231,3731,N,87892
69,10,65,Molecular Biology (Splice-junction Gene Sequences),2552,3,N,2,select_coverage,4.0,exact,1933,5846,1616.0,4943.0,1586,4860,N,114332
69,10,65,Molecular Biology (Splice-junction Gene Sequences),2552,3,N,2,select_coverage_CBA_M1,,exact,265,1056,240.0,956.0,238,950,N,19552
69,10,68,Molecular Biology (Splice-junction Gene Sequences),2552,3,N,1,select_coverage,1.0,DAC,603,1744,,,551,1578,N,14292
69,10,68,Molecular Biology (Splice-junction Gene Sequences),2552,3,N,1,select_coverage,1.0,exact,603,1744,551.0,1578.0,544,1563,N,37196
69,10,68,Molecular Biology (Splice-junction Gene Sequences),2552,3,N,1,select_coverage,2.0,DAC,1052,3154,,,924,2746,N,25320
69,10,68,Molecular Biology (Splice-junction Gene Sequences),2552,3,N,1,select_coverage,2.0,exact,1052,3154,924.0,2746.0,912,2718,N,64064
69,10,68,Molecular Biology (Splice-junction Gene Sequences),2552,3,N,1,select_coverage,3.0,DAC,1478,4500,,,1275,3869,N,35816
69,10,68,Molecular Biology (Splice-junction Gene Sequences),2552,3,N,1,select_coverage,3.0,exact,1478,4500,1275.0,3869.0,1249,3801,N,89504
69,10,68,Molecular Biology (Splice-junction Gene Sequences),2552,3,N,1,select_coverage,4.0,DAC,1892,5815,,,1582,4888,N,46044
69,10,68,Molecular Biology (Splice-junction Gene Sequences),2552,3,N,1,select_coverage,4.0,exact,1892,5815,1582.0,4888.0,1545,4788,N,112612
69,10,68,Molecular Biology (Splice-junction Gene Sequences),2552,3,N,1,select_coverage_CBA_M1,,DAC,586,1684,,,534,1518,IE,13848
69,10,68,Molecular Biology (Splice-junction Gene Sequences),2552,3,N,1,select_coverage_CBA_M1,,exact,586,1684,534.0,1518.0,528,1506,EI,35944
69,10,68,Molecular Biology (Splice-junction Gene Sequences),2552,3,N,2,select_coverage,1.0,exact,603,1744,551.0,1578.0,544,1563,N,37196
69,10,68,Molecular Biology (Splice-junction Gene Sequences),2552,3,N,2,select_coverage,2.0,exact,1052,3154,924.0,2746.0,912,2718,N,64064
69,10,68,Molecular Biology (Splice-junction Gene Sequences),2552,3,N,2,select_coverage,3.0,exact,1478,4500,1275.0,3869.0,1249,3801,N,89504
69,10,68,Molecular Biology (Splice-junction Gene Sequences),2552,3,N,2,select_coverage,4.0,exact,1892,5815,1582.0,4888.0,1545,4788,N,112612
69,10,68,Molecular Biology (Splice-junction Gene Sequences),2552,3,N,2,select_coverage_CBA_M1,,exact,294,1121,261.0,993.0,259,989,N,20788
69,10,74,Molecular Biology (Splice-junction Gene Sequences),2552,3,N,1,select_coverage,1.0,DAC,587,1675,,,533,1507,N,13824
69,10,74,Molecular Biology (Splice-junction Gene Sequences),2552,3,N,1,select_coverage,1.0,exact,587,1675,533.0,1507.0,524,1486,N,35752
69,10,74,Molecular Biology (Splice-junction Gene Sequences),2552,3,N,1,select_coverage,2.0,DAC,1026,3030,,,895,2646,N,24512
69,10,74,Molecular Biology (Splice-junction Gene Sequences),2552,3,N,1,select_coverage,2.0,exact,1026,3030,895.0,2646.0,878,2602,N,61776
69,10,74,Molecular Biology (Splice-junction Gene Sequences),2552,3,N,1,select_coverage,3.0,DAC,1466,4409,,,1234,3735,N,35308
69,10,74,Molecular Biology (Splice-junction Gene Sequences),2552,3,N,1,select_coverage,3.0,exact,1466,4409,1234.0,3735.0,1206,3663,N,86740
69,10,74,Molecular Biology (Splice-junction Gene Sequences),2552,3,N,1,select_coverage,4.0,DAC,1884,5753,,,1558,4782,N,45700
69,10,74,Molecular Biology (Splice-junction Gene Sequences),2552,3,N,1,select_coverage,4.0,exact,1884,5753,1558.0,4782.0,1517,4675,N,110720
69,10,74,Molecular Biology (Splice-junction Gene Sequences),2552,3,N,1,select_coverage_CBA_M1,,DAC,569,1620,,,517,1456,N,13388
69,10,74,Molecular Biology (Splice-junction Gene Sequences),2552,3,N,1,select_coverage_CBA_M1,,exact,569,1620,517.0,1456.0,508,1435,EI,34612
69,10,74,Molecular Biology (Splice-junction Gene Sequences),2552,3,N,2,select_coverage,1.0,exact,587,1675,533.0,1507.0,524,1486,N,35752
69,10,74,Molecular Biology (Splice-junction Gene Sequences),2552,3,N,2,select_coverage,2.0,exact,1026,3030,895.0,2646.0,878,2602,N,61776
69,10,74,Molecular Biology (Splice-junction Gene Sequences),2552,3,N,2,select_coverage,3.0,exact,1466,4409,1234.0,3735.0,1206,3663,N,86740
69,10,74,Molecular Biology (Splice-junction Gene Sequences),2552,3,N,2,select_coverage,4.0,exact,1884,5753,1558.0,4782.0,1517,4675,N,110720
69,10,74,Molecular Biology (Splice-junction Gene Sequences),2552,3,N,2,select_coverage_CBA_M1,,exact,252,999,222.0,879.0,221,877,N,18148
69,10,76,Molecular Biology (Splice-junction Gene Sequences),2552,3,N,1,select_coverage,1.0,DAC,571,1655,,,506,1448,N,13552
69,10,76,Molecular Biology (Splice-junction Gene Sequences),2552,3,N,1,select_coverage,1.0,exact,571,1655,506.0,1448.0,499,1430,N,34348
69,10,76,Molecular Biology (Splice-junction Gene Sequences),2552,3,N,1,select_coverage,2.0,DAC,1024,3047,,,872,2569,N,24556
69,10,76,Molecular Biology (Splice-junction Gene Sequences),2552,3,N,1,select_coverage,2.0,exact,1024,3047,872.0,2569.0,857,2530,N,60512
69,10,76,Molecular Biology (Splice-junction Gene Sequences),2552,3,N,1,select_coverage,3.0,DAC,1447,4362,,,1214,3659,N,34892
69,10,76,Molecular Biology (Splice-junction Gene Sequences),2552,3,N,1,select_coverage,3.0,exact,1447,4362,1214.0,3659.0,1194,3606,N,85380
69,10,76,Molecular Biology (Splice-junction Gene Sequences),2552,3,N,1,select_coverage,4.0,DAC,1885,5765,,,1581,4844,N,45760
69,10,76,Molecular Biology (Splice-junction Gene Sequences),2552,3,N,1,select_coverage,4.0,exact,1885,5765,1581.0,4844.0,1550,4761,N,112096
69,10,76,Molecular Biology (Splice-junction Gene Sequences),2552,3,N,1,select_coverage_CBA_M1,,DAC,530,1562,,,467,1359,N,12688
69,10,76,Molecular Biology (Splice-junction Gene Sequences),2552,3,N,1,select_coverage_CBA_M1,,exact,530,1562,467.0,1359.0,462,1347,N,32040
69,10,76,Molecular Biology (Splice-junction Gene Sequences),2552,3,N,2,select_coverage,1.0,exact,571,1655,506.0,1448.0,499,1430,N,34348
69,10,76,Molecular Biology (Splice-junction Gene Sequences),2552,3,N,2,select_coverage,2.0,exact,1024,3047,872.0,2569.0,857,2530,N,60512
69,10,76,Molecular Biology (Splice-junction Gene Sequences),2552,3,N,2,select_coverage,3.0,exact,1447,4362,1214.0,3659.0,1194,3606,N,85380
69,10,76,Molecular Biology (Splice-junction Gene Sequences),2552,3,N,2,select_coverage,4.0,exact,1885,5765,1581.0,4844.0,1550,4761,N,112096
69,10,76,Molecular Biology (Splice-junction Gene Sequences),2552,3,N,2,select_coverage_CBA_M1,,exact,263,1032,225.0,879.0,225,879,N,18384
69,10,100,Molecular Biology (Splice-junction Gene Sequences),2552,3,N,1,select_coverage,1.0,DAC,592,1705,,,532,1514,N,14004
69,10,100,Molecular Biology (Splice-junction Gene Sequences),2552,3,N,1,select_coverage,1.0,exact,592,1705,532.0,1514.0,528,1506,N,35948
69,10,100,Molecular Biology (Splice-junction Gene Sequences),2552,3,N,1,select_coverage,2.0,DAC,1036,3069,,,898,2664,N,24788
69,10,100,Molecular Biology (Splice-junction Gene Sequences),2552,3,N,1,select_coverage,2.0,exact,1036,3069,898.0,2664.0,888,2640,N,62252
69,10,100,Molecular Biology (Splice-junction Gene Sequences),2552,3,N,1,select_coverage,3.0,DAC,1470,4430,,,1249,3778,N,35440
69,10,100,Molecular Biology (Splice-junction Gene Sequences),2552,3,N,1,select_coverage,3.0,exact,1470,4430,1249.0,3778.0,1228,3725,N,87724
69,10,100,Molecular Biology (Splice-junction Gene Sequences),2552,3,N,1,select_coverage,4.0,DAC,1886,5744,,,1561,4798,N,45688
69,10,100,Molecular Biology (Splice-junction Gene Sequences),2552,3,N,1,select_coverage,4.0,exact,1886,5744,1561.0,4798.0,1530,4716,N,111008
69,10,100,Molecular Biology (Splice-junction Gene Sequences),2552,3,N,1,select_coverage_CBA_M1,,DAC,542,1591,,,488,1412,N,12948
69,10,100,Molecular Biology (Splice-junction Gene Sequences),2552,3,N,1,select_coverage_CBA_M1,,exact,542,1591,488.0,1412.0,484,1404,N,33268
69,10,100,Molecular Biology (Splice-junction Gene Sequences),2552,3,N,2,select_coverage,1.0,exact,592,1705,532.0,1514.0,528,1506,N,35948
69,10,100,Molecular Biology (Splice-junction Gene Sequences),2552,3,N,2,select_coverage,2.0,exact,1036,3069,898.0,2664.0,888,2640,N,62252
69,10,100,Molecular Biology (Splice-junction Gene Sequences),2552,3,N,2,select_coverage,3.0,exact,1470,4430,1249.0,3778.0,1228,3725,N,87724
69,10,100,Molecular Biology (Splice-junction Gene Sequences),2552,3,N,2,select_coverage,4.0,exact,1886,5744,1561.0,4798.0,1530,4716,N,111008
69,10,100,Molecular Biology (Splice-junction Gene Sequences),2552,3,N,2,select_coverage_CBA_M1,,exact,254,1026,218.0,883.0,218,883,N,18168
69,10,114,Molecular Biology (Splice-junction Gene Sequences),2552,3,N,1,select_coverage,1.0,DAC,589,1687,,,525,1476,N,13896
69,10,114,Molecular Biology (Splice-junction Gene Sequences),2552,3,N,1,select_coverage,1.0,exact,589,1687,525.0,1476.0,515,1451,N,35280
69,10,114,Molecular Biology (Splice-junction Gene Sequences),2552,3,N,1,select_coverage,2.0,DAC,1053,3147,,,905,2686,N,25304
69,10,114,Molecular Biology (Splice-junction Gene Sequences),2552,3,N,1,select_coverage,2.0,exact,1053,3147,905.0,2686.0,888,2645,N,62896
69,10,114,Molecular Biology (Splice-junction Gene Sequences),2552,3,N,1,select_coverage,3.0,DAC,1494,4484,,,1260,3784,N,35944
69,10,114,Molecular Biology (Splice-junction Gene Sequences),2552,3,N,1,select_coverage,3.0,exact,1494,4484,1260.0,3784.0,1237,3727,N,88324
69,10,114,Molecular Biology (Splice-junction Gene Sequences),2552,3,N,1,select_coverage,4.0,DAC,1930,5848,,,1604,4897,N,46632
69,10,114,Molecular Biology (Splice-junction Gene Sequences),2552,3,N,1,select_coverage,4.0,exact,1930,5848,1604.0,4897.0,1569,4810,N,113572
69,10,114,Molecular Biology (Splice-junction Gene Sequences),2552,3,N,1,select_coverage_CBA_M1,,DAC,563,1620,,,501,1413,N,13316
69,10,114,Molecular Biology (Splice-junction Gene Sequences),2552,3,N,1,select_coverage_CBA_M1,,exact,563,1620,501.0,1413.0,495,1399,EI,33784
69,10,114,Molecular Biology (Splice-junction Gene Sequences),2552,3,N,2,select_coverage,1.0,exact,589,1687,525.0,1476.0,515,1451,N,35280
69,10,114,Molecular Biology (Splice-junction Gene Sequences),2552,3,N,2,select_coverage,2.0,exact,1053,3147,905.0,2686.0,888,2645,N,62896
69,10,114,Molecular Biology (Splice-junction Gene Sequences),2552,3,N,2,select_coverage,3.0,exact,1494,4484,1260.0,3784.0,1237,3727,N,88324
69,10,114,Molecular Biology (Splice-junction Gene Sequences),2552,3,N,2,select_coverage,4.0,exact,1930,5848,1604.0,4897.0,1569,4810,N,113572
69,10,114,Molecular Biology (Splice-junction Gene Sequences),2552,3,N,2,select_coverage_CBA_M1,,exact,280,1061,239.0,896.0,238,893,N,19072
69,10,133,Molecular Biology (Splice-junction Gene Sequences),2552,3,N,1,select_coverage,1.0,DAC,591,1721,,,530,1530,N,14056
69,10,133,Molecular Biology (Splice-junction Gene Sequences),2552,3,N,1,select_coverage,1.0,exact,591,1721,530.0,1530.0,523,1514,N,36044
69,10,133,Molecular Biology (Splice-junction Gene Sequences),2552,3,N,1,select_coverage,2.0,DAC,1037,3078,,,897,2649,N,24836
69,10,133,Molecular Biology (Splice-junction Gene Sequences),2552,3,N,1,select_coverage,2.0,exact,1037,3078,897.0,2649.0,882,2614,N,62092
69,10,133,Molecular Biology (Splice-junction Gene Sequences),2552,3,N,1,select_coverage,3.0,DAC,1474,4459,,,1240,3744,N,35604
69,10,133,Molecular Biology (Splice-junction Gene Sequences),2552,3,N,1,select_coverage,3.0,exact,1474,4459,1240.0,3744.0,1214,3679,N,87232
69,10,133,Molecular Biology (Splice-junction Gene Sequences),2552,3,N,1,select_coverage,4.0,DAC,1922,5857,,,1588,4862,N,46572
69,10,133,Molecular Biology (Splice-junction Gene Sequences),2552,3,N,1,select_coverage,4.0,exact,1922,5857,1588.0,4862.0,1547,4757,N,112744
69,10,133,Molecular Biology (Splice-junction Gene Sequences),2552,3,N,1,select_coverage_CBA_M1,,DAC,569,1653,,,508,1462,IE,13520
69,10,133,Molecular Biology (Splice-junction Gene Sequences),2552,3,N,1,select_coverage_CBA_M1,,exact,569,1653,508.0,1462.0,502,1449,N,34536
69,10,133,Molecular Biology (Splice-junction Gene Sequences),2552,3,N,2,select_coverage,1.0,exact,591,1721,530.0,1530.0,523,1514,N,36044
69,10,133,Molecular Biology (Splice-junction Gene Sequences),2552,3,N,2,select_coverage,2.0,exact,1037,3078,897.0,2649.0,882,2614,N,62092
69,10,133,Molecular Biology (Splice-junction Gene Sequences),2552,3,N,2,select_coverage,3.0,exact,1474,4459,1240.0,3744.0,1214,3679,N,87232
69,10,133,Molecular Biology (Splice-junction Gene Sequences),2552,3,N,2,select_coverage,4.0,exact,1922,5857,1588.0,4862.0,1547,4757,N,112744
69,10,133,Molecular Biology (Splice-junction Gene Sequences),2552,3,N,2,select_coverage_CBA_M1,,exact,256,1045,221.0,906.0,221,906,N,18524
69,10,138,Molecular Biology (Splice-junction Gene Sequences),2552,3,N,1,select_coverage,1.0,DAC,583,1691,,,526,1507,N,13840
69,10,138,Molecular Biology (Splice-junction Gene Sequences),2552,3,N,1,select_coverage,1.0,exact,583,1691,526.0,1507.0,522,1495,N,35628
69,10,138,Molecular Biology (Splice-junction Gene Sequences),2552,3,N,1,select_coverage,2.0,DAC,1037,3123,,,910,2712,N,25016
69,10,138,Molecular Biology (Splice-junction Gene Sequences),2552,3,N,1,select_coverage,2.0,exact,1037,3123,910.0,2712.0,897,2678,N,63196
69,10,138,Molecular Biology (Splice-junction Gene Sequences),2552,3,N,1,select_coverage,3.0,DAC,1472,4477,,,1233,3737,N,35652
69,10,138,Molecular Biology (Splice-junction Gene Sequences),2552,3,N,1,select_coverage,3.0,exact,1472,4477,1233.0,3737.0,1210,3675,N,87036
69,10,138,Molecular Biology (Splice-junction Gene Sequences),2552,3,N,1,select_coverage,4.0,DAC,1910,5840,,,1574,4840,N,46360
69,10,138,Molecular Biology (Splice-junction Gene Sequences),2552,3,N,1,select_coverage,4.0,exact,1910,5840,1574.0,4840.0,1540,4747,N,112100
69,10,138,Molecular Biology (Splice-junction Gene Sequences),2552,3,N,1,select_coverage_CBA_M1,,DAC,563,1643,,,511,1469,N,13408
69,10,138,Molecular Biology (Splice-junction Gene Sequences),2552,3,N,1,select_coverage_CBA_M1,,exact,563,1643,511.0,1469.0,510,1466,N,34688
69,10,138,Molecular Biology (Splice-junction Gene Sequences),2552,3,N,2,select_coverage,1.0,exact,583,1691,526.0,1507.0,522,1495,N,35628
69,10,138,Molecular Biology (Splice-junction Gene Sequences),2552,3,N,2,select_coverage,2.0,exact,1037,3123,910.0,2712.0,897,2678,N,63196
69,10,138,Molecular Biology (Splice-junction Gene Sequences),2552,3,N,2,select_coverage,3.0,exact,1472,4477,1233.0,3737.0,1210,3675,N,87036
69,10,138,Molecular Biology (Splice-junction Gene Sequences),2552,3,N,2,select_coverage,4.0,exact,1910,5840,1574.0,4840.0,1540,4747,N,112100
69,10,138,Molecular Biology (Splice-junction Gene Sequences),2552,3,N,2,select_coverage_CBA_M1,,exact,255,1029,220.0,889.0,220,889,N,18292
69,10,148,Molecular Biology (Splice-junction Gene Sequences),2552,3,N,1,select_coverage,1.0,DAC,589,1718,,,523,1519,N,14020
69,10,148,Molecular Biology (Splice-junction Gene Sequences),2552,3,N,1,select_coverage,1.0,exact,589,1718,523.0,1519.0,519,1511,N,35752
69,10,148,Molecular Biology (Splice-junction Gene Sequences),2552,3,N,1,select_coverage,2.0,DAC,1076,3186,,,934,2762,N,25736
69,10,148,Molecular Biology (Splice-junction Gene Sequences),2552,3,N,1,select_coverage,2.0,exact,1076,3186,934.0,2762.0,922,2732,N,64632
69,10,148,Molecular Biology (Splice-junction Gene Sequences),2552,3,N,1,select_coverage,3.0,DAC,1527,4596,,,1294,3926,N,36788
69,10,148,Molecular Biology (Splice-junction Gene Sequences),2552,3,N,1,select_coverage,3.0,exact,1527,4596,1294.0,3926.0,1271,3867,N,90988
69,10,148,Molecular Biology (Splice-junction Gene Sequences),2552,3,N,1,select_coverage,4.0,DAC,1960,5953,,,1628,5010,N,47412
69,10,148,Molecular Biology (Splice-junction Gene Sequences),2552,3,N,1,select_coverage,4.0,exact,1960,5953,1628.0,5010.0,1591,4911,N,115616
69,10,148,Molecular Biology (Splice-junction Gene Sequences),2552,3,N,1,select_coverage_CBA_M1,,DAC,563,1657,,,501,1466,N,13464
69,10,148,Molecular Biology (Splice-junction Gene Sequences),2552,3,N,1,select_coverage_CBA_M1,,exact,563,1657,501.0,1466.0,498,1460,N,34388
69,10,148,Molecular Biology (Splice-junction Gene Sequences),2552,3,N,2,select_coverage,1.0,exact,589,1718,523.0,1519.0,519,1511,N,35752
69,10,148,Molecular Biology (Splice-junction Gene Sequences),2552,3,N,2,select_coverage,2.0,exact,1076,3186,934.0,2762.0,922,2732,N,64632
69,10,148,Molecular Biology (Splice-junction Gene Sequences),2552,3,N,2,select_coverage,3.0,exact,1527,4596,1294.0,3926.0,1271,3867,N,90988
69,10,148,Molecular Biology (Splice-junction Gene Sequences),2552,3,N,2,select_coverage,4.0,exact,1960,5953,1628.0,5010.0,1591,4911,N,115616
69,10,148,Molecular Biology (Splice-junction Gene Sequences),2552,3,N,2,select_coverage_CBA_M1,,exact,287,1108,253.0,973.0,252,971,N,20328
