id_uci,nclients,seed,data_name,train_size,number_classes,majority_class,ranking,selection,param,consolidation,round1_n_rules,round1_n_items_antecedent,round2_n_rules,round2_n_items_antecedent,final_nrules,final_total_items,default_class,comm_cost
26,2,5,Connect-4,54045,3,win,1,select_coverage,1.0,DAC,8383,255667,,,8347,254590,win,1123280
26,2,5,Connect-4,54045,3,win,1,select_coverage,1.0,exact,8383,255667,8347.0,254590.0,7447,223815,win,3203416
26,2,5,Connect-4,54045,3,win,1,select_coverage,2.0,DAC,16474,503228,,,16387,500686,win,2210616
26,2,5,Connect-4,54045,3,win,1,select_coverage,2.0,exact,16474,503228,16387.0,500686.0,14652,441524,win,6306160
26,2,5,Connect-4,54045,3,win,1,select_coverage,3.0,DAC,24002,733027,,,23848,728473,win,3220148
26,2,5,Connect-4,54045,3,win,1,select_coverage,3.0,exact,24002,733027,23848.0,728473.0,21261,640389,win,9170716
26,2,5,Connect-4,54045,3,win,1,select_coverage,4.0,DAC,31266,954593,,,31044,948010,win,4193580
26,2,5,Connect-4,54045,3,win,1,select_coverage,4.0,exact,31266,954593,31044.0,948010.0,27668,833179,win,11936560
26,2,5,Connect-4,54045,3,win,1,select_coverage_CBA_M1,,DAC,7115,212162,,,7079,211085,win,934044
26,2,5,Connect-4,54045,3,win,1,select_coverage_CBA_M1,,exact,7115,212162,7079.0,211085.0,6955,206820,win,2746820
26,2,5,Connect-4,54045,3,win,2,select_coverage,1.0,exact,8383,255667,8347.0,254590.0,7447,223815,win,3203416
26,2,5,Connect-4,54045,3,win,2,select_coverage,2.0,exact,16474,503228,16387.0,500686.0,14652,441524,win,6306160
26,2,5,Connect-4,54045,3,win,2,select_coverage,3.0,exact,24002,733027,23848.0,728473.0,21261,640389,win,9170716
26,2,5,Connect-4,54045,3,win,2,select_coverage,4.0,exact,31266,954593,31044.0,948010.0,27668,833179,win,11936560
26,2,5,Connect-4,54045,3,win,2,select_coverage_CBA_M1,,exact,7115,212162,7079.0,211085.0,6955,206820,win,2746820
26,2,14,Connect-4,54045,3,win,1,select_coverage,1.0,DAC,8435,257472,,,8401,256498,win,1131124
26,2,14,Connect-4,54045,3,win,1,select_coverage,1.0,exact,8435,257472,8401.0,256498.0,7554,227530,win,3234856
26,2,14,Connect-4,54045,3,win,1,select_coverage,2.0,DAC,16628,508457,,,16542,505954,win,2233380
26,2,14,Connect-4,54045,3,win,1,select_coverage,2.0,exact,16628,508457,16542.0,505954.0,14872,448980,win,6382932
26,2,14,Connect-4,54045,3,win,1,select_coverage,3.0,DAC,24075,735836,,,23940,731943,win,3232260
26,2,14,Connect-4,54045,3,win,1,select_coverage,3.0,exact,24075,735836,23940.0,731943.0,21454,647259,win,9226256
26,2,14,Connect-4,54045,3,win,1,select_coverage,4.0,DAC,31454,961326,,,31249,955389,win,4222768
26,2,14,Connect-4,54045,3,win,1,select_coverage,4.0,exact,31454,961326,31248.0,955354.0,27980,844164,win,12043336
26,2,14,Connect-4,54045,3,win,1,select_coverage_CBA_M1,,DAC,7096,211407,,,7062,210433,win,930796
26,2,14,Connect-4,54045,3,win,1,select_coverage_CBA_M1,,exact,7096,211407,7062.0,210433.0,6958,206857,win,2740796
26,2,14,Connect-4,54045,3,win,2,select_coverage,1.0,exact,8434,257443,8400.0,256469.0,7553,227501,win,3234476
26,2,14,Connect-4,54045,3,win,2,select_coverage,2.0,exact,16629,508498,16543.0,505995.0,14873,449021,win,6383456
26,2,14,Connect-4,54045,3,win,2,select_coverage,3.0,exact,24076,735873,23941.0,731980.0,21455,647296,win,9226732
26,2,14,Connect-4,54045,3,win,2,select_coverage,4.0,exact,31452,961261,31246.0,955289.0,27978,844099,win,12042492
26,2,14,Connect-4,54045,3,win,2,select_coverage_CBA_M1,,exact,7095,211378,7061.0,210404.0,6957,206828,win,2740416
26,2,17,Connect-4,54045,3,win,1,select_coverage,1.0,DAC,8482,259476,,,8446,258418,win,1139704
26,2,17,Connect-4,54045,3,win,1,select_coverage,1.0,exact,8482,259476,8446.0,258418.0,7570,228381,win,3255396
26,2,17,Connect-4,54045,3,win,1,select_coverage,2.0,DAC,16696,511481,,,16600,508633,win,2246292
26,2,17,Connect-4,54045,3,win,1,select_coverage,2.0,exact,16696,511481,16600.0,508633.0,14891,450260,win,6412720
26,2,17,Connect-4,54045,3,win,1,select_coverage,3.0,DAC,24252,742481,,,24090,737702,win,3260964
26,2,17,Connect-4,54045,3,win,1,select_coverage,3.0,exact,24252,742481,24090.0,737702.0,21561,651455,win,9297456
26,2,17,Connect-4,54045,3,win,1,select_coverage,4.0,DAC,31683,969859,,,31456,963214,win,4259648
26,2,17,Connect-4,54045,3,win,1,select_coverage,4.0,exact,31683,969859,31456.0,963214.0,28164,851035,win,12143048
26,2,17,Connect-4,54045,3,win,1,select_coverage_CBA_M1,,DAC,7184,214806,,,7148,213748,win,945448
26,2,17,Connect-4,54045,3,win,1,select_coverage_CBA_M1,,exact,7184,214806,7148.0,213748.0,7002,208716,win,2777840
26,2,17,Connect-4,54045,3,win,2,select_coverage,1.0,exact,8483,259511,8447.0,258453.0,7571,228416,win,3255848
26,2,17,Connect-4,54045,3,win,2,select_coverage,2.0,exact,16697,511516,16601.0,508668.0,14892,450295,win,6413172
26,2,17,Connect-4,54045,3,win,2,select_coverage,3.0,exact,24252,742489,24090.0,737710.0,21561,651463,win,9297552
26,2,17,Connect-4,54045,3,win,2,select_coverage,4.0,exact,31682,969829,31455.0,963184.0,28163,851005,win,12142656
26,2,17,Connect-4,54045,3,win,2,select_coverage_CBA_M1,,exact,7185,214841,7149.0,213783.0,7003,208751,win,2778292
26,2,19,Connect-4,54045,3,win,1,select_coverage,1.0,DAC,8434,258034,,,8401,257082,win,1133360
26,2,19,Connect-4,54045,3,win,1,select_coverage,1.0,exact,8434,258034,8401.0,257082.0,7506,226326,win,3234624
26,2,19,Connect-4,54045,3,win,1,select_coverage,2.0,DAC,16563,507499,,,16470,504738,win,2228768
26,2,19,Connect-4,54045,3,win,1,select_coverage,2.0,exact,16563,507499,16470.0,504738.0,14733,445243,win,6356984
26,2,19,Connect-4,54045,3,win,1,select_coverage,3.0,DAC,24053,736697,,,23891,731957,win,3235440
26,2,19,Connect-4,54045,3,win,1,select_coverage,3.0,exact,24053,736697,23891.0,731957.0,21346,644927,win,9218860
26,2,19,Connect-4,54045,3,win,1,select_coverage,4.0,DAC,31303,958524,,,31064,951506,win,4209748
26,2,19,Connect-4,54045,3,win,1,select_coverage,4.0,exact,31303,958524,31064.0,951506.0,27720,837338,win,11983544
26,2,19,Connect-4,54045,3,win,1,select_coverage_CBA_M1,,DAC,6994,208343,,,6962,207427,win,917316
26,2,19,Connect-4,54045,3,win,1,select_coverage_CBA_M1,,exact,6994,208343,6962.0,207427.0,6860,203887,win,2701436
26,2,19,Connect-4,54045,3,win,2,select_coverage,1.0,exact,8433,258002,8400.0,257050.0,7505,226294,win,3234208
26,2,19,Connect-4,54045,3,win,2,select_coverage,2.0,exact,16564,507539,16471.0,504778.0,14733,445248,win,6357356
26,2,19,Connect-4,54045,3,win,2,select_coverage,3.0,exact,24053,736699,23891.0,731959.0,21346,644929,win,9218884
26,2,19,Connect-4,54045,3,win,2,select_coverage,4.0,exact,31303,958525,31064.0,951507.0,27720,837339,win,11983556
26,2,19,Connect-4,54045,3,win,2,select_coverage_CBA_M1,,exact,6993,208311,6961.0,207395.0,6859,203855,win,2701020
26,2,29,Connect-4,54045,3,win,1,select_coverage,1.0,DAC,8485,259574,,,8447,258478,win,1140132
26,2,29,Connect-4,54045,3,win,1,select_coverage,1.0,exact,8485,259574,8447.0,258478.0,7545,227516,win,3252600
26,2,29,Connect-4,54045,3,win,1,select_coverage,2.0,DAC,16612,508809,,,16521,506123,win,2234596
26,2,29,Connect-4,54045,3,win,1,select_coverage,2.0,exact,16612,508809,16521.0,506123.0,14785,446745,win,6375404
26,2,29,Connect-4,54045,3,win,1,select_coverage,3.0,DAC,24132,738564,,,23976,733912,win,3243856
26,2,29,Connect-4,54045,3,win,1,select_coverage,3.0,exact,24132,738564,23976.0,733912.0,21402,646009,win,9241196
26,2,29,Connect-4,54045,3,win,1,select_coverage,4.0,DAC,31444,961787,,,31236,955634,win,4224492
26,2,29,Connect-4,54045,3,win,1,select_coverage,4.0,exact,31444,961787,31236.0,955634.0,27843,839961,win,12029104
26,2,29,Connect-4,54045,3,win,1,select_coverage_CBA_M1,,DAC,7046,209978,,,7010,208953,win,924480
26,2,29,Connect-4,54045,3,win,1,select_coverage_CBA_M1,,exact,7046,209978,7010.0,208953.0,6910,205491,win,2722032
26,2,29,Connect-4,54045,3,win,2,select_coverage,1.0,exact,8485,259574,8447.0,258478.0,7545,227516,win,3252600
26,2,29,Connect-4,54045,3,win,2,select_coverage,2.0,exact,16612,508809,16521.0,506123.0,14785,446745,win,6375404
26,2,29,Connect-4,54045,3,win,2,select_coverage,3.0,exact,24132,738565,23976.0,733913.0,21402,646010,win,9241208
26,2,29,Connect-4,54045,3,win,2,select_coverage,4.0,exact,31442,961721,31234.0,955568.0,27841,839895,win,12028248
26,2,29,Connect-4,54045,3,win,2,select_coverage_CBA_M1,,exact,7046,209978,7010.0,208953.0,6910,205491,win,2722032
26,2,31,Connect-4,54045,3,win,1,select_coverage,1.0,DAC,8327,254682,,,8290,253631,win,1118668
26,2,31,Connect-4,54045,3,win,1,select_coverage,1.0,exact,8327,254682,8290.0,253631.0,7430,224228,win,3195468
26,2,31,Connect-4,54045,3,win,1,select_coverage,2.0,DAC,16407,502571,,,16309,499718,win,2207184
26,2,31,Connect-4,54045,3,win,1,select_coverage,2.0,exact,16407,502571,16309.0,499718.0,14662,443570,win,6305348
26,2,31,Connect-4,54045,3,win,1,select_coverage,3.0,DAC,23774,727678,,,23607,722830,win,3196016
26,2,31,Connect-4,54045,3,win,1,select_coverage,3.0,exact,23774,727678,23607.0,722830.0,21185,640416,win,9119144
26,2,31,Connect-4,54045,3,win,1,select_coverage,4.0,DAC,31023,949183,,,30779,942076,win,4169024
26,2,31,Connect-4,54045,3,win,1,select_coverage,4.0,exact,31023,949183,30779.0,942076.0,27622,834762,win,11889036
26,2,31,Connect-4,54045,3,win,1,select_coverage_CBA_M1,,DAC,7043,210681,,,7006,209630,win,927256
26,2,31,Connect-4,54045,3,win,1,select_coverage_CBA_M1,,exact,7043,210681,7006.0,209630.0,6893,205704,win,2728276
26,2,31,Connect-4,54045,3,win,2,select_coverage,1.0,exact,8327,254682,8290.0,253631.0,7430,224228,win,3195468
26,2,31,Connect-4,54045,3,win,2,select_coverage,2.0,exact,16408,502606,16310.0,499753.0,14663,443605,win,6305800
26,2,31,Connect-4,54045,3,win,2,select_coverage,3.0,exact,23774,727681,23607.0,722833.0,21185,640419,win,9119180
26,2,31,Connect-4,54045,3,win,2,select_coverage,4.0,exact,31025,949253,30781.0,942146.0,27624,834832,win,11889940
26,2,31,Connect-4,54045,3,win,2,select_coverage_CBA_M1,,exact,7043,210681,7006.0,209630.0,6893,205704,win,2728276
26,2,34,Connect-4,54045,3,win,1,select_coverage,1.0,DAC,8494,259675,,,8456,258579,win,1140644
26,2,34,Connect-4,54045,3,win,1,select_coverage,1.0,exact,8494,259675,8456.0,258579.0,7535,227001,win,3251636
26,2,34,Connect-4,54045,3,win,1,select_coverage,2.0,DAC,16716,511898,,,16629,509350,win,2248200
26,2,34,Connect-4,54045,3,win,1,select_coverage,2.0,exact,16716,511898,16629.0,509350.0,14816,447360,win,6406584
26,2,34,Connect-4,54045,3,win,1,select_coverage,3.0,DAC,24285,743400,,,24132,738917,win,3265036
26,2,34,Connect-4,54045,3,win,1,select_coverage,3.0,exact,24285,743400,24132.0,738917.0,21432,646755,win,9288536
26,2,34,Connect-4,54045,3,win,1,select_coverage,4.0,DAC,31666,968639,,,31446,962205,win,4254564
26,2,34,Connect-4,54045,3,win,1,select_coverage,4.0,exact,31666,968639,31446.0,962205.0,27903,841510,win,12095712
26,2,34,Connect-4,54045,3,win,1,select_coverage_CBA_M1,,DAC,7024,209073,,,6987,208011,win,920596
26,2,34,Connect-4,54045,3,win,1,select_coverage_CBA_M1,,exact,7024,209073,6987.0,208011.0,6891,204712,win,2710792
26,2,34,Connect-4,54045,3,win,2,select_coverage,1.0,exact,8494,259675,8456.0,258579.0,7535,227001,win,3251636
26,2,34,Connect-4,54045,3,win,2,select_coverage,2.0,exact,16716,511898,16629.0,509350.0,14816,447360,win,6406584
26,2,34,Connect-4,54045,3,win,2,select_coverage,3.0,exact,24285,743400,24132.0,738917.0,21432,646755,win,9288536
26,2,34,Connect-4,54045,3,win,2,select_coverage,4.0,exact,31666,968642,31446.0,962208.0,27902,841478,win,12095608
26,2,34,Connect-4,54045,3,win,2,select_coverage_CBA_M1,,exact,7024,209073,6987.0,208011.0,6891,204712,win,2710792
26,2,42,Connect-4,54045,3,win,1,select_coverage,1.0,DAC,8511,260069,,,8479,259162,win,1142424
26,2,42,Connect-4,54045,3,win,1,select_coverage,1.0,exact,8511,260069,8479.0,259162.0,7573,228147,win,3260864
26,2,42,Connect-4,54045,3,win,1,select_coverage,2.0,DAC,16730,511835,,,16660,509863,win,2248116
26,2,42,Connect-4,54045,3,win,1,select_coverage,2.0,exact,16730,511835,16660.0,509863.0,14915,450310,win,6421176
26,2,42,Connect-4,54045,3,win,1,select_coverage,3.0,DAC,24210,740191,,,24073,736268,win,3251300
26,2,42,Connect-4,54045,3,win,1,select_coverage,3.0,exact,24210,740191,24073.0,736268.0,21525,649513,win,9274248
26,2,42,Connect-4,54045,3,win,1,select_coverage,4.0,DAC,31587,965549,,,31383,959624,win,4241256
26,2,42,Connect-4,54045,3,win,1,select_coverage,4.0,exact,31587,965549,31383.0,959624.0,28033,845693,win,12087744
26,2,42,Connect-4,54045,3,win,1,select_coverage_CBA_M1,,DAC,7089,211214,,,7059,210377,win,929940
26,2,42,Connect-4,54045,3,win,1,select_coverage_CBA_M1,,exact,7089,211214,7059.0,210377.0,6940,206263,win,2737328
26,2,42,Connect-4,54045,3,win,2,select_coverage,1.0,exact,8510,260035,8478.0,259128.0,7572,228113,win,3260424
26,2,42,Connect-4,54045,3,win,2,select_coverage,2.0,exact,16730,511835,16660.0,509863.0,14915,450310,win,6421176
26,2,42,Connect-4,54045,3,win,2,select_coverage,3.0,exact,24210,740195,24073.0,736272.0,21525,649517,win,9274296
26,2,42,Connect-4,54045,3,win,2,select_coverage,4.0,exact,31587,965554,31383.0,959629.0,28033,845698,win,12087804
26,2,42,Connect-4,54045,3,win,2,select_coverage_CBA_M1,,exact,7088,211180,7058.0,210343.0,6939,206229,win,2736888
26,2,49,Connect-4,54045,3,win,1,select_coverage,1.0,DAC,8477,259284,,,8442,258255,win,1138876
26,2,49,Connect-4,54045,3,win,1,select_coverage,1.0,exact,8477,259284,8442.0,258255.0,7587,228955,win,3256144
26,2,49,Connect-4,54045,3,win,1,select_coverage,2.0,DAC,16738,512802,,,16635,509749,win,2252080
26,2,49,Connect-4,54045,3,win,1,select_coverage,2.0,exact,16738,512802,16635.0,509749.0,14914,450944,win,6426324
26,2,49,Connect-4,54045,3,win,1,select_coverage,3.0,DAC,24216,741631,,,24056,736862,win,3257132
26,2,49,Connect-4,54045,3,win,1,select_coverage,3.0,exact,24216,741631,24056.0,736862.0,21528,650620,win,9286268
26,2,49,Connect-4,54045,3,win,1,select_coverage,4.0,DAC,31567,966490,,,31329,959409,win,4244780
26,2,49,Connect-4,54045,3,win,1,select_coverage,4.0,exact,31567,966490,31329.0,959409.0,27977,845217,win,12087016
26,2,49,Connect-4,54045,3,win,1,select_coverage_CBA_M1,,DAC,6944,206444,,,6910,205450,win,909120
26,2,49,Connect-4,54045,3,win,1,select_coverage_CBA_M1,,exact,6944,206444,6910.0,205450.0,6833,202796,win,2679904
26,2,49,Connect-4,54045,3,win,2,select_coverage,1.0,exact,8477,259284,8442.0,258255.0,7587,228955,win,3256144
26,2,49,Connect-4,54045,3,win,2,select_coverage,2.0,exact,16738,512802,16635.0,509749.0,14914,450944,win,6426324
26,2,49,Connect-4,54045,3,win,2,select_coverage,3.0,exact,24216,741631,24056.0,736862.0,21528,650620,win,9286268
26,2,49,Connect-4,54045,3,win,2,select_coverage,4.0,exact,31568,966525,31330.0,959444.0,27978,845252,win,12087468
26,2,49,Connect-4,54045,3,win,2,select_coverage_CBA_M1,,exact,6944,206444,6910.0,205450.0,6833,202796,win,2679904
26,2,63,Connect-4,54045,3,win,1,select_coverage,1.0,DAC,8444,258483,,,8397,257117,win,1135276
26,2,63,Connect-4,54045,3,win,1,select_coverage,1.0,exact,8444,258483,8397.0,257117.0,7544,227898,win,3242720
26,2,63,Connect-4,54045,3,win,1,select_coverage,2.0,DAC,16620,509327,,,16518,506386,win,2236764
26,2,63,Connect-4,54045,3,win,1,select_coverage,2.0,exact,16620,509327,16518.0,506386.0,14814,448214,win,6384308
26,2,63,Connect-4,54045,3,win,1,select_coverage,3.0,DAC,24055,736853,,,23880,731769,win,3236088
26,2,63,Connect-4,54045,3,win,1,select_coverage,3.0,exact,24055,736853,23880.0,731769.0,21306,644060,win,9214912
26,2,63,Connect-4,54045,3,win,1,select_coverage,4.0,DAC,31345,959746,,,31089,952261,win,4215140
26,2,63,Connect-4,54045,3,win,1,select_coverage,4.0,exact,31345,959746,31089.0,952261.0,27706,837105,win,11991320
26,2,63,Connect-4,54045,3,win,1,select_coverage_CBA_M1,,DAC,6868,204168,,,6822,202838,win,899104
26,2,63,Connect-4,54045,3,win,1,select_coverage_CBA_M1,,exact,6868,204168,6822.0,202838.0,6769,201021,win,2650436
26,2,63,Connect-4,54045,3,win,2,select_coverage,1.0,exact,8444,258483,8397.0,257117.0,7544,227898,win,3242720
26,2,63,Connect-4,54045,3,win,2,select_coverage,2.0,exact,16620,509327,16518.0,506386.0,14814,448214,win,6384308
26,2,63,Connect-4,54045,3,win,2,select_coverage,3.0,exact,24055,736853,23880.0,731769.0,21306,644060,win,9214912
26,2,63,Connect-4,54045,3,win,2,select_coverage,4.0,exact,31345,959746,31089.0,952261.0,27706,837105,win,11991320
26,2,63,Connect-4,54045,3,win,2,select_coverage_CBA_M1,,exact,6868,204168,6822.0,202838.0,6769,201021,win,2650436
26,2,64,Connect-4,54045,3,win,1,select_coverage,1.0,DAC,8581,261987,,,8547,261027,win,1150936
26,2,64,Connect-4,54045,3,win,1,select_coverage,1.0,exact,8581,261987,8547.0,261027.0,7661,230692,win,3288352
26,2,64,Connect-4,54045,3,win,1,select_coverage,2.0,DAC,16808,513794,,,16718,511165,win,2256888
26,2,64,Connect-4,54045,3,win,1,select_coverage,2.0,exact,16808,513794,16718.0,511165.0,14975,451654,win,6441452
26,2,64,Connect-4,54045,3,win,1,select_coverage,3.0,DAC,24401,745426,,,24236,740626,win,3274532
26,2,64,Connect-4,54045,3,win,1,select_coverage,3.0,exact,24401,745426,24236.0,740626.0,21671,653235,win,9332724
26,2,64,Connect-4,54045,3,win,1,select_coverage,4.0,DAC,31780,970715,,,31555,964192,win,4264236
26,2,64,Connect-4,54045,3,win,1,select_coverage,4.0,exact,31780,970715,31555.0,964192.0,28176,849130,win,12145932
26,2,64,Connect-4,54045,3,win,1,select_coverage_CBA_M1,,DAC,7049,209238,,,7018,208383,win,921556
26,2,64,Connect-4,54045,3,win,1,select_coverage_CBA_M1,,exact,7049,209238,7018.0,208383.0,6939,205672,win,2717772
26,2,64,Connect-4,54045,3,win,2,select_coverage,1.0,exact,8581,261987,8547.0,261027.0,7661,230692,win,3288352
26,2,64,Connect-4,54045,3,win,2,select_coverage,2.0,exact,16810,513863,16720.0,511234.0,14977,451723,win,6442344
26,2,64,Connect-4,54045,3,win,2,select_coverage,3.0,exact,24402,745462,24237.0,740662.0,21672,653271,win,9333188
26,2,64,Connect-4,54045,3,win,2,select_coverage,4.0,exact,31778,970653,31553.0,964130.0,28174,849068,win,12145124
26,2,64,Connect-4,54045,3,win,2,select_coverage_CBA_M1,,exact,7049,209238,7018.0,208383.0,6939,205672,win,2717772
26,2,65,Connect-4,54045,3,win,1,select_coverage,1.0,DAC,8455,258408,,,8415,257224,win,1135108
26,2,65,Connect-4,54045,3,win,1,select_coverage,1.0,exact,8455,258408,8415.0,257224.0,7571,228332,win,3245160
26,2,65,Connect-4,54045,3,win,1,select_coverage,2.0,DAC,16636,509052,,,16537,506125,win,2235856
26,2,65,Connect-4,54045,3,win,1,select_coverage,2.0,exact,16636,509052,16537.0,506125.0,14892,449988,win,6389868
26,2,65,Connect-4,54045,3,win,1,select_coverage,3.0,DAC,24047,735473,,,23872,730249,win,3230472
26,2,65,Connect-4,54045,3,win,1,select_coverage,3.0,exact,24047,735473,23872.0,730249.0,21465,648214,win,9219672
26,2,65,Connect-4,54045,3,win,1,select_coverage,4.0,DAC,31378,959269,,,31123,951650,win,4213628
26,2,65,Connect-4,54045,3,win,1,select_coverage,4.0,exact,31378,959269,31123.0,951650.0,27978,844590,win,12017996
26,2,65,Connect-4,54045,3,win,1,select_coverage_CBA_M1,,DAC,7109,212144,,,7070,210996,win,933900
26,2,65,Connect-4,54045,3,win,1,select_coverage_CBA_M1,,exact,7109,212144,7070.0,210996.0,6965,207373,win,2748316
26,2,65,Connect-4,54045,3,win,2,select_coverage,1.0,exact,8457,258477,8417.0,257293.0,7573,228401,win,3246052
26,2,65,Connect-4,54045,3,win,2,select_coverage,2.0,exact,16636,509055,16537.0,506128.0,14892,449991,win,6389904
26,2,65,Connect-4,54045,3,win,2,select_coverage,3.0,exact,24048,735508,23873.0,730284.0,21466,648249,win,9220124
26,2,65,Connect-4,54045,3,win,2,select_coverage,4.0,exact,31379,959308,31124.0,951689.0,27979,844629,win,12018496
26,2,65,Connect-4,54045,3,win,2,select_coverage_CBA_M1,,exact,7111,212213,7072.0,211065.0,6967,207442,win,2749208
26,2,68,Connect-4,54045,3,win,1,select_coverage,1.0,DAC,8538,261269,,,8506,260331,win,1147548
26,2,68,Connect-4,54045,3,win,1,select_coverage,1.0,exact,8538,261269,8506.0,260331.0,7575,228432,win,3272344
26,2,68,Connect-4,54045,3,win,1,select_coverage,2.0,DAC,16804,514819,,,16723,512384,win,2260940
26,2,68,Connect-4,54045,3,win,1,select_coverage,2.0,exact,16804,514819,16723.0,512384.0,14895,449985,win,6443912
26,2,68,Connect-4,54045,3,win,1,select_coverage,3.0,DAC,24374,746489,,,24232,742282,win,3278460
26,2,68,Connect-4,54045,3,win,1,select_coverage,3.0,exact,24374,746489,24232.0,742282.0,21575,651698,win,9337324
26,2,68,Connect-4,54045,3,win,1,select_coverage,4.0,DAC,31686,970070,,,31482,964023,win,4260528
26,2,68,Connect-4,54045,3,win,1,select_coverage,4.0,exact,31686,970070,31482.0,964023.0,27986,845029,win,12123936
26,2,68,Connect-4,54045,3,win,1,select_coverage_CBA_M1,,DAC,7183,214677,,,7151,213739,win,944920
26,2,68,Connect-4,54045,3,win,1,select_coverage_CBA_M1,,exact,7183,214677,7151.0,213739.0,7005,208692,win,2777288
26,2,68,Connect-4,54045,3,win,2,select_coverage,1.0,exact,8539,261303,8507.0,260365.0,7576,228466,win,3272784
26,2,68,Connect-4,54045,3,win,2,select_coverage,2.0,exact,16804,514821,16723.0,512386.0,14895,449987,win,6443936
26,2,68,Connect-4,54045,3,win,2,select_coverage,3.0,exact,24374,746493,24232.0,742286.0,21575,651702,win,9337372
26,2,68,Connect-4,54045,3,win,2,select_coverage,4.0,exact,31686,970070,31482.0,964023.0,27986,845029,win,12123936
26,2,68,Connect-4,54045,3,win,2,select_coverage_CBA_M1,,exact,7184,214711,7152.0,213773.0,7006,208726,win,2777728
26,2,74,Connect-4,54045,3,win,1,select_coverage,1.0,DAC,8336,254683,,,8293,253448,win,1118780
26,2,74,Connect-4,54045,3,win,1,select_coverage,1.0,exact,8336,254683,8293.0,253448.0,7438,224218,win,3194796
26,2,74,Connect-4,54045,3,win,1,select_coverage,2.0,DAC,16421,502341,,,16306,499002,win,2206432
26,2,74,Connect-4,54045,3,win,1,select_coverage,2.0,exact,16421,502341,16306.0,499002.0,14621,441568,win,6293460
26,2,74,Connect-4,54045,3,win,1,select_coverage,3.0,DAC,23810,728209,,,23619,722623,win,3198572
26,2,74,Connect-4,54045,3,win,1,select_coverage,3.0,exact,23810,728209,23619.0,722623.0,21156,638789,win,9114316
26,2,74,Connect-4,54045,3,win,1,select_coverage,4.0,DAC,31013,948175,,,30725,939720,win,4164872
26,2,74,Connect-4,54045,3,win,1,select_coverage,4.0,exact,31013,948175,30725.0,939720.0,27448,828300,win,11848004
26,2,74,Connect-4,54045,3,win,1,select_coverage_CBA_M1,,DAC,6999,208759,,,6958,207592,win,919040
26,2,74,Connect-4,54045,3,win,1,select_coverage_CBA_M1,,exact,6999,208759,6958.0,207592.0,6838,203456,win,2701908
26,2,74,Connect-4,54045,3,win,2,select_coverage,1.0,exact,8335,254650,8292.0,253415.0,7437,224185,win,3194368
26,2,74,Connect-4,54045,3,win,2,select_coverage,2.0,exact,16421,502341,16306.0,499002.0,14621,441568,win,6293460
26,2,74,Connect-4,54045,3,win,2,select_coverage,3.0,exact,23809,728175,23618.0,722589.0,21155,638755,win,9113876
26,2,74,Connect-4,54045,3,win,2,select_coverage,4.0,exact,31014,948209,30726.0,939754.0,27449,828334,win,11848444
26,2,74,Connect-4,54045,3,win,2,select_coverage_CBA_M1,,exact,6998,208726,6957.0,207559.0,6837,203423,win,2701480
26,2,76,Connect-4,54045,3,win,1,select_coverage,1.0,DAC,8482,259147,,,8455,258371,win,1138388
26,2,76,Connect-4,54045,3,win,1,select_coverage,1.0,exact,8482,259147,8455.0,258371.0,7569,228009,win,3252692
26,2,76,Connect-4,54045,3,win,1,select_coverage,2.0,DAC,16707,511203,,,16636,509192,win,2245312
26,2,76,Connect-4,54045,3,win,1,select_coverage,2.0,exact,16707,511203,16636.0,509192.0,14895,449772,win,6413044
26,2,76,Connect-4,54045,3,win,1,select_coverage,3.0,DAC,24227,741136,,,24090,737180,win,3255284
26,2,76,Connect-4,54045,3,win,1,select_coverage,3.0,exact,24227,741136,24090.0,737180.0,21522,649720,win,9283048
26,2,76,Connect-4,54045,3,win,1,select_coverage,4.0,DAC,31605,966535,,,31382,960018,win,4245416
26,2,76,Connect-4,54045,3,win,1,select_coverage,4.0,exact,31605,966535,31382.0,960018.0,28013,845389,win,12092016
26,2,76,Connect-4,54045,3,win,1,select_coverage_CBA_M1,,DAC,7115,212083,,,7090,211377,win,933728
26,2,76,Connect-4,54045,3,win,1,select_coverage_CBA_M1,,exact,7115,212083,7090.0,211377.0,6964,207058,win,2748976
26,2,76,Connect-4,54045,3,win,2,select_coverage,1.0,exact,8482,259147,8455.0,258371.0,7569,228009,win,3252692
26,2,76,Connect-4,54045,3,win,2,select_coverage,2.0,exact,16707,511207,16636.0,509196.0,14895,449776,win,6413092
26,2,76,Connect-4,54045,3,win,2,select_coverage,3.0,exact,24228,741172,24091.0,737216.0,21523,649756,win,9283512
26,2,76,Connect-4,54045,3,win,2,select_coverage,4.0,exact,31605,966535,31382.0,960018.0,28013,845389,win,12092016
26,2,76,Connect-4,54045,3,win,2,select_coverage_CBA_M1,,exact,7115,212083,7090.0,211377.0,6964,207058,win,2748976
26,2,100,Connect-4,54045,3,win,1,select_coverage,1.0,DAC,8459,258106,,,8423,257120,win,1133948
26,2,100,Connect-4,54045,3,win,1,select_coverage,1.0,exact,8459,258106,8423.0,257120.0,7519,226112,win,3234912
26,2,100,Connect-4,54045,3,win,1,select_coverage,2.0,DAC,16637,508213,,,16541,505496,win,2232512
26,2,100,Connect-4,54045,3,win,1,select_coverage,2.0,exact,16637,508213,16541.0,505496.0,14797,445862,win,6367620
26,2,100,Connect-4,54045,3,win,1,select_coverage,3.0,DAC,24207,739470,,,24043,734782,win,3248380
26,2,100,Connect-4,54045,3,win,1,select_coverage,3.0,exact,24207,739470,24043.0,734782.0,21430,645589,win,9248764
26,2,100,Connect-4,54045,3,win,1,select_coverage,4.0,DAC,31548,963648,,,31297,956498,win,4233184
26,2,100,Connect-4,54045,3,win,1,select_coverage,4.0,exact,31548,963648,31297.0,956498.0,27866,839555,win,12040332
26,2,100,Connect-4,54045,3,win,1,select_coverage_CBA_M1,,DAC,6906,204609,,,6871,203658,win,901324
26,2,100,Connect-4,54045,3,win,1,select_coverage_CBA_M1,,exact,6906,204609,6871.0,203658.0,6801,201251,win,2657968
26,2,100,Connect-4,54045,3,win,2,select_coverage,1.0,exact,8461,258176,8425.0,257190.0,7521,226182,win,3235816
26,2,100,Connect-4,54045,3,win,2,select_coverage,2.0,exact,16637,508213,16541.0,505496.0,14797,445862,win,6367620
26,2,100,Connect-4,54045,3,win,2,select_coverage,3.0,exact,24207,739470,24043.0,734782.0,21430,645589,win,9248764
26,2,100,Connect-4,54045,3,win,2,select_coverage,4.0,exact,31548,963652,31297.0,956502.0,27866,839559,win,12040380
26,2,100,Connect-4,54045,3,win,2,select_coverage_CBA_M1,,exact,6908,204679,6873.0,203728.0,6803,201321,win,2658872
26,2,114,Connect-4,54045,3,win,1,select_coverage,1.0,DAC,8487,259331,,,8450,258219,win,1139184
26,2,114,Connect-4,54045,3,win,1,select_coverage,1.0,exact,8487,259331,8450.0,258219.0,7608,229397,win,3258212
26,2,114,Connect-4,54045,3,win,1,select_coverage,2.0,DAC,16594,507923,,,16500,505117,win,2230836
26,2,114,Connect-4,54045,3,win,1,select_coverage,2.0,exact,16594,507923,16500.0,505117.0,14868,449455,win,6378004
26,2,114,Connect-4,54045,3,win,1,select_coverage,3.0,DAC,24114,737773,,,23960,733162,win,3240476
26,2,114,Connect-4,54045,3,win,1,select_coverage,3.0,exact,24114,737773,23960.0,733162.0,21527,650264,win,9251540
26,2,114,Connect-4,54045,3,win,1,select_coverage,4.0,DAC,31404,960475,,,31187,954018,win,4218764
26,2,114,Connect-4,54045,3,win,1,select_coverage,4.0,exact,31404,960475,31187.0,954018.0,27964,844308,win,12033212
26,2,114,Connect-4,54045,3,win,1,select_coverage_CBA_M1,,DAC,7229,216119,,,7193,215043,win,951240
26,2,114,Connect-4,54045,3,win,1,select_coverage_CBA_M1,,exact,7229,216119,7193.0,215043.0,7061,210484,win,2796784
26,2,114,Connect-4,54045,3,win,2,select_coverage,1.0,exact,8487,259331,8450.0,258219.0,7608,229397,win,3258212
26,2,114,Connect-4,54045,3,win,2,select_coverage,2.0,exact,16594,507923,16500.0,505117.0,14868,449455,win,6378004
26,2,114,Connect-4,54045,3,win,2,select_coverage,3.0,exact,24116,737843,23962.0,733232.0,21529,650334,win,9252444
26,2,114,Connect-4,54045,3,win,2,select_coverage,4.0,exact,31405,960512,31188.0,954055.0,27965,844345,win,12033688
26,2,114,Connect-4,54045,3,win,2,select_coverage_CBA_M1,,exact,7229,216119,7193.0,215043.0,7061,210484,win,2796784
26,2,133,Connect-4,54045,3,win,1,select_coverage,1.0,DAC,8407,256737,,,8370,255691,win,1127848
26,2,133,Connect-4,54045,3,win,1,select_coverage,1.0,exact,8407,256737,8370.0,255691.0,7543,227392,win,3227144
26,2,133,Connect-4,54045,3,win,1,select_coverage,2.0,DAC,16656,509660,,,16561,506928,win,2238528
26,2,133,Connect-4,54045,3,win,1,select_coverage,2.0,exact,16656,509660,16561.0,506928.0,14872,449276,win,6393432
26,2,133,Connect-4,54045,3,win,1,select_coverage,3.0,DAC,24195,740336,,,24045,736023,win,3251700
26,2,133,Connect-4,54045,3,win,1,select_coverage,3.0,exact,24195,740336,24045.0,736023.0,21522,650062,win,9275148
26,2,133,Connect-4,54045,3,win,1,select_coverage,4.0,DAC,31592,966474,,,31369,960052,win,4245016
26,2,133,Connect-4,54045,3,win,1,select_coverage,4.0,exact,31592,966474,31369.0,960052.0,28017,845979,win,12093852
26,2,133,Connect-4,54045,3,win,1,select_coverage_CBA_M1,,DAC,7104,211984,,,7068,210973,win,933200
26,2,133,Connect-4,54045,3,win,1,select_coverage_CBA_M1,,exact,7104,211984,7068.0,210973.0,6969,207555,win,2748248
26,2,133,Connect-4,54045,3,win,2,select_coverage,1.0,exact,8407,256737,8370.0,255691.0,7543,227392,win,3227144
26,2,133,Connect-4,54045,3,win,2,select_coverage,2.0,exact,16656,509661,16561.0,506929.0,14872,449277,win,6393444
26,2,133,Connect-4,54045,3,win,2,select_coverage,3.0,exact,24195,740336,24045.0,736023.0,21522,650062,win,9275148
26,2,133,Connect-4,54045,3,win,2,select_coverage,4.0,exact,31592,966474,31369.0,960052.0,28017,845979,win,12093852
26,2,133,Connect-4,54045,3,win,2,select_coverage_CBA_M1,,exact,7104,211984,7068.0,210973.0,6969,207555,win,2748248
26,2,138,Connect-4,54045,3,win,1,select_coverage,1.0,DAC,8562,261904,,,8529,260936,win,1150376
26,2,138,Connect-4,54045,3,win,1,select_coverage,1.0,exact,8562,261904,8529.0,260936.0,7623,229903,win,3283924
26,2,138,Connect-4,54045,3,win,1,select_coverage,2.0,DAC,16757,513075,,,16671,510497,win,2253400
26,2,138,Connect-4,54045,3,win,1,select_coverage,2.0,exact,16757,513075,16671.0,510497.0,14955,451868,win,6435256
26,2,138,Connect-4,54045,3,win,1,select_coverage,3.0,DAC,24293,743403,,,24152,739219,win,3265144
26,2,138,Connect-4,54045,3,win,1,select_coverage,3.0,exact,24293,743403,24152.0,739219.0,21609,652490,win,9313336
26,2,138,Connect-4,54045,3,win,1,select_coverage,4.0,DAC,31624,967485,,,31406,961045,win,4249444
26,2,138,Connect-4,54045,3,win,1,select_coverage,4.0,exact,31624,967485,31406.0,961045.0,28056,846957,win,12106964
26,2,138,Connect-4,54045,3,win,1,select_coverage_CBA_M1,,DAC,7197,214995,,,7164,214027,win,946360
26,2,138,Connect-4,54045,3,win,1,select_coverage_CBA_M1,,exact,7197,214995,7164.0,214027.0,7043,209849,win,2784756
26,2,138,Connect-4,54045,3,win,2,select_coverage,1.0,exact,8562,261904,8529.0,260936.0,7623,229903,win,3283924
26,2,138,Connect-4,54045,3,win,2,select_coverage,2.0,exact,16759,513142,16673.0,510564.0,14957,451935,win,6436124
26,2,138,Connect-4,54045,3,win,2,select_coverage,3.0,exact,24294,743440,24153.0,739256.0,21610,652527,win,9313812
26,2,138,Connect-4,54045,3,win,2,select_coverage,4.0,exact,31622,967426,31404.0,960986.0,28054,846898,win,12106192
26,2,138,Connect-4,54045,3,win,2,select_coverage_CBA_M1,,exact,7197,214995,7164.0,214027.0,7043,209849,win,2784756
26,2,148,Connect-4,54045,3,win,1,select_coverage,1.0,DAC,8561,261611,,,8524,260530,win,1149192
26,2,148,Connect-4,54045,3,win,1,select_coverage,1.0,exact,8561,261611,8524.0,260530.0,7604,229014,win,3277412
26,2,148,Connect-4,54045,3,win,1,select_coverage,2.0,DAC,16770,513098,,,16670,510097,win,2253648
26,2,148,Connect-4,54045,3,win,1,select_coverage,2.0,exact,16770,513098,16670.0,510097.0,14894,449430,win,6423964
26,2,148,Connect-4,54045,3,win,1,select_coverage,3.0,DAC,24281,742438,,,24115,737496,win,3261140
26,2,148,Connect-4,54045,3,win,1,select_coverage,3.0,exact,24281,742438,24115.0,737496.0,21519,649029,win,9287556
26,2,148,Connect-4,54045,3,win,1,select_coverage,4.0,DAC,31650,967583,,,31399,960147,win,4250148
26,2,148,Connect-4,54045,3,win,1,select_coverage,4.0,exact,31650,967583,31399.0,960147.0,27997,844436,win,12093456
26,2,148,Connect-4,54045,3,win,1,select_coverage_CBA_M1,,DAC,7010,208156,,,6975,207143,win,916760
26,2,148,Connect-4,54045,3,win,1,select_coverage_CBA_M1,,exact,7010,208156,6975.0,207143.0,6899,204533,win,2702552
26,2,148,Connect-4,54045,3,win,2,select_coverage,1.0,exact,8560,261579,8523.0,260498.0,7603,228982,win,3276996
26,2,148,Connect-4,54045,3,win,2,select_coverage,2.0,exact,16769,513065,16669.0,510064.0,14893,449397,win,6423536
26,2,148,Connect-4,54045,3,win,2,select_coverage,3.0,exact,24280,742405,24114.0,737463.0,21518,648996,win,9287128
26,2,148,Connect-4,54045,3,win,2,select_coverage,4.0,exact,31650,967584,31399.0,960148.0,27997,844437,win,12093468
26,2,148,Connect-4,54045,3,win,2,select_coverage_CBA_M1,,exact,7009,208124,6974.0,207111.0,6898,204501,win,2702136
26,3,5,Connect-4,54045,3,win,1,select_coverage,1.0,DAC,11282,343020,,,11239,341784,win,1507488
26,3,5,Connect-4,54045,3,win,1,select_coverage,1.0,exact,11282,343020,11239.0,341784.0,9918,296122,win,4283376
26,3,5,Connect-4,54045,3,win,1,select_coverage,2.0,DAC,22389,682139,,,22267,678579,win,2997248
26,3,5,Connect-4,54045,3,win,1,select_coverage,2.0,exact,22389,682139,22267.0,678579.0,19715,590609,win,8517876
26,3,5,Connect-4,54045,3,win,1,select_coverage,3.0,DAC,32592,993624,,,32390,987711,win,4365624
26,3,5,Connect-4,54045,3,win,1,select_coverage,3.0,exact,32592,993624,32390.0,987711.0,28616,857709,win,12392680
26,3,5,Connect-4,54045,3,win,1,select_coverage,4.0,DAC,42663,1301215,,,42358,1292272,win,5716840
26,3,5,Connect-4,54045,3,win,1,select_coverage,4.0,exact,42663,1301215,42358.0,1292272.0,37393,1121441,win,16215192
26,3,5,Connect-4,54045,3,win,1,select_coverage_CBA_M1,,DAC,9302,274549,,,9259,273313,draw,1209844
26,3,5,Connect-4,54045,3,win,1,select_coverage_CBA_M1,,exact,9302,274549,9259.0,273313.0,9056,266233,loss,3552692
26,3,5,Connect-4,54045,3,win,2,select_coverage,1.0,exact,11282,343020,11239.0,341784.0,9918,296122,win,4283376
26,3,5,Connect-4,54045,3,win,2,select_coverage,2.0,exact,22388,682105,22266.0,678545.0,19714,590575,win,8517436
26,3,5,Connect-4,54045,3,win,2,select_coverage,3.0,exact,32592,993624,32390.0,987711.0,28616,857709,win,12392680
26,3,5,Connect-4,54045,3,win,2,select_coverage,4.0,exact,42662,1301181,42357.0,1292238.0,37392,1121407,win,16214752
26,3,5,Connect-4,54045,3,win,2,select_coverage_CBA_M1,,exact,9302,274549,9259.0,273313.0,9056,266233,loss,3552692
26,3,14,Connect-4,54045,3,win,1,select_coverage,1.0,DAC,11206,340666,,,11178,339876,win,1497160
26,3,14,Connect-4,54045,3,win,1,select_coverage,1.0,exact,11206,340666,11178.0,339876.0,9884,295162,win,4260536
26,3,14,Connect-4,54045,3,win,1,select_coverage,2.0,DAC,22100,673373,,,22024,671177,win,2958716
26,3,14,Connect-4,54045,3,win,1,select_coverage,2.0,exact,22100,673373,22024.0,671177.0,19545,585724,win,8425888
26,3,14,Connect-4,54045,3,win,1,select_coverage,3.0,DAC,32377,986959,,,32230,982672,win,4336384
26,3,14,Connect-4,54045,3,win,1,select_coverage,3.0,exact,32377,986959,32230.0,982672.0,28589,857297,win,12339096
26,3,14,Connect-4,54045,3,win,1,select_coverage,4.0,DAC,42492,1295727,,,42253,1288675,win,5692836
26,3,14,Connect-4,54045,3,win,1,select_coverage,4.0,exact,42492,1295727,42253.0,1288675.0,37441,1123230,win,16182648
26,3,14,Connect-4,54045,3,win,1,select_coverage_CBA_M1,,DAC,9271,273786,,,9243,272996,draw,1206420
26,3,14,Connect-4,54045,3,win,1,select_coverage_CBA_M1,,exact,9271,273786,9243.0,272996.0,9053,266376,win,3548432
26,3,14,Connect-4,54045,3,win,2,select_coverage,1.0,exact,11206,340666,11178.0,339876.0,9884,295162,win,4260536
26,3,14,Connect-4,54045,3,win,2,select_coverage,2.0,exact,22100,673373,22024.0,671177.0,19545,585724,win,8425888
26,3,14,Connect-4,54045,3,win,2,select_coverage,3.0,exact,32377,986959,32230.0,982672.0,28589,857297,win,12339096
26,3,14,Connect-4,54045,3,win,2,select_coverage,4.0,exact,42492,1295727,42253.0,1288675.0,37441,1123230,win,16182648
26,3,14,Connect-4,54045,3,win,2,select_coverage_CBA_M1,,exact,9271,273786,9243.0,272996.0,9053,266376,win,3548432
26,3,17,Connect-4,54045,3,win,1,select_coverage,1.0,DAC,11307,344658,,,11262,343346,win,1514340
26,3,17,Connect-4,54045,3,win,1,select_coverage,1.0,exact,11307,344658,11262.0,343346.0,9918,296959,win,4300260
26,3,17,Connect-4,54045,3,win,1,select_coverage,2.0,DAC,22388,683967,,,22277,680733,win,3004548
26,3,17,Connect-4,54045,3,win,1,select_coverage,2.0,exact,22388,683967,22277.0,680733.0,19718,592595,win,8542068
26,3,17,Connect-4,54045,3,win,1,select_coverage,3.0,DAC,32706,999503,,,32519,994026,win,4390508
26,3,17,Connect-4,54045,3,win,1,select_coverage,3.0,exact,32706,999503,32519.0,994026.0,28735,863841,win,12470112
26,3,17,Connect-4,54045,3,win,1,select_coverage,4.0,DAC,42866,1310669,,,42585,1302458,win,5757092
26,3,17,Connect-4,54045,3,win,1,select_coverage,4.0,exact,42866,1310669,42585.0,1302458.0,37572,1130121,win,16335736
26,3,17,Connect-4,54045,3,win,1,select_coverage_CBA_M1,,DAC,9302,275329,,,9258,274054,draw,1212964
26,3,17,Connect-4,54045,3,win,1,select_coverage_CBA_M1,,exact,9302,275329,9258.0,274054.0,9031,266200,win,3558612
26,3,17,Connect-4,54045,3,win,2,select_coverage,1.0,exact,11307,344658,11262.0,343346.0,9918,296959,win,4300260
26,3,17,Connect-4,54045,3,win,2,select_coverage,2.0,exact,22388,683967,22277.0,680733.0,19718,592595,win,8542068
26,3,17,Connect-4,54045,3,win,2,select_coverage,3.0,exact,32706,999503,32519.0,994026.0,28735,863841,win,12470112
26,3,17,Connect-4,54045,3,win,2,select_coverage,4.0,exact,42866,1310669,42585.0,1302458.0,37572,1130121,win,16335736
26,3,17,Connect-4,54045,3,win,2,select_coverage_CBA_M1,,exact,9302,275329,9258.0,274054.0,9031,266200,win,3558612
26,3,19,Connect-4,54045,3,win,1,select_coverage,1.0,DAC,11280,343547,,,11245,342557,win,1509572
26,3,19,Connect-4,54045,3,win,1,select_coverage,1.0,exact,11280,343547,11245.0,342557.0,9919,296687,loss,4291028
26,3,19,Connect-4,54045,3,win,1,select_coverage,2.0,DAC,22273,679957,,,22166,676870,win,2987128
26,3,19,Connect-4,54045,3,win,1,select_coverage,2.0,exact,22273,679957,22166.0,676870.0,19652,590115,loss,8497104
26,3,19,Connect-4,54045,3,win,1,select_coverage,3.0,DAC,32553,993750,,,32357,988090,win,4365660
26,3,19,Connect-4,54045,3,win,1,select_coverage,3.0,exact,32553,993750,32357.0,988090.0,28606,858842,loss,12398176
26,3,19,Connect-4,54045,3,win,1,select_coverage,4.0,DAC,42775,1306159,,,42480,1297615,win,5737960
26,3,19,Connect-4,54045,3,win,1,select_coverage,4.0,exact,42775,1306159,42480.0,1297615.0,37540,1127545,loss,16284660
26,3,19,Connect-4,54045,3,win,1,select_coverage_CBA_M1,,DAC,8940,263807,,,8907,262881,draw,1162532
26,3,19,Connect-4,54045,3,win,1,select_coverage_CBA_M1,,exact,8940,263807,8907.0,262881.0,8686,255138,loss,3412352
26,3,19,Connect-4,54045,3,win,2,select_coverage,1.0,exact,11280,343547,11245.0,342557.0,9919,296687,loss,4291028
26,3,19,Connect-4,54045,3,win,2,select_coverage,2.0,exact,22273,679957,22166.0,676870.0,19652,590115,loss,8497104
26,3,19,Connect-4,54045,3,win,2,select_coverage,3.0,exact,32553,993750,32357.0,988090.0,28606,858842,loss,12398176
26,3,19,Connect-4,54045,3,win,2,select_coverage,4.0,exact,42775,1306159,42480.0,1297615.0,37540,1127545,loss,16284660
26,3,19,Connect-4,54045,3,win,2,select_coverage_CBA_M1,,exact,8940,263807,8907.0,262881.0,8686,255138,loss,3412352
26,3,29,Connect-4,54045,3,win,1,select_coverage,1.0,DAC,11357,345974,,,11318,344833,win,1520204
26,3,29,Connect-4,54045,3,win,1,select_coverage,1.0,exact,11357,345974,11318.0,344833.0,9998,299198,win,4322220
26,3,29,Connect-4,54045,3,win,1,select_coverage,2.0,DAC,22482,686876,,,22378,683852,win,3017312
26,3,29,Connect-4,54045,3,win,1,select_coverage,2.0,exact,22482,686876,22378.0,683852.0,19803,595032,loss,8579160
26,3,29,Connect-4,54045,3,win,1,select_coverage,3.0,DAC,32694,999094,,,32522,994090,win,4388728
26,3,29,Connect-4,54045,3,win,1,select_coverage,3.0,exact,32694,999094,32522.0,994090.0,28754,864347,loss,12470852
26,3,29,Connect-4,54045,3,win,1,select_coverage,4.0,DAC,42588,1301110,,,42326,1293487,win,5715520
26,3,29,Connect-4,54045,3,win,1,select_coverage,4.0,exact,42588,1301110,42326.0,1293487.0,37356,1122543,win,16223016
26,3,29,Connect-4,54045,3,win,1,select_coverage_CBA_M1,,DAC,9394,278040,,,9359,277038,draw,1224912
26,3,29,Connect-4,54045,3,win,1,select_coverage_CBA_M1,,exact,9394,278040,9359.0,277038.0,9150,269743,win,3598796
26,3,29,Connect-4,54045,3,win,2,select_coverage,1.0,exact,11357,345974,11318.0,344833.0,9998,299198,win,4322220
26,3,29,Connect-4,54045,3,win,2,select_coverage,2.0,exact,22482,686876,22378.0,683852.0,19803,595032,loss,8579160
26,3,29,Connect-4,54045,3,win,2,select_coverage,3.0,exact,32694,999094,32522.0,994090.0,28754,864347,loss,12470852
26,3,29,Connect-4,54045,3,win,2,select_coverage,4.0,exact,42588,1301112,42326.0,1293489.0,37356,1122545,win,16223040
26,3,29,Connect-4,54045,3,win,2,select_coverage_CBA_M1,,exact,9394,278040,9359.0,277038.0,9150,269743,win,3598796
26,3,31,Connect-4,54045,3,win,1,select_coverage,1.0,DAC,11254,342560,,,11217,341509,win,1505312
26,3,31,Connect-4,54045,3,win,1,select_coverage,1.0,exact,11254,342560,11217.0,341509.0,9929,297065,win,4283504
26,3,31,Connect-4,54045,3,win,1,select_coverage,2.0,DAC,22178,677042,,,22061,673723,win,2974328
26,3,31,Connect-4,54045,3,win,1,select_coverage,2.0,exact,22178,677042,22061.0,673723.0,19589,588564,win,8463292
26,3,31,Connect-4,54045,3,win,1,select_coverage,3.0,DAC,32524,993456,,,32322,987688,win,4364136
26,3,31,Connect-4,54045,3,win,1,select_coverage,3.0,exact,32524,993456,32322.0,987688.0,28656,861596,win,12405288
26,3,31,Connect-4,54045,3,win,1,select_coverage,4.0,DAC,42572,1300718,,,42250,1291450,win,5713760
26,3,31,Connect-4,54045,3,win,1,select_coverage,4.0,exact,42572,1300718,42250.0,1291450.0,37403,1124859,win,16220132
26,3,31,Connect-4,54045,3,win,1,select_coverage_CBA_M1,,DAC,9334,276283,,,9297,275232,draw,1217164
26,3,31,Connect-4,54045,3,win,1,select_coverage_CBA_M1,,exact,9334,276283,9297.0,275232.0,9094,268147,win,3576176
26,3,31,Connect-4,54045,3,win,2,select_coverage,1.0,exact,11254,342560,11217.0,341509.0,9929,297065,win,4283504
26,3,31,Connect-4,54045,3,win,2,select_coverage,2.0,exact,22178,677042,22061.0,673723.0,19589,588564,win,8463292
26,3,31,Connect-4,54045,3,win,2,select_coverage,3.0,exact,32524,993456,32322.0,987688.0,28656,861596,win,12405288
26,3,31,Connect-4,54045,3,win,2,select_coverage,4.0,exact,42573,1300751,42251.0,1291483.0,37404,1124892,win,16220560
26,3,31,Connect-4,54045,3,win,2,select_coverage_CBA_M1,,exact,9334,276283,9297.0,275232.0,9094,268147,win,3576176
26,3,34,Connect-4,54045,3,win,1,select_coverage,1.0,DAC,11293,343817,,,11252,342656,win,1510808
26,3,34,Connect-4,54045,3,win,1,select_coverage,1.0,exact,11293,343817,11252.0,342656.0,9908,296267,win,4291048
26,3,34,Connect-4,54045,3,win,1,select_coverage,2.0,DAC,22345,682096,,,22238,679075,win,2996548
26,3,34,Connect-4,54045,3,win,1,select_coverage,2.0,exact,22345,682096,22238.0,679075.0,19652,589849,win,8515720
26,3,34,Connect-4,54045,3,win,1,select_coverage,3.0,DAC,32647,997044,,,32458,991752,win,4379964
26,3,34,Connect-4,54045,3,win,1,select_coverage,3.0,exact,32647,997044,32458.0,991752.0,28674,861358,win,12439296
26,3,34,Connect-4,54045,3,win,1,select_coverage,4.0,DAC,42808,1307368,,,42520,1299238,win,5743192
26,3,34,Connect-4,54045,3,win,1,select_coverage,4.0,exact,42808,1307368,42520.0,1299238.0,37498,1126470,win,16292968
26,3,34,Connect-4,54045,3,win,1,select_coverage_CBA_M1,,DAC,9318,275528,,,9277,274367,draw,1213952
26,3,34,Connect-4,54045,3,win,1,select_coverage_CBA_M1,,exact,9318,275528,9277.0,274367.0,9064,266946,win,3564252
26,3,34,Connect-4,54045,3,win,2,select_coverage,1.0,exact,11293,343817,11252.0,342656.0,9908,296267,win,4291048
26,3,34,Connect-4,54045,3,win,2,select_coverage,2.0,exact,22345,682096,22238.0,679075.0,19652,589849,win,8515720
26,3,34,Connect-4,54045,3,win,2,select_coverage,3.0,exact,32647,997044,32458.0,991752.0,28674,861358,win,12439296
26,3,34,Connect-4,54045,3,win,2,select_coverage,4.0,exact,42808,1307368,42520.0,1299238.0,37498,1126470,win,16292968
26,3,34,Connect-4,54045,3,win,2,select_coverage_CBA_M1,,exact,9318,275528,9277.0,274367.0,9064,266946,win,3564252
26,3,42,Connect-4,54045,3,win,1,select_coverage,1.0,DAC,11252,342861,,,11224,342044,win,1506492
26,3,42,Connect-4,54045,3,win,1,select_coverage,1.0,exact,11252,342861,11224.0,342044.0,9910,296516,win,4284876
26,3,42,Connect-4,54045,3,win,1,select_coverage,2.0,DAC,22280,680241,,,22186,677464,win,2988348
26,3,42,Connect-4,54045,3,win,1,select_coverage,2.0,exact,22280,680241,22186.0,677464.0,19586,587636,win,8491340
26,3,42,Connect-4,54045,3,win,1,select_coverage,3.0,DAC,32607,995669,,,32435,990568,win,4373984
26,3,42,Connect-4,54045,3,win,1,select_coverage,3.0,exact,32607,995669,32435.0,990568.0,28631,859393,win,12420464
26,3,42,Connect-4,54045,3,win,1,select_coverage,4.0,DAC,42694,1303797,,,42443,1296393,win,5727540
26,3,42,Connect-4,54045,3,win,1,select_coverage,4.0,exact,42694,1303797,42443.0,1296393.0,37424,1123508,win,16252992
26,3,42,Connect-4,54045,3,win,1,select_coverage_CBA_M1,,DAC,9275,274406,,,9247,273589,draw,1208948
26,3,42,Connect-4,54045,3,win,1,select_coverage_CBA_M1,,exact,9275,274406,9247.0,273589.0,9047,266580,win,3554228
26,3,42,Connect-4,54045,3,win,2,select_coverage,1.0,exact,11252,342861,11224.0,342044.0,9910,296516,win,4284876
26,3,42,Connect-4,54045,3,win,2,select_coverage,2.0,exact,22280,680241,22186.0,677464.0,19586,587636,win,8491340
26,3,42,Connect-4,54045,3,win,2,select_coverage,3.0,exact,32607,995669,32435.0,990568.0,28631,859393,win,12420464
26,3,42,Connect-4,54045,3,win,2,select_coverage,4.0,exact,42694,1303797,42443.0,1296393.0,37424,1123508,win,16252992
26,3,42,Connect-4,54045,3,win,2,select_coverage_CBA_M1,,exact,9275,274406,9247.0,273589.0,9047,266580,win,3554228
26,3,49,Connect-4,54045,3,win,1,select_coverage,1.0,DAC,11289,344133,,,11254,343116,win,1512024
26,3,49,Connect-4,54045,3,win,1,select_coverage,1.0,exact,11289,344133,11254.0,343116.0,9966,298598,win,4303540
26,3,49,Connect-4,54045,3,win,1,select_coverage,2.0,DAC,22341,682607,,,22236,679536,win,2998544
26,3,49,Connect-4,54045,3,win,1,select_coverage,2.0,exact,22341,682607,22236.0,679536.0,19683,591495,win,8526128
26,3,49,Connect-4,54045,3,win,1,select_coverage,3.0,DAC,32647,997909,,,32454,992152,win,4383424
26,3,49,Connect-4,54045,3,win,1,select_coverage,3.0,exact,32647,997909,32454.0,992152.0,28655,861316,win,12444060
26,3,49,Connect-4,54045,3,win,1,select_coverage,4.0,DAC,42730,1306406,,,42457,1298291,win,5738408
26,3,49,Connect-4,54045,3,win,1,select_coverage,4.0,exact,42730,1306406,42457.0,1298291.0,37429,1125301,win,16278640
26,3,49,Connect-4,54045,3,win,1,select_coverage_CBA_M1,,DAC,9402,278884,,,9370,277969,draw,1228384
26,3,49,Connect-4,54045,3,win,1,select_coverage_CBA_M1,,exact,9402,278884,9370.0,277969.0,9149,270255,win,3608296
26,3,49,Connect-4,54045,3,win,2,select_coverage,1.0,exact,11289,344133,11254.0,343116.0,9966,298598,win,4303540
26,3,49,Connect-4,54045,3,win,2,select_coverage,2.0,exact,22341,682607,22236.0,679536.0,19683,591495,win,8526128
26,3,49,Connect-4,54045,3,win,2,select_coverage,3.0,exact,32647,997909,32454.0,992152.0,28655,861316,win,12444060
26,3,49,Connect-4,54045,3,win,2,select_coverage,4.0,exact,42730,1306406,42457.0,1298291.0,37429,1125301,win,16278640
26,3,49,Connect-4,54045,3,win,2,select_coverage_CBA_M1,,exact,9402,278884,9370.0,277969.0,9149,270255,win,3608296
26,3,63,Connect-4,54045,3,win,1,select_coverage,1.0,DAC,11287,344157,,,11253,343184,win,1512096
26,3,63,Connect-4,54045,3,win,1,select_coverage,1.0,exact,11287,344157,11253.0,343184.0,9931,297449,win,4299280
26,3,63,Connect-4,54045,3,win,1,select_coverage,2.0,DAC,22391,684241,,,22295,681506,win,3005680
26,3,63,Connect-4,54045,3,win,1,select_coverage,2.0,exact,22391,684241,22295.0,681506.0,19738,593179,win,8549168
26,3,63,Connect-4,54045,3,win,1,select_coverage,3.0,DAC,32611,997096,,,32426,991734,win,4379740
26,3,63,Connect-4,54045,3,win,1,select_coverage,3.0,exact,32611,997096,32426.0,991734.0,28655,861693,win,12439748
26,3,63,Connect-4,54045,3,win,1,select_coverage,4.0,DAC,42717,1305713,,,42429,1297350,win,5735480
26,3,63,Connect-4,54045,3,win,1,select_coverage,4.0,exact,42717,1305713,42429.0,1297350.0,37503,1127736,win,16280948
26,3,63,Connect-4,54045,3,win,1,select_coverage_CBA_M1,,DAC,9349,277019,,,9317,276116,draw,1220288
26,3,63,Connect-4,54045,3,win,1,select_coverage_CBA_M1,,exact,9349,277019,9317.0,276116.0,9101,268583,win,3585040
26,3,63,Connect-4,54045,3,win,2,select_coverage,1.0,exact,11287,344157,11253.0,343184.0,9931,297449,win,4299280
26,3,63,Connect-4,54045,3,win,2,select_coverage,2.0,exact,22391,684241,22295.0,681506.0,19738,593179,win,8549168
26,3,63,Connect-4,54045,3,win,2,select_coverage,3.0,exact,32611,997096,32426.0,991734.0,28655,861693,win,12439748
26,3,63,Connect-4,54045,3,win,2,select_coverage,4.0,exact,42715,1305647,42427.0,1297284.0,37501,1127670,win,16280092
26,3,63,Connect-4,54045,3,win,2,select_coverage_CBA_M1,,exact,9349,277019,9317.0,276116.0,9101,268583,win,3585040
26,3,64,Connect-4,54045,3,win,1,select_coverage,1.0,DAC,11274,343539,,,11238,342539,win,1509468
26,3,64,Connect-4,54045,3,win,1,select_coverage,1.0,exact,11274,343539,11238.0,342539.0,9919,297004,win,4291968
26,3,64,Connect-4,54045,3,win,1,select_coverage,2.0,DAC,22255,679254,,,22142,676088,win,2984100
26,3,64,Connect-4,54045,3,win,1,select_coverage,2.0,exact,22255,679254,22142.0,676088.0,19618,589116,win,8486400
26,3,64,Connect-4,54045,3,win,1,select_coverage,3.0,DAC,32463,990903,,,32280,985760,win,4353192
26,3,64,Connect-4,54045,3,win,1,select_coverage,3.0,exact,32463,990903,32280.0,985760.0,28545,857151,win,12368240
26,3,64,Connect-4,54045,3,win,1,select_coverage,4.0,DAC,42548,1298877,,,42259,1290673,win,5706108
26,3,64,Connect-4,54045,3,win,1,select_coverage,4.0,exact,42548,1298877,42259.0,1290673.0,37307,1120255,win,16191532
26,3,64,Connect-4,54045,3,win,1,select_coverage_CBA_M1,,DAC,9246,273349,,,9211,272385,draw,1204372
26,3,64,Connect-4,54045,3,win,1,select_coverage_CBA_M1,,exact,9246,273349,9211.0,272385.0,9033,266189,win,3542468
26,3,64,Connect-4,54045,3,win,2,select_coverage,1.0,exact,11274,343539,11238.0,342539.0,9919,297004,win,4291968
26,3,64,Connect-4,54045,3,win,2,select_coverage,2.0,exact,22255,679254,22142.0,676088.0,19618,589116,win,8486400
26,3,64,Connect-4,54045,3,win,2,select_coverage,3.0,exact,32463,990903,32280.0,985760.0,28545,857151,win,12368240
26,3,64,Connect-4,54045,3,win,2,select_coverage,4.0,exact,42548,1298877,42259.0,1290673.0,37307,1120255,win,16191532
26,3,64,Connect-4,54045,3,win,2,select_coverage_CBA_M1,,exact,9246,273349,9211.0,272385.0,9033,266189,win,3542468
26,3,65,Connect-4,54045,3,win,1,select_coverage,1.0,DAC,11326,344758,,,11289,343708,win,1514968
26,3,65,Connect-4,54045,3,win,1,select_coverage,1.0,exact,11326,344758,11289.0,343708.0,9987,298668,win,4309808
26,3,65,Connect-4,54045,3,win,1,select_coverage,2.0,DAC,22369,682652,,,22258,679453,win,2999060
26,3,65,Connect-4,54045,3,win,1,select_coverage,2.0,exact,22369,682652,22258.0,679453.0,19734,592385,win,8530240
26,3,65,Connect-4,54045,3,win,1,select_coverage,3.0,DAC,32622,995762,,,32428,990174,win,4374536
26,3,65,Connect-4,54045,3,win,1,select_coverage,3.0,exact,32622,995762,32428.0,990174.0,28724,862572,win,12431752
26,3,65,Connect-4,54045,3,win,1,select_coverage,4.0,DAC,42789,1306408,,,42499,1298037,win,5739124
26,3,65,Connect-4,54045,3,win,1,select_coverage,4.0,exact,42789,1306408,42499.0,1298037.0,37583,1128942,win,16293540
26,3,65,Connect-4,54045,3,win,1,select_coverage_CBA_M1,,DAC,9320,275364,,,9284,274348,draw,1213320
26,3,65,Connect-4,54045,3,win,1,select_coverage_CBA_M1,,exact,9320,275364,9284.0,274348.0,9094,267739,win,3566916
26,3,65,Connect-4,54045,3,win,2,select_coverage,1.0,exact,11326,344758,11289.0,343708.0,9987,298668,win,4309808
26,3,65,Connect-4,54045,3,win,2,select_coverage,2.0,exact,22369,682652,22258.0,679453.0,19734,592385,win,8530240
26,3,65,Connect-4,54045,3,win,2,select_coverage,3.0,exact,32622,995762,32428.0,990174.0,28724,862572,win,12431752
26,3,65,Connect-4,54045,3,win,2,select_coverage,4.0,exact,42791,1306479,42501.0,1298108.0,37585,1129013,win,16294456
26,3,65,Connect-4,54045,3,win,2,select_coverage_CBA_M1,,exact,9320,275364,9284.0,274348.0,9094,267739,win,3566916
26,3,68,Connect-4,54045,3,win,1,select_coverage,1.0,DAC,11282,343727,,,11250,342827,win,1510316
26,3,68,Connect-4,54045,3,win,1,select_coverage,1.0,exact,11282,343727,11250.0,342827.0,9903,296290,win,4291400
26,3,68,Connect-4,54045,3,win,1,select_coverage,2.0,DAC,22309,681533,,,22204,678547,win,2993864
26,3,68,Connect-4,54045,3,win,1,select_coverage,2.0,exact,22309,681533,22204.0,678547.0,19559,587335,win,8500212
26,3,68,Connect-4,54045,3,win,1,select_coverage,3.0,DAC,32514,993620,,,32345,988756,win,4364672
26,3,68,Connect-4,54045,3,win,1,select_coverage,3.0,exact,32514,993620,32345.0,988756.0,28448,854520,win,12382648
26,3,68,Connect-4,54045,3,win,1,select_coverage,4.0,DAC,42525,1299502,,,42258,1291751,win,5708332
26,3,68,Connect-4,54045,3,win,1,select_coverage,4.0,exact,42525,1299502,42258.0,1291751.0,37160,1116385,win,16182832
26,3,68,Connect-4,54045,3,win,1,select_coverage_CBA_M1,,DAC,9324,275965,,,9293,275100,draw,1215772
26,3,68,Connect-4,54045,3,win,1,select_coverage_CBA_M1,,exact,9324,275965,9293.0,275100.0,9054,266784,win,3568796
26,3,68,Connect-4,54045,3,win,2,select_coverage,1.0,exact,11282,343727,11250.0,342827.0,9903,296290,win,4291400
26,3,68,Connect-4,54045,3,win,2,select_coverage,2.0,exact,22309,681533,22204.0,678547.0,19559,587335,win,8500212
26,3,68,Connect-4,54045,3,win,2,select_coverage,3.0,exact,32514,993620,32345.0,988756.0,28448,854520,win,12382648
26,3,68,Connect-4,54045,3,win,2,select_coverage,4.0,exact,42525,1299502,42258.0,1291751.0,37160,1116385,win,16182832
26,3,68,Connect-4,54045,3,win,2,select_coverage_CBA_M1,,exact,9324,275965,9293.0,275100.0,9054,266784,win,3568796
26,3,74,Connect-4,54045,3,win,1,select_coverage,1.0,DAC,11266,343404,,,11230,342379,win,1508832
26,3,74,Connect-4,54045,3,win,1,select_coverage,1.0,exact,11266,343404,11230.0,342379.0,9879,295743,win,4285488
26,3,74,Connect-4,54045,3,win,1,select_coverage,2.0,DAC,22203,678472,,,22080,674943,win,2980348
26,3,74,Connect-4,54045,3,win,1,select_coverage,2.0,exact,22203,678472,22080.0,674943.0,19475,585200,win,8461044
26,3,74,Connect-4,54045,3,win,1,select_coverage,3.0,DAC,32540,994543,,,32344,988864,win,4368676
26,3,74,Connect-4,54045,3,win,1,select_coverage,3.0,exact,32540,994543,32344.0,988864.0,28506,856847,win,12396048
26,3,74,Connect-4,54045,3,win,1,select_coverage,4.0,DAC,42649,1303663,,,42329,1294338,win,5726464
26,3,74,Connect-4,54045,3,win,1,select_coverage,4.0,exact,42649,1303663,42329.0,1294338.0,37325,1122402,win,16236164
26,3,74,Connect-4,54045,3,win,1,select_coverage_CBA_M1,,DAC,9245,273660,,,9210,272670,draw,1205604
26,3,74,Connect-4,54045,3,win,1,select_coverage_CBA_M1,,exact,9245,273660,9210.0,272670.0,9022,266091,win,3544428
26,3,74,Connect-4,54045,3,win,2,select_coverage,1.0,exact,11267,343438,11231.0,342413.0,9880,295777,win,4285928
26,3,74,Connect-4,54045,3,win,2,select_coverage,2.0,exact,22203,678472,22080.0,674943.0,19475,585200,win,8461044
26,3,74,Connect-4,54045,3,win,2,select_coverage,3.0,exact,32540,994543,32344.0,988864.0,28506,856847,win,12396048
26,3,74,Connect-4,54045,3,win,2,select_coverage,4.0,exact,42649,1303663,42329.0,1294338.0,37325,1122402,win,16236164
26,3,74,Connect-4,54045,3,win,2,select_coverage_CBA_M1,,exact,9246,273694,9211.0,272704.0,9023,266125,win,3544868
26,3,76,Connect-4,54045,3,win,1,select_coverage,1.0,DAC,11341,345362,,,11304,344350,win,1517564
26,3,76,Connect-4,54045,3,win,1,select_coverage,1.0,exact,11341,345362,11304.0,344350.0,9937,297051,win,4308804
26,3,76,Connect-4,54045,3,win,1,select_coverage,2.0,DAC,22346,682050,,,22228,678686,win,2996376
26,3,76,Connect-4,54045,3,win,1,select_coverage,2.0,exact,22346,682050,22228.0,678686.0,19621,588675,win,8508964
26,3,76,Connect-4,54045,3,win,1,select_coverage,3.0,DAC,32735,999403,,,32540,993814,win,4390456
26,3,76,Connect-4,54045,3,win,1,select_coverage,3.0,exact,32735,999403,32540.0,993814.0,28723,862200,win,12462972
26,3,76,Connect-4,54045,3,win,1,select_coverage,4.0,DAC,42849,1308175,,,42542,1299455,win,5746912
26,3,76,Connect-4,54045,3,win,1,select_coverage,4.0,exact,42849,1308175,42542.0,1299455.0,37514,1126253,loss,16296900
26,3,76,Connect-4,54045,3,win,1,select_coverage_CBA_M1,,DAC,9387,277834,,,9351,276857,draw,1224004
26,3,76,Connect-4,54045,3,win,1,select_coverage_CBA_M1,,exact,9387,277834,9351.0,276857.0,9126,268997,win,3594008
26,3,76,Connect-4,54045,3,win,2,select_coverage,1.0,exact,11341,345362,11304.0,344350.0,9937,297051,win,4308804
26,3,76,Connect-4,54045,3,win,2,select_coverage,2.0,exact,22345,682019,22227.0,678655.0,19620,588644,win,8508560
26,3,76,Connect-4,54045,3,win,2,select_coverage,3.0,exact,32736,999438,32541.0,993849.0,28723,862200,win,12463284
26,3,76,Connect-4,54045,3,win,2,select_coverage,4.0,exact,42849,1308175,42542.0,1299455.0,37514,1126253,loss,16296900
26,3,76,Connect-4,54045,3,win,2,select_coverage_CBA_M1,,exact,9387,277834,9351.0,276857.0,9126,268997,win,3594008
26,3,100,Connect-4,54045,3,win,1,select_coverage,1.0,DAC,11287,343437,,,11244,342220,win,1509216
26,3,100,Connect-4,54045,3,win,1,select_coverage,1.0,exact,11287,343437,11244.0,342220.0,9929,296764,win,4289516
26,3,100,Connect-4,54045,3,win,1,select_coverage,2.0,DAC,22394,683177,,,22283,679995,win,3001460
26,3,100,Connect-4,54045,3,win,1,select_coverage,2.0,exact,22394,683177,22283.0,679995.0,19713,591318,win,8531040
26,3,100,Connect-4,54045,3,win,1,select_coverage,3.0,DAC,32599,994950,,,32422,989886,win,4371012
26,3,100,Connect-4,54045,3,win,1,select_coverage,3.0,exact,32599,994950,32422.0,989886.0,28646,859791,win,12416036
26,3,100,Connect-4,54045,3,win,1,select_coverage,4.0,DAC,42700,1303408,,,42417,1295287,win,5726056
26,3,100,Connect-4,54045,3,win,1,select_coverage,4.0,exact,42700,1303408,42417.0,1295287.0,37427,1123581,win,16246472
26,3,100,Connect-4,54045,3,win,1,select_coverage_CBA_M1,,DAC,9303,274890,,,9262,273743,draw,1211220
26,3,100,Connect-4,54045,3,win,1,select_coverage_CBA_M1,,exact,9303,274890,9262.0,273743.0,9056,266579,win,3557256
26,3,100,Connect-4,54045,3,win,2,select_coverage,1.0,exact,11287,343437,11244.0,342220.0,9929,296764,win,4289516
26,3,100,Connect-4,54045,3,win,2,select_coverage,2.0,exact,22394,683177,22283.0,679995.0,19713,591318,win,8531040
26,3,100,Connect-4,54045,3,win,2,select_coverage,3.0,exact,32599,994950,32422.0,989886.0,28646,859791,win,12416036
26,3,100,Connect-4,54045,3,win,2,select_coverage,4.0,exact,42700,1303408,42417.0,1295287.0,37427,1123581,win,16246472
26,3,100,Connect-4,54045,3,win,2,select_coverage_CBA_M1,,exact,9303,274890,9262.0,273743.0,9056,266579,win,3557256
26,3,114,Connect-4,54045,3,win,1,select_coverage,1.0,DAC,11252,342836,,,11223,342038,win,1506392
26,3,114,Connect-4,54045,3,win,1,select_coverage,1.0,exact,11252,342836,11223.0,342038.0,9938,297650,win,4289256
26,3,114,Connect-4,54045,3,win,1,select_coverage,2.0,DAC,22305,681152,,,22219,678679,win,2992292
26,3,114,Connect-4,54045,3,win,1,select_coverage,2.0,exact,22305,681152,22219.0,678679.0,19714,592371,win,8519840
26,3,114,Connect-4,54045,3,win,1,select_coverage,3.0,DAC,32684,998530,,,32508,993397,win,4386352
26,3,114,Connect-4,54045,3,win,1,select_coverage,3.0,exact,32684,998530,32508.0,993397.0,28800,865750,win,12470988
26,3,114,Connect-4,54045,3,win,1,select_coverage,4.0,DAC,42831,1308918,,,42551,1300727,win,5749668
26,3,114,Connect-4,54045,3,win,1,select_coverage,4.0,exact,42831,1308918,42551.0,1300727.0,37676,1133043,win,16332408
26,3,114,Connect-4,54045,3,win,1,select_coverage_CBA_M1,,DAC,9303,275478,,,9274,274680,draw,1213572
26,3,114,Connect-4,54045,3,win,1,select_coverage_CBA_M1,,exact,9303,275478,9274.0,274680.0,9087,268185,win,3570164
26,3,114,Connect-4,54045,3,win,2,select_coverage,1.0,exact,11252,342836,11223.0,342038.0,9938,297650,win,4289256
26,3,114,Connect-4,54045,3,win,2,select_coverage,2.0,exact,22305,681152,22219.0,678679.0,19714,592371,win,8519840
26,3,114,Connect-4,54045,3,win,2,select_coverage,3.0,exact,32683,998497,32507.0,993364.0,28799,865717,win,12470560
26,3,114,Connect-4,54045,3,win,2,select_coverage,4.0,exact,42831,1308918,42551.0,1300727.0,37676,1133043,win,16332408
26,3,114,Connect-4,54045,3,win,2,select_coverage_CBA_M1,,exact,9303,275478,9274.0,274680.0,9087,268185,win,3570164
26,3,133,Connect-4,54045,3,win,1,select_coverage,1.0,DAC,11206,341540,,,11170,340490,win,1500656
26,3,133,Connect-4,54045,3,win,1,select_coverage,1.0,exact,11206,341540,11170.0,340490.0,9833,294363,win,4263036
26,3,133,Connect-4,54045,3,win,1,select_coverage,2.0,DAC,22283,681151,,,22172,677893,win,2992024
26,3,133,Connect-4,54045,3,win,1,select_coverage,2.0,exact,22283,681151,22172.0,677893.0,19521,586556,win,8491928
26,3,133,Connect-4,54045,3,win,1,select_coverage,3.0,DAC,32551,995222,,,32382,990258,win,4371524
26,3,133,Connect-4,54045,3,win,1,select_coverage,3.0,exact,32551,995222,32382.0,990258.0,28469,855666,win,12400832
26,3,133,Connect-4,54045,3,win,1,select_coverage,4.0,DAC,42592,1302416,,,42335,1294963,win,5720792
26,3,133,Connect-4,54045,3,win,1,select_coverage,4.0,exact,42592,1302416,42335.0,1294963.0,37165,1117361,win,16213704
26,3,133,Connect-4,54045,3,win,1,select_coverage_CBA_M1,,DAC,9268,274617,,,9235,273671,draw,1209708
26,3,133,Connect-4,54045,3,win,1,select_coverage_CBA_M1,,exact,9268,274617,9235.0,273671.0,9008,265771,win,3551780
26,3,133,Connect-4,54045,3,win,2,select_coverage,1.0,exact,11206,341540,11170.0,340490.0,9833,294363,win,4263036
26,3,133,Connect-4,54045,3,win,2,select_coverage,2.0,exact,22283,681151,22172.0,677893.0,19521,586556,win,8491928
26,3,133,Connect-4,54045,3,win,2,select_coverage,3.0,exact,32551,995222,32382.0,990258.0,28469,855666,win,12400832
26,3,133,Connect-4,54045,3,win,2,select_coverage,4.0,exact,42591,1302384,42334.0,1294931.0,37164,1117329,win,16213288
26,3,133,Connect-4,54045,3,win,2,select_coverage_CBA_M1,,exact,9268,274617,9235.0,273671.0,9008,265771,win,3551780
26,3,138,Connect-4,54045,3,win,1,select_coverage,1.0,DAC,11354,345762,,,11320,344800,win,1519320
26,3,138,Connect-4,54045,3,win,1,select_coverage,1.0,exact,11354,345762,11320.0,344800.0,10053,300927,win,4328220
26,3,138,Connect-4,54045,3,win,1,select_coverage,2.0,DAC,22405,683731,,,22314,681117,win,3003808
26,3,138,Connect-4,54045,3,win,1,select_coverage,2.0,exact,22405,683731,22314.0,681117.0,19911,598094,win,8565840
26,3,138,Connect-4,54045,3,win,1,select_coverage,3.0,DAC,32783,1000977,,,32615,996108,win,4397328
26,3,138,Connect-4,54045,3,win,1,select_coverage,3.0,exact,32783,1000977,32615.0,996108.0,29000,871435,win,12517784
26,3,138,Connect-4,54045,3,win,1,select_coverage,4.0,DAC,42908,1310358,,,42648,1302867,win,5756352
26,3,138,Connect-4,54045,3,win,1,select_coverage,4.0,exact,42908,1310358,42648.0,1302867.0,37849,1137657,win,16368288
26,3,138,Connect-4,54045,3,win,1,select_coverage_CBA_M1,,DAC,9390,277808,,,9356,276846,draw,1223936
26,3,138,Connect-4,54045,3,win,1,select_coverage_CBA_M1,,exact,9390,277808,9356.0,276846.0,9171,270377,win,3599540
26,3,138,Connect-4,54045,3,win,2,select_coverage,1.0,exact,11354,345762,11320.0,344800.0,10053,300927,win,4328220
26,3,138,Connect-4,54045,3,win,2,select_coverage,2.0,exact,22405,683731,22314.0,681117.0,19911,598094,win,8565840
26,3,138,Connect-4,54045,3,win,2,select_coverage,3.0,exact,32783,1000977,32615.0,996108.0,29000,871435,win,12517784
26,3,138,Connect-4,54045,3,win,2,select_coverage,4.0,exact,42908,1310358,42648.0,1302867.0,37849,1137657,win,16368288
26,3,138,Connect-4,54045,3,win,2,select_coverage_CBA_M1,,exact,9390,277808,9356.0,276846.0,9171,270377,win,3599540
26,3,148,Connect-4,54045,3,win,1,select_coverage,1.0,DAC,11345,345872,,,11308,344782,win,1519652
26,3,148,Connect-4,54045,3,win,1,select_coverage,1.0,exact,11345,345872,11308.0,344782.0,10024,300386,win,4326040
26,3,148,Connect-4,54045,3,win,1,select_coverage,2.0,DAC,22367,683452,,,22251,680035,win,3002236
26,3,148,Connect-4,54045,3,win,1,select_coverage,2.0,exact,22367,683452,22251.0,680035.0,19765,594268,win,8543076
26,3,148,Connect-4,54045,3,win,1,select_coverage,3.0,DAC,32731,1000572,,,32550,995186,win,4395084
26,3,148,Connect-4,54045,3,win,1,select_coverage,3.0,exact,32731,1000572,32550.0,995186.0,28853,867860,win,12496096
26,3,148,Connect-4,54045,3,win,1,select_coverage,4.0,DAC,42854,1310176,,,42573,1301802,win,5754976
26,3,148,Connect-4,54045,3,win,1,select_coverage,4.0,exact,42854,1310176,42573.0,1301802.0,37698,1134090,win,16346632
26,3,148,Connect-4,54045,3,win,1,select_coverage_CBA_M1,,DAC,9347,276870,,,9310,275780,draw,1219668
26,3,148,Connect-4,54045,3,win,1,select_coverage_CBA_M1,,exact,9347,276870,9310.0,275780.0,9124,269275,win,3585644
26,3,148,Connect-4,54045,3,win,2,select_coverage,1.0,exact,11345,345872,11308.0,344782.0,10024,300386,win,4326040
26,3,148,Connect-4,54045,3,win,2,select_coverage,2.0,exact,22367,683452,22251.0,680035.0,19765,594268,win,8543076
26,3,148,Connect-4,54045,3,win,2,select_coverage,3.0,exact,32731,1000572,32550.0,995186.0,28853,867860,win,12496096
26,3,148,Connect-4,54045,3,win,2,select_coverage,4.0,exact,42854,1310176,42573.0,1301802.0,37698,1134090,win,16346632
26,3,148,Connect-4,54045,3,win,2,select_coverage_CBA_M1,,exact,9347,276870,9310.0,275780.0,9124,269275,win,3585644
26,4,5,Connect-4,54045,3,win,1,select_coverage,1.0,DAC,13207,401174,,,13168,400077,win,1763212
26,4,5,Connect-4,54045,3,win,1,select_coverage,1.0,exact,13207,401174,13168.0,400077.0,11508,342732,win,4997332
26,4,5,Connect-4,54045,3,win,1,select_coverage,2.0,DAC,26301,801400,,,26168,797637,win,3521244
26,4,5,Connect-4,54045,3,win,1,select_coverage,2.0,exact,26301,801400,26168.0,797637.0,22981,687556,win,9983772
26,4,5,Connect-4,54045,3,win,1,select_coverage,3.0,DAC,38606,1177694,,,38387,1171463,win,5174080
26,4,5,Connect-4,54045,3,win,1,select_coverage,3.0,exact,38606,1177694,38387.0,1171463.0,33693,1009469,win,14662912
26,4,5,Connect-4,54045,3,win,1,select_coverage,4.0,DAC,50873,1552718,,,50535,1543032,win,6821380
26,4,5,Connect-4,54045,3,win,1,select_coverage,4.0,exact,50873,1552718,50535.0,1543032.0,44353,1329960,win,19319984
26,4,5,Connect-4,54045,3,win,1,select_coverage_CBA_M1,,DAC,11943,357427,,,11905,356365,draw,1573056
26,4,5,Connect-4,54045,3,win,1,select_coverage_CBA_M1,,exact,11943,357427,11905.0,356365.0,11056,327034,win,4544288
26,4,5,Connect-4,54045,3,win,2,select_coverage,1.0,exact,13207,401174,13168.0,400077.0,11508,342732,win,4997332
26,4,5,Connect-4,54045,3,win,2,select_coverage,2.0,exact,26301,801400,26168.0,797637.0,22981,687556,win,9983772
26,4,5,Connect-4,54045,3,win,2,select_coverage,3.0,exact,38606,1177694,38387.0,1171463.0,33693,1009469,win,14662912
26,4,5,Connect-4,54045,3,win,2,select_coverage,4.0,exact,50873,1552718,50535.0,1543032.0,44353,1329960,win,19319984
26,4,5,Connect-4,54045,3,win,2,select_coverage_CBA_M1,,exact,11943,357427,11905.0,356365.0,11056,327034,win,4544288
26,4,14,Connect-4,54045,3,win,1,select_coverage,1.0,DAC,13379,406462,,,13353,405779,win,1786428
26,4,14,Connect-4,54045,3,win,1,select_coverage,1.0,exact,13379,406462,13353.0,405779.0,11707,348880,win,5071804
26,4,14,Connect-4,54045,3,win,1,select_coverage,2.0,DAC,26544,809118,,,26453,806583,win,3555032
26,4,14,Connect-4,54045,3,win,1,select_coverage,2.0,exact,26544,809118,26453.0,806583.0,23267,696468,loss,10095196
26,4,14,Connect-4,54045,3,win,1,select_coverage,3.0,DAC,38938,1188304,,,38768,1183566,win,5220504
26,4,14,Connect-4,54045,3,win,1,select_coverage,3.0,exact,38938,1188304,38767.0,1183531.0,34111,1022736,loss,14818852
26,4,14,Connect-4,54045,3,win,1,select_coverage,4.0,DAC,51294,1566566,,,51016,1558728,win,6881824
26,4,14,Connect-4,54045,3,win,1,select_coverage,4.0,exact,51294,1566566,51015.0,1558693.0,44879,1346929,loss,19521256
26,4,14,Connect-4,54045,3,win,1,select_coverage_CBA_M1,,DAC,12016,359256,,,11990,358573,draw,1581248
26,4,14,Connect-4,54045,3,win,1,select_coverage_CBA_M1,,exact,12016,359256,11990.0,358573.0,11167,330140,win,4575580
26,4,14,Connect-4,54045,3,win,2,select_coverage,1.0,exact,13379,406462,13353.0,405779.0,11707,348880,win,5071804
26,4,14,Connect-4,54045,3,win,2,select_coverage,2.0,exact,26544,809118,26453.0,806583.0,23267,696468,loss,10095196
26,4,14,Connect-4,54045,3,win,2,select_coverage,3.0,exact,38938,1188304,38767.0,1183531.0,34111,1022736,loss,14818852
26,4,14,Connect-4,54045,3,win,2,select_coverage,4.0,exact,51294,1566566,51015.0,1558693.0,44879,1346929,loss,19521256
26,4,14,Connect-4,54045,3,win,2,select_coverage_CBA_M1,,exact,12017,359290,11991.0,358607.0,11167,330140,win,4575884
26,4,17,Connect-4,54045,3,win,1,select_coverage,1.0,DAC,13406,407231,,,13368,406157,win,1789828
26,4,17,Connect-4,54045,3,win,1,select_coverage,1.0,exact,13406,407231,13368.0,406157.0,11649,346820,loss,5068632
26,4,17,Connect-4,54045,3,win,1,select_coverage,2.0,DAC,26655,812081,,,26551,809158,win,3568216
26,4,17,Connect-4,54045,3,win,1,select_coverage,2.0,exact,26655,812081,26551.0,809158.0,23292,696648,loss,10121204
26,4,17,Connect-4,54045,3,win,1,select_coverage,3.0,DAC,39156,1194367,,,38982,1189401,win,5247372
26,4,17,Connect-4,54045,3,win,1,select_coverage,3.0,exact,39156,1194367,38982.0,1189401.0,34268,1026747,loss,14889508
26,4,17,Connect-4,54045,3,win,1,select_coverage,4.0,DAC,51574,1574710,,,51305,1567035,win,6917760
26,4,17,Connect-4,54045,3,win,1,select_coverage,4.0,exact,51574,1574710,51305.0,1567035.0,45087,1352640,loss,19619324
26,4,17,Connect-4,54045,3,win,1,select_coverage_CBA_M1,,DAC,12147,363754,,,12110,362716,draw,1600812
26,4,17,Connect-4,54045,3,win,1,select_coverage_CBA_M1,,exact,12147,363754,12110.0,362716.0,11230,332303,draw,4622636
26,4,17,Connect-4,54045,3,win,2,select_coverage,1.0,exact,13406,407231,13368.0,406157.0,11649,346820,loss,5068632
26,4,17,Connect-4,54045,3,win,2,select_coverage,2.0,exact,26655,812081,26551.0,809158.0,23292,696648,loss,10121204
26,4,17,Connect-4,54045,3,win,2,select_coverage,3.0,exact,39156,1194367,38982.0,1189401.0,34268,1026747,loss,14889508
26,4,17,Connect-4,54045,3,win,2,select_coverage,4.0,exact,51574,1574710,51305.0,1567035.0,45087,1352640,loss,19619324
26,4,17,Connect-4,54045,3,win,2,select_coverage_CBA_M1,,exact,12147,363754,12110.0,362716.0,11230,332303,draw,4622636
26,4,19,Connect-4,54045,3,win,1,select_coverage,1.0,DAC,13217,402294,,,13190,401500,win,1767812
26,4,19,Connect-4,54045,3,win,1,select_coverage,1.0,exact,13217,402294,13190.0,401500.0,11562,345130,win,5017800
26,4,19,Connect-4,54045,3,win,1,select_coverage,2.0,DAC,26249,801627,,,26149,798748,win,3521528
26,4,19,Connect-4,54045,3,win,1,select_coverage,2.0,exact,26249,801627,26149.0,798748.0,23074,692323,loss,10007584
26,4,19,Connect-4,54045,3,win,1,select_coverage,3.0,DAC,38732,1183644,,,38559,1178589,win,5199392
26,4,19,Connect-4,54045,3,win,1,select_coverage,3.0,exact,38732,1183644,38559.0,1178589.0,34045,1022538,loss,14772996
26,4,19,Connect-4,54045,3,win,1,select_coverage,4.0,DAC,51107,1562865,,,50817,1554460,win,6864776
26,4,19,Connect-4,54045,3,win,1,select_coverage,4.0,exact,51107,1562865,50817.0,1554460.0,44832,1347764,loss,19486524
26,4,19,Connect-4,54045,3,win,1,select_coverage_CBA_M1,,DAC,11713,350919,,,11686,350125,draw,1544264
26,4,19,Connect-4,54045,3,win,1,select_coverage_CBA_M1,,exact,11713,350919,11686.0,350125.0,10853,321221,loss,4463036
26,4,19,Connect-4,54045,3,win,2,select_coverage,1.0,exact,13216,402262,13189.0,401468.0,11561,345098,win,5017384
26,4,19,Connect-4,54045,3,win,2,select_coverage,2.0,exact,26250,801661,26150.0,798782.0,23075,692357,loss,10008024
26,4,19,Connect-4,54045,3,win,2,select_coverage,3.0,exact,38732,1183644,38559.0,1178589.0,34045,1022538,loss,14772996
26,4,19,Connect-4,54045,3,win,2,select_coverage,4.0,exact,51107,1562865,50817.0,1554460.0,44832,1347764,loss,19486524
26,4,19,Connect-4,54045,3,win,2,select_coverage_CBA_M1,,exact,11724,351295,11697.0,350501.0,10862,321528,loss,4467624
26,4,29,Connect-4,54045,3,win,1,select_coverage,1.0,DAC,13414,407561,,,13380,406619,win,1791244
26,4,29,Connect-4,54045,3,win,1,select_coverage,1.0,exact,13414,407561,13380.0,406619.0,11723,349349,loss,5082300
26,4,29,Connect-4,54045,3,win,1,select_coverage,2.0,DAC,26655,813000,,,26549,809923,win,3571892
26,4,29,Connect-4,54045,3,win,1,select_coverage,2.0,exact,26655,813000,26549.0,809923.0,23359,699670,win,10139964
26,4,29,Connect-4,54045,3,win,1,select_coverage,3.0,DAC,39097,1193650,,,38904,1188008,win,5243796
26,4,29,Connect-4,54045,3,win,1,select_coverage,3.0,exact,39097,1193650,38904.0,1188008.0,34214,1026012,win,14875632
26,4,29,Connect-4,54045,3,win,1,select_coverage,4.0,DAC,51397,1570223,,,51100,1561523,win,6897688
26,4,29,Connect-4,54045,3,win,1,select_coverage,4.0,exact,51397,1570223,51100.0,1561523.0,44937,1348828,loss,19557520
26,4,29,Connect-4,54045,3,win,1,select_coverage_CBA_M1,,DAC,12132,363180,,,12098,362238,draw,1598336
26,4,29,Connect-4,54045,3,win,1,select_coverage_CBA_M1,,exact,12132,363180,12098.0,362238.0,11271,333656,loss,4623456
26,4,29,Connect-4,54045,3,win,2,select_coverage,1.0,exact,13414,407561,13380.0,406619.0,11723,349349,loss,5082300
26,4,29,Connect-4,54045,3,win,2,select_coverage,2.0,exact,26655,813000,26549.0,809923.0,23359,699670,win,10139964
26,4,29,Connect-4,54045,3,win,2,select_coverage,3.0,exact,39097,1193650,38904.0,1188008.0,34214,1026012,win,14875632
26,4,29,Connect-4,54045,3,win,2,select_coverage,4.0,exact,51397,1570223,51100.0,1561523.0,44937,1348828,loss,19557520
26,4,29,Connect-4,54045,3,win,2,select_coverage_CBA_M1,,exact,12132,363180,12098.0,362238.0,11271,333656,loss,4623456
26,4,31,Connect-4,54045,3,win,1,select_coverage,1.0,DAC,13227,402323,,,13186,401159,win,1768048
26,4,31,Connect-4,54045,3,win,1,select_coverage,1.0,exact,13227,402323,13186.0,401159.0,11556,344904,win,5015520
26,4,31,Connect-4,54045,3,win,1,select_coverage,2.0,DAC,26322,802865,,,26201,799390,win,3527356
26,4,31,Connect-4,54045,3,win,1,select_coverage,2.0,exact,26322,802865,26201.0,799390.0,23062,691057,win,10011704
26,4,31,Connect-4,54045,3,win,1,select_coverage,3.0,DAC,38752,1183302,,,38536,1177112,win,5198264
26,4,31,Connect-4,54045,3,win,1,select_coverage,3.0,exact,38752,1183302,38536.0,1177112.0,33928,1018115,win,14747292
26,4,31,Connect-4,54045,3,win,1,select_coverage,4.0,DAC,51129,1562289,,,50790,1552510,win,6862736
26,4,31,Connect-4,54045,3,win,1,select_coverage,4.0,exact,51129,1562289,50790.0,1552510.0,44730,1343619,win,19458976
26,4,31,Connect-4,54045,3,win,1,select_coverage_CBA_M1,,DAC,11866,355322,,,11825,354158,draw,1563712
26,4,31,Connect-4,54045,3,win,1,select_coverage_CBA_M1,,exact,11866,355322,11825.0,354158.0,11028,326621,draw,4522828
26,4,31,Connect-4,54045,3,win,2,select_coverage,1.0,exact,13227,402323,13186.0,401159.0,11556,344904,win,5015520
26,4,31,Connect-4,54045,3,win,2,select_coverage,2.0,exact,26322,802865,26201.0,799390.0,23062,691057,win,10011704
26,4,31,Connect-4,54045,3,win,2,select_coverage,3.0,exact,38752,1183302,38536.0,1177112.0,33928,1018115,win,14747292
26,4,31,Connect-4,54045,3,win,2,select_coverage,4.0,exact,51129,1562289,50790.0,1552510.0,44730,1343619,win,19458976
26,4,31,Connect-4,54045,3,win,2,select_coverage_CBA_M1,,exact,11866,355322,11825.0,354158.0,11028,326621,draw,4522828
26,4,34,Connect-4,54045,3,win,1,select_coverage,1.0,DAC,13236,402711,,,13196,401586,win,1769708
26,4,34,Connect-4,54045,3,win,1,select_coverage,1.0,exact,13236,402711,13196.0,401586.0,11533,344116,win,5015948
26,4,34,Connect-4,54045,3,win,1,select_coverage,2.0,DAC,26320,802607,,,26215,799641,win,3526300
26,4,34,Connect-4,54045,3,win,1,select_coverage,2.0,exact,26320,802607,26215.0,799641.0,23058,690554,win,10010112
26,4,34,Connect-4,54045,3,win,1,select_coverage,3.0,DAC,38774,1183740,,,38569,1177887,win,5200280
26,4,34,Connect-4,54045,3,win,1,select_coverage,3.0,exact,38774,1183740,38569.0,1177887.0,33988,1019729,win,14759656
26,4,34,Connect-4,54045,3,win,1,select_coverage,4.0,DAC,51017,1558585,,,50710,1549766,win,6846576
26,4,34,Connect-4,54045,3,win,1,select_coverage,4.0,exact,51017,1558585,50710.0,1549766.0,44658,1340937,loss,19419896
26,4,34,Connect-4,54045,3,win,1,select_coverage_CBA_M1,,DAC,11927,357380,,,11887,356255,draw,1572676
26,4,34,Connect-4,54045,3,win,1,select_coverage_CBA_M1,,exact,11927,357380,11887.0,356255.0,11051,327357,win,4544376
26,4,34,Connect-4,54045,3,win,2,select_coverage,1.0,exact,13236,402711,13196.0,401586.0,11533,344116,win,5015948
26,4,34,Connect-4,54045,3,win,2,select_coverage,2.0,exact,26320,802607,26215.0,799641.0,23058,690554,win,10010112
26,4,34,Connect-4,54045,3,win,2,select_coverage,3.0,exact,38774,1183740,38569.0,1177887.0,33988,1019729,win,14759656
26,4,34,Connect-4,54045,3,win,2,select_coverage,4.0,exact,51017,1558585,50710.0,1549766.0,44658,1340937,loss,19419896
26,4,34,Connect-4,54045,3,win,2,select_coverage_CBA_M1,,exact,11927,357380,11887.0,356255.0,11051,327357,win,4544376
26,4,42,Connect-4,54045,3,win,1,select_coverage,1.0,DAC,13296,404630,,,13257,403478,win,1778104
26,4,42,Connect-4,54045,3,win,1,select_coverage,1.0,exact,13296,404630,13257.0,403478.0,11602,346276,win,5041784
26,4,42,Connect-4,54045,3,win,1,select_coverage,2.0,DAC,26477,807919,,,26368,804794,win,3549432
26,4,42,Connect-4,54045,3,win,1,select_coverage,2.0,exact,26477,807919,26368.0,804794.0,23203,695480,win,10076572
26,4,42,Connect-4,54045,3,win,1,select_coverage,3.0,DAC,38786,1184593,,,38598,1179171,win,5203836
26,4,42,Connect-4,54045,3,win,1,select_coverage,3.0,exact,38786,1184593,38598.0,1179171.0,33961,1019108,win,14766648
26,4,42,Connect-4,54045,3,win,1,select_coverage,4.0,DAC,51086,1561134,,,50798,1552852,win,6857600
26,4,42,Connect-4,54045,3,win,1,select_coverage,4.0,exact,51086,1561134,50798.0,1552852.0,44727,1343489,win,19455460
26,4,42,Connect-4,54045,3,win,1,select_coverage_CBA_M1,,DAC,11710,350559,,,11674,349510,draw,1542788
26,4,42,Connect-4,54045,3,win,1,select_coverage_CBA_M1,,exact,11710,350559,11674.0,349510.0,10843,320676,win,4456572
26,4,42,Connect-4,54045,3,win,2,select_coverage,1.0,exact,13296,404630,13257.0,403478.0,11602,346276,win,5041784
26,4,42,Connect-4,54045,3,win,2,select_coverage,2.0,exact,26477,807919,26368.0,804794.0,23203,695480,win,10076572
26,4,42,Connect-4,54045,3,win,2,select_coverage,3.0,exact,38786,1184593,38598.0,1179171.0,33961,1019108,win,14766648
26,4,42,Connect-4,54045,3,win,2,select_coverage,4.0,exact,51086,1561134,50798.0,1552852.0,44727,1343489,win,19455460
26,4,42,Connect-4,54045,3,win,2,select_coverage_CBA_M1,,exact,11710,350559,11674.0,349510.0,10843,320676,win,4456572
26,4,49,Connect-4,54045,3,win,1,select_coverage,1.0,DAC,13322,405279,,,13285,404241,win,1781012
26,4,49,Connect-4,54045,3,win,1,select_coverage,1.0,exact,13322,405279,13284.0,404205.0,11619,346732,win,5049976
26,4,49,Connect-4,54045,3,win,1,select_coverage,2.0,DAC,26417,806186,,,26298,802765,win,3541780
26,4,49,Connect-4,54045,3,win,1,select_coverage,2.0,exact,26417,806186,26297.0,802729.0,23079,691667,win,10043856
26,4,49,Connect-4,54045,3,win,1,select_coverage,3.0,DAC,38952,1190014,,,38752,1184246,win,5227512
26,4,49,Connect-4,54045,3,win,1,select_coverage,3.0,exact,38952,1190014,38751.0,1184210.0,34036,1021603,win,14823364
26,4,49,Connect-4,54045,3,win,1,select_coverage,4.0,DAC,51278,1567433,,,50992,1559210,win,6885100
26,4,49,Connect-4,54045,3,win,1,select_coverage,4.0,exact,51278,1567433,50991.0,1559174.0,44824,1346657,win,19524792
26,4,49,Connect-4,54045,3,win,1,select_coverage_CBA_M1,,DAC,11575,346169,,,11540,345198,loss,1523608
26,4,49,Connect-4,54045,3,win,1,select_coverage_CBA_M1,,exact,11575,346169,11540.0,345198.0,10680,315417,win,4396440
26,4,49,Connect-4,54045,3,win,2,select_coverage,1.0,exact,13322,405279,13284.0,404205.0,11619,346732,win,5049976
26,4,49,Connect-4,54045,3,win,2,select_coverage,2.0,exact,26417,806186,26297.0,802729.0,23079,691667,win,10043856
26,4,49,Connect-4,54045,3,win,2,select_coverage,3.0,exact,38952,1190014,38751.0,1184210.0,34035,1021570,win,14823232
26,4,49,Connect-4,54045,3,win,2,select_coverage,4.0,exact,51278,1567433,50991.0,1559174.0,44824,1346657,win,19524792
26,4,49,Connect-4,54045,3,win,2,select_coverage_CBA_M1,,exact,11575,346169,11540.0,345198.0,10680,315417,win,4396440
26,4,63,Connect-4,54045,3,win,1,select_coverage,1.0,DAC,13257,402908,,,13215,401712,win,1770748
26,4,63,Connect-4,54045,3,win,1,select_coverage,1.0,exact,13257,402908,13215.0,401712.0,11494,342247,win,5010372
26,4,63,Connect-4,54045,3,win,1,select_coverage,2.0,DAC,26324,802377,,,26209,799143,win,3525428
26,4,63,Connect-4,54045,3,win,1,select_coverage,2.0,exact,26324,802377,26209.0,799143.0,22932,685952,win,9988600
26,4,63,Connect-4,54045,3,win,1,select_coverage,3.0,DAC,38814,1184418,,,38609,1178591,win,5203472
26,4,63,Connect-4,54045,3,win,1,select_coverage,3.0,exact,38814,1184418,38609.0,1178591.0,33831,1013704,win,14742364
26,4,63,Connect-4,54045,3,win,1,select_coverage,4.0,DAC,51121,1561046,,,50818,1552438,win,6857668
26,4,63,Connect-4,54045,3,win,1,select_coverage,4.0,exact,51121,1561046,50818.0,1552438.0,44504,1334715,win,19418996
26,4,63,Connect-4,54045,3,win,1,select_coverage_CBA_M1,,DAC,11946,357528,,,11904,356332,draw,1573496
26,4,63,Connect-4,54045,3,win,1,select_coverage_CBA_M1,,exact,11946,357528,11904.0,356332.0,11039,326444,win,4542168
26,4,63,Connect-4,54045,3,win,2,select_coverage,1.0,exact,13256,402876,13214.0,401680.0,11493,342215,win,5009956
26,4,63,Connect-4,54045,3,win,2,select_coverage,2.0,exact,26324,802377,26209.0,799143.0,22932,685952,win,9988600
26,4,63,Connect-4,54045,3,win,2,select_coverage,3.0,exact,38814,1184418,38609.0,1178591.0,33831,1013704,win,14742364
26,4,63,Connect-4,54045,3,win,2,select_coverage,4.0,exact,51121,1561046,50818.0,1552438.0,44504,1334715,win,19418996
26,4,63,Connect-4,54045,3,win,2,select_coverage_CBA_M1,,exact,11945,357496,11903.0,356300.0,11038,326412,win,4541752
26,4,64,Connect-4,54045,3,win,1,select_coverage,1.0,DAC,13267,403167,,,13233,402220,win,1771904
26,4,64,Connect-4,54045,3,win,1,select_coverage,1.0,exact,13267,403167,13233.0,402220.0,11576,344928,win,5024740
26,4,64,Connect-4,54045,3,win,1,select_coverage,2.0,DAC,26338,802659,,,26228,799573,win,3526724
26,4,64,Connect-4,54045,3,win,1,select_coverage,2.0,exact,26338,802659,26228.0,799573.0,23074,690591,win,10010612
26,4,64,Connect-4,54045,3,win,1,select_coverage,3.0,DAC,38737,1181675,,,38562,1176728,win,5191576
26,4,64,Connect-4,54045,3,win,1,select_coverage,3.0,exact,38737,1181675,38562.0,1176728.0,33919,1016361,win,14733064
26,4,64,Connect-4,54045,3,win,1,select_coverage,4.0,DAC,50985,1556191,,,50691,1547870,win,6836616
26,4,64,Connect-4,54045,3,win,1,select_coverage,4.0,exact,50985,1556191,50691.0,1547870.0,44582,1337030,loss,19386500
26,4,64,Connect-4,54045,3,win,1,select_coverage_CBA_M1,,DAC,11945,357339,,,11912,356427,draw,1572728
26,4,64,Connect-4,54045,3,win,1,select_coverage_CBA_M1,,exact,11945,357339,11912.0,356427.0,11100,328381,win,4549796
26,4,64,Connect-4,54045,3,win,2,select_coverage,1.0,exact,13267,403167,13233.0,402220.0,11576,344928,win,5024740
26,4,64,Connect-4,54045,3,win,2,select_coverage,2.0,exact,26338,802659,26228.0,799573.0,23074,690591,win,10010612
26,4,64,Connect-4,54045,3,win,2,select_coverage,3.0,exact,38737,1181675,38562.0,1176728.0,33919,1016361,win,14733064
26,4,64,Connect-4,54045,3,win,2,select_coverage,4.0,exact,50985,1556191,50691.0,1547870.0,44582,1337030,loss,19386500
26,4,64,Connect-4,54045,3,win,2,select_coverage_CBA_M1,,exact,11945,357339,11912.0,356427.0,11100,328381,win,4549796
26,4,65,Connect-4,54045,3,win,1,select_coverage,1.0,DAC,13207,400920,,,13168,399823,win,1762196
26,4,65,Connect-4,54045,3,win,1,select_coverage,1.0,exact,13207,400920,13168.0,399823.0,11485,341832,win,4991700
26,4,65,Connect-4,54045,3,win,1,select_coverage,2.0,DAC,26271,800121,,,26149,796669,win,3515768
26,4,65,Connect-4,54045,3,win,1,select_coverage,2.0,exact,26271,800121,26148.0,796635.0,22961,686717,win,9970652
26,4,65,Connect-4,54045,3,win,1,select_coverage,3.0,DAC,38699,1180178,,,38497,1174404,win,5185132
26,4,65,Connect-4,54045,3,win,1,select_coverage,3.0,exact,38699,1180178,38496.0,1174370.0,33852,1014243,win,14707060
26,4,65,Connect-4,54045,3,win,1,select_coverage,4.0,DAC,51113,1560555,,,50790,1551254,win,6855608
26,4,65,Connect-4,54045,3,win,1,select_coverage,4.0,exact,51113,1560555,50789.0,1551220.0,44667,1340180,win,19433092
26,4,65,Connect-4,54045,3,win,1,select_coverage_CBA_M1,,DAC,11697,349361,,,11659,348298,draw,1537840
26,4,65,Connect-4,54045,3,win,1,select_coverage_CBA_M1,,exact,11697,349361,11659.0,348298.0,10809,318994,win,4439724
26,4,65,Connect-4,54045,3,win,2,select_coverage,1.0,exact,13207,400920,13168.0,399823.0,11485,341832,win,4991700
26,4,65,Connect-4,54045,3,win,2,select_coverage,2.0,exact,26271,800121,26148.0,796635.0,22961,686717,win,9970652
26,4,65,Connect-4,54045,3,win,2,select_coverage,3.0,exact,38700,1180213,38497.0,1174405.0,33853,1014278,win,14707512
26,4,65,Connect-4,54045,3,win,2,select_coverage,4.0,exact,51113,1560555,50789.0,1551220.0,44667,1340180,win,19433092
26,4,65,Connect-4,54045,3,win,2,select_coverage_CBA_M1,,exact,11698,349395,11660.0,348332.0,10810,319028,win,4440164
26,4,68,Connect-4,54045,3,win,1,select_coverage,1.0,DAC,13273,403470,,,13237,402463,win,1773188
26,4,68,Connect-4,54045,3,win,1,select_coverage,1.0,exact,13273,403470,13237.0,402463.0,11516,343116,win,5019804
26,4,68,Connect-4,54045,3,win,1,select_coverage,2.0,DAC,26429,805701,,,26317,802520,win,3539984
26,4,68,Connect-4,54045,3,win,1,select_coverage,2.0,exact,26429,805701,26317.0,802520.0,23066,690417,loss,10036720
26,4,68,Connect-4,54045,3,win,1,select_coverage,3.0,DAC,38850,1185710,,,38668,1180518,win,5209072
26,4,68,Connect-4,54045,3,win,1,select_coverage,3.0,exact,38850,1185710,38668.0,1180518.0,33895,1015971,win,14766196
26,4,68,Connect-4,54045,3,win,1,select_coverage,4.0,DAC,51174,1562780,,,50900,1554924,win,6865240
26,4,68,Connect-4,54045,3,win,1,select_coverage,4.0,exact,51174,1562780,50900.0,1554924.0,44615,1338392,loss,19453208
26,4,68,Connect-4,54045,3,win,1,select_coverage_CBA_M1,,DAC,11960,358056,,,11924,357049,draw,1575776
26,4,68,Connect-4,54045,3,win,1,select_coverage_CBA_M1,,exact,11960,358056,11924.0,357049.0,11065,327409,win,4551648
26,4,68,Connect-4,54045,3,win,2,select_coverage,1.0,exact,13273,403470,13237.0,402463.0,11516,343116,win,5019804
26,4,68,Connect-4,54045,3,win,2,select_coverage,2.0,exact,26429,805701,26317.0,802520.0,23066,690417,loss,10036720
26,4,68,Connect-4,54045,3,win,2,select_coverage,3.0,exact,38848,1185646,38666.0,1180454.0,33894,1015939,win,14765492
26,4,68,Connect-4,54045,3,win,2,select_coverage,4.0,exact,51172,1562716,50898.0,1554860.0,44614,1338360,loss,19452504
26,4,68,Connect-4,54045,3,win,2,select_coverage_CBA_M1,,exact,11960,358056,11924.0,357049.0,11065,327409,win,4551648
26,4,74,Connect-4,54045,3,win,1,select_coverage,1.0,DAC,13259,403400,,,13221,402352,win,1772740
26,4,74,Connect-4,54045,3,win,1,select_coverage,1.0,exact,13259,403400,13221.0,402352.0,11498,342821,win,5017388
26,4,74,Connect-4,54045,3,win,1,select_coverage,2.0,DAC,26318,803035,,,26201,799753,win,3527988
26,4,74,Connect-4,54045,3,win,1,select_coverage,2.0,exact,26318,803035,26201.0,799753.0,22946,687320,win,9998888
26,4,74,Connect-4,54045,3,win,1,select_coverage,3.0,DAC,38710,1182317,,,38495,1176259,win,5193820
26,4,74,Connect-4,54045,3,win,1,select_coverage,3.0,exact,38710,1182317,38495.0,1176259.0,33689,1010404,win,14707784
26,4,74,Connect-4,54045,3,win,1,select_coverage,4.0,DAC,51054,1560381,,,50720,1550974,win,6854204
26,4,74,Connect-4,54045,3,win,1,select_coverage,4.0,exact,51054,1560381,50720.0,1550974.0,44444,1334559,win,19406720
26,4,74,Connect-4,54045,3,win,1,select_coverage_CBA_M1,,DAC,11934,357661,,,11896,356613,draw,1573884
26,4,74,Connect-4,54045,3,win,1,select_coverage_CBA_M1,,exact,11934,357661,11896.0,356613.0,11054,327403,draw,4547404
26,4,74,Connect-4,54045,3,win,2,select_coverage,1.0,exact,13259,403400,13221.0,402352.0,11498,342821,win,5017388
26,4,74,Connect-4,54045,3,win,2,select_coverage,2.0,exact,26318,803035,26201.0,799753.0,22946,687320,win,9998888
26,4,74,Connect-4,54045,3,win,2,select_coverage,3.0,exact,38710,1182317,38495.0,1176259.0,33689,1010404,win,14707784
26,4,74,Connect-4,54045,3,win,2,select_coverage,4.0,exact,51054,1560381,50720.0,1550974.0,44444,1334559,win,19406720
26,4,74,Connect-4,54045,3,win,2,select_coverage_CBA_M1,,exact,11942,357939,11904.0,356891.0,11062,327681,win,4550996
26,4,76,Connect-4,54045,3,win,1,select_coverage,1.0,DAC,13253,402140,,,13207,400879,win,1767628
26,4,76,Connect-4,54045,3,win,1,select_coverage,1.0,exact,13253,402140,13207.0,400879.0,11622,345985,win,5018664
26,4,76,Connect-4,54045,3,win,1,select_coverage,2.0,DAC,26487,806719,,,26359,803141,win,3544752
26,4,76,Connect-4,54045,3,win,1,select_coverage,2.0,exact,26487,806719,26359.0,803141.0,23256,695774,win,10066048
26,4,76,Connect-4,54045,3,win,1,select_coverage,3.0,DAC,39032,1190042,,,38814,1183925,win,5228584
26,4,76,Connect-4,54045,3,win,1,select_coverage,3.0,exact,39032,1190042,38814.0,1183925.0,34260,1026520,win,14844020
26,4,76,Connect-4,54045,3,win,1,select_coverage,4.0,DAC,51393,1568089,,,51041,1558145,win,6889104
26,4,76,Connect-4,54045,3,win,1,select_coverage,4.0,exact,51393,1568089,51040.0,1558112.0,45106,1353257,win,19551136
26,4,76,Connect-4,54045,3,win,1,select_coverage_CBA_M1,,DAC,11693,348950,,,11648,347721,draw,1536148
26,4,76,Connect-4,54045,3,win,1,select_coverage_CBA_M1,,exact,11693,348950,11648.0,347721.0,10855,320197,loss,4440232
26,4,76,Connect-4,54045,3,win,2,select_coverage,1.0,exact,13253,402140,13207.0,400879.0,11622,345985,win,5018664
26,4,76,Connect-4,54045,3,win,2,select_coverage,2.0,exact,26487,806719,26359.0,803141.0,23256,695774,win,10066048
26,4,76,Connect-4,54045,3,win,2,select_coverage,3.0,exact,39033,1190075,38815.0,1183958.0,34261,1026553,win,14844448
26,4,76,Connect-4,54045,3,win,2,select_coverage,4.0,exact,51393,1568089,51040.0,1558112.0,45106,1353257,win,19551136
26,4,76,Connect-4,54045,3,win,2,select_coverage_CBA_M1,,exact,11693,348950,11648.0,347721.0,10855,320197,loss,4440232
26,4,100,Connect-4,54045,3,win,1,select_coverage,1.0,DAC,13272,403010,,,13235,401956,win,1771336
26,4,100,Connect-4,54045,3,win,1,select_coverage,1.0,exact,13272,403010,13235.0,401956.0,11619,346139,win,5027964
26,4,100,Connect-4,54045,3,win,1,select_coverage,2.0,DAC,26547,808779,,,26438,805681,win,3553712
26,4,100,Connect-4,54045,3,win,1,select_coverage,2.0,exact,26547,808779,26438.0,805681.0,23258,695951,win,10087684
26,4,100,Connect-4,54045,3,win,1,select_coverage,3.0,DAC,38992,1189127,,,38794,1183416,win,5224444
26,4,100,Connect-4,54045,3,win,1,select_coverage,3.0,exact,38992,1189127,38794.0,1183416.0,34119,1022128,win,14820116
26,4,100,Connect-4,54045,3,win,1,select_coverage,4.0,DAC,51411,1568885,,,51112,1560260,win,6892504
26,4,100,Connect-4,54045,3,win,1,select_coverage,4.0,exact,51411,1568885,51112.0,1560260.0,44950,1347821,win,19543472
26,4,100,Connect-4,54045,3,win,1,select_coverage_CBA_M1,,DAC,11982,358529,,,11945,357475,draw,1577932
26,4,100,Connect-4,54045,3,win,1,select_coverage_CBA_M1,,exact,11982,358529,11945.0,357475.0,11123,329020,win,4562360
26,4,100,Connect-4,54045,3,win,2,select_coverage,1.0,exact,13272,403010,13235.0,401956.0,11619,346139,win,5027964
26,4,100,Connect-4,54045,3,win,2,select_coverage,2.0,exact,26547,808779,26438.0,805681.0,23258,695951,win,10087684
26,4,100,Connect-4,54045,3,win,2,select_coverage,3.0,exact,38992,1189127,38794.0,1183416.0,34119,1022128,win,14820116
26,4,100,Connect-4,54045,3,win,2,select_coverage,4.0,exact,51411,1568885,51112.0,1560260.0,44950,1347821,win,19543472
26,4,100,Connect-4,54045,3,win,2,select_coverage_CBA_M1,,exact,11982,358529,11945.0,357475.0,11123,329020,win,4562360
26,4,114,Connect-4,54045,3,win,1,select_coverage,1.0,DAC,13393,406768,,,13345,405437,win,1787820
26,4,114,Connect-4,54045,3,win,1,select_coverage,1.0,exact,13393,406768,13345.0,405437.0,11724,349455,win,5073704
26,4,114,Connect-4,54045,3,win,1,select_coverage,2.0,DAC,26578,809776,,,26442,805980,win,3558072
26,4,114,Connect-4,54045,3,win,1,select_coverage,2.0,exact,26578,809776,26442.0,805980.0,23349,699132,win,10105720
26,4,114,Connect-4,54045,3,win,1,select_coverage,3.0,DAC,39128,1193474,,,38913,1187446,win,5243464
26,4,114,Connect-4,54045,3,win,1,select_coverage,3.0,exact,39128,1193474,38913.0,1187446.0,34366,1030510,win,14890960
26,4,114,Connect-4,54045,3,win,1,select_coverage,4.0,DAC,51497,1571855,,,51157,1562309,win,6905416
26,4,114,Connect-4,54045,3,win,1,select_coverage,4.0,exact,51497,1571855,51157.0,1562309.0,45209,1357167,win,19602372
26,4,114,Connect-4,54045,3,win,1,select_coverage_CBA_M1,,DAC,12130,363101,,,12084,361840,draw,1597996
26,4,114,Connect-4,54045,3,win,1,select_coverage_CBA_M1,,exact,12130,363101,12084.0,361840.0,11282,334094,win,4622852
26,4,114,Connect-4,54045,3,win,2,select_coverage,1.0,exact,13393,406768,13345.0,405437.0,11724,349455,win,5073704
26,4,114,Connect-4,54045,3,win,2,select_coverage,2.0,exact,26578,809776,26442.0,805980.0,23349,699132,win,10105720
26,4,114,Connect-4,54045,3,win,2,select_coverage,3.0,exact,39128,1193474,38913.0,1187446.0,34366,1030510,win,14890960
26,4,114,Connect-4,54045,3,win,2,select_coverage,4.0,exact,51497,1571855,51157.0,1562309.0,45209,1357167,win,19602372
26,4,114,Connect-4,54045,3,win,2,select_coverage_CBA_M1,,exact,12133,363203,12087.0,361942.0,11284,334162,win,4624036
26,4,133,Connect-4,54045,3,win,1,select_coverage,1.0,DAC,13248,402598,,,13215,401630,win,1769400
26,4,133,Connect-4,54045,3,win,1,select_coverage,1.0,exact,13248,402598,13215.0,401630.0,11526,343341,loss,5013180
26,4,133,Connect-4,54045,3,win,1,select_coverage,2.0,DAC,26397,805172,,,26289,802043,win,3537484
26,4,133,Connect-4,54045,3,win,1,select_coverage,2.0,exact,26397,805172,26289.0,802043.0,23061,690626,loss,10032636
26,4,133,Connect-4,54045,3,win,1,select_coverage,3.0,DAC,38784,1184672,,,38609,1179634,win,5204128
26,4,133,Connect-4,54045,3,win,1,select_coverage,3.0,exact,38784,1184672,38609.0,1179634.0,33843,1015251,win,14753740
26,4,133,Connect-4,54045,3,win,1,select_coverage,4.0,DAC,51055,1560197,,,50776,1552169,win,6853480
26,4,133,Connect-4,54045,3,win,1,select_coverage,4.0,exact,51055,1560197,50776.0,1552169.0,44542,1337237,win,19423268
26,4,133,Connect-4,54045,3,win,1,select_coverage_CBA_M1,,DAC,11953,357823,,,11922,356925,draw,1574760
26,4,133,Connect-4,54045,3,win,1,select_coverage_CBA_M1,,exact,11953,357823,11922.0,356925.0,11092,328281,win,4553644
26,4,133,Connect-4,54045,3,win,2,select_coverage,1.0,exact,13248,402598,13215.0,401630.0,11526,343341,loss,5013180
26,4,133,Connect-4,54045,3,win,2,select_coverage,2.0,exact,26398,805205,26290.0,802076.0,23062,690659,loss,10033064
26,4,133,Connect-4,54045,3,win,2,select_coverage,3.0,exact,38784,1184672,38609.0,1179634.0,33843,1015251,win,14753740
26,4,133,Connect-4,54045,3,win,2,select_coverage,4.0,exact,51055,1560197,50776.0,1552169.0,44542,1337237,win,19423268
26,4,133,Connect-4,54045,3,win,2,select_coverage_CBA_M1,,exact,11953,357823,11922.0,356925.0,11092,328281,win,4553644
26,4,138,Connect-4,54045,3,win,1,select_coverage,1.0,DAC,13263,403270,,,13232,402380,win,1772268
26,4,138,Connect-4,54045,3,win,1,select_coverage,1.0,exact,13263,403270,13232.0,402380.0,11601,345892,win,5029616
26,4,138,Connect-4,54045,3,win,1,select_coverage,2.0,DAC,26375,804455,,,26284,801801,win,3534352
26,4,138,Connect-4,54045,3,win,1,select_coverage,2.0,exact,26375,804455,26284.0,801801.0,23150,693344,win,10039512
26,4,138,Connect-4,54045,3,win,1,select_coverage,3.0,DAC,38811,1184691,,,38648,1179978,win,5204528
26,4,138,Connect-4,54045,3,win,1,select_coverage,3.0,exact,38811,1184691,38648.0,1179978.0,34091,1022424,win,14785132
26,4,138,Connect-4,54045,3,win,1,select_coverage,4.0,DAC,51074,1560303,,,50810,1552650,win,6854132
26,4,138,Connect-4,54045,3,win,1,select_coverage,4.0,exact,51074,1560303,50809.0,1552617.0,44797,1345039,win,19457748
26,4,138,Connect-4,54045,3,win,1,select_coverage_CBA_M1,,DAC,11942,357538,,,11912,356682,draw,1573488
26,4,138,Connect-4,54045,3,win,1,select_coverage_CBA_M1,,exact,11942,357538,11912.0,356682.0,11116,329078,win,4554400
26,4,138,Connect-4,54045,3,win,2,select_coverage,1.0,exact,13263,403270,13232.0,402380.0,11601,345892,win,5029616
26,4,138,Connect-4,54045,3,win,2,select_coverage,2.0,exact,26375,804455,26284.0,801801.0,23150,693344,win,10039512
26,4,138,Connect-4,54045,3,win,2,select_coverage,3.0,exact,38811,1184691,38648.0,1179978.0,34091,1022424,win,14785132
26,4,138,Connect-4,54045,3,win,2,select_coverage,4.0,exact,51074,1560303,50809.0,1552617.0,44797,1345039,win,19457748
26,4,138,Connect-4,54045,3,win,2,select_coverage_CBA_M1,,exact,11942,357538,11912.0,356682.0,11116,329078,win,4554400
26,4,148,Connect-4,54045,3,win,1,select_coverage,1.0,DAC,13367,406147,,,13329,405034,win,1785024
26,4,148,Connect-4,54045,3,win,1,select_coverage,1.0,exact,13367,406147,13329.0,405034.0,11648,347003,win,5059288
26,4,148,Connect-4,54045,3,win,1,select_coverage,2.0,DAC,26592,810640,,,26485,807533,win,3561696
26,4,148,Connect-4,54045,3,win,1,select_coverage,2.0,exact,26592,810640,26485.0,807533.0,23287,697069,win,10108512
26,4,148,Connect-4,54045,3,win,1,select_coverage,3.0,DAC,39200,1196373,,,39015,1190955,win,5255924
26,4,148,Connect-4,54045,3,win,1,select_coverage,3.0,exact,39200,1196373,39015.0,1190955.0,34275,1027400,win,14907416
26,4,148,Connect-4,54045,3,win,1,select_coverage,4.0,DAC,51600,1575936,,,51321,1567791,win,6922976
26,4,148,Connect-4,54045,3,win,1,select_coverage,4.0,exact,51600,1575936,51321.0,1567791.0,45095,1353156,win,19629828
26,4,148,Connect-4,54045,3,win,1,select_coverage_CBA_M1,,DAC,11825,353501,,,11787,352388,draw,1555936
26,4,148,Connect-4,54045,3,win,1,select_coverage_CBA_M1,,exact,11825,353501,11787.0,352388.0,10965,324006,win,4496788
26,4,148,Connect-4,54045,3,win,2,select_coverage,1.0,exact,13367,406147,13329.0,405034.0,11648,347003,win,5059288
26,4,148,Connect-4,54045,3,win,2,select_coverage,2.0,exact,26592,810640,26485.0,807533.0,23287,697069,win,10108512
26,4,148,Connect-4,54045,3,win,2,select_coverage,3.0,exact,39200,1196373,39015.0,1190955.0,34275,1027400,win,14907416
26,4,148,Connect-4,54045,3,win,2,select_coverage,4.0,exact,51600,1575936,51321.0,1567791.0,45095,1353156,win,19629828
26,4,148,Connect-4,54045,3,win,2,select_coverage_CBA_M1,,exact,11825,353501,11787.0,352388.0,10965,324006,win,4496788
26,5,5,Connect-4,54045,3,win,1,select_coverage,1.0,DAC,14103,426378,,,14070,425482,loss,1874788
26,5,5,Connect-4,54045,3,win,1,select_coverage,1.0,exact,14103,426378,14069.0,425446.0,12048,355670,loss,5280208
26,5,5,Connect-4,54045,3,win,1,select_coverage,2.0,DAC,28279,858820,,,28170,855819,loss,3774668
26,5,5,Connect-4,54045,3,win,1,select_coverage,2.0,exact,28279,858820,28169.0,855783.0,24322,722567,loss,10650112
26,5,5,Connect-4,54045,3,win,1,select_coverage,3.0,DAC,41910,1275797,,,41703,1269996,loss,5606148
26,5,5,Connect-4,54045,3,win,1,select_coverage,3.0,exact,41910,1275797,41702.0,1269960.0,36020,1072889,loss,15809072
26,5,5,Connect-4,54045,3,win,1,select_coverage,4.0,DAC,55423,1689477,,,55102,1680449,loss,7423024
26,5,5,Connect-4,54045,3,win,1,select_coverage,4.0,exact,55423,1689477,55101.0,1680413.0,47704,1423821,loss,20938100
26,5,5,Connect-4,54045,3,win,1,select_coverage_CBA_M1,,DAC,13415,403362,,,13385,402562,loss,1774468
26,5,5,Connect-4,54045,3,win,1,select_coverage_CBA_M1,,exact,13415,403362,13384.0,402526.0,11665,343181,loss,5024588
26,5,5,Connect-4,54045,3,win,2,select_coverage,1.0,exact,14103,426378,14069.0,425446.0,12048,355670,loss,5280208
26,5,5,Connect-4,54045,3,win,2,select_coverage,2.0,exact,28279,858820,28169.0,855783.0,24322,722567,loss,10650112
26,5,5,Connect-4,54045,3,win,2,select_coverage,3.0,exact,41910,1275797,41702.0,1269960.0,36020,1072889,loss,15809072
26,5,5,Connect-4,54045,3,win,2,select_coverage,4.0,exact,55423,1689477,55101.0,1680413.0,47704,1423821,loss,20938100
26,5,5,Connect-4,54045,3,win,2,select_coverage_CBA_M1,,exact,13415,403362,13384.0,402526.0,11665,343181,loss,5024588
26,5,14,Connect-4,54045,3,win,1,select_coverage,1.0,DAC,14196,429549,,,14159,428527,loss,1888588
26,5,14,Connect-4,54045,3,win,1,select_coverage,1.0,exact,14196,429549,14159.0,428527.0,12128,358396,draw,5319000
26,5,14,Connect-4,54045,3,win,1,select_coverage,2.0,DAC,28308,860533,,,28193,857315,loss,3781868
26,5,14,Connect-4,54045,3,win,1,select_coverage,2.0,exact,28308,860533,28192.0,857280.0,24381,725218,loss,10674292
26,5,14,Connect-4,54045,3,win,1,select_coverage,3.0,DAC,41833,1274278,,,41619,1268230,loss,5599148
26,5,14,Connect-4,54045,3,win,1,select_coverage,3.0,exact,41833,1274278,41617.0,1268160.0,36031,1074383,loss,15799052
26,5,14,Connect-4,54045,3,win,1,select_coverage,4.0,DAC,55283,1686047,,,54946,1676570,loss,7407624
26,5,14,Connect-4,54045,3,win,1,select_coverage,4.0,exact,55283,1686047,54944.0,1676500.0,47623,1422417,loss,20898088
26,5,14,Connect-4,54045,3,win,1,select_coverage_CBA_M1,,DAC,13529,407243,,,13493,406250,loss,1791360
26,5,14,Connect-4,54045,3,win,1,select_coverage_CBA_M1,,exact,13529,407243,13493.0,406250.0,11768,346646,draw,5072356
26,5,14,Connect-4,54045,3,win,2,select_coverage,1.0,exact,14196,429549,14159.0,428527.0,12128,358396,draw,5319000
26,5,14,Connect-4,54045,3,win,2,select_coverage,2.0,exact,28308,860533,28192.0,857280.0,24381,725218,loss,10674292
26,5,14,Connect-4,54045,3,win,2,select_coverage,3.0,exact,41833,1274278,41617.0,1268160.0,36031,1074383,loss,15799052
26,5,14,Connect-4,54045,3,win,2,select_coverage,4.0,exact,55283,1686047,54944.0,1676500.0,47623,1422417,loss,20898088
26,5,14,Connect-4,54045,3,win,2,select_coverage_CBA_M1,,exact,13529,407243,13493.0,406250.0,11768,346646,draw,5072356
26,5,17,Connect-4,54045,3,win,1,select_coverage,1.0,DAC,14287,432655,,,14250,431627,loss,1902104
26,5,17,Connect-4,54045,3,win,1,select_coverage,1.0,exact,14287,432655,14250.0,431627.0,12177,360043,draw,5353324
26,5,17,Connect-4,54045,3,win,1,select_coverage,2.0,DAC,28529,867586,,,28405,864113,loss,3812732
26,5,17,Connect-4,54045,3,win,1,select_coverage,2.0,exact,28529,867586,28405.0,864113.0,24494,728656,loss,10750404
26,5,17,Connect-4,54045,3,win,1,select_coverage,3.0,DAC,42152,1284701,,,41930,1278425,loss,5644668
26,5,17,Connect-4,54045,3,win,1,select_coverage,3.0,exact,42152,1284701,41930.0,1278425.0,36194,1079645,win,15912868
26,5,17,Connect-4,54045,3,win,1,select_coverage,4.0,DAC,55628,1697424,,,55296,1688053,loss,7457272
26,5,17,Connect-4,54045,3,win,1,select_coverage,4.0,exact,55628,1697424,55295.0,1688019.0,47816,1428735,win,21026176
26,5,17,Connect-4,54045,3,win,1,select_coverage_CBA_M1,,DAC,13625,410420,,,13589,409423,loss,1805220
26,5,17,Connect-4,54045,3,win,1,select_coverage_CBA_M1,,exact,13625,410420,13589.0,409423.0,11828,348581,loss,5108568
26,5,17,Connect-4,54045,3,win,2,select_coverage,1.0,exact,14287,432655,14250.0,431627.0,12177,360043,draw,5353324
26,5,17,Connect-4,54045,3,win,2,select_coverage,2.0,exact,28529,867586,28405.0,864113.0,24494,728656,loss,10750404
26,5,17,Connect-4,54045,3,win,2,select_coverage,3.0,exact,42152,1284701,41930.0,1278425.0,36194,1079645,win,15912868
26,5,17,Connect-4,54045,3,win,2,select_coverage,4.0,exact,55628,1697424,55295.0,1688019.0,47816,1428735,win,21026176
26,5,17,Connect-4,54045,3,win,2,select_coverage_CBA_M1,,exact,13625,410420,13589.0,409423.0,11828,348581,loss,5108568
26,5,19,Connect-4,54045,3,win,1,select_coverage,1.0,DAC,14195,430049,,,14158,428991,loss,1890576
26,5,19,Connect-4,54045,3,win,1,select_coverage,1.0,exact,14195,430049,14158.0,428991.0,12172,360376,draw,5330744
26,5,19,Connect-4,54045,3,win,1,select_coverage,2.0,DAC,28514,867560,,,28398,864262,loss,3812448
26,5,19,Connect-4,54045,3,win,1,select_coverage,2.0,exact,28514,867560,28398.0,864262.0,24632,733818,loss,10771320
26,5,19,Connect-4,54045,3,win,1,select_coverage,3.0,DAC,42207,1286941,,,41993,1280844,loss,5654288
26,5,19,Connect-4,54045,3,win,1,select_coverage,3.0,exact,42207,1286941,41993.0,1280844.0,36475,1089509,loss,15972976
26,5,19,Connect-4,54045,3,win,1,select_coverage,4.0,DAC,55722,1701203,,,55387,1691623,loss,7473516
26,5,19,Connect-4,54045,3,win,1,select_coverage,4.0,exact,55722,1701203,55386.0,1691589.0,48097,1438747,loss,21098532
26,5,19,Connect-4,54045,3,win,1,select_coverage_CBA_M1,,DAC,13573,409209,,,13537,408183,loss,1799752
26,5,19,Connect-4,54045,3,win,1,select_coverage_CBA_M1,,exact,13573,409209,13537.0,408183.0,11845,349640,loss,5101336
26,5,19,Connect-4,54045,3,win,2,select_coverage,1.0,exact,14195,430049,14158.0,428991.0,12172,360376,draw,5330744
26,5,19,Connect-4,54045,3,win,2,select_coverage,2.0,exact,28514,867560,28398.0,864262.0,24632,733818,loss,10771320
26,5,19,Connect-4,54045,3,win,2,select_coverage,3.0,exact,42207,1286941,41993.0,1280844.0,36475,1089509,loss,15972976
26,5,19,Connect-4,54045,3,win,2,select_coverage,4.0,exact,55722,1701203,55386.0,1691589.0,48097,1438747,loss,21098532
26,5,19,Connect-4,54045,3,win,2,select_coverage_CBA_M1,,exact,13573,409209,13537.0,408183.0,11845,349640,loss,5101336
26,5,29,Connect-4,54045,3,win,1,select_coverage,1.0,DAC,14338,434377,,,14301,433337,loss,1909604
26,5,29,Connect-4,54045,3,win,1,select_coverage,1.0,exact,14338,434377,14300.0,433302.0,12250,362426,draw,5378044
26,5,29,Connect-4,54045,3,win,1,select_coverage,2.0,DAC,28549,868456,,,28431,865203,loss,3816452
26,5,29,Connect-4,54045,3,win,1,select_coverage,2.0,exact,28549,868456,28430.0,865168.0,24556,730874,win,10767776
26,5,29,Connect-4,54045,3,win,1,select_coverage,3.0,DAC,42232,1287336,,,42025,1281572,loss,5656168
26,5,29,Connect-4,54045,3,win,1,select_coverage,3.0,exact,42232,1287336,42024.0,1281537.0,36400,1086215,draw,15965144
26,5,29,Connect-4,54045,3,win,1,select_coverage,4.0,DAC,55758,1701915,,,55426,1692626,loss,7476796
26,5,29,Connect-4,54045,3,win,1,select_coverage,4.0,exact,55758,1701915,55425.0,1692591.0,48031,1435756,loss,21094672
26,5,29,Connect-4,54045,3,win,1,select_coverage_CBA_M1,,DAC,13671,412044,,,13635,411040,loss,1812268
26,5,29,Connect-4,54045,3,win,1,select_coverage_CBA_M1,,exact,13671,412044,13634.0,411005.0,11889,350599,loss,5130904
26,5,29,Connect-4,54045,3,win,2,select_coverage,1.0,exact,14338,434377,14300.0,433302.0,12250,362426,draw,5378044
26,5,29,Connect-4,54045,3,win,2,select_coverage,2.0,exact,28549,868456,28430.0,865168.0,24556,730874,win,10767776
26,5,29,Connect-4,54045,3,win,2,select_coverage,3.0,exact,42232,1287336,42024.0,1281537.0,36400,1086215,draw,15965144
26,5,29,Connect-4,54045,3,win,2,select_coverage,4.0,exact,55758,1701915,55425.0,1692591.0,48031,1435756,loss,21094672
26,5,29,Connect-4,54045,3,win,2,select_coverage_CBA_M1,,exact,13671,412044,13634.0,411005.0,11889,350599,loss,5130904
26,5,31,Connect-4,54045,3,win,1,select_coverage,1.0,DAC,14152,428537,,,14111,427404,loss,1884012
26,5,31,Connect-4,54045,3,win,1,select_coverage,1.0,exact,14152,428537,14111.0,427404.0,12111,358218,win,5308212
26,5,31,Connect-4,54045,3,win,1,select_coverage,2.0,DAC,28316,861228,,,28174,857246,loss,3784744
26,5,31,Connect-4,54045,3,win,1,select_coverage,2.0,exact,28316,861228,28173.0,857210.0,24341,724317,win,10672580
26,5,31,Connect-4,54045,3,win,1,select_coverage,3.0,DAC,41904,1276757,,,41671,1270148,loss,5609916
26,5,31,Connect-4,54045,3,win,1,select_coverage,3.0,exact,41904,1276757,41670.0,1270112.0,36025,1074145,win,15817520
26,5,31,Connect-4,54045,3,win,1,select_coverage,4.0,DAC,55406,1690189,,,55048,1679993,loss,7425668
26,5,31,Connect-4,54045,3,win,1,select_coverage,4.0,exact,55406,1690189,55047.0,1679957.0,47743,1426217,win,20946980
26,5,31,Connect-4,54045,3,win,1,select_coverage_CBA_M1,,DAC,13494,406475,,,13454,405373,loss,1787868
26,5,31,Connect-4,54045,3,win,1,select_coverage_CBA_M1,,exact,13494,406475,13454.0,405373.0,11772,347122,loss,5066432
26,5,31,Connect-4,54045,3,win,2,select_coverage,1.0,exact,14152,428537,14111.0,427404.0,12111,358218,win,5308212
26,5,31,Connect-4,54045,3,win,2,select_coverage,2.0,exact,28316,861228,28173.0,857210.0,24341,724317,win,10672580
26,5,31,Connect-4,54045,3,win,2,select_coverage,3.0,exact,41904,1276757,41670.0,1270112.0,36025,1074145,win,15817520
26,5,31,Connect-4,54045,3,win,2,select_coverage,4.0,exact,55406,1690189,55047.0,1679957.0,47743,1426217,win,20946980
26,5,31,Connect-4,54045,3,win,2,select_coverage_CBA_M1,,exact,13494,406475,13454.0,405373.0,11772,347122,loss,5066432
26,5,34,Connect-4,54045,3,win,1,select_coverage,1.0,DAC,14077,425661,,,14044,424782,loss,1871608
26,5,34,Connect-4,54045,3,win,1,select_coverage,1.0,exact,14077,425661,14044.0,424782.0,12051,355942,draw,5274972
26,5,34,Connect-4,54045,3,win,1,select_coverage,2.0,DAC,28218,857169,,,28113,854337,loss,3767332
26,5,34,Connect-4,54045,3,win,1,select_coverage,2.0,exact,28218,857169,28113.0,854337.0,24308,722495,loss,10635644
26,5,34,Connect-4,54045,3,win,1,select_coverage,3.0,DAC,41806,1272337,,,41602,1266710,loss,5591060
26,5,34,Connect-4,54045,3,win,1,select_coverage,3.0,exact,41806,1272337,41602.0,1266710.0,36096,1075763,win,15790528
26,5,34,Connect-4,54045,3,win,1,select_coverage,4.0,DAC,55239,1683553,,,54924,1674812,loss,7397120
26,5,34,Connect-4,54045,3,win,1,select_coverage,4.0,exact,55239,1683553,54924.0,1674812.0,47679,1423336,win,20884396
26,5,34,Connect-4,54045,3,win,1,select_coverage_CBA_M1,,DAC,13466,405171,,,13434,404321,loss,1782316
26,5,34,Connect-4,54045,3,win,1,select_coverage_CBA_M1,,exact,13466,405171,13434.0,404321.0,11718,345030,loss,5048000
26,5,34,Connect-4,54045,3,win,2,select_coverage,1.0,exact,14077,425661,14044.0,424782.0,12051,355942,draw,5274972
26,5,34,Connect-4,54045,3,win,2,select_coverage,2.0,exact,28218,857169,28113.0,854337.0,24308,722495,loss,10635644
26,5,34,Connect-4,54045,3,win,2,select_coverage,3.0,exact,41806,1272337,41602.0,1266710.0,36096,1075763,win,15790528
26,5,34,Connect-4,54045,3,win,2,select_coverage,4.0,exact,55239,1683553,54924.0,1674812.0,47679,1423336,win,20884396
26,5,34,Connect-4,54045,3,win,2,select_coverage_CBA_M1,,exact,13466,405171,13434.0,404321.0,11718,345030,loss,5048000
26,5,42,Connect-4,54045,3,win,1,select_coverage,1.0,DAC,14106,426907,,,14069,425908,loss,1876940
26,5,42,Connect-4,54045,3,win,1,select_coverage,1.0,exact,14106,426907,14068.0,425873.0,12090,357528,win,5291432
26,5,42,Connect-4,54045,3,win,1,select_coverage,2.0,DAC,28297,860159,,,28186,857089,loss,3780240
26,5,42,Connect-4,54045,3,win,1,select_coverage,2.0,exact,28297,860159,28185.0,857054.0,24400,725867,win,10674264
26,5,42,Connect-4,54045,3,win,1,select_coverage,3.0,DAC,41974,1278435,,,41757,1272299,loss,5617468
26,5,42,Connect-4,54045,3,win,1,select_coverage,3.0,exact,41974,1278435,41756.0,1272264.0,36233,1080646,loss,15861596
26,5,42,Connect-4,54045,3,win,1,select_coverage,4.0,DAC,55441,1690664,,,55111,1681329,loss,7427988
26,5,42,Connect-4,54045,3,win,1,select_coverage,4.0,exact,55441,1690664,55110.0,1681294.0,47867,1429914,loss,20971032
26,5,42,Connect-4,54045,3,win,1,select_coverage_CBA_M1,,DAC,13418,403819,,,13381,402820,loss,1776332
26,5,42,Connect-4,54045,3,win,1,select_coverage_CBA_M1,,exact,13418,403819,13380.0,402785.0,11754,346552,loss,5040808
26,5,42,Connect-4,54045,3,win,2,select_coverage,1.0,exact,14106,426907,14068.0,425873.0,12090,357528,win,5291432
26,5,42,Connect-4,54045,3,win,2,select_coverage,2.0,exact,28297,860159,28185.0,857054.0,24400,725867,win,10674264
26,5,42,Connect-4,54045,3,win,2,select_coverage,3.0,exact,41974,1278435,41756.0,1272264.0,36233,1080646,loss,15861596
26,5,42,Connect-4,54045,3,win,2,select_coverage,4.0,exact,55441,1690664,55110.0,1681294.0,47867,1429914,loss,20971032
26,5,42,Connect-4,54045,3,win,2,select_coverage_CBA_M1,,exact,13418,403819,13380.0,402785.0,11754,346552,loss,5040808
26,5,49,Connect-4,54045,3,win,1,select_coverage,1.0,DAC,14090,426770,,,14051,425643,loss,1876200
26,5,49,Connect-4,54045,3,win,1,select_coverage,1.0,exact,14090,426770,14051.0,425643.0,12035,356059,win,5283544
26,5,49,Connect-4,54045,3,win,1,select_coverage,2.0,DAC,28172,856889,,,28053,853480,loss,3765660
26,5,49,Connect-4,54045,3,win,1,select_coverage,2.0,exact,28172,856889,28053.0,853480.0,24177,719148,win,10615788
26,5,49,Connect-4,54045,3,win,1,select_coverage,3.0,DAC,41832,1275418,,,41622,1269363,loss,5603696
26,5,49,Connect-4,54045,3,win,1,select_coverage,3.0,exact,41832,1275418,41622.0,1269363.0,35956,1072740,win,15802012
26,5,49,Connect-4,54045,3,win,1,select_coverage,4.0,DAC,55331,1689331,,,55002,1679827,loss,7421336
26,5,49,Connect-4,54045,3,win,1,select_coverage,4.0,exact,55331,1689331,55002.0,1679827.0,47539,1420878,win,20920232
26,5,49,Connect-4,54045,3,win,1,select_coverage_CBA_M1,,DAC,13468,405920,,,13430,404824,loss,1785336
26,5,49,Connect-4,54045,3,win,1,select_coverage_CBA_M1,,exact,13468,405920,13430.0,404824.0,11696,344936,win,5052504
26,5,49,Connect-4,54045,3,win,2,select_coverage,1.0,exact,14090,426770,14051.0,425643.0,12035,356059,win,5283544
26,5,49,Connect-4,54045,3,win,2,select_coverage,2.0,exact,28172,856889,28053.0,853480.0,24177,719148,win,10615788
26,5,49,Connect-4,54045,3,win,2,select_coverage,3.0,exact,41832,1275418,41622.0,1269363.0,35956,1072740,win,15802012
26,5,49,Connect-4,54045,3,win,2,select_coverage,4.0,exact,55331,1689331,55002.0,1679827.0,47539,1420878,win,20920232
26,5,49,Connect-4,54045,3,win,2,select_coverage_CBA_M1,,exact,13468,405920,13430.0,404824.0,11696,344936,win,5052504
26,5,63,Connect-4,54045,3,win,1,select_coverage,1.0,DAC,14219,430536,,,14184,429575,loss,1892812
26,5,63,Connect-4,54045,3,win,1,select_coverage,1.0,exact,14219,430536,14184.0,429575.0,12158,359588,draw,5332708
26,5,63,Connect-4,54045,3,win,1,select_coverage,2.0,DAC,28407,863627,,,28294,860466,loss,3795432
26,5,63,Connect-4,54045,3,win,1,select_coverage,2.0,exact,28407,863627,28294.0,860466.0,24457,727605,loss,10712224
26,5,63,Connect-4,54045,3,win,1,select_coverage,3.0,DAC,41996,1279231,,,41791,1273360,loss,5620916
26,5,63,Connect-4,54045,3,win,1,select_coverage,3.0,exact,41996,1279231,41791.0,1273360.0,36179,1078728,loss,15862612
26,5,63,Connect-4,54045,3,win,1,select_coverage,4.0,DAC,55471,1691912,,,55136,1682385,loss,7433340
26,5,63,Connect-4,54045,3,win,1,select_coverage,4.0,exact,55471,1691912,55135.0,1682351.0,47822,1428583,loss,20975728
26,5,63,Connect-4,54045,3,win,1,select_coverage_CBA_M1,,DAC,13582,409203,,,13548,408276,loss,1799836
26,5,63,Connect-4,54045,3,win,1,select_coverage_CBA_M1,,exact,13582,409203,13548.0,408276.0,11823,348637,loss,5098024
26,5,63,Connect-4,54045,3,win,2,select_coverage,1.0,exact,14219,430536,14184.0,429575.0,12158,359588,draw,5332708
26,5,63,Connect-4,54045,3,win,2,select_coverage,2.0,exact,28407,863627,28294.0,860466.0,24457,727605,loss,10712224
26,5,63,Connect-4,54045,3,win,2,select_coverage,3.0,exact,41996,1279231,41791.0,1273360.0,36179,1078728,loss,15862612
26,5,63,Connect-4,54045,3,win,2,select_coverage,4.0,exact,55471,1691912,55135.0,1682351.0,47822,1428583,loss,20975728
26,5,63,Connect-4,54045,3,win,2,select_coverage_CBA_M1,,exact,13582,409203,13548.0,408276.0,11823,348637,loss,5098024
26,5,64,Connect-4,54045,3,win,1,select_coverage,1.0,DAC,14052,424977,,,14015,423967,loss,1868572
26,5,64,Connect-4,54045,3,win,1,select_coverage,1.0,exact,14052,424977,14015.0,423967.0,11993,354100,draw,5260680
26,5,64,Connect-4,54045,3,win,1,select_coverage,2.0,DAC,28187,855851,,,28079,852817,loss,3761688
26,5,64,Connect-4,54045,3,win,1,select_coverage,2.0,exact,28187,855851,28079.0,852817.0,24231,719460,draw,10611064
26,5,64,Connect-4,54045,3,win,1,select_coverage,3.0,DAC,41650,1267592,,,41448,1261870,loss,5570208
26,5,64,Connect-4,54045,3,win,1,select_coverage,3.0,exact,41650,1267592,41448.0,1261870.0,35857,1067966,draw,15716072
26,5,64,Connect-4,54045,3,win,1,select_coverage,4.0,DAC,55129,1680178,,,54811,1671103,loss,7382300
26,5,64,Connect-4,54045,3,win,1,select_coverage,4.0,exact,55129,1680178,54811.0,1671103.0,47514,1417920,loss,20830780
26,5,64,Connect-4,54045,3,win,1,select_coverage_CBA_M1,,DAC,13398,403013,,,13361,402003,loss,1772868
26,5,64,Connect-4,54045,3,win,1,select_coverage_CBA_M1,,exact,13398,403013,13361.0,402003.0,11636,342337,loss,5016988
26,5,64,Connect-4,54045,3,win,2,select_coverage,1.0,exact,14052,424977,14015.0,423967.0,11993,354100,draw,5260680
26,5,64,Connect-4,54045,3,win,2,select_coverage,2.0,exact,28187,855851,28079.0,852817.0,24231,719460,draw,10611064
26,5,64,Connect-4,54045,3,win,2,select_coverage,3.0,exact,41650,1267592,41448.0,1261870.0,35857,1067966,draw,15716072
26,5,64,Connect-4,54045,3,win,2,select_coverage,4.0,exact,55129,1680178,54811.0,1671103.0,47514,1417920,loss,20830780
26,5,64,Connect-4,54045,3,win,2,select_coverage_CBA_M1,,exact,13398,403013,13361.0,402003.0,11636,342337,loss,5016988
26,5,65,Connect-4,54045,3,win,1,select_coverage,1.0,DAC,13996,423763,,,13964,422904,loss,1863044
26,5,65,Connect-4,54045,3,win,1,select_coverage,1.0,exact,13996,423763,13964.0,422904.0,11996,354879,draw,5253056
26,5,65,Connect-4,54045,3,win,1,select_coverage,2.0,DAC,28082,853972,,,27975,850974,loss,3752912
26,5,65,Connect-4,54045,3,win,1,select_coverage,2.0,exact,28082,853972,27975.0,850974.0,24198,719976,loss,10594912
26,5,65,Connect-4,54045,3,win,1,select_coverage,3.0,DAC,41633,1268820,,,41465,1264108,loss,5574916
26,5,65,Connect-4,54045,3,win,1,select_coverage,3.0,exact,41633,1268820,41465.0,1264108.0,35886,1070431,win,15740340
26,5,65,Connect-4,54045,3,win,1,select_coverage,4.0,DAC,55075,1680315,,,54791,1672205,loss,7382200
26,5,65,Connect-4,54045,3,win,1,select_coverage,4.0,exact,55075,1680315,54791.0,1672205.0,47462,1417756,loss,20834440
26,5,65,Connect-4,54045,3,win,1,select_coverage_CBA_M1,,DAC,13324,401221,,,13292,400362,loss,1764812
26,5,65,Connect-4,54045,3,win,1,select_coverage_CBA_M1,,exact,13324,401221,13292.0,400362.0,11630,342886,draw,5003244
26,5,65,Connect-4,54045,3,win,2,select_coverage,1.0,exact,13996,423763,13964.0,422904.0,11996,354879,draw,5253056
26,5,65,Connect-4,54045,3,win,2,select_coverage,2.0,exact,28082,853972,27975.0,850974.0,24198,719976,loss,10594912
26,5,65,Connect-4,54045,3,win,2,select_coverage,3.0,exact,41634,1268853,41466.0,1264141.0,35886,1070431,win,15740636
26,5,65,Connect-4,54045,3,win,2,select_coverage,4.0,exact,55075,1680315,54791.0,1672205.0,47462,1417756,loss,20834440
26,5,65,Connect-4,54045,3,win,2,select_coverage_CBA_M1,,exact,13324,401221,13292.0,400362.0,11630,342886,draw,5003244
26,5,68,Connect-4,54045,3,win,1,select_coverage,1.0,DAC,14102,426746,,,14064,425684,loss,1876248
26,5,68,Connect-4,54045,3,win,1,select_coverage,1.0,exact,14102,426746,14064.0,425684.0,12029,355519,loss,5281868
26,5,68,Connect-4,54045,3,win,1,select_coverage,2.0,DAC,28336,860881,,,28211,857400,loss,3783596
26,5,68,Connect-4,54045,3,win,1,select_coverage,2.0,exact,28336,860881,28211.0,857400.0,24293,721844,loss,10663276
26,5,68,Connect-4,54045,3,win,1,select_coverage,3.0,DAC,41842,1274434,,,41632,1268529,loss,5599880
26,5,68,Connect-4,54045,3,win,1,select_coverage,3.0,exact,41842,1274434,41631.0,1268497.0,35870,1068969,loss,15779816
26,5,68,Connect-4,54045,3,win,1,select_coverage,4.0,DAC,55340,1688001,,,55021,1679051,loss,7416124
26,5,68,Connect-4,54045,3,win,1,select_coverage,4.0,exact,55340,1688001,55020.0,1679019.0,47501,1418480,win,20902664
26,5,68,Connect-4,54045,3,win,1,select_coverage_CBA_M1,,DAC,13444,404703,,,13406,403641,loss,1780180
26,5,68,Connect-4,54045,3,win,1,select_coverage_CBA_M1,,exact,13444,404703,13406.0,403641.0,11681,344098,loss,5038784
26,5,68,Connect-4,54045,3,win,2,select_coverage,1.0,exact,14102,426746,14064.0,425684.0,12029,355519,loss,5281868
26,5,68,Connect-4,54045,3,win,2,select_coverage,2.0,exact,28336,860881,28211.0,857400.0,24293,721844,loss,10663276
26,5,68,Connect-4,54045,3,win,2,select_coverage,3.0,exact,41842,1274434,41631.0,1268497.0,35870,1068969,loss,15779816
26,5,68,Connect-4,54045,3,win,2,select_coverage,4.0,exact,55340,1688001,55020.0,1679019.0,47501,1418480,win,20902664
26,5,68,Connect-4,54045,3,win,2,select_coverage_CBA_M1,,exact,13444,404703,13406.0,403641.0,11681,344098,loss,5038784
26,5,74,Connect-4,54045,3,win,1,select_coverage,1.0,DAC,14229,430876,,,14198,430021,loss,1894292
26,5,74,Connect-4,54045,3,win,1,select_coverage,1.0,exact,14229,430876,14198.0,430021.0,12211,361284,loss,5343084
26,5,74,Connect-4,54045,3,win,1,select_coverage,2.0,DAC,28300,860274,,,28196,857359,loss,3780736
26,5,74,Connect-4,54045,3,win,1,select_coverage,2.0,exact,28300,860274,28196.0,857359.0,24476,728434,win,10686564
26,5,74,Connect-4,54045,3,win,1,select_coverage,3.0,DAC,41755,1272033,,,41562,1266548,loss,5589232
26,5,74,Connect-4,54045,3,win,1,select_coverage,3.0,exact,41755,1272033,41562.0,1266548.0,36074,1076071,loss,15788616
26,5,74,Connect-4,54045,3,win,1,select_coverage,4.0,DAC,55321,1687722,,,55009,1678813,loss,7414780
26,5,74,Connect-4,54045,3,win,1,select_coverage,4.0,exact,55321,1687722,55009.0,1678813.0,47766,1427302,win,20935660
26,5,74,Connect-4,54045,3,win,1,select_coverage_CBA_M1,,DAC,13530,407584,,,13499,406729,loss,1792736
26,5,74,Connect-4,54045,3,win,1,select_coverage_CBA_M1,,exact,13530,407584,13499.0,406729.0,11824,348706,loss,5084068
26,5,74,Connect-4,54045,3,win,2,select_coverage,1.0,exact,14229,430876,14198.0,430021.0,12211,361284,loss,5343084
26,5,74,Connect-4,54045,3,win,2,select_coverage,2.0,exact,28300,860274,28196.0,857359.0,24476,728434,win,10686564
26,5,74,Connect-4,54045,3,win,2,select_coverage,3.0,exact,41755,1272033,41562.0,1266548.0,36074,1076071,loss,15788616
26,5,74,Connect-4,54045,3,win,2,select_coverage,4.0,exact,55321,1687722,55009.0,1678813.0,47766,1427302,win,20935660
26,5,74,Connect-4,54045,3,win,2,select_coverage_CBA_M1,,exact,13530,407584,13499.0,406729.0,11824,348706,loss,5084068
26,5,76,Connect-4,54045,3,win,1,select_coverage,1.0,DAC,13987,422826,,,13945,421666,loss,1859188
26,5,76,Connect-4,54045,3,win,1,select_coverage,1.0,exact,13987,422826,13945.0,421666.0,11967,353404,draw,5237848
26,5,76,Connect-4,54045,3,win,1,select_coverage,2.0,DAC,28082,852946,,,27969,849801,loss,3748808
26,5,76,Connect-4,54045,3,win,1,select_coverage,2.0,exact,28082,852946,27969.0,849801.0,24209,719653,win,10584632
26,5,76,Connect-4,54045,3,win,1,select_coverage,3.0,DAC,41609,1266595,,,41408,1260959,loss,5565728
26,5,76,Connect-4,54045,3,win,1,select_coverage,3.0,exact,41609,1266595,41408.0,1260959.0,35880,1069238,win,15712248
26,5,76,Connect-4,54045,3,win,1,select_coverage,4.0,DAC,55050,1678218,,,54741,1669505,loss,7373512
26,5,76,Connect-4,54045,3,win,1,select_coverage,4.0,exact,55050,1678218,54741.0,1669505.0,47456,1416804,win,20809844
26,5,76,Connect-4,54045,3,win,1,select_coverage_CBA_M1,,DAC,13364,401953,,,13323,400827,loss,1768220
26,5,76,Connect-4,54045,3,win,1,select_coverage_CBA_M1,,exact,13364,401953,13323.0,400827.0,11625,342189,loss,5006236
26,5,76,Connect-4,54045,3,win,2,select_coverage,1.0,exact,13987,422826,13945.0,421666.0,11967,353404,draw,5237848
26,5,76,Connect-4,54045,3,win,2,select_coverage,2.0,exact,28082,852946,27969.0,849801.0,24209,719653,win,10584632
26,5,76,Connect-4,54045,3,win,2,select_coverage,3.0,exact,41609,1266595,41408.0,1260959.0,35880,1069238,win,15712248
26,5,76,Connect-4,54045,3,win,2,select_coverage,4.0,exact,55050,1678218,54741.0,1669505.0,47456,1416804,win,20809844
26,5,76,Connect-4,54045,3,win,2,select_coverage_CBA_M1,,exact,13364,401953,13323.0,400827.0,11625,342189,loss,5006236
26,5,100,Connect-4,54045,3,win,1,select_coverage,1.0,DAC,14190,428860,,,14145,427639,loss,1885760
26,5,100,Connect-4,54045,3,win,1,select_coverage,1.0,exact,14190,428860,14145.0,427639.0,12149,358610,loss,5313100
26,5,100,Connect-4,54045,3,win,1,select_coverage,2.0,DAC,28555,867067,,,28428,863566,loss,3810968
26,5,100,Connect-4,54045,3,win,1,select_coverage,2.0,exact,28555,867067,28428.0,863566.0,24586,730239,win,10753208
26,5,100,Connect-4,54045,3,win,1,select_coverage,3.0,DAC,42239,1285007,,,42006,1278572,loss,5646936
26,5,100,Connect-4,54045,3,win,1,select_coverage,3.0,exact,42239,1285007,42006.0,1278572.0,36462,1085942,win,15942300
26,5,100,Connect-4,54045,3,win,1,select_coverage,4.0,DAC,55838,1700893,,,55476,1690831,loss,7473668
26,5,100,Connect-4,54045,3,win,1,select_coverage,4.0,exact,55838,1700893,55476.0,1690831.0,48264,1440285,win,21103292
26,5,100,Connect-4,54045,3,win,1,select_coverage_CBA_M1,,DAC,13544,407293,,,13499,406072,loss,1791740
26,5,100,Connect-4,54045,3,win,1,select_coverage_CBA_M1,,exact,13544,407293,13499.0,406072.0,11791,346928,loss,5073164
26,5,100,Connect-4,54045,3,win,2,select_coverage,1.0,exact,14190,428860,14145.0,427639.0,12149,358610,loss,5313100
26,5,100,Connect-4,54045,3,win,2,select_coverage,2.0,exact,28555,867067,28428.0,863566.0,24586,730239,win,10753208
26,5,100,Connect-4,54045,3,win,2,select_coverage,3.0,exact,42239,1285007,42006.0,1278572.0,36462,1085942,win,15942300
26,5,100,Connect-4,54045,3,win,2,select_coverage,4.0,exact,55838,1700893,55476.0,1690831.0,48264,1440285,win,21103292
26,5,100,Connect-4,54045,3,win,2,select_coverage_CBA_M1,,exact,13544,407293,13499.0,406072.0,11791,346928,loss,5073164
26,5,114,Connect-4,54045,3,win,1,select_coverage,1.0,DAC,14205,429625,,,14157,428306,loss,1889000
26,5,114,Connect-4,54045,3,win,1,select_coverage,1.0,exact,14205,429625,14157.0,428306.0,12139,358587,loss,5319120
26,5,114,Connect-4,54045,3,win,1,select_coverage,2.0,DAC,28320,860348,,,28189,856685,loss,3781272
26,5,114,Connect-4,54045,3,win,1,select_coverage,2.0,exact,28320,860348,28188.0,856650.0,24341,723437,win,10663780
26,5,114,Connect-4,54045,3,win,1,select_coverage,3.0,DAC,41988,1278513,,,41765,1272237,loss,5617948
26,5,114,Connect-4,54045,3,win,1,select_coverage,3.0,exact,41988,1278513,41764.0,1272202.0,36146,1077482,win,15849260
26,5,114,Connect-4,54045,3,win,1,select_coverage,4.0,DAC,55536,1693486,,,55181,1683416,loss,7440416
26,5,114,Connect-4,54045,3,win,1,select_coverage,4.0,exact,55536,1693486,55180.0,1683381.0,47822,1428270,win,20986332
26,5,114,Connect-4,54045,3,win,1,select_coverage_CBA_M1,,DAC,13546,407516,,,13499,406229,loss,1792656
26,5,114,Connect-4,54045,3,win,1,select_coverage_CBA_M1,,exact,13546,407516,13499.0,406229.0,11792,347243,loss,5075944
26,5,114,Connect-4,54045,3,win,2,select_coverage,1.0,exact,14205,429625,14157.0,428306.0,12139,358587,loss,5319120
26,5,114,Connect-4,54045,3,win,2,select_coverage,2.0,exact,28320,860348,28188.0,856650.0,24341,723437,win,10663780
26,5,114,Connect-4,54045,3,win,2,select_coverage,3.0,exact,41988,1278513,41764.0,1272202.0,36146,1077482,win,15849260
26,5,114,Connect-4,54045,3,win,2,select_coverage,4.0,exact,55536,1693486,55180.0,1683381.0,47822,1428270,win,20986332
26,5,114,Connect-4,54045,3,win,2,select_coverage_CBA_M1,,exact,13546,407516,13499.0,406229.0,11792,347243,loss,5075944
26,5,133,Connect-4,54045,3,win,1,select_coverage,1.0,DAC,14229,430690,,,14190,429620,loss,1893548
26,5,133,Connect-4,54045,3,win,1,select_coverage,1.0,exact,14229,430690,14190.0,429620.0,12210,361323,win,5340636
26,5,133,Connect-4,54045,3,win,1,select_coverage,2.0,DAC,28544,867997,,,28432,864929,loss,3814556
26,5,133,Connect-4,54045,3,win,1,select_coverage,2.0,exact,28544,867997,28432.0,864929.0,24580,731652,win,10768160
26,5,133,Connect-4,54045,3,win,1,select_coverage,3.0,DAC,42212,1286032,,,42004,1280197,loss,5650712
26,5,133,Connect-4,54045,3,win,1,select_coverage,3.0,exact,42212,1286032,42004.0,1280197.0,36410,1086392,win,15954636
26,5,133,Connect-4,54045,3,win,1,select_coverage,4.0,DAC,55794,1701859,,,55489,1693321,loss,7477004
26,5,133,Connect-4,54045,3,win,1,select_coverage,4.0,exact,55794,1701859,55489.0,1693321.0,48166,1439521,win,21114476
26,5,133,Connect-4,54045,3,win,1,select_coverage_CBA_M1,,DAC,13569,408538,,,13530,407468,loss,1797020
26,5,133,Connect-4,54045,3,win,1,select_coverage_CBA_M1,,exact,13569,408538,13530.0,407468.0,11844,349300,win,5094208
26,5,133,Connect-4,54045,3,win,2,select_coverage,1.0,exact,14229,430690,14190.0,429620.0,12210,361323,win,5340636
26,5,133,Connect-4,54045,3,win,2,select_coverage,2.0,exact,28544,867997,28432.0,864929.0,24580,731652,win,10768160
26,5,133,Connect-4,54045,3,win,2,select_coverage,3.0,exact,42212,1286032,42004.0,1280197.0,36410,1086392,win,15954636
26,5,133,Connect-4,54045,3,win,2,select_coverage,4.0,exact,55794,1701859,55489.0,1693321.0,48166,1439521,win,21114476
26,5,133,Connect-4,54045,3,win,2,select_coverage_CBA_M1,,exact,13569,408538,13530.0,407468.0,11844,349300,win,5094208
26,5,138,Connect-4,54045,3,win,1,select_coverage,1.0,DAC,14210,430230,,,14178,429321,loss,1891480
26,5,138,Connect-4,54045,3,win,1,select_coverage,1.0,exact,14210,430230,14178.0,429321.0,12175,360145,loss,5332504
26,5,138,Connect-4,54045,3,win,1,select_coverage,2.0,DAC,28504,866762,,,28398,863734,loss,3809136
26,5,138,Connect-4,54045,3,win,1,select_coverage,2.0,exact,28504,866762,28398.0,863734.0,24604,732285,win,10759884
26,5,138,Connect-4,54045,3,win,1,select_coverage,3.0,DAC,42063,1282134,,,41858,1276237,loss,5633332
26,5,138,Connect-4,54045,3,win,1,select_coverage,3.0,exact,42063,1282134,41858.0,1276237.0,36322,1084178,win,15909676
26,5,138,Connect-4,54045,3,win,1,select_coverage,4.0,DAC,55506,1694186,,,55184,1684887,loss,7442856
26,5,138,Connect-4,54045,3,win,1,select_coverage,4.0,exact,55506,1694186,55184.0,1684887.0,47984,1434988,win,21022156
26,5,138,Connect-4,54045,3,win,1,select_coverage_CBA_M1,,DAC,13526,407414,,,13495,406538,loss,1792008
26,5,138,Connect-4,54045,3,win,1,select_coverage_CBA_M1,,exact,13526,407414,13495.0,406538.0,11804,348074,loss,5079968
26,5,138,Connect-4,54045,3,win,2,select_coverage,1.0,exact,14210,430230,14178.0,429321.0,12175,360145,loss,5332504
26,5,138,Connect-4,54045,3,win,2,select_coverage,2.0,exact,28504,866762,28398.0,863734.0,24604,732285,win,10759884
26,5,138,Connect-4,54045,3,win,2,select_coverage,3.0,exact,42063,1282134,41858.0,1276237.0,36322,1084178,win,15909676
26,5,138,Connect-4,54045,3,win,2,select_coverage,4.0,exact,55506,1694186,55184.0,1684887.0,47984,1434988,win,21022156
26,5,138,Connect-4,54045,3,win,2,select_coverage_CBA_M1,,exact,13526,407414,13495.0,406538.0,11804,348074,loss,5079968
26,5,148,Connect-4,54045,3,win,1,select_coverage,1.0,DAC,14120,427360,,,14092,426563,loss,1878920
26,5,148,Connect-4,54045,3,win,1,select_coverage,1.0,exact,14120,427360,14092.0,426563.0,12124,358648,win,5301252
26,5,148,Connect-4,54045,3,win,1,select_coverage,2.0,DAC,28368,862560,,,28263,859578,loss,3790696
26,5,148,Connect-4,54045,3,win,1,select_coverage,2.0,exact,28368,862560,28263.0,859578.0,24449,727693,win,10703764
26,5,148,Connect-4,54045,3,win,1,select_coverage,3.0,DAC,42045,1281636,,,41865,1276518,loss,5631124
26,5,148,Connect-4,54045,3,win,1,select_coverage,3.0,exact,42045,1281636,41865.0,1276518.0,36254,1082129,loss,15900836
26,5,148,Connect-4,54045,3,win,1,select_coverage,4.0,DAC,55601,1697056,,,55299,1688391,loss,7455476
26,5,148,Connect-4,54045,3,win,1,select_coverage,4.0,exact,55601,1697056,55299.0,1688391.0,47973,1434504,win,21049396
26,5,148,Connect-4,54045,3,win,1,select_coverage_CBA_M1,,DAC,13468,405454,,,13440,404657,loss,1783472
26,5,148,Connect-4,54045,3,win,1,select_coverage_CBA_M1,,exact,13468,405454,13440.0,404657.0,11773,347133,draw,5059080
26,5,148,Connect-4,54045,3,win,2,select_coverage,1.0,exact,14120,427360,14092.0,426563.0,12124,358648,win,5301252
26,5,148,Connect-4,54045,3,win,2,select_coverage,2.0,exact,28368,862560,28263.0,859578.0,24449,727693,win,10703764
26,5,148,Connect-4,54045,3,win,2,select_coverage,3.0,exact,42045,1281636,41865.0,1276518.0,36254,1082129,loss,15900836
26,5,148,Connect-4,54045,3,win,2,select_coverage,4.0,exact,55601,1697056,55299.0,1688391.0,47973,1434504,win,21049396
26,5,148,Connect-4,54045,3,win,2,select_coverage_CBA_M1,,exact,13468,405454,13440.0,404657.0,11773,347133,draw,5059080
26,6,5,Connect-4,54045,3,win,1,select_coverage,1.0,DAC,14682,440597,,,14647,439694,loss,1938620
26,6,5,Connect-4,54045,3,win,1,select_coverage,1.0,exact,14682,440597,14647.0,439694.0,12363,361649,loss,5436488
26,6,5,Connect-4,54045,3,win,1,select_coverage,2.0,DAC,29477,889025,,,29345,885472,loss,3909872
26,6,5,Connect-4,54045,3,win,1,select_coverage,2.0,exact,29477,889025,29344.0,885437.0,24906,733151,loss,10969484
26,6,5,Connect-4,54045,3,win,1,select_coverage,3.0,DAC,43720,1321749,,,43478,1315068,loss,5811684
26,6,5,Connect-4,54045,3,win,1,select_coverage,3.0,exact,43720,1321749,43477.0,1315033.0,36996,1092416,loss,16308080
26,6,5,Connect-4,54045,3,win,1,select_coverage,4.0,DAC,57912,1753738,,,57533,1743212,loss,7709944
26,6,5,Connect-4,54045,3,win,1,select_coverage,4.0,exact,57912,1753738,57532.0,1743177.0,49020,1450716,win,21631572
26,6,5,Connect-4,54045,3,win,1,select_coverage_CBA_M1,,DAC,13419,397012,,,13385,396139,draw,1749124
26,6,5,Connect-4,54045,3,win,1,select_coverage_CBA_M1,,exact,13419,397012,13385.0,396139.0,11856,344261,draw,4977992
26,6,5,Connect-4,54045,3,win,2,select_coverage,1.0,exact,14682,440597,14647.0,439694.0,12363,361649,loss,5436488
26,6,5,Connect-4,54045,3,win,2,select_coverage,2.0,exact,29477,889025,29344.0,885437.0,24906,733151,loss,10969484
26,6,5,Connect-4,54045,3,win,2,select_coverage,3.0,exact,43720,1321749,43477.0,1315033.0,36996,1092416,loss,16308080
26,6,5,Connect-4,54045,3,win,2,select_coverage,4.0,exact,57912,1753738,57532.0,1743177.0,49020,1450716,win,21631572
26,6,5,Connect-4,54045,3,win,2,select_coverage_CBA_M1,,exact,14193,424096,14159.0,423223.0,12150,354594,loss,5260764
26,6,14,Connect-4,54045,3,win,1,select_coverage,1.0,DAC,14633,439661,,,14595,438602,loss,1934288
26,6,14,Connect-4,54045,3,win,1,select_coverage,1.0,exact,14633,439661,14595.0,438602.0,12379,362795,draw,5431296
26,6,14,Connect-4,54045,3,win,1,select_coverage,2.0,DAC,29303,884307,,,29189,881104,loss,3888912
26,6,14,Connect-4,54045,3,win,1,select_coverage,2.0,exact,29303,884307,29189.0,881104.0,24871,733078,draw,10928028
26,6,14,Connect-4,54045,3,win,1,select_coverage,3.0,DAC,43348,1311599,,,43136,1305668,loss,5766620
26,6,14,Connect-4,54045,3,win,1,select_coverage,3.0,exact,43348,1311599,43136.0,1305668.0,36748,1086290,draw,16194604
26,6,14,Connect-4,54045,3,win,1,select_coverage,4.0,DAC,57575,1745348,,,57230,1735702,loss,7672340
26,6,14,Connect-4,54045,3,win,1,select_coverage,4.0,exact,57575,1745348,57230.0,1735702.0,48903,1449526,win,21553688
26,6,14,Connect-4,54045,3,win,1,select_coverage_CBA_M1,,DAC,13476,399602,,,13438,398543,draw,1760168
26,6,14,Connect-4,54045,3,win,1,select_coverage_CBA_M1,,exact,13476,399602,13438.0,398543.0,11926,347166,draw,5011284
26,6,14,Connect-4,54045,3,win,2,select_coverage,1.0,exact,14633,439661,14595.0,438602.0,12379,362795,draw,5431296
26,6,14,Connect-4,54045,3,win,2,select_coverage,2.0,exact,29303,884307,29189.0,881104.0,24871,733078,draw,10928028
26,6,14,Connect-4,54045,3,win,2,select_coverage,3.0,exact,43348,1311599,43136.0,1305668.0,36748,1086290,draw,16194604
26,6,14,Connect-4,54045,3,win,2,select_coverage,4.0,exact,57575,1745348,57230.0,1735702.0,48903,1449526,win,21553688
26,6,14,Connect-4,54045,3,win,2,select_coverage_CBA_M1,,exact,14218,425517,14180.0,424458.0,12227,357698,draw,5284476
26,6,17,Connect-4,54045,3,win,1,select_coverage,1.0,DAC,14721,442190,,,14679,441027,loss,1945460
26,6,17,Connect-4,54045,3,win,1,select_coverage,1.0,exact,14721,442190,14679.0,441027.0,12350,361444,draw,5448396
26,6,17,Connect-4,54045,3,win,1,select_coverage,2.0,DAC,29494,890109,,,29367,886595,loss,3914412
26,6,17,Connect-4,54045,3,win,1,select_coverage,2.0,exact,29494,890109,29367.0,886595.0,24928,734448,loss,10984376
26,6,17,Connect-4,54045,3,win,1,select_coverage,3.0,DAC,43818,1325526,,,43594,1319252,loss,5827968
26,6,17,Connect-4,54045,3,win,1,select_coverage,3.0,exact,43818,1325526,43594.0,1319252.0,37133,1097542,loss,16364312
26,6,17,Connect-4,54045,3,win,1,select_coverage,4.0,DAC,57978,1756763,,,57627,1746945,loss,7722836
26,6,17,Connect-4,54045,3,win,1,select_coverage,4.0,exact,57978,1756763,57627.0,1746945.0,49133,1455301,loss,21680124
26,6,17,Connect-4,54045,3,win,1,select_coverage_CBA_M1,,DAC,13465,398760,,,13424,397628,draw,1756668
26,6,17,Connect-4,54045,3,win,1,select_coverage_CBA_M1,,exact,13465,398760,13424.0,397628.0,11879,345202,draw,4995952
26,6,17,Connect-4,54045,3,win,2,select_coverage,1.0,exact,14721,442190,14679.0,441027.0,12350,361444,draw,5448396
26,6,17,Connect-4,54045,3,win,2,select_coverage,2.0,exact,29494,890109,29367.0,886595.0,24928,734448,loss,10984376
26,6,17,Connect-4,54045,3,win,2,select_coverage,3.0,exact,43818,1325526,43594.0,1319252.0,37133,1097542,loss,16364312
26,6,17,Connect-4,54045,3,win,2,select_coverage,4.0,exact,57978,1756763,57627.0,1746945.0,49133,1455301,loss,21680124
26,6,17,Connect-4,54045,3,win,2,select_coverage_CBA_M1,,exact,14265,426710,14224.0,425578.0,12180,355766,draw,5287408
26,6,19,Connect-4,54045,3,win,1,select_coverage,1.0,DAC,14606,438870,,,14577,438067,loss,1930800
26,6,19,Connect-4,54045,3,win,1,select_coverage,1.0,exact,14606,438870,14577.0,438067.0,12349,362020,draw,5422316
26,6,19,Connect-4,54045,3,win,1,select_coverage,2.0,DAC,29369,886897,,,29264,883962,loss,3900064
26,6,19,Connect-4,54045,3,win,1,select_coverage,2.0,exact,29369,886897,29264.0,883962.0,24914,734871,draw,10959392
26,6,19,Connect-4,54045,3,win,1,select_coverage,3.0,DAC,43513,1317420,,,43331,1312276,loss,5791884
26,6,19,Connect-4,54045,3,win,1,select_coverage,3.0,exact,43513,1317420,43330.0,1312241.0,36972,1094096,win,16281612
26,6,19,Connect-4,54045,3,win,1,select_coverage,4.0,DAC,57676,1748704,,,57377,1740252,loss,7686976
26,6,19,Connect-4,54045,3,win,1,select_coverage,4.0,exact,57676,1748704,57376.0,1740217.0,49008,1453003,win,21603752
26,6,19,Connect-4,54045,3,win,1,select_coverage_CBA_M1,,DAC,13060,385301,,,13031,384498,draw,1697972
26,6,19,Connect-4,54045,3,win,1,select_coverage_CBA_M1,,exact,13060,385301,13031.0,384498.0,11730,340566,draw,4858476
26,6,19,Connect-4,54045,3,win,2,select_coverage,1.0,exact,14606,438870,14577.0,438067.0,12349,362020,draw,5422316
26,6,19,Connect-4,54045,3,win,2,select_coverage,2.0,exact,29369,886897,29264.0,883962.0,24914,734871,draw,10959392
26,6,19,Connect-4,54045,3,win,2,select_coverage,3.0,exact,43513,1317420,43330.0,1312241.0,36972,1094096,win,16281612
26,6,19,Connect-4,54045,3,win,2,select_coverage,4.0,exact,57676,1748704,57376.0,1740217.0,49008,1453003,win,21603752
26,6,19,Connect-4,54045,3,win,2,select_coverage_CBA_M1,,exact,14240,426477,14211.0,425674.0,12187,356585,draw,5289720
26,6,29,Connect-4,54045,3,win,1,select_coverage,1.0,DAC,14882,447502,,,14851,446663,loss,1968640
26,6,29,Connect-4,54045,3,win,1,select_coverage,1.0,exact,14882,447502,14851.0,446663.0,12557,368201,draw,5524720
26,6,29,Connect-4,54045,3,win,1,select_coverage,2.0,DAC,29754,898519,,,29629,895073,loss,3951172
26,6,29,Connect-4,54045,3,win,1,select_coverage,2.0,exact,29754,898519,29629.0,895073.0,25274,745659,draw,11105156
26,6,29,Connect-4,54045,3,win,1,select_coverage,3.0,DAC,44057,1334054,,,43847,1328238,loss,5864948
26,6,29,Connect-4,54045,3,win,1,select_coverage,3.0,exact,44057,1334054,43846.0,1328203.0,37419,1107390,draw,16481684
26,6,29,Connect-4,54045,3,win,1,select_coverage,4.0,DAC,58368,1770521,,,58025,1760936,loss,7782548
26,6,29,Connect-4,54045,3,win,1,select_coverage,4.0,exact,58368,1770521,58023.0,1760865.0,49508,1468274,draw,21855400
26,6,29,Connect-4,54045,3,win,1,select_coverage_CBA_M1,,DAC,13245,390601,,,13214,389762,draw,1721392
26,6,29,Connect-4,54045,3,win,1,select_coverage_CBA_M1,,exact,13245,390601,13214.0,389762.0,11935,346569,draw,4930600
26,6,29,Connect-4,54045,3,win,2,select_coverage,1.0,exact,14882,447502,14851.0,446663.0,12557,368201,draw,5524720
26,6,29,Connect-4,54045,3,win,2,select_coverage,2.0,exact,29754,898519,29629.0,895073.0,25274,745659,draw,11105156
26,6,29,Connect-4,54045,3,win,2,select_coverage,3.0,exact,44057,1334054,43846.0,1328203.0,37419,1107390,draw,16481684
26,6,29,Connect-4,54045,3,win,2,select_coverage,4.0,exact,58368,1770521,58023.0,1760865.0,49508,1468274,draw,21855400
26,6,29,Connect-4,54045,3,win,2,select_coverage_CBA_M1,,exact,14463,433229,14432.0,432390.0,12410,363249,draw,5377320
26,6,31,Connect-4,54045,3,win,1,select_coverage,1.0,DAC,14579,438548,,,14541,437513,loss,1929188
26,6,31,Connect-4,54045,3,win,1,select_coverage,1.0,exact,14579,438548,14541.0,437513.0,12282,360310,win,5410820
26,6,31,Connect-4,54045,3,win,1,select_coverage,2.0,DAC,29367,887729,,,29236,884104,loss,3903368
26,6,31,Connect-4,54045,3,win,1,select_coverage,2.0,exact,29367,887729,29236.0,884104.0,24868,734341,win,10960272
26,6,31,Connect-4,54045,3,win,1,select_coverage,3.0,DAC,43517,1318410,,,43278,1311712,loss,5795892
26,6,31,Connect-4,54045,3,win,1,select_coverage,3.0,exact,43517,1318410,43278.0,1311712.0,36849,1091015,win,16269468
26,6,31,Connect-4,54045,3,win,1,select_coverage,4.0,DAC,57668,1749645,,,57299,1739336,loss,7690644
26,6,31,Connect-4,54045,3,win,1,select_coverage,4.0,exact,57668,1749645,57298.0,1739302.0,48880,1450168,win,21590020
26,6,31,Connect-4,54045,3,win,1,select_coverage_CBA_M1,,DAC,13326,395240,,,13288,394205,draw,1740920
26,6,31,Connect-4,54045,3,win,1,select_coverage_CBA_M1,,exact,13326,395240,13288.0,394205.0,11801,343690,draw,4957780
26,6,31,Connect-4,54045,3,win,2,select_coverage,1.0,exact,14579,438548,14541.0,437513.0,12282,360310,win,5410820
26,6,31,Connect-4,54045,3,win,2,select_coverage,2.0,exact,29367,887729,29236.0,884104.0,24868,734341,win,10960272
26,6,31,Connect-4,54045,3,win,2,select_coverage,3.0,exact,43517,1318410,43278.0,1311712.0,36849,1091015,win,16269468
26,6,31,Connect-4,54045,3,win,2,select_coverage,4.0,exact,57668,1749645,57298.0,1739302.0,48880,1450168,win,21590020
26,6,31,Connect-4,54045,3,win,2,select_coverage_CBA_M1,,exact,14115,422807,14077.0,421772.0,12108,354498,win,5246796
26,6,34,Connect-4,54045,3,win,1,select_coverage,1.0,DAC,14598,437854,,,14559,436785,loss,1926640
26,6,34,Connect-4,54045,3,win,1,select_coverage,1.0,exact,14598,437854,14559.0,436785.0,12278,358795,draw,5399648
26,6,34,Connect-4,54045,3,win,1,select_coverage,2.0,DAC,29398,886600,,,29254,882630,loss,3899224
26,6,34,Connect-4,54045,3,win,1,select_coverage,2.0,exact,29398,886600,29254.0,882630.0,24888,732894,draw,10944648
26,6,34,Connect-4,54045,3,win,1,select_coverage,3.0,DAC,43538,1316953,,,43292,1310038,loss,5790316
26,6,34,Connect-4,54045,3,win,1,select_coverage,3.0,exact,43538,1316953,43292.0,1310038.0,36871,1089541,win,16251496
26,6,34,Connect-4,54045,3,win,1,select_coverage,4.0,DAC,57617,1745652,,,57233,1734850,loss,7674060
26,6,34,Connect-4,54045,3,win,1,select_coverage,4.0,exact,57617,1745652,57233.0,1734850.0,48804,1445288,win,21534640
26,6,34,Connect-4,54045,3,win,1,select_coverage_CBA_M1,,DAC,13383,395915,,,13345,394878,draw,1744304
26,6,34,Connect-4,54045,3,win,1,select_coverage_CBA_M1,,exact,13383,395915,13345.0,394878.0,11832,343452,draw,4964044
26,6,34,Connect-4,54045,3,win,2,select_coverage,1.0,exact,14598,437854,14559.0,436785.0,12278,358795,draw,5399648
26,6,34,Connect-4,54045,3,win,2,select_coverage,2.0,exact,29398,886600,29254.0,882630.0,24888,732894,draw,10944648
26,6,34,Connect-4,54045,3,win,2,select_coverage,3.0,exact,43538,1316953,43292.0,1310038.0,36871,1089541,win,16251496
26,6,34,Connect-4,54045,3,win,2,select_coverage,4.0,exact,57617,1745652,57233.0,1734850.0,48804,1445288,win,21534640
26,6,34,Connect-4,54045,3,win,2,select_coverage_CBA_M1,,exact,14185,423846,14147.0,422809.0,12113,353298,draw,5252540
26,6,42,Connect-4,54045,3,win,1,select_coverage,1.0,DAC,14698,441704,,,14660,440648,loss,1943240
26,6,42,Connect-4,54045,3,win,1,select_coverage,1.0,exact,14698,441704,14660.0,440648.0,12416,363876,loss,5454056
26,6,42,Connect-4,54045,3,win,1,select_coverage,2.0,DAC,29569,892861,,,29438,889219,loss,3926320
26,6,42,Connect-4,54045,3,win,1,select_coverage,2.0,exact,29569,892861,29438.0,889219.0,25109,740585,win,11032700
26,6,42,Connect-4,54045,3,win,1,select_coverage,3.0,DAC,43856,1327690,,,43635,1321537,loss,5837080
26,6,42,Connect-4,54045,3,win,1,select_coverage,3.0,exact,43856,1327690,43635.0,1321537.0,37240,1101801,win,16400456
26,6,42,Connect-4,54045,3,win,1,select_coverage,4.0,DAC,58030,1759287,,,57679,1749512,loss,7733556
26,6,42,Connect-4,54045,3,win,1,select_coverage,4.0,exact,58030,1759287,57678.0,1749477.0,49285,1460997,win,21724764
26,6,42,Connect-4,54045,3,win,1,select_coverage_CBA_M1,,DAC,13434,398057,,,13396,397001,draw,1753484
26,6,42,Connect-4,54045,3,win,1,select_coverage_CBA_M1,,exact,13434,398057,13396.0,397001.0,11915,346654,draw,4995544
26,6,42,Connect-4,54045,3,win,2,select_coverage,1.0,exact,14698,441704,14660.0,440648.0,12416,363876,loss,5454056
26,6,42,Connect-4,54045,3,win,2,select_coverage,2.0,exact,29569,892861,29438.0,889219.0,25109,740585,win,11032700
26,6,42,Connect-4,54045,3,win,2,select_coverage,3.0,exact,43856,1327690,43635.0,1321537.0,37240,1101801,win,16400456
26,6,42,Connect-4,54045,3,win,2,select_coverage,4.0,exact,58030,1759287,57678.0,1749477.0,49285,1460997,win,21724764
26,6,42,Connect-4,54045,3,win,2,select_coverage_CBA_M1,,exact,14238,426132,14200.0,425076.0,12244,358207,win,5292084
26,6,49,Connect-4,54045,3,win,1,select_coverage,1.0,DAC,14724,442598,,,14697,441858,loss,1947128
26,6,49,Connect-4,54045,3,win,1,select_coverage,1.0,exact,14724,442598,14697.0,441858.0,12395,363163,draw,5460804
26,6,49,Connect-4,54045,3,win,1,select_coverage,2.0,DAC,29444,888725,,,29340,885828,loss,3908276
26,6,49,Connect-4,54045,3,win,1,select_coverage,2.0,exact,29444,888725,29340.0,885828.0,24960,735718,loss,10979988
26,6,49,Connect-4,54045,3,win,1,select_coverage,3.0,DAC,43675,1321753,,,43491,1316558,loss,5811160
26,6,49,Connect-4,54045,3,win,1,select_coverage,3.0,exact,43675,1321753,43491.0,1316558.0,37100,1097306,loss,16334204
26,6,49,Connect-4,54045,3,win,1,select_coverage,4.0,DAC,57844,1753477,,,57529,1744508,loss,7708084
26,6,49,Connect-4,54045,3,win,1,select_coverage,4.0,exact,57844,1753477,57528.0,1744476.0,49144,1456695,loss,21659512
26,6,49,Connect-4,54045,3,win,1,select_coverage_CBA_M1,,DAC,13513,400781,,,13486,400041,draw,1765328
26,6,49,Connect-4,54045,3,win,1,select_coverage_CBA_M1,,exact,13513,400781,13486.0,400041.0,11922,346893,draw,5022436
26,6,49,Connect-4,54045,3,win,2,select_coverage,1.0,exact,14724,442598,14697.0,441858.0,12395,363163,draw,5460804
26,6,49,Connect-4,54045,3,win,2,select_coverage,2.0,exact,29444,888725,29340.0,885828.0,24960,735718,loss,10979988
26,6,49,Connect-4,54045,3,win,2,select_coverage,3.0,exact,43675,1321753,43491.0,1316558.0,37100,1097306,loss,16334204
26,6,49,Connect-4,54045,3,win,2,select_coverage,4.0,exact,57844,1753477,57528.0,1744476.0,49144,1456695,loss,21659512
26,6,49,Connect-4,54045,3,win,2,select_coverage_CBA_M1,,exact,14312,428677,14285.0,427937.0,12228,357610,draw,5314040
26,6,63,Connect-4,54045,3,win,1,select_coverage,1.0,DAC,14740,442635,,,14697,441436,loss,1947468
26,6,63,Connect-4,54045,3,win,1,select_coverage,1.0,exact,14740,442635,14697.0,441436.0,12348,361233,draw,5451544
26,6,63,Connect-4,54045,3,win,1,select_coverage,2.0,DAC,29617,893372,,,29488,889791,loss,3928940
26,6,63,Connect-4,54045,3,win,1,select_coverage,2.0,exact,29617,893372,29488.0,889791.0,24989,735707,draw,11019120
26,6,63,Connect-4,54045,3,win,1,select_coverage,3.0,DAC,43787,1323842,,,43573,1317914,loss,5820860
26,6,63,Connect-4,54045,3,win,1,select_coverage,3.0,exact,43787,1323842,43573.0,1317914.0,36987,1091962,win,16329232
26,6,63,Connect-4,54045,3,win,1,select_coverage,4.0,DAC,58007,1757249,,,57651,1747309,loss,7725128
26,6,63,Connect-4,54045,3,win,1,select_coverage,4.0,exact,58007,1757249,57651.0,1747309.0,49071,1452680,win,21673808
26,6,63,Connect-4,54045,3,win,1,select_coverage_CBA_M1,,DAC,13138,387113,,,13095,385914,draw,1706156
26,6,63,Connect-4,54045,3,win,1,select_coverage_CBA_M1,,exact,13138,387113,13095.0,385914.0,11747,340369,draw,4872648
26,6,63,Connect-4,54045,3,win,2,select_coverage,1.0,exact,14740,442635,14697.0,441436.0,12348,361233,draw,5451544
26,6,63,Connect-4,54045,3,win,2,select_coverage,2.0,exact,29617,893372,29488.0,889791.0,24989,735707,draw,11019120
26,6,63,Connect-4,54045,3,win,2,select_coverage,3.0,exact,43787,1323842,43573.0,1317914.0,36987,1091962,win,16329232
26,6,63,Connect-4,54045,3,win,2,select_coverage,4.0,exact,58007,1757249,57651.0,1747309.0,49071,1452680,win,21673808
26,6,63,Connect-4,54045,3,win,2,select_coverage_CBA_M1,,exact,14308,427970,14265.0,426771.0,12194,356063,draw,5299720
26,6,64,Connect-4,54045,3,win,1,select_coverage,1.0,DAC,14615,438868,,,14578,437877,loss,1930900
26,6,64,Connect-4,54045,3,win,1,select_coverage,1.0,exact,14615,438868,14578.0,437877.0,12329,361146,win,5418084
26,6,64,Connect-4,54045,3,win,1,select_coverage,2.0,DAC,29370,886484,,,29252,883218,loss,3898424
26,6,64,Connect-4,54045,3,win,1,select_coverage,2.0,exact,29370,886484,29252.0,883218.0,24951,735927,win,10958604
26,6,64,Connect-4,54045,3,win,1,select_coverage,3.0,DAC,43576,1318581,,,43354,1312352,loss,5797284
26,6,64,Connect-4,54045,3,win,1,select_coverage,3.0,exact,43576,1318581,43353.0,1312317.0,36992,1094112,win,16287360
26,6,64,Connect-4,54045,3,win,1,select_coverage,4.0,DAC,57731,1749696,,,57382,1739881,loss,7691604
26,6,64,Connect-4,54045,3,win,1,select_coverage,4.0,exact,57731,1749696,57381.0,1739846.0,48986,1451794,win,21601560
26,6,64,Connect-4,54045,3,win,1,select_coverage_CBA_M1,,DAC,13367,395789,,,13332,394861,draw,1743608
26,6,64,Connect-4,54045,3,win,1,select_coverage_CBA_M1,,exact,13367,395789,13332.0,394861.0,11821,343649,draw,4963844
26,6,64,Connect-4,54045,3,win,2,select_coverage,1.0,exact,14615,438868,14578.0,437877.0,12329,361146,win,5418084
26,6,64,Connect-4,54045,3,win,2,select_coverage,2.0,exact,29370,886484,29252.0,883218.0,24951,735927,win,10958604
26,6,64,Connect-4,54045,3,win,2,select_coverage,3.0,exact,43576,1318581,43353.0,1312317.0,36992,1094112,win,16287360
26,6,64,Connect-4,54045,3,win,2,select_coverage,4.0,exact,57731,1749696,57381.0,1739846.0,48986,1451794,win,21601560
26,6,64,Connect-4,54045,3,win,2,select_coverage_CBA_M1,,exact,14165,423651,14130.0,422723.0,12148,355134,loss,5258216
26,6,65,Connect-4,54045,3,win,1,select_coverage,1.0,DAC,14515,435629,,,14478,434633,loss,1916744
26,6,65,Connect-4,54045,3,win,1,select_coverage,1.0,exact,14515,435629,14478.0,434633.0,12190,356584,win,5370704
26,6,65,Connect-4,54045,3,win,1,select_coverage,2.0,DAC,29244,881813,,,29131,878750,loss,3878228
26,6,65,Connect-4,54045,3,win,1,select_coverage,2.0,exact,29244,881813,29131.0,878750.0,24688,726629,win,10880984
26,6,65,Connect-4,54045,3,win,1,select_coverage,3.0,DAC,43456,1313617,,,43234,1307531,loss,5775988
26,6,65,Connect-4,54045,3,win,1,select_coverage,3.0,exact,43456,1313617,43234.0,1307531.0,36767,1085643,win,16210676
26,6,65,Connect-4,54045,3,win,1,select_coverage,4.0,DAC,57629,1744992,,,57292,1735746,loss,7671564
26,6,65,Connect-4,54045,3,win,1,select_coverage,4.0,exact,57629,1744992,57291.0,1735711.0,48747,1442463,win,21526000
26,6,65,Connect-4,54045,3,win,1,select_coverage_CBA_M1,,DAC,13706,407754,,,13669,406758,draw,1795536
26,6,65,Connect-4,54045,3,win,1,select_coverage_CBA_M1,,exact,13706,407754,13669.0,406758.0,11860,345243,loss,5076452
26,6,65,Connect-4,54045,3,win,2,select_coverage,1.0,exact,14515,435629,14478.0,434633.0,12190,356584,win,5370704
26,6,65,Connect-4,54045,3,win,2,select_coverage,2.0,exact,29244,881813,29131.0,878750.0,24688,726629,win,10880984
26,6,65,Connect-4,54045,3,win,2,select_coverage,3.0,exact,43456,1313617,43234.0,1307531.0,36767,1085643,win,16210676
26,6,65,Connect-4,54045,3,win,2,select_coverage,4.0,exact,57629,1744992,57291.0,1735711.0,48747,1442463,win,21526000
26,6,65,Connect-4,54045,3,win,2,select_coverage_CBA_M1,,exact,14099,421525,14062.0,420529.0,12024,351034,win,5222360
26,6,68,Connect-4,54045,3,win,1,select_coverage,1.0,DAC,14726,442918,,,14686,441860,loss,1948432
26,6,68,Connect-4,54045,3,win,1,select_coverage,1.0,exact,14726,442918,14686.0,441860.0,12314,360940,loss,5452848
26,6,68,Connect-4,54045,3,win,1,select_coverage,2.0,DAC,29509,891040,,,29378,887440,loss,3918316
26,6,68,Connect-4,54045,3,win,1,select_coverage,2.0,exact,29509,891040,29378.0,887440.0,24816,731216,draw,10978904
26,6,68,Connect-4,54045,3,win,1,select_coverage,3.0,DAC,43739,1323880,,,43504,1317325,loss,5820436
26,6,68,Connect-4,54045,3,win,1,select_coverage,3.0,exact,43739,1323880,43504.0,1317325.0,36855,1089325,draw,16314272
26,6,68,Connect-4,54045,3,win,1,select_coverage,4.0,DAC,57970,1756782,,,57586,1746039,loss,7722816
26,6,68,Connect-4,54045,3,win,1,select_coverage,4.0,exact,57970,1756782,57585.0,1746005.0,48838,1445984,draw,21637828
26,6,68,Connect-4,54045,3,win,1,select_coverage_CBA_M1,,DAC,13869,413531,,,13829,412473,draw,1820600
26,6,68,Connect-4,54045,3,win,1,select_coverage_CBA_M1,,exact,13869,413531,13829.0,412473.0,11957,348788,loss,5141720
26,6,68,Connect-4,54045,3,win,2,select_coverage,1.0,exact,14726,442918,14686.0,441860.0,12314,360940,loss,5452848
26,6,68,Connect-4,54045,3,win,2,select_coverage,2.0,exact,29509,891040,29378.0,887440.0,24816,731216,draw,10978904
26,6,68,Connect-4,54045,3,win,2,select_coverage,3.0,exact,43739,1323880,43504.0,1317325.0,36855,1089325,draw,16314272
26,6,68,Connect-4,54045,3,win,2,select_coverage,4.0,exact,57970,1756782,57585.0,1746005.0,48838,1445984,draw,21637828
26,6,68,Connect-4,54045,3,win,2,select_coverage_CBA_M1,,exact,14276,427746,14236.0,426688.0,12129,354824,loss,5292608
26,6,74,Connect-4,54045,3,win,1,select_coverage,1.0,DAC,14646,440470,,,14603,439297,loss,1937680
26,6,74,Connect-4,54045,3,win,1,select_coverage,1.0,exact,14646,440470,14603.0,439297.0,12315,361187,draw,5431136
26,6,74,Connect-4,54045,3,win,1,select_coverage,2.0,DAC,29308,884978,,,29188,881709,loss,3891656
26,6,74,Connect-4,54045,3,win,1,select_coverage,2.0,exact,29308,884978,29188.0,881709.0,24730,728987,loss,10916736
26,6,74,Connect-4,54045,3,win,1,select_coverage,3.0,DAC,43486,1316248,,,43273,1310365,loss,5786872
26,6,74,Connect-4,54045,3,win,1,select_coverage,3.0,exact,43486,1316248,43273.0,1310365.0,36718,1085488,draw,16233164
26,6,74,Connect-4,54045,3,win,1,select_coverage,4.0,DAC,57617,1746552,,,57273,1737030,loss,7677660
26,6,74,Connect-4,54045,3,win,1,select_coverage,4.0,exact,57617,1746552,57273.0,1737030.0,48690,1442552,draw,21537296
26,6,74,Connect-4,54045,3,win,1,select_coverage_CBA_M1,,DAC,13407,397579,,,13366,396476,draw,1751248
26,6,74,Connect-4,54045,3,win,1,select_coverage_CBA_M1,,exact,13407,397579,13366.0,396476.0,11830,344409,draw,4981592
26,6,74,Connect-4,54045,3,win,2,select_coverage,1.0,exact,14646,440470,14603.0,439297.0,12315,361187,draw,5431136
26,6,74,Connect-4,54045,3,win,2,select_coverage,2.0,exact,29308,884978,29188.0,881709.0,24730,728987,loss,10916736
26,6,74,Connect-4,54045,3,win,2,select_coverage,3.0,exact,43486,1316248,43273.0,1310365.0,36718,1085488,draw,16233164
26,6,74,Connect-4,54045,3,win,2,select_coverage,4.0,exact,57617,1746552,57273.0,1737030.0,48690,1442552,draw,21537296
26,6,74,Connect-4,54045,3,win,2,select_coverage_CBA_M1,,exact,14197,425157,14154.0,423984.0,12134,355091,draw,5269880
26,6,76,Connect-4,54045,3,win,1,select_coverage,1.0,DAC,14621,439092,,,14578,437902,loss,1931868
26,6,76,Connect-4,54045,3,win,1,select_coverage,1.0,exact,14621,439092,14578.0,437902.0,12382,362840,draw,5425856
26,6,76,Connect-4,54045,3,win,1,select_coverage,2.0,DAC,29304,884141,,,29169,880414,loss,3888260
26,6,76,Connect-4,54045,3,win,1,select_coverage,2.0,exact,29304,884141,29169.0,880414.0,24889,733645,win,10926232
26,6,76,Connect-4,54045,3,win,1,select_coverage,3.0,DAC,43525,1316217,,,43286,1309608,loss,5787216
26,6,76,Connect-4,54045,3,win,1,select_coverage,3.0,exact,43525,1316217,43286.0,1309608.0,37010,1094162,win,16265124
26,6,76,Connect-4,54045,3,win,1,select_coverage,4.0,DAC,57644,1746035,,,57292,1736199,loss,7675916
26,6,76,Connect-4,54045,3,win,1,select_coverage,4.0,exact,57644,1746035,57290.0,1736131.0,49037,1452798,win,21573160
26,6,76,Connect-4,54045,3,win,1,select_coverage_CBA_M1,,DAC,13014,383343,,,12972,382190,draw,1689588
26,6,76,Connect-4,54045,3,win,1,select_coverage_CBA_M1,,exact,13014,383343,12972.0,382190.0,11738,340489,draw,4839216
26,6,76,Connect-4,54045,3,win,2,select_coverage,1.0,exact,14621,439092,14578.0,437902.0,12382,362840,draw,5425856
26,6,76,Connect-4,54045,3,win,2,select_coverage,2.0,exact,29304,884141,29169.0,880414.0,24889,733645,win,10926232
26,6,76,Connect-4,54045,3,win,2,select_coverage,3.0,exact,43525,1316217,43286.0,1309608.0,37010,1094162,win,16265124
26,6,76,Connect-4,54045,3,win,2,select_coverage,4.0,exact,57644,1746035,57290.0,1736131.0,49037,1452798,win,21573160
26,6,76,Connect-4,54045,3,win,2,select_coverage_CBA_M1,,exact,14206,425031,14163.0,423841.0,12216,357294,draw,5277904
26,6,100,Connect-4,54045,3,win,1,select_coverage,1.0,DAC,14690,441060,,,14645,439866,loss,1940568
26,6,100,Connect-4,54045,3,win,1,select_coverage,1.0,exact,14690,441060,14645.0,439866.0,12329,360776,loss,5435472
26,6,100,Connect-4,54045,3,win,1,select_coverage,2.0,DAC,29504,890068,,,29363,886266,loss,3914368
26,6,100,Connect-4,54045,3,win,1,select_coverage,2.0,exact,29504,890068,29363.0,886266.0,24912,733699,win,10979772
26,6,100,Connect-4,54045,3,win,1,select_coverage,3.0,DAC,43713,1321853,,,43468,1315175,loss,5812016
26,6,100,Connect-4,54045,3,win,1,select_coverage,3.0,exact,43713,1321853,43468.0,1315175.0,36951,1091468,win,16304984
26,6,100,Connect-4,54045,3,win,1,select_coverage,4.0,DAC,57955,1755460,,,57580,1745152,loss,7717348
26,6,100,Connect-4,54045,3,win,1,select_coverage,4.0,exact,57955,1755460,57579.0,1745118.0,49059,1452540,win,21655024
26,6,100,Connect-4,54045,3,win,1,select_coverage_CBA_M1,,DAC,13877,413116,,,13833,411952,draw,1819036
26,6,100,Connect-4,54045,3,win,1,select_coverage_CBA_M1,,exact,13877,413116,13833.0,411952.0,12033,350656,win,5145576
26,6,100,Connect-4,54045,3,win,2,select_coverage,1.0,exact,14690,441060,14645.0,439866.0,12329,360776,loss,5435472
26,6,100,Connect-4,54045,3,win,2,select_coverage,2.0,exact,29504,890068,29363.0,886266.0,24912,733699,win,10979772
26,6,100,Connect-4,54045,3,win,2,select_coverage,3.0,exact,43713,1321853,43468.0,1315175.0,36951,1091468,win,16304984
26,6,100,Connect-4,54045,3,win,2,select_coverage,4.0,exact,57955,1755460,57579.0,1745118.0,49059,1452540,win,21655024
26,6,100,Connect-4,54045,3,win,2,select_coverage_CBA_M1,,exact,14267,426738,14223.0,425574.0,12176,355702,win,5287216
26,6,114,Connect-4,54045,3,win,1,select_coverage,1.0,DAC,14705,441859,,,14661,440650,loss,1943944
26,6,114,Connect-4,54045,3,win,1,select_coverage,1.0,exact,14705,441859,14661.0,440650.0,12323,360790,loss,5442372
26,6,114,Connect-4,54045,3,win,1,select_coverage,2.0,DAC,29460,889433,,,29332,885908,loss,3911300
26,6,114,Connect-4,54045,3,win,1,select_coverage,2.0,exact,29460,889433,29332.0,885908.0,24942,735361,win,10981456
26,6,114,Connect-4,54045,3,win,1,select_coverage,3.0,DAC,43592,1319660,,,43367,1313406,loss,5801792
26,6,114,Connect-4,54045,3,win,1,select_coverage,3.0,exact,43592,1319660,43367.0,1313406.0,36991,1094483,win,16297964
26,6,114,Connect-4,54045,3,win,1,select_coverage,4.0,DAC,57771,1751797,,,57400,1741435,loss,7700488
26,6,114,Connect-4,54045,3,win,1,select_coverage,4.0,exact,57771,1751797,57400.0,1741435.0,49087,1455852,win,21633160
26,6,114,Connect-4,54045,3,win,1,select_coverage_CBA_M1,,DAC,13452,398510,,,13409,397336,draw,1755512
26,6,114,Connect-4,54045,3,win,1,select_coverage_CBA_M1,,exact,13452,398510,13409.0,397336.0,11864,344968,draw,4992368
26,6,114,Connect-4,54045,3,win,2,select_coverage,1.0,exact,14705,441859,14661.0,440650.0,12323,360790,loss,5442372
26,6,114,Connect-4,54045,3,win,2,select_coverage,2.0,exact,29460,889433,29332.0,885908.0,24942,735361,win,10981456
26,6,114,Connect-4,54045,3,win,2,select_coverage,3.0,exact,43592,1319660,43367.0,1313406.0,36991,1094483,win,16297964
26,6,114,Connect-4,54045,3,win,2,select_coverage,4.0,exact,57771,1751797,57400.0,1741435.0,49087,1455852,win,21633160
26,6,114,Connect-4,54045,3,win,2,select_coverage_CBA_M1,,exact,14258,426699,14214.0,425490.0,12165,355548,loss,5285820
26,6,133,Connect-4,54045,3,win,1,select_coverage,1.0,DAC,14701,441959,,,14653,440634,loss,1944296
26,6,133,Connect-4,54045,3,win,1,select_coverage,1.0,exact,14701,441959,14653.0,440634.0,12362,362447,draw,5449080
26,6,133,Connect-4,54045,3,win,1,select_coverage,2.0,DAC,29514,891568,,,29384,887987,loss,3920488
26,6,133,Connect-4,54045,3,win,1,select_coverage,2.0,exact,29514,891568,29384.0,887987.0,24991,737453,loss,11008344
26,6,133,Connect-4,54045,3,win,1,select_coverage,3.0,DAC,43805,1325983,,,43574,1319559,loss,5829640
26,6,133,Connect-4,54045,3,win,1,select_coverage,3.0,exact,43805,1325983,43574.0,1319559.0,37109,1097779,loss,16367676
26,6,133,Connect-4,54045,3,win,1,select_coverage,4.0,DAC,58009,1759135,,,57643,1748918,loss,7732696
26,6,133,Connect-4,54045,3,win,1,select_coverage,4.0,exact,58009,1759135,57643.0,1748918.0,49174,1458267,loss,21709880
26,6,133,Connect-4,54045,3,win,1,select_coverage_CBA_M1,,DAC,12625,370007,,,12580,368786,draw,1631576
26,6,133,Connect-4,54045,3,win,1,select_coverage_CBA_M1,,exact,12625,370007,12580.0,368786.0,11561,334638,draw,4696308
26,6,133,Connect-4,54045,3,win,2,select_coverage,1.0,exact,14701,441959,14653.0,440634.0,12362,362447,draw,5449080
26,6,133,Connect-4,54045,3,win,2,select_coverage,2.0,exact,29514,891568,29384.0,887987.0,24991,737453,loss,11008344
26,6,133,Connect-4,54045,3,win,2,select_coverage,3.0,exact,43805,1325983,43574.0,1319559.0,37109,1097779,loss,16367676
26,6,133,Connect-4,54045,3,win,2,select_coverage,4.0,exact,58009,1759135,57643.0,1748918.0,49174,1458267,loss,21709880
26,6,133,Connect-4,54045,3,win,2,select_coverage_CBA_M1,,exact,14233,426140,14185.0,424815.0,12178,356343,draw,5283136
26,6,138,Connect-4,54045,3,win,1,select_coverage,1.0,DAC,14748,443403,,,14712,442434,loss,1950636
26,6,138,Connect-4,54045,3,win,1,select_coverage,1.0,exact,14748,443403,14711.0,442399.0,12428,364389,loss,5471540
26,6,138,Connect-4,54045,3,win,1,select_coverage,2.0,DAC,29519,891169,,,29398,887886,loss,3918952
26,6,138,Connect-4,54045,3,win,1,select_coverage,2.0,exact,29519,891169,29397.0,887851.0,25067,739496,loss,11014792
26,6,138,Connect-4,54045,3,win,1,select_coverage,3.0,DAC,43843,1327291,,,43636,1321616,loss,5835328
26,6,138,Connect-4,54045,3,win,1,select_coverage,3.0,exact,43843,1327291,43635.0,1321581.0,37250,1102423,loss,16401524
26,6,138,Connect-4,54045,3,win,1,select_coverage,4.0,DAC,57990,1758135,,,57645,1748605,loss,7728468
26,6,138,Connect-4,54045,3,win,1,select_coverage,4.0,exact,57990,1758135,57642.0,1748501.0,49313,1462497,win,21721100
26,6,138,Connect-4,54045,3,win,1,select_coverage_CBA_M1,,DAC,13125,387117,,,13089,386148,draw,1706016
26,6,138,Connect-4,54045,3,win,1,select_coverage_CBA_M1,,exact,13125,387117,13088.0,386113.0,11811,342957,draw,4883588
26,6,138,Connect-4,54045,3,win,2,select_coverage,1.0,exact,14748,443403,14711.0,442399.0,12428,364389,loss,5471540
26,6,138,Connect-4,54045,3,win,2,select_coverage,2.0,exact,29519,891169,29397.0,887851.0,25067,739496,loss,11014792
26,6,138,Connect-4,54045,3,win,2,select_coverage,3.0,exact,43843,1327291,43635.0,1321581.0,37250,1102423,loss,16401524
26,6,138,Connect-4,54045,3,win,2,select_coverage,4.0,exact,57990,1758135,57642.0,1748501.0,49313,1462497,win,21721100
26,6,138,Connect-4,54045,3,win,2,select_coverage_CBA_M1,,exact,14320,428883,14283.0,427879.0,12268,359028,loss,5320240
26,6,148,Connect-4,54045,3,win,1,select_coverage,1.0,DAC,14720,442803,,,14681,441730,loss,1947900
26,6,148,Connect-4,54045,3,win,1,select_coverage,1.0,exact,14720,442803,14681.0,441730.0,12439,365232,loss,5468876
26,6,148,Connect-4,54045,3,win,1,select_coverage,2.0,DAC,29531,892411,,,29409,888977,loss,3924064
26,6,148,Connect-4,54045,3,win,1,select_coverage,2.0,exact,29531,892411,29409.0,888977.0,25104,741512,loss,11032712
26,6,148,Connect-4,54045,3,win,1,select_coverage,3.0,DAC,43705,1324149,,,43484,1317887,loss,5821104
26,6,148,Connect-4,54045,3,win,1,select_coverage,3.0,exact,43705,1324149,43484.0,1317887.0,37159,1100845,loss,16363036
26,6,148,Connect-4,54045,3,win,1,select_coverage,4.0,DAC,58063,1761500,,,57704,1751329,loss,7742804
26,6,148,Connect-4,54045,3,win,1,select_coverage,4.0,exact,58063,1761500,57703.0,1751296.0,49357,1464867,loss,21757172
26,6,148,Connect-4,54045,3,win,1,select_coverage_CBA_M1,,DAC,13484,399932,,,13445,398859,draw,1761584
26,6,148,Connect-4,54045,3,win,1,select_coverage_CBA_M1,,exact,13484,399932,13445.0,398859.0,11938,347853,draw,5016840
26,6,148,Connect-4,54045,3,win,2,select_coverage,1.0,exact,14720,442803,14681.0,441730.0,12439,365232,loss,5468876
26,6,148,Connect-4,54045,3,win,2,select_coverage,2.0,exact,29531,892411,29409.0,888977.0,25104,741512,loss,11032712
26,6,148,Connect-4,54045,3,win,2,select_coverage,3.0,exact,43705,1324149,43484.0,1317887.0,37159,1100845,loss,16363036
26,6,148,Connect-4,54045,3,win,2,select_coverage,4.0,exact,58063,1761500,57703.0,1751296.0,49357,1464867,loss,21757172
26,6,148,Connect-4,54045,3,win,2,select_coverage_CBA_M1,,exact,14276,427658,14237.0,426585.0,12270,359532,loss,5310708
26,7,5,Connect-4,54045,3,win,1,select_coverage,1.0,DAC,15124,452180,,,15086,451200,loss,1990264
26,7,5,Connect-4,54045,3,win,1,select_coverage,1.0,exact,15124,452180,15086.0,451200.0,12567,365503,draw,5558308
26,7,5,Connect-4,54045,3,win,1,select_coverage,2.0,DAC,30302,910962,,,30169,907378,loss,4007528
26,7,5,Connect-4,54045,3,win,1,select_coverage,2.0,exact,30302,910962,30169.0,907378.0,25210,737590,win,11189152
26,7,5,Connect-4,54045,3,win,1,select_coverage,3.0,DAC,45031,1359029,,,44786,1352270,loss,5976544
26,7,5,Connect-4,54045,3,win,1,select_coverage,3.0,exact,45031,1359029,44786.0,1352270.0,37503,1101923,win,16686064
26,7,5,Connect-4,54045,3,win,1,select_coverage,4.0,DAC,59792,1809446,,,59388,1798209,loss,7955344
26,7,5,Connect-4,54045,3,win,1,select_coverage,4.0,exact,59792,1809446,59386.0,1798140.0,49756,1466145,win,22195300
26,7,5,Connect-4,54045,3,win,1,select_coverage_CBA_M1,,DAC,15089,451062,,,15051,450082,loss,1985372
26,7,5,Connect-4,54045,3,win,1,select_coverage_CBA_M1,,exact,15089,451062,15051.0,450082.0,12543,364761,draw,5545276
26,7,5,Connect-4,54045,3,win,2,select_coverage,1.0,exact,15124,452180,15086.0,451200.0,12567,365503,draw,5558308
26,7,5,Connect-4,54045,3,win,2,select_coverage,2.0,exact,30302,910962,30169.0,907378.0,25210,737590,win,11189152
26,7,5,Connect-4,54045,3,win,2,select_coverage,3.0,exact,45031,1359029,44786.0,1352270.0,37503,1101923,win,16686064
26,7,5,Connect-4,54045,3,win,2,select_coverage,4.0,exact,59792,1809446,59386.0,1798140.0,49756,1466145,win,22195300
26,7,5,Connect-4,54045,3,win,2,select_coverage_CBA_M1,,exact,15089,451062,15051.0,450082.0,12543,364761,draw,5545276
26,7,14,Connect-4,54045,3,win,1,select_coverage,1.0,DAC,15142,452955,,,15097,451706,loss,1993580
26,7,14,Connect-4,54045,3,win,1,select_coverage,1.0,exact,15142,452955,15097.0,451706.0,12526,364201,loss,5558576
26,7,14,Connect-4,54045,3,win,1,select_coverage,2.0,DAC,30433,915935,,,30309,912502,loss,4028992
26,7,14,Connect-4,54045,3,win,1,select_coverage,2.0,exact,30433,915935,30308.0,912468.0,25340,742510,loss,11253532
26,7,14,Connect-4,54045,3,win,1,select_coverage,3.0,DAC,45167,1364023,,,44916,1357068,loss,5998152
26,7,14,Connect-4,54045,3,win,1,select_coverage,3.0,exact,45167,1364023,44914.0,1356997.0,37641,1107224,loss,16750248
26,7,14,Connect-4,54045,3,win,1,select_coverage,4.0,DAC,59972,1815524,,,59569,1804287,loss,7981816
26,7,14,Connect-4,54045,3,win,1,select_coverage,4.0,exact,59972,1815524,59567.0,1804216.0,50011,1475121,loss,22285612
26,7,14,Connect-4,54045,3,win,1,select_coverage_CBA_M1,,DAC,15106,451766,,,15061,450517,loss,1988392
26,7,14,Connect-4,54045,3,win,1,select_coverage_CBA_M1,,exact,15106,451766,15061.0,450517.0,12508,363637,loss,5545656
26,7,14,Connect-4,54045,3,win,2,select_coverage,1.0,exact,15142,452955,15097.0,451706.0,12526,364201,loss,5558576
26,7,14,Connect-4,54045,3,win,2,select_coverage,2.0,exact,30433,915935,30308.0,912468.0,25340,742510,loss,11253532
26,7,14,Connect-4,54045,3,win,2,select_coverage,3.0,exact,45167,1364023,44914.0,1356997.0,37641,1107224,loss,16750248
26,7,14,Connect-4,54045,3,win,2,select_coverage,4.0,exact,59972,1815524,59567.0,1804216.0,50011,1475121,loss,22285612
26,7,14,Connect-4,54045,3,win,2,select_coverage_CBA_M1,,exact,15106,451766,15061.0,450517.0,12508,363637,loss,5545656
26,7,17,Connect-4,54045,3,win,1,select_coverage,1.0,DAC,15137,452819,,,15111,452153,loss,1992976
26,7,17,Connect-4,54045,3,win,1,select_coverage,1.0,exact,15137,452819,15111.0,452153.0,12545,364785,draw,5562604
26,7,17,Connect-4,54045,3,win,1,select_coverage,2.0,DAC,30500,917627,,,30404,915077,loss,4036564
26,7,17,Connect-4,54045,3,win,1,select_coverage,2.0,exact,30500,917627,30403.0,915042.0,25402,743819,draw,11278872
26,7,17,Connect-4,54045,3,win,1,select_coverage,3.0,DAC,45284,1367151,,,45099,1362122,loss,6012068
26,7,17,Connect-4,54045,3,win,1,select_coverage,3.0,exact,45284,1367151,45098.0,1362087.0,37751,1109722,win,16799000
26,7,17,Connect-4,54045,3,win,1,select_coverage,4.0,DAC,60114,1819202,,,59811,1810867,loss,7998232
26,7,17,Connect-4,54045,3,win,1,select_coverage,4.0,exact,60114,1819202,59810.0,1810832.0,50133,1477543,win,22344252
26,7,17,Connect-4,54045,3,win,1,select_coverage_CBA_M1,,DAC,15103,451739,,,15077,451073,loss,1988248
26,7,17,Connect-4,54045,3,win,1,select_coverage_CBA_M1,,exact,15103,451739,15077.0,451073.0,12522,364071,draw,5550020
26,7,17,Connect-4,54045,3,win,2,select_coverage,1.0,exact,15137,452819,15111.0,452153.0,12545,364785,draw,5562604
26,7,17,Connect-4,54045,3,win,2,select_coverage,2.0,exact,30500,917627,30403.0,915042.0,25402,743819,draw,11278872
26,7,17,Connect-4,54045,3,win,2,select_coverage,3.0,exact,45284,1367151,45098.0,1362087.0,37751,1109722,win,16799000
26,7,17,Connect-4,54045,3,win,2,select_coverage,4.0,exact,60114,1819202,59810.0,1810832.0,50133,1477543,win,22344252
26,7,17,Connect-4,54045,3,win,2,select_coverage_CBA_M1,,exact,15103,451739,15077.0,451073.0,12522,364071,draw,5550020
26,7,19,Connect-4,54045,3,win,1,select_coverage,1.0,DAC,15192,454288,,,15159,453401,loss,1999512
26,7,19,Connect-4,54045,3,win,1,select_coverage,1.0,exact,15192,454288,15159.0,453401.0,12616,367040,draw,5584028
26,7,19,Connect-4,54045,3,win,1,select_coverage,2.0,DAC,30628,921352,,,30505,917987,loss,4053000
26,7,19,Connect-4,54045,3,win,1,select_coverage,2.0,exact,30628,921352,30505.0,917987.0,25594,750093,draw,11333912
26,7,19,Connect-4,54045,3,win,1,select_coverage,3.0,DAC,45370,1370026,,,45138,1363552,loss,6024600
26,7,19,Connect-4,54045,3,win,1,select_coverage,3.0,exact,45370,1370026,45138.0,1363552.0,37916,1115649,win,16841348
26,7,19,Connect-4,54045,3,win,1,select_coverage,4.0,DAC,60253,1824442,,,59897,1814491,loss,8020860
26,7,19,Connect-4,54045,3,win,1,select_coverage,4.0,exact,60253,1824442,59897.0,1814491.0,50379,1486749,win,22419456
26,7,19,Connect-4,54045,3,win,1,select_coverage_CBA_M1,,DAC,15162,453302,,,15129,452415,loss,1995208
26,7,19,Connect-4,54045,3,win,1,select_coverage_CBA_M1,,exact,15162,453302,15129.0,452415.0,12598,366473,draw,5572912
26,7,19,Connect-4,54045,3,win,2,select_coverage,1.0,exact,15192,454288,15159.0,453401.0,12616,367040,draw,5584028
26,7,19,Connect-4,54045,3,win,2,select_coverage,2.0,exact,30628,921352,30505.0,917987.0,25594,750093,draw,11333912
26,7,19,Connect-4,54045,3,win,2,select_coverage,3.0,exact,45370,1370026,45138.0,1363552.0,37916,1115649,win,16841348
26,7,19,Connect-4,54045,3,win,2,select_coverage,4.0,exact,60253,1824442,59897.0,1814491.0,50379,1486749,win,22419456
26,7,19,Connect-4,54045,3,win,2,select_coverage_CBA_M1,,exact,15162,453302,15129.0,452415.0,12598,366473,draw,5572912
26,7,29,Connect-4,54045,3,win,1,select_coverage,1.0,DAC,15180,453498,,,15145,452513,loss,1996208
26,7,29,Connect-4,54045,3,win,1,select_coverage,1.0,exact,15180,453498,15144.0,452479.0,12557,364619,win,5567016
26,7,29,Connect-4,54045,3,win,1,select_coverage,2.0,DAC,30536,917731,,,30423,914613,loss,4037412
26,7,29,Connect-4,54045,3,win,1,select_coverage,2.0,exact,30536,917731,30422.0,914579.0,25478,745652,win,11285376
26,7,29,Connect-4,54045,3,win,1,select_coverage,3.0,DAC,45327,1367409,,,45101,1361150,loss,6013616
26,7,29,Connect-4,54045,3,win,1,select_coverage,3.0,exact,45327,1367409,45100.0,1361116.0,37736,1108679,win,16792040
26,7,29,Connect-4,54045,3,win,1,select_coverage,4.0,DAC,60257,1822807,,,59893,1812690,loss,8014368
26,7,29,Connect-4,54045,3,win,1,select_coverage,4.0,exact,60257,1822807,59892.0,1812656.0,50187,1478989,win,22374376
26,7,29,Connect-4,54045,3,win,1,select_coverage_CBA_M1,,DAC,15136,452062,,,15101,451077,loss,1989936
26,7,29,Connect-4,54045,3,win,1,select_coverage_CBA_M1,,exact,15136,452062,15100.0,451043.0,12529,363732,win,5550572
26,7,29,Connect-4,54045,3,win,2,select_coverage,1.0,exact,15180,453498,15144.0,452479.0,12557,364619,win,5567016
26,7,29,Connect-4,54045,3,win,2,select_coverage,2.0,exact,30536,917731,30422.0,914579.0,25478,745652,win,11285376
26,7,29,Connect-4,54045,3,win,2,select_coverage,3.0,exact,45327,1367409,45100.0,1361116.0,37736,1108679,win,16792040
26,7,29,Connect-4,54045,3,win,2,select_coverage,4.0,exact,60257,1822807,59892.0,1812656.0,50187,1478989,win,22374376
26,7,29,Connect-4,54045,3,win,2,select_coverage_CBA_M1,,exact,15136,452062,15100.0,451043.0,12529,363732,win,5550572
26,7,31,Connect-4,54045,3,win,1,select_coverage,1.0,DAC,15173,453820,,,15135,452761,loss,1997412
26,7,31,Connect-4,54045,3,win,1,select_coverage,1.0,exact,15173,453820,15135.0,452761.0,12614,367076,draw,5578972
26,7,31,Connect-4,54045,3,win,1,select_coverage,2.0,DAC,30514,918140,,,30385,914613,loss,4038784
26,7,31,Connect-4,54045,3,win,1,select_coverage,2.0,exact,30514,918140,30385.0,914613.0,25436,745331,win,11284680
26,7,31,Connect-4,54045,3,win,1,select_coverage,3.0,DAC,45418,1372009,,,45173,1365190,loss,6033108
26,7,31,Connect-4,54045,3,win,1,select_coverage,3.0,exact,45418,1372009,45173.0,1365190.0,37876,1114596,win,16852740
26,7,31,Connect-4,54045,3,win,1,select_coverage,4.0,DAC,60323,1826944,,,59950,1816514,loss,8031708
26,7,31,Connect-4,54045,3,win,1,select_coverage,4.0,exact,60323,1826944,59950.0,1816514.0,50305,1484392,win,22429824
26,7,31,Connect-4,54045,3,win,1,select_coverage_CBA_M1,,DAC,15140,452735,,,15102,451676,loss,1992676
26,7,31,Connect-4,54045,3,win,1,select_coverage_CBA_M1,,exact,15140,452735,15102.0,451676.0,12594,366435,draw,5566672
26,7,31,Connect-4,54045,3,win,2,select_coverage,1.0,exact,15173,453820,15135.0,452761.0,12614,367076,draw,5578972
26,7,31,Connect-4,54045,3,win,2,select_coverage,2.0,exact,30514,918140,30385.0,914613.0,25436,745331,win,11284680
26,7,31,Connect-4,54045,3,win,2,select_coverage,3.0,exact,45418,1372009,45173.0,1365190.0,37876,1114596,win,16852740
26,7,31,Connect-4,54045,3,win,2,select_coverage,4.0,exact,60323,1826944,59950.0,1816514.0,50305,1484392,win,22429824
26,7,31,Connect-4,54045,3,win,2,select_coverage_CBA_M1,,exact,15140,452735,15102.0,451676.0,12594,366435,draw,5566672
26,7,34,Connect-4,54045,3,win,1,select_coverage,1.0,DAC,15002,447962,,,14955,446699,loss,1971928
26,7,34,Connect-4,54045,3,win,1,select_coverage,1.0,exact,15002,447962,14955.0,446699.0,12433,361147,loss,5501816
26,7,34,Connect-4,54045,3,win,1,select_coverage,2.0,DAC,30182,906753,,,30045,903006,loss,3989252
26,7,34,Connect-4,54045,3,win,1,select_coverage,2.0,exact,30182,906753,30045.0,903006.0,25140,735592,win,11142868
26,7,34,Connect-4,54045,3,win,1,select_coverage,3.0,DAC,44784,1349931,,,44539,1343197,loss,5937188
26,7,34,Connect-4,54045,3,win,1,select_coverage,3.0,exact,44784,1349931,44539.0,1343197.0,37350,1096750,win,16584784
26,7,34,Connect-4,54045,3,win,1,select_coverage,4.0,DAC,59425,1796025,,,59043,1785542,loss,7897256
26,7,34,Connect-4,54045,3,win,1,select_coverage,4.0,exact,59425,1796025,59043.0,1785542.0,49635,1462063,win,22063920
26,7,34,Connect-4,54045,3,win,1,select_coverage_CBA_M1,,DAC,14970,446938,,,14923,445675,loss,1967448
26,7,34,Connect-4,54045,3,win,1,select_coverage_CBA_M1,,exact,14970,446938,14923.0,445675.0,12410,360420,loss,5489692
26,7,34,Connect-4,54045,3,win,2,select_coverage,1.0,exact,15002,447962,14955.0,446699.0,12433,361147,loss,5501816
26,7,34,Connect-4,54045,3,win,2,select_coverage,2.0,exact,30182,906753,30045.0,903006.0,25140,735592,win,11142868
26,7,34,Connect-4,54045,3,win,2,select_coverage,3.0,exact,44784,1349931,44539.0,1343197.0,37350,1096750,win,16584784
26,7,34,Connect-4,54045,3,win,2,select_coverage,4.0,exact,59425,1796025,59043.0,1785542.0,49635,1462063,win,22063920
26,7,34,Connect-4,54045,3,win,2,select_coverage_CBA_M1,,exact,14941,445968,14894.0,444705.0,12392,359812,win,5478572
26,7,42,Connect-4,54045,3,win,1,select_coverage,1.0,DAC,15196,454352,,,15156,453269,loss,1999816
26,7,42,Connect-4,54045,3,win,1,select_coverage,1.0,exact,15196,454352,15156.0,453269.0,12686,369276,win,5592604
26,7,42,Connect-4,54045,3,win,1,select_coverage,2.0,DAC,30515,917592,,,30385,914019,loss,4036604
26,7,42,Connect-4,54045,3,win,1,select_coverage,2.0,exact,30515,917592,30385.0,914019.0,25525,747796,win,11289972
26,7,42,Connect-4,54045,3,win,1,select_coverage,3.0,DAC,45370,1369831,,,45122,1362923,loss,6023820
26,7,42,Connect-4,54045,3,win,1,select_coverage,3.0,exact,45370,1369831,45122.0,1362923.0,37908,1115115,win,16835404
26,7,42,Connect-4,54045,3,win,1,select_coverage,4.0,DAC,60207,1822231,,,59826,1811632,loss,8011464
26,7,42,Connect-4,54045,3,win,1,select_coverage,4.0,exact,60207,1822231,59825.0,1811597.0,50403,1487156,win,22398360
26,7,42,Connect-4,54045,3,win,1,select_coverage_CBA_M1,,DAC,15169,453472,,,15129,452389,loss,1995972
26,7,42,Connect-4,54045,3,win,1,select_coverage_CBA_M1,,exact,15169,453472,15129.0,452389.0,12671,368806,win,5582820
26,7,42,Connect-4,54045,3,win,2,select_coverage,1.0,exact,15196,454352,15156.0,453269.0,12686,369276,win,5592604
26,7,42,Connect-4,54045,3,win,2,select_coverage,2.0,exact,30515,917592,30385.0,914019.0,25525,747796,win,11289972
26,7,42,Connect-4,54045,3,win,2,select_coverage,3.0,exact,45370,1369831,45122.0,1362923.0,37908,1115115,win,16835404
26,7,42,Connect-4,54045,3,win,2,select_coverage,4.0,exact,60207,1822231,59825.0,1811597.0,50403,1487156,win,22398360
26,7,42,Connect-4,54045,3,win,2,select_coverage_CBA_M1,,exact,15169,453472,15129.0,452389.0,12671,368806,win,5582820
26,7,49,Connect-4,54045,3,win,1,select_coverage,1.0,DAC,15081,451076,,,15038,449872,loss,1985332
26,7,49,Connect-4,54045,3,win,1,select_coverage,1.0,exact,15081,451076,15038.0,449872.0,12502,363594,draw,5539408
26,7,49,Connect-4,54045,3,win,1,select_coverage,2.0,DAC,30274,910703,,,30133,906780,loss,4006156
26,7,49,Connect-4,54045,3,win,1,select_coverage,2.0,exact,30274,910703,30133.0,906780.0,25192,737735,win,11185152
26,7,49,Connect-4,54045,3,win,1,select_coverage,3.0,DAC,44943,1356843,,,44705,1350161,loss,5966744
26,7,49,Connect-4,54045,3,win,1,select_coverage,3.0,exact,44943,1356843,44705.0,1350161.0,37455,1101219,win,16663476
26,7,49,Connect-4,54045,3,win,1,select_coverage,4.0,DAC,59629,1804742,,,59234,1793590,loss,7934572
26,7,49,Connect-4,54045,3,win,1,select_coverage,4.0,exact,59629,1804742,59234.0,1793590.0,49701,1465396,win,22150424
26,7,49,Connect-4,54045,3,win,1,select_coverage_CBA_M1,,DAC,15047,449967,,,15004,448763,loss,1980488
26,7,49,Connect-4,54045,3,win,1,select_coverage_CBA_M1,,exact,15047,449967,15004.0,448763.0,12482,362953,loss,5526884
26,7,49,Connect-4,54045,3,win,2,select_coverage,1.0,exact,15081,451076,15038.0,449872.0,12502,363594,draw,5539408
26,7,49,Connect-4,54045,3,win,2,select_coverage,2.0,exact,30274,910703,30133.0,906780.0,25192,737735,win,11185152
26,7,49,Connect-4,54045,3,win,2,select_coverage,3.0,exact,44943,1356843,44705.0,1350161.0,37455,1101219,win,16663476
26,7,49,Connect-4,54045,3,win,2,select_coverage,4.0,exact,59629,1804742,59234.0,1793590.0,49701,1465396,win,22150424
26,7,49,Connect-4,54045,3,win,2,select_coverage_CBA_M1,,exact,15047,449967,15004.0,448763.0,12482,362953,loss,5526884
26,7,63,Connect-4,54045,3,win,1,select_coverage,1.0,DAC,15081,451396,,,15040,450316,loss,1986612
26,7,63,Connect-4,54045,3,win,1,select_coverage,1.0,exact,15081,451396,15040.0,450316.0,12445,362182,loss,5536880
26,7,63,Connect-4,54045,3,win,1,select_coverage,2.0,DAC,30299,912289,,,30171,908768,loss,4012800
26,7,63,Connect-4,54045,3,win,1,select_coverage,2.0,exact,30299,912289,30171.0,908768.0,25157,737531,loss,11199848
26,7,63,Connect-4,54045,3,win,1,select_coverage,3.0,DAC,45012,1359912,,,44756,1352786,loss,5979848
26,7,63,Connect-4,54045,3,win,1,select_coverage,3.0,exact,45012,1359912,44756.0,1352786.0,37381,1099941,loss,16682772
26,7,63,Connect-4,54045,3,win,1,select_coverage,4.0,DAC,59760,1809849,,,59368,1798890,loss,7956572
26,7,63,Connect-4,54045,3,win,1,select_coverage,4.0,exact,59760,1809849,59368.0,1798890.0,49627,1463959,loss,22190592
26,7,63,Connect-4,54045,3,win,1,select_coverage_CBA_M1,,DAC,15028,449682,,,14987,448602,loss,1979120
26,7,63,Connect-4,54045,3,win,1,select_coverage_CBA_M1,,exact,15028,449682,14987.0,448602.0,12414,361195,loss,5517524
26,7,63,Connect-4,54045,3,win,2,select_coverage,1.0,exact,15081,451396,15040.0,450316.0,12445,362182,loss,5536880
26,7,63,Connect-4,54045,3,win,2,select_coverage,2.0,exact,30299,912289,30171.0,908768.0,25157,737531,loss,11199848
26,7,63,Connect-4,54045,3,win,2,select_coverage,3.0,exact,45012,1359912,44756.0,1352786.0,37381,1099941,loss,16682772
26,7,63,Connect-4,54045,3,win,2,select_coverage,4.0,exact,59760,1809849,59368.0,1798890.0,49627,1463959,loss,22190592
26,7,63,Connect-4,54045,3,win,2,select_coverage_CBA_M1,,exact,15024,449554,14983.0,448474.0,12412,361132,loss,5516120
26,7,64,Connect-4,54045,3,win,1,select_coverage,1.0,DAC,15051,449766,,,15010,448641,loss,1979732
26,7,64,Connect-4,54045,3,win,1,select_coverage,1.0,exact,15051,449766,15010.0,448641.0,12481,362786,draw,5525116
26,7,64,Connect-4,54045,3,win,1,select_coverage,2.0,DAC,30281,910321,,,30147,906680,loss,4004712
26,7,64,Connect-4,54045,3,win,1,select_coverage,2.0,exact,30281,910321,30147.0,906680.0,25295,740812,draw,11195980
26,7,64,Connect-4,54045,3,win,1,select_coverage,3.0,DAC,45069,1359957,,,44836,1353537,loss,5980712
26,7,64,Connect-4,54045,3,win,1,select_coverage,3.0,exact,45069,1359957,44836.0,1353537.0,37662,1107165,draw,16717412
26,7,64,Connect-4,54045,3,win,1,select_coverage,4.0,DAC,59900,1812090,,,59531,1801848,loss,7967216
26,7,64,Connect-4,54045,3,win,1,select_coverage,4.0,exact,59900,1812090,59531.0,1801848.0,50075,1476169,draw,22265444
26,7,64,Connect-4,54045,3,win,1,select_coverage_CBA_M1,,DAC,15017,448669,,,14976,447544,loss,1974936
26,7,64,Connect-4,54045,3,win,1,select_coverage_CBA_M1,,exact,15017,448669,14976.0,447544.0,12457,362033,draw,5512240
26,7,64,Connect-4,54045,3,win,2,select_coverage,1.0,exact,15051,449766,15010.0,448641.0,12481,362786,draw,5525116
26,7,64,Connect-4,54045,3,win,2,select_coverage,2.0,exact,30281,910321,30147.0,906680.0,25295,740812,draw,11195980
26,7,64,Connect-4,54045,3,win,2,select_coverage,3.0,exact,45069,1359957,44836.0,1353537.0,37662,1107165,draw,16717412
26,7,64,Connect-4,54045,3,win,2,select_coverage,4.0,exact,59900,1812090,59531.0,1801848.0,50075,1476169,draw,22265444
26,7,64,Connect-4,54045,3,win,2,select_coverage_CBA_M1,,exact,15017,448669,14976.0,447544.0,12457,362033,draw,5512240
26,7,65,Connect-4,54045,3,win,1,select_coverage,1.0,DAC,15123,451713,,,15093,450908,loss,1988384
26,7,65,Connect-4,54045,3,win,1,select_coverage,1.0,exact,15123,451713,15093.0,450908.0,12530,363880,draw,5549004
26,7,65,Connect-4,54045,3,win,1,select_coverage,2.0,DAC,30469,915591,,,30351,912436,loss,4028048
26,7,65,Connect-4,54045,3,win,1,select_coverage,2.0,exact,30469,915591,30351.0,912436.0,25384,742667,win,11254032
26,7,65,Connect-4,54045,3,win,1,select_coverage,3.0,DAC,45288,1365952,,,45072,1360072,loss,6007320
26,7,65,Connect-4,54045,3,win,1,select_coverage,3.0,exact,45288,1365952,45072.0,1360072.0,37704,1107390,win,16775984
26,7,65,Connect-4,54045,3,win,1,select_coverage,4.0,DAC,60125,1818065,,,59781,1808628,loss,7993816
26,7,65,Connect-4,54045,3,win,1,select_coverage,4.0,exact,60125,1818065,59779.0,1808559.0,50119,1476306,win,22324672
26,7,65,Connect-4,54045,3,win,1,select_coverage_CBA_M1,,DAC,15090,450650,,,15060,449845,loss,1983736
26,7,65,Connect-4,54045,3,win,1,select_coverage_CBA_M1,,exact,15090,450650,15060.0,449845.0,12507,363157,draw,5536552
26,7,65,Connect-4,54045,3,win,2,select_coverage,1.0,exact,15123,451713,15093.0,450908.0,12530,363880,draw,5549004
26,7,65,Connect-4,54045,3,win,2,select_coverage,2.0,exact,30469,915591,30351.0,912436.0,25384,742667,win,11254032
26,7,65,Connect-4,54045,3,win,2,select_coverage,3.0,exact,45288,1365952,45072.0,1360072.0,37704,1107390,win,16775984
26,7,65,Connect-4,54045,3,win,2,select_coverage,4.0,exact,60125,1818065,59779.0,1808559.0,50119,1476306,win,22324672
26,7,65,Connect-4,54045,3,win,2,select_coverage_CBA_M1,,exact,15090,450650,15060.0,449845.0,12507,363157,draw,5536552
26,7,68,Connect-4,54045,3,win,1,select_coverage,1.0,DAC,15027,449393,,,14988,448388,loss,1977952
26,7,68,Connect-4,54045,3,win,1,select_coverage,1.0,exact,15027,449393,14988.0,448388.0,12417,361046,draw,5514948
26,7,68,Connect-4,54045,3,win,1,select_coverage,2.0,DAC,30408,914731,,,30273,911113,loss,4023876
26,7,68,Connect-4,54045,3,win,1,select_coverage,2.0,exact,30408,914731,30272.0,911079.0,25326,741936,loss,11239712
26,7,68,Connect-4,54045,3,win,1,select_coverage,3.0,DAC,45164,1363556,,,44919,1356896,loss,5996248
26,7,68,Connect-4,54045,3,win,1,select_coverage,3.0,exact,45164,1363556,44918.0,1356862.0,37688,1108521,loss,16753156
26,7,68,Connect-4,54045,3,win,1,select_coverage,4.0,DAC,59774,1808812,,,59391,1798351,loss,7952592
26,7,68,Connect-4,54045,3,win,1,select_coverage,4.0,exact,59774,1808812,59388.0,1798247.0,49857,1469952,loss,22208484
26,7,68,Connect-4,54045,3,win,1,select_coverage_CBA_M1,,DAC,14989,448162,,,14950,447157,loss,1972572
26,7,68,Connect-4,54045,3,win,1,select_coverage_CBA_M1,,exact,14989,448162,14950.0,447157.0,12397,360422,draw,5501388
26,7,68,Connect-4,54045,3,win,2,select_coverage,1.0,exact,15027,449393,14988.0,448388.0,12417,361046,draw,5514948
26,7,68,Connect-4,54045,3,win,2,select_coverage,2.0,exact,30408,914731,30272.0,911079.0,25326,741936,loss,11239712
26,7,68,Connect-4,54045,3,win,2,select_coverage,3.0,exact,45164,1363556,44918.0,1356862.0,37688,1108521,loss,16753156
26,7,68,Connect-4,54045,3,win,2,select_coverage,4.0,exact,59774,1808812,59388.0,1798247.0,49857,1469952,loss,22208484
26,7,68,Connect-4,54045,3,win,2,select_coverage_CBA_M1,,exact,14989,448162,14950.0,447157.0,12397,360422,draw,5501388
26,7,74,Connect-4,54045,3,win,1,select_coverage,1.0,DAC,14992,448138,,,14952,447053,loss,1972512
26,7,74,Connect-4,54045,3,win,1,select_coverage,1.0,exact,14992,448138,14951.0,447018.0,12439,361624,draw,5505576
26,7,74,Connect-4,54045,3,win,1,select_coverage,2.0,DAC,30200,907942,,,30073,904531,loss,3994224
26,7,74,Connect-4,54045,3,win,1,select_coverage,2.0,exact,30200,907942,30072.0,904496.0,25171,736837,draw,11159428
26,7,74,Connect-4,54045,3,win,1,select_coverage,3.0,DAC,45022,1358899,,,44795,1352696,loss,5975916
26,7,74,Connect-4,54045,3,win,1,select_coverage,3.0,exact,45022,1358899,44794.0,1352661.0,37531,1103381,draw,16693196
26,7,74,Connect-4,54045,3,win,1,select_coverage,4.0,DAC,59866,1812014,,,59499,1801901,loss,7966504
26,7,74,Connect-4,54045,3,win,1,select_coverage,4.0,exact,59866,1812014,59498.0,1801866.0,49889,1471095,draw,22243860
26,7,74,Connect-4,54045,3,win,1,select_coverage_CBA_M1,,DAC,14956,446965,,,14916,445880,loss,1967388
26,7,74,Connect-4,54045,3,win,1,select_coverage_CBA_M1,,exact,14956,446965,14915.0,445845.0,12414,360838,draw,5491896
26,7,74,Connect-4,54045,3,win,2,select_coverage,1.0,exact,14992,448138,14951.0,447018.0,12439,361624,draw,5505576
26,7,74,Connect-4,54045,3,win,2,select_coverage,2.0,exact,30200,907942,30072.0,904496.0,25171,736837,draw,11159428
26,7,74,Connect-4,54045,3,win,2,select_coverage,3.0,exact,45022,1358899,44794.0,1352661.0,37531,1103381,draw,16693196
26,7,74,Connect-4,54045,3,win,2,select_coverage,4.0,exact,59866,1812014,59498.0,1801866.0,49889,1471095,draw,22243860
26,7,74,Connect-4,54045,3,win,2,select_coverage_CBA_M1,,exact,14956,446965,14915.0,445845.0,12414,360838,draw,5491896
26,7,76,Connect-4,54045,3,win,1,select_coverage,1.0,DAC,15039,449464,,,14993,448229,loss,1978380
26,7,76,Connect-4,54045,3,win,1,select_coverage,1.0,exact,15039,449464,14993.0,448229.0,12464,362158,draw,5519204
26,7,76,Connect-4,54045,3,win,1,select_coverage,2.0,DAC,30274,909998,,,30139,906328,loss,4003336
26,7,76,Connect-4,54045,3,win,1,select_coverage,2.0,exact,30274,909998,30139.0,906328.0,25226,738246,loss,11182760
26,7,76,Connect-4,54045,3,win,1,select_coverage,3.0,DAC,45061,1359312,,,44816,1352564,loss,5978036
26,7,76,Connect-4,54045,3,win,1,select_coverage,3.0,exact,45061,1359312,44816.0,1352564.0,37606,1105070,loss,16701920
26,7,76,Connect-4,54045,3,win,1,select_coverage,4.0,DAC,59738,1806646,,,59366,1796397,loss,7943496
26,7,76,Connect-4,54045,3,win,1,select_coverage,4.0,exact,59738,1806646,59366.0,1796397.0,49844,1468611,loss,22186352
26,7,76,Connect-4,54045,3,win,1,select_coverage_CBA_M1,,DAC,15006,448397,,,14961,447195,loss,1973716
26,7,76,Connect-4,54045,3,win,1,select_coverage_CBA_M1,,exact,15006,448397,14961.0,447195.0,12444,361533,draw,5507276
26,7,76,Connect-4,54045,3,win,2,select_coverage,1.0,exact,15039,449464,14993.0,448229.0,12464,362158,draw,5519204
26,7,76,Connect-4,54045,3,win,2,select_coverage,2.0,exact,30274,909998,30139.0,906328.0,25226,738246,loss,11182760
26,7,76,Connect-4,54045,3,win,2,select_coverage,3.0,exact,45061,1359312,44816.0,1352564.0,37606,1105070,loss,16701920
26,7,76,Connect-4,54045,3,win,2,select_coverage,4.0,exact,59738,1806646,59366.0,1796397.0,49844,1468611,loss,22186352
26,7,76,Connect-4,54045,3,win,2,select_coverage_CBA_M1,,exact,15006,448397,14961.0,447195.0,12444,361533,draw,5507276
26,7,100,Connect-4,54045,3,win,1,select_coverage,1.0,DAC,15188,453085,,,15160,452352,loss,1994652
26,7,100,Connect-4,54045,3,win,1,select_coverage,1.0,exact,15188,453085,15160.0,452352.0,12613,365888,win,5570444
26,7,100,Connect-4,54045,3,win,1,select_coverage,2.0,DAC,30569,917545,,,30456,914499,loss,4037064
26,7,100,Connect-4,54045,3,win,1,select_coverage,2.0,exact,30569,917545,30456.0,914499.0,25464,744006,win,11278816
26,7,100,Connect-4,54045,3,win,1,select_coverage,3.0,DAC,45377,1366916,,,45157,1360845,loss,6012244
26,7,100,Connect-4,54045,3,win,1,select_coverage,3.0,exact,45377,1366916,45157.0,1360845.0,37850,1110205,win,16796912
26,7,100,Connect-4,54045,3,win,1,select_coverage,4.0,DAC,60186,1817705,,,59840,1808101,loss,7993108
26,7,100,Connect-4,54045,3,win,1,select_coverage,4.0,exact,60186,1817705,59839.0,1808067.0,50286,1479419,win,22335636
26,7,100,Connect-4,54045,3,win,1,select_coverage_CBA_M1,,DAC,15151,451896,,,15123,451163,loss,1989452
26,7,100,Connect-4,54045,3,win,1,select_coverage_CBA_M1,,exact,15151,451896,15123.0,451163.0,12591,365203,win,5557008
26,7,100,Connect-4,54045,3,win,2,select_coverage,1.0,exact,15188,453085,15160.0,452352.0,12613,365888,win,5570444
26,7,100,Connect-4,54045,3,win,2,select_coverage,2.0,exact,30569,917545,30456.0,914499.0,25464,744006,win,11278816
26,7,100,Connect-4,54045,3,win,2,select_coverage,3.0,exact,45377,1366916,45157.0,1360845.0,37850,1110205,win,16796912
26,7,100,Connect-4,54045,3,win,2,select_coverage,4.0,exact,60186,1817705,59839.0,1808067.0,50286,1479419,win,22335636
26,7,100,Connect-4,54045,3,win,2,select_coverage_CBA_M1,,exact,15150,451867,15122.0,451134.0,12591,365203,win,5556744
26,7,114,Connect-4,54045,3,win,1,select_coverage,1.0,DAC,15117,451797,,,15079,450772,loss,1988648
26,7,114,Connect-4,54045,3,win,1,select_coverage,1.0,exact,15117,451797,15079.0,450772.0,12586,366040,draw,5556988
26,7,114,Connect-4,54045,3,win,1,select_coverage,2.0,DAC,30464,915679,,,30331,912050,loss,4028340
26,7,114,Connect-4,54045,3,win,1,select_coverage,2.0,exact,30464,915679,30331.0,912050.0,25442,744712,win,11260380
26,7,114,Connect-4,54045,3,win,1,select_coverage,3.0,DAC,45229,1364389,,,44994,1357976,loss,6000360
26,7,114,Connect-4,54045,3,win,1,select_coverage,3.0,exact,45229,1364389,44994.0,1357976.0,37790,1110598,win,16771684
26,7,114,Connect-4,54045,3,win,1,select_coverage,4.0,DAC,60131,1818407,,,59759,1808266,loss,7995256
26,7,114,Connect-4,54045,3,win,1,select_coverage,4.0,exact,60131,1818407,59759.0,1808266.0,50210,1479512,win,22337052
26,7,114,Connect-4,54045,3,win,1,select_coverage_CBA_M1,,DAC,15076,450471,,,15038,449446,loss,1982852
26,7,114,Connect-4,54045,3,win,1,select_coverage_CBA_M1,,exact,15076,450471,15038.0,449446.0,12560,365232,draw,5541836
26,7,114,Connect-4,54045,3,win,2,select_coverage,1.0,exact,15117,451797,15079.0,450772.0,12586,366040,draw,5556988
26,7,114,Connect-4,54045,3,win,2,select_coverage,2.0,exact,30464,915679,30331.0,912050.0,25442,744712,win,11260380
26,7,114,Connect-4,54045,3,win,2,select_coverage,3.0,exact,45229,1364389,44994.0,1357976.0,37790,1110598,win,16771684
26,7,114,Connect-4,54045,3,win,2,select_coverage,4.0,exact,60131,1818407,59759.0,1808266.0,50210,1479512,win,22337052
26,7,114,Connect-4,54045,3,win,2,select_coverage_CBA_M1,,exact,15076,450471,15038.0,449446.0,12560,365232,draw,5541836
26,7,133,Connect-4,54045,3,win,1,select_coverage,1.0,DAC,15085,451019,,,15041,449828,loss,1985152
26,7,133,Connect-4,54045,3,win,1,select_coverage,1.0,exact,15085,451019,15041.0,449828.0,12539,364758,loss,5543756
26,7,133,Connect-4,54045,3,win,1,select_coverage,2.0,DAC,30517,918083,,,30379,914237,loss,4038592
26,7,133,Connect-4,54045,3,win,1,select_coverage,2.0,exact,30517,918083,30378.0,914201.0,25493,746900,win,11288856
26,7,133,Connect-4,54045,3,win,1,select_coverage,3.0,DAC,45338,1368798,,,45086,1361722,loss,6019304
26,7,133,Connect-4,54045,3,win,1,select_coverage,3.0,exact,45338,1368798,45085.0,1361686.0,37851,1112970,win,16816560
26,7,133,Connect-4,54045,3,win,1,select_coverage,4.0,DAC,60241,1822984,,,59856,1812119,loss,8014884
26,7,133,Connect-4,54045,3,win,1,select_coverage,4.0,exact,60241,1822984,59855.0,1812083.0,50361,1484878,win,22395164
26,7,133,Connect-4,54045,3,win,1,select_coverage_CBA_M1,,DAC,15046,449729,,,15002,448538,loss,1979524
26,7,133,Connect-4,54045,3,win,1,select_coverage_CBA_M1,,exact,15046,449729,15002.0,448538.0,12515,363988,loss,5529108
26,7,133,Connect-4,54045,3,win,2,select_coverage,1.0,exact,15085,451019,15041.0,449828.0,12539,364758,loss,5543756
26,7,133,Connect-4,54045,3,win,2,select_coverage,2.0,exact,30517,918083,30378.0,914201.0,25493,746900,win,11288856
26,7,133,Connect-4,54045,3,win,2,select_coverage,3.0,exact,45338,1368798,45085.0,1361686.0,37851,1112970,win,16816560
26,7,133,Connect-4,54045,3,win,2,select_coverage,4.0,exact,60241,1822984,59855.0,1812083.0,50361,1484878,win,22395164
26,7,133,Connect-4,54045,3,win,2,select_coverage_CBA_M1,,exact,15046,449729,15002.0,448538.0,12515,363988,loss,5529108
26,7,138,Connect-4,54045,3,win,1,select_coverage,1.0,DAC,15168,453819,,,15134,452931,loss,1997348
26,7,138,Connect-4,54045,3,win,1,select_coverage,1.0,exact,15168,453819,15134.0,452931.0,12639,367988,draw,5583264
26,7,138,Connect-4,54045,3,win,1,select_coverage,2.0,DAC,30428,915891,,,30297,912353,loss,4028756
26,7,138,Connect-4,54045,3,win,1,select_coverage,2.0,exact,30428,915891,30297.0,912353.0,25395,744495,win,11260484
26,7,138,Connect-4,54045,3,win,1,select_coverage,3.0,DAC,45291,1368270,,,45060,1361913,loss,6016628
26,7,138,Connect-4,54045,3,win,1,select_coverage,3.0,exact,45291,1368270,45060.0,1361913.0,37781,1111690,win,16809436
26,7,138,Connect-4,54045,3,win,1,select_coverage,4.0,DAC,60159,1821535,,,59788,1811238,loss,8008104
26,7,138,Connect-4,54045,3,win,1,select_coverage,4.0,exact,60159,1821535,59788.0,1811238.0,50276,1483420,win,22378012
26,7,138,Connect-4,54045,3,win,1,select_coverage_CBA_M1,,DAC,15129,452547,,,15095,451659,loss,1991792
26,7,138,Connect-4,54045,3,win,1,select_coverage_CBA_M1,,exact,15129,452547,15095.0,451659.0,12614,367186,win,5568632
26,7,138,Connect-4,54045,3,win,2,select_coverage,1.0,exact,15168,453819,15134.0,452931.0,12639,367988,draw,5583264
26,7,138,Connect-4,54045,3,win,2,select_coverage,2.0,exact,30428,915891,30297.0,912353.0,25395,744495,win,11260484
26,7,138,Connect-4,54045,3,win,2,select_coverage,3.0,exact,45291,1368270,45060.0,1361913.0,37781,1111690,win,16809436
26,7,138,Connect-4,54045,3,win,2,select_coverage,4.0,exact,60159,1821535,59788.0,1811238.0,50276,1483420,win,22378012
26,7,138,Connect-4,54045,3,win,2,select_coverage_CBA_M1,,exact,15129,452547,15095.0,451659.0,12614,367186,win,5568632
26,7,148,Connect-4,54045,3,win,1,select_coverage,1.0,DAC,15050,450593,,,15012,449538,loss,1983028
26,7,148,Connect-4,54045,3,win,1,select_coverage,1.0,exact,15050,450593,15012.0,449538.0,12431,361944,draw,5528708
26,7,148,Connect-4,54045,3,win,1,select_coverage,2.0,DAC,30233,909948,,,30104,906333,loss,4002644
26,7,148,Connect-4,54045,3,win,1,select_coverage,2.0,exact,30233,909948,30103.0,906299.0,25139,736820,win,11175588
26,7,148,Connect-4,54045,3,win,1,select_coverage,3.0,DAC,44883,1355228,,,44652,1348674,loss,5959564
26,7,148,Connect-4,54045,3,win,1,select_coverage,3.0,exact,44883,1355228,44651.0,1348640.0,37347,1098255,win,16637348
26,7,148,Connect-4,54045,3,win,1,select_coverage,4.0,DAC,59752,1809212,,,59401,1799255,loss,7953928
26,7,148,Connect-4,54045,3,win,1,select_coverage,4.0,exact,59752,1809212,59400.0,1799221.0,49787,1468715,win,22209416
26,7,148,Connect-4,54045,3,win,1,select_coverage_CBA_M1,,DAC,15025,449775,,,14987,448720,loss,1979456
26,7,148,Connect-4,54045,3,win,1,select_coverage_CBA_M1,,exact,15025,449775,14987.0,448720.0,12416,361466,draw,5519452
26,7,148,Connect-4,54045,3,win,2,select_coverage,1.0,exact,15050,450593,15012.0,449538.0,12431,361944,draw,5528708
26,7,148,Connect-4,54045,3,win,2,select_coverage,2.0,exact,30233,909948,30103.0,906299.0,25139,736820,win,11175588
26,7,148,Connect-4,54045,3,win,2,select_coverage,3.0,exact,44883,1355228,44651.0,1348640.0,37347,1098255,win,16637348
26,7,148,Connect-4,54045,3,win,2,select_coverage,4.0,exact,59752,1809212,59400.0,1799221.0,49787,1468715,win,22209416
26,7,148,Connect-4,54045,3,win,2,select_coverage_CBA_M1,,exact,15025,449775,14987.0,448720.0,12416,361466,draw,5519452
26,8,5,Connect-4,54045,3,win,1,select_coverage,1.0,DAC,15240,452404,,,15205,451486,loss,1992560
26,8,5,Connect-4,54045,3,win,1,select_coverage,1.0,exact,15240,452404,15205.0,451486.0,12585,362937,loss,5553892
26,8,5,Connect-4,54045,3,win,1,select_coverage,2.0,DAC,30637,914580,,,30514,911300,loss,4026028
26,8,5,Connect-4,54045,3,win,1,select_coverage,2.0,exact,30637,914580,30514.0,911300.0,25366,736341,win,11225356
26,8,5,Connect-4,54045,3,win,1,select_coverage,3.0,DAC,45594,1366240,,,45354,1359736,loss,6012152
26,8,5,Connect-4,54045,3,win,1,select_coverage,3.0,exact,45594,1366240,45353.0,1359703.0,37768,1100927,win,16758800
26,8,5,Connect-4,54045,3,win,1,select_coverage,4.0,DAC,60531,1819524,,,60122,1808342,loss,8004532
26,8,5,Connect-4,54045,3,win,1,select_coverage,4.0,exact,60531,1819524,60121.0,1808309.0,50104,1465462,win,22297076
26,8,5,Connect-4,54045,3,win,1,select_coverage_CBA_M1,,DAC,15206,451307,,,15171,450389,loss,1987764
26,8,5,Connect-4,54045,3,win,1,select_coverage_CBA_M1,,exact,15206,451307,15171.0,450389.0,12568,362413,loss,5541932
26,8,5,Connect-4,54045,3,win,2,select_coverage,1.0,exact,15240,452404,15205.0,451486.0,12585,362937,loss,5553892
26,8,5,Connect-4,54045,3,win,2,select_coverage,2.0,exact,30637,914580,30514.0,911300.0,25366,736341,win,11225356
26,8,5,Connect-4,54045,3,win,2,select_coverage,3.0,exact,45594,1366240,45353.0,1359703.0,37768,1100927,win,16758800
26,8,5,Connect-4,54045,3,win,2,select_coverage,4.0,exact,60531,1819524,60121.0,1808309.0,50104,1465462,win,22297076
26,8,5,Connect-4,54045,3,win,2,select_coverage_CBA_M1,,exact,15206,451307,15171.0,450389.0,12568,362413,loss,5541932
26,8,14,Connect-4,54045,3,win,1,select_coverage,1.0,DAC,15186,451594,,,15147,450561,loss,1988672
26,8,14,Connect-4,54045,3,win,1,select_coverage,1.0,exact,15186,451594,15147.0,450561.0,12455,359669,draw,5532024
26,8,14,Connect-4,54045,3,win,1,select_coverage,2.0,DAC,30596,914853,,,30474,911572,loss,4026628
26,8,14,Connect-4,54045,3,win,1,select_coverage,2.0,exact,30596,914853,30474.0,911572.0,25269,734836,win,11220236
26,8,14,Connect-4,54045,3,win,1,select_coverage,3.0,DAC,45434,1363181,,,45210,1357029,loss,5997996
26,8,14,Connect-4,54045,3,win,1,select_coverage,3.0,exact,45434,1363181,45210.0,1357029.0,37580,1096904,win,16715200
26,8,14,Connect-4,54045,3,win,1,select_coverage,4.0,DAC,60344,1815508,,,59967,1805086,loss,7986224
26,8,14,Connect-4,54045,3,win,1,select_coverage,4.0,exact,60344,1815508,59967.0,1805086.0,49924,1461612,win,22247792
26,8,14,Connect-4,54045,3,win,1,select_coverage_CBA_M1,,DAC,15149,450375,,,15110,449342,loss,1983352
26,8,14,Connect-4,54045,3,win,1,select_coverage_CBA_M1,,exact,15149,450375,15110.0,449342.0,12439,359165,draw,5519072
26,8,14,Connect-4,54045,3,win,2,select_coverage,1.0,exact,15186,451594,15147.0,450561.0,12455,359669,draw,5532024
26,8,14,Connect-4,54045,3,win,2,select_coverage,2.0,exact,30596,914853,30474.0,911572.0,25269,734836,win,11220236
26,8,14,Connect-4,54045,3,win,2,select_coverage,3.0,exact,45434,1363181,45210.0,1357029.0,37580,1096904,win,16715200
26,8,14,Connect-4,54045,3,win,2,select_coverage,4.0,exact,60344,1815508,59967.0,1805086.0,49924,1461612,win,22247792
26,8,14,Connect-4,54045,3,win,2,select_coverage_CBA_M1,,exact,15149,450375,15110.0,449342.0,12439,359165,draw,5519072
26,8,17,Connect-4,54045,3,win,1,select_coverage,1.0,DAC,15319,455126,,,15287,454274,loss,2004396
26,8,17,Connect-4,54045,3,win,1,select_coverage,1.0,exact,15319,455126,15287.0,454274.0,12490,359897,draw,5566396
26,8,17,Connect-4,54045,3,win,1,select_coverage,2.0,DAC,30919,923904,,,30802,920796,loss,4066708
26,8,17,Connect-4,54045,3,win,1,select_coverage,2.0,exact,30919,923904,30802.0,920796.0,25485,740217,win,11325356
26,8,17,Connect-4,54045,3,win,1,select_coverage,3.0,DAC,45879,1375790,,,45666,1370018,loss,6053772
26,8,17,Connect-4,54045,3,win,1,select_coverage,3.0,exact,45879,1375790,45666.0,1370018.0,37849,1103642,win,16859136
26,8,17,Connect-4,54045,3,win,1,select_coverage,4.0,DAC,60846,1829399,,,60510,1820271,loss,8047812
26,8,17,Connect-4,54045,3,win,1,select_coverage,4.0,exact,60846,1829399,60509.0,1820236.0,50298,1471196,win,22419636
26,8,17,Connect-4,54045,3,win,1,select_coverage_CBA_M1,,DAC,15297,454425,,,15265,453573,loss,2001328
26,8,17,Connect-4,54045,3,win,1,select_coverage_CBA_M1,,exact,15297,454425,15265.0,453573.0,12474,359404,draw,5558112
26,8,17,Connect-4,54045,3,win,2,select_coverage,1.0,exact,15319,455126,15287.0,454274.0,12490,359897,draw,5566396
26,8,17,Connect-4,54045,3,win,2,select_coverage,2.0,exact,30919,923904,30802.0,920796.0,25485,740217,win,11325356
26,8,17,Connect-4,54045,3,win,2,select_coverage,3.0,exact,45879,1375790,45666.0,1370018.0,37849,1103642,win,16859136
26,8,17,Connect-4,54045,3,win,2,select_coverage,4.0,exact,60846,1829399,60509.0,1820236.0,50298,1471196,win,22419636
26,8,17,Connect-4,54045,3,win,2,select_coverage_CBA_M1,,exact,15297,454425,15265.0,453573.0,12474,359404,draw,5558112
26,8,19,Connect-4,54045,3,win,1,select_coverage,1.0,DAC,15279,453759,,,15232,452516,loss,1998448
26,8,19,Connect-4,54045,3,win,1,select_coverage,1.0,exact,15279,453759,15232.0,452516.0,12576,362963,draw,5564400
26,8,19,Connect-4,54045,3,win,1,select_coverage,2.0,DAC,30704,917039,,,30568,913323,loss,4036668
26,8,19,Connect-4,54045,3,win,1,select_coverage,2.0,exact,30704,917039,30567.0,913288.0,25396,738080,draw,11251796
26,8,19,Connect-4,54045,3,win,1,select_coverage,3.0,DAC,45692,1369875,,,45443,1362999,loss,6027868
26,8,19,Connect-4,54045,3,win,1,select_coverage,3.0,exact,45692,1369875,45442.0,1362964.0,37760,1101484,draw,16791460
26,8,19,Connect-4,54045,3,win,1,select_coverage,4.0,DAC,60607,1821703,,,60222,1811079,loss,8014160
26,8,19,Connect-4,54045,3,win,1,select_coverage,4.0,exact,60607,1821703,60220.0,1811010.0,50145,1467036,draw,22326060
26,8,19,Connect-4,54045,3,win,1,select_coverage_CBA_M1,,DAC,15253,452927,,,15206,451684,loss,1994808
26,8,19,Connect-4,54045,3,win,1,select_coverage_CBA_M1,,exact,15253,452927,15206.0,451684.0,12555,362309,draw,5554296
26,8,19,Connect-4,54045,3,win,2,select_coverage,1.0,exact,15279,453759,15232.0,452516.0,12576,362963,draw,5564400
26,8,19,Connect-4,54045,3,win,2,select_coverage,2.0,exact,30704,917039,30567.0,913288.0,25396,738080,draw,11251796
26,8,19,Connect-4,54045,3,win,2,select_coverage,3.0,exact,45692,1369875,45442.0,1362964.0,37760,1101484,draw,16791460
26,8,19,Connect-4,54045,3,win,2,select_coverage,4.0,exact,60607,1821703,60220.0,1811010.0,50145,1467036,draw,22326060
26,8,19,Connect-4,54045,3,win,2,select_coverage_CBA_M1,,exact,15253,452927,15206.0,451684.0,12555,362309,draw,5554296
26,8,29,Connect-4,54045,3,win,1,select_coverage,1.0,DAC,15405,457429,,,15371,456552,loss,2014640
26,8,29,Connect-4,54045,3,win,1,select_coverage,1.0,exact,15405,457429,15371.0,456552.0,12662,365113,draw,5608272
26,8,29,Connect-4,54045,3,win,1,select_coverage,2.0,DAC,31045,927344,,,30907,923629,loss,4081980
26,8,29,Connect-4,54045,3,win,1,select_coverage,2.0,exact,31045,927344,30907.0,923629.0,25698,746626,win,11379444
26,8,29,Connect-4,54045,3,win,1,select_coverage,3.0,DAC,46063,1380419,,,45786,1372825,loss,6074496
26,8,29,Connect-4,54045,3,win,1,select_coverage,3.0,exact,46063,1380419,45786.0,1372825.0,38099,1110587,win,16920500
26,8,29,Connect-4,54045,3,win,1,select_coverage,4.0,DAC,61165,1838148,,,60748,1826715,loss,8086636
26,8,29,Connect-4,54045,3,win,1,select_coverage,4.0,exact,61165,1838148,60748.0,1826715.0,50601,1479642,win,22521980
26,8,29,Connect-4,54045,3,win,1,select_coverage_CBA_M1,,DAC,15369,456279,,,15336,455433,loss,2009608
26,8,29,Connect-4,54045,3,win,1,select_coverage_CBA_M1,,exact,15369,456279,15336.0,455433.0,12643,364518,draw,5595696
26,8,29,Connect-4,54045,3,win,2,select_coverage,1.0,exact,15405,457429,15371.0,456552.0,12662,365113,draw,5608272
26,8,29,Connect-4,54045,3,win,2,select_coverage,2.0,exact,31045,927344,30907.0,923629.0,25698,746626,win,11379444
26,8,29,Connect-4,54045,3,win,2,select_coverage,3.0,exact,46063,1380419,45786.0,1372825.0,38099,1110587,win,16920500
26,8,29,Connect-4,54045,3,win,2,select_coverage,4.0,exact,61165,1838148,60748.0,1826715.0,50601,1479642,win,22521980
26,8,29,Connect-4,54045,3,win,2,select_coverage_CBA_M1,,exact,15369,456279,15336.0,455433.0,12643,364518,draw,5595696
26,8,31,Connect-4,54045,3,win,1,select_coverage,1.0,DAC,15228,452768,,,15185,451625,loss,1993872
26,8,31,Connect-4,54045,3,win,1,select_coverage,1.0,exact,15228,452768,15185.0,451625.0,12468,359786,draw,5542660
26,8,31,Connect-4,54045,3,win,1,select_coverage,2.0,DAC,30622,915531,,,30482,911767,loss,4029652
26,8,31,Connect-4,54045,3,win,1,select_coverage,2.0,exact,30622,915531,30482.0,911767.0,25300,735615,win,11227100
26,8,31,Connect-4,54045,3,win,1,select_coverage,3.0,DAC,45508,1365232,,,45268,1358673,loss,6007088
26,8,31,Connect-4,54045,3,win,1,select_coverage,3.0,exact,45508,1365232,45268.0,1358673.0,37659,1099130,win,16740740
26,8,31,Connect-4,54045,3,win,1,select_coverage,4.0,DAC,60474,1818786,,,60101,1808534,loss,8000896
26,8,31,Connect-4,54045,3,win,1,select_coverage,4.0,exact,60474,1818786,60100.0,1808499.0,50102,1466369,win,22297840
26,8,31,Connect-4,54045,3,win,1,select_coverage_CBA_M1,,DAC,15194,451656,,,15151,450513,loss,1989016
26,8,31,Connect-4,54045,3,win,1,select_coverage_CBA_M1,,exact,15194,451656,15151.0,450513.0,12447,359111,draw,5529976
26,8,31,Connect-4,54045,3,win,2,select_coverage,1.0,exact,15228,452768,15185.0,451625.0,12468,359786,draw,5542660
26,8,31,Connect-4,54045,3,win,2,select_coverage,2.0,exact,30622,915531,30482.0,911767.0,25300,735615,win,11227100
26,8,31,Connect-4,54045,3,win,2,select_coverage,3.0,exact,45508,1365232,45268.0,1358673.0,37659,1099130,win,16740740
26,8,31,Connect-4,54045,3,win,2,select_coverage,4.0,exact,60474,1818786,60100.0,1808499.0,50102,1466369,win,22297840
26,8,31,Connect-4,54045,3,win,2,select_coverage_CBA_M1,,exact,15194,451656,15151.0,450513.0,12447,359111,draw,5529976
26,8,34,Connect-4,54045,3,win,1,select_coverage,1.0,DAC,15285,453441,,,15241,452242,loss,1997248
26,8,34,Connect-4,54045,3,win,1,select_coverage,1.0,exact,15285,453441,15241.0,452242.0,12535,361106,draw,5554892
26,8,34,Connect-4,54045,3,win,1,select_coverage,2.0,DAC,30723,916863,,,30574,912749,loss,4036192
26,8,34,Connect-4,54045,3,win,1,select_coverage,2.0,exact,30723,916863,30574.0,912749.0,25368,736379,win,11242356
26,8,34,Connect-4,54045,3,win,1,select_coverage,3.0,DAC,45548,1364384,,,45290,1357229,loss,6004176
26,8,34,Connect-4,54045,3,win,1,select_coverage,3.0,exact,45548,1364384,45289.0,1357194.0,37659,1097523,win,16725676
26,8,34,Connect-4,54045,3,win,1,select_coverage,4.0,DAC,60439,1815449,,,60031,1804121,loss,7987128
26,8,34,Connect-4,54045,3,win,1,select_coverage,4.0,exact,60439,1815449,60028.0,1804020.0,49968,1460626,win,22241300
26,8,34,Connect-4,54045,3,win,1,select_coverage_CBA_M1,,DAC,15253,452415,,,15209,451216,loss,1992760
26,8,34,Connect-4,54045,3,win,1,select_coverage_CBA_M1,,exact,15253,452415,15209.0,451216.0,12509,360278,draw,5542348
26,8,34,Connect-4,54045,3,win,2,select_coverage,1.0,exact,15285,453441,15241.0,452242.0,12535,361106,draw,5554892
26,8,34,Connect-4,54045,3,win,2,select_coverage,2.0,exact,30723,916863,30574.0,912749.0,25368,736379,win,11242356
26,8,34,Connect-4,54045,3,win,2,select_coverage,3.0,exact,45548,1364384,45289.0,1357194.0,37659,1097523,win,16725676
26,8,34,Connect-4,54045,3,win,2,select_coverage,4.0,exact,60439,1815449,60028.0,1804020.0,49968,1460626,win,22241300
26,8,34,Connect-4,54045,3,win,2,select_coverage_CBA_M1,,exact,15253,452415,15209.0,451216.0,12509,360278,draw,5542348
26,8,42,Connect-4,54045,3,win,1,select_coverage,1.0,DAC,15376,457437,,,15333,456248,loss,2014324
26,8,42,Connect-4,54045,3,win,1,select_coverage,1.0,exact,15376,457437,15333.0,456248.0,12661,366058,win,5609652
26,8,42,Connect-4,54045,3,win,1,select_coverage,2.0,DAC,30909,924044,,,30757,919826,loss,4067148
26,8,42,Connect-4,54045,3,win,1,select_coverage,2.0,exact,30909,924044,30757.0,919826.0,25554,743226,win,11332632
26,8,42,Connect-4,54045,3,win,1,select_coverage,3.0,DAC,45881,1376765,,,45625,1369612,loss,6057696
26,8,42,Connect-4,54045,3,win,1,select_coverage,3.0,exact,45881,1376765,45625.0,1369612.0,37911,1106706,win,16872356
26,8,42,Connect-4,54045,3,win,1,select_coverage,4.0,DAC,60947,1833855,,,60557,1822959,loss,8066848
26,8,42,Connect-4,54045,3,win,1,select_coverage,4.0,exact,60947,1833855,60556.0,1822925.0,50457,1477699,win,22475732
26,8,42,Connect-4,54045,3,win,1,select_coverage_CBA_M1,,DAC,15346,456463,,,15303,455274,loss,2010068
26,8,42,Connect-4,54045,3,win,1,select_coverage_CBA_M1,,exact,15346,456463,15303.0,455274.0,12645,365557,win,5598896
26,8,42,Connect-4,54045,3,win,2,select_coverage,1.0,exact,15376,457437,15333.0,456248.0,12661,366058,win,5609652
26,8,42,Connect-4,54045,3,win,2,select_coverage,2.0,exact,30909,924044,30757.0,919826.0,25554,743226,win,11332632
26,8,42,Connect-4,54045,3,win,2,select_coverage,3.0,exact,45881,1376765,45625.0,1369612.0,37911,1106706,win,16872356
26,8,42,Connect-4,54045,3,win,2,select_coverage,4.0,exact,60947,1833855,60556.0,1822925.0,50457,1477699,win,22475732
26,8,42,Connect-4,54045,3,win,2,select_coverage_CBA_M1,,exact,15346,456463,15303.0,455274.0,12645,365557,win,5598896
26,8,49,Connect-4,54045,3,win,1,select_coverage,1.0,DAC,15262,454002,,,15221,452891,loss,1999216
26,8,49,Connect-4,54045,3,win,1,select_coverage,1.0,exact,15262,454002,15221.0,452891.0,12478,360321,win,5555952
26,8,49,Connect-4,54045,3,win,1,select_coverage,2.0,DAC,30750,919743,,,30603,915704,loss,4048036
26,8,49,Connect-4,54045,3,win,1,select_coverage,2.0,exact,30750,919743,30603.0,915704.0,25313,736137,win,11265656
26,8,49,Connect-4,54045,3,win,1,select_coverage,3.0,DAC,45617,1369280,,,45358,1362155,loss,6024588
26,8,49,Connect-4,54045,3,win,1,select_coverage,3.0,exact,45617,1369280,45358.0,1362155.0,37574,1096954,win,16765036
26,8,49,Connect-4,54045,3,win,1,select_coverage,4.0,DAC,60557,1822140,,,60154,1811077,loss,8015308
26,8,49,Connect-4,54045,3,win,1,select_coverage,4.0,exact,60557,1822140,60154.0,1811077.0,49980,1463577,win,22312128
26,8,49,Connect-4,54045,3,win,1,select_coverage_CBA_M1,,DAC,15232,453011,,,15191,451900,loss,1994892
26,8,49,Connect-4,54045,3,win,1,select_coverage_CBA_M1,,exact,15232,453011,15191.0,451900.0,12462,359815,win,5545040
26,8,49,Connect-4,54045,3,win,2,select_coverage,1.0,exact,15262,454002,15221.0,452891.0,12478,360321,win,5555952
26,8,49,Connect-4,54045,3,win,2,select_coverage,2.0,exact,30750,919743,30603.0,915704.0,25313,736137,win,11265656
26,8,49,Connect-4,54045,3,win,2,select_coverage,3.0,exact,45617,1369280,45358.0,1362155.0,37574,1096954,win,16765036
26,8,49,Connect-4,54045,3,win,2,select_coverage,4.0,exact,60557,1822140,60154.0,1811077.0,49980,1463577,win,22312128
26,8,49,Connect-4,54045,3,win,2,select_coverage_CBA_M1,,exact,15232,453011,15191.0,451900.0,12462,359815,win,5545040
26,8,63,Connect-4,54045,3,win,1,select_coverage,1.0,DAC,15280,453543,,,15233,452230,loss,1997596
26,8,63,Connect-4,54045,3,win,1,select_coverage,1.0,exact,15280,453543,15233.0,452230.0,12457,358771,draw,5545656
26,8,63,Connect-4,54045,3,win,1,select_coverage,2.0,DAC,30739,917920,,,30607,914269,loss,4040612
26,8,63,Connect-4,54045,3,win,1,select_coverage,2.0,exact,30739,917920,30606.0,914235.0,25258,733106,loss,11240460
26,8,63,Connect-4,54045,3,win,1,select_coverage,3.0,DAC,45685,1369780,,,45447,1363102,loss,6027404
26,8,63,Connect-4,54045,3,win,1,select_coverage,3.0,exact,45685,1369780,45446.0,1363068.0,37568,1095111,loss,16766132
26,8,63,Connect-4,54045,3,win,1,select_coverage,4.0,DAC,60797,1828041,,,60405,1817033,loss,8041792
26,8,63,Connect-4,54045,3,win,1,select_coverage,4.0,exact,60797,1828041,60404.0,1816999.0,49967,1460811,loss,22356356
26,8,63,Connect-4,54045,3,win,1,select_coverage_CBA_M1,,DAC,15238,452202,,,15191,450889,loss,1991728
26,8,63,Connect-4,54045,3,win,1,select_coverage_CBA_M1,,exact,15238,452202,15191.0,450889.0,12433,358021,draw,5530584
26,8,63,Connect-4,54045,3,win,2,select_coverage,1.0,exact,15280,453543,15233.0,452230.0,12457,358771,draw,5545656
26,8,63,Connect-4,54045,3,win,2,select_coverage,2.0,exact,30739,917920,30606.0,914235.0,25258,733106,loss,11240460
26,8,63,Connect-4,54045,3,win,2,select_coverage,3.0,exact,45685,1369780,45446.0,1363068.0,37568,1095111,loss,16766132
26,8,63,Connect-4,54045,3,win,2,select_coverage,4.0,exact,60797,1828041,60404.0,1816999.0,49967,1460811,loss,22356356
26,8,63,Connect-4,54045,3,win,2,select_coverage_CBA_M1,,exact,15238,452202,15191.0,450889.0,12433,358021,draw,5530584
26,8,64,Connect-4,54045,3,win,1,select_coverage,1.0,DAC,15232,452301,,,15203,451579,loss,1992052
26,8,64,Connect-4,54045,3,win,1,select_coverage,1.0,exact,15232,452301,15203.0,451579.0,12538,361820,loss,5549320
26,8,64,Connect-4,54045,3,win,1,select_coverage,2.0,DAC,30582,913736,,,30472,910832,loss,4021992
26,8,64,Connect-4,54045,3,win,1,select_coverage,2.0,exact,30582,913736,30472.0,910832.0,25356,737324,win,11222696
26,8,64,Connect-4,54045,3,win,1,select_coverage,3.0,DAC,45456,1363215,,,45239,1357340,loss,5998396
26,8,64,Connect-4,54045,3,win,1,select_coverage,3.0,exact,45456,1363215,45239.0,1357340.0,37656,1098919,win,16725568
26,8,64,Connect-4,54045,3,win,1,select_coverage,4.0,DAC,60316,1813814,,,59985,1804804,loss,7979112
26,8,64,Connect-4,54045,3,win,1,select_coverage,4.0,exact,60316,1813814,59985.0,1804804.0,50004,1463631,win,22248540
26,8,64,Connect-4,54045,3,win,1,select_coverage_CBA_M1,,DAC,15191,450981,,,15162,450259,loss,1986280
26,8,64,Connect-4,54045,3,win,1,select_coverage_CBA_M1,,exact,15191,450981,15162.0,450259.0,12510,360930,loss,5533888
26,8,64,Connect-4,54045,3,win,2,select_coverage,1.0,exact,15232,452301,15203.0,451579.0,12538,361820,loss,5549320
26,8,64,Connect-4,54045,3,win,2,select_coverage,2.0,exact,30582,913736,30472.0,910832.0,25356,737324,win,11222696
26,8,64,Connect-4,54045,3,win,2,select_coverage,3.0,exact,45456,1363215,45239.0,1357340.0,37656,1098919,win,16725568
26,8,64,Connect-4,54045,3,win,2,select_coverage,4.0,exact,60316,1813814,59985.0,1804804.0,50004,1463631,win,22248540
26,8,64,Connect-4,54045,3,win,2,select_coverage_CBA_M1,,exact,15191,450981,15162.0,450259.0,12510,360930,loss,5533888
26,8,65,Connect-4,54045,3,win,1,select_coverage,1.0,DAC,15188,450654,,,15158,449846,loss,1984936
26,8,65,Connect-4,54045,3,win,1,select_coverage,1.0,exact,15188,450654,15158.0,449846.0,12425,357750,draw,5518080
26,8,65,Connect-4,54045,3,win,1,select_coverage,2.0,DAC,30746,918207,,,30643,915438,loss,4041844
26,8,65,Connect-4,54045,3,win,1,select_coverage,2.0,exact,30746,918207,30643.0,915438.0,25340,735472,win,11257068
26,8,65,Connect-4,54045,3,win,1,select_coverage,3.0,DAC,45732,1370574,,,45535,1365148,loss,6031144
26,8,65,Connect-4,54045,3,win,1,select_coverage,3.0,exact,45732,1370574,45533.0,1365080.0,37746,1099711,win,16798540
26,8,65,Connect-4,54045,3,win,1,select_coverage,4.0,DAC,60617,1821094,,,60300,1812360,loss,8011844
26,8,65,Connect-4,54045,3,win,1,select_coverage,4.0,exact,60617,1821094,60297.0,1812257.0,50084,1463204,win,22315748
26,8,65,Connect-4,54045,3,win,1,select_coverage_CBA_M1,,DAC,15155,449594,,,15125,448786,loss,1980300
26,8,65,Connect-4,54045,3,win,1,select_coverage_CBA_M1,,exact,15155,449594,15125.0,448786.0,12408,357233,draw,5506476
26,8,65,Connect-4,54045,3,win,2,select_coverage,1.0,exact,15188,450654,15158.0,449846.0,12425,357750,draw,5518080
26,8,65,Connect-4,54045,3,win,2,select_coverage,2.0,exact,30746,918207,30643.0,915438.0,25340,735472,win,11257068
26,8,65,Connect-4,54045,3,win,2,select_coverage,3.0,exact,45732,1370574,45533.0,1365080.0,37746,1099711,win,16798540
26,8,65,Connect-4,54045,3,win,2,select_coverage,4.0,exact,60617,1821094,60297.0,1812257.0,50084,1463204,win,22315748
26,8,65,Connect-4,54045,3,win,2,select_coverage_CBA_M1,,exact,15155,449594,15125.0,448786.0,12408,357233,draw,5506476
26,8,68,Connect-4,54045,3,win,1,select_coverage,1.0,DAC,15143,449571,,,15104,448545,loss,1980064
26,8,68,Connect-4,54045,3,win,1,select_coverage,1.0,exact,15143,449571,15104.0,448545.0,12427,358212,win,5508664
26,8,68,Connect-4,54045,3,win,1,select_coverage,2.0,DAC,30557,912194,,,30422,908587,loss,4015524
26,8,68,Connect-4,54045,3,win,1,select_coverage,2.0,exact,30557,912194,30422.0,908587.0,25264,733422,win,11190340
26,8,68,Connect-4,54045,3,win,1,select_coverage,3.0,DAC,45435,1361746,,,45188,1355030,loss,5992268
26,8,68,Connect-4,54045,3,win,1,select_coverage,3.0,exact,45435,1361746,45188.0,1355030.0,37556,1094736,win,16692088
26,8,68,Connect-4,54045,3,win,1,select_coverage,4.0,DAC,60359,1814024,,,59970,1803373,loss,7980468
26,8,68,Connect-4,54045,3,win,1,select_coverage,4.0,exact,60359,1814024,59969.0,1803340.0,49923,1459837,win,22227836
26,8,68,Connect-4,54045,3,win,1,select_coverage_CBA_M1,,DAC,15119,448813,,,15080,447787,loss,1976744
26,8,68,Connect-4,54045,3,win,1,select_coverage_CBA_M1,,exact,15119,448813,15080.0,447787.0,12411,357718,win,5499856
26,8,68,Connect-4,54045,3,win,2,select_coverage,1.0,exact,15143,449571,15104.0,448545.0,12427,358212,win,5508664
26,8,68,Connect-4,54045,3,win,2,select_coverage,2.0,exact,30557,912194,30422.0,908587.0,25264,733422,win,11190340
26,8,68,Connect-4,54045,3,win,2,select_coverage,3.0,exact,45435,1361746,45188.0,1355030.0,37556,1094736,win,16692088
26,8,68,Connect-4,54045,3,win,2,select_coverage,4.0,exact,60359,1814024,59969.0,1803340.0,49923,1459837,win,22227836
26,8,68,Connect-4,54045,3,win,2,select_coverage_CBA_M1,,exact,15119,448813,15080.0,447787.0,12411,357718,win,5499856
26,8,74,Connect-4,54045,3,win,1,select_coverage,1.0,DAC,15292,454325,,,15263,453592,loss,2000868
26,8,74,Connect-4,54045,3,win,1,select_coverage,1.0,exact,15292,454325,15263.0,453592.0,12564,362578,win,5570420
26,8,74,Connect-4,54045,3,win,1,select_coverage,2.0,DAC,30782,920102,,,30662,916921,loss,4049856
26,8,74,Connect-4,54045,3,win,1,select_coverage,2.0,exact,30782,920102,30661.0,916886.0,25343,736402,win,11274736
26,8,74,Connect-4,54045,3,win,1,select_coverage,3.0,DAC,45767,1372793,,,45534,1366470,loss,6040440
26,8,74,Connect-4,54045,3,win,1,select_coverage,3.0,exact,45767,1372793,45533.0,1366435.0,37719,1100145,win,16814572
26,8,74,Connect-4,54045,3,win,1,select_coverage,4.0,DAC,60793,1828169,,,60407,1817524,loss,8042256
26,8,74,Connect-4,54045,3,win,1,select_coverage,4.0,exact,60793,1828169,60406.0,1817489.0,50165,1467483,win,22385580
26,8,74,Connect-4,54045,3,win,1,select_coverage_CBA_M1,,DAC,15261,453311,,,15232,452578,loss,1996440
26,8,74,Connect-4,54045,3,win,1,select_coverage_CBA_M1,,exact,15261,453311,15232.0,452578.0,12546,361994,win,5558980
26,8,74,Connect-4,54045,3,win,2,select_coverage,1.0,exact,15292,454325,15263.0,453592.0,12564,362578,win,5570420
26,8,74,Connect-4,54045,3,win,2,select_coverage,2.0,exact,30782,920102,30661.0,916886.0,25343,736402,win,11274736
26,8,74,Connect-4,54045,3,win,2,select_coverage,3.0,exact,45767,1372793,45533.0,1366435.0,37719,1100145,win,16814572
26,8,74,Connect-4,54045,3,win,2,select_coverage,4.0,exact,60793,1828169,60406.0,1817489.0,50165,1467483,win,22385580
26,8,74,Connect-4,54045,3,win,2,select_coverage_CBA_M1,,exact,15261,453311,15232.0,452578.0,12546,361994,win,5558980
26,8,76,Connect-4,54045,3,win,1,select_coverage,1.0,DAC,15210,451352,,,15174,450384,loss,1987992
26,8,76,Connect-4,54045,3,win,1,select_coverage,1.0,exact,15210,451352,15174.0,450384.0,12590,363196,draw,5545320
26,8,76,Connect-4,54045,3,win,1,select_coverage,2.0,DAC,30665,916240,,,30543,912858,loss,4033004
26,8,76,Connect-4,54045,3,win,1,select_coverage,2.0,exact,30665,916240,30543.0,912858.0,25481,741109,draw,11258228
26,8,76,Connect-4,54045,3,win,1,select_coverage,3.0,DAC,45642,1368722,,,45429,1362821,loss,6022656
26,8,76,Connect-4,54045,3,win,1,select_coverage,3.0,exact,45642,1368722,45429.0,1362821.0,37915,1106819,win,16807200
26,8,76,Connect-4,54045,3,win,1,select_coverage,4.0,DAC,60526,1819969,,,60185,1810428,loss,8006252
26,8,76,Connect-4,54045,3,win,1,select_coverage,4.0,exact,60526,1819969,60182.0,1810322.0,50266,1471399,win,22332608
26,8,76,Connect-4,54045,3,win,1,select_coverage_CBA_M1,,DAC,15180,450382,,,15144,449414,loss,1983752
26,8,76,Connect-4,54045,3,win,1,select_coverage_CBA_M1,,exact,15180,450382,15144.0,449414.0,12571,362594,draw,5534192
26,8,76,Connect-4,54045,3,win,2,select_coverage,1.0,exact,15210,451352,15174.0,450384.0,12590,363196,draw,5545320
26,8,76,Connect-4,54045,3,win,2,select_coverage,2.0,exact,30665,916240,30543.0,912858.0,25481,741109,draw,11258228
26,8,76,Connect-4,54045,3,win,2,select_coverage,3.0,exact,45642,1368722,45429.0,1362821.0,37915,1106819,win,16807200
26,8,76,Connect-4,54045,3,win,2,select_coverage,4.0,exact,60526,1819969,60182.0,1810322.0,50266,1471399,win,22332608
26,8,76,Connect-4,54045,3,win,2,select_coverage_CBA_M1,,exact,15180,450382,15144.0,449414.0,12571,362594,draw,5534192
26,8,100,Connect-4,54045,3,win,1,select_coverage,1.0,DAC,15253,452348,,,15215,451330,loss,1992492
26,8,100,Connect-4,54045,3,win,1,select_coverage,1.0,exact,15253,452348,15215.0,451330.0,12518,360375,loss,5543116
26,8,100,Connect-4,54045,3,win,1,select_coverage,2.0,DAC,30893,921393,,,30775,918174,loss,4056352
26,8,100,Connect-4,54045,3,win,1,select_coverage,2.0,exact,30893,921393,30775.0,918174.0,25491,738910,win,11298732
26,8,100,Connect-4,54045,3,win,1,select_coverage,3.0,DAC,45862,1373042,,,45639,1366909,loss,6042576
26,8,100,Connect-4,54045,3,win,1,select_coverage,3.0,exact,45862,1373042,45639.0,1366909.0,37912,1103682,win,16835004
26,8,100,Connect-4,54045,3,win,1,select_coverage,4.0,DAC,60835,1825683,,,60481,1815872,loss,8032816
26,8,100,Connect-4,54045,3,win,1,select_coverage,4.0,exact,60835,1825683,60481.0,1815872.0,50335,1469239,win,22378592
26,8,100,Connect-4,54045,3,win,1,select_coverage_CBA_M1,,DAC,15224,451434,,,15186,450416,loss,1988488
26,8,100,Connect-4,54045,3,win,1,select_coverage_CBA_M1,,exact,15224,451434,15186.0,450416.0,12499,359797,loss,5532564
26,8,100,Connect-4,54045,3,win,2,select_coverage,1.0,exact,15253,452348,15215.0,451330.0,12518,360375,loss,5543116
26,8,100,Connect-4,54045,3,win,2,select_coverage,2.0,exact,30893,921393,30775.0,918174.0,25491,738910,win,11298732
26,8,100,Connect-4,54045,3,win,2,select_coverage,3.0,exact,45862,1373042,45639.0,1366909.0,37912,1103682,win,16835004
26,8,100,Connect-4,54045,3,win,2,select_coverage,4.0,exact,60835,1825683,60481.0,1815872.0,50335,1469239,win,22378592
26,8,100,Connect-4,54045,3,win,2,select_coverage_CBA_M1,,exact,15224,451434,15186.0,450416.0,12499,359797,loss,5532564
26,8,114,Connect-4,54045,3,win,1,select_coverage,1.0,DAC,15384,456562,,,15344,455514,loss,2010920
26,8,114,Connect-4,54045,3,win,1,select_coverage,1.0,exact,15384,456562,15344.0,455514.0,12692,365913,loss,5602988
26,8,114,Connect-4,54045,3,win,1,select_coverage,2.0,DAC,30966,924407,,,30841,921065,loss,4069284
26,8,114,Connect-4,54045,3,win,1,select_coverage,2.0,exact,30966,924407,30841.0,921065.0,25705,746542,loss,11354992
26,8,114,Connect-4,54045,3,win,1,select_coverage,3.0,DAC,46106,1382404,,,45874,1376119,loss,6082952
26,8,114,Connect-4,54045,3,win,1,select_coverage,3.0,exact,46106,1382404,45874.0,1376119.0,38226,1115233,win,16963016
26,8,114,Connect-4,54045,3,win,1,select_coverage,4.0,DAC,61186,1839447,,,60811,1829237,loss,8092084
26,8,114,Connect-4,54045,3,win,1,select_coverage,4.0,exact,61186,1839447,60811.0,1829237.0,50735,1484509,win,22558748
26,8,114,Connect-4,54045,3,win,1,select_coverage_CBA_M1,,DAC,15347,455395,,,15307,454347,loss,2005808
26,8,114,Connect-4,54045,3,win,1,select_coverage_CBA_M1,,exact,15347,455395,15307.0,454347.0,12671,365277,loss,5589924
26,8,114,Connect-4,54045,3,win,2,select_coverage,1.0,exact,15384,456562,15344.0,455514.0,12692,365913,loss,5602988
26,8,114,Connect-4,54045,3,win,2,select_coverage,2.0,exact,30966,924407,30841.0,921065.0,25705,746542,loss,11354992
26,8,114,Connect-4,54045,3,win,2,select_coverage,3.0,exact,46106,1382404,45874.0,1376119.0,38226,1115233,win,16963016
26,8,114,Connect-4,54045,3,win,2,select_coverage,4.0,exact,61186,1839447,60811.0,1829237.0,50735,1484509,win,22558748
26,8,114,Connect-4,54045,3,win,2,select_coverage_CBA_M1,,exact,15347,455395,15307.0,454347.0,12671,365277,loss,5589924
26,8,133,Connect-4,54045,3,win,1,select_coverage,1.0,DAC,15325,455213,,,15289,454267,loss,2004816
26,8,133,Connect-4,54045,3,win,1,select_coverage,1.0,exact,15325,455213,15289.0,454267.0,12643,364939,loss,5586948
26,8,133,Connect-4,54045,3,win,1,select_coverage,2.0,DAC,30947,924854,,,30823,921475,loss,4070844
26,8,133,Connect-4,54045,3,win,1,select_coverage,2.0,exact,30947,924854,30823.0,921475.0,25619,744714,win,11350532
26,8,133,Connect-4,54045,3,win,1,select_coverage,3.0,DAC,45996,1380194,,,45774,1374100,loss,6072792
26,8,133,Connect-4,54045,3,win,1,select_coverage,3.0,exact,45996,1380194,45774.0,1374100.0,38105,1112421,win,16931652
26,8,133,Connect-4,54045,3,win,1,select_coverage,4.0,DAC,60992,1834633,,,60619,1824268,loss,8070500
26,8,133,Connect-4,54045,3,win,1,select_coverage,4.0,exact,60992,1834633,60618.0,1824235.0,50541,1479459,win,22493108
26,8,133,Connect-4,54045,3,win,1,select_coverage_CBA_M1,,DAC,15290,454070,,,15254,453124,loss,1999824
26,8,133,Connect-4,54045,3,win,1,select_coverage_CBA_M1,,exact,15290,454070,15254.0,453124.0,12624,364337,loss,5574276
26,8,133,Connect-4,54045,3,win,2,select_coverage,1.0,exact,15325,455213,15289.0,454267.0,12643,364939,loss,5586948
26,8,133,Connect-4,54045,3,win,2,select_coverage,2.0,exact,30947,924854,30823.0,921475.0,25619,744714,win,11350532
26,8,133,Connect-4,54045,3,win,2,select_coverage,3.0,exact,45996,1380194,45774.0,1374100.0,38105,1112421,win,16931652
26,8,133,Connect-4,54045,3,win,2,select_coverage,4.0,exact,60992,1834633,60618.0,1824235.0,50541,1479459,win,22493108
26,8,133,Connect-4,54045,3,win,2,select_coverage_CBA_M1,,exact,15290,454070,15254.0,453124.0,12624,364337,loss,5574276
26,8,138,Connect-4,54045,3,win,1,select_coverage,1.0,DAC,15226,452340,,,15188,451321,loss,1992136
26,8,138,Connect-4,54045,3,win,1,select_coverage,1.0,exact,15226,452340,15188.0,451321.0,12517,361201,loss,5545488
26,8,138,Connect-4,54045,3,win,1,select_coverage,2.0,DAC,30645,915533,,,30510,911851,loss,4029936
26,8,138,Connect-4,54045,3,win,1,select_coverage,2.0,exact,30645,915533,30510.0,911851.0,25333,736207,win,11230708
26,8,138,Connect-4,54045,3,win,1,select_coverage,3.0,DAC,45531,1365583,,,45311,1359532,loss,6008768
26,8,138,Connect-4,54045,3,win,1,select_coverage,3.0,exact,45531,1365583,45311.0,1359532.0,37702,1100328,win,16751748
26,8,138,Connect-4,54045,3,win,1,select_coverage,4.0,DAC,60506,1819738,,,60139,1809600,loss,8005088
26,8,138,Connect-4,54045,3,win,1,select_coverage,4.0,exact,60506,1819738,60137.0,1809529.0,50077,1465762,win,22304524
26,8,138,Connect-4,54045,3,win,1,select_coverage_CBA_M1,,DAC,15196,451379,,,15158,450360,loss,1987932
26,8,138,Connect-4,54045,3,win,1,select_coverage_CBA_M1,,exact,15196,451379,15158.0,450360.0,12498,360605,loss,5534456
26,8,138,Connect-4,54045,3,win,2,select_coverage,1.0,exact,15226,452340,15188.0,451321.0,12517,361201,loss,5545488
26,8,138,Connect-4,54045,3,win,2,select_coverage,2.0,exact,30645,915533,30510.0,911851.0,25333,736207,win,11230708
26,8,138,Connect-4,54045,3,win,2,select_coverage,3.0,exact,45531,1365583,45311.0,1359532.0,37702,1100328,win,16751748
26,8,138,Connect-4,54045,3,win,2,select_coverage,4.0,exact,60506,1819738,60137.0,1809529.0,50077,1465762,win,22304524
26,8,138,Connect-4,54045,3,win,2,select_coverage_CBA_M1,,exact,15196,451379,15158.0,450360.0,12498,360605,loss,5534456
26,8,148,Connect-4,54045,3,win,1,select_coverage,1.0,DAC,15276,454487,,,15235,453356,loss,2001324
26,8,148,Connect-4,54045,3,win,1,select_coverage,1.0,exact,15276,454487,15235.0,453356.0,12525,362045,loss,5567096
26,8,148,Connect-4,54045,3,win,1,select_coverage,2.0,DAC,30695,918346,,,30571,914917,loss,4041788
26,8,148,Connect-4,54045,3,win,1,select_coverage,2.0,exact,30695,918346,30571.0,914917.0,25319,736664,loss,11258004
26,8,148,Connect-4,54045,3,win,1,select_coverage,3.0,DAC,45688,1372029,,,45455,1365479,loss,6036436
26,8,148,Connect-4,54045,3,win,1,select_coverage,3.0,exact,45688,1372029,45455.0,1365479.0,37732,1102368,win,16814088
26,8,148,Connect-4,54045,3,win,1,select_coverage,4.0,DAC,60719,1828000,,,60354,1817773,loss,8040692
26,8,148,Connect-4,54045,3,win,1,select_coverage,4.0,exact,60719,1828000,60353.0,1817739.0,50224,1471617,win,22400744
26,8,148,Connect-4,54045,3,win,1,select_coverage_CBA_M1,,DAC,15247,453536,,,15206,452405,loss,1997172
26,8,148,Connect-4,54045,3,win,1,select_coverage_CBA_M1,,exact,15247,453536,15206.0,452405.0,12512,361633,loss,5556912
26,8,148,Connect-4,54045,3,win,2,select_coverage,1.0,exact,15276,454487,15235.0,453356.0,12525,362045,loss,5567096
26,8,148,Connect-4,54045,3,win,2,select_coverage,2.0,exact,30695,918346,30571.0,914917.0,25319,736664,loss,11258004
26,8,148,Connect-4,54045,3,win,2,select_coverage,3.0,exact,45688,1372029,45455.0,1365479.0,37732,1102368,win,16814088
26,8,148,Connect-4,54045,3,win,2,select_coverage,4.0,exact,60719,1828000,60353.0,1817739.0,50224,1471617,win,22400744
26,8,148,Connect-4,54045,3,win,2,select_coverage_CBA_M1,,exact,15247,453536,15206.0,452405.0,12512,361633,loss,5556912
26,9,5,Connect-4,54045,3,win,1,select_coverage,1.0,DAC,15457,456721,,,15413,455568,win,2012440
26,9,5,Connect-4,54045,3,win,1,select_coverage,1.0,exact,15457,456721,15413.0,455568.0,12523,358492,draw,5576364
26,9,5,Connect-4,54045,3,win,1,select_coverage,2.0,DAC,31183,926594,,,31026,922394,loss,4080644
26,9,5,Connect-4,54045,3,win,1,select_coverage,2.0,exact,31183,926594,31026.0,922394.0,25437,733712,win,11323656
26,9,5,Connect-4,54045,3,win,1,select_coverage,3.0,DAC,46295,1381491,,,46016,1373956,loss,6081576
26,9,5,Connect-4,54045,3,win,1,select_coverage,3.0,exact,46295,1381491,46016.0,1373956.0,37764,1094024,win,16870420
26,9,5,Connect-4,54045,3,win,1,select_coverage,4.0,DAC,61499,1840355,,,61068,1828574,loss,8099480
26,9,5,Connect-4,54045,3,win,1,select_coverage,4.0,exact,61499,1840355,61068.0,1828574.0,50186,1458287,win,22463064
26,9,5,Connect-4,54045,3,win,1,select_coverage_CBA_M1,,DAC,15264,450000,,,15220,448847,draw,1983240
26,9,5,Connect-4,54045,3,win,1,select_coverage_CBA_M1,,exact,15264,450000,15220.0,448847.0,12466,356510,draw,5508492
26,9,5,Connect-4,54045,3,win,2,select_coverage,1.0,exact,15457,456721,15413.0,455568.0,12523,358492,draw,5576364
26,9,5,Connect-4,54045,3,win,2,select_coverage,2.0,exact,31183,926594,31026.0,922394.0,25437,733712,win,11323656
26,9,5,Connect-4,54045,3,win,2,select_coverage,3.0,exact,46295,1381491,46016.0,1373956.0,37764,1094024,win,16870420
26,9,5,Connect-4,54045,3,win,2,select_coverage,4.0,exact,61499,1840355,61068.0,1828574.0,50186,1458287,win,22463064
26,9,5,Connect-4,54045,3,win,2,select_coverage_CBA_M1,,exact,15374,453956,15330.0,452803.0,12489,357376,draw,5547124
26,9,14,Connect-4,54045,3,win,1,select_coverage,1.0,DAC,15454,457094,,,15420,456178,win,2013896
26,9,14,Connect-4,54045,3,win,1,select_coverage,1.0,exact,15454,457094,15420.0,456178.0,12669,363965,loss,5602412
26,9,14,Connect-4,54045,3,win,1,select_coverage,2.0,DAC,31215,928471,,,31078,924809,win,4088536
26,9,14,Connect-4,54045,3,win,1,select_coverage,2.0,exact,31215,928471,31078.0,924809.0,25615,740512,win,11369688
26,9,14,Connect-4,54045,3,win,1,select_coverage,3.0,DAC,46372,1384649,,,46118,1377770,win,6095132
26,9,14,Connect-4,54045,3,win,1,select_coverage,3.0,exact,46372,1384649,46117.0,1377736.0,37958,1101361,win,16930752
26,9,14,Connect-4,54045,3,win,1,select_coverage,4.0,DAC,61602,1844870,,,61195,1833839,loss,8118776
26,9,14,Connect-4,54045,3,win,1,select_coverage,4.0,exact,61602,1844870,61193.0,1833770.0,50426,1467822,win,22544048
26,9,14,Connect-4,54045,3,win,1,select_coverage_CBA_M1,,DAC,15444,456753,,,15410,455837,win,2012412
26,9,14,Connect-4,54045,3,win,1,select_coverage_CBA_M1,,exact,15444,456753,15410.0,455837.0,12664,363795,loss,5598684
26,9,14,Connect-4,54045,3,win,2,select_coverage,1.0,exact,15454,457094,15420.0,456178.0,12669,363965,loss,5602412
26,9,14,Connect-4,54045,3,win,2,select_coverage,2.0,exact,31215,928471,31078.0,924809.0,25615,740512,win,11369688
26,9,14,Connect-4,54045,3,win,2,select_coverage,3.0,exact,46372,1384649,46117.0,1377736.0,37958,1101361,win,16930752
26,9,14,Connect-4,54045,3,win,2,select_coverage,4.0,exact,61602,1844870,61193.0,1833770.0,50426,1467822,win,22544048
26,9,14,Connect-4,54045,3,win,2,select_coverage_CBA_M1,,exact,15384,454755,15350.0,453839.0,12633,362762,loss,5576648
26,9,17,Connect-4,54045,3,win,1,select_coverage,1.0,DAC,15544,459251,,,15507,458292,win,2023604
26,9,17,Connect-4,54045,3,win,1,select_coverage,1.0,exact,15544,459251,15507.0,458292.0,12641,362403,draw,5616032
26,9,17,Connect-4,54045,3,win,1,select_coverage,2.0,DAC,31332,931662,,,31201,928184,loss,4102704
26,9,17,Connect-4,54045,3,win,1,select_coverage,2.0,exact,31332,931662,31201.0,928184.0,25596,739320,draw,11395120
26,9,17,Connect-4,54045,3,win,1,select_coverage,3.0,DAC,46600,1390823,,,46360,1384282,loss,6122564
26,9,17,Connect-4,54045,3,win,1,select_coverage,3.0,exact,46600,1390823,46360.0,1384282.0,38097,1104628,win,17002476
26,9,17,Connect-4,54045,3,win,1,select_coverage,4.0,DAC,61929,1853294,,,61539,1842634,loss,8156396
26,9,17,Connect-4,54045,3,win,1,select_coverage,4.0,exact,61929,1853294,61539.0,1842634.0,50599,1471361,win,22638428
26,9,17,Connect-4,54045,3,win,1,select_coverage_CBA_M1,,DAC,15526,458671,,,15489,457712,win,2021068
26,9,17,Connect-4,54045,3,win,1,select_coverage_CBA_M1,,exact,15526,458671,15489.0,457712.0,12633,362162,draw,5609852
26,9,17,Connect-4,54045,3,win,2,select_coverage,1.0,exact,15544,459251,15507.0,458292.0,12641,362403,draw,5616032
26,9,17,Connect-4,54045,3,win,2,select_coverage,2.0,exact,31332,931662,31201.0,928184.0,25596,739320,draw,11395120
26,9,17,Connect-4,54045,3,win,2,select_coverage,3.0,exact,46600,1390823,46360.0,1384282.0,38097,1104628,win,17002476
26,9,17,Connect-4,54045,3,win,2,select_coverage,4.0,exact,61929,1853294,61539.0,1842634.0,50599,1471361,win,22638428
26,9,17,Connect-4,54045,3,win,2,select_coverage_CBA_M1,,exact,15490,457476,15453.0,456517.0,12613,361497,draw,5596480
26,9,19,Connect-4,54045,3,win,1,select_coverage,1.0,DAC,15534,458820,,,15501,457935,win,2021760
26,9,19,Connect-4,54045,3,win,1,select_coverage,1.0,exact,15534,458820,15501.0,457935.0,12683,363629,draw,5617592
26,9,19,Connect-4,54045,3,win,1,select_coverage,2.0,DAC,31274,929350,,,31140,925660,loss,4092760
26,9,19,Connect-4,54045,3,win,1,select_coverage,2.0,exact,31274,929350,31140.0,925660.0,25567,737951,win,11368348
26,9,19,Connect-4,54045,3,win,1,select_coverage,3.0,DAC,46648,1391886,,,46410,1385281,loss,6127392
26,9,19,Connect-4,54045,3,win,1,select_coverage,3.0,exact,46648,1391886,46410.0,1385281.0,38124,1105093,win,17014184
26,9,19,Connect-4,54045,3,win,1,select_coverage,4.0,DAC,62079,1857802,,,61694,1847119,loss,8176228
26,9,19,Connect-4,54045,3,win,1,select_coverage,4.0,exact,62079,1857802,61694.0,1847119.0,50683,1473549,win,22688112
26,9,19,Connect-4,54045,3,win,1,select_coverage_CBA_M1,,DAC,15332,451821,,,15299,450936,draw,1991340
26,9,19,Connect-4,54045,3,win,1,select_coverage_CBA_M1,,exact,15332,451821,15299.0,450936.0,12617,361330,draw,5545940
26,9,19,Connect-4,54045,3,win,2,select_coverage,1.0,exact,15534,458820,15501.0,457935.0,12683,363629,draw,5617592
26,9,19,Connect-4,54045,3,win,2,select_coverage,2.0,exact,31274,929350,31140.0,925660.0,25567,737951,win,11368348
26,9,19,Connect-4,54045,3,win,2,select_coverage,3.0,exact,46648,1391886,46410.0,1385281.0,38124,1105093,win,17014184
26,9,19,Connect-4,54045,3,win,2,select_coverage,4.0,exact,62079,1857802,61694.0,1847119.0,50683,1473549,win,22688112
26,9,19,Connect-4,54045,3,win,2,select_coverage_CBA_M1,,exact,15484,457171,15451.0,456286.0,12663,362979,draw,5600200
26,9,29,Connect-4,54045,3,win,1,select_coverage,1.0,DAC,15575,460039,,,15527,458753,win,2027128
26,9,29,Connect-4,54045,3,win,1,select_coverage,1.0,exact,15575,460039,15527.0,458753.0,12594,360518,draw,5614128
26,9,29,Connect-4,54045,3,win,1,select_coverage,2.0,DAC,31558,937970,,,31401,933698,loss,4130648
26,9,29,Connect-4,54045,3,win,1,select_coverage,2.0,exact,31558,937970,31401.0,933698.0,25669,740518,win,11453600
26,9,29,Connect-4,54045,3,win,1,select_coverage,3.0,DAC,46785,1396143,,,46498,1388251,loss,6146064
26,9,29,Connect-4,54045,3,win,1,select_coverage,3.0,exact,46785,1396143,46498.0,1388251.0,38123,1104933,win,17045268
26,9,29,Connect-4,54045,3,win,1,select_coverage,4.0,DAC,62135,1859620,,,61702,1847635,loss,8184172
26,9,29,Connect-4,54045,3,win,1,select_coverage,4.0,exact,62135,1859620,61702.0,1847635.0,50661,1472987,win,22695456
26,9,29,Connect-4,54045,3,win,1,select_coverage_CBA_M1,,DAC,15562,459598,,,15514,458312,loss,2025208
26,9,29,Connect-4,54045,3,win,1,select_coverage_CBA_M1,,exact,15562,459598,15514.0,458312.0,12590,360382,draw,5609640
26,9,29,Connect-4,54045,3,win,2,select_coverage,1.0,exact,15575,460039,15527.0,458753.0,12594,360518,draw,5614128
26,9,29,Connect-4,54045,3,win,2,select_coverage,2.0,exact,31558,937970,31401.0,933698.0,25669,740518,win,11453600
26,9,29,Connect-4,54045,3,win,2,select_coverage,3.0,exact,46785,1396143,46498.0,1388251.0,38123,1104933,win,17045268
26,9,29,Connect-4,54045,3,win,2,select_coverage,4.0,exact,62135,1859620,61702.0,1847635.0,50661,1472987,win,22695456
26,9,29,Connect-4,54045,3,win,2,select_coverage_CBA_M1,,exact,15502,457612,15454.0,456326.0,12564,359528,draw,5588416
26,9,31,Connect-4,54045,3,win,1,select_coverage,1.0,DAC,15531,460084,,,15489,458988,loss,2026780
26,9,31,Connect-4,54045,3,win,1,select_coverage,1.0,exact,15531,460084,15489.0,458988.0,12611,362408,win,5621592
26,9,31,Connect-4,54045,3,win,1,select_coverage,2.0,DAC,31313,932756,,,31178,929127,loss,4106852
26,9,31,Connect-4,54045,3,win,1,select_coverage,2.0,exact,31313,932756,31177.0,929093.0,25535,738737,win,11400032
26,9,31,Connect-4,54045,3,win,1,select_coverage,3.0,DAC,46538,1391097,,,46292,1384419,loss,6122916
26,9,31,Connect-4,54045,3,win,1,select_coverage,3.0,exact,46538,1391097,46291.0,1384385.0,38034,1104617,win,17001732
26,9,31,Connect-4,54045,3,win,1,select_coverage,4.0,DAC,61898,1856163,,,61503,1845369,loss,8167500
26,9,31,Connect-4,54045,3,win,1,select_coverage,4.0,exact,61898,1856163,61502.0,1845335.0,50547,1472824,win,22665376
26,9,31,Connect-4,54045,3,win,1,select_coverage_CBA_M1,,DAC,15514,459510,,,15472,458414,loss,2024280
26,9,31,Connect-4,54045,3,win,1,select_coverage_CBA_M1,,exact,15514,459510,15472.0,458414.0,12604,362182,win,5615552
26,9,31,Connect-4,54045,3,win,2,select_coverage,1.0,exact,15531,460084,15489.0,458988.0,12611,362408,win,5621592
26,9,31,Connect-4,54045,3,win,2,select_coverage,2.0,exact,31313,932756,31177.0,929093.0,25535,738737,win,11400032
26,9,31,Connect-4,54045,3,win,2,select_coverage,3.0,exact,46538,1391097,46291.0,1384385.0,38034,1104617,win,17001732
26,9,31,Connect-4,54045,3,win,2,select_coverage,4.0,exact,61898,1856163,61502.0,1845335.0,50547,1472824,win,22665376
26,9,31,Connect-4,54045,3,win,2,select_coverage_CBA_M1,,exact,15461,457727,15419.0,456631.0,12577,361264,win,5595920
26,9,34,Connect-4,54045,3,win,1,select_coverage,1.0,DAC,15421,455094,,,15373,453812,win,2005500
26,9,34,Connect-4,54045,3,win,1,select_coverage,1.0,exact,15421,455094,15373.0,453812.0,12573,360050,draw,5567784
26,9,34,Connect-4,54045,3,win,1,select_coverage,2.0,DAC,31076,923101,,,30930,919203,loss,4065388
26,9,34,Connect-4,54045,3,win,1,select_coverage,2.0,exact,31076,923101,30930.0,919203.0,25360,731421,win,11284684
26,9,34,Connect-4,54045,3,win,1,select_coverage,3.0,DAC,46195,1377661,,,45931,1370454,loss,6065056
26,9,34,Connect-4,54045,3,win,1,select_coverage,3.0,exact,46195,1377661,45930.0,1370423.0,37681,1091198,win,16826912
26,9,34,Connect-4,54045,3,win,1,select_coverage,4.0,DAC,61328,1834017,,,60917,1822754,loss,8072076
26,9,34,Connect-4,54045,3,win,1,select_coverage,4.0,exact,61328,1834017,60916.0,1822723.0,50050,1453959,win,22392132
26,9,34,Connect-4,54045,3,win,1,select_coverage_CBA_M1,,DAC,15411,454772,,,15363,453490,win,2004092
26,9,34,Connect-4,54045,3,win,1,select_coverage_CBA_M1,,exact,15411,454772,15363.0,453490.0,12570,359965,loss,5564548
26,9,34,Connect-4,54045,3,win,2,select_coverage,1.0,exact,15421,455094,15373.0,453812.0,12573,360050,draw,5567784
26,9,34,Connect-4,54045,3,win,2,select_coverage,2.0,exact,31076,923101,30930.0,919203.0,25360,731421,win,11284684
26,9,34,Connect-4,54045,3,win,2,select_coverage,3.0,exact,46195,1377661,45930.0,1370423.0,37681,1091198,win,16826912
26,9,34,Connect-4,54045,3,win,2,select_coverage,4.0,exact,61328,1834017,60916.0,1822723.0,50050,1453959,win,22392132
26,9,34,Connect-4,54045,3,win,2,select_coverage_CBA_M1,,exact,15378,453683,15330.0,452401.0,12557,359534,loss,5553056
26,9,42,Connect-4,54045,3,win,1,select_coverage,1.0,DAC,15516,458977,,,15462,457532,win,2022172
26,9,42,Connect-4,54045,3,win,1,select_coverage,1.0,exact,15516,458977,15462.0,457532.0,12595,361593,draw,5607216
26,9,42,Connect-4,54045,3,win,1,select_coverage,2.0,DAC,31312,931670,,,31152,927375,win,4102496
26,9,42,Connect-4,54045,3,win,1,select_coverage,2.0,exact,31312,931670,31152.0,927375.0,25552,738750,draw,11388068
26,9,42,Connect-4,54045,3,win,1,select_coverage,3.0,DAC,46542,1390157,,,46247,1382167,win,6119204
26,9,42,Connect-4,54045,3,win,1,select_coverage,3.0,exact,46542,1390157,46246.0,1382132.0,37967,1102115,draw,16977512
26,9,42,Connect-4,54045,3,win,1,select_coverage,4.0,DAC,61705,1848446,,,61254,1836105,loss,8134316
26,9,42,Connect-4,54045,3,win,1,select_coverage,4.0,exact,61705,1848446,61252.0,1836036.0,50315,1465014,win,22558072
26,9,42,Connect-4,54045,3,win,1,select_coverage_CBA_M1,,DAC,15500,458439,,,15446,456994,win,2019828
26,9,42,Connect-4,54045,3,win,1,select_coverage_CBA_M1,,exact,15500,458439,15446.0,456994.0,12589,361397,draw,5601616
26,9,42,Connect-4,54045,3,win,2,select_coverage,1.0,exact,15516,458977,15462.0,457532.0,12595,361593,draw,5607216
26,9,42,Connect-4,54045,3,win,2,select_coverage,2.0,exact,31312,931670,31152.0,927375.0,25552,738750,draw,11388068
26,9,42,Connect-4,54045,3,win,2,select_coverage,3.0,exact,46542,1390157,46246.0,1382132.0,37967,1102115,draw,16977512
26,9,42,Connect-4,54045,3,win,2,select_coverage,4.0,exact,61705,1848446,61252.0,1836036.0,50315,1465014,win,22558072
26,9,42,Connect-4,54045,3,win,2,select_coverage_CBA_M1,,exact,15467,457342,15413.0,455897.0,12578,361036,draw,5590340
26,9,49,Connect-4,54045,3,win,1,select_coverage,1.0,DAC,15427,456243,,,15394,455358,win,2010168
26,9,49,Connect-4,54045,3,win,1,select_coverage,1.0,exact,15427,456243,15394.0,455358.0,12577,360837,loss,5582384
26,9,49,Connect-4,54045,3,win,1,select_coverage,2.0,DAC,31166,927172,,,31031,923512,loss,4082752
26,9,49,Connect-4,54045,3,win,1,select_coverage,2.0,exact,31166,927172,31031.0,923512.0,25495,736714,win,11342608
26,9,49,Connect-4,54045,3,win,1,select_coverage,3.0,DAC,46426,1386349,,,46158,1379037,loss,6102580
26,9,49,Connect-4,54045,3,win,1,select_coverage,3.0,exact,46426,1386349,46157.0,1379005.0,37938,1100775,win,16941564
26,9,49,Connect-4,54045,3,win,1,select_coverage,4.0,DAC,61759,1849640,,,61360,1838712,loss,8139740
26,9,49,Connect-4,54045,3,win,1,select_coverage,4.0,exact,61759,1849640,61359.0,1838680.0,50447,1468097,win,22589180
26,9,49,Connect-4,54045,3,win,1,select_coverage_CBA_M1,,DAC,15418,455944,,,15385,455059,win,2008864
26,9,49,Connect-4,54045,3,win,1,select_coverage_CBA_M1,,exact,15418,455944,15385.0,455059.0,12573,360705,loss,5579176
26,9,49,Connect-4,54045,3,win,2,select_coverage,1.0,exact,15427,456243,15394.0,455358.0,12577,360837,loss,5582384
26,9,49,Connect-4,54045,3,win,2,select_coverage,2.0,exact,31166,927172,31031.0,923512.0,25495,736714,win,11342608
26,9,49,Connect-4,54045,3,win,2,select_coverage,3.0,exact,46426,1386349,46157.0,1379005.0,37938,1100775,win,16941564
26,9,49,Connect-4,54045,3,win,2,select_coverage,4.0,exact,61759,1849640,61359.0,1838680.0,50447,1468097,win,22589180
26,9,49,Connect-4,54045,3,win,2,select_coverage_CBA_M1,,exact,15368,454263,15335.0,453378.0,12550,359927,loss,5561016
26,9,63,Connect-4,54045,3,win,1,select_coverage,1.0,DAC,15537,459358,,,15487,458009,win,2023948
26,9,63,Connect-4,54045,3,win,1,select_coverage,1.0,exact,15537,459358,15487.0,458009.0,12616,361917,draw,5612744
26,9,63,Connect-4,54045,3,win,1,select_coverage,2.0,DAC,31341,932384,,,31182,928040,loss,4105700
26,9,63,Connect-4,54045,3,win,1,select_coverage,2.0,exact,31341,932384,31182.0,928040.0,25575,738994,win,11395520
26,9,63,Connect-4,54045,3,win,1,select_coverage,3.0,DAC,46588,1391527,,,46317,1384083,loss,6125236
26,9,63,Connect-4,54045,3,win,1,select_coverage,3.0,exact,46588,1391527,46317.0,1384083.0,38022,1103239,win,16997564
26,9,63,Connect-4,54045,3,win,1,select_coverage,4.0,DAC,61865,1853087,,,61448,1841581,loss,8154800
26,9,63,Connect-4,54045,3,win,1,select_coverage,4.0,exact,61865,1853087,61447.0,1841548.0,50477,1469063,win,22621120
26,9,63,Connect-4,54045,3,win,1,select_coverage_CBA_M1,,DAC,15031,441795,,,14981,440446,draw,1947624
26,9,63,Connect-4,54045,3,win,1,select_coverage_CBA_M1,,exact,15031,441795,14981.0,440446.0,12442,355868,draw,5431852
26,9,63,Connect-4,54045,3,win,2,select_coverage,1.0,exact,15537,459358,15487.0,458009.0,12616,361917,draw,5612744
26,9,63,Connect-4,54045,3,win,2,select_coverage,2.0,exact,31341,932384,31182.0,928040.0,25575,738994,win,11395520
26,9,63,Connect-4,54045,3,win,2,select_coverage,3.0,exact,46588,1391527,46317.0,1384083.0,38022,1103239,win,16997564
26,9,63,Connect-4,54045,3,win,2,select_coverage,4.0,exact,61865,1853087,61447.0,1841548.0,50477,1469063,win,22621120
26,9,63,Connect-4,54045,3,win,2,select_coverage_CBA_M1,,exact,15458,456713,15408.0,455364.0,12587,360948,draw,5585180
26,9,64,Connect-4,54045,3,win,1,select_coverage,1.0,DAC,15413,455223,,,15377,454286,win,2005920
26,9,64,Connect-4,54045,3,win,1,select_coverage,1.0,exact,15413,455223,15377.0,454286.0,12559,359902,win,5569732
26,9,64,Connect-4,54045,3,win,1,select_coverage,2.0,DAC,31048,922420,,,30919,918971,loss,4062328
26,9,64,Connect-4,54045,3,win,1,select_coverage,2.0,exact,31048,922420,30919.0,918971.0,25469,735218,win,11295868
26,9,64,Connect-4,54045,3,win,1,select_coverage,3.0,DAC,46181,1377642,,,45961,1371710,loss,6064812
26,9,64,Connect-4,54045,3,win,1,select_coverage,3.0,exact,46181,1377642,45961.0,1371710.0,37835,1096594,win,16854560
26,9,64,Connect-4,54045,3,win,1,select_coverage,4.0,DAC,61336,1835037,,,60991,1825613,loss,8076252
26,9,64,Connect-4,54045,3,win,1,select_coverage,4.0,exact,61336,1835037,60991.0,1825613.0,50216,1459754,win,22433352
26,9,64,Connect-4,54045,3,win,1,select_coverage_CBA_M1,,DAC,15079,443601,,,15043,442664,draw,1955424
26,9,64,Connect-4,54045,3,win,1,select_coverage_CBA_M1,,exact,15079,443601,15043.0,442664.0,12451,356111,win,5450904
26,9,64,Connect-4,54045,3,win,2,select_coverage,1.0,exact,15413,455223,15377.0,454286.0,12559,359902,win,5569732
26,9,64,Connect-4,54045,3,win,2,select_coverage,2.0,exact,31048,922420,30919.0,918971.0,25469,735218,win,11295868
26,9,64,Connect-4,54045,3,win,2,select_coverage,3.0,exact,46181,1377642,45961.0,1371710.0,37835,1096594,win,16854560
26,9,64,Connect-4,54045,3,win,2,select_coverage,4.0,exact,61336,1835037,60991.0,1825613.0,50216,1459754,win,22433352
26,9,64,Connect-4,54045,3,win,2,select_coverage_CBA_M1,,exact,15370,453790,15334.0,452853.0,12544,359397,win,5554872
26,9,65,Connect-4,54045,3,win,1,select_coverage,1.0,DAC,15543,458601,,,15500,457470,win,2020992
26,9,65,Connect-4,54045,3,win,1,select_coverage,1.0,exact,15543,458601,15500.0,457470.0,12575,359562,draw,5598556
26,9,65,Connect-4,54045,3,win,1,select_coverage,2.0,DAC,31377,931693,,,31239,927999,loss,4103368
26,9,65,Connect-4,54045,3,win,1,select_coverage,2.0,exact,31377,931693,31239.0,927999.0,25584,737532,win,11388568
26,9,65,Connect-4,54045,3,win,1,select_coverage,3.0,DAC,46678,1391735,,,46435,1385190,loss,6127148
26,9,65,Connect-4,54045,3,win,1,select_coverage,3.0,exact,46678,1391735,46434.0,1385155.0,38075,1102405,win,17003092
26,9,65,Connect-4,54045,3,win,1,select_coverage,4.0,DAC,62099,1857028,,,61720,1846713,loss,8173372
26,9,65,Connect-4,54045,3,win,1,select_coverage,4.0,exact,62099,1857028,61719.0,1846678.0,50646,1470812,win,22673104
26,9,65,Connect-4,54045,3,win,1,select_coverage_CBA_M1,,DAC,15369,452547,,,15326,451416,draw,1994688
26,9,65,Connect-4,54045,3,win,1,select_coverage_CBA_M1,,exact,15369,452547,15326.0,451416.0,12532,358057,draw,5538536
26,9,65,Connect-4,54045,3,win,2,select_coverage,1.0,exact,15543,458601,15500.0,457470.0,12575,359562,draw,5598556
26,9,65,Connect-4,54045,3,win,2,select_coverage,2.0,exact,31377,931693,31239.0,927999.0,25584,737532,win,11388568
26,9,65,Connect-4,54045,3,win,2,select_coverage,3.0,exact,46678,1391735,46434.0,1385155.0,38075,1102405,win,17003092
26,9,65,Connect-4,54045,3,win,2,select_coverage,4.0,exact,62099,1857028,61719.0,1846678.0,50646,1470812,win,22673104
26,9,65,Connect-4,54045,3,win,2,select_coverage_CBA_M1,,exact,15493,456927,15450.0,455796.0,12558,358995,draw,5581296
26,9,68,Connect-4,54045,3,win,1,select_coverage,1.0,DAC,15476,457660,,,15431,456450,win,2016424
26,9,68,Connect-4,54045,3,win,1,select_coverage,1.0,exact,15476,457660,15431.0,456450.0,12590,361201,win,5595060
26,9,68,Connect-4,54045,3,win,1,select_coverage,2.0,DAC,31263,930048,,,31104,925707,win,4095420
26,9,68,Connect-4,54045,3,win,1,select_coverage,2.0,exact,31263,930048,31103.0,925673.0,25486,736159,win,11362840
26,9,68,Connect-4,54045,3,win,1,select_coverage,3.0,DAC,46514,1389067,,,46242,1381595,loss,6114508
26,9,68,Connect-4,54045,3,win,1,select_coverage,3.0,exact,46514,1389067,46241.0,1381561.0,37917,1099575,win,16960548
26,9,68,Connect-4,54045,3,win,1,select_coverage,4.0,DAC,61816,1851255,,,61384,1839371,loss,8146884
26,9,68,Connect-4,54045,3,win,1,select_coverage,4.0,exact,61816,1851255,61383.0,1839337.0,50377,1465423,win,22588340
26,9,68,Connect-4,54045,3,win,1,select_coverage_CBA_M1,,DAC,15212,448479,,,15167,447269,draw,1976532
26,9,68,Connect-4,54045,3,win,1,select_coverage_CBA_M1,,exact,15212,448479,15167.0,447269.0,12500,358080,win,5500680
26,9,68,Connect-4,54045,3,win,2,select_coverage,1.0,exact,15476,457660,15431.0,456450.0,12590,361201,win,5595060
26,9,68,Connect-4,54045,3,win,2,select_coverage,2.0,exact,31263,930048,31103.0,925673.0,25486,736159,win,11362840
26,9,68,Connect-4,54045,3,win,2,select_coverage,3.0,exact,46514,1389067,46241.0,1381561.0,37917,1099575,win,16960548
26,9,68,Connect-4,54045,3,win,2,select_coverage,4.0,exact,61816,1851255,61383.0,1839337.0,50377,1465423,win,22588340
26,9,68,Connect-4,54045,3,win,2,select_coverage_CBA_M1,,exact,15435,456302,15390.0,455092.0,12581,360914,win,5581736
26,9,74,Connect-4,54045,3,win,1,select_coverage,1.0,DAC,15429,456688,,,15402,455982,win,2011972
26,9,74,Connect-4,54045,3,win,1,select_coverage,1.0,exact,15429,456688,15402.0,455982.0,12584,361385,win,5589108
26,9,74,Connect-4,54045,3,win,1,select_coverage,2.0,DAC,31114,926241,,,30994,923018,win,4078404
26,9,74,Connect-4,54045,3,win,1,select_coverage,2.0,exact,31114,926241,30994.0,923018.0,25438,735466,win,11330732
26,9,74,Connect-4,54045,3,win,1,select_coverage,3.0,DAC,46321,1383904,,,46083,1377401,win,6091540
26,9,74,Connect-4,54045,3,win,1,select_coverage,3.0,exact,46321,1383904,46083.0,1377401.0,37911,1100411,win,16921544
26,9,74,Connect-4,54045,3,win,1,select_coverage,4.0,DAC,61594,1845862,,,61210,1835296,loss,8122648
26,9,74,Connect-4,54045,3,win,1,select_coverage,4.0,exact,61594,1845862,61210.0,1835296.0,50400,1467668,win,22554048
26,9,74,Connect-4,54045,3,win,1,select_coverage_CBA_M1,,DAC,15259,450795,,,15233,450125,draw,1986360
26,9,74,Connect-4,54045,3,win,1,select_coverage_CBA_M1,,exact,15259,450795,15233.0,450125.0,12523,359261,draw,5528204
26,9,74,Connect-4,54045,3,win,2,select_coverage,1.0,exact,15429,456688,15402.0,455982.0,12584,361385,win,5589108
26,9,74,Connect-4,54045,3,win,2,select_coverage,2.0,exact,31114,926241,30994.0,923018.0,25438,735466,win,11330732
26,9,74,Connect-4,54045,3,win,2,select_coverage,3.0,exact,46321,1383904,46083.0,1377401.0,37911,1100411,win,16921544
26,9,74,Connect-4,54045,3,win,2,select_coverage,4.0,exact,61594,1845862,61210.0,1835296.0,50400,1467668,win,22554048
26,9,74,Connect-4,54045,3,win,2,select_coverage_CBA_M1,,exact,15347,453957,15320.0,453251.0,12553,360359,win,5560532
26,9,76,Connect-4,54045,3,win,1,select_coverage,1.0,DAC,15428,455889,,,15381,454652,win,2008764
26,9,76,Connect-4,54045,3,win,1,select_coverage,1.0,exact,15428,455889,15381.0,454652.0,12529,359200,draw,5571180
26,9,76,Connect-4,54045,3,win,1,select_coverage,2.0,DAC,31048,923061,,,30908,919300,win,4064892
26,9,76,Connect-4,54045,3,win,1,select_coverage,2.0,exact,31048,923061,30908.0,919300.0,25358,732332,draw,11287852
26,9,76,Connect-4,54045,3,win,1,select_coverage,3.0,DAC,46317,1382806,,,46066,1375959,loss,6087100
26,9,76,Connect-4,54045,3,win,1,select_coverage,3.0,exact,46317,1382806,46066.0,1375959.0,37806,1096295,win,16894376
26,9,76,Connect-4,54045,3,win,1,select_coverage,4.0,DAC,61572,1843337,,,61191,1832948,loss,8112284
26,9,76,Connect-4,54045,3,win,1,select_coverage,4.0,exact,61572,1843337,61190.0,1832913.0,50308,1463593,win,22517476
26,9,76,Connect-4,54045,3,win,1,select_coverage_CBA_M1,,DAC,15414,455425,,,15367,454188,win,2006740
26,9,76,Connect-4,54045,3,win,1,select_coverage_CBA_M1,,exact,15414,455425,15367.0,454188.0,12527,359134,draw,5566756
26,9,76,Connect-4,54045,3,win,2,select_coverage,1.0,exact,15428,455889,15381.0,454652.0,12529,359200,draw,5571180
26,9,76,Connect-4,54045,3,win,2,select_coverage,2.0,exact,31048,923061,30908.0,919300.0,25358,732332,draw,11287852
26,9,76,Connect-4,54045,3,win,2,select_coverage,3.0,exact,46317,1382806,46066.0,1375959.0,37806,1096295,win,16894376
26,9,76,Connect-4,54045,3,win,2,select_coverage,4.0,exact,61572,1843337,61190.0,1832913.0,50308,1463593,win,22517476
26,9,76,Connect-4,54045,3,win,2,select_coverage_CBA_M1,,exact,15362,453686,15316.0,452484.0,12503,358336,draw,5548160
26,9,100,Connect-4,54045,3,win,1,select_coverage,1.0,DAC,15677,462501,,,15644,461630,win,2038200
26,9,100,Connect-4,54045,3,win,1,select_coverage,1.0,exact,15677,462501,15644.0,461630.0,12789,365962,loss,5661004
26,9,100,Connect-4,54045,3,win,1,select_coverage,2.0,DAC,31467,933655,,,31346,930334,win,4112296
26,9,100,Connect-4,54045,3,win,1,select_coverage,2.0,exact,31467,933655,31346.0,930334.0,25816,743926,win,11434756
26,9,100,Connect-4,54045,3,win,1,select_coverage,3.0,DAC,46856,1396068,,,46633,1389921,loss,6146616
26,9,100,Connect-4,54045,3,win,1,select_coverage,3.0,exact,46856,1396068,46633.0,1389921.0,38392,1110925,win,17079936
26,9,100,Connect-4,54045,3,win,1,select_coverage,4.0,DAC,62301,1861792,,,61944,1851904,loss,8194852
26,9,100,Connect-4,54045,3,win,1,select_coverage,4.0,exact,62301,1861792,61942.0,1851834.0,51012,1480664,win,22759328
26,9,100,Connect-4,54045,3,win,1,select_coverage_CBA_M1,,DAC,15655,461800,,,15622,460929,win,2035132
26,9,100,Connect-4,54045,3,win,1,select_coverage_CBA_M1,,exact,15655,461800,15622.0,460929.0,12776,365563,loss,5653096
26,9,100,Connect-4,54045,3,win,2,select_coverage,1.0,exact,15677,462501,15644.0,461630.0,12789,365962,loss,5661004
26,9,100,Connect-4,54045,3,win,2,select_coverage,2.0,exact,31467,933655,31346.0,930334.0,25816,743926,win,11434756
26,9,100,Connect-4,54045,3,win,2,select_coverage,3.0,exact,46856,1396068,46633.0,1389921.0,38392,1110925,win,17079936
26,9,100,Connect-4,54045,3,win,2,select_coverage,4.0,exact,62301,1861792,61942.0,1851834.0,51012,1480664,win,22759328
26,9,100,Connect-4,54045,3,win,2,select_coverage_CBA_M1,,exact,15611,460338,15578.0,459467.0,12757,364935,loss,5637480
26,9,114,Connect-4,54045,3,win,1,select_coverage,1.0,DAC,15575,460077,,,15545,459294,win,2027280
26,9,114,Connect-4,54045,3,win,1,select_coverage,1.0,exact,15575,460077,15545.0,459294.0,12679,363310,loss,5628188
26,9,114,Connect-4,54045,3,win,1,select_coverage,2.0,DAC,31355,931464,,,31245,928530,loss,4102188
26,9,114,Connect-4,54045,3,win,1,select_coverage,2.0,exact,31355,931464,31244.0,928496.0,25683,741080,win,11403992
26,9,114,Connect-4,54045,3,win,1,select_coverage,3.0,DAC,46822,1396287,,,46591,1389999,loss,6147084
26,9,114,Connect-4,54045,3,win,1,select_coverage,3.0,exact,46822,1396287,46590.0,1389965.0,38358,1111256,win,17080936
26,9,114,Connect-4,54045,3,win,1,select_coverage,4.0,DAC,62215,1860477,,,61847,1850425,loss,8188560
26,9,114,Connect-4,54045,3,win,1,select_coverage,4.0,exact,62215,1860477,61845.0,1850357.0,50993,1481866,win,22749864
26,9,114,Connect-4,54045,3,win,1,select_coverage_CBA_M1,,DAC,15381,453338,,,15351,452555,draw,1997996
26,9,114,Connect-4,54045,3,win,1,select_coverage_CBA_M1,,exact,15381,453338,15351.0,452555.0,12624,361418,loss,5560500
26,9,114,Connect-4,54045,3,win,2,select_coverage,1.0,exact,15575,460077,15545.0,459294.0,12679,363310,loss,5628188
26,9,114,Connect-4,54045,3,win,2,select_coverage,2.0,exact,31355,931464,31244.0,928496.0,25683,741080,win,11403992
26,9,114,Connect-4,54045,3,win,2,select_coverage,3.0,exact,46822,1396287,46590.0,1389965.0,38358,1111256,win,17080936
26,9,114,Connect-4,54045,3,win,2,select_coverage,4.0,exact,62215,1860477,61845.0,1850357.0,50993,1481866,win,22749864
26,9,114,Connect-4,54045,3,win,2,select_coverage_CBA_M1,,exact,15509,457888,15479.0,457105.0,12653,362465,loss,5605184
26,9,133,Connect-4,54045,3,win,1,select_coverage,1.0,DAC,15661,463014,,,15619,461860,win,2040060
26,9,133,Connect-4,54045,3,win,1,select_coverage,1.0,exact,15661,463014,15619.0,461860.0,12761,365998,win,5663320
26,9,133,Connect-4,54045,3,win,1,select_coverage,2.0,DAC,31431,934663,,,31293,930838,win,4115896
26,9,133,Connect-4,54045,3,win,1,select_coverage,2.0,exact,31431,934663,31292.0,930805.0,25702,742384,win,11432776
26,9,133,Connect-4,54045,3,win,1,select_coverage,3.0,DAC,46845,1399003,,,46595,1392060,win,6158224
26,9,133,Connect-4,54045,3,win,1,select_coverage,3.0,exact,46845,1399003,46593.0,1391991.0,38289,1110811,win,17098220
26,9,133,Connect-4,54045,3,win,1,select_coverage,4.0,DAC,62346,1867532,,,61946,1856371,loss,8218352
26,9,133,Connect-4,54045,3,win,1,select_coverage,4.0,exact,62346,1867532,61944.0,1856302.0,50952,1482956,win,22809392
26,9,133,Connect-4,54045,3,win,1,select_coverage_CBA_M1,,DAC,15641,462347,,,15599,461193,win,2037152
26,9,133,Connect-4,54045,3,win,1,select_coverage_CBA_M1,,exact,15641,462347,15599.0,461193.0,12754,365765,win,5656412
26,9,133,Connect-4,54045,3,win,2,select_coverage,1.0,exact,15661,463014,15619.0,461860.0,12761,365998,win,5663320
26,9,133,Connect-4,54045,3,win,2,select_coverage,2.0,exact,31431,934663,31292.0,930805.0,25702,742384,win,11432776
26,9,133,Connect-4,54045,3,win,2,select_coverage,3.0,exact,46845,1399003,46593.0,1391991.0,38289,1110811,win,17098220
26,9,133,Connect-4,54045,3,win,2,select_coverage,4.0,exact,62346,1867532,61944.0,1856302.0,50952,1482956,win,22809392
26,9,133,Connect-4,54045,3,win,2,select_coverage_CBA_M1,,exact,15574,460122,15532.0,458968.0,12724,364762,win,5632456
26,9,138,Connect-4,54045,3,win,1,select_coverage,1.0,DAC,15523,459098,,,15494,458345,win,2022740
26,9,138,Connect-4,54045,3,win,1,select_coverage,1.0,exact,15523,459098,15494.0,458345.0,12688,364213,draw,5622456
26,9,138,Connect-4,54045,3,win,1,select_coverage,2.0,DAC,31254,929875,,,31139,926796,win,4094620
26,9,138,Connect-4,54045,3,win,1,select_coverage,2.0,exact,31254,929875,31139.0,926796.0,25654,741642,draw,11389724
26,9,138,Connect-4,54045,3,win,1,select_coverage,3.0,DAC,46470,1387961,,,46252,1382092,win,6109556
26,9,138,Connect-4,54045,3,win,1,select_coverage,3.0,exact,46470,1387961,46252.0,1382092.0,38168,1108134,win,16992836
26,9,138,Connect-4,54045,3,win,1,select_coverage,4.0,DAC,61793,1850376,,,61442,1840821,loss,8143092
26,9,138,Connect-4,54045,3,win,1,select_coverage,4.0,exact,61793,1850376,61442.0,1840821.0,50685,1475087,win,22631304
26,9,138,Connect-4,54045,3,win,1,select_coverage_CBA_M1,,DAC,15508,458588,,,15479,457835,win,2020520
26,9,138,Connect-4,54045,3,win,1,select_coverage_CBA_M1,,exact,15508,458588,15479.0,457835.0,12684,364082,draw,5617372
26,9,138,Connect-4,54045,3,win,2,select_coverage,1.0,exact,15523,459098,15494.0,458345.0,12688,364213,draw,5622456
26,9,138,Connect-4,54045,3,win,2,select_coverage,2.0,exact,31254,929875,31139.0,926796.0,25654,741642,draw,11389724
26,9,138,Connect-4,54045,3,win,2,select_coverage,3.0,exact,46470,1387961,46252.0,1382092.0,38168,1108134,win,16992836
26,9,138,Connect-4,54045,3,win,2,select_coverage,4.0,exact,61793,1850376,61442.0,1840821.0,50685,1475087,win,22631304
26,9,138,Connect-4,54045,3,win,2,select_coverage_CBA_M1,,exact,15508,458588,15479.0,457835.0,12684,364082,draw,5617372
26,9,148,Connect-4,54045,3,win,1,select_coverage,1.0,DAC,15541,459072,,,15503,458051,win,2022852
26,9,148,Connect-4,54045,3,win,1,select_coverage,1.0,exact,15541,459072,15503.0,458051.0,12643,362297,draw,5613800
26,9,148,Connect-4,54045,3,win,1,select_coverage,2.0,DAC,31302,930264,,,31171,926738,win,4096752
26,9,148,Connect-4,54045,3,win,1,select_coverage,2.0,exact,31302,930264,31171.0,926738.0,25589,738723,win,11380396
26,9,148,Connect-4,54045,3,win,1,select_coverage,3.0,DAC,46581,1389732,,,46313,1382435,loss,6117972
26,9,148,Connect-4,54045,3,win,1,select_coverage,3.0,exact,46581,1389732,46313.0,1382435.0,38033,1102358,win,16980140
26,9,148,Connect-4,54045,3,win,1,select_coverage,4.0,DAC,61930,1853035,,,61495,1841126,loss,8155372
26,9,148,Connect-4,54045,3,win,1,select_coverage,4.0,exact,61930,1853035,61494.0,1841093.0,50576,1470801,win,22627548
26,9,148,Connect-4,54045,3,win,1,select_coverage_CBA_M1,,DAC,15529,458669,,,15491,457648,win,2021096
26,9,148,Connect-4,54045,3,win,1,select_coverage_CBA_M1,,exact,15529,458669,15491.0,457648.0,12640,362199,draw,5609800
26,9,148,Connect-4,54045,3,win,2,select_coverage,1.0,exact,15541,459072,15503.0,458051.0,12643,362297,draw,5613800
26,9,148,Connect-4,54045,3,win,2,select_coverage,2.0,exact,31302,930264,31171.0,926738.0,25589,738723,win,11380396
26,9,148,Connect-4,54045,3,win,2,select_coverage,3.0,exact,46581,1389732,46313.0,1382435.0,38033,1102358,win,16980140
26,9,148,Connect-4,54045,3,win,2,select_coverage,4.0,exact,61930,1853035,61494.0,1841093.0,50576,1470801,win,22627548
26,9,148,Connect-4,54045,3,win,2,select_coverage_CBA_M1,,exact,15429,455389,15391.0,454368.0,12596,360750,draw,5574564
26,10,5,Connect-4,54045,3,win,1,select_coverage,1.0,DAC,15611,458305,,,15566,457150,win,2020632
26,10,5,Connect-4,54045,3,win,1,select_coverage,1.0,exact,15611,458305,15566.0,457150.0,12663,360444,win,5601732
26,10,5,Connect-4,54045,3,win,1,select_coverage,2.0,DAC,31643,935043,,,31504,931395,win,4119968
26,10,5,Connect-4,54045,3,win,1,select_coverage,2.0,exact,31643,935043,31504.0,931395.0,25675,735888,win,11417456
26,10,5,Connect-4,54045,3,win,1,select_coverage,3.0,DAC,46959,1393945,,,46683,1386506,loss,6139368
26,10,5,Connect-4,54045,3,win,1,select_coverage,3.0,exact,46959,1393945,46683.0,1386506.0,38100,1097448,win,17005476
26,10,5,Connect-4,54045,3,win,1,select_coverage,4.0,DAC,62387,1857198,,,61940,1845074,loss,8177516
26,10,5,Connect-4,54045,3,win,1,select_coverage,4.0,exact,62387,1857198,61940.0,1845074.0,50536,1459794,win,22630368
26,10,5,Connect-4,54045,3,win,1,select_coverage_CBA_M1,,DAC,15258,446061,,,15213,444906,draw,1967420
26,10,5,Connect-4,54045,3,win,1,select_coverage_CBA_M1,,exact,15258,446061,15213.0,444906.0,12548,356451,win,5476512
26,10,5,Connect-4,54045,3,win,2,select_coverage,1.0,exact,15611,458305,15566.0,457150.0,12663,360444,win,5601732
26,10,5,Connect-4,54045,3,win,2,select_coverage,2.0,exact,31643,935043,31504.0,931395.0,25675,735888,win,11417456
26,10,5,Connect-4,54045,3,win,2,select_coverage,3.0,exact,46959,1393945,46683.0,1386506.0,38100,1097448,win,17005476
26,10,5,Connect-4,54045,3,win,2,select_coverage,4.0,exact,62387,1857198,61940.0,1845074.0,50536,1459794,win,22630368
26,10,5,Connect-4,54045,3,win,2,select_coverage_CBA_M1,,exact,15541,455991,15496.0,454836.0,12639,359668,win,5577876
26,10,14,Connect-4,54045,3,win,1,select_coverage,1.0,DAC,15653,460662,,,15609,459504,win,2030564
26,10,14,Connect-4,54045,3,win,1,select_coverage,1.0,exact,15653,460662,15609.0,459504.0,12768,364546,draw,5638360
26,10,14,Connect-4,54045,3,win,1,select_coverage,2.0,DAC,31509,933100,,,31362,929176,win,4110588
26,10,14,Connect-4,54045,3,win,1,select_coverage,2.0,exact,31509,933100,31362.0,929176.0,25738,740185,draw,11413452
26,10,14,Connect-4,54045,3,win,1,select_coverage,3.0,DAC,46959,1396012,,,46667,1388083,win,6147636
26,10,14,Connect-4,54045,3,win,1,select_coverage,3.0,exact,46959,1396012,46667.0,1388083.0,38286,1105288,win,17050900
26,10,14,Connect-4,54045,3,win,1,select_coverage,4.0,DAC,62331,1858251,,,61884,1846065,loss,8181056
26,10,14,Connect-4,54045,3,win,1,select_coverage,4.0,exact,62331,1858251,61884.0,1846065.0,50749,1469189,win,22674332
26,10,14,Connect-4,54045,3,win,1,select_coverage_CBA_M1,,DAC,15500,455394,,,15456,454236,draw,2007656
26,10,14,Connect-4,54045,3,win,1,select_coverage_CBA_M1,,exact,15500,455394,15456.0,454236.0,12720,362908,draw,5584768
26,10,14,Connect-4,54045,3,win,2,select_coverage,1.0,exact,15653,460662,15609.0,459504.0,12768,364546,draw,5638360
26,10,14,Connect-4,54045,3,win,2,select_coverage,2.0,exact,31509,933100,31362.0,929176.0,25738,740185,draw,11413452
26,10,14,Connect-4,54045,3,win,2,select_coverage,3.0,exact,46959,1396012,46667.0,1388083.0,38286,1105288,win,17050900
26,10,14,Connect-4,54045,3,win,2,select_coverage,4.0,exact,62331,1858251,61884.0,1846065.0,50749,1469189,win,22674332
26,10,14,Connect-4,54045,3,win,2,select_coverage_CBA_M1,,exact,15610,459239,15566.0,458081.0,12754,364087,draw,5623764
26,10,17,Connect-4,54045,3,win,1,select_coverage,1.0,DAC,15764,463484,,,15732,462671,win,2043184
26,10,17,Connect-4,54045,3,win,1,select_coverage,1.0,exact,15764,463484,15732.0,462671.0,12640,359693,draw,5646840
26,10,17,Connect-4,54045,3,win,1,select_coverage,2.0,DAC,31662,936243,,,31530,932707,win,4124996
26,10,17,Connect-4,54045,3,win,1,select_coverage,2.0,exact,31662,936243,31530.0,932707.0,25576,733092,win,11417152
26,10,17,Connect-4,54045,3,win,1,select_coverage,3.0,DAC,47154,1400361,,,46903,1393602,win,6167372
26,10,17,Connect-4,54045,3,win,1,select_coverage,3.0,exact,47154,1400361,46903.0,1393602.0,38068,1096164,win,17061428
26,10,17,Connect-4,54045,3,win,1,select_coverage,4.0,DAC,62774,1869138,,,62369,1858058,loss,8229920
26,10,17,Connect-4,54045,3,win,1,select_coverage,4.0,exact,62774,1869138,62368.0,1858024.0,50705,1464355,win,22761868
26,10,17,Connect-4,54045,3,win,1,select_coverage_CBA_M1,,DAC,15752,463086,,,15720,462273,win,2041448
26,10,17,Connect-4,54045,3,win,1,select_coverage_CBA_M1,,exact,15752,463086,15720.0,462273.0,12635,359527,draw,5642608
26,10,17,Connect-4,54045,3,win,2,select_coverage,1.0,exact,15764,463484,15732.0,462671.0,12640,359693,draw,5646840
26,10,17,Connect-4,54045,3,win,2,select_coverage,2.0,exact,31662,936243,31530.0,932707.0,25576,733092,win,11417152
26,10,17,Connect-4,54045,3,win,2,select_coverage,3.0,exact,47154,1400361,46903.0,1393602.0,38068,1096164,win,17061428
26,10,17,Connect-4,54045,3,win,2,select_coverage,4.0,exact,62774,1869138,62368.0,1858024.0,50705,1464355,win,22761868
26,10,17,Connect-4,54045,3,win,2,select_coverage_CBA_M1,,exact,15711,461726,15679.0,460913.0,12617,358930,draw,5628028
26,10,19,Connect-4,54045,3,win,1,select_coverage,1.0,DAC,15657,459888,,,15609,458611,loss,2027516
26,10,19,Connect-4,54045,3,win,1,select_coverage,1.0,exact,15657,459888,15609.0,458611.0,12634,359678,draw,5612220
26,10,19,Connect-4,54045,3,win,1,select_coverage,2.0,DAC,31647,935893,,,31499,931928,loss,4123416
26,10,19,Connect-4,54045,3,win,1,select_coverage,2.0,exact,31647,935893,31499.0,931928.0,25649,736067,draw,11423544
26,10,19,Connect-4,54045,3,win,1,select_coverage,3.0,DAC,47108,1398430,,,46839,1391140,loss,6159096
26,10,19,Connect-4,54045,3,win,1,select_coverage,3.0,exact,47108,1398430,46839.0,1391140.0,38247,1102290,win,17066312
26,10,19,Connect-4,54045,3,win,1,select_coverage,4.0,DAC,62502,1861066,,,62074,1849335,loss,8194368
26,10,19,Connect-4,54045,3,win,1,select_coverage,4.0,exact,62502,1861066,62074.0,1849335.0,50742,1467245,win,22696976
26,10,19,Connect-4,54045,3,win,1,select_coverage_CBA_M1,,DAC,15302,447596,,,15254,446319,draw,1974088
26,10,19,Connect-4,54045,3,win,1,select_coverage_CBA_M1,,exact,15302,447596,15254.0,446319.0,12512,355485,draw,5485752
26,10,19,Connect-4,54045,3,win,2,select_coverage,1.0,exact,15657,459888,15609.0,458611.0,12634,359678,draw,5612220
26,10,19,Connect-4,54045,3,win,2,select_coverage,2.0,exact,31647,935893,31499.0,931928.0,25649,736067,draw,11423544
26,10,19,Connect-4,54045,3,win,2,select_coverage,3.0,exact,47108,1398430,46839.0,1391140.0,38247,1102290,win,17066312
26,10,19,Connect-4,54045,3,win,2,select_coverage,4.0,exact,62502,1861066,62074.0,1849335.0,50742,1467245,win,22696976
26,10,19,Connect-4,54045,3,win,2,select_coverage_CBA_M1,,exact,15585,457519,15538.0,456274.0,12608,358827,draw,5587720
26,10,29,Connect-4,54045,3,win,1,select_coverage,1.0,DAC,15710,461150,,,15664,459934,win,2033200
26,10,29,Connect-4,54045,3,win,1,select_coverage,1.0,exact,15710,461150,15664.0,459934.0,12703,361388,draw,5631160
26,10,29,Connect-4,54045,3,win,1,select_coverage,2.0,DAC,31529,931275,,,31380,927284,win,4103528
26,10,29,Connect-4,54045,3,win,1,select_coverage,2.0,exact,31529,931275,31380.0,927284.0,25629,734668,win,11377092
26,10,29,Connect-4,54045,3,win,1,select_coverage,3.0,DAC,46988,1393773,,,46711,1386291,win,6139028
26,10,29,Connect-4,54045,3,win,1,select_coverage,3.0,exact,46988,1393773,46711.0,1386291.0,38186,1099504,win,17013048
26,10,29,Connect-4,54045,3,win,1,select_coverage,4.0,DAC,62570,1861712,,,62139,1850000,loss,8197768
26,10,29,Connect-4,54045,3,win,1,select_coverage,4.0,exact,62570,1861712,62138.0,1849964.0,50887,1470208,win,22715976
26,10,29,Connect-4,54045,3,win,1,select_coverage_CBA_M1,,DAC,15541,455316,,,15495,454100,draw,2007836
26,10,29,Connect-4,54045,3,win,1,select_coverage_CBA_M1,,exact,15541,455316,15495.0,454100.0,12654,359696,draw,5572312
26,10,29,Connect-4,54045,3,win,2,select_coverage,1.0,exact,15710,461150,15664.0,459934.0,12703,361388,draw,5631160
26,10,29,Connect-4,54045,3,win,2,select_coverage,2.0,exact,31529,931275,31380.0,927284.0,25629,734668,win,11377092
26,10,29,Connect-4,54045,3,win,2,select_coverage,3.0,exact,46988,1393773,46711.0,1386291.0,38186,1099504,win,17013048
26,10,29,Connect-4,54045,3,win,2,select_coverage,4.0,exact,62570,1861712,62138.0,1849964.0,50887,1470208,win,22715976
26,10,29,Connect-4,54045,3,win,2,select_coverage_CBA_M1,,exact,15670,459832,15624.0,458616.0,12690,360960,draw,5617624
26,10,31,Connect-4,54045,3,win,1,select_coverage,1.0,DAC,15592,458702,,,15542,457326,loss,2021992
26,10,31,Connect-4,54045,3,win,1,select_coverage,1.0,exact,15592,458702,15542.0,457326.0,12627,360101,win,5601884
26,10,31,Connect-4,54045,3,win,1,select_coverage,2.0,DAC,31370,928601,,,31232,924831,loss,4090924
26,10,31,Connect-4,54045,3,win,1,select_coverage,2.0,exact,31370,928601,31232.0,924831.0,25533,733499,win,11347172
26,10,31,Connect-4,54045,3,win,1,select_coverage,3.0,DAC,46686,1387298,,,46443,1380595,loss,6109504
26,10,31,Connect-4,54045,3,win,1,select_coverage,3.0,exact,46686,1387298,46443.0,1380595.0,37996,1095815,win,16941032
26,10,31,Connect-4,54045,3,win,1,select_coverage,4.0,DAC,62228,1854876,,,61831,1843936,loss,8166320
26,10,31,Connect-4,54045,3,win,1,select_coverage,4.0,exact,62228,1854876,61831.0,1843936.0,50527,1461693,win,22620636
26,10,31,Connect-4,54045,3,win,1,select_coverage_CBA_M1,,DAC,15415,452563,,,15365,451187,draw,1995312
26,10,31,Connect-4,54045,3,win,1,select_coverage_CBA_M1,,exact,15415,452563,15365.0,451187.0,12570,358122,win,5539192
26,10,31,Connect-4,54045,3,win,2,select_coverage,1.0,exact,15592,458702,15542.0,457326.0,12627,360101,win,5601884
26,10,31,Connect-4,54045,3,win,2,select_coverage,2.0,exact,31370,928601,31232.0,924831.0,25533,733499,win,11347172
26,10,31,Connect-4,54045,3,win,2,select_coverage,3.0,exact,46686,1387298,46443.0,1380595.0,37996,1095815,win,16941032
26,10,31,Connect-4,54045,3,win,2,select_coverage,4.0,exact,62228,1854876,61831.0,1843936.0,50527,1461693,win,22620636
26,10,31,Connect-4,54045,3,win,2,select_coverage_CBA_M1,,exact,15528,456576,15478.0,455200.0,12606,359408,win,5580056
26,10,34,Connect-4,54045,3,win,1,select_coverage,1.0,DAC,15611,458560,,,15567,457399,win,2021652
26,10,34,Connect-4,54045,3,win,1,select_coverage,1.0,exact,15611,458560,15567.0,457399.0,12635,359756,loss,5601028
26,10,34,Connect-4,54045,3,win,1,select_coverage,2.0,DAC,31484,930061,,,31335,926122,win,4098132
26,10,34,Connect-4,54045,3,win,1,select_coverage,2.0,exact,31484,930061,31334.0,926090.0,25624,734734,win,11366252
26,10,34,Connect-4,54045,3,win,1,select_coverage,3.0,DAC,46836,1389133,,,46555,1381561,loss,6118644
26,10,34,Connect-4,54045,3,win,1,select_coverage,3.0,exact,46836,1389133,46553.0,1381496.0,38060,1095815,win,16955496
26,10,34,Connect-4,54045,3,win,1,select_coverage,4.0,DAC,62246,1851564,,,61794,1839319,loss,8153288
26,10,34,Connect-4,54045,3,win,1,select_coverage,4.0,exact,62246,1851564,61792.0,1839254.0,50513,1458621,win,22575124
26,10,34,Connect-4,54045,3,win,1,select_coverage_CBA_M1,,DAC,15471,453719,,,15427,452558,draw,2000608
26,10,34,Connect-4,54045,3,win,1,select_coverage_CBA_M1,,exact,15471,453719,15427.0,452558.0,12587,358093,loss,5551168
26,10,34,Connect-4,54045,3,win,2,select_coverage,1.0,exact,15611,458560,15567.0,457399.0,12635,359756,loss,5601028
26,10,34,Connect-4,54045,3,win,2,select_coverage,2.0,exact,31484,930061,31334.0,926090.0,25624,734734,win,11366252
26,10,34,Connect-4,54045,3,win,2,select_coverage,3.0,exact,46836,1389133,46553.0,1381496.0,38060,1095815,win,16955496
26,10,34,Connect-4,54045,3,win,2,select_coverage,4.0,exact,62246,1851564,61792.0,1839254.0,50513,1458621,win,22575124
26,10,34,Connect-4,54045,3,win,2,select_coverage_CBA_M1,,exact,15561,456910,15517.0,455749.0,12618,359203,loss,5584016
26,10,42,Connect-4,54045,3,win,1,select_coverage,1.0,DAC,15676,461461,,,15638,460470,win,2034036
26,10,42,Connect-4,54045,3,win,1,select_coverage,1.0,exact,15676,461461,15638.0,460470.0,12704,362667,draw,5638832
26,10,42,Connect-4,54045,3,win,1,select_coverage,2.0,DAC,31651,937091,,,31513,933434,win,4128256
26,10,42,Connect-4,54045,3,win,1,select_coverage,2.0,exact,31651,937091,31512.0,933400.0,25756,740301,win,11451576
26,10,42,Connect-4,54045,3,win,1,select_coverage,3.0,DAC,47061,1399160,,,46785,1391691,win,6161452
26,10,42,Connect-4,54045,3,win,1,select_coverage,3.0,exact,47061,1399160,46784.0,1391657.0,38202,1102519,win,17070456
26,10,42,Connect-4,54045,3,win,1,select_coverage,4.0,DAC,62460,1862257,,,62047,1850985,win,8198628
26,10,42,Connect-4,54045,3,win,1,select_coverage,4.0,exact,62460,1862257,62046.0,1850951.0,50709,1467866,win,22709792
26,10,42,Connect-4,54045,3,win,1,select_coverage_CBA_M1,,DAC,15308,448673,,,15271,447716,draw,1978468
26,10,42,Connect-4,54045,3,win,1,select_coverage_CBA_M1,,exact,15308,448673,15271.0,447716.0,12581,358380,draw,5507772
26,10,42,Connect-4,54045,3,win,2,select_coverage,1.0,exact,15676,461461,15638.0,460470.0,12704,362667,draw,5638832
26,10,42,Connect-4,54045,3,win,2,select_coverage,2.0,exact,31651,937091,31512.0,933400.0,25756,740301,win,11451576
26,10,42,Connect-4,54045,3,win,2,select_coverage,3.0,exact,47061,1399160,46784.0,1391657.0,38202,1102519,win,17070456
26,10,42,Connect-4,54045,3,win,2,select_coverage,4.0,exact,62460,1862257,62046.0,1850951.0,50709,1467866,win,22709792
26,10,42,Connect-4,54045,3,win,2,select_coverage_CBA_M1,,exact,15609,459211,15571.0,458220.0,12680,361868,draw,5615492
26,10,49,Connect-4,54045,3,win,1,select_coverage,1.0,DAC,15652,459861,,,15606,458642,loss,2027348
26,10,49,Connect-4,54045,3,win,1,select_coverage,1.0,exact,15652,459861,15606.0,458642.0,12649,360244,win,5614404
26,10,49,Connect-4,54045,3,win,1,select_coverage,2.0,DAC,31717,937709,,,31567,933659,loss,4131520
26,10,49,Connect-4,54045,3,win,1,select_coverage,2.0,exact,31717,937709,31567.0,933659.0,25675,736325,win,11440940
26,10,49,Connect-4,54045,3,win,1,select_coverage,3.0,DAC,47114,1399139,,,46831,1391367,loss,6162004
26,10,49,Connect-4,54045,3,win,1,select_coverage,3.0,exact,47114,1399139,46831.0,1391367.0,38154,1099505,win,17058660
26,10,49,Connect-4,54045,3,win,1,select_coverage,4.0,DAC,62527,1862294,,,62102,1850625,loss,8199580
26,10,49,Connect-4,54045,3,win,1,select_coverage,4.0,exact,62527,1862294,62101.0,1850591.0,50600,1462624,win,22689292
26,10,49,Connect-4,54045,3,win,1,select_coverage_CBA_M1,,DAC,15375,450264,,,15329,449045,draw,1985636
26,10,49,Connect-4,54045,3,win,1,select_coverage_CBA_M1,,exact,15375,450264,15329.0,449045.0,12564,357288,win,5516940
26,10,49,Connect-4,54045,3,win,2,select_coverage,1.0,exact,15652,459861,15606.0,458642.0,12649,360244,win,5614404
26,10,49,Connect-4,54045,3,win,2,select_coverage,2.0,exact,31717,937709,31567.0,933659.0,25675,736325,win,11440940
26,10,49,Connect-4,54045,3,win,2,select_coverage,3.0,exact,47114,1399139,46831.0,1391367.0,38154,1099505,win,17058660
26,10,49,Connect-4,54045,3,win,2,select_coverage,4.0,exact,62527,1862294,62101.0,1850591.0,50600,1462624,win,22689292
26,10,49,Connect-4,54045,3,win,2,select_coverage_CBA_M1,,exact,15571,457175,15525.0,455956.0,12620,359284,win,5586484
26,10,63,Connect-4,54045,3,win,1,select_coverage,1.0,DAC,15670,460412,,,15627,459299,loss,2029768
26,10,63,Connect-4,54045,3,win,1,select_coverage,1.0,exact,15670,460412,15627.0,459299.0,12630,359526,draw,5617036
26,10,63,Connect-4,54045,3,win,1,select_coverage,2.0,DAC,31537,932562,,,31387,928595,loss,4108772
26,10,63,Connect-4,54045,3,win,1,select_coverage,2.0,exact,31537,932562,31386.0,928563.0,25510,731812,win,11376124
26,10,63,Connect-4,54045,3,win,1,select_coverage,3.0,DAC,46942,1393660,,,46673,1386454,loss,6138024
26,10,63,Connect-4,54045,3,win,1,select_coverage,3.0,exact,46942,1393660,46672.0,1386422.0,38000,1094833,win,16993188
26,10,63,Connect-4,54045,3,win,1,select_coverage,4.0,DAC,62394,1858231,,,61956,1846409,loss,8181732
26,10,63,Connect-4,54045,3,win,1,select_coverage,4.0,exact,62394,1858231,61955.0,1846377.0,50488,1459391,win,22638580
26,10,63,Connect-4,54045,3,win,1,select_coverage_CBA_M1,,DAC,15649,459715,,,15606,458602,loss,2026728
26,10,63,Connect-4,54045,3,win,1,select_coverage_CBA_M1,,exact,15649,459715,15606.0,458602.0,12621,359245,draw,5609664
26,10,63,Connect-4,54045,3,win,2,select_coverage,1.0,exact,15670,460412,15627.0,459299.0,12630,359526,draw,5617036
26,10,63,Connect-4,54045,3,win,2,select_coverage,2.0,exact,31537,932562,31386.0,928563.0,25510,731812,win,11376124
26,10,63,Connect-4,54045,3,win,2,select_coverage,3.0,exact,46942,1393660,46672.0,1386422.0,38000,1094833,win,16993188
26,10,63,Connect-4,54045,3,win,2,select_coverage,4.0,exact,62394,1858231,61955.0,1846377.0,50488,1459391,win,22638580
26,10,63,Connect-4,54045,3,win,2,select_coverage_CBA_M1,,exact,15593,457866,15550.0,456753.0,12603,358645,draw,5590680
26,10,64,Connect-4,54045,3,win,1,select_coverage,1.0,DAC,15677,460764,,,15638,459754,win,2031260
26,10,64,Connect-4,54045,3,win,1,select_coverage,1.0,exact,15677,460764,15638.0,459754.0,12707,362168,win,5631184
26,10,64,Connect-4,54045,3,win,1,select_coverage,2.0,DAC,31657,935982,,,31519,932333,loss,4123892
26,10,64,Connect-4,54045,3,win,1,select_coverage,2.0,exact,31657,935982,31519.0,932333.0,25751,739042,win,11438060
26,10,64,Connect-4,54045,3,win,1,select_coverage,3.0,DAC,47014,1395183,,,46752,1388085,loss,6144980
26,10,64,Connect-4,54045,3,win,1,select_coverage,3.0,exact,47014,1395183,46752.0,1388085.0,38294,1103403,win,17042772
26,10,64,Connect-4,54045,3,win,1,select_coverage,4.0,DAC,62501,1860089,,,62097,1849075,loss,8190448
26,10,64,Connect-4,54045,3,win,1,select_coverage,4.0,exact,62501,1860089,62097.0,1849075.0,50847,1469345,win,22701164
26,10,64,Connect-4,54045,3,win,1,select_coverage_CBA_M1,,DAC,15271,446695,,,15232,445685,draw,1970112
26,10,64,Connect-4,54045,3,win,1,select_coverage_CBA_M1,,exact,15271,446695,15232.0,445685.0,12560,357073,win,5485260
26,10,64,Connect-4,54045,3,win,2,select_coverage,1.0,exact,15677,460764,15638.0,459754.0,12707,362168,win,5631184
26,10,64,Connect-4,54045,3,win,2,select_coverage,2.0,exact,31657,935982,31519.0,932333.0,25751,739042,win,11438060
26,10,64,Connect-4,54045,3,win,2,select_coverage,3.0,exact,47014,1395183,46752.0,1388085.0,38294,1103403,win,17042772
26,10,64,Connect-4,54045,3,win,2,select_coverage,4.0,exact,62501,1860089,62097.0,1849075.0,50847,1469345,win,22701164
26,10,64,Connect-4,54045,3,win,2,select_coverage_CBA_M1,,exact,15605,458387,15566.0,457377.0,12672,361019,win,5605268
26,10,65,Connect-4,54045,3,win,1,select_coverage,1.0,DAC,15595,458275,,,15559,457305,win,2020320
26,10,65,Connect-4,54045,3,win,1,select_coverage,1.0,exact,15595,458275,15558.0,457272.0,12621,359580,loss,5598388
26,10,65,Connect-4,54045,3,win,1,select_coverage,2.0,DAC,31429,928967,,,31306,925643,win,4093096
26,10,65,Connect-4,54045,3,win,1,select_coverage,2.0,exact,31429,928967,31304.0,925576.0,25512,731531,win,11346048
26,10,65,Connect-4,54045,3,win,1,select_coverage,3.0,DAC,46837,1390406,,,46610,1384201,win,6123748
26,10,65,Connect-4,54045,3,win,1,select_coverage,3.0,exact,46837,1390406,46608.0,1384134.0,37977,1093816,win,16964904
26,10,65,Connect-4,54045,3,win,1,select_coverage,4.0,DAC,62200,1851928,,,61833,1841831,loss,8154192
26,10,65,Connect-4,54045,3,win,1,select_coverage,4.0,exact,62200,1851928,61829.0,1841696.0,50398,1456053,win,22577260
26,10,65,Connect-4,54045,3,win,1,select_coverage_CBA_M1,,DAC,15438,452842,,,15402,451872,draw,1996704
26,10,65,Connect-4,54045,3,win,1,select_coverage_CBA_M1,,exact,15438,452842,15401.0,451839.0,12576,358021,loss,5543664
26,10,65,Connect-4,54045,3,win,2,select_coverage,1.0,exact,15595,458275,15558.0,457272.0,12621,359580,loss,5598388
26,10,65,Connect-4,54045,3,win,2,select_coverage,2.0,exact,31429,928967,31304.0,925576.0,25512,731531,win,11346048
26,10,65,Connect-4,54045,3,win,2,select_coverage,3.0,exact,46837,1390406,46608.0,1384134.0,37977,1093816,win,16964904
26,10,65,Connect-4,54045,3,win,2,select_coverage,4.0,exact,62200,1851928,61829.0,1841696.0,50398,1456053,win,22577260
26,10,65,Connect-4,54045,3,win,2,select_coverage_CBA_M1,,exact,15548,456713,15511.0,455710.0,12601,358921,loss,5581752
26,10,68,Connect-4,54045,3,win,1,select_coverage,1.0,DAC,15648,460569,,,15606,459471,win,2030132
26,10,68,Connect-4,54045,3,win,1,select_coverage,1.0,exact,15648,460569,15606.0,459471.0,12630,360322,win,5620864
26,10,68,Connect-4,54045,3,win,1,select_coverage,2.0,DAC,31473,931166,,,31336,927567,win,4102420
26,10,68,Connect-4,54045,3,win,1,select_coverage,2.0,exact,31473,931166,31336.0,927567.0,25545,733423,win,11371400
26,10,68,Connect-4,54045,3,win,1,select_coverage,3.0,DAC,46820,1390818,,,46575,1384267,loss,6125192
26,10,68,Connect-4,54045,3,win,1,select_coverage,3.0,exact,46820,1390818,46575.0,1384267.0,37979,1094737,win,16969712
26,10,68,Connect-4,54045,3,win,1,select_coverage,4.0,DAC,62251,1854206,,,61843,1843118,loss,8163916
26,10,68,Connect-4,54045,3,win,1,select_coverage,4.0,exact,62251,1854206,61842.0,1843084.0,50513,1460321,win,22609412
26,10,68,Connect-4,54045,3,win,1,select_coverage_CBA_M1,,DAC,15627,459870,,,15585,458772,win,2027084
26,10,68,Connect-4,54045,3,win,1,select_coverage_CBA_M1,,exact,15627,459870,15585.0,458772.0,12625,360167,win,5613980
26,10,68,Connect-4,54045,3,win,2,select_coverage,1.0,exact,15648,460569,15606.0,459471.0,12630,360322,win,5620864
26,10,68,Connect-4,54045,3,win,2,select_coverage,2.0,exact,31473,931166,31336.0,927567.0,25545,733423,win,11371400
26,10,68,Connect-4,54045,3,win,2,select_coverage,3.0,exact,46820,1390818,46575.0,1384267.0,37979,1094737,win,16969712
26,10,68,Connect-4,54045,3,win,2,select_coverage,4.0,exact,62251,1854206,61842.0,1843084.0,50513,1460321,win,22609412
26,10,68,Connect-4,54045,3,win,2,select_coverage_CBA_M1,,exact,15586,458501,15544.0,457403.0,12606,359529,win,5599164
26,10,74,Connect-4,54045,3,win,1,select_coverage,1.0,DAC,15570,457903,,,15533,456928,win,2018532
26,10,74,Connect-4,54045,3,win,1,select_coverage,1.0,exact,15570,457903,15533.0,456928.0,12562,357928,loss,5588116
26,10,74,Connect-4,54045,3,win,1,select_coverage,2.0,DAC,31524,933134,,,31379,929267,loss,4110904
26,10,74,Connect-4,54045,3,win,1,select_coverage,2.0,exact,31524,933134,31379.0,929267.0,25545,733652,win,11388364
26,10,74,Connect-4,54045,3,win,1,select_coverage,3.0,DAC,46944,1395108,,,46689,1388203,loss,6143840
26,10,74,Connect-4,54045,3,win,1,select_coverage,3.0,exact,46944,1395108,46688.0,1388169.0,38011,1095971,win,17011032
26,10,74,Connect-4,54045,3,win,1,select_coverage,4.0,DAC,62390,1859645,,,61981,1848502,loss,8187340
26,10,74,Connect-4,54045,3,win,1,select_coverage,4.0,exact,62390,1859645,61980.0,1848468.0,50586,1463561,win,22670080
26,10,74,Connect-4,54045,3,win,1,select_coverage_CBA_M1,,DAC,15552,457303,,,15515,456328,win,2015916
26,10,74,Connect-4,54045,3,win,1,select_coverage_CBA_M1,,exact,15552,457303,15515.0,456328.0,12557,357768,loss,5582100
26,10,74,Connect-4,54045,3,win,2,select_coverage,1.0,exact,15570,457903,15533.0,456928.0,12562,357928,loss,5588116
26,10,74,Connect-4,54045,3,win,2,select_coverage,2.0,exact,31524,933134,31379.0,929267.0,25545,733652,win,11388364
26,10,74,Connect-4,54045,3,win,2,select_coverage,3.0,exact,46944,1395108,46688.0,1388169.0,38011,1095971,win,17011032
26,10,74,Connect-4,54045,3,win,2,select_coverage,4.0,exact,62390,1859645,61980.0,1848468.0,50586,1463561,win,22670080
26,10,74,Connect-4,54045,3,win,2,select_coverage_CBA_M1,,exact,15506,455776,15469.0,454801.0,12537,357102,loss,5565748
26,10,76,Connect-4,54045,3,win,1,select_coverage,1.0,DAC,15642,459673,,,15608,458799,win,2026476
26,10,76,Connect-4,54045,3,win,1,select_coverage,1.0,exact,15642,459673,15608.0,458799.0,12639,359911,draw,5613012
26,10,76,Connect-4,54045,3,win,1,select_coverage,2.0,DAC,31522,931993,,,31385,928337,win,4106316
26,10,76,Connect-4,54045,3,win,1,select_coverage,2.0,exact,31522,931993,31385.0,928337.0,25604,734660,win,11384304
26,10,76,Connect-4,54045,3,win,1,select_coverage,3.0,DAC,46887,1391507,,,46645,1384915,loss,6128752
26,10,76,Connect-4,54045,3,win,1,select_coverage,3.0,exact,46887,1391507,46645.0,1384915.0,38080,1096670,win,16985032
26,10,76,Connect-4,54045,3,win,1,select_coverage,4.0,DAC,62269,1853386,,,61897,1843295,loss,8160852
26,10,76,Connect-4,54045,3,win,1,select_coverage,4.0,exact,62269,1853386,61896.0,1843262.0,50528,1459516,win,22605352
26,10,76,Connect-4,54045,3,win,1,select_coverage_CBA_M1,,DAC,15483,454189,,,15449,453315,draw,2002632
26,10,76,Connect-4,54045,3,win,1,select_coverage_CBA_M1,,exact,15483,454189,15449.0,453315.0,12581,357892,draw,5555976
26,10,76,Connect-4,54045,3,win,2,select_coverage,1.0,exact,15642,459673,15608.0,458799.0,12639,359911,draw,5613012
26,10,76,Connect-4,54045,3,win,2,select_coverage,2.0,exact,31522,931993,31385.0,928337.0,25604,734660,win,11384304
26,10,76,Connect-4,54045,3,win,2,select_coverage,3.0,exact,46887,1391507,46645.0,1384915.0,38080,1096670,win,16985032
26,10,76,Connect-4,54045,3,win,2,select_coverage,4.0,exact,62269,1853386,61896.0,1843262.0,50528,1459516,win,22605352
26,10,76,Connect-4,54045,3,win,2,select_coverage_CBA_M1,,exact,15571,457312,15537.0,456438.0,12615,359114,draw,5588664
26,10,100,Connect-4,54045,3,win,1,select_coverage,1.0,DAC,15710,461103,,,15659,459755,win,2033012
26,10,100,Connect-4,54045,3,win,1,select_coverage,1.0,exact,15710,461103,15659.0,459755.0,12691,360767,loss,5627612
26,10,100,Connect-4,54045,3,win,1,select_coverage,2.0,DAC,31542,931766,,,31398,927897,loss,4105648
26,10,100,Connect-4,54045,3,win,1,select_coverage,2.0,exact,31542,931766,31398.0,927897.0,25680,736149,win,11388008
26,10,100,Connect-4,54045,3,win,1,select_coverage,3.0,DAC,46984,1393844,,,46709,1386412,loss,6139264
26,10,100,Connect-4,54045,3,win,1,select_coverage,3.0,exact,46984,1393844,46709.0,1386412.0,38247,1101504,win,17021752
26,10,100,Connect-4,54045,3,win,1,select_coverage,4.0,DAC,62342,1854933,,,61910,1843227,loss,8167916
26,10,100,Connect-4,54045,3,win,1,select_coverage,4.0,exact,62342,1854933,61909.0,1843192.0,50768,1466749,win,22640608
26,10,100,Connect-4,54045,3,win,1,select_coverage_CBA_M1,,DAC,15690,460461,,,15639,459113,win,2030204
26,10,100,Connect-4,54045,3,win,1,select_coverage_CBA_M1,,exact,15690,460461,15639.0,459113.0,12685,360588,loss,5621120
26,10,100,Connect-4,54045,3,win,2,select_coverage,1.0,exact,15710,461103,15659.0,459755.0,12691,360767,loss,5627612
26,10,100,Connect-4,54045,3,win,2,select_coverage,2.0,exact,31542,931766,31398.0,927897.0,25680,736149,win,11388008
26,10,100,Connect-4,54045,3,win,2,select_coverage,3.0,exact,46984,1393844,46709.0,1386412.0,38247,1101504,win,17021752
26,10,100,Connect-4,54045,3,win,2,select_coverage,4.0,exact,62342,1854933,61909.0,1843192.0,50768,1466749,win,22640608
26,10,100,Connect-4,54045,3,win,2,select_coverage_CBA_M1,,exact,15653,459234,15602.0,457886.0,12667,359997,loss,5607756
26,10,114,Connect-4,54045,3,win,1,select_coverage,1.0,DAC,15670,459966,,,15630,458898,win,2027984
26,10,114,Connect-4,54045,3,win,1,select_coverage,1.0,exact,15670,459966,15630.0,458898.0,12651,359753,win,5614652
26,10,114,Connect-4,54045,3,win,1,select_coverage,2.0,DAC,31691,936213,,,31566,932831,win,4125224
26,10,114,Connect-4,54045,3,win,1,select_coverage,2.0,exact,31691,936213,31566.0,932831.0,25790,739292,win,11443480
26,10,114,Connect-4,54045,3,win,1,select_coverage,3.0,DAC,47115,1397575,,,46861,1390666,loss,6155760
26,10,114,Connect-4,54045,3,win,1,select_coverage,3.0,exact,47115,1397575,46861.0,1390666.0,38338,1103937,win,17068288
26,10,114,Connect-4,54045,3,win,1,select_coverage,4.0,DAC,62708,1865033,,,62308,1854114,loss,8212708
26,10,114,Connect-4,54045,3,win,1,select_coverage,4.0,exact,62708,1865033,62307.0,1854080.0,50988,1472002,win,22758308
26,10,114,Connect-4,54045,3,win,1,select_coverage_CBA_M1,,DAC,15326,448068,,,15286,447000,draw,1976264
26,10,114,Connect-4,54045,3,win,1,select_coverage_CBA_M1,,exact,15326,448068,15286.0,447000.0,12542,355979,win,5493364
26,10,114,Connect-4,54045,3,win,2,select_coverage,1.0,exact,15670,459966,15630.0,458898.0,12651,359753,win,5614652
26,10,114,Connect-4,54045,3,win,2,select_coverage,2.0,exact,31691,936213,31566.0,932831.0,25790,739292,win,11443480
26,10,114,Connect-4,54045,3,win,2,select_coverage,3.0,exact,47115,1397575,46861.0,1390666.0,38338,1103937,win,17068288
26,10,114,Connect-4,54045,3,win,2,select_coverage,4.0,exact,62708,1865033,62307.0,1854080.0,50988,1472002,win,22758308
26,10,114,Connect-4,54045,3,win,2,select_coverage_CBA_M1,,exact,15617,458212,15577.0,457144.0,12628,359007,win,5595940
26,10,133,Connect-4,54045,3,win,1,select_coverage,1.0,DAC,15780,464239,,,15739,463135,win,2046396
26,10,133,Connect-4,54045,3,win,1,select_coverage,1.0,exact,15780,464239,15739.0,463135.0,12777,364547,loss,5671356
26,10,133,Connect-4,54045,3,win,1,select_coverage,2.0,DAC,31776,940682,,,31632,936760,win,4144120
26,10,133,Connect-4,54045,3,win,1,select_coverage,2.0,exact,31776,940682,31632.0,936760.0,25774,740441,win,11483780
26,10,133,Connect-4,54045,3,win,1,select_coverage,3.0,DAC,47236,1403755,,,46976,1396639,win,6181932
26,10,133,Connect-4,54045,3,win,1,select_coverage,3.0,exact,47236,1403755,46976.0,1396639.0,38350,1106327,win,17130140
26,10,133,Connect-4,54045,3,win,1,select_coverage,4.0,DAC,62745,1869960,,,62346,1858966,loss,8232860
26,10,133,Connect-4,54045,3,win,1,select_coverage,4.0,exact,62745,1869960,62346.0,1858966.0,50874,1471644,win,22797376
26,10,133,Connect-4,54045,3,win,1,select_coverage_CBA_M1,,DAC,15320,448306,,,15279,447202,draw,1977144
26,10,133,Connect-4,54045,3,win,1,select_coverage_CBA_M1,,exact,15320,448306,15279.0,447202.0,12637,359673,loss,5509676
26,10,133,Connect-4,54045,3,win,2,select_coverage,1.0,exact,15780,464239,15739.0,463135.0,12777,364547,loss,5671356
26,10,133,Connect-4,54045,3,win,2,select_coverage,2.0,exact,31776,940682,31632.0,936760.0,25774,740441,win,11483780
26,10,133,Connect-4,54045,3,win,2,select_coverage,3.0,exact,47236,1403755,46976.0,1396639.0,38350,1106327,win,17130140
26,10,133,Connect-4,54045,3,win,2,select_coverage,4.0,exact,62745,1869960,62346.0,1858966.0,50874,1471644,win,22797376
26,10,133,Connect-4,54045,3,win,2,select_coverage_CBA_M1,,exact,15716,462121,15675.0,461017.0,12750,363670,loss,5648856
26,10,138,Connect-4,54045,3,win,1,select_coverage,1.0,DAC,15606,459175,,,15565,458067,win,2024052
26,10,138,Connect-4,54045,3,win,1,select_coverage,1.0,exact,15606,459175,15565.0,458067.0,12621,359949,loss,5606868
26,10,138,Connect-4,54045,3,win,1,select_coverage,2.0,DAC,31528,933186,,,31391,929481,win,4111160
26,10,138,Connect-4,54045,3,win,1,select_coverage,2.0,exact,31528,933186,31391.0,929481.0,25692,738458,win,11409036
26,10,138,Connect-4,54045,3,win,1,select_coverage,3.0,DAC,47049,1398346,,,46797,1391520,win,6158052
26,10,138,Connect-4,54045,3,win,1,select_coverage,3.0,exact,47049,1398346,46797.0,1391520.0,38313,1105893,win,17080564
26,10,138,Connect-4,54045,3,win,1,select_coverage,4.0,DAC,62613,1865953,,,62206,1854814,loss,8215248
26,10,138,Connect-4,54045,3,win,1,select_coverage,4.0,exact,62613,1865953,62206.0,1854814.0,50958,1475126,win,22774188
26,10,138,Connect-4,54045,3,win,1,select_coverage_CBA_M1,,DAC,15592,458727,,,15551,457619,win,2022092
26,10,138,Connect-4,54045,3,win,1,select_coverage_CBA_M1,,exact,15592,458727,15551.0,457619.0,12611,359635,loss,5601580
26,10,138,Connect-4,54045,3,win,2,select_coverage,1.0,exact,15606,459175,15565.0,458067.0,12621,359949,loss,5606868
26,10,138,Connect-4,54045,3,win,2,select_coverage,2.0,exact,31528,933186,31391.0,929481.0,25692,738458,win,11409036
26,10,138,Connect-4,54045,3,win,2,select_coverage,3.0,exact,47049,1398346,46797.0,1391520.0,38313,1105893,win,17080564
26,10,138,Connect-4,54045,3,win,2,select_coverage,4.0,exact,62613,1865953,62206.0,1854814.0,50958,1475126,win,22774188
26,10,138,Connect-4,54045,3,win,2,select_coverage_CBA_M1,,exact,15558,457591,15517.0,456483.0,12596,359129,loss,5589380
26,10,148,Connect-4,54045,3,win,1,select_coverage,1.0,DAC,15632,460237,,,15577,458806,win,2028612
26,10,148,Connect-4,54045,3,win,1,select_coverage,1.0,exact,15632,460237,15577.0,458806.0,12557,358223,loss,5607552
26,10,148,Connect-4,54045,3,win,1,select_coverage,2.0,DAC,31506,933088,,,31344,928732,win,4110504
26,10,148,Connect-4,54045,3,win,1,select_coverage,2.0,exact,31506,933088,31344.0,928732.0,25533,733986,loss,11386256
26,10,148,Connect-4,54045,3,win,1,select_coverage,3.0,DAC,46918,1394992,,,46635,1387327,loss,6143064
26,10,148,Connect-4,54045,3,win,1,select_coverage,3.0,exact,46918,1394992,46634.0,1387292.0,37955,1095195,win,17002228
26,10,148,Connect-4,54045,3,win,1,select_coverage,4.0,DAC,62467,1862517,,,62039,1850966,loss,8199752
26,10,148,Connect-4,54045,3,win,1,select_coverage,4.0,exact,62467,1862517,62037.0,1850897.0,50531,1462518,win,22688936
26,10,148,Connect-4,54045,3,win,1,select_coverage_CBA_M1,,DAC,15616,459716,,,15561,458285,win,2026336
26,10,148,Connect-4,54045,3,win,1,select_coverage_CBA_M1,,exact,15616,459716,15561.0,458285.0,12552,358072,loss,5602268
26,10,148,Connect-4,54045,3,win,2,select_coverage,1.0,exact,15632,460237,15577.0,458806.0,12557,358223,loss,5607552
26,10,148,Connect-4,54045,3,win,2,select_coverage,2.0,exact,31506,933088,31344.0,928732.0,25533,733986,loss,11386256
26,10,148,Connect-4,54045,3,win,2,select_coverage,3.0,exact,46918,1394992,46634.0,1387292.0,37955,1095195,win,17002228
26,10,148,Connect-4,54045,3,win,2,select_coverage,4.0,exact,62467,1862517,62037.0,1850897.0,50531,1462518,win,22688936
26,10,148,Connect-4,54045,3,win,2,select_coverage_CBA_M1,,exact,15560,457863,15505.0,456432.0,12532,357410,loss,5583004
