id_uci,nclients,seed,data_name,train_size,number_classes,majority_class,ranking,selection,param,consolidation,round1_n_rules,round1_n_items_antecedent,round2_n_rules,round2_n_items_antecedent,final_nrules,final_total_items,default_class,comm_cost
101,2,5,Tic-Tac-Toe Endgame,766,2,positive,1,select_coverage,1.0,DAC,42,140,,,26,92,positive,1080
101,2,5,Tic-Tac-Toe Endgame,766,2,positive,1,select_coverage,1.0,exact,42,140,26.0,92.0,24,83,negative,1900
101,2,5,Tic-Tac-Toe Endgame,766,2,positive,1,select_coverage,2.0,DAC,200,758,,,159,612,positive,5448
101,2,5,Tic-Tac-Toe Endgame,766,2,positive,1,select_coverage,2.0,exact,200,758,159.0,612.0,150,576,positive,11616
101,2,5,Tic-Tac-Toe Endgame,766,2,positive,1,select_coverage,3.0,DAC,319,1238,,,248,970,positive,8796
101,2,5,Tic-Tac-Toe Endgame,766,2,positive,1,select_coverage,3.0,exact,319,1238,248.0,970.0,232,907,positive,18428
101,2,5,Tic-Tac-Toe Endgame,766,2,positive,1,select_coverage,4.0,DAC,442,1741,,,354,1405,positive,12284
101,2,5,Tic-Tac-Toe Endgame,766,2,positive,1,select_coverage,4.0,exact,442,1741,354.0,1405.0,329,1307,positive,26324
101,2,5,Tic-Tac-Toe Endgame,766,2,positive,1,select_coverage_CBA_M1,,DAC,16,48,,,8,24,negative,400
101,2,5,Tic-Tac-Toe Endgame,766,2,positive,1,select_coverage_CBA_M1,,exact,16,48,8.0,24.0,8,24,negative,592
101,2,5,Tic-Tac-Toe Endgame,766,2,positive,2,select_coverage,1.0,exact,42,140,26.0,92.0,24,83,negative,1900
101,2,5,Tic-Tac-Toe Endgame,766,2,positive,2,select_coverage,2.0,exact,200,758,159.0,612.0,150,576,positive,11616
101,2,5,Tic-Tac-Toe Endgame,766,2,positive,2,select_coverage,3.0,exact,319,1238,248.0,970.0,232,907,positive,18428
101,2,5,Tic-Tac-Toe Endgame,766,2,positive,2,select_coverage,4.0,exact,442,1741,354.0,1405.0,329,1307,positive,26324
101,2,5,Tic-Tac-Toe Endgame,766,2,positive,2,select_coverage_CBA_M1,,exact,29,88,17.0,52.0,17,52,negative,1192
101,2,14,Tic-Tac-Toe Endgame,766,2,positive,1,select_coverage,1.0,DAC,43,148,,,27,100,positive,1124
101,2,14,Tic-Tac-Toe Endgame,766,2,positive,1,select_coverage,1.0,exact,43,148,27.0,100.0,27,100,positive,2056
101,2,14,Tic-Tac-Toe Endgame,766,2,positive,1,select_coverage,2.0,DAC,204,763,,,166,628,positive,5516
101,2,14,Tic-Tac-Toe Endgame,766,2,positive,1,select_coverage,2.0,exact,204,763,166.0,628.0,163,615,positive,12024
101,2,14,Tic-Tac-Toe Endgame,766,2,positive,1,select_coverage,3.0,DAC,326,1240,,,252,963,positive,8888
101,2,14,Tic-Tac-Toe Endgame,766,2,positive,1,select_coverage,3.0,exact,326,1240,252.0,963.0,240,917,positive,18544
101,2,14,Tic-Tac-Toe Endgame,766,2,positive,1,select_coverage,4.0,DAC,443,1704,,,346,1338,positive,12148
101,2,14,Tic-Tac-Toe Endgame,766,2,positive,1,select_coverage,4.0,exact,443,1704,346.0,1338.0,327,1266,positive,25552
101,2,14,Tic-Tac-Toe Endgame,766,2,positive,1,select_coverage_CBA_M1,,DAC,16,48,,,8,24,negative,400
101,2,14,Tic-Tac-Toe Endgame,766,2,positive,1,select_coverage_CBA_M1,,exact,16,48,8.0,24.0,8,24,negative,592
101,2,14,Tic-Tac-Toe Endgame,766,2,positive,2,select_coverage,1.0,exact,43,148,27.0,100.0,27,100,positive,2056
101,2,14,Tic-Tac-Toe Endgame,766,2,positive,2,select_coverage,2.0,exact,204,763,166.0,628.0,163,615,positive,12024
101,2,14,Tic-Tac-Toe Endgame,766,2,positive,2,select_coverage,3.0,exact,326,1240,252.0,963.0,240,917,positive,18544
101,2,14,Tic-Tac-Toe Endgame,766,2,positive,2,select_coverage,4.0,exact,443,1704,346.0,1338.0,327,1266,positive,25552
101,2,14,Tic-Tac-Toe Endgame,766,2,positive,2,select_coverage_CBA_M1,,exact,28,84,16.0,48.0,16,48,negative,1120
101,2,17,Tic-Tac-Toe Endgame,766,2,positive,1,select_coverage,1.0,DAC,42,140,,,26,92,positive,1080
101,2,17,Tic-Tac-Toe Endgame,766,2,positive,1,select_coverage,1.0,exact,42,140,26.0,92.0,24,84,negative,1904
101,2,17,Tic-Tac-Toe Endgame,766,2,positive,1,select_coverage,2.0,DAC,194,735,,,156,599,positive,5284
101,2,17,Tic-Tac-Toe Endgame,766,2,positive,1,select_coverage,2.0,exact,194,735,156.0,599.0,146,560,negative,11336
101,2,17,Tic-Tac-Toe Endgame,766,2,positive,1,select_coverage,3.0,DAC,331,1278,,,264,1026,positive,9100
101,2,17,Tic-Tac-Toe Endgame,766,2,positive,1,select_coverage,3.0,exact,331,1278,264.0,1026.0,242,940,positive,19328
101,2,17,Tic-Tac-Toe Endgame,766,2,positive,1,select_coverage,4.0,DAC,459,1792,,,371,1457,positive,12692
101,2,17,Tic-Tac-Toe Endgame,766,2,positive,1,select_coverage,4.0,exact,459,1792,371.0,1457.0,330,1298,positive,27108
101,2,17,Tic-Tac-Toe Endgame,766,2,positive,1,select_coverage_CBA_M1,,DAC,16,48,,,8,24,negative,400
101,2,17,Tic-Tac-Toe Endgame,766,2,positive,1,select_coverage_CBA_M1,,exact,16,48,8.0,24.0,8,24,negative,592
101,2,17,Tic-Tac-Toe Endgame,766,2,positive,2,select_coverage,1.0,exact,42,140,26.0,92.0,24,84,negative,1904
101,2,17,Tic-Tac-Toe Endgame,766,2,positive,2,select_coverage,2.0,exact,194,735,156.0,599.0,146,560,negative,11336
101,2,17,Tic-Tac-Toe Endgame,766,2,positive,2,select_coverage,3.0,exact,331,1278,264.0,1026.0,242,940,positive,19328
101,2,17,Tic-Tac-Toe Endgame,766,2,positive,2,select_coverage,4.0,exact,459,1792,371.0,1457.0,330,1298,positive,27108
101,2,17,Tic-Tac-Toe Endgame,766,2,positive,2,select_coverage_CBA_M1,,exact,30,91,17.0,52.0,17,52,negative,1204
101,2,19,Tic-Tac-Toe Endgame,766,2,positive,1,select_coverage,1.0,DAC,43,143,,,27,95,positive,1104
101,2,19,Tic-Tac-Toe Endgame,766,2,positive,1,select_coverage,1.0,exact,43,143,27.0,95.0,26,91,negative,1980
101,2,19,Tic-Tac-Toe Endgame,766,2,positive,1,select_coverage,2.0,DAC,211,781,,,172,643,positive,5672
101,2,19,Tic-Tac-Toe Endgame,766,2,positive,1,select_coverage,2.0,exact,211,781,172.0,643.0,163,610,positive,12280
101,2,19,Tic-Tac-Toe Endgame,766,2,positive,1,select_coverage,3.0,DAC,323,1230,,,256,983,positive,8812
101,2,19,Tic-Tac-Toe Endgame,766,2,positive,1,select_coverage,3.0,exact,323,1230,256.0,983.0,239,915,positive,18672
101,2,19,Tic-Tac-Toe Endgame,766,2,positive,1,select_coverage,4.0,DAC,460,1793,,,366,1439,positive,12708
101,2,19,Tic-Tac-Toe Endgame,766,2,positive,1,select_coverage,4.0,exact,460,1793,366.0,1439.0,332,1301,positive,26932
101,2,19,Tic-Tac-Toe Endgame,766,2,positive,1,select_coverage_CBA_M1,,DAC,16,48,,,8,24,negative,400
101,2,19,Tic-Tac-Toe Endgame,766,2,positive,1,select_coverage_CBA_M1,,exact,16,48,8.0,24.0,8,24,negative,592
101,2,19,Tic-Tac-Toe Endgame,766,2,positive,2,select_coverage,1.0,exact,43,143,27.0,95.0,26,91,negative,1980
101,2,19,Tic-Tac-Toe Endgame,766,2,positive,2,select_coverage,2.0,exact,211,781,172.0,643.0,163,610,positive,12280
101,2,19,Tic-Tac-Toe Endgame,766,2,positive,2,select_coverage,3.0,exact,323,1230,256.0,983.0,239,915,positive,18672
101,2,19,Tic-Tac-Toe Endgame,766,2,positive,2,select_coverage,4.0,exact,460,1793,366.0,1439.0,332,1301,positive,26932
101,2,19,Tic-Tac-Toe Endgame,766,2,positive,2,select_coverage_CBA_M1,,exact,25,75,15.0,45.0,15,45,negative,1036
101,2,29,Tic-Tac-Toe Endgame,766,2,positive,1,select_coverage,1.0,DAC,43,147,,,27,99,positive,1120
101,2,29,Tic-Tac-Toe Endgame,766,2,positive,1,select_coverage,1.0,exact,43,147,27.0,99.0,26,94,negative,2024
101,2,29,Tic-Tac-Toe Endgame,766,2,positive,1,select_coverage,2.0,DAC,203,776,,,165,642,positive,5556
101,2,29,Tic-Tac-Toe Endgame,766,2,positive,1,select_coverage,2.0,exact,203,776,165.0,642.0,154,592,positive,12016
101,2,29,Tic-Tac-Toe Endgame,766,2,positive,1,select_coverage,3.0,DAC,330,1284,,,253,997,positive,9112
101,2,29,Tic-Tac-Toe Endgame,766,2,positive,1,select_coverage,3.0,exact,330,1284,253.0,997.0,234,917,positive,18880
101,2,29,Tic-Tac-Toe Endgame,766,2,positive,1,select_coverage,4.0,DAC,465,1841,,,369,1480,positive,12960
101,2,29,Tic-Tac-Toe Endgame,766,2,positive,1,select_coverage,4.0,exact,465,1841,369.0,1480.0,335,1340,positive,27516
101,2,29,Tic-Tac-Toe Endgame,766,2,positive,1,select_coverage_CBA_M1,,DAC,16,48,,,8,24,negative,400
101,2,29,Tic-Tac-Toe Endgame,766,2,positive,1,select_coverage_CBA_M1,,exact,16,48,8.0,24.0,8,24,negative,592
101,2,29,Tic-Tac-Toe Endgame,766,2,positive,2,select_coverage,1.0,exact,43,147,27.0,99.0,26,94,negative,2024
101,2,29,Tic-Tac-Toe Endgame,766,2,positive,2,select_coverage,2.0,exact,203,776,165.0,642.0,154,592,positive,12016
101,2,29,Tic-Tac-Toe Endgame,766,2,positive,2,select_coverage,3.0,exact,330,1284,253.0,997.0,234,917,positive,18880
101,2,29,Tic-Tac-Toe Endgame,766,2,positive,2,select_coverage,4.0,exact,465,1841,369.0,1480.0,335,1340,positive,27516
101,2,29,Tic-Tac-Toe Endgame,766,2,positive,2,select_coverage_CBA_M1,,exact,26,78,15.0,45.0,15,45,negative,1048
101,2,31,Tic-Tac-Toe Endgame,766,2,positive,1,select_coverage,1.0,DAC,45,150,,,29,102,positive,1156
101,2,31,Tic-Tac-Toe Endgame,766,2,positive,1,select_coverage,1.0,exact,45,150,29.0,102.0,29,102,positive,2128
101,2,31,Tic-Tac-Toe Endgame,766,2,positive,1,select_coverage,2.0,DAC,194,728,,,156,593,positive,5256
101,2,31,Tic-Tac-Toe Endgame,766,2,positive,1,select_coverage,2.0,exact,194,728,156.0,593.0,148,558,positive,11276
101,2,31,Tic-Tac-Toe Endgame,766,2,positive,1,select_coverage,3.0,DAC,328,1240,,,256,971,positive,8912
101,2,31,Tic-Tac-Toe Endgame,766,2,positive,1,select_coverage,3.0,exact,328,1240,256.0,971.0,243,919,positive,18680
101,2,31,Tic-Tac-Toe Endgame,766,2,positive,1,select_coverage,4.0,DAC,450,1731,,,361,1397,positive,12340
101,2,31,Tic-Tac-Toe Endgame,766,2,positive,1,select_coverage,4.0,exact,450,1731,361.0,1397.0,332,1283,positive,26324
101,2,31,Tic-Tac-Toe Endgame,766,2,positive,1,select_coverage_CBA_M1,,DAC,17,51,,,9,27,negative,424
101,2,31,Tic-Tac-Toe Endgame,766,2,positive,1,select_coverage_CBA_M1,,exact,17,51,9.0,27.0,9,27,negative,652
101,2,31,Tic-Tac-Toe Endgame,766,2,positive,2,select_coverage,1.0,exact,45,150,29.0,102.0,29,102,positive,2128
101,2,31,Tic-Tac-Toe Endgame,766,2,positive,2,select_coverage,2.0,exact,194,728,156.0,593.0,148,558,positive,11276
101,2,31,Tic-Tac-Toe Endgame,766,2,positive,2,select_coverage,3.0,exact,328,1240,256.0,971.0,243,919,positive,18680
101,2,31,Tic-Tac-Toe Endgame,766,2,positive,2,select_coverage,4.0,exact,450,1731,361.0,1397.0,332,1283,positive,26324
101,2,31,Tic-Tac-Toe Endgame,766,2,positive,2,select_coverage_CBA_M1,,exact,27,81,16.0,48.0,16,48,negative,1108
101,2,34,Tic-Tac-Toe Endgame,766,2,positive,1,select_coverage,1.0,DAC,46,158,,,30,110,positive,1200
101,2,34,Tic-Tac-Toe Endgame,766,2,positive,1,select_coverage,1.0,exact,46,158,30.0,110.0,28,101,negative,2212
101,2,34,Tic-Tac-Toe Endgame,766,2,positive,1,select_coverage,2.0,DAC,202,764,,,165,633,positive,5496
101,2,34,Tic-Tac-Toe Endgame,766,2,positive,1,select_coverage,2.0,exact,202,764,165.0,633.0,159,609,positive,12000
101,2,34,Tic-Tac-Toe Endgame,766,2,positive,1,select_coverage,3.0,DAC,333,1279,,,264,1022,positive,9128
101,2,34,Tic-Tac-Toe Endgame,766,2,positive,1,select_coverage,3.0,exact,333,1279,264.0,1022.0,249,955,positive,19376
101,2,34,Tic-Tac-Toe Endgame,766,2,positive,1,select_coverage,4.0,DAC,466,1823,,,369,1462,positive,12900
101,2,34,Tic-Tac-Toe Endgame,766,2,positive,1,select_coverage,4.0,exact,466,1823,369.0,1462.0,340,1338,positive,27364
101,2,34,Tic-Tac-Toe Endgame,766,2,positive,1,select_coverage_CBA_M1,,DAC,17,51,,,9,27,negative,424
101,2,34,Tic-Tac-Toe Endgame,766,2,positive,1,select_coverage_CBA_M1,,exact,17,51,9.0,27.0,9,27,negative,652
101,2,34,Tic-Tac-Toe Endgame,766,2,positive,2,select_coverage,1.0,exact,46,158,30.0,110.0,28,101,negative,2212
101,2,34,Tic-Tac-Toe Endgame,766,2,positive,2,select_coverage,2.0,exact,202,764,165.0,633.0,159,609,positive,12000
101,2,34,Tic-Tac-Toe Endgame,766,2,positive,2,select_coverage,3.0,exact,333,1279,264.0,1022.0,249,955,positive,19376
101,2,34,Tic-Tac-Toe Endgame,766,2,positive,2,select_coverage,4.0,exact,466,1823,369.0,1462.0,340,1338,positive,27364
101,2,34,Tic-Tac-Toe Endgame,766,2,positive,2,select_coverage_CBA_M1,,exact,26,78,16.0,48.0,16,48,negative,1096
101,2,42,Tic-Tac-Toe Endgame,766,2,positive,1,select_coverage,1.0,DAC,43,145,,,27,97,positive,1112
101,2,42,Tic-Tac-Toe Endgame,766,2,positive,1,select_coverage,1.0,exact,43,145,27.0,97.0,24,83,negative,1964
101,2,42,Tic-Tac-Toe Endgame,766,2,positive,1,select_coverage,2.0,DAC,200,759,,,160,615,positive,5452
101,2,42,Tic-Tac-Toe Endgame,766,2,positive,1,select_coverage,2.0,exact,200,759,160.0,615.0,150,571,negative,11636
101,2,42,Tic-Tac-Toe Endgame,766,2,positive,1,select_coverage,3.0,DAC,322,1247,,,259,1012,positive,8868
101,2,42,Tic-Tac-Toe Endgame,766,2,positive,1,select_coverage,3.0,exact,322,1247,259.0,1012.0,243,945,positive,19048
101,2,42,Tic-Tac-Toe Endgame,766,2,positive,1,select_coverage,4.0,DAC,453,1779,,,367,1456,positive,12568
101,2,42,Tic-Tac-Toe Endgame,766,2,positive,1,select_coverage,4.0,exact,453,1779,367.0,1456.0,345,1364,positive,27220
101,2,42,Tic-Tac-Toe Endgame,766,2,positive,1,select_coverage_CBA_M1,,DAC,18,54,,,10,30,negative,448
101,2,42,Tic-Tac-Toe Endgame,766,2,positive,1,select_coverage_CBA_M1,,exact,18,54,10.0,30.0,10,30,negative,712
101,2,42,Tic-Tac-Toe Endgame,766,2,positive,2,select_coverage,1.0,exact,43,145,27.0,97.0,24,83,negative,1964
101,2,42,Tic-Tac-Toe Endgame,766,2,positive,2,select_coverage,2.0,exact,200,759,160.0,615.0,150,571,negative,11636
101,2,42,Tic-Tac-Toe Endgame,766,2,positive,2,select_coverage,3.0,exact,322,1247,259.0,1012.0,243,945,positive,19048
101,2,42,Tic-Tac-Toe Endgame,766,2,positive,2,select_coverage,4.0,exact,453,1779,367.0,1456.0,345,1364,positive,27220
101,2,42,Tic-Tac-Toe Endgame,766,2,positive,2,select_coverage_CBA_M1,,exact,28,84,17.0,51.0,17,51,negative,1168
101,2,49,Tic-Tac-Toe Endgame,766,2,positive,1,select_coverage,1.0,DAC,42,137,,,26,89,positive,1068
101,2,49,Tic-Tac-Toe Endgame,766,2,positive,1,select_coverage,1.0,exact,42,137,26.0,89.0,25,85,negative,1884
101,2,49,Tic-Tac-Toe Endgame,766,2,positive,1,select_coverage,2.0,DAC,207,771,,,170,639,positive,5584
101,2,49,Tic-Tac-Toe Endgame,766,2,positive,1,select_coverage,2.0,exact,207,771,170.0,639.0,156,582,positive,12064
101,2,49,Tic-Tac-Toe Endgame,766,2,positive,1,select_coverage,3.0,DAC,323,1235,,,254,975,positive,8832
101,2,49,Tic-Tac-Toe Endgame,766,2,positive,1,select_coverage,3.0,exact,323,1235,254.0,975.0,232,885,positive,18492
101,2,49,Tic-Tac-Toe Endgame,766,2,positive,1,select_coverage,4.0,DAC,462,1793,,,370,1445,positive,12732
101,2,49,Tic-Tac-Toe Endgame,766,2,positive,1,select_coverage,4.0,exact,462,1793,370.0,1445.0,335,1304,positive,27064
101,2,49,Tic-Tac-Toe Endgame,766,2,positive,1,select_coverage_CBA_M1,,DAC,16,48,,,8,24,negative,400
101,2,49,Tic-Tac-Toe Endgame,766,2,positive,1,select_coverage_CBA_M1,,exact,16,48,8.0,24.0,8,24,negative,592
101,2,49,Tic-Tac-Toe Endgame,766,2,positive,2,select_coverage,1.0,exact,42,137,26.0,89.0,25,85,negative,1884
101,2,49,Tic-Tac-Toe Endgame,766,2,positive,2,select_coverage,2.0,exact,207,771,170.0,639.0,156,582,positive,12064
101,2,49,Tic-Tac-Toe Endgame,766,2,positive,2,select_coverage,3.0,exact,323,1235,254.0,975.0,232,885,positive,18492
101,2,49,Tic-Tac-Toe Endgame,766,2,positive,2,select_coverage,4.0,exact,462,1793,370.0,1445.0,335,1304,positive,27064
101,2,49,Tic-Tac-Toe Endgame,766,2,positive,2,select_coverage_CBA_M1,,exact,26,78,16.0,48.0,16,48,negative,1096
101,2,63,Tic-Tac-Toe Endgame,766,2,positive,1,select_coverage,1.0,DAC,41,134,,,25,86,positive,1044
101,2,63,Tic-Tac-Toe Endgame,766,2,positive,1,select_coverage,1.0,exact,41,134,25.0,86.0,25,86,positive,1840
101,2,63,Tic-Tac-Toe Endgame,766,2,positive,1,select_coverage,2.0,DAC,203,763,,,159,604,positive,5504
101,2,63,Tic-Tac-Toe Endgame,766,2,positive,1,select_coverage,2.0,exact,203,763,159.0,604.0,151,572,positive,11588
101,2,63,Tic-Tac-Toe Endgame,766,2,positive,1,select_coverage,3.0,DAC,331,1275,,,257,996,positive,9088
101,2,63,Tic-Tac-Toe Endgame,766,2,positive,1,select_coverage,3.0,exact,331,1275,257.0,996.0,244,944,positive,19044
101,2,63,Tic-Tac-Toe Endgame,766,2,positive,1,select_coverage,4.0,DAC,463,1799,,,365,1424,positive,12768
101,2,63,Tic-Tac-Toe Endgame,766,2,positive,1,select_coverage,4.0,exact,463,1799,365.0,1424.0,341,1328,positive,26980
101,2,63,Tic-Tac-Toe Endgame,766,2,positive,1,select_coverage_CBA_M1,,DAC,17,51,,,9,27,negative,424
101,2,63,Tic-Tac-Toe Endgame,766,2,positive,1,select_coverage_CBA_M1,,exact,17,51,9.0,27.0,9,27,negative,652
101,2,63,Tic-Tac-Toe Endgame,766,2,positive,2,select_coverage,1.0,exact,41,134,25.0,86.0,25,86,positive,1840
101,2,63,Tic-Tac-Toe Endgame,766,2,positive,2,select_coverage,2.0,exact,203,763,159.0,604.0,151,572,positive,11588
101,2,63,Tic-Tac-Toe Endgame,766,2,positive,2,select_coverage,3.0,exact,331,1275,257.0,996.0,244,944,positive,19044
101,2,63,Tic-Tac-Toe Endgame,766,2,positive,2,select_coverage,4.0,exact,463,1799,365.0,1424.0,341,1328,positive,26980
101,2,63,Tic-Tac-Toe Endgame,766,2,positive,2,select_coverage_CBA_M1,,exact,30,90,16.0,48.0,16,48,negative,1144
101,2,64,Tic-Tac-Toe Endgame,766,2,positive,1,select_coverage,1.0,DAC,42,140,,,26,92,positive,1080
101,2,64,Tic-Tac-Toe Endgame,766,2,positive,1,select_coverage,1.0,exact,42,140,26.0,92.0,26,92,positive,1936
101,2,64,Tic-Tac-Toe Endgame,766,2,positive,1,select_coverage,2.0,DAC,202,766,,,169,650,positive,5504
101,2,64,Tic-Tac-Toe Endgame,766,2,positive,1,select_coverage,2.0,exact,202,766,169.0,650.0,160,615,positive,12196
101,2,64,Tic-Tac-Toe Endgame,766,2,positive,1,select_coverage,3.0,DAC,324,1252,,,256,999,positive,8912
101,2,64,Tic-Tac-Toe Endgame,766,2,positive,1,select_coverage,3.0,exact,324,1252,256.0,999.0,235,915,positive,18824
101,2,64,Tic-Tac-Toe Endgame,766,2,positive,1,select_coverage,4.0,DAC,453,1778,,,364,1441,positive,12564
101,2,64,Tic-Tac-Toe Endgame,766,2,positive,1,select_coverage,4.0,exact,453,1778,364.0,1441.0,330,1303,positive,26840
101,2,64,Tic-Tac-Toe Endgame,766,2,positive,1,select_coverage_CBA_M1,,DAC,16,48,,,8,24,negative,400
101,2,64,Tic-Tac-Toe Endgame,766,2,positive,1,select_coverage_CBA_M1,,exact,16,48,8.0,24.0,8,24,negative,592
101,2,64,Tic-Tac-Toe Endgame,766,2,positive,2,select_coverage,1.0,exact,42,140,26.0,92.0,26,92,positive,1936
101,2,64,Tic-Tac-Toe Endgame,766,2,positive,2,select_coverage,2.0,exact,202,766,169.0,650.0,160,615,positive,12196
101,2,64,Tic-Tac-Toe Endgame,766,2,positive,2,select_coverage,3.0,exact,324,1252,256.0,999.0,235,915,positive,18824
101,2,64,Tic-Tac-Toe Endgame,766,2,positive,2,select_coverage,4.0,exact,453,1778,364.0,1441.0,330,1303,positive,26840
101,2,64,Tic-Tac-Toe Endgame,766,2,positive,2,select_coverage_CBA_M1,,exact,28,84,15.0,45.0,15,45,negative,1072
101,2,65,Tic-Tac-Toe Endgame,766,2,positive,1,select_coverage,1.0,DAC,44,149,,,28,101,positive,1140
101,2,65,Tic-Tac-Toe Endgame,766,2,positive,1,select_coverage,1.0,exact,44,149,28.0,101.0,28,101,positive,2092
101,2,65,Tic-Tac-Toe Endgame,766,2,positive,1,select_coverage,2.0,DAC,201,757,,,164,625,positive,5456
101,2,65,Tic-Tac-Toe Endgame,766,2,positive,1,select_coverage,2.0,exact,201,757,164.0,625.0,158,599,positive,11876
101,2,65,Tic-Tac-Toe Endgame,766,2,positive,1,select_coverage,3.0,DAC,319,1228,,,251,975,positive,8756
101,2,65,Tic-Tac-Toe Endgame,766,2,positive,1,select_coverage,3.0,exact,319,1228,251.0,975.0,235,905,positive,18472
101,2,65,Tic-Tac-Toe Endgame,766,2,positive,1,select_coverage,4.0,DAC,457,1786,,,359,1413,positive,12644
101,2,65,Tic-Tac-Toe Endgame,766,2,positive,1,select_coverage,4.0,exact,457,1786,359.0,1413.0,332,1298,positive,26620
101,2,65,Tic-Tac-Toe Endgame,766,2,positive,1,select_coverage_CBA_M1,,DAC,16,48,,,8,24,negative,400
101,2,65,Tic-Tac-Toe Endgame,766,2,positive,1,select_coverage_CBA_M1,,exact,16,48,8.0,24.0,8,24,negative,592
101,2,65,Tic-Tac-Toe Endgame,766,2,positive,2,select_coverage,1.0,exact,44,149,28.0,101.0,28,101,positive,2092
101,2,65,Tic-Tac-Toe Endgame,766,2,positive,2,select_coverage,2.0,exact,201,757,164.0,625.0,158,599,positive,11876
101,2,65,Tic-Tac-Toe Endgame,766,2,positive,2,select_coverage,3.0,exact,319,1228,251.0,975.0,235,905,positive,18472
101,2,65,Tic-Tac-Toe Endgame,766,2,positive,2,select_coverage,4.0,exact,457,1786,359.0,1413.0,332,1298,positive,26620
101,2,65,Tic-Tac-Toe Endgame,766,2,positive,2,select_coverage_CBA_M1,,exact,28,84,16.0,48.0,16,48,negative,1120
101,2,68,Tic-Tac-Toe Endgame,766,2,positive,1,select_coverage,1.0,DAC,44,148,,,28,100,positive,1136
101,2,68,Tic-Tac-Toe Endgame,766,2,positive,1,select_coverage,1.0,exact,44,148,28.0,100.0,27,95,positive,2060
101,2,68,Tic-Tac-Toe Endgame,766,2,positive,1,select_coverage,2.0,DAC,196,743,,,165,635,positive,5340
101,2,68,Tic-Tac-Toe Endgame,766,2,positive,1,select_coverage,2.0,exact,196,743,165.0,635.0,159,608,positive,11920
101,2,68,Tic-Tac-Toe Endgame,766,2,positive,1,select_coverage,3.0,DAC,323,1250,,,255,997,positive,8892
101,2,68,Tic-Tac-Toe Endgame,766,2,positive,1,select_coverage,3.0,exact,323,1250,255.0,997.0,243,942,positive,18892
101,2,68,Tic-Tac-Toe Endgame,766,2,positive,1,select_coverage,4.0,DAC,448,1775,,,362,1449,positive,12492
101,2,68,Tic-Tac-Toe Endgame,766,2,positive,1,select_coverage,4.0,exact,448,1775,362.0,1449.0,341,1357,positive,27028
101,2,68,Tic-Tac-Toe Endgame,766,2,positive,1,select_coverage_CBA_M1,,DAC,17,51,,,9,27,negative,424
101,2,68,Tic-Tac-Toe Endgame,766,2,positive,1,select_coverage_CBA_M1,,exact,17,51,9.0,27.0,9,27,negative,652
101,2,68,Tic-Tac-Toe Endgame,766,2,positive,2,select_coverage,1.0,exact,44,148,28.0,100.0,27,95,positive,2060
101,2,68,Tic-Tac-Toe Endgame,766,2,positive,2,select_coverage,2.0,exact,196,743,165.0,635.0,159,608,positive,11920
101,2,68,Tic-Tac-Toe Endgame,766,2,positive,2,select_coverage,3.0,exact,323,1250,255.0,997.0,243,942,positive,18892
101,2,68,Tic-Tac-Toe Endgame,766,2,positive,2,select_coverage,4.0,exact,448,1775,362.0,1449.0,341,1357,positive,27028
101,2,68,Tic-Tac-Toe Endgame,766,2,positive,2,select_coverage_CBA_M1,,exact,27,81,17.0,51.0,17,51,negative,1156
101,2,74,Tic-Tac-Toe Endgame,766,2,positive,1,select_coverage,1.0,DAC,43,141,,,27,93,positive,1096
101,2,74,Tic-Tac-Toe Endgame,766,2,positive,1,select_coverage,1.0,exact,43,141,27.0,93.0,26,89,negative,1956
101,2,74,Tic-Tac-Toe Endgame,766,2,positive,1,select_coverage,2.0,DAC,195,735,,,160,612,positive,5296
101,2,74,Tic-Tac-Toe Endgame,766,2,positive,1,select_coverage,2.0,exact,195,735,160.0,612.0,150,571,positive,11528
101,2,74,Tic-Tac-Toe Endgame,766,2,positive,1,select_coverage,3.0,DAC,320,1234,,,248,965,positive,8792
101,2,74,Tic-Tac-Toe Endgame,766,2,positive,1,select_coverage,3.0,exact,320,1234,248.0,965.0,233,899,positive,18360
101,2,74,Tic-Tac-Toe Endgame,766,2,positive,1,select_coverage,4.0,DAC,472,1852,,,375,1486,positive,13088
101,2,74,Tic-Tac-Toe Endgame,766,2,positive,1,select_coverage,4.0,exact,472,1852,375.0,1486.0,349,1372,positive,27856
101,2,74,Tic-Tac-Toe Endgame,766,2,positive,1,select_coverage_CBA_M1,,DAC,17,51,,,9,27,negative,424
101,2,74,Tic-Tac-Toe Endgame,766,2,positive,1,select_coverage_CBA_M1,,exact,17,51,9.0,27.0,9,27,negative,652
101,2,74,Tic-Tac-Toe Endgame,766,2,positive,2,select_coverage,1.0,exact,43,141,27.0,93.0,26,89,negative,1956
101,2,74,Tic-Tac-Toe Endgame,766,2,positive,2,select_coverage,2.0,exact,195,735,160.0,612.0,150,571,positive,11528
101,2,74,Tic-Tac-Toe Endgame,766,2,positive,2,select_coverage,3.0,exact,320,1234,248.0,965.0,233,899,positive,18360
101,2,74,Tic-Tac-Toe Endgame,766,2,positive,2,select_coverage,4.0,exact,472,1852,375.0,1486.0,349,1372,positive,27856
101,2,74,Tic-Tac-Toe Endgame,766,2,positive,2,select_coverage_CBA_M1,,exact,29,87,17.0,51.0,17,51,negative,1180
101,2,76,Tic-Tac-Toe Endgame,766,2,positive,1,select_coverage,1.0,DAC,43,143,,,27,95,positive,1104
101,2,76,Tic-Tac-Toe Endgame,766,2,positive,1,select_coverage,1.0,exact,43,143,27.0,95.0,26,91,positive,1980
101,2,76,Tic-Tac-Toe Endgame,766,2,positive,1,select_coverage,2.0,DAC,194,720,,,158,592,positive,5224
101,2,76,Tic-Tac-Toe Endgame,766,2,positive,1,select_coverage,2.0,exact,194,720,158.0,592.0,154,579,positive,11372
101,2,76,Tic-Tac-Toe Endgame,766,2,positive,1,select_coverage,3.0,DAC,312,1185,,,250,955,positive,8500
101,2,76,Tic-Tac-Toe Endgame,766,2,positive,1,select_coverage,3.0,exact,312,1185,250.0,955.0,240,921,positive,18260
101,2,76,Tic-Tac-Toe Endgame,766,2,positive,1,select_coverage,4.0,DAC,444,1713,,,356,1379,positive,12196
101,2,76,Tic-Tac-Toe Endgame,766,2,positive,1,select_coverage,4.0,exact,444,1713,356.0,1379.0,337,1311,positive,26172
101,2,76,Tic-Tac-Toe Endgame,766,2,positive,1,select_coverage_CBA_M1,,DAC,16,48,,,8,24,negative,400
101,2,76,Tic-Tac-Toe Endgame,766,2,positive,1,select_coverage_CBA_M1,,exact,16,48,8.0,24.0,8,24,negative,592
101,2,76,Tic-Tac-Toe Endgame,766,2,positive,2,select_coverage,1.0,exact,43,143,27.0,95.0,26,91,positive,1980
101,2,76,Tic-Tac-Toe Endgame,766,2,positive,2,select_coverage,2.0,exact,194,720,158.0,592.0,154,579,positive,11372
101,2,76,Tic-Tac-Toe Endgame,766,2,positive,2,select_coverage,3.0,exact,312,1185,250.0,955.0,240,921,positive,18260
101,2,76,Tic-Tac-Toe Endgame,766,2,positive,2,select_coverage,4.0,exact,444,1713,356.0,1379.0,337,1311,positive,26172
101,2,76,Tic-Tac-Toe Endgame,766,2,positive,2,select_coverage_CBA_M1,,exact,30,90,16.0,48.0,16,48,negative,1144
101,2,100,Tic-Tac-Toe Endgame,766,2,positive,1,select_coverage,1.0,DAC,44,150,,,28,102,positive,1144
101,2,100,Tic-Tac-Toe Endgame,766,2,positive,1,select_coverage,1.0,exact,44,150,28.0,102.0,28,102,positive,2104
101,2,100,Tic-Tac-Toe Endgame,766,2,positive,1,select_coverage,2.0,DAC,209,797,,,165,639,positive,5712
101,2,100,Tic-Tac-Toe Endgame,766,2,positive,1,select_coverage,2.0,exact,209,797,165.0,639.0,159,614,positive,12176
101,2,100,Tic-Tac-Toe Endgame,766,2,positive,1,select_coverage,3.0,DAC,336,1293,,,260,1010,positive,9220
101,2,100,Tic-Tac-Toe Endgame,766,2,positive,1,select_coverage,3.0,exact,336,1293,260.0,1010.0,241,930,positive,19188
101,2,100,Tic-Tac-Toe Endgame,766,2,positive,1,select_coverage,4.0,DAC,466,1814,,,371,1456,positive,12864
101,2,100,Tic-Tac-Toe Endgame,766,2,positive,1,select_coverage,4.0,exact,466,1814,371.0,1456.0,340,1326,positive,27304
101,2,100,Tic-Tac-Toe Endgame,766,2,positive,1,select_coverage_CBA_M1,,DAC,16,48,,,8,24,negative,400
101,2,100,Tic-Tac-Toe Endgame,766,2,positive,1,select_coverage_CBA_M1,,exact,16,48,8.0,24.0,8,24,negative,592
101,2,100,Tic-Tac-Toe Endgame,766,2,positive,2,select_coverage,1.0,exact,44,150,28.0,102.0,28,102,positive,2104
101,2,100,Tic-Tac-Toe Endgame,766,2,positive,2,select_coverage,2.0,exact,209,797,165.0,639.0,159,614,positive,12176
101,2,100,Tic-Tac-Toe Endgame,766,2,positive,2,select_coverage,3.0,exact,336,1293,260.0,1010.0,241,930,positive,19188
101,2,100,Tic-Tac-Toe Endgame,766,2,positive,2,select_coverage,4.0,exact,466,1814,371.0,1456.0,340,1326,positive,27304
101,2,100,Tic-Tac-Toe Endgame,766,2,positive,2,select_coverage_CBA_M1,,exact,28,86,18.0,56.0,18,56,negative,1240
101,2,114,Tic-Tac-Toe Endgame,766,2,positive,1,select_coverage,1.0,DAC,45,155,,,29,107,positive,1176
101,2,114,Tic-Tac-Toe Endgame,766,2,positive,1,select_coverage,1.0,exact,45,155,29.0,107.0,27,98,negative,2152
101,2,114,Tic-Tac-Toe Endgame,766,2,positive,1,select_coverage,2.0,DAC,204,783,,,159,620,positive,5596
101,2,114,Tic-Tac-Toe Endgame,766,2,positive,1,select_coverage,2.0,exact,204,783,159.0,620.0,153,594,positive,11820
101,2,114,Tic-Tac-Toe Endgame,766,2,positive,1,select_coverage,3.0,DAC,320,1257,,,250,997,positive,8884
101,2,114,Tic-Tac-Toe Endgame,766,2,positive,1,select_coverage,3.0,exact,320,1257,250.0,997.0,234,928,positive,18744
101,2,114,Tic-Tac-Toe Endgame,766,2,positive,1,select_coverage,4.0,DAC,460,1831,,,363,1466,positive,12860
101,2,114,Tic-Tac-Toe Endgame,766,2,positive,1,select_coverage,4.0,exact,460,1831,363.0,1466.0,333,1337,positive,27264
101,2,114,Tic-Tac-Toe Endgame,766,2,positive,1,select_coverage_CBA_M1,,DAC,16,48,,,8,24,negative,400
101,2,114,Tic-Tac-Toe Endgame,766,2,positive,1,select_coverage_CBA_M1,,exact,16,48,8.0,24.0,8,24,negative,592
101,2,114,Tic-Tac-Toe Endgame,766,2,positive,2,select_coverage,1.0,exact,45,155,29.0,107.0,27,98,negative,2152
101,2,114,Tic-Tac-Toe Endgame,766,2,positive,2,select_coverage,2.0,exact,204,783,159.0,620.0,153,594,positive,11820
101,2,114,Tic-Tac-Toe Endgame,766,2,positive,2,select_coverage,3.0,exact,320,1257,250.0,997.0,234,928,positive,18744
101,2,114,Tic-Tac-Toe Endgame,766,2,positive,2,select_coverage,4.0,exact,460,1831,363.0,1466.0,333,1337,positive,27264
101,2,114,Tic-Tac-Toe Endgame,766,2,positive,2,select_coverage_CBA_M1,,exact,27,81,15.0,45.0,15,45,negative,1060
101,2,133,Tic-Tac-Toe Endgame,766,2,positive,1,select_coverage,1.0,DAC,45,152,,,29,104,positive,1164
101,2,133,Tic-Tac-Toe Endgame,766,2,positive,1,select_coverage,1.0,exact,45,152,29.0,104.0,26,90,negative,2096
101,2,133,Tic-Tac-Toe Endgame,766,2,positive,1,select_coverage,2.0,DAC,206,784,,,168,649,positive,5624
101,2,133,Tic-Tac-Toe Endgame,766,2,positive,1,select_coverage,2.0,exact,206,784,168.0,649.0,157,602,positive,12188
101,2,133,Tic-Tac-Toe Endgame,766,2,positive,1,select_coverage,3.0,DAC,334,1299,,,264,1037,positive,9220
101,2,133,Tic-Tac-Toe Endgame,766,2,positive,1,select_coverage,3.0,exact,334,1299,264.0,1037.0,239,931,positive,19420
101,2,133,Tic-Tac-Toe Endgame,766,2,positive,1,select_coverage,4.0,DAC,464,1828,,,375,1491,positive,12896
101,2,133,Tic-Tac-Toe Endgame,766,2,positive,1,select_coverage,4.0,exact,464,1828,375.0,1491.0,337,1334,positive,27628
101,2,133,Tic-Tac-Toe Endgame,766,2,positive,1,select_coverage_CBA_M1,,DAC,17,51,,,9,27,negative,424
101,2,133,Tic-Tac-Toe Endgame,766,2,positive,1,select_coverage_CBA_M1,,exact,17,51,9.0,27.0,9,27,negative,652
101,2,133,Tic-Tac-Toe Endgame,766,2,positive,2,select_coverage,1.0,exact,45,152,29.0,104.0,26,90,negative,2096
101,2,133,Tic-Tac-Toe Endgame,766,2,positive,2,select_coverage,2.0,exact,206,784,168.0,649.0,157,602,positive,12188
101,2,133,Tic-Tac-Toe Endgame,766,2,positive,2,select_coverage,3.0,exact,334,1299,264.0,1037.0,239,931,positive,19420
101,2,133,Tic-Tac-Toe Endgame,766,2,positive,2,select_coverage,4.0,exact,464,1828,375.0,1491.0,337,1334,positive,27628
101,2,133,Tic-Tac-Toe Endgame,766,2,positive,2,select_coverage_CBA_M1,,exact,28,84,17.0,51.0,17,51,negative,1168
101,2,138,Tic-Tac-Toe Endgame,766,2,positive,1,select_coverage,1.0,DAC,46,158,,,30,110,positive,1200
101,2,138,Tic-Tac-Toe Endgame,766,2,positive,1,select_coverage,1.0,exact,46,158,30.0,110.0,27,98,negative,2200
101,2,138,Tic-Tac-Toe Endgame,766,2,positive,1,select_coverage,2.0,DAC,198,751,,,156,599,positive,5396
101,2,138,Tic-Tac-Toe Endgame,766,2,positive,1,select_coverage,2.0,exact,198,751,156.0,599.0,146,556,negative,11384
101,2,138,Tic-Tac-Toe Endgame,766,2,positive,1,select_coverage,3.0,DAC,321,1240,,,249,971,positive,8828
101,2,138,Tic-Tac-Toe Endgame,766,2,positive,1,select_coverage,3.0,exact,321,1240,249.0,971.0,228,885,negative,18376
101,2,138,Tic-Tac-Toe Endgame,766,2,positive,1,select_coverage,4.0,DAC,448,1764,,,356,1414,positive,12448
101,2,138,Tic-Tac-Toe Endgame,766,2,positive,1,select_coverage,4.0,exact,448,1764,356.0,1414.0,327,1299,positive,26468
101,2,138,Tic-Tac-Toe Endgame,766,2,positive,1,select_coverage_CBA_M1,,DAC,17,51,,,9,27,negative,424
101,2,138,Tic-Tac-Toe Endgame,766,2,positive,1,select_coverage_CBA_M1,,exact,17,51,9.0,27.0,9,27,negative,652
101,2,138,Tic-Tac-Toe Endgame,766,2,positive,2,select_coverage,1.0,exact,46,158,30.0,110.0,27,98,negative,2200
101,2,138,Tic-Tac-Toe Endgame,766,2,positive,2,select_coverage,2.0,exact,198,751,156.0,599.0,146,556,negative,11384
101,2,138,Tic-Tac-Toe Endgame,766,2,positive,2,select_coverage,3.0,exact,321,1240,249.0,971.0,228,885,negative,18376
101,2,138,Tic-Tac-Toe Endgame,766,2,positive,2,select_coverage,4.0,exact,448,1764,356.0,1414.0,327,1299,positive,26468
101,2,138,Tic-Tac-Toe Endgame,766,2,positive,2,select_coverage_CBA_M1,,exact,31,93,17.0,51.0,17,51,negative,1204
101,2,148,Tic-Tac-Toe Endgame,766,2,positive,1,select_coverage,1.0,DAC,45,152,,,29,104,positive,1164
101,2,148,Tic-Tac-Toe Endgame,766,2,positive,1,select_coverage,1.0,exact,45,152,29.0,104.0,26,91,negative,2100
101,2,148,Tic-Tac-Toe Endgame,766,2,positive,1,select_coverage,2.0,DAC,193,724,,,159,605,positive,5228
101,2,148,Tic-Tac-Toe Endgame,766,2,positive,1,select_coverage,2.0,exact,193,724,159.0,605.0,152,577,positive,11456
101,2,148,Tic-Tac-Toe Endgame,766,2,positive,1,select_coverage,3.0,DAC,316,1215,,,251,973,positive,8668
101,2,148,Tic-Tac-Toe Endgame,766,2,positive,1,select_coverage,3.0,exact,316,1215,251.0,973.0,236,913,positive,18444
101,2,148,Tic-Tac-Toe Endgame,766,2,positive,1,select_coverage,4.0,DAC,456,1777,,,373,1465,positive,12596
101,2,148,Tic-Tac-Toe Endgame,766,2,positive,1,select_coverage,4.0,exact,456,1777,373.0,1465.0,349,1370,positive,27416
101,2,148,Tic-Tac-Toe Endgame,766,2,positive,1,select_coverage_CBA_M1,,DAC,16,48,,,8,24,negative,400
101,2,148,Tic-Tac-Toe Endgame,766,2,positive,1,select_coverage_CBA_M1,,exact,16,48,8.0,24.0,8,24,negative,592
101,2,148,Tic-Tac-Toe Endgame,766,2,positive,2,select_coverage,1.0,exact,45,152,29.0,104.0,26,91,negative,2100
101,2,148,Tic-Tac-Toe Endgame,766,2,positive,2,select_coverage,2.0,exact,193,724,159.0,605.0,152,577,positive,11456
101,2,148,Tic-Tac-Toe Endgame,766,2,positive,2,select_coverage,3.0,exact,316,1215,251.0,973.0,236,913,positive,18444
101,2,148,Tic-Tac-Toe Endgame,766,2,positive,2,select_coverage,4.0,exact,456,1777,373.0,1465.0,349,1370,positive,27416
101,2,148,Tic-Tac-Toe Endgame,766,2,positive,2,select_coverage_CBA_M1,,exact,25,75,15.0,45.0,15,45,negative,1036
101,3,5,Tic-Tac-Toe Endgame,766,2,positive,1,select_coverage,1.0,DAC,67,218,,,38,131,positive,1700
101,3,5,Tic-Tac-Toe Endgame,766,2,positive,1,select_coverage,1.0,exact,67,218,38.0,131.0,35,119,negative,2800
101,3,5,Tic-Tac-Toe Endgame,766,2,positive,1,select_coverage,2.0,DAC,277,1006,,,224,827,positive,7372
101,3,5,Tic-Tac-Toe Endgame,766,2,positive,1,select_coverage,2.0,exact,277,1006,224.0,827.0,198,725,positive,15624
101,3,5,Tic-Tac-Toe Endgame,766,2,positive,1,select_coverage,3.0,DAC,440,1637,,,337,1259,positive,11852
101,3,5,Tic-Tac-Toe Endgame,766,2,positive,1,select_coverage,3.0,exact,440,1637,337.0,1259.0,289,1077,positive,23996
101,3,5,Tic-Tac-Toe Endgame,766,2,positive,1,select_coverage,4.0,DAC,605,2270,,,474,1787,positive,16364
101,3,5,Tic-Tac-Toe Endgame,766,2,positive,1,select_coverage,4.0,exact,605,2270,474.0,1787.0,402,1514,positive,33676
101,3,5,Tic-Tac-Toe Endgame,766,2,positive,1,select_coverage_CBA_M1,,DAC,33,99,,,16,48,negative,816
101,3,5,Tic-Tac-Toe Endgame,766,2,positive,1,select_coverage_CBA_M1,,exact,33,99,16.0,48.0,16,48,negative,1180
101,3,5,Tic-Tac-Toe Endgame,766,2,positive,2,select_coverage,1.0,exact,67,218,38.0,131.0,35,119,negative,2800
101,3,5,Tic-Tac-Toe Endgame,766,2,positive,2,select_coverage,2.0,exact,277,1006,224.0,827.0,198,725,positive,15624
101,3,5,Tic-Tac-Toe Endgame,766,2,positive,2,select_coverage,3.0,exact,440,1637,337.0,1259.0,289,1077,positive,23996
101,3,5,Tic-Tac-Toe Endgame,766,2,positive,2,select_coverage,4.0,exact,605,2270,474.0,1787.0,402,1514,positive,33676
101,3,5,Tic-Tac-Toe Endgame,766,2,positive,2,select_coverage_CBA_M1,,exact,49,151,25.0,79.0,25,79,negative,1852
101,3,14,Tic-Tac-Toe Endgame,766,2,positive,1,select_coverage,1.0,DAC,62,198,,,30,102,positive,1560
101,3,14,Tic-Tac-Toe Endgame,766,2,positive,1,select_coverage,1.0,exact,62,198,30.0,102.0,29,99,positive,2332
101,3,14,Tic-Tac-Toe Endgame,766,2,positive,1,select_coverage,2.0,DAC,261,916,,,196,693,positive,6820
101,3,14,Tic-Tac-Toe Endgame,766,2,positive,1,select_coverage,2.0,exact,261,916,196.0,693.0,183,646,positive,13740
101,3,14,Tic-Tac-Toe Endgame,766,2,positive,1,select_coverage,3.0,DAC,425,1542,,,313,1141,positive,11292
101,3,14,Tic-Tac-Toe Endgame,766,2,positive,1,select_coverage,3.0,exact,425,1542,313.0,1141.0,283,1031,positive,22384
101,3,14,Tic-Tac-Toe Endgame,766,2,positive,1,select_coverage,4.0,DAC,574,2115,,,418,1550,positive,15372
101,3,14,Tic-Tac-Toe Endgame,766,2,positive,1,select_coverage,4.0,exact,574,2115,418.0,1550.0,371,1377,positive,30216
101,3,14,Tic-Tac-Toe Endgame,766,2,positive,1,select_coverage_CBA_M1,,DAC,25,75,,,9,27,negative,624
101,3,14,Tic-Tac-Toe Endgame,766,2,positive,1,select_coverage_CBA_M1,,exact,25,75,9.0,27.0,9,27,negative,748
101,3,14,Tic-Tac-Toe Endgame,766,2,positive,2,select_coverage,1.0,exact,62,198,30.0,102.0,29,99,positive,2332
101,3,14,Tic-Tac-Toe Endgame,766,2,positive,2,select_coverage,2.0,exact,261,916,196.0,693.0,183,646,positive,13740
101,3,14,Tic-Tac-Toe Endgame,766,2,positive,2,select_coverage,3.0,exact,425,1542,313.0,1141.0,283,1031,positive,22384
101,3,14,Tic-Tac-Toe Endgame,766,2,positive,2,select_coverage,4.0,exact,574,2115,418.0,1550.0,371,1377,positive,30216
101,3,14,Tic-Tac-Toe Endgame,766,2,positive,2,select_coverage_CBA_M1,,exact,43,129,18.0,54.0,18,54,negative,1396
101,3,17,Tic-Tac-Toe Endgame,766,2,positive,1,select_coverage,1.0,DAC,64,209,,,32,113,positive,1628
101,3,17,Tic-Tac-Toe Endgame,766,2,positive,1,select_coverage,1.0,exact,64,209,32.0,113.0,28,96,negative,2456
101,3,17,Tic-Tac-Toe Endgame,766,2,positive,1,select_coverage,2.0,DAC,262,952,,,203,748,positive,6976
101,3,17,Tic-Tac-Toe Endgame,766,2,positive,1,select_coverage,2.0,exact,262,952,203.0,748.0,178,654,positive,14304
101,3,17,Tic-Tac-Toe Endgame,766,2,positive,1,select_coverage,3.0,DAC,429,1584,,,324,1201,positive,11508
101,3,17,Tic-Tac-Toe Endgame,766,2,positive,1,select_coverage,3.0,exact,429,1584,324.0,1201.0,279,1032,positive,23060
101,3,17,Tic-Tac-Toe Endgame,766,2,positive,1,select_coverage,4.0,DAC,598,2232,,,457,1711,positive,16128
101,3,17,Tic-Tac-Toe Endgame,766,2,positive,1,select_coverage,4.0,exact,598,2232,457.0,1711.0,387,1454,positive,32572
101,3,17,Tic-Tac-Toe Endgame,766,2,positive,1,select_coverage_CBA_M1,,DAC,27,81,,,11,33,negative,672
101,3,17,Tic-Tac-Toe Endgame,766,2,positive,1,select_coverage_CBA_M1,,exact,27,81,11.0,33.0,11,33,negative,868
101,3,17,Tic-Tac-Toe Endgame,766,2,positive,2,select_coverage,1.0,exact,64,209,32.0,113.0,28,96,negative,2456
101,3,17,Tic-Tac-Toe Endgame,766,2,positive,2,select_coverage,2.0,exact,262,952,203.0,748.0,178,654,positive,14304
101,3,17,Tic-Tac-Toe Endgame,766,2,positive,2,select_coverage,3.0,exact,429,1584,324.0,1201.0,279,1032,positive,23060
101,3,17,Tic-Tac-Toe Endgame,766,2,positive,2,select_coverage,4.0,exact,598,2232,457.0,1711.0,387,1454,positive,32572
101,3,17,Tic-Tac-Toe Endgame,766,2,positive,2,select_coverage_CBA_M1,,exact,44,133,20.0,61.0,20,61,negative,1516
101,3,19,Tic-Tac-Toe Endgame,766,2,positive,1,select_coverage,1.0,DAC,63,202,,,30,102,positive,1588
101,3,19,Tic-Tac-Toe Endgame,766,2,positive,1,select_coverage,1.0,exact,63,202,30.0,102.0,28,93,positive,2324
101,3,19,Tic-Tac-Toe Endgame,766,2,positive,1,select_coverage,2.0,DAC,272,962,,,210,752,positive,7136
101,3,19,Tic-Tac-Toe Endgame,766,2,positive,1,select_coverage,2.0,exact,272,962,210.0,752.0,196,703,positive,14724
101,3,19,Tic-Tac-Toe Endgame,766,2,positive,1,select_coverage,3.0,DAC,427,1548,,,317,1156,positive,11340
101,3,19,Tic-Tac-Toe Endgame,766,2,positive,1,select_coverage,3.0,exact,427,1548,317.0,1156.0,289,1056,positive,22664
101,3,19,Tic-Tac-Toe Endgame,766,2,positive,1,select_coverage,4.0,DAC,588,2168,,,436,1618,positive,15752
101,3,19,Tic-Tac-Toe Endgame,766,2,positive,1,select_coverage,4.0,exact,588,2168,436.0,1618.0,386,1428,positive,31336
101,3,19,Tic-Tac-Toe Endgame,766,2,positive,1,select_coverage_CBA_M1,,DAC,26,78,,,10,30,negative,648
101,3,19,Tic-Tac-Toe Endgame,766,2,positive,1,select_coverage_CBA_M1,,exact,26,78,10.0,30.0,10,30,negative,808
101,3,19,Tic-Tac-Toe Endgame,766,2,positive,2,select_coverage,1.0,exact,63,202,30.0,102.0,28,93,positive,2324
101,3,19,Tic-Tac-Toe Endgame,766,2,positive,2,select_coverage,2.0,exact,272,962,210.0,752.0,196,703,positive,14724
101,3,19,Tic-Tac-Toe Endgame,766,2,positive,2,select_coverage,3.0,exact,427,1548,317.0,1156.0,289,1056,positive,22664
101,3,19,Tic-Tac-Toe Endgame,766,2,positive,2,select_coverage,4.0,exact,588,2168,436.0,1618.0,386,1428,positive,31336
101,3,19,Tic-Tac-Toe Endgame,766,2,positive,2,select_coverage_CBA_M1,,exact,40,120,18.0,54.0,18,54,negative,1360
101,3,29,Tic-Tac-Toe Endgame,766,2,positive,1,select_coverage,1.0,DAC,65,210,,,33,114,positive,1644
101,3,29,Tic-Tac-Toe Endgame,766,2,positive,1,select_coverage,1.0,exact,65,210,33.0,114.0,33,114,positive,2560
101,3,29,Tic-Tac-Toe Endgame,766,2,positive,1,select_coverage,2.0,DAC,268,963,,,201,731,positive,7092
101,3,29,Tic-Tac-Toe Endgame,766,2,positive,1,select_coverage,2.0,exact,268,963,201.0,731.0,188,685,positive,14356
101,3,29,Tic-Tac-Toe Endgame,766,2,positive,1,select_coverage,3.0,DAC,428,1555,,,323,1174,positive,11380
101,3,29,Tic-Tac-Toe Endgame,766,2,positive,1,select_coverage,3.0,exact,428,1555,323.0,1174.0,285,1043,positive,22856
101,3,29,Tic-Tac-Toe Endgame,766,2,positive,1,select_coverage,4.0,DAC,589,2179,,,449,1661,positive,15808
101,3,29,Tic-Tac-Toe Endgame,766,2,positive,1,select_coverage,4.0,exact,589,2179,449.0,1661.0,382,1426,positive,31856
101,3,29,Tic-Tac-Toe Endgame,766,2,positive,1,select_coverage_CBA_M1,,DAC,27,81,,,11,33,negative,672
101,3,29,Tic-Tac-Toe Endgame,766,2,positive,1,select_coverage_CBA_M1,,exact,27,81,11.0,33.0,11,33,negative,868
101,3,29,Tic-Tac-Toe Endgame,766,2,positive,2,select_coverage,1.0,exact,65,210,33.0,114.0,33,114,positive,2560
101,3,29,Tic-Tac-Toe Endgame,766,2,positive,2,select_coverage,2.0,exact,268,963,201.0,731.0,188,685,positive,14356
101,3,29,Tic-Tac-Toe Endgame,766,2,positive,2,select_coverage,3.0,exact,428,1555,323.0,1174.0,285,1043,positive,22856
101,3,29,Tic-Tac-Toe Endgame,766,2,positive,2,select_coverage,4.0,exact,589,2179,449.0,1661.0,382,1426,positive,31856
101,3,29,Tic-Tac-Toe Endgame,766,2,positive,2,select_coverage_CBA_M1,,exact,47,142,22.0,67.0,22,67,negative,1648
101,3,31,Tic-Tac-Toe Endgame,766,2,positive,1,select_coverage,1.0,DAC,65,207,,,34,114,positive,1632
101,3,31,Tic-Tac-Toe Endgame,766,2,positive,1,select_coverage,1.0,exact,65,207,34.0,114.0,34,114,positive,2572
101,3,31,Tic-Tac-Toe Endgame,766,2,positive,1,select_coverage,2.0,DAC,249,871,,,192,680,positive,6496
101,3,31,Tic-Tac-Toe Endgame,766,2,positive,1,select_coverage,2.0,exact,249,871,192.0,680.0,180,637,positive,13376
101,3,31,Tic-Tac-Toe Endgame,766,2,positive,1,select_coverage,3.0,DAC,421,1520,,,309,1117,positive,11156
101,3,31,Tic-Tac-Toe Endgame,766,2,positive,1,select_coverage,3.0,exact,421,1520,309.0,1117.0,284,1028,positive,22092
101,3,31,Tic-Tac-Toe Endgame,766,2,positive,1,select_coverage,4.0,DAC,587,2160,,,437,1611,positive,15708
101,3,31,Tic-Tac-Toe Endgame,766,2,positive,1,select_coverage,4.0,exact,587,2160,437.0,1611.0,392,1451,positive,31392
101,3,31,Tic-Tac-Toe Endgame,766,2,positive,1,select_coverage_CBA_M1,,DAC,26,77,,,10,29,negative,644
101,3,31,Tic-Tac-Toe Endgame,766,2,positive,1,select_coverage_CBA_M1,,exact,26,77,10.0,29.0,10,29,negative,796
101,3,31,Tic-Tac-Toe Endgame,766,2,positive,2,select_coverage,1.0,exact,65,207,34.0,114.0,34,114,positive,2572
101,3,31,Tic-Tac-Toe Endgame,766,2,positive,2,select_coverage,2.0,exact,249,871,192.0,680.0,180,637,positive,13376
101,3,31,Tic-Tac-Toe Endgame,766,2,positive,2,select_coverage,3.0,exact,421,1520,309.0,1117.0,284,1028,positive,22092
101,3,31,Tic-Tac-Toe Endgame,766,2,positive,2,select_coverage,4.0,exact,587,2160,437.0,1611.0,392,1451,positive,31392
101,3,31,Tic-Tac-Toe Endgame,766,2,positive,2,select_coverage_CBA_M1,,exact,43,128,20.0,59.0,20,59,negative,1480
101,3,34,Tic-Tac-Toe Endgame,766,2,positive,1,select_coverage,1.0,DAC,69,225,,,38,132,positive,1752
101,3,34,Tic-Tac-Toe Endgame,766,2,positive,1,select_coverage,1.0,exact,69,225,38.0,132.0,34,115,negative,2816
101,3,34,Tic-Tac-Toe Endgame,766,2,positive,1,select_coverage,2.0,DAC,263,943,,,193,703,positive,6952
101,3,34,Tic-Tac-Toe Endgame,766,2,positive,1,select_coverage,2.0,exact,263,943,193.0,703.0,174,632,positive,13760
101,3,34,Tic-Tac-Toe Endgame,766,2,positive,1,select_coverage,3.0,DAC,427,1580,,,316,1183,positive,11468
101,3,34,Tic-Tac-Toe Endgame,766,2,positive,1,select_coverage,3.0,exact,427,1580,316.0,1183.0,282,1053,positive,22864
101,3,34,Tic-Tac-Toe Endgame,766,2,positive,1,select_coverage,4.0,DAC,583,2197,,,438,1673,positive,15808
101,3,34,Tic-Tac-Toe Endgame,766,2,positive,1,select_coverage,4.0,exact,583,2197,438.0,1673.0,372,1416,positive,31672
101,3,34,Tic-Tac-Toe Endgame,766,2,positive,1,select_coverage_CBA_M1,,DAC,28,82,,,12,34,negative,688
101,3,34,Tic-Tac-Toe Endgame,766,2,positive,1,select_coverage_CBA_M1,,exact,28,82,12.0,34.0,12,34,negative,904
101,3,34,Tic-Tac-Toe Endgame,766,2,positive,2,select_coverage,1.0,exact,69,225,38.0,132.0,34,115,negative,2816
101,3,34,Tic-Tac-Toe Endgame,766,2,positive,2,select_coverage,2.0,exact,263,943,193.0,703.0,174,632,positive,13760
101,3,34,Tic-Tac-Toe Endgame,766,2,positive,2,select_coverage,3.0,exact,427,1580,316.0,1183.0,282,1053,positive,22864
101,3,34,Tic-Tac-Toe Endgame,766,2,positive,2,select_coverage,4.0,exact,583,2197,438.0,1673.0,372,1416,positive,31672
101,3,34,Tic-Tac-Toe Endgame,766,2,positive,2,select_coverage_CBA_M1,,exact,48,145,24.0,73.0,24,73,negative,1756
101,3,42,Tic-Tac-Toe Endgame,766,2,positive,1,select_coverage,1.0,DAC,68,225,,,40,141,positive,1740
101,3,42,Tic-Tac-Toe Endgame,766,2,positive,1,select_coverage,1.0,exact,68,225,40.0,141.0,38,134,negative,2976
101,3,42,Tic-Tac-Toe Endgame,766,2,positive,1,select_coverage,2.0,DAC,263,945,,,215,784,positive,6960
101,3,42,Tic-Tac-Toe Endgame,766,2,positive,1,select_coverage,2.0,exact,263,945,215.0,784.0,193,705,positive,14912
101,3,42,Tic-Tac-Toe Endgame,766,2,positive,1,select_coverage,3.0,DAC,444,1630,,,349,1290,positive,11872
101,3,42,Tic-Tac-Toe Endgame,766,2,positive,1,select_coverage,3.0,exact,444,1630,349.0,1290.0,304,1128,positive,24584
101,3,42,Tic-Tac-Toe Endgame,766,2,positive,1,select_coverage,4.0,DAC,600,2217,,,472,1753,positive,16092
101,3,42,Tic-Tac-Toe Endgame,766,2,positive,1,select_coverage,4.0,exact,600,2217,472.0,1753.0,411,1538,positive,33376
101,3,42,Tic-Tac-Toe Endgame,766,2,positive,1,select_coverage_CBA_M1,,DAC,37,109,,,20,58,negative,904
101,3,42,Tic-Tac-Toe Endgame,766,2,positive,1,select_coverage_CBA_M1,,exact,37,109,20.0,58.0,19,56,negative,1388
101,3,42,Tic-Tac-Toe Endgame,766,2,positive,2,select_coverage,1.0,exact,68,225,40.0,141.0,38,134,negative,2976
101,3,42,Tic-Tac-Toe Endgame,766,2,positive,2,select_coverage,2.0,exact,263,945,215.0,784.0,193,705,positive,14912
101,3,42,Tic-Tac-Toe Endgame,766,2,positive,2,select_coverage,3.0,exact,444,1630,349.0,1290.0,304,1128,positive,24584
101,3,42,Tic-Tac-Toe Endgame,766,2,positive,2,select_coverage,4.0,exact,600,2217,472.0,1753.0,411,1538,positive,33376
101,3,42,Tic-Tac-Toe Endgame,766,2,positive,2,select_coverage_CBA_M1,,exact,51,153,25.0,75.0,24,73,negative,1820
101,3,49,Tic-Tac-Toe Endgame,766,2,positive,1,select_coverage,1.0,DAC,69,220,,,37,124,positive,1732
101,3,49,Tic-Tac-Toe Endgame,766,2,positive,1,select_coverage,1.0,exact,69,220,37.0,124.0,37,124,positive,2776
101,3,49,Tic-Tac-Toe Endgame,766,2,positive,1,select_coverage,2.0,DAC,256,898,,,202,715,positive,6688
101,3,49,Tic-Tac-Toe Endgame,766,2,positive,1,select_coverage,2.0,exact,256,898,202.0,715.0,185,661,positive,13960
101,3,49,Tic-Tac-Toe Endgame,766,2,positive,1,select_coverage,3.0,DAC,434,1567,,,335,1211,positive,11500
101,3,49,Tic-Tac-Toe Endgame,766,2,positive,1,select_coverage,3.0,exact,434,1567,335.0,1211.0,299,1090,positive,23528
101,3,49,Tic-Tac-Toe Endgame,766,2,positive,1,select_coverage,4.0,DAC,604,2212,,,472,1728,positive,16120
101,3,49,Tic-Tac-Toe Endgame,766,2,positive,1,select_coverage,4.0,exact,604,2212,472.0,1728.0,412,1516,positive,33168
101,3,49,Tic-Tac-Toe Endgame,766,2,positive,1,select_coverage_CBA_M1,,DAC,34,102,,,18,54,negative,840
101,3,49,Tic-Tac-Toe Endgame,766,2,positive,1,select_coverage_CBA_M1,,exact,34,102,18.0,54.0,18,54,negative,1288
101,3,49,Tic-Tac-Toe Endgame,766,2,positive,2,select_coverage,1.0,exact,69,220,37.0,124.0,37,124,positive,2776
101,3,49,Tic-Tac-Toe Endgame,766,2,positive,2,select_coverage,2.0,exact,256,898,202.0,715.0,185,661,positive,13960
101,3,49,Tic-Tac-Toe Endgame,766,2,positive,2,select_coverage,3.0,exact,434,1567,335.0,1211.0,299,1090,positive,23528
101,3,49,Tic-Tac-Toe Endgame,766,2,positive,2,select_coverage,4.0,exact,604,2212,472.0,1728.0,412,1516,positive,33168
101,3,49,Tic-Tac-Toe Endgame,766,2,positive,2,select_coverage_CBA_M1,,exact,56,171,29.0,90.0,29,90,negative,2116
101,3,63,Tic-Tac-Toe Endgame,766,2,positive,1,select_coverage,1.0,DAC,66,213,,,35,120,positive,1668
101,3,63,Tic-Tac-Toe Endgame,766,2,positive,1,select_coverage,1.0,exact,66,213,35.0,120.0,32,108,negative,2620
101,3,63,Tic-Tac-Toe Endgame,766,2,positive,1,select_coverage,2.0,DAC,270,963,,,203,731,positive,7116
101,3,63,Tic-Tac-Toe Endgame,766,2,positive,1,select_coverage,2.0,exact,270,963,203.0,731.0,185,667,positive,14332
101,3,63,Tic-Tac-Toe Endgame,766,2,positive,1,select_coverage,3.0,DAC,424,1554,,,316,1166,positive,11328
101,3,63,Tic-Tac-Toe Endgame,766,2,positive,1,select_coverage,3.0,exact,424,1554,316.0,1166.0,284,1050,positive,22680
101,3,63,Tic-Tac-Toe Endgame,766,2,positive,1,select_coverage,4.0,DAC,598,2233,,,451,1693,positive,16132
101,3,63,Tic-Tac-Toe Endgame,766,2,positive,1,select_coverage,4.0,exact,598,2233,451.0,1693.0,398,1500,positive,32544
101,3,63,Tic-Tac-Toe Endgame,766,2,positive,1,select_coverage_CBA_M1,,DAC,30,90,,,14,42,negative,744
101,3,63,Tic-Tac-Toe Endgame,766,2,positive,1,select_coverage_CBA_M1,,exact,30,90,14.0,42.0,14,42,negative,1048
101,3,63,Tic-Tac-Toe Endgame,766,2,positive,2,select_coverage,1.0,exact,66,213,35.0,120.0,32,108,negative,2620
101,3,63,Tic-Tac-Toe Endgame,766,2,positive,2,select_coverage,2.0,exact,270,963,203.0,731.0,185,667,positive,14332
101,3,63,Tic-Tac-Toe Endgame,766,2,positive,2,select_coverage,3.0,exact,424,1554,316.0,1166.0,284,1050,positive,22680
101,3,63,Tic-Tac-Toe Endgame,766,2,positive,2,select_coverage,4.0,exact,598,2233,451.0,1693.0,398,1500,positive,32544
101,3,63,Tic-Tac-Toe Endgame,766,2,positive,2,select_coverage_CBA_M1,,exact,50,154,25.0,79.0,25,79,negative,1864
101,3,64,Tic-Tac-Toe Endgame,766,2,positive,1,select_coverage,1.0,DAC,71,228,,,39,132,positive,1788
101,3,64,Tic-Tac-Toe Endgame,766,2,positive,1,select_coverage,1.0,exact,71,228,39.0,132.0,38,128,negative,2904
101,3,64,Tic-Tac-Toe Endgame,766,2,positive,1,select_coverage,2.0,DAC,268,955,,,204,736,positive,7060
101,3,64,Tic-Tac-Toe Endgame,766,2,positive,1,select_coverage,2.0,exact,268,955,204.0,736.0,192,696,positive,14460
101,3,64,Tic-Tac-Toe Endgame,766,2,positive,1,select_coverage,3.0,DAC,420,1538,,,310,1144,negative,11216
101,3,64,Tic-Tac-Toe Endgame,766,2,positive,1,select_coverage,3.0,exact,420,1538,310.0,1144.0,285,1054,positive,22400
101,3,64,Tic-Tac-Toe Endgame,766,2,positive,1,select_coverage,4.0,DAC,581,2159,,,431,1611,positive,15632
101,3,64,Tic-Tac-Toe Endgame,766,2,positive,1,select_coverage,4.0,exact,581,2159,431.0,1611.0,385,1433,positive,31172
101,3,64,Tic-Tac-Toe Endgame,766,2,positive,1,select_coverage_CBA_M1,,DAC,31,91,,,15,43,negative,760
101,3,64,Tic-Tac-Toe Endgame,766,2,positive,1,select_coverage_CBA_M1,,exact,31,91,15.0,43.0,15,43,negative,1084
101,3,64,Tic-Tac-Toe Endgame,766,2,positive,2,select_coverage,1.0,exact,71,228,39.0,132.0,38,128,negative,2904
101,3,64,Tic-Tac-Toe Endgame,766,2,positive,2,select_coverage,2.0,exact,268,955,204.0,736.0,192,696,positive,14460
101,3,64,Tic-Tac-Toe Endgame,766,2,positive,2,select_coverage,3.0,exact,420,1538,310.0,1144.0,285,1054,positive,22400
101,3,64,Tic-Tac-Toe Endgame,766,2,positive,2,select_coverage,4.0,exact,581,2159,431.0,1611.0,385,1433,positive,31172
101,3,64,Tic-Tac-Toe Endgame,766,2,positive,2,select_coverage_CBA_M1,,exact,51,155,26.0,80.0,26,80,negative,1900
101,3,65,Tic-Tac-Toe Endgame,766,2,positive,1,select_coverage,1.0,DAC,72,231,,,40,135,positive,1812
101,3,65,Tic-Tac-Toe Endgame,766,2,positive,1,select_coverage,1.0,exact,72,231,40.0,135.0,39,130,negative,2960
101,3,65,Tic-Tac-Toe Endgame,766,2,positive,1,select_coverage,2.0,DAC,267,951,,,204,736,positive,7032
101,3,65,Tic-Tac-Toe Endgame,766,2,positive,1,select_coverage,2.0,exact,267,951,204.0,736.0,186,668,positive,14332
101,3,65,Tic-Tac-Toe Endgame,766,2,positive,1,select_coverage,3.0,DAC,425,1562,,,319,1182,positive,11372
101,3,65,Tic-Tac-Toe Endgame,766,2,positive,1,select_coverage,3.0,exact,425,1562,319.0,1182.0,281,1040,positive,22808
101,3,65,Tic-Tac-Toe Endgame,766,2,positive,1,select_coverage,4.0,DAC,582,2159,,,442,1652,positive,15644
101,3,65,Tic-Tac-Toe Endgame,766,2,positive,1,select_coverage,4.0,exact,582,2159,442.0,1652.0,382,1430,positive,31588
101,3,65,Tic-Tac-Toe Endgame,766,2,positive,1,select_coverage_CBA_M1,,DAC,34,102,,,17,51,negative,840
101,3,65,Tic-Tac-Toe Endgame,766,2,positive,1,select_coverage_CBA_M1,,exact,34,102,17.0,51.0,17,51,negative,1240
101,3,65,Tic-Tac-Toe Endgame,766,2,positive,2,select_coverage,1.0,exact,72,231,40.0,135.0,39,130,negative,2960
101,3,65,Tic-Tac-Toe Endgame,766,2,positive,2,select_coverage,2.0,exact,267,951,204.0,736.0,186,668,positive,14332
101,3,65,Tic-Tac-Toe Endgame,766,2,positive,2,select_coverage,3.0,exact,425,1562,319.0,1182.0,281,1040,positive,22808
101,3,65,Tic-Tac-Toe Endgame,766,2,positive,2,select_coverage,4.0,exact,582,2159,442.0,1652.0,382,1430,positive,31588
101,3,65,Tic-Tac-Toe Endgame,766,2,positive,2,select_coverage_CBA_M1,,exact,57,174,28.0,87.0,28,87,negative,2080
101,3,68,Tic-Tac-Toe Endgame,766,2,positive,1,select_coverage,1.0,DAC,63,200,,,31,104,positive,1580
101,3,68,Tic-Tac-Toe Endgame,766,2,positive,1,select_coverage,1.0,exact,63,200,31.0,104.0,29,96,negative,2360
101,3,68,Tic-Tac-Toe Endgame,766,2,positive,1,select_coverage,2.0,DAC,260,925,,,194,698,positive,6844
101,3,68,Tic-Tac-Toe Endgame,766,2,positive,1,select_coverage,2.0,exact,260,925,194.0,698.0,183,658,positive,13796
101,3,68,Tic-Tac-Toe Endgame,766,2,positive,1,select_coverage,3.0,DAC,427,1551,,,307,1114,positive,11352
101,3,68,Tic-Tac-Toe Endgame,766,2,positive,1,select_coverage,3.0,exact,427,1551,307.0,1114.0,279,1015,positive,22104
101,3,68,Tic-Tac-Toe Endgame,766,2,positive,1,select_coverage,4.0,DAC,595,2198,,,434,1604,positive,15956
101,3,68,Tic-Tac-Toe Endgame,766,2,positive,1,select_coverage,4.0,exact,595,2198,434.0,1604.0,386,1428,positive,31352
101,3,68,Tic-Tac-Toe Endgame,766,2,positive,1,select_coverage_CBA_M1,,DAC,26,78,,,10,30,negative,648
101,3,68,Tic-Tac-Toe Endgame,766,2,positive,1,select_coverage_CBA_M1,,exact,26,78,10.0,30.0,10,30,negative,808
101,3,68,Tic-Tac-Toe Endgame,766,2,positive,2,select_coverage,1.0,exact,63,200,31.0,104.0,29,96,negative,2360
101,3,68,Tic-Tac-Toe Endgame,766,2,positive,2,select_coverage,2.0,exact,260,925,194.0,698.0,183,658,positive,13796
101,3,68,Tic-Tac-Toe Endgame,766,2,positive,2,select_coverage,3.0,exact,427,1551,307.0,1114.0,279,1015,positive,22104
101,3,68,Tic-Tac-Toe Endgame,766,2,positive,2,select_coverage,4.0,exact,595,2198,434.0,1604.0,386,1428,positive,31352
101,3,68,Tic-Tac-Toe Endgame,766,2,positive,2,select_coverage_CBA_M1,,exact,49,148,20.0,61.0,20,61,negative,1576
101,3,74,Tic-Tac-Toe Endgame,766,2,positive,1,select_coverage,1.0,DAC,62,196,,,31,103,positive,1552
101,3,74,Tic-Tac-Toe Endgame,766,2,positive,1,select_coverage,1.0,exact,62,196,31.0,103.0,28,91,positive,2320
101,3,74,Tic-Tac-Toe Endgame,766,2,positive,1,select_coverage,2.0,DAC,267,943,,,204,729,positive,7000
101,3,74,Tic-Tac-Toe Endgame,766,2,positive,1,select_coverage,2.0,exact,267,943,204.0,729.0,191,683,positive,14332
101,3,74,Tic-Tac-Toe Endgame,766,2,positive,1,select_coverage,3.0,DAC,417,1508,,,311,1126,positive,11060
101,3,74,Tic-Tac-Toe Endgame,766,2,positive,1,select_coverage,3.0,exact,417,1508,311.0,1126.0,282,1020,positive,22096
101,3,74,Tic-Tac-Toe Endgame,766,2,positive,1,select_coverage,4.0,DAC,575,2126,,,421,1564,positive,15428
101,3,74,Tic-Tac-Toe Endgame,766,2,positive,1,select_coverage,4.0,exact,575,2126,421.0,1564.0,377,1393,positive,30452
101,3,74,Tic-Tac-Toe Endgame,766,2,positive,1,select_coverage_CBA_M1,,DAC,28,83,,,11,32,negative,692
101,3,74,Tic-Tac-Toe Endgame,766,2,positive,1,select_coverage_CBA_M1,,exact,28,83,11.0,32.0,11,32,negative,868
101,3,74,Tic-Tac-Toe Endgame,766,2,positive,2,select_coverage,1.0,exact,62,196,31.0,103.0,28,91,positive,2320
101,3,74,Tic-Tac-Toe Endgame,766,2,positive,2,select_coverage,2.0,exact,267,943,204.0,729.0,191,683,positive,14332
101,3,74,Tic-Tac-Toe Endgame,766,2,positive,2,select_coverage,3.0,exact,417,1508,311.0,1126.0,282,1020,positive,22096
101,3,74,Tic-Tac-Toe Endgame,766,2,positive,2,select_coverage,4.0,exact,575,2126,421.0,1564.0,377,1393,positive,30452
101,3,74,Tic-Tac-Toe Endgame,766,2,positive,2,select_coverage_CBA_M1,,exact,45,134,21.0,62.0,21,62,negative,1552
101,3,76,Tic-Tac-Toe Endgame,766,2,positive,1,select_coverage,1.0,DAC,62,197,,,30,101,positive,1556
101,3,76,Tic-Tac-Toe Endgame,766,2,positive,1,select_coverage,1.0,exact,62,197,30.0,101.0,28,93,negative,2300
101,3,76,Tic-Tac-Toe Endgame,766,2,positive,1,select_coverage,2.0,DAC,267,941,,,202,720,positive,6992
101,3,76,Tic-Tac-Toe Endgame,766,2,positive,1,select_coverage,2.0,exact,267,941,202.0,720.0,188,672,positive,14196
101,3,76,Tic-Tac-Toe Endgame,766,2,positive,1,select_coverage,3.0,DAC,420,1516,,,305,1104,positive,11128
101,3,76,Tic-Tac-Toe Endgame,766,2,positive,1,select_coverage,3.0,exact,420,1516,305.0,1104.0,282,1023,positive,21908
101,3,76,Tic-Tac-Toe Endgame,766,2,positive,1,select_coverage,4.0,DAC,577,2118,,,425,1564,positive,15420
101,3,76,Tic-Tac-Toe Endgame,766,2,positive,1,select_coverage,4.0,exact,577,2118,425.0,1564.0,387,1424,positive,30640
101,3,76,Tic-Tac-Toe Endgame,766,2,positive,1,select_coverage_CBA_M1,,DAC,27,80,,,11,32,negative,668
101,3,76,Tic-Tac-Toe Endgame,766,2,positive,1,select_coverage_CBA_M1,,exact,27,80,11.0,32.0,11,32,negative,856
101,3,76,Tic-Tac-Toe Endgame,766,2,positive,2,select_coverage,1.0,exact,62,197,30.0,101.0,28,93,negative,2300
101,3,76,Tic-Tac-Toe Endgame,766,2,positive,2,select_coverage,2.0,exact,267,941,202.0,720.0,188,672,positive,14196
101,3,76,Tic-Tac-Toe Endgame,766,2,positive,2,select_coverage,3.0,exact,420,1516,305.0,1104.0,282,1023,positive,21908
101,3,76,Tic-Tac-Toe Endgame,766,2,positive,2,select_coverage,4.0,exact,577,2118,425.0,1564.0,387,1424,positive,30640
101,3,76,Tic-Tac-Toe Endgame,766,2,positive,2,select_coverage_CBA_M1,,exact,46,138,20.0,60.0,20,60,negative,1528
101,3,100,Tic-Tac-Toe Endgame,766,2,positive,1,select_coverage,1.0,DAC,64,204,,,33,111,positive,1608
101,3,100,Tic-Tac-Toe Endgame,766,2,positive,1,select_coverage,1.0,exact,64,204,33.0,111.0,32,107,negative,2496
101,3,100,Tic-Tac-Toe Endgame,766,2,positive,1,select_coverage,2.0,DAC,273,974,,,206,743,positive,7196
101,3,100,Tic-Tac-Toe Endgame,766,2,positive,1,select_coverage,2.0,exact,273,974,206.0,743.0,188,680,positive,14548
101,3,100,Tic-Tac-Toe Endgame,766,2,positive,1,select_coverage,3.0,DAC,423,1543,,,303,1108,positive,11272
101,3,100,Tic-Tac-Toe Endgame,766,2,positive,1,select_coverage,3.0,exact,423,1543,303.0,1108.0,269,988,positive,21844
101,3,100,Tic-Tac-Toe Endgame,766,2,positive,1,select_coverage,4.0,DAC,599,2202,,,444,1637,positive,16020
101,3,100,Tic-Tac-Toe Endgame,766,2,positive,1,select_coverage,4.0,exact,599,2202,444.0,1637.0,386,1429,positive,31744
101,3,100,Tic-Tac-Toe Endgame,766,2,positive,1,select_coverage_CBA_M1,,DAC,29,87,,,13,39,negative,720
101,3,100,Tic-Tac-Toe Endgame,766,2,positive,1,select_coverage_CBA_M1,,exact,29,87,13.0,39.0,13,39,negative,988
101,3,100,Tic-Tac-Toe Endgame,766,2,positive,2,select_coverage,1.0,exact,64,204,33.0,111.0,32,107,negative,2496
101,3,100,Tic-Tac-Toe Endgame,766,2,positive,2,select_coverage,2.0,exact,273,974,206.0,743.0,188,680,positive,14548
101,3,100,Tic-Tac-Toe Endgame,766,2,positive,2,select_coverage,3.0,exact,423,1543,303.0,1108.0,269,988,positive,21844
101,3,100,Tic-Tac-Toe Endgame,766,2,positive,2,select_coverage,4.0,exact,599,2202,444.0,1637.0,386,1429,positive,31744
101,3,100,Tic-Tac-Toe Endgame,766,2,positive,2,select_coverage_CBA_M1,,exact,49,148,22.0,67.0,22,67,negative,1672
101,3,114,Tic-Tac-Toe Endgame,766,2,positive,1,select_coverage,1.0,DAC,65,209,,,33,113,positive,1640
101,3,114,Tic-Tac-Toe Endgame,766,2,positive,1,select_coverage,1.0,exact,65,209,33.0,113.0,28,92,negative,2464
101,3,114,Tic-Tac-Toe Endgame,766,2,positive,1,select_coverage,2.0,DAC,257,919,,,188,681,positive,6784
101,3,114,Tic-Tac-Toe Endgame,766,2,positive,1,select_coverage,2.0,exact,257,919,188.0,681.0,174,631,positive,13452
101,3,114,Tic-Tac-Toe Endgame,766,2,positive,1,select_coverage,3.0,DAC,415,1530,,,299,1113,positive,11124
101,3,114,Tic-Tac-Toe Endgame,766,2,positive,1,select_coverage,3.0,exact,415,1530,298.0,1109.0,271,1009,positive,21760
101,3,114,Tic-Tac-Toe Endgame,766,2,positive,1,select_coverage,4.0,DAC,573,2155,,,421,1598,positive,15520
101,3,114,Tic-Tac-Toe Endgame,766,2,positive,1,select_coverage,4.0,exact,573,2155,420.0,1594.0,379,1435,positive,30832
101,3,114,Tic-Tac-Toe Endgame,766,2,positive,1,select_coverage_CBA_M1,,DAC,28,84,,,11,33,negative,696
101,3,114,Tic-Tac-Toe Endgame,766,2,positive,1,select_coverage_CBA_M1,,exact,28,84,11.0,33.0,11,33,negative,880
101,3,114,Tic-Tac-Toe Endgame,766,2,positive,2,select_coverage,1.0,exact,65,209,33.0,113.0,28,92,negative,2464
101,3,114,Tic-Tac-Toe Endgame,766,2,positive,2,select_coverage,2.0,exact,257,919,188.0,681.0,174,631,positive,13452
101,3,114,Tic-Tac-Toe Endgame,766,2,positive,2,select_coverage,3.0,exact,415,1530,298.0,1109.0,271,1009,positive,21760
101,3,114,Tic-Tac-Toe Endgame,766,2,positive,2,select_coverage,4.0,exact,573,2155,420.0,1594.0,379,1435,positive,30832
101,3,114,Tic-Tac-Toe Endgame,766,2,positive,2,select_coverage_CBA_M1,,exact,50,153,22.0,69.0,22,69,negative,1708
101,3,133,Tic-Tac-Toe Endgame,766,2,positive,1,select_coverage,1.0,DAC,74,250,,,44,160,positive,1912
101,3,133,Tic-Tac-Toe Endgame,766,2,positive,1,select_coverage,1.0,exact,74,250,44.0,160.0,41,145,negative,3292
101,3,133,Tic-Tac-Toe Endgame,766,2,positive,1,select_coverage,2.0,DAC,271,984,,,209,774,positive,7212
101,3,133,Tic-Tac-Toe Endgame,766,2,positive,1,select_coverage,2.0,exact,271,984,209.0,774.0,184,680,positive,14784
101,3,133,Tic-Tac-Toe Endgame,766,2,positive,1,select_coverage,3.0,DAC,429,1592,,,326,1218,positive,11540
101,3,133,Tic-Tac-Toe Endgame,766,2,positive,1,select_coverage,3.0,exact,429,1592,326.0,1218.0,281,1051,positive,23284
101,3,133,Tic-Tac-Toe Endgame,766,2,positive,1,select_coverage,4.0,DAC,598,2242,,,461,1736,positive,16168
101,3,133,Tic-Tac-Toe Endgame,766,2,positive,1,select_coverage,4.0,exact,598,2242,461.0,1736.0,396,1493,positive,32964
101,3,133,Tic-Tac-Toe Endgame,766,2,positive,1,select_coverage_CBA_M1,,DAC,31,91,,,15,43,negative,760
101,3,133,Tic-Tac-Toe Endgame,766,2,positive,1,select_coverage_CBA_M1,,exact,31,91,15.0,43.0,15,43,negative,1084
101,3,133,Tic-Tac-Toe Endgame,766,2,positive,2,select_coverage,1.0,exact,74,250,44.0,160.0,41,145,negative,3292
101,3,133,Tic-Tac-Toe Endgame,766,2,positive,2,select_coverage,2.0,exact,271,984,209.0,774.0,184,680,positive,14784
101,3,133,Tic-Tac-Toe Endgame,766,2,positive,2,select_coverage,3.0,exact,429,1592,326.0,1218.0,281,1051,positive,23284
101,3,133,Tic-Tac-Toe Endgame,766,2,positive,2,select_coverage,4.0,exact,598,2242,461.0,1736.0,396,1493,positive,32964
101,3,133,Tic-Tac-Toe Endgame,766,2,positive,2,select_coverage_CBA_M1,,exact,51,157,27.0,85.0,27,85,negative,1972
101,3,138,Tic-Tac-Toe Endgame,766,2,positive,1,select_coverage,1.0,DAC,68,218,,,36,122,positive,1712
101,3,138,Tic-Tac-Toe Endgame,766,2,positive,1,select_coverage,1.0,exact,68,218,36.0,122.0,33,110,negative,2680
101,3,138,Tic-Tac-Toe Endgame,766,2,positive,1,select_coverage,2.0,DAC,265,952,,,199,725,positive,7012
101,3,138,Tic-Tac-Toe Endgame,766,2,positive,1,select_coverage,2.0,exact,265,952,199.0,725.0,183,664,positive,14156
101,3,138,Tic-Tac-Toe Endgame,766,2,positive,1,select_coverage,3.0,DAC,433,1593,,,322,1189,positive,11592
101,3,138,Tic-Tac-Toe Endgame,766,2,positive,1,select_coverage,3.0,exact,433,1593,322.0,1189.0,286,1059,positive,23108
101,3,138,Tic-Tac-Toe Endgame,766,2,positive,1,select_coverage,4.0,DAC,599,2223,,,448,1670,positive,16104
101,3,138,Tic-Tac-Toe Endgame,766,2,positive,1,select_coverage,4.0,exact,599,2223,448.0,1670.0,393,1470,positive,32220
101,3,138,Tic-Tac-Toe Endgame,766,2,positive,1,select_coverage_CBA_M1,,DAC,30,90,,,14,42,negative,744
101,3,138,Tic-Tac-Toe Endgame,766,2,positive,1,select_coverage_CBA_M1,,exact,30,90,14.0,42.0,14,42,negative,1048
101,3,138,Tic-Tac-Toe Endgame,766,2,positive,2,select_coverage,1.0,exact,68,218,36.0,122.0,33,110,negative,2680
101,3,138,Tic-Tac-Toe Endgame,766,2,positive,2,select_coverage,2.0,exact,265,952,199.0,725.0,183,664,positive,14156
101,3,138,Tic-Tac-Toe Endgame,766,2,positive,2,select_coverage,3.0,exact,433,1593,322.0,1189.0,286,1059,positive,23108
101,3,138,Tic-Tac-Toe Endgame,766,2,positive,2,select_coverage,4.0,exact,599,2223,448.0,1670.0,393,1470,positive,32220
101,3,138,Tic-Tac-Toe Endgame,766,2,positive,2,select_coverage_CBA_M1,,exact,53,160,27.0,82.0,27,82,negative,1960
101,3,148,Tic-Tac-Toe Endgame,766,2,positive,1,select_coverage,1.0,DAC,67,217,,,35,120,positive,1696
101,3,148,Tic-Tac-Toe Endgame,766,2,positive,1,select_coverage,1.0,exact,67,217,35.0,120.0,35,120,positive,2684
101,3,148,Tic-Tac-Toe Endgame,766,2,positive,1,select_coverage,2.0,DAC,244,875,,,181,659,positive,6452
101,3,148,Tic-Tac-Toe Endgame,766,2,positive,1,select_coverage,2.0,exact,244,875,181.0,659.0,171,624,positive,12992
101,3,148,Tic-Tac-Toe Endgame,766,2,positive,1,select_coverage,3.0,DAC,413,1526,,,317,1181,positive,11084
101,3,148,Tic-Tac-Toe Endgame,766,2,positive,1,select_coverage,3.0,exact,413,1526,317.0,1181.0,295,1101,positive,22856
101,3,148,Tic-Tac-Toe Endgame,766,2,positive,1,select_coverage,4.0,DAC,579,2171,,,449,1695,positive,15656
101,3,148,Tic-Tac-Toe Endgame,766,2,positive,1,select_coverage,4.0,exact,579,2171,449.0,1695.0,411,1553,positive,32468
101,3,148,Tic-Tac-Toe Endgame,766,2,positive,1,select_coverage_CBA_M1,,DAC,31,93,,,15,45,negative,768
101,3,148,Tic-Tac-Toe Endgame,766,2,positive,1,select_coverage_CBA_M1,,exact,31,93,15.0,45.0,15,45,negative,1108
101,3,148,Tic-Tac-Toe Endgame,766,2,positive,2,select_coverage,1.0,exact,67,217,35.0,120.0,35,120,positive,2684
101,3,148,Tic-Tac-Toe Endgame,766,2,positive,2,select_coverage,2.0,exact,244,875,181.0,659.0,171,624,positive,12992
101,3,148,Tic-Tac-Toe Endgame,766,2,positive,2,select_coverage,3.0,exact,413,1526,317.0,1181.0,295,1101,positive,22856
101,3,148,Tic-Tac-Toe Endgame,766,2,positive,2,select_coverage,4.0,exact,579,2171,449.0,1695.0,411,1553,positive,32468
101,3,148,Tic-Tac-Toe Endgame,766,2,positive,2,select_coverage_CBA_M1,,exact,54,166,26.0,82.0,26,82,negative,1960
101,4,5,Tic-Tac-Toe Endgame,766,2,positive,1,select_coverage,1.0,DAC,96,307,,,54,181,positive,2412
101,4,5,Tic-Tac-Toe Endgame,766,2,positive,1,select_coverage,1.0,exact,96,307,54.0,181.0,51,168,negative,3936
101,4,5,Tic-Tac-Toe Endgame,766,2,positive,1,select_coverage,2.0,DAC,312,1087,,,244,865,positive,8124
101,4,5,Tic-Tac-Toe Endgame,766,2,positive,1,select_coverage,2.0,exact,312,1087,244.0,865.0,217,770,positive,16760
101,4,5,Tic-Tac-Toe Endgame,766,2,positive,1,select_coverage,3.0,DAC,489,1733,,,384,1371,positive,12832
101,4,5,Tic-Tac-Toe Endgame,766,2,positive,1,select_coverage,3.0,exact,489,1733,384.0,1371.0,326,1165,positive,26308
101,4,5,Tic-Tac-Toe Endgame,766,2,positive,1,select_coverage,4.0,DAC,670,2429,,,526,1928,positive,17788
101,4,5,Tic-Tac-Toe Endgame,766,2,positive,1,select_coverage,4.0,exact,670,2429,526.0,1928.0,434,1601,positive,36472
101,4,5,Tic-Tac-Toe Endgame,766,2,positive,1,select_coverage_CBA_M1,,DAC,50,147,,,25,72,negative,1220
101,4,5,Tic-Tac-Toe Endgame,766,2,positive,1,select_coverage_CBA_M1,,exact,50,147,25.0,72.0,25,72,negative,1780
101,4,5,Tic-Tac-Toe Endgame,766,2,positive,2,select_coverage,1.0,exact,96,307,54.0,181.0,51,168,negative,3936
101,4,5,Tic-Tac-Toe Endgame,766,2,positive,2,select_coverage,2.0,exact,312,1087,244.0,865.0,217,770,positive,16760
101,4,5,Tic-Tac-Toe Endgame,766,2,positive,2,select_coverage,3.0,exact,489,1733,384.0,1371.0,326,1165,positive,26308
101,4,5,Tic-Tac-Toe Endgame,766,2,positive,2,select_coverage,4.0,exact,670,2429,526.0,1928.0,434,1601,positive,36472
101,4,5,Tic-Tac-Toe Endgame,766,2,positive,2,select_coverage_CBA_M1,,exact,76,230,38.0,116.0,38,116,negative,2776
101,4,14,Tic-Tac-Toe Endgame,766,2,positive,1,select_coverage,1.0,DAC,99,319,,,57,193,positive,2496
101,4,14,Tic-Tac-Toe Endgame,766,2,positive,1,select_coverage,1.0,exact,99,319,57.0,193.0,55,186,positive,4176
101,4,14,Tic-Tac-Toe Endgame,766,2,positive,1,select_coverage,2.0,DAC,310,1075,,,241,848,positive,8052
101,4,14,Tic-Tac-Toe Endgame,766,2,positive,1,select_coverage,2.0,exact,310,1075,241.0,848.0,214,761,positive,16536
101,4,14,Tic-Tac-Toe Endgame,766,2,positive,1,select_coverage,3.0,DAC,498,1755,,,380,1344,positive,13028
101,4,14,Tic-Tac-Toe Endgame,766,2,positive,1,select_coverage,3.0,exact,498,1755,380.0,1344.0,326,1162,positive,26180
101,4,14,Tic-Tac-Toe Endgame,766,2,positive,1,select_coverage,4.0,DAC,677,2416,,,516,1852,positive,17820
101,4,14,Tic-Tac-Toe Endgame,766,2,positive,1,select_coverage,4.0,exact,677,2416,516.0,1852.0,436,1581,positive,35796
101,4,14,Tic-Tac-Toe Endgame,766,2,positive,1,select_coverage_CBA_M1,,DAC,53,157,,,27,79,negative,1296
101,4,14,Tic-Tac-Toe Endgame,766,2,positive,1,select_coverage_CBA_M1,,exact,53,157,27.0,79.0,27,79,negative,1924
101,4,14,Tic-Tac-Toe Endgame,766,2,positive,2,select_coverage,1.0,exact,99,319,57.0,193.0,55,186,positive,4176
101,4,14,Tic-Tac-Toe Endgame,766,2,positive,2,select_coverage,2.0,exact,310,1075,241.0,848.0,214,761,positive,16536
101,4,14,Tic-Tac-Toe Endgame,766,2,positive,2,select_coverage,3.0,exact,498,1755,380.0,1344.0,326,1162,positive,26180
101,4,14,Tic-Tac-Toe Endgame,766,2,positive,2,select_coverage,4.0,exact,677,2416,516.0,1852.0,436,1581,positive,35796
101,4,14,Tic-Tac-Toe Endgame,766,2,positive,2,select_coverage_CBA_M1,,exact,76,231,37.0,114.0,37,114,negative,2740
101,4,17,Tic-Tac-Toe Endgame,766,2,positive,1,select_coverage,1.0,DAC,103,330,,,59,198,positive,2588
101,4,17,Tic-Tac-Toe Endgame,766,2,positive,1,select_coverage,1.0,exact,103,330,59.0,198.0,51,169,negative,4220
101,4,17,Tic-Tac-Toe Endgame,766,2,positive,1,select_coverage,2.0,DAC,314,1082,,,241,843,positive,8128
101,4,17,Tic-Tac-Toe Endgame,766,2,positive,1,select_coverage,2.0,exact,314,1082,241.0,843.0,204,715,positive,16360
101,4,17,Tic-Tac-Toe Endgame,766,2,positive,1,select_coverage,3.0,DAC,508,1769,,,394,1382,positive,13204
101,4,17,Tic-Tac-Toe Endgame,766,2,positive,1,select_coverage,3.0,exact,508,1769,394.0,1382.0,320,1136,positive,26620
101,4,17,Tic-Tac-Toe Endgame,766,2,positive,1,select_coverage,4.0,DAC,676,2393,,,531,1891,positive,17716
101,4,17,Tic-Tac-Toe Endgame,766,2,positive,1,select_coverage,4.0,exact,676,2393,530.0,1887.0,427,1537,positive,36004
101,4,17,Tic-Tac-Toe Endgame,766,2,positive,1,select_coverage_CBA_M1,,DAC,50,148,,,26,76,negative,1224
101,4,17,Tic-Tac-Toe Endgame,766,2,positive,1,select_coverage_CBA_M1,,exact,50,148,26.0,76.0,23,67,negative,1804
101,4,17,Tic-Tac-Toe Endgame,766,2,positive,2,select_coverage,1.0,exact,103,330,59.0,198.0,51,169,negative,4220
101,4,17,Tic-Tac-Toe Endgame,766,2,positive,2,select_coverage,2.0,exact,314,1082,241.0,843.0,204,715,positive,16360
101,4,17,Tic-Tac-Toe Endgame,766,2,positive,2,select_coverage,3.0,exact,508,1769,394.0,1382.0,320,1136,positive,26620
101,4,17,Tic-Tac-Toe Endgame,766,2,positive,2,select_coverage,4.0,exact,676,2393,530.0,1887.0,427,1537,positive,36004
101,4,17,Tic-Tac-Toe Endgame,766,2,positive,2,select_coverage_CBA_M1,,exact,92,287,51.0,164.0,46,147,negative,3632
101,4,19,Tic-Tac-Toe Endgame,766,2,positive,1,select_coverage,1.0,DAC,105,341,,,63,214,positive,2656
101,4,19,Tic-Tac-Toe Endgame,766,2,positive,1,select_coverage,1.0,exact,105,341,63.0,214.0,58,195,negative,4528
101,4,19,Tic-Tac-Toe Endgame,766,2,positive,1,select_coverage,2.0,DAC,328,1138,,,258,911,positive,8520
101,4,19,Tic-Tac-Toe Endgame,766,2,positive,1,select_coverage,2.0,exact,328,1138,258.0,911.0,230,819,positive,17680
101,4,19,Tic-Tac-Toe Endgame,766,2,positive,1,select_coverage,3.0,DAC,516,1816,,,412,1461,positive,13488
101,4,19,Tic-Tac-Toe Endgame,766,2,positive,1,select_coverage,3.0,exact,516,1816,412.0,1461.0,356,1274,positive,28108
101,4,19,Tic-Tac-Toe Endgame,766,2,positive,1,select_coverage,4.0,DAC,691,2444,,,550,1962,positive,18100
101,4,19,Tic-Tac-Toe Endgame,766,2,positive,1,select_coverage,4.0,exact,691,2444,550.0,1962.0,471,1689,positive,37596
101,4,19,Tic-Tac-Toe Endgame,766,2,positive,1,select_coverage_CBA_M1,,DAC,49,145,,,25,73,negative,1200
101,4,19,Tic-Tac-Toe Endgame,766,2,positive,1,select_coverage_CBA_M1,,exact,49,145,25.0,73.0,23,67,negative,1756
101,4,19,Tic-Tac-Toe Endgame,766,2,positive,2,select_coverage,1.0,exact,105,341,63.0,214.0,58,195,negative,4528
101,4,19,Tic-Tac-Toe Endgame,766,2,positive,2,select_coverage,2.0,exact,328,1138,258.0,911.0,230,819,positive,17680
101,4,19,Tic-Tac-Toe Endgame,766,2,positive,2,select_coverage,3.0,exact,516,1816,412.0,1461.0,356,1274,positive,28108
101,4,19,Tic-Tac-Toe Endgame,766,2,positive,2,select_coverage,4.0,exact,691,2444,550.0,1962.0,471,1689,positive,37596
101,4,19,Tic-Tac-Toe Endgame,766,2,positive,2,select_coverage_CBA_M1,,exact,78,239,45.0,140.0,43,134,negative,3148
101,4,29,Tic-Tac-Toe Endgame,766,2,positive,1,select_coverage,1.0,DAC,97,305,,,52,170,positive,2416
101,4,29,Tic-Tac-Toe Endgame,766,2,positive,1,select_coverage,1.0,exact,97,305,52.0,170.0,49,160,negative,3804
101,4,29,Tic-Tac-Toe Endgame,766,2,positive,1,select_coverage,2.0,DAC,311,1057,,,240,828,positive,7992
101,4,29,Tic-Tac-Toe Endgame,766,2,positive,1,select_coverage,2.0,exact,311,1057,240.0,828.0,207,721,positive,16200
101,4,29,Tic-Tac-Toe Endgame,766,2,positive,1,select_coverage,3.0,DAC,496,1715,,,381,1332,positive,12844
101,4,29,Tic-Tac-Toe Endgame,766,2,positive,1,select_coverage,3.0,exact,496,1715,381.0,1332.0,320,1129,positive,25864
101,4,29,Tic-Tac-Toe Endgame,766,2,positive,1,select_coverage,4.0,DAC,668,2345,,,507,1797,positive,17428
101,4,29,Tic-Tac-Toe Endgame,766,2,positive,1,select_coverage,4.0,exact,668,2345,507.0,1797.0,424,1516,positive,34816
101,4,29,Tic-Tac-Toe Endgame,766,2,positive,1,select_coverage_CBA_M1,,DAC,48,140,,,22,62,negative,1168
101,4,29,Tic-Tac-Toe Endgame,766,2,positive,1,select_coverage_CBA_M1,,exact,48,140,22.0,62.0,21,60,negative,1592
101,4,29,Tic-Tac-Toe Endgame,766,2,positive,2,select_coverage,1.0,exact,97,305,52.0,170.0,49,160,negative,3804
101,4,29,Tic-Tac-Toe Endgame,766,2,positive,2,select_coverage,2.0,exact,311,1057,240.0,828.0,207,721,positive,16200
101,4,29,Tic-Tac-Toe Endgame,766,2,positive,2,select_coverage,3.0,exact,496,1715,381.0,1332.0,320,1129,positive,25864
101,4,29,Tic-Tac-Toe Endgame,766,2,positive,2,select_coverage,4.0,exact,668,2345,507.0,1797.0,424,1516,positive,34816
101,4,29,Tic-Tac-Toe Endgame,766,2,positive,2,select_coverage_CBA_M1,,exact,80,243,41.0,126.0,40,124,negative,2972
101,4,31,Tic-Tac-Toe Endgame,766,2,positive,1,select_coverage,1.0,DAC,101,317,,,56,182,positive,2512
101,4,31,Tic-Tac-Toe Endgame,766,2,positive,1,select_coverage,1.0,exact,101,317,56.0,182.0,54,175,positive,4056
101,4,31,Tic-Tac-Toe Endgame,766,2,positive,1,select_coverage,2.0,DAC,317,1068,,,238,809,positive,8108
101,4,31,Tic-Tac-Toe Endgame,766,2,positive,1,select_coverage,2.0,exact,317,1068,238.0,809.0,217,742,positive,16204
101,4,31,Tic-Tac-Toe Endgame,766,2,positive,1,select_coverage,3.0,DAC,497,1718,,,370,1276,positive,12868
101,4,31,Tic-Tac-Toe Endgame,766,2,positive,1,select_coverage,3.0,exact,497,1718,370.0,1276.0,329,1142,positive,25440
101,4,31,Tic-Tac-Toe Endgame,766,2,positive,1,select_coverage,4.0,DAC,687,2424,,,519,1831,positive,17972
101,4,31,Tic-Tac-Toe Endgame,766,2,positive,1,select_coverage,4.0,exact,687,2424,519.0,1831.0,457,1623,positive,35984
101,4,31,Tic-Tac-Toe Endgame,766,2,positive,1,select_coverage_CBA_M1,,DAC,45,131,,,19,53,negative,1096
101,4,31,Tic-Tac-Toe Endgame,766,2,positive,1,select_coverage_CBA_M1,,exact,45,131,19.0,53.0,18,50,negative,1408
101,4,31,Tic-Tac-Toe Endgame,766,2,positive,2,select_coverage,1.0,exact,101,317,56.0,182.0,54,175,positive,4056
101,4,31,Tic-Tac-Toe Endgame,766,2,positive,2,select_coverage,2.0,exact,317,1068,238.0,809.0,217,742,positive,16204
101,4,31,Tic-Tac-Toe Endgame,766,2,positive,2,select_coverage,3.0,exact,497,1718,370.0,1276.0,329,1142,positive,25440
101,4,31,Tic-Tac-Toe Endgame,766,2,positive,2,select_coverage,4.0,exact,687,2424,519.0,1831.0,457,1623,positive,35984
101,4,31,Tic-Tac-Toe Endgame,766,2,positive,2,select_coverage_CBA_M1,,exact,68,201,31.0,90.0,30,87,negative,2272
101,4,34,Tic-Tac-Toe Endgame,766,2,positive,1,select_coverage,1.0,DAC,113,359,,,71,233,positive,2824
101,4,34,Tic-Tac-Toe Endgame,766,2,positive,1,select_coverage,1.0,exact,113,359,71.0,233.0,64,210,negative,4928
101,4,34,Tic-Tac-Toe Endgame,766,2,positive,1,select_coverage,2.0,DAC,312,1085,,,235,831,positive,8116
101,4,34,Tic-Tac-Toe Endgame,766,2,positive,1,select_coverage,2.0,exact,312,1085,235.0,831.0,204,724,positive,16216
101,4,34,Tic-Tac-Toe Endgame,766,2,positive,1,select_coverage,3.0,DAC,513,1819,,,398,1424,positive,13464
101,4,34,Tic-Tac-Toe Endgame,766,2,positive,1,select_coverage,3.0,exact,513,1819,398.0,1424.0,338,1210,positive,27380
101,4,34,Tic-Tac-Toe Endgame,766,2,positive,1,select_coverage,4.0,DAC,700,2513,,,535,1940,positive,18484
101,4,34,Tic-Tac-Toe Endgame,766,2,positive,1,select_coverage,4.0,exact,700,2513,535.0,1940.0,442,1605,positive,37088
101,4,34,Tic-Tac-Toe Endgame,766,2,positive,1,select_coverage_CBA_M1,,DAC,60,174,,,34,96,negative,1448
101,4,34,Tic-Tac-Toe Endgame,766,2,positive,1,select_coverage_CBA_M1,,exact,60,174,34.0,96.0,32,92,negative,2280
101,4,34,Tic-Tac-Toe Endgame,766,2,positive,2,select_coverage,1.0,exact,113,359,71.0,233.0,64,210,negative,4928
101,4,34,Tic-Tac-Toe Endgame,766,2,positive,2,select_coverage,2.0,exact,312,1085,235.0,831.0,204,724,positive,16216
101,4,34,Tic-Tac-Toe Endgame,766,2,positive,2,select_coverage,3.0,exact,513,1819,398.0,1424.0,338,1210,positive,27380
101,4,34,Tic-Tac-Toe Endgame,766,2,positive,2,select_coverage,4.0,exact,700,2513,535.0,1940.0,442,1605,positive,37088
101,4,34,Tic-Tac-Toe Endgame,766,2,positive,2,select_coverage_CBA_M1,,exact,94,283,54.0,163.0,50,153,negative,3708
101,4,42,Tic-Tac-Toe Endgame,766,2,positive,1,select_coverage,1.0,DAC,91,289,,,50,166,positive,2280
101,4,42,Tic-Tac-Toe Endgame,766,2,positive,1,select_coverage,1.0,exact,91,289,50.0,166.0,43,144,negative,3612
101,4,42,Tic-Tac-Toe Endgame,766,2,positive,1,select_coverage,2.0,DAC,302,1050,,,234,825,positive,7856
101,4,42,Tic-Tac-Toe Endgame,766,2,positive,1,select_coverage,2.0,exact,302,1050,234.0,825.0,209,742,positive,16100
101,4,42,Tic-Tac-Toe Endgame,766,2,positive,1,select_coverage,3.0,DAC,491,1744,,,378,1348,positive,12900
101,4,42,Tic-Tac-Toe Endgame,766,2,positive,1,select_coverage,3.0,exact,491,1744,378.0,1348.0,330,1192,positive,26224
101,4,42,Tic-Tac-Toe Endgame,766,2,positive,1,select_coverage,4.0,DAC,671,2396,,,516,1848,positive,17668
101,4,42,Tic-Tac-Toe Endgame,766,2,positive,1,select_coverage,4.0,exact,671,2396,516.0,1848.0,430,1559,positive,35612
101,4,42,Tic-Tac-Toe Endgame,766,2,positive,1,select_coverage_CBA_M1,,DAC,46,136,,,22,64,negative,1128
101,4,42,Tic-Tac-Toe Endgame,766,2,positive,1,select_coverage_CBA_M1,,exact,46,136,22.0,64.0,19,56,negative,1568
101,4,42,Tic-Tac-Toe Endgame,766,2,positive,2,select_coverage,1.0,exact,91,289,50.0,166.0,43,144,negative,3612
101,4,42,Tic-Tac-Toe Endgame,766,2,positive,2,select_coverage,2.0,exact,302,1050,234.0,825.0,209,742,positive,16100
101,4,42,Tic-Tac-Toe Endgame,766,2,positive,2,select_coverage,3.0,exact,491,1744,378.0,1348.0,330,1192,positive,26224
101,4,42,Tic-Tac-Toe Endgame,766,2,positive,2,select_coverage,4.0,exact,671,2396,516.0,1848.0,430,1559,positive,35612
101,4,42,Tic-Tac-Toe Endgame,766,2,positive,2,select_coverage_CBA_M1,,exact,72,217,33.0,100.0,30,92,negative,2444
101,4,49,Tic-Tac-Toe Endgame,766,2,positive,1,select_coverage,1.0,DAC,99,308,,,53,170,positive,2452
101,4,49,Tic-Tac-Toe Endgame,766,2,positive,1,select_coverage,1.0,exact,99,308,53.0,170.0,46,147,positive,3788
101,4,49,Tic-Tac-Toe Endgame,766,2,positive,1,select_coverage,2.0,DAC,324,1094,,,254,867,positive,8296
101,4,49,Tic-Tac-Toe Endgame,766,2,positive,1,select_coverage,2.0,exact,324,1094,254.0,867.0,223,765,positive,17016
101,4,49,Tic-Tac-Toe Endgame,766,2,positive,1,select_coverage,3.0,DAC,495,1695,,,392,1348,positive,12752
101,4,49,Tic-Tac-Toe Endgame,766,2,positive,1,select_coverage,3.0,exact,495,1695,392.0,1348.0,336,1155,positive,26216
101,4,49,Tic-Tac-Toe Endgame,766,2,positive,1,select_coverage,4.0,DAC,684,2383,,,543,1911,positive,17772
101,4,49,Tic-Tac-Toe Endgame,766,2,positive,1,select_coverage,4.0,exact,684,2383,543.0,1911.0,449,1583,positive,36556
101,4,49,Tic-Tac-Toe Endgame,766,2,positive,1,select_coverage_CBA_M1,,DAC,58,173,,,32,95,negative,1420
101,4,49,Tic-Tac-Toe Endgame,766,2,positive,1,select_coverage_CBA_M1,,exact,58,173,32.0,95.0,30,90,negative,2216
101,4,49,Tic-Tac-Toe Endgame,766,2,positive,2,select_coverage,1.0,exact,99,308,53.0,170.0,46,147,positive,3788
101,4,49,Tic-Tac-Toe Endgame,766,2,positive,2,select_coverage,2.0,exact,324,1094,254.0,867.0,223,765,positive,17016
101,4,49,Tic-Tac-Toe Endgame,766,2,positive,2,select_coverage,3.0,exact,495,1695,392.0,1348.0,336,1155,positive,26216
101,4,49,Tic-Tac-Toe Endgame,766,2,positive,2,select_coverage,4.0,exact,684,2383,543.0,1911.0,449,1583,positive,36556
101,4,49,Tic-Tac-Toe Endgame,766,2,positive,2,select_coverage_CBA_M1,,exact,83,253,43.0,133.0,39,122,positive,3080
101,4,63,Tic-Tac-Toe Endgame,766,2,positive,1,select_coverage,1.0,DAC,112,352,,,71,229,positive,2784
101,4,63,Tic-Tac-Toe Endgame,766,2,positive,1,select_coverage,1.0,exact,112,352,71.0,229.0,70,225,positive,4944
101,4,63,Tic-Tac-Toe Endgame,766,2,positive,1,select_coverage,2.0,DAC,313,1065,,,246,845,positive,8048
101,4,63,Tic-Tac-Toe Endgame,766,2,positive,1,select_coverage,2.0,exact,313,1065,246.0,845.0,219,753,positive,16572
101,4,63,Tic-Tac-Toe Endgame,766,2,positive,1,select_coverage,3.0,DAC,495,1731,,,381,1333,positive,12896
101,4,63,Tic-Tac-Toe Endgame,766,2,positive,1,select_coverage,3.0,exact,495,1731,381.0,1333.0,326,1143,positive,25988
101,4,63,Tic-Tac-Toe Endgame,766,2,positive,1,select_coverage,4.0,DAC,679,2419,,,519,1855,positive,17856
101,4,63,Tic-Tac-Toe Endgame,766,2,positive,1,select_coverage,4.0,exact,679,2419,519.0,1855.0,439,1569,positive,35844
101,4,63,Tic-Tac-Toe Endgame,766,2,positive,1,select_coverage_CBA_M1,,DAC,69,209,,,43,131,negative,1696
101,4,63,Tic-Tac-Toe Endgame,766,2,positive,1,select_coverage_CBA_M1,,exact,69,209,43.0,131.0,42,127,negative,2916
101,4,63,Tic-Tac-Toe Endgame,766,2,positive,2,select_coverage,1.0,exact,112,352,71.0,229.0,70,225,positive,4944
101,4,63,Tic-Tac-Toe Endgame,766,2,positive,2,select_coverage,2.0,exact,313,1065,246.0,845.0,219,753,positive,16572
101,4,63,Tic-Tac-Toe Endgame,766,2,positive,2,select_coverage,3.0,exact,495,1731,381.0,1333.0,326,1143,positive,25988
101,4,63,Tic-Tac-Toe Endgame,766,2,positive,2,select_coverage,4.0,exact,679,2419,519.0,1855.0,439,1569,positive,35844
101,4,63,Tic-Tac-Toe Endgame,766,2,positive,2,select_coverage_CBA_M1,,exact,91,280,54.0,169.0,54,169,positive,3784
101,4,64,Tic-Tac-Toe Endgame,766,2,positive,1,select_coverage,1.0,DAC,101,311,,,55,173,positive,2488
101,4,64,Tic-Tac-Toe Endgame,766,2,positive,1,select_coverage,1.0,exact,101,311,55.0,173.0,53,167,negative,3940
101,4,64,Tic-Tac-Toe Endgame,766,2,positive,1,select_coverage,2.0,DAC,304,1041,,,237,823,positive,7844
101,4,64,Tic-Tac-Toe Endgame,766,2,positive,1,select_coverage,2.0,exact,304,1041,237.0,823.0,210,731,positive,16084
101,4,64,Tic-Tac-Toe Endgame,766,2,positive,1,select_coverage,3.0,DAC,495,1732,,,381,1344,positive,12900
101,4,64,Tic-Tac-Toe Endgame,766,2,positive,1,select_coverage,3.0,exact,495,1732,381.0,1344.0,334,1180,positive,26184
101,4,64,Tic-Tac-Toe Endgame,766,2,positive,1,select_coverage,4.0,DAC,672,2364,,,520,1836,positive,17552
101,4,64,Tic-Tac-Toe Endgame,766,2,positive,1,select_coverage,4.0,exact,672,2364,520.0,1836.0,441,1557,positive,35524
101,4,64,Tic-Tac-Toe Endgame,766,2,positive,1,select_coverage_CBA_M1,,DAC,52,149,,,28,77,negative,1252
101,4,64,Tic-Tac-Toe Endgame,766,2,positive,1,select_coverage_CBA_M1,,exact,52,149,28.0,77.0,27,74,negative,1888
101,4,64,Tic-Tac-Toe Endgame,766,2,positive,2,select_coverage,1.0,exact,101,311,55.0,173.0,53,167,negative,3940
101,4,64,Tic-Tac-Toe Endgame,766,2,positive,2,select_coverage,2.0,exact,304,1041,237.0,823.0,210,731,positive,16084
101,4,64,Tic-Tac-Toe Endgame,766,2,positive,2,select_coverage,3.0,exact,495,1732,381.0,1344.0,334,1180,positive,26184
101,4,64,Tic-Tac-Toe Endgame,766,2,positive,2,select_coverage,4.0,exact,672,2364,520.0,1836.0,441,1557,positive,35524
101,4,64,Tic-Tac-Toe Endgame,766,2,positive,2,select_coverage_CBA_M1,,exact,82,245,44.0,131.0,43,128,negative,3088
101,4,65,Tic-Tac-Toe Endgame,766,2,positive,1,select_coverage,1.0,DAC,112,358,,,69,229,positive,2808
101,4,65,Tic-Tac-Toe Endgame,766,2,positive,1,select_coverage,1.0,exact,112,358,69.0,229.0,63,206,negative,4844
101,4,65,Tic-Tac-Toe Endgame,766,2,positive,1,select_coverage,2.0,DAC,319,1095,,,244,853,positive,8240
101,4,65,Tic-Tac-Toe Endgame,766,2,positive,1,select_coverage,2.0,exact,319,1095,244.0,853.0,222,775,positive,16764
101,4,65,Tic-Tac-Toe Endgame,766,2,positive,1,select_coverage,3.0,DAC,498,1737,,,369,1297,positive,12956
101,4,65,Tic-Tac-Toe Endgame,766,2,positive,1,select_coverage,3.0,exact,498,1737,369.0,1297.0,329,1150,positive,25608
101,4,65,Tic-Tac-Toe Endgame,766,2,positive,1,select_coverage,4.0,DAC,673,2364,,,505,1790,positive,17564
101,4,65,Tic-Tac-Toe Endgame,766,2,positive,1,select_coverage,4.0,exact,673,2364,505.0,1790.0,438,1548,positive,34944
101,4,65,Tic-Tac-Toe Endgame,766,2,positive,1,select_coverage_CBA_M1,,DAC,67,199,,,38,112,negative,1632
101,4,65,Tic-Tac-Toe Endgame,766,2,positive,1,select_coverage_CBA_M1,,exact,67,199,38.0,112.0,37,110,negative,2612
101,4,65,Tic-Tac-Toe Endgame,766,2,positive,2,select_coverage,1.0,exact,112,358,69.0,229.0,63,206,negative,4844
101,4,65,Tic-Tac-Toe Endgame,766,2,positive,2,select_coverage,2.0,exact,319,1095,244.0,853.0,222,775,positive,16764
101,4,65,Tic-Tac-Toe Endgame,766,2,positive,2,select_coverage,3.0,exact,498,1737,369.0,1297.0,329,1150,positive,25608
101,4,65,Tic-Tac-Toe Endgame,766,2,positive,2,select_coverage,4.0,exact,673,2364,505.0,1790.0,438,1548,positive,34944
101,4,65,Tic-Tac-Toe Endgame,766,2,positive,2,select_coverage_CBA_M1,,exact,88,266,48.0,146.0,47,144,negative,3392
101,4,68,Tic-Tac-Toe Endgame,766,2,positive,1,select_coverage,1.0,DAC,92,292,,,45,151,positive,2304
101,4,68,Tic-Tac-Toe Endgame,766,2,positive,1,select_coverage,1.0,exact,92,292,45.0,151.0,45,151,positive,3472
101,4,68,Tic-Tac-Toe Endgame,766,2,positive,1,select_coverage,2.0,DAC,314,1087,,,226,793,positive,8148
101,4,68,Tic-Tac-Toe Endgame,766,2,positive,1,select_coverage,2.0,exact,314,1087,226.0,793.0,210,744,positive,15936
101,4,68,Tic-Tac-Toe Endgame,766,2,positive,1,select_coverage,3.0,DAC,508,1782,,,367,1290,positive,13256
101,4,68,Tic-Tac-Toe Endgame,766,2,positive,1,select_coverage,3.0,exact,508,1782,367.0,1290.0,325,1147,positive,25700
101,4,68,Tic-Tac-Toe Endgame,766,2,positive,1,select_coverage,4.0,DAC,698,2494,,,513,1840,positive,18384
101,4,68,Tic-Tac-Toe Endgame,766,2,positive,1,select_coverage,4.0,exact,698,2494,513.0,1840.0,446,1609,positive,36100
101,4,68,Tic-Tac-Toe Endgame,766,2,positive,1,select_coverage_CBA_M1,,DAC,43,128,,,19,56,negative,1060
101,4,68,Tic-Tac-Toe Endgame,766,2,positive,1,select_coverage_CBA_M1,,exact,43,128,19.0,56.0,19,56,negative,1432
101,4,68,Tic-Tac-Toe Endgame,766,2,positive,2,select_coverage,1.0,exact,92,292,45.0,151.0,45,151,positive,3472
101,4,68,Tic-Tac-Toe Endgame,766,2,positive,2,select_coverage,2.0,exact,314,1087,226.0,793.0,210,744,positive,15936
101,4,68,Tic-Tac-Toe Endgame,766,2,positive,2,select_coverage,3.0,exact,508,1782,367.0,1290.0,325,1147,positive,25700
101,4,68,Tic-Tac-Toe Endgame,766,2,positive,2,select_coverage,4.0,exact,698,2494,513.0,1840.0,446,1609,positive,36100
101,4,68,Tic-Tac-Toe Endgame,766,2,positive,2,select_coverage_CBA_M1,,exact,72,220,33.0,103.0,33,103,negative,2512
101,4,74,Tic-Tac-Toe Endgame,766,2,positive,1,select_coverage,1.0,DAC,96,296,,,53,167,positive,2368
101,4,74,Tic-Tac-Toe Endgame,766,2,positive,1,select_coverage,1.0,exact,96,296,53.0,167.0,50,157,positive,3768
101,4,74,Tic-Tac-Toe Endgame,766,2,positive,1,select_coverage,2.0,DAC,306,1040,,,229,787,positive,7864
101,4,74,Tic-Tac-Toe Endgame,766,2,positive,1,select_coverage,2.0,exact,306,1040,229.0,787.0,208,718,positive,15692
101,4,74,Tic-Tac-Toe Endgame,766,2,positive,1,select_coverage,3.0,DAC,491,1703,,,376,1307,positive,12736
101,4,74,Tic-Tac-Toe Endgame,766,2,positive,1,select_coverage,3.0,exact,491,1703,376.0,1307.0,332,1159,positive,25716
101,4,74,Tic-Tac-Toe Endgame,766,2,positive,1,select_coverage,4.0,DAC,673,2366,,,515,1820,positive,17572
101,4,74,Tic-Tac-Toe Endgame,766,2,positive,1,select_coverage,4.0,exact,673,2366,515.0,1820.0,442,1561,positive,35364
101,4,74,Tic-Tac-Toe Endgame,766,2,positive,1,select_coverage_CBA_M1,,DAC,55,160,,,30,85,negative,1332
101,4,74,Tic-Tac-Toe Endgame,766,2,positive,1,select_coverage_CBA_M1,,exact,55,160,30.0,85.0,29,82,negative,2044
101,4,74,Tic-Tac-Toe Endgame,766,2,positive,2,select_coverage,1.0,exact,96,296,53.0,167.0,50,157,positive,3768
101,4,74,Tic-Tac-Toe Endgame,766,2,positive,2,select_coverage,2.0,exact,306,1040,229.0,787.0,208,718,positive,15692
101,4,74,Tic-Tac-Toe Endgame,766,2,positive,2,select_coverage,3.0,exact,491,1703,376.0,1307.0,332,1159,positive,25716
101,4,74,Tic-Tac-Toe Endgame,766,2,positive,2,select_coverage,4.0,exact,673,2366,515.0,1820.0,442,1561,positive,35364
101,4,74,Tic-Tac-Toe Endgame,766,2,positive,2,select_coverage_CBA_M1,,exact,81,243,41.0,123.0,40,120,negative,2944
101,4,76,Tic-Tac-Toe Endgame,766,2,positive,1,select_coverage,1.0,DAC,93,290,,,49,158,positive,2308
101,4,76,Tic-Tac-Toe Endgame,766,2,positive,1,select_coverage,1.0,exact,93,290,49.0,158.0,47,152,positive,3592
101,4,76,Tic-Tac-Toe Endgame,766,2,positive,1,select_coverage,2.0,DAC,304,1047,,,231,804,positive,7868
101,4,76,Tic-Tac-Toe Endgame,766,2,positive,1,select_coverage,2.0,exact,304,1047,231.0,804.0,201,709,positive,15800
101,4,76,Tic-Tac-Toe Endgame,766,2,positive,1,select_coverage,3.0,DAC,505,1783,,,380,1344,positive,13224
101,4,76,Tic-Tac-Toe Endgame,766,2,positive,1,select_coverage,3.0,exact,505,1783,380.0,1344.0,325,1167,positive,26312
101,4,76,Tic-Tac-Toe Endgame,766,2,positive,1,select_coverage,4.0,DAC,686,2460,,,526,1894,positive,18104
101,4,76,Tic-Tac-Toe Endgame,766,2,positive,1,select_coverage,4.0,exact,686,2460,526.0,1894.0,447,1631,positive,36580
101,4,76,Tic-Tac-Toe Endgame,766,2,positive,1,select_coverage_CBA_M1,,DAC,47,137,,,23,65,negative,1144
101,4,76,Tic-Tac-Toe Endgame,766,2,positive,1,select_coverage_CBA_M1,,exact,47,137,23.0,65.0,22,62,negative,1624
101,4,76,Tic-Tac-Toe Endgame,766,2,positive,2,select_coverage,1.0,exact,93,290,49.0,158.0,47,152,positive,3592
101,4,76,Tic-Tac-Toe Endgame,766,2,positive,2,select_coverage,2.0,exact,304,1047,231.0,804.0,201,709,positive,15800
101,4,76,Tic-Tac-Toe Endgame,766,2,positive,2,select_coverage,3.0,exact,505,1783,380.0,1344.0,325,1167,positive,26312
101,4,76,Tic-Tac-Toe Endgame,766,2,positive,2,select_coverage,4.0,exact,686,2460,526.0,1894.0,447,1631,positive,36580
101,4,76,Tic-Tac-Toe Endgame,766,2,positive,2,select_coverage_CBA_M1,,exact,76,229,37.0,112.0,36,109,negative,2704
101,4,100,Tic-Tac-Toe Endgame,766,2,positive,1,select_coverage,1.0,DAC,104,333,,,63,210,positive,2612
101,4,100,Tic-Tac-Toe Endgame,766,2,positive,1,select_coverage,1.0,exact,104,333,63.0,210.0,60,199,positive,4496
101,4,100,Tic-Tac-Toe Endgame,766,2,positive,1,select_coverage,2.0,DAC,327,1131,,,254,890,positive,8480
101,4,100,Tic-Tac-Toe Endgame,766,2,positive,1,select_coverage,2.0,exact,327,1131,254.0,890.0,223,788,positive,17348
101,4,100,Tic-Tac-Toe Endgame,766,2,positive,1,select_coverage,3.0,DAC,512,1806,,,386,1367,positive,13400
101,4,100,Tic-Tac-Toe Endgame,766,2,positive,1,select_coverage,3.0,exact,512,1806,386.0,1367.0,340,1210,positive,26812
101,4,100,Tic-Tac-Toe Endgame,766,2,positive,1,select_coverage,4.0,DAC,686,2437,,,510,1822,positive,18012
101,4,100,Tic-Tac-Toe Endgame,766,2,positive,1,select_coverage,4.0,exact,686,2437,510.0,1822.0,437,1570,positive,35572
101,4,100,Tic-Tac-Toe Endgame,766,2,positive,1,select_coverage_CBA_M1,,DAC,52,154,,,28,82,negative,1272
101,4,100,Tic-Tac-Toe Endgame,766,2,positive,1,select_coverage_CBA_M1,,exact,52,154,28.0,82.0,27,79,negative,1948
101,4,100,Tic-Tac-Toe Endgame,766,2,positive,2,select_coverage,1.0,exact,104,333,63.0,210.0,60,199,positive,4496
101,4,100,Tic-Tac-Toe Endgame,766,2,positive,2,select_coverage,2.0,exact,327,1131,254.0,890.0,223,788,positive,17348
101,4,100,Tic-Tac-Toe Endgame,766,2,positive,2,select_coverage,3.0,exact,512,1806,386.0,1367.0,340,1210,positive,26812
101,4,100,Tic-Tac-Toe Endgame,766,2,positive,2,select_coverage,4.0,exact,686,2437,510.0,1822.0,437,1570,positive,35572
101,4,100,Tic-Tac-Toe Endgame,766,2,positive,2,select_coverage_CBA_M1,,exact,76,234,44.0,138.0,43,135,negative,3100
101,4,114,Tic-Tac-Toe Endgame,766,2,positive,1,select_coverage,1.0,DAC,94,299,,,53,176,positive,2356
101,4,114,Tic-Tac-Toe Endgame,766,2,positive,1,select_coverage,1.0,exact,94,299,53.0,176.0,46,148,negative,3780
101,4,114,Tic-Tac-Toe Endgame,766,2,positive,1,select_coverage,2.0,DAC,310,1083,,,229,808,positive,8084
101,4,114,Tic-Tac-Toe Endgame,766,2,positive,1,select_coverage,2.0,exact,310,1083,229.0,808.0,199,704,positive,15892
101,4,114,Tic-Tac-Toe Endgame,766,2,positive,1,select_coverage,3.0,DAC,506,1802,,,382,1361,positive,13312
101,4,114,Tic-Tac-Toe Endgame,766,2,positive,1,select_coverage,3.0,exact,506,1802,382.0,1361.0,317,1139,positive,26392
101,4,114,Tic-Tac-Toe Endgame,766,2,positive,1,select_coverage,4.0,DAC,688,2466,,,516,1852,positive,18152
101,4,114,Tic-Tac-Toe Endgame,766,2,positive,1,select_coverage,4.0,exact,688,2466,516.0,1852.0,424,1538,positive,35824
101,4,114,Tic-Tac-Toe Endgame,766,2,positive,1,select_coverage_CBA_M1,,DAC,47,139,,,22,64,negative,1152
101,4,114,Tic-Tac-Toe Endgame,766,2,positive,1,select_coverage_CBA_M1,,exact,47,139,22.0,64.0,21,61,negative,1600
101,4,114,Tic-Tac-Toe Endgame,766,2,positive,2,select_coverage,1.0,exact,94,299,53.0,176.0,46,148,negative,3780
101,4,114,Tic-Tac-Toe Endgame,766,2,positive,2,select_coverage,2.0,exact,310,1083,229.0,808.0,199,704,positive,15892
101,4,114,Tic-Tac-Toe Endgame,766,2,positive,2,select_coverage,3.0,exact,506,1802,382.0,1361.0,317,1139,positive,26392
101,4,114,Tic-Tac-Toe Endgame,766,2,positive,2,select_coverage,4.0,exact,688,2466,516.0,1852.0,424,1538,positive,35824
101,4,114,Tic-Tac-Toe Endgame,766,2,positive,2,select_coverage_CBA_M1,,exact,70,212,34.0,104.0,33,101,negative,2500
101,4,133,Tic-Tac-Toe Endgame,766,2,positive,1,select_coverage,1.0,DAC,101,330,,,59,204,positive,2564
101,4,133,Tic-Tac-Toe Endgame,766,2,positive,1,select_coverage,1.0,exact,101,330,59.0,204.0,56,192,positive,4336
101,4,133,Tic-Tac-Toe Endgame,766,2,positive,1,select_coverage,2.0,DAC,316,1092,,,248,871,positive,8192
101,4,133,Tic-Tac-Toe Endgame,766,2,positive,1,select_coverage,2.0,exact,316,1092,248.0,871.0,216,761,positive,16864
101,4,133,Tic-Tac-Toe Endgame,766,2,positive,1,select_coverage,3.0,DAC,498,1757,,,388,1381,positive,13036
101,4,133,Tic-Tac-Toe Endgame,766,2,positive,1,select_coverage,3.0,exact,498,1757,388.0,1381.0,327,1168,positive,26552
101,4,133,Tic-Tac-Toe Endgame,766,2,positive,1,select_coverage,4.0,DAC,676,2432,,,518,1883,positive,17872
101,4,133,Tic-Tac-Toe Endgame,766,2,positive,1,select_coverage,4.0,exact,676,2432,518.0,1883.0,425,1557,positive,35936
101,4,133,Tic-Tac-Toe Endgame,766,2,positive,1,select_coverage_CBA_M1,,DAC,44,129,,,20,57,negative,1076
101,4,133,Tic-Tac-Toe Endgame,766,2,positive,1,select_coverage_CBA_M1,,exact,44,129,20.0,57.0,19,54,negative,1456
101,4,133,Tic-Tac-Toe Endgame,766,2,positive,2,select_coverage,1.0,exact,101,330,59.0,204.0,56,192,positive,4336
101,4,133,Tic-Tac-Toe Endgame,766,2,positive,2,select_coverage,2.0,exact,316,1092,248.0,871.0,216,761,positive,16864
101,4,133,Tic-Tac-Toe Endgame,766,2,positive,2,select_coverage,3.0,exact,498,1757,388.0,1381.0,327,1168,positive,26552
101,4,133,Tic-Tac-Toe Endgame,766,2,positive,2,select_coverage,4.0,exact,676,2432,518.0,1883.0,425,1557,positive,35936
101,4,133,Tic-Tac-Toe Endgame,766,2,positive,2,select_coverage_CBA_M1,,exact,77,235,39.0,121.0,38,118,positive,2848
101,4,138,Tic-Tac-Toe Endgame,766,2,positive,1,select_coverage,1.0,DAC,113,350,,,68,215,positive,2788
101,4,138,Tic-Tac-Toe Endgame,766,2,positive,1,select_coverage,1.0,exact,113,350,68.0,215.0,62,196,positive,4692
101,4,138,Tic-Tac-Toe Endgame,766,2,positive,1,select_coverage,2.0,DAC,318,1094,,,247,862,positive,8224
101,4,138,Tic-Tac-Toe Endgame,766,2,positive,1,select_coverage,2.0,exact,318,1094,247.0,862.0,213,748,positive,16760
101,4,138,Tic-Tac-Toe Endgame,766,2,positive,1,select_coverage,3.0,DAC,509,1794,,,393,1392,positive,13316
101,4,138,Tic-Tac-Toe Endgame,766,2,positive,1,select_coverage,3.0,exact,509,1794,393.0,1392.0,324,1157,positive,26820
101,4,138,Tic-Tac-Toe Endgame,766,2,positive,1,select_coverage,4.0,DAC,689,2464,,,523,1871,positive,18156
101,4,138,Tic-Tac-Toe Endgame,766,2,positive,1,select_coverage,4.0,exact,689,2464,523.0,1871.0,429,1547,positive,36096
101,4,138,Tic-Tac-Toe Endgame,766,2,positive,1,select_coverage_CBA_M1,,DAC,64,188,,,37,107,negative,1552
101,4,138,Tic-Tac-Toe Endgame,766,2,positive,1,select_coverage_CBA_M1,,exact,64,188,37.0,107.0,34,98,negative,2476
101,4,138,Tic-Tac-Toe Endgame,766,2,positive,2,select_coverage,1.0,exact,113,350,68.0,215.0,62,196,positive,4692
101,4,138,Tic-Tac-Toe Endgame,766,2,positive,2,select_coverage,2.0,exact,318,1094,247.0,862.0,213,748,positive,16760
101,4,138,Tic-Tac-Toe Endgame,766,2,positive,2,select_coverage,3.0,exact,509,1794,393.0,1392.0,324,1157,positive,26820
101,4,138,Tic-Tac-Toe Endgame,766,2,positive,2,select_coverage,4.0,exact,689,2464,523.0,1871.0,429,1547,positive,36096
101,4,138,Tic-Tac-Toe Endgame,766,2,positive,2,select_coverage_CBA_M1,,exact,96,291,58.0,177.0,53,162,negative,3928
101,4,148,Tic-Tac-Toe Endgame,766,2,positive,1,select_coverage,1.0,DAC,105,332,,,62,203,positive,2620
101,4,148,Tic-Tac-Toe Endgame,766,2,positive,1,select_coverage,1.0,exact,105,332,62.0,203.0,61,199,positive,4440
101,4,148,Tic-Tac-Toe Endgame,766,2,positive,1,select_coverage,2.0,DAC,315,1070,,,241,827,positive,8092
101,4,148,Tic-Tac-Toe Endgame,766,2,positive,1,select_coverage,2.0,exact,315,1070,241.0,827.0,226,777,positive,16496
101,4,148,Tic-Tac-Toe Endgame,766,2,positive,1,select_coverage,3.0,DAC,499,1700,,,382,1300,positive,12820
101,4,148,Tic-Tac-Toe Endgame,766,2,positive,1,select_coverage,3.0,exact,499,1700,382.0,1300.0,341,1166,positive,25848
101,4,148,Tic-Tac-Toe Endgame,766,2,positive,1,select_coverage,4.0,DAC,677,2355,,,522,1832,positive,17576
101,4,148,Tic-Tac-Toe Endgame,766,2,positive,1,select_coverage,4.0,exact,677,2355,522.0,1832.0,460,1623,positive,35784
101,4,148,Tic-Tac-Toe Endgame,766,2,positive,1,select_coverage_CBA_M1,,DAC,52,155,,,28,83,negative,1276
101,4,148,Tic-Tac-Toe Endgame,766,2,positive,1,select_coverage_CBA_M1,,exact,52,155,28.0,83.0,28,83,negative,1972
101,4,148,Tic-Tac-Toe Endgame,766,2,positive,2,select_coverage,1.0,exact,105,332,62.0,203.0,61,199,positive,4440
101,4,148,Tic-Tac-Toe Endgame,766,2,positive,2,select_coverage,2.0,exact,315,1070,241.0,827.0,226,777,positive,16496
101,4,148,Tic-Tac-Toe Endgame,766,2,positive,2,select_coverage,3.0,exact,499,1700,382.0,1300.0,341,1166,positive,25848
101,4,148,Tic-Tac-Toe Endgame,766,2,positive,2,select_coverage,4.0,exact,677,2355,522.0,1832.0,460,1623,positive,35784
101,4,148,Tic-Tac-Toe Endgame,766,2,positive,2,select_coverage_CBA_M1,,exact,83,256,46.0,145.0,46,145,positive,3304
101,5,5,Tic-Tac-Toe Endgame,766,2,positive,1,select_coverage,1.0,DAC,139,428,,,90,281,positive,3420
101,5,5,Tic-Tac-Toe Endgame,766,2,positive,1,select_coverage,1.0,exact,139,428,90.0,281.0,76,237,positive,5960
101,5,5,Tic-Tac-Toe Endgame,766,2,positive,1,select_coverage,2.0,DAC,348,1134,,,275,905,positive,8752
101,5,5,Tic-Tac-Toe Endgame,766,2,positive,1,select_coverage,2.0,exact,348,1134,275.0,905.0,229,752,positive,17780
101,5,5,Tic-Tac-Toe Endgame,766,2,positive,1,select_coverage,3.0,DAC,534,1805,,,412,1415,positive,13668
101,5,5,Tic-Tac-Toe Endgame,766,2,positive,1,select_coverage,3.0,exact,534,1805,412.0,1415.0,334,1145,positive,27364
101,5,5,Tic-Tac-Toe Endgame,766,2,positive,1,select_coverage,4.0,DAC,684,2368,,,531,1870,positive,17720
101,5,5,Tic-Tac-Toe Endgame,766,2,positive,1,select_coverage,4.0,exact,684,2368,531.0,1870.0,417,1473,positive,35604
101,5,5,Tic-Tac-Toe Endgame,766,2,positive,1,select_coverage_CBA_M1,,DAC,87,256,,,55,160,negative,2108
101,5,5,Tic-Tac-Toe Endgame,766,2,positive,1,select_coverage_CBA_M1,,exact,87,256,55.0,160.0,48,140,negative,3560
101,5,5,Tic-Tac-Toe Endgame,766,2,positive,2,select_coverage,1.0,exact,139,428,90.0,281.0,76,237,positive,5960
101,5,5,Tic-Tac-Toe Endgame,766,2,positive,2,select_coverage,2.0,exact,348,1134,275.0,905.0,229,752,positive,17780
101,5,5,Tic-Tac-Toe Endgame,766,2,positive,2,select_coverage,3.0,exact,534,1805,412.0,1415.0,334,1145,positive,27364
101,5,5,Tic-Tac-Toe Endgame,766,2,positive,2,select_coverage,4.0,exact,684,2368,531.0,1870.0,417,1473,positive,35604
101,5,5,Tic-Tac-Toe Endgame,766,2,positive,2,select_coverage_CBA_M1,,exact,114,340,66.0,196.0,59,176,negative,4448
101,5,14,Tic-Tac-Toe Endgame,766,2,positive,1,select_coverage,1.0,DAC,134,411,,,86,267,positive,3292
101,5,14,Tic-Tac-Toe Endgame,766,2,positive,1,select_coverage,1.0,exact,134,411,86.0,267.0,79,244,positive,5768
101,5,14,Tic-Tac-Toe Endgame,766,2,positive,1,select_coverage,2.0,DAC,349,1155,,,265,887,positive,8848
101,5,14,Tic-Tac-Toe Endgame,766,2,positive,1,select_coverage,2.0,exact,349,1155,265.0,887.0,230,775,positive,17644
101,5,14,Tic-Tac-Toe Endgame,766,2,positive,1,select_coverage,3.0,DAC,528,1795,,,402,1368,positive,13556
101,5,14,Tic-Tac-Toe Endgame,766,2,positive,1,select_coverage,3.0,exact,528,1795,402.0,1368.0,340,1169,positive,26992
101,5,14,Tic-Tac-Toe Endgame,766,2,positive,1,select_coverage,4.0,DAC,700,2400,,,530,1829,positive,18040
101,5,14,Tic-Tac-Toe Endgame,766,2,positive,1,select_coverage,4.0,exact,700,2400,530.0,1829.0,449,1564,positive,35908
101,5,14,Tic-Tac-Toe Endgame,766,2,positive,1,select_coverage_CBA_M1,,DAC,89,266,,,55,164,negative,2172
101,5,14,Tic-Tac-Toe Endgame,766,2,positive,1,select_coverage_CBA_M1,,exact,89,266,55.0,164.0,53,159,negative,3692
101,5,14,Tic-Tac-Toe Endgame,766,2,positive,2,select_coverage,1.0,exact,134,411,86.0,267.0,79,244,positive,5768
101,5,14,Tic-Tac-Toe Endgame,766,2,positive,2,select_coverage,2.0,exact,349,1155,265.0,887.0,230,775,positive,17644
101,5,14,Tic-Tac-Toe Endgame,766,2,positive,2,select_coverage,3.0,exact,528,1795,402.0,1368.0,340,1169,positive,26992
101,5,14,Tic-Tac-Toe Endgame,766,2,positive,2,select_coverage,4.0,exact,700,2400,530.0,1829.0,449,1564,positive,35908
101,5,14,Tic-Tac-Toe Endgame,766,2,positive,2,select_coverage_CBA_M1,,exact,111,336,68.0,207.0,65,198,negative,4612
101,5,17,Tic-Tac-Toe Endgame,766,2,positive,1,select_coverage,1.0,DAC,137,429,,,83,267,positive,3400
101,5,17,Tic-Tac-Toe Endgame,766,2,positive,1,select_coverage,1.0,exact,137,429,83.0,267.0,63,200,positive,5592
101,5,17,Tic-Tac-Toe Endgame,766,2,positive,1,select_coverage,2.0,DAC,366,1208,,,289,971,positive,9264
101,5,17,Tic-Tac-Toe Endgame,766,2,positive,1,select_coverage,2.0,exact,366,1208,289.0,971.0,227,769,positive,18744
101,5,17,Tic-Tac-Toe Endgame,766,2,positive,1,select_coverage,3.0,DAC,539,1823,,,424,1450,positive,13800
101,5,17,Tic-Tac-Toe Endgame,766,2,positive,1,select_coverage,3.0,exact,539,1823,424.0,1450.0,331,1147,positive,27872
101,5,17,Tic-Tac-Toe Endgame,766,2,positive,1,select_coverage,4.0,DAC,706,2438,,,554,1940,positive,18264
101,5,17,Tic-Tac-Toe Endgame,766,2,positive,1,select_coverage,4.0,exact,706,2438,554.0,1940.0,427,1512,positive,36872
101,5,17,Tic-Tac-Toe Endgame,766,2,positive,1,select_coverage_CBA_M1,,DAC,83,245,,,49,143,negative,2016
101,5,17,Tic-Tac-Toe Endgame,766,2,positive,1,select_coverage_CBA_M1,,exact,83,245,49.0,143.0,41,120,negative,3224
101,5,17,Tic-Tac-Toe Endgame,766,2,positive,2,select_coverage,1.0,exact,137,429,83.0,267.0,63,200,positive,5592
101,5,17,Tic-Tac-Toe Endgame,766,2,positive,2,select_coverage,2.0,exact,366,1208,289.0,971.0,227,769,positive,18744
101,5,17,Tic-Tac-Toe Endgame,766,2,positive,2,select_coverage,3.0,exact,539,1823,424.0,1450.0,331,1147,positive,27872
101,5,17,Tic-Tac-Toe Endgame,766,2,positive,2,select_coverage,4.0,exact,706,2438,554.0,1940.0,427,1512,positive,36872
101,5,17,Tic-Tac-Toe Endgame,766,2,positive,2,select_coverage_CBA_M1,,exact,111,331,60.0,178.0,49,145,positive,4072
101,5,19,Tic-Tac-Toe Endgame,766,2,positive,1,select_coverage,1.0,DAC,136,422,,,84,265,positive,3360
101,5,19,Tic-Tac-Toe Endgame,766,2,positive,1,select_coverage,1.0,exact,136,422,84.0,265.0,79,248,positive,5772
101,5,19,Tic-Tac-Toe Endgame,766,2,positive,1,select_coverage,2.0,DAC,355,1146,,,271,891,positive,8884
101,5,19,Tic-Tac-Toe Endgame,766,2,positive,1,select_coverage,2.0,exact,355,1146,271.0,891.0,238,790,positive,17828
101,5,19,Tic-Tac-Toe Endgame,766,2,positive,1,select_coverage,3.0,DAC,558,1842,,,430,1442,positive,14104
101,5,19,Tic-Tac-Toe Endgame,766,2,positive,1,select_coverage,3.0,exact,558,1842,430.0,1442.0,364,1228,positive,28384
101,5,19,Tic-Tac-Toe Endgame,766,2,positive,1,select_coverage,4.0,DAC,721,2443,,,553,1919,positive,18464
101,5,19,Tic-Tac-Toe Endgame,766,2,positive,1,select_coverage,4.0,exact,721,2443,553.0,1919.0,462,1610,positive,37176
101,5,19,Tic-Tac-Toe Endgame,766,2,positive,1,select_coverage_CBA_M1,,DAC,73,213,,,41,117,negative,1768
101,5,19,Tic-Tac-Toe Endgame,766,2,positive,1,select_coverage_CBA_M1,,exact,73,213,41.0,117.0,39,112,negative,2768
101,5,19,Tic-Tac-Toe Endgame,766,2,positive,2,select_coverage,1.0,exact,136,422,84.0,265.0,79,248,positive,5772
101,5,19,Tic-Tac-Toe Endgame,766,2,positive,2,select_coverage,2.0,exact,355,1146,271.0,891.0,238,790,positive,17828
101,5,19,Tic-Tac-Toe Endgame,766,2,positive,2,select_coverage,3.0,exact,558,1842,430.0,1442.0,364,1228,positive,28384
101,5,19,Tic-Tac-Toe Endgame,766,2,positive,2,select_coverage,4.0,exact,721,2443,553.0,1919.0,462,1610,positive,37176
101,5,19,Tic-Tac-Toe Endgame,766,2,positive,2,select_coverage_CBA_M1,,exact,118,356,68.0,205.0,66,200,positive,4692
101,5,29,Tic-Tac-Toe Endgame,766,2,positive,1,select_coverage,1.0,DAC,134,414,,,77,244,positive,3304
101,5,29,Tic-Tac-Toe Endgame,766,2,positive,1,select_coverage,1.0,exact,134,414,77.0,244.0,65,205,negative,5316
101,5,29,Tic-Tac-Toe Endgame,766,2,positive,1,select_coverage,2.0,DAC,339,1122,,,262,884,positive,8596
101,5,29,Tic-Tac-Toe Endgame,766,2,positive,1,select_coverage,2.0,exact,339,1122,262.0,884.0,218,739,positive,17284
101,5,29,Tic-Tac-Toe Endgame,766,2,positive,1,select_coverage,3.0,DAC,552,1869,,,436,1492,positive,14140
101,5,29,Tic-Tac-Toe Endgame,766,2,positive,1,select_coverage,3.0,exact,552,1869,436.0,1492.0,347,1195,positive,28704
101,5,29,Tic-Tac-Toe Endgame,766,2,positive,1,select_coverage,4.0,DAC,729,2503,,,553,1929,positive,18800
101,5,29,Tic-Tac-Toe Endgame,766,2,positive,1,select_coverage,4.0,exact,729,2503,553.0,1929.0,438,1544,positive,37192
101,5,29,Tic-Tac-Toe Endgame,766,2,positive,1,select_coverage_CBA_M1,,DAC,89,261,,,49,142,negative,2152
101,5,29,Tic-Tac-Toe Endgame,766,2,positive,1,select_coverage_CBA_M1,,exact,89,261,49.0,142.0,42,121,negative,3288
101,5,29,Tic-Tac-Toe Endgame,766,2,positive,2,select_coverage,1.0,exact,134,414,77.0,244.0,65,205,negative,5316
101,5,29,Tic-Tac-Toe Endgame,766,2,positive,2,select_coverage,2.0,exact,339,1122,262.0,884.0,218,739,positive,17284
101,5,29,Tic-Tac-Toe Endgame,766,2,positive,2,select_coverage,3.0,exact,552,1869,436.0,1492.0,347,1195,positive,28704
101,5,29,Tic-Tac-Toe Endgame,766,2,positive,2,select_coverage,4.0,exact,729,2503,553.0,1929.0,438,1544,positive,37192
101,5,29,Tic-Tac-Toe Endgame,766,2,positive,2,select_coverage_CBA_M1,,exact,118,354,63.0,190.0,56,169,negative,4380
101,5,31,Tic-Tac-Toe Endgame,766,2,positive,1,select_coverage,1.0,DAC,133,420,,,79,258,positive,3316
101,5,31,Tic-Tac-Toe Endgame,766,2,positive,1,select_coverage,1.0,exact,133,420,79.0,258.0,76,249,positive,5620
101,5,31,Tic-Tac-Toe Endgame,766,2,positive,1,select_coverage,2.0,DAC,364,1216,,,284,959,positive,9272
101,5,31,Tic-Tac-Toe Endgame,766,2,positive,1,select_coverage,2.0,exact,364,1216,284.0,959.0,254,860,positive,18972
101,5,31,Tic-Tac-Toe Endgame,766,2,positive,1,select_coverage,3.0,DAC,562,1915,,,432,1489,positive,14444
101,5,31,Tic-Tac-Toe Endgame,766,2,positive,1,select_coverage,3.0,exact,562,1915,432.0,1489.0,375,1304,positive,29216
101,5,31,Tic-Tac-Toe Endgame,766,2,positive,1,select_coverage,4.0,DAC,756,2604,,,574,2002,positive,19528
101,5,31,Tic-Tac-Toe Endgame,766,2,positive,1,select_coverage,4.0,exact,756,2604,574.0,2002.0,488,1718,positive,39088
101,5,31,Tic-Tac-Toe Endgame,766,2,positive,1,select_coverage_CBA_M1,,DAC,77,230,,,41,122,negative,1884
101,5,31,Tic-Tac-Toe Endgame,766,2,positive,1,select_coverage_CBA_M1,,exact,77,230,41.0,122.0,39,116,negative,2872
101,5,31,Tic-Tac-Toe Endgame,766,2,positive,2,select_coverage,1.0,exact,133,420,79.0,258.0,76,249,positive,5620
101,5,31,Tic-Tac-Toe Endgame,766,2,positive,2,select_coverage,2.0,exact,364,1216,284.0,959.0,254,860,positive,18972
101,5,31,Tic-Tac-Toe Endgame,766,2,positive,2,select_coverage,3.0,exact,562,1915,432.0,1489.0,375,1304,positive,29216
101,5,31,Tic-Tac-Toe Endgame,766,2,positive,2,select_coverage,4.0,exact,756,2604,574.0,2002.0,488,1718,positive,39088
101,5,31,Tic-Tac-Toe Endgame,766,2,positive,2,select_coverage_CBA_M1,,exact,114,353,64.0,203.0,62,197,positive,4564
101,5,34,Tic-Tac-Toe Endgame,766,2,positive,1,select_coverage,1.0,DAC,143,446,,,94,301,positive,3540
101,5,34,Tic-Tac-Toe Endgame,766,2,positive,1,select_coverage,1.0,exact,143,446,94.0,301.0,80,258,positive,6292
101,5,34,Tic-Tac-Toe Endgame,766,2,positive,1,select_coverage,2.0,DAC,378,1263,,,299,1017,positive,9628
101,5,34,Tic-Tac-Toe Endgame,766,2,positive,1,select_coverage,2.0,exact,378,1263,299.0,1017.0,251,859,positive,19748
101,5,34,Tic-Tac-Toe Endgame,766,2,positive,1,select_coverage,3.0,DAC,568,1941,,,453,1575,positive,14620
101,5,34,Tic-Tac-Toe Endgame,766,2,positive,1,select_coverage,3.0,exact,568,1941,453.0,1575.0,365,1278,positive,30064
101,5,34,Tic-Tac-Toe Endgame,766,2,positive,1,select_coverage,4.0,DAC,733,2545,,,591,2098,positive,19016
101,5,34,Tic-Tac-Toe Endgame,766,2,positive,1,select_coverage,4.0,exact,733,2545,591.0,2098.0,475,1701,positive,39576
101,5,34,Tic-Tac-Toe Endgame,766,2,positive,1,select_coverage_CBA_M1,,DAC,93,272,,,57,166,negative,2244
101,5,34,Tic-Tac-Toe Endgame,766,2,positive,1,select_coverage_CBA_M1,,exact,93,272,57.0,166.0,51,148,negative,3728
101,5,34,Tic-Tac-Toe Endgame,766,2,positive,2,select_coverage,1.0,exact,143,446,94.0,301.0,80,258,positive,6292
101,5,34,Tic-Tac-Toe Endgame,766,2,positive,2,select_coverage,2.0,exact,378,1263,299.0,1017.0,251,859,positive,19748
101,5,34,Tic-Tac-Toe Endgame,766,2,positive,2,select_coverage,3.0,exact,568,1941,453.0,1575.0,365,1278,positive,30064
101,5,34,Tic-Tac-Toe Endgame,766,2,positive,2,select_coverage,4.0,exact,733,2545,591.0,2098.0,475,1701,positive,39576
101,5,34,Tic-Tac-Toe Endgame,766,2,positive,2,select_coverage_CBA_M1,,exact,124,376,78.0,240.0,68,210,negative,5192
101,5,42,Tic-Tac-Toe Endgame,766,2,positive,1,select_coverage,1.0,DAC,131,412,,,82,266,positive,3260
101,5,42,Tic-Tac-Toe Endgame,766,2,positive,1,select_coverage,1.0,exact,131,412,82.0,266.0,71,231,positive,5620
101,5,42,Tic-Tac-Toe Endgame,766,2,positive,1,select_coverage,2.0,DAC,352,1177,,,276,934,positive,8972
101,5,42,Tic-Tac-Toe Endgame,766,2,positive,1,select_coverage,2.0,exact,352,1177,276.0,934.0,231,788,positive,18236
101,5,42,Tic-Tac-Toe Endgame,766,2,positive,1,select_coverage,3.0,DAC,567,1946,,,449,1554,positive,14628
101,5,42,Tic-Tac-Toe Endgame,766,2,positive,1,select_coverage,3.0,exact,567,1946,449.0,1554.0,368,1291,positive,29956
101,5,42,Tic-Tac-Toe Endgame,766,2,positive,1,select_coverage,4.0,DAC,749,2631,,,588,2091,positive,19552
101,5,42,Tic-Tac-Toe Endgame,766,2,positive,1,select_coverage,4.0,exact,749,2631,588.0,2091.0,480,1728,positive,39928
101,5,42,Tic-Tac-Toe Endgame,766,2,positive,1,select_coverage_CBA_M1,,DAC,92,282,,,56,175,negative,2272
101,5,42,Tic-Tac-Toe Endgame,766,2,positive,1,select_coverage_CBA_M1,,exact,92,282,56.0,175.0,49,156,negative,3812
101,5,42,Tic-Tac-Toe Endgame,766,2,positive,2,select_coverage,1.0,exact,131,412,82.0,266.0,71,231,positive,5620
101,5,42,Tic-Tac-Toe Endgame,766,2,positive,2,select_coverage,2.0,exact,352,1177,276.0,934.0,231,788,positive,18236
101,5,42,Tic-Tac-Toe Endgame,766,2,positive,2,select_coverage,3.0,exact,567,1946,449.0,1554.0,368,1291,positive,29956
101,5,42,Tic-Tac-Toe Endgame,766,2,positive,2,select_coverage,4.0,exact,749,2631,588.0,2091.0,480,1728,positive,39928
101,5,42,Tic-Tac-Toe Endgame,766,2,positive,2,select_coverage_CBA_M1,,exact,115,358,67.0,215.0,60,195,positive,4696
101,5,49,Tic-Tac-Toe Endgame,766,2,positive,1,select_coverage,1.0,DAC,139,424,,,83,256,positive,3404
101,5,49,Tic-Tac-Toe Endgame,766,2,positive,1,select_coverage,1.0,exact,139,424,83.0,256.0,77,236,positive,5672
101,5,49,Tic-Tac-Toe Endgame,766,2,positive,1,select_coverage,2.0,DAC,349,1134,,,272,895,positive,8764
101,5,49,Tic-Tac-Toe Endgame,766,2,positive,1,select_coverage,2.0,exact,349,1134,272.0,895.0,232,767,positive,17728
101,5,49,Tic-Tac-Toe Endgame,766,2,positive,1,select_coverage,3.0,DAC,530,1753,,,412,1378,positive,13412
101,5,49,Tic-Tac-Toe Endgame,766,2,positive,1,select_coverage,3.0,exact,530,1753,412.0,1378.0,341,1150,positive,27028
101,5,49,Tic-Tac-Toe Endgame,766,2,positive,1,select_coverage,4.0,DAC,703,2389,,,538,1856,positive,18032
101,5,49,Tic-Tac-Toe Endgame,766,2,positive,1,select_coverage,4.0,exact,703,2389,538.0,1856.0,436,1517,positive,35976
101,5,49,Tic-Tac-Toe Endgame,766,2,positive,1,select_coverage_CBA_M1,,DAC,89,264,,,52,153,negative,2164
101,5,49,Tic-Tac-Toe Endgame,766,2,positive,1,select_coverage_CBA_M1,,exact,89,264,52.0,153.0,50,147,negative,3520
101,5,49,Tic-Tac-Toe Endgame,766,2,positive,2,select_coverage,1.0,exact,139,424,83.0,256.0,77,236,positive,5672
101,5,49,Tic-Tac-Toe Endgame,766,2,positive,2,select_coverage,2.0,exact,349,1134,272.0,895.0,232,767,positive,17728
101,5,49,Tic-Tac-Toe Endgame,766,2,positive,2,select_coverage,3.0,exact,530,1753,412.0,1378.0,341,1150,positive,27028
101,5,49,Tic-Tac-Toe Endgame,766,2,positive,2,select_coverage,4.0,exact,703,2389,538.0,1856.0,436,1517,positive,35976
101,5,49,Tic-Tac-Toe Endgame,766,2,positive,2,select_coverage_CBA_M1,,exact,121,369,69.0,213.0,66,203,positive,4812
101,5,63,Tic-Tac-Toe Endgame,766,2,positive,1,select_coverage,1.0,DAC,140,425,,,85,260,positive,3420
101,5,63,Tic-Tac-Toe Endgame,766,2,positive,1,select_coverage,1.0,exact,140,425,85.0,260.0,79,242,positive,5764
101,5,63,Tic-Tac-Toe Endgame,766,2,positive,1,select_coverage,2.0,DAC,339,1118,,,253,842,positive,8580
101,5,63,Tic-Tac-Toe Endgame,766,2,positive,1,select_coverage,2.0,exact,339,1118,253.0,842.0,211,708,positive,16760
101,5,63,Tic-Tac-Toe Endgame,766,2,positive,1,select_coverage,3.0,DAC,538,1790,,,416,1391,positive,13656
101,5,63,Tic-Tac-Toe Endgame,766,2,positive,1,select_coverage,3.0,exact,538,1790,416.0,1391.0,340,1145,positive,27304
101,5,63,Tic-Tac-Toe Endgame,766,2,positive,1,select_coverage,4.0,DAC,725,2473,,,569,1963,positive,18632
101,5,63,Tic-Tac-Toe Endgame,766,2,positive,1,select_coverage,4.0,exact,725,2473,569.0,1963.0,464,1619,positive,37892
101,5,63,Tic-Tac-Toe Endgame,766,2,positive,1,select_coverage_CBA_M1,,DAC,83,237,,,50,139,negative,1984
101,5,63,Tic-Tac-Toe Endgame,766,2,positive,1,select_coverage_CBA_M1,,exact,83,237,50.0,139.0,46,128,negative,3232
101,5,63,Tic-Tac-Toe Endgame,766,2,positive,2,select_coverage,1.0,exact,140,425,85.0,260.0,79,242,positive,5764
101,5,63,Tic-Tac-Toe Endgame,766,2,positive,2,select_coverage,2.0,exact,339,1118,253.0,842.0,211,708,positive,16760
101,5,63,Tic-Tac-Toe Endgame,766,2,positive,2,select_coverage,3.0,exact,538,1790,416.0,1391.0,340,1145,positive,27304
101,5,63,Tic-Tac-Toe Endgame,766,2,positive,2,select_coverage,4.0,exact,725,2473,569.0,1963.0,464,1619,positive,37892
101,5,63,Tic-Tac-Toe Endgame,766,2,positive,2,select_coverage_CBA_M1,,exact,128,381,77.0,229.0,72,215,positive,5164
101,5,64,Tic-Tac-Toe Endgame,766,2,positive,1,select_coverage,1.0,DAC,129,411,,,81,267,positive,3232
101,5,64,Tic-Tac-Toe Endgame,766,2,positive,1,select_coverage,1.0,exact,129,411,81.0,267.0,73,239,negative,5628
101,5,64,Tic-Tac-Toe Endgame,766,2,positive,1,select_coverage,2.0,DAC,350,1164,,,277,932,positive,8896
101,5,64,Tic-Tac-Toe Endgame,766,2,positive,1,select_coverage,2.0,exact,350,1164,277.0,932.0,233,787,positive,18196
101,5,64,Tic-Tac-Toe Endgame,766,2,positive,1,select_coverage,3.0,DAC,550,1857,,,440,1507,positive,14068
101,5,64,Tic-Tac-Toe Endgame,766,2,positive,1,select_coverage,3.0,exact,550,1857,440.0,1507.0,359,1246,positive,29016
101,5,64,Tic-Tac-Toe Endgame,766,2,positive,1,select_coverage,4.0,DAC,719,2481,,,572,2008,positive,18592
101,5,64,Tic-Tac-Toe Endgame,766,2,positive,1,select_coverage,4.0,exact,719,2481,572.0,2008.0,457,1616,positive,38164
101,5,64,Tic-Tac-Toe Endgame,766,2,positive,1,select_coverage_CBA_M1,,DAC,68,197,,,35,98,negative,1644
101,5,64,Tic-Tac-Toe Endgame,766,2,positive,1,select_coverage_CBA_M1,,exact,68,197,35.0,98.0,33,93,negative,2408
101,5,64,Tic-Tac-Toe Endgame,766,2,positive,2,select_coverage,1.0,exact,129,411,81.0,267.0,73,239,negative,5628
101,5,64,Tic-Tac-Toe Endgame,766,2,positive,2,select_coverage,2.0,exact,350,1164,277.0,932.0,233,787,positive,18196
101,5,64,Tic-Tac-Toe Endgame,766,2,positive,2,select_coverage,3.0,exact,550,1857,440.0,1507.0,359,1246,positive,29016
101,5,64,Tic-Tac-Toe Endgame,766,2,positive,2,select_coverage,4.0,exact,719,2481,572.0,2008.0,457,1616,positive,38164
101,5,64,Tic-Tac-Toe Endgame,766,2,positive,2,select_coverage_CBA_M1,,exact,101,307,58.0,178.0,55,169,negative,4024
101,5,65,Tic-Tac-Toe Endgame,766,2,positive,1,select_coverage,1.0,DAC,140,437,,,88,281,positive,3468
101,5,65,Tic-Tac-Toe Endgame,766,2,positive,1,select_coverage,1.0,exact,140,437,88.0,281.0,79,251,negative,6004
101,5,65,Tic-Tac-Toe Endgame,766,2,positive,1,select_coverage,2.0,DAC,358,1181,,,279,934,positive,9060
101,5,65,Tic-Tac-Toe Endgame,766,2,positive,1,select_coverage,2.0,exact,358,1181,279.0,934.0,239,798,positive,18364
101,5,65,Tic-Tac-Toe Endgame,766,2,positive,1,select_coverage,3.0,DAC,549,1850,,,425,1438,positive,14028
101,5,65,Tic-Tac-Toe Endgame,766,2,positive,1,select_coverage,3.0,exact,549,1850,425.0,1438.0,360,1216,positive,28232
101,5,65,Tic-Tac-Toe Endgame,766,2,positive,1,select_coverage,4.0,DAC,741,2545,,,564,1957,positive,19112
101,5,65,Tic-Tac-Toe Endgame,766,2,positive,1,select_coverage,4.0,exact,741,2545,564.0,1957.0,467,1617,positive,38028
101,5,65,Tic-Tac-Toe Endgame,766,2,positive,1,select_coverage_CBA_M1,,DAC,91,270,,,57,168,negative,2212
101,5,65,Tic-Tac-Toe Endgame,766,2,positive,1,select_coverage_CBA_M1,,exact,91,270,57.0,168.0,52,153,negative,3748
101,5,65,Tic-Tac-Toe Endgame,766,2,positive,2,select_coverage,1.0,exact,140,437,88.0,281.0,79,251,negative,6004
101,5,65,Tic-Tac-Toe Endgame,766,2,positive,2,select_coverage,2.0,exact,358,1181,279.0,934.0,239,798,positive,18364
101,5,65,Tic-Tac-Toe Endgame,766,2,positive,2,select_coverage,3.0,exact,549,1850,425.0,1438.0,360,1216,positive,28232
101,5,65,Tic-Tac-Toe Endgame,766,2,positive,2,select_coverage,4.0,exact,741,2545,564.0,1957.0,467,1617,positive,38028
101,5,65,Tic-Tac-Toe Endgame,766,2,positive,2,select_coverage_CBA_M1,,exact,122,370,72.0,220.0,67,205,negative,4924
101,5,68,Tic-Tac-Toe Endgame,766,2,positive,1,select_coverage,1.0,DAC,134,413,,,79,249,positive,3300
101,5,68,Tic-Tac-Toe Endgame,766,2,positive,1,select_coverage,1.0,exact,134,413,79.0,249.0,75,237,positive,5508
101,5,68,Tic-Tac-Toe Endgame,766,2,positive,1,select_coverage,2.0,DAC,353,1162,,,266,884,positive,8924
101,5,68,Tic-Tac-Toe Endgame,766,2,positive,1,select_coverage,2.0,exact,353,1162,266.0,884.0,229,769,positive,17660
101,5,68,Tic-Tac-Toe Endgame,766,2,positive,1,select_coverage,3.0,DAC,542,1817,,,408,1373,positive,13812
101,5,68,Tic-Tac-Toe Endgame,766,2,positive,1,select_coverage,3.0,exact,542,1817,408.0,1373.0,342,1159,positive,27204
101,5,68,Tic-Tac-Toe Endgame,766,2,positive,1,select_coverage,4.0,DAC,721,2451,,,542,1856,positive,18496
101,5,68,Tic-Tac-Toe Endgame,766,2,positive,1,select_coverage,4.0,exact,721,2451,542.0,1856.0,450,1554,positive,36468
101,5,68,Tic-Tac-Toe Endgame,766,2,positive,1,select_coverage_CBA_M1,,DAC,89,266,,,54,162,negative,2172
101,5,68,Tic-Tac-Toe Endgame,766,2,positive,1,select_coverage_CBA_M1,,exact,89,266,54.0,162.0,52,157,negative,3652
101,5,68,Tic-Tac-Toe Endgame,766,2,positive,2,select_coverage,1.0,exact,134,413,79.0,249.0,75,237,positive,5508
101,5,68,Tic-Tac-Toe Endgame,766,2,positive,2,select_coverage,2.0,exact,353,1162,266.0,884.0,229,769,positive,17660
101,5,68,Tic-Tac-Toe Endgame,766,2,positive,2,select_coverage,3.0,exact,542,1817,408.0,1373.0,342,1159,positive,27204
101,5,68,Tic-Tac-Toe Endgame,766,2,positive,2,select_coverage,4.0,exact,721,2451,542.0,1856.0,450,1554,positive,36468
101,5,68,Tic-Tac-Toe Endgame,766,2,positive,2,select_coverage_CBA_M1,,exact,113,344,63.0,195.0,61,190,positive,4444
101,5,74,Tic-Tac-Toe Endgame,766,2,positive,1,select_coverage,1.0,DAC,130,396,,,73,225,positive,3184
101,5,74,Tic-Tac-Toe Endgame,766,2,positive,1,select_coverage,1.0,exact,130,396,73.0,225.0,67,206,positive,5076
101,5,74,Tic-Tac-Toe Endgame,766,2,positive,1,select_coverage,2.0,DAC,353,1153,,,263,870,positive,8888
101,5,74,Tic-Tac-Toe Endgame,766,2,positive,1,select_coverage,2.0,exact,353,1153,263.0,870.0,230,764,positive,17476
101,5,74,Tic-Tac-Toe Endgame,766,2,positive,1,select_coverage,3.0,DAC,531,1778,,,404,1367,positive,13524
101,5,74,Tic-Tac-Toe Endgame,766,2,positive,1,select_coverage,3.0,exact,531,1778,404.0,1367.0,342,1157,positive,26920
101,5,74,Tic-Tac-Toe Endgame,766,2,positive,1,select_coverage,4.0,DAC,718,2450,,,544,1884,positive,18456
101,5,74,Tic-Tac-Toe Endgame,766,2,positive,1,select_coverage,4.0,exact,718,2450,544.0,1884.0,453,1565,positive,36668
101,5,74,Tic-Tac-Toe Endgame,766,2,positive,1,select_coverage_CBA_M1,,DAC,77,224,,,43,122,negative,1860
101,5,74,Tic-Tac-Toe Endgame,766,2,positive,1,select_coverage_CBA_M1,,exact,77,224,43.0,122.0,40,114,negative,2888
101,5,74,Tic-Tac-Toe Endgame,766,2,positive,2,select_coverage,1.0,exact,130,396,73.0,225.0,67,206,positive,5076
101,5,74,Tic-Tac-Toe Endgame,766,2,positive,2,select_coverage,2.0,exact,353,1153,263.0,870.0,230,764,positive,17476
101,5,74,Tic-Tac-Toe Endgame,766,2,positive,2,select_coverage,3.0,exact,531,1778,404.0,1367.0,342,1157,positive,26920
101,5,74,Tic-Tac-Toe Endgame,766,2,positive,2,select_coverage,4.0,exact,718,2450,544.0,1884.0,453,1565,positive,36668
101,5,74,Tic-Tac-Toe Endgame,766,2,positive,2,select_coverage_CBA_M1,,exact,114,344,61.0,185.0,60,182,positive,4324
101,5,76,Tic-Tac-Toe Endgame,766,2,positive,1,select_coverage,1.0,DAC,126,387,,,72,226,positive,3100
101,5,76,Tic-Tac-Toe Endgame,766,2,positive,1,select_coverage,1.0,exact,126,387,72.0,226.0,68,215,negative,5056
101,5,76,Tic-Tac-Toe Endgame,766,2,positive,1,select_coverage,2.0,DAC,337,1118,,,260,872,positive,8556
101,5,76,Tic-Tac-Toe Endgame,766,2,positive,1,select_coverage,2.0,exact,337,1118,260.0,872.0,216,738,positive,17168
101,5,76,Tic-Tac-Toe Endgame,766,2,positive,1,select_coverage,3.0,DAC,531,1804,,,416,1422,positive,13628
101,5,76,Tic-Tac-Toe Endgame,766,2,positive,1,select_coverage,3.0,exact,531,1804,416.0,1422.0,344,1197,positive,27692
101,5,76,Tic-Tac-Toe Endgame,766,2,positive,1,select_coverage,4.0,DAC,712,2450,,,552,1909,positive,18384
101,5,76,Tic-Tac-Toe Endgame,766,2,positive,1,select_coverage,4.0,exact,712,2450,552.0,1909.0,454,1597,positive,37088
101,5,76,Tic-Tac-Toe Endgame,766,2,positive,1,select_coverage_CBA_M1,,DAC,71,206,,,40,114,negative,1716
101,5,76,Tic-Tac-Toe Endgame,766,2,positive,1,select_coverage_CBA_M1,,exact,71,206,40.0,114.0,37,106,negative,2680
101,5,76,Tic-Tac-Toe Endgame,766,2,positive,2,select_coverage,1.0,exact,126,387,72.0,226.0,68,215,negative,5056
101,5,76,Tic-Tac-Toe Endgame,766,2,positive,2,select_coverage,2.0,exact,337,1118,260.0,872.0,216,738,positive,17168
101,5,76,Tic-Tac-Toe Endgame,766,2,positive,2,select_coverage,3.0,exact,531,1804,416.0,1422.0,344,1197,positive,27692
101,5,76,Tic-Tac-Toe Endgame,766,2,positive,2,select_coverage,4.0,exact,712,2450,552.0,1909.0,454,1597,positive,37088
101,5,76,Tic-Tac-Toe Endgame,766,2,positive,2,select_coverage_CBA_M1,,exact,117,356,65.0,201.0,62,193,negative,4576
101,5,100,Tic-Tac-Toe Endgame,766,2,positive,1,select_coverage,1.0,DAC,155,474,,,98,304,positive,3796
101,5,100,Tic-Tac-Toe Endgame,766,2,positive,1,select_coverage,1.0,exact,155,474,98.0,304.0,86,268,positive,6552
101,5,100,Tic-Tac-Toe Endgame,766,2,positive,1,select_coverage,2.0,DAC,368,1201,,,290,956,positive,9260
101,5,100,Tic-Tac-Toe Endgame,766,2,positive,1,select_coverage,2.0,exact,368,1201,290.0,956.0,241,804,positive,18820
101,5,100,Tic-Tac-Toe Endgame,766,2,positive,1,select_coverage,3.0,DAC,573,1906,,,446,1487,positive,14540
101,5,100,Tic-Tac-Toe Endgame,766,2,positive,1,select_coverage,3.0,exact,573,1906,444.0,1481.0,369,1248,positive,29212
101,5,100,Tic-Tac-Toe Endgame,766,2,positive,1,select_coverage,4.0,DAC,751,2519,,,582,1957,positive,19128
101,5,100,Tic-Tac-Toe Endgame,766,2,positive,1,select_coverage,4.0,exact,751,2519,580.0,1951.0,476,1622,positive,38304
101,5,100,Tic-Tac-Toe Endgame,766,2,positive,1,select_coverage_CBA_M1,,DAC,88,252,,,55,154,negative,2104
101,5,100,Tic-Tac-Toe Endgame,766,2,positive,1,select_coverage_CBA_M1,,exact,88,252,55.0,154.0,50,141,negative,3524
101,5,100,Tic-Tac-Toe Endgame,766,2,positive,2,select_coverage,1.0,exact,155,474,98.0,304.0,86,268,positive,6552
101,5,100,Tic-Tac-Toe Endgame,766,2,positive,2,select_coverage,2.0,exact,368,1201,290.0,956.0,241,804,positive,18820
101,5,100,Tic-Tac-Toe Endgame,766,2,positive,2,select_coverage,3.0,exact,573,1906,444.0,1481.0,369,1248,positive,29212
101,5,100,Tic-Tac-Toe Endgame,766,2,positive,2,select_coverage,4.0,exact,751,2519,580.0,1951.0,476,1622,positive,38304
101,5,100,Tic-Tac-Toe Endgame,766,2,positive,2,select_coverage_CBA_M1,,exact,133,398,83.0,249.0,76,229,positive,5512
101,5,114,Tic-Tac-Toe Endgame,766,2,positive,1,select_coverage,1.0,DAC,133,408,,,79,246,positive,3268
101,5,114,Tic-Tac-Toe Endgame,766,2,positive,1,select_coverage,1.0,exact,133,408,79.0,246.0,75,234,positive,5464
101,5,114,Tic-Tac-Toe Endgame,766,2,positive,1,select_coverage,2.0,DAC,351,1168,,,268,901,positive,8924
101,5,114,Tic-Tac-Toe Endgame,766,2,positive,1,select_coverage,2.0,exact,351,1168,268.0,901.0,231,780,positive,17844
101,5,114,Tic-Tac-Toe Endgame,766,2,positive,1,select_coverage,3.0,DAC,544,1842,,,417,1414,positive,13936
101,5,114,Tic-Tac-Toe Endgame,766,2,positive,1,select_coverage,3.0,exact,544,1842,417.0,1414.0,347,1196,positive,27832
101,5,114,Tic-Tac-Toe Endgame,766,2,positive,1,select_coverage,4.0,DAC,728,2501,,,552,1909,positive,18780
101,5,114,Tic-Tac-Toe Endgame,766,2,positive,1,select_coverage,4.0,exact,728,2501,552.0,1909.0,463,1622,positive,37392
101,5,114,Tic-Tac-Toe Endgame,766,2,positive,1,select_coverage_CBA_M1,,DAC,72,204,,,39,106,negative,1720
101,5,114,Tic-Tac-Toe Endgame,766,2,positive,1,select_coverage_CBA_M1,,exact,72,204,39.0,106.0,38,103,negative,2604
101,5,114,Tic-Tac-Toe Endgame,766,2,positive,2,select_coverage,1.0,exact,133,408,79.0,246.0,75,234,positive,5464
101,5,114,Tic-Tac-Toe Endgame,766,2,positive,2,select_coverage,2.0,exact,351,1168,268.0,901.0,231,780,positive,17844
101,5,114,Tic-Tac-Toe Endgame,766,2,positive,2,select_coverage,3.0,exact,544,1842,417.0,1414.0,347,1196,positive,27832
101,5,114,Tic-Tac-Toe Endgame,766,2,positive,2,select_coverage,4.0,exact,728,2501,552.0,1909.0,463,1622,positive,37392
101,5,114,Tic-Tac-Toe Endgame,766,2,positive,2,select_coverage_CBA_M1,,exact,110,329,63.0,189.0,62,186,positive,4344
101,5,133,Tic-Tac-Toe Endgame,766,2,positive,1,select_coverage,1.0,DAC,137,440,,,83,279,positive,3444
101,5,133,Tic-Tac-Toe Endgame,766,2,positive,1,select_coverage,1.0,exact,137,440,83.0,279.0,77,261,positive,5928
101,5,133,Tic-Tac-Toe Endgame,766,2,positive,1,select_coverage,2.0,DAC,353,1180,,,276,942,positive,8996
101,5,133,Tic-Tac-Toe Endgame,766,2,positive,1,select_coverage,2.0,exact,353,1180,276.0,942.0,238,816,positive,18392
101,5,133,Tic-Tac-Toe Endgame,766,2,positive,1,select_coverage,3.0,DAC,539,1829,,,416,1434,positive,13824
101,5,133,Tic-Tac-Toe Endgame,766,2,positive,1,select_coverage,3.0,exact,539,1829,416.0,1434.0,346,1197,positive,27840
101,5,133,Tic-Tac-Toe Endgame,766,2,positive,1,select_coverage,4.0,DAC,716,2477,,,556,1973,positive,18540
101,5,133,Tic-Tac-Toe Endgame,766,2,positive,1,select_coverage,4.0,exact,716,2477,556.0,1973.0,448,1597,positive,37548
101,5,133,Tic-Tac-Toe Endgame,766,2,positive,1,select_coverage_CBA_M1,,DAC,65,187,,,32,89,negative,1568
101,5,133,Tic-Tac-Toe Endgame,766,2,positive,1,select_coverage_CBA_M1,,exact,65,187,32.0,89.0,29,81,negative,2212
101,5,133,Tic-Tac-Toe Endgame,766,2,positive,2,select_coverage,1.0,exact,137,440,83.0,279.0,77,261,positive,5928
101,5,133,Tic-Tac-Toe Endgame,766,2,positive,2,select_coverage,2.0,exact,353,1180,276.0,942.0,238,816,positive,18392
101,5,133,Tic-Tac-Toe Endgame,766,2,positive,2,select_coverage,3.0,exact,539,1829,416.0,1434.0,346,1197,positive,27840
101,5,133,Tic-Tac-Toe Endgame,766,2,positive,2,select_coverage,4.0,exact,716,2477,556.0,1973.0,448,1597,positive,37548
101,5,133,Tic-Tac-Toe Endgame,766,2,positive,2,select_coverage_CBA_M1,,exact,114,356,65.0,210.0,61,199,positive,4636
101,5,138,Tic-Tac-Toe Endgame,766,2,positive,1,select_coverage,1.0,DAC,144,439,,,88,272,positive,3524
101,5,138,Tic-Tac-Toe Endgame,766,2,positive,1,select_coverage,1.0,exact,144,439,88.0,272.0,75,231,positive,5896
101,5,138,Tic-Tac-Toe Endgame,766,2,positive,1,select_coverage,2.0,DAC,361,1196,,,274,921,positive,9156
101,5,138,Tic-Tac-Toe Endgame,766,2,positive,1,select_coverage,2.0,exact,361,1196,274.0,921.0,231,784,positive,18196
101,5,138,Tic-Tac-Toe Endgame,766,2,positive,1,select_coverage,3.0,DAC,555,1874,,,430,1463,positive,14196
101,5,138,Tic-Tac-Toe Endgame,766,2,positive,1,select_coverage,3.0,exact,555,1874,430.0,1463.0,346,1192,positive,28452
101,5,138,Tic-Tac-Toe Endgame,766,2,positive,1,select_coverage,4.0,DAC,748,2556,,,577,1986,positive,19240
101,5,138,Tic-Tac-Toe Endgame,766,2,positive,1,select_coverage,4.0,exact,748,2556,577.0,1986.0,454,1588,positive,38384
101,5,138,Tic-Tac-Toe Endgame,766,2,positive,1,select_coverage_CBA_M1,,DAC,99,291,,,66,193,negative,2392
101,5,138,Tic-Tac-Toe Endgame,766,2,positive,1,select_coverage_CBA_M1,,exact,99,291,66.0,193.0,60,177,positive,4244
101,5,138,Tic-Tac-Toe Endgame,766,2,positive,2,select_coverage,1.0,exact,144,439,88.0,272.0,75,231,positive,5896
101,5,138,Tic-Tac-Toe Endgame,766,2,positive,2,select_coverage,2.0,exact,361,1196,274.0,921.0,231,784,positive,18196
101,5,138,Tic-Tac-Toe Endgame,766,2,positive,2,select_coverage,3.0,exact,555,1874,430.0,1463.0,346,1192,positive,28452
101,5,138,Tic-Tac-Toe Endgame,766,2,positive,2,select_coverage,4.0,exact,748,2556,577.0,1986.0,454,1588,positive,38384
101,5,138,Tic-Tac-Toe Endgame,766,2,positive,2,select_coverage_CBA_M1,,exact,130,389,78.0,234.0,70,211,positive,5224
101,5,148,Tic-Tac-Toe Endgame,766,2,positive,1,select_coverage,1.0,DAC,138,434,,,84,272,positive,3432
101,5,148,Tic-Tac-Toe Endgame,766,2,positive,1,select_coverage,1.0,exact,138,434,84.0,272.0,79,256,positive,5880
101,5,148,Tic-Tac-Toe Endgame,766,2,positive,1,select_coverage,2.0,DAC,360,1190,,,277,931,negative,9120
101,5,148,Tic-Tac-Toe Endgame,766,2,positive,1,select_coverage,2.0,exact,360,1190,277.0,931.0,243,821,positive,18432
101,5,148,Tic-Tac-Toe Endgame,766,2,positive,1,select_coverage,3.0,DAC,561,1878,,,421,1423,positive,14284
101,5,148,Tic-Tac-Toe Endgame,766,2,positive,1,select_coverage,3.0,exact,561,1878,421.0,1423.0,360,1225,positive,28224
101,5,148,Tic-Tac-Toe Endgame,766,2,positive,1,select_coverage,4.0,DAC,736,2505,,,554,1912,positive,18892
101,5,148,Tic-Tac-Toe Endgame,766,2,positive,1,select_coverage,4.0,exact,736,2505,554.0,1912.0,468,1633,positive,37512
101,5,148,Tic-Tac-Toe Endgame,766,2,positive,1,select_coverage_CBA_M1,,DAC,77,219,,,42,115,negative,1840
101,5,148,Tic-Tac-Toe Endgame,766,2,positive,1,select_coverage_CBA_M1,,exact,77,219,42.0,115.0,40,110,negative,2800
101,5,148,Tic-Tac-Toe Endgame,766,2,positive,2,select_coverage,1.0,exact,138,434,84.0,272.0,79,256,positive,5880
101,5,148,Tic-Tac-Toe Endgame,766,2,positive,2,select_coverage,2.0,exact,360,1190,277.0,931.0,243,821,positive,18432
101,5,148,Tic-Tac-Toe Endgame,766,2,positive,2,select_coverage,3.0,exact,561,1878,421.0,1423.0,360,1225,positive,28224
101,5,148,Tic-Tac-Toe Endgame,766,2,positive,2,select_coverage,4.0,exact,736,2505,554.0,1912.0,468,1633,positive,37512
101,5,148,Tic-Tac-Toe Endgame,766,2,positive,2,select_coverage_CBA_M1,,exact,125,386,74.0,234.0,70,221,positive,5156
101,6,5,Tic-Tac-Toe Endgame,766,2,positive,1,select_coverage,1.0,DAC,178,544,,,121,373,positive,4360
101,6,5,Tic-Tac-Toe Endgame,766,2,positive,1,select_coverage,1.0,exact,178,544,121.0,373.0,100,307,positive,7816
101,6,5,Tic-Tac-Toe Endgame,766,2,positive,1,select_coverage,2.0,DAC,394,1278,,,309,1022,positive,9888
101,6,5,Tic-Tac-Toe Endgame,766,2,positive,1,select_coverage,2.0,exact,394,1278,309.0,1022.0,247,825,positive,19932
101,6,5,Tic-Tac-Toe Endgame,766,2,positive,1,select_coverage,3.0,DAC,587,1954,,,468,1589,positive,14908
101,6,5,Tic-Tac-Toe Endgame,766,2,positive,1,select_coverage,3.0,exact,587,1954,468.0,1589.0,367,1259,positive,30456
101,6,5,Tic-Tac-Toe Endgame,766,2,positive,1,select_coverage,4.0,DAC,755,2588,,,606,2118,positive,19460
101,6,5,Tic-Tac-Toe Endgame,766,2,positive,1,select_coverage,4.0,exact,755,2588,606.0,2118.0,463,1631,positive,39908
101,6,5,Tic-Tac-Toe Endgame,766,2,positive,1,select_coverage_CBA_M1,,DAC,142,428,,,95,287,negative,3464
101,6,5,Tic-Tac-Toe Endgame,766,2,positive,1,select_coverage_CBA_M1,,exact,142,428,95.0,287.0,80,241,positive,6120
101,6,5,Tic-Tac-Toe Endgame,766,2,positive,2,select_coverage,1.0,exact,178,544,121.0,373.0,100,307,positive,7816
101,6,5,Tic-Tac-Toe Endgame,766,2,positive,2,select_coverage,2.0,exact,394,1278,309.0,1022.0,247,825,positive,19932
101,6,5,Tic-Tac-Toe Endgame,766,2,positive,2,select_coverage,3.0,exact,587,1954,468.0,1589.0,367,1259,positive,30456
101,6,5,Tic-Tac-Toe Endgame,766,2,positive,2,select_coverage,4.0,exact,755,2588,606.0,2118.0,463,1631,positive,39908
101,6,5,Tic-Tac-Toe Endgame,766,2,positive,2,select_coverage_CBA_M1,,exact,166,507,111.0,342.0,93,286,positive,7220
101,6,14,Tic-Tac-Toe Endgame,766,2,positive,1,select_coverage,1.0,DAC,167,511,,,106,331,positive,4096
101,6,14,Tic-Tac-Toe Endgame,766,2,positive,1,select_coverage,1.0,exact,167,511,106.0,331.0,96,299,positive,7124
101,6,14,Tic-Tac-Toe Endgame,766,2,positive,1,select_coverage,2.0,DAC,384,1230,,,289,946,positive,9576
101,6,14,Tic-Tac-Toe Endgame,766,2,positive,1,select_coverage,2.0,exact,384,1230,289.0,946.0,242,800,positive,18856
101,6,14,Tic-Tac-Toe Endgame,766,2,positive,1,select_coverage,3.0,DAC,579,1899,,,460,1539,positive,14592
101,6,14,Tic-Tac-Toe Endgame,766,2,positive,1,select_coverage,3.0,exact,579,1899,460.0,1539.0,368,1243,positive,29780
101,6,14,Tic-Tac-Toe Endgame,766,2,positive,1,select_coverage,4.0,DAC,750,2512,,,590,2023,positive,19096
101,6,14,Tic-Tac-Toe Endgame,766,2,positive,1,select_coverage,4.0,exact,750,2512,590.0,2023.0,468,1616,positive,38780
101,6,14,Tic-Tac-Toe Endgame,766,2,positive,1,select_coverage_CBA_M1,,DAC,102,292,,,63,178,negative,2440
101,6,14,Tic-Tac-Toe Endgame,766,2,positive,1,select_coverage_CBA_M1,,exact,102,292,63.0,178.0,57,161,negative,4052
101,6,14,Tic-Tac-Toe Endgame,766,2,positive,2,select_coverage,1.0,exact,167,511,106.0,331.0,96,299,positive,7124
101,6,14,Tic-Tac-Toe Endgame,766,2,positive,2,select_coverage,2.0,exact,384,1230,289.0,946.0,242,800,positive,18856
101,6,14,Tic-Tac-Toe Endgame,766,2,positive,2,select_coverage,3.0,exact,579,1899,460.0,1539.0,368,1243,positive,29780
101,6,14,Tic-Tac-Toe Endgame,766,2,positive,2,select_coverage,4.0,exact,750,2512,590.0,2023.0,468,1616,positive,38780
101,6,14,Tic-Tac-Toe Endgame,766,2,positive,2,select_coverage_CBA_M1,,exact,146,438,90.0,273.0,81,244,positive,5996
101,6,17,Tic-Tac-Toe Endgame,766,2,positive,1,select_coverage,1.0,DAC,166,509,,,112,349,positive,4076
101,6,17,Tic-Tac-Toe Endgame,766,2,positive,1,select_coverage,1.0,exact,166,509,112.0,349.0,96,300,positive,7336
101,6,17,Tic-Tac-Toe Endgame,766,2,positive,1,select_coverage,2.0,DAC,387,1257,,,303,1000,positive,9720
101,6,17,Tic-Tac-Toe Endgame,766,2,positive,1,select_coverage,2.0,exact,387,1257,303.0,1000.0,241,816,positive,19580
101,6,17,Tic-Tac-Toe Endgame,766,2,positive,1,select_coverage,3.0,DAC,579,1927,,,461,1564,positive,14704
101,6,17,Tic-Tac-Toe Endgame,766,2,positive,1,select_coverage,3.0,exact,579,1927,460.0,1561.0,361,1250,positive,30008
101,6,17,Tic-Tac-Toe Endgame,766,2,positive,1,select_coverage,4.0,DAC,738,2533,,,589,2066,positive,19036
101,6,17,Tic-Tac-Toe Endgame,766,2,positive,1,select_coverage,4.0,exact,738,2533,588.0,2063.0,444,1585,positive,38852
101,6,17,Tic-Tac-Toe Endgame,766,2,positive,1,select_coverage_CBA_M1,,DAC,136,416,,,92,284,negative,3344
101,6,17,Tic-Tac-Toe Endgame,766,2,positive,1,select_coverage_CBA_M1,,exact,136,416,92.0,284.0,81,249,positive,6020
101,6,17,Tic-Tac-Toe Endgame,766,2,positive,2,select_coverage,1.0,exact,166,509,112.0,349.0,96,300,positive,7336
101,6,17,Tic-Tac-Toe Endgame,766,2,positive,2,select_coverage,2.0,exact,387,1257,303.0,1000.0,241,816,positive,19580
101,6,17,Tic-Tac-Toe Endgame,766,2,positive,2,select_coverage,3.0,exact,579,1927,460.0,1561.0,361,1250,positive,30008
101,6,17,Tic-Tac-Toe Endgame,766,2,positive,2,select_coverage,4.0,exact,738,2533,588.0,2063.0,444,1585,positive,38852
101,6,17,Tic-Tac-Toe Endgame,766,2,positive,2,select_coverage_CBA_M1,,exact,150,460,100.0,310.0,89,275,positive,6596
101,6,19,Tic-Tac-Toe Endgame,766,2,positive,1,select_coverage,1.0,DAC,178,552,,,125,394,positive,4392
101,6,19,Tic-Tac-Toe Endgame,766,2,positive,1,select_coverage,1.0,exact,178,552,125.0,394.0,111,356,positive,8224
101,6,19,Tic-Tac-Toe Endgame,766,2,positive,1,select_coverage,2.0,DAC,381,1214,,,290,942,positive,9476
101,6,19,Tic-Tac-Toe Endgame,766,2,positive,1,select_coverage,2.0,exact,381,1214,290.0,942.0,243,800,positive,18800
101,6,19,Tic-Tac-Toe Endgame,766,2,positive,1,select_coverage,3.0,DAC,570,1850,,,441,1468,positive,14288
101,6,19,Tic-Tac-Toe Endgame,766,2,positive,1,select_coverage,3.0,exact,570,1850,440.0,1465.0,369,1237,positive,28784
101,6,19,Tic-Tac-Toe Endgame,766,2,positive,1,select_coverage,4.0,DAC,732,2422,,,569,1933,positive,18520
101,6,19,Tic-Tac-Toe Endgame,766,2,positive,1,select_coverage,4.0,exact,732,2422,568.0,1930.0,469,1602,positive,37464
101,6,19,Tic-Tac-Toe Endgame,766,2,positive,1,select_coverage_CBA_M1,,DAC,98,280,,,59,164,negative,2344
101,6,19,Tic-Tac-Toe Endgame,766,2,positive,1,select_coverage_CBA_M1,,exact,98,280,59.0,164.0,47,132,negative,3736
101,6,19,Tic-Tac-Toe Endgame,766,2,positive,2,select_coverage,1.0,exact,178,552,125.0,394.0,111,356,positive,8224
101,6,19,Tic-Tac-Toe Endgame,766,2,positive,2,select_coverage,2.0,exact,381,1214,290.0,942.0,243,800,positive,18800
101,6,19,Tic-Tac-Toe Endgame,766,2,positive,2,select_coverage,3.0,exact,570,1850,440.0,1465.0,369,1237,positive,28784
101,6,19,Tic-Tac-Toe Endgame,766,2,positive,2,select_coverage,4.0,exact,732,2422,568.0,1930.0,469,1602,positive,37464
101,6,19,Tic-Tac-Toe Endgame,766,2,positive,2,select_coverage_CBA_M1,,exact,148,447,98.0,298.0,85,262,positive,6396
101,6,29,Tic-Tac-Toe Endgame,766,2,positive,1,select_coverage,1.0,DAC,186,567,,,125,387,positive,4548
101,6,29,Tic-Tac-Toe Endgame,766,2,positive,1,select_coverage,1.0,exact,186,567,125.0,387.0,108,337,positive,8180
101,6,29,Tic-Tac-Toe Endgame,766,2,positive,1,select_coverage,2.0,DAC,391,1245,,,297,962,positive,9720
101,6,29,Tic-Tac-Toe Endgame,766,2,positive,1,select_coverage,2.0,exact,391,1245,297.0,962.0,252,821,positive,19256
101,6,29,Tic-Tac-Toe Endgame,766,2,positive,1,select_coverage,3.0,DAC,583,1915,,,451,1513,positive,14704
101,6,29,Tic-Tac-Toe Endgame,766,2,positive,1,select_coverage,3.0,exact,583,1915,451.0,1513.0,378,1278,positive,29664
101,6,29,Tic-Tac-Toe Endgame,766,2,positive,1,select_coverage,4.0,DAC,758,2580,,,587,2049,positive,19464
101,6,29,Tic-Tac-Toe Endgame,766,2,positive,1,select_coverage,4.0,exact,758,2580,587.0,2049.0,479,1683,positive,39352
101,6,29,Tic-Tac-Toe Endgame,766,2,positive,1,select_coverage_CBA_M1,,DAC,155,469,,,105,322,negative,3784
101,6,29,Tic-Tac-Toe Endgame,766,2,positive,1,select_coverage_CBA_M1,,exact,155,469,105.0,322.0,88,272,positive,6788
101,6,29,Tic-Tac-Toe Endgame,766,2,positive,2,select_coverage,1.0,exact,186,567,125.0,387.0,108,337,positive,8180
101,6,29,Tic-Tac-Toe Endgame,766,2,positive,2,select_coverage,2.0,exact,391,1245,297.0,962.0,252,821,positive,19256
101,6,29,Tic-Tac-Toe Endgame,766,2,positive,2,select_coverage,3.0,exact,583,1915,451.0,1513.0,378,1278,positive,29664
101,6,29,Tic-Tac-Toe Endgame,766,2,positive,2,select_coverage,4.0,exact,758,2580,587.0,2049.0,479,1683,positive,39352
101,6,29,Tic-Tac-Toe Endgame,766,2,positive,2,select_coverage_CBA_M1,,exact,177,540,117.0,363.0,100,313,positive,7688
101,6,31,Tic-Tac-Toe Endgame,766,2,positive,1,select_coverage,1.0,DAC,176,541,,,110,344,positive,4324
101,6,31,Tic-Tac-Toe Endgame,766,2,positive,1,select_coverage,1.0,exact,176,541,110.0,344.0,93,294,positive,7372
101,6,31,Tic-Tac-Toe Endgame,766,2,positive,1,select_coverage,2.0,DAC,396,1285,,,293,961,positive,9940
101,6,31,Tic-Tac-Toe Endgame,766,2,positive,1,select_coverage,2.0,exact,396,1285,293.0,961.0,242,804,positive,19248
101,6,31,Tic-Tac-Toe Endgame,766,2,positive,1,select_coverage,3.0,DAC,592,1935,,,446,1477,positive,14892
101,6,31,Tic-Tac-Toe Endgame,766,2,positive,1,select_coverage,3.0,exact,592,1935,446.0,1477.0,360,1214,positive,29224
101,6,31,Tic-Tac-Toe Endgame,766,2,positive,1,select_coverage,4.0,DAC,758,2499,,,570,1903,positive,19140
101,6,31,Tic-Tac-Toe Endgame,766,2,positive,1,select_coverage,4.0,exact,758,2499,570.0,1903.0,461,1564,positive,37560
101,6,31,Tic-Tac-Toe Endgame,766,2,positive,1,select_coverage_CBA_M1,,DAC,99,283,,,54,149,negative,2368
101,6,31,Tic-Tac-Toe Endgame,766,2,positive,1,select_coverage_CBA_M1,,exact,99,283,54.0,149.0,45,125,negative,3540
101,6,31,Tic-Tac-Toe Endgame,766,2,positive,2,select_coverage,1.0,exact,176,541,110.0,344.0,93,294,positive,7372
101,6,31,Tic-Tac-Toe Endgame,766,2,positive,2,select_coverage,2.0,exact,396,1285,293.0,961.0,242,804,positive,19248
101,6,31,Tic-Tac-Toe Endgame,766,2,positive,2,select_coverage,3.0,exact,592,1935,446.0,1477.0,360,1214,positive,29224
101,6,31,Tic-Tac-Toe Endgame,766,2,positive,2,select_coverage,4.0,exact,758,2499,570.0,1903.0,461,1564,positive,37560
101,6,31,Tic-Tac-Toe Endgame,766,2,positive,2,select_coverage_CBA_M1,,exact,144,426,84.0,247.0,71,209,positive,5560
101,6,34,Tic-Tac-Toe Endgame,766,2,positive,1,select_coverage,1.0,DAC,176,545,,,121,378,positive,4340
101,6,34,Tic-Tac-Toe Endgame,766,2,positive,1,select_coverage,1.0,exact,176,545,121.0,378.0,101,317,positive,7880
101,6,34,Tic-Tac-Toe Endgame,766,2,positive,1,select_coverage,2.0,DAC,396,1269,,,313,1029,positive,9876
101,6,34,Tic-Tac-Toe Endgame,766,2,positive,1,select_coverage,2.0,exact,396,1269,313.0,1029.0,251,830,positive,20040
101,6,34,Tic-Tac-Toe Endgame,766,2,positive,1,select_coverage,3.0,DAC,585,1921,,,468,1580,positive,14752
101,6,34,Tic-Tac-Toe Endgame,766,2,positive,1,select_coverage,3.0,exact,585,1921,468.0,1580.0,361,1224,positive,30148
101,6,34,Tic-Tac-Toe Endgame,766,2,positive,1,select_coverage,4.0,DAC,740,2493,,,583,2032,positive,18900
101,6,34,Tic-Tac-Toe Endgame,766,2,positive,1,select_coverage,4.0,exact,740,2493,583.0,2032.0,454,1592,positive,38476
101,6,34,Tic-Tac-Toe Endgame,766,2,positive,1,select_coverage_CBA_M1,,DAC,135,415,,,92,286,negative,3328
101,6,34,Tic-Tac-Toe Endgame,766,2,positive,1,select_coverage_CBA_M1,,exact,135,415,92.0,286.0,79,244,positive,6004
101,6,34,Tic-Tac-Toe Endgame,766,2,positive,2,select_coverage,1.0,exact,176,545,121.0,378.0,101,317,positive,7880
101,6,34,Tic-Tac-Toe Endgame,766,2,positive,2,select_coverage,2.0,exact,396,1269,313.0,1029.0,251,830,positive,20040
101,6,34,Tic-Tac-Toe Endgame,766,2,positive,2,select_coverage,3.0,exact,585,1921,468.0,1580.0,361,1224,positive,30148
101,6,34,Tic-Tac-Toe Endgame,766,2,positive,2,select_coverage,4.0,exact,740,2493,583.0,2032.0,454,1592,positive,38476
101,6,34,Tic-Tac-Toe Endgame,766,2,positive,2,select_coverage_CBA_M1,,exact,165,515,112.0,354.0,94,297,positive,7368
101,6,42,Tic-Tac-Toe Endgame,766,2,positive,1,select_coverage,1.0,DAC,159,474,,,106,320,positive,3852
101,6,42,Tic-Tac-Toe Endgame,766,2,positive,1,select_coverage,1.0,exact,159,474,106.0,320.0,89,270,positive,6816
101,6,42,Tic-Tac-Toe Endgame,766,2,positive,1,select_coverage,2.0,DAC,368,1179,,,285,928,positive,9180
101,6,42,Tic-Tac-Toe Endgame,766,2,positive,1,select_coverage,2.0,exact,368,1179,285.0,928.0,239,783,positive,18416
101,6,42,Tic-Tac-Toe Endgame,766,2,positive,1,select_coverage,3.0,DAC,576,1920,,,461,1557,positive,14640
101,6,42,Tic-Tac-Toe Endgame,766,2,positive,1,select_coverage,3.0,exact,576,1920,461.0,1557.0,380,1295,positive,30168
101,6,42,Tic-Tac-Toe Endgame,766,2,positive,1,select_coverage,4.0,DAC,764,2603,,,603,2105,positive,19628
101,6,42,Tic-Tac-Toe Endgame,766,2,positive,1,select_coverage,4.0,exact,764,2603,603.0,2105.0,494,1740,positive,40280
101,6,42,Tic-Tac-Toe Endgame,766,2,positive,1,select_coverage_CBA_M1,,DAC,120,350,,,77,225,negative,2888
101,6,42,Tic-Tac-Toe Endgame,766,2,positive,1,select_coverage_CBA_M1,,exact,120,350,77.0,225.0,65,193,positive,4936
101,6,42,Tic-Tac-Toe Endgame,766,2,positive,2,select_coverage,1.0,exact,159,474,106.0,320.0,89,270,positive,6816
101,6,42,Tic-Tac-Toe Endgame,766,2,positive,2,select_coverage,2.0,exact,368,1179,285.0,928.0,239,783,positive,18416
101,6,42,Tic-Tac-Toe Endgame,766,2,positive,2,select_coverage,3.0,exact,576,1920,461.0,1557.0,380,1295,positive,30168
101,6,42,Tic-Tac-Toe Endgame,766,2,positive,2,select_coverage,4.0,exact,764,2603,603.0,2105.0,494,1740,positive,40280
101,6,42,Tic-Tac-Toe Endgame,766,2,positive,2,select_coverage_CBA_M1,,exact,141,421,91.0,274.0,79,242,positive,5948
101,6,49,Tic-Tac-Toe Endgame,766,2,positive,1,select_coverage,1.0,DAC,170,513,,,106,320,positive,4140
101,6,49,Tic-Tac-Toe Endgame,766,2,positive,1,select_coverage,1.0,exact,170,513,106.0,320.0,91,282,positive,7020
101,6,49,Tic-Tac-Toe Endgame,766,2,positive,1,select_coverage,2.0,DAC,386,1237,,,292,951,positive,9628
101,6,49,Tic-Tac-Toe Endgame,766,2,positive,1,select_coverage,2.0,exact,386,1237,291.0,949.0,241,802,positive,18952
101,6,49,Tic-Tac-Toe Endgame,766,2,positive,1,select_coverage,3.0,DAC,574,1903,,,444,1498,positive,14548
101,6,49,Tic-Tac-Toe Endgame,766,2,positive,1,select_coverage,3.0,exact,574,1903,443.0,1496.0,358,1221,positive,29128
101,6,49,Tic-Tac-Toe Endgame,766,2,positive,1,select_coverage,4.0,DAC,748,2532,,,581,2016,positive,19152
101,6,49,Tic-Tac-Toe Endgame,766,2,positive,1,select_coverage,4.0,exact,748,2532,580.0,2014.0,458,1605,positive,38540
101,6,49,Tic-Tac-Toe Endgame,766,2,positive,1,select_coverage_CBA_M1,,DAC,130,387,,,82,243,negative,3156
101,6,49,Tic-Tac-Toe Endgame,766,2,positive,1,select_coverage_CBA_M1,,exact,130,387,82.0,243.0,69,212,positive,5352
101,6,49,Tic-Tac-Toe Endgame,766,2,positive,2,select_coverage,1.0,exact,170,513,106.0,320.0,91,282,positive,7020
101,6,49,Tic-Tac-Toe Endgame,766,2,positive,2,select_coverage,2.0,exact,386,1237,291.0,949.0,241,802,positive,18952
101,6,49,Tic-Tac-Toe Endgame,766,2,positive,2,select_coverage,3.0,exact,574,1903,443.0,1496.0,358,1221,positive,29128
101,6,49,Tic-Tac-Toe Endgame,766,2,positive,2,select_coverage,4.0,exact,748,2532,580.0,2014.0,458,1605,positive,38540
101,6,49,Tic-Tac-Toe Endgame,766,2,positive,2,select_coverage_CBA_M1,,exact,162,490,98.0,297.0,84,263,positive,6568
101,6,63,Tic-Tac-Toe Endgame,766,2,positive,1,select_coverage,1.0,DAC,178,535,,,120,362,positive,4324
101,6,63,Tic-Tac-Toe Endgame,766,2,positive,1,select_coverage,1.0,exact,178,535,120.0,362.0,104,319,positive,7760
101,6,63,Tic-Tac-Toe Endgame,766,2,positive,1,select_coverage,2.0,DAC,371,1183,,,288,926,positive,9232
101,6,63,Tic-Tac-Toe Endgame,766,2,positive,1,select_coverage,2.0,exact,371,1183,288.0,926.0,241,787,positive,18512
101,6,63,Tic-Tac-Toe Endgame,766,2,positive,1,select_coverage,3.0,DAC,564,1835,,,442,1453,positive,14156
101,6,63,Tic-Tac-Toe Endgame,766,2,positive,1,select_coverage,3.0,exact,564,1835,442.0,1453.0,361,1206,positive,28600
101,6,63,Tic-Tac-Toe Endgame,766,2,positive,1,select_coverage,4.0,DAC,754,2504,,,585,1972,positive,19112
101,6,63,Tic-Tac-Toe Endgame,766,2,positive,1,select_coverage,4.0,exact,754,2504,584.0,1970.0,467,1601,positive,38332
101,6,63,Tic-Tac-Toe Endgame,766,2,positive,1,select_coverage_CBA_M1,,DAC,134,392,,,88,254,negative,3224
101,6,63,Tic-Tac-Toe Endgame,766,2,positive,1,select_coverage_CBA_M1,,exact,134,392,88.0,254.0,76,222,positive,5600
101,6,63,Tic-Tac-Toe Endgame,766,2,positive,2,select_coverage,1.0,exact,178,535,120.0,362.0,104,319,positive,7760
101,6,63,Tic-Tac-Toe Endgame,766,2,positive,2,select_coverage,2.0,exact,371,1183,288.0,926.0,241,787,positive,18512
101,6,63,Tic-Tac-Toe Endgame,766,2,positive,2,select_coverage,3.0,exact,564,1835,442.0,1453.0,361,1206,positive,28600
101,6,63,Tic-Tac-Toe Endgame,766,2,positive,2,select_coverage,4.0,exact,754,2504,584.0,1970.0,467,1601,positive,38332
101,6,63,Tic-Tac-Toe Endgame,766,2,positive,2,select_coverage_CBA_M1,,exact,156,463,102.0,301.0,90,269,positive,6596
101,6,64,Tic-Tac-Toe Endgame,766,2,positive,1,select_coverage,1.0,DAC,175,527,,,123,372,positive,4256
101,6,64,Tic-Tac-Toe Endgame,766,2,positive,1,select_coverage,1.0,exact,175,527,123.0,372.0,102,310,positive,7804
101,6,64,Tic-Tac-Toe Endgame,766,2,positive,1,select_coverage,2.0,DAC,389,1224,,,310,997,positive,9612
101,6,64,Tic-Tac-Toe Endgame,766,2,positive,1,select_coverage,2.0,exact,389,1224,310.0,997.0,258,834,positive,19676
101,6,64,Tic-Tac-Toe Endgame,766,2,positive,1,select_coverage,3.0,DAC,570,1861,,,455,1528,positive,14332
101,6,64,Tic-Tac-Toe Endgame,766,2,positive,1,select_coverage,3.0,exact,570,1861,455.0,1528.0,368,1250,positive,29492
101,6,64,Tic-Tac-Toe Endgame,766,2,positive,1,select_coverage,4.0,DAC,711,2395,,,565,1967,positive,18160
101,6,64,Tic-Tac-Toe Endgame,766,2,positive,1,select_coverage,4.0,exact,711,2395,565.0,1967.0,444,1559,positive,37260
101,6,64,Tic-Tac-Toe Endgame,766,2,positive,1,select_coverage_CBA_M1,,DAC,125,369,,,85,250,negative,3024
101,6,64,Tic-Tac-Toe Endgame,766,2,positive,1,select_coverage_CBA_M1,,exact,125,369,85.0,250.0,71,212,positive,5380
101,6,64,Tic-Tac-Toe Endgame,766,2,positive,2,select_coverage,1.0,exact,175,527,123.0,372.0,102,310,positive,7804
101,6,64,Tic-Tac-Toe Endgame,766,2,positive,2,select_coverage,2.0,exact,389,1224,310.0,997.0,258,834,positive,19676
101,6,64,Tic-Tac-Toe Endgame,766,2,positive,2,select_coverage,3.0,exact,570,1861,455.0,1528.0,368,1250,positive,29492
101,6,64,Tic-Tac-Toe Endgame,766,2,positive,2,select_coverage,4.0,exact,711,2395,565.0,1967.0,444,1559,positive,37260
101,6,64,Tic-Tac-Toe Endgame,766,2,positive,2,select_coverage_CBA_M1,,exact,147,441,99.0,298.0,83,253,positive,6360
101,6,65,Tic-Tac-Toe Endgame,766,2,positive,1,select_coverage,1.0,DAC,174,531,,,119,366,positive,4260
101,6,65,Tic-Tac-Toe Endgame,766,2,positive,1,select_coverage,1.0,exact,174,531,119.0,366.0,102,313,positive,7712
101,6,65,Tic-Tac-Toe Endgame,766,2,positive,1,select_coverage,2.0,DAC,392,1246,,,308,990,positive,9736
101,6,65,Tic-Tac-Toe Endgame,766,2,positive,1,select_coverage,2.0,exact,392,1246,308.0,990.0,269,872,positive,19840
101,6,65,Tic-Tac-Toe Endgame,766,2,positive,1,select_coverage,3.0,DAC,583,1902,,,438,1455,positive,14652
101,6,65,Tic-Tac-Toe Endgame,766,2,positive,1,select_coverage,3.0,exact,583,1902,438.0,1455.0,370,1236,positive,28900
101,6,65,Tic-Tac-Toe Endgame,766,2,positive,1,select_coverage,4.0,DAC,753,2530,,,569,1953,positive,19204
101,6,65,Tic-Tac-Toe Endgame,766,2,positive,1,select_coverage,4.0,exact,753,2530,569.0,1953.0,477,1644,positive,38180
101,6,65,Tic-Tac-Toe Endgame,766,2,positive,1,select_coverage_CBA_M1,,DAC,145,438,,,99,300,negative,3540
101,6,65,Tic-Tac-Toe Endgame,766,2,positive,1,select_coverage_CBA_M1,,exact,145,438,99.0,300.0,85,258,positive,6376
101,6,65,Tic-Tac-Toe Endgame,766,2,positive,2,select_coverage,1.0,exact,174,531,119.0,366.0,102,313,positive,7712
101,6,65,Tic-Tac-Toe Endgame,766,2,positive,2,select_coverage,2.0,exact,392,1246,308.0,990.0,269,872,positive,19840
101,6,65,Tic-Tac-Toe Endgame,766,2,positive,2,select_coverage,3.0,exact,583,1902,438.0,1455.0,370,1236,positive,28900
101,6,65,Tic-Tac-Toe Endgame,766,2,positive,2,select_coverage,4.0,exact,753,2530,569.0,1953.0,477,1644,positive,38180
101,6,65,Tic-Tac-Toe Endgame,766,2,positive,2,select_coverage_CBA_M1,,exact,159,487,107.0,331.0,93,289,positive,7012
101,6,68,Tic-Tac-Toe Endgame,766,2,positive,1,select_coverage,1.0,DAC,165,508,,,99,309,positive,4060
101,6,68,Tic-Tac-Toe Endgame,766,2,positive,1,select_coverage,1.0,exact,165,508,99.0,309.0,87,275,positive,6760
101,6,68,Tic-Tac-Toe Endgame,766,2,positive,1,select_coverage,2.0,DAC,397,1281,,,297,978,positive,9936
101,6,68,Tic-Tac-Toe Endgame,766,2,positive,1,select_coverage,2.0,exact,397,1281,297.0,978.0,243,815,positive,19440
101,6,68,Tic-Tac-Toe Endgame,766,2,positive,1,select_coverage,3.0,DAC,593,1962,,,456,1541,positive,15012
101,6,68,Tic-Tac-Toe Endgame,766,2,positive,1,select_coverage,3.0,exact,593,1962,456.0,1541.0,371,1274,positive,30068
101,6,68,Tic-Tac-Toe Endgame,766,2,positive,1,select_coverage,4.0,DAC,750,2520,,,572,1971,positive,19128
101,6,68,Tic-Tac-Toe Endgame,766,2,positive,1,select_coverage,4.0,exact,750,2520,572.0,1971.0,461,1608,positive,38140
101,6,68,Tic-Tac-Toe Endgame,766,2,positive,1,select_coverage_CBA_M1,,DAC,124,379,,,76,235,negative,3052
101,6,68,Tic-Tac-Toe Endgame,766,2,positive,1,select_coverage_CBA_M1,,exact,124,379,76.0,235.0,67,209,positive,5132
101,6,68,Tic-Tac-Toe Endgame,766,2,positive,2,select_coverage,1.0,exact,165,508,99.0,309.0,87,275,positive,6760
101,6,68,Tic-Tac-Toe Endgame,766,2,positive,2,select_coverage,2.0,exact,397,1281,297.0,978.0,243,815,positive,19440
101,6,68,Tic-Tac-Toe Endgame,766,2,positive,2,select_coverage,3.0,exact,593,1962,456.0,1541.0,371,1274,positive,30068
101,6,68,Tic-Tac-Toe Endgame,766,2,positive,2,select_coverage,4.0,exact,750,2520,572.0,1971.0,461,1608,positive,38140
101,6,68,Tic-Tac-Toe Endgame,766,2,positive,2,select_coverage_CBA_M1,,exact,143,442,86.0,271.0,79,250,positive,5932
101,6,74,Tic-Tac-Toe Endgame,766,2,positive,1,select_coverage,1.0,DAC,168,510,,,109,334,positive,4104
101,6,74,Tic-Tac-Toe Endgame,766,2,positive,1,select_coverage,1.0,exact,168,510,109.0,334.0,99,307,positive,7236
101,6,74,Tic-Tac-Toe Endgame,766,2,positive,1,select_coverage,2.0,DAC,387,1224,,,289,935,positive,9588
101,6,74,Tic-Tac-Toe Endgame,766,2,positive,1,select_coverage,2.0,exact,387,1224,289.0,935.0,250,816,positive,18852
101,6,74,Tic-Tac-Toe Endgame,766,2,positive,1,select_coverage,3.0,DAC,588,1918,,,454,1508,positive,14776
101,6,74,Tic-Tac-Toe Endgame,766,2,positive,1,select_coverage,3.0,exact,588,1918,454.0,1508.0,372,1248,positive,29608
101,6,74,Tic-Tac-Toe Endgame,766,2,positive,1,select_coverage,4.0,DAC,755,2538,,,577,1986,positive,19260
101,6,74,Tic-Tac-Toe Endgame,766,2,positive,1,select_coverage,4.0,exact,755,2538,576.0,1984.0,461,1600,positive,38328
101,6,74,Tic-Tac-Toe Endgame,766,2,positive,1,select_coverage_CBA_M1,,DAC,115,336,,,73,212,negative,2772
101,6,74,Tic-Tac-Toe Endgame,766,2,positive,1,select_coverage_CBA_M1,,exact,115,336,73.0,212.0,68,201,negative,4764
101,6,74,Tic-Tac-Toe Endgame,766,2,positive,2,select_coverage,1.0,exact,168,510,109.0,334.0,99,307,positive,7236
101,6,74,Tic-Tac-Toe Endgame,766,2,positive,2,select_coverage,2.0,exact,387,1224,289.0,935.0,250,816,positive,18852
101,6,74,Tic-Tac-Toe Endgame,766,2,positive,2,select_coverage,3.0,exact,588,1918,454.0,1508.0,372,1248,positive,29608
101,6,74,Tic-Tac-Toe Endgame,766,2,positive,2,select_coverage,4.0,exact,755,2538,576.0,1984.0,461,1600,positive,38328
101,6,74,Tic-Tac-Toe Endgame,766,2,positive,2,select_coverage_CBA_M1,,exact,146,437,89.0,267.0,83,253,positive,5980
101,6,76,Tic-Tac-Toe Endgame,766,2,positive,1,select_coverage,1.0,DAC,166,509,,,102,318,positive,4076
101,6,76,Tic-Tac-Toe Endgame,766,2,positive,1,select_coverage,1.0,exact,166,509,102.0,318.0,83,264,positive,6828
101,6,76,Tic-Tac-Toe Endgame,766,2,positive,1,select_coverage,2.0,DAC,389,1253,,,292,958,positive,9728
101,6,76,Tic-Tac-Toe Endgame,766,2,positive,1,select_coverage,2.0,exact,389,1253,292.0,958.0,240,797,positive,19056
101,6,76,Tic-Tac-Toe Endgame,766,2,positive,1,select_coverage,3.0,DAC,587,1926,,,447,1491,positive,14796
101,6,76,Tic-Tac-Toe Endgame,766,2,positive,1,select_coverage,3.0,exact,587,1926,447.0,1491.0,363,1227,positive,29320
101,6,76,Tic-Tac-Toe Endgame,766,2,positive,1,select_coverage,4.0,DAC,763,2560,,,581,1985,positive,19444
101,6,76,Tic-Tac-Toe Endgame,766,2,positive,1,select_coverage,4.0,exact,763,2560,581.0,1985.0,466,1612,positive,38588
101,6,76,Tic-Tac-Toe Endgame,766,2,positive,1,select_coverage_CBA_M1,,DAC,93,266,,,55,153,negative,2228
101,6,76,Tic-Tac-Toe Endgame,766,2,positive,1,select_coverage_CBA_M1,,exact,93,266,55.0,153.0,43,122,negative,3500
101,6,76,Tic-Tac-Toe Endgame,766,2,positive,2,select_coverage,1.0,exact,166,509,102.0,318.0,83,264,positive,6828
101,6,76,Tic-Tac-Toe Endgame,766,2,positive,2,select_coverage,2.0,exact,389,1253,292.0,958.0,240,797,positive,19056
101,6,76,Tic-Tac-Toe Endgame,766,2,positive,2,select_coverage,3.0,exact,587,1926,447.0,1491.0,363,1227,positive,29320
101,6,76,Tic-Tac-Toe Endgame,766,2,positive,2,select_coverage,4.0,exact,763,2560,581.0,1985.0,466,1612,positive,38588
101,6,76,Tic-Tac-Toe Endgame,766,2,positive,2,select_coverage_CBA_M1,,exact,146,441,85.0,259.0,71,220,positive,5736
101,6,100,Tic-Tac-Toe Endgame,766,2,positive,1,select_coverage,1.0,DAC,181,551,,,127,390,positive,4424
101,6,100,Tic-Tac-Toe Endgame,766,2,positive,1,select_coverage,1.0,exact,181,551,127.0,390.0,114,355,positive,8248
101,6,100,Tic-Tac-Toe Endgame,766,2,positive,1,select_coverage,2.0,DAC,381,1211,,,294,944,positive,9464
101,6,100,Tic-Tac-Toe Endgame,766,2,positive,1,select_coverage,2.0,exact,381,1211,294.0,944.0,244,790,positive,18852
101,6,100,Tic-Tac-Toe Endgame,766,2,positive,1,select_coverage,3.0,DAC,569,1841,,,448,1466,positive,14240
101,6,100,Tic-Tac-Toe Endgame,766,2,positive,1,select_coverage,3.0,exact,569,1841,447.0,1463.0,364,1203,positive,28772
101,6,100,Tic-Tac-Toe Endgame,766,2,positive,1,select_coverage,4.0,DAC,738,2424,,,574,1910,positive,18600
101,6,100,Tic-Tac-Toe Endgame,766,2,positive,1,select_coverage,4.0,exact,738,2424,573.0,1907.0,461,1558,positive,37324
101,6,100,Tic-Tac-Toe Endgame,766,2,positive,1,select_coverage_CBA_M1,,DAC,109,307,,,72,197,negative,2584
101,6,100,Tic-Tac-Toe Endgame,766,2,positive,1,select_coverage_CBA_M1,,exact,109,307,72.0,197.0,65,181,negative,4484
101,6,100,Tic-Tac-Toe Endgame,766,2,positive,2,select_coverage,1.0,exact,181,551,127.0,390.0,114,355,positive,8248
101,6,100,Tic-Tac-Toe Endgame,766,2,positive,2,select_coverage,2.0,exact,381,1211,294.0,944.0,244,790,positive,18852
101,6,100,Tic-Tac-Toe Endgame,766,2,positive,2,select_coverage,3.0,exact,569,1841,447.0,1463.0,364,1203,positive,28772
101,6,100,Tic-Tac-Toe Endgame,766,2,positive,2,select_coverage,4.0,exact,738,2424,573.0,1907.0,461,1558,positive,37324
101,6,100,Tic-Tac-Toe Endgame,766,2,positive,2,select_coverage_CBA_M1,,exact,166,498,114.0,343.0,103,314,positive,7372
101,6,114,Tic-Tac-Toe Endgame,766,2,positive,1,select_coverage,1.0,DAC,168,518,,,109,340,positive,4136
101,6,114,Tic-Tac-Toe Endgame,766,2,positive,1,select_coverage,1.0,exact,168,518,109.0,340.0,98,303,positive,7276
101,6,114,Tic-Tac-Toe Endgame,766,2,positive,1,select_coverage,2.0,DAC,384,1246,,,302,986,positive,9640
101,6,114,Tic-Tac-Toe Endgame,766,2,positive,1,select_coverage,2.0,exact,384,1246,302.0,986.0,248,819,positive,19468
101,6,114,Tic-Tac-Toe Endgame,766,2,positive,1,select_coverage,3.0,DAC,570,1892,,,447,1492,positive,14456
101,6,114,Tic-Tac-Toe Endgame,766,2,positive,1,select_coverage,3.0,exact,570,1892,447.0,1492.0,362,1225,positive,29180
101,6,114,Tic-Tac-Toe Endgame,766,2,positive,1,select_coverage,4.0,DAC,734,2457,,,572,1938,positive,18684
101,6,114,Tic-Tac-Toe Endgame,766,2,positive,1,select_coverage,4.0,exact,734,2457,572.0,1938.0,458,1577,positive,37632
101,6,114,Tic-Tac-Toe Endgame,766,2,positive,1,select_coverage_CBA_M1,,DAC,115,344,,,73,218,negative,2804
101,6,114,Tic-Tac-Toe Endgame,766,2,positive,1,select_coverage_CBA_M1,,exact,115,344,73.0,218.0,64,189,positive,4772
101,6,114,Tic-Tac-Toe Endgame,766,2,positive,2,select_coverage,1.0,exact,168,518,109.0,340.0,98,303,positive,7276
101,6,114,Tic-Tac-Toe Endgame,766,2,positive,2,select_coverage,2.0,exact,384,1246,302.0,986.0,248,819,positive,19468
101,6,114,Tic-Tac-Toe Endgame,766,2,positive,2,select_coverage,3.0,exact,570,1892,447.0,1492.0,362,1225,positive,29180
101,6,114,Tic-Tac-Toe Endgame,766,2,positive,2,select_coverage,4.0,exact,734,2457,572.0,1938.0,458,1577,positive,37632
101,6,114,Tic-Tac-Toe Endgame,766,2,positive,2,select_coverage_CBA_M1,,exact,144,440,91.0,280.0,82,251,positive,6084
101,6,133,Tic-Tac-Toe Endgame,766,2,positive,1,select_coverage,1.0,DAC,178,558,,,122,394,positive,4416
101,6,133,Tic-Tac-Toe Endgame,766,2,positive,1,select_coverage,1.0,exact,178,558,122.0,394.0,100,326,positive,8056
101,6,133,Tic-Tac-Toe Endgame,766,2,positive,1,select_coverage,2.0,DAC,382,1254,,,299,1003,positive,9648
101,6,133,Tic-Tac-Toe Endgame,766,2,positive,1,select_coverage,2.0,exact,382,1254,299.0,1003.0,234,793,positive,19392
101,6,133,Tic-Tac-Toe Endgame,766,2,positive,1,select_coverage,3.0,DAC,559,1871,,,436,1501,positive,14240
101,6,133,Tic-Tac-Toe Endgame,766,2,positive,1,select_coverage,3.0,exact,559,1871,436.0,1501.0,337,1176,positive,28672
101,6,133,Tic-Tac-Toe Endgame,766,2,positive,1,select_coverage,4.0,DAC,713,2422,,,550,1928,positive,18292
101,6,133,Tic-Tac-Toe Endgame,766,2,positive,1,select_coverage,4.0,exact,713,2422,550.0,1928.0,415,1479,positive,36532
101,6,133,Tic-Tac-Toe Endgame,766,2,positive,1,select_coverage_CBA_M1,,DAC,133,402,,,90,274,negative,3252
101,6,133,Tic-Tac-Toe Endgame,766,2,positive,1,select_coverage_CBA_M1,,exact,133,402,90.0,274.0,73,223,positive,5772
101,6,133,Tic-Tac-Toe Endgame,766,2,positive,2,select_coverage,1.0,exact,178,558,122.0,394.0,100,326,positive,8056
101,6,133,Tic-Tac-Toe Endgame,766,2,positive,2,select_coverage,2.0,exact,382,1254,299.0,1003.0,234,793,positive,19392
101,6,133,Tic-Tac-Toe Endgame,766,2,positive,2,select_coverage,3.0,exact,559,1871,436.0,1501.0,337,1176,positive,28672
101,6,133,Tic-Tac-Toe Endgame,766,2,positive,2,select_coverage,4.0,exact,713,2422,550.0,1928.0,415,1479,positive,36532
101,6,133,Tic-Tac-Toe Endgame,766,2,positive,2,select_coverage_CBA_M1,,exact,159,494,106.0,336.0,89,285,positive,7020
101,6,138,Tic-Tac-Toe Endgame,766,2,positive,1,select_coverage,1.0,DAC,176,553,,,119,382,positive,4372
101,6,138,Tic-Tac-Toe Endgame,766,2,positive,1,select_coverage,1.0,exact,176,553,119.0,382.0,103,330,positive,7932
101,6,138,Tic-Tac-Toe Endgame,766,2,positive,1,select_coverage,2.0,DAC,403,1308,,,318,1049,positive,10116
101,6,138,Tic-Tac-Toe Endgame,766,2,positive,1,select_coverage,2.0,exact,403,1308,318.0,1049.0,270,897,positive,20664
101,6,138,Tic-Tac-Toe Endgame,766,2,positive,1,select_coverage,3.0,DAC,598,1963,,,471,1577,positive,15076
101,6,138,Tic-Tac-Toe Endgame,766,2,positive,1,select_coverage,3.0,exact,598,1963,470.0,1573.0,377,1271,positive,30524
101,6,138,Tic-Tac-Toe Endgame,766,2,positive,1,select_coverage,4.0,DAC,764,2555,,,598,2040,positive,19436
101,6,138,Tic-Tac-Toe Endgame,766,2,positive,1,select_coverage,4.0,exact,764,2555,597.0,2036.0,467,1605,positive,39128
101,6,138,Tic-Tac-Toe Endgame,766,2,positive,1,select_coverage_CBA_M1,,DAC,122,373,,,79,244,negative,3004
101,6,138,Tic-Tac-Toe Endgame,766,2,positive,1,select_coverage_CBA_M1,,exact,122,373,79.0,244.0,70,216,positive,5244
101,6,138,Tic-Tac-Toe Endgame,766,2,positive,2,select_coverage,1.0,exact,176,553,119.0,382.0,103,330,positive,7932
101,6,138,Tic-Tac-Toe Endgame,766,2,positive,2,select_coverage,2.0,exact,403,1308,318.0,1049.0,270,897,positive,20664
101,6,138,Tic-Tac-Toe Endgame,766,2,positive,2,select_coverage,3.0,exact,598,1963,470.0,1573.0,377,1271,positive,30524
101,6,138,Tic-Tac-Toe Endgame,766,2,positive,2,select_coverage,4.0,exact,764,2555,597.0,2036.0,467,1605,positive,39128
101,6,138,Tic-Tac-Toe Endgame,766,2,positive,2,select_coverage_CBA_M1,,exact,162,509,108.0,347.0,95,305,positive,7252
101,6,148,Tic-Tac-Toe Endgame,766,2,positive,1,select_coverage,1.0,DAC,171,525,,,116,363,positive,4200
101,6,148,Tic-Tac-Toe Endgame,766,2,positive,1,select_coverage,1.0,exact,171,525,116.0,363.0,103,321,positive,7636
101,6,148,Tic-Tac-Toe Endgame,766,2,positive,1,select_coverage,2.0,DAC,397,1275,,,311,1021,positive,9912
101,6,148,Tic-Tac-Toe Endgame,766,2,positive,1,select_coverage,2.0,exact,397,1275,311.0,1021.0,268,875,positive,20164
101,6,148,Tic-Tac-Toe Endgame,766,2,positive,1,select_coverage,3.0,DAC,585,1944,,,458,1553,positive,14844
101,6,148,Tic-Tac-Toe Endgame,766,2,positive,1,select_coverage,3.0,exact,585,1944,458.0,1553.0,377,1277,positive,30104
101,6,148,Tic-Tac-Toe Endgame,766,2,positive,1,select_coverage,4.0,DAC,758,2591,,,593,2072,positive,19508
101,6,148,Tic-Tac-Toe Endgame,766,2,positive,1,select_coverage,4.0,exact,758,2591,593.0,2072.0,475,1666,positive,39564
101,6,148,Tic-Tac-Toe Endgame,766,2,positive,1,select_coverage_CBA_M1,,DAC,119,354,,,78,234,negative,2892
101,6,148,Tic-Tac-Toe Endgame,766,2,positive,1,select_coverage_CBA_M1,,exact,119,354,78.0,234.0,73,219,negative,5116
101,6,148,Tic-Tac-Toe Endgame,766,2,positive,2,select_coverage,1.0,exact,171,525,116.0,363.0,103,321,positive,7636
101,6,148,Tic-Tac-Toe Endgame,766,2,positive,2,select_coverage,2.0,exact,397,1275,311.0,1021.0,268,875,positive,20164
101,6,148,Tic-Tac-Toe Endgame,766,2,positive,2,select_coverage,3.0,exact,585,1944,458.0,1553.0,377,1277,positive,30104
101,6,148,Tic-Tac-Toe Endgame,766,2,positive,2,select_coverage,4.0,exact,758,2591,593.0,2072.0,475,1666,positive,39564
101,6,148,Tic-Tac-Toe Endgame,766,2,positive,2,select_coverage_CBA_M1,,exact,158,487,105.0,331.0,95,298,positive,7000
101,7,5,Tic-Tac-Toe Endgame,766,2,positive,1,select_coverage,1.0,DAC,202,609,,,147,447,positive,4916
101,7,5,Tic-Tac-Toe Endgame,766,2,positive,1,select_coverage,1.0,exact,202,609,147.0,447.0,122,379,positive,9284
101,7,5,Tic-Tac-Toe Endgame,766,2,positive,1,select_coverage,2.0,DAC,417,1313,,,331,1058,positive,10312
101,7,5,Tic-Tac-Toe Endgame,766,2,positive,1,select_coverage,2.0,exact,417,1313,331.0,1058.0,254,823,positive,20736
101,7,5,Tic-Tac-Toe Endgame,766,2,positive,1,select_coverage,3.0,DAC,619,2024,,,495,1651,positive,15580
101,7,5,Tic-Tac-Toe Endgame,766,2,positive,1,select_coverage,3.0,exact,619,2024,495.0,1651.0,368,1243,positive,31568
101,7,5,Tic-Tac-Toe Endgame,766,2,positive,1,select_coverage,4.0,DAC,778,2648,,,622,2166,positive,19984
101,7,5,Tic-Tac-Toe Endgame,766,2,positive,1,select_coverage,4.0,exact,778,2648,622.0,2166.0,460,1626,positive,40704
101,7,5,Tic-Tac-Toe Endgame,766,2,positive,1,select_coverage_CBA_M1,,DAC,171,511,,,121,364,negative,4152
101,7,5,Tic-Tac-Toe Endgame,766,2,positive,1,select_coverage_CBA_M1,,exact,171,511,121.0,364.0,103,313,negative,7672
101,7,5,Tic-Tac-Toe Endgame,766,2,positive,2,select_coverage,1.0,exact,202,609,147.0,447.0,122,379,positive,9284
101,7,5,Tic-Tac-Toe Endgame,766,2,positive,2,select_coverage,2.0,exact,417,1313,331.0,1058.0,254,823,positive,20736
101,7,5,Tic-Tac-Toe Endgame,766,2,positive,2,select_coverage,3.0,exact,619,2024,495.0,1651.0,368,1243,positive,31568
101,7,5,Tic-Tac-Toe Endgame,766,2,positive,2,select_coverage,4.0,exact,778,2648,622.0,2166.0,460,1626,positive,40704
101,7,5,Tic-Tac-Toe Endgame,766,2,positive,2,select_coverage_CBA_M1,,exact,187,563,132.0,401.0,112,345,positive,8420
101,7,14,Tic-Tac-Toe Endgame,766,2,positive,1,select_coverage,1.0,DAC,201,598,,,143,425,positive,4860
101,7,14,Tic-Tac-Toe Endgame,766,2,positive,1,select_coverage,1.0,exact,201,598,143.0,425.0,120,362,positive,8988
101,7,14,Tic-Tac-Toe Endgame,766,2,positive,1,select_coverage,2.0,DAC,418,1310,,,326,1038,positive,10312
101,7,14,Tic-Tac-Toe Endgame,766,2,positive,1,select_coverage,2.0,exact,418,1310,326.0,1038.0,267,867,positive,20700
101,7,14,Tic-Tac-Toe Endgame,766,2,positive,1,select_coverage,3.0,DAC,602,1942,,,470,1546,positive,15048
101,7,14,Tic-Tac-Toe Endgame,766,2,positive,1,select_coverage,3.0,exact,602,1942,470.0,1546.0,376,1255,positive,30268
101,7,14,Tic-Tac-Toe Endgame,766,2,positive,1,select_coverage,4.0,DAC,751,2461,,,590,1984,positive,18912
101,7,14,Tic-Tac-Toe Endgame,766,2,positive,1,select_coverage,4.0,exact,751,2461,590.0,1984.0,466,1591,positive,38320
101,7,14,Tic-Tac-Toe Endgame,766,2,positive,1,select_coverage_CBA_M1,,DAC,171,506,,,122,360,negative,4132
101,7,14,Tic-Tac-Toe Endgame,766,2,positive,1,select_coverage_CBA_M1,,exact,171,506,122.0,360.0,100,300,positive,7608
101,7,14,Tic-Tac-Toe Endgame,766,2,positive,2,select_coverage,1.0,exact,201,598,143.0,425.0,120,362,positive,8988
101,7,14,Tic-Tac-Toe Endgame,766,2,positive,2,select_coverage,2.0,exact,418,1310,326.0,1038.0,267,867,positive,20700
101,7,14,Tic-Tac-Toe Endgame,766,2,positive,2,select_coverage,3.0,exact,602,1942,470.0,1546.0,376,1255,positive,30268
101,7,14,Tic-Tac-Toe Endgame,766,2,positive,2,select_coverage,4.0,exact,751,2461,590.0,1984.0,466,1591,positive,38320
101,7,14,Tic-Tac-Toe Endgame,766,2,positive,2,select_coverage_CBA_M1,,exact,190,567,133.0,397.0,112,340,positive,8424
101,7,17,Tic-Tac-Toe Endgame,766,2,positive,1,select_coverage,1.0,DAC,199,599,,,145,438,positive,4840
101,7,17,Tic-Tac-Toe Endgame,766,2,positive,1,select_coverage,1.0,exact,199,599,145.0,438.0,116,354,positive,9060
101,7,17,Tic-Tac-Toe Endgame,766,2,positive,1,select_coverage,2.0,DAC,433,1380,,,344,1114,positive,10772
101,7,17,Tic-Tac-Toe Endgame,766,2,positive,1,select_coverage,2.0,exact,433,1380,344.0,1114.0,272,892,positive,21816
101,7,17,Tic-Tac-Toe Endgame,766,2,positive,1,select_coverage,3.0,DAC,628,2069,,,498,1680,positive,15868
101,7,17,Tic-Tac-Toe Endgame,766,2,positive,1,select_coverage,3.0,exact,628,2069,498.0,1680.0,386,1316,positive,32228
101,7,17,Tic-Tac-Toe Endgame,766,2,positive,1,select_coverage,4.0,DAC,774,2618,,,617,2150,positive,19816
101,7,17,Tic-Tac-Toe Endgame,766,2,positive,1,select_coverage,4.0,exact,774,2618,617.0,2150.0,472,1662,positive,40544
101,7,17,Tic-Tac-Toe Endgame,766,2,positive,1,select_coverage_CBA_M1,,DAC,153,448,,,105,305,negative,3684
101,7,17,Tic-Tac-Toe Endgame,766,2,positive,1,select_coverage_CBA_M1,,exact,153,448,105.0,305.0,90,263,positive,6600
101,7,17,Tic-Tac-Toe Endgame,766,2,positive,2,select_coverage,1.0,exact,199,599,145.0,438.0,116,354,positive,9060
101,7,17,Tic-Tac-Toe Endgame,766,2,positive,2,select_coverage,2.0,exact,433,1380,344.0,1114.0,272,892,positive,21816
101,7,17,Tic-Tac-Toe Endgame,766,2,positive,2,select_coverage,3.0,exact,628,2069,498.0,1680.0,386,1316,positive,32228
101,7,17,Tic-Tac-Toe Endgame,766,2,positive,2,select_coverage,4.0,exact,774,2618,617.0,2150.0,472,1662,positive,40544
101,7,17,Tic-Tac-Toe Endgame,766,2,positive,2,select_coverage_CBA_M1,,exact,183,551,130.0,393.0,111,340,positive,8272
101,7,19,Tic-Tac-Toe Endgame,766,2,positive,1,select_coverage,1.0,DAC,188,567,,,130,394,positive,4580
101,7,19,Tic-Tac-Toe Endgame,766,2,positive,1,select_coverage,1.0,exact,188,567,130.0,394.0,119,363,positive,8432
101,7,19,Tic-Tac-Toe Endgame,766,2,positive,1,select_coverage,2.0,DAC,395,1243,,,314,1000,positive,9768
101,7,19,Tic-Tac-Toe Endgame,766,2,positive,1,select_coverage,2.0,exact,395,1243,314.0,1000.0,269,854,positive,19940
101,7,19,Tic-Tac-Toe Endgame,766,2,positive,1,select_coverage,3.0,DAC,576,1872,,,451,1510,positive,14456
101,7,19,Tic-Tac-Toe Endgame,766,2,positive,1,select_coverage,3.0,exact,576,1872,451.0,1510.0,378,1259,positive,29404
101,7,19,Tic-Tac-Toe Endgame,766,2,positive,1,select_coverage,4.0,DAC,709,2388,,,556,1939,positive,18116
101,7,19,Tic-Tac-Toe Endgame,766,2,positive,1,select_coverage,4.0,exact,709,2388,556.0,1939.0,456,1587,positive,37016
101,7,19,Tic-Tac-Toe Endgame,766,2,positive,1,select_coverage_CBA_M1,,DAC,134,392,,,90,262,negative,3232
101,7,19,Tic-Tac-Toe Endgame,766,2,positive,1,select_coverage_CBA_M1,,exact,134,392,90.0,262.0,83,244,positive,5768
101,7,19,Tic-Tac-Toe Endgame,766,2,positive,2,select_coverage,1.0,exact,188,567,130.0,394.0,119,363,positive,8432
101,7,19,Tic-Tac-Toe Endgame,766,2,positive,2,select_coverage,2.0,exact,395,1243,314.0,1000.0,269,854,positive,19940
101,7,19,Tic-Tac-Toe Endgame,766,2,positive,2,select_coverage,3.0,exact,576,1872,451.0,1510.0,378,1259,positive,29404
101,7,19,Tic-Tac-Toe Endgame,766,2,positive,2,select_coverage,4.0,exact,709,2388,556.0,1939.0,456,1587,positive,37016
101,7,19,Tic-Tac-Toe Endgame,766,2,positive,2,select_coverage_CBA_M1,,exact,170,508,113.0,338.0,104,313,positive,7364
101,7,29,Tic-Tac-Toe Endgame,766,2,positive,1,select_coverage,1.0,DAC,223,663,,,159,476,positive,5384
101,7,29,Tic-Tac-Toe Endgame,766,2,positive,1,select_coverage,1.0,exact,223,663,159.0,476.0,132,395,positive,9968
101,7,29,Tic-Tac-Toe Endgame,766,2,positive,1,select_coverage,2.0,DAC,421,1312,,,327,1042,positive,10356
101,7,29,Tic-Tac-Toe Endgame,766,2,positive,1,select_coverage,2.0,exact,421,1312,327.0,1042.0,258,832,positive,20608
101,7,29,Tic-Tac-Toe Endgame,766,2,positive,1,select_coverage,3.0,DAC,615,1958,,,480,1568,positive,15268
101,7,29,Tic-Tac-Toe Endgame,766,2,positive,1,select_coverage,3.0,exact,615,1958,480.0,1568.0,374,1235,positive,30580
101,7,29,Tic-Tac-Toe Endgame,766,2,positive,1,select_coverage,4.0,DAC,798,2615,,,622,2105,positive,20092
101,7,29,Tic-Tac-Toe Endgame,766,2,positive,1,select_coverage,4.0,exact,798,2615,620.0,2099.0,472,1612,positive,40200
101,7,29,Tic-Tac-Toe Endgame,766,2,positive,1,select_coverage_CBA_M1,,DAC,185,551,,,134,400,negative,4480
101,7,29,Tic-Tac-Toe Endgame,766,2,positive,1,select_coverage_CBA_M1,,exact,185,551,134.0,400.0,111,331,positive,8360
101,7,29,Tic-Tac-Toe Endgame,766,2,positive,2,select_coverage,1.0,exact,223,663,159.0,476.0,132,395,positive,9968
101,7,29,Tic-Tac-Toe Endgame,766,2,positive,2,select_coverage,2.0,exact,421,1312,327.0,1042.0,258,832,positive,20608
101,7,29,Tic-Tac-Toe Endgame,766,2,positive,2,select_coverage,3.0,exact,615,1958,480.0,1568.0,374,1235,positive,30580
101,7,29,Tic-Tac-Toe Endgame,766,2,positive,2,select_coverage,4.0,exact,798,2615,620.0,2099.0,472,1612,positive,40200
101,7,29,Tic-Tac-Toe Endgame,766,2,positive,2,select_coverage_CBA_M1,,exact,210,634,150.0,456.0,125,380,positive,9496
101,7,31,Tic-Tac-Toe Endgame,766,2,positive,1,select_coverage,1.0,DAC,219,656,,,154,462,positive,5308
101,7,31,Tic-Tac-Toe Endgame,766,2,positive,1,select_coverage,1.0,exact,219,656,154.0,462.0,138,417,positive,9852
101,7,31,Tic-Tac-Toe Endgame,766,2,positive,1,select_coverage,2.0,DAC,403,1244,,,312,975,positive,9868
101,7,31,Tic-Tac-Toe Endgame,766,2,positive,1,select_coverage,2.0,exact,403,1244,312.0,975.0,262,836,positive,19724
101,7,31,Tic-Tac-Toe Endgame,766,2,positive,1,select_coverage,3.0,DAC,601,1915,,,467,1519,positive,14928
101,7,31,Tic-Tac-Toe Endgame,766,2,positive,1,select_coverage,3.0,exact,601,1915,466.0,1517.0,380,1261,positive,29972
101,7,31,Tic-Tac-Toe Endgame,766,2,positive,1,select_coverage,4.0,DAC,752,2447,,,584,1945,positive,18868
101,7,31,Tic-Tac-Toe Endgame,766,2,positive,1,select_coverage,4.0,exact,752,2447,583.0,1943.0,460,1564,positive,37824
101,7,31,Tic-Tac-Toe Endgame,766,2,positive,1,select_coverage_CBA_M1,,DAC,161,467,,,110,317,negative,3856
101,7,31,Tic-Tac-Toe Endgame,766,2,positive,1,select_coverage_CBA_M1,,exact,161,467,110.0,317.0,98,286,positive,6936
101,7,31,Tic-Tac-Toe Endgame,766,2,positive,2,select_coverage,1.0,exact,219,656,154.0,462.0,138,417,positive,9852
101,7,31,Tic-Tac-Toe Endgame,766,2,positive,2,select_coverage,2.0,exact,403,1244,312.0,975.0,262,836,positive,19724
101,7,31,Tic-Tac-Toe Endgame,766,2,positive,2,select_coverage,3.0,exact,601,1915,466.0,1517.0,380,1261,positive,29972
101,7,31,Tic-Tac-Toe Endgame,766,2,positive,2,select_coverage,4.0,exact,752,2447,583.0,1943.0,460,1564,positive,37824
101,7,31,Tic-Tac-Toe Endgame,766,2,positive,2,select_coverage_CBA_M1,,exact,204,606,143.0,425.0,127,380,positive,9092
101,7,34,Tic-Tac-Toe Endgame,766,2,positive,1,select_coverage,1.0,DAC,202,603,,,144,432,positive,4892
101,7,34,Tic-Tac-Toe Endgame,766,2,positive,1,select_coverage,1.0,exact,202,603,144.0,432.0,115,346,positive,8996
101,7,34,Tic-Tac-Toe Endgame,766,2,positive,1,select_coverage,2.0,DAC,426,1342,,,336,1085,positive,10536
101,7,34,Tic-Tac-Toe Endgame,766,2,positive,1,select_coverage,2.0,exact,426,1342,336.0,1085.0,264,855,positive,21208
101,7,34,Tic-Tac-Toe Endgame,766,2,positive,1,select_coverage,3.0,DAC,587,1905,,,461,1552,positive,14720
101,7,34,Tic-Tac-Toe Endgame,766,2,positive,1,select_coverage,3.0,exact,587,1905,461.0,1552.0,353,1193,positive,29680
101,7,34,Tic-Tac-Toe Endgame,766,2,positive,1,select_coverage,4.0,DAC,747,2494,,,593,2053,positive,18996
101,7,34,Tic-Tac-Toe Endgame,766,2,positive,1,select_coverage,4.0,exact,747,2494,593.0,2053.0,449,1555,positive,38656
101,7,34,Tic-Tac-Toe Endgame,766,2,positive,1,select_coverage_CBA_M1,,DAC,189,580,,,132,411,positive,4644
101,7,34,Tic-Tac-Toe Endgame,766,2,positive,1,select_coverage_CBA_M1,,exact,189,580,132.0,411.0,106,331,positive,8472
101,7,34,Tic-Tac-Toe Endgame,766,2,positive,2,select_coverage,1.0,exact,202,603,144.0,432.0,115,346,positive,8996
101,7,34,Tic-Tac-Toe Endgame,766,2,positive,2,select_coverage,2.0,exact,426,1342,336.0,1085.0,264,855,positive,21208
101,7,34,Tic-Tac-Toe Endgame,766,2,positive,2,select_coverage,3.0,exact,587,1905,461.0,1552.0,353,1193,positive,29680
101,7,34,Tic-Tac-Toe Endgame,766,2,positive,2,select_coverage,4.0,exact,747,2494,593.0,2053.0,449,1555,positive,38656
101,7,34,Tic-Tac-Toe Endgame,766,2,positive,2,select_coverage_CBA_M1,,exact,189,580,132.0,411.0,106,331,positive,8472
101,7,42,Tic-Tac-Toe Endgame,766,2,positive,1,select_coverage,1.0,DAC,202,618,,,148,459,positive,4952
101,7,42,Tic-Tac-Toe Endgame,766,2,positive,1,select_coverage,1.0,exact,202,618,148.0,459.0,128,400,positive,9476
101,7,42,Tic-Tac-Toe Endgame,766,2,positive,1,select_coverage,2.0,DAC,404,1294,,,318,1038,positive,10080
101,7,42,Tic-Tac-Toe Endgame,766,2,positive,1,select_coverage,2.0,exact,404,1294,318.0,1038.0,268,885,positive,20516
101,7,42,Tic-Tac-Toe Endgame,766,2,positive,1,select_coverage,3.0,DAC,586,1921,,,469,1575,positive,14772
101,7,42,Tic-Tac-Toe Endgame,766,2,positive,1,select_coverage,3.0,exact,586,1921,469.0,1575.0,377,1282,positive,30384
101,7,42,Tic-Tac-Toe Endgame,766,2,positive,1,select_coverage,4.0,DAC,750,2548,,,597,2095,positive,19248
101,7,42,Tic-Tac-Toe Endgame,766,2,positive,1,select_coverage,4.0,exact,750,2548,596.0,2092.0,474,1677,positive,39588
101,7,42,Tic-Tac-Toe Endgame,766,2,positive,1,select_coverage_CBA_M1,,DAC,162,491,,,115,352,negative,3964
101,7,42,Tic-Tac-Toe Endgame,766,2,positive,1,select_coverage_CBA_M1,,exact,162,491,115.0,352.0,99,307,positive,7376
101,7,42,Tic-Tac-Toe Endgame,766,2,positive,2,select_coverage,1.0,exact,202,618,148.0,459.0,128,400,positive,9476
101,7,42,Tic-Tac-Toe Endgame,766,2,positive,2,select_coverage,2.0,exact,404,1294,318.0,1038.0,268,885,positive,20516
101,7,42,Tic-Tac-Toe Endgame,766,2,positive,2,select_coverage,3.0,exact,586,1921,469.0,1575.0,377,1282,positive,30384
101,7,42,Tic-Tac-Toe Endgame,766,2,positive,2,select_coverage,4.0,exact,750,2548,596.0,2092.0,474,1677,positive,39588
101,7,42,Tic-Tac-Toe Endgame,766,2,positive,2,select_coverage_CBA_M1,,exact,188,582,136.0,428.0,119,380,positive,8840
101,7,49,Tic-Tac-Toe Endgame,766,2,positive,1,select_coverage,1.0,DAC,203,608,,,144,431,positive,4924
101,7,49,Tic-Tac-Toe Endgame,766,2,positive,1,select_coverage,1.0,exact,203,608,144.0,431.0,118,360,positive,9068
101,7,49,Tic-Tac-Toe Endgame,766,2,positive,1,select_coverage,2.0,DAC,404,1276,,,315,1011,positive,10008
101,7,49,Tic-Tac-Toe Endgame,766,2,positive,1,select_coverage,2.0,exact,404,1276,314.0,1009.0,263,858,positive,20124
101,7,49,Tic-Tac-Toe Endgame,766,2,positive,1,select_coverage,3.0,DAC,601,1953,,,474,1574,positive,15080
101,7,49,Tic-Tac-Toe Endgame,766,2,positive,1,select_coverage,3.0,exact,601,1953,473.0,1572.0,371,1247,positive,30456
101,7,49,Tic-Tac-Toe Endgame,766,2,positive,1,select_coverage,4.0,DAC,763,2562,,,604,2087,positive,19460
101,7,49,Tic-Tac-Toe Endgame,766,2,positive,1,select_coverage,4.0,exact,763,2562,603.0,2085.0,465,1622,positive,39564
101,7,49,Tic-Tac-Toe Endgame,766,2,positive,1,select_coverage_CBA_M1,,DAC,160,476,,,112,332,negative,3880
101,7,49,Tic-Tac-Toe Endgame,766,2,positive,1,select_coverage_CBA_M1,,exact,160,476,112.0,332.0,92,281,positive,7060
101,7,49,Tic-Tac-Toe Endgame,766,2,positive,2,select_coverage,1.0,exact,203,608,144.0,431.0,118,360,positive,9068
101,7,49,Tic-Tac-Toe Endgame,766,2,positive,2,select_coverage,2.0,exact,404,1276,314.0,1009.0,263,858,positive,20124
101,7,49,Tic-Tac-Toe Endgame,766,2,positive,2,select_coverage,3.0,exact,601,1953,473.0,1572.0,371,1247,positive,30456
101,7,49,Tic-Tac-Toe Endgame,766,2,positive,2,select_coverage,4.0,exact,763,2562,603.0,2085.0,465,1622,positive,39564
101,7,49,Tic-Tac-Toe Endgame,766,2,positive,2,select_coverage_CBA_M1,,exact,194,584,135.0,407.0,111,344,positive,8596
101,7,63,Tic-Tac-Toe Endgame,766,2,positive,1,select_coverage,1.0,DAC,212,622,,,154,453,positive,5088
101,7,63,Tic-Tac-Toe Endgame,766,2,positive,1,select_coverage,1.0,exact,212,622,154.0,453.0,131,392,positive,9580
101,7,63,Tic-Tac-Toe Endgame,766,2,positive,1,select_coverage,2.0,DAC,409,1280,,,321,1019,positive,10084
101,7,63,Tic-Tac-Toe Endgame,766,2,positive,1,select_coverage,2.0,exact,409,1280,321.0,1019.0,266,858,positive,20348
101,7,63,Tic-Tac-Toe Endgame,766,2,positive,1,select_coverage,3.0,DAC,597,1911,,,474,1548,positive,14864
101,7,63,Tic-Tac-Toe Endgame,766,2,positive,1,select_coverage,3.0,exact,597,1911,474.0,1548.0,381,1271,positive,30312
101,7,63,Tic-Tac-Toe Endgame,766,2,positive,1,select_coverage,4.0,DAC,775,2510,,,607,2020,positive,19396
101,7,63,Tic-Tac-Toe Endgame,766,2,positive,1,select_coverage,4.0,exact,775,2510,607.0,2020.0,479,1623,positive,39196
101,7,63,Tic-Tac-Toe Endgame,766,2,positive,1,select_coverage_CBA_M1,,DAC,164,476,,,116,336,negative,3928
101,7,63,Tic-Tac-Toe Endgame,766,2,positive,1,select_coverage_CBA_M1,,exact,164,476,116.0,336.0,99,291,positive,7212
101,7,63,Tic-Tac-Toe Endgame,766,2,positive,2,select_coverage,1.0,exact,212,622,154.0,453.0,131,392,positive,9580
101,7,63,Tic-Tac-Toe Endgame,766,2,positive,2,select_coverage,2.0,exact,409,1280,321.0,1019.0,266,858,positive,20348
101,7,63,Tic-Tac-Toe Endgame,766,2,positive,2,select_coverage,3.0,exact,597,1911,474.0,1548.0,381,1271,positive,30312
101,7,63,Tic-Tac-Toe Endgame,766,2,positive,2,select_coverage,4.0,exact,775,2510,607.0,2020.0,479,1623,positive,39196
101,7,63,Tic-Tac-Toe Endgame,766,2,positive,2,select_coverage_CBA_M1,,exact,196,583,140.0,418.0,119,360,positive,8820
101,7,64,Tic-Tac-Toe Endgame,766,2,positive,1,select_coverage,1.0,DAC,188,558,,,126,378,positive,4544
101,7,64,Tic-Tac-Toe Endgame,766,2,positive,1,select_coverage,1.0,exact,188,558,126.0,378.0,106,315,positive,8044
101,7,64,Tic-Tac-Toe Endgame,766,2,positive,1,select_coverage,2.0,DAC,403,1268,,,302,977,positive,9964
101,7,64,Tic-Tac-Toe Endgame,766,2,positive,1,select_coverage,2.0,exact,403,1268,302.0,977.0,247,796,positive,19428
101,7,64,Tic-Tac-Toe Endgame,766,2,positive,1,select_coverage,3.0,DAC,559,1838,,,433,1473,positive,14116
101,7,64,Tic-Tac-Toe Endgame,766,2,positive,1,select_coverage,3.0,exact,559,1838,433.0,1473.0,345,1172,positive,28340
101,7,64,Tic-Tac-Toe Endgame,766,2,positive,1,select_coverage,4.0,DAC,697,2385,,,549,1958,positive,17960
101,7,64,Tic-Tac-Toe Endgame,766,2,positive,1,select_coverage,4.0,exact,697,2385,549.0,1958.0,435,1559,positive,36800
101,7,64,Tic-Tac-Toe Endgame,766,2,positive,1,select_coverage_CBA_M1,,DAC,131,375,,,86,242,negative,3128
101,7,64,Tic-Tac-Toe Endgame,766,2,positive,1,select_coverage_CBA_M1,,exact,131,375,86.0,242.0,74,209,negative,5384
101,7,64,Tic-Tac-Toe Endgame,766,2,positive,2,select_coverage,1.0,exact,188,558,126.0,378.0,106,315,positive,8044
101,7,64,Tic-Tac-Toe Endgame,766,2,positive,2,select_coverage,2.0,exact,403,1268,302.0,977.0,247,796,positive,19428
101,7,64,Tic-Tac-Toe Endgame,766,2,positive,2,select_coverage,3.0,exact,559,1838,433.0,1473.0,345,1172,positive,28340
101,7,64,Tic-Tac-Toe Endgame,766,2,positive,2,select_coverage,4.0,exact,697,2385,549.0,1958.0,435,1559,positive,36800
101,7,64,Tic-Tac-Toe Endgame,766,2,positive,2,select_coverage_CBA_M1,,exact,161,473,105.0,307.0,91,267,negative,6724
101,7,65,Tic-Tac-Toe Endgame,766,2,positive,1,select_coverage,1.0,DAC,211,640,,,152,466,positive,5148
101,7,65,Tic-Tac-Toe Endgame,766,2,positive,1,select_coverage,1.0,exact,211,640,152.0,466.0,131,400,positive,9688
101,7,65,Tic-Tac-Toe Endgame,766,2,positive,1,select_coverage,2.0,DAC,414,1302,,,325,1033,positive,10232
101,7,65,Tic-Tac-Toe Endgame,766,2,positive,1,select_coverage,2.0,exact,414,1302,325.0,1033.0,265,843,positive,20528
101,7,65,Tic-Tac-Toe Endgame,766,2,positive,1,select_coverage,3.0,DAC,594,1905,,,465,1516,positive,14804
101,7,65,Tic-Tac-Toe Endgame,766,2,positive,1,select_coverage,3.0,exact,594,1905,464.0,1513.0,370,1203,positive,29636
101,7,65,Tic-Tac-Toe Endgame,766,2,positive,1,select_coverage,4.0,DAC,744,2437,,,578,1931,positive,18732
101,7,65,Tic-Tac-Toe Endgame,766,2,positive,1,select_coverage,4.0,exact,744,2437,576.0,1925.0,455,1518,positive,37360
101,7,65,Tic-Tac-Toe Endgame,766,2,positive,1,select_coverage_CBA_M1,,DAC,190,576,,,136,416,negative,4640
101,7,65,Tic-Tac-Toe Endgame,766,2,positive,1,select_coverage_CBA_M1,,exact,190,576,136.0,416.0,117,356,positive,8672
101,7,65,Tic-Tac-Toe Endgame,766,2,positive,2,select_coverage,1.0,exact,211,640,152.0,466.0,131,400,positive,9688
101,7,65,Tic-Tac-Toe Endgame,766,2,positive,2,select_coverage,2.0,exact,414,1302,325.0,1033.0,265,843,positive,20528
101,7,65,Tic-Tac-Toe Endgame,766,2,positive,2,select_coverage,3.0,exact,594,1905,464.0,1513.0,370,1203,positive,29636
101,7,65,Tic-Tac-Toe Endgame,766,2,positive,2,select_coverage,4.0,exact,744,2437,576.0,1925.0,455,1518,positive,37360
101,7,65,Tic-Tac-Toe Endgame,766,2,positive,2,select_coverage_CBA_M1,,exact,196,596,139.0,427.0,120,367,positive,8912
101,7,68,Tic-Tac-Toe Endgame,766,2,positive,1,select_coverage,1.0,DAC,196,582,,,133,395,positive,4736
101,7,68,Tic-Tac-Toe Endgame,766,2,positive,1,select_coverage,1.0,exact,196,582,133.0,395.0,116,341,positive,8480
101,7,68,Tic-Tac-Toe Endgame,766,2,positive,1,select_coverage,2.0,DAC,392,1234,,,303,972,positive,9696
101,7,68,Tic-Tac-Toe Endgame,766,2,positive,1,select_coverage,2.0,exact,392,1234,303.0,972.0,253,812,positive,19360
101,7,68,Tic-Tac-Toe Endgame,766,2,positive,1,select_coverage,3.0,DAC,574,1860,,,444,1476,positive,14384
101,7,68,Tic-Tac-Toe Endgame,766,2,positive,1,select_coverage,3.0,exact,574,1860,444.0,1476.0,367,1221,positive,28900
101,7,68,Tic-Tac-Toe Endgame,766,2,positive,1,select_coverage,4.0,DAC,726,2421,,,565,1940,positive,18452
101,7,68,Tic-Tac-Toe Endgame,766,2,positive,1,select_coverage,4.0,exact,726,2421,565.0,1940.0,462,1588,positive,37372
101,7,68,Tic-Tac-Toe Endgame,766,2,positive,1,select_coverage_CBA_M1,,DAC,167,498,,,115,344,negative,4052
101,7,68,Tic-Tac-Toe Endgame,766,2,positive,1,select_coverage_CBA_M1,,exact,167,498,115.0,344.0,101,299,positive,7340
101,7,68,Tic-Tac-Toe Endgame,766,2,positive,2,select_coverage,1.0,exact,196,582,133.0,395.0,116,341,positive,8480
101,7,68,Tic-Tac-Toe Endgame,766,2,positive,2,select_coverage,2.0,exact,392,1234,303.0,972.0,253,812,positive,19360
101,7,68,Tic-Tac-Toe Endgame,766,2,positive,2,select_coverage,3.0,exact,574,1860,444.0,1476.0,367,1221,positive,28900
101,7,68,Tic-Tac-Toe Endgame,766,2,positive,2,select_coverage,4.0,exact,726,2421,565.0,1940.0,462,1588,positive,37372
101,7,68,Tic-Tac-Toe Endgame,766,2,positive,2,select_coverage_CBA_M1,,exact,179,540,120.0,364.0,106,318,positive,7784
101,7,74,Tic-Tac-Toe Endgame,766,2,positive,1,select_coverage,1.0,DAC,198,592,,,133,405,positive,4800
101,7,74,Tic-Tac-Toe Endgame,766,2,positive,1,select_coverage,1.0,exact,198,592,133.0,405.0,112,344,positive,8572
101,7,74,Tic-Tac-Toe Endgame,766,2,positive,1,select_coverage,2.0,DAC,422,1331,,,316,1017,positive,10444
101,7,74,Tic-Tac-Toe Endgame,766,2,positive,1,select_coverage,2.0,exact,422,1331,315.0,1015.0,254,821,positive,20244
101,7,74,Tic-Tac-Toe Endgame,766,2,positive,1,select_coverage,3.0,DAC,609,1975,,,466,1542,positive,15264
101,7,74,Tic-Tac-Toe Endgame,766,2,positive,1,select_coverage,3.0,exact,609,1975,465.0,1540.0,361,1202,positive,30044
101,7,74,Tic-Tac-Toe Endgame,766,2,positive,1,select_coverage,4.0,DAC,779,2592,,,590,2029,positive,19772
101,7,74,Tic-Tac-Toe Endgame,766,2,positive,1,select_coverage,4.0,exact,779,2592,589.0,2027.0,446,1537,positive,38776
101,7,74,Tic-Tac-Toe Endgame,766,2,positive,1,select_coverage_CBA_M1,,DAC,141,407,,,92,266,negative,3376
101,7,74,Tic-Tac-Toe Endgame,766,2,positive,1,select_coverage_CBA_M1,,exact,141,407,92.0,266.0,78,227,negative,5824
101,7,74,Tic-Tac-Toe Endgame,766,2,positive,2,select_coverage,1.0,exact,198,592,133.0,405.0,112,344,positive,8572
101,7,74,Tic-Tac-Toe Endgame,766,2,positive,2,select_coverage,2.0,exact,422,1331,315.0,1015.0,254,821,positive,20244
101,7,74,Tic-Tac-Toe Endgame,766,2,positive,2,select_coverage,3.0,exact,609,1975,465.0,1540.0,361,1202,positive,30044
101,7,74,Tic-Tac-Toe Endgame,766,2,positive,2,select_coverage,4.0,exact,779,2592,589.0,2027.0,446,1537,positive,38776
101,7,74,Tic-Tac-Toe Endgame,766,2,positive,2,select_coverage_CBA_M1,,exact,169,501,112.0,336.0,96,291,positive,7216
101,7,76,Tic-Tac-Toe Endgame,766,2,positive,1,select_coverage,1.0,DAC,208,625,,,143,433,positive,5052
101,7,76,Tic-Tac-Toe Endgame,766,2,positive,1,select_coverage,1.0,exact,208,625,143.0,433.0,114,347,positive,9068
101,7,76,Tic-Tac-Toe Endgame,766,2,positive,1,select_coverage,2.0,DAC,407,1263,,,306,964,positive,9992
101,7,76,Tic-Tac-Toe Endgame,766,2,positive,1,select_coverage,2.0,exact,407,1263,306.0,964.0,237,756,positive,19292
101,7,76,Tic-Tac-Toe Endgame,766,2,positive,1,select_coverage,3.0,DAC,603,1911,,,468,1508,positive,14936
101,7,76,Tic-Tac-Toe Endgame,766,2,positive,1,select_coverage,3.0,exact,603,1911,468.0,1508.0,362,1184,positive,29660
101,7,76,Tic-Tac-Toe Endgame,766,2,positive,1,select_coverage,4.0,DAC,773,2511,,,589,1963,positive,19376
101,7,76,Tic-Tac-Toe Endgame,766,2,positive,1,select_coverage,4.0,exact,773,2511,588.0,1962.0,460,1561,positive,38264
101,7,76,Tic-Tac-Toe Endgame,766,2,positive,1,select_coverage_CBA_M1,,DAC,145,407,,,97,266,negative,3424
101,7,76,Tic-Tac-Toe Endgame,766,2,positive,1,select_coverage_CBA_M1,,exact,145,407,97.0,266.0,78,215,positive,5896
101,7,76,Tic-Tac-Toe Endgame,766,2,positive,2,select_coverage,1.0,exact,208,625,143.0,433.0,114,347,positive,9068
101,7,76,Tic-Tac-Toe Endgame,766,2,positive,2,select_coverage,2.0,exact,407,1263,306.0,964.0,237,756,positive,19292
101,7,76,Tic-Tac-Toe Endgame,766,2,positive,2,select_coverage,3.0,exact,603,1911,468.0,1508.0,362,1184,positive,29660
101,7,76,Tic-Tac-Toe Endgame,766,2,positive,2,select_coverage,4.0,exact,773,2511,588.0,1962.0,460,1561,positive,38264
101,7,76,Tic-Tac-Toe Endgame,766,2,positive,2,select_coverage_CBA_M1,,exact,194,571,130.0,382.0,106,316,positive,8212
101,7,100,Tic-Tac-Toe Endgame,766,2,positive,1,select_coverage,1.0,DAC,208,622,,,155,467,positive,5040
101,7,100,Tic-Tac-Toe Endgame,766,2,positive,1,select_coverage,1.0,exact,208,622,155.0,467.0,129,395,positive,9672
101,7,100,Tic-Tac-Toe Endgame,766,2,positive,1,select_coverage,2.0,DAC,420,1298,,,329,1034,positive,10288
101,7,100,Tic-Tac-Toe Endgame,766,2,positive,1,select_coverage,2.0,exact,420,1298,329.0,1034.0,270,855,positive,20660
101,7,100,Tic-Tac-Toe Endgame,766,2,positive,1,select_coverage,3.0,DAC,612,1932,,,469,1510,positive,15128
101,7,100,Tic-Tac-Toe Endgame,766,2,positive,1,select_coverage,3.0,exact,612,1932,469.0,1510.0,383,1244,positive,30016
101,7,100,Tic-Tac-Toe Endgame,766,2,positive,1,select_coverage,4.0,DAC,761,2454,,,581,1920,positive,19004
101,7,100,Tic-Tac-Toe Endgame,766,2,positive,1,select_coverage,4.0,exact,761,2454,581.0,1920.0,466,1556,positive,37680
101,7,100,Tic-Tac-Toe Endgame,766,2,positive,1,select_coverage_CBA_M1,,DAC,157,462,,,113,333,negative,3788
101,7,100,Tic-Tac-Toe Endgame,766,2,positive,1,select_coverage_CBA_M1,,exact,157,462,113.0,333.0,96,285,positive,7048
101,7,100,Tic-Tac-Toe Endgame,766,2,positive,2,select_coverage,1.0,exact,208,622,155.0,467.0,129,395,positive,9672
101,7,100,Tic-Tac-Toe Endgame,766,2,positive,2,select_coverage,2.0,exact,420,1298,329.0,1034.0,270,855,positive,20660
101,7,100,Tic-Tac-Toe Endgame,766,2,positive,2,select_coverage,3.0,exact,612,1932,469.0,1510.0,383,1244,positive,30016
101,7,100,Tic-Tac-Toe Endgame,766,2,positive,2,select_coverage,4.0,exact,761,2454,581.0,1920.0,466,1556,positive,37680
101,7,100,Tic-Tac-Toe Endgame,766,2,positive,2,select_coverage_CBA_M1,,exact,183,546,132.0,397.0,112,340,positive,8316
101,7,114,Tic-Tac-Toe Endgame,766,2,positive,1,select_coverage,1.0,DAC,207,635,,,147,456,positive,5080
101,7,114,Tic-Tac-Toe Endgame,766,2,positive,1,select_coverage,1.0,exact,207,635,147.0,456.0,119,371,positive,9392
101,7,114,Tic-Tac-Toe Endgame,766,2,positive,1,select_coverage,2.0,DAC,410,1304,,,323,1046,positive,10192
101,7,114,Tic-Tac-Toe Endgame,766,2,positive,1,select_coverage,2.0,exact,410,1304,323.0,1046.0,252,828,positive,20480
101,7,114,Tic-Tac-Toe Endgame,766,2,positive,1,select_coverage,3.0,DAC,576,1873,,,455,1511,positive,14460
101,7,114,Tic-Tac-Toe Endgame,766,2,positive,1,select_coverage,3.0,exact,576,1873,454.0,1510.0,350,1185,positive,29184
101,7,114,Tic-Tac-Toe Endgame,766,2,positive,1,select_coverage,4.0,DAC,705,2322,,,562,1888,positive,17804
101,7,114,Tic-Tac-Toe Endgame,766,2,positive,1,select_coverage,4.0,exact,705,2322,561.0,1887.0,435,1497,positive,36304
101,7,114,Tic-Tac-Toe Endgame,766,2,positive,1,select_coverage_CBA_M1,,DAC,142,422,,,95,283,negative,3448
101,7,114,Tic-Tac-Toe Endgame,766,2,positive,1,select_coverage_CBA_M1,,exact,142,422,95.0,283.0,76,226,negative,6020
101,7,114,Tic-Tac-Toe Endgame,766,2,positive,2,select_coverage,1.0,exact,207,635,147.0,456.0,119,371,positive,9392
101,7,114,Tic-Tac-Toe Endgame,766,2,positive,2,select_coverage,2.0,exact,410,1304,323.0,1046.0,252,828,positive,20480
101,7,114,Tic-Tac-Toe Endgame,766,2,positive,2,select_coverage,3.0,exact,576,1873,454.0,1510.0,350,1185,positive,29184
101,7,114,Tic-Tac-Toe Endgame,766,2,positive,2,select_coverage,4.0,exact,705,2322,561.0,1887.0,435,1497,positive,36304
101,7,114,Tic-Tac-Toe Endgame,766,2,positive,2,select_coverage_CBA_M1,,exact,180,554,122.0,381.0,101,317,positive,7952
101,7,133,Tic-Tac-Toe Endgame,766,2,positive,1,select_coverage,1.0,DAC,213,641,,,155,470,positive,5176
101,7,133,Tic-Tac-Toe Endgame,766,2,positive,1,select_coverage,1.0,exact,213,641,155.0,470.0,128,392,positive,9748
101,7,133,Tic-Tac-Toe Endgame,766,2,positive,1,select_coverage,2.0,DAC,398,1239,,,302,964,positive,9788
101,7,133,Tic-Tac-Toe Endgame,766,2,positive,1,select_coverage,2.0,exact,398,1239,302.0,964.0,236,754,positive,19092
101,7,133,Tic-Tac-Toe Endgame,766,2,positive,1,select_coverage,3.0,DAC,555,1791,,,429,1435,positive,13880
101,7,133,Tic-Tac-Toe Endgame,766,2,positive,1,select_coverage,3.0,exact,555,1791,429.0,1435.0,328,1110,positive,27656
101,7,133,Tic-Tac-Toe Endgame,766,2,positive,1,select_coverage,4.0,DAC,676,2287,,,529,1863,positive,17316
101,7,133,Tic-Tac-Toe Endgame,766,2,positive,1,select_coverage,4.0,exact,676,2287,529.0,1863.0,397,1417,positive,34980
101,7,133,Tic-Tac-Toe Endgame,766,2,positive,1,select_coverage_CBA_M1,,DAC,187,567,,,133,408,negative,4568
101,7,133,Tic-Tac-Toe Endgame,766,2,positive,1,select_coverage_CBA_M1,,exact,187,567,133.0,408.0,108,336,positive,8452
101,7,133,Tic-Tac-Toe Endgame,766,2,positive,2,select_coverage,1.0,exact,213,641,155.0,470.0,128,392,positive,9748
101,7,133,Tic-Tac-Toe Endgame,766,2,positive,2,select_coverage,2.0,exact,398,1239,302.0,964.0,236,754,positive,19092
101,7,133,Tic-Tac-Toe Endgame,766,2,positive,2,select_coverage,3.0,exact,555,1791,429.0,1435.0,328,1110,positive,27656
101,7,133,Tic-Tac-Toe Endgame,766,2,positive,2,select_coverage,4.0,exact,676,2287,529.0,1863.0,397,1417,positive,34980
101,7,133,Tic-Tac-Toe Endgame,766,2,positive,2,select_coverage_CBA_M1,,exact,194,597,137.0,428.0,114,362,positive,8852
101,7,138,Tic-Tac-Toe Endgame,766,2,positive,1,select_coverage,1.0,DAC,211,628,,,148,442,positive,5100
101,7,138,Tic-Tac-Toe Endgame,766,2,positive,1,select_coverage,1.0,exact,211,628,148.0,442.0,124,369,positive,9324
101,7,138,Tic-Tac-Toe Endgame,766,2,positive,1,select_coverage,2.0,DAC,416,1280,,,326,1020,positive,10168
101,7,138,Tic-Tac-Toe Endgame,766,2,positive,1,select_coverage,2.0,exact,416,1280,326.0,1020.0,252,802,positive,20248
101,7,138,Tic-Tac-Toe Endgame,766,2,positive,1,select_coverage,3.0,DAC,595,1863,,,465,1483,positive,14648
101,7,138,Tic-Tac-Toe Endgame,766,2,positive,1,select_coverage,3.0,exact,595,1863,464.0,1480.0,350,1142,positive,29092
101,7,138,Tic-Tac-Toe Endgame,766,2,positive,1,select_coverage,4.0,DAC,727,2323,,,568,1850,positive,18072
101,7,138,Tic-Tac-Toe Endgame,766,2,positive,1,select_coverage,4.0,exact,727,2323,567.0,1847.0,422,1405,positive,35924
101,7,138,Tic-Tac-Toe Endgame,766,2,positive,1,select_coverage_CBA_M1,,DAC,163,486,,,115,346,negative,3956
101,7,138,Tic-Tac-Toe Endgame,766,2,positive,1,select_coverage_CBA_M1,,exact,163,486,115.0,346.0,97,290,positive,7264
101,7,138,Tic-Tac-Toe Endgame,766,2,positive,2,select_coverage,1.0,exact,211,628,148.0,442.0,124,369,positive,9324
101,7,138,Tic-Tac-Toe Endgame,766,2,positive,2,select_coverage,2.0,exact,416,1280,326.0,1020.0,252,802,positive,20248
101,7,138,Tic-Tac-Toe Endgame,766,2,positive,2,select_coverage,3.0,exact,595,1863,464.0,1480.0,350,1142,positive,29092
101,7,138,Tic-Tac-Toe Endgame,766,2,positive,2,select_coverage,4.0,exact,727,2323,567.0,1847.0,422,1405,positive,35924
101,7,138,Tic-Tac-Toe Endgame,766,2,positive,2,select_coverage_CBA_M1,,exact,186,557,129.0,388.0,110,329,positive,8208
101,7,148,Tic-Tac-Toe Endgame,766,2,positive,1,select_coverage,1.0,DAC,209,628,,,148,450,positive,5076
101,7,148,Tic-Tac-Toe Endgame,766,2,positive,1,select_coverage,1.0,exact,209,628,148.0,450.0,123,374,positive,9376
101,7,148,Tic-Tac-Toe Endgame,766,2,positive,1,select_coverage,2.0,DAC,411,1291,,,313,1009,positive,10152
101,7,148,Tic-Tac-Toe Endgame,766,2,positive,1,select_coverage,2.0,exact,411,1291,313.0,1009.0,254,823,positive,20020
101,7,148,Tic-Tac-Toe Endgame,766,2,positive,1,select_coverage,3.0,DAC,609,1971,,,472,1568,positive,15248
101,7,148,Tic-Tac-Toe Endgame,766,2,positive,1,select_coverage,3.0,exact,609,1971,472.0,1568.0,371,1238,positive,30452
101,7,148,Tic-Tac-Toe Endgame,766,2,positive,1,select_coverage,4.0,DAC,759,2517,,,593,2027,positive,19232
101,7,148,Tic-Tac-Toe Endgame,766,2,positive,1,select_coverage,4.0,exact,759,2517,593.0,2027.0,446,1526,positive,38528
101,7,148,Tic-Tac-Toe Endgame,766,2,positive,1,select_coverage_CBA_M1,,DAC,161,470,,,110,322,negative,3868
101,7,148,Tic-Tac-Toe Endgame,766,2,positive,1,select_coverage_CBA_M1,,exact,161,470,110.0,322.0,91,266,negative,6888
101,7,148,Tic-Tac-Toe Endgame,766,2,positive,2,select_coverage,1.0,exact,209,628,148.0,450.0,123,374,positive,9376
101,7,148,Tic-Tac-Toe Endgame,766,2,positive,2,select_coverage,2.0,exact,411,1291,313.0,1009.0,254,823,positive,20020
101,7,148,Tic-Tac-Toe Endgame,766,2,positive,2,select_coverage,3.0,exact,609,1971,472.0,1568.0,371,1238,positive,30452
101,7,148,Tic-Tac-Toe Endgame,766,2,positive,2,select_coverage,4.0,exact,759,2517,593.0,2027.0,446,1526,positive,38528
101,7,148,Tic-Tac-Toe Endgame,766,2,positive,2,select_coverage_CBA_M1,,exact,190,568,131.0,396.0,109,330,positive,8336
101,8,5,Tic-Tac-Toe Endgame,766,2,positive,1,select_coverage,1.0,DAC,214,628,,,163,481,positive,5144
101,8,5,Tic-Tac-Toe Endgame,766,2,positive,1,select_coverage,1.0,exact,214,628,163.0,481.0,124,368,positive,9836
101,8,5,Tic-Tac-Toe Endgame,766,2,positive,1,select_coverage,2.0,DAC,406,1247,,,320,1007,positive,9924
101,8,5,Tic-Tac-Toe Endgame,766,2,positive,1,select_coverage,2.0,exact,406,1247,320.0,1007.0,238,759,positive,19748
101,8,5,Tic-Tac-Toe Endgame,766,2,positive,1,select_coverage,3.0,DAC,563,1807,,,450,1488,positive,14048
101,8,5,Tic-Tac-Toe Endgame,766,2,positive,1,select_coverage,3.0,exact,563,1807,450.0,1488.0,337,1124,positive,28492
101,8,5,Tic-Tac-Toe Endgame,766,2,positive,1,select_coverage,4.0,DAC,722,2432,,,580,2023,positive,18456
101,8,5,Tic-Tac-Toe Endgame,766,2,positive,1,select_coverage,4.0,exact,722,2432,580.0,2023.0,437,1538,positive,37908
101,8,5,Tic-Tac-Toe Endgame,766,2,positive,1,select_coverage_CBA_M1,,DAC,189,556,,,143,421,positive,4556
101,8,5,Tic-Tac-Toe Endgame,766,2,positive,1,select_coverage_CBA_M1,,exact,189,556,143.0,421.0,111,330,positive,8676
101,8,5,Tic-Tac-Toe Endgame,766,2,positive,2,select_coverage,1.0,exact,214,628,163.0,481.0,124,368,positive,9836
101,8,5,Tic-Tac-Toe Endgame,766,2,positive,2,select_coverage,2.0,exact,406,1247,320.0,1007.0,238,759,positive,19748
101,8,5,Tic-Tac-Toe Endgame,766,2,positive,2,select_coverage,3.0,exact,563,1807,450.0,1488.0,337,1124,positive,28492
101,8,5,Tic-Tac-Toe Endgame,766,2,positive,2,select_coverage,4.0,exact,722,2432,580.0,2023.0,437,1538,positive,37908
101,8,5,Tic-Tac-Toe Endgame,766,2,positive,2,select_coverage_CBA_M1,,exact,198,585,150.0,444.0,118,353,positive,9144
101,8,14,Tic-Tac-Toe Endgame,766,2,positive,1,select_coverage,1.0,DAC,208,598,,,164,468,positive,4952
101,8,14,Tic-Tac-Toe Endgame,766,2,positive,1,select_coverage,1.0,exact,208,598,164.0,468.0,134,385,positive,9756
101,8,14,Tic-Tac-Toe Endgame,766,2,positive,1,select_coverage,2.0,DAC,424,1305,,,337,1050,positive,10372
101,8,14,Tic-Tac-Toe Endgame,766,2,positive,1,select_coverage,2.0,exact,424,1305,337.0,1050.0,258,805,positive,20744
101,8,14,Tic-Tac-Toe Endgame,766,2,positive,1,select_coverage,3.0,DAC,616,1955,,,496,1605,positive,15276
101,8,14,Tic-Tac-Toe Endgame,766,2,positive,1,select_coverage,3.0,exact,616,1955,496.0,1605.0,378,1236,positive,31104
101,8,14,Tic-Tac-Toe Endgame,766,2,positive,1,select_coverage,4.0,DAC,772,2516,,,616,2069,positive,19392
101,8,14,Tic-Tac-Toe Endgame,766,2,positive,1,select_coverage,4.0,exact,772,2516,615.0,2066.0,466,1581,positive,39428
101,8,14,Tic-Tac-Toe Endgame,766,2,positive,1,select_coverage_CBA_M1,,DAC,147,410,,,118,324,negative,3468
101,8,14,Tic-Tac-Toe Endgame,766,2,positive,1,select_coverage_CBA_M1,,exact,147,410,118.0,324.0,94,256,positive,6808
101,8,14,Tic-Tac-Toe Endgame,766,2,positive,2,select_coverage,1.0,exact,208,598,164.0,468.0,134,385,positive,9756
101,8,14,Tic-Tac-Toe Endgame,766,2,positive,2,select_coverage,2.0,exact,424,1305,337.0,1050.0,258,805,positive,20744
101,8,14,Tic-Tac-Toe Endgame,766,2,positive,2,select_coverage,3.0,exact,616,1955,496.0,1605.0,378,1236,positive,31104
101,8,14,Tic-Tac-Toe Endgame,766,2,positive,2,select_coverage,4.0,exact,772,2516,615.0,2066.0,466,1581,positive,39428
101,8,14,Tic-Tac-Toe Endgame,766,2,positive,2,select_coverage_CBA_M1,,exact,192,554,150.0,429.0,121,347,positive,8936
101,8,17,Tic-Tac-Toe Endgame,766,2,positive,1,select_coverage,1.0,DAC,237,702,,,189,560,positive,5716
101,8,17,Tic-Tac-Toe Endgame,766,2,positive,1,select_coverage,1.0,exact,237,702,188.0,557.0,146,441,positive,11328
101,8,17,Tic-Tac-Toe Endgame,766,2,positive,1,select_coverage,2.0,DAC,422,1310,,,345,1086,positive,10368
101,8,17,Tic-Tac-Toe Endgame,766,2,positive,1,select_coverage,2.0,exact,422,1310,344.0,1083.0,260,840,positive,21204
101,8,17,Tic-Tac-Toe Endgame,766,2,positive,1,select_coverage,3.0,DAC,614,1985,,,496,1642,positive,15372
101,8,17,Tic-Tac-Toe Endgame,766,2,positive,1,select_coverage,3.0,exact,614,1985,495.0,1639.0,360,1218,positive,31264
101,8,17,Tic-Tac-Toe Endgame,766,2,positive,1,select_coverage,4.0,DAC,766,2575,,,625,2161,positive,19556
101,8,17,Tic-Tac-Toe Endgame,766,2,positive,1,select_coverage,4.0,exact,766,2575,624.0,2158.0,449,1585,positive,40264
101,8,17,Tic-Tac-Toe Endgame,766,2,positive,1,select_coverage_CBA_M1,,DAC,224,683,,,176,541,positive,5484
101,8,17,Tic-Tac-Toe Endgame,766,2,positive,1,select_coverage_CBA_M1,,exact,224,683,175.0,538.0,135,424,positive,10796
101,8,17,Tic-Tac-Toe Endgame,766,2,positive,2,select_coverage,1.0,exact,237,702,188.0,557.0,146,441,positive,11328
101,8,17,Tic-Tac-Toe Endgame,766,2,positive,2,select_coverage,2.0,exact,422,1310,344.0,1083.0,260,840,positive,21204
101,8,17,Tic-Tac-Toe Endgame,766,2,positive,2,select_coverage,3.0,exact,614,1985,495.0,1639.0,360,1218,positive,31264
101,8,17,Tic-Tac-Toe Endgame,766,2,positive,2,select_coverage,4.0,exact,766,2575,624.0,2158.0,449,1585,positive,40264
101,8,17,Tic-Tac-Toe Endgame,766,2,positive,2,select_coverage_CBA_M1,,exact,224,683,175.0,538.0,135,424,positive,10796
101,8,19,Tic-Tac-Toe Endgame,766,2,positive,1,select_coverage,1.0,DAC,228,660,,,177,515,positive,5440
101,8,19,Tic-Tac-Toe Endgame,766,2,positive,1,select_coverage,1.0,exact,228,660,177.0,515.0,153,451,positive,10768
101,8,19,Tic-Tac-Toe Endgame,766,2,positive,1,select_coverage,2.0,DAC,430,1296,,,332,1034,positive,10408
101,8,19,Tic-Tac-Toe Endgame,766,2,positive,1,select_coverage,2.0,exact,430,1296,332.0,1034.0,278,882,positive,20832
101,8,19,Tic-Tac-Toe Endgame,766,2,positive,1,select_coverage,3.0,DAC,584,1837,,,454,1483,positive,14420
101,8,19,Tic-Tac-Toe Endgame,766,2,positive,1,select_coverage,3.0,exact,584,1837,454.0,1483.0,370,1219,positive,29068
101,8,19,Tic-Tac-Toe Endgame,766,2,positive,1,select_coverage,4.0,DAC,728,2387,,,568,1938,positive,18348
101,8,19,Tic-Tac-Toe Endgame,766,2,positive,1,select_coverage,4.0,exact,728,2387,568.0,1938.0,459,1579,positive,37264
101,8,19,Tic-Tac-Toe Endgame,766,2,positive,1,select_coverage_CBA_M1,,DAC,215,638,,,166,495,positive,5196
101,8,19,Tic-Tac-Toe Endgame,766,2,positive,1,select_coverage_CBA_M1,,exact,215,638,166.0,495.0,144,434,positive,10268
101,8,19,Tic-Tac-Toe Endgame,766,2,positive,2,select_coverage,1.0,exact,228,660,177.0,515.0,153,451,positive,10768
101,8,19,Tic-Tac-Toe Endgame,766,2,positive,2,select_coverage,2.0,exact,430,1296,332.0,1034.0,278,882,positive,20832
101,8,19,Tic-Tac-Toe Endgame,766,2,positive,2,select_coverage,3.0,exact,584,1837,454.0,1483.0,370,1219,positive,29068
101,8,19,Tic-Tac-Toe Endgame,766,2,positive,2,select_coverage,4.0,exact,728,2387,568.0,1938.0,459,1579,positive,37264
101,8,19,Tic-Tac-Toe Endgame,766,2,positive,2,select_coverage_CBA_M1,,exact,215,638,166.0,495.0,144,434,positive,10268
101,8,29,Tic-Tac-Toe Endgame,766,2,positive,1,select_coverage,1.0,DAC,222,658,,,167,497,positive,5360
101,8,29,Tic-Tac-Toe Endgame,766,2,positive,1,select_coverage,1.0,exact,222,658,167.0,497.0,138,419,positive,10320
101,8,29,Tic-Tac-Toe Endgame,766,2,positive,1,select_coverage,2.0,DAC,429,1320,,,335,1055,positive,10492
101,8,29,Tic-Tac-Toe Endgame,766,2,positive,1,select_coverage,2.0,exact,429,1320,335.0,1055.0,264,844,positive,20932
101,8,29,Tic-Tac-Toe Endgame,766,2,positive,1,select_coverage,3.0,DAC,603,1944,,,471,1568,positive,15076
101,8,29,Tic-Tac-Toe Endgame,766,2,positive,1,select_coverage,3.0,exact,603,1944,470.0,1565.0,364,1232,positive,30260
101,8,29,Tic-Tac-Toe Endgame,766,2,positive,1,select_coverage,4.0,DAC,751,2482,,,588,2015,positive,19004
101,8,29,Tic-Tac-Toe Endgame,766,2,positive,1,select_coverage,4.0,exact,751,2482,586.0,2011.0,446,1555,positive,38272
101,8,29,Tic-Tac-Toe Endgame,766,2,positive,1,select_coverage_CBA_M1,,DAC,197,588,,,147,441,negative,4780
101,8,29,Tic-Tac-Toe Endgame,766,2,positive,1,select_coverage_CBA_M1,,exact,197,588,147.0,441.0,123,374,positive,9156
101,8,29,Tic-Tac-Toe Endgame,766,2,positive,2,select_coverage,1.0,exact,222,658,167.0,497.0,138,419,positive,10320
101,8,29,Tic-Tac-Toe Endgame,766,2,positive,2,select_coverage,2.0,exact,429,1320,335.0,1055.0,264,844,positive,20932
101,8,29,Tic-Tac-Toe Endgame,766,2,positive,2,select_coverage,3.0,exact,603,1944,470.0,1565.0,364,1232,positive,30260
101,8,29,Tic-Tac-Toe Endgame,766,2,positive,2,select_coverage,4.0,exact,751,2482,586.0,2011.0,446,1555,positive,38272
101,8,29,Tic-Tac-Toe Endgame,766,2,positive,2,select_coverage_CBA_M1,,exact,211,634,158.0,477.0,133,407,positive,9880
101,8,31,Tic-Tac-Toe Endgame,766,2,positive,1,select_coverage,1.0,DAC,237,700,,,172,512,positive,5708
101,8,31,Tic-Tac-Toe Endgame,766,2,positive,1,select_coverage,1.0,exact,237,700,172.0,512.0,135,406,positive,10616
101,8,31,Tic-Tac-Toe Endgame,766,2,positive,1,select_coverage,2.0,DAC,430,1306,,,326,1009,positive,10448
101,8,31,Tic-Tac-Toe Endgame,766,2,positive,1,select_coverage,2.0,exact,430,1306,326.0,1009.0,253,798,positive,20292
101,8,31,Tic-Tac-Toe Endgame,766,2,positive,1,select_coverage,3.0,DAC,590,1832,,,447,1422,positive,14472
101,8,31,Tic-Tac-Toe Endgame,766,2,positive,1,select_coverage,3.0,exact,590,1832,447.0,1422.0,350,1135,positive,28300
101,8,31,Tic-Tac-Toe Endgame,766,2,positive,1,select_coverage,4.0,DAC,732,2338,,,559,1835,positive,18200
101,8,31,Tic-Tac-Toe Endgame,766,2,positive,1,select_coverage,4.0,exact,732,2338,558.0,1833.0,441,1479,positive,36008
101,8,31,Tic-Tac-Toe Endgame,766,2,positive,1,select_coverage_CBA_M1,,DAC,189,554,,,135,399,negative,4548
101,8,31,Tic-Tac-Toe Endgame,766,2,positive,1,select_coverage_CBA_M1,,exact,189,554,135.0,399.0,108,320,positive,8348
101,8,31,Tic-Tac-Toe Endgame,766,2,positive,2,select_coverage,1.0,exact,237,700,172.0,512.0,135,406,positive,10616
101,8,31,Tic-Tac-Toe Endgame,766,2,positive,2,select_coverage,2.0,exact,430,1306,326.0,1009.0,253,798,positive,20292
101,8,31,Tic-Tac-Toe Endgame,766,2,positive,2,select_coverage,3.0,exact,590,1832,447.0,1422.0,350,1135,positive,28300
101,8,31,Tic-Tac-Toe Endgame,766,2,positive,2,select_coverage,4.0,exact,732,2338,558.0,1833.0,441,1479,positive,36008
101,8,31,Tic-Tac-Toe Endgame,766,2,positive,2,select_coverage_CBA_M1,,exact,214,633,150.0,448.0,119,359,positive,9376
101,8,34,Tic-Tac-Toe Endgame,766,2,positive,1,select_coverage,1.0,DAC,215,622,,,151,444,positive,5132
101,8,34,Tic-Tac-Toe Endgame,766,2,positive,1,select_coverage,1.0,exact,215,622,151.0,444.0,118,343,positive,9276
101,8,34,Tic-Tac-Toe Endgame,766,2,positive,1,select_coverage,2.0,DAC,417,1311,,,327,1066,positive,10312
101,8,34,Tic-Tac-Toe Endgame,766,2,positive,1,select_coverage,2.0,exact,417,1311,327.0,1066.0,260,845,positive,20752
101,8,34,Tic-Tac-Toe Endgame,766,2,positive,1,select_coverage,3.0,DAC,581,1908,,,458,1561,positive,14668
101,8,34,Tic-Tac-Toe Endgame,766,2,positive,1,select_coverage,3.0,exact,581,1908,458.0,1561.0,362,1238,positive,29836
101,8,34,Tic-Tac-Toe Endgame,766,2,positive,1,select_coverage,4.0,DAC,713,2430,,,570,2025,positive,18340
101,8,34,Tic-Tac-Toe Endgame,766,2,positive,1,select_coverage,4.0,exact,713,2430,570.0,2025.0,436,1554,positive,37732
101,8,34,Tic-Tac-Toe Endgame,766,2,positive,1,select_coverage_CBA_M1,,DAC,190,579,,,134,412,positive,4660
101,8,34,Tic-Tac-Toe Endgame,766,2,positive,1,select_coverage_CBA_M1,,exact,190,579,134.0,412.0,104,319,positive,8472
101,8,34,Tic-Tac-Toe Endgame,766,2,positive,2,select_coverage,1.0,exact,215,622,151.0,444.0,118,343,positive,9276
101,8,34,Tic-Tac-Toe Endgame,766,2,positive,2,select_coverage,2.0,exact,417,1311,327.0,1066.0,260,845,positive,20752
101,8,34,Tic-Tac-Toe Endgame,766,2,positive,2,select_coverage,3.0,exact,581,1908,458.0,1561.0,362,1238,positive,29836
101,8,34,Tic-Tac-Toe Endgame,766,2,positive,2,select_coverage,4.0,exact,713,2430,570.0,2025.0,436,1554,positive,37732
101,8,34,Tic-Tac-Toe Endgame,766,2,positive,2,select_coverage_CBA_M1,,exact,190,579,134.0,412.0,104,319,positive,8472
101,8,42,Tic-Tac-Toe Endgame,766,2,positive,1,select_coverage,1.0,DAC,226,659,,,166,490,positive,5412
101,8,42,Tic-Tac-Toe Endgame,766,2,positive,1,select_coverage,1.0,exact,226,659,166.0,490.0,134,400,positive,10196
101,8,42,Tic-Tac-Toe Endgame,766,2,positive,1,select_coverage,2.0,DAC,432,1325,,,335,1059,positive,10548
101,8,42,Tic-Tac-Toe Endgame,766,2,positive,1,select_coverage,2.0,exact,432,1325,334.0,1056.0,267,847,positive,20944
101,8,42,Tic-Tac-Toe Endgame,766,2,positive,1,select_coverage,3.0,DAC,588,1884,,,454,1498,positive,14656
101,8,42,Tic-Tac-Toe Endgame,766,2,positive,1,select_coverage,3.0,exact,588,1884,453.0,1495.0,362,1209,positive,29240
101,8,42,Tic-Tac-Toe Endgame,766,2,positive,1,select_coverage,4.0,DAC,735,2440,,,568,1950,positive,18644
101,8,42,Tic-Tac-Toe Endgame,766,2,positive,1,select_coverage,4.0,exact,735,2440,567.0,1947.0,450,1559,positive,37408
101,8,42,Tic-Tac-Toe Endgame,766,2,positive,1,select_coverage_CBA_M1,,DAC,187,542,,,138,402,negative,4476
101,8,42,Tic-Tac-Toe Endgame,766,2,positive,1,select_coverage_CBA_M1,,exact,187,542,138.0,402.0,110,326,positive,8408
101,8,42,Tic-Tac-Toe Endgame,766,2,positive,2,select_coverage,1.0,exact,226,659,166.0,490.0,134,400,positive,10196
101,8,42,Tic-Tac-Toe Endgame,766,2,positive,2,select_coverage,2.0,exact,432,1325,334.0,1056.0,267,847,positive,20944
101,8,42,Tic-Tac-Toe Endgame,766,2,positive,2,select_coverage,3.0,exact,588,1884,453.0,1495.0,362,1209,positive,29240
101,8,42,Tic-Tac-Toe Endgame,766,2,positive,2,select_coverage,4.0,exact,735,2440,567.0,1947.0,450,1559,positive,37408
101,8,42,Tic-Tac-Toe Endgame,766,2,positive,2,select_coverage_CBA_M1,,exact,211,624,155.0,462.0,126,381,positive,9604
101,8,49,Tic-Tac-Toe Endgame,766,2,positive,1,select_coverage,1.0,DAC,219,642,,,163,479,positive,5260
101,8,49,Tic-Tac-Toe Endgame,766,2,positive,1,select_coverage,1.0,exact,219,642,163.0,479.0,135,408,positive,10044
101,8,49,Tic-Tac-Toe Endgame,766,2,positive,1,select_coverage,2.0,DAC,423,1317,,,329,1043,positive,10408
101,8,49,Tic-Tac-Toe Endgame,766,2,positive,1,select_coverage,2.0,exact,423,1317,329.0,1043.0,264,857,positive,20780
101,8,49,Tic-Tac-Toe Endgame,766,2,positive,1,select_coverage,3.0,DAC,608,1950,,,469,1552,positive,15160
101,8,49,Tic-Tac-Toe Endgame,766,2,positive,1,select_coverage,3.0,exact,608,1950,468.0,1550.0,360,1214,positive,30104
101,8,49,Tic-Tac-Toe Endgame,766,2,positive,1,select_coverage,4.0,DAC,760,2525,,,591,2029,positive,19284
101,8,49,Tic-Tac-Toe Endgame,766,2,positive,1,select_coverage,4.0,exact,760,2525,590.0,2027.0,448,1555,positive,38604
101,8,49,Tic-Tac-Toe Endgame,766,2,positive,1,select_coverage_CBA_M1,,DAC,198,592,,,149,447,positive,4808
101,8,49,Tic-Tac-Toe Endgame,766,2,positive,1,select_coverage_CBA_M1,,exact,198,592,149.0,447.0,125,383,positive,9280
101,8,49,Tic-Tac-Toe Endgame,766,2,positive,2,select_coverage,1.0,exact,219,642,163.0,479.0,135,408,positive,10044
101,8,49,Tic-Tac-Toe Endgame,766,2,positive,2,select_coverage,2.0,exact,423,1317,329.0,1043.0,264,857,positive,20780
101,8,49,Tic-Tac-Toe Endgame,766,2,positive,2,select_coverage,3.0,exact,608,1950,468.0,1550.0,360,1214,positive,30104
101,8,49,Tic-Tac-Toe Endgame,766,2,positive,2,select_coverage,4.0,exact,760,2525,590.0,2027.0,448,1555,positive,38604
101,8,49,Tic-Tac-Toe Endgame,766,2,positive,2,select_coverage_CBA_M1,,exact,205,615,151.0,455.0,127,391,positive,9484
101,8,63,Tic-Tac-Toe Endgame,766,2,positive,1,select_coverage,1.0,DAC,219,644,,,164,485,positive,5268
101,8,63,Tic-Tac-Toe Endgame,766,2,positive,1,select_coverage,1.0,exact,219,644,164.0,485.0,135,399,positive,10064
101,8,63,Tic-Tac-Toe Endgame,766,2,positive,1,select_coverage,2.0,DAC,416,1277,,,328,1024,positive,10164
101,8,63,Tic-Tac-Toe Endgame,766,2,positive,1,select_coverage,2.0,exact,416,1277,328.0,1024.0,256,809,positive,20328
101,8,63,Tic-Tac-Toe Endgame,766,2,positive,1,select_coverage,3.0,DAC,596,1863,,,455,1462,positive,14668
101,8,63,Tic-Tac-Toe Endgame,766,2,positive,1,select_coverage,3.0,exact,596,1863,455.0,1462.0,346,1128,positive,28748
101,8,63,Tic-Tac-Toe Endgame,766,2,positive,1,select_coverage,4.0,DAC,743,2374,,,575,1897,positive,18476
101,8,63,Tic-Tac-Toe Endgame,766,2,positive,1,select_coverage,4.0,exact,743,2374,574.0,1895.0,432,1450,positive,36668
101,8,63,Tic-Tac-Toe Endgame,766,2,positive,1,select_coverage_CBA_M1,,DAC,179,518,,,135,389,negative,4284
101,8,63,Tic-Tac-Toe Endgame,766,2,positive,1,select_coverage_CBA_M1,,exact,179,518,135.0,389.0,112,325,positive,8184
101,8,63,Tic-Tac-Toe Endgame,766,2,positive,2,select_coverage,1.0,exact,219,644,164.0,485.0,135,399,positive,10064
101,8,63,Tic-Tac-Toe Endgame,766,2,positive,2,select_coverage,2.0,exact,416,1277,328.0,1024.0,256,809,positive,20328
101,8,63,Tic-Tac-Toe Endgame,766,2,positive,2,select_coverage,3.0,exact,596,1863,455.0,1462.0,346,1128,positive,28748
101,8,63,Tic-Tac-Toe Endgame,766,2,positive,2,select_coverage,4.0,exact,743,2374,574.0,1895.0,432,1450,positive,36668
101,8,63,Tic-Tac-Toe Endgame,766,2,positive,2,select_coverage_CBA_M1,,exact,192,573,144.0,431.0,120,362,positive,8936
101,8,64,Tic-Tac-Toe Endgame,766,2,positive,1,select_coverage,1.0,DAC,210,603,,,154,449,positive,4996
101,8,64,Tic-Tac-Toe Endgame,766,2,positive,1,select_coverage,1.0,exact,210,603,154.0,449.0,134,396,positive,9504
101,8,64,Tic-Tac-Toe Endgame,766,2,positive,1,select_coverage,2.0,DAC,392,1207,,,303,966,positive,9596
101,8,64,Tic-Tac-Toe Endgame,766,2,positive,1,select_coverage,2.0,exact,392,1207,303.0,966.0,250,810,positive,19220
101,8,64,Tic-Tac-Toe Endgame,766,2,positive,1,select_coverage,3.0,DAC,557,1806,,,428,1449,positive,13972
101,8,64,Tic-Tac-Toe Endgame,766,2,positive,1,select_coverage,3.0,exact,557,1806,428.0,1449.0,339,1155,positive,27928
101,8,64,Tic-Tac-Toe Endgame,766,2,positive,1,select_coverage,4.0,DAC,683,2311,,,532,1892,positive,17504
101,8,64,Tic-Tac-Toe Endgame,766,2,positive,1,select_coverage,4.0,exact,683,2311,532.0,1892.0,413,1476,positive,35500
101,8,64,Tic-Tac-Toe Endgame,766,2,positive,1,select_coverage_CBA_M1,,DAC,188,553,,,137,410,positive,4532
101,8,64,Tic-Tac-Toe Endgame,766,2,positive,1,select_coverage_CBA_M1,,exact,188,553,137.0,410.0,118,359,positive,8592
101,8,64,Tic-Tac-Toe Endgame,766,2,positive,2,select_coverage,1.0,exact,210,603,154.0,449.0,134,396,positive,9504
101,8,64,Tic-Tac-Toe Endgame,766,2,positive,2,select_coverage,2.0,exact,392,1207,303.0,966.0,250,810,positive,19220
101,8,64,Tic-Tac-Toe Endgame,766,2,positive,2,select_coverage,3.0,exact,557,1806,428.0,1449.0,339,1155,positive,27928
101,8,64,Tic-Tac-Toe Endgame,766,2,positive,2,select_coverage,4.0,exact,683,2311,532.0,1892.0,413,1476,positive,35500
101,8,64,Tic-Tac-Toe Endgame,766,2,positive,2,select_coverage_CBA_M1,,exact,196,578,143.0,429.0,124,378,positive,8988
101,8,65,Tic-Tac-Toe Endgame,766,2,positive,1,select_coverage,1.0,DAC,228,664,,,164,480,positive,5456
101,8,65,Tic-Tac-Toe Endgame,766,2,positive,1,select_coverage,1.0,exact,228,664,164.0,480.0,140,410,positive,10168
101,8,65,Tic-Tac-Toe Endgame,766,2,positive,1,select_coverage,2.0,DAC,424,1269,,,312,959,positive,10228
101,8,65,Tic-Tac-Toe Endgame,766,2,positive,1,select_coverage,2.0,exact,424,1269,312.0,959.0,245,765,positive,19476
101,8,65,Tic-Tac-Toe Endgame,766,2,positive,1,select_coverage,3.0,DAC,597,1862,,,443,1425,positive,14676
101,8,65,Tic-Tac-Toe Endgame,766,2,positive,1,select_coverage,3.0,exact,597,1862,443.0,1425.0,347,1136,positive,28340
101,8,65,Tic-Tac-Toe Endgame,766,2,positive,1,select_coverage,4.0,DAC,716,2304,,,539,1797,positive,17872
101,8,65,Tic-Tac-Toe Endgame,766,2,positive,1,select_coverage,4.0,exact,716,2304,539.0,1797.0,415,1401,positive,34960
101,8,65,Tic-Tac-Toe Endgame,766,2,positive,1,select_coverage_CBA_M1,,DAC,194,568,,,138,407,negative,4664
101,8,65,Tic-Tac-Toe Endgame,766,2,positive,1,select_coverage_CBA_M1,,exact,194,568,138.0,407.0,116,341,positive,8592
101,8,65,Tic-Tac-Toe Endgame,766,2,positive,2,select_coverage,1.0,exact,228,664,164.0,480.0,140,410,positive,10168
101,8,65,Tic-Tac-Toe Endgame,766,2,positive,2,select_coverage,2.0,exact,424,1269,312.0,959.0,245,765,positive,19476
101,8,65,Tic-Tac-Toe Endgame,766,2,positive,2,select_coverage,3.0,exact,597,1862,443.0,1425.0,347,1136,positive,28340
101,8,65,Tic-Tac-Toe Endgame,766,2,positive,2,select_coverage,4.0,exact,716,2304,539.0,1797.0,415,1401,positive,34960
101,8,65,Tic-Tac-Toe Endgame,766,2,positive,2,select_coverage_CBA_M1,,exact,202,600,144.0,433.0,122,367,positive,9072
101,8,68,Tic-Tac-Toe Endgame,766,2,positive,1,select_coverage,1.0,DAC,231,672,,,168,489,positive,5524
101,8,68,Tic-Tac-Toe Endgame,766,2,positive,1,select_coverage,1.0,exact,231,672,168.0,489.0,138,402,positive,10300
101,8,68,Tic-Tac-Toe Endgame,766,2,positive,1,select_coverage,2.0,DAC,410,1232,,,316,963,positive,9912
101,8,68,Tic-Tac-Toe Endgame,766,2,positive,1,select_coverage,2.0,exact,410,1232,315.0,962.0,252,772,positive,19440
101,8,68,Tic-Tac-Toe Endgame,766,2,positive,1,select_coverage,3.0,DAC,574,1793,,,439,1400,positive,14124
101,8,68,Tic-Tac-Toe Endgame,766,2,positive,1,select_coverage,3.0,exact,574,1793,438.0,1399.0,355,1144,positive,27872
101,8,68,Tic-Tac-Toe Endgame,766,2,positive,1,select_coverage,4.0,DAC,709,2260,,,541,1774,positive,17612
101,8,68,Tic-Tac-Toe Endgame,766,2,positive,1,select_coverage,4.0,exact,709,2260,540.0,1773.0,428,1418,positive,34780
101,8,68,Tic-Tac-Toe Endgame,766,2,positive,1,select_coverage_CBA_M1,,DAC,208,610,,,148,434,negative,5000
101,8,68,Tic-Tac-Toe Endgame,766,2,positive,1,select_coverage_CBA_M1,,exact,208,610,148.0,434.0,121,355,positive,9164
101,8,68,Tic-Tac-Toe Endgame,766,2,positive,2,select_coverage,1.0,exact,231,672,168.0,489.0,138,402,positive,10300
101,8,68,Tic-Tac-Toe Endgame,766,2,positive,2,select_coverage,2.0,exact,410,1232,315.0,962.0,252,772,positive,19440
101,8,68,Tic-Tac-Toe Endgame,766,2,positive,2,select_coverage,3.0,exact,574,1793,438.0,1399.0,355,1144,positive,27872
101,8,68,Tic-Tac-Toe Endgame,766,2,positive,2,select_coverage,4.0,exact,709,2260,540.0,1773.0,428,1418,positive,34780
101,8,68,Tic-Tac-Toe Endgame,766,2,positive,2,select_coverage_CBA_M1,,exact,213,632,153.0,456.0,127,380,positive,9560
101,8,74,Tic-Tac-Toe Endgame,766,2,positive,1,select_coverage,1.0,DAC,219,633,,,163,474,positive,5224
101,8,74,Tic-Tac-Toe Endgame,766,2,positive,1,select_coverage,1.0,exact,219,633,163.0,474.0,135,390,positive,9916
101,8,74,Tic-Tac-Toe Endgame,766,2,positive,1,select_coverage,2.0,DAC,441,1346,,,345,1085,positive,10740
101,8,74,Tic-Tac-Toe Endgame,766,2,positive,1,select_coverage,2.0,exact,441,1346,345.0,1085.0,270,855,positive,21440
101,8,74,Tic-Tac-Toe Endgame,766,2,positive,1,select_coverage,3.0,DAC,616,1968,,,494,1630,positive,15328
101,8,74,Tic-Tac-Toe Endgame,766,2,positive,1,select_coverage,3.0,exact,616,1968,494.0,1630.0,371,1235,positive,31204
101,8,74,Tic-Tac-Toe Endgame,766,2,positive,1,select_coverage,4.0,DAC,760,2514,,,612,2093,positive,19240
101,8,74,Tic-Tac-Toe Endgame,766,2,positive,1,select_coverage,4.0,exact,760,2514,612.0,2093.0,451,1543,positive,39304
101,8,74,Tic-Tac-Toe Endgame,766,2,positive,1,select_coverage_CBA_M1,,DAC,186,560,,,138,418,positive,4536
101,8,74,Tic-Tac-Toe Endgame,766,2,positive,1,select_coverage_CBA_M1,,exact,186,560,138.0,418.0,117,350,positive,8640
101,8,74,Tic-Tac-Toe Endgame,766,2,positive,2,select_coverage,1.0,exact,219,633,163.0,474.0,135,390,positive,9916
101,8,74,Tic-Tac-Toe Endgame,766,2,positive,2,select_coverage,2.0,exact,441,1346,345.0,1085.0,270,855,positive,21440
101,8,74,Tic-Tac-Toe Endgame,766,2,positive,2,select_coverage,3.0,exact,616,1968,494.0,1630.0,371,1235,positive,31204
101,8,74,Tic-Tac-Toe Endgame,766,2,positive,2,select_coverage,4.0,exact,760,2514,612.0,2093.0,451,1543,positive,39304
101,8,74,Tic-Tac-Toe Endgame,766,2,positive,2,select_coverage_CBA_M1,,exact,195,590,144.0,439.0,122,368,positive,9060
101,8,76,Tic-Tac-Toe Endgame,766,2,positive,1,select_coverage,1.0,DAC,230,685,,,170,514,positive,5564
101,8,76,Tic-Tac-Toe Endgame,766,2,positive,1,select_coverage,1.0,exact,230,685,170.0,514.0,138,420,positive,10572
101,8,76,Tic-Tac-Toe Endgame,766,2,positive,1,select_coverage,2.0,DAC,435,1341,,,338,1063,positive,10648
101,8,76,Tic-Tac-Toe Endgame,766,2,positive,1,select_coverage,2.0,exact,435,1341,338.0,1063.0,268,855,positive,21164
101,8,76,Tic-Tac-Toe Endgame,766,2,positive,1,select_coverage,3.0,DAC,600,1922,,,477,1567,positive,14952
101,8,76,Tic-Tac-Toe Endgame,766,2,positive,1,select_coverage,3.0,exact,600,1922,477.0,1567.0,367,1222,positive,30308
101,8,76,Tic-Tac-Toe Endgame,766,2,positive,1,select_coverage,4.0,DAC,719,2357,,,569,1921,positive,18120
101,8,76,Tic-Tac-Toe Endgame,766,2,positive,1,select_coverage,4.0,exact,719,2357,568.0,1918.0,435,1488,positive,36700
101,8,76,Tic-Tac-Toe Endgame,766,2,positive,1,select_coverage_CBA_M1,,DAC,189,565,,,140,422,negative,4592
101,8,76,Tic-Tac-Toe Endgame,766,2,positive,1,select_coverage_CBA_M1,,exact,189,565,140.0,422.0,109,330,positive,8644
101,8,76,Tic-Tac-Toe Endgame,766,2,positive,2,select_coverage,1.0,exact,230,685,170.0,514.0,138,420,positive,10572
101,8,76,Tic-Tac-Toe Endgame,766,2,positive,2,select_coverage,2.0,exact,435,1341,338.0,1063.0,268,855,positive,21164
101,8,76,Tic-Tac-Toe Endgame,766,2,positive,2,select_coverage,3.0,exact,600,1922,477.0,1567.0,367,1222,positive,30308
101,8,76,Tic-Tac-Toe Endgame,766,2,positive,2,select_coverage,4.0,exact,719,2357,568.0,1918.0,435,1488,positive,36700
101,8,76,Tic-Tac-Toe Endgame,766,2,positive,2,select_coverage_CBA_M1,,exact,213,646,157.0,482.0,126,390,positive,9856
101,8,100,Tic-Tac-Toe Endgame,766,2,positive,1,select_coverage,1.0,DAC,225,651,,,159,461,positive,5368
101,8,100,Tic-Tac-Toe Endgame,766,2,positive,1,select_coverage,1.0,exact,225,651,159.0,461.0,125,362,positive,9728
101,8,100,Tic-Tac-Toe Endgame,766,2,positive,1,select_coverage,2.0,DAC,417,1277,,,317,989,positive,10176
101,8,100,Tic-Tac-Toe Endgame,766,2,positive,1,select_coverage,2.0,exact,417,1277,317.0,989.0,256,801,positive,19892
101,8,100,Tic-Tac-Toe Endgame,766,2,positive,1,select_coverage,3.0,DAC,606,1884,,,443,1421,positive,14872
101,8,100,Tic-Tac-Toe Endgame,766,2,positive,1,select_coverage,3.0,exact,606,1884,443.0,1421.0,353,1142,positive,28436
101,8,100,Tic-Tac-Toe Endgame,766,2,positive,1,select_coverage,4.0,DAC,736,2331,,,542,1772,positive,18220
101,8,100,Tic-Tac-Toe Endgame,766,2,positive,1,select_coverage,4.0,exact,736,2331,542.0,1772.0,420,1388,positive,34988
101,8,100,Tic-Tac-Toe Endgame,766,2,positive,1,select_coverage_CBA_M1,,DAC,205,599,,,143,419,negative,4920
101,8,100,Tic-Tac-Toe Endgame,766,2,positive,1,select_coverage_CBA_M1,,exact,205,599,143.0,419.0,112,327,positive,8828
101,8,100,Tic-Tac-Toe Endgame,766,2,positive,2,select_coverage,1.0,exact,225,651,159.0,461.0,125,362,positive,9728
101,8,100,Tic-Tac-Toe Endgame,766,2,positive,2,select_coverage,2.0,exact,417,1277,317.0,989.0,256,801,positive,19892
101,8,100,Tic-Tac-Toe Endgame,766,2,positive,2,select_coverage,3.0,exact,606,1884,443.0,1421.0,353,1142,positive,28436
101,8,100,Tic-Tac-Toe Endgame,766,2,positive,2,select_coverage,4.0,exact,736,2331,542.0,1772.0,420,1388,positive,34988
101,8,100,Tic-Tac-Toe Endgame,766,2,positive,2,select_coverage_CBA_M1,,exact,209,614,146.0,431.0,114,336,positive,9044
101,8,114,Tic-Tac-Toe Endgame,766,2,positive,1,select_coverage,1.0,DAC,212,624,,,151,448,positive,5104
101,8,114,Tic-Tac-Toe Endgame,766,2,positive,1,select_coverage,1.0,exact,212,624,151.0,448.0,124,367,positive,9396
101,8,114,Tic-Tac-Toe Endgame,766,2,positive,1,select_coverage,2.0,DAC,423,1322,,,333,1063,positive,10428
101,8,114,Tic-Tac-Toe Endgame,766,2,positive,1,select_coverage,2.0,exact,423,1322,333.0,1063.0,262,852,positive,20956
101,8,114,Tic-Tac-Toe Endgame,766,2,positive,1,select_coverage,3.0,DAC,573,1833,,,451,1483,positive,14272
101,8,114,Tic-Tac-Toe Endgame,766,2,positive,1,select_coverage,3.0,exact,573,1833,451.0,1483.0,349,1169,positive,28780
101,8,114,Tic-Tac-Toe Endgame,766,2,positive,1,select_coverage,4.0,DAC,690,2235,,,541,1805,positive,17284
101,8,114,Tic-Tac-Toe Endgame,766,2,positive,1,select_coverage,4.0,exact,690,2235,541.0,1805.0,415,1407,positive,34788
101,8,114,Tic-Tac-Toe Endgame,766,2,positive,1,select_coverage_CBA_M1,,DAC,201,603,,,143,432,positive,4888
101,8,114,Tic-Tac-Toe Endgame,766,2,positive,1,select_coverage_CBA_M1,,exact,201,603,143.0,432.0,118,355,positive,9008
101,8,114,Tic-Tac-Toe Endgame,766,2,positive,2,select_coverage,1.0,exact,212,624,151.0,448.0,124,367,positive,9396
101,8,114,Tic-Tac-Toe Endgame,766,2,positive,2,select_coverage,2.0,exact,423,1322,333.0,1063.0,262,852,positive,20956
101,8,114,Tic-Tac-Toe Endgame,766,2,positive,2,select_coverage,3.0,exact,573,1833,451.0,1483.0,349,1169,positive,28780
101,8,114,Tic-Tac-Toe Endgame,766,2,positive,2,select_coverage,4.0,exact,690,2235,541.0,1805.0,415,1407,positive,34788
101,8,114,Tic-Tac-Toe Endgame,766,2,positive,2,select_coverage_CBA_M1,,exact,201,603,143.0,432.0,118,355,positive,9008
101,8,133,Tic-Tac-Toe Endgame,766,2,positive,1,select_coverage,1.0,DAC,213,626,,,162,482,positive,5124
101,8,133,Tic-Tac-Toe Endgame,766,2,positive,1,select_coverage,1.0,exact,213,626,162.0,482.0,127,374,positive,9832
101,8,133,Tic-Tac-Toe Endgame,766,2,positive,1,select_coverage,2.0,DAC,403,1251,,,316,1009,positive,9904
101,8,133,Tic-Tac-Toe Endgame,766,2,positive,1,select_coverage,2.0,exact,403,1251,316.0,1009.0,229,734,positive,19576
101,8,133,Tic-Tac-Toe Endgame,766,2,positive,1,select_coverage,3.0,DAC,549,1764,,,432,1438,positive,13708
101,8,133,Tic-Tac-Toe Endgame,766,2,positive,1,select_coverage,3.0,exact,549,1764,432.0,1438.0,315,1067,positive,27460
101,8,133,Tic-Tac-Toe Endgame,766,2,positive,1,select_coverage,4.0,DAC,676,2268,,,535,1863,positive,17248
101,8,133,Tic-Tac-Toe Endgame,766,2,positive,1,select_coverage,4.0,exact,676,2268,535.0,1863.0,377,1336,positive,34724
101,8,133,Tic-Tac-Toe Endgame,766,2,positive,1,select_coverage_CBA_M1,,DAC,197,601,,,150,464,positive,4832
101,8,133,Tic-Tac-Toe Endgame,766,2,positive,1,select_coverage_CBA_M1,,exact,197,601,150.0,464.0,117,359,positive,9312
101,8,133,Tic-Tac-Toe Endgame,766,2,positive,2,select_coverage,1.0,exact,213,626,162.0,482.0,127,374,positive,9832
101,8,133,Tic-Tac-Toe Endgame,766,2,positive,2,select_coverage,2.0,exact,403,1251,316.0,1009.0,229,734,positive,19576
101,8,133,Tic-Tac-Toe Endgame,766,2,positive,2,select_coverage,3.0,exact,549,1764,432.0,1438.0,315,1067,positive,27460
101,8,133,Tic-Tac-Toe Endgame,766,2,positive,2,select_coverage,4.0,exact,676,2268,535.0,1863.0,377,1336,positive,34724
101,8,133,Tic-Tac-Toe Endgame,766,2,positive,2,select_coverage_CBA_M1,,exact,197,601,150.0,464.0,117,359,positive,9312
101,8,138,Tic-Tac-Toe Endgame,766,2,positive,1,select_coverage,1.0,DAC,230,663,,,171,500,positive,5476
101,8,138,Tic-Tac-Toe Endgame,766,2,positive,1,select_coverage,1.0,exact,230,663,171.0,500.0,136,403,positive,10384
101,8,138,Tic-Tac-Toe Endgame,766,2,positive,1,select_coverage,2.0,DAC,427,1289,,,337,1045,positive,10344
101,8,138,Tic-Tac-Toe Endgame,766,2,positive,1,select_coverage,2.0,exact,427,1289,337.0,1045.0,259,812,positive,20688
101,8,138,Tic-Tac-Toe Endgame,766,2,positive,1,select_coverage,3.0,DAC,601,1873,,,486,1561,positive,14768
101,8,138,Tic-Tac-Toe Endgame,766,2,positive,1,select_coverage,3.0,exact,601,1873,486.0,1561.0,369,1216,positive,30280
101,8,138,Tic-Tac-Toe Endgame,766,2,positive,1,select_coverage,4.0,DAC,737,2356,,,595,1955,positive,18332
101,8,138,Tic-Tac-Toe Endgame,766,2,positive,1,select_coverage,4.0,exact,737,2356,594.0,1952.0,440,1485,positive,37444
101,8,138,Tic-Tac-Toe Endgame,766,2,positive,1,select_coverage_CBA_M1,,DAC,197,579,,,147,438,positive,4744
101,8,138,Tic-Tac-Toe Endgame,766,2,positive,1,select_coverage_CBA_M1,,exact,197,579,147.0,438.0,115,350,positive,9012
101,8,138,Tic-Tac-Toe Endgame,766,2,positive,2,select_coverage,1.0,exact,230,663,171.0,500.0,136,403,positive,10384
101,8,138,Tic-Tac-Toe Endgame,766,2,positive,2,select_coverage,2.0,exact,427,1289,337.0,1045.0,259,812,positive,20688
101,8,138,Tic-Tac-Toe Endgame,766,2,positive,2,select_coverage,3.0,exact,601,1873,486.0,1561.0,369,1216,positive,30280
101,8,138,Tic-Tac-Toe Endgame,766,2,positive,2,select_coverage,4.0,exact,737,2356,594.0,1952.0,440,1485,positive,37444
101,8,138,Tic-Tac-Toe Endgame,766,2,positive,2,select_coverage_CBA_M1,,exact,213,631,157.0,471.0,123,377,positive,9700
101,8,148,Tic-Tac-Toe Endgame,766,2,positive,1,select_coverage,1.0,DAC,213,617,,,146,423,positive,5088
101,8,148,Tic-Tac-Toe Endgame,766,2,positive,1,select_coverage,1.0,exact,213,617,146.0,423.0,128,377,positive,9188
101,8,148,Tic-Tac-Toe Endgame,766,2,positive,1,select_coverage,2.0,DAC,425,1290,,,326,1016,positive,10324
101,8,148,Tic-Tac-Toe Endgame,766,2,positive,1,select_coverage,2.0,exact,425,1290,326.0,1016.0,269,844,positive,20440
101,8,148,Tic-Tac-Toe Endgame,766,2,positive,1,select_coverage,3.0,DAC,591,1869,,,456,1490,positive,14632
101,8,148,Tic-Tac-Toe Endgame,766,2,positive,1,select_coverage,3.0,exact,591,1869,456.0,1490.0,361,1179,positive,29112
101,8,148,Tic-Tac-Toe Endgame,766,2,positive,1,select_coverage,4.0,DAC,738,2416,,,569,1933,positive,18584
101,8,148,Tic-Tac-Toe Endgame,766,2,positive,1,select_coverage,4.0,exact,738,2416,569.0,1933.0,440,1487,positive,37016
101,8,148,Tic-Tac-Toe Endgame,766,2,positive,1,select_coverage_CBA_M1,,DAC,183,534,,,123,361,negative,4396
101,8,148,Tic-Tac-Toe Endgame,766,2,positive,1,select_coverage_CBA_M1,,exact,183,534,123.0,361.0,109,322,positive,7836
101,8,148,Tic-Tac-Toe Endgame,766,2,positive,2,select_coverage,1.0,exact,213,617,146.0,423.0,128,377,positive,9188
101,8,148,Tic-Tac-Toe Endgame,766,2,positive,2,select_coverage,2.0,exact,425,1290,326.0,1016.0,269,844,positive,20440
101,8,148,Tic-Tac-Toe Endgame,766,2,positive,2,select_coverage,3.0,exact,591,1869,456.0,1490.0,361,1179,positive,29112
101,8,148,Tic-Tac-Toe Endgame,766,2,positive,2,select_coverage,4.0,exact,738,2416,569.0,1933.0,440,1487,positive,37016
101,8,148,Tic-Tac-Toe Endgame,766,2,positive,2,select_coverage_CBA_M1,,exact,197,579,130.0,385.0,116,346,positive,8376
101,9,5,Tic-Tac-Toe Endgame,766,2,positive,1,select_coverage,1.0,DAC,246,717,,,198,588,positive,5892
101,9,5,Tic-Tac-Toe Endgame,766,2,positive,1,select_coverage,1.0,exact,246,717,198.0,588.0,151,449,positive,11784
101,9,5,Tic-Tac-Toe Endgame,766,2,positive,1,select_coverage,2.0,DAC,440,1340,,,357,1114,positive,10712
101,9,5,Tic-Tac-Toe Endgame,766,2,positive,1,select_coverage,2.0,exact,440,1340,357.0,1114.0,267,842,positive,21768
101,9,5,Tic-Tac-Toe Endgame,766,2,positive,1,select_coverage,3.0,DAC,612,1940,,,504,1653,positive,15176
101,9,5,Tic-Tac-Toe Endgame,766,2,positive,1,select_coverage,3.0,exact,612,1940,504.0,1653.0,365,1215,positive,31344
101,9,5,Tic-Tac-Toe Endgame,766,2,positive,1,select_coverage,4.0,DAC,760,2526,,,630,2174,positive,19296
101,9,5,Tic-Tac-Toe Endgame,766,2,positive,1,select_coverage,4.0,exact,760,2526,630.0,2174.0,450,1576,positive,40240
101,9,5,Tic-Tac-Toe Endgame,766,2,positive,1,select_coverage_CBA_M1,,DAC,228,688,,,185,567,positive,5560
101,9,5,Tic-Tac-Toe Endgame,766,2,positive,1,select_coverage_CBA_M1,,exact,228,688,185.0,567.0,142,434,positive,11212
101,9,5,Tic-Tac-Toe Endgame,766,2,positive,2,select_coverage,1.0,exact,246,717,198.0,588.0,151,449,positive,11784
101,9,5,Tic-Tac-Toe Endgame,766,2,positive,2,select_coverage,2.0,exact,440,1340,357.0,1114.0,267,842,positive,21768
101,9,5,Tic-Tac-Toe Endgame,766,2,positive,2,select_coverage,3.0,exact,612,1940,504.0,1653.0,365,1215,positive,31344
101,9,5,Tic-Tac-Toe Endgame,766,2,positive,2,select_coverage,4.0,exact,760,2526,630.0,2174.0,450,1576,positive,40240
101,9,5,Tic-Tac-Toe Endgame,766,2,positive,2,select_coverage_CBA_M1,,exact,228,688,185.0,567.0,142,434,positive,11212
101,9,14,Tic-Tac-Toe Endgame,766,2,positive,1,select_coverage,1.0,DAC,241,700,,,182,528,positive,5764
101,9,14,Tic-Tac-Toe Endgame,766,2,positive,1,select_coverage,1.0,exact,241,700,182.0,528.0,144,421,positive,10980
101,9,14,Tic-Tac-Toe Endgame,766,2,positive,1,select_coverage,2.0,DAC,431,1287,,,332,1013,positive,10392
101,9,14,Tic-Tac-Toe Endgame,766,2,positive,1,select_coverage,2.0,exact,431,1287,331.0,1010.0,255,788,positive,20300
101,9,14,Tic-Tac-Toe Endgame,766,2,positive,1,select_coverage,3.0,DAC,580,1807,,,450,1450,positive,14260
101,9,14,Tic-Tac-Toe Endgame,766,2,positive,1,select_coverage,3.0,exact,580,1807,449.0,1447.0,337,1101,positive,28212
101,9,14,Tic-Tac-Toe Endgame,766,2,positive,1,select_coverage,4.0,DAC,713,2289,,,553,1842,positive,17784
101,9,14,Tic-Tac-Toe Endgame,766,2,positive,1,select_coverage,4.0,exact,713,2289,552.0,1839.0,414,1394,positive,35352
101,9,14,Tic-Tac-Toe Endgame,766,2,positive,1,select_coverage_CBA_M1,,DAC,207,609,,,155,458,negative,4992
101,9,14,Tic-Tac-Toe Endgame,766,2,positive,1,select_coverage_CBA_M1,,exact,207,609,155.0,458.0,123,366,positive,9468
101,9,14,Tic-Tac-Toe Endgame,766,2,positive,2,select_coverage,1.0,exact,241,700,182.0,528.0,144,421,positive,10980
101,9,14,Tic-Tac-Toe Endgame,766,2,positive,2,select_coverage,2.0,exact,431,1287,331.0,1010.0,255,788,positive,20300
101,9,14,Tic-Tac-Toe Endgame,766,2,positive,2,select_coverage,3.0,exact,580,1807,449.0,1447.0,337,1101,positive,28212
101,9,14,Tic-Tac-Toe Endgame,766,2,positive,2,select_coverage,4.0,exact,713,2289,552.0,1839.0,414,1394,positive,35352
101,9,14,Tic-Tac-Toe Endgame,766,2,positive,2,select_coverage_CBA_M1,,exact,223,661,166.0,495.0,134,402,positive,10232
101,9,17,Tic-Tac-Toe Endgame,766,2,positive,1,select_coverage,1.0,DAC,226,648,,,185,531,positive,5376
101,9,17,Tic-Tac-Toe Endgame,766,2,positive,1,select_coverage,1.0,exact,226,648,185.0,531.0,142,416,positive,10836
101,9,17,Tic-Tac-Toe Endgame,766,2,positive,1,select_coverage,2.0,DAC,425,1284,,,347,1070,positive,10308
101,9,17,Tic-Tac-Toe Endgame,766,2,positive,1,select_coverage,2.0,exact,425,1284,346.0,1068.0,252,794,positive,20904
101,9,17,Tic-Tac-Toe Endgame,766,2,positive,1,select_coverage,3.0,DAC,591,1868,,,490,1596,positive,14636
101,9,17,Tic-Tac-Toe Endgame,766,2,positive,1,select_coverage,3.0,exact,591,1868,486.0,1588.0,355,1195,positive,30284
101,9,17,Tic-Tac-Toe Endgame,766,2,positive,1,select_coverage,4.0,DAC,735,2408,,,604,2053,positive,18524
101,9,17,Tic-Tac-Toe Endgame,766,2,positive,1,select_coverage,4.0,exact,735,2408,600.0,2045.0,433,1522,positive,38316
101,9,17,Tic-Tac-Toe Endgame,766,2,positive,1,select_coverage_CBA_M1,,DAC,204,594,,,167,486,positive,4896
101,9,17,Tic-Tac-Toe Endgame,766,2,positive,1,select_coverage_CBA_M1,,exact,204,594,167.0,486.0,129,383,positive,9876
101,9,17,Tic-Tac-Toe Endgame,766,2,positive,2,select_coverage,1.0,exact,226,648,185.0,531.0,142,416,positive,10836
101,9,17,Tic-Tac-Toe Endgame,766,2,positive,2,select_coverage,2.0,exact,425,1284,346.0,1068.0,252,794,positive,20904
101,9,17,Tic-Tac-Toe Endgame,766,2,positive,2,select_coverage,3.0,exact,591,1868,486.0,1588.0,355,1195,positive,30284
101,9,17,Tic-Tac-Toe Endgame,766,2,positive,2,select_coverage,4.0,exact,735,2408,600.0,2045.0,433,1522,positive,38316
101,9,17,Tic-Tac-Toe Endgame,766,2,positive,2,select_coverage_CBA_M1,,exact,214,626,175.0,512.0,137,408,positive,10400
101,9,19,Tic-Tac-Toe Endgame,766,2,positive,1,select_coverage,1.0,DAC,235,685,,,179,531,positive,5632
101,9,19,Tic-Tac-Toe Endgame,766,2,positive,1,select_coverage,1.0,exact,235,685,179.0,531.0,148,439,positive,10932
101,9,19,Tic-Tac-Toe Endgame,766,2,positive,1,select_coverage,2.0,DAC,422,1298,,,335,1060,positive,10328
101,9,19,Tic-Tac-Toe Endgame,766,2,positive,1,select_coverage,2.0,exact,422,1298,335.0,1060.0,271,859,positive,20924
101,9,19,Tic-Tac-Toe Endgame,766,2,positive,1,select_coverage,3.0,DAC,577,1852,,,464,1536,positive,14404
101,9,19,Tic-Tac-Toe Endgame,766,2,positive,1,select_coverage,3.0,exact,577,1852,464.0,1536.0,357,1178,positive,29416
101,9,19,Tic-Tac-Toe Endgame,766,2,positive,1,select_coverage,4.0,DAC,721,2426,,,586,2037,positive,18428
101,9,19,Tic-Tac-Toe Endgame,766,2,positive,1,select_coverage,4.0,exact,721,2426,586.0,2037.0,449,1558,positive,38164
101,9,19,Tic-Tac-Toe Endgame,766,2,positive,1,select_coverage_CBA_M1,,DAC,222,665,,,173,522,positive,5396
101,9,19,Tic-Tac-Toe Endgame,766,2,positive,1,select_coverage_CBA_M1,,exact,222,665,173.0,522.0,142,430,positive,10636
101,9,19,Tic-Tac-Toe Endgame,766,2,positive,2,select_coverage,1.0,exact,235,685,179.0,531.0,148,439,positive,10932
101,9,19,Tic-Tac-Toe Endgame,766,2,positive,2,select_coverage,2.0,exact,422,1298,335.0,1060.0,271,859,positive,20924
101,9,19,Tic-Tac-Toe Endgame,766,2,positive,2,select_coverage,3.0,exact,577,1852,464.0,1536.0,357,1178,positive,29416
101,9,19,Tic-Tac-Toe Endgame,766,2,positive,2,select_coverage,4.0,exact,721,2426,586.0,2037.0,449,1558,positive,38164
101,9,19,Tic-Tac-Toe Endgame,766,2,positive,2,select_coverage_CBA_M1,,exact,222,665,173.0,522.0,142,430,positive,10636
101,9,29,Tic-Tac-Toe Endgame,766,2,positive,1,select_coverage,1.0,DAC,242,697,,,190,550,positive,5764
101,9,29,Tic-Tac-Toe Endgame,766,2,positive,1,select_coverage,1.0,exact,242,697,190.0,550.0,150,442,positive,11332
101,9,29,Tic-Tac-Toe Endgame,766,2,positive,1,select_coverage,2.0,DAC,441,1360,,,356,1127,positive,10804
101,9,29,Tic-Tac-Toe Endgame,766,2,positive,1,select_coverage,2.0,exact,441,1360,356.0,1127.0,268,852,positive,21916
101,9,29,Tic-Tac-Toe Endgame,766,2,positive,1,select_coverage,3.0,DAC,614,1965,,,494,1626,positive,15300
101,9,29,Tic-Tac-Toe Endgame,766,2,positive,1,select_coverage,3.0,exact,614,1965,494.0,1626.0,372,1231,positive,31160
101,9,29,Tic-Tac-Toe Endgame,766,2,positive,1,select_coverage,4.0,DAC,745,2462,,,601,2050,positive,18860
101,9,29,Tic-Tac-Toe Endgame,766,2,positive,1,select_coverage,4.0,exact,745,2462,601.0,2050.0,447,1535,positive,38628
101,9,29,Tic-Tac-Toe Endgame,766,2,positive,1,select_coverage_CBA_M1,,DAC,223,650,,,178,519,positive,5348
101,9,29,Tic-Tac-Toe Endgame,766,2,positive,1,select_coverage_CBA_M1,,exact,223,650,178.0,519.0,140,416,positive,10628
101,9,29,Tic-Tac-Toe Endgame,766,2,positive,2,select_coverage,1.0,exact,242,697,190.0,550.0,150,442,positive,11332
101,9,29,Tic-Tac-Toe Endgame,766,2,positive,2,select_coverage,2.0,exact,441,1360,356.0,1127.0,268,852,positive,21916
101,9,29,Tic-Tac-Toe Endgame,766,2,positive,2,select_coverage,3.0,exact,614,1965,494.0,1626.0,372,1231,positive,31160
101,9,29,Tic-Tac-Toe Endgame,766,2,positive,2,select_coverage,4.0,exact,745,2462,601.0,2050.0,447,1535,positive,38628
101,9,29,Tic-Tac-Toe Endgame,766,2,positive,2,select_coverage_CBA_M1,,exact,228,667,181.0,530.0,143,427,positive,10856
101,9,31,Tic-Tac-Toe Endgame,766,2,positive,1,select_coverage,1.0,DAC,247,707,,,185,535,positive,5864
101,9,31,Tic-Tac-Toe Endgame,766,2,positive,1,select_coverage,1.0,exact,247,707,185.0,535.0,142,418,positive,11096
101,9,31,Tic-Tac-Toe Endgame,766,2,positive,1,select_coverage,2.0,DAC,439,1301,,,331,1005,positive,10544
101,9,31,Tic-Tac-Toe Endgame,766,2,positive,1,select_coverage,2.0,exact,439,1301,331.0,1005.0,252,784,positive,20320
101,9,31,Tic-Tac-Toe Endgame,766,2,positive,1,select_coverage,3.0,DAC,588,1805,,,445,1400,positive,14348
101,9,31,Tic-Tac-Toe Endgame,766,2,positive,1,select_coverage,3.0,exact,588,1805,444.0,1398.0,343,1115,positive,27944
101,9,31,Tic-Tac-Toe Endgame,766,2,positive,1,select_coverage,4.0,DAC,701,2184,,,526,1689,positive,17220
101,9,31,Tic-Tac-Toe Endgame,766,2,positive,1,select_coverage,4.0,exact,701,2184,524.0,1685.0,399,1323,positive,33360
101,9,31,Tic-Tac-Toe Endgame,766,2,positive,1,select_coverage_CBA_M1,,DAC,193,548,,,147,416,negative,4580
101,9,31,Tic-Tac-Toe Endgame,766,2,positive,1,select_coverage_CBA_M1,,exact,193,548,147.0,416.0,116,334,positive,8736
101,9,31,Tic-Tac-Toe Endgame,766,2,positive,2,select_coverage,1.0,exact,247,707,185.0,535.0,142,418,positive,11096
101,9,31,Tic-Tac-Toe Endgame,766,2,positive,2,select_coverage,2.0,exact,439,1301,331.0,1005.0,252,784,positive,20320
101,9,31,Tic-Tac-Toe Endgame,766,2,positive,2,select_coverage,3.0,exact,588,1805,444.0,1398.0,343,1115,positive,27944
101,9,31,Tic-Tac-Toe Endgame,766,2,positive,2,select_coverage,4.0,exact,701,2184,524.0,1685.0,399,1323,positive,33360
101,9,31,Tic-Tac-Toe Endgame,766,2,positive,2,select_coverage_CBA_M1,,exact,219,634,164.0,475.0,127,374,positive,9884
101,9,34,Tic-Tac-Toe Endgame,766,2,positive,1,select_coverage,1.0,DAC,222,646,,,170,502,positive,5320
101,9,34,Tic-Tac-Toe Endgame,766,2,positive,1,select_coverage,1.0,exact,222,646,170.0,502.0,130,385,positive,10228
101,9,34,Tic-Tac-Toe Endgame,766,2,positive,1,select_coverage,2.0,DAC,418,1292,,,329,1049,positive,10256
101,9,34,Tic-Tac-Toe Endgame,766,2,positive,1,select_coverage,2.0,exact,418,1292,328.0,1046.0,243,784,positive,20376
101,9,34,Tic-Tac-Toe Endgame,766,2,positive,1,select_coverage,3.0,DAC,587,1907,,,474,1591,positive,14744
101,9,34,Tic-Tac-Toe Endgame,766,2,positive,1,select_coverage,3.0,exact,587,1907,472.0,1585.0,353,1203,positive,30124
101,9,34,Tic-Tac-Toe Endgame,766,2,positive,1,select_coverage,4.0,DAC,735,2490,,,596,2099,positive,18852
101,9,34,Tic-Tac-Toe Endgame,766,2,positive,1,select_coverage,4.0,exact,735,2490,594.0,2093.0,429,1529,positive,38720
101,9,34,Tic-Tac-Toe Endgame,766,2,positive,1,select_coverage_CBA_M1,,DAC,182,542,,,140,419,positive,4424
101,9,34,Tic-Tac-Toe Endgame,766,2,positive,1,select_coverage_CBA_M1,,exact,182,542,140.0,419.0,109,332,positive,8548
101,9,34,Tic-Tac-Toe Endgame,766,2,positive,2,select_coverage,1.0,exact,222,646,170.0,502.0,130,385,positive,10228
101,9,34,Tic-Tac-Toe Endgame,766,2,positive,2,select_coverage,2.0,exact,418,1292,328.0,1046.0,243,784,positive,20376
101,9,34,Tic-Tac-Toe Endgame,766,2,positive,2,select_coverage,3.0,exact,587,1907,472.0,1585.0,353,1203,positive,30124
101,9,34,Tic-Tac-Toe Endgame,766,2,positive,2,select_coverage,4.0,exact,735,2490,594.0,2093.0,429,1529,positive,38720
101,9,34,Tic-Tac-Toe Endgame,766,2,positive,2,select_coverage_CBA_M1,,exact,201,602,155.0,467.0,119,365,positive,9472
101,9,42,Tic-Tac-Toe Endgame,766,2,positive,1,select_coverage,1.0,DAC,224,661,,,167,498,positive,5404
101,9,42,Tic-Tac-Toe Endgame,766,2,positive,1,select_coverage,1.0,exact,224,661,167.0,498.0,142,425,positive,10360
101,9,42,Tic-Tac-Toe Endgame,766,2,positive,1,select_coverage,2.0,DAC,423,1293,,,325,1022,positive,10320
101,9,42,Tic-Tac-Toe Endgame,766,2,positive,1,select_coverage,2.0,exact,423,1293,325.0,1022.0,266,848,positive,20468
101,9,42,Tic-Tac-Toe Endgame,766,2,positive,1,select_coverage,3.0,DAC,569,1777,,,442,1429,positive,14008
101,9,42,Tic-Tac-Toe Endgame,766,2,positive,1,select_coverage,3.0,exact,569,1777,440.0,1423.0,347,1138,positive,27928
101,9,42,Tic-Tac-Toe Endgame,766,2,positive,1,select_coverage,4.0,DAC,713,2308,,,558,1881,positive,17860
101,9,42,Tic-Tac-Toe Endgame,766,2,positive,1,select_coverage,4.0,exact,713,2308,555.0,1874.0,432,1476,positive,35968
101,9,42,Tic-Tac-Toe Endgame,766,2,positive,1,select_coverage_CBA_M1,,DAC,205,610,,,155,466,negative,4972
101,9,42,Tic-Tac-Toe Endgame,766,2,positive,1,select_coverage_CBA_M1,,exact,205,610,155.0,466.0,130,393,positive,9612
101,9,42,Tic-Tac-Toe Endgame,766,2,positive,2,select_coverage,1.0,exact,224,661,167.0,498.0,142,425,positive,10360
101,9,42,Tic-Tac-Toe Endgame,766,2,positive,2,select_coverage,2.0,exact,423,1293,325.0,1022.0,266,848,positive,20468
101,9,42,Tic-Tac-Toe Endgame,766,2,positive,2,select_coverage,3.0,exact,569,1777,440.0,1423.0,347,1138,positive,27928
101,9,42,Tic-Tac-Toe Endgame,766,2,positive,2,select_coverage,4.0,exact,713,2308,555.0,1874.0,432,1476,positive,35968
101,9,42,Tic-Tac-Toe Endgame,766,2,positive,2,select_coverage_CBA_M1,,exact,214,638,161.0,485.0,136,412,positive,10020
101,9,49,Tic-Tac-Toe Endgame,766,2,positive,1,select_coverage,1.0,DAC,222,633,,,168,477,positive,5268
101,9,49,Tic-Tac-Toe Endgame,766,2,positive,1,select_coverage,1.0,exact,222,633,168.0,477.0,135,392,positive,10056
101,9,49,Tic-Tac-Toe Endgame,766,2,positive,1,select_coverage,2.0,DAC,420,1279,,,329,1023,positive,10228
101,9,49,Tic-Tac-Toe Endgame,766,2,positive,1,select_coverage,2.0,exact,420,1279,329.0,1023.0,249,786,positive,20264
101,9,49,Tic-Tac-Toe Endgame,766,2,positive,1,select_coverage,3.0,DAC,593,1866,,,466,1512,positive,14652
101,9,49,Tic-Tac-Toe Endgame,766,2,positive,1,select_coverage,3.0,exact,593,1866,466.0,1512.0,338,1113,positive,29164
101,9,49,Tic-Tac-Toe Endgame,766,2,positive,1,select_coverage,4.0,DAC,732,2387,,,576,1947,positive,18404
101,9,49,Tic-Tac-Toe Endgame,766,2,positive,1,select_coverage,4.0,exact,732,2387,576.0,1947.0,419,1444,positive,36952
101,9,49,Tic-Tac-Toe Endgame,766,2,positive,1,select_coverage_CBA_M1,,DAC,191,542,,,146,412,negative,4532
101,9,49,Tic-Tac-Toe Endgame,766,2,positive,1,select_coverage_CBA_M1,,exact,191,542,146.0,412.0,116,335,positive,8676
101,9,49,Tic-Tac-Toe Endgame,766,2,positive,2,select_coverage,1.0,exact,222,633,168.0,477.0,135,392,positive,10056
101,9,49,Tic-Tac-Toe Endgame,766,2,positive,2,select_coverage,2.0,exact,420,1279,329.0,1023.0,249,786,positive,20264
101,9,49,Tic-Tac-Toe Endgame,766,2,positive,2,select_coverage,3.0,exact,593,1866,466.0,1512.0,338,1113,positive,29164
101,9,49,Tic-Tac-Toe Endgame,766,2,positive,2,select_coverage,4.0,exact,732,2387,576.0,1947.0,419,1444,positive,36952
101,9,49,Tic-Tac-Toe Endgame,766,2,positive,2,select_coverage_CBA_M1,,exact,209,600,157.0,449.0,128,375,positive,9480
101,9,63,Tic-Tac-Toe Endgame,766,2,positive,1,select_coverage,1.0,DAC,231,658,,,181,515,positive,5476
101,9,63,Tic-Tac-Toe Endgame,766,2,positive,1,select_coverage,1.0,exact,231,658,181.0,515.0,141,406,positive,10676
101,9,63,Tic-Tac-Toe Endgame,766,2,positive,1,select_coverage,2.0,DAC,423,1265,,,329,1003,positive,10208
101,9,63,Tic-Tac-Toe Endgame,766,2,positive,1,select_coverage,2.0,exact,423,1265,329.0,1003.0,259,803,positive,20196
101,9,63,Tic-Tac-Toe Endgame,766,2,positive,1,select_coverage,3.0,DAC,557,1704,,,436,1371,positive,13572
101,9,63,Tic-Tac-Toe Endgame,766,2,positive,1,select_coverage,3.0,exact,557,1704,435.0,1368.0,333,1077,positive,27052
101,9,63,Tic-Tac-Toe Endgame,766,2,positive,1,select_coverage,4.0,DAC,686,2153,,,542,1749,positive,16916
101,9,63,Tic-Tac-Toe Endgame,766,2,positive,1,select_coverage,4.0,exact,686,2153,540.0,1744.0,416,1379,positive,34080
101,9,63,Tic-Tac-Toe Endgame,766,2,positive,1,select_coverage_CBA_M1,,DAC,215,630,,,169,495,positive,5172
101,9,63,Tic-Tac-Toe Endgame,766,2,positive,1,select_coverage_CBA_M1,,exact,215,630,169.0,495.0,132,390,positive,10132
101,9,63,Tic-Tac-Toe Endgame,766,2,positive,2,select_coverage,1.0,exact,231,658,181.0,515.0,141,406,positive,10676
101,9,63,Tic-Tac-Toe Endgame,766,2,positive,2,select_coverage,2.0,exact,423,1265,329.0,1003.0,259,803,positive,20196
101,9,63,Tic-Tac-Toe Endgame,766,2,positive,2,select_coverage,3.0,exact,557,1704,435.0,1368.0,333,1077,positive,27052
101,9,63,Tic-Tac-Toe Endgame,766,2,positive,2,select_coverage,4.0,exact,686,2153,540.0,1744.0,416,1379,positive,34080
101,9,63,Tic-Tac-Toe Endgame,766,2,positive,2,select_coverage_CBA_M1,,exact,215,630,169.0,495.0,132,390,positive,10132
101,9,64,Tic-Tac-Toe Endgame,766,2,positive,1,select_coverage,1.0,DAC,228,640,,,165,471,positive,5368
101,9,64,Tic-Tac-Toe Endgame,766,2,positive,1,select_coverage,1.0,exact,228,640,165.0,471.0,125,365,positive,9880
101,9,64,Tic-Tac-Toe Endgame,766,2,positive,1,select_coverage,2.0,DAC,418,1258,,,322,998,positive,10120
101,9,64,Tic-Tac-Toe Endgame,766,2,positive,1,select_coverage,2.0,exact,418,1258,322.0,998.0,243,773,positive,19860
101,9,64,Tic-Tac-Toe Endgame,766,2,positive,1,select_coverage,3.0,DAC,576,1808,,,449,1464,positive,14216
101,9,64,Tic-Tac-Toe Endgame,766,2,positive,1,select_coverage,3.0,exact,576,1808,449.0,1464.0,334,1109,positive,28316
101,9,64,Tic-Tac-Toe Endgame,766,2,positive,1,select_coverage,4.0,DAC,713,2348,,,561,1929,positive,18020
101,9,64,Tic-Tac-Toe Endgame,766,2,positive,1,select_coverage,4.0,exact,713,2348,561.0,1929.0,423,1487,positive,36536
101,9,64,Tic-Tac-Toe Endgame,766,2,positive,1,select_coverage_CBA_M1,,DAC,189,527,,,136,381,positive,4448
101,9,64,Tic-Tac-Toe Endgame,766,2,positive,1,select_coverage_CBA_M1,,exact,189,527,136.0,381.0,106,307,positive,8140
101,9,64,Tic-Tac-Toe Endgame,766,2,positive,2,select_coverage,1.0,exact,228,640,165.0,471.0,125,365,positive,9880
101,9,64,Tic-Tac-Toe Endgame,766,2,positive,2,select_coverage,2.0,exact,418,1258,322.0,998.0,243,773,positive,19860
101,9,64,Tic-Tac-Toe Endgame,766,2,positive,2,select_coverage,3.0,exact,576,1808,449.0,1464.0,334,1109,positive,28316
101,9,64,Tic-Tac-Toe Endgame,766,2,positive,2,select_coverage,4.0,exact,713,2348,561.0,1929.0,423,1487,positive,36536
101,9,64,Tic-Tac-Toe Endgame,766,2,positive,2,select_coverage_CBA_M1,,exact,205,586,148.0,426.0,116,343,positive,8988
101,9,65,Tic-Tac-Toe Endgame,766,2,positive,1,select_coverage,1.0,DAC,232,659,,,178,514,positive,5492
101,9,65,Tic-Tac-Toe Endgame,766,2,positive,1,select_coverage,1.0,exact,232,659,178.0,514.0,144,423,positive,10672
101,9,65,Tic-Tac-Toe Endgame,766,2,positive,1,select_coverage,2.0,DAC,428,1294,,,329,1027,positive,10384
101,9,65,Tic-Tac-Toe Endgame,766,2,positive,1,select_coverage,2.0,exact,428,1294,329.0,1027.0,270,859,positive,20632
101,9,65,Tic-Tac-Toe Endgame,766,2,positive,1,select_coverage,3.0,DAC,574,1793,,,444,1435,positive,14132
101,9,65,Tic-Tac-Toe Endgame,766,2,positive,1,select_coverage,3.0,exact,574,1793,444.0,1435.0,356,1167,positive,28252
101,9,65,Tic-Tac-Toe Endgame,766,2,positive,1,select_coverage,4.0,DAC,689,2203,,,532,1764,positive,17152
101,9,65,Tic-Tac-Toe Endgame,766,2,positive,1,select_coverage,4.0,exact,689,2203,532.0,1764.0,423,1432,positive,34380
101,9,65,Tic-Tac-Toe Endgame,766,2,positive,1,select_coverage_CBA_M1,,DAC,211,627,,,162,488,positive,5112
101,9,65,Tic-Tac-Toe Endgame,766,2,positive,1,select_coverage_CBA_M1,,exact,211,627,162.0,488.0,135,407,positive,9992
101,9,65,Tic-Tac-Toe Endgame,766,2,positive,2,select_coverage,1.0,exact,232,659,178.0,514.0,144,423,positive,10672
101,9,65,Tic-Tac-Toe Endgame,766,2,positive,2,select_coverage,2.0,exact,428,1294,329.0,1027.0,270,859,positive,20632
101,9,65,Tic-Tac-Toe Endgame,766,2,positive,2,select_coverage,3.0,exact,574,1793,444.0,1435.0,356,1167,positive,28252
101,9,65,Tic-Tac-Toe Endgame,766,2,positive,2,select_coverage,4.0,exact,689,2203,532.0,1764.0,423,1432,positive,34380
101,9,65,Tic-Tac-Toe Endgame,766,2,positive,2,select_coverage_CBA_M1,,exact,211,627,162.0,488.0,135,407,positive,9992
101,9,68,Tic-Tac-Toe Endgame,766,2,positive,1,select_coverage,1.0,DAC,228,650,,,172,494,positive,5408
101,9,68,Tic-Tac-Toe Endgame,766,2,positive,1,select_coverage,1.0,exact,228,650,172.0,494.0,149,429,positive,10436
101,9,68,Tic-Tac-Toe Endgame,766,2,positive,1,select_coverage,2.0,DAC,403,1184,,,306,923,positive,9644
101,9,68,Tic-Tac-Toe Endgame,766,2,positive,1,select_coverage,2.0,exact,403,1184,306.0,923.0,251,762,positive,18836
101,9,68,Tic-Tac-Toe Endgame,766,2,positive,1,select_coverage,3.0,DAC,550,1672,,,414,1304,positive,13360
101,9,68,Tic-Tac-Toe Endgame,766,2,positive,1,select_coverage,3.0,exact,550,1672,414.0,1304.0,334,1065,positive,26116
101,9,68,Tic-Tac-Toe Endgame,766,2,positive,1,select_coverage,4.0,DAC,663,2075,,,505,1643,positive,16328
101,9,68,Tic-Tac-Toe Endgame,766,2,positive,1,select_coverage,4.0,exact,663,2075,505.0,1643.0,402,1327,positive,32316
101,9,68,Tic-Tac-Toe Endgame,766,2,positive,1,select_coverage_CBA_M1,,DAC,199,585,,,149,442,positive,4800
101,9,68,Tic-Tac-Toe Endgame,766,2,positive,1,select_coverage_CBA_M1,,exact,199,585,149.0,442.0,131,391,positive,9264
101,9,68,Tic-Tac-Toe Endgame,766,2,positive,2,select_coverage,1.0,exact,228,650,172.0,494.0,149,429,positive,10436
101,9,68,Tic-Tac-Toe Endgame,766,2,positive,2,select_coverage,2.0,exact,403,1184,306.0,923.0,251,762,positive,18836
101,9,68,Tic-Tac-Toe Endgame,766,2,positive,2,select_coverage,3.0,exact,550,1672,414.0,1304.0,334,1065,positive,26116
101,9,68,Tic-Tac-Toe Endgame,766,2,positive,2,select_coverage,4.0,exact,663,2075,505.0,1643.0,402,1327,positive,32316
101,9,68,Tic-Tac-Toe Endgame,766,2,positive,2,select_coverage_CBA_M1,,exact,200,590,149.0,444.0,131,392,positive,9296
101,9,74,Tic-Tac-Toe Endgame,766,2,positive,1,select_coverage,1.0,DAC,237,691,,,180,530,positive,5680
101,9,74,Tic-Tac-Toe Endgame,766,2,positive,1,select_coverage,1.0,exact,237,691,179.0,528.0,149,440,positive,10948
101,9,74,Tic-Tac-Toe Endgame,766,2,positive,1,select_coverage,2.0,DAC,441,1358,,,337,1062,positive,10796
101,9,74,Tic-Tac-Toe Endgame,766,2,positive,1,select_coverage,2.0,exact,441,1358,335.0,1058.0,264,841,positive,21084
101,9,74,Tic-Tac-Toe Endgame,766,2,positive,1,select_coverage,3.0,DAC,598,1897,,,467,1526,positive,14836
101,9,74,Tic-Tac-Toe Endgame,766,2,positive,1,select_coverage,3.0,exact,598,1897,465.0,1522.0,359,1183,positive,29584
101,9,74,Tic-Tac-Toe Endgame,766,2,positive,1,select_coverage,4.0,DAC,735,2427,,,583,1984,positive,18600
101,9,74,Tic-Tac-Toe Endgame,766,2,positive,1,select_coverage,4.0,exact,735,2427,581.0,1980.0,444,1522,positive,37676
101,9,74,Tic-Tac-Toe Endgame,766,2,positive,1,select_coverage_CBA_M1,,DAC,199,583,,,150,442,positive,4792
101,9,74,Tic-Tac-Toe Endgame,766,2,positive,1,select_coverage_CBA_M1,,exact,199,583,149.0,440.0,125,370,positive,9164
101,9,74,Tic-Tac-Toe Endgame,766,2,positive,2,select_coverage,1.0,exact,237,691,179.0,528.0,149,440,positive,10948
101,9,74,Tic-Tac-Toe Endgame,766,2,positive,2,select_coverage,2.0,exact,441,1358,335.0,1058.0,264,841,positive,21084
101,9,74,Tic-Tac-Toe Endgame,766,2,positive,2,select_coverage,3.0,exact,598,1897,465.0,1522.0,359,1183,positive,29584
101,9,74,Tic-Tac-Toe Endgame,766,2,positive,2,select_coverage,4.0,exact,735,2427,581.0,1980.0,444,1522,positive,37676
101,9,74,Tic-Tac-Toe Endgame,766,2,positive,2,select_coverage_CBA_M1,,exact,218,644,164.0,489.0,138,413,positive,10136
101,9,76,Tic-Tac-Toe Endgame,766,2,positive,1,select_coverage,1.0,DAC,237,671,,,182,520,positive,5600
101,9,76,Tic-Tac-Toe Endgame,766,2,positive,1,select_coverage,1.0,exact,237,671,182.0,520.0,140,405,positive,10768
101,9,76,Tic-Tac-Toe Endgame,766,2,positive,1,select_coverage,2.0,DAC,413,1234,,,319,976,positive,9964
101,9,76,Tic-Tac-Toe Endgame,766,2,positive,1,select_coverage,2.0,exact,413,1234,318.0,973.0,245,758,positive,19508
101,9,76,Tic-Tac-Toe Endgame,766,2,positive,1,select_coverage,3.0,DAC,561,1732,,,442,1400,positive,13732
101,9,76,Tic-Tac-Toe Endgame,766,2,positive,1,select_coverage,3.0,exact,561,1732,440.0,1394.0,325,1039,positive,27236
101,9,76,Tic-Tac-Toe Endgame,766,2,positive,1,select_coverage,4.0,DAC,687,2173,,,539,1756,positive,17008
101,9,76,Tic-Tac-Toe Endgame,766,2,positive,1,select_coverage,4.0,exact,687,2173,537.0,1750.0,397,1315,positive,33856
101,9,76,Tic-Tac-Toe Endgame,766,2,positive,1,select_coverage_CBA_M1,,DAC,208,605,,,161,470,positive,4988
101,9,76,Tic-Tac-Toe Endgame,766,2,positive,1,select_coverage_CBA_M1,,exact,208,605,161.0,470.0,123,365,positive,9640
101,9,76,Tic-Tac-Toe Endgame,766,2,positive,2,select_coverage,1.0,exact,237,671,182.0,520.0,140,405,positive,10768
101,9,76,Tic-Tac-Toe Endgame,766,2,positive,2,select_coverage,2.0,exact,413,1234,318.0,973.0,245,758,positive,19508
101,9,76,Tic-Tac-Toe Endgame,766,2,positive,2,select_coverage,3.0,exact,561,1732,440.0,1394.0,325,1039,positive,27236
101,9,76,Tic-Tac-Toe Endgame,766,2,positive,2,select_coverage,4.0,exact,687,2173,537.0,1750.0,397,1315,positive,33856
101,9,76,Tic-Tac-Toe Endgame,766,2,positive,2,select_coverage_CBA_M1,,exact,218,637,170.0,499.0,130,388,positive,10192
101,9,100,Tic-Tac-Toe Endgame,766,2,positive,1,select_coverage,1.0,DAC,251,700,,,196,543,positive,5884
101,9,100,Tic-Tac-Toe Endgame,766,2,positive,1,select_coverage,1.0,exact,251,700,196.0,543.0,147,411,positive,11336
101,9,100,Tic-Tac-Toe Endgame,766,2,positive,1,select_coverage,2.0,DAC,432,1271,,,337,1006,positive,10340
101,9,100,Tic-Tac-Toe Endgame,766,2,positive,1,select_coverage,2.0,exact,432,1271,337.0,1006.0,260,790,positive,20372
101,9,100,Tic-Tac-Toe Endgame,766,2,positive,1,select_coverage,3.0,DAC,579,1746,,,445,1378,positive,14004
101,9,100,Tic-Tac-Toe Endgame,766,2,positive,1,select_coverage,3.0,exact,579,1746,445.0,1378.0,339,1072,positive,27480
101,9,100,Tic-Tac-Toe Endgame,766,2,positive,1,select_coverage,4.0,DAC,696,2149,,,532,1690,positive,17020
101,9,100,Tic-Tac-Toe Endgame,766,2,positive,1,select_coverage,4.0,exact,696,2149,532.0,1690.0,407,1322,positive,33428
101,9,100,Tic-Tac-Toe Endgame,766,2,positive,1,select_coverage_CBA_M1,,DAC,219,631,,,169,487,positive,5224
101,9,100,Tic-Tac-Toe Endgame,766,2,positive,1,select_coverage_CBA_M1,,exact,219,631,169.0,487.0,125,364,positive,10000
101,9,100,Tic-Tac-Toe Endgame,766,2,positive,2,select_coverage,1.0,exact,251,700,196.0,543.0,147,411,positive,11336
101,9,100,Tic-Tac-Toe Endgame,766,2,positive,2,select_coverage,2.0,exact,432,1271,337.0,1006.0,260,790,positive,20372
101,9,100,Tic-Tac-Toe Endgame,766,2,positive,2,select_coverage,3.0,exact,579,1746,445.0,1378.0,339,1072,positive,27480
101,9,100,Tic-Tac-Toe Endgame,766,2,positive,2,select_coverage,4.0,exact,696,2149,532.0,1690.0,407,1322,positive,33428
101,9,100,Tic-Tac-Toe Endgame,766,2,positive,2,select_coverage_CBA_M1,,exact,223,643,173.0,499.0,128,373,positive,10228
101,9,114,Tic-Tac-Toe Endgame,766,2,positive,1,select_coverage,1.0,DAC,230,643,,,170,478,positive,5404
101,9,114,Tic-Tac-Toe Endgame,766,2,positive,1,select_coverage,1.0,exact,230,643,170.0,478.0,136,384,positive,10116
101,9,114,Tic-Tac-Toe Endgame,766,2,positive,1,select_coverage,2.0,DAC,429,1256,,,332,992,positive,10244
101,9,114,Tic-Tac-Toe Endgame,766,2,positive,1,select_coverage,2.0,exact,429,1256,332.0,992.0,249,752,positive,19984
101,9,114,Tic-Tac-Toe Endgame,766,2,positive,1,select_coverage,3.0,DAC,561,1706,,,440,1371,positive,13628
101,9,114,Tic-Tac-Toe Endgame,766,2,positive,1,select_coverage,3.0,exact,561,1706,440.0,1371.0,331,1050,positive,27084
101,9,114,Tic-Tac-Toe Endgame,766,2,positive,1,select_coverage,4.0,DAC,678,2111,,,529,1691,positive,16652
101,9,114,Tic-Tac-Toe Endgame,766,2,positive,1,select_coverage,4.0,exact,678,2111,528.0,1689.0,395,1288,positive,33040
101,9,114,Tic-Tac-Toe Endgame,766,2,positive,1,select_coverage_CBA_M1,,DAC,210,607,,,154,449,positive,5020
101,9,114,Tic-Tac-Toe Endgame,766,2,positive,1,select_coverage_CBA_M1,,exact,210,607,154.0,449.0,122,359,positive,9372
101,9,114,Tic-Tac-Toe Endgame,766,2,positive,2,select_coverage,1.0,exact,230,643,170.0,478.0,136,384,positive,10116
101,9,114,Tic-Tac-Toe Endgame,766,2,positive,2,select_coverage,2.0,exact,429,1256,332.0,992.0,249,752,positive,19984
101,9,114,Tic-Tac-Toe Endgame,766,2,positive,2,select_coverage,3.0,exact,561,1706,440.0,1371.0,331,1050,positive,27084
101,9,114,Tic-Tac-Toe Endgame,766,2,positive,2,select_coverage,4.0,exact,678,2111,528.0,1689.0,395,1288,positive,33040
101,9,114,Tic-Tac-Toe Endgame,766,2,positive,2,select_coverage_CBA_M1,,exact,209,604,153.0,446.0,121,356,positive,9312
101,9,133,Tic-Tac-Toe Endgame,766,2,positive,1,select_coverage,1.0,DAC,225,646,,,177,516,positive,5356
101,9,133,Tic-Tac-Toe Endgame,766,2,positive,1,select_coverage,1.0,exact,225,646,177.0,516.0,135,392,positive,10480
101,9,133,Tic-Tac-Toe Endgame,766,2,positive,1,select_coverage,2.0,DAC,391,1207,,,315,1005,positive,9592
101,9,133,Tic-Tac-Toe Endgame,766,2,positive,1,select_coverage,2.0,exact,391,1207,315.0,1005.0,227,726,positive,19328
101,9,133,Tic-Tac-Toe Endgame,766,2,positive,1,select_coverage,3.0,DAC,532,1721,,,420,1406,positive,13340
101,9,133,Tic-Tac-Toe Endgame,766,2,positive,1,select_coverage,3.0,exact,532,1721,420.0,1406.0,300,1016,positive,26668
101,9,133,Tic-Tac-Toe Endgame,766,2,positive,1,select_coverage,4.0,DAC,643,2177,,,517,1813,positive,16496
101,9,133,Tic-Tac-Toe Endgame,766,2,positive,1,select_coverage,4.0,exact,643,2177,517.0,1813.0,371,1319,positive,33660
101,9,133,Tic-Tac-Toe Endgame,766,2,positive,1,select_coverage_CBA_M1,,DAC,205,619,,,163,497,positive,5008
101,9,133,Tic-Tac-Toe Endgame,766,2,positive,1,select_coverage_CBA_M1,,exact,205,619,163.0,497.0,122,374,positive,9888
101,9,133,Tic-Tac-Toe Endgame,766,2,positive,2,select_coverage,1.0,exact,225,646,177.0,516.0,135,392,positive,10480
101,9,133,Tic-Tac-Toe Endgame,766,2,positive,2,select_coverage,2.0,exact,391,1207,315.0,1005.0,227,726,positive,19328
101,9,133,Tic-Tac-Toe Endgame,766,2,positive,2,select_coverage,3.0,exact,532,1721,420.0,1406.0,300,1016,positive,26668
101,9,133,Tic-Tac-Toe Endgame,766,2,positive,2,select_coverage,4.0,exact,643,2177,517.0,1813.0,371,1319,positive,33660
101,9,133,Tic-Tac-Toe Endgame,766,2,positive,2,select_coverage_CBA_M1,,exact,205,619,163.0,497.0,122,374,positive,9888
101,9,138,Tic-Tac-Toe Endgame,766,2,positive,1,select_coverage,1.0,DAC,236,677,,,183,533,positive,5612
101,9,138,Tic-Tac-Toe Endgame,766,2,positive,1,select_coverage,1.0,exact,236,677,183.0,533.0,139,413,positive,10900
101,9,138,Tic-Tac-Toe Endgame,766,2,positive,1,select_coverage,2.0,DAC,435,1299,,,341,1042,positive,10488
101,9,138,Tic-Tac-Toe Endgame,766,2,positive,1,select_coverage,2.0,exact,435,1299,341.0,1042.0,250,778,positive,20676
101,9,138,Tic-Tac-Toe Endgame,766,2,positive,1,select_coverage,3.0,DAC,583,1794,,,452,1433,positive,14244
101,9,138,Tic-Tac-Toe Endgame,766,2,positive,1,select_coverage,3.0,exact,583,1794,452.0,1433.0,331,1076,positive,28076
101,9,138,Tic-Tac-Toe Endgame,766,2,positive,1,select_coverage,4.0,DAC,706,2219,,,553,1791,positive,17420
101,9,138,Tic-Tac-Toe Endgame,766,2,positive,1,select_coverage,4.0,exact,706,2219,553.0,1791.0,403,1344,positive,34704
101,9,138,Tic-Tac-Toe Endgame,766,2,positive,1,select_coverage_CBA_M1,,DAC,192,565,,,149,444,negative,4636
101,9,138,Tic-Tac-Toe Endgame,766,2,positive,1,select_coverage_CBA_M1,,exact,192,565,149.0,444.0,115,349,positive,9024
101,9,138,Tic-Tac-Toe Endgame,766,2,positive,2,select_coverage,1.0,exact,236,677,183.0,533.0,139,413,positive,10900
101,9,138,Tic-Tac-Toe Endgame,766,2,positive,2,select_coverage,2.0,exact,435,1299,341.0,1042.0,250,778,positive,20676
101,9,138,Tic-Tac-Toe Endgame,766,2,positive,2,select_coverage,3.0,exact,583,1794,452.0,1433.0,331,1076,positive,28076
101,9,138,Tic-Tac-Toe Endgame,766,2,positive,2,select_coverage,4.0,exact,706,2219,553.0,1791.0,403,1344,positive,34704
101,9,138,Tic-Tac-Toe Endgame,766,2,positive,2,select_coverage_CBA_M1,,exact,210,623,164.0,493.0,126,385,positive,9956
101,9,148,Tic-Tac-Toe Endgame,766,2,positive,1,select_coverage,1.0,DAC,231,665,,,172,498,positive,5504
101,9,148,Tic-Tac-Toe Endgame,766,2,positive,1,select_coverage,1.0,exact,231,665,172.0,498.0,144,421,positive,10480
101,9,148,Tic-Tac-Toe Endgame,766,2,positive,1,select_coverage,2.0,DAC,432,1285,,,328,1007,positive,10396
101,9,148,Tic-Tac-Toe Endgame,766,2,positive,1,select_coverage,2.0,exact,432,1285,328.0,1007.0,259,811,positive,20300
101,9,148,Tic-Tac-Toe Endgame,766,2,positive,1,select_coverage,3.0,DAC,604,1861,,,459,1480,positive,14764
101,9,148,Tic-Tac-Toe Endgame,766,2,positive,1,select_coverage,3.0,exact,604,1861,459.0,1480.0,353,1146,positive,28980
101,9,148,Tic-Tac-Toe Endgame,766,2,positive,1,select_coverage,4.0,DAC,732,2353,,,560,1890,positive,18268
101,9,148,Tic-Tac-Toe Endgame,766,2,positive,1,select_coverage,4.0,exact,732,2353,559.0,1887.0,430,1460,positive,36232
101,9,148,Tic-Tac-Toe Endgame,766,2,positive,1,select_coverage_CBA_M1,,DAC,221,650,,,164,487,positive,5324
101,9,148,Tic-Tac-Toe Endgame,766,2,positive,1,select_coverage_CBA_M1,,exact,221,650,164.0,487.0,137,411,positive,10144
101,9,148,Tic-Tac-Toe Endgame,766,2,positive,2,select_coverage,1.0,exact,231,665,172.0,498.0,144,421,positive,10480
101,9,148,Tic-Tac-Toe Endgame,766,2,positive,2,select_coverage,2.0,exact,432,1285,328.0,1007.0,259,811,positive,20300
101,9,148,Tic-Tac-Toe Endgame,766,2,positive,2,select_coverage,3.0,exact,604,1861,459.0,1480.0,353,1146,positive,28980
101,9,148,Tic-Tac-Toe Endgame,766,2,positive,2,select_coverage,4.0,exact,732,2353,559.0,1887.0,430,1460,positive,36232
101,9,148,Tic-Tac-Toe Endgame,766,2,positive,2,select_coverage_CBA_M1,,exact,219,645,163.0,485.0,137,411,positive,10092
101,10,5,Tic-Tac-Toe Endgame,766,2,positive,1,select_coverage,1.0,DAC,227,647,,,191,546,positive,5392
101,10,5,Tic-Tac-Toe Endgame,766,2,positive,1,select_coverage,1.0,exact,227,647,191.0,546.0,143,417,positive,11040
101,10,5,Tic-Tac-Toe Endgame,766,2,positive,1,select_coverage,2.0,DAC,423,1271,,,343,1063,positive,10240
101,10,5,Tic-Tac-Toe Endgame,766,2,positive,1,select_coverage,2.0,exact,423,1271,343.0,1063.0,245,774,positive,20680
101,10,5,Tic-Tac-Toe Endgame,766,2,positive,1,select_coverage,3.0,DAC,578,1862,,,479,1595,positive,14464
101,10,5,Tic-Tac-Toe Endgame,766,2,positive,1,select_coverage,3.0,exact,578,1862,479.0,1595.0,334,1127,positive,29848
101,10,5,Tic-Tac-Toe Endgame,766,2,positive,1,select_coverage,4.0,DAC,694,2314,,,579,1997,positive,17664
101,10,5,Tic-Tac-Toe Endgame,766,2,positive,1,select_coverage,4.0,exact,694,2314,579.0,1997.0,403,1418,positive,36828
101,10,5,Tic-Tac-Toe Endgame,766,2,positive,1,select_coverage_CBA_M1,,DAC,209,618,,,176,523,positive,5060
101,10,5,Tic-Tac-Toe Endgame,766,2,positive,1,select_coverage_CBA_M1,,exact,209,618,176.0,523.0,132,399,positive,10400
101,10,5,Tic-Tac-Toe Endgame,766,2,positive,2,select_coverage,1.0,exact,227,647,191.0,546.0,143,417,positive,11040
101,10,5,Tic-Tac-Toe Endgame,766,2,positive,2,select_coverage,2.0,exact,423,1271,343.0,1063.0,245,774,positive,20680
101,10,5,Tic-Tac-Toe Endgame,766,2,positive,2,select_coverage,3.0,exact,578,1862,479.0,1595.0,334,1127,positive,29848
101,10,5,Tic-Tac-Toe Endgame,766,2,positive,2,select_coverage,4.0,exact,694,2314,579.0,1997.0,403,1418,positive,36828
101,10,5,Tic-Tac-Toe Endgame,766,2,positive,2,select_coverage_CBA_M1,,exact,205,608,174.0,518.0,132,399,positive,10292
101,10,14,Tic-Tac-Toe Endgame,766,2,positive,1,select_coverage,1.0,DAC,247,706,,,196,568,positive,5868
101,10,14,Tic-Tac-Toe Endgame,766,2,positive,1,select_coverage,1.0,exact,247,706,195.0,566.0,154,452,positive,11592
101,10,14,Tic-Tac-Toe Endgame,766,2,positive,1,select_coverage,2.0,DAC,431,1287,,,336,1033,positive,10400
101,10,14,Tic-Tac-Toe Endgame,766,2,positive,1,select_coverage,2.0,exact,431,1287,335.0,1031.0,250,779,positive,20444
101,10,14,Tic-Tac-Toe Endgame,766,2,positive,1,select_coverage,3.0,DAC,569,1768,,,442,1425,positive,13980
101,10,14,Tic-Tac-Toe Endgame,766,2,positive,1,select_coverage,3.0,exact,569,1768,441.0,1423.0,333,1087,positive,27712
101,10,14,Tic-Tac-Toe Endgame,766,2,positive,1,select_coverage,4.0,DAC,690,2207,,,541,1806,positive,17188
101,10,14,Tic-Tac-Toe Endgame,766,2,positive,1,select_coverage,4.0,exact,690,2207,540.0,1804.0,404,1360,positive,34460
101,10,14,Tic-Tac-Toe Endgame,766,2,positive,1,select_coverage_CBA_M1,,DAC,229,674,,,184,548,positive,5524
101,10,14,Tic-Tac-Toe Endgame,766,2,positive,1,select_coverage_CBA_M1,,exact,229,674,183.0,546.0,145,436,positive,11032
101,10,14,Tic-Tac-Toe Endgame,766,2,positive,2,select_coverage,1.0,exact,247,706,195.0,566.0,154,452,positive,11592
101,10,14,Tic-Tac-Toe Endgame,766,2,positive,2,select_coverage,2.0,exact,431,1287,335.0,1031.0,250,779,positive,20444
101,10,14,Tic-Tac-Toe Endgame,766,2,positive,2,select_coverage,3.0,exact,569,1768,441.0,1423.0,333,1087,positive,27712
101,10,14,Tic-Tac-Toe Endgame,766,2,positive,2,select_coverage,4.0,exact,690,2207,540.0,1804.0,404,1360,positive,34460
101,10,14,Tic-Tac-Toe Endgame,766,2,positive,2,select_coverage_CBA_M1,,exact,223,658,179.0,536.0,143,431,positive,10812
101,10,17,Tic-Tac-Toe Endgame,766,2,positive,1,select_coverage,1.0,DAC,240,685,,,198,579,positive,5700
101,10,17,Tic-Tac-Toe Endgame,766,2,positive,1,select_coverage,1.0,exact,240,685,198.0,579.0,159,474,positive,11720
101,10,17,Tic-Tac-Toe Endgame,766,2,positive,1,select_coverage,2.0,DAC,421,1272,,,345,1076,positive,10220
101,10,17,Tic-Tac-Toe Endgame,766,2,positive,1,select_coverage,2.0,exact,421,1272,344.0,1073.0,261,827,positive,20960
101,10,17,Tic-Tac-Toe Endgame,766,2,positive,1,select_coverage,3.0,DAC,575,1823,,,472,1550,positive,14272
101,10,17,Tic-Tac-Toe Endgame,766,2,positive,1,select_coverage,3.0,exact,575,1823,471.0,1547.0,347,1165,positive,29460
101,10,17,Tic-Tac-Toe Endgame,766,2,positive,1,select_coverage,4.0,DAC,710,2326,,,586,1994,positive,17904
101,10,17,Tic-Tac-Toe Endgame,766,2,positive,1,select_coverage,4.0,exact,710,2326,583.0,1988.0,423,1469,positive,37140
101,10,17,Tic-Tac-Toe Endgame,766,2,positive,1,select_coverage_CBA_M1,,DAC,223,661,,,186,560,positive,5400
101,10,17,Tic-Tac-Toe Endgame,766,2,positive,1,select_coverage_CBA_M1,,exact,223,661,186.0,560.0,149,459,positive,11200
101,10,17,Tic-Tac-Toe Endgame,766,2,positive,2,select_coverage,1.0,exact,240,685,198.0,579.0,159,474,positive,11720
101,10,17,Tic-Tac-Toe Endgame,766,2,positive,2,select_coverage,2.0,exact,421,1272,344.0,1073.0,261,827,positive,20960
101,10,17,Tic-Tac-Toe Endgame,766,2,positive,2,select_coverage,3.0,exact,575,1823,471.0,1547.0,347,1165,positive,29460
101,10,17,Tic-Tac-Toe Endgame,766,2,positive,2,select_coverage,4.0,exact,710,2326,583.0,1988.0,423,1469,positive,37140
101,10,17,Tic-Tac-Toe Endgame,766,2,positive,2,select_coverage_CBA_M1,,exact,223,661,186.0,560.0,149,459,positive,11200
101,10,19,Tic-Tac-Toe Endgame,766,2,positive,1,select_coverage,1.0,DAC,246,684,,,196,553,positive,5768
101,10,19,Tic-Tac-Toe Endgame,766,2,positive,1,select_coverage,1.0,exact,246,684,196.0,553.0,161,460,positive,11508
101,10,19,Tic-Tac-Toe Endgame,766,2,positive,1,select_coverage,2.0,DAC,436,1304,,,344,1062,positive,10528
101,10,19,Tic-Tac-Toe Endgame,766,2,positive,1,select_coverage,2.0,exact,436,1304,344.0,1062.0,260,806,positive,20960
101,10,19,Tic-Tac-Toe Endgame,766,2,positive,1,select_coverage,3.0,DAC,598,1893,,,476,1568,positive,14828
101,10,19,Tic-Tac-Toe Endgame,766,2,positive,1,select_coverage,3.0,exact,598,1893,476.0,1568.0,362,1201,positive,30088
101,10,19,Tic-Tac-Toe Endgame,766,2,positive,1,select_coverage,4.0,DAC,732,2430,,,586,2031,positive,18584
101,10,19,Tic-Tac-Toe Endgame,766,2,positive,1,select_coverage,4.0,exact,732,2430,586.0,2031.0,437,1523,positive,38016
101,10,19,Tic-Tac-Toe Endgame,766,2,positive,1,select_coverage_CBA_M1,,DAC,217,629,,,177,516,positive,5200
101,10,19,Tic-Tac-Toe Endgame,766,2,positive,1,select_coverage_CBA_M1,,exact,217,629,177.0,516.0,148,434,positive,10580
101,10,19,Tic-Tac-Toe Endgame,766,2,positive,2,select_coverage,1.0,exact,246,684,196.0,553.0,161,460,positive,11508
101,10,19,Tic-Tac-Toe Endgame,766,2,positive,2,select_coverage,2.0,exact,436,1304,344.0,1062.0,260,806,positive,20960
101,10,19,Tic-Tac-Toe Endgame,766,2,positive,2,select_coverage,3.0,exact,598,1893,476.0,1568.0,362,1201,positive,30088
101,10,19,Tic-Tac-Toe Endgame,766,2,positive,2,select_coverage,4.0,exact,732,2430,586.0,2031.0,437,1523,positive,38016
101,10,19,Tic-Tac-Toe Endgame,766,2,positive,2,select_coverage_CBA_M1,,exact,223,644,182.0,528.0,152,443,positive,10844
101,10,29,Tic-Tac-Toe Endgame,766,2,positive,1,select_coverage,1.0,DAC,259,732,,,200,581,positive,6116
101,10,29,Tic-Tac-Toe Endgame,766,2,positive,1,select_coverage,1.0,exact,259,732,200.0,581.0,142,411,positive,11712
101,10,29,Tic-Tac-Toe Endgame,766,2,positive,1,select_coverage,2.0,DAC,439,1326,,,342,1081,positive,10652
101,10,29,Tic-Tac-Toe Endgame,766,2,positive,1,select_coverage,2.0,exact,439,1326,342.0,1081.0,242,768,positive,20924
101,10,29,Tic-Tac-Toe Endgame,766,2,positive,1,select_coverage,3.0,DAC,588,1862,,,461,1526,positive,14584
101,10,29,Tic-Tac-Toe Endgame,766,2,positive,1,select_coverage,3.0,exact,588,1862,461.0,1526.0,330,1104,positive,29048
101,10,29,Tic-Tac-Toe Endgame,766,2,positive,1,select_coverage,4.0,DAC,716,2353,,,567,1940,positive,18084
101,10,29,Tic-Tac-Toe Endgame,766,2,positive,1,select_coverage,4.0,exact,716,2353,567.0,1940.0,407,1409,positive,36432
101,10,29,Tic-Tac-Toe Endgame,766,2,positive,1,select_coverage_CBA_M1,,DAC,235,689,,,189,560,positive,5656
101,10,29,Tic-Tac-Toe Endgame,766,2,positive,1,select_coverage_CBA_M1,,exact,235,689,189.0,560.0,135,398,positive,11140
101,10,29,Tic-Tac-Toe Endgame,766,2,positive,2,select_coverage,1.0,exact,259,732,200.0,581.0,142,411,positive,11712
101,10,29,Tic-Tac-Toe Endgame,766,2,positive,2,select_coverage,2.0,exact,439,1326,342.0,1081.0,242,768,positive,20924
101,10,29,Tic-Tac-Toe Endgame,766,2,positive,2,select_coverage,3.0,exact,588,1862,461.0,1526.0,330,1104,positive,29048
101,10,29,Tic-Tac-Toe Endgame,766,2,positive,2,select_coverage,4.0,exact,716,2353,567.0,1940.0,407,1409,positive,36432
101,10,29,Tic-Tac-Toe Endgame,766,2,positive,2,select_coverage_CBA_M1,,exact,235,689,189.0,560.0,135,398,positive,11140
101,10,31,Tic-Tac-Toe Endgame,766,2,positive,1,select_coverage,1.0,DAC,240,662,,,189,531,positive,5608
101,10,31,Tic-Tac-Toe Endgame,766,2,positive,1,select_coverage,1.0,exact,240,662,188.0,529.0,146,418,positive,10964
101,10,31,Tic-Tac-Toe Endgame,766,2,positive,1,select_coverage,2.0,DAC,405,1188,,,317,950,positive,9692
101,10,31,Tic-Tac-Toe Endgame,766,2,positive,1,select_coverage,2.0,exact,405,1188,316.0,948.0,239,732,positive,19072
101,10,31,Tic-Tac-Toe Endgame,766,2,positive,1,select_coverage,3.0,DAC,531,1619,,,414,1297,positive,12928
101,10,31,Tic-Tac-Toe Endgame,766,2,positive,1,select_coverage,3.0,exact,531,1619,413.0,1295.0,319,1032,positive,25712
101,10,31,Tic-Tac-Toe Endgame,766,2,positive,1,select_coverage,4.0,DAC,638,1988,,,496,1586,positive,15688
101,10,31,Tic-Tac-Toe Endgame,766,2,positive,1,select_coverage,4.0,exact,638,1988,495.0,1584.0,379,1241,positive,31148
101,10,31,Tic-Tac-Toe Endgame,766,2,positive,1,select_coverage_CBA_M1,,DAC,204,601,,,165,489,positive,4932
101,10,31,Tic-Tac-Toe Endgame,766,2,positive,1,select_coverage_CBA_M1,,exact,204,601,164.0,487.0,127,384,positive,9840
101,10,31,Tic-Tac-Toe Endgame,766,2,positive,2,select_coverage,1.0,exact,240,662,188.0,529.0,146,418,positive,10964
101,10,31,Tic-Tac-Toe Endgame,766,2,positive,2,select_coverage,2.0,exact,405,1188,316.0,948.0,239,732,positive,19072
101,10,31,Tic-Tac-Toe Endgame,766,2,positive,2,select_coverage,3.0,exact,531,1619,413.0,1295.0,319,1032,positive,25712
101,10,31,Tic-Tac-Toe Endgame,766,2,positive,2,select_coverage,4.0,exact,638,1988,495.0,1584.0,379,1241,positive,31148
101,10,31,Tic-Tac-Toe Endgame,766,2,positive,2,select_coverage_CBA_M1,,exact,197,584,158.0,472.0,123,374,positive,9528
101,10,34,Tic-Tac-Toe Endgame,766,2,positive,1,select_coverage,1.0,DAC,237,679,,,193,559,positive,5640
101,10,34,Tic-Tac-Toe Endgame,766,2,positive,1,select_coverage,1.0,exact,237,679,193.0,559.0,151,445,positive,11380
101,10,34,Tic-Tac-Toe Endgame,766,2,positive,1,select_coverage,2.0,DAC,439,1358,,,358,1148,positive,10780
101,10,34,Tic-Tac-Toe Endgame,766,2,positive,1,select_coverage,2.0,exact,439,1358,358.0,1148.0,271,883,positive,22164
101,10,34,Tic-Tac-Toe Endgame,766,2,positive,1,select_coverage,3.0,DAC,612,1982,,,499,1681,positive,15352
101,10,34,Tic-Tac-Toe Endgame,766,2,positive,1,select_coverage,3.0,exact,612,1982,499.0,1681.0,369,1269,positive,31720
101,10,34,Tic-Tac-Toe Endgame,766,2,positive,1,select_coverage,4.0,DAC,743,2514,,,613,2158,positive,19052
101,10,34,Tic-Tac-Toe Endgame,766,2,positive,1,select_coverage,4.0,exact,743,2514,613.0,2158.0,446,1604,positive,39832
101,10,34,Tic-Tac-Toe Endgame,766,2,positive,1,select_coverage_CBA_M1,,DAC,193,574,,,157,469,positive,4692
101,10,34,Tic-Tac-Toe Endgame,766,2,positive,1,select_coverage_CBA_M1,,exact,193,574,157.0,469.0,125,380,positive,9476
101,10,34,Tic-Tac-Toe Endgame,766,2,positive,2,select_coverage,1.0,exact,237,679,193.0,559.0,151,445,positive,11380
101,10,34,Tic-Tac-Toe Endgame,766,2,positive,2,select_coverage,2.0,exact,439,1358,358.0,1148.0,271,883,positive,22164
101,10,34,Tic-Tac-Toe Endgame,766,2,positive,2,select_coverage,3.0,exact,612,1982,499.0,1681.0,369,1269,positive,31720
101,10,34,Tic-Tac-Toe Endgame,766,2,positive,2,select_coverage,4.0,exact,743,2514,613.0,2158.0,446,1604,positive,39832
101,10,34,Tic-Tac-Toe Endgame,766,2,positive,2,select_coverage_CBA_M1,,exact,209,624,170.0,511.0,135,413,positive,10288
101,10,42,Tic-Tac-Toe Endgame,766,2,positive,1,select_coverage,1.0,DAC,232,655,,,187,531,positive,5484
101,10,42,Tic-Tac-Toe Endgame,766,2,positive,1,select_coverage,1.0,exact,232,655,187.0,531.0,140,407,positive,10876
101,10,42,Tic-Tac-Toe Endgame,766,2,positive,1,select_coverage,2.0,DAC,426,1255,,,342,1036,positive,10212
101,10,42,Tic-Tac-Toe Endgame,766,2,positive,1,select_coverage,2.0,exact,426,1255,340.0,1030.0,255,798,positive,20508
101,10,42,Tic-Tac-Toe Endgame,766,2,positive,1,select_coverage,3.0,DAC,559,1713,,,448,1418,positive,13640
101,10,42,Tic-Tac-Toe Endgame,766,2,positive,1,select_coverage,3.0,exact,559,1713,445.0,1409.0,335,1093,positive,27556
101,10,42,Tic-Tac-Toe Endgame,766,2,positive,1,select_coverage,4.0,DAC,673,2181,,,546,1833,positive,16880
101,10,42,Tic-Tac-Toe Endgame,766,2,positive,1,select_coverage,4.0,exact,673,2181,543.0,1824.0,402,1387,positive,34616
101,10,42,Tic-Tac-Toe Endgame,766,2,positive,1,select_coverage_CBA_M1,,DAC,213,618,,,172,502,positive,5108
101,10,42,Tic-Tac-Toe Endgame,766,2,positive,1,select_coverage_CBA_M1,,exact,213,618,172.0,502.0,130,389,positive,10180
101,10,42,Tic-Tac-Toe Endgame,766,2,positive,2,select_coverage,1.0,exact,232,655,187.0,531.0,140,407,positive,10876
101,10,42,Tic-Tac-Toe Endgame,766,2,positive,2,select_coverage,2.0,exact,426,1255,340.0,1030.0,255,798,positive,20508
101,10,42,Tic-Tac-Toe Endgame,766,2,positive,2,select_coverage,3.0,exact,559,1713,445.0,1409.0,335,1093,positive,27556
101,10,42,Tic-Tac-Toe Endgame,766,2,positive,2,select_coverage,4.0,exact,673,2181,543.0,1824.0,402,1387,positive,34616
101,10,42,Tic-Tac-Toe Endgame,766,2,positive,2,select_coverage_CBA_M1,,exact,213,618,172.0,502.0,130,389,positive,10180
101,10,49,Tic-Tac-Toe Endgame,766,2,positive,1,select_coverage,1.0,DAC,236,665,,,184,530,positive,5572
101,10,49,Tic-Tac-Toe Endgame,766,2,positive,1,select_coverage,1.0,exact,236,665,183.0,528.0,142,418,positive,10852
101,10,49,Tic-Tac-Toe Endgame,766,2,positive,1,select_coverage,2.0,DAC,432,1292,,,342,1057,positive,10432
101,10,49,Tic-Tac-Toe Endgame,766,2,positive,1,select_coverage,2.0,exact,432,1292,341.0,1055.0,261,824,positive,20884
101,10,49,Tic-Tac-Toe Endgame,766,2,positive,1,select_coverage,3.0,DAC,605,1909,,,482,1577,positive,14976
101,10,49,Tic-Tac-Toe Endgame,766,2,positive,1,select_coverage,3.0,exact,605,1909,481.0,1575.0,352,1179,positive,30212
101,10,49,Tic-Tac-Toe Endgame,766,2,positive,1,select_coverage,4.0,DAC,745,2440,,,591,2016,positive,18780
101,10,49,Tic-Tac-Toe Endgame,766,2,positive,1,select_coverage,4.0,exact,745,2440,589.0,2011.0,436,1523,positive,38048
101,10,49,Tic-Tac-Toe Endgame,766,2,positive,1,select_coverage_CBA_M1,,DAC,220,630,,,175,507,positive,5240
101,10,49,Tic-Tac-Toe Endgame,766,2,positive,1,select_coverage_CBA_M1,,exact,220,630,174.0,505.0,135,399,positive,10328
101,10,49,Tic-Tac-Toe Endgame,766,2,positive,2,select_coverage,1.0,exact,236,665,183.0,528.0,142,418,positive,10852
101,10,49,Tic-Tac-Toe Endgame,766,2,positive,2,select_coverage,2.0,exact,432,1292,341.0,1055.0,261,824,positive,20884
101,10,49,Tic-Tac-Toe Endgame,766,2,positive,2,select_coverage,3.0,exact,605,1909,481.0,1575.0,352,1179,positive,30212
101,10,49,Tic-Tac-Toe Endgame,766,2,positive,2,select_coverage,4.0,exact,745,2440,589.0,2011.0,436,1523,positive,38048
101,10,49,Tic-Tac-Toe Endgame,766,2,positive,2,select_coverage_CBA_M1,,exact,225,646,178.0,518.0,138,409,positive,10580
101,10,63,Tic-Tac-Toe Endgame,766,2,positive,1,select_coverage,1.0,DAC,242,674,,,191,540,positive,5680
101,10,63,Tic-Tac-Toe Endgame,766,2,positive,1,select_coverage,1.0,exact,242,674,191.0,540.0,146,414,positive,11112
101,10,63,Tic-Tac-Toe Endgame,766,2,positive,1,select_coverage,2.0,DAC,442,1310,,,361,1099,positive,10624
101,10,63,Tic-Tac-Toe Endgame,766,2,positive,1,select_coverage,2.0,exact,442,1310,360.0,1097.0,263,803,positive,21496
101,10,63,Tic-Tac-Toe Endgame,766,2,positive,1,select_coverage,3.0,DAC,607,1850,,,479,1517,positive,14764
101,10,63,Tic-Tac-Toe Endgame,766,2,positive,1,select_coverage,3.0,exact,607,1850,478.0,1515.0,353,1130,positive,29468
101,10,63,Tic-Tac-Toe Endgame,766,2,positive,1,select_coverage,4.0,DAC,712,2201,,,559,1798,positive,17428
101,10,63,Tic-Tac-Toe Endgame,766,2,positive,1,select_coverage,4.0,exact,712,2201,558.0,1796.0,415,1355,positive,34816
101,10,63,Tic-Tac-Toe Endgame,766,2,positive,1,select_coverage_CBA_M1,,DAC,212,608,,,169,488,positive,5056
101,10,63,Tic-Tac-Toe Endgame,766,2,positive,1,select_coverage_CBA_M1,,exact,212,608,169.0,488.0,132,382,positive,9984
101,10,63,Tic-Tac-Toe Endgame,766,2,positive,2,select_coverage,1.0,exact,242,674,191.0,540.0,146,414,positive,11112
101,10,63,Tic-Tac-Toe Endgame,766,2,positive,2,select_coverage,2.0,exact,442,1310,360.0,1097.0,263,803,positive,21496
101,10,63,Tic-Tac-Toe Endgame,766,2,positive,2,select_coverage,3.0,exact,607,1850,478.0,1515.0,353,1130,positive,29468
101,10,63,Tic-Tac-Toe Endgame,766,2,positive,2,select_coverage,4.0,exact,712,2201,558.0,1796.0,415,1355,positive,34816
101,10,63,Tic-Tac-Toe Endgame,766,2,positive,2,select_coverage_CBA_M1,,exact,218,627,174.0,504.0,136,395,positive,10296
101,10,64,Tic-Tac-Toe Endgame,766,2,positive,1,select_coverage,1.0,DAC,237,667,,,174,496,positive,5592
101,10,64,Tic-Tac-Toe Endgame,766,2,positive,1,select_coverage,1.0,exact,237,667,174.0,496.0,138,393,positive,10416
101,10,64,Tic-Tac-Toe Endgame,766,2,positive,1,select_coverage,2.0,DAC,417,1254,,,312,971,positive,10100
101,10,64,Tic-Tac-Toe Endgame,766,2,positive,1,select_coverage,2.0,exact,417,1254,312.0,971.0,238,744,positive,19380
101,10,64,Tic-Tac-Toe Endgame,766,2,positive,1,select_coverage,3.0,DAC,574,1826,,,440,1463,positive,14272
101,10,64,Tic-Tac-Toe Endgame,766,2,positive,1,select_coverage,3.0,exact,574,1826,440.0,1463.0,331,1109,positive,28168
101,10,64,Tic-Tac-Toe Endgame,766,2,positive,1,select_coverage,4.0,DAC,695,2331,,,545,1916,positive,17744
101,10,64,Tic-Tac-Toe Endgame,766,2,positive,1,select_coverage,4.0,exact,695,2331,545.0,1916.0,403,1427,positive,35792
101,10,64,Tic-Tac-Toe Endgame,766,2,positive,1,select_coverage_CBA_M1,,DAC,218,638,,,164,482,positive,5248
101,10,64,Tic-Tac-Toe Endgame,766,2,positive,1,select_coverage_CBA_M1,,exact,218,638,164.0,482.0,129,381,positive,9956
101,10,64,Tic-Tac-Toe Endgame,766,2,positive,2,select_coverage,1.0,exact,237,667,174.0,496.0,138,393,positive,10416
101,10,64,Tic-Tac-Toe Endgame,766,2,positive,2,select_coverage,2.0,exact,417,1254,312.0,971.0,238,744,positive,19380
101,10,64,Tic-Tac-Toe Endgame,766,2,positive,2,select_coverage,3.0,exact,574,1826,440.0,1463.0,331,1109,positive,28168
101,10,64,Tic-Tac-Toe Endgame,766,2,positive,2,select_coverage,4.0,exact,695,2331,545.0,1916.0,403,1427,positive,35792
101,10,64,Tic-Tac-Toe Endgame,766,2,positive,2,select_coverage_CBA_M1,,exact,218,638,164.0,482.0,129,381,positive,9956
101,10,65,Tic-Tac-Toe Endgame,766,2,positive,1,select_coverage,1.0,DAC,240,689,,,192,560,positive,5716
101,10,65,Tic-Tac-Toe Endgame,766,2,positive,1,select_coverage,1.0,exact,240,689,192.0,560.0,148,433,positive,11352
101,10,65,Tic-Tac-Toe Endgame,766,2,positive,1,select_coverage,2.0,DAC,409,1219,,,318,967,positive,9864
101,10,65,Tic-Tac-Toe Endgame,766,2,positive,1,select_coverage,2.0,exact,409,1219,318.0,967.0,245,748,positive,19384
101,10,65,Tic-Tac-Toe Endgame,766,2,positive,1,select_coverage,3.0,DAC,536,1639,,,414,1298,positive,13068
101,10,65,Tic-Tac-Toe Endgame,766,2,positive,1,select_coverage,3.0,exact,536,1639,414.0,1298.0,319,1011,positive,25744
101,10,65,Tic-Tac-Toe Endgame,766,2,positive,1,select_coverage,4.0,DAC,639,2013,,,497,1615,positive,15800
101,10,65,Tic-Tac-Toe Endgame,766,2,positive,1,select_coverage,4.0,exact,639,2013,497.0,1615.0,384,1270,positive,31536
101,10,65,Tic-Tac-Toe Endgame,766,2,positive,1,select_coverage_CBA_M1,,DAC,214,643,,,174,526,positive,5220
101,10,65,Tic-Tac-Toe Endgame,766,2,positive,1,select_coverage_CBA_M1,,exact,214,643,174.0,526.0,136,411,positive,10512
101,10,65,Tic-Tac-Toe Endgame,766,2,positive,2,select_coverage,1.0,exact,240,689,192.0,560.0,148,433,positive,11352
101,10,65,Tic-Tac-Toe Endgame,766,2,positive,2,select_coverage,2.0,exact,409,1219,318.0,967.0,245,748,positive,19384
101,10,65,Tic-Tac-Toe Endgame,766,2,positive,2,select_coverage,3.0,exact,536,1639,414.0,1298.0,319,1011,positive,25744
101,10,65,Tic-Tac-Toe Endgame,766,2,positive,2,select_coverage,4.0,exact,639,2013,497.0,1615.0,384,1270,positive,31536
101,10,65,Tic-Tac-Toe Endgame,766,2,positive,2,select_coverage_CBA_M1,,exact,209,631,171.0,519.0,133,404,positive,10336
101,10,68,Tic-Tac-Toe Endgame,766,2,positive,1,select_coverage,1.0,DAC,254,712,,,196,558,positive,5976
101,10,68,Tic-Tac-Toe Endgame,766,2,positive,1,select_coverage,1.0,exact,254,712,196.0,558.0,155,442,positive,11568
101,10,68,Tic-Tac-Toe Endgame,766,2,positive,1,select_coverage,2.0,DAC,431,1255,,,337,1014,positive,10272
101,10,68,Tic-Tac-Toe Endgame,766,2,positive,1,select_coverage,2.0,exact,431,1255,337.0,1014.0,261,794,positive,20356
101,10,68,Tic-Tac-Toe Endgame,766,2,positive,1,select_coverage,3.0,DAC,565,1701,,,441,1382,positive,13664
101,10,68,Tic-Tac-Toe Endgame,766,2,positive,1,select_coverage,3.0,exact,565,1701,440.0,1379.0,337,1079,positive,27212
101,10,68,Tic-Tac-Toe Endgame,766,2,positive,1,select_coverage,4.0,DAC,676,2092,,,529,1705,positive,16560
101,10,68,Tic-Tac-Toe Endgame,766,2,positive,1,select_coverage,4.0,exact,676,2092,527.0,1700.0,393,1295,positive,33012
101,10,68,Tic-Tac-Toe Endgame,766,2,positive,1,select_coverage_CBA_M1,,DAC,229,662,,,183,532,positive,5476
101,10,68,Tic-Tac-Toe Endgame,766,2,positive,1,select_coverage_CBA_M1,,exact,229,662,183.0,532.0,146,424,positive,10880
101,10,68,Tic-Tac-Toe Endgame,766,2,positive,2,select_coverage,1.0,exact,254,712,196.0,558.0,155,442,positive,11568
101,10,68,Tic-Tac-Toe Endgame,766,2,positive,2,select_coverage,2.0,exact,431,1255,337.0,1014.0,261,794,positive,20356
101,10,68,Tic-Tac-Toe Endgame,766,2,positive,2,select_coverage,3.0,exact,565,1701,440.0,1379.0,337,1079,positive,27212
101,10,68,Tic-Tac-Toe Endgame,766,2,positive,2,select_coverage,4.0,exact,676,2092,527.0,1700.0,393,1295,positive,33012
101,10,68,Tic-Tac-Toe Endgame,766,2,positive,2,select_coverage_CBA_M1,,exact,222,642,179.0,521.0,145,421,positive,10648
101,10,74,Tic-Tac-Toe Endgame,766,2,positive,1,select_coverage,1.0,DAC,244,688,,,195,557,positive,5760
101,10,74,Tic-Tac-Toe Endgame,766,2,positive,1,select_coverage,1.0,exact,244,688,194.0,555.0,147,418,positive,11316
101,10,74,Tic-Tac-Toe Endgame,766,2,positive,1,select_coverage,2.0,DAC,408,1225,,,326,998,positive,9876
101,10,74,Tic-Tac-Toe Endgame,766,2,positive,1,select_coverage,2.0,exact,408,1225,325.0,996.0,246,760,positive,19740
101,10,74,Tic-Tac-Toe Endgame,766,2,positive,1,select_coverage,3.0,DAC,555,1759,,,443,1447,positive,13776
101,10,74,Tic-Tac-Toe Endgame,766,2,positive,1,select_coverage,3.0,exact,555,1759,442.0,1445.0,329,1077,positive,27748
101,10,74,Tic-Tac-Toe Endgame,766,2,positive,1,select_coverage,4.0,DAC,696,2318,,,554,1911,positive,17704
101,10,74,Tic-Tac-Toe Endgame,766,2,positive,1,select_coverage,4.0,exact,696,2318,553.0,1909.0,399,1362,positive,35644
101,10,74,Tic-Tac-Toe Endgame,766,2,positive,1,select_coverage_CBA_M1,,DAC,226,662,,,182,537,positive,5440
101,10,74,Tic-Tac-Toe Endgame,766,2,positive,1,select_coverage_CBA_M1,,exact,226,662,181.0,535.0,138,406,positive,10772
101,10,74,Tic-Tac-Toe Endgame,766,2,positive,2,select_coverage,1.0,exact,244,688,194.0,555.0,147,418,positive,11316
101,10,74,Tic-Tac-Toe Endgame,766,2,positive,2,select_coverage,2.0,exact,408,1225,325.0,996.0,246,760,positive,19740
101,10,74,Tic-Tac-Toe Endgame,766,2,positive,2,select_coverage,3.0,exact,555,1759,442.0,1445.0,329,1077,positive,27748
101,10,74,Tic-Tac-Toe Endgame,766,2,positive,2,select_coverage,4.0,exact,696,2318,553.0,1909.0,399,1362,positive,35644
101,10,74,Tic-Tac-Toe Endgame,766,2,positive,2,select_coverage_CBA_M1,,exact,226,662,181.0,535.0,138,406,positive,10772
101,10,76,Tic-Tac-Toe Endgame,766,2,positive,1,select_coverage,1.0,DAC,238,673,,,181,518,positive,5628
101,10,76,Tic-Tac-Toe Endgame,766,2,positive,1,select_coverage,1.0,exact,238,673,181.0,518.0,139,400,positive,10724
101,10,76,Tic-Tac-Toe Endgame,766,2,positive,1,select_coverage,2.0,DAC,430,1268,,,331,1004,positive,10312
101,10,76,Tic-Tac-Toe Endgame,766,2,positive,1,select_coverage,2.0,exact,430,1268,331.0,1004.0,246,757,positive,20076
101,10,76,Tic-Tac-Toe Endgame,766,2,positive,1,select_coverage,3.0,DAC,565,1728,,,441,1398,positive,13772
101,10,76,Tic-Tac-Toe Endgame,766,2,positive,1,select_coverage,3.0,exact,565,1728,441.0,1398.0,331,1063,positive,27356
101,10,76,Tic-Tac-Toe Endgame,766,2,positive,1,select_coverage,4.0,DAC,691,2164,,,545,1773,positive,17028
101,10,76,Tic-Tac-Toe Endgame,766,2,positive,1,select_coverage,4.0,exact,691,2164,545.0,1773.0,405,1333,positive,34176
101,10,76,Tic-Tac-Toe Endgame,766,2,positive,1,select_coverage_CBA_M1,,DAC,220,642,,,170,498,positive,5288
101,10,76,Tic-Tac-Toe Endgame,766,2,positive,1,select_coverage_CBA_M1,,exact,220,642,170.0,498.0,130,383,positive,10188
101,10,76,Tic-Tac-Toe Endgame,766,2,positive,2,select_coverage,1.0,exact,238,673,181.0,518.0,139,400,positive,10724
101,10,76,Tic-Tac-Toe Endgame,766,2,positive,2,select_coverage,2.0,exact,430,1268,331.0,1004.0,246,757,positive,20076
101,10,76,Tic-Tac-Toe Endgame,766,2,positive,2,select_coverage,3.0,exact,565,1728,441.0,1398.0,331,1063,positive,27356
101,10,76,Tic-Tac-Toe Endgame,766,2,positive,2,select_coverage,4.0,exact,691,2164,545.0,1773.0,405,1333,positive,34176
101,10,76,Tic-Tac-Toe Endgame,766,2,positive,2,select_coverage_CBA_M1,,exact,220,642,170.0,498.0,130,383,positive,10188
101,10,100,Tic-Tac-Toe Endgame,766,2,positive,1,select_coverage,1.0,DAC,238,652,,,190,517,positive,5544
101,10,100,Tic-Tac-Toe Endgame,766,2,positive,1,select_coverage,1.0,exact,238,652,190.0,517.0,143,388,positive,10804
101,10,100,Tic-Tac-Toe Endgame,766,2,positive,1,select_coverage,2.0,DAC,425,1237,,,338,1006,positive,10128
101,10,100,Tic-Tac-Toe Endgame,766,2,positive,1,select_coverage,2.0,exact,425,1237,337.0,1003.0,256,779,positive,20180
101,10,100,Tic-Tac-Toe Endgame,766,2,positive,1,select_coverage,3.0,DAC,569,1711,,,450,1393,positive,13752
101,10,100,Tic-Tac-Toe Endgame,766,2,positive,1,select_coverage,3.0,exact,569,1711,449.0,1390.0,341,1080,positive,27516
101,10,100,Tic-Tac-Toe Endgame,766,2,positive,1,select_coverage,4.0,DAC,684,2093,,,533,1677,positive,16660
101,10,100,Tic-Tac-Toe Endgame,766,2,positive,1,select_coverage,4.0,exact,684,2093,532.0,1674.0,398,1279,positive,32968
101,10,100,Tic-Tac-Toe Endgame,766,2,positive,1,select_coverage_CBA_M1,,DAC,212,596,,,169,470,positive,5008
101,10,100,Tic-Tac-Toe Endgame,766,2,positive,1,select_coverage_CBA_M1,,exact,212,596,169.0,470.0,128,354,positive,9752
101,10,100,Tic-Tac-Toe Endgame,766,2,positive,2,select_coverage,1.0,exact,238,652,190.0,517.0,143,388,positive,10804
101,10,100,Tic-Tac-Toe Endgame,766,2,positive,2,select_coverage,2.0,exact,425,1237,337.0,1003.0,256,779,positive,20180
101,10,100,Tic-Tac-Toe Endgame,766,2,positive,2,select_coverage,3.0,exact,569,1711,449.0,1390.0,341,1080,positive,27516
101,10,100,Tic-Tac-Toe Endgame,766,2,positive,2,select_coverage,4.0,exact,684,2093,532.0,1674.0,398,1279,positive,32968
101,10,100,Tic-Tac-Toe Endgame,766,2,positive,2,select_coverage_CBA_M1,,exact,219,617,176.0,491.0,132,366,positive,10136
101,10,114,Tic-Tac-Toe Endgame,766,2,positive,1,select_coverage,1.0,DAC,249,686,,,192,541,positive,5812
101,10,114,Tic-Tac-Toe Endgame,766,2,positive,1,select_coverage,1.0,exact,249,686,192.0,541.0,143,409,positive,11168
101,10,114,Tic-Tac-Toe Endgame,766,2,positive,1,select_coverage,2.0,DAC,423,1227,,,333,998,positive,10064
101,10,114,Tic-Tac-Toe Endgame,766,2,positive,1,select_coverage,2.0,exact,423,1227,333.0,998.0,244,745,positive,19888
101,10,114,Tic-Tac-Toe Endgame,766,2,positive,1,select_coverage,3.0,DAC,537,1610,,,426,1320,positive,12964
101,10,114,Tic-Tac-Toe Endgame,766,2,positive,1,select_coverage,3.0,exact,537,1610,426.0,1320.0,312,987,positive,25908
101,10,114,Tic-Tac-Toe Endgame,766,2,positive,1,select_coverage,4.0,DAC,645,1987,,,505,1606,positive,15768
101,10,114,Tic-Tac-Toe Endgame,766,2,positive,1,select_coverage,4.0,exact,645,1987,504.0,1604.0,373,1218,positive,31348
101,10,114,Tic-Tac-Toe Endgame,766,2,positive,1,select_coverage_CBA_M1,,DAC,204,599,,,162,481,positive,4924
101,10,114,Tic-Tac-Toe Endgame,766,2,positive,1,select_coverage_CBA_M1,,exact,204,599,162.0,481.0,124,372,positive,9712
101,10,114,Tic-Tac-Toe Endgame,766,2,positive,2,select_coverage,1.0,exact,249,686,192.0,541.0,143,409,positive,11168
101,10,114,Tic-Tac-Toe Endgame,766,2,positive,2,select_coverage,2.0,exact,423,1227,333.0,998.0,244,745,positive,19888
101,10,114,Tic-Tac-Toe Endgame,766,2,positive,2,select_coverage,3.0,exact,537,1610,426.0,1320.0,312,987,positive,25908
101,10,114,Tic-Tac-Toe Endgame,766,2,positive,2,select_coverage,4.0,exact,645,1987,504.0,1604.0,373,1218,positive,31348
101,10,114,Tic-Tac-Toe Endgame,766,2,positive,2,select_coverage_CBA_M1,,exact,204,599,162.0,481.0,124,372,positive,9712
101,10,133,Tic-Tac-Toe Endgame,766,2,positive,1,select_coverage,1.0,DAC,239,687,,,190,560,positive,5696
101,10,133,Tic-Tac-Toe Endgame,766,2,positive,1,select_coverage,1.0,exact,239,687,190.0,560.0,148,445,positive,11344
101,10,133,Tic-Tac-Toe Endgame,766,2,positive,1,select_coverage,2.0,DAC,416,1276,,,333,1067,positive,10176
101,10,133,Tic-Tac-Toe Endgame,766,2,positive,1,select_coverage,2.0,exact,416,1276,333.0,1067.0,251,823,positive,20672
101,10,133,Tic-Tac-Toe Endgame,766,2,positive,1,select_coverage,3.0,DAC,558,1789,,,450,1505,positive,13932
101,10,133,Tic-Tac-Toe Endgame,766,2,positive,1,select_coverage,3.0,exact,558,1789,449.0,1503.0,325,1121,positive,28444
101,10,133,Tic-Tac-Toe Endgame,766,2,positive,1,select_coverage,4.0,DAC,684,2326,,,563,1997,positive,17592
101,10,133,Tic-Tac-Toe Endgame,766,2,positive,1,select_coverage,4.0,exact,684,2326,562.0,1995.0,407,1485,positive,36728
101,10,133,Tic-Tac-Toe Endgame,766,2,positive,1,select_coverage_CBA_M1,,DAC,212,644,,,172,530,positive,5200
101,10,133,Tic-Tac-Toe Endgame,766,2,positive,1,select_coverage_CBA_M1,,exact,212,644,172.0,530.0,135,424,positive,10536
101,10,133,Tic-Tac-Toe Endgame,766,2,positive,2,select_coverage,1.0,exact,239,687,190.0,560.0,148,445,positive,11344
101,10,133,Tic-Tac-Toe Endgame,766,2,positive,2,select_coverage,2.0,exact,416,1276,333.0,1067.0,251,823,positive,20672
101,10,133,Tic-Tac-Toe Endgame,766,2,positive,2,select_coverage,3.0,exact,558,1789,449.0,1503.0,325,1121,positive,28444
101,10,133,Tic-Tac-Toe Endgame,766,2,positive,2,select_coverage,4.0,exact,684,2326,562.0,1995.0,407,1485,positive,36728
101,10,133,Tic-Tac-Toe Endgame,766,2,positive,2,select_coverage_CBA_M1,,exact,212,644,172.0,530.0,135,424,positive,10536
101,10,138,Tic-Tac-Toe Endgame,766,2,positive,1,select_coverage,1.0,DAC,245,701,,,189,547,positive,5824
101,10,138,Tic-Tac-Toe Endgame,766,2,positive,1,select_coverage,1.0,exact,245,701,189.0,547.0,138,405,positive,11164
101,10,138,Tic-Tac-Toe Endgame,766,2,positive,1,select_coverage,2.0,DAC,436,1288,,,339,1030,positive,10464
101,10,138,Tic-Tac-Toe Endgame,766,2,positive,1,select_coverage,2.0,exact,436,1288,339.0,1030.0,243,759,positive,20460
101,10,138,Tic-Tac-Toe Endgame,766,2,positive,1,select_coverage,3.0,DAC,566,1705,,,444,1384,positive,13692
101,10,138,Tic-Tac-Toe Endgame,766,2,positive,1,select_coverage,3.0,exact,566,1705,442.0,1380.0,311,1004,positive,26980
101,10,138,Tic-Tac-Toe Endgame,766,2,positive,1,select_coverage,4.0,DAC,682,2088,,,537,1703,positive,16616
101,10,138,Tic-Tac-Toe Endgame,766,2,positive,1,select_coverage,4.0,exact,682,2088,535.0,1699.0,378,1239,positive,32960
101,10,138,Tic-Tac-Toe Endgame,766,2,positive,1,select_coverage_CBA_M1,,DAC,214,631,,,163,486,positive,5172
101,10,138,Tic-Tac-Toe Endgame,766,2,positive,1,select_coverage_CBA_M1,,exact,214,631,163.0,486.0,123,369,positive,9872
101,10,138,Tic-Tac-Toe Endgame,766,2,positive,2,select_coverage,1.0,exact,245,701,189.0,547.0,138,405,positive,11164
101,10,138,Tic-Tac-Toe Endgame,766,2,positive,2,select_coverage,2.0,exact,436,1288,339.0,1030.0,243,759,positive,20460
101,10,138,Tic-Tac-Toe Endgame,766,2,positive,2,select_coverage,3.0,exact,566,1705,442.0,1380.0,311,1004,positive,26980
101,10,138,Tic-Tac-Toe Endgame,766,2,positive,2,select_coverage,4.0,exact,682,2088,535.0,1699.0,378,1239,positive,32960
101,10,138,Tic-Tac-Toe Endgame,766,2,positive,2,select_coverage_CBA_M1,,exact,220,651,168.0,503.0,127,383,positive,10196
101,10,148,Tic-Tac-Toe Endgame,766,2,positive,1,select_coverage,1.0,DAC,251,693,,,191,541,positive,5864
101,10,148,Tic-Tac-Toe Endgame,766,2,positive,1,select_coverage,1.0,exact,251,693,191.0,541.0,149,429,positive,11252
101,10,148,Tic-Tac-Toe Endgame,766,2,positive,1,select_coverage,2.0,DAC,445,1307,,,349,1064,positive,10648
101,10,148,Tic-Tac-Toe Endgame,766,2,positive,1,select_coverage,2.0,exact,445,1307,349.0,1064.0,262,804,positive,21092
101,10,148,Tic-Tac-Toe Endgame,766,2,positive,1,select_coverage,3.0,DAC,594,1843,,,472,1524,positive,14580
101,10,148,Tic-Tac-Toe Endgame,766,2,positive,1,select_coverage,3.0,exact,594,1843,472.0,1524.0,351,1150,positive,29412
101,10,148,Tic-Tac-Toe Endgame,766,2,positive,1,select_coverage,4.0,DAC,717,2318,,,578,1942,positive,17956
101,10,148,Tic-Tac-Toe Endgame,766,2,positive,1,select_coverage,4.0,exact,717,2318,577.0,1939.0,423,1441,positive,36656
101,10,148,Tic-Tac-Toe Endgame,766,2,positive,1,select_coverage_CBA_M1,,DAC,225,653,,,176,518,positive,5392
101,10,148,Tic-Tac-Toe Endgame,766,2,positive,1,select_coverage_CBA_M1,,exact,225,653,176.0,518.0,138,413,positive,10576
101,10,148,Tic-Tac-Toe Endgame,766,2,positive,2,select_coverage,1.0,exact,251,693,191.0,541.0,149,429,positive,11252
101,10,148,Tic-Tac-Toe Endgame,766,2,positive,2,select_coverage,2.0,exact,445,1307,349.0,1064.0,262,804,positive,21092
101,10,148,Tic-Tac-Toe Endgame,766,2,positive,2,select_coverage,3.0,exact,594,1843,472.0,1524.0,351,1150,positive,29412
101,10,148,Tic-Tac-Toe Endgame,766,2,positive,2,select_coverage,4.0,exact,717,2318,577.0,1939.0,423,1441,positive,36656
101,10,148,Tic-Tac-Toe Endgame,766,2,positive,2,select_coverage_CBA_M1,,exact,225,653,176.0,518.0,138,413,positive,10576
