ranking,selection,param,strategy,acc_train,bacc_train,f1_train,mcc_train,erros_train,acc_test,bacc_test,f1_test,mcc_test,erros_test,seed
1,select_coverage,1.0,majority,0.9582368827160492,0.8647749265051994,0.8949385554142637,0.9390442435368284,433,0.9483024691358024,0.7758107101670941,0.8034221345163725,0.924563415507518,134,5
1,select_coverage,1.0,cmar,0.9643132716049384,0.8811236372287212,0.9111688805021628,0.9478149343370548,370,0.9471450617283952,0.8041753303913226,0.6685694748108132,0.9229179049386108,137,5
1,select_coverage,1.0,top_k_avg,0.952835648148148,0.6187847246843086,0.6367548650016918,0.9307883955175528,489,0.9475308641975309,0.7575563276140566,0.7743157466530618,0.922805179640846,136,5
1,select_coverage,1.0,list,0.9790702160493828,0.9523634441231512,0.9673450247220738,0.9693803387570504,217,0.964891975308642,0.8848503259315149,0.9019545200130838,0.9484726335351918,91,5
1,select_coverage,2.0,majority,0.957079475308642,0.6460880306308472,0.6738642782435094,0.9375108803881428,445,0.939429012345679,0.7393869982229008,0.7492088655327828,0.911920685399477,157,5
1,select_coverage,2.0,cmar,0.9386574074074074,0.8280852283342848,0.854636795732155,0.91091902437705,636,0.9278549382716048,0.7557242727589102,0.6259136105775673,0.895397573996632,187,5
1,select_coverage,2.0,top_k_avg,0.9321952160493828,0.5819239921722357,0.581942927106095,0.9009032911506712,703,0.933256172839506,0.743302002575478,0.7569319872832514,0.9023859283845242,173,5
1,select_coverage,2.0,list,0.9711612654320988,0.9454438804751368,0.9611273593781916,0.9579488299596052,299,0.960648148148148,0.8889945351515701,0.9040127647913728,0.9423821141914268,102,5
1,select_coverage,3.0,majority,0.9582368827160492,0.6421760156674508,0.6681964638714668,0.9387474052547454,433,0.9448302469135802,0.7514926951762916,0.766165716900737,0.9189222739982,143,5
1,select_coverage,3.0,cmar,0.9448302469135802,0.6186402995803035,0.6385721441440602,0.9189346029627458,572,0.9344135802469136,0.7618265324922575,0.6264809273723051,0.9033963484691891,170,5
1,select_coverage,3.0,top_k_avg,0.9233217592592592,0.5688611404663131,0.5608689927298136,0.888205012962525,795,0.9278549382716048,0.7207705913948621,0.7189672375603422,0.8944009214125199,187,5
1,select_coverage,3.0,list,0.9644097222222222,0.9378391841643616,0.954727984783564,0.9482493554379128,369,0.9548611111111112,0.8808991313367043,0.8968015121478894,0.9340123662726314,117,5
1,select_coverage,4.0,majority,0.9449266975308642,0.5914175476475448,0.5941367959327123,0.9193730408731708,571,0.929783950617284,0.7137545585082894,0.7058093169456806,0.8970661410283634,182,5
1,select_coverage,4.0,cmar,0.918306327160494,0.5738220118921451,0.5764425034065449,0.8811010060817164,847,0.9077932098765432,0.703401468470866,0.5628935892419736,0.8656317836453549,239,5
1,select_coverage,4.0,top_k_avg,0.923804012345679,0.5691662658755312,0.5611596034334463,0.888942218271628,790,0.9243827160493828,0.7108136443793264,0.7011936404804096,0.8894598228962346,196,5
1,select_coverage,4.0,list,0.9636381172839508,0.9345856433152218,0.9524555412550432,0.9471224630990112,377,0.9540895061728396,0.8803157007649423,0.8961944112758149,0.9329128475874396,119,5
1,select_coverage_CBA_M1,,majority,0.9609375,0.9162238103228172,0.9402202017520996,0.943795003676448,405,0.9486882716049384,0.8710022576862225,0.8952212421037757,0.9260448862421792,133,5
1,select_coverage_CBA_M1,,cmar,0.9605516975308642,0.9180772836481434,0.9414748076673444,0.943163958231026,409,0.9463734567901234,0.8692519659709367,0.7101818124466565,0.9225499173303688,139,5
1,select_coverage_CBA_M1,,top_k_avg,0.9598765432098766,0.9072258747803852,0.9333630281784312,0.9422818564438462,416,0.9483024691358024,0.8523278489884766,0.8847728261184726,0.9256188983111696,134,5
1,select_coverage_CBA_M1,,list,0.9620949074074074,0.9245843653464229,0.9463165484357592,0.9454709662898036,393,0.9479166666666666,0.8704188271144606,0.8901983787828311,0.924908679751133,135,5
2,select_coverage,1.0,majority,0.9582368827160492,0.8647749265051994,0.8949385554142637,0.9390442435368284,433,0.9471450617283952,0.7749355643094512,0.7997252632117087,0.9228037711318068,137,5
2,select_coverage,1.0,cmar,0.9643132716049384,0.8811236372287212,0.9111688805021628,0.9478149343370548,370,0.9471450617283952,0.8041753303913226,0.6685694748108132,0.9229179049386108,137,5
2,select_coverage,1.0,top_k_avg,0.952835648148148,0.6187847246843086,0.6367548650016918,0.9307883955175528,489,0.9475308641975309,0.7575563276140566,0.7743157466530618,0.922805179640846,136,5
2,select_coverage,1.0,list,0.9790702160493828,0.9523634441231512,0.9673450247220738,0.9693803387570504,217,0.9633487654320988,0.883683464787991,0.7174346026695171,0.946243451220066,95,5
2,select_coverage,2.0,majority,0.957079475308642,0.6460880306308472,0.6738642782435094,0.9375108803881428,445,0.939429012345679,0.7393869982229008,0.7492088655327828,0.911920685399477,157,5
2,select_coverage,2.0,cmar,0.9386574074074074,0.8280852283342848,0.854636795732155,0.91091902437705,636,0.9278549382716048,0.7557242727589102,0.6259136105775673,0.895397573996632,187,5
2,select_coverage,2.0,top_k_avg,0.9321952160493828,0.5819239921722357,0.581942927106095,0.9009032911506712,703,0.933256172839506,0.743302002575478,0.7569319872832514,0.9023859283845242,173,5
2,select_coverage,2.0,list,0.9711612654320988,0.9454438804751368,0.9611273593781916,0.9579488299596052,299,0.9594907407407408,0.8917959279763001,0.7213315419715137,0.940751207833428,105,5
2,select_coverage,3.0,majority,0.9583333333333334,0.6429307326485828,0.6691357546239018,0.9388878342705008,432,0.9448302469135802,0.7514926951762916,0.766165716900737,0.9189222739982,143,5
2,select_coverage,3.0,cmar,0.9448302469135802,0.6186402995803035,0.6385721441440602,0.9189346029627458,572,0.9344135802469136,0.7618265324922575,0.6264809273723051,0.9033963484691891,170,5
2,select_coverage,3.0,top_k_avg,0.9233217592592592,0.5688611404663131,0.5608689927298136,0.888205012962525,795,0.9278549382716048,0.7207705913948621,0.7189672375603422,0.8944009214125199,187,5
2,select_coverage,3.0,list,0.9644097222222222,0.9378391841643616,0.954727984783564,0.9482493554379128,369,0.9537037037037036,0.8837005241614343,0.7156197060103757,0.9323965762148768,120,5
2,select_coverage,4.0,majority,0.9449266975308642,0.5914175476475448,0.5941367959327123,0.9193730408731708,571,0.929783950617284,0.7137545585082894,0.7058093169456806,0.8970661410283634,182,5
2,select_coverage,4.0,cmar,0.918306327160494,0.5738220118921451,0.5764425034065449,0.8811010060817164,847,0.9077932098765432,0.703401468470866,0.5628935892419736,0.8656317836453549,239,5
2,select_coverage,4.0,top_k_avg,0.923804012345679,0.5691662658755312,0.5611596034334463,0.888942218271628,790,0.9243827160493828,0.7108136443793264,0.7011936404804096,0.8894598228962346,196,5
2,select_coverage,4.0,list,0.9636381172839508,0.9345856433152218,0.9524555412550432,0.9471224630990112,377,0.952932098765432,0.8831170935896724,0.7151327868775479,0.9313000116049878,122,5
2,select_coverage_CBA_M1,,majority,0.9609375,0.9162238103228172,0.9402202017520996,0.943795003676448,405,0.9479166666666666,0.8704188271144606,0.8916417194902815,0.9248843066994294,135,5
2,select_coverage_CBA_M1,,cmar,0.9605516975308642,0.9180772836481434,0.9414748076673444,0.943163958231026,409,0.9463734567901234,0.8692519659709367,0.7101818124466565,0.9225499173303688,139,5
2,select_coverage_CBA_M1,,top_k_avg,0.9598765432098766,0.9072258747803852,0.9333630281784312,0.9422818564438462,416,0.9483024691358024,0.8523278489884766,0.8847728261184726,0.9256188983111696,134,5
2,select_coverage_CBA_M1,,list,0.9620949074074074,0.9245843653464229,0.9463165484357592,0.9454709662898036,393,0.9463734567901234,0.8692519659709367,0.7079839788333492,0.9226003282919832,139,5
1,select_coverage,1.0,majority,0.9553433641975309,0.6494341790535696,0.6783504763769341,0.935206162690799,463,0.939429012345679,0.6029158227320404,0.6180845124050818,0.9122212831432868,157,14
1,select_coverage,1.0,cmar,0.9629629629629628,0.6710450419357438,0.7011258380889497,0.9461508210871002,384,0.9537037037037036,0.6602408513033636,0.6903071327304164,0.932475206911994,120,14
1,select_coverage,1.0,top_k_avg,0.9584297839506172,0.6301152466671259,0.6520626333559377,0.9390233581443216,431,0.9575617283950616,0.6290794621359143,0.6507537573870625,0.9377233792943632,110,14
1,select_coverage,1.0,list,0.980516975308642,0.7551659389979178,0.7694227377096137,0.9714794342373644,202,0.9679783950617284,0.7150383876054122,0.725354723707665,0.9531611265717754,83,14
1,select_coverage,2.0,majority,0.9540895061728396,0.6402470704864262,0.6673707945913108,0.9334106749299824,476,0.9409722222222222,0.5954150868563621,0.6046174596833238,0.914478315099684,153,14
1,select_coverage,2.0,cmar,0.9440586419753086,0.6262532078178118,0.6509572574984734,0.9188243136990176,580,0.9351851851851852,0.5918044132272444,0.6009772635062761,0.9055575104116812,168,14
1,select_coverage,2.0,top_k_avg,0.933641975308642,0.5793036936772116,0.5760544415530487,0.9028895081882324,688,0.9363425925925926,0.6017774380286731,0.6156992049633081,0.9072311472233172,165,14
1,select_coverage,2.0,list,0.9694251543209876,0.7434855325949886,0.7595074685305396,0.9553735222249696,317,0.9598765432098766,0.7128521527875984,0.7211389630909394,0.9416373332520868,104,14
1,select_coverage,3.0,majority,0.9609375,0.6390989344535488,0.6642839332905753,0.9429608050284772,405,0.949074074074074,0.5979779886801823,0.6044675564091999,0.925441236323012,132,14
1,select_coverage,3.0,cmar,0.9436728395061728,0.6192112509281433,0.6409504953126675,0.9175727362961262,584,0.9324845679012346,0.584598414562185,0.5888853028882982,0.9009140891609116,175,14
1,select_coverage,3.0,top_k_avg,0.9239969135802468,0.5692632307160153,0.5613330616347161,0.88916449952877,788,0.9224537037037036,0.578965476260121,0.5820815615454051,0.8875083449102006,201,14
1,select_coverage,3.0,list,0.9616126543209876,0.7387525277928036,0.7546559595353847,0.9442394636876345,398,0.9502314814814816,0.7068602131022261,0.7160434780669079,0.9280674277350982,129,14
1,select_coverage,4.0,majority,0.9535108024691358,0.6198706950701932,0.6388484175973254,0.9318629850625012,482,0.9421296296296297,0.5852140949097671,0.583827373113944,0.9149513255690274,150,14
1,select_coverage,4.0,cmar,0.9424189814814816,0.6143899410034643,0.6339846153351578,0.9154241250851692,597,0.9340277777777778,0.5801126223753191,0.5787593649880856,0.9029189034812828,171,14
1,select_coverage,4.0,top_k_avg,0.925443672839506,0.5708400135203917,0.5637154012049821,0.8912136586940621,773,0.9228395061728396,0.5763670220827193,0.5769244116546688,0.8879902269644971,200,14
1,select_coverage,4.0,list,0.9613233024691358,0.7364711589715108,0.7531464899512713,0.9438027814307968,401,0.9498456790123456,0.703783290025303,0.7137719487172931,0.9274770617048383,130,14
1,select_coverage_CBA_M1,,majority,0.9599729938271604,0.7165579705583889,0.7403778685174432,0.9425656936699248,415,0.9521604938271604,0.6930924513204996,0.7113253300808653,0.9308738421576376,124,14
1,select_coverage_CBA_M1,,cmar,0.9594907407407408,0.7169685726047478,0.7405802212517333,0.9418017939564284,420,0.9521604938271604,0.6930924513204996,0.7113253300808653,0.9308738421576376,124,14
1,select_coverage_CBA_M1,,top_k_avg,0.9591049382716048,0.7097138640945105,0.7352189275337133,0.9413196177474472,424,0.952932098765432,0.6935709202200211,0.7129363582715622,0.9320538957530788,122,14
1,select_coverage_CBA_M1,,list,0.9605516975308642,0.7211207082009744,0.7437078093107992,0.9433970640331772,409,0.9521604938271604,0.6959301399476618,0.7113376989853745,0.9308737881081788,124,14
2,select_coverage,1.0,majority,0.9553433641975309,0.6494341790535696,0.6783504763769341,0.935206162690799,463,0.939429012345679,0.6029158227320404,0.6180845124050818,0.9122212831432868,157,14
2,select_coverage,1.0,cmar,0.9629629629629628,0.6710450419357438,0.7011258380889497,0.9461508210871002,384,0.9537037037037036,0.6602408513033636,0.6903071327304164,0.932475206911994,120,14
2,select_coverage,1.0,top_k_avg,0.9584297839506172,0.6301152466671259,0.6520626333559377,0.9390233581443216,431,0.9575617283950616,0.6290794621359143,0.6507537573870625,0.9377233792943632,110,14
2,select_coverage,1.0,list,0.980516975308642,0.7551659389979178,0.7694227377096137,0.9714794342373644,202,0.9679783950617284,0.7150383876054122,0.725354723707665,0.9531611265717754,83,14
2,select_coverage,2.0,majority,0.9540895061728396,0.6402470704864262,0.6673707945913108,0.9334106749299824,476,0.9409722222222222,0.5954150868563621,0.6046174596833238,0.914478315099684,153,14
2,select_coverage,2.0,cmar,0.9440586419753086,0.6262532078178118,0.6509572574984734,0.9188243136990176,580,0.9351851851851852,0.5918044132272444,0.6009772635062761,0.9055575104116812,168,14
2,select_coverage,2.0,top_k_avg,0.933641975308642,0.5793036936772116,0.5760544415530487,0.9028895081882324,688,0.9363425925925926,0.6017774380286731,0.6156992049633081,0.9072311472233172,165,14
2,select_coverage,2.0,list,0.9694251543209876,0.7434855325949886,0.7595074685305396,0.9553735222249696,317,0.9598765432098766,0.7128521527875984,0.7211389630909394,0.9416373332520868,104,14
2,select_coverage,3.0,majority,0.9609375,0.6390989344535488,0.6642839332905753,0.9429608050284772,405,0.949074074074074,0.5979779886801823,0.6044675564091999,0.925441236323012,132,14
2,select_coverage,3.0,cmar,0.9436728395061728,0.6192112509281433,0.6409504953126675,0.9175727362961262,584,0.9324845679012346,0.584598414562185,0.5888853028882982,0.9009140891609116,175,14
2,select_coverage,3.0,top_k_avg,0.9239969135802468,0.5692632307160153,0.5613330616347161,0.88916449952877,788,0.9224537037037036,0.578965476260121,0.5820815615454051,0.8875083449102006,201,14
2,select_coverage,3.0,list,0.9616126543209876,0.7387525277928036,0.7546559595353847,0.9442394636876345,398,0.9502314814814816,0.7068602131022261,0.7160434780669079,0.9280674277350982,129,14
2,select_coverage,4.0,majority,0.9537037037037036,0.6213916076177217,0.6410765454914022,0.932142711755709,480,0.9425154320987654,0.5882910179866901,0.5896405576180676,0.9155143293743676,149,14
2,select_coverage,4.0,cmar,0.9424189814814816,0.6143899410034643,0.6339846153351578,0.9154241250851692,597,0.9340277777777778,0.5801126223753191,0.5787593649880856,0.9029189034812828,171,14
2,select_coverage,4.0,top_k_avg,0.925443672839506,0.5708400135203917,0.5637154012049821,0.8912136586940621,773,0.9228395061728396,0.5763670220827193,0.5769244116546688,0.8879902269644971,200,14
2,select_coverage,4.0,list,0.9613233024691358,0.7364711589715108,0.7531464899512713,0.9438027814307968,401,0.9498456790123456,0.703783290025303,0.7137719487172931,0.9274770617048383,130,14
2,select_coverage_CBA_M1,,majority,0.9599729938271604,0.7165579705583889,0.7403778685174432,0.9425656936699248,415,0.9521604938271604,0.6930924513204996,0.7113253300808653,0.9308738421576376,124,14
2,select_coverage_CBA_M1,,cmar,0.9594907407407408,0.7169685726047478,0.7405802212517333,0.9418017939564284,420,0.9521604938271604,0.6930924513204996,0.7113253300808653,0.9308738421576376,124,14
2,select_coverage_CBA_M1,,top_k_avg,0.9591049382716048,0.7097138640945105,0.7352189275337133,0.9413196177474472,424,0.952932098765432,0.6935709202200211,0.7129363582715622,0.9320538957530788,122,14
2,select_coverage_CBA_M1,,list,0.9605516975308642,0.7211207082009744,0.7437078093107992,0.9433970640331772,409,0.9521604938271604,0.6959301399476618,0.7113376989853745,0.9308737881081788,124,14
1,select_coverage,1.0,majority,0.9629629629629628,0.6670016899191796,0.6973193614233455,0.9457868429574832,384,0.9382716049382716,0.6208796388844828,0.642495324673963,0.9103804200252722,160,17
1,select_coverage,1.0,cmar,0.9656635802469136,0.6761327527278829,0.7065507259218584,0.9497007842764336,356,0.9540895061728396,0.6539915124844066,0.6805528421096259,0.933351020203698,119,17
1,select_coverage,1.0,top_k_avg,0.9594907407407408,0.6331285973306855,0.6566266570008449,0.9404913544089584,420,0.949074074074074,0.6146922697761248,0.6291370329017388,0.925579821419022,132,17
1,select_coverage,1.0,list,0.9793595679012346,0.7502470201359127,0.766124354766626,0.9697570478456,214,0.9641203703703703,0.7043796448539856,0.7197885995053225,0.9475840924572624,93,17
1,select_coverage,2.0,majority,0.9582368827160492,0.6573060800550194,0.6872243612636639,0.939042362852641,433,0.9359567901234568,0.6079472844084644,0.6246701156648566,0.9071290961053036,166,17
1,select_coverage,2.0,cmar,0.9554398148148148,0.662337447922663,0.6927074797690478,0.934687296058586,462,0.941743827160494,0.6276610999729402,0.651641871656015,0.9155451195792164,151,17
1,select_coverage,2.0,top_k_avg,0.9346064814814816,0.5823682647874693,0.5826489302112551,0.9042924981503908,678,0.9251543209876544,0.58375041338072,0.5857910206795033,0.8908230710151684,194,17
1,select_coverage,2.0,list,0.9682677469135802,0.7360534492238122,0.754147950148371,0.9536398942310644,329,0.9548611111111112,0.6985031133456852,0.71471357213131,0.9341514013773003,117,17
1,select_coverage,3.0,majority,0.961033950617284,0.6324414611219951,0.6555751563748343,0.9428825594370512,404,0.9429012345679012,0.6058079322165598,0.617848230021094,0.916853954777436,148,17
1,select_coverage,3.0,cmar,0.9506172839506172,0.6179434055428067,0.6371148730162692,0.9273752713595196,512,0.941358024691358,0.5912499439072578,0.5919815556416463,0.9144406943182706,152,17
1,select_coverage,3.0,top_k_avg,0.9240933641975309,0.5707949338787739,0.5657230956978343,0.8892967647296914,787,0.9162808641975309,0.5713587253047108,0.5665503242405905,0.8782184762855055,217,17
1,select_coverage,3.0,list,0.9625771604938272,0.7303832575400466,0.7491545187332824,0.9455091193303902,388,0.9486882716049384,0.6946523311555528,0.7107158087554035,0.925374316476662,133,17
1,select_coverage,4.0,majority,0.9516782407407408,0.6095811313953912,0.6239607271921667,0.929043924008791,501,0.9286265432098766,0.585297602653541,0.5883385966217388,0.8956025598482696,185,17
1,select_coverage,4.0,cmar,0.9409722222222222,0.582093891624256,0.5794342735885799,0.9133135291301556,612,0.9317129629629628,0.5757681353349223,0.5672263468494194,0.9004593621496388,177,17
1,select_coverage,4.0,top_k_avg,0.9263117283950616,0.5699170880433286,0.5624238704183178,0.8924736934012175,764,0.9170524691358024,0.5718567994489943,0.5670361017186695,0.8793608158277613,215,17
1,select_coverage,4.0,list,0.9618055555555556,0.7299174642358254,0.7486767695728448,0.9444159297660222,396,0.9486882716049384,0.6946523311555528,0.7107158087554035,0.925374316476662,133,17
1,select_coverage_CBA_M1,,majority,0.960648148148148,0.7158353873749637,0.7399830927846545,0.943235048047212,408,0.9494598765432098,0.6872070025385384,0.7068276323586505,0.927380266479933,131,17
1,select_coverage_CBA_M1,,cmar,0.9603587962962964,0.7171506922626366,0.7408725610429736,0.9427651258273788,411,0.9467592592592592,0.6855222853303554,0.7016683615492864,0.9232614843165464,138,17
1,select_coverage_CBA_M1,,top_k_avg,0.9594907407407408,0.7061968331580962,0.7326266500089151,0.9415669247183076,420,0.9483024691358024,0.6773210941469407,0.6991804567368034,0.9257545395530432,134,17
1,select_coverage_CBA_M1,,list,0.9613233024691358,0.721457877334803,0.74409117207571,0.9442090855689036,401,0.9498456790123456,0.6920296197908956,0.7098792019341246,0.9279059063044702,130,17
2,select_coverage,1.0,majority,0.9629629629629628,0.6670016899191796,0.6973193614233455,0.9457868429574832,384,0.9382716049382716,0.6208796388844828,0.642495324673963,0.9103804200252722,160,17
2,select_coverage,1.0,cmar,0.9656635802469136,0.6761327527278829,0.7065507259218584,0.9497007842764336,356,0.9540895061728396,0.6539915124844066,0.6805528421096259,0.933351020203698,119,17
2,select_coverage,1.0,top_k_avg,0.9594907407407408,0.6331285973306855,0.6566266570008449,0.9404913544089584,420,0.949074074074074,0.6146922697761248,0.6291370329017388,0.925579821419022,132,17
2,select_coverage,1.0,list,0.9793595679012346,0.7502470201359127,0.766124354766626,0.9697570478456,214,0.9641203703703703,0.7043796448539856,0.7197885995053225,0.9475840924572624,93,17
2,select_coverage,2.0,majority,0.9582368827160492,0.6573060800550194,0.6872243612636639,0.939042362852641,433,0.9359567901234568,0.6079472844084644,0.6246701156648566,0.9071290961053036,166,17
2,select_coverage,2.0,cmar,0.9554398148148148,0.662337447922663,0.6927074797690478,0.934687296058586,462,0.941743827160494,0.6276610999729402,0.651641871656015,0.9155451195792164,151,17
2,select_coverage,2.0,top_k_avg,0.9346064814814816,0.5823682647874693,0.5826489302112551,0.9042924981503908,678,0.9251543209876544,0.58375041338072,0.5857910206795033,0.8908230710151684,194,17
2,select_coverage,2.0,list,0.9682677469135802,0.7360534492238122,0.754147950148371,0.9536398942310644,329,0.9544753086419752,0.698262439458802,0.7135740684201485,0.933596141008486,118,17
2,select_coverage,3.0,majority,0.961033950617284,0.6324414611219951,0.6555751563748343,0.9428825594370512,404,0.9429012345679012,0.6058079322165598,0.617848230021094,0.916853954777436,148,17
2,select_coverage,3.0,cmar,0.9506172839506172,0.6179434055428067,0.6371148730162692,0.9273752713595196,512,0.941358024691358,0.5912499439072578,0.5919815556416463,0.9144406943182706,152,17
2,select_coverage,3.0,top_k_avg,0.9240933641975309,0.5707949338787739,0.5657230956978343,0.8892967647296914,787,0.9162808641975309,0.5713587253047108,0.5665503242405905,0.8782184762855055,217,17
2,select_coverage,3.0,list,0.9625771604938272,0.7303832575400466,0.7491545187332824,0.9455091193303902,388,0.9483024691358024,0.6944116572686696,0.7095737236024121,0.924823679686112,134,17
2,select_coverage,4.0,majority,0.9516782407407408,0.6095811313953912,0.6239607271921667,0.929043924008791,501,0.9286265432098766,0.585297602653541,0.5883385966217388,0.8956025598482696,185,17
2,select_coverage,4.0,cmar,0.9409722222222222,0.582093891624256,0.5794342735885799,0.9133135291301556,612,0.9317129629629628,0.5757681353349223,0.5672263468494194,0.9004593621496388,177,17
2,select_coverage,4.0,top_k_avg,0.9263117283950616,0.5699170880433286,0.5624238704183178,0.8924736934012175,764,0.9170524691358024,0.5718567994489943,0.5670361017186695,0.8793608158277613,215,17
2,select_coverage,4.0,list,0.9618055555555556,0.7299174642358254,0.7486767695728448,0.9444159297660222,396,0.9483024691358024,0.6944116572686696,0.7095737236024121,0.924823679686112,134,17
2,select_coverage_CBA_M1,,majority,0.960648148148148,0.7158353873749637,0.7399830927846545,0.943235048047212,408,0.9494598765432098,0.6872070025385384,0.7068276323586505,0.927380266479933,131,17
2,select_coverage_CBA_M1,,cmar,0.9603587962962964,0.7171506922626366,0.7408725610429736,0.9427651258273788,411,0.9467592592592592,0.6855222853303554,0.7016683615492864,0.9232614843165464,138,17
2,select_coverage_CBA_M1,,top_k_avg,0.9594907407407408,0.7061968331580962,0.7326266500089151,0.9415669247183076,420,0.9483024691358024,0.6773210941469407,0.6991804567368034,0.9257545395530432,134,17
2,select_coverage_CBA_M1,,list,0.9613233024691358,0.721457877334803,0.74409117207571,0.9442090855689036,401,0.9498456790123456,0.6920296197908956,0.7098792019341246,0.9279059063044702,130,17
1,select_coverage,1.0,majority,0.9584297839506172,0.6544775460751809,0.6833775527598897,0.9395398986026212,431,0.9436728395061728,0.6104560773621014,0.629226940615674,0.918255761966493,146,19
1,select_coverage,1.0,cmar,0.964699074074074,0.6796891764135337,0.7095552858871861,0.9486142676064776,366,0.9525462962962964,0.6284009913007153,0.6526092149521764,0.9308697075711226,123,19
1,select_coverage,1.0,top_k_avg,0.9589120370370372,0.63661996949585,0.6608299566560969,0.9397412416635,426,0.9560185185185184,0.6154003308099197,0.6310876083338274,0.9353283002943972,114,19
1,select_coverage,1.0,list,0.9783950617283952,0.7386423350688738,0.7580108306597266,0.9683394387498082,224,0.9695216049382716,0.6948963819781981,0.718667163506036,0.9551943266171664,79,19
1,select_coverage,2.0,majority,0.9593942901234568,0.6579313065362898,0.6873098185261094,0.9406652816308316,421,0.945216049382716,0.5960920961268144,0.6044091530270392,0.9198727935928466,142,19
1,select_coverage,2.0,cmar,0.9547646604938272,0.6592428182009422,0.6886688083841842,0.9336506017724228,469,0.9425154320987654,0.6130984357094065,0.6331443617756917,0.9155166612274818,149,19
1,select_coverage,2.0,top_k_avg,0.9313271604938272,0.5833845916363255,0.5852169762816228,0.899555995959127,712,0.929398148148148,0.5839183475310629,0.5888052582429913,0.8968154412404988,183,19
1,select_coverage,2.0,list,0.9664351851851852,0.7299452529142674,0.7496094113697039,0.9510124197144748,348,0.9579475308641976,0.6879584060155469,0.7102650694935791,0.938450891827214,109,19
1,select_coverage,3.0,majority,0.9565007716049384,0.6426440704459766,0.669162283045978,0.93616176883736,451,0.939429012345679,0.5928037552006594,0.6007744371555036,0.9107716762536094,157,19
1,select_coverage,3.0,cmar,0.9501350308641976,0.6380555334825762,0.6641010755098867,0.92678892274296,517,0.9375,0.6041053736853692,0.6197995266068057,0.9079789460405764,162,19
1,select_coverage,3.0,top_k_avg,0.9214891975308642,0.5705330938630073,0.5654007542989274,0.8856100159433759,814,0.9212962962962964,0.5666406986524859,0.5593309438470728,0.8852425741330351,204,19
1,select_coverage,3.0,list,0.9594907407407408,0.7229648786399282,0.7437170676161846,0.9411107887852554,420,0.9521604938271604,0.6844781275932732,0.7079563436219782,0.930219297393002,124,19
1,select_coverage,4.0,majority,0.945023148148148,0.6067269149594348,0.6206179820193772,0.9192594418871424,570,0.9270833333333334,0.5759284411852705,0.5758145250335402,0.8924707432549442,189,19
1,select_coverage,4.0,cmar,0.9360532407407408,0.5967692784232506,0.6081846944240564,0.9061425566934062,663,0.9251543209876544,0.5745425395588825,0.5746410169518719,0.8898497007354426,194,19
1,select_coverage,4.0,top_k_avg,0.921875,0.5680379675278874,0.559880725715238,0.8861999618776608,810,0.921682098765432,0.5669065885368154,0.5595376926847868,0.8859844827560912,203,19
1,select_coverage,4.0,list,0.9591049382716048,0.7227298610136061,0.7434754954869297,0.9405657852120308,424,0.9517746913580248,0.6842461090317882,0.7077181456028269,0.9296733241436496,125,19
1,select_coverage_CBA_M1,,majority,0.9588155864197532,0.710009594860178,0.7353177372184458,0.9408988934247494,427,0.949074074074074,0.6724825421556838,0.699262188889153,0.9266601888031892,132,19
1,select_coverage_CBA_M1,,cmar,0.9583333333333334,0.7104033370774114,0.7355277791871634,0.940134293040326,432,0.9467592592592592,0.6710904307867743,0.6930643097807795,0.923110762771273,138,19
1,select_coverage_CBA_M1,,top_k_avg,0.9581404320987654,0.7034106857628912,0.7301846367629168,0.939955977447052,434,0.9486882716049384,0.6691492088223505,0.6961506935687264,0.9261054676188816,133,19
1,select_coverage_CBA_M1,,list,0.9595871913580248,0.7146047156136375,0.7388290340147832,0.942030257844581,419,0.9494598765432098,0.6758158754890171,0.7023090633161572,0.9272151307903924,131,19
2,select_coverage,1.0,majority,0.9584297839506172,0.6544775460751809,0.6833775527598897,0.9395398986026212,431,0.9436728395061728,0.6104560773621014,0.629226940615674,0.918255761966493,146,19
2,select_coverage,1.0,cmar,0.964699074074074,0.6796891764135337,0.7095552858871861,0.9486142676064776,366,0.9525462962962964,0.6284009913007153,0.6526092149521764,0.9308697075711226,123,19
2,select_coverage,1.0,top_k_avg,0.9589120370370372,0.63661996949585,0.6608299566560969,0.9397412416635,426,0.9560185185185184,0.6154003308099197,0.6310876083338274,0.9353283002943972,114,19
2,select_coverage,1.0,list,0.9782986111111112,0.7385835806622932,0.7576196305222893,0.9681981929055612,225,0.9691358024691358,0.7008669929604101,0.7198454109552348,0.9546339913019568,80,19
2,select_coverage,2.0,majority,0.9593942901234568,0.6579313065362898,0.6873098185261094,0.9406652816308316,421,0.945216049382716,0.5960920961268144,0.6044091530270392,0.9198727935928466,142,19
2,select_coverage,2.0,cmar,0.9547646604938272,0.6592428182009422,0.6886688083841842,0.9336506017724228,469,0.9425154320987654,0.6130984357094065,0.6331443617756917,0.9155166612274818,149,19
2,select_coverage,2.0,top_k_avg,0.9312307098765432,0.582638322979609,0.5838376024920724,0.8994114759088424,713,0.929398148148148,0.5839183475310629,0.5888052582429913,0.8968154412404988,183,19
2,select_coverage,2.0,list,0.9663387345679012,0.7298864985076869,0.7492177768128911,0.9508731693467084,349,0.9575617283950616,0.6939290169977588,0.7114839374947842,0.937942137768868,110,19
2,select_coverage,3.0,majority,0.9565007716049384,0.6426440704459766,0.669162283045978,0.93616176883736,451,0.939429012345679,0.5928037552006594,0.6007744371555036,0.9107716762536094,157,19
2,select_coverage,3.0,cmar,0.9501350308641976,0.6380555334825762,0.6641010755098867,0.92678892274296,517,0.9375,0.6041053736853692,0.6197995266068057,0.9079789460405764,162,19
2,select_coverage,3.0,top_k_avg,0.9214891975308642,0.5705330938630073,0.5654007542989274,0.8856100159433759,814,0.9212962962962964,0.5666406986524859,0.5593309438470728,0.8852425741330351,204,19
2,select_coverage,3.0,list,0.9593942901234568,0.7229061242333477,0.7433244528924693,0.9409726556945056,421,0.9517746913580248,0.6904487385754849,0.7091137320243536,0.9297315830166644,125,19
2,select_coverage,4.0,majority,0.945023148148148,0.6067269149594348,0.6206179820193772,0.9192594418871424,570,0.9270833333333334,0.5759284411852705,0.5758145250335402,0.8924707432549442,189,19
2,select_coverage,4.0,cmar,0.9360532407407408,0.5967692784232506,0.6081846944240564,0.9061425566934062,663,0.9251543209876544,0.5745425395588825,0.5746410169518719,0.8898497007354426,194,19
2,select_coverage,4.0,top_k_avg,0.921875,0.5680379675278874,0.559880725715238,0.8861999618776608,810,0.921682098765432,0.5669065885368154,0.5595376926847868,0.8859844827560912,203,19
2,select_coverage,4.0,list,0.959008487654321,0.7226711066070257,0.7430828421518731,0.9404277241978556,425,0.9513888888888888,0.6902167200140001,0.7088750565308704,0.9291870814666022,126,19
2,select_coverage_CBA_M1,,majority,0.9588155864197532,0.710009594860178,0.7353177372184458,0.9408988934247494,427,0.9486882716049384,0.6722505235941989,0.6977891696665961,0.9260743814160382,133,19
2,select_coverage_CBA_M1,,cmar,0.9583333333333334,0.7104033370774114,0.7355277791871634,0.940134293040326,432,0.9467592592592592,0.6710904307867743,0.6930643097807795,0.923110762771273,138,19
2,select_coverage_CBA_M1,,top_k_avg,0.9581404320987654,0.7034106857628912,0.7301846367629168,0.939955977447052,434,0.9486882716049384,0.6691492088223505,0.6961506935687264,0.9261054676188816,133,19
2,select_coverage_CBA_M1,,list,0.9595871913580248,0.7146047156136375,0.7388290340147832,0.942030257844581,419,0.949074074074074,0.6817864864712291,0.7037403304711901,0.9265744336376242,132,19
1,select_coverage,1.0,majority,0.9589120370370372,0.6473914557886158,0.6751096069830266,0.9401730709868537,426,0.9421296296296297,0.7428833691991588,0.7513850174721995,0.9160108453696232,150,29
1,select_coverage,1.0,cmar,0.9425154320987654,0.6192447848343061,0.6420385038311544,0.9172158586227585,596,0.9313271604938272,0.7453602519964077,0.7619685439086129,0.9012029481205934,178,29
1,select_coverage,1.0,top_k_avg,0.9592013888888888,0.6382470281622806,0.6629736012040899,0.9401306228138512,423,0.9537037037037036,0.7622959519984691,0.7784222944414088,0.9320731608530336,120,29
1,select_coverage,1.0,list,0.9794560185185184,0.7559206879348958,0.7695304454937296,0.9699424397778412,213,0.9683641975308642,0.8657992264399587,0.890588651284114,0.9535856999518,82,29
1,select_coverage,2.0,majority,0.9510995370370372,0.6256653272295154,0.6485184681296264,0.9287612801222838,507,0.9390432098765432,0.7298829193566035,0.7288516751521481,0.9116849352404144,158,29
1,select_coverage,2.0,cmar,0.9313271604938272,0.5941647040006142,0.6068645255916697,0.900119621112003,712,0.9205246913580248,0.7193782234972166,0.7220147540924636,0.884699444904745,206,29
1,select_coverage,2.0,top_k_avg,0.9333526234567902,0.5797237573465526,0.5770247697225256,0.9024428459836644,691,0.9347993827160492,0.7407853637830756,0.7517818007563224,0.9044868396253772,169,29
1,select_coverage,2.0,list,0.9675925925925926,0.7381140994656035,0.7551944257442396,0.9527082712355572,336,0.9602623456790124,0.8809498021168501,0.9016408211312236,0.9419084760980022,103,29
1,select_coverage,3.0,majority,0.9559220679012346,0.6351554804307371,0.6601092897106418,0.935514847931509,457,0.945601851851852,0.7419570688449406,0.7474131587818983,0.9207750782625737,141,29
1,select_coverage,3.0,cmar,0.933449074074074,0.5963293466085331,0.609337357833146,0.9028233106736424,690,0.9224537037037036,0.724384347382059,0.7301740756224452,0.8869316865541326,201,29
1,select_coverage,3.0,top_k_avg,0.9265046296296297,0.5713252316936626,0.5640925059747804,0.8925647546898609,762,0.9274691358024691,0.7245506728344256,0.7265103128673923,0.8937988940373814,188,29
1,select_coverage,3.0,list,0.9618055555555556,0.7331964080015302,0.7506554828952235,0.9444660513159682,396,0.9548611111111112,0.8768369936562156,0.8960856555753058,0.9342068426923223,117,29
1,select_coverage,4.0,majority,0.9466628086419752,0.5979190722533104,0.6055234482699492,0.9218309573825128,553,0.9309413580246914,0.7201448323873954,0.7154453774369622,0.8986302603591984,179,29
1,select_coverage,4.0,cmar,0.9293016975308642,0.5768328443223962,0.5762766969565014,0.8970902071831977,733,0.9182098765432098,0.7105067045570478,0.7061118832857963,0.8809395545783998,212,29
1,select_coverage,4.0,top_k_avg,0.9240933641975309,0.5692090169033652,0.5610670979911774,0.8893109428640501,787,0.9247685185185184,0.7189405124187732,0.7174585429902639,0.8899693581230136,195,29
1,select_coverage,4.0,list,0.960841049382716,0.7326107564641948,0.7500500172749981,0.9431033845730298,406,0.9548611111111112,0.8768369936562156,0.8975034488180409,0.9342112106528716,117,29
1,select_coverage_CBA_M1,,majority,0.9592978395061728,0.7131469342666155,0.7377245472760975,0.9412182501886256,422,0.9513888888888888,0.8422958251333538,0.8713080274606787,0.9293465071367992,126,29
1,select_coverage_CBA_M1,,cmar,0.9585262345679012,0.7140780448457192,0.7382597275378863,0.9400180318107196,430,0.9506172839506172,0.845262037252884,0.8739423530507604,0.9281746763276616,128,29
1,select_coverage_CBA_M1,,top_k_avg,0.9583333333333334,0.7048404804089421,0.731337376612148,0.9398391139880518,432,0.9483024691358024,0.8079742125508717,0.8378929780742367,0.9249119919444796,134,29
1,select_coverage_CBA_M1,,list,0.9603587962962964,0.7208100621579916,0.7433852811934553,0.9427588156682424,411,0.9517746913580248,0.849694360792759,0.8766010019200643,0.9298865824624865,125,29
2,select_coverage,1.0,majority,0.9589120370370372,0.6473914557886158,0.6751096069830266,0.9401730709868537,426,0.9421296296296297,0.7428833691991588,0.7513850174721995,0.9160108453696232,150,29
2,select_coverage,1.0,cmar,0.9425154320987654,0.6192447848343061,0.6420385038311544,0.9172158586227585,596,0.9313271604938272,0.7453602519964077,0.7619685439086129,0.9012029481205934,178,29
2,select_coverage,1.0,top_k_avg,0.9592013888888888,0.6382470281622806,0.6629736012040899,0.9401306228138512,423,0.9537037037037036,0.7622959519984691,0.7784222944414088,0.9320731608530336,120,29
2,select_coverage,1.0,list,0.9795524691358024,0.75668114420866,0.7700126387473483,0.9700853990441548,212,0.9683641975308642,0.8657992264399587,0.890588651284114,0.9535856999518,82,29
2,select_coverage,2.0,majority,0.9512924382716048,0.627186239777044,0.6505996750689743,0.9290385631982808,505,0.9390432098765432,0.7298829193566035,0.7288516751521481,0.9116849352404144,158,29
2,select_coverage,2.0,cmar,0.9313271604938272,0.5941647040006142,0.6068645255916697,0.900119621112003,712,0.9205246913580248,0.7193782234972166,0.7220147540924636,0.884699444904745,206,29
2,select_coverage,2.0,top_k_avg,0.9333526234567902,0.5797237573465526,0.5770247697225256,0.9024428459836644,691,0.9347993827160492,0.7407853637830756,0.7517818007563224,0.9044868396253772,169,29
2,select_coverage,2.0,list,0.9676890432098766,0.7388745557393677,0.7557056539214801,0.95285260605143,335,0.9602623456790124,0.8809498021168501,0.9016408211312236,0.9419084760980022,103,29
2,select_coverage,3.0,majority,0.9559220679012346,0.6351554804307371,0.6601092897106418,0.935514847931509,457,0.945601851851852,0.7419570688449406,0.7474131587818983,0.9207750782625737,141,29
2,select_coverage,3.0,cmar,0.933449074074074,0.5963293466085331,0.609337357833146,0.9028233106736424,690,0.9224537037037036,0.724384347382059,0.7301740756224452,0.8869316865541326,201,29
2,select_coverage,3.0,top_k_avg,0.9265046296296297,0.5713252316936626,0.5640925059747804,0.8925647546898609,762,0.9274691358024691,0.7245506728344256,0.7265103128673923,0.8937988940373814,188,29
2,select_coverage,3.0,list,0.9618055555555556,0.7331964080015302,0.7506554828952235,0.9444660513159682,396,0.9544753086419752,0.8765432216233132,0.8943988917951277,0.933655822464156,118,29
2,select_coverage,4.0,majority,0.9467592592592592,0.5986795285270747,0.6068401366675801,0.9219705717128336,552,0.9309413580246914,0.7201448323873954,0.7154453774369622,0.8986302603591984,179,29
2,select_coverage,4.0,cmar,0.9293016975308642,0.5768328443223962,0.5762766969565014,0.8970902071831977,733,0.9182098765432098,0.7105067045570478,0.7061118832857963,0.8809395545783998,212,29
2,select_coverage,4.0,top_k_avg,0.9240933641975309,0.5692090169033652,0.5610670979911774,0.8893109428640501,787,0.9247685185185184,0.7189405124187732,0.7174585429902639,0.8899693581230136,195,29
2,select_coverage,4.0,list,0.960841049382716,0.7326107564641948,0.7500500172749981,0.9431033845730298,406,0.9544753086419752,0.8765432216233132,0.8957896840995799,0.9336598505640332,118,29
2,select_coverage_CBA_M1,,majority,0.9592978395061728,0.7131469342666155,0.7377245472760975,0.9412182501886256,422,0.9513888888888888,0.8422958251333538,0.8713080274606787,0.9293465071367992,126,29
2,select_coverage_CBA_M1,,cmar,0.9585262345679012,0.7140780448457192,0.7382597275378863,0.9400180318107196,430,0.9506172839506172,0.845262037252884,0.8739423530507604,0.9281746763276616,128,29
2,select_coverage_CBA_M1,,top_k_avg,0.9583333333333334,0.7048404804089421,0.731337376612148,0.9398391139880518,432,0.9483024691358024,0.8079742125508717,0.8378929780742367,0.9249119919444796,134,29
2,select_coverage_CBA_M1,,list,0.9603587962962964,0.7208100621579916,0.7433852811934553,0.9427588156682424,411,0.9517746913580248,0.849694360792759,0.8766010019200643,0.9298865824624865,125,29
1,select_coverage,1.0,majority,0.956983024691358,0.8159507244763953,0.8525507767046598,0.9378504162118833,446,0.9397683397683396,0.7709030145527108,0.7988110178707205,0.9126542241318788,156,31
1,select_coverage,1.0,cmar,0.9594907407407408,0.8453633866329026,0.8830042106824065,0.9413763532727925,420,0.9494208494208494,0.8133336547142194,0.8480075133407105,0.9262928869969888,131,31
1,select_coverage,1.0,top_k_avg,0.961130401234568,0.8103780880312165,0.8443515325085388,0.942991610559926,403,0.9567567567567568,0.7730780692605026,0.7956446889510506,0.9364001356854974,112,31
1,select_coverage,1.0,list,0.9850501543209876,0.9532905681924984,0.9688258008730106,0.978097098297384,155,0.9733590733590732,0.8904239817338792,0.9101396876811756,0.9608736668321024,69,31
1,select_coverage,2.0,majority,0.9617091049382716,0.834455041917751,0.8721364205403743,0.9441392174280872,397,0.942084942084942,0.7612976337601854,0.784501382362784,0.9152109847961658,150,31
1,select_coverage,2.0,cmar,0.956886574074074,0.8205082863910905,0.8572617413961667,0.9368818694995376,447,0.9532818532818532,0.8010355768640821,0.8357547757740199,0.931502281178628,121,31
1,select_coverage,2.0,top_k_avg,0.933641975308642,0.7482758391639586,0.7641196530066805,0.9029740440923636,688,0.9312741312741312,0.7534712787745454,0.7757011655420563,0.8995891897254957,178,31
1,select_coverage,2.0,list,0.9713541666666666,0.9325305719950004,0.9523441950348016,0.9581802572607742,297,0.961003861003861,0.8808910212023735,0.9019938391024888,0.9429980551145276,101,31
1,select_coverage,3.0,majority,0.964699074074074,0.8328249783253829,0.8698022264892248,0.948227018839328,366,0.9467181467181468,0.7574811626976127,0.7756335629702371,0.9215346435572164,138,31
1,select_coverage,3.0,cmar,0.9505208333333334,0.7980343527435023,0.8307653857039355,0.927465350119926,513,0.947876447876448,0.781738699809801,0.8112008136005183,0.9234827387334056,135,31
1,select_coverage,3.0,top_k_avg,0.9244791666666666,0.7250334229944957,0.7279649092887006,0.8899250425862261,783,0.9212355212355212,0.7148358912330215,0.7137961922887962,0.8853891832245114,204,31
1,select_coverage,3.0,list,0.964891975308642,0.9216024344997432,0.9435141355584944,0.9488759136511796,364,0.9571428571428572,0.877921900062231,0.8989563907549928,0.9375068635735996,111,31
1,select_coverage,4.0,majority,0.9483989197530864,0.7712751417247107,0.7947672982439822,0.9242310431480522,535,0.9374517374517376,0.7347703441404961,0.7415798996160378,0.9078119151889952,162,31
1,select_coverage,4.0,cmar,0.9346064814814816,0.7373485411661657,0.7457019450740704,0.903864866593132,678,0.9281853281853282,0.7158869162919658,0.7119236516847502,0.8940882588158259,186,31
1,select_coverage,4.0,top_k_avg,0.921875,0.7187847425131693,0.7176100441343622,0.8862935842286441,810,0.9193050193050192,0.7095133489933474,0.7044640766002271,0.8828798842227066,209,31
1,select_coverage,4.0,list,0.9634452160493828,0.9179277588127576,0.9407216945257968,0.9467974187541448,379,0.9563706563706564,0.8773280758342025,0.8983485550763253,0.9364133932060072,113,31
1,select_coverage_CBA_M1,,majority,0.9613233024691358,0.8912564005796044,0.9224556354633529,0.944316701775622,401,0.961003861003861,0.8687098456495252,0.8978360615928064,0.943612844823752,101,31
1,select_coverage_CBA_M1,,cmar,0.9600694444444444,0.8903072183366139,0.9214814400211044,0.9423735661381066,414,0.9594594594594594,0.8675221971934683,0.8966280113165224,0.9412213833599828,105,31
1,select_coverage_CBA_M1,,top_k_avg,0.960744598765432,0.8839397420498234,0.916830581028825,0.9435077080753168,407,0.9606177606177606,0.8645431789828586,0.8943363045311803,0.9430557313749304,102,31
1,select_coverage_CBA_M1,,list,0.9622878086419752,0.8988651151841518,0.9281863844910916,0.9457254002926284,391,0.9613899613899614,0.8806160214214969,0.9040797278770945,0.9441245889234688,100,31
2,select_coverage,1.0,majority,0.956983024691358,0.8159507244763953,0.8525507767046598,0.9378504162118833,446,0.9397683397683396,0.7709030145527108,0.7988110178707205,0.9126542241318788,156,31
2,select_coverage,1.0,cmar,0.9594907407407408,0.8453633866329026,0.8830042106824065,0.9413763532727925,420,0.9494208494208494,0.8133336547142194,0.8480075133407105,0.9262928869969888,131,31
2,select_coverage,1.0,top_k_avg,0.961130401234568,0.8103780880312165,0.8443515325085388,0.942991610559926,403,0.9567567567567568,0.7730780692605026,0.7956446889510506,0.9364001356854974,112,31
2,select_coverage,1.0,list,0.9849537037037036,0.9532175541738068,0.9683279880322232,0.977956082044378,156,0.9733590733590732,0.8904239817338792,0.9101396876811756,0.9608736668321024,69,31
2,select_coverage,2.0,majority,0.9617091049382716,0.834455041917751,0.8721364205403743,0.9441392174280872,397,0.942084942084942,0.7612976337601854,0.784501382362784,0.9152109847961658,150,31
2,select_coverage,2.0,cmar,0.956886574074074,0.8205082863910905,0.8572617413961667,0.9368818694995376,447,0.9532818532818532,0.8010355768640821,0.8357547757740199,0.931502281178628,121,31
2,select_coverage,2.0,top_k_avg,0.933641975308642,0.7482758391639586,0.7641196530066805,0.9029740440923636,688,0.9312741312741312,0.7534712787745454,0.7757011655420563,0.8995891897254957,178,31
2,select_coverage,2.0,list,0.9712577160493828,0.9324575579763088,0.9518457027055196,0.9580409478346728,298,0.961003861003861,0.8808910212023735,0.9019938391024888,0.9429980551145276,101,31
2,select_coverage,3.0,majority,0.964699074074074,0.8328249783253829,0.8698022264892248,0.948227018839328,366,0.9467181467181468,0.7574811626976127,0.7756335629702371,0.9215346435572164,138,31
2,select_coverage,3.0,cmar,0.9505208333333334,0.7980343527435023,0.8307653857039355,0.927465350119926,513,0.947876447876448,0.781738699809801,0.8112008136005183,0.9234827387334056,135,31
2,select_coverage,3.0,top_k_avg,0.9244791666666666,0.7250334229944957,0.7279649092887006,0.8899250425862261,783,0.9212355212355212,0.7148358912330215,0.7137961922887962,0.8853891832245114,204,31
2,select_coverage,3.0,list,0.964795524691358,0.9215294204810516,0.9430168058867328,0.9487374291148574,365,0.9571428571428572,0.877921900062231,0.8989563907549928,0.9375068635735996,111,31
2,select_coverage,4.0,majority,0.9483989197530864,0.7712751417247107,0.7947672982439822,0.9242310431480522,535,0.9374517374517376,0.7347703441404961,0.7415798996160378,0.9078119151889952,162,31
2,select_coverage,4.0,cmar,0.9346064814814816,0.7373485411661657,0.7457019450740704,0.903864866593132,678,0.9281853281853282,0.7158869162919658,0.7119236516847502,0.8940882588158259,186,31
2,select_coverage,4.0,top_k_avg,0.921875,0.7187847425131693,0.7176100441343622,0.8862935842286441,810,0.9193050193050192,0.7095133489933474,0.7044640766002271,0.8828798842227066,209,31
2,select_coverage,4.0,list,0.9633487654320988,0.917854744794066,0.940225093682847,0.9466590725594122,380,0.9563706563706564,0.8773280758342025,0.8983485550763253,0.9364133932060072,113,31
2,select_coverage_CBA_M1,,majority,0.9613233024691358,0.8912564005796044,0.9224556354633529,0.944316701775622,401,0.961003861003861,0.8687098456495252,0.8978360615928064,0.943612844823752,101,31
2,select_coverage_CBA_M1,,cmar,0.9600694444444444,0.8903072183366139,0.9214814400211044,0.9423735661381066,414,0.9594594594594594,0.8675221971934683,0.8966280113165224,0.9412213833599828,105,31
2,select_coverage_CBA_M1,,top_k_avg,0.960744598765432,0.8839397420498234,0.916830581028825,0.9435077080753168,407,0.9606177606177606,0.8645431789828586,0.8943363045311803,0.9430557313749304,102,31
2,select_coverage_CBA_M1,,list,0.9622878086419752,0.8988651151841518,0.9281863844910916,0.9457254002926284,391,0.9613899613899614,0.8806160214214969,0.9040797278770945,0.9441245889234688,100,31
1,select_coverage,1.0,majority,0.960648148148148,0.6715099463233283,0.7019748757332439,0.9428611912210992,408,0.9320987654320988,0.7588222916309278,0.7807848960791327,0.9018284067247844,176,34
1,select_coverage,1.0,cmar,0.964699074074074,0.6823777244807532,0.7119062561328167,0.9485903001417144,366,0.9432870370370372,0.8059815671769811,0.8396240205410193,0.9176122478536316,147,34
1,select_coverage,1.0,top_k_avg,0.9547646604938272,0.6273519107177886,0.648780972651379,0.9336290596203348,469,0.9537037037037036,0.7746770438027973,0.7994403811092871,0.9318546663609532,120,34
1,select_coverage,1.0,list,0.9789737654320988,0.7521574405989144,0.7667986709881933,0.9692141383461526,218,0.9660493827160492,0.8886187969746544,0.8974485644747574,0.9501451908125192,88,34
1,select_coverage,2.0,majority,0.9564043209876544,0.6531820343222124,0.6824068778462085,0.936436470904087,452,0.9363425925925926,0.7463972035218526,0.7621127917568004,0.907219532515273,165,34
1,select_coverage,2.0,cmar,0.9424189814814816,0.6292271992481823,0.6548735079379888,0.9160207563660958,597,0.9301697530864198,0.7534603819477859,0.7753695706032586,0.8988818821965554,181,34
1,select_coverage,2.0,top_k_avg,0.9304591049382716,0.5769290404935465,0.572507493285533,0.8983006239463949,721,0.9317129629629628,0.7227225529944533,0.7227107354320864,0.8995646684581806,177,34
1,select_coverage,2.0,list,0.9700038580246914,0.7425818500663001,0.7582746260198475,0.9562242943559088,311,0.961033950617284,0.8962680907771032,0.8989748261520704,0.9429791061534654,101,34
1,select_coverage,3.0,majority,0.9547646604938272,0.6345710348983029,0.6593012801075564,0.93371636055454,469,0.9432870370370372,0.7553403095358636,0.7736268420411643,0.9167253466665084,147,34
1,select_coverage,3.0,cmar,0.9401041666666666,0.6156708381950888,0.6364808474659897,0.912179660154693,621,0.9328703703703703,0.7397424230379256,0.7522613775401488,0.9016336645767395,174,34
1,select_coverage,3.0,top_k_avg,0.923804012345679,0.5707895610381305,0.564109787908286,0.8886676034768051,790,0.9255401234567902,0.7101431083849714,0.702117527527166,0.8906603274508698,193,34
1,select_coverage,3.0,list,0.964699074074074,0.7345664603096458,0.7518646292518536,0.9486128543535456,366,0.953317901234568,0.8824934031511459,0.8889832032329226,0.9318927887874668,121,34
1,select_coverage,4.0,majority,0.9466628086419752,0.6165877816167192,0.6357697486243438,0.9216739976515984,553,0.9344135802469136,0.7368640944534867,0.7470080292929538,0.9034677611545288,170,34
1,select_coverage,4.0,cmar,0.9371141975308642,0.5987918681706578,0.6110832172928695,0.907695002719564,652,0.9282407407407408,0.7244938522389537,0.7278606910645875,0.8945407600042239,186,34
1,select_coverage,4.0,top_k_avg,0.9231288580246914,0.569111754181859,0.5607398610043672,0.8880046178592009,797,0.9251543209876544,0.7097571299662906,0.701718710949901,0.8903841808615829,194,34
1,select_coverage,4.0,list,0.9633487654320988,0.7323760457063031,0.750118725266971,0.9466811577235924,380,0.9513888888888888,0.877117546641674,0.8847377598833456,0.929116814762806,126,34
1,select_coverage_CBA_M1,,majority,0.960841049382716,0.713250994180024,0.7381078456670015,0.9434953504037512,406,0.9432870370370372,0.8524934659118644,0.8684518688216306,0.9179966459282848,147,34
1,select_coverage_CBA_M1,,cmar,0.9592978395061728,0.711622786850803,0.7366362938795096,0.9411465058665294,422,0.941743827160494,0.8512982228953889,0.8672706333892479,0.9156574818806584,151,34
1,select_coverage_CBA_M1,,top_k_avg,0.9609375,0.7091804773255064,0.7350956086360836,0.9437093224838086,405,0.9459876543209876,0.846880809724843,0.8696284395384397,0.9222121670098512,140,34
1,select_coverage_CBA_M1,,list,0.9619984567901234,0.7208299936288399,0.7437617518608428,0.945183401924668,394,0.9444444444444444,0.8611290967058992,0.8740426745317387,0.9197467478768324,144,34
2,select_coverage,1.0,majority,0.960648148148148,0.6715099463233283,0.7019748757332439,0.9428611912210992,408,0.9320987654320988,0.7588222916309278,0.7807848960791327,0.9018284067247844,176,34
2,select_coverage,1.0,cmar,0.964699074074074,0.6823777244807532,0.7119062561328167,0.9485903001417144,366,0.9432870370370372,0.8059815671769811,0.8396240205410193,0.9176122478536316,147,34
2,select_coverage,1.0,top_k_avg,0.9547646604938272,0.6273519107177886,0.648780972651379,0.9336290596203348,469,0.9537037037037036,0.7746770438027973,0.7994403811092871,0.9318546663609532,120,34
2,select_coverage,1.0,list,0.9789737654320988,0.7521574405989144,0.7667986709881933,0.9692141383461526,218,0.9660493827160492,0.8886187969746544,0.8974485644747574,0.9501451908125192,88,34
2,select_coverage,2.0,majority,0.9564043209876544,0.6531820343222124,0.6824068778462085,0.936436470904087,452,0.9363425925925926,0.7463972035218526,0.7621127917568004,0.907219532515273,165,34
2,select_coverage,2.0,cmar,0.9424189814814816,0.6292271992481823,0.6548735079379888,0.9160207563660958,597,0.9301697530864198,0.7534603819477859,0.7753695706032586,0.8988818821965554,181,34
2,select_coverage,2.0,top_k_avg,0.9304591049382716,0.5769290404935465,0.572507493285533,0.8983006239463949,721,0.9317129629629628,0.7227225529944533,0.7227107354320864,0.8995646684581806,177,34
2,select_coverage,2.0,list,0.9700038580246914,0.7425818500663001,0.7582746260198475,0.9562242943559088,311,0.961033950617284,0.8962680907771032,0.8989748261520704,0.9429791061534654,101,34
2,select_coverage,3.0,majority,0.9547646604938272,0.6345710348983029,0.6593012801075564,0.93371636055454,469,0.9432870370370372,0.7553403095358636,0.7736268420411643,0.9167253466665084,147,34
2,select_coverage,3.0,cmar,0.9401041666666666,0.6156708381950888,0.6364808474659897,0.912179660154693,621,0.9328703703703703,0.7397424230379256,0.7522613775401488,0.9016336645767395,174,34
2,select_coverage,3.0,top_k_avg,0.923804012345679,0.5707895610381305,0.564109787908286,0.8886676034768051,790,0.9255401234567902,0.7101431083849714,0.702117527527166,0.8906603274508698,193,34
2,select_coverage,3.0,list,0.964699074074074,0.7345664603096458,0.7518646292518536,0.9486128543535456,366,0.953317901234568,0.8824934031511459,0.8889832032329226,0.9318927887874668,121,34
2,select_coverage,4.0,majority,0.9468557098765432,0.618080318930152,0.6379422612093827,0.9219555397306368,551,0.9344135802469136,0.7368640944534867,0.7470080292929538,0.9034677611545288,170,34
2,select_coverage,4.0,cmar,0.9371141975308642,0.5987918681706578,0.6110832172928695,0.907695002719564,652,0.9282407407407408,0.7244938522389537,0.7278606910645875,0.8945407600042239,186,34
2,select_coverage,4.0,top_k_avg,0.9231288580246914,0.569111754181859,0.5607398610043672,0.8880046178592009,797,0.9251543209876544,0.7097571299662906,0.701718710949901,0.8903841808615829,194,34
2,select_coverage,4.0,list,0.9633487654320988,0.7323760457063031,0.750118725266971,0.9466811577235924,380,0.9513888888888888,0.877117546641674,0.8847377598833456,0.929116814762806,126,34
2,select_coverage_CBA_M1,,majority,0.960841049382716,0.713250994180024,0.7381078456670015,0.9434953504037512,406,0.9432870370370372,0.8524934659118644,0.8684518688216306,0.9179966459282848,147,34
2,select_coverage_CBA_M1,,cmar,0.9592978395061728,0.711622786850803,0.7366362938795096,0.9411465058665294,422,0.941743827160494,0.8512982228953889,0.8672706333892479,0.9156574818806584,151,34
2,select_coverage_CBA_M1,,top_k_avg,0.9609375,0.7091804773255064,0.7350956086360836,0.9437093224838086,405,0.9459876543209876,0.846880809724843,0.8696284395384397,0.9222121670098512,140,34
2,select_coverage_CBA_M1,,list,0.9619984567901234,0.7208299936288399,0.7437617518608428,0.945183401924668,394,0.9444444444444444,0.8611290967058992,0.8740426745317387,0.9197467478768324,144,34
1,select_coverage,1.0,majority,0.9599729938271604,0.8294178329048261,0.8668982312128314,0.941703284164036,415,0.9521235521235522,0.790285312096733,0.8228976071449742,0.930265478213566,124,42
1,select_coverage,1.0,cmar,0.9641203703703703,0.8396002957827144,0.8762696146646639,0.9477051722822684,372,0.9621621621621622,0.8544007777558897,0.8906084509021606,0.9445695417272296,98,42
1,select_coverage,1.0,top_k_avg,0.9617091049382716,0.8052074091874388,0.8377209390715663,0.9438789114815808,397,0.9536679536679536,0.755480712496508,0.7671536521631305,0.9319055003746974,120,42
1,select_coverage,1.0,list,0.9821566358024691,0.9611501332326504,0.971948106806872,0.973919733642734,185,0.96988416988417,0.9023923183720176,0.9154200530227302,0.9558372493909756,78,42
1,select_coverage,2.0,majority,0.9583333333333334,0.8169353587521286,0.8531357894509568,0.9392150368455132,432,0.9498069498069498,0.7623779769826997,0.782399436016699,0.9269331109631964,130,42
1,select_coverage,2.0,cmar,0.953125,0.780096707014153,0.8065323766246344,0.9314385896909284,486,0.9501930501930502,0.8002837505127809,0.8330644108308741,0.9269671810071994,129,42
1,select_coverage,2.0,top_k_avg,0.9356674382716048,0.7410601476513603,0.7510040660920771,0.9058647635055632,667,0.927027027027027,0.7394350490516232,0.7528513573225066,0.893800009525791,189,42
1,select_coverage,2.0,list,0.9716435185185184,0.9366071589338276,0.9545604049374194,0.95860298754441,294,0.9613899613899614,0.8923142121085244,0.9061320109141384,0.9435943707007032,100,42
1,select_coverage,3.0,majority,0.9592978395061728,0.7858511501911546,0.8124832483224862,0.9404193033516924,422,0.9525096525096524,0.7389317942022989,0.7385815329376917,0.930390398546956,123,42
1,select_coverage,3.0,cmar,0.949170524691358,0.7312930613471652,0.7230975791402464,0.9255622621179724,527,0.9467181467181468,0.727176585607868,0.7187866968924683,0.9216583922002792,138,42
1,select_coverage,3.0,top_k_avg,0.9292052469135802,0.7274709168632405,0.7299894817331386,0.8966208932986798,734,0.9250965250965252,0.7380674098252932,0.7513254667118777,0.8912599113800705,194,42
1,select_coverage,3.0,list,0.966820987654321,0.9329109853685384,0.9508035104434304,0.9516825666222783,344,0.957915057915058,0.8897368925208954,0.9034073656428572,0.9386587944682264,109,42
1,select_coverage,4.0,majority,0.9543788580246914,0.7725473827642942,0.7944239432112942,0.9331216019770108,473,0.9432432432432432,0.7281846427691366,0.7238781617477122,0.916486590994656,147,42
1,select_coverage,4.0,cmar,0.9393325617283952,0.7228841539450886,0.7136452746961104,0.9108727760189697,629,0.935907335907336,0.7191582580019116,0.7103845180875284,0.9055661989977276,166,42
1,select_coverage,4.0,top_k_avg,0.9236111111111112,0.7232065012075581,0.7256027875247486,0.8887776646160213,792,0.915830115830116,0.7199889924217873,0.7241588135913793,0.8784058913015822,218,42
1,select_coverage,4.0,list,0.9638310185185184,0.9271621969518732,0.946340912043623,0.947404522467922,375,0.9536679536679536,0.8828409460256805,0.8973979731184583,0.9326259224309944,120,42
1,select_coverage_CBA_M1,,majority,0.9619020061728396,0.8920925248478877,0.9230723582923984,0.945213019554718,395,0.9555984555984556,0.8673630836846603,0.8878075635493438,0.9356914291115346,115,42
1,select_coverage_CBA_M1,,cmar,0.9617091049382716,0.8962790347503155,0.926079142974878,0.9448437535903336,397,0.9544401544401544,0.8665039771554507,0.8868992565963981,0.9338966876340437,118,42
1,select_coverage_CBA_M1,,top_k_avg,0.9609375,0.8800985525988714,0.9137490903549476,0.9438478145070448,405,0.9521235521235522,0.8310727611040152,0.8563561811851825,0.9306569742789752,124,42
1,select_coverage_CBA_M1,,list,0.9630594135802468,0.9016383833048168,0.9302111363244172,0.9468982930769606,383,0.9563706563706564,0.8754275998136926,0.8941248970844383,0.9368126791236524,113,42
2,select_coverage,1.0,majority,0.9601658950617284,0.8312975321529463,0.8688871366181563,0.941981204321685,413,0.9521235521235522,0.790285312096733,0.8228976071449742,0.930265478213566,124,42
2,select_coverage,1.0,cmar,0.9641203703703703,0.8396002957827144,0.8762696146646639,0.9477051722822684,372,0.9621621621621622,0.8544007777558897,0.8906084509021606,0.9445695417272296,98,42
2,select_coverage,1.0,top_k_avg,0.9617091049382716,0.8052074091874388,0.8377209390715663,0.9438789114815808,397,0.9536679536679536,0.755480712496508,0.7671536521631305,0.9319055003746974,120,42
2,select_coverage,1.0,list,0.982445987654321,0.9639696821048308,0.9736236185174292,0.9743486480316412,182,0.9706563706563708,0.9104568345010496,0.9211410050509417,0.9569907887675864,76,42
2,select_coverage,2.0,majority,0.9586226851851852,0.8197549076243091,0.8563230764496936,0.939632360819016,429,0.9498069498069498,0.7623779769826997,0.782399436016699,0.9269331109631964,130,42
2,select_coverage,2.0,cmar,0.953125,0.780096707014153,0.8065323766246344,0.9314385896909284,486,0.9501930501930502,0.8002837505127809,0.8330644108308741,0.9269671810071994,129,42
2,select_coverage,2.0,top_k_avg,0.9356674382716048,0.7410601476513603,0.7510040660920771,0.9058647635055632,667,0.927027027027027,0.7394350490516232,0.7528513573225066,0.893800009525791,189,42
2,select_coverage,2.0,list,0.9718364197530864,0.938486858181948,0.9557623021494476,0.9588907837797908,292,0.9617760617760618,0.9000923593944867,0.9101815597290964,0.9442073706752978,99,42
2,select_coverage,3.0,majority,0.9593942901234568,0.7867909998152147,0.8138036441534824,0.9405588324823048,421,0.9525096525096524,0.7389317942022989,0.7385815329376917,0.930390398546956,123,42
2,select_coverage,3.0,cmar,0.949170524691358,0.7312930613471652,0.7230975791402464,0.9255622621179724,527,0.9467181467181468,0.727176585607868,0.7187866968924683,0.9216583922002792,138,42
2,select_coverage,3.0,top_k_avg,0.9292052469135802,0.7274709168632405,0.7299894817331386,0.8966208932986798,734,0.9250965250965252,0.7380674098252932,0.7513254667118777,0.8912599113800705,194,42
2,select_coverage,3.0,list,0.9670138888888888,0.9347906846166586,0.95200527262906,0.9519720566845696,342,0.9583011583011584,0.8975150398068579,0.9074550854824688,0.9392799047409216,108,42
2,select_coverage,4.0,majority,0.9543788580246914,0.7725473827642942,0.7944239432112942,0.9331216019770108,473,0.9432432432432432,0.7281846427691366,0.7238781617477122,0.916486590994656,147,42
2,select_coverage,4.0,cmar,0.9393325617283952,0.7228841539450886,0.7136452746961104,0.9108727760189697,629,0.935907335907336,0.7191582580019116,0.7103845180875284,0.9055661989977276,166,42
2,select_coverage,4.0,top_k_avg,0.9236111111111112,0.7232065012075581,0.7256027875247486,0.8887776646160213,792,0.915830115830116,0.7199889924217873,0.7241588135913793,0.8784058913015822,218,42
2,select_coverage,4.0,list,0.9640239197530864,0.9290418961999936,0.947561395278396,0.9476949122219288,373,0.954054054054054,0.8906190933116429,0.901551663209557,0.9332550577089194,119,42
2,select_coverage_CBA_M1,,majority,0.9619020061728396,0.8920925248478877,0.9230723582923984,0.945213019554718,395,0.9555984555984556,0.8673630836846603,0.8878075635493438,0.9356914291115346,115,42
2,select_coverage_CBA_M1,,cmar,0.9617091049382716,0.8962790347503155,0.926079142974878,0.9448437535903336,397,0.9544401544401544,0.8665039771554507,0.8868992565963981,0.9338966876340437,118,42
2,select_coverage_CBA_M1,,top_k_avg,0.9609375,0.8800985525988714,0.9137490903549476,0.9438478145070448,405,0.9521235521235522,0.8310727611040152,0.8563561811851825,0.9306569742789752,124,42
2,select_coverage_CBA_M1,,list,0.9630594135802468,0.9016383833048168,0.9302111363244172,0.9468982930769606,383,0.9571428571428572,0.8834921159427248,0.9002263437107612,0.9379348387561548,111,42
1,select_coverage,1.0,majority,0.9565972222222222,0.649690327794047,0.6785838472600647,0.9368856818263496,450,0.9347993827160492,0.7487881903020881,0.764088178799732,0.9057968539115888,169,49
1,select_coverage,1.0,cmar,0.9600694444444444,0.8568487351792438,0.8859268894569459,0.9418441261334008,414,0.9483024691358024,0.7938350689925473,0.6610829270464614,0.925017947763316,134,49
1,select_coverage,1.0,top_k_avg,0.9595871913580248,0.6331351948835695,0.6562873031081724,0.940677529363164,419,0.9479166666666666,0.7692190845044045,0.790079233770993,0.9237026636012668,135,49
1,select_coverage,1.0,list,0.9782986111111112,0.9395219044742972,0.9592757865635264,0.968201825179172,225,0.960648148148148,0.8697140119463703,0.8913586718496542,0.9423686252221776,102,49
1,select_coverage,2.0,majority,0.9557291666666666,0.6390340196438246,0.6656244396546963,0.935570914974198,459,0.9313271604938272,0.7304850436820403,0.7344110919712511,0.9006835083167934,178,49
1,select_coverage,2.0,cmar,0.9561149691358024,0.8421325768643427,0.8694309143797309,0.9358572420219012,455,0.9402006172839508,0.765703310719883,0.6315052923935442,0.9130748678395324,155,49
1,select_coverage,2.0,top_k_avg,0.9347029320987654,0.577327048942616,0.572128457433215,0.9043534557699812,677,0.9251543209876544,0.7301059768439875,0.7351378780442311,0.8905336100446342,194,49
1,select_coverage,2.0,list,0.9701003086419752,0.9294306774983444,0.9507213547069564,0.95630920763218,310,0.9556327160493828,0.8690981107960213,0.8924077933280364,0.9351520234538712,115,49
1,select_coverage,3.0,majority,0.9567901234567902,0.6239453529032305,0.6442979666973475,0.9367159256859868,448,0.9371141975308642,0.732234443195034,0.7326702467933093,0.9082658063944096,163,49
1,select_coverage,3.0,cmar,0.9444444444444444,0.8124824556239219,0.8311855270671075,0.9184681864249016,576,0.9274691358024691,0.7310357042581161,0.5899281592964982,0.893876160271553,188,49
1,select_coverage,3.0,top_k_avg,0.9250578703703703,0.5692931175120803,0.5615310726713452,0.8907070255368618,777,0.9174382716049384,0.7211708784744741,0.7232427739753051,0.8795308635972445,214,49
1,select_coverage,3.0,list,0.9622878086419752,0.9195805305434616,0.9422869087183396,0.9450788006869342,391,0.949074074074074,0.8641281840816858,0.887310196183298,0.9257144449916016,132,49
1,select_coverage,4.0,majority,0.9464699074074074,0.5893436307773965,0.5898129386079338,0.9214075384060588,555,0.9255401234567902,0.7173040107573495,0.7110878743770348,0.8907345550607212,193,49
1,select_coverage,4.0,cmar,0.9340277777777778,0.6841652403809986,0.7211054319448885,0.9035471553032004,684,0.9243827160493828,0.7189360589596774,0.5735429583988874,0.890125688893591,196,49
1,select_coverage,4.0,top_k_avg,0.9271797839506172,0.5705917768515988,0.5628549558105267,0.8937254823954824,755,0.9170524691358024,0.7209401536967894,0.7229048272761583,0.8791503808796434,215,49
1,select_coverage,4.0,list,0.9614197530864198,0.9176006222464178,0.9407053048838888,0.943831012025298,400,0.9475308641975309,0.8629680912742613,0.8861074861911885,0.9235209201529304,136,49
1,select_coverage_CBA_M1,,majority,0.9643132716049384,0.9035627060352048,0.931047642894482,0.94828859506749,370,0.9517746913580248,0.8340015913737664,0.8655538906273799,0.9300676186133224,125,49
1,select_coverage_CBA_M1,,cmar,0.9643132716049384,0.9079160619486628,0.9344705887667067,0.948234421766084,370,0.9525462962962964,0.8471201751070405,0.7034474615925332,0.9311141774357836,123,49
1,select_coverage_CBA_M1,,top_k_avg,0.9633487654320988,0.8935428908235735,0.922653531165321,0.946927749671028,380,0.9510030864197532,0.817748373308102,0.8511193263056993,0.9290597874265548,127,49
1,select_coverage_CBA_M1,,list,0.9659529320987654,0.914719361411809,0.9398964760211892,0.9506815877118142,353,0.953317901234568,0.8539694901755336,0.8803940294815756,0.9322598783963704,121,49
2,select_coverage,1.0,majority,0.9565972222222222,0.649690327794047,0.6785838472600647,0.9368856818263496,450,0.9347993827160492,0.7487881903020881,0.764088178799732,0.9057968539115888,169,49
2,select_coverage,1.0,cmar,0.9600694444444444,0.8568487351792438,0.8859268894569459,0.9418441261334008,414,0.9483024691358024,0.7938350689925473,0.6610829270464614,0.925017947763316,134,49
2,select_coverage,1.0,top_k_avg,0.9595871913580248,0.6331351948835695,0.6562873031081724,0.940677529363164,419,0.9479166666666666,0.7692190845044045,0.790079233770993,0.9237026636012668,135,49
2,select_coverage,1.0,list,0.9782986111111112,0.9395219044742972,0.9592757865635264,0.968201825179172,225,0.9602623456790124,0.8694239887445142,0.7129641357715287,0.9418129575721516,103,49
2,select_coverage,2.0,majority,0.9557291666666666,0.6390340196438246,0.6656244396546963,0.935570914974198,459,0.9313271604938272,0.7304850436820403,0.7344110919712511,0.9006835083167934,178,49
2,select_coverage,2.0,cmar,0.9561149691358024,0.8421325768643427,0.8694309143797309,0.9358572420219012,455,0.9402006172839508,0.765703310719883,0.6315052923935442,0.9130748678395324,155,49
2,select_coverage,2.0,top_k_avg,0.9347029320987654,0.577327048942616,0.572128457433215,0.9043534557699812,677,0.9251543209876544,0.7301059768439875,0.7351378780442311,0.8905336100446342,194,49
2,select_coverage,2.0,list,0.9701003086419752,0.9294306774983444,0.9507213547069564,0.95630920763218,310,0.9548611111111112,0.8685180643923089,0.7125746423392914,0.9340445603716758,117,49
2,select_coverage,3.0,majority,0.9567901234567902,0.6239453529032305,0.6442979666973475,0.9367159256859868,448,0.9371141975308642,0.732234443195034,0.7326702467933093,0.9082658063944096,163,49
2,select_coverage,3.0,cmar,0.9444444444444444,0.8124824556239219,0.8311855270671075,0.9184681864249016,576,0.9274691358024691,0.7310357042581161,0.5899281592964982,0.893876160271553,188,49
2,select_coverage,3.0,top_k_avg,0.9250578703703703,0.5692931175120803,0.5615310726713452,0.8907070255368618,777,0.9174382716049384,0.7211708784744741,0.7232427739753051,0.8795308635972445,214,49
2,select_coverage,3.0,list,0.9622878086419752,0.9195805305434616,0.9422869087183396,0.9450788006869342,391,0.9483024691358024,0.8635481376779736,0.7084921567033005,0.9246155959819956,134,49
2,select_coverage,4.0,majority,0.9464699074074074,0.5893436307773965,0.5898129386079338,0.9214075384060588,555,0.9255401234567902,0.7173040107573495,0.7110878743770348,0.8907345550607212,193,49
2,select_coverage,4.0,cmar,0.9340277777777778,0.6841652403809986,0.7211054319448885,0.9035471553032004,684,0.9243827160493828,0.7189360589596774,0.5735429583988874,0.890125688893591,196,49
2,select_coverage,4.0,top_k_avg,0.9271797839506172,0.5705917768515988,0.5628549558105267,0.8937254823954824,755,0.9170524691358024,0.7209401536967894,0.7229048272761583,0.8791503808796434,215,49
2,select_coverage,4.0,list,0.9614197530864198,0.9176006222464178,0.9407053048838888,0.943831012025298,400,0.9467592592592592,0.862388044870549,0.7075287832384919,0.9224244289508504,138,49
2,select_coverage_CBA_M1,,majority,0.9643132716049384,0.9035627060352048,0.931047642894482,0.94828859506749,370,0.9513888888888888,0.8337115681719103,0.6923245701429724,0.9294947725238304,126,49
2,select_coverage_CBA_M1,,cmar,0.9643132716049384,0.9079160619486628,0.9344705887667067,0.948234421766084,370,0.9525462962962964,0.8471201751070405,0.7034474615925332,0.9311141774357836,123,49
2,select_coverage_CBA_M1,,top_k_avg,0.9633487654320988,0.8935428908235735,0.922653531165321,0.946927749671028,380,0.9510030864197532,0.817748373308102,0.8511193263056993,0.9290597874265548,127,49
2,select_coverage_CBA_M1,,list,0.9659529320987654,0.914719361411809,0.9398964760211892,0.9506815877118142,353,0.952932098765432,0.8536794669736774,0.7041963667426882,0.9316895520885112,122,49
1,select_coverage,1.0,majority,0.9546682098765432,0.6409590615547718,0.6679356877097906,0.9340851326236922,470,0.9436728395061728,0.5983452880287292,0.6093416312939965,0.917995726616455,146,63
1,select_coverage,1.0,cmar,0.9538966049382716,0.6574812727154528,0.6866724701930573,0.9330854235608446,478,0.9463734567901234,0.631485978835751,0.6580932567253998,0.9222769250326804,139,63
1,select_coverage,1.0,top_k_avg,0.9557291666666666,0.631187265407263,0.6539677256429307,0.9350718510224324,459,0.9552469135802468,0.6214833187257096,0.6414324430156508,0.9342123717992652,116,63
1,select_coverage,1.0,list,0.980131172839506,0.7645863408849485,0.7748351869467694,0.9709830671558032,206,0.970679012345679,0.7192510669885228,0.731333087544517,0.9570518454577436,76,63
1,select_coverage,2.0,majority,0.9537037037037036,0.6240049791433957,0.6450920612091596,0.9326289894440296,480,0.9436728395061728,0.592058838991238,0.5980683628026227,0.9178611215021169,146,63
1,select_coverage,2.0,cmar,0.941454475308642,0.624454138233535,0.6490590980178906,0.9146838543178544,607,0.9367283950617284,0.603525881060907,0.6207363591302514,0.907608313127444,164,63
1,select_coverage,2.0,top_k_avg,0.9292052469135802,0.5773849754296997,0.5744590736692601,0.8965078102627013,734,0.9313271604938272,0.5974640619420699,0.6119616798633623,0.899867575658523,178,63
1,select_coverage,2.0,list,0.966820987654321,0.7338485751638216,0.7526134337759822,0.9516318291422052,344,0.9579475308641976,0.7020274577362808,0.7177345436004701,0.938723562532052,109,63
1,select_coverage,3.0,majority,0.953221450617284,0.6156617036095691,0.6322879393636869,0.9315925603633858,485,0.9486882716049384,0.5952528526520234,0.6010202482713962,0.9246446668375188,133,63
1,select_coverage,3.0,cmar,0.9389467592592592,0.6067423147253295,0.6233298882146763,0.910421702451377,633,0.9386574074074074,0.5985377151033637,0.6115641996891996,0.9097129812134394,159,63
1,select_coverage,3.0,top_k_avg,0.921971450617284,0.56820791194822,0.5600234387684921,0.8862473859653415,809,0.921682098765432,0.5758082095132544,0.5782510405142391,0.8859929614539922,203,63
1,select_coverage,3.0,list,0.961130401234568,0.7303665652928941,0.7490576162252729,0.9434825892613554,403,0.9540895061728396,0.6996741077930595,0.7153467005523799,0.9332296728099602,119,63
1,select_coverage,4.0,majority,0.951195987654321,0.5959645017065415,0.5990373550769555,0.9286702508696628,506,0.9448302469135802,0.5833986439184168,0.5803604036641206,0.9190514761150658,143,63
1,select_coverage,4.0,cmar,0.9304591049382716,0.5759301494179592,0.572848264676615,0.8985247452199718,721,0.9278549382716048,0.5697310215081101,0.5635826430828967,0.8942164338209652,187,63
1,select_coverage,4.0,top_k_avg,0.9240933641975309,0.5695113819790756,0.5613434176145405,0.8892930793795569,787,0.9236111111111112,0.5706954693959511,0.566981586854056,0.8888567597937116,198,63
1,select_coverage,4.0,list,0.960744598765432,0.7280774997133758,0.7474490961656775,0.9429105143125824,407,0.9540895061728396,0.6996741077930595,0.7153467005523799,0.9332296728099602,119,63
1,select_coverage_CBA_M1,,majority,0.9582368827160492,0.7057976939934806,0.7320483929307752,0.9398864044409552,433,0.9564043209876544,0.6849511887043569,0.7067698704808376,0.9369139670430549,113,63
1,select_coverage_CBA_M1,,cmar,0.9575617283950616,0.7060725299521289,0.7321501652960063,0.9388252789174464,440,0.9537037037037036,0.683307996216094,0.7027065610835805,0.932766595519103,120,63
1,select_coverage_CBA_M1,,top_k_avg,0.9579475308641976,0.7021973864908074,0.7292143674866003,0.9394943371070285,436,0.9564043209876544,0.6849511887043569,0.7067698704808376,0.9369139670430549,113,63
1,select_coverage_CBA_M1,,list,0.9594907407407408,0.7140932972714765,0.7384482025574393,0.9417110325969,420,0.9575617283950616,0.6951206802297806,0.7152920202396633,0.9385875365491514,110,63
2,select_coverage,1.0,majority,0.9546682098765432,0.6409590615547718,0.6679356877097906,0.9340851326236922,470,0.9436728395061728,0.5983452880287292,0.6093416312939965,0.917995726616455,146,63
2,select_coverage,1.0,cmar,0.9538966049382716,0.6574812727154528,0.6866724701930573,0.9330854235608446,478,0.9463734567901234,0.631485978835751,0.6580932567253998,0.9222769250326804,139,63
2,select_coverage,1.0,top_k_avg,0.9557291666666666,0.631187265407263,0.6539677256429307,0.9350718510224324,459,0.9552469135802468,0.6214833187257096,0.6414324430156508,0.9342123717992652,116,63
2,select_coverage,1.0,list,0.980131172839506,0.7645863408849485,0.7748351869467694,0.9709830671558032,206,0.970679012345679,0.7192510669885228,0.731333087544517,0.9570518454577436,76,63
2,select_coverage,2.0,majority,0.9537037037037036,0.6240049791433957,0.6450920612091596,0.9326289894440296,480,0.9436728395061728,0.592058838991238,0.5980683628026227,0.9178611215021169,146,63
2,select_coverage,2.0,cmar,0.941454475308642,0.624454138233535,0.6490590980178906,0.9146838543178544,607,0.9367283950617284,0.603525881060907,0.6207363591302514,0.907608313127444,164,63
2,select_coverage,2.0,top_k_avg,0.9292052469135802,0.5773849754296997,0.5744590736692601,0.8965078102627013,734,0.9313271604938272,0.5974640619420699,0.6119616798633623,0.899867575658523,178,63
2,select_coverage,2.0,list,0.966820987654321,0.7338485751638216,0.7526134337759822,0.9516318291422052,344,0.9579475308641976,0.7020274577362808,0.7177345436004701,0.938723562532052,109,63
2,select_coverage,3.0,majority,0.953221450617284,0.6156617036095691,0.6322879393636869,0.9315925603633858,485,0.9486882716049384,0.5952528526520234,0.6010202482713962,0.9246446668375188,133,63
2,select_coverage,3.0,cmar,0.9389467592592592,0.6067423147253295,0.6233298882146763,0.910421702451377,633,0.9386574074074074,0.5985377151033637,0.6115641996891996,0.9097129812134394,159,63
2,select_coverage,3.0,top_k_avg,0.921971450617284,0.56820791194822,0.5600234387684921,0.8862473859653415,809,0.9212962962962964,0.5724183790047798,0.5719044436617704,0.88540144263983,204,63
2,select_coverage,3.0,list,0.961130401234568,0.7303665652928941,0.7490576162252729,0.9434825892613554,403,0.9540895061728396,0.6996741077930595,0.7153467005523799,0.9332296728099602,119,63
2,select_coverage,4.0,majority,0.9512924382716048,0.5967079961303334,0.6003929136444657,0.9288090690790428,505,0.9448302469135802,0.5833986439184168,0.5803604036641206,0.9190514761150658,143,63
2,select_coverage,4.0,cmar,0.9304591049382716,0.5759301494179592,0.572848264676615,0.8985247452199718,721,0.9278549382716048,0.5697310215081101,0.5635826430828967,0.8942164338209652,187,63
2,select_coverage,4.0,top_k_avg,0.9240933641975309,0.5695113819790756,0.5613434176145405,0.8892930793795569,787,0.9236111111111112,0.5706954693959511,0.566981586854056,0.8888567597937116,198,63
2,select_coverage,4.0,list,0.960744598765432,0.7280774997133758,0.7474490961656775,0.9429105143125824,407,0.9540895061728396,0.6996741077930595,0.7153467005523799,0.9332296728099602,119,63
2,select_coverage_CBA_M1,,majority,0.9582368827160492,0.7057976939934806,0.7320483929307752,0.9398864044409552,433,0.9564043209876544,0.6849511887043569,0.7067698704808376,0.9369139670430549,113,63
2,select_coverage_CBA_M1,,cmar,0.9575617283950616,0.7060725299521289,0.7321501652960063,0.9388252789174464,440,0.9537037037037036,0.683307996216094,0.7027065610835805,0.932766595519103,120,63
2,select_coverage_CBA_M1,,top_k_avg,0.9579475308641976,0.7021973864908074,0.7292143674866003,0.9394943371070285,436,0.9564043209876544,0.6849511887043569,0.7067698704808376,0.9369139670430549,113,63
2,select_coverage_CBA_M1,,list,0.9594907407407408,0.7140932972714765,0.7384482025574393,0.9417110325969,420,0.9575617283950616,0.6951206802297806,0.7152920202396633,0.9385875365491514,110,63
1,select_coverage,1.0,majority,0.9574652777777778,0.6379061577167557,0.6635710800436738,0.9382617408582644,441,0.9390432098765432,0.6031773648998529,0.6185395083823872,0.911272659409236,158,64
1,select_coverage,1.0,cmar,0.9555362654320988,0.6436111340087325,0.6709919019012929,0.9355197308010508,461,0.9494598765432098,0.6333070969434605,0.6576469940140328,0.926213918148562,131,64
1,select_coverage,1.0,top_k_avg,0.9609375,0.6300737920662018,0.6511773673050134,0.9427611399200968,405,0.9591049382716048,0.6253298535595186,0.6449318439724441,0.940099991688971,106,64
1,select_coverage,1.0,list,0.9812885802469136,0.7496313977797426,0.765826245137063,0.9725974495619836,194,0.9733796296296297,0.7310362683568425,0.7359303909103374,0.9611633258780348,69,64
1,select_coverage,2.0,majority,0.9463734567901234,0.6093686248010921,0.6255504631391836,0.9224177391800196,556,0.9317129629629628,0.5808136042585803,0.5835785512847244,0.9011953402032724,177,64
1,select_coverage,2.0,cmar,0.9379822530864198,0.6054847986355179,0.6224609219900445,0.9102108843036232,643,0.933641975308642,0.5851212052168989,0.5903152380249824,0.903303713880948,172,64
1,select_coverage,2.0,top_k_avg,0.9352816358024691,0.5782104637901118,0.5727445768395216,0.9051945652243064,671,0.9324845679012346,0.5854277567196228,0.5891632392272256,0.901576095975264,175,64
1,select_coverage,2.0,list,0.9728973765432098,0.7396218831252519,0.7574864257759563,0.9603696683883528,281,0.9675925925925926,0.7304038332746468,0.7330873706150165,0.9528813922960364,84,64
1,select_coverage,3.0,majority,0.952835648148148,0.6275147191696472,0.65030010597606,0.9310411290701311,489,0.9359567901234568,0.5927483999254334,0.6023036289411852,0.9058586943207758,166,64
1,select_coverage,3.0,cmar,0.9424189814814816,0.6140977020316641,0.6336399969245587,0.91561908851893,597,0.9363425925925926,0.5931585161250232,0.6024840992493339,0.9062703143364652,165,64
1,select_coverage,3.0,top_k_avg,0.921778549382716,0.5686097880502203,0.5614426556685371,0.885889251784882,811,0.921682098765432,0.5670477847511342,0.5590075030356894,0.8862083878655639,203,64
1,select_coverage,3.0,list,0.9642168209876544,0.7315723044665907,0.7502544356156337,0.9479318140095176,371,0.9587191358024691,0.7132189979079931,0.7206351316562261,0.9402163063104626,107,64
1,select_coverage,4.0,majority,0.9453125,0.6055090610129696,0.6191389605965709,0.9198840031377656,567,0.9320987654320988,0.5815716978396404,0.5837015112308054,0.9000893371494232,176,64
1,select_coverage,4.0,cmar,0.9346064814814816,0.5966685077136332,0.6090007400976636,0.9042663560718636,678,0.929398148148148,0.5826832922526701,0.5876235483737158,0.8962717426587472,183,64
1,select_coverage,4.0,top_k_avg,0.9248649691358024,0.570497268706774,0.5633549648612508,0.890313269519131,779,0.9239969135802468,0.5685080469769466,0.5604394447134533,0.8896452819055696,197,64
1,select_coverage,4.0,list,0.9640239197530864,0.7300628705043266,0.749205841494588,0.9476420701463434,373,0.9587191358024691,0.7132189979079931,0.7206351316562261,0.9402163063104626,107,64
1,select_coverage_CBA_M1,,majority,0.9595871913580248,0.7098770871210253,0.7353547982441606,0.9418991412695258,419,0.9540895061728396,0.7005551067752024,0.7126803309643972,0.9334834639089458,119,64
1,select_coverage_CBA_M1,,cmar,0.9587191358024691,0.7107430580824119,0.7358539514690281,0.9405263491679812,428,0.9506172839506172,0.6984299591955094,0.7115750349998633,0.9281184986641328,128,64
1,select_coverage_CBA_M1,,top_k_avg,0.9586226851851852,0.7030261376543931,0.7299591430276596,0.9405027645408468,429,0.9525462962962964,0.6819797427452929,0.7043677253994749,0.9312071558675572,123,64
1,select_coverage_CBA_M1,,list,0.960744598765432,0.7168450298605442,0.7406649111444701,0.943596515059868,407,0.9548611111111112,0.7069043131244087,0.7163438073897297,0.9346267077203124,117,64
2,select_coverage,1.0,majority,0.9574652777777778,0.6379061577167557,0.6635710800436738,0.9382617408582644,441,0.9390432098765432,0.6031773648998529,0.6185395083823872,0.911272659409236,158,64
2,select_coverage,1.0,cmar,0.9555362654320988,0.6436111340087325,0.6709919019012929,0.9355197308010508,461,0.9494598765432098,0.6333070969434605,0.6576469940140328,0.926213918148562,131,64
2,select_coverage,1.0,top_k_avg,0.9609375,0.6300737920662018,0.6511773673050134,0.9427611399200968,405,0.9591049382716048,0.6253298535595186,0.6449318439724441,0.940099991688971,106,64
2,select_coverage,1.0,list,0.9812885802469136,0.7496313977797426,0.765826245137063,0.9725974495619836,194,0.9733796296296297,0.7310362683568425,0.7359303909103374,0.9611633258780348,69,64
2,select_coverage,2.0,majority,0.9463734567901234,0.6093686248010921,0.6255504631391836,0.9224177391800196,556,0.9317129629629628,0.5808136042585803,0.5835785512847244,0.9011953402032724,177,64
2,select_coverage,2.0,cmar,0.9379822530864198,0.6054847986355179,0.6224609219900445,0.9102108843036232,643,0.933641975308642,0.5851212052168989,0.5903152380249824,0.903303713880948,172,64
2,select_coverage,2.0,top_k_avg,0.9352816358024691,0.5782104637901118,0.5727445768395216,0.9051945652243064,671,0.9324845679012346,0.5854277567196228,0.5891632392272256,0.901576095975264,175,64
2,select_coverage,2.0,list,0.972704475308642,0.7395048898523651,0.7573664648406565,0.9600917214108272,283,0.9672067901234568,0.7301677057657919,0.7328423346874477,0.9523346118375045,85,64
2,select_coverage,3.0,majority,0.952835648148148,0.6275147191696472,0.65030010597606,0.9310411290701311,489,0.9359567901234568,0.5927483999254334,0.6023036289411852,0.9058586943207758,166,64
2,select_coverage,3.0,cmar,0.9424189814814816,0.6140977020316641,0.6336399969245587,0.91561908851893,597,0.9363425925925926,0.5931585161250232,0.6024840992493339,0.9062703143364652,165,64
2,select_coverage,3.0,top_k_avg,0.921778549382716,0.5686097880502203,0.5614426556685371,0.885889251784882,811,0.921682098765432,0.5670477847511342,0.5590075030356894,0.8862083878655639,203,64
2,select_coverage,3.0,list,0.9640239197530864,0.7314553111937039,0.750134374318644,0.9476581411504686,373,0.9583333333333334,0.7129828703991383,0.7203899655714109,0.939676040920887,108,64
2,select_coverage,4.0,majority,0.9453125,0.6055090610129696,0.6191389605965709,0.9198840031377656,567,0.9320987654320988,0.5815716978396404,0.5837015112308054,0.9000893371494232,176,64
2,select_coverage,4.0,cmar,0.9346064814814816,0.5966685077136332,0.6090007400976636,0.9042663560718636,678,0.929398148148148,0.5826832922526701,0.5876235483737158,0.8962717426587472,183,64
2,select_coverage,4.0,top_k_avg,0.9248649691358024,0.570497268706774,0.5633549648612508,0.890313269519131,779,0.9239969135802468,0.5685080469769466,0.5604394447134533,0.8896452819055696,197,64
2,select_coverage,4.0,list,0.9638310185185184,0.7299458772314398,0.749085782185453,0.94736832119488,375,0.9583333333333334,0.7129828703991383,0.7203899655714109,0.939676040920887,108,64
2,select_coverage_CBA_M1,,majority,0.9595871913580248,0.7098770871210253,0.7353547982441606,0.9418991412695258,419,0.9540895061728396,0.7005551067752024,0.7126803309643972,0.9334834639089458,119,64
2,select_coverage_CBA_M1,,cmar,0.9587191358024691,0.7107430580824119,0.7358539514690281,0.9405263491679812,428,0.9506172839506172,0.6984299591955094,0.7115750349998633,0.9281184986641328,128,64
2,select_coverage_CBA_M1,,top_k_avg,0.9586226851851852,0.7030261376543931,0.7299591430276596,0.9405027645408468,429,0.9525462962962964,0.6819797427452929,0.7043677253994749,0.9312071558675572,123,64
2,select_coverage_CBA_M1,,list,0.960744598765432,0.7168450298605442,0.7406649111444701,0.943596515059868,407,0.9548611111111112,0.7069043131244087,0.7163438073897297,0.9346267077203124,117,64
1,select_coverage,1.0,majority,0.9617091049382716,0.6625832151799173,0.692576616257937,0.9440478020803408,397,0.945601851851852,0.7752622454860741,0.798855679939435,0.9207375373377265,141,65
1,select_coverage,1.0,cmar,0.9644097222222222,0.6605917477010445,0.6899319801229826,0.9480730226114312,369,0.952932098765432,0.7868792912669518,0.8143489854371864,0.9313921097741784,122,65
1,select_coverage,1.0,top_k_avg,0.9562114197530864,0.6189394623551723,0.636655389881722,0.9356993418077324,454,0.945601851851852,0.7702404967075603,0.791099295585479,0.920423785497332,141,65
1,select_coverage,1.0,list,0.9773341049382716,0.7506852055878793,0.765113385173111,0.9668055829794568,235,0.9621913580246914,0.8861742382404978,0.9086166894031212,0.9448133619811274,98,65
1,select_coverage,2.0,majority,0.9613233024691358,0.6476500810365212,0.6753905455970542,0.9434386032307442,401,0.9409722222222222,0.7450625955148917,0.752687677743841,0.9141796823598952,153,65
1,select_coverage,2.0,cmar,0.9524498456790124,0.6413522984365309,0.6684639101669709,0.9302814512394568,493,0.9390432098765432,0.7525330900736809,0.7667328524815356,0.9111411862816872,158,65
1,select_coverage,2.0,top_k_avg,0.933449074074074,0.5805906116944419,0.5799692204766049,0.9026033129469886,690,0.9212962962962964,0.7318181567157135,0.7377709519396267,0.8855440171277795,204,65
1,select_coverage,2.0,list,0.9664351851851852,0.7336405867255037,0.7520513329607125,0.9510253904037712,348,0.9525462962962964,0.873206930691081,0.8967153391681694,0.9310079585294146,123,65
1,select_coverage,3.0,majority,0.9613233024691358,0.6285496735495761,0.6498703769696099,0.943416170622698,401,0.9459876543209876,0.7489822204237697,0.7567070560870056,0.921463997035571,140,65
1,select_coverage,3.0,cmar,0.9402970679012346,0.5975722702691088,0.608999085034252,0.9126817628370064,619,0.9313271604938272,0.7288802893410903,0.7288451030304963,0.8998919586566299,178,65
1,select_coverage,3.0,top_k_avg,0.923804012345679,0.5687678507389915,0.5619485423135597,0.8889148084855649,790,0.9108796296296297,0.7124125681029964,0.7070225264553333,0.8709104033417985,231,65
1,select_coverage,3.0,list,0.9609375,0.725828779174533,0.7456410366789584,0.9431341782354576,405,0.9486882716049384,0.8704042401081213,0.8937745408714732,0.9255746493819073,133,65
1,select_coverage,4.0,majority,0.9541859567901234,0.6042679492141361,0.6136530714926911,0.9327751558298244,475,0.9359567901234568,0.7269732548262006,0.7201929525873187,0.9062803473349684,166,65
1,select_coverage,4.0,cmar,0.9315200617283952,0.5772919338743672,0.5762718836142829,0.899926710125377,710,0.9209104938271604,0.7146897385126085,0.7090830500817884,0.8851299464800156,205,65
1,select_coverage,4.0,top_k_avg,0.926118827160494,0.5694607716551146,0.5618263018523331,0.892200249370202,766,0.9116512345679012,0.7159395904080457,0.7135334118624044,0.8720322861828681,229,65
1,select_coverage,4.0,list,0.9601658950617284,0.7238794927399512,0.7441506632645876,0.9420238667120509,413,0.9471450617283952,0.8692831638749375,0.8925978819273309,0.92341249630926,137,65
1,select_coverage_CBA_M1,,majority,0.9638310185185184,0.7116109781618067,0.7371784960422737,0.9476347754747192,375,0.9552469135802468,0.8620326924505833,0.8917197249296521,0.9350612402635048,116,65
1,select_coverage_CBA_M1,,cmar,0.9626736111111112,0.7101621203624175,0.7358971580391923,0.9458615034332096,387,0.953317901234568,0.8606313471591035,0.8902523967659673,0.9321174986260986,121,65
1,select_coverage_CBA_M1,,top_k_avg,0.9632523148148148,0.7060873570108283,0.7328599149714742,0.9468361955387448,381,0.9548611111111112,0.8617248106771843,0.8914277890008471,0.9345164688534626,117,65
1,select_coverage_CBA_M1,,list,0.965181327160494,0.7183411410904125,0.7423757224723102,0.9496405685061982,361,0.9564043209876544,0.871772952190843,0.8999096927902949,0.936732741627288,113,65
2,select_coverage,1.0,majority,0.9617091049382716,0.6625832151799173,0.692576616257937,0.9440478020803408,397,0.945601851851852,0.7752622454860741,0.798855679939435,0.9207375373377265,141,65
2,select_coverage,1.0,cmar,0.9644097222222222,0.6605917477010445,0.6899319801229826,0.9480730226114312,369,0.952932098765432,0.7868792912669518,0.8143489854371864,0.9313921097741784,122,65
2,select_coverage,1.0,top_k_avg,0.9562114197530864,0.6189394623551723,0.636655389881722,0.9356993418077324,454,0.945601851851852,0.7702404967075603,0.791099295585479,0.920423785497332,141,65
2,select_coverage,1.0,list,0.9773341049382716,0.7506852055878793,0.765113385173111,0.9668055829794568,235,0.9621913580246914,0.8861742382404978,0.9086166894031212,0.9448133619811274,98,65
2,select_coverage,2.0,majority,0.9613233024691358,0.6476500810365212,0.6753905455970542,0.9434386032307442,401,0.9409722222222222,0.7450625955148917,0.752687677743841,0.9141796823598952,153,65
2,select_coverage,2.0,cmar,0.9524498456790124,0.6413522984365309,0.6684639101669709,0.9302814512394568,493,0.9390432098765432,0.7525330900736809,0.7667328524815356,0.9111411862816872,158,65
2,select_coverage,2.0,top_k_avg,0.933449074074074,0.5805906116944419,0.5799692204766049,0.9026033129469886,690,0.9212962962962964,0.7318181567157135,0.7377709519396267,0.8855440171277795,204,65
2,select_coverage,2.0,list,0.9664351851851852,0.7336405867255037,0.7520513329607125,0.9510253904037712,348,0.9525462962962964,0.873206930691081,0.8967153391681694,0.9310079585294146,123,65
2,select_coverage,3.0,majority,0.9613233024691358,0.6285496735495761,0.6498703769696099,0.943416170622698,401,0.9459876543209876,0.7489822204237697,0.7567070560870056,0.921463997035571,140,65
2,select_coverage,3.0,cmar,0.9402970679012346,0.5975722702691088,0.608999085034252,0.9126817628370064,619,0.9313271604938272,0.7288802893410903,0.7288451030304963,0.8998919586566299,178,65
2,select_coverage,3.0,top_k_avg,0.923804012345679,0.5687678507389915,0.5619485423135597,0.8889148084855649,790,0.9108796296296297,0.7124125681029964,0.7070225264553333,0.8709104033417985,231,65
2,select_coverage,3.0,list,0.9609375,0.725828779174533,0.7456410366789584,0.9431341782354576,405,0.9486882716049384,0.8704042401081213,0.8937745408714732,0.9255746493819073,133,65
2,select_coverage,4.0,majority,0.9541859567901234,0.6042679492141361,0.6136530714926911,0.9327751558298244,475,0.9359567901234568,0.7269732548262006,0.7201929525873187,0.9062803473349684,166,65
2,select_coverage,4.0,cmar,0.9315200617283952,0.5772919338743672,0.5762718836142829,0.899926710125377,710,0.9209104938271604,0.7146897385126085,0.7090830500817884,0.8851299464800156,205,65
2,select_coverage,4.0,top_k_avg,0.926118827160494,0.5694607716551146,0.5618263018523331,0.892200249370202,766,0.9116512345679012,0.7159395904080457,0.7135334118624044,0.8720322861828681,229,65
2,select_coverage,4.0,list,0.9601658950617284,0.7238794927399512,0.7441506632645876,0.9420238667120509,413,0.9471450617283952,0.8692831638749375,0.8925978819273309,0.92341249630926,137,65
2,select_coverage_CBA_M1,,majority,0.9656635802469136,0.7127867207360642,0.7383234136313153,0.9502179787355444,356,0.957175925925926,0.8635721013175783,0.8931783173586272,0.9377906201149596,111,65
2,select_coverage_CBA_M1,,cmar,0.964506172839506,0.7113378629366749,0.737041745789721,0.9484500970136552,368,0.9552469135802468,0.8621707560260985,0.8917105228726373,0.934857259210268,116,65
2,select_coverage_CBA_M1,,top_k_avg,0.9646026234567902,0.7032790358400657,0.7307858725148579,0.9487207648165992,367,0.9556327160493828,0.8535239598039196,0.8843090660710097,0.935573568701172,115,65
2,select_coverage_CBA_M1,,list,0.9670138888888888,0.7195168836646698,0.7435219034466066,0.9522216384314758,342,0.9583333333333334,0.873312361057838,0.901370339641554,0.9394633451298527,108,65
1,select_coverage,1.0,majority,0.9600694444444444,0.6677626882172839,0.69784128624205,0.9419408127505196,414,0.9421296296296297,0.7766937498522377,0.803631073600171,0.9163259851754778,150,68
1,select_coverage,1.0,cmar,0.952835648148148,0.6506056706973897,0.6792491539075566,0.9317875682162176,489,0.9378858024691358,0.7790480409128601,0.8075323939377528,0.9102319401738947,161,68
1,select_coverage,1.0,top_k_avg,0.957175925925926,0.6299315312558627,0.6526761054947747,0.937090306746782,444,0.9459876543209876,0.7700635465400858,0.7906036396568082,0.9208711347428165,140,68
1,select_coverage,1.0,list,0.9822530864197532,0.7742840812847315,0.7801428296475393,0.9740183895943476,184,0.96875,0.903928955454158,0.9159745972402424,0.954311304172688,81,68
1,select_coverage,2.0,majority,0.9508101851851852,0.6257249352953284,0.6487200974889119,0.9284439120399952,510,0.933256172839506,0.7378473727208489,0.7462825585665026,0.9033839109090184,173,68
1,select_coverage,2.0,cmar,0.9354745370370372,0.6086646784437366,0.6284139052184858,0.9063725000232532,669,0.9236111111111112,0.7356796999571819,0.7488112061601715,0.8897635882163004,198,68
1,select_coverage,2.0,top_k_avg,0.9328703703703703,0.5764116648726033,0.5722917396321126,0.901625322762852,696,0.9278549382716048,0.7309931727255772,0.731190569237875,0.8946616831381793,187,68
1,select_coverage,2.0,list,0.9699074074074074,0.7473914056167844,0.7602349042194849,0.9560455812425688,312,0.9629629629629628,0.8968692016983688,0.9083304517860248,0.945979750107682,96,68
1,select_coverage,3.0,majority,0.9546682098765432,0.6252673569712568,0.6468551086799648,0.9336295376383228,470,0.9378858024691358,0.7453681448149229,0.7553224846765928,0.9092148303883046,161,68
1,select_coverage,3.0,cmar,0.9359567901234568,0.6090714663781595,0.6286628656177259,0.9062024610350068,664,0.9278549382716048,0.7514761999830127,0.7717064738518119,0.8947843385226736,187,68
1,select_coverage,3.0,top_k_avg,0.9230324074074074,0.5673796657031545,0.559936490215491,0.8876602758581972,798,0.9128086419753086,0.7174208234934595,0.713961057707652,0.8736352169809781,226,68
1,select_coverage,3.0,list,0.9631558641975309,0.7372987314059447,0.7523160063845411,0.9463624184750666,382,0.9579475308641976,0.8932899065441837,0.9055528764998608,0.9388561977517546,109,68
1,select_coverage,4.0,majority,0.9478202160493828,0.5958155797556796,0.6019604212315242,0.9237067269371138,541,0.929783950617284,0.7213877483829333,0.7153614679615514,0.8974822049155292,182,68
1,select_coverage,4.0,cmar,0.9311342592592592,0.583056493871953,0.5875066760262829,0.8997032539571167,714,0.9243827160493828,0.7220580419023201,0.7230044506321337,0.8905184947768071,196,68
1,select_coverage,4.0,top_k_avg,0.9251543209876544,0.5687027919997523,0.5612493416565671,0.8907660510334079,776,0.9131944444444444,0.7118842252921753,0.7024023015439046,0.8741379775916677,225,68
1,select_coverage,4.0,list,0.9627700617283952,0.737060494360084,0.753510104445761,0.945821077897458,386,0.9579475308641976,0.8932899065441837,0.9055528764998608,0.9388561977517546,109,68
1,select_coverage_CBA_M1,,majority,0.9638310185185184,0.7173839488701044,0.7414116652847895,0.9478438135961016,375,0.9525462962962964,0.8662096762188967,0.8884373913046004,0.9312855453579496,123,68
1,select_coverage_CBA_M1,,cmar,0.9625771604938272,0.7166096784710574,0.7406291387463078,0.9459040598819376,388,0.9486882716049384,0.8663861700627914,0.8855585524471098,0.9253765275528464,133,68
1,select_coverage_CBA_M1,,top_k_avg,0.9627700617283952,0.7071030673930347,0.7335409830670652,0.9463383908938932,386,0.9513888888888888,0.8419453025602498,0.8709689304117088,0.9297672030696484,126,68
1,select_coverage_CBA_M1,,list,0.964699074074074,0.7231030673930346,0.7456423104420989,0.9491152466750318,366,0.953317901234568,0.872619932629153,0.8913817893380784,0.9324374734641055,121,68
2,select_coverage,1.0,majority,0.9601658950617284,0.6685626882172839,0.6986581079777905,0.9420797443903592,413,0.9421296296296297,0.7766937498522377,0.803631073600171,0.9163259851754778,150,68
2,select_coverage,1.0,cmar,0.952835648148148,0.6506056706973897,0.6792491539075566,0.9317875682162176,489,0.9378858024691358,0.7790480409128601,0.8075323939377528,0.9102319401738947,161,68
2,select_coverage,1.0,top_k_avg,0.957175925925926,0.6299315312558627,0.6526761054947747,0.937090306746782,444,0.9459876543209876,0.7700635465400858,0.7906036396568082,0.9208711347428165,140,68
2,select_coverage,1.0,list,0.9823495370370372,0.7750840812847315,0.780604952386698,0.974161575243629,183,0.9699074074074074,0.9135443400695424,0.9228205570316323,0.9560295478243706,78,68
2,select_coverage,2.0,majority,0.9508101851851852,0.6257249352953284,0.6487200974889119,0.9284439120399952,510,0.933256172839506,0.7378473727208489,0.7462825585665026,0.9033839109090184,173,68
2,select_coverage,2.0,cmar,0.9354745370370372,0.6086646784437366,0.6284139052184858,0.9063725000232532,669,0.9236111111111112,0.7356796999571819,0.7488112061601715,0.8897635882163004,198,68
2,select_coverage,2.0,top_k_avg,0.9328703703703703,0.5764116648726033,0.5722917396321126,0.901625322762852,696,0.9278549382716048,0.7309931727255772,0.731190569237875,0.8946616831381793,187,68
2,select_coverage,2.0,list,0.9700038580246914,0.7481914056167844,0.7607466538693191,0.9561900377518388,311,0.9641203703703703,0.9064845863137536,0.9152460780444832,0.947709615388308,93,68
2,select_coverage,3.0,majority,0.9546682098765432,0.6252673569712568,0.6468551086799648,0.9336295376383228,470,0.9378858024691358,0.7453681448149229,0.7553224846765928,0.9092148303883046,161,68
2,select_coverage,3.0,cmar,0.9359567901234568,0.6090714663781595,0.6286628656177259,0.9062024610350068,664,0.9278549382716048,0.7514761999830127,0.7717064738518119,0.8947843385226736,187,68
2,select_coverage,3.0,top_k_avg,0.9230324074074074,0.5673796657031545,0.559936490215491,0.8876602758581972,798,0.9128086419753086,0.7174208234934595,0.713961057707652,0.8736352169809781,226,68
2,select_coverage,3.0,list,0.9632523148148148,0.7380987314059446,0.7528448811140571,0.946507930218958,381,0.9591049382716048,0.9029052911595684,0.9124868651512288,0.9405972169663628,106,68
2,select_coverage,4.0,majority,0.9478202160493828,0.5958155797556796,0.6019604212315242,0.9237067269371138,541,0.929783950617284,0.7213877483829333,0.7153614679615514,0.8974822049155292,182,68
2,select_coverage,4.0,cmar,0.9311342592592592,0.583056493871953,0.5875066760262829,0.8997032539571167,714,0.9243827160493828,0.7220580419023201,0.7230044506321337,0.8905184947768071,196,68
2,select_coverage,4.0,top_k_avg,0.9251543209876544,0.5687027919997523,0.5612493416565671,0.8907660510334079,776,0.9131944444444444,0.7118842252921753,0.7024023015439046,0.8741379775916677,225,68
2,select_coverage,4.0,list,0.962866512345679,0.7378604943600839,0.7540399831414174,0.9459666328443244,385,0.9591049382716048,0.9029052911595684,0.9124868651512288,0.9405972169663628,106,68
2,select_coverage_CBA_M1,,majority,0.9638310185185184,0.7173839488701044,0.7414116652847895,0.9478438135961016,375,0.9525462962962964,0.8662096762188967,0.8884373913046004,0.9312855453579496,123,68
2,select_coverage_CBA_M1,,cmar,0.9625771604938272,0.7166096784710574,0.7406291387463078,0.9459040598819376,388,0.9486882716049384,0.8663861700627914,0.8855585524471098,0.9253765275528464,133,68
2,select_coverage_CBA_M1,,top_k_avg,0.9627700617283952,0.7071030673930347,0.7335409830670652,0.9463383908938932,386,0.9513888888888888,0.8419453025602498,0.8709689304117088,0.9297672030696484,126,68
2,select_coverage_CBA_M1,,list,0.964699074074074,0.7231030673930346,0.7456423104420989,0.9491152466750318,366,0.9540895061728396,0.8790301890394094,0.8963394435981971,0.9335560388754438,119,68
1,select_coverage,1.0,majority,0.9595871913580248,0.6540286092912565,0.6830477819908675,0.9411915943441516,419,0.9510030864197532,0.6194029600954681,0.6396368156423249,0.9285254562458808,127,74
1,select_coverage,1.0,cmar,0.9592013888888888,0.6635252708218162,0.6933622271140989,0.9406663301694492,423,0.9502314814814816,0.6390073893238641,0.6666353548107223,0.9275230153887152,129,74
1,select_coverage,1.0,top_k_avg,0.9584297839506172,0.6361876123617616,0.66048468509486,0.939009218396221,431,0.9525462962962964,0.6266507189219082,0.6480172923210898,0.9302591111928228,123,74
1,select_coverage,1.0,list,0.9788773148148148,0.7465517994318616,0.7639983942191891,0.969056711972804,219,0.9641203703703703,0.688708141717845,0.7105605130653122,0.9473390416173612,93,74
1,select_coverage,2.0,majority,0.9536072530864198,0.6446601996356168,0.6727811848046927,0.932612212146842,481,0.9448302469135802,0.5952396345722851,0.6026147313758264,0.9198033911013334,143,74
1,select_coverage,2.0,cmar,0.9481095679012346,0.647532946632442,0.6765084467637863,0.9243418732181816,538,0.9382716049382716,0.6054642794772536,0.6229530607703282,0.9102592331614812,160,74
1,select_coverage,2.0,top_k_avg,0.9302662037037036,0.5778205580592694,0.5752262172681377,0.8980231681762086,723,0.9301697530864198,0.5929862728119452,0.6029717444605279,0.8980212994863114,181,74
1,select_coverage,2.0,list,0.9670138888888888,0.7309109336344425,0.7507638445413504,0.951841559329276,342,0.9540895061728396,0.6884465138108682,0.7047575094275048,0.932967185411394,119,74
1,select_coverage,3.0,majority,0.9576581790123456,0.6389295349063754,0.6647406277402015,0.9382430756578116,439,0.9521604938271604,0.6172792116599237,0.6359749546840319,0.9301662520141616,124,74
1,select_coverage,3.0,cmar,0.952835648148148,0.6402595091112364,0.666822247816903,0.9307757304301894,489,0.941743827160494,0.6024115900689816,0.6156569442245019,0.9143411791021048,151,74
1,select_coverage,3.0,top_k_avg,0.9210069444444444,0.5673176765012707,0.5593175155866165,0.8850052585013731,819,0.9228395061728396,0.5712307717495706,0.5663535025746914,0.8874947012529376,200,74
1,select_coverage,3.0,list,0.9623842592592592,0.7245980988864933,0.7454933580002575,0.9452042404751584,390,0.9521604938271604,0.6872837231131939,0.7035467155012611,0.930229522930819,124,74
1,select_coverage,4.0,majority,0.953028549382716,0.621502014180239,0.6414553871446975,0.9312014916916692,487,0.9440586419753086,0.5951473680763745,0.602042363668754,0.9178508689941046,145,74
1,select_coverage,4.0,cmar,0.9503279320987654,0.6268609822057875,0.649613956256682,0.927078880502278,515,0.939429012345679,0.5922678966440609,0.599188183949362,0.9109700889595572,157,74
1,select_coverage,4.0,top_k_avg,0.9229359567901234,0.5684862478703855,0.560531085529305,0.8876797054293359,799,0.9236111111111112,0.5688212009197544,0.5608090764197634,0.8885954734643756,198,74
1,select_coverage,4.0,list,0.960648148148148,0.7235411405776265,0.7444104063335877,0.9427411930680252,408,0.9513888888888888,0.6868186068341241,0.7030623056749037,0.9291372615865596,126,74
1,select_coverage_CBA_M1,,majority,0.9585262345679012,0.7082747446196793,0.7339289075507234,0.9401506227686014,430,0.9510030864197532,0.6767369095089792,0.7022356928902533,0.929246964806703,127,74
1,select_coverage_CBA_M1,,cmar,0.9584297839506172,0.7110114481197416,0.7359564515792766,0.9399592552844146,431,0.9498456790123456,0.6760392350903747,0.7015139018431997,0.927441352008624,130,74
1,select_coverage_CBA_M1,,top_k_avg,0.9580439814814816,0.7030891541287453,0.729876141535324,0.9394783225871176,435,0.9510030864197532,0.6767369095089792,0.7022356928902533,0.929246964806703,127,74
1,select_coverage_CBA_M1,,list,0.9596836419753086,0.7159679420075331,0.7397922258883042,0.9418387663581308,418,0.9506172839506172,0.6793967932299095,0.702257756382815,0.9286363379188765,128,74
2,select_coverage,1.0,majority,0.9595871913580248,0.6540286092912565,0.6830477819908675,0.9411915943441516,419,0.9510030864197532,0.6194029600954681,0.6396368156423249,0.9285254562458808,127,74
2,select_coverage,1.0,cmar,0.9592013888888888,0.6635252708218162,0.6933622271140989,0.9406663301694492,423,0.9502314814814816,0.6390073893238641,0.6666353548107223,0.9275230153887152,129,74
2,select_coverage,1.0,top_k_avg,0.9584297839506172,0.6361876123617616,0.66048468509486,0.939009218396221,431,0.9525462962962964,0.6266507189219082,0.6480172923210898,0.9302591111928228,123,74
2,select_coverage,1.0,list,0.9790702160493828,0.748066950947013,0.7650074667574663,0.9693415455024682,217,0.9641203703703703,0.688708141717845,0.7105605130653122,0.9473390416173612,93,74
2,select_coverage,2.0,majority,0.9536072530864198,0.6446601996356168,0.6727811848046927,0.932612212146842,481,0.9448302469135802,0.5952396345722851,0.6026147313758264,0.9198033911013334,143,74
2,select_coverage,2.0,cmar,0.9481095679012346,0.647532946632442,0.6765084467637863,0.9243418732181816,538,0.9382716049382716,0.6054642794772536,0.6229530607703282,0.9102592331614812,160,74
2,select_coverage,2.0,top_k_avg,0.9302662037037036,0.5778205580592694,0.5752262172681377,0.8980231681762086,723,0.9301697530864198,0.5929862728119452,0.6029717444605279,0.8980212994863114,181,74
2,select_coverage,2.0,list,0.9672067901234568,0.732426085149594,0.7518223315507375,0.9521297415917694,340,0.9540895061728396,0.6884465138108682,0.7047575094275048,0.932967185411394,119,74
2,select_coverage,3.0,majority,0.9576581790123456,0.6389295349063754,0.6647406277402015,0.9382430756578116,439,0.9521604938271604,0.6172792116599237,0.6359749546840319,0.9301662520141616,124,74
2,select_coverage,3.0,cmar,0.952835648148148,0.6402595091112364,0.666822247816903,0.9307757304301894,489,0.941743827160494,0.6024115900689816,0.6156569442245019,0.9143411791021048,151,74
2,select_coverage,3.0,top_k_avg,0.9210069444444444,0.5673176765012707,0.5593175155866165,0.8850052585013731,819,0.9228395061728396,0.5712307717495706,0.5663535025746914,0.8874947012529376,200,74
2,select_coverage,3.0,list,0.9625771604938272,0.7261132504016448,0.7465738594809743,0.9454939067816076,388,0.9521604938271604,0.6872837231131939,0.7035467155012611,0.930229522930819,124,74
2,select_coverage,4.0,majority,0.953028549382716,0.621502014180239,0.6414553871446975,0.9312014916916692,487,0.9440586419753086,0.5951473680763745,0.602042363668754,0.9178508689941046,145,74
2,select_coverage,4.0,cmar,0.9503279320987654,0.6268609822057875,0.649613956256682,0.927078880502278,515,0.939429012345679,0.5922678966440609,0.599188183949362,0.9109700889595572,157,74
2,select_coverage,4.0,top_k_avg,0.9229359567901234,0.5684862478703855,0.560531085529305,0.8876797054293359,799,0.9236111111111112,0.5688212009197544,0.5608090764197634,0.8885954734643756,198,74
2,select_coverage,4.0,list,0.960841049382716,0.7250562920927781,0.7454908884875782,0.9430315436590588,406,0.9513888888888888,0.6868186068341241,0.7030623056749037,0.9291372615865596,126,74
2,select_coverage_CBA_M1,,majority,0.9585262345679012,0.7082747446196793,0.7339289075507234,0.9401506227686014,430,0.9510030864197532,0.6767369095089792,0.7022356928902533,0.929246964806703,127,74
2,select_coverage_CBA_M1,,cmar,0.9584297839506172,0.7110114481197416,0.7359564515792766,0.9399592552844146,431,0.9498456790123456,0.6760392350903747,0.7015139018431997,0.927441352008624,130,74
2,select_coverage_CBA_M1,,top_k_avg,0.9580439814814816,0.7030891541287453,0.729876141535324,0.9394783225871176,435,0.9510030864197532,0.6767369095089792,0.7022356928902533,0.929246964806703,127,74
2,select_coverage_CBA_M1,,list,0.9596836419753086,0.7159679420075331,0.7397922258883042,0.9418387663581308,418,0.9506172839506172,0.6793967932299095,0.702257756382815,0.9286363379188765,128,74
1,select_coverage,1.0,majority,0.9582368827160492,0.655628254119563,0.6851439805826312,0.9391890594359178,433,0.9359567901234568,0.6217122782066911,0.6431348308747317,0.906501175236512,166,76
1,select_coverage,1.0,cmar,0.9562114197530864,0.6599639215589257,0.6899076493892163,0.9365609999989496,454,0.9367283950617284,0.6485015237708248,0.6776938434920131,0.908386725335326,164,76
1,select_coverage,1.0,top_k_avg,0.9588155864197532,0.6228544941245311,0.641547823386316,0.9395792920412916,427,0.9471450617283952,0.6133490112420426,0.629091160040906,0.9224515241797548,137,76
1,select_coverage,1.0,list,0.9814814814814816,0.7601566227201644,0.7719481946630141,0.9728879170698532,192,0.964506172839506,0.7305737505079236,0.7361585930888201,0.9482412456906618,92,76
1,select_coverage,2.0,majority,0.9519675925925926,0.6068112820875241,0.6192357362080769,0.9303891814768588,498,0.9290123456790124,0.5825030814032236,0.5865781138973928,0.8975959736157264,184,76
1,select_coverage,2.0,cmar,0.9322916666666666,0.5851141352871594,0.5907275293596851,0.9021906371329808,702,0.9189814814814816,0.5733872409589598,0.5752548642810209,0.8836200411351175,210,76
1,select_coverage,2.0,top_k_avg,0.9354745370370372,0.5787218689609207,0.5741533098612992,0.9055673625686322,669,0.9313271604938272,0.5958402749559799,0.6067080145683981,0.8997422030773014,178,76
1,select_coverage,2.0,list,0.9733796296296297,0.7509186254808943,0.7636450776693324,0.9611282755161654,276,0.9594907407407408,0.7301685629148043,0.7347125866523759,0.941111964362422,105,76
1,select_coverage,3.0,majority,0.9541859567901234,0.6004492662087826,0.6067441760565291,0.9333757865014428,475,0.9309413580246914,0.5786849519165651,0.5773541302762577,0.8993570781243597,179,76
1,select_coverage,3.0,cmar,0.9184027777777778,0.5778013640135274,0.5847231109746469,0.8820358070262568,846,0.9097222222222222,0.570313829066775,0.5746241704649432,0.8694156391936652,234,76
1,select_coverage,3.0,top_k_avg,0.9233217592592592,0.5691821866337599,0.5621238427908951,0.888282917570893,795,0.9131944444444444,0.5741993430854666,0.5762364078156176,0.8741749167608267,225,76
1,select_coverage,3.0,list,0.9665316358024691,0.7438851973500555,0.7579779376820217,0.9512857966066312,347,0.9517746913580248,0.7254793105783557,0.7298542610621411,0.9302198842046424,125,76
1,select_coverage,4.0,majority,0.9459876543209876,0.5853331735512237,0.5824309050133906,0.9214187709464944,560,0.9274691358024691,0.5738191114723012,0.5698050901882071,0.8943287947387986,188,76
1,select_coverage,4.0,cmar,0.9147376543209876,0.5676275376549829,0.5675490148226721,0.8770557256051698,884,0.9035493827160492,0.5584172423134227,0.5550217155408708,0.8606044211954552,250,76
1,select_coverage,4.0,top_k_avg,0.925443672839506,0.5697619607233386,0.5619437489218134,0.8912696540038811,773,0.9128086419753086,0.5659709806311797,0.5602047770850673,0.8734702439673421,226,76
1,select_coverage,4.0,list,0.964699074074074,0.7377759796279346,0.7543957535957622,0.9486299954492065,366,0.9502314814814816,0.7245447311391032,0.728880948956893,0.9280678681295428,129,76
1,select_coverage_CBA_M1,,majority,0.9596836419753086,0.7125483114127162,0.7373668317327609,0.94209576260782,418,0.9513888888888888,0.7107435663009617,0.7251475074242478,0.9301404557230712,126,76
1,select_coverage_CBA_M1,,cmar,0.9588155864197532,0.7127340019209873,0.7373500707088055,0.9407309265508405,427,0.9498456790123456,0.7098089868617092,0.7209681041996405,0.9278084018556196,130,76
1,select_coverage_CBA_M1,,top_k_avg,0.9591049382716048,0.7072015570337037,0.7332751183048284,0.9412769514575452,424,0.9513888888888888,0.7080786604361371,0.7232666284348765,0.9301860193106964,126,76
1,select_coverage_CBA_M1,,list,0.9605516975308642,0.7187845686167152,0.7420170060423615,0.9433549634158752,409,0.9510030864197532,0.7105099214411486,0.7227456096124014,0.9295866022274432,127,76
2,select_coverage,1.0,majority,0.9582368827160492,0.655628254119563,0.6851439805826312,0.9391890594359178,433,0.9359567901234568,0.6217122782066911,0.6431348308747317,0.906501175236512,166,76
2,select_coverage,1.0,cmar,0.9562114197530864,0.6599639215589257,0.6899076493892163,0.9365609999989496,454,0.9367283950617284,0.6485015237708248,0.6776938434920131,0.908386725335326,164,76
2,select_coverage,1.0,top_k_avg,0.9588155864197532,0.6228544941245311,0.641547823386316,0.9395792920412916,427,0.9471450617283952,0.6133490112420426,0.629091160040906,0.9224515241797548,137,76
2,select_coverage,1.0,list,0.9814814814814816,0.7601566227201644,0.7719481946630141,0.9728879170698532,192,0.9641203703703703,0.7356699173777597,0.7362060325611072,0.9477514050537889,93,76
2,select_coverage,2.0,majority,0.9519675925925926,0.6068112820875241,0.6192357362080769,0.9303891814768588,498,0.9290123456790124,0.5825030814032236,0.5865781138973928,0.8975959736157264,184,76
2,select_coverage,2.0,cmar,0.9322916666666666,0.5851141352871594,0.5907275293596851,0.9021906371329808,702,0.9189814814814816,0.5733872409589598,0.5752548642810209,0.8836200411351175,210,76
2,select_coverage,2.0,top_k_avg,0.9354745370370372,0.5787218689609207,0.5741533098612992,0.9055673625686322,669,0.9313271604938272,0.5958402749559799,0.6067080145683981,0.8997422030773014,178,76
2,select_coverage,2.0,list,0.9734760802469136,0.751690826253095,0.7641367593963106,0.9612722193002928,275,0.9591049382716048,0.7352647297846404,0.7346858255469484,0.9406404799776384,106,76
2,select_coverage,3.0,majority,0.9541859567901234,0.6004492662087826,0.6067441760565291,0.9333757865014428,475,0.9309413580246914,0.5786849519165651,0.5773541302762577,0.8993570781243597,179,76
2,select_coverage,3.0,cmar,0.9184027777777778,0.5778013640135274,0.5847231109746469,0.8820358070262568,846,0.9097222222222222,0.570313829066775,0.5746241704649432,0.8694156391936652,234,76
2,select_coverage,3.0,top_k_avg,0.9233217592592592,0.5691821866337599,0.5621238427908951,0.888282917570893,795,0.9131944444444444,0.5741993430854666,0.5762364078156176,0.8741749167608267,225,76
2,select_coverage,3.0,list,0.9666280864197532,0.7446573981222564,0.7584775794489534,0.9514308143117648,346,0.9513888888888888,0.7305754774481917,0.7298180157467279,0.9297752318233792,126,76
2,select_coverage,4.0,majority,0.9459876543209876,0.5853331735512237,0.5824309050133906,0.9214187709464944,560,0.9274691358024691,0.5738191114723012,0.5698050901882071,0.8943287947387986,188,76
2,select_coverage,4.0,cmar,0.9147376543209876,0.5676275376549829,0.5675490148226721,0.8770557256051698,884,0.9035493827160492,0.5584172423134227,0.5550217155408708,0.8606044211954552,250,76
2,select_coverage,4.0,top_k_avg,0.925443672839506,0.5697619607233386,0.5619437489218134,0.8912696540038811,773,0.9128086419753086,0.5659709806311797,0.5602047770850673,0.8734702439673421,226,76
2,select_coverage,4.0,list,0.964795524691358,0.7385481804001354,0.7549100831555193,0.9487751154242354,365,0.9498456790123456,0.7296408980089394,0.7288427088768822,0.9276288894638824,130,76
2,select_coverage_CBA_M1,,majority,0.9596836419753086,0.7125483114127162,0.7373668317327609,0.94209576260782,418,0.9502314814814816,0.7100426317215224,0.7212100784820009,0.9284088161881796,129,76
2,select_coverage_CBA_M1,,cmar,0.9588155864197532,0.7127340019209873,0.7373500707088055,0.9407309265508405,427,0.9498456790123456,0.7098089868617092,0.7209681041996405,0.9278084018556196,130,76
2,select_coverage_CBA_M1,,top_k_avg,0.9591049382716048,0.7072015570337037,0.7332751183048284,0.9412769514575452,424,0.9513888888888888,0.7080786604361371,0.7232666284348765,0.9301860193106964,126,76
2,select_coverage_CBA_M1,,list,0.9605516975308642,0.7187845686167152,0.7420170060423615,0.9433549634158752,409,0.9506172839506172,0.7156060883109847,0.72300758391315,0.9289758633985374,128,76
1,select_coverage,1.0,majority,0.9429012345679012,0.6181531168416697,0.6399814808035897,0.917653735160628,592,0.9390432098765432,0.5854381806460477,0.5897131568006599,0.9119301363983237,158,100
1,select_coverage,1.0,cmar,0.9348958333333334,0.6103176996386364,0.6309121138881713,0.9065545441947664,675,0.9320987654320988,0.5777013453398154,0.5790402596898755,0.9024299522773052,176,100
1,select_coverage,1.0,top_k_avg,0.9581404320987654,0.6465330231342105,0.6735232637101137,0.938617454058198,434,0.9567901234567902,0.656926961389928,0.6868033141313725,0.9364147015041973,112,100
1,select_coverage,1.0,list,0.9775270061728396,0.7443228997421992,0.7618983421155253,0.9671041909019809,233,0.96875,0.7210106648861002,0.7277235609094932,0.9541741283802424,81,100
1,select_coverage,2.0,majority,0.9456983024691358,0.6031358900584782,0.6151704372851938,0.9214141934230314,563,0.9328703703703703,0.5715364833069827,0.5659999159027836,0.9034459109322032,174,100
1,select_coverage,2.0,cmar,0.9265046296296297,0.5794565292134564,0.5825703373508091,0.8941239685685617,762,0.9263117283950616,0.570724788917701,0.5688356369412229,0.8943159914510322,191,100
1,select_coverage,2.0,top_k_avg,0.9333526234567902,0.5848077861304324,0.5864219580757684,0.9025241941833894,691,0.9344135802469136,0.6199128271143096,0.6446942485173878,0.9041607935914628,170,100
1,select_coverage,2.0,list,0.968557098765432,0.7354645235040653,0.7541016381363395,0.9541068959961678,326,0.961033950617284,0.7229441717506203,0.7274001156067735,0.9430832757585564,101,100
1,select_coverage,3.0,majority,0.9501350308641976,0.6095274783951944,0.6234787700982827,0.9271513854500996,517,0.9436728395061728,0.578587781972751,0.5725116125098004,0.9172477403174856,146,100
1,select_coverage,3.0,cmar,0.9255401234567902,0.572984810185606,0.5699457787994241,0.8916530248269093,772,0.9232253086419752,0.5656382742821269,0.5600525602124227,0.8881516822441851,199,100
1,select_coverage,3.0,top_k_avg,0.9195601851851852,0.5676503450618249,0.5601171558215841,0.882939285162942,834,0.922067901234568,0.579060611259286,0.5849206620785337,0.886712563402218,202,100
1,select_coverage,3.0,list,0.961130401234568,0.7282505931558066,0.7476671260626484,0.9435075413066776,403,0.9552469135802468,0.7194106028460266,0.7237720069430356,0.9348848964838612,116,100
1,select_coverage,4.0,majority,0.945408950617284,0.595772341748462,0.6017517604044827,0.9202183017454686,566,0.9344135802469136,0.5727912314502032,0.5668577731389778,0.9036273971813996,170,100
1,select_coverage,4.0,cmar,0.9239969135802468,0.5719686118657289,0.5690048044061353,0.8896023200527293,788,0.9239969135802468,0.5660915617683396,0.5605301308674868,0.8895200557351075,197,100
1,select_coverage,4.0,top_k_avg,0.9210069444444444,0.5705655287255782,0.5652475373159513,0.8850306576739095,819,0.922067901234568,0.569053039325919,0.565675504845785,0.8865394049458691,202,100
1,select_coverage,4.0,list,0.9595871913580248,0.7259605726700002,0.7457914704612543,0.9413097362643876,419,0.9544753086419752,0.7189394603254142,0.7232878436281516,0.9337984632043465,118,100
1,select_coverage_CBA_M1,,majority,0.9578510802469136,0.7077394359118669,0.7334943861945314,0.9395997815824844,437,0.952932098765432,0.6940301754195419,0.7108961712843079,0.9320618863310716,122,100
1,select_coverage_CBA_M1,,cmar,0.957175925925926,0.7080099484344079,0.733583661376875,0.9385150059375252,444,0.9517746913580248,0.6933413166730229,0.7101757310581561,0.930127309291864,125,100
1,select_coverage_CBA_M1,,top_k_avg,0.957368827160494,0.7027129042435973,0.7295604864428655,0.9389174151085612,442,0.9540895061728396,0.6947547442348603,0.7129125391284185,0.9337150762306764,119,100
1,select_coverage_CBA_M1,,list,0.9588155864197532,0.7137423160083032,0.7381026142441648,0.940989752627002,427,0.9537037037037036,0.7078626022190433,0.7161857228091251,0.933064532921718,120,100
2,select_coverage,1.0,majority,0.9429012345679012,0.6181531168416697,0.6399814808035897,0.917653735160628,592,0.9390432098765432,0.5854381806460477,0.5897131568006599,0.9119301363983237,158,100
2,select_coverage,1.0,cmar,0.9348958333333334,0.6103176996386364,0.6309121138881713,0.9065545441947664,675,0.9320987654320988,0.5777013453398154,0.5790402596898755,0.9024299522773052,176,100
2,select_coverage,1.0,top_k_avg,0.9581404320987654,0.6465330231342105,0.6735232637101137,0.938617454058198,434,0.9567901234567902,0.656926961389928,0.6868033141313725,0.9364147015041973,112,100
2,select_coverage,1.0,list,0.9775270061728396,0.7443228997421992,0.7618983421155253,0.9671041909019809,233,0.96875,0.7210106648861002,0.7277235609094932,0.9541741283802424,81,100
2,select_coverage,2.0,majority,0.9457947530864198,0.6038711841761254,0.6163770330540427,0.921551579379848,562,0.9328703703703703,0.5715364833069827,0.5659999159027836,0.9034459109322032,174,100
2,select_coverage,2.0,cmar,0.9265046296296297,0.5794565292134564,0.5825703373508091,0.8941239685685617,762,0.9263117283950616,0.570724788917701,0.5688356369412229,0.8943159914510322,191,100
2,select_coverage,2.0,top_k_avg,0.9333526234567902,0.5848077861304324,0.5864219580757684,0.9025241941833894,691,0.9344135802469136,0.6199128271143096,0.6446942485173878,0.9041607935914628,170,100
2,select_coverage,2.0,list,0.968653549382716,0.7361998176217124,0.7546068161281528,0.9542507122749352,325,0.961033950617284,0.7229441717506203,0.7274001156067735,0.9430832757585564,101,100
2,select_coverage,3.0,majority,0.9501350308641976,0.6095274783951944,0.6234787700982827,0.9271513854500996,517,0.9436728395061728,0.578587781972751,0.5725116125098004,0.9172477403174856,146,100
2,select_coverage,3.0,cmar,0.9255401234567902,0.572984810185606,0.5699457787994241,0.8916530248269093,772,0.9232253086419752,0.5656382742821269,0.5600525602124227,0.8881516822441851,199,100
2,select_coverage,3.0,top_k_avg,0.9195601851851852,0.5676503450618249,0.5601171558215841,0.882939285162942,834,0.922067901234568,0.579060611259286,0.5849206620785337,0.886712563402218,202,100
2,select_coverage,3.0,list,0.961226851851852,0.7289858872734537,0.7481803101888429,0.9436526818190836,402,0.9552469135802468,0.7194106028460266,0.7237720069430356,0.9348848964838612,116,100
2,select_coverage,4.0,majority,0.945408950617284,0.595772341748462,0.6017517604044827,0.9202183017454686,566,0.9344135802469136,0.5727912314502032,0.5668577731389778,0.9036273971813996,170,100
2,select_coverage,4.0,cmar,0.9239969135802468,0.5719686118657289,0.5690048044061353,0.8896023200527293,788,0.9239969135802468,0.5660915617683396,0.5605301308674868,0.8895200557351075,197,100
2,select_coverage,4.0,top_k_avg,0.9210069444444444,0.5705655287255782,0.5652475373159513,0.8850306576739095,819,0.922067901234568,0.569053039325919,0.565675504845785,0.8865394049458691,202,100
2,select_coverage,4.0,list,0.9596836419753086,0.7266958667876474,0.7463087445426799,0.941455110961144,418,0.9544753086419752,0.7189394603254142,0.7232878436281516,0.9337984632043465,118,100
2,select_coverage_CBA_M1,,majority,0.9585262345679012,0.708176875278616,0.7339163525358959,0.9405172899729556,430,0.953317901234568,0.694274674197048,0.7111359678548321,0.9325980260809892,121,100
2,select_coverage_CBA_M1,,cmar,0.9576581790123456,0.7083303260510837,0.7338855304356734,0.9391343261600058,439,0.9521604938271604,0.693585815450529,0.7104153248070204,0.9306662629208552,124,100
2,select_coverage_CBA_M1,,top_k_avg,0.9581404320987654,0.7032088744853828,0.7300420753212242,0.9399852703569452,434,0.9544753086419752,0.6949992430123665,0.7131522311608276,0.9342518191435036,118,100
2,select_coverage_CBA_M1,,list,0.9595871913580248,0.7142382862500887,0.7385850689082035,0.9420582325041202,419,0.9540895061728396,0.7081071009965495,0.7164258431890388,0.9336022759153896,119,100
1,select_coverage,1.0,majority,0.9445408950617284,0.6161298122619259,0.6370818462613838,0.919797694166648,575,0.933256172839506,0.7325496418459742,0.7368697988395876,0.9039027983612252,173,114
1,select_coverage,1.0,cmar,0.9300733024691358,0.5911125675321152,0.6029577144292412,0.8999484607993302,725,0.9228395061728396,0.72452713874205,0.7286803053648442,0.8898051789548176,200,114
1,select_coverage,1.0,top_k_avg,0.9554398148148148,0.6350774152329974,0.659609554744892,0.9345911492941604,462,0.9486882716049384,0.7845706069039704,0.8132945561107245,0.92473332572695,133,114
1,select_coverage,1.0,list,0.9809992283950616,0.7620257675235422,0.7735705709938634,0.9721880028325112,197,0.9683641975308642,0.899425025140172,0.914805850530792,0.9537017102417746,82,114
1,select_coverage,2.0,majority,0.9423225308641976,0.5954475528597001,0.6045512869777884,0.9170255804135338,598,0.9274691358024691,0.7181053792093333,0.7132556658108231,0.8960293522406747,188,114
1,select_coverage,2.0,cmar,0.9223572530864198,0.5684022616500795,0.5648097422130484,0.8891188062184198,805,0.9093364197530864,0.7008418616354983,0.6929426737048529,0.871277156076382,235,114
1,select_coverage,2.0,top_k_avg,0.9319058641975309,0.577170446686124,0.573285896093372,0.9002073457125314,706,0.9255401234567902,0.7371073186884943,0.7490605497246451,0.8911429290130007,193,114
1,select_coverage,2.0,list,0.9693287037037036,0.7384634302256599,0.7551392174751139,0.9552053922663208,318,0.9552469135802468,0.8828419893952215,0.8986511081150286,0.9347406706423644,116,114
1,select_coverage,3.0,majority,0.947241512345679,0.588786903554567,0.5888410689819902,0.9234676261256324,547,0.9363425925925926,0.7249754900104359,0.7198185772090082,0.9077623901116236,165,114
1,select_coverage,3.0,cmar,0.913869598765432,0.5659400873724106,0.5652933998451743,0.8762667135162819,893,0.9093364197530864,0.7141998510324833,0.7187059314215397,0.8703757059706955,235,114
1,select_coverage,3.0,top_k_avg,0.921971450617284,0.5676054388519649,0.5596160370986683,0.8862248289712041,809,0.9131944444444444,0.7044926017381975,0.694638123373108,0.8736850414094861,225,114
1,select_coverage,3.0,list,0.9629629629629628,0.7295945672329343,0.7478678273091681,0.9460819444982872,384,0.9486882716049384,0.874562223573825,0.8911446618034411,0.9254203556116404,133,114
1,select_coverage,4.0,majority,0.9426118827160492,0.5829874010514889,0.5802681339234715,0.9167899284187332,595,0.9320987654320988,0.7217270848328972,0.7166538477215991,0.9016265873648676,176,114
1,select_coverage,4.0,cmar,0.9018132716049384,0.558173808335259,0.5577066555808825,0.8597061603380901,1018,0.8958333333333334,0.7038255551186022,0.7084522855876738,0.8520179363533493,270,114
1,select_coverage,4.0,top_k_avg,0.925443672839506,0.5704698160174422,0.5632781244972457,0.8912668737908732,773,0.9166666666666666,0.7071236785855508,0.6972753337180942,0.8786723015013767,216,114
1,select_coverage,4.0,list,0.9629629629629628,0.7295945672329343,0.7478678273091681,0.9460819444982872,384,0.9486882716049384,0.874562223573825,0.8911446618034411,0.9254203556116404,133,114
1,select_coverage_CBA_M1,,majority,0.9561149691358024,0.7086435732889272,0.7339497914885639,0.9370637180486046,455,0.9510030864197532,0.862597889175333,0.8854896600238215,0.9295536664548496,127,114
1,select_coverage_CBA_M1,,cmar,0.9552469135802468,0.7081152492501834,0.7334069339177614,0.935703079231859,464,0.9486882716049384,0.8608516726444831,0.8824572883742969,0.9259710757929396,133,114
1,select_coverage_CBA_M1,,top_k_avg,0.9553433641975309,0.7017524690100918,0.7286017727150049,0.9359697184131808,463,0.9502314814814816,0.8486872077290946,0.8762635396691376,0.928499759082335,129,114
1,select_coverage_CBA_M1,,list,0.956693672839506,0.7125632798209025,0.7369222683835115,0.9379074018027368,449,0.9517746913580248,0.8731764183042494,0.8926143853109814,0.9306419596616654,125,114
2,select_coverage,1.0,majority,0.9445408950617284,0.6161298122619259,0.6370818462613838,0.919797694166648,575,0.933256172839506,0.7325496418459742,0.7368697988395876,0.9039027983612252,173,114
2,select_coverage,1.0,cmar,0.9300733024691358,0.5911125675321152,0.6029577144292412,0.8999484607993302,725,0.9228395061728396,0.72452713874205,0.7286803053648442,0.8898051789548176,200,114
2,select_coverage,1.0,top_k_avg,0.9554398148148148,0.6350774152329974,0.659609554744892,0.9345911492941604,462,0.9486882716049384,0.7845706069039704,0.8132945561107245,0.92473332572695,133,114
2,select_coverage,1.0,list,0.9809992283950616,0.7620257675235422,0.7735705709938634,0.9721880028325112,197,0.9683641975308642,0.9060893297748164,0.9168241214708934,0.9537348783516556,82,114
2,select_coverage,2.0,majority,0.9423225308641976,0.5954550694415547,0.6045499981098097,0.9169867885713686,598,0.9270833333333334,0.7178143431208582,0.7129640093009859,0.8954095480023255,189,114
2,select_coverage,2.0,cmar,0.9223572530864198,0.5684022616500795,0.5648097422130484,0.8891188062184198,805,0.9093364197530864,0.7008418616354983,0.6929426737048529,0.871277156076382,235,114
2,select_coverage,2.0,top_k_avg,0.9319058641975309,0.577170446686124,0.573285896093372,0.9002073457125314,706,0.9255401234567902,0.7371073186884943,0.7490605497246451,0.8911429290130007,193,114
2,select_coverage,2.0,list,0.9693287037037036,0.7384634302256599,0.7551392174751139,0.9552053922663208,318,0.9552469135802468,0.8895062940298658,0.9008782511272408,0.9348038192143217,116,114
2,select_coverage,3.0,majority,0.947241512345679,0.588786903554567,0.5888410689819902,0.9234676261256324,547,0.9363425925925926,0.7249754900104359,0.7198185772090082,0.9077623901116236,165,114
2,select_coverage,3.0,cmar,0.913869598765432,0.5659400873724106,0.5652933998451743,0.8762667135162819,893,0.9093364197530864,0.7141998510324833,0.7187059314215397,0.8703757059706955,235,114
2,select_coverage,3.0,top_k_avg,0.921971450617284,0.5676054388519649,0.5596160370986683,0.8862248289712041,809,0.9131944444444444,0.7044926017381975,0.694638123373108,0.8736850414094861,225,114
2,select_coverage,3.0,list,0.9629629629629628,0.7295945672329343,0.7478678273091681,0.9460819444982872,384,0.9486882716049384,0.8812265282084693,0.8934654072440339,0.9255008466747678,133,114
2,select_coverage,4.0,majority,0.9426118827160492,0.5829874010514889,0.5802681339234715,0.9167899284187332,595,0.9320987654320988,0.7217270848328972,0.7166538477215991,0.9016265873648676,176,114
2,select_coverage,4.0,cmar,0.9018132716049384,0.558173808335259,0.5577066555808825,0.8597061603380901,1018,0.8958333333333334,0.7038255551186022,0.7084522855876738,0.8520179363533493,270,114
2,select_coverage,4.0,top_k_avg,0.925443672839506,0.5704698160174422,0.5632781244972457,0.8912668737908732,773,0.9166666666666666,0.7071236785855508,0.6972753337180942,0.8786723015013767,216,114
2,select_coverage,4.0,list,0.9629629629629628,0.7295945672329343,0.7478678273091681,0.9460819444982872,384,0.9486882716049384,0.8812265282084693,0.8934654072440339,0.9255008466747678,133,114
2,select_coverage_CBA_M1,,majority,0.9561149691358024,0.7086435732889272,0.7339497914885639,0.9370637180486046,455,0.9510030864197532,0.862597889175333,0.8854896600238215,0.9295536664548496,127,114
2,select_coverage_CBA_M1,,cmar,0.9552469135802468,0.7081152492501834,0.7334069339177614,0.935703079231859,464,0.9486882716049384,0.8608516726444831,0.8824572883742969,0.9259710757929396,133,114
2,select_coverage_CBA_M1,,top_k_avg,0.9553433641975309,0.7017524690100918,0.7286017727150049,0.9359697184131808,463,0.9502314814814816,0.8486872077290946,0.8762635396691376,0.928499759082335,129,114
2,select_coverage_CBA_M1,,list,0.956693672839506,0.7125632798209025,0.7369222683835115,0.9379074018027368,449,0.9517746913580248,0.8798407229388936,0.8950223843361262,0.9306020488960356,125,114
1,select_coverage,1.0,majority,0.9581404320987654,0.663103825436482,0.6931439436971423,0.9390006786715864,434,0.945216049382716,0.6128899072239236,0.6315722153376908,0.9197784152897228,142,133
1,select_coverage,1.0,cmar,0.9386574074074074,0.6178181636338006,0.6402645822096608,0.9115746273863776,636,0.9324845679012346,0.610274500090074,0.6308858258675898,0.9016106413109264,175,133
1,select_coverage,1.0,top_k_avg,0.9555362654320988,0.6309394018584359,0.6539936036612299,0.9347472111127618,461,0.9502314814814816,0.6196891325887227,0.6388225395228132,0.9268799146093184,129,133
1,select_coverage,1.0,list,0.980613425925926,0.7747139075723911,0.7795969575559384,0.9716725210407136,201,0.9702932098765432,0.7485012835525131,0.7490380672601329,0.9566790526014024,77,133
1,select_coverage,2.0,majority,0.9515817901234568,0.627479205627918,0.6507560866427697,0.929547351606844,502,0.9405864197530864,0.5898584714465862,0.5950248444178703,0.913488520901118,154,133
1,select_coverage,2.0,cmar,0.933641975308642,0.6077231916452268,0.627032367864244,0.9037934042274006,688,0.929398148148148,0.5800096829400108,0.5825454834784677,0.8971185678027722,183,133
1,select_coverage,2.0,top_k_avg,0.9326774691358024,0.5797305445033908,0.5779269138015023,0.901511029614191,698,0.9351851851851852,0.6054213204827958,0.6208613011838817,0.9053951485849272,168,133
1,select_coverage,2.0,list,0.9693287037037036,0.7425173259465009,0.757483898958877,0.9552326844846644,318,0.9598765432098766,0.7281479688344443,0.7304597959373856,0.9416450556784628,104,133
1,select_coverage,3.0,majority,0.9544753086419752,0.6125937568388127,0.6271338366757422,0.9334783483818314,472,0.9448302469135802,0.5845355003602954,0.5808233557803197,0.9190606689530436,143,133
1,select_coverage,3.0,cmar,0.9296875,0.6025354849360213,0.6204797290838829,0.8973295842388254,729,0.9243827160493828,0.5801645536840209,0.5847375930323387,0.8889677915196306,196,133
1,select_coverage,3.0,top_k_avg,0.9246720679012346,0.5698926201274792,0.5628462764210834,0.8900621910752542,781,0.9278549382716048,0.5840869888308413,0.5870275247104586,0.8948910319287682,187,133
1,select_coverage,3.0,list,0.9634452160493828,0.7304773217375657,0.7490288920281458,0.9467321843510637,379,0.9537037037037036,0.7216938389479374,0.7258879998881514,0.9328756484909456,120,133
1,select_coverage,4.0,majority,0.945023148148148,0.603274359987606,0.6154141214551239,0.9192583718785768,570,0.9201388888888888,0.569988853359755,0.56579834709849,0.8823265676702988,207,133
1,select_coverage,4.0,cmar,0.9301697530864198,0.595847198130824,0.6096446744644224,0.898021815238409,724,0.9239969135802468,0.5740889591965411,0.5738439265815534,0.8886464481974399,197,133
1,select_coverage,4.0,top_k_avg,0.9245756172839508,0.5691343362051576,0.5613015822868125,0.8899302233206708,782,0.9239969135802468,0.57897214465862,0.579266375469472,0.8893826645402665,197,133
1,select_coverage,4.0,list,0.9622878086419752,0.7297651555654588,0.7483030160500389,0.9450874477618574,391,0.9521604938271604,0.7208009818050802,0.7249362929225892,0.930718843072657,124,133
1,select_coverage_CBA_M1,,majority,0.9564043209876544,0.7079937853409909,0.7333511559179531,0.9376754641236924,452,0.9475308641975309,0.695856039452351,0.7136270530089259,0.9243823476477828,136,133
1,select_coverage_CBA_M1,,cmar,0.9559220679012346,0.7098003767142125,0.7346122392972243,0.9368779749264378,457,0.9440586419753086,0.6938471108809223,0.7061087738475456,0.919079063008292,145,133
1,select_coverage_CBA_M1,,top_k_avg,0.9555362654320988,0.7025518970626232,0.7290739035177899,0.9364057998640944,461,0.9467592592592592,0.6954096108809223,0.7131529210986983,0.9231735186082982,138,133
1,select_coverage_CBA_M1,,list,0.957175925925926,0.7140774355311049,0.7379481745741451,0.9387805085975413,444,0.9479166666666666,0.7046403801116916,0.7178650360365724,0.924901566595083,135,133
2,select_coverage,1.0,majority,0.9581404320987654,0.663103825436482,0.6931439436971423,0.9390006786715864,434,0.945216049382716,0.6128899072239236,0.6315722153376908,0.9197784152897228,142,133
2,select_coverage,1.0,cmar,0.9386574074074074,0.6178181636338006,0.6402645822096608,0.9115746273863776,636,0.9324845679012346,0.610274500090074,0.6308858258675898,0.9016106413109264,175,133
2,select_coverage,1.0,top_k_avg,0.9555362654320988,0.6309394018584359,0.6539936036612299,0.9347472111127618,461,0.9502314814814816,0.6196891325887227,0.6388225395228132,0.9268799146093184,129,133
2,select_coverage,1.0,list,0.980516975308642,0.7746545603913823,0.7791930066861376,0.9715330957543512,202,0.9702932098765432,0.7485012835525131,0.7490380672601329,0.9566790526014024,77,133
2,select_coverage,2.0,majority,0.9515817901234568,0.627479205627918,0.6507560866427697,0.929547351606844,502,0.9405864197530864,0.5898584714465862,0.5950248444178703,0.913488520901118,154,133
2,select_coverage,2.0,cmar,0.933641975308642,0.6077231916452268,0.627032367864244,0.9037934042274006,688,0.929398148148148,0.5800096829400108,0.5825454834784677,0.8971185678027722,183,133
2,select_coverage,2.0,top_k_avg,0.9326774691358024,0.5797305445033908,0.5779269138015023,0.901511029614191,698,0.9351851851851852,0.6054213204827958,0.6208613011838817,0.9053951485849272,168,133
2,select_coverage,2.0,list,0.9692322530864198,0.7424579787654919,0.7570858650260976,0.9550936401846184,319,0.9598765432098766,0.7281479688344443,0.7304597959373856,0.9416450556784628,104,133
2,select_coverage,3.0,majority,0.9544753086419752,0.6125937568388127,0.6271338366757422,0.9334783483818314,472,0.9448302469135802,0.5845355003602954,0.5808233557803197,0.9190606689530436,143,133
2,select_coverage,3.0,cmar,0.9296875,0.6025354849360213,0.6204797290838829,0.8973295842388254,729,0.9243827160493828,0.5801645536840209,0.5847375930323387,0.8889677915196306,196,133
2,select_coverage,3.0,top_k_avg,0.9246720679012346,0.5698926201274792,0.5628462764210834,0.8900621910752542,781,0.9278549382716048,0.5840869888308413,0.5870275247104586,0.8948910319287682,187,133
2,select_coverage,3.0,list,0.9633487654320988,0.7304179745565567,0.7486303427066724,0.9465935911900152,380,0.9537037037037036,0.7216938389479374,0.7258879998881514,0.9328756484909456,120,133
2,select_coverage,4.0,majority,0.945023148148148,0.603274359987606,0.6154141214551239,0.9192583718785768,570,0.9201388888888888,0.569988853359755,0.56579834709849,0.8823265676702988,207,133
2,select_coverage,4.0,cmar,0.9301697530864198,0.595847198130824,0.6096446744644224,0.898021815238409,724,0.9239969135802468,0.5740889591965411,0.5738439265815534,0.8886464481974399,197,133
2,select_coverage,4.0,top_k_avg,0.9245756172839508,0.5691343362051576,0.5613015822868125,0.8899302233206708,782,0.9239969135802468,0.57897214465862,0.579266375469472,0.8893826645402665,197,133
2,select_coverage,4.0,list,0.9621913580246914,0.7297058083844499,0.7479043499524002,0.9449490715560828,392,0.9521604938271604,0.7208009818050802,0.7249362929225892,0.930718843072657,124,133
2,select_coverage_CBA_M1,,majority,0.9564043209876544,0.7079937853409909,0.7333511559179531,0.9376754641236924,452,0.9475308641975309,0.695856039452351,0.7136270530089259,0.9243823476477828,136,133
2,select_coverage_CBA_M1,,cmar,0.9559220679012346,0.7098003767142125,0.7346122392972243,0.9368779749264378,457,0.9440586419753086,0.6938471108809223,0.7061087738475456,0.919079063008292,145,133
2,select_coverage_CBA_M1,,top_k_avg,0.9555362654320988,0.7025518970626232,0.7290739035177899,0.9364057998640944,461,0.9467592592592592,0.6954096108809223,0.7131529210986983,0.9231735186082982,138,133
2,select_coverage_CBA_M1,,list,0.957175925925926,0.7140774355311049,0.7379481745741451,0.9387805085975413,444,0.9479166666666666,0.7046403801116916,0.7178650360365724,0.924901566595083,135,133
1,select_coverage,1.0,majority,0.9629629629629628,0.6907508148332566,0.7196179628522309,0.9458301502242938,384,0.9502314814814816,0.618463355881026,0.6362599286973925,0.927272790102288,129,138
1,select_coverage,1.0,cmar,0.9709683641975309,0.7070459849155075,0.7336575889930688,0.9574281981457324,301,0.9641203703703703,0.6755750937007285,0.6989805671019804,0.947371374078455,93,138
1,select_coverage,1.0,top_k_avg,0.9581404320987654,0.6292063962249876,0.6506365872362875,0.9386070961333676,434,0.9494598765432098,0.5958500023116301,0.5993152403749848,0.925776850898248,131,138
1,select_coverage,1.0,list,0.9792631172839508,0.7606772593440463,0.7720449651736414,0.9696785353211856,215,0.964506172839506,0.7131378385143073,0.7163098177592206,0.9481348285108312,92,138
1,select_coverage,2.0,majority,0.9598765432098766,0.6593691671857982,0.6887738297419299,0.941509998397377,416,0.9444444444444444,0.5892353287217642,0.5909358578362549,0.919026920432114,144,138
1,select_coverage,2.0,cmar,0.9554398148148148,0.6363624281764185,0.6615684879640018,0.934852452675266,462,0.9444444444444444,0.6034303314558647,0.6162393387875703,0.9188875860680006,144,138
1,select_coverage,2.0,top_k_avg,0.933641975308642,0.5840870927920149,0.585678949193399,0.9028537945695304,688,0.9378858024691358,0.5973524343058654,0.6075655594412523,0.9089856142392118,161,138
1,select_coverage,2.0,list,0.9719328703703703,0.7498771869019691,0.7633802635459722,0.9590323439680042,291,0.9579475308641976,0.7034711117984004,0.7081022617300919,0.9387133386959352,109,138
1,select_coverage,3.0,majority,0.9549575617283952,0.6193397963840533,0.6375507146212722,0.9340272852068348,467,0.941358024691358,0.5820120746799986,0.5779230427650826,0.9138307530453088,152,138
1,select_coverage,3.0,cmar,0.939429012345679,0.5906004436434563,0.5961159191865039,0.9115742113539704,628,0.9344135802469136,0.5800984276132978,0.5793499828424622,0.904100958746603,170,138
1,select_coverage,3.0,top_k_avg,0.925829475308642,0.5702324196007724,0.5623930535885726,0.891704991858601,769,0.9282407407407408,0.5773585880244809,0.575194266761431,0.8952884642105642,186,138
1,select_coverage,3.0,list,0.965181327160494,0.7443588821014965,0.7583234914908566,0.94935991117079,361,0.952932098765432,0.7032320414244105,0.7078972596527997,0.9315835442677112,122,138
1,select_coverage,4.0,majority,0.9406828703703703,0.5866730575106333,0.5875254803940162,0.9129278256944292,615,0.9224537037037036,0.5673581894675758,0.56021394392671,0.8857553574204557,201,138
1,select_coverage,4.0,cmar,0.921778549382716,0.5730470595319994,0.5732912437951285,0.8868441442891792,811,0.922067901234568,0.5692019774799406,0.5660162691863413,0.8865743312496495,202,138
1,select_coverage,4.0,top_k_avg,0.9262152777777778,0.5704726163134112,0.5626285005035224,0.8922771572534237,765,0.9282407407407408,0.5716358210192535,0.5635465544943509,0.8951113821062696,186,138
1,select_coverage,4.0,list,0.964506172839506,0.7439485655716019,0.7579030954815067,0.9484031486964394,368,0.9517746913580248,0.7025294653119982,0.7071606412018008,0.929956214961327,125,138
1,select_coverage_CBA_M1,,majority,0.9596836419753086,0.7255112644227667,0.7464976231913967,0.9421695666206676,418,0.953317901234568,0.6938002400906796,0.7059364955172931,0.932406126793055,121,138
1,select_coverage_CBA_M1,,cmar,0.9589120370370372,0.7250423312457445,0.7460189942330311,0.940966898106324,426,0.9502314814814816,0.6919267037909138,0.7020468029731577,0.9276903337153471,129,138
1,select_coverage_CBA_M1,,top_k_avg,0.9588155864197532,0.7200708372121614,0.7425980120501033,0.9408979657351948,427,0.9521604938271604,0.690198975549331,0.7050074238246735,0.9307845704293236,124,138
1,select_coverage_CBA_M1,,list,0.9603587962962964,0.7301326187124801,0.7497109562567024,0.943152329342181,411,0.9525462962962964,0.6961745870551905,0.7046929550223358,0.9312435791949903,123,138
2,select_coverage,1.0,majority,0.9629629629629628,0.6907508148332566,0.7196179628522309,0.9458301502242938,384,0.9502314814814816,0.618463355881026,0.6362599286973925,0.927272790102288,129,138
2,select_coverage,1.0,cmar,0.9709683641975309,0.7070459849155075,0.7336575889930688,0.9574281981457324,301,0.9641203703703703,0.6755750937007285,0.6989805671019804,0.947371374078455,93,138
2,select_coverage,1.0,top_k_avg,0.9581404320987654,0.6292063962249876,0.6506365872362875,0.9386070961333676,434,0.9494598765432098,0.5958500023116301,0.5993152403749848,0.925776850898248,131,138
2,select_coverage,1.0,list,0.9793595679012346,0.7614377156178106,0.7725141939855574,0.969821638851716,214,0.9652777777777778,0.722134415707606,0.721651115284289,0.9493246083953376,90,138
2,select_coverage,2.0,majority,0.9598765432098766,0.6593691671857982,0.6887738297419299,0.941509998397377,416,0.9444444444444444,0.5892353287217642,0.5909358578362549,0.919026920432114,144,138
2,select_coverage,2.0,cmar,0.9554398148148148,0.6363624281764185,0.6615684879640018,0.934852452675266,462,0.9444444444444444,0.6034303314558647,0.6162393387875703,0.9188875860680006,144,138
2,select_coverage,2.0,top_k_avg,0.9338348765432098,0.5856080053395434,0.588474226602232,0.9031423496661984,686,0.9378858024691358,0.5973524343058654,0.6075655594412523,0.9089856142392118,161,138
2,select_coverage,2.0,list,0.9719328703703703,0.7498771869019691,0.7633802635459722,0.9590323439680042,291,0.9583333333333334,0.7122334969542281,0.7124846670040571,0.9393712575541214,108,138
2,select_coverage,3.0,majority,0.9549575617283952,0.6193397963840533,0.6375507146212722,0.9340272852068348,467,0.941358024691358,0.5820120746799986,0.5779230427650826,0.9138307530453088,152,138
2,select_coverage,3.0,cmar,0.939429012345679,0.5906004436434563,0.5961159191865039,0.9115742113539704,628,0.9344135802469136,0.5800984276132978,0.5793499828424622,0.904100958746603,170,138
2,select_coverage,3.0,top_k_avg,0.925829475308642,0.5702324196007724,0.5623930535885726,0.891704991858601,769,0.9282407407407408,0.5773585880244809,0.575194266761431,0.8952884642105642,186,138
2,select_coverage,3.0,list,0.965181327160494,0.7443588821014965,0.7583234914908566,0.94935991117079,361,0.953317901234568,0.7119944265802383,0.7121501659298366,0.9322584865284674,121,138
2,select_coverage,4.0,majority,0.9406828703703703,0.5866730575106333,0.5875254803940162,0.9129278256944292,615,0.9224537037037036,0.5673581894675758,0.56021394392671,0.8857553574204557,201,138
2,select_coverage,4.0,cmar,0.921778549382716,0.5730470595319994,0.5732912437951285,0.8868441442891792,811,0.922067901234568,0.5692019774799406,0.5660162691863413,0.8865743312496495,202,138
2,select_coverage,4.0,top_k_avg,0.9262152777777778,0.5704726163134112,0.5626285005035224,0.8922771572534237,765,0.9282407407407408,0.5716358210192535,0.5635465544943509,0.8951113821062696,186,138
2,select_coverage,4.0,list,0.964506172839506,0.7439485655716019,0.7579030954815067,0.9484031486964394,368,0.9521604938271604,0.7112918504678261,0.7114125070622553,0.9306355157886704,124,138
2,select_coverage_CBA_M1,,majority,0.9596836419753086,0.7255112644227667,0.7464976231913967,0.9421695666206676,418,0.953317901234568,0.6938002400906796,0.7059364955172931,0.932406126793055,121,138
2,select_coverage_CBA_M1,,cmar,0.9589120370370372,0.7250423312457445,0.7460189942330311,0.940966898106324,426,0.9502314814814816,0.6919267037909138,0.7020468029731577,0.9276903337153471,129,138
2,select_coverage_CBA_M1,,top_k_avg,0.9588155864197532,0.7200708372121614,0.7425980120501033,0.9408979657351948,427,0.9521604938271604,0.690198975549331,0.7050074238246735,0.9307845704293236,124,138
2,select_coverage_CBA_M1,,list,0.9603587962962964,0.7301326187124801,0.7497109562567024,0.943152329342181,411,0.953317901234568,0.705171164248489,0.710361502835861,0.932358753268374,121,138
1,select_coverage,1.0,majority,0.9576581790123456,0.6422583548166471,0.6693165109887957,0.9383978751705462,439,0.9432870370370372,0.611947017700692,0.6299395659878491,0.9178676326853772,147,148
1,select_coverage,1.0,cmar,0.9614197530864198,0.6691476091252889,0.699493843576642,0.9437277057544204,400,0.9567901234567902,0.6638487197989307,0.6926636503871209,0.9369571981424244,112,148
1,select_coverage,1.0,top_k_avg,0.9561149691358024,0.6207296069841902,0.6392266038750003,0.9355996724988112,455,0.9475308641975309,0.6081941291779505,0.6196136015656417,0.92317388281057,136,148
1,select_coverage,1.0,list,0.9770447530864198,0.7476477609267682,0.763931152772692,0.9663748852103062,238,0.9637345679012346,0.7044755426235432,0.7199802926640728,0.9469770490931708,94,148
1,select_coverage,2.0,majority,0.9582368827160492,0.6569942055513516,0.686759263647755,0.9393970689394496,433,0.9409722222222222,0.6077728162865453,0.6245595381812914,0.9150016058474848,153,148
1,select_coverage,2.0,cmar,0.9579475308641976,0.6612753737034295,0.6909815877666488,0.9384212167645752,436,0.953317901234568,0.6515150076589065,0.6803167187586256,0.9319260667014312,121,148
1,select_coverage,2.0,top_k_avg,0.9341242283950616,0.584878305955387,0.5874601667987949,0.9036149609477012,683,0.9344135802469136,0.6029848311778356,0.6156005113370566,0.9044734194998344,170,148
1,select_coverage,2.0,list,0.9708719135802468,0.7467594383339617,0.7608256916114784,0.9574866532320998,302,0.9594907407407408,0.7121920004596317,0.7210129727079193,0.9410658040545578,105,148
1,select_coverage,3.0,majority,0.9578510802469136,0.6331071396645936,0.6570910922019759,0.9383523411981012,437,0.9429012345679012,0.5969250926810458,0.6041275316611638,0.9166354009666676,148,148
1,select_coverage,3.0,cmar,0.9405864197530864,0.6021732105168109,0.615834335063081,0.9128103101642844,616,0.9286265432098766,0.5880814658358238,0.5953066823654563,0.8953528905306499,185,148
1,select_coverage,3.0,top_k_avg,0.922164351851852,0.5681904595496664,0.5612745206958374,0.8866261735282203,807,0.9158950617283952,0.5689551118940431,0.5624738223953931,0.8779561290296062,218,148
1,select_coverage,3.0,list,0.9618055555555556,0.7339836215725016,0.7513175286354022,0.9444579056735842,396,0.9494598765432098,0.7010758742985017,0.7129261935904109,0.9267885009217696,131,148
1,select_coverage,4.0,majority,0.9483024691358024,0.6041973166934276,0.6159323510531475,0.9240665463216068,536,0.9317129629629628,0.5800734534413468,0.5777662512369408,0.8998114608201252,177,148
1,select_coverage,4.0,cmar,0.9293016975308642,0.5749412552572528,0.5720949422602928,0.8961656960690308,733,0.9212962962962964,0.5707295631842744,0.5662066819053564,0.8846265740560034,204,148
1,select_coverage,4.0,top_k_avg,0.9239004629629628,0.5685309798199244,0.560836960070959,0.8890658147672829,789,0.9174382716049384,0.5698984281956824,0.5634289386309737,0.8801714495540288,214,148
1,select_coverage,4.0,list,0.961130401234568,0.733571250438481,0.7508960924305359,0.943503502158294,403,0.9486882716049384,0.7006166320482146,0.7124409976172512,0.925711027263776,133,148
1,select_coverage_CBA_M1,,majority,0.9592013888888888,0.7129978677443809,0.7375581282509586,0.941235030067442,423,0.9556327160493828,0.6855469666737755,0.707666452885835,0.9359256826343536,115,148
1,select_coverage_CBA_M1,,cmar,0.9588155864197532,0.7170962661243514,0.7404401106507301,0.9405708177870712,427,0.953317901234568,0.691813709880817,0.7095911585130226,0.9322921667985868,121,148
1,select_coverage_CBA_M1,,top_k_avg,0.9572723765432098,0.698817547420375,0.726410974309848,0.938437513930824,443,0.9517746913580248,0.6577691888959977,0.6849682571411047,0.9303346673249018,125,148
1,select_coverage_CBA_M1,,list,0.960648148148148,0.7232719380683867,0.7451066307505279,0.9433408230869136,408,0.9560185185185184,0.6934210577568217,0.71225365262294,0.9364325212496666,114,148
2,select_coverage,1.0,majority,0.9576581790123456,0.6422583548166471,0.6693165109887957,0.9383978751705462,439,0.9432870370370372,0.611947017700692,0.6299395659878491,0.9178676326853772,147,148
2,select_coverage,1.0,cmar,0.9614197530864198,0.6691476091252889,0.699493843576642,0.9437277057544204,400,0.9567901234567902,0.6638487197989307,0.6926636503871209,0.9369571981424244,112,148
2,select_coverage,1.0,top_k_avg,0.9561149691358024,0.6207296069841902,0.6392266038750003,0.9355996724988112,455,0.9475308641975309,0.6081941291779505,0.6196136015656417,0.92317388281057,136,148
2,select_coverage,1.0,list,0.9771412037037036,0.7484290109267683,0.7644445267150701,0.9665178343216808,237,0.9637345679012346,0.7044755426235432,0.7199802926640728,0.9469770490931708,94,148
2,select_coverage,2.0,majority,0.9582368827160492,0.6569942055513516,0.686759263647755,0.9393970689394496,433,0.9409722222222222,0.6077728162865453,0.6245595381812914,0.9150016058474848,153,148
2,select_coverage,2.0,cmar,0.9579475308641976,0.6612753737034295,0.6909815877666488,0.9384212167645752,436,0.953317901234568,0.6515150076589065,0.6803167187586256,0.9319260667014312,121,148
2,select_coverage,2.0,top_k_avg,0.9341242283950616,0.584878305955387,0.5874601667987949,0.9036149609477012,683,0.9344135802469136,0.6029848311778356,0.6156005113370566,0.9044734194998344,170,148
2,select_coverage,2.0,list,0.9709683641975309,0.7475406883339617,0.7613301415766431,0.9576309305942396,301,0.9594907407407408,0.714740157112266,0.721867501304121,0.9410969470089454,105,148
2,select_coverage,3.0,majority,0.9578510802469136,0.6331071396645936,0.6570910922019759,0.9383523411981012,437,0.9429012345679012,0.5969250926810458,0.6041275316611638,0.9166354009666676,148,148
2,select_coverage,3.0,cmar,0.9405864197530864,0.6021732105168109,0.615834335063081,0.9128103101642844,616,0.9286265432098766,0.5880814658358238,0.5953066823654563,0.8953528905306499,185,148
2,select_coverage,3.0,top_k_avg,0.922164351851852,0.5681904595496664,0.5612745206958374,0.8866261735282203,807,0.9158950617283952,0.5689551118940431,0.5624738223953931,0.8779561290296062,218,148
2,select_coverage,3.0,list,0.9619020061728396,0.7347648715725017,0.7518433511645751,0.9446034522368876,395,0.9494598765432098,0.7010758742985017,0.7129261935904109,0.9267885009217696,131,148
2,select_coverage,4.0,majority,0.9483024691358024,0.6041973166934276,0.6159323510531475,0.9240665463216068,536,0.9317129629629628,0.5800734534413468,0.5777662512369408,0.8998114608201252,177,148
2,select_coverage,4.0,cmar,0.9293016975308642,0.5749412552572528,0.5720949422602928,0.8961656960690308,733,0.9212962962962964,0.5707295631842744,0.5662066819053564,0.8846265740560034,204,148
2,select_coverage,4.0,top_k_avg,0.9239004629629628,0.5685309798199244,0.560836960070959,0.8890658147672829,789,0.9174382716049384,0.5698984281956824,0.5634289386309737,0.8801714495540288,214,148
2,select_coverage,4.0,list,0.961226851851852,0.734352500438481,0.7514219111062761,0.9436491816135648,402,0.9486882716049384,0.7006166320482146,0.7124409976172512,0.925711027263776,133,148
2,select_coverage_CBA_M1,,majority,0.9593942901234568,0.7145603677443809,0.7387288610491637,0.9415127475888032,421,0.9564043209876544,0.6936506788819653,0.7134810590019707,0.9370118088723056,113,148
2,select_coverage_CBA_M1,,cmar,0.9588155864197532,0.7170962661243514,0.7404401106507301,0.9405708177870712,427,0.952932098765432,0.6915840887556737,0.708398415393322,0.93171639208293,122,148
2,select_coverage_CBA_M1,,top_k_avg,0.9577546296296297,0.702723797420375,0.7295659280419994,0.939130804924604,438,0.9537037037037036,0.6716580777848866,0.6989613634386992,0.9330983318866236,120,148
2,select_coverage_CBA_M1,,list,0.960648148148148,0.7232719380683867,0.7451066307505279,0.9433408230869136,408,0.9560185185185184,0.6934210577568217,0.71225365262294,0.9364325212496666,114,148
