ranking,selection,param,strategy,acc_train,bacc_train,f1_train,mcc_train,erros_train,acc_test,bacc_test,f1_test,mcc_test,erros_test,seed
1,select_coverage,1.0,majority,0.6392294220665499,0.4804183355585225,0.4744476132860888,0.4125109412627991,206,0.5244755244755245,0.3390452876376988,0.267032967032967,0.0283334513697149,68,5
1,select_coverage,1.0,cmar,0.8844133099824869,0.8405346267495801,0.8703110989852657,0.8120211420553002,66,0.4685314685314685,0.349891200870393,0.3402850989826904,0.0256056665808001,76,5
1,select_coverage,1.0,top_k_avg,0.8563922942206655,0.8003629463909837,0.8306612140323217,0.7634765977432308,82,0.4615384615384615,0.3455052359581123,0.3365821812596006,0.0145780105038048,77,5
1,select_coverage,1.0,list,0.9001751313485113,0.8660365973450085,0.8898433095734392,0.8369542371849296,57,0.4965034965034965,0.393172854617163,0.3951974431220824,0.0953051626224796,72,5
1,select_coverage,2.0,majority,0.6059544658493871,0.4370642337932057,0.4088602724368405,0.3446399518809486,225,0.5244755244755245,0.3323133414932681,0.2436417615042058,-0.0029806274907189,68,5
1,select_coverage,2.0,cmar,0.8476357267950964,0.7872834449937254,0.8258306966669129,0.7528859733061446,87,0.4615384615384615,0.3360023119815041,0.3184390569501061,0.0066985441055808,77,5
1,select_coverage,2.0,top_k_avg,0.8178633975481612,0.7437233628822414,0.7764658170320168,0.6987435928631759,104,0.4965034965034965,0.3708010335917313,0.3607259803464788,0.0709109914154793,72,5
1,select_coverage,2.0,list,0.8896672504378283,0.8575638388722501,0.880484601959456,0.8186656392403117,63,0.5104895104895105,0.4181796545627634,0.4246513666108212,0.1340796422912251,70,5
1,select_coverage,3.0,majority,0.6042031523642732,0.4339489689956979,0.4027227926732074,0.3405767642090055,226,0.5244755244755245,0.3323133414932681,0.2436417615042058,-0.0029806274907189,68,5
1,select_coverage,3.0,cmar,0.819614711033275,0.7453571729272664,0.7880143986183915,0.7084155783966258,103,0.5034965034965035,0.3623181014551884,0.3410565738151945,0.0664087596301155,71,5
1,select_coverage,3.0,top_k_avg,0.7880910683012259,0.7012558285922772,0.7322009930010287,0.6479921970496895,121,0.4895104895104895,0.3569121447028423,0.3369818608179875,0.0509798153962122,73,5
1,select_coverage,3.0,list,0.8774080560420315,0.8496809559893673,0.8684052059052059,0.7971535309301502,70,0.4895104895104895,0.3955188358493132,0.3977817389582095,0.1010084325723305,73,5
1,select_coverage,4.0,majority,0.6164623467600701,0.4478378578845868,0.420962376517932,0.3645985396796273,219,0.5174825174825175,0.3279273765809873,0.2413032191069574,-0.029431557023244,69,5
1,select_coverage,4.0,cmar,0.8231173380035026,0.7521725664249028,0.7933067198935463,0.712428706283744,101,0.5034965034965035,0.3718210254317965,0.3595334561080417,0.0786454255642591,71,5
1,select_coverage,4.0,top_k_avg,0.7635726795096323,0.6729703668956005,0.6997253464644769,0.6036543131475247,135,0.4825174825174825,0.3525261797905616,0.3335473515248796,0.0415577699039335,74,5
1,select_coverage,4.0,list,0.861646234676007,0.8369718182802295,0.8535931931704863,0.7703832348725823,79,0.4965034965034965,0.4127736978104175,0.41751162286998,0.1233264466881345,72,5
1,select_coverage_CBA_M1,,majority,0.861646234676007,0.8081886960391634,0.8487332339791357,0.7815784406777586,79,0.4895104895104895,0.369781041751666,0.361038961038961,0.0715169384905521,73,5
1,select_coverage_CBA_M1,,cmar,0.861646234676007,0.8081886960391634,0.8487332339791357,0.7815784406777586,79,0.4825174825174825,0.3687610499116007,0.3615468409586057,0.0758838174995303,74,5
1,select_coverage_CBA_M1,,top_k_avg,0.861646234676007,0.8081886960391634,0.8487332339791357,0.7815784406777586,79,0.4895104895104895,0.3664150686794505,0.3565899854927508,0.066290225703627,73,5
1,select_coverage_CBA_M1,,list,0.861646234676007,0.8081886960391634,0.8487332339791357,0.7815784406777586,79,0.4895104895104895,0.3664150686794505,0.3565899854927508,0.066290225703627,73,5
2,select_coverage,1.0,majority,0.6392294220665499,0.4804183355585225,0.4744476132860888,0.4125109412627991,206,0.5244755244755245,0.3390452876376988,0.267032967032967,0.0283334513697149,68,5
2,select_coverage,1.0,cmar,0.8844133099824869,0.8405346267495801,0.8703110989852657,0.8120211420553002,66,0.4685314685314685,0.349891200870393,0.3402850989826904,0.0256056665808001,76,5
2,select_coverage,1.0,top_k_avg,0.8563922942206655,0.8003629463909837,0.8306612140323217,0.7634765977432308,82,0.4615384615384615,0.3455052359581123,0.3365821812596006,0.0145780105038048,77,5
2,select_coverage,1.0,list,0.9001751313485113,0.8660365973450085,0.8898433095734392,0.8369542371849296,57,0.4965034965034965,0.393172854617163,0.3944875107665805,0.0968015936809202,72,5
2,select_coverage,2.0,majority,0.6059544658493871,0.4370642337932057,0.4088602724368405,0.3446399518809486,225,0.5244755244755245,0.3323133414932681,0.2436417615042058,-0.0029806274907189,68,5
2,select_coverage,2.0,cmar,0.8476357267950964,0.7872834449937254,0.8258306966669129,0.7528859733061446,87,0.4615384615384615,0.3360023119815041,0.3184390569501061,0.0066985441055808,77,5
2,select_coverage,2.0,top_k_avg,0.8178633975481612,0.7437233628822414,0.7764658170320168,0.6987435928631759,104,0.4965034965034965,0.3708010335917313,0.3607259803464788,0.0709109914154793,72,5
2,select_coverage,2.0,list,0.8896672504378283,0.8575638388722501,0.880484601959456,0.8186656392403117,63,0.5174825174825175,0.4320685434516524,0.4391409488714878,0.1506995246753584,69,5
2,select_coverage,3.0,majority,0.6042031523642732,0.4339489689956979,0.4027227926732074,0.3405767642090055,226,0.5244755244755245,0.3323133414932681,0.2436417615042058,-0.0029806274907189,68,5
2,select_coverage,3.0,cmar,0.819614711033275,0.7453571729272664,0.7880143986183915,0.7084155783966258,103,0.5034965034965035,0.3623181014551884,0.3410565738151945,0.0664087596301155,71,5
2,select_coverage,3.0,top_k_avg,0.7880910683012259,0.7012558285922772,0.7322009930010287,0.6479921970496895,121,0.4895104895104895,0.3569121447028423,0.3369818608179875,0.0509798153962122,73,5
2,select_coverage,3.0,list,0.8774080560420315,0.8496809559893673,0.8684052059052059,0.7971535309301502,70,0.4965034965034965,0.4094077247382021,0.4134819110428866,0.1176506792821317,72,5
2,select_coverage,4.0,majority,0.6182136602451839,0.4498219848687138,0.4235393338731901,0.36820062907105,218,0.5174825174825175,0.3279273765809873,0.2413032191069574,-0.029431557023244,69,5
2,select_coverage,4.0,cmar,0.8231173380035026,0.7521725664249028,0.7933067198935463,0.712428706283744,101,0.5034965034965035,0.3718210254317965,0.3595334561080417,0.0786454255642591,71,5
2,select_coverage,4.0,top_k_avg,0.7635726795096323,0.6729703668956005,0.6997253464644769,0.6036543131475247,135,0.4825174825174825,0.3525261797905616,0.3335473515248796,0.0415577699039335,74,5
2,select_coverage,4.0,list,0.861646234676007,0.8369718182802295,0.8535931931704863,0.7703832348725823,79,0.5034965034965035,0.4266625866993064,0.4318363487070836,0.1395653636996097,71,5
2,select_coverage_CBA_M1,,majority,0.861646234676007,0.8081886960391634,0.8487332339791357,0.7815784406777586,79,0.4895104895104895,0.369781041751666,0.3612936083524318,0.0730978211315707,73,5
2,select_coverage_CBA_M1,,cmar,0.861646234676007,0.8081886960391634,0.8487332339791357,0.7815784406777586,79,0.4825174825174825,0.3687610499116007,0.3615468409586057,0.0758838174995303,74,5
2,select_coverage_CBA_M1,,top_k_avg,0.861646234676007,0.8081886960391634,0.8487332339791357,0.7815784406777586,79,0.4895104895104895,0.3664150686794505,0.3565899854927508,0.066290225703627,73,5
2,select_coverage_CBA_M1,,list,0.861646234676007,0.8081886960391634,0.8487332339791357,0.7815784406777586,79,0.4895104895104895,0.3664150686794505,0.3568051401351501,0.0679202408214076,73,5
1,select_coverage,1.0,majority,0.6865148861646234,0.5409629938393653,0.5452467674572142,0.5027134509102585,179,0.5384615384615384,0.3540411646586345,0.3143564356435643,0.0446715574950752,66,14
1,select_coverage,1.0,cmar,0.8791593695271454,0.8317480538951844,0.8641750432484502,0.806355932844918,69,0.4685314685314685,0.3281698221457257,0.3115108219585832,0.0095563659604616,76,14
1,select_coverage,1.0,top_k_avg,0.8686514886164624,0.8242930084112615,0.8496528709825694,0.7839922229151007,75,0.4475524475524475,0.3210341365461847,0.2934335839598997,-0.008117583801854,79,14
1,select_coverage,1.0,list,0.9019264448336252,0.8747022107580545,0.8924699711722047,0.8390232491309254,56,0.4335664335664335,0.3208907056798623,0.3029543555859345,-0.0141696251613215,81,14
1,select_coverage,2.0,majority,0.7145359019264448,0.5832552126293855,0.5988931079840171,0.5398162114232905,163,0.5034965034965035,0.3339608433734939,0.2977439368302312,-0.0101669063334585,71,14
1,select_coverage,2.0,cmar,0.8651488616462347,0.8225208335952997,0.8506536517615076,0.7795083317605881,77,0.4125874125874126,0.3039300057372346,0.2958385308781848,-0.0506181295864385,84,14
1,select_coverage,2.0,top_k_avg,0.8126094570928196,0.7463489714248072,0.7730635793261832,0.6897065655897909,107,0.4265734265734265,0.3296758462421112,0.3059577070834107,-0.0189910600649802,82,14
1,select_coverage,2.0,list,0.8879159369527145,0.8654749904581699,0.8785595010828559,0.8155709203110302,64,0.3986013986013986,0.3200121916236374,0.2966085271317829,-0.0261954210478507,86,14
1,select_coverage,3.0,majority,0.6900175131348512,0.5468137731915268,0.5506976613857958,0.502708803707964,177,0.5314685314685315,0.3436244979919678,0.3026123301985371,0.0213551691950482,67,14
1,select_coverage,3.0,cmar,0.8581436077057794,0.808823513771984,0.8422052108307572,0.7703153906201984,81,0.4545454545454545,0.3344269936890418,0.3239488966318234,0.0071554993375741,78,14
1,select_coverage,3.0,top_k_avg,0.7600700525394045,0.6796648257393754,0.6985962013096211,0.5985572976979225,137,0.3986013986013986,0.2944097819850832,0.2788975659882234,-0.0686144342576239,86,14
1,select_coverage,3.0,list,0.8669001751313485,0.8474249320248218,0.8564427788193475,0.7812952615626668,76,0.3986013986013986,0.3279008892713712,0.3097180597180597,-0.0078164917234274,86,14
1,select_coverage,4.0,majority,0.6952714535901926,0.5565660522047118,0.5646235161099086,0.508397392864685,174,0.5104895104895105,0.3315763052208835,0.2935087719298245,-0.011778018246302,70,14
1,select_coverage,4.0,cmar,0.8336252189141856,0.7788047691821752,0.810601230975661,0.7267828768273358,95,0.4195804195804196,0.3207472748135399,0.3096071771404033,-0.0199554267680937,83,14
1,select_coverage,4.0,top_k_avg,0.7425569176882661,0.6555901987121704,0.6711264348419069,0.5678415686976926,147,0.4125874125874126,0.3088425129087779,0.2907004637773868,-0.0436728429825373,84,14
1,select_coverage,4.0,list,0.8581436077057794,0.8416579193373939,0.8493418211180591,0.7674724826695914,81,0.3846153846153846,0.3198687607573149,0.3013875267879844,-0.0147185797932726,88,14
1,select_coverage_CBA_M1,,majority,0.8704028021015762,0.8223499846323516,0.8596304305079799,0.7969876599423534,74,0.4755244755244755,0.344987091222031,0.3255466160494093,0.026963217348276,75,14
1,select_coverage_CBA_M1,,cmar,0.8704028021015762,0.8223499846323516,0.8596304305079799,0.7969876599423534,74,0.4615384615384615,0.3320424555364314,0.3215025335977087,0.00600074509877,77,14
1,select_coverage_CBA_M1,,top_k_avg,0.8704028021015762,0.8223499846323516,0.8596304305079799,0.7969876599423534,74,0.4755244755244755,0.344987091222031,0.3255466160494093,0.026963217348276,75,14
1,select_coverage_CBA_M1,,list,0.8704028021015762,0.8223499846323516,0.8596304305079799,0.7969876599423534,74,0.4755244755244755,0.344987091222031,0.3255466160494093,0.026963217348276,75,14
2,select_coverage,1.0,majority,0.6865148861646234,0.5409629938393653,0.5452467674572142,0.5027134509102585,179,0.5384615384615384,0.3540411646586345,0.3143564356435643,0.0446715574950752,66,14
2,select_coverage,1.0,cmar,0.8791593695271454,0.8317480538951844,0.8641750432484502,0.806355932844918,69,0.4685314685314685,0.3281698221457257,0.3115108219585832,0.0095563659604616,76,14
2,select_coverage,1.0,top_k_avg,0.8686514886164624,0.8242930084112615,0.8496528709825694,0.7839922229151007,75,0.4475524475524475,0.3225222317842799,0.3048133848133847,-0.0073285004373015,79,14
2,select_coverage,1.0,list,0.9019264448336252,0.8747022107580545,0.8924699711722047,0.8390232491309254,56,0.4195804195804196,0.3079460699942627,0.2997098676869121,-0.0337220668549023,83,14
2,select_coverage,2.0,majority,0.7145359019264448,0.5832552126293855,0.5988931079840171,0.5398162114232905,163,0.5034965034965035,0.3339608433734939,0.2977439368302312,-0.0101669063334585,71,14
2,select_coverage,2.0,cmar,0.8651488616462347,0.8225208335952997,0.8506536517615076,0.7795083317605881,77,0.4125874125874126,0.3039300057372346,0.2958385308781848,-0.0506181295864385,84,14
2,select_coverage,2.0,top_k_avg,0.8126094570928196,0.7463489714248072,0.7730635793261832,0.6897065655897909,107,0.4265734265734265,0.3296758462421112,0.3059577070834107,-0.0189910600649802,82,14
2,select_coverage,2.0,list,0.8879159369527145,0.8654749904581699,0.8785595010828559,0.8155709203110302,64,0.3846153846153846,0.3070675559380378,0.2947570728884663,-0.0443823768128043,88,14
2,select_coverage,3.0,majority,0.6900175131348512,0.5468137731915268,0.5506976613857958,0.502708803707964,177,0.5244755244755245,0.3396084337349398,0.2991513437057991,0.0097642748623115,68,14
2,select_coverage,3.0,cmar,0.8563922942206655,0.8076701112344985,0.8401074787281684,0.7670520283118408,82,0.4545454545454545,0.3344269936890418,0.3239488966318234,0.0071554993375741,78,14
2,select_coverage,3.0,top_k_avg,0.7600700525394045,0.6796648257393754,0.6985962013096211,0.5985572976979225,137,0.3986013986013986,0.2944097819850832,0.2788975659882234,-0.0686144342576239,86,14
2,select_coverage,3.0,list,0.8669001751313485,0.8474249320248218,0.8564427788193475,0.7812952615626668,76,0.3846153846153846,0.3149562535857717,0.3060968566949922,-0.0260458357097671,88,14
2,select_coverage,4.0,majority,0.6952714535901926,0.5565660522047118,0.5646235161099086,0.508397392864685,174,0.5104895104895105,0.3315763052208835,0.2935087719298245,-0.011778018246302,70,14
2,select_coverage,4.0,cmar,0.8336252189141856,0.7788047691821752,0.810601230975661,0.7267828768273358,95,0.4195804195804196,0.3207472748135399,0.3096071771404033,-0.0199554267680937,83,14
2,select_coverage,4.0,top_k_avg,0.7425569176882661,0.6555901987121704,0.6711264348419069,0.5678415686976926,147,0.4125874125874126,0.3088425129087779,0.2907004637773868,-0.0436728429825373,84,14
2,select_coverage,4.0,list,0.8581436077057794,0.8416579193373939,0.8493418211180591,0.7674724826695914,81,0.3706293706293706,0.3069241250717154,0.2980606950784597,-0.0327516485411325,90,14
2,select_coverage_CBA_M1,,majority,0.8704028021015762,0.8223499846323516,0.8596304305079799,0.7969876599423534,74,0.4615384615384615,0.3320424555364314,0.3215025335977087,0.00600074509877,77,14
2,select_coverage_CBA_M1,,cmar,0.8704028021015762,0.8223499846323516,0.8596304305079799,0.7969876599423534,74,0.4615384615384615,0.3320424555364314,0.3215025335977087,0.00600074509877,77,14
2,select_coverage_CBA_M1,,top_k_avg,0.8704028021015762,0.8223499846323516,0.8596304305079799,0.7969876599423534,74,0.4755244755244755,0.3464751864601261,0.3347138310989773,0.0275593229979766,75,14
2,select_coverage_CBA_M1,,list,0.8704028021015762,0.8223499846323516,0.8596304305079799,0.7969876599423534,74,0.4615384615384615,0.3320424555364314,0.3215025335977087,0.00600074509877,77,14
1,select_coverage,1.0,majority,0.6042031523642732,0.4411775542537121,0.4215360896208519,0.3431275696984457,226,0.4965034965034965,0.3114035087719298,0.2211838006230529,-0.1366816705118,72,17
1,select_coverage,1.0,cmar,0.851138353765324,0.7936148262775875,0.8355199577180649,0.7650368661548181,85,0.4755244755244755,0.3439482544745703,0.3278603749191984,0.0275290918764332,75,17
1,select_coverage,1.0,top_k_avg,0.8651488616462347,0.820261955334355,0.849903304887956,0.7782234358340333,77,0.4965034965034965,0.3661704766967925,0.3555180370822828,0.0748658605388336,72,17
1,select_coverage,1.0,list,0.9054290718038528,0.8765700042919011,0.8984958203084142,0.8450447549257848,54,0.4755244755244755,0.3530125819599504,0.3443386243386244,0.0502821597978878,75,17
1,select_coverage,2.0,majority,0.6217162872154116,0.4612578755388526,0.4493928677236838,0.3790734379229452,216,0.5104895104895105,0.3339624313308524,0.2643815513626834,-0.0343136840781521,70,17
1,select_coverage,2.0,cmar,0.8598949211908932,0.8071826109297094,0.844054751485105,0.7746663892545567,80,0.4755244755244755,0.3530125819599504,0.3443386243386244,0.0502821597978878,75,17
1,select_coverage,2.0,top_k_avg,0.8213660245183888,0.7676657535174171,0.7985437419329413,0.7032326328244992,102,0.4825174825174825,0.3556973241183767,0.3443965517241379,0.0579866353538115,74,17
1,select_coverage,2.0,list,0.8879159369527145,0.8633767651812306,0.8810943305765312,0.8146827817711483,64,0.4335664335664335,0.3327396774765196,0.3299800428708699,0.0127299703844687,81,17
1,select_coverage,3.0,majority,0.6339754816112084,0.4784643159795144,0.4761107843845331,0.4037460153868227,209,0.5034965034965035,0.3295764664185717,0.2620187095375275,-0.0539361910065941,71,17
1,select_coverage,3.0,cmar,0.8528896672504378,0.8044419184299808,0.83653668000506,0.759282945484036,84,0.4895104895104895,0.3678273967747651,0.3612936083524318,0.0728222978536586,73,17
1,select_coverage,3.0,top_k_avg,0.7985989492119089,0.7405523407789353,0.7692014484467314,0.6634752132138418,115,0.4475524475524475,0.3384901648059543,0.3333995892135427,0.0057270959000002,79,17
1,select_coverage,3.0,list,0.8686514886164624,0.8501074717914555,0.8620981486693561,0.7826358405265893,75,0.4335664335664335,0.3357611199716463,0.3336134453781512,0.0179119087144885,81,17
1,select_coverage,4.0,majority,0.660245183887916,0.5189173505328032,0.5369052209277774,0.451500985551255,194,0.4895104895104895,0.3208045365940102,0.2563930806036069,-0.0835515739040702,73,17
1,select_coverage,4.0,cmar,0.8441330998248686,0.79582923810292,0.8266144327958885,0.7432435772399643,89,0.4615384615384615,0.3364965443912812,0.3254087089381207,0.0195558600374275,77,17
1,select_coverage,4.0,top_k_avg,0.7758318739054291,0.7078111603368594,0.7349871893038049,0.6238843087997176,128,0.4545454545454545,0.3351320219741271,0.3261212530989407,0.0090631880025857,78,17
1,select_coverage,4.0,list,0.8633975481611208,0.8458471874106891,0.8560908518036269,0.7740745283915448,78,0.4265734265734265,0.3313751550593656,0.3298242467718795,0.0102609142132201,82,17
1,select_coverage_CBA_M1,,majority,0.8791593695271454,0.8341439151099812,0.8704690380052825,0.8089665582230879,69,0.4685314685314685,0.345605174552543,0.3353416370365523,0.0296211873757639,76,17
1,select_coverage_CBA_M1,,cmar,0.8791593695271454,0.8341439151099812,0.8704690380052825,0.8089665582230879,69,0.4545454545454545,0.3368332447279815,0.328030888030888,0.0125971592425538,78,17
1,select_coverage_CBA_M1,,top_k_avg,0.8791593695271454,0.8341439151099812,0.8704690380052825,0.8089665582230879,69,0.4685314685314685,0.345605174552543,0.3353416370365523,0.0296211873757639,76,17
1,select_coverage_CBA_M1,,list,0.8791593695271454,0.8341439151099812,0.8704690380052825,0.8089665582230879,69,0.4685314685314685,0.345605174552543,0.3353416370365523,0.0296211873757639,76,17
2,select_coverage,1.0,majority,0.6042031523642732,0.4411775542537121,0.4215360896208519,0.3431275696984457,226,0.4965034965034965,0.3114035087719298,0.2211838006230529,-0.1366816705118,72,17
2,select_coverage,1.0,cmar,0.851138353765324,0.7936148262775875,0.8355199577180649,0.7650368661548181,85,0.4755244755244755,0.3439482544745703,0.3278603749191984,0.0275290918764332,75,17
2,select_coverage,1.0,top_k_avg,0.8651488616462347,0.820261955334355,0.849903304887956,0.7782234358340333,77,0.4965034965034965,0.3661704766967925,0.3555180370822828,0.0748658605388336,72,17
2,select_coverage,1.0,list,0.9054290718038528,0.8765700042919011,0.8984958203084142,0.8450447549257848,54,0.4685314685314685,0.3486266170476697,0.3410833701214826,0.0437130376256554,76,17
2,select_coverage,2.0,majority,0.6217162872154116,0.4612578755388526,0.4493928677236838,0.3790734379229452,216,0.5104895104895105,0.3339624313308524,0.2643815513626834,-0.0343136840781521,70,17
2,select_coverage,2.0,cmar,0.8598949211908932,0.8071826109297094,0.844054751485105,0.7746663892545567,80,0.4755244755244755,0.3530125819599504,0.3443386243386244,0.0502821597978878,75,17
2,select_coverage,2.0,top_k_avg,0.8213660245183888,0.7676657535174171,0.7985437419329413,0.7032326328244992,102,0.4825174825174825,0.3556973241183767,0.3443965517241379,0.0579866353538115,74,17
2,select_coverage,2.0,list,0.8879159369527145,0.8633767651812306,0.8810943305765312,0.8146827817711483,64,0.4265734265734265,0.3283537125642389,0.3273040482342808,0.0089496205839221,82,17
2,select_coverage,3.0,majority,0.6339754816112084,0.4784643159795144,0.4761107843845331,0.4037460153868227,209,0.5034965034965035,0.3295764664185717,0.2620187095375275,-0.0539361910065941,71,17
2,select_coverage,3.0,cmar,0.8528896672504378,0.8044419184299808,0.83653668000506,0.759282945484036,84,0.4895104895104895,0.3678273967747651,0.3612936083524318,0.0728222978536586,73,17
2,select_coverage,3.0,top_k_avg,0.7985989492119089,0.7405523407789353,0.7692014484467314,0.6634752132138418,115,0.4475524475524475,0.3384901648059543,0.3333995892135427,0.0057270959000002,79,17
2,select_coverage,3.0,list,0.8686514886164624,0.8501074717914555,0.8620981486693561,0.7826358405265893,75,0.4335664335664335,0.338782562466773,0.3387346162686224,0.028709433371132,81,17
2,select_coverage,4.0,majority,0.660245183887916,0.5189173505328032,0.5369052209277774,0.451500985551255,194,0.4895104895104895,0.3208045365940102,0.2563930806036069,-0.0835515739040702,73,17
2,select_coverage,4.0,cmar,0.8441330998248686,0.79582923810292,0.8266144327958885,0.7432435772399643,89,0.4615384615384615,0.3364965443912812,0.3254087089381207,0.0195558600374275,77,17
2,select_coverage,4.0,top_k_avg,0.7758318739054291,0.7078111603368594,0.7349871893038049,0.6238843087997176,128,0.4545454545454545,0.3351320219741271,0.3261212530989407,0.0090631880025857,78,17
2,select_coverage,4.0,list,0.8633975481611208,0.8458471874106891,0.8560908518036269,0.7740745283915448,78,0.4265734265734265,0.3343965975544923,0.3350046577894679,0.0211056401516885,82,17
2,select_coverage_CBA_M1,,majority,0.8791593695271454,0.8341439151099812,0.8704690380052825,0.8089665582230879,69,0.4615384615384615,0.3412192096402622,0.3319056914947326,0.0231434168596636,77,17
2,select_coverage_CBA_M1,,cmar,0.8791593695271454,0.8341439151099812,0.8704690380052825,0.8089665582230879,69,0.4545454545454545,0.3368332447279815,0.328030888030888,0.0125971592425538,78,17
2,select_coverage_CBA_M1,,top_k_avg,0.8791593695271454,0.8341439151099812,0.8704690380052825,0.8089665582230879,69,0.4685314685314685,0.345605174552543,0.3353416370365523,0.0296211873757639,76,17
2,select_coverage_CBA_M1,,list,0.8791593695271454,0.8341439151099812,0.8704690380052825,0.8089665582230879,69,0.4615384615384615,0.3412192096402622,0.3319056914947326,0.0231434168596636,77,17
1,select_coverage,1.0,majority,0.6129597197898424,0.459158771174275,0.4459041688995662,0.3730516016583443,221,0.5314685314685315,0.3216207660652105,0.2577404793693178,-0.0525704905843405,67,19
1,select_coverage,1.0,cmar,0.7898423817863398,0.7142579125117287,0.7600015289487646,0.6722677088847161,120,0.4615384615384615,0.3174367232338246,0.3063831593243358,-0.0382533242277028,77,19
1,select_coverage,1.0,top_k_avg,0.8686514886164624,0.8254703996732288,0.8510209488553437,0.7853566206261918,75,0.4055944055944055,0.2978102591629161,0.2908301861790234,-0.0805404548918656,85,19
1,select_coverage,1.0,list,0.9036777583187392,0.8803081831931827,0.894724792075507,0.8425237375070187,55,0.4195804195804196,0.3060407118378133,0.2999164578111946,-0.0477583695264689,83,19
1,select_coverage,2.0,majority,0.6042031523642732,0.4425782371518805,0.4140586838606641,0.353649256852951,226,0.5454545454545454,0.3298512187401076,0.262936695560809,-0.0183914895685747,65,19
1,select_coverage,2.0,cmar,0.8161120840630472,0.7467729857244763,0.7897852316436441,0.7118825741757051,105,0.4685314685314685,0.3215519495712732,0.3081208914542248,-0.0380834470797904,76,19
1,select_coverage,2.0,top_k_avg,0.830122591943958,0.7725794803034475,0.8018151087957534,0.7211414123829359,97,0.4405594405594406,0.3420592647645788,0.3381070419531958,-0.003533024913838,80,19
1,select_coverage,2.0,list,0.8879159369527145,0.8692063957188229,0.8774812629957888,0.8162545859297501,64,0.4685314685314685,0.3688976974001128,0.3677271605718955,0.0624250369389793,76,19
1,select_coverage,3.0,majority,0.6112084063047285,0.4526270456503014,0.4311431563984588,0.3683282009679524,222,0.5314685314685315,0.3127572016460905,0.2324159021406728,-0.1049520477380833,67,19
1,select_coverage,3.0,cmar,0.830122591943958,0.7676631118451626,0.8070267203611804,0.7315159125942867,97,0.4405594405594406,0.2947135169357391,0.2781297134238311,-0.0845571653343494,80,19
1,select_coverage,3.0,top_k_avg,0.7950963222416813,0.7301798721921794,0.7590170763476678,0.6608915853678389,117,0.4615384615384615,0.3559189066435443,0.3556245765548091,0.0235582834330779,77,19
1,select_coverage,3.0,list,0.87215411558669,0.8588971173683073,0.8623238387551928,0.7908181884482983,73,0.4615384615384615,0.3647824710626643,0.3632543830226175,0.0615271930249494,77,19
1,select_coverage,4.0,majority,0.6444833625218914,0.49519092736147,0.4936323574015593,0.4322060020500997,203,0.5314685314685315,0.3171889838556505,0.2467425366980042,-0.0598744481146728,67,19
1,select_coverage,4.0,cmar,0.830122591943958,0.7708331483405407,0.8049276515999569,0.7265122197641999,97,0.4475524475524475,0.3136380527684875,0.3042520317666327,-0.054423322446404,79,19
1,select_coverage,4.0,top_k_avg,0.7670753064798599,0.7032153227310264,0.7294709928568902,0.6117385676911034,133,0.4685314685314685,0.3644659151905529,0.3639955745218903,0.0399329470425778,76,19
1,select_coverage,4.0,list,0.861646234676007,0.8512317560107858,0.8509416119532031,0.7745001570954059,79,0.4615384615384615,0.3692142532722243,0.3672206113943271,0.0694645114530897,77,19
1,select_coverage_CBA_M1,,majority,0.8739054290718039,0.8283089290841229,0.8647684733337672,0.8023840049897966,72,0.4475524475524475,0.3136380527684875,0.3056176998240074,-0.0280604218208481,79,19
1,select_coverage_CBA_M1,,cmar,0.8739054290718039,0.8283089290841229,0.8647684733337672,0.8023840049897966,72,0.4405594405594406,0.3139546086405989,0.3098482170592457,-0.0245710949664457,80,19
1,select_coverage_CBA_M1,,top_k_avg,0.8739054290718039,0.8283089290841229,0.8647684733337672,0.8023840049897966,72,0.4545454545454545,0.3177532791059361,0.3086782434608521,-0.0203126893364334,78,19
1,select_coverage_CBA_M1,,list,0.8739054290718039,0.8283089290841229,0.8647684733337672,0.8023840049897966,72,0.4545454545454545,0.3177532791059361,0.3086782434608521,-0.0203126893364334,78,19
2,select_coverage,1.0,majority,0.6129597197898424,0.459158771174275,0.4459041688995662,0.3730516016583443,221,0.5314685314685315,0.3216207660652105,0.2577404793693178,-0.0525704905843405,67,19
2,select_coverage,1.0,cmar,0.7898423817863398,0.7142579125117287,0.7600015289487646,0.6722677088847161,120,0.4615384615384615,0.3174367232338246,0.3063831593243358,-0.0382533242277028,77,19
2,select_coverage,1.0,top_k_avg,0.8686514886164624,0.8254703996732288,0.8510209488553437,0.7853566206261918,75,0.4055944055944055,0.2978102591629161,0.2908301861790234,-0.0805404548918656,85,19
2,select_coverage,1.0,list,0.9036777583187392,0.8803081831931827,0.894724792075507,0.8425237375070187,55,0.3916083916083916,0.289579806488019,0.2885779955241033,-0.0730081042787296,87,19
2,select_coverage,2.0,majority,0.6042031523642732,0.4425782371518805,0.4140586838606641,0.353649256852951,226,0.5454545454545454,0.3298512187401076,0.262936695560809,-0.0183914895685747,65,19
2,select_coverage,2.0,cmar,0.8161120840630472,0.7467729857244763,0.7897852316436441,0.7118825741757051,105,0.4685314685314685,0.3215519495712732,0.3081208914542248,-0.0380834470797904,76,19
2,select_coverage,2.0,top_k_avg,0.830122591943958,0.7725794803034475,0.8018151087957534,0.7211414123829359,97,0.4405594405594406,0.3420592647645788,0.3381070419531958,-0.003533024913838,80,19
2,select_coverage,2.0,list,0.8879159369527145,0.8692063957188229,0.8774812629957888,0.8162545859297501,64,0.4195804195804196,0.335659330828413,0.3361111111111111,0.0071132831392422,83,19
2,select_coverage,3.0,majority,0.6182136602451839,0.46152741889176,0.4446068760773798,0.3823188647889006,218,0.5314685314685315,0.3127572016460905,0.2324159021406728,-0.1049520477380833,67,19
2,select_coverage,3.0,cmar,0.8336252189141856,0.7731240990850997,0.8111760883690708,0.7349188448489469,95,0.4405594405594406,0.2947135169357391,0.2781297134238311,-0.0845571653343494,80,19
2,select_coverage,3.0,top_k_avg,0.7933450087565674,0.7290343968198999,0.7575952802782201,0.6576785809047411,118,0.4615384615384615,0.3559189066435443,0.3556245765548091,0.0235582834330779,77,19
2,select_coverage,3.0,list,0.8704028021015762,0.8577516419960278,0.8608371375648317,0.7880077728892158,74,0.4125874125874126,0.3315441044909644,0.3317398934095931,0.0069567320822982,84,19
2,select_coverage,4.0,majority,0.6462346760070052,0.4982773471145564,0.4989895958383353,0.4355599296977168,202,0.5314685314685315,0.3171889838556505,0.2467425366980042,-0.0598744481146728,67,19
2,select_coverage,4.0,cmar,0.8283712784588442,0.7688951638444167,0.8036227765840577,0.7241897857968571,98,0.4475524475524475,0.3136380527684875,0.3042520317666327,-0.054423322446404,79,19
2,select_coverage,4.0,top_k_avg,0.7688266199649737,0.7051533072271504,0.7308057868456307,0.6146373463928504,132,0.4685314685314685,0.3644659151905529,0.3639955745218903,0.0399329470425778,76,19
2,select_coverage,4.0,list,0.861646234676007,0.8512317560107858,0.8509416119532031,0.7745001570954059,79,0.4125874125874126,0.3359758867005244,0.3358714987388822,0.0151380997463833,84,19
2,select_coverage_CBA_M1,,majority,0.8739054290718039,0.8283089290841229,0.8647684733337672,0.8023840049897966,72,0.4405594405594406,0.309522826431039,0.3043142740667722,-0.0326471848899441,80,19
2,select_coverage_CBA_M1,,cmar,0.8739054290718039,0.8283089290841229,0.8647684733337672,0.8023840049897966,72,0.4405594405594406,0.3139546086405989,0.3098482170592457,-0.0245710949664457,80,19
2,select_coverage_CBA_M1,,top_k_avg,0.8739054290718039,0.8283089290841229,0.8647684733337672,0.8023840049897966,72,0.4545454545454545,0.3177532791059361,0.310349959603691,-0.0172529021013409,78,19
2,select_coverage_CBA_M1,,list,0.8739054290718039,0.8283089290841229,0.8647684733337672,0.8023840049897966,72,0.4265734265734265,0.3012923737561419,0.2982379329567806,-0.0475928969508655,82,19
1,select_coverage,1.0,majority,0.6234676007005254,0.4598252463283138,0.4466573265120573,0.37806321408723,215,0.4825174825174825,0.3181306306306306,0.2479674796747967,-0.0649959150573277,74,29
1,select_coverage,1.0,cmar,0.8178633975481612,0.7409524486849804,0.7881209467075804,0.7106066555679761,104,0.4335664335664335,0.3077273702273702,0.2828852497876459,-0.0605188909778834,81,29
1,select_coverage,1.0,top_k_avg,0.8809106830122592,0.8357778384994591,0.8649782961529576,0.8044549015834815,68,0.4335664335664335,0.338615401115401,0.3361924896808617,0.0012338926649639,81,29
1,select_coverage,1.0,list,0.9071803852889668,0.8801881789858896,0.9008442862727652,0.8470163744554928,53,0.4055944055944055,0.3246460746460746,0.3229464305224043,-0.0392813672999343,85,29
1,select_coverage,2.0,majority,0.6444833625218914,0.4853504368841792,0.4806119256213123,0.4195308916331969,203,0.4965034965034965,0.3320195195195195,0.2705122093331214,-0.0097805160656551,72,29
1,select_coverage,2.0,cmar,0.8633975481611208,0.801945797165462,0.8422002866833033,0.7810186516787745,78,0.4405594405594406,0.3195516945516946,0.3024488619994238,-0.030722115121702,80,29
1,select_coverage,2.0,top_k_avg,0.840630472854641,0.7767426394716713,0.8089979290806593,0.7372585610225073,91,0.4265734265734265,0.3154225654225654,0.3043533784259846,-0.0336164510817708,82,29
1,select_coverage,2.0,list,0.8896672504378283,0.8680760751168788,0.8840113517672661,0.8171074496938232,63,0.4055944055944055,0.3295259545259545,0.3296655145711749,-0.0297313739160289,85,29
1,select_coverage,3.0,majority,0.6847635726795096,0.5392235027842553,0.551991884574329,0.4903331305804078,180,0.5104895104895105,0.3459084084084083,0.2917948717948718,0.0413112886308113,70,29
1,select_coverage,3.0,cmar,0.8669001751313485,0.8088739330555942,0.8469699288113609,0.7851391503135878,76,0.4405594405594406,0.3219916344916344,0.307457757296467,-0.0199761643287099,80,29
1,select_coverage,3.0,top_k_avg,0.8056042031523643,0.7345041804382193,0.7654851892714758,0.6762900299101804,111,0.4545454545454545,0.3383204633204633,0.3280228758169934,0.02117595449331,78,29
1,select_coverage,3.0,list,0.8756567425569177,0.8572157944579405,0.8707176919767873,0.7938607040311039,71,0.4125874125874126,0.336470398970399,0.3366193533810027,-0.010661584471737,84,29
1,select_coverage,4.0,majority,0.7057793345008757,0.5685721629354026,0.5864492330093105,0.5226962588532571,168,0.5104895104895105,0.3507882882882883,0.3046435965690623,0.0509123062752825,70,29
1,select_coverage,4.0,cmar,0.8633975481611208,0.8112689043022142,0.8432423490488007,0.7756154892619823,78,0.4475524475524475,0.3289360789360789,0.3155981438613566,-0.0014930117501437,79,29
1,select_coverage,4.0,top_k_avg,0.7740805604203153,0.6896940750195578,0.7171915002560164,0.6213938014034078,129,0.4475524475524475,0.3338159588159588,0.3241013071895424,0.0081235342668301,79,29
1,select_coverage,4.0,list,0.861646234676007,0.8454879839694761,0.8548771887146559,0.7707610412062412,79,0.4055944055944055,0.3319658944658945,0.3321123321123321,-0.0181738712071609,85,29
1,select_coverage_CBA_M1,,majority,0.8774080560420315,0.8312325711098717,0.8682819691812892,0.8057029235996633,70,0.3846153846153846,0.3062526812526812,0.3022612768262032,-0.0795961912680799,88,29
1,select_coverage_CBA_M1,,cmar,0.8774080560420315,0.8312325711098717,0.8682819691812892,0.8057029235996633,70,0.3706293706293706,0.2996836121836121,0.2974206349206349,-0.0811006229795821,90,29
1,select_coverage_CBA_M1,,top_k_avg,0.8774080560420315,0.8312325711098717,0.8682819691812892,0.8057029235996633,70,0.4055944055944055,0.3222061347061347,0.3195896244676732,-0.0544451641932631,85,29
1,select_coverage_CBA_M1,,list,0.8774080560420315,0.8312325711098717,0.8682819691812892,0.8057029235996633,70,0.3986013986013986,0.3152616902616903,0.3109617554061998,-0.0647019487822897,86,29
2,select_coverage,1.0,majority,0.6234676007005254,0.4598252463283138,0.4466573265120573,0.37806321408723,215,0.4825174825174825,0.3181306306306306,0.2479674796747967,-0.0649959150573277,74,29
2,select_coverage,1.0,cmar,0.8178633975481612,0.7409524486849804,0.7881209467075804,0.7106066555679761,104,0.4335664335664335,0.3077273702273702,0.2828852497876459,-0.0605188909778834,81,29
2,select_coverage,1.0,top_k_avg,0.8809106830122592,0.8357778384994591,0.8649782961529576,0.8044549015834815,68,0.4335664335664335,0.338615401115401,0.3361924896808617,0.0012338926649639,81,29
2,select_coverage,1.0,list,0.9071803852889668,0.8801881789858896,0.9008442862727652,0.8470163744554928,53,0.3916083916083916,0.3156370656370657,0.3137302913841011,-0.0422155760849253,87,29
2,select_coverage,2.0,majority,0.6444833625218914,0.4853504368841792,0.4806119256213123,0.4195308916331969,203,0.4965034965034965,0.3320195195195195,0.2705122093331214,-0.0097805160656551,72,29
2,select_coverage,2.0,cmar,0.8633975481611208,0.801945797165462,0.8422002866833033,0.7810186516787745,78,0.4405594405594406,0.3195516945516946,0.3024488619994238,-0.030722115121702,80,29
2,select_coverage,2.0,top_k_avg,0.840630472854641,0.7767426394716713,0.8089979290806593,0.7372585610225073,91,0.4265734265734265,0.3154225654225654,0.3043533784259846,-0.0336164510817708,82,29
2,select_coverage,2.0,list,0.8896672504378283,0.8680760751168788,0.8840113517672661,0.8171074496938232,63,0.3916083916083916,0.3205169455169455,0.3201757592001494,-0.0329667752440067,87,29
2,select_coverage,3.0,majority,0.6847635726795096,0.5392235027842553,0.551991884574329,0.4903331305804078,180,0.5104895104895105,0.3459084084084083,0.2917948717948718,0.0413112886308113,70,29
2,select_coverage,3.0,cmar,0.8651488616462347,0.8077553648229318,0.8449770727359295,0.7816956729698193,77,0.4405594405594406,0.3219916344916344,0.307457757296467,-0.0199761643287099,80,29
2,select_coverage,3.0,top_k_avg,0.8056042031523643,0.7345041804382193,0.7654851892714758,0.6762900299101804,111,0.4545454545454545,0.3383204633204633,0.3280228758169934,0.02117595449331,78,29
2,select_coverage,3.0,list,0.8756567425569177,0.8572157944579405,0.8707176919767873,0.7938607040311039,71,0.3986013986013986,0.3274613899613899,0.327367331371908,-0.0143713698479182,86,29
2,select_coverage,4.0,majority,0.7057793345008757,0.5685721629354026,0.5864492330093105,0.5226962588532571,168,0.5104895104895105,0.3507882882882883,0.3046435965690623,0.0509123062752825,70,29
2,select_coverage,4.0,cmar,0.8633975481611208,0.8112689043022142,0.8432423490488007,0.7756154892619823,78,0.4475524475524475,0.3289360789360789,0.3155981438613566,-0.0014930117501437,79,29
2,select_coverage,4.0,top_k_avg,0.7740805604203153,0.6896940750195578,0.7171915002560164,0.6213938014034078,129,0.4475524475524475,0.3338159588159588,0.3241013071895424,0.0081235342668301,79,29
2,select_coverage,4.0,list,0.861646234676007,0.8454879839694761,0.8548771887146559,0.7707610412062412,79,0.3916083916083916,0.3229568854568854,0.3229776995069384,-0.021703687453235,87,29
2,select_coverage_CBA_M1,,majority,0.8774080560420315,0.8312325711098717,0.8682819691812892,0.8057029235996633,70,0.3776223776223776,0.3017481767481768,0.2977704623672003,-0.0790814928720762,89,29
2,select_coverage_CBA_M1,,cmar,0.8774080560420315,0.8312325711098717,0.8682819691812892,0.8057029235996633,70,0.3706293706293706,0.2996836121836121,0.2974206349206349,-0.0811006229795821,90,29
2,select_coverage_CBA_M1,,top_k_avg,0.8774080560420315,0.8312325711098717,0.8682819691812892,0.8057029235996633,70,0.4055944055944055,0.3222061347061347,0.3195896244676732,-0.0544451641932631,85,29
2,select_coverage_CBA_M1,,list,0.8774080560420315,0.8312325711098717,0.8682819691812892,0.8057029235996633,70,0.3846153846153846,0.3062526812526812,0.3018604419173026,-0.066735801299252,88,29
1,select_coverage,1.0,majority,0.6007005253940455,0.433370329263781,0.4050391174259076,0.336090905927945,228,0.5174825174825175,0.324147397318129,0.2408493427704752,-0.0606500057065357,69,31
1,select_coverage,1.0,cmar,0.8861646234676007,0.8440326818287277,0.8745829915231065,0.8146720482848941,65,0.4615384615384615,0.3663477985429205,0.3635554686991075,0.0306323380984187,77,31
1,select_coverage,1.0,top_k_avg,0.8774080560420315,0.8304489048577538,0.8590808038540763,0.7984417386072653,70,0.4615384615384615,0.3673445253933058,0.3685881370091896,0.0448166927343302,77,31
1,select_coverage,1.0,list,0.9054290718038528,0.8812411821140352,0.8977333068208392,0.8440004281329376,54,0.4685314685314685,0.3768767817548306,0.377801910896723,0.0610733771117134,76,31
1,select_coverage,2.0,majority,0.637478108581436,0.4852016278209397,0.4874994191179887,0.4122163339667675,207,0.5104895104895105,0.3236194699609334,0.2516392345778134,-0.0487916231406088,70,31
1,select_coverage,2.0,cmar,0.8704028021015762,0.8313706678706021,0.85645925091175,0.786769371789284,74,0.4615384615384615,0.3867553584626755,0.3865262211152622,0.0664043246706652,77,31
1,select_coverage,2.0,top_k_avg,0.840630472854641,0.7827718103550984,0.8125500288908561,0.7362047789910703,91,0.4405594405594406,0.3619596663499103,0.3626937984496123,0.0338627958040703,80,31
1,select_coverage,2.0,list,0.8879159369527145,0.8674492246530847,0.8793243258752105,0.8146779864817455,64,0.4545454545454545,0.3976306620209059,0.3974172464684799,0.0853089862106349,78,31
1,select_coverage,3.0,majority,0.6777583187390543,0.5378806975300513,0.5574607867290794,0.4807196719798726,184,0.5034965034965035,0.328294794636258,0.2711161019431696,-0.0451317482017787,71,31
1,select_coverage,3.0,cmar,0.8528896672504378,0.8099976799162262,0.8349981402725728,0.7565529216784902,84,0.4825174825174825,0.4201499313694436,0.4219760900140647,0.1210858094449636,74,31
1,select_coverage,3.0,top_k_avg,0.809106830122592,0.7441756491531694,0.7719543994407924,0.6816226107806874,109,0.4475524475524475,0.3624875937071059,0.3651456651456651,0.0273640325097235,79,31
1,select_coverage,3.0,list,0.87215411558669,0.854434181731535,0.8630046749767573,0.7886530138282504,73,0.4335664335664335,0.3846436490338929,0.3842690058479532,0.0572391121105929,81,31
1,select_coverage,4.0,majority,0.7040280210157618,0.5693071728211593,0.5919890069966479,0.5230364801596082,169,0.4895104895104895,0.3196367859782494,0.265734313048891,-0.0748227316475849,73,31
1,select_coverage,4.0,cmar,0.8423817863397548,0.7995416266922503,0.8223760844751723,0.7382580366190117,90,0.4895104895104895,0.4334832647027768,0.434685266511668,0.1341389183490873,73,31
1,select_coverage,4.0,top_k_avg,0.7810858143607706,0.7118687961273412,0.7390090666476286,0.6327571442787541,125,0.4545454545454545,0.3668165980361102,0.369379895449707,0.0338697387538583,78,31
1,select_coverage,4.0,list,0.8581436077057794,0.8445637928980355,0.8487596527107882,0.7662693396151546,81,0.4265734265734265,0.3803146447048886,0.3797376964030645,0.0484056903667032,82,31
1,select_coverage_CBA_M1,,majority,0.87215411558669,0.8225305216426193,0.8609252751007813,0.7979904346404308,73,0.4475524475524475,0.3472832858198711,0.3449057756473518,0.0080466273841551,79,31
1,select_coverage_CBA_M1,,cmar,0.87215411558669,0.8225305216426193,0.8609252751007813,0.7979904346404308,73,0.4475524475524475,0.3562876148242002,0.3551693404634581,0.0216569816960767,79,31
1,select_coverage_CBA_M1,,top_k_avg,0.87215411558669,0.8225305216426193,0.8609252751007813,0.7979904346404308,73,0.4545454545454545,0.3516122901488756,0.3492689470154258,0.013216011315025,78,31
1,select_coverage_CBA_M1,,list,0.87215411558669,0.8225305216426193,0.8609252751007813,0.7979904346404308,73,0.4545454545454545,0.3516122901488756,0.3488501742160279,0.0146633521502051,78,31
2,select_coverage,1.0,majority,0.6042031523642732,0.4396596374398816,0.4168962965135366,0.3442907667107766,226,0.5174825174825175,0.324147397318129,0.2408493427704752,-0.0606500057065357,69,31
2,select_coverage,1.0,cmar,0.8861646234676007,0.8440326818287277,0.8745829915231065,0.8146720482848941,65,0.4615384615384615,0.3663477985429205,0.3626016759890999,0.0351051203954314,77,31
2,select_coverage,1.0,top_k_avg,0.8774080560420315,0.8324636154429793,0.8597213776945752,0.7981069955047364,70,0.4615384615384615,0.3673445253933058,0.367976866779262,0.0490541061001597,77,31
2,select_coverage,1.0,list,0.9054290718038528,0.8832558926992607,0.8980682574803259,0.8439295206687856,54,0.4615384615384615,0.3777510294583465,0.3767291387773315,0.0636458785436115,77,31
2,select_coverage,2.0,majority,0.637478108581436,0.4852016278209397,0.4874994191179887,0.4122163339667675,207,0.5104895104895105,0.3236194699609334,0.2516392345778134,-0.0487916231406088,70,31
2,select_coverage,2.0,cmar,0.8704028021015762,0.8313706678706021,0.85645925091175,0.786769371789284,74,0.4615384615384615,0.3867553584626755,0.3865262211152622,0.0664043246706652,77,31
2,select_coverage,2.0,top_k_avg,0.840630472854641,0.7827718103550984,0.8125500288908561,0.7362047789910703,91,0.4405594405594406,0.3619596663499103,0.3626937984496123,0.0338627958040703,80,31
2,select_coverage,2.0,list,0.8879159369527145,0.8694639352383103,0.8797018169309191,0.8147727345435134,64,0.4475524475524475,0.3985049097244219,0.395444642503466,0.0839248328412021,79,31
2,select_coverage,3.0,majority,0.6777583187390543,0.5378806975300513,0.5574607867290794,0.4807196719798726,184,0.5034965034965035,0.328294794636258,0.2711161019431696,-0.0451317482017787,71,31
2,select_coverage,3.0,cmar,0.8528896672504378,0.8099976799162262,0.8349981402725728,0.7565529216784902,84,0.4825174825174825,0.4201499313694436,0.4219760900140647,0.1210858094449636,74,31
2,select_coverage,3.0,top_k_avg,0.809106830122592,0.7441756491531694,0.7719543994407924,0.6816226107806874,109,0.4475524475524475,0.3624875937071059,0.3651456651456651,0.0273640325097235,79,31
2,select_coverage,3.0,list,0.87215411558669,0.8564488923167605,0.8634193729111143,0.7888797169496878,73,0.4265734265734265,0.3855178967374089,0.3822342667871123,0.0561086061086338,82,31
2,select_coverage,4.0,majority,0.7040280210157618,0.5693071728211593,0.5919890069966479,0.5230364801596082,169,0.4895104895104895,0.3196367859782494,0.265734313048891,-0.0748227316475849,73,31
2,select_coverage,4.0,cmar,0.8423817863397548,0.7995416266922503,0.8223760844751723,0.7382580366190117,90,0.4895104895104895,0.4334832647027768,0.434685266511668,0.1341389183490873,73,31
2,select_coverage,4.0,top_k_avg,0.7810858143607706,0.7118687961273412,0.7390090666476286,0.6327571442787541,125,0.4545454545454545,0.3668165980361102,0.369379895449707,0.0338697387538583,78,31
2,select_coverage,4.0,list,0.8581436077057794,0.8465785034832609,0.8491988684692472,0.7666381628887047,81,0.4125874125874126,0.3730588111075916,0.3690273168747551,0.0371180285135798,84,31
2,select_coverage_CBA_M1,,majority,0.87215411558669,0.8225305216426193,0.8609252751007813,0.7979904346404308,73,0.4475524475524475,0.3524865378523915,0.3495840536554284,0.0123421003309629,79,31
2,select_coverage_CBA_M1,,cmar,0.87215411558669,0.8225305216426193,0.8609252751007813,0.7979904346404308,73,0.4475524475524475,0.3562876148242002,0.3551693404634581,0.0216569816960767,79,31
2,select_coverage_CBA_M1,,top_k_avg,0.87215411558669,0.8225305216426193,0.8609252751007813,0.7979904346404308,73,0.4615384615384615,0.3649456234822088,0.3651103368176538,0.0277687231344509,77,31
2,select_coverage_CBA_M1,,list,0.87215411558669,0.8225305216426193,0.8609252751007813,0.7979904346404308,73,0.4475524475524475,0.3524865378523915,0.3490372385306081,0.0137725958721266,79,31
1,select_coverage,1.0,majority,0.723292469352014,0.5875031785323225,0.623856364694061,0.5463778529433355,158,0.4685314685314685,0.3442989135952888,0.270945909066099,0.0355340066335854,76,34
1,select_coverage,1.0,cmar,0.8966725043782837,0.8685574393224665,0.8867571419602228,0.8272304298125938,59,0.4685314685314685,0.3754883932566946,0.359701799374601,0.1039062586284829,76,34
1,select_coverage,1.0,top_k_avg,0.8739054290718039,0.8311152367163296,0.8564024008975148,0.788166982574975,72,0.4825174825174825,0.3817232807993291,0.3630605017706619,0.1274621605162369,74,34
1,select_coverage,1.0,list,0.9106830122591943,0.8926853538420024,0.9034224142359396,0.8505342451213214,51,0.4755244755244755,0.3822911143451299,0.3675886494314679,0.1173930811031638,75,34
1,select_coverage,2.0,majority,0.649737302977233,0.4861657299726517,0.4935013746195711,0.4119696533217349,200,0.4335664335664335,0.310285308153112,0.2122331691297208,-0.1191704267545537,81,34
1,select_coverage,2.0,cmar,0.882661996497373,0.8423172927726662,0.8701307580157284,0.8047756234052029,67,0.4685314685314685,0.3644626452018065,0.3377567851252062,0.0911195875267237,76,34
1,select_coverage,2.0,top_k_avg,0.8231173380035026,0.7494588710891078,0.7838119259080379,0.7017614480791761,101,0.4755244755244755,0.3730929630005677,0.3474400871459695,0.099864257398613,75,34
1,select_coverage,2.0,list,0.8966725043782837,0.8820127504553734,0.8884537985975687,0.8272125858658542,59,0.4615384615384615,0.3705132688785852,0.3566583711511248,0.0968195865632585,77,34
1,select_coverage,3.0,majority,0.6549912434325744,0.4911910544424205,0.4985611811698768,0.4220340976335766,197,0.4475524475524475,0.3220631536196568,0.2274220032840722,-0.0613049903338366,79,34
1,select_coverage,3.0,cmar,0.8633975481611208,0.8149106897285403,0.8476655619512762,0.7724627189717652,78,0.4685314685314685,0.3718331998360427,0.3502418818874515,0.0938638878097463,76,34
1,select_coverage,3.0,top_k_avg,0.7933450087565674,0.7081934779111464,0.7442902380446809,0.6497475052956899,118,0.4685314685314685,0.3754883932566946,0.3569898642187799,0.086597790024412,76,34
1,select_coverage,3.0,list,0.8861646234676007,0.8744906564123323,0.8786955696754308,0.8096685886180014,65,0.4685314685314685,0.3883417380219086,0.3825238050577864,0.121839779223201,76,34
1,select_coverage,4.0,majority,0.6742556917688266,0.5136420012558446,0.5226538311914019,0.4542293305540851,186,0.4615384615384615,0.3356685957965276,0.251864406779661,0.0063335554563187,77,34
1,select_coverage,4.0,cmar,0.8546409807355516,0.8104109258480842,0.8372936107604443,0.7557705794092275,83,0.4825174825174825,0.3928091966471497,0.3795543510990666,0.1266865543641963,74,34
1,select_coverage,4.0,top_k_avg,0.7670753064798599,0.6721908261070375,0.7058983017667498,0.6023854399979387,133,0.4685314685314685,0.3754883932566946,0.3566903182287798,0.0819520385120529,76,34
1,select_coverage,4.0,list,0.8686514886164624,0.8616322606759765,0.8601608117540215,0.7815103024898814,75,0.4755244755244755,0.4006874170342542,0.396708202220907,0.1337245598704847,75,34
1,select_coverage_CBA_M1,,majority,0.8704028021015762,0.8190487496043052,0.8590063418191115,0.791745994005949,74,0.4405594405594406,0.3427345509790429,0.31689677843524,0.0398832947924963,80,34
1,select_coverage_CBA_M1,,cmar,0.8704028021015762,0.8190487496043052,0.8590063418191115,0.791745994005949,74,0.4195804195804196,0.3351797324789506,0.3196034418256641,0.0207438398649184,83,34
1,select_coverage_CBA_M1,,top_k_avg,0.8704028021015762,0.8190487496043052,0.8590063418191115,0.791745994005949,74,0.4405594405594406,0.3409069542687168,0.3116123642439432,0.035153797193759,80,34
1,select_coverage_CBA_M1,,list,0.8704028021015762,0.8190487496043052,0.8590063418191115,0.791745994005949,74,0.4405594405594406,0.3409069542687168,0.3116123642439432,0.035153797193759,80,34
2,select_coverage,1.0,majority,0.723292469352014,0.5875031785323225,0.623856364694061,0.5463778529433355,158,0.4685314685314685,0.3442989135952888,0.270945909066099,0.0355340066335854,76,34
2,select_coverage,1.0,cmar,0.8966725043782837,0.8685574393224665,0.8867571419602228,0.8272304298125938,59,0.4685314685314685,0.3754883932566946,0.359701799374601,0.1039062586284829,76,34
2,select_coverage,1.0,top_k_avg,0.8739054290718039,0.8311152367163296,0.8564024008975148,0.788166982574975,72,0.4825174825174825,0.3817232807993291,0.3630605017706619,0.1274621605162369,74,34
2,select_coverage,1.0,list,0.9106830122591943,0.8926853538420024,0.9034224142359396,0.8505342451213214,51,0.4755244755244755,0.3878340722690403,0.3762345679012345,0.1242646970060382,75,34
2,select_coverage,2.0,majority,0.649737302977233,0.4861657299726517,0.4935013746195711,0.4119696533217349,200,0.4335664335664335,0.310285308153112,0.2122331691297208,-0.1191704267545537,81,34
2,select_coverage,2.0,cmar,0.882661996497373,0.8423172927726662,0.8701307580157284,0.8047756234052029,67,0.4685314685314685,0.3644626452018065,0.3377567851252062,0.0911195875267237,76,34
2,select_coverage,2.0,top_k_avg,0.8231173380035026,0.7494588710891078,0.7838119259080379,0.7017614480791761,101,0.4755244755244755,0.3730929630005677,0.3474400871459695,0.099864257398613,75,34
2,select_coverage,2.0,list,0.8966725043782837,0.8820127504553734,0.8884537985975687,0.8272125858658542,59,0.4615384615384615,0.3760562268024954,0.3646705919086488,0.1040684098687625,77,34
2,select_coverage,3.0,majority,0.6567425569176882,0.4921011525747409,0.4977350604528416,0.4239006816552831,196,0.4475524475524475,0.3220631536196568,0.2274220032840722,-0.0613049903338366,79,34
2,select_coverage,3.0,cmar,0.8633975481611208,0.8149106897285403,0.8476655619512762,0.7724627189717652,78,0.4685314685314685,0.3718331998360427,0.3502418818874515,0.0938638878097463,76,34
2,select_coverage,3.0,top_k_avg,0.7898423817863398,0.7060076855614197,0.7414346648429181,0.6429325330719476,120,0.4685314685314685,0.3754883932566946,0.3569898642187799,0.086597790024412,76,34
2,select_coverage,3.0,list,0.882661996497373,0.8723048640626053,0.8761677282377919,0.8037702714379862,67,0.4685314685314685,0.3938846959458189,0.389757174392936,0.128707421607625,76,34
2,select_coverage,4.0,majority,0.6742556917688266,0.5136420012558446,0.5226538311914019,0.4542293305540851,186,0.4615384615384615,0.3356685957965276,0.251864406779661,0.0063335554563187,77,34
2,select_coverage,4.0,cmar,0.8546409807355516,0.8104109258480842,0.8372936107604443,0.7557705794092275,83,0.4825174825174825,0.3928091966471497,0.3795543510990666,0.1266865543641963,74,34
2,select_coverage,4.0,top_k_avg,0.7670753064798599,0.6721908261070375,0.7058983017667498,0.6023854399979387,133,0.4685314685314685,0.3754883932566946,0.3566903182287798,0.0819520385120529,76,34
2,select_coverage,4.0,list,0.8686514886164624,0.8616322606759765,0.8601608117540215,0.7815103024898814,75,0.4755244755244755,0.4062303749581645,0.4030905077262693,0.1404454071241367,75,34
2,select_coverage_CBA_M1,,majority,0.8704028021015762,0.8190487496043052,0.8590063418191115,0.791745994005949,74,0.4405594405594406,0.3482775089029531,0.3265849253873206,0.0483406301002395,80,34
2,select_coverage_CBA_M1,,cmar,0.8704028021015762,0.8190487496043052,0.8590063418191115,0.791745994005949,74,0.4195804195804196,0.3351797324789506,0.3196034418256641,0.0207438398649184,83,34
2,select_coverage_CBA_M1,,top_k_avg,0.8704028021015762,0.8190487496043052,0.8590063418191115,0.791745994005949,74,0.4335664335664335,0.3341042331802815,0.3036437246963563,0.0236760004857222,81,34
2,select_coverage_CBA_M1,,list,0.8704028021015762,0.8190487496043052,0.8590063418191115,0.791745994005949,74,0.4405594405594406,0.3464499121926271,0.3214230554015287,0.0438195178148601,80,34
1,select_coverage,1.0,majority,0.6935201401050788,0.564980956870922,0.5969241661370032,0.494771843271152,175,0.4685314685314685,0.3199296857833443,0.2653694303440496,-0.0416511163668663,76,42
1,select_coverage,1.0,cmar,0.8896672504378283,0.8462199292957556,0.8734006734006733,0.8178712085517448,63,0.3916083916083916,0.2812568666227202,0.2521212121212121,-0.1051099943147587,87,42
1,select_coverage,1.0,top_k_avg,0.8458844133099825,0.7725090296755961,0.8059147201957299,0.7453569567184403,88,0.4125874125874126,0.3056471105251593,0.2755060776897642,-0.0603076115443072,84,42
1,select_coverage,1.0,list,0.9054290718038528,0.8787150072122417,0.8947112251547735,0.842950248289317,54,0.3636363636363636,0.2632388486047023,0.2392156862745098,-0.1357266280559786,91,42
1,select_coverage,2.0,majority,0.6637478108581436,0.5252703153327533,0.5467616482514368,0.4391334051851697,192,0.4825174825174825,0.3289386947923533,0.2708045977011494,-0.0210378838706867,74,42
1,select_coverage,2.0,cmar,0.861646234676007,0.8130901229977884,0.8413010594145915,0.7697362791268632,79,0.4475524475524475,0.3502213014408136,0.3368092691622104,0.0229349579322739,79,42
1,select_coverage,2.0,top_k_avg,0.7985989492119089,0.7071736572390082,0.7326207824519536,0.663369481582985,115,0.4055944055944055,0.3121684402172207,0.292975040257649,-0.037478795306582,85,42
1,select_coverage,2.0,list,0.8914185639229422,0.8676487836289138,0.8815519043529548,0.8192474631513312,62,0.3846153846153846,0.302429607307656,0.2934210526315789,-0.0609014685218851,88,42
1,select_coverage,3.0,majority,0.649737302977233,0.5010890548960837,0.5113259352272199,0.4131049251215263,200,0.4825174825174825,0.3289386947923533,0.2708045977011494,-0.0210378838706867,74,42
1,select_coverage,3.0,cmar,0.8441330998248686,0.7807276634508629,0.8140466407759704,0.741102218064738,89,0.4405594405594406,0.3457167969363091,0.3327960006695559,0.0128585530290606,80,42
1,select_coverage,3.0,top_k_avg,0.7740805604203153,0.6750540758428869,0.7035949180345917,0.6210053115650571,129,0.3986013986013986,0.3186897699092821,0.3089806435394671,-0.0294391260133716,86,42
1,select_coverage,3.0,list,0.8861646234676007,0.8634508628498639,0.8751965276374009,0.8105106855277572,65,0.3776223776223776,0.3163511943999749,0.3177288224495148,-0.0455408254087314,89,42
1,select_coverage,4.0,majority,0.6549912434325744,0.5095223311191942,0.5238747630675205,0.4236421990494847,197,0.4825174825174825,0.3289386947923533,0.2709025352752462,-0.0161281731434257,74,42
1,select_coverage,4.0,cmar,0.8318739054290718,0.7635847588530428,0.7965454433104947,0.7199427761096759,96,0.4335664335664335,0.3301864582352387,0.3082448659937347,-0.007349794662835,81,42
1,select_coverage,4.0,top_k_avg,0.7513134851138353,0.6461221903239696,0.6673839099094803,0.5792631041971009,142,0.4055944055944055,0.3194195938098377,0.2993337051278288,-0.0236972293023325,85,42
1,select_coverage,4.0,list,0.8809106830122592,0.8600951581518773,0.8696580170319774,0.8019183080972081,68,0.3706293706293706,0.3154722666917789,0.3165498916064669,-0.046106594805786,90,42
1,select_coverage_CBA_M1,,majority,0.8739054290718039,0.8205596801827527,0.8602738086974312,0.7990729054176035,72,0.4055944055944055,0.2938914524280377,0.2666868320225852,-0.0714693384377072,85,42
1,select_coverage_CBA_M1,,cmar,0.8739054290718039,0.8205596801827527,0.8602738086974312,0.7990729054176035,72,0.3986013986013986,0.2893869479235333,0.2671345029239766,-0.0685839453684746,86,42
1,select_coverage_CBA_M1,,top_k_avg,0.8739054290718039,0.8205596801827527,0.8602738086974312,0.7990729054176035,72,0.3986013986013986,0.2857613711272248,0.2577777777777778,-0.0885523134947021,86,42
1,select_coverage_CBA_M1,,list,0.8739054290718039,0.8205596801827527,0.8602738086974312,0.7990729054176035,72,0.3986013986013986,0.2857613711272248,0.2577777777777778,-0.0885523134947021,86,42
2,select_coverage,1.0,majority,0.6935201401050788,0.564980956870922,0.5969241661370032,0.494771843271152,175,0.4685314685314685,0.3199296857833443,0.2653694303440496,-0.0416511163668663,76,42
2,select_coverage,1.0,cmar,0.8896672504378283,0.8462199292957556,0.8734006734006733,0.8178712085517448,63,0.3916083916083916,0.2812568666227202,0.2521212121212121,-0.1051099943147587,87,42
2,select_coverage,1.0,top_k_avg,0.8458844133099825,0.7725090296755961,0.8059147201957299,0.7453569567184403,88,0.4055944055944055,0.2975170292243463,0.2683044315992293,-0.0722590131698976,85,42
2,select_coverage,1.0,list,0.9054290718038528,0.8787150072122417,0.8947112251547735,0.842950248289317,54,0.3566433566433566,0.2551087673038892,0.232378079436903,-0.1455051023473042,92,42
2,select_coverage,2.0,majority,0.6637478108581436,0.5252703153327533,0.5467616482514368,0.4391334051851697,192,0.4825174825174825,0.3289386947923533,0.2708045977011494,-0.0210378838706867,74,42
2,select_coverage,2.0,cmar,0.861646234676007,0.8130901229977884,0.8413010594145915,0.7697362791268632,79,0.4475524475524475,0.3502213014408136,0.3368092691622104,0.0229349579322739,79,42
2,select_coverage,2.0,top_k_avg,0.7985989492119089,0.7071736572390082,0.7326207824519536,0.663369481582985,115,0.4055944055944055,0.3121684402172207,0.292975040257649,-0.037478795306582,85,42
2,select_coverage,2.0,list,0.8914185639229422,0.8676487836289138,0.8815519043529548,0.8192474631513312,62,0.3846153846153846,0.302429607307656,0.293892271963527,-0.0539768536200038,88,42
2,select_coverage,3.0,majority,0.649737302977233,0.5010890548960837,0.5113259352272199,0.4131049251215263,200,0.4825174825174825,0.3289386947923533,0.2708045977011494,-0.0210378838706867,74,42
2,select_coverage,3.0,cmar,0.8441330998248686,0.7807276634508629,0.8140466407759704,0.741102218064738,89,0.4405594405594406,0.3457167969363091,0.3327960006695559,0.0128585530290606,80,42
2,select_coverage,3.0,top_k_avg,0.7740805604203153,0.6750540758428869,0.7035949180345917,0.6210053115650571,129,0.3986013986013986,0.3186897699092821,0.3089806435394671,-0.0294391260133716,86,42
2,select_coverage,3.0,list,0.8861646234676007,0.8634508628498639,0.8751965276374009,0.8105106855277572,65,0.3776223776223776,0.3163511943999749,0.3162885679441971,-0.0390757117671364,89,42
2,select_coverage,4.0,majority,0.6549912434325744,0.5095223311191942,0.5238747630675205,0.4236421990494847,197,0.4825174825174825,0.3289386947923533,0.2709025352752462,-0.0161281731434257,74,42
2,select_coverage,4.0,cmar,0.8318739054290718,0.7635847588530428,0.7965454433104947,0.7199427761096759,96,0.4335664335664335,0.3301864582352387,0.3082448659937347,-0.007349794662835,81,42
2,select_coverage,4.0,top_k_avg,0.7513134851138353,0.6461221903239696,0.6673839099094803,0.5792631041971009,142,0.4055944055944055,0.3194195938098377,0.2993337051278288,-0.0236972293023325,85,42
2,select_coverage,4.0,list,0.8809106830122592,0.8600951581518773,0.8696580170319774,0.8019183080972081,68,0.3706293706293706,0.3154722666917789,0.3150994369039481,-0.0396734707387556,90,42
2,select_coverage_CBA_M1,,majority,0.8739054290718039,0.8205596801827527,0.8602738086974312,0.7990729054176035,72,0.3986013986013986,0.2857613711272248,0.2598115356736046,-0.0819538113118796,86,42
2,select_coverage_CBA_M1,,cmar,0.8739054290718039,0.8205596801827527,0.8602738086974312,0.7990729054176035,72,0.3986013986013986,0.2893869479235333,0.2671345029239766,-0.0685839453684746,86,42
2,select_coverage_CBA_M1,,top_k_avg,0.8739054290718039,0.8205596801827527,0.8602738086974312,0.7990729054176035,72,0.3916083916083916,0.2776312898264118,0.2497297297297297,-0.1005079570139139,87,42
2,select_coverage_CBA_M1,,list,0.8739054290718039,0.8205596801827527,0.8602738086974312,0.7990729054176035,72,0.3916083916083916,0.2776312898264118,0.2505936073059361,-0.09903736868805,87,42
1,select_coverage,1.0,majority,0.6287215411558669,0.4619940579542385,0.4561405513417897,0.3792184531042197,212,0.4615384615384615,0.3186507936507936,0.2319396051103368,-0.0758470393330833,77,49
1,select_coverage,1.0,cmar,0.851138353765324,0.7850130076476945,0.8281841609392248,0.7585230794691268,85,0.4335664335664335,0.323452380952381,0.2957646365354276,-0.0075603022523746,81,49
1,select_coverage,1.0,top_k_avg,0.8651488616462347,0.8112605778967857,0.8455772064258666,0.7766333350540823,77,0.4195804195804196,0.3119047619047619,0.2860310421286031,-0.0129514970015661,83,49
1,select_coverage,1.0,list,0.9089316987740804,0.8832789442200483,0.9023391645122826,0.8486094996683393,52,0.3986013986013986,0.3103968253968254,0.2978045919222389,-0.0361896647350733,86,49
1,select_coverage,2.0,majority,0.6409807355516638,0.4741096577535981,0.4687765322095044,0.4017981669372549,205,0.4615384615384615,0.316468253968254,0.2224771991762283,-0.0852733122094683,77,49
1,select_coverage,2.0,cmar,0.8633975481611208,0.8067087316693868,0.8449021248621543,0.7768470093674827,78,0.4265734265734265,0.3079365079365079,0.2697987907622163,-0.0306618691586024,82,49
1,select_coverage,2.0,top_k_avg,0.8161120840630472,0.7483347885647177,0.7843056278766332,0.6917178392587665,105,0.4335664335664335,0.323611111111111,0.2952546699153034,-0.0013898269573645,81,49
1,select_coverage,2.0,list,0.8879159369527145,0.8690926740917964,0.8830029293067799,0.8126217342719775,64,0.4125874125874126,0.3328571428571428,0.326526096760678,0.0022890985191732,84,49
1,select_coverage,3.0,majority,0.6549912434325744,0.4926689045800054,0.4950854700854701,0.4294916975025641,197,0.4615384615384615,0.316468253968254,0.2224771991762283,-0.0852733122094683,77,49
1,select_coverage,3.0,cmar,0.851138353765324,0.7961587513067058,0.8330540974563035,0.7542652758397332,85,0.4055944055944055,0.291468253968254,0.2537878787878788,-0.0701207451994722,85,49
1,select_coverage,3.0,top_k_avg,0.7793345008756567,0.7001992095499975,0.7348329871588875,0.626546632835288,126,0.4265734265734265,0.3252380952380952,0.3047892278661509,-0.0124693262390646,82,49
1,select_coverage,3.0,list,0.87215411558669,0.8571179979286908,0.8667007622369969,0.7866471789708983,73,0.4055944055944055,0.3388492063492063,0.3367269183058656,0.0052069316564807,85,49
1,select_coverage,4.0,majority,0.6760070052539404,0.5203493475222865,0.5306618798516283,0.4666792341135635,185,0.4475524475524475,0.3047619047619047,0.2091503267973856,-0.1196260069187678,79,49
1,select_coverage,4.0,cmar,0.8528896672504378,0.8030683534574331,0.835227577233869,0.754829416176507,84,0.4055944055944055,0.291468253968254,0.2544740288083806,-0.06466646039655,85,49
1,select_coverage,4.0,top_k_avg,0.7600700525394045,0.6750297115064469,0.7069130135399967,0.5916006865109877,137,0.4195804195804196,0.3182936507936508,0.2973103692179089,-0.0234850003777086,83,49
1,select_coverage,4.0,list,0.8563922942206655,0.8471842230942538,0.8509443539123233,0.7618828846463034,82,0.3986013986013986,0.3340873015873016,0.3321559970566593,-0.0028774014757836,86,49
1,select_coverage_CBA_M1,,majority,0.8844133099824869,0.8386387313346453,0.8753152129672287,0.8148530925164895,66,0.4195804195804196,0.3224999999999999,0.304404996712689,-0.0127512042194357,83,49
1,select_coverage_CBA_M1,,cmar,0.8844133099824869,0.8386387313346453,0.8753152129672287,0.8148530925164895,66,0.4265734265734265,0.3294444444444444,0.3142663569492838,0.0159633155376756,82,49
1,select_coverage_CBA_M1,,top_k_avg,0.8844133099824869,0.8386387313346453,0.8753152129672287,0.8148530925164895,66,0.4195804195804196,0.3224999999999999,0.304404996712689,-0.0127512042194357,83,49
1,select_coverage_CBA_M1,,list,0.8844133099824869,0.8386387313346453,0.8753152129672287,0.8148530925164895,66,0.4195804195804196,0.3224999999999999,0.304404996712689,-0.0127512042194357,83,49
2,select_coverage,1.0,majority,0.6287215411558669,0.4619940579542385,0.4561405513417897,0.3792184531042197,212,0.4615384615384615,0.3186507936507936,0.2319396051103368,-0.0758470393330833,77,49
2,select_coverage,1.0,cmar,0.851138353765324,0.7850130076476945,0.8281841609392248,0.7585230794691268,85,0.4335664335664335,0.323452380952381,0.2957646365354276,-0.0075603022523746,81,49
2,select_coverage,1.0,top_k_avg,0.8651488616462347,0.8112605778967857,0.8455772064258666,0.7766333350540823,77,0.4195804195804196,0.3119047619047619,0.2860310421286031,-0.0129514970015661,83,49
2,select_coverage,1.0,list,0.9089316987740804,0.8832789442200483,0.9023391645122826,0.8486094996683393,52,0.4055944055944055,0.3173412698412698,0.3076066319851404,-0.0040359659982261,85,49
2,select_coverage,2.0,majority,0.6409807355516638,0.4741096577535981,0.4687765322095044,0.4017981669372549,205,0.4615384615384615,0.316468253968254,0.2224771991762283,-0.0852733122094683,77,49
2,select_coverage,2.0,cmar,0.861646234676007,0.8046637418943355,0.8421228225013927,0.7737677004530291,79,0.4265734265734265,0.3079365079365079,0.2697987907622163,-0.0306618691586024,82,49
2,select_coverage,2.0,top_k_avg,0.8178633975481612,0.7494385413240995,0.7857765649062415,0.6950603536548325,104,0.4335664335664335,0.323611111111111,0.2952546699153034,-0.0013898269573645,81,49
2,select_coverage,2.0,list,0.8896672504378283,0.8701964268511783,0.8844906753848013,0.8155659053404802,63,0.4265734265734265,0.3467460317460317,0.3425641025641026,0.0458079784934695,82,49
2,select_coverage,3.0,majority,0.6549912434325744,0.4926689045800054,0.4950854700854701,0.4294916975025641,197,0.4615384615384615,0.316468253968254,0.2224771991762283,-0.0852733122094683,77,49
2,select_coverage,3.0,cmar,0.851138353765324,0.7961587513067058,0.8330540974563035,0.7542652758397332,85,0.4055944055944055,0.291468253968254,0.2537878787878788,-0.0701207451994722,85,49
2,select_coverage,3.0,top_k_avg,0.7793345008756567,0.7001992095499975,0.7348329871588875,0.626546632835288,126,0.4265734265734265,0.3252380952380952,0.3047892278661509,-0.0124693262390646,82,49
2,select_coverage,3.0,list,0.87215411558669,0.8571179979286908,0.8667007622369969,0.7866471789708983,73,0.4195804195804196,0.3527380952380952,0.3515881844024224,0.0478150932310297,83,49
2,select_coverage,4.0,majority,0.6760070052539404,0.5203493475222865,0.5306618798516283,0.4666792341135635,185,0.4475524475524475,0.3047619047619047,0.2091503267973856,-0.1196260069187678,79,49
2,select_coverage,4.0,cmar,0.8528896672504378,0.8030683534574331,0.835227577233869,0.754829416176507,84,0.4055944055944055,0.291468253968254,0.2544740288083806,-0.06466646039655,85,49
2,select_coverage,4.0,top_k_avg,0.7600700525394045,0.6750297115064469,0.7069130135399967,0.5916006865109877,137,0.4195804195804196,0.3182936507936508,0.2973103692179089,-0.0234850003777086,83,49
2,select_coverage,4.0,list,0.8546409807355516,0.8460804703348718,0.8494900812620082,0.7591685363004314,83,0.4125874125874126,0.3479761904761904,0.3471338356130982,0.0397746856158571,84,49
2,select_coverage_CBA_M1,,majority,0.8844133099824869,0.8386387313346453,0.8753152129672287,0.8148530925164895,66,0.4265734265734265,0.3294444444444444,0.3138334565163833,0.0121083863393242,82,49
2,select_coverage_CBA_M1,,cmar,0.8844133099824869,0.8386387313346453,0.8753152129672287,0.8148530925164895,66,0.4265734265734265,0.3294444444444444,0.3142663569492838,0.0159633155376756,82,49
2,select_coverage_CBA_M1,,top_k_avg,0.8844133099824869,0.8386387313346453,0.8753152129672287,0.8148530925164895,66,0.4195804195804196,0.3224999999999999,0.304404996712689,-0.0127512042194357,83,49
2,select_coverage_CBA_M1,,list,0.8844133099824869,0.8386387313346453,0.8753152129672287,0.8148530925164895,66,0.4265734265734265,0.3294444444444444,0.3147500832263281,0.0197649845506352,82,49
1,select_coverage,1.0,majority,0.6619964973730298,0.5178282390466717,0.5383725314896894,0.449008906687643,193,0.5104895104895105,0.3453715234537152,0.2734414278531925,0.0479420171039694,70,63
1,select_coverage,1.0,cmar,0.8861646234676007,0.8404861244225993,0.8707850337301369,0.8136178803105056,65,0.3916083916083916,0.2910479931027876,0.2728833336912713,-0.0892175523002219,87,63
1,select_coverage,1.0,top_k_avg,0.8651488616462347,0.8059156094563541,0.8391705762059424,0.7776127663611772,77,0.3846153846153846,0.2864817830571255,0.2687876111039594,-0.1031415579455833,88,63
1,select_coverage,1.0,list,0.9124343257443084,0.8883915240072491,0.9050356967239848,0.8553898227757188,50,0.3706293706293706,0.2743398154357058,0.2579078217632435,-0.1178282088214353,90,63
1,select_coverage,2.0,majority,0.6339754816112084,0.4744035738047714,0.4740615283947513,0.3968380518081322,209,0.5174825174825175,0.3469281859692819,0.2651449205274527,0.0693200725022547,69,63
1,select_coverage,2.0,cmar,0.8704028021015762,0.8157478958312074,0.8481312669945674,0.7880292760585924,74,0.4335664335664335,0.3184452533767602,0.2947261072261072,-0.0293256780634691,81,63
1,select_coverage,2.0,top_k_avg,0.8318739054290718,0.7556106770373888,0.7884333933608852,0.7211805570506712,96,0.3846153846153846,0.2864817830571255,0.2686851168283529,-0.1073441346499883,88,63
1,select_coverage,2.0,list,0.9019264448336252,0.879059018449802,0.8945151723487147,0.8375599594100505,56,0.3566433566433566,0.2652073953443816,0.2512657297115607,-0.1284282789551154,92,63
1,select_coverage,3.0,majority,0.6357267950963222,0.4752209865982321,0.4739831779160104,0.3999273094557351,208,0.5034965034965035,0.3347862183478622,0.2483799206886545,0.0004813893923767,71,63
1,select_coverage,3.0,cmar,0.8598949211908932,0.8028796047020469,0.8344869459623557,0.7694635038333532,80,0.4125874125874126,0.3130009260146246,0.3004242632725605,-0.0509671366847117,84,63
1,select_coverage,3.0,top_k_avg,0.8003502626970228,0.709658942983598,0.7421172273112312,0.6679391167974774,114,0.4195804195804196,0.3123223808155315,0.2907974756167527,-0.0614151510336585,83,63
1,select_coverage,3.0,list,0.8896672504378283,0.8683142712822485,0.8820726152197214,0.8165427221959725,63,0.3706293706293706,0.285603665740652,0.2778410594502548,-0.0953730758197085,90,63
1,select_coverage,4.0,majority,0.6514886164623468,0.4967208440262332,0.5052897439472094,0.4306451643188296,199,0.5104895104895105,0.3423619759236198,0.2622222222222222,0.038371113776049,70,63
1,select_coverage,4.0,cmar,0.8476357267950964,0.7830145728609669,0.817446737949985,0.749395155262159,87,0.4055944055944055,0.3084347159689626,0.2966486571137733,-0.0691502933730802,85,63
1,select_coverage,4.0,top_k_avg,0.7775831873905429,0.6816400007756426,0.7120569379654721,0.6272325919064865,127,0.4335664335664335,0.3214548009068557,0.2981540930979133,-0.0431529374025638,81,63
1,select_coverage,4.0,list,0.8739054290718039,0.8582808264661949,0.867149994122497,0.7902589893955352,72,0.3776223776223776,0.2931794233164096,0.2858452950558214,-0.0754560000448505,89,63
1,select_coverage_CBA_M1,,majority,0.8739054290718039,0.823286759813706,0.8623223405518825,0.7991942901236452,72,0.3916083916083916,0.2910479931027876,0.2730191491801398,-0.0905058376571193,87,63
1,select_coverage_CBA_M1,,cmar,0.8739054290718039,0.823286759813706,0.8623223405518825,0.7991942901236452,72,0.3916083916083916,0.2940575406328831,0.2774439211772254,-0.0841122765417332,87,63
1,select_coverage_CBA_M1,,top_k_avg,0.8739054290718039,0.823286759813706,0.8623223405518825,0.7991942901236452,72,0.3916083916083916,0.2880384455726921,0.2679862205873766,-0.0991460934641085,87,63
1,select_coverage_CBA_M1,,list,0.8739054290718039,0.823286759813706,0.8623223405518825,0.7991942901236452,72,0.3916083916083916,0.2880384455726921,0.2682359253791514,-0.0971609306865562,87,63
2,select_coverage,1.0,majority,0.6619964973730298,0.5178282390466717,0.5383725314896894,0.449008906687643,193,0.5104895104895105,0.3453715234537152,0.2734414278531925,0.0479420171039694,70,63
2,select_coverage,1.0,cmar,0.8861646234676007,0.8404861244225993,0.8707850337301369,0.8136178803105056,65,0.3916083916083916,0.2910479931027876,0.2728833336912713,-0.0892175523002219,87,63
2,select_coverage,1.0,top_k_avg,0.8651488616462347,0.8059156094563541,0.8391705762059424,0.7776127663611772,77,0.3846153846153846,0.2864817830571255,0.2687876111039594,-0.1031415579455833,88,63
2,select_coverage,1.0,list,0.9124343257443084,0.8883915240072491,0.9050356967239848,0.8553898227757188,50,0.3636363636363636,0.2727831529201392,0.2585120306050538,-0.1209383930790905,91,63
2,select_coverage,2.0,majority,0.6339754816112084,0.4744035738047714,0.4740615283947513,0.3968380518081322,209,0.5174825174825175,0.3469281859692819,0.2651449205274527,0.0693200725022547,69,63
2,select_coverage,2.0,cmar,0.8686514886164624,0.8137518878471756,0.846424243425199,0.785238257654413,75,0.4335664335664335,0.3184452533767602,0.2947261072261072,-0.0293256780634691,81,63
2,select_coverage,2.0,top_k_avg,0.8353765323992994,0.760781288196024,0.793752994691639,0.7271838844964341,94,0.3846153846153846,0.2864817830571255,0.2686851168283529,-0.1073441346499883,88,63
2,select_coverage,2.0,list,0.9019264448336252,0.879059018449802,0.8945151723487147,0.8375599594100505,56,0.3496503496503496,0.263650732828815,0.2515657188348932,-0.1316100654283863,93,63
2,select_coverage,3.0,majority,0.6357267950963222,0.4752209865982321,0.4739831779160104,0.3999273094557351,208,0.5034965034965035,0.3347862183478622,0.2483799206886545,0.0004813893923767,71,63
2,select_coverage,3.0,cmar,0.8598949211908932,0.8028796047020469,0.8344869459623557,0.7694635038333532,80,0.4125874125874126,0.3130009260146246,0.3004242632725605,-0.0509671366847117,84,63
2,select_coverage,3.0,top_k_avg,0.8003502626970228,0.709658942983598,0.7421172273112312,0.6679391167974774,114,0.4195804195804196,0.3123223808155315,0.2907974756167527,-0.0614151510336585,83,63
2,select_coverage,3.0,list,0.8896672504378283,0.8683142712822485,0.8820726152197214,0.8165427221959725,63,0.3636363636363636,0.2840470032250854,0.2778249948061269,-0.0990433231321383,91,63
2,select_coverage,4.0,majority,0.6514886164623468,0.4967208440262332,0.5052897439472094,0.4306451643188296,199,0.5104895104895105,0.3423619759236198,0.2622222222222222,0.038371113776049,70,63
2,select_coverage,4.0,cmar,0.8476357267950964,0.7830145728609669,0.817446737949985,0.749395155262159,87,0.4055944055944055,0.3084347159689626,0.2966486571137733,-0.0691502933730802,85,63
2,select_coverage,4.0,top_k_avg,0.7775831873905429,0.6816400007756426,0.7120569379654721,0.6272325919064865,127,0.4335664335664335,0.3214548009068557,0.2981540930979133,-0.0431529374025638,81,63
2,select_coverage,4.0,list,0.8739054290718039,0.8582808264661949,0.867149994122497,0.7902589893955352,72,0.3776223776223776,0.2991985183766005,0.2929844119775469,-0.0645497558752803,89,63
2,select_coverage_CBA_M1,,majority,0.8739054290718039,0.823286759813706,0.8623223405518825,0.7991942901236452,72,0.3846153846153846,0.2864817830571255,0.269249163079866,-0.1003747787561771,88,63
2,select_coverage_CBA_M1,,cmar,0.8739054290718039,0.823286759813706,0.8623223405518825,0.7991942901236452,72,0.3916083916083916,0.2940575406328831,0.2774439211772254,-0.0841122765417332,87,63
2,select_coverage_CBA_M1,,top_k_avg,0.8739054290718039,0.823286759813706,0.8623223405518825,0.7991942901236452,72,0.3916083916083916,0.2880384455726921,0.2679862205873766,-0.0991460934641085,87,63
2,select_coverage_CBA_M1,,list,0.8739054290718039,0.823286759813706,0.8623223405518825,0.7991942901236452,72,0.3846153846153846,0.2864817830571255,0.269249163079866,-0.1003747787561771,88,63
1,select_coverage,1.0,majority,0.6129597197898424,0.4545457685905762,0.4457261486490463,0.356410830106415,221,0.5244755244755245,0.3427272727272727,0.2672314208702349,0.0456494095292659,68,64
1,select_coverage,1.0,cmar,0.8669001751313485,0.8173467093943897,0.8532373089573029,0.7860227462764895,76,0.4125874125874126,0.2935858585858585,0.279040404040404,-0.0545761141086079,84,64
1,select_coverage,1.0,top_k_avg,0.8844133099824869,0.8445417607467339,0.8714944229697953,0.8096591571840136,66,0.4055944055944055,0.3016666666666666,0.2939099911496581,-0.0447698425728664,85,64
1,select_coverage,1.0,list,0.9089316987740804,0.8870362110983671,0.9059966351209252,0.8501819537473471,52,0.3636363636363636,0.2719191919191919,0.2647705121389332,-0.1059087641340783,91,64
1,select_coverage,2.0,majority,0.6094570928196147,0.4471959821820847,0.4324401796794435,0.3479728536940065,223,0.5244755244755245,0.3395959595959596,0.2557831245443097,0.0388130066712905,68,64
1,select_coverage,2.0,cmar,0.8704028021015762,0.8242053292326577,0.8590322980224804,0.7903813306892885,74,0.4265734265734265,0.3087373737373737,0.2969896004378762,-0.0255071446539882,82,64
1,select_coverage,2.0,top_k_avg,0.8371278458844134,0.7736151096906222,0.8098039215686276,0.7319555450967423,93,0.4125874125874126,0.3155555555555555,0.3100862852459545,-0.0293371977158892,84,64
1,select_coverage,2.0,list,0.8914185639229422,0.874065519484961,0.8880939247903253,0.8201543063642657,62,0.3706293706293706,0.2952020202020202,0.2938146475700948,-0.0632834121055813,90,64
1,select_coverage,3.0,majority,0.6339754816112084,0.4796171212124352,0.4810694620704835,0.3986851878893812,209,0.5244755244755245,0.3395959595959596,0.2557831245443097,0.0388130066712905,68,64
1,select_coverage,3.0,cmar,0.8633975481611208,0.8194704081248748,0.8513903890753985,0.7760441830295253,78,0.4055944055944055,0.2985858585858585,0.2867605433576783,-0.0578411698858768,85,64
1,select_coverage,3.0,top_k_avg,0.8038528896672504,0.733343784754981,0.7676227462610554,0.6736561024872839,112,0.4475524475524475,0.3409090909090909,0.3349317738791422,0.0183704039454944,79,64
1,select_coverage,3.0,list,0.882661996497373,0.8675801736782579,0.8789611611903685,0.8055263318527259,67,0.3916083916083916,0.3179292929292929,0.3176203242856326,-0.0198500428764914,87,64
1,select_coverage,4.0,majority,0.6514886164623468,0.5006964578662304,0.5090241509727895,0.432030597057526,199,0.5174825174825175,0.3351515151515151,0.2531298904538341,0.0077408908160284,69,64
1,select_coverage,4.0,cmar,0.851138353765324,0.803887928852952,0.8352137987811612,0.7548158157641046,85,0.4405594405594406,0.3365151515151515,0.329075384788226,0.0117312520796299,80,64
1,select_coverage,4.0,top_k_avg,0.7828371278458844,0.7010657246820434,0.7328243888996524,0.6368624737870057,124,0.4475524475524475,0.3440404040404041,0.3377748167888074,0.0112520291852292,79,64
1,select_coverage,4.0,list,0.8739054290718039,0.859975571058079,0.8692688948844829,0.7910648012798845,72,0.3986013986013986,0.3255050505050505,0.3249774634213993,-0.007209840939145,86,64
1,select_coverage_CBA_M1,,majority,0.8931698774080561,0.8547391198910589,0.8873358390278284,0.8303580922248597,61,0.3986013986013986,0.2972727272727273,0.2895675178283873,-0.05128532576251,86,64
1,select_coverage_CBA_M1,,cmar,0.8931698774080561,0.8547391198910589,0.8873358390278284,0.8303580922248597,61,0.4055944055944055,0.3142929292929293,0.310365628112107,-0.0230877945124262,85,64
1,select_coverage_CBA_M1,,top_k_avg,0.8931698774080561,0.8547391198910589,0.8873358390278284,0.8303580922248597,61,0.3916083916083916,0.2896969696969697,0.2796710546503421,-0.0720008397476213,87,64
1,select_coverage_CBA_M1,,list,0.8931698774080561,0.8547391198910589,0.8873358390278284,0.8303580922248597,61,0.3916083916083916,0.2896969696969697,0.2796710546503421,-0.0720008397476213,87,64
2,select_coverage,1.0,majority,0.6129597197898424,0.4545457685905762,0.4457261486490463,0.356410830106415,221,0.5244755244755245,0.3427272727272727,0.2672314208702349,0.0456494095292659,68,64
2,select_coverage,1.0,cmar,0.8669001751313485,0.8173467093943897,0.8532373089573029,0.7860227462764895,76,0.4125874125874126,0.2935858585858585,0.279040404040404,-0.0545761141086079,84,64
2,select_coverage,1.0,top_k_avg,0.8844133099824869,0.8445417607467339,0.8714944229697953,0.8096591571840136,66,0.4055944055944055,0.3016666666666666,0.2939099911496581,-0.0447698425728664,85,64
2,select_coverage,1.0,list,0.9089316987740804,0.8870362110983671,0.9059966351209252,0.8501819537473471,52,0.3566433566433566,0.2737878787878788,0.2665736616522396,-0.1028411058199582,92,64
2,select_coverage,2.0,majority,0.6094570928196147,0.4471959821820847,0.4324401796794435,0.3479728536940065,223,0.5244755244755245,0.3395959595959596,0.2557831245443097,0.0388130066712905,68,64
2,select_coverage,2.0,cmar,0.8704028021015762,0.8242053292326577,0.8590322980224804,0.7903813306892885,74,0.4265734265734265,0.3087373737373737,0.2969896004378762,-0.0255071446539882,82,64
2,select_coverage,2.0,top_k_avg,0.8371278458844134,0.7736151096906222,0.8098039215686276,0.7319555450967423,93,0.4125874125874126,0.3155555555555555,0.3100862852459545,-0.0293371977158892,84,64
2,select_coverage,2.0,list,0.8914185639229422,0.874065519484961,0.8880939247903253,0.8201543063642657,62,0.3636363636363636,0.3033838383838383,0.2989356322689656,-0.0576369423232521,91,64
2,select_coverage,3.0,majority,0.6339754816112084,0.4796171212124352,0.4810694620704835,0.3986851878893812,209,0.5244755244755245,0.3395959595959596,0.2557831245443097,0.0388130066712905,68,64
2,select_coverage,3.0,cmar,0.8633975481611208,0.8194704081248748,0.8513903890753985,0.7760441830295253,78,0.4055944055944055,0.2985858585858585,0.2867605433576783,-0.0578411698858768,85,64
2,select_coverage,3.0,top_k_avg,0.8038528896672504,0.733343784754981,0.7676227462610554,0.6736561024872839,112,0.4475524475524475,0.3409090909090909,0.3349317738791422,0.0183704039454944,79,64
2,select_coverage,3.0,list,0.882661996497373,0.8675801736782579,0.8784036877960761,0.8055903269949881,67,0.3846153846153846,0.3261111111111111,0.3244488049491728,-0.0148083239830795,88,64
2,select_coverage,4.0,majority,0.6514886164623468,0.5006964578662304,0.5090241509727895,0.432030597057526,199,0.5174825174825175,0.3351515151515151,0.2531298904538341,0.0077408908160284,69,64
2,select_coverage,4.0,cmar,0.851138353765324,0.803887928852952,0.8352137987811612,0.7548158157641046,85,0.4405594405594406,0.3365151515151515,0.329075384788226,0.0117312520796299,80,64
2,select_coverage,4.0,top_k_avg,0.7828371278458844,0.7010657246820434,0.7328243888996524,0.6368624737870057,124,0.4475524475524475,0.3440404040404041,0.3377748167888074,0.0112520291852292,79,64
2,select_coverage,4.0,list,0.8739054290718039,0.859975571058079,0.8687248546337406,0.7911255837189731,72,0.3916083916083916,0.3336868686868686,0.3326227040048178,-0.0007260573284972,87,64
2,select_coverage_CBA_M1,,majority,0.8931698774080561,0.8547391198910589,0.8873358390278284,0.8303580922248597,61,0.3916083916083916,0.2991414141414141,0.291265584772484,-0.0537092971407152,87,64
2,select_coverage_CBA_M1,,cmar,0.8931698774080561,0.8547391198910589,0.8873358390278284,0.8303580922248597,61,0.4055944055944055,0.3142929292929293,0.310365628112107,-0.0230877945124262,85,64
2,select_coverage_CBA_M1,,top_k_avg,0.8931698774080561,0.8547391198910589,0.8873358390278284,0.8303580922248597,61,0.3986013986013986,0.3035858585858585,0.294458653026428,-0.0574658576736471,86,64
2,select_coverage_CBA_M1,,list,0.8931698774080561,0.8547391198910589,0.8873358390278284,0.8303580922248597,61,0.3846153846153846,0.2915656565656565,0.2813632119514472,-0.069323060413837,88,64
1,select_coverage,1.0,majority,0.712784588441331,0.6020564231090547,0.6375324559047363,0.55261329051627,164,0.5664335664335665,0.3409961685823754,0.3022517534145441,0.0024115832813534,62,65
1,select_coverage,1.0,cmar,0.8879159369527145,0.853838120943384,0.8817009144933747,0.821624539013187,64,0.4685314685314685,0.318007662835249,0.2994505494505494,-0.0046944880227531,76,65
1,select_coverage,1.0,top_k_avg,0.9036777583187392,0.8837590771801298,0.8971599120721604,0.8425612021881822,55,0.4125874125874126,0.2873563218390804,0.2707337793352448,-0.0546405659809356,84,65
1,select_coverage,1.0,list,0.9229422066549912,0.9115352483773536,0.9203942085489362,0.8743089219307792,44,0.3916083916083916,0.2605363984674329,0.2487137383689107,-0.1036736058336991,87,65
1,select_coverage,2.0,majority,0.7600700525394045,0.6507952573742047,0.6839468325877481,0.623079523675638,137,0.5174825174825175,0.3141762452107279,0.2789243277048155,-0.049196909128583,69,65
1,select_coverage,2.0,cmar,0.8949211908931699,0.8679326521431786,0.8877923976608187,0.8300059770676921,60,0.4545454545454545,0.3103448275862069,0.2907131011608623,-0.0206569533586646,78,65
1,select_coverage,2.0,top_k_avg,0.840630472854641,0.7874558190347664,0.8130934280871785,0.7385536677459341,91,0.4195804195804196,0.2988505747126437,0.275479160328567,-0.0485332617528855,83,65
1,select_coverage,2.0,list,0.9124343257443084,0.9025319709530236,0.909714821047272,0.8571568394132656,50,0.3706293706293706,0.264367816091954,0.2529292929292929,-0.0908981219223354,90,65
1,select_coverage,3.0,majority,0.7443082311733801,0.6382832080200501,0.6699713733286874,0.5898263943549669,146,0.5314685314685315,0.3295019157088122,0.2937751903269145,-0.0005915856641195,67,65
1,select_coverage,3.0,cmar,0.8598949211908932,0.828306342780027,0.8490414691224727,0.7706506152876103,80,0.4545454545454545,0.318007662835249,0.2966943494544862,-0.0097624171554931,78,65
1,select_coverage,3.0,top_k_avg,0.8038528896672504,0.73734335839599,0.765015671656461,0.6769223906144464,112,0.4545454545454545,0.318007662835249,0.2919144496609285,-0.0216573541642217,78,65
1,select_coverage,3.0,list,0.8949211908931699,0.8888503309555942,0.8917161093131968,0.8289099653522038,60,0.3426573426573426,0.2490421455938697,0.2372828052519852,-0.1191032302201296,94,65
1,select_coverage,4.0,majority,0.7267950963222417,0.6171711329606067,0.6449692124312275,0.5576579495064219,156,0.5314685314685315,0.3295019157088122,0.2937751903269145,-0.0005915856641195,67,65
1,select_coverage,4.0,cmar,0.8371278458844134,0.795593149540518,0.8248306160776506,0.7337623908766387,93,0.4615384615384615,0.3303533418475947,0.3145459755997707,0.0088674265114183,77,65
1,select_coverage,4.0,top_k_avg,0.7880910683012259,0.7193866075445022,0.746247958715989,0.6498225999693054,121,0.4685314685314685,0.3358876117496807,0.3333333333333333,0.0054434356774089,76,65
1,select_coverage,4.0,list,0.8861646234676007,0.8809668401773666,0.8815004056716763,0.8150612937034166,65,0.3426573426573426,0.2660706683695189,0.259226494718356,-0.0977679205453597,94,65
1,select_coverage_CBA_M1,,majority,0.8879159369527145,0.8484432234432234,0.8808138686341095,0.8249264201655812,64,0.4335664335664335,0.2911877394636015,0.2754949355432781,-0.0656641167654768,81,65
1,select_coverage_CBA_M1,,cmar,0.8879159369527145,0.8484432234432234,0.8808138686341095,0.8249264201655812,64,0.4335664335664335,0.2988505747126437,0.2830552718193168,-0.0483731887064224,81,65
1,select_coverage_CBA_M1,,top_k_avg,0.8879159369527145,0.8484432234432234,0.8808138686341095,0.8249264201655812,64,0.4265734265734265,0.2796934865900383,0.2649572649572649,-0.0848865800085241,82,65
1,select_coverage_CBA_M1,,list,0.8879159369527145,0.8484432234432234,0.8808138686341095,0.8249264201655812,64,0.4265734265734265,0.2796934865900383,0.2649572649572649,-0.0848865800085241,82,65
2,select_coverage,1.0,majority,0.712784588441331,0.6020564231090547,0.6375324559047363,0.55261329051627,164,0.5664335664335665,0.3409961685823754,0.3022517534145441,0.0024115832813534,62,65
2,select_coverage,1.0,cmar,0.8879159369527145,0.853838120943384,0.8817009144933747,0.821624539013187,64,0.4685314685314685,0.318007662835249,0.2994505494505494,-0.0046944880227531,76,65
2,select_coverage,1.0,top_k_avg,0.9036777583187392,0.8837590771801298,0.8971599120721604,0.8425612021881822,55,0.4125874125874126,0.2873563218390804,0.2707337793352448,-0.0546405659809356,84,65
2,select_coverage,1.0,list,0.9229422066549912,0.9115352483773536,0.9203942085489362,0.8743089219307792,44,0.3916083916083916,0.2605363984674329,0.2498210845031654,-0.0976581623112703,87,65
2,select_coverage,2.0,majority,0.7600700525394045,0.6507952573742047,0.6839468325877481,0.623079523675638,137,0.5174825174825175,0.3141762452107279,0.2789243277048155,-0.049196909128583,69,65
2,select_coverage,2.0,cmar,0.8949211908931699,0.8679326521431786,0.8877923976608187,0.8300059770676921,60,0.4545454545454545,0.3103448275862069,0.2907131011608623,-0.0206569533586646,78,65
2,select_coverage,2.0,top_k_avg,0.840630472854641,0.7874558190347664,0.8130934280871785,0.7385536677459341,91,0.4195804195804196,0.2988505747126437,0.275479160328567,-0.0485332617528855,83,65
2,select_coverage,2.0,list,0.9124343257443084,0.9025319709530236,0.909714821047272,0.8571568394132656,50,0.3706293706293706,0.264367816091954,0.2540379403794038,-0.0853084573432279,90,65
2,select_coverage,3.0,majority,0.7443082311733801,0.6382832080200501,0.6699713733286874,0.5898263943549669,146,0.5314685314685315,0.3295019157088122,0.2937751903269145,-0.0005915856641195,67,65
2,select_coverage,3.0,cmar,0.8598949211908932,0.828306342780027,0.8490414691224727,0.7706506152876103,80,0.4545454545454545,0.318007662835249,0.2966943494544862,-0.0097624171554931,78,65
2,select_coverage,3.0,top_k_avg,0.8038528896672504,0.73734335839599,0.765015671656461,0.6769223906144464,112,0.4545454545454545,0.318007662835249,0.2919144496609285,-0.0216573541642217,78,65
2,select_coverage,3.0,list,0.8949211908931699,0.8888503309555942,0.8917161093131968,0.8289099653522038,60,0.3426573426573426,0.2490421455938697,0.23834388185654,-0.1134720560651772,94,65
2,select_coverage,4.0,majority,0.7250437828371279,0.6139660047554785,0.6401832749914526,0.5541609715912076,157,0.5314685314685315,0.3295019157088122,0.2937751903269145,-0.0005915856641195,67,65
2,select_coverage,4.0,cmar,0.8371278458844134,0.795593149540518,0.8248306160776506,0.7337623908766387,93,0.4615384615384615,0.3303533418475947,0.3145459755997707,0.0088674265114183,77,65
2,select_coverage,4.0,top_k_avg,0.7880910683012259,0.7193866075445022,0.746247958715989,0.6498225999693054,121,0.4685314685314685,0.3358876117496807,0.3333333333333333,0.0054434356774089,76,65
2,select_coverage,4.0,list,0.8861646234676007,0.8809668401773666,0.8815004056716763,0.8150612937034166,65,0.3426573426573426,0.2660706683695189,0.2597211724195851,-0.0923455625234471,94,65
2,select_coverage_CBA_M1,,majority,0.8879159369527145,0.8484432234432234,0.8808138686341095,0.8249264201655812,64,0.4335664335664335,0.2911877394636015,0.2766203703703704,-0.0596153691144482,81,65
2,select_coverage_CBA_M1,,cmar,0.8879159369527145,0.8484432234432234,0.8808138686341095,0.8249264201655812,64,0.4335664335664335,0.2988505747126437,0.2830552718193168,-0.0483731887064224,81,65
2,select_coverage_CBA_M1,,top_k_avg,0.8879159369527145,0.8484432234432234,0.8808138686341095,0.8249264201655812,64,0.4265734265734265,0.2796934865900383,0.2649572649572649,-0.0848865800085241,82,65
2,select_coverage_CBA_M1,,list,0.8879159369527145,0.8484432234432234,0.8808138686341095,0.8249264201655812,64,0.4265734265734265,0.2796934865900383,0.2660703323686749,-0.0786427686930115,82,65
1,select_coverage,1.0,majority,0.5919439579684763,0.4167588871415535,0.3810870266472679,0.3085206772655859,233,0.5104895104895105,0.3298039215686274,0.2418429250696835,-0.032707252912605,70,68
1,select_coverage,1.0,cmar,0.8371278458844134,0.7689440270254528,0.8144700796929815,0.7409411653268537,93,0.4755244755244755,0.3558169934640522,0.3358438511258739,0.0432174203988341,75,68
1,select_coverage,1.0,top_k_avg,0.8739054290718039,0.8107747637714439,0.8469812895394169,0.7940137953402333,72,0.4755244755244755,0.3665359477124183,0.3575919732441471,0.0704733941567671,75,68
1,select_coverage,1.0,list,0.915936952714536,0.8839298689027851,0.9067985166740486,0.8619755653548876,48,0.4615384615384615,0.3683660130718955,0.36125116713352,0.0669260509366336,77,68
1,select_coverage,2.0,majority,0.6164623467600701,0.4462306094317277,0.4269201597420218,0.361989231131912,219,0.4895104895104895,0.3111111111111111,0.220125786163522,-0.1034090547367081,73,68
1,select_coverage,2.0,cmar,0.8563922942206655,0.7943192187469664,0.8355382781021085,0.769945337046094,82,0.4755244755244755,0.3558169934640522,0.3355826661583429,0.0433034681105064,75,68
1,select_coverage,2.0,top_k_avg,0.809106830122592,0.7145652263014952,0.7500592431839158,0.6820817797804313,109,0.4895104895104895,0.3861437908496732,0.3785261250377529,0.1066018953440659,73,68
1,select_coverage,2.0,list,0.9019264448336252,0.874190288541736,0.8935001556959485,0.836881029381293,56,0.4405594405594406,0.3603921568627451,0.3542145422349558,0.0492822826558188,80,68
1,select_coverage,3.0,majority,0.6357267950963222,0.4684994272623138,0.4584212545559179,0.4002936508033115,208,0.4825174825174825,0.3120261437908496,0.2331002331002331,-0.0776557874330485,74,68
1,select_coverage,3.0,cmar,0.851138353765324,0.7839785628824011,0.8252796745126428,0.7590122135817172,85,0.4545454545454545,0.3424836601307189,0.3284796528883075,0.0198869571494509,78,68
1,select_coverage,3.0,top_k_avg,0.7933450087565674,0.6944469448400952,0.727275347121513,0.6533005115269588,118,0.4755244755244755,0.3718954248366013,0.3604107258020653,0.0813026896886264,75,68
1,select_coverage,3.0,list,0.8861646234676007,0.8633283737250189,0.8797044210339008,0.8097699476426377,65,0.4405594405594406,0.3711111111111111,0.3706026701807293,0.0618629535175981,80,68
1,select_coverage,4.0,majority,0.6462346760070052,0.4813520492360261,0.4765774800366847,0.4204561522373789,202,0.4825174825174825,0.3120261437908496,0.2338164251207729,-0.0675200469110312,74,68
1,select_coverage,4.0,cmar,0.830122591943958,0.7543119077861928,0.7941347061081706,0.7207944465432569,97,0.4615384615384615,0.3469281045751634,0.3323414962989661,0.0298561536685612,77,68
1,select_coverage,4.0,top_k_avg,0.7793345008756567,0.6800791811567045,0.7083464326833603,0.6267977180381313,126,0.4685314685314685,0.3620915032679738,0.3513078470824949,0.0581898187330019,76,68
1,select_coverage,4.0,list,0.861646234676007,0.845301599684499,0.8512773948689945,0.7699421893720301,79,0.4475524475524475,0.3809150326797385,0.3792074592074592,0.0798630674921388,79,68
1,select_coverage_CBA_M1,,majority,0.8861646234676007,0.840312967169511,0.8763996065636229,0.8180642797832591,65,0.4755244755244755,0.3772549019607843,0.3694626175829183,0.0828505379516509,75,68
1,select_coverage_CBA_M1,,cmar,0.8861646234676007,0.840312967169511,0.8763996065636229,0.8180642797832591,65,0.4895104895104895,0.3968627450980392,0.392520239041479,0.1141636849714729,73,68
1,select_coverage_CBA_M1,,top_k_avg,0.8861646234676007,0.840312967169511,0.8763996065636229,0.8180642797832591,65,0.4825174825174825,0.3816993464052287,0.3735131977656894,0.0925813411652204,74,68
1,select_coverage_CBA_M1,,list,0.8861646234676007,0.840312967169511,0.8763996065636229,0.8180642797832591,65,0.4825174825174825,0.3816993464052287,0.3735131977656894,0.0925813411652204,74,68
2,select_coverage,1.0,majority,0.5919439579684763,0.4167588871415535,0.3810870266472679,0.3085206772655859,233,0.5104895104895105,0.3298039215686274,0.2418429250696835,-0.032707252912605,70,68
2,select_coverage,1.0,cmar,0.8371278458844134,0.7689440270254528,0.8144700796929815,0.7409411653268537,93,0.4825174825174825,0.3656209150326797,0.3467976467976468,0.0609233192053094,74,68
2,select_coverage,1.0,top_k_avg,0.8756567425569177,0.8126580029428186,0.8485763034235848,0.796811573117189,71,0.4755244755244755,0.3665359477124183,0.3575919732441471,0.0704733941567671,75,68
2,select_coverage,1.0,list,0.9176882661996496,0.88581310807416,0.9083884665126676,0.8647748377904456,47,0.4615384615384615,0.3737254901960785,0.3702594810379241,0.0700119824824601,77,68
2,select_coverage,2.0,majority,0.6164623467600701,0.4462306094317277,0.4269201597420218,0.361989231131912,219,0.4895104895104895,0.3111111111111111,0.220125786163522,-0.1034090547367081,73,68
2,select_coverage,2.0,cmar,0.8563922942206655,0.7943192187469664,0.8355382781021085,0.769945337046094,82,0.4755244755244755,0.3558169934640522,0.3355826661583429,0.0433034681105064,75,68
2,select_coverage,2.0,top_k_avg,0.809106830122592,0.7145652263014952,0.7500592431839158,0.6820817797804313,109,0.4895104895104895,0.3861437908496732,0.3785261250377529,0.1066018953440659,73,68
2,select_coverage,2.0,list,0.9019264448336252,0.874190288541736,0.8935001556959485,0.836881029381293,56,0.4405594405594406,0.3657516339869281,0.3628642550619918,0.052440179692216,80,68
2,select_coverage,3.0,majority,0.6357267950963222,0.4684994272623138,0.4584212545559179,0.4002936508033115,208,0.4825174825174825,0.3120261437908496,0.2331002331002331,-0.0776557874330485,74,68
2,select_coverage,3.0,cmar,0.851138353765324,0.7839785628824011,0.8252796745126428,0.7590122135817172,85,0.4545454545454545,0.3424836601307189,0.3284796528883075,0.0198869571494509,78,68
2,select_coverage,3.0,top_k_avg,0.7933450087565674,0.6944469448400952,0.727275347121513,0.6533005115269588,118,0.4755244755244755,0.3718954248366013,0.3604107258020653,0.0813026896886264,75,68
2,select_coverage,3.0,list,0.8861646234676007,0.8633283737250189,0.8797044210339008,0.8097699476426377,65,0.4405594405594406,0.3764705882352941,0.3776450986991079,0.0648249936718985,80,68
2,select_coverage,4.0,majority,0.6462346760070052,0.4813520492360261,0.4765774800366847,0.4204561522373789,202,0.4825174825174825,0.3120261437908496,0.2338164251207729,-0.0675200469110312,74,68
2,select_coverage,4.0,cmar,0.830122591943958,0.7543119077861928,0.7941347061081706,0.7207944465432569,97,0.4615384615384615,0.3469281045751634,0.3323414962989661,0.0298561536685612,77,68
2,select_coverage,4.0,top_k_avg,0.7793345008756567,0.6800791811567045,0.7083464326833603,0.6267977180381313,126,0.4685314685314685,0.3620915032679738,0.3513078470824949,0.0581898187330019,76,68
2,select_coverage,4.0,list,0.861646234676007,0.845301599684499,0.8512773948689945,0.7699421893720301,79,0.4475524475524475,0.3862745098039215,0.3862147376578616,0.0827027361818406,79,68
2,select_coverage_CBA_M1,,majority,0.8861646234676007,0.840312967169511,0.8763996065636229,0.8180642797832591,65,0.4825174825174825,0.3870588235294117,0.3828340080971659,0.0954920417873457,74,68
2,select_coverage_CBA_M1,,cmar,0.8861646234676007,0.840312967169511,0.8763996065636229,0.8180642797832591,65,0.4895104895104895,0.3968627450980392,0.392520239041479,0.1141636849714729,73,68
2,select_coverage_CBA_M1,,top_k_avg,0.8861646234676007,0.840312967169511,0.8763996065636229,0.8180642797832591,65,0.4825174825174825,0.3816993464052287,0.3735131977656894,0.0925813411652204,74,68
2,select_coverage_CBA_M1,,list,0.8861646234676007,0.840312967169511,0.8763996065636229,0.8180642797832591,65,0.4825174825174825,0.3870588235294117,0.3828340080971659,0.0954920417873457,74,68
1,select_coverage,1.0,majority,0.5971978984238179,0.417198204583038,0.386407939039518,0.3045954112492225,230,0.4755244755244755,0.3310789049919485,0.2279005056160711,-0.0167191263524393,75,74
1,select_coverage,1.0,cmar,0.8651488616462347,0.8056192933255054,0.8465154182027544,0.7809956262195803,77,0.3706293706293706,0.2910433672052862,0.2715538389603069,-0.0910648838169074,90,74
1,select_coverage,1.0,top_k_avg,0.8844133099824869,0.8309873155990298,0.8643329190184131,0.8085589828364659,66,0.3846153846153846,0.305858182020101,0.2870433332829633,-0.0579995216400123,88,74
1,select_coverage,1.0,list,0.915936952714536,0.8891068057904302,0.9089409421306612,0.8599577069582217,48,0.3706293706293706,0.3002831917374646,0.2902105850503214,-0.0663129286626572,90,74
1,select_coverage,2.0,majority,0.6112084063047285,0.4345224033388455,0.4136040766071802,0.3371947307009266,222,0.4685314685314685,0.3262479871175524,0.2251439037153323,-0.0503179942380575,76,74
1,select_coverage,2.0,cmar,0.8704028021015762,0.8199628254816976,0.8535183430350616,0.7859827345403027,74,0.3846153846153846,0.305858182020101,0.2870433332829633,-0.0579995216400123,88,74
1,select_coverage,2.0,top_k_avg,0.809106830122592,0.7229266512760418,0.7579964098118044,0.6788803839742432,109,0.4055944055944055,0.3203509356432894,0.2976005906238464,-0.0315951429036905,85,74
1,select_coverage,2.0,list,0.8949211908931699,0.872829699695696,0.8869401550112412,0.8237301266587254,60,0.3496503496503496,0.29351990671331,0.286526623847896,-0.0763576684796345,93,74
1,select_coverage,3.0,majority,0.6164623467600701,0.4405464997243877,0.4222773251213618,0.3486924821846873,219,0.4615384615384615,0.3188405797101449,0.2105263157894736,-0.1087804088585221,77,74
1,select_coverage,3.0,cmar,0.8493870402802102,0.7861389257281504,0.826927122950687,0.7525180298374984,86,0.4195804195804196,0.332589260925093,0.3095744321825115,-0.0079229160843863,83,74
1,select_coverage,3.0,top_k_avg,0.7758318739054291,0.6761583316375578,0.7066585005163889,0.6195260642515933,128,0.3986013986013986,0.3077905491698595,0.2817443026593353,-0.057238534519052,86,74
1,select_coverage,3.0,list,0.882661996497373,0.8611452215384543,0.8746709401709402,0.8029723199024872,67,0.3496503496503496,0.300183241712477,0.296198794670979,-0.0684307614277414,93,74
1,select_coverage,4.0,majority,0.6199649737302977,0.4429506026435386,0.4224175373681578,0.3503678138226197,217,0.4545454545454545,0.3140096618357488,0.2083333333333333,-0.1260598171437653,78,74
1,select_coverage,4.0,cmar,0.8423817863397548,0.7808305635666329,0.8201207308650119,0.739168687223469,90,0.4265734265734265,0.3374201787994891,0.3137914646896683,0.0029323174759537,82,74
1,select_coverage,4.0,top_k_avg,0.7548161120840631,0.6428903343913414,0.6663761418696929,0.5817212564004373,140,0.3916083916083916,0.3029596312954634,0.2778632249551574,-0.0678827165707785,87,74
1,select_coverage,4.0,list,0.87215411558669,0.8545445614724477,0.8652152874641094,0.7855714339122167,73,0.3496503496503496,0.3027597312454884,0.2986603624901497,-0.0628005555355653,93,74
1,select_coverage_CBA_M1,,majority,0.8914185639229422,0.8440034648397511,0.8806990318198938,0.8248302599118033,62,0.3566433566433566,0.2839580209895052,0.2693198033930553,-0.0939283302191554,92,74
1,select_coverage_CBA_M1,,cmar,0.8914185639229422,0.8440034648397511,0.8806990318198938,0.8248302599118033,62,0.3566433566433566,0.2839580209895052,0.2713256242668007,-0.0819240602551411,92,74
1,select_coverage_CBA_M1,,top_k_avg,0.8914185639229422,0.8440034648397511,0.8806990318198938,0.8248302599118033,62,0.3636363636363636,0.2862124493308901,0.2699129636799013,-0.0891829311905372,91,74
1,select_coverage_CBA_M1,,list,0.8914185639229422,0.8440034648397511,0.8806990318198938,0.8248302599118033,62,0.3636363636363636,0.2862124493308901,0.2699129636799013,-0.0891829311905372,91,74
2,select_coverage,1.0,majority,0.5971978984238179,0.417198204583038,0.386407939039518,0.3045954112492225,230,0.4755244755244755,0.3310789049919485,0.2279005056160711,-0.0167191263524393,75,74
2,select_coverage,1.0,cmar,0.8651488616462347,0.8056192933255054,0.8465154182027544,0.7809956262195803,77,0.3706293706293706,0.2910433672052862,0.2715538389603069,-0.0910648838169074,90,74
2,select_coverage,1.0,top_k_avg,0.8844133099824869,0.8309873155990298,0.8643329190184131,0.8085589828364659,66,0.3846153846153846,0.305858182020101,0.2870433332829633,-0.0579995216400123,88,74
2,select_coverage,1.0,list,0.915936952714536,0.8891068057904302,0.9089409421306612,0.8599577069582217,48,0.3636363636363636,0.2980287633960797,0.2899338612179866,-0.0638504588022487,91,74
2,select_coverage,2.0,majority,0.6112084063047285,0.4345224033388455,0.4136040766071802,0.3371947307009266,222,0.4685314685314685,0.3262479871175524,0.2251439037153323,-0.0503179942380575,76,74
2,select_coverage,2.0,cmar,0.8704028021015762,0.8199628254816976,0.8535183430350616,0.7859827345403027,74,0.3846153846153846,0.305858182020101,0.2870433332829633,-0.0579995216400123,88,74
2,select_coverage,2.0,top_k_avg,0.809106830122592,0.7229266512760418,0.7579964098118044,0.6788803839742432,109,0.4055944055944055,0.3203509356432894,0.2976005906238464,-0.0315951429036905,85,74
2,select_coverage,2.0,list,0.8931698774080561,0.8717295896846949,0.8848641719439646,0.820798471022789,61,0.3426573426573426,0.2912654783719251,0.2854247433740521,-0.0728377719050061,94,74
2,select_coverage,3.0,majority,0.6164623467600701,0.4405464997243877,0.4222773251213618,0.3486924821846873,219,0.4615384615384615,0.3188405797101449,0.2105263157894736,-0.1087804088585221,77,74
2,select_coverage,3.0,cmar,0.8493870402802102,0.7861389257281504,0.826927122950687,0.7525180298374984,86,0.4195804195804196,0.332589260925093,0.3095744321825115,-0.0079229160843863,83,74
2,select_coverage,3.0,top_k_avg,0.7758318739054291,0.6761583316375578,0.7066585005163889,0.6195260642515933,128,0.3986013986013986,0.3077905491698595,0.2817443026593353,-0.057238534519052,86,74
2,select_coverage,3.0,list,0.8809106830122592,0.8600451115274533,0.8726059519064701,0.8000737396540752,68,0.3426573426573426,0.2979288133710922,0.2941246733855916,-0.0652319139611138,94,74
2,select_coverage,4.0,majority,0.6199649737302977,0.4429506026435386,0.4224175373681578,0.3503678138226197,217,0.4545454545454545,0.3140096618357488,0.2083333333333333,-0.1260598171437653,78,74
2,select_coverage,4.0,cmar,0.8423817863397548,0.7808305635666329,0.8201207308650119,0.739168687223469,90,0.4265734265734265,0.3374201787994891,0.3137914646896683,0.0029323174759537,82,74
2,select_coverage,4.0,top_k_avg,0.7548161120840631,0.6428903343913414,0.6663761418696929,0.5817212564004373,140,0.3916083916083916,0.3029596312954634,0.2778632249551574,-0.0678827165707785,87,74
2,select_coverage,4.0,list,0.8704028021015762,0.8534444514614467,0.8631540103264657,0.7827430897836309,74,0.3426573426573426,0.3005053029041035,0.2963599708468519,-0.0598019284540919,94,74
2,select_coverage_CBA_M1,,majority,0.8914185639229422,0.8440034648397511,0.8806990318198938,0.8248302599118033,62,0.3566433566433566,0.2839580209895052,0.2693198033930553,-0.0939283302191554,92,74
2,select_coverage_CBA_M1,,cmar,0.8914185639229422,0.8440034648397511,0.8806990318198938,0.8248302599118033,62,0.3566433566433566,0.2839580209895052,0.2713256242668007,-0.0819240602551411,92,74
2,select_coverage_CBA_M1,,top_k_avg,0.8914185639229422,0.8440034648397511,0.8806990318198938,0.8248302599118033,62,0.3636363636363636,0.2862124493308901,0.2699129636799013,-0.0891829311905372,91,74
2,select_coverage_CBA_M1,,list,0.8914185639229422,0.8440034648397511,0.8806990318198938,0.8248302599118033,62,0.3566433566433566,0.2839580209895052,0.2706279732506784,-0.0858510519532125,92,74
1,select_coverage,1.0,majority,0.6427320490367776,0.4879539852719448,0.497644813860169,0.3980835466716017,204,0.4895104895104895,0.3410810318111385,0.2417582417582417,0.06409168992869,73,76
1,select_coverage,1.0,cmar,0.8669001751313485,0.8238036461874035,0.853167710132872,0.7804051172532033,76,0.4335664335664335,0.3553524226206753,0.3311532959791116,0.0347476380464783,81,76
1,select_coverage,1.0,top_k_avg,0.8581436077057794,0.8283100461944928,0.8456181838656307,0.7621894475176831,81,0.4475524475524475,0.3737646001796945,0.3660938654841094,0.073604114687535,79,76
1,select_coverage,1.0,list,0.882661996497373,0.8620929181525746,0.8745278551203972,0.8043770221112594,67,0.4335664335664335,0.3597275935257888,0.3455542650664602,0.0473315798148297,81,76
1,select_coverage,2.0,majority,0.6234676007005254,0.4599662497895359,0.4571413771413771,0.364430107617012,215,0.4895104895104895,0.342539422112843,0.2508687176879396,0.0613719851290943,73,76
1,select_coverage,2.0,cmar,0.8388791593695272,0.7874645692417342,0.8211142970273498,0.73360045793206,92,0.4335664335664335,0.342851934320351,0.3137419038104903,0.023744446521323,81,76
1,select_coverage,2.0,top_k_avg,0.8108581436077058,0.7616664198065376,0.7844182503792866,0.6806323083542482,108,0.4335664335664335,0.3545190567339869,0.3492895992895992,0.0480095357932332,81,76
1,select_coverage,2.0,list,0.8651488616462347,0.8490726287818656,0.8567248564344162,0.7750847551714336,77,0.4265734265734265,0.3717723348568303,0.365402425718708,0.0573532604797658,82,76
1,select_coverage,3.0,majority,0.6654991243432574,0.5201611300370544,0.5408532567803691,0.4397432583463599,191,0.4755244755244755,0.3343359766657552,0.2549369691067467,0.0139982006651899,75,76
1,select_coverage,3.0,cmar,0.8266199649737302,0.777922602386821,0.808094276710318,0.7098167446837311,99,0.4545454545454545,0.3742203471489772,0.3583309571333523,0.0741661956096893,78,76
1,select_coverage,3.0,top_k_avg,0.7758318739054291,0.7239556867079114,0.7484033785979992,0.6194355870565085,128,0.4405594405594406,0.3622667552117921,0.3596921596921597,0.0622744205102207,80,76
1,select_coverage,3.0,list,0.8493870402802102,0.8391716386828557,0.8420703075426202,0.7497288318022712,86,0.4475524475524475,0.3906402593851322,0.3875433562431957,0.0981108812239157,79,76
1,select_coverage,4.0,majority,0.6654991243432574,0.5231009176867053,0.544742076845994,0.4351949830882577,191,0.4825174825174825,0.3391668945401513,0.2579091406677613,0.0377566231771812,74,76
1,select_coverage,4.0,cmar,0.8126094570928196,0.7662709308905574,0.7937467114509166,0.6841109544710657,107,0.4475524475524475,0.3708478195762855,0.3582921143896753,0.0698098179045162,79,76
1,select_coverage,4.0,top_k_avg,0.7600700525394045,0.7051463374185519,0.7304868194784939,0.5915090345257956,137,0.4335664335664335,0.3559774470356915,0.3528776756523348,0.0506603738705736,81,76
1,select_coverage,4.0,list,0.8441330998248686,0.8348617140195032,0.836534597242764,0.7413458421783032,89,0.4475524475524475,0.3906402593851322,0.3875433562431957,0.0981108812239157,79,76
1,select_coverage_CBA_M1,,majority,0.8441330998248686,0.7883007288070579,0.8296366565929848,0.7530540821862798,89,0.4405594405594406,0.3601833404950714,0.3352405561707887,0.0428197776810391,80,76
1,select_coverage_CBA_M1,,cmar,0.8441330998248686,0.7883007288070579,0.8296366565929848,0.7530540821862798,89,0.4335664335664335,0.366394520619295,0.3413229887823916,0.0480334547452216,81,76
1,select_coverage_CBA_M1,,top_k_avg,0.8441330998248686,0.7883007288070579,0.8296366565929848,0.7530540821862798,89,0.4405594405594406,0.3601833404950714,0.3352405561707887,0.0428197776810391,80,76
1,select_coverage_CBA_M1,,list,0.8441330998248686,0.7883007288070579,0.8296366565929848,0.7530540821862798,89,0.4405594405594406,0.3601833404950714,0.3352405561707887,0.0428197776810391,80,76
2,select_coverage,1.0,majority,0.6427320490367776,0.4879539852719448,0.497644813860169,0.3980835466716017,204,0.4895104895104895,0.3410810318111385,0.2417582417582417,0.06409168992869,73,76
2,select_coverage,1.0,cmar,0.8669001751313485,0.8238036461874035,0.853167710132872,0.7804051172532033,76,0.4335664335664335,0.3553524226206753,0.3311532959791116,0.0347476380464783,81,76
2,select_coverage,1.0,top_k_avg,0.8581436077057794,0.8283100461944928,0.8456181838656307,0.7621894475176831,81,0.4405594405594406,0.3674752920035939,0.3579218106995885,0.0639964614186545,80,76
2,select_coverage,1.0,list,0.882661996497373,0.8620929181525746,0.8745278551203972,0.8043770221112594,67,0.4335664335664335,0.3597275935257888,0.3454381485856546,0.0512302173945755,81,76
2,select_coverage,2.0,majority,0.626970227670753,0.466026855850142,0.4669820050172597,0.3723662659559522,213,0.4895104895104895,0.342539422112843,0.2508687176879396,0.0613719851290943,73,76
2,select_coverage,2.0,cmar,0.8388791593695272,0.7874645692417342,0.8211142970273498,0.73360045793206,92,0.4335664335664335,0.342851934320351,0.3137419038104903,0.023744446521323,81,76
2,select_coverage,2.0,top_k_avg,0.8108581436077058,0.7616664198065376,0.7844182503792866,0.6806323083542482,108,0.4265734265734265,0.3482297485578863,0.3418255094277548,0.0385661610767638,82,76
2,select_coverage,2.0,list,0.8651488616462347,0.8490726287818656,0.8567248564344162,0.7750847551714336,77,0.4265734265734265,0.3717723348568303,0.3651919618422081,0.0610309390611206,82,76
2,select_coverage,3.0,majority,0.6672504378283712,0.5231914330673574,0.5454153035259904,0.4432291706573175,190,0.4755244755244755,0.3343359766657552,0.2549369691067467,0.0139982006651899,75,76
2,select_coverage,3.0,cmar,0.8283712784588442,0.780952905417124,0.8105879347779812,0.7128166865949185,98,0.4475524475524475,0.369389429274581,0.3540407477084417,0.0650724951469179,79,76
2,select_coverage,3.0,top_k_avg,0.7758318739054291,0.7239556867079114,0.749226526917507,0.6193661619932866,128,0.4405594405594406,0.3622667552117921,0.3596921596921597,0.0622744205102207,80,76
2,select_coverage,3.0,list,0.8493870402802102,0.8391716386828557,0.8420703075426202,0.7497288318022712,86,0.4475524475524475,0.3906402593851322,0.3874391704247242,0.1016010227510365,79,76
2,select_coverage,4.0,majority,0.6654991243432574,0.5231009176867053,0.544742076845994,0.4351949830882577,191,0.4825174825174825,0.3391668945401513,0.2579091406677613,0.0377566231771812,74,76
2,select_coverage,4.0,cmar,0.8126094570928196,0.7662709308905574,0.7937467114509166,0.6841109544710657,107,0.4475524475524475,0.3708478195762855,0.3582921143896753,0.0698098179045162,79,76
2,select_coverage,4.0,top_k_avg,0.7600700525394045,0.7051463374185519,0.7304868194784939,0.5915090345257956,137,0.4335664335664335,0.3559774470356915,0.3528776756523348,0.0506603738705736,81,76
2,select_coverage,4.0,list,0.8423817863397548,0.8337616040085022,0.8346404338967859,0.7386760240069207,90,0.4475524475524475,0.3906402593851322,0.3874391704247242,0.1016010227510365,79,76
2,select_coverage_CBA_M1,,majority,0.8441330998248686,0.7883007288070579,0.8296366565929848,0.7530540821862798,89,0.4405594405594406,0.3601833404950714,0.3349199873067682,0.0469282681515012,80,76
2,select_coverage_CBA_M1,,cmar,0.8441330998248686,0.7883007288070579,0.8296366565929848,0.7530540821862798,89,0.4335664335664335,0.366394520619295,0.3413229887823916,0.0480334547452216,81,76
2,select_coverage_CBA_M1,,top_k_avg,0.8441330998248686,0.7883007288070579,0.8296366565929848,0.7530540821862798,89,0.4335664335664335,0.3538940323189707,0.3254176220111366,0.0323613685401695,81,76
2,select_coverage_CBA_M1,,list,0.8441330998248686,0.7883007288070579,0.8296366565929848,0.7530540821862798,89,0.4405594405594406,0.3601833404950714,0.3349199873067682,0.0469282681515012,80,76
1,select_coverage,1.0,majority,0.6322241681260946,0.4871562837365847,0.4901013756146069,0.4067483879769785,210,0.5384615384615384,0.3337879185243466,0.2851472471190781,-0.015131460553416,66,100
1,select_coverage,1.0,cmar,0.861646234676007,0.8019800596939098,0.8359640483507133,0.7756392325211273,79,0.4475524475524475,0.3158143194335169,0.3023612018025426,-0.0181011102304104,79,100
1,select_coverage,1.0,top_k_avg,0.8651488616462347,0.8075252429034102,0.8361746246974796,0.7780507998078166,77,0.4545454545454545,0.3336130780662645,0.3252515090543259,0.0146615814703606,78,100
1,select_coverage,1.0,list,0.8914185639229422,0.8485749666603163,0.8709771433211736,0.821104230000786,62,0.4545454545454545,0.3473467960486056,0.3423511118099702,0.032340062611302,78,100
1,select_coverage,2.0,majority,0.6059544658493871,0.4490899853940432,0.4307304398628599,0.3553469011051403,225,0.5594405594405595,0.3392953929539295,0.2745681461277792,0.0164113973871605,63,100
1,select_coverage,2.0,cmar,0.8458844133099825,0.7824220486441861,0.8194097944727092,0.7506358312636446,88,0.4195804195804196,0.3066002272925955,0.2935553009082421,-0.0557778680304032,83,100
1,select_coverage,2.0,top_k_avg,0.819614711033275,0.7418498761668889,0.7769311818134496,0.7039308269086482,103,0.4125874125874126,0.3162689046245301,0.3090072320841552,-0.0344748578708819,84,100
1,select_coverage,2.0,list,0.882661996497373,0.837767828792786,0.8613057154086105,0.8064601906439768,67,0.4055944055944055,0.3259375819564647,0.3205946629859673,-0.0100969695801387,85,100
1,select_coverage,3.0,majority,0.5971978984238179,0.4332228360957642,0.4017510537978374,0.3393588109897831,230,0.5524475524475524,0.335230352303523,0.271510042152244,-0.0136761644893004,64,100
1,select_coverage,3.0,cmar,0.840630472854641,0.7725293706737791,0.8112690282312031,0.743784153679061,91,0.4195804195804196,0.3066002272925955,0.2933349936266161,-0.0558421071444321,83,100
1,select_coverage,3.0,top_k_avg,0.7933450087565674,0.7065523591795263,0.737919033299922,0.6578370576587821,118,0.4055944055944055,0.3122038639741236,0.3058061821219716,-0.042550109698177,85,100
1,select_coverage,3.0,list,0.87215411558669,0.828687369022671,0.8496011157088939,0.7886440967477232,73,0.3566433566433566,0.2974822974036192,0.2925138737820632,-0.0591648916307494,92,100
1,select_coverage,4.0,majority,0.6024518388791593,0.4417311233885819,0.4170442657670106,0.3509977795618318,227,0.5874125874125874,0.3696476964769647,0.3176052765093861,0.1354050021390732,59,100
1,select_coverage,4.0,cmar,0.830122591943958,0.7562049914269385,0.7947216382799205,0.725465830139452,97,0.4335664335664335,0.3288224495148177,0.3120689655172413,-0.0197845049301699,81,100
1,select_coverage,4.0,top_k_avg,0.7810858143607706,0.6964297961516479,0.7265697501865845,0.6356070581815055,125,0.4475524475524475,0.3718244601800857,0.3511680511680512,0.0481350508878108,79,100
1,select_coverage,4.0,list,0.8546409807355516,0.8171931161491078,0.8322213642213643,0.7599735707229788,83,0.3776223776223776,0.3378617011976572,0.3186423505572441,-0.0013345190613027,89,100
1,select_coverage_CBA_M1,,majority,0.8581436077057794,0.7911602209944751,0.8332441798904395,0.776532789115636,81,0.4755244755244755,0.3595419179998251,0.3534006734006734,0.0528092589381282,75,100
1,select_coverage_CBA_M1,,cmar,0.8581436077057794,0.7911602209944751,0.8332441798904395,0.776532789115636,81,0.4825174825174825,0.3706530291109363,0.3633708850384095,0.0700628870584038,74,100
1,select_coverage_CBA_M1,,top_k_avg,0.8581436077057794,0.7911602209944751,0.8332441798904395,0.776532789115636,81,0.4755244755244755,0.3595419179998251,0.3535413839891452,0.0530181161105671,75,100
1,select_coverage_CBA_M1,,list,0.8581436077057794,0.7911602209944751,0.8332441798904395,0.776532789115636,81,0.4755244755244755,0.3595419179998251,0.3535413839891452,0.0530181161105671,75,100
2,select_coverage,1.0,majority,0.6322241681260946,0.4871562837365847,0.4901013756146069,0.4067483879769785,210,0.5384615384615384,0.3337879185243466,0.2851472471190781,-0.015131460553416,66,100
2,select_coverage,1.0,cmar,0.861646234676007,0.8019800596939098,0.8359640483507133,0.7756392325211273,79,0.4475524475524475,0.3158143194335169,0.3023612018025426,-0.0181011102304104,79,100
2,select_coverage,1.0,top_k_avg,0.8651488616462347,0.8075252429034102,0.8361746246974796,0.7780507998078166,77,0.4545454545454545,0.3336130780662645,0.3252515090543259,0.0146615814703606,78,100
2,select_coverage,1.0,list,0.8914185639229422,0.8485749666603163,0.8709771433211736,0.821104230000786,62,0.4545454545454545,0.3473467960486056,0.3420774157616262,0.0321699750462042,78,100
2,select_coverage,2.0,majority,0.6059544658493871,0.4490899853940432,0.4307304398628599,0.3553469011051403,225,0.5594405594405595,0.3392953929539295,0.2745681461277792,0.0164113973871605,63,100
2,select_coverage,2.0,cmar,0.8458844133099825,0.7824220486441861,0.8194097944727092,0.7506358312636446,88,0.4195804195804196,0.3066002272925955,0.2935553009082421,-0.0557778680304032,83,100
2,select_coverage,2.0,top_k_avg,0.819614711033275,0.7418498761668889,0.7769311818134496,0.7039308269086482,103,0.4125874125874126,0.3162689046245301,0.3090072320841552,-0.0344748578708819,84,100
2,select_coverage,2.0,list,0.882661996497373,0.837767828792786,0.8613057154086105,0.8064601906439768,67,0.4055944055944055,0.3259375819564647,0.3202557853080692,-0.0101517195638054,85,100
2,select_coverage,3.0,majority,0.5971978984238179,0.4332228360957642,0.4017510537978374,0.3393588109897831,230,0.5524475524475524,0.335230352303523,0.271510042152244,-0.0136761644893004,64,100
2,select_coverage,3.0,cmar,0.840630472854641,0.7725293706737791,0.8112690282312031,0.743784153679061,91,0.4195804195804196,0.3066002272925955,0.2933349936266161,-0.0558421071444321,83,100
2,select_coverage,3.0,top_k_avg,0.7933450087565674,0.7065523591795263,0.737919033299922,0.6578370576587821,118,0.4055944055944055,0.3122038639741236,0.3058061821219716,-0.042550109698177,85,100
2,select_coverage,3.0,list,0.87215411558669,0.828687369022671,0.8496011157088939,0.7886440967477232,73,0.3566433566433566,0.2974822974036192,0.2920823725608777,-0.0590464222830709,92,100
2,select_coverage,4.0,majority,0.6024518388791593,0.4417311233885819,0.4170442657670106,0.3509977795618318,227,0.5874125874125874,0.3696476964769647,0.3176052765093861,0.1354050021390732,59,100
2,select_coverage,4.0,cmar,0.830122591943958,0.7562049914269385,0.7947216382799205,0.725465830139452,97,0.4335664335664335,0.3288224495148177,0.3120689655172413,-0.0197845049301699,81,100
2,select_coverage,4.0,top_k_avg,0.7810858143607706,0.6964297961516479,0.7265697501865845,0.6356070581815055,125,0.4475524475524475,0.3718244601800857,0.3511680511680512,0.0481350508878108,79,100
2,select_coverage,4.0,list,0.8546409807355516,0.8171931161491078,0.8322213642213643,0.7599735707229788,83,0.3776223776223776,0.3378617011976572,0.3185185185185185,-0.0014128050964642,89,100
2,select_coverage_CBA_M1,,majority,0.8581436077057794,0.7911602209944751,0.8332441798904395,0.776532789115636,81,0.4755244755244755,0.3595419179998251,0.3534006734006734,0.0528092589381282,75,100
2,select_coverage_CBA_M1,,cmar,0.8581436077057794,0.7911602209944751,0.8332441798904395,0.776532789115636,81,0.4825174825174825,0.3706530291109363,0.3633708850384095,0.0700628870584038,74,100
2,select_coverage_CBA_M1,,top_k_avg,0.8581436077057794,0.7911602209944751,0.8332441798904395,0.776532789115636,81,0.4755244755244755,0.3595419179998251,0.3535413839891452,0.0530181161105671,75,100
2,select_coverage_CBA_M1,,list,0.8581436077057794,0.7911602209944751,0.8332441798904395,0.776532789115636,81,0.4755244755244755,0.3595419179998251,0.3534006734006734,0.0528092589381282,75,100
1,select_coverage,1.0,majority,0.6164623467600701,0.4530746178066083,0.4396462462611734,0.366658811680621,219,0.5244755244755245,0.3566856330014225,0.3033009708737864,0.0562162866112763,68,114
1,select_coverage,1.0,cmar,0.861646234676007,0.8168013096743039,0.8476335678372983,0.7740448739978888,79,0.4685314685314685,0.3766556029713925,0.3643390425999122,0.0803331281589999,76,114
1,select_coverage,1.0,top_k_avg,0.8581436077057794,0.8109788262144014,0.838873937739681,0.7640443053801065,81,0.4475524475524475,0.3546704599336178,0.3292181069958848,0.0513160135143382,79,114
1,select_coverage,1.0,list,0.8896672504378283,0.8699842724253785,0.8838435959178993,0.8165912044306692,63,0.4475524475524475,0.3567725620357199,0.3411936522111216,0.0464671507196498,79,114
1,select_coverage,2.0,majority,0.6444833625218914,0.491438647592625,0.4972539511384843,0.4192365181399173,203,0.5384615384615384,0.3793266951161688,0.3355335533553356,0.1105679943934341,66,114
1,select_coverage,2.0,cmar,0.8458844133099825,0.7938154952494317,0.82556409266336,0.744905919983581,88,0.4825174825174825,0.3879484747905801,0.3653935375454363,0.1035949815655136,74,114
1,select_coverage,2.0,top_k_avg,0.8021015761821366,0.7279112929932322,0.7612758118946461,0.6681936230557571,113,0.4405594405594406,0.3549075391180654,0.3222591362126246,0.040370345282052,80,114
1,select_coverage,2.0,list,0.87215411558669,0.8579334284779829,0.8683733745466965,0.7876571914137185,73,0.4475524475524475,0.3681207523312786,0.3531596350636043,0.0650476931195317,79,114
1,select_coverage,3.0,majority,0.6637478108581436,0.5174548908758536,0.5326838326549262,0.4513164058859579,192,0.5314685314685315,0.3795637743006164,0.3380645919656763,0.0998461153065373,67,114
1,select_coverage,3.0,cmar,0.8388791593695272,0.7944489812448161,0.8239411665231828,0.7311943431473724,92,0.4685314685314685,0.3837995890627469,0.3587301587301587,0.0938289647534185,76,114
1,select_coverage,3.0,top_k_avg,0.7845884413309983,0.7041998468253162,0.7366067786809299,0.6374392494458558,123,0.4615384615384615,0.3680654338549076,0.3333333333333333,0.0610357157224244,77,114
1,select_coverage,3.0,list,0.8581436077057794,0.8467502155620967,0.8553469767468593,0.7650445151644171,81,0.4545454545454545,0.3771297613402877,0.3619092634888945,0.0804552550833445,78,114
1,select_coverage,4.0,majority,0.6865148861646234,0.5480921344697377,0.5715811098774592,0.4879727021481432,179,0.5174825174825175,0.3754148885727833,0.3356031946195881,0.0772215257985559,69,114
1,select_coverage,4.0,cmar,0.8213660245183888,0.7750859428906544,0.8037937293835661,0.7005540889545135,102,0.4685314685314685,0.3837995890627469,0.3587301587301587,0.0938289647534185,76,114
1,select_coverage,4.0,top_k_avg,0.7635726795096323,0.6766569830328794,0.7064401471776361,0.5999951201241027,135,0.4545454545454545,0.3590564248458985,0.3249811283999318,0.0379490204522488,78,114
1,select_coverage,4.0,list,0.851138353765324,0.8414561283714578,0.847094432393518,0.7539858396177926,85,0.4545454545454545,0.3771297613402877,0.3619092634888945,0.0804552550833445,78,114
1,select_coverage_CBA_M1,,majority,0.8669001751313485,0.8197905997496301,0.8577558117799668,0.7895953916708914,76,0.4685314685314685,0.353959222380275,0.3362497855549837,0.0521843899393869,76,114
1,select_coverage_CBA_M1,,cmar,0.8669001751313485,0.8197905997496301,0.8577558117799668,0.7895953916708914,76,0.4545454545454545,0.3498103366524419,0.3317615176151762,0.0592317097769303,78,114
1,select_coverage_CBA_M1,,top_k_avg,0.8669001751313485,0.8197905997496301,0.8577558117799668,0.7895953916708914,76,0.4615384615384615,0.344950213371266,0.3269264069264069,0.0358647489658697,77,114
1,select_coverage_CBA_M1,,list,0.8669001751313485,0.8197905997496301,0.8577558117799668,0.7895953916708914,76,0.4615384615384615,0.344950213371266,0.3269264069264069,0.0358647489658697,77,114
2,select_coverage,1.0,majority,0.6164623467600701,0.4530746178066083,0.4396462462611734,0.366658811680621,219,0.5244755244755245,0.3566856330014225,0.3033009708737864,0.0562162866112763,68,114
2,select_coverage,1.0,cmar,0.861646234676007,0.8168013096743039,0.8476335678372983,0.7740448739978888,79,0.4685314685314685,0.3766556029713925,0.3643390425999122,0.0803331281589999,76,114
2,select_coverage,1.0,top_k_avg,0.8581436077057794,0.8109788262144014,0.838873937739681,0.7640443053801065,81,0.4475524475524475,0.3546704599336178,0.3292181069958848,0.0513160135143382,79,114
2,select_coverage,1.0,list,0.8896672504378283,0.8699842724253785,0.8838435959178993,0.8165912044306692,63,0.4405594405594406,0.3523865971234392,0.3383759959846916,0.0446823052873891,80,114
2,select_coverage,2.0,majority,0.6444833625218914,0.491438647592625,0.4972539511384843,0.4192365181399173,203,0.5384615384615384,0.3793266951161688,0.3355335533553356,0.1105679943934341,66,114
2,select_coverage,2.0,cmar,0.8458844133099825,0.7938154952494317,0.82556409266336,0.744905919983581,88,0.4825174825174825,0.3879484747905801,0.3653935375454363,0.1035949815655136,74,114
2,select_coverage,2.0,top_k_avg,0.8021015761821366,0.7279112929932322,0.7612758118946461,0.6681936230557571,113,0.4405594405594406,0.3549075391180654,0.3222591362126246,0.040370345282052,80,114
2,select_coverage,2.0,list,0.87215411558669,0.8579334284779829,0.8683733745466965,0.7876571914137185,73,0.4335664335664335,0.3593488225067172,0.3472241579558652,0.0553008774252463,81,114
2,select_coverage,3.0,majority,0.6637478108581436,0.5174548908758536,0.5326838326549262,0.4513164058859579,192,0.5314685314685315,0.3795637743006164,0.3380645919656763,0.0998461153065373,67,114
2,select_coverage,3.0,cmar,0.8388791593695272,0.7944489812448161,0.8239411665231828,0.7311943431473724,92,0.4685314685314685,0.3837995890627469,0.3587301587301587,0.0938289647534185,76,114
2,select_coverage,3.0,top_k_avg,0.7845884413309983,0.7041998468253162,0.7366067786809299,0.6374392494458558,123,0.4615384615384615,0.3680654338549076,0.3333333333333333,0.0610357157224244,77,114
2,select_coverage,3.0,list,0.8581436077057794,0.8467502155620967,0.8553469767468593,0.7650445151644171,81,0.4405594405594406,0.3683578315157262,0.3560763058610978,0.0704954023299894,80,114
2,select_coverage,4.0,majority,0.6865148861646234,0.5480921344697377,0.5715811098774592,0.4879727021481432,179,0.5174825174825175,0.3754148885727833,0.3356031946195881,0.0772215257985559,69,114
2,select_coverage,4.0,cmar,0.8213660245183888,0.7750859428906544,0.8037937293835661,0.7005540889545135,102,0.4685314685314685,0.3837995890627469,0.3587301587301587,0.0938289647534185,76,114
2,select_coverage,4.0,top_k_avg,0.7635726795096323,0.6766569830328794,0.7064401471776361,0.5999951201241027,135,0.4545454545454545,0.3590564248458985,0.3249811283999318,0.0379490204522488,78,114
2,select_coverage,4.0,list,0.851138353765324,0.8414561283714578,0.847094432393518,0.7539858396177926,85,0.4405594405594406,0.3683578315157262,0.3560763058610978,0.0704954023299894,80,114
2,select_coverage_CBA_M1,,majority,0.8669001751313485,0.8197905997496301,0.8577558117799668,0.7895953916708914,76,0.4685314685314685,0.353959222380275,0.3367533059735522,0.0590334081526209,76,114
2,select_coverage_CBA_M1,,cmar,0.8669001751313485,0.8197905997496301,0.8577558117799668,0.7895953916708914,76,0.4545454545454545,0.3498103366524419,0.3317615176151762,0.0592317097769303,78,114
2,select_coverage_CBA_M1,,top_k_avg,0.8669001751313485,0.8197905997496301,0.8577558117799668,0.7895953916708914,76,0.4615384615384615,0.344950213371266,0.3269264069264069,0.0358647489658697,77,114
2,select_coverage_CBA_M1,,list,0.8669001751313485,0.8197905997496301,0.8577558117799668,0.7895953916708914,76,0.4545454545454545,0.3405642484589853,0.3248293416637741,0.0339550972896997,78,114
1,select_coverage,1.0,majority,0.626970227670753,0.478395061728395,0.4718648521355444,0.4040036494318439,213,0.5454545454545454,0.3282318463041354,0.2744611863436964,-0.0269190554569461,65,133
1,select_coverage,1.0,cmar,0.8598949211908932,0.8084092325233,0.8424593374684557,0.7760695863125169,80,0.4755244755244755,0.3544518850962015,0.354140657511444,0.0226531760069825,75,133
1,select_coverage,1.0,top_k_avg,0.8581436077057794,0.8056222113216108,0.8344623573111768,0.7696379973665023,81,0.4545454545454545,0.352389581829079,0.3524477303575597,0.0179858725491122,78,133
1,select_coverage,1.0,list,0.8931698774080561,0.8626677626200356,0.8831396476440586,0.8263104630478169,61,0.4615384615384615,0.3718752802042482,0.3741005271919347,0.0408553089314973,77,133
1,select_coverage,2.0,majority,0.6094570928196147,0.456488147058087,0.4392767514368631,0.3669255031349883,223,0.5524475524475524,0.3372408553131444,0.288075117370892,0.0041412216832317,64,133
1,select_coverage,2.0,cmar,0.840630472854641,0.7799037652774278,0.8181788729922209,0.745795774231751,91,0.4615384615384615,0.3618893907002865,0.3668308702791461,0.0117000034660869,77,133
1,select_coverage,2.0,top_k_avg,0.8178633975481612,0.7471039726836568,0.7803886236709344,0.7045161439243894,104,0.4545454545454545,0.352389581829079,0.3538594252221592,0.0032654305221717,78,133
1,select_coverage,2.0,list,0.8879159369527145,0.8592075550075787,0.8776232917409388,0.8171742905050781,64,0.4265734265734265,0.3617808484230695,0.3591773718355996,0.0152306329472117,82,133
1,select_coverage,3.0,majority,0.6304728546409807,0.483397190293742,0.4792586807815234,0.409177305442344,211,0.5524475524475524,0.3372408553131444,0.288075117370892,0.0041412216832317,64,133
1,select_coverage,3.0,cmar,0.8476357267950964,0.7949447677801494,0.8297462804490211,0.7552015147635681,87,0.4405594405594406,0.3448482531772212,0.3485752959437169,-0.0119246092348909,80,133
1,select_coverage,3.0,top_k_avg,0.7775831873905429,0.6925062715342317,0.727180278375247,0.638638169726564,127,0.4405594405594406,0.3338807639488624,0.3294061302681992,-0.0312991126293719,80,133
1,select_coverage,3.0,list,0.8844133099824869,0.8569007499326077,0.8737329535282025,0.8110269494705072,66,0.4055944055944055,0.3497326556519851,0.3447341189276673,-0.003294565366319,85,133
1,select_coverage,4.0,majority,0.6322241681260946,0.4860752053807775,0.4830180739212763,0.4097535330560612,210,0.5384615384615384,0.3292087267990882,0.2819297606027464,-0.0251048222626716,66,133
1,select_coverage,4.0,cmar,0.8371278458844134,0.7826337055744843,0.8174668473146841,0.7373784051680242,93,0.4615384615384615,0.3663915355900689,0.3645672142101297,0.0307184456903154,77,133
1,select_coverage,4.0,top_k_avg,0.7583187390542907,0.6666961277787352,0.6976425667504637,0.6039678283321634,138,0.4195804195804196,0.3063629370596368,0.2963107392701834,-0.0615896479042953,83,133
1,select_coverage,4.0,list,0.8704028021015762,0.847673529632723,0.8592891337136862,0.7873713254190621,74,0.4125874125874126,0.3582508647987956,0.3436653436653437,0.0319575968845054,84,133
1,select_coverage_CBA_M1,,majority,0.8669001751313485,0.8157726692209452,0.8541601911732758,0.7920211768903266,76,0.4825174825174825,0.3684538388571914,0.3684339190221543,0.0455181395058868,74,133
1,select_coverage_CBA_M1,,cmar,0.8669001751313485,0.8157726692209452,0.8541601911732758,0.7920211768903266,76,0.4825174825174825,0.3739375834713708,0.3766124928915627,0.0606042168270237,74,133
1,select_coverage_CBA_M1,,top_k_avg,0.8669001751313485,0.8157726692209452,0.8541601911732758,0.7920211768903266,76,0.4825174825174825,0.3684538388571914,0.3688844488844489,0.0443683847300592,74,133
1,select_coverage_CBA_M1,,list,0.8669001751313485,0.8157726692209452,0.8541601911732758,0.7920211768903266,76,0.4825174825174825,0.3684538388571914,0.3688844488844489,0.0443683847300592,74,133
2,select_coverage,1.0,majority,0.626970227670753,0.478395061728395,0.4718648521355444,0.4040036494318439,213,0.5454545454545454,0.3282318463041354,0.2744611863436964,-0.0269190554569461,65,133
2,select_coverage,1.0,cmar,0.8598949211908932,0.8084092325233,0.8424593374684557,0.7760695863125169,80,0.4755244755244755,0.3544518850962015,0.354140657511444,0.0226531760069825,75,133
2,select_coverage,1.0,top_k_avg,0.8581436077057794,0.8056222113216108,0.8344623573111768,0.7696379973665023,81,0.4545454545454545,0.352389581829079,0.3524477303575597,0.0179858725491122,78,133
2,select_coverage,1.0,list,0.8931698774080561,0.8626677626200356,0.8831396476440586,0.8263104630478169,61,0.4475524475524475,0.3693268963043714,0.3703595503186505,0.0381825661823701,79,133
2,select_coverage,2.0,majority,0.6094570928196147,0.456488147058087,0.4392767514368631,0.3669255031349883,223,0.5524475524475524,0.3372408553131444,0.288075117370892,0.0041412216832317,64,133
2,select_coverage,2.0,cmar,0.840630472854641,0.7799037652774278,0.8181788729922209,0.745795774231751,91,0.4615384615384615,0.3618893907002865,0.3668308702791461,0.0117000034660869,77,133
2,select_coverage,2.0,top_k_avg,0.8178633975481612,0.7471039726836568,0.7803886236709344,0.7045161439243894,104,0.4545454545454545,0.352389581829079,0.3538594252221592,0.0032654305221717,78,133
2,select_coverage,2.0,list,0.8879159369527145,0.8592075550075787,0.8776232917409388,0.8171742905050781,64,0.4125874125874126,0.3592324645231926,0.3555484668628123,0.0133570423478643,84,133
2,select_coverage,3.0,majority,0.6304728546409807,0.483397190293742,0.4792586807815234,0.409177305442344,211,0.5524475524475524,0.3372408553131444,0.288075117370892,0.0041412216832317,64,133
2,select_coverage,3.0,cmar,0.8476357267950964,0.7949447677801494,0.8297462804490211,0.7552015147635681,87,0.4405594405594406,0.3448482531772212,0.3485752959437169,-0.0119246092348909,80,133
2,select_coverage,3.0,top_k_avg,0.7775831873905429,0.6925062715342317,0.727180278375247,0.638638169726564,127,0.4405594405594406,0.3338807639488624,0.3294061302681992,-0.0312991126293719,80,133
2,select_coverage,3.0,list,0.8844133099824869,0.8569007499326077,0.8737329535282025,0.8110269494705072,66,0.3916083916083916,0.3471842717521083,0.341082621082621,-0.0047097029632607,87,133
2,select_coverage,4.0,majority,0.6322241681260946,0.4860752053807775,0.4830180739212763,0.4097535330560612,210,0.5384615384615384,0.3292087267990882,0.2819297606027464,-0.0251048222626716,66,133
2,select_coverage,4.0,cmar,0.8371278458844134,0.7826337055744843,0.8174668473146841,0.7373784051680242,93,0.4615384615384615,0.3663915355900689,0.3645672142101297,0.0307184456903154,77,133
2,select_coverage,4.0,top_k_avg,0.7565674255691769,0.6655427252412497,0.695925478135626,0.6004118425465164,139,0.4195804195804196,0.3063629370596368,0.2963107392701834,-0.0615896479042953,83,133
2,select_coverage,4.0,list,0.8704028021015762,0.847673529632723,0.8592891337136862,0.7873713254190621,74,0.3986013986013986,0.3557024808989188,0.3427644138984345,0.0298112240403971,86,133
2,select_coverage_CBA_M1,,majority,0.8669001751313485,0.8157726692209452,0.8541601911732758,0.7920211768903266,76,0.4825174825174825,0.3739375834713708,0.3766557856913805,0.056757476208496,74,133
2,select_coverage_CBA_M1,,cmar,0.8669001751313485,0.8157726692209452,0.8541601911732758,0.7920211768903266,76,0.4825174825174825,0.3739375834713708,0.3766124928915627,0.0606042168270237,74,133
2,select_coverage_CBA_M1,,top_k_avg,0.8669001751313485,0.8157726692209452,0.8541601911732758,0.7920211768903266,76,0.4825174825174825,0.3684538388571914,0.3688844488844489,0.0443683847300592,74,133
2,select_coverage_CBA_M1,,list,0.8669001751313485,0.8157726692209452,0.8541601911732758,0.7920211768903266,76,0.4685314685314685,0.3659054549573146,0.3675963412805518,0.0412789892772761,76,133
1,select_coverage,1.0,majority,0.6077057793345009,0.4507410008463435,0.4318679807665864,0.3617676619602221,224,0.5944055944055944,0.3730777561186917,0.3204058938003892,0.1879050348178784,58,138
1,select_coverage,1.0,cmar,0.8528896672504378,0.7996786282859708,0.8376708170105879,0.765808159051007,84,0.5244755244755245,0.3887264457439896,0.3851027017310289,0.1198275405685615,68,138
1,select_coverage,1.0,top_k_avg,0.8598949211908932,0.8202938434241416,0.8434654378590305,0.7691391504016127,80,0.5104895104895105,0.3851526965562053,0.3796046500220729,0.1086747109912792,70,138
1,select_coverage,1.0,list,0.8931698774080561,0.8743558132024282,0.8877092599312943,0.8244081508839272,61,0.4685314685314685,0.3655782975958415,0.3659982467674775,0.0572214245054018,76,138
1,select_coverage,2.0,majority,0.6672504378283712,0.5273220721427333,0.5390758676750848,0.467022456791559,190,0.5734265734265734,0.365388780593459,0.3195043275526172,0.1049285417631005,61,138
1,select_coverage,2.0,cmar,0.8476357267950964,0.7993674297744265,0.8316446453530607,0.752018404642986,87,0.4825174825174825,0.3640350877192982,0.360544111971862,0.0674099632828165,74,138
1,select_coverage,2.0,top_k_avg,0.8143607705779334,0.7566839765810899,0.7837561700985525,0.6925740696521798,106,0.4825174825174825,0.3733484946935239,0.3667982029074634,0.0745407600297964,74,138
1,select_coverage,2.0,list,0.8809106830122592,0.8663374855964717,0.8741645409991116,0.8045097710527102,68,0.4405594405594406,0.35377409573316,0.3540995345506623,0.0406747189478839,80,138
1,select_coverage,3.0,majority,0.6952714535901926,0.563685825517325,0.5844078267879184,0.5135023591321459,174,0.5734265734265734,0.3793588910547975,0.3433888118354138,0.1254799421953378,61,138
1,select_coverage,3.0,cmar,0.8336252189141856,0.7823244690952773,0.8144174768528574,0.7274927341671742,95,0.4825174825174825,0.3733484946935239,0.3696741854636591,0.0822028943247138,74,138
1,select_coverage,3.0,top_k_avg,0.7548161120840631,0.6894455437567446,0.7165025921270484,0.5896284160415665,140,0.4685314685314685,0.3697747455057397,0.360999960999961,0.062447125373475,76,138
1,select_coverage,3.0,list,0.851138353765324,0.8421435185159402,0.8457662354597764,0.7572681591605718,85,0.4055944055944055,0.3425113710201429,0.337359154187991,0.0128521017612533,85,138
1,select_coverage,4.0,majority,0.7057793345008757,0.5846882906625038,0.60961516571908,0.5214013980873818,168,0.5664335664335665,0.3799003682044617,0.3461634800033397,0.1157962301977547,62,138
1,select_coverage,4.0,cmar,0.8213660245183888,0.7735248345879974,0.8047069699137784,0.7052594350767064,102,0.4685314685314685,0.360461338531514,0.3553724053724054,0.0550785093997792,76,138
1,select_coverage,4.0,top_k_avg,0.7373029772329247,0.6772094831326262,0.7028034635614047,0.5596427073470935,150,0.4755244755244755,0.3738899718431882,0.3653238788026978,0.0793675388066242,75,138
1,select_coverage,4.0,list,0.8283712784588442,0.8272523386763067,0.8254109164151382,0.7236569273482804,98,0.3986013986013986,0.3430528481698072,0.3348238171673163,0.0151300984043456,86,138
1,select_coverage_CBA_M1,,majority,0.8581436077057794,0.8094646426449138,0.848066849747522,0.7786001794844583,81,0.4755244755244755,0.350606454407624,0.3487938215897257,0.0427626095715787,75,138
1,select_coverage_CBA_M1,,cmar,0.8581436077057794,0.8094646426449138,0.848066849747522,0.7786001794844583,81,0.4685314685314685,0.3511479315572883,0.3505430242272347,0.050240398194839,76,138
1,select_coverage_CBA_M1,,top_k_avg,0.8581436077057794,0.8094646426449138,0.848066849747522,0.7786001794844583,81,0.4755244755244755,0.3459497509205111,0.3433096822174428,0.0354291244863005,75,138
1,select_coverage_CBA_M1,,list,0.8581436077057794,0.8094646426449138,0.848066849747522,0.7786001794844583,81,0.4755244755244755,0.3459497509205111,0.3433096822174428,0.0354291244863005,75,138
2,select_coverage,1.0,majority,0.6077057793345009,0.4507410008463435,0.4318679807665864,0.3617676619602221,224,0.5944055944055944,0.3730777561186917,0.3204058938003892,0.1879050348178784,58,138
2,select_coverage,1.0,cmar,0.8528896672504378,0.7996786282859708,0.8376708170105879,0.765808159051007,84,0.5244755244755245,0.3887264457439896,0.3851027017310289,0.1198275405685615,68,138
2,select_coverage,1.0,top_k_avg,0.8598949211908932,0.8202938434241416,0.8434654378590305,0.7691391504016127,80,0.5104895104895105,0.3851526965562053,0.3796046500220729,0.1086747109912792,70,138
2,select_coverage,1.0,list,0.8931698774080561,0.8743558132024282,0.8877092599312943,0.8244081508839272,61,0.4545454545454545,0.3573478449209443,0.3585323442948618,0.0417552354871978,78,138
2,select_coverage,2.0,majority,0.6672504378283712,0.5273220721427333,0.5390758676750848,0.467022456791559,190,0.5734265734265734,0.365388780593459,0.3195043275526172,0.1049285417631005,61,138
2,select_coverage,2.0,cmar,0.8476357267950964,0.7993674297744265,0.8316446453530607,0.752018404642986,87,0.4825174825174825,0.3640350877192982,0.360544111971862,0.0674099632828165,74,138
2,select_coverage,2.0,top_k_avg,0.8143607705779334,0.7566839765810899,0.7837561700985525,0.6925740696521798,106,0.4825174825174825,0.3733484946935239,0.3667982029074634,0.0745407600297964,74,138
2,select_coverage,2.0,list,0.8809106830122592,0.8663374855964717,0.8741645409991116,0.8045097710527102,68,0.4265734265734265,0.3455436430582629,0.3465090769839878,0.0260206470413836,82,138
2,select_coverage,3.0,majority,0.6952714535901926,0.563685825517325,0.5844078267879184,0.5135023591321459,174,0.5664335664335665,0.3705869612302361,0.3320743668569755,0.1025188856902249,62,138
2,select_coverage,3.0,cmar,0.8336252189141856,0.7823244690952773,0.8144174768528574,0.7274927341671742,95,0.4825174825174825,0.3733484946935239,0.3696741854636591,0.0822028943247138,74,138
2,select_coverage,3.0,top_k_avg,0.7548161120840631,0.6894455437567446,0.7165025921270484,0.5896284160415665,140,0.4755244755244755,0.3738899718431882,0.3653533051123412,0.0714077800012951,75,138
2,select_coverage,3.0,list,0.851138353765324,0.8421435185159402,0.8457662354597764,0.7572681591605718,85,0.3916083916083916,0.329624214858133,0.3263642806520199,-0.0082417358262759,87,138
2,select_coverage,4.0,majority,0.7057793345008757,0.5846882906625038,0.60961516571908,0.5214013980873818,168,0.5664335664335665,0.3799003682044617,0.3461634800033397,0.1157962301977547,62,138
2,select_coverage,4.0,cmar,0.8213660245183888,0.7735248345879974,0.8047069699137784,0.7052594350767064,102,0.4685314685314685,0.360461338531514,0.3553724053724054,0.0550785093997792,76,138
2,select_coverage,4.0,top_k_avg,0.7373029772329247,0.6772094831326262,0.7028034635614047,0.5596427073470935,150,0.4755244755244755,0.3738899718431882,0.3653238788026978,0.0793675388066242,75,138
2,select_coverage,4.0,list,0.8283712784588442,0.8272523386763067,0.8254109164151382,0.7236569273482804,98,0.3846153846153846,0.3348223954949101,0.3263738618427207,0.0011317367898642,88,138
2,select_coverage_CBA_M1,,majority,0.8581436077057794,0.8094646426449138,0.848066849747522,0.7786001794844583,81,0.4685314685314685,0.3464912280701754,0.3464550264550264,0.035935041966891,76,138
2,select_coverage_CBA_M1,,cmar,0.8581436077057794,0.8094646426449138,0.848066849747522,0.7786001794844583,81,0.4685314685314685,0.3511479315572883,0.3505430242272347,0.050240398194839,76,138
2,select_coverage_CBA_M1,,top_k_avg,0.8581436077057794,0.8094646426449138,0.848066849747522,0.7786001794844583,81,0.4755244755244755,0.3459497509205111,0.3433096822174428,0.0354291244863005,75,138
2,select_coverage_CBA_M1,,list,0.8581436077057794,0.8094646426449138,0.848066849747522,0.7786001794844583,81,0.4615384615384615,0.337719298245614,0.3367391867391867,0.0193083062276199,77,138
1,select_coverage,1.0,majority,0.660245183887916,0.5147707231040565,0.5274969781904179,0.4547734252772758,194,0.5314685314685315,0.3495419309372797,0.2967126554249702,0.0502834709545797,67,148
1,select_coverage,1.0,cmar,0.8791593695271454,0.8334431889516635,0.8657388093141117,0.8049271278310431,69,0.4965034965034965,0.3722899951413601,0.3587602783048703,0.0910608022925266,72,148
1,select_coverage,1.0,top_k_avg,0.8633975481611208,0.8138492810809194,0.8424483910139647,0.7754234772814941,78,0.5034965034965035,0.383464866781348,0.3686305292037647,0.1103418479771005,71,148
1,select_coverage,1.0,list,0.9019264448336252,0.8826046991301228,0.8957585915133085,0.8388004468241521,56,0.4895104895104895,0.3713839244678476,0.3595697962777757,0.0890783765761789,73,148
1,select_coverage,2.0,majority,0.6199649737302977,0.4592151675485008,0.4445257745591449,0.3756369093258581,217,0.5174825174825175,0.3374609886237793,0.2817460317460317,0.0020292702473503,69,148
1,select_coverage,2.0,cmar,0.8108581436077058,0.7347607090544943,0.7816383579526911,0.7013723768504233,108,0.5034965034965035,0.3766189994703645,0.3626530754591018,0.0811148048601366,71,148
1,select_coverage,2.0,top_k_avg,0.8143607705779334,0.7461401070158132,0.7764291141134895,0.6924438408366456,106,0.5104895104895105,0.3981677237491191,0.3667510548523207,0.1441115015987809,70,148
1,select_coverage,2.0,list,0.882661996497373,0.8673646608674858,0.8769764446080236,0.8063357833632753,67,0.4825174825174825,0.3808517064331018,0.3560784313725491,0.1137655537214876,74,148
1,select_coverage,3.0,majority,0.637478108581436,0.4821152064089917,0.477710544727357,0.4087360648277507,207,0.5244755244755245,0.3486358602637672,0.3010946907498631,0.0404867584022733,68,148
1,select_coverage,3.0,cmar,0.8231173380035026,0.7573296864257317,0.7999107506934151,0.714991145862013,101,0.5244755244755245,0.3998748134238528,0.3842746400885935,0.1342831415182118,68,148
1,select_coverage,3.0,top_k_avg,0.7740805604203153,0.6906944070785879,0.7169625762881893,0.6228024152576983,129,0.5104895104895105,0.4015906574046108,0.3685268979386626,0.1494830680297536,70,148
1,select_coverage,3.0,list,0.8669001751313485,0.8563409858607599,0.8616314084238613,0.7807300259337475,76,0.4615384615384615,0.3712876271015806,0.3442689870018262,0.1008254888666719,77,148
1,select_coverage,4.0,majority,0.6409807355516638,0.4860834603772457,0.4825920274656035,0.4153802311180826,205,0.5244755244755245,0.352058793919259,0.3082437275985663,0.0475942782852735,68,148
1,select_coverage,4.0,cmar,0.8248686514886164,0.7585694855468867,0.7987668088887497,0.7149324074949293,100,0.5174825174825175,0.4023916764058321,0.384450101407491,0.1323128866835972,69,148
1,select_coverage,4.0,top_k_avg,0.7530647985989493,0.6743244253131259,0.695290350674966,0.5847861816004251,141,0.4965034965034965,0.396355582402094,0.3596004439511653,0.1316733613108165,72,148
1,select_coverage,4.0,list,0.8546409807355516,0.8484313813409857,0.849574800416522,0.7616338758117277,83,0.4265734265734265,0.3530655391120507,0.3226276121959575,0.0592333991857184,82,148
1,select_coverage_CBA_M1,,majority,0.8651488616462347,0.8141534391534392,0.8535458802577726,0.7875244285521442,77,0.4685314685314685,0.3447051768588674,0.3315663952173654,0.0273281478929816,76,148
1,select_coverage_CBA_M1,,cmar,0.8651488616462347,0.8141534391534392,0.8535458802577726,0.7875244285521442,77,0.4545454545454545,0.332624234545367,0.3199841218868194,0.0057105993478618,78,148
1,select_coverage_CBA_M1,,top_k_avg,0.8651488616462347,0.8141534391534392,0.8535458802577726,0.7875244285521442,77,0.4685314685314685,0.3447051768588674,0.3315663952173654,0.0273281478929816,76,148
1,select_coverage_CBA_M1,,list,0.8651488616462347,0.8141534391534392,0.8535458802577726,0.7875244285521442,77,0.4685314685314685,0.3447051768588674,0.3315663952173654,0.0273281478929816,76,148
2,select_coverage,1.0,majority,0.660245183887916,0.5147707231040565,0.5274969781904179,0.4547734252772758,194,0.5314685314685315,0.3495419309372797,0.2967126554249702,0.0502834709545797,67,148
2,select_coverage,1.0,cmar,0.8791593695271454,0.8334431889516635,0.8657388093141117,0.8049271278310431,69,0.4965034965034965,0.3722899951413601,0.3587602783048703,0.0910608022925266,72,148
2,select_coverage,1.0,top_k_avg,0.8633975481611208,0.8138492810809194,0.8424483910139647,0.7754234772814941,78,0.4965034965034965,0.3757129287968519,0.3618701014393501,0.098912295021494,72,148
2,select_coverage,1.0,list,0.9019264448336252,0.8826046991301228,0.8957585915133085,0.8388004468241521,56,0.4755244755244755,0.3593029821543472,0.3484581279976266,0.0679188613951129,75,148
2,select_coverage,2.0,majority,0.6217162872154116,0.4623015873015872,0.4501339240469675,0.379398377549536,216,0.5174825174825175,0.3374609886237793,0.2817460317460317,0.0020292702473503,69,148
2,select_coverage,2.0,cmar,0.8108581436077058,0.7347607090544943,0.7816383579526911,0.7013723768504233,108,0.5034965034965035,0.3766189994703645,0.3626530754591018,0.0811148048601366,71,148
2,select_coverage,2.0,top_k_avg,0.8143607705779334,0.7461401070158132,0.7764291141134895,0.6924438408366456,106,0.5104895104895105,0.3981677237491191,0.3667510548523207,0.1441115015987809,70,148
2,select_coverage,2.0,list,0.882661996497373,0.8673646608674858,0.8769764446080236,0.8063357833632753,67,0.4755244755244755,0.3832635177427897,0.3669122300701248,0.1068482103102441,75,148
2,select_coverage,3.0,majority,0.637478108581436,0.4821152064089917,0.477710544727357,0.4087360648277507,207,0.5244755244755245,0.3486358602637672,0.3010946907498631,0.0404867584022733,68,148
2,select_coverage,3.0,cmar,0.8213660245183888,0.7553455594416046,0.7986001253078756,0.7126891494704536,102,0.5244755244755245,0.3998748134238528,0.3842746400885935,0.1342831415182118,68,148
2,select_coverage,3.0,top_k_avg,0.7740805604203153,0.6906944070785879,0.7169625762881893,0.6228024152576983,129,0.5104895104895105,0.4015906574046108,0.3685268979386626,0.1494830680297536,70,148
2,select_coverage,3.0,list,0.8669001751313485,0.8563409858607599,0.8616314084238613,0.7807300259337475,76,0.4615384615384615,0.3881921920344569,0.3736021736021735,0.1073106931963892,77,148
2,select_coverage,4.0,majority,0.6409807355516638,0.4860834603772457,0.4825920274656035,0.4153802311180826,205,0.5244755244755245,0.352058793919259,0.3082437275985663,0.0475942782852735,68,148
2,select_coverage,4.0,cmar,0.8248686514886164,0.7585694855468867,0.7987668088887497,0.7149324074949293,100,0.5174825174825175,0.4023916764058321,0.384450101407491,0.1323128866835972,69,148
2,select_coverage,4.0,top_k_avg,0.7530647985989493,0.6743244253131259,0.695290350674966,0.5847861816004251,141,0.4965034965034965,0.396355582402094,0.3596004439511653,0.1316733613108165,72,148
2,select_coverage,4.0,list,0.8546409807355516,0.8484313813409857,0.849574800416522,0.7616338758117277,83,0.4265734265734265,0.3699701040449271,0.3508540785428657,0.0662370617265212,82,148
2,select_coverage_CBA_M1,,majority,0.8651488616462347,0.8141534391534392,0.8535458802577726,0.7875244285521442,77,0.4545454545454545,0.332624234545367,0.3199841218868194,0.0057105993478618,78,148
2,select_coverage_CBA_M1,,cmar,0.8651488616462347,0.8141534391534392,0.8535458802577726,0.7875244285521442,77,0.4545454545454545,0.332624234545367,0.3199841218868194,0.0057105993478618,78,148
2,select_coverage_CBA_M1,,top_k_avg,0.8651488616462347,0.8141534391534392,0.8535458802577726,0.7875244285521442,77,0.4615384615384615,0.3369532388743713,0.3238984674329502,0.0158468042232541,77,148
2,select_coverage_CBA_M1,,list,0.8651488616462347,0.8141534391534392,0.8535458802577726,0.7875244285521442,77,0.4545454545454545,0.332624234545367,0.3199841218868194,0.0057105993478618,78,148
