id_uci,nclients,seed,data_name,train_size,number_classes,majority_class,ranking,selection,param,consolidation,round1_n_rules,round1_n_items_antecedent,round2_n_rules,round2_n_items_antecedent,final_nrules,final_total_items,default_class,comm_cost
19,2,5,Car Evaluation,1382,4,unacc,1,select_coverage,1.0,DAC,192,755,,,170,684,good,5340
19,2,5,Car Evaluation,1382,4,unacc,1,select_coverage,1.0,exact,192,755,170.0,684.0,143,571,vgood,14872
19,2,5,Car Evaluation,1382,4,unacc,1,select_coverage,2.0,DAC,354,1350,,,310,1227,unacc,9664
19,2,5,Car Evaluation,1382,4,unacc,1,select_coverage,2.0,exact,354,1350,308.0,1218.0,261,1026,unacc,26728
19,2,5,Car Evaluation,1382,4,unacc,1,select_coverage,3.0,DAC,436,1659,,,383,1512,unacc,11884
19,2,5,Car Evaluation,1382,4,unacc,1,select_coverage,3.0,exact,436,1659,380.0,1499.0,321,1258,unacc,32896
19,2,5,Car Evaluation,1382,4,unacc,1,select_coverage,4.0,DAC,524,1956,,,454,1763,good,14128
19,2,5,Car Evaluation,1382,4,unacc,1,select_coverage,4.0,exact,524,1956,450.0,1746.0,375,1437,unacc,38588
19,2,5,Car Evaluation,1382,4,unacc,1,select_coverage_CBA_M1,,DAC,140,575,,,121,511,acc,3996
19,2,5,Car Evaluation,1382,4,unacc,1,select_coverage_CBA_M1,,exact,140,575,121.0,511.0,101,426,acc,10920
19,2,5,Car Evaluation,1382,4,unacc,2,select_coverage,1.0,exact,191,750,169.0,679.0,142,566,vgood,14772
19,2,5,Car Evaluation,1382,4,unacc,2,select_coverage,2.0,exact,354,1350,308.0,1218.0,261,1026,unacc,26728
19,2,5,Car Evaluation,1382,4,unacc,2,select_coverage,3.0,exact,436,1659,380.0,1499.0,321,1258,unacc,32896
19,2,5,Car Evaluation,1382,4,unacc,2,select_coverage,4.0,exact,527,1968,453.0,1758.0,375,1437,unacc,38804
19,2,5,Car Evaluation,1382,4,unacc,2,select_coverage_CBA_M1,,exact,112,458,97.0,410.0,86,361,acc,8828
19,2,14,Car Evaluation,1382,4,unacc,1,select_coverage,1.0,DAC,188,751,,,166,683,unacc,5276
19,2,14,Car Evaluation,1382,4,unacc,1,select_coverage,1.0,exact,188,751,166.0,683.0,136,554,acc,14624
19,2,14,Car Evaluation,1382,4,unacc,1,select_coverage,2.0,DAC,350,1353,,,309,1240,good,9628
19,2,14,Car Evaluation,1382,4,unacc,1,select_coverage,2.0,exact,350,1353,309.0,1240.0,254,1006,unacc,26788
19,2,14,Car Evaluation,1382,4,unacc,1,select_coverage,3.0,DAC,438,1685,,,388,1552,good,12012
19,2,14,Car Evaluation,1382,4,unacc,1,select_coverage,3.0,exact,438,1685,388.0,1552.0,320,1268,unacc,33572
19,2,14,Car Evaluation,1382,4,unacc,1,select_coverage,4.0,DAC,516,1929,,,455,1774,good,13924
19,2,14,Car Evaluation,1382,4,unacc,1,select_coverage,4.0,exact,516,1929,451.0,1758.0,367,1413,unacc,38472
19,2,14,Car Evaluation,1382,4,unacc,1,select_coverage_CBA_M1,,DAC,138,580,,,119,516,acc,3992
19,2,14,Car Evaluation,1382,4,unacc,1,select_coverage_CBA_M1,,exact,138,580,119.0,516.0,97,419,acc,10852
19,2,14,Car Evaluation,1382,4,unacc,2,select_coverage,1.0,exact,188,751,166.0,683.0,136,554,acc,14624
19,2,14,Car Evaluation,1382,4,unacc,2,select_coverage,2.0,exact,352,1362,311.0,1249.0,255,1011,unacc,26960
19,2,14,Car Evaluation,1382,4,unacc,2,select_coverage,3.0,exact,439,1689,389.0,1556.0,320,1268,unacc,33644
19,2,14,Car Evaluation,1382,4,unacc,2,select_coverage,4.0,exact,516,1931,451.0,1760.0,368,1419,unacc,38512
19,2,14,Car Evaluation,1382,4,unacc,2,select_coverage_CBA_M1,,exact,87,363,78.0,339.0,64,276,acc,7064
19,2,17,Car Evaluation,1382,4,unacc,1,select_coverage,1.0,DAC,184,726,,,159,645,good,5128
19,2,17,Car Evaluation,1382,4,unacc,1,select_coverage,1.0,exact,184,726,159.0,645.0,131,522,vgood,13964
19,2,17,Car Evaluation,1382,4,unacc,1,select_coverage,2.0,DAC,340,1297,,,298,1181,good,9284
19,2,17,Car Evaluation,1382,4,unacc,1,select_coverage,2.0,exact,340,1297,298.0,1181.0,245,956,good,25688
19,2,17,Car Evaluation,1382,4,unacc,1,select_coverage,3.0,DAC,425,1628,,,366,1456,vgood,11628
19,2,17,Car Evaluation,1382,4,unacc,1,select_coverage,3.0,exact,425,1628,366.0,1456.0,294,1153,unacc,31620
19,2,17,Car Evaluation,1382,4,unacc,1,select_coverage,4.0,DAC,515,1923,,,442,1719,vgood,13888
19,2,17,Car Evaluation,1382,4,unacc,1,select_coverage,4.0,exact,515,1923,438.0,1703.0,343,1307,unacc,37284
19,2,17,Car Evaluation,1382,4,unacc,1,select_coverage_CBA_M1,,DAC,128,536,,,110,475,acc,3696
19,2,17,Car Evaluation,1382,4,unacc,1,select_coverage_CBA_M1,,exact,128,536,110.0,475.0,88,377,acc,9984
19,2,17,Car Evaluation,1382,4,unacc,2,select_coverage,1.0,exact,184,726,159.0,645.0,131,522,vgood,13964
19,2,17,Car Evaluation,1382,4,unacc,2,select_coverage,2.0,exact,341,1302,299.0,1186.0,245,956,good,25768
19,2,17,Car Evaluation,1382,4,unacc,2,select_coverage,3.0,exact,425,1628,366.0,1456.0,295,1157,unacc,31636
19,2,17,Car Evaluation,1382,4,unacc,2,select_coverage,4.0,exact,516,1927,441.0,1715.0,345,1315,unacc,37500
19,2,17,Car Evaluation,1382,4,unacc,2,select_coverage_CBA_M1,,exact,73,307,65.0,286.0,56,243,acc,5976
19,2,19,Car Evaluation,1382,4,unacc,1,select_coverage,1.0,DAC,197,779,,,174,706,good,5496
19,2,19,Car Evaluation,1382,4,unacc,1,select_coverage,1.0,exact,197,779,174.0,706.0,150,600,vgood,15332
19,2,19,Car Evaluation,1382,4,unacc,1,select_coverage,2.0,DAC,334,1289,,,293,1175,good,9180
19,2,19,Car Evaluation,1382,4,unacc,1,select_coverage,2.0,exact,334,1289,293.0,1175.0,252,1001,unacc,25612
19,2,19,Car Evaluation,1382,4,unacc,1,select_coverage,3.0,DAC,407,1546,,,351,1390,good,11084
19,2,19,Car Evaluation,1382,4,unacc,1,select_coverage,3.0,exact,407,1546,349.0,1382.0,294,1153,unacc,30316
19,2,19,Car Evaluation,1382,4,unacc,1,select_coverage,4.0,DAC,493,1817,,,418,1607,good,13200
19,2,19,Car Evaluation,1382,4,unacc,1,select_coverage,4.0,exact,493,1817,413.0,1587.0,345,1305,unacc,35388
19,2,19,Car Evaluation,1382,4,unacc,1,select_coverage_CBA_M1,,DAC,127,537,,,112,486,acc,3688
19,2,19,Car Evaluation,1382,4,unacc,1,select_coverage_CBA_M1,,exact,127,537,112.0,486.0,97,417,acc,10272
19,2,19,Car Evaluation,1382,4,unacc,2,select_coverage,1.0,exact,197,779,174.0,706.0,150,600,vgood,15332
19,2,19,Car Evaluation,1382,4,unacc,2,select_coverage,2.0,exact,334,1290,293.0,1176.0,252,1002,unacc,25624
19,2,19,Car Evaluation,1382,4,unacc,2,select_coverage,3.0,exact,408,1551,350.0,1387.0,295,1158,unacc,30416
19,2,19,Car Evaluation,1382,4,unacc,2,select_coverage,4.0,exact,492,1812,412.0,1584.0,344,1302,unacc,35304
19,2,19,Car Evaluation,1382,4,unacc,2,select_coverage_CBA_M1,,exact,100,427,89.0,392.0,79,345,acc,8248
19,2,29,Car Evaluation,1382,4,unacc,1,select_coverage,1.0,DAC,177,679,,,154,607,good,4856
19,2,29,Car Evaluation,1382,4,unacc,1,select_coverage,1.0,exact,177,679,152.0,599.0,126,488,good,13176
19,2,29,Car Evaluation,1382,4,unacc,1,select_coverage,2.0,DAC,312,1152,,,269,1037,good,8368
19,2,29,Car Evaluation,1382,4,unacc,1,select_coverage,2.0,exact,312,1152,267.0,1029.0,225,855,unacc,22856
19,2,29,Car Evaluation,1382,4,unacc,1,select_coverage,3.0,DAC,401,1500,,,343,1339,good,10828
19,2,29,Car Evaluation,1382,4,unacc,1,select_coverage,3.0,exact,401,1500,341.0,1331.0,285,1097,unacc,29384
19,2,29,Car Evaluation,1382,4,unacc,1,select_coverage,4.0,DAC,487,1776,,,412,1574,good,12964
19,2,29,Car Evaluation,1382,4,unacc,1,select_coverage,4.0,exact,487,1776,409.0,1562.0,345,1294,unacc,34920
19,2,29,Car Evaluation,1382,4,unacc,1,select_coverage_CBA_M1,,DAC,117,465,,,100,411,acc,3280
19,2,29,Car Evaluation,1382,4,unacc,1,select_coverage_CBA_M1,,exact,117,465,100.0,411.0,84,343,acc,8908
19,2,29,Car Evaluation,1382,4,unacc,2,select_coverage,1.0,exact,178,684,153.0,604.0,126,488,good,13256
19,2,29,Car Evaluation,1382,4,unacc,2,select_coverage,2.0,exact,314,1162,269.0,1039.0,225,855,unacc,23016
19,2,29,Car Evaluation,1382,4,unacc,2,select_coverage,3.0,exact,402,1507,342.0,1338.0,284,1095,unacc,29472
19,2,29,Car Evaluation,1382,4,unacc,2,select_coverage,4.0,exact,488,1780,410.0,1566.0,345,1294,unacc,34992
19,2,29,Car Evaluation,1382,4,unacc,2,select_coverage_CBA_M1,,exact,85,333,78.0,319.0,65,263,acc,6812
19,2,31,Car Evaluation,1382,4,unacc,1,select_coverage,1.0,DAC,189,752,,,164,669,vgood,5292
19,2,31,Car Evaluation,1382,4,unacc,1,select_coverage,1.0,exact,189,752,163.0,665.0,137,554,vgood,14436
19,2,31,Car Evaluation,1382,4,unacc,1,select_coverage,2.0,DAC,348,1353,,,301,1217,vgood,9604
19,2,31,Car Evaluation,1382,4,unacc,1,select_coverage,2.0,exact,348,1353,300.0,1213.0,259,1040,unacc,26456
19,2,31,Car Evaluation,1382,4,unacc,1,select_coverage,3.0,DAC,426,1640,,,369,1483,vgood,11688
19,2,31,Car Evaluation,1382,4,unacc,1,select_coverage,3.0,exact,426,1640,364.0,1463.0,311,1240,unacc,31964
19,2,31,Car Evaluation,1382,4,unacc,1,select_coverage,4.0,DAC,505,1890,,,433,1696,good,13636
19,2,31,Car Evaluation,1382,4,unacc,1,select_coverage,4.0,exact,505,1890,428.0,1676.0,364,1414,unacc,37072
19,2,31,Car Evaluation,1382,4,unacc,1,select_coverage_CBA_M1,,DAC,135,554,,,117,497,acc,3852
19,2,31,Car Evaluation,1382,4,unacc,1,select_coverage_CBA_M1,,exact,135,554,117.0,497.0,100,424,acc,10612
19,2,31,Car Evaluation,1382,4,unacc,2,select_coverage,1.0,exact,189,752,163.0,665.0,137,554,vgood,14436
19,2,31,Car Evaluation,1382,4,unacc,2,select_coverage,2.0,exact,349,1357,301.0,1217.0,260,1044,unacc,26544
19,2,31,Car Evaluation,1382,4,unacc,2,select_coverage,3.0,exact,426,1640,365.0,1467.0,311,1240,unacc,32020
19,2,31,Car Evaluation,1382,4,unacc,2,select_coverage,4.0,exact,505,1890,428.0,1676.0,364,1414,unacc,37072
19,2,31,Car Evaluation,1382,4,unacc,2,select_coverage_CBA_M1,,exact,74,299,64.0,274.0,60,254,acc,5900
19,2,34,Car Evaluation,1382,4,unacc,1,select_coverage,1.0,DAC,201,801,,,178,724,acc,5632
19,2,34,Car Evaluation,1382,4,unacc,1,select_coverage,1.0,exact,201,801,178.0,724.0,144,583,acc,15584
19,2,34,Car Evaluation,1382,4,unacc,1,select_coverage,2.0,DAC,357,1386,,,316,1270,vgood,9844
19,2,34,Car Evaluation,1382,4,unacc,1,select_coverage,2.0,exact,357,1386,312.0,1254.0,249,987,unacc,27020
19,2,34,Car Evaluation,1382,4,unacc,1,select_coverage,3.0,DAC,452,1747,,,397,1592,vgood,12428
19,2,34,Car Evaluation,1382,4,unacc,1,select_coverage,3.0,exact,452,1747,391.0,1568.0,310,1227,unacc,33840
19,2,34,Car Evaluation,1382,4,unacc,1,select_coverage,4.0,DAC,535,2004,,,468,1827,good,14452
19,2,34,Car Evaluation,1382,4,unacc,1,select_coverage,4.0,exact,535,2004,461.0,1799.0,364,1397,unacc,39272
19,2,34,Car Evaluation,1382,4,unacc,1,select_coverage_CBA_M1,,DAC,140,580,,,121,517,acc,4016
19,2,34,Car Evaluation,1382,4,unacc,1,select_coverage_CBA_M1,,exact,140,580,121.0,517.0,99,425,acc,10960
19,2,34,Car Evaluation,1382,4,unacc,2,select_coverage,1.0,exact,201,801,178.0,724.0,144,583,acc,15584
19,2,34,Car Evaluation,1382,4,unacc,2,select_coverage,2.0,exact,358,1391,313.0,1259.0,250,992,unacc,27120
19,2,34,Car Evaluation,1382,4,unacc,2,select_coverage,3.0,exact,453,1752,393.0,1577.0,312,1236,unacc,34012
19,2,34,Car Evaluation,1382,4,unacc,2,select_coverage,4.0,exact,535,2004,461.0,1799.0,364,1397,unacc,39272
19,2,34,Car Evaluation,1382,4,unacc,2,select_coverage_CBA_M1,,exact,71,293,63.0,274.0,57,246,acc,5804
19,2,42,Car Evaluation,1382,4,unacc,1,select_coverage,1.0,DAC,183,731,,,160,652,unacc,5136
19,2,42,Car Evaluation,1382,4,unacc,1,select_coverage,1.0,exact,183,731,160.0,652.0,142,575,good,14264
19,2,42,Car Evaluation,1382,4,unacc,1,select_coverage,2.0,DAC,326,1255,,,283,1134,unacc,8948
19,2,42,Car Evaluation,1382,4,unacc,1,select_coverage,2.0,exact,326,1255,282.0,1130.0,246,982,unacc,24780
19,2,42,Car Evaluation,1382,4,unacc,1,select_coverage,3.0,DAC,413,1582,,,362,1442,unacc,11300
19,2,42,Car Evaluation,1382,4,unacc,1,select_coverage,3.0,exact,413,1582,359.0,1430.0,312,1237,unacc,31388
19,2,42,Car Evaluation,1382,4,unacc,1,select_coverage,4.0,DAC,497,1860,,,430,1675,unacc,13420
19,2,42,Car Evaluation,1382,4,unacc,1,select_coverage,4.0,exact,497,1860,424.0,1651.0,363,1404,unacc,36652
19,2,42,Car Evaluation,1382,4,unacc,1,select_coverage_CBA_M1,,DAC,126,533,,,110,479,unacc,3660
19,2,42,Car Evaluation,1382,4,unacc,1,select_coverage_CBA_M1,,exact,126,533,110.0,479.0,100,433,acc,10212
19,2,42,Car Evaluation,1382,4,unacc,2,select_coverage,1.0,exact,183,731,160.0,652.0,142,575,good,14264
19,2,42,Car Evaluation,1382,4,unacc,2,select_coverage,2.0,exact,328,1264,284.0,1139.0,248,991,unacc,24968
19,2,42,Car Evaluation,1382,4,unacc,2,select_coverage,3.0,exact,415,1590,361.0,1438.0,312,1237,unacc,31532
19,2,42,Car Evaluation,1382,4,unacc,2,select_coverage,4.0,exact,500,1874,427.0,1665.0,363,1404,unacc,36884
19,2,42,Car Evaluation,1382,4,unacc,2,select_coverage_CBA_M1,,exact,92,385,82.0,355.0,77,332,acc,7600
19,2,49,Car Evaluation,1382,4,unacc,1,select_coverage,1.0,DAC,199,791,,,177,722,unacc,5568
19,2,49,Car Evaluation,1382,4,unacc,1,select_coverage,1.0,exact,199,791,177.0,722.0,157,636,good,15708
19,2,49,Car Evaluation,1382,4,unacc,1,select_coverage,2.0,DAC,341,1321,,,299,1197,vgood,9392
19,2,49,Car Evaluation,1382,4,unacc,1,select_coverage,2.0,exact,341,1321,299.0,1197.0,258,1024,unacc,26160
19,2,49,Car Evaluation,1382,4,unacc,1,select_coverage,3.0,DAC,434,1668,,,376,1503,unacc,11896
19,2,49,Car Evaluation,1382,4,unacc,1,select_coverage,3.0,exact,434,1668,374.0,1495.0,319,1265,unacc,32704
19,2,49,Car Evaluation,1382,4,unacc,1,select_coverage,4.0,DAC,530,1980,,,451,1759,good,14296
19,2,49,Car Evaluation,1382,4,unacc,1,select_coverage,4.0,exact,530,1980,445.0,1735.0,374,1443,unacc,38464
19,2,49,Car Evaluation,1382,4,unacc,1,select_coverage_CBA_M1,,DAC,143,603,,,126,547,acc,4144
19,2,49,Car Evaluation,1382,4,unacc,1,select_coverage_CBA_M1,,exact,143,603,126.0,547.0,113,489,acc,11628
19,2,49,Car Evaluation,1382,4,unacc,2,select_coverage,1.0,exact,199,792,177.0,723.0,158,641,good,15736
19,2,49,Car Evaluation,1382,4,unacc,2,select_coverage,2.0,exact,342,1327,300.0,1203.0,260,1034,unacc,26288
19,2,49,Car Evaluation,1382,4,unacc,2,select_coverage,3.0,exact,432,1660,373.0,1491.0,318,1261,unacc,32600
19,2,49,Car Evaluation,1382,4,unacc,2,select_coverage,4.0,exact,528,1972,444.0,1731.0,372,1435,unacc,38344
19,2,49,Car Evaluation,1382,4,unacc,2,select_coverage_CBA_M1,,exact,109,458,100.0,434.0,92,398,acc,9192
19,2,63,Car Evaluation,1382,4,unacc,1,select_coverage,1.0,DAC,197,782,,,171,697,unacc,5508
19,2,63,Car Evaluation,1382,4,unacc,1,select_coverage,1.0,exact,197,782,171.0,697.0,152,617,good,15256
19,2,63,Car Evaluation,1382,4,unacc,1,select_coverage,2.0,DAC,344,1306,,,294,1159,vgood,9368
19,2,63,Car Evaluation,1382,4,unacc,1,select_coverage,2.0,exact,344,1306,291.0,1147.0,257,1010,unacc,25524
19,2,63,Car Evaluation,1382,4,unacc,1,select_coverage,3.0,DAC,436,1667,,,374,1486,good,11916
19,2,63,Car Evaluation,1382,4,unacc,1,select_coverage,3.0,exact,436,1667,369.0,1466.0,316,1250,unacc,32324
19,2,63,Car Evaluation,1382,4,unacc,1,select_coverage,4.0,DAC,520,1930,,,444,1714,vgood,13976
19,2,63,Car Evaluation,1382,4,unacc,1,select_coverage,4.0,exact,520,1930,437.0,1686.0,369,1410,unacc,37616
19,2,63,Car Evaluation,1382,4,unacc,1,select_coverage_CBA_M1,,DAC,142,592,,,120,517,acc,4088
19,2,63,Car Evaluation,1382,4,unacc,1,select_coverage_CBA_M1,,exact,142,592,120.0,517.0,108,466,acc,11132
19,2,63,Car Evaluation,1382,4,unacc,2,select_coverage,1.0,exact,197,782,171.0,697.0,152,617,good,15256
19,2,63,Car Evaluation,1382,4,unacc,2,select_coverage,2.0,exact,344,1306,291.0,1147.0,257,1010,unacc,25524
19,2,63,Car Evaluation,1382,4,unacc,2,select_coverage,3.0,exact,436,1669,369.0,1468.0,315,1247,unacc,32328
19,2,63,Car Evaluation,1382,4,unacc,2,select_coverage,4.0,exact,519,1927,436.0,1683.0,368,1407,unacc,37540
19,2,63,Car Evaluation,1382,4,unacc,2,select_coverage_CBA_M1,,exact,72,296,60.0,261.0,56,244,acc,5636
19,2,64,Car Evaluation,1382,4,unacc,1,select_coverage,1.0,DAC,188,742,,,165,671,good,5240
19,2,64,Car Evaluation,1382,4,unacc,1,select_coverage,1.0,exact,188,742,165.0,671.0,140,566,good,14548
19,2,64,Car Evaluation,1382,4,unacc,1,select_coverage,2.0,DAC,344,1319,,,299,1192,good,9420
19,2,64,Car Evaluation,1382,4,unacc,1,select_coverage,2.0,exact,344,1319,298.0,1188.0,255,1008,unacc,26012
19,2,64,Car Evaluation,1382,4,unacc,1,select_coverage,3.0,DAC,441,1699,,,382,1531,vgood,12104
19,2,64,Car Evaluation,1382,4,unacc,1,select_coverage,3.0,exact,441,1699,380.0,1523.0,320,1272,unacc,33208
19,2,64,Car Evaluation,1382,4,unacc,1,select_coverage,4.0,DAC,532,2015,,,459,1810,good,14460
19,2,64,Car Evaluation,1382,4,unacc,1,select_coverage,4.0,exact,532,2015,452.0,1782.0,379,1476,unacc,39204
19,2,64,Car Evaluation,1382,4,unacc,1,select_coverage_CBA_M1,,DAC,136,564,,,119,509,acc,3904
19,2,64,Car Evaluation,1382,4,unacc,1,select_coverage_CBA_M1,,exact,136,564,119.0,509.0,105,448,acc,10876
19,2,64,Car Evaluation,1382,4,unacc,2,select_coverage,1.0,exact,189,747,166.0,676.0,141,571,good,14648
19,2,64,Car Evaluation,1382,4,unacc,2,select_coverage,2.0,exact,344,1319,298.0,1188.0,255,1008,unacc,26012
19,2,64,Car Evaluation,1382,4,unacc,2,select_coverage,3.0,exact,439,1693,378.0,1517.0,318,1264,unacc,33048
19,2,64,Car Evaluation,1382,4,unacc,2,select_coverage,4.0,exact,538,2042,458.0,1809.0,382,1491,unacc,39720
19,2,64,Car Evaluation,1382,4,unacc,2,select_coverage_CBA_M1,,exact,102,422,96.0,411.0,88,375,acc,8704
19,2,65,Car Evaluation,1382,4,unacc,1,select_coverage,1.0,DAC,197,789,,,174,714,unacc,5536
19,2,65,Car Evaluation,1382,4,unacc,1,select_coverage,1.0,exact,197,789,173.0,710.0,142,580,acc,15268
19,2,65,Car Evaluation,1382,4,unacc,1,select_coverage,2.0,DAC,354,1362,,,304,1213,good,9712
19,2,65,Car Evaluation,1382,4,unacc,1,select_coverage,2.0,exact,354,1362,300.0,1197.0,254,1004,acc,26284
19,2,65,Car Evaluation,1382,4,unacc,1,select_coverage,3.0,DAC,450,1728,,,388,1545,vgood,12328
19,2,65,Car Evaluation,1382,4,unacc,1,select_coverage,3.0,exact,450,1728,381.0,1517.0,317,1251,unacc,33256
19,2,65,Car Evaluation,1382,4,unacc,1,select_coverage,4.0,DAC,531,1987,,,456,1773,unacc,14336
19,2,65,Car Evaluation,1382,4,unacc,1,select_coverage,4.0,exact,531,1987,447.0,1737.0,373,1430,unacc,38528
19,2,65,Car Evaluation,1382,4,unacc,1,select_coverage_CBA_M1,,DAC,143,594,,,124,530,acc,4108
19,2,65,Car Evaluation,1382,4,unacc,1,select_coverage_CBA_M1,,exact,143,594,124.0,530.0,104,443,acc,11260
19,2,65,Car Evaluation,1382,4,unacc,2,select_coverage,1.0,exact,198,793,174.0,714.0,142,580,acc,15340
19,2,65,Car Evaluation,1382,4,unacc,2,select_coverage,2.0,exact,353,1358,299.0,1193.0,253,1000,acc,26196
19,2,65,Car Evaluation,1382,4,unacc,2,select_coverage,3.0,exact,451,1738,381.0,1523.0,317,1257,unacc,33344
19,2,65,Car Evaluation,1382,4,unacc,2,select_coverage,4.0,exact,532,1993,447.0,1739.0,372,1428,unacc,38552
19,2,65,Car Evaluation,1382,4,unacc,2,select_coverage_CBA_M1,,exact,114,474,102.0,438.0,88,376,acc,9264
19,2,68,Car Evaluation,1382,4,unacc,1,select_coverage,1.0,DAC,201,787,,,178,715,good,5576
19,2,68,Car Evaluation,1382,4,unacc,1,select_coverage,1.0,exact,201,787,176.0,707.0,144,575,acc,15348
19,2,68,Car Evaluation,1382,4,unacc,1,select_coverage,2.0,DAC,338,1283,,,294,1154,good,9204
19,2,68,Car Evaluation,1382,4,unacc,1,select_coverage,2.0,exact,338,1283,293.0,1150.0,247,961,unacc,25328
19,2,68,Car Evaluation,1382,4,unacc,1,select_coverage,3.0,DAC,420,1596,,,363,1435,good,11440
19,2,68,Car Evaluation,1382,4,unacc,1,select_coverage,3.0,exact,420,1596,360.0,1423.0,300,1176,unacc,31212
19,2,68,Car Evaluation,1382,4,unacc,1,select_coverage,4.0,DAC,517,1919,,,443,1711,good,13896
19,2,68,Car Evaluation,1382,4,unacc,1,select_coverage,4.0,exact,517,1919,439.0,1695.0,364,1387,unacc,37596
19,2,68,Car Evaluation,1382,4,unacc,1,select_coverage_CBA_M1,,DAC,143,595,,,125,535,acc,4112
19,2,68,Car Evaluation,1382,4,unacc,1,select_coverage_CBA_M1,,exact,143,595,125.0,535.0,103,442,acc,11320
19,2,68,Car Evaluation,1382,4,unacc,2,select_coverage,1.0,exact,201,787,176.0,707.0,144,575,acc,15348
19,2,68,Car Evaluation,1382,4,unacc,2,select_coverage,2.0,exact,339,1287,293.0,1150.0,247,961,unacc,25344
19,2,68,Car Evaluation,1382,4,unacc,2,select_coverage,3.0,exact,421,1600,361.0,1427.0,300,1176,unacc,31284
19,2,68,Car Evaluation,1382,4,unacc,2,select_coverage,4.0,exact,518,1925,440.0,1701.0,364,1388,unacc,37688
19,2,68,Car Evaluation,1382,4,unacc,2,select_coverage_CBA_M1,,exact,107,446,97.0,418.0,84,363,acc,8820
19,2,74,Car Evaluation,1382,4,unacc,1,select_coverage,1.0,DAC,193,772,,,168,690,good,5420
19,2,74,Car Evaluation,1382,4,unacc,1,select_coverage,1.0,exact,193,772,168.0,690.0,146,598,good,14992
19,2,74,Car Evaluation,1382,4,unacc,1,select_coverage,2.0,DAC,319,1217,,,275,1097,vgood,8712
19,2,74,Car Evaluation,1382,4,unacc,1,select_coverage,2.0,exact,319,1217,272.0,1085.0,234,926,good,23824
19,2,74,Car Evaluation,1382,4,unacc,1,select_coverage,3.0,DAC,408,1549,,,351,1390,vgood,11108
19,2,74,Car Evaluation,1382,4,unacc,1,select_coverage,3.0,exact,408,1549,344.0,1362.0,295,1159,unacc,30072
19,2,74,Car Evaluation,1382,4,unacc,1,select_coverage,4.0,DAC,508,1883,,,435,1683,vgood,13644
19,2,74,Car Evaluation,1382,4,unacc,1,select_coverage,4.0,exact,508,1883,426.0,1647.0,359,1367,unacc,36660
19,2,74,Car Evaluation,1382,4,unacc,1,select_coverage_CBA_M1,,DAC,130,543,,,114,492,acc,3748
19,2,74,Car Evaluation,1382,4,unacc,1,select_coverage_CBA_M1,,exact,130,543,114.0,492.0,102,439,acc,10488
19,2,74,Car Evaluation,1382,4,unacc,2,select_coverage,1.0,exact,195,781,170.0,699.0,147,603,good,15164
19,2,74,Car Evaluation,1382,4,unacc,2,select_coverage,2.0,exact,320,1224,273.0,1092.0,236,936,good,23960
19,2,74,Car Evaluation,1382,4,unacc,2,select_coverage,3.0,exact,410,1559,346.0,1372.0,295,1159,unacc,30232
19,2,74,Car Evaluation,1382,4,unacc,2,select_coverage,4.0,exact,509,1889,427.0,1653.0,359,1369,unacc,36756
19,2,74,Car Evaluation,1382,4,unacc,2,select_coverage_CBA_M1,,exact,71,297,63.0,278.0,57,250,acc,5852
19,2,76,Car Evaluation,1382,4,unacc,1,select_coverage,1.0,DAC,196,766,,,177,707,good,5432
19,2,76,Car Evaluation,1382,4,unacc,1,select_coverage,1.0,exact,196,766,176.0,703.0,151,598,vgood,15340
19,2,76,Car Evaluation,1382,4,unacc,1,select_coverage,2.0,DAC,330,1265,,,287,1137,good,9036
19,2,76,Car Evaluation,1382,4,unacc,1,select_coverage,2.0,exact,330,1265,286.0,1133.0,246,960,good,24904
19,2,76,Car Evaluation,1382,4,unacc,1,select_coverage,3.0,DAC,420,1599,,,362,1431,good,11452
19,2,76,Car Evaluation,1382,4,unacc,1,select_coverage,3.0,exact,420,1599,359.0,1419.0,302,1178,unacc,31176
19,2,76,Car Evaluation,1382,4,unacc,1,select_coverage,4.0,DAC,515,1912,,,443,1712,good,13844
19,2,76,Car Evaluation,1382,4,unacc,1,select_coverage,4.0,exact,515,1912,439.0,1696.0,364,1380,unacc,37544
19,2,76,Car Evaluation,1382,4,unacc,1,select_coverage_CBA_M1,,DAC,134,552,,,121,511,acc,3832
19,2,76,Car Evaluation,1382,4,unacc,1,select_coverage_CBA_M1,,exact,134,552,121.0,511.0,100,422,acc,10812
19,2,76,Car Evaluation,1382,4,unacc,2,select_coverage,1.0,exact,196,766,176.0,703.0,151,598,vgood,15340
19,2,76,Car Evaluation,1382,4,unacc,2,select_coverage,2.0,exact,331,1269,287.0,1137.0,246,960,good,24976
19,2,76,Car Evaluation,1382,4,unacc,2,select_coverage,3.0,exact,423,1612,362.0,1432.0,302,1178,unacc,31400
19,2,76,Car Evaluation,1382,4,unacc,2,select_coverage,4.0,exact,516,1917,440.0,1701.0,365,1385,unacc,37644
19,2,76,Car Evaluation,1382,4,unacc,2,select_coverage_CBA_M1,,exact,100,410,93.0,393.0,77,324,acc,8260
19,2,100,Car Evaluation,1382,4,unacc,1,select_coverage,1.0,DAC,197,784,,,176,719,good,5516
19,2,100,Car Evaluation,1382,4,unacc,1,select_coverage,1.0,exact,197,784,176.0,719.0,154,626,vgood,15588
19,2,100,Car Evaluation,1382,4,unacc,1,select_coverage,2.0,DAC,353,1364,,,310,1244,unacc,9708
19,2,100,Car Evaluation,1382,4,unacc,1,select_coverage,2.0,exact,353,1364,309.0,1240.0,271,1080,unacc,27128
19,2,100,Car Evaluation,1382,4,unacc,1,select_coverage,3.0,DAC,441,1712,,,382,1539,vgood,12156
19,2,100,Car Evaluation,1382,4,unacc,1,select_coverage,3.0,exact,441,1712,377.0,1519.0,328,1312,unacc,33284
19,2,100,Car Evaluation,1382,4,unacc,1,select_coverage,4.0,DAC,531,1997,,,458,1792,unacc,14376
19,2,100,Car Evaluation,1382,4,unacc,1,select_coverage,4.0,exact,531,1997,451.0,1764.0,387,1498,unacc,39108
19,2,100,Car Evaluation,1382,4,unacc,1,select_coverage_CBA_M1,,DAC,133,558,,,119,515,acc,3844
19,2,100,Car Evaluation,1382,4,unacc,1,select_coverage_CBA_M1,,exact,133,558,119.0,515.0,108,466,acc,10948
19,2,100,Car Evaluation,1382,4,unacc,2,select_coverage,1.0,exact,197,784,176.0,719.0,154,626,vgood,15588
19,2,100,Car Evaluation,1382,4,unacc,2,select_coverage,2.0,exact,353,1364,309.0,1240.0,271,1080,unacc,27128
19,2,100,Car Evaluation,1382,4,unacc,2,select_coverage,3.0,exact,442,1717,378.0,1524.0,328,1312,unacc,33364
19,2,100,Car Evaluation,1382,4,unacc,2,select_coverage,4.0,exact,531,1999,452.0,1769.0,387,1498,unacc,39176
19,2,100,Car Evaluation,1382,4,unacc,2,select_coverage_CBA_M1,,exact,70,291,64.0,280.0,59,256,acc,5900
19,2,114,Car Evaluation,1382,4,unacc,1,select_coverage,1.0,DAC,199,791,,,179,723,good,5568
19,2,114,Car Evaluation,1382,4,unacc,1,select_coverage,1.0,exact,199,791,179.0,723.0,147,585,good,15588
19,2,114,Car Evaluation,1382,4,unacc,1,select_coverage,2.0,DAC,345,1329,,,299,1199,good,9472
19,2,114,Car Evaluation,1382,4,unacc,1,select_coverage,2.0,exact,345,1329,298.0,1195.0,243,961,unacc,25892
19,2,114,Car Evaluation,1382,4,unacc,1,select_coverage,3.0,DAC,436,1673,,,382,1522,vgood,11940
19,2,114,Car Evaluation,1382,4,unacc,1,select_coverage,3.0,exact,436,1673,379.0,1510.0,311,1222,unacc,32812
19,2,114,Car Evaluation,1382,4,unacc,1,select_coverage,4.0,DAC,537,2019,,,467,1823,good,14536
19,2,114,Car Evaluation,1382,4,unacc,1,select_coverage,4.0,exact,537,2019,460.0,1795.0,378,1452,unacc,39496
19,2,114,Car Evaluation,1382,4,unacc,1,select_coverage_CBA_M1,,DAC,145,608,,,128,548,acc,4188
19,2,114,Car Evaluation,1382,4,unacc,1,select_coverage_CBA_M1,,exact,145,608,128.0,548.0,105,447,acc,11564
19,2,114,Car Evaluation,1382,4,unacc,2,select_coverage,1.0,exact,199,791,179.0,723.0,147,585,good,15588
19,2,114,Car Evaluation,1382,4,unacc,2,select_coverage,2.0,exact,344,1324,297.0,1190.0,242,957,unacc,25796
19,2,114,Car Evaluation,1382,4,unacc,2,select_coverage,3.0,exact,437,1679,380.0,1516.0,312,1227,unacc,32920
19,2,114,Car Evaluation,1382,4,unacc,2,select_coverage,4.0,exact,539,2029,462.0,1805.0,379,1456,unacc,39672
19,2,114,Car Evaluation,1382,4,unacc,2,select_coverage_CBA_M1,,exact,110,463,99.0,427.0,83,356,acc,8976
19,2,133,Car Evaluation,1382,4,unacc,1,select_coverage,1.0,DAC,191,751,,,163,658,unacc,5312
19,2,133,Car Evaluation,1382,4,unacc,1,select_coverage,1.0,exact,191,751,163.0,658.0,140,559,unacc,14424
19,2,133,Car Evaluation,1382,4,unacc,1,select_coverage,2.0,DAC,348,1340,,,299,1194,unacc,9552
19,2,133,Car Evaluation,1382,4,unacc,1,select_coverage,2.0,exact,348,1340,298.0,1190.0,257,1019,unacc,26148
19,2,133,Car Evaluation,1382,4,unacc,1,select_coverage,3.0,DAC,436,1676,,,374,1494,acc,11952
19,2,133,Car Evaluation,1382,4,unacc,1,select_coverage,3.0,exact,436,1676,370.0,1478.0,317,1261,unacc,32492
19,2,133,Car Evaluation,1382,4,unacc,1,select_coverage,4.0,DAC,535,2008,,,453,1770,acc,14468
19,2,133,Car Evaluation,1382,4,unacc,1,select_coverage,4.0,exact,535,2008,445.0,1738.0,377,1462,unacc,38664
19,2,133,Car Evaluation,1382,4,unacc,1,select_coverage_CBA_M1,,DAC,136,564,,,114,487,acc,3904
19,2,133,Car Evaluation,1382,4,unacc,1,select_coverage_CBA_M1,,exact,136,564,114.0,487.0,97,414,acc,10452
19,2,133,Car Evaluation,1382,4,unacc,2,select_coverage,1.0,exact,191,751,163.0,658.0,140,559,unacc,14424
19,2,133,Car Evaluation,1382,4,unacc,2,select_coverage,2.0,exact,348,1340,298.0,1190.0,257,1019,unacc,26148
19,2,133,Car Evaluation,1382,4,unacc,2,select_coverage,3.0,exact,435,1673,369.0,1475.0,317,1261,unacc,32428
19,2,133,Car Evaluation,1382,4,unacc,2,select_coverage,4.0,exact,537,2016,447.0,1746.0,377,1462,unacc,38808
19,2,133,Car Evaluation,1382,4,unacc,2,select_coverage_CBA_M1,,exact,82,336,72.0,307.0,67,287,acc,6632
19,2,138,Car Evaluation,1382,4,unacc,1,select_coverage,1.0,DAC,202,805,,,181,739,good,5660
19,2,138,Car Evaluation,1382,4,unacc,1,select_coverage,1.0,exact,202,805,181.0,739.0,154,622,vgood,15936
19,2,138,Car Evaluation,1382,4,unacc,1,select_coverage,2.0,DAC,350,1345,,,304,1211,good,9596
19,2,138,Car Evaluation,1382,4,unacc,1,select_coverage,2.0,exact,350,1345,303.0,1207.0,262,1031,good,26484
19,2,138,Car Evaluation,1382,4,unacc,1,select_coverage,3.0,DAC,437,1687,,,380,1526,good,12008
19,2,138,Car Evaluation,1382,4,unacc,1,select_coverage,3.0,exact,437,1687,379.0,1522.0,320,1270,unacc,33108
19,2,138,Car Evaluation,1382,4,unacc,1,select_coverage,4.0,DAC,523,1965,,,451,1766,good,14152
19,2,138,Car Evaluation,1382,4,unacc,1,select_coverage,4.0,exact,523,1965,449.0,1758.0,373,1438,unacc,38636
19,2,138,Car Evaluation,1382,4,unacc,1,select_coverage_CBA_M1,,DAC,145,599,,,130,551,acc,4152
19,2,138,Car Evaluation,1382,4,unacc,1,select_coverage_CBA_M1,,exact,145,599,130.0,551.0,113,477,acc,11740
19,2,138,Car Evaluation,1382,4,unacc,2,select_coverage,1.0,exact,202,805,181.0,739.0,154,622,vgood,15936
19,2,138,Car Evaluation,1382,4,unacc,2,select_coverage,2.0,exact,350,1345,303.0,1207.0,262,1031,good,26484
19,2,138,Car Evaluation,1382,4,unacc,2,select_coverage,3.0,exact,438,1692,380.0,1527.0,320,1270,unacc,33188
19,2,138,Car Evaluation,1382,4,unacc,2,select_coverage,4.0,exact,524,1970,450.0,1763.0,373,1438,unacc,38716
19,2,138,Car Evaluation,1382,4,unacc,2,select_coverage_CBA_M1,,exact,109,448,100.0,424.0,88,370,acc,9000
19,2,148,Car Evaluation,1382,4,unacc,1,select_coverage,1.0,DAC,187,738,,,164,662,unacc,5212
19,2,148,Car Evaluation,1382,4,unacc,1,select_coverage,1.0,exact,187,738,163.0,657.0,142,566,good,14396
19,2,148,Car Evaluation,1382,4,unacc,1,select_coverage,2.0,DAC,338,1314,,,297,1196,unacc,9328
19,2,148,Car Evaluation,1382,4,unacc,1,select_coverage,2.0,exact,338,1314,295.0,1187.0,253,1009,good,25872
19,2,148,Car Evaluation,1382,4,unacc,1,select_coverage,3.0,DAC,427,1647,,,373,1492,good,11728
19,2,148,Car Evaluation,1382,4,unacc,1,select_coverage,3.0,exact,427,1647,370.0,1479.0,308,1223,good,32228
19,2,148,Car Evaluation,1382,4,unacc,1,select_coverage,4.0,DAC,520,1957,,,446,1746,good,14084
19,2,148,Car Evaluation,1382,4,unacc,1,select_coverage,4.0,exact,520,1957,442.0,1729.0,368,1423,unacc,38148
19,2,148,Car Evaluation,1382,4,unacc,1,select_coverage_CBA_M1,,DAC,135,563,,,116,498,acc,3888
19,2,148,Car Evaluation,1382,4,unacc,1,select_coverage_CBA_M1,,exact,135,563,115.0,493.0,101,428,acc,10568
19,2,148,Car Evaluation,1382,4,unacc,2,select_coverage,1.0,exact,187,738,163.0,657.0,142,566,good,14396
19,2,148,Car Evaluation,1382,4,unacc,2,select_coverage,2.0,exact,337,1310,294.0,1183.0,253,1009,good,25800
19,2,148,Car Evaluation,1382,4,unacc,2,select_coverage,3.0,exact,428,1651,371.0,1483.0,310,1231,good,32332
19,2,148,Car Evaluation,1382,4,unacc,2,select_coverage,4.0,exact,522,1966,444.0,1738.0,369,1428,unacc,38320
19,2,148,Car Evaluation,1382,4,unacc,2,select_coverage_CBA_M1,,exact,104,431,93.0,397.0,82,345,acc,8444
19,3,5,Car Evaluation,1382,4,unacc,1,select_coverage,1.0,DAC,209,764,,,174,664,acc,5588
19,3,5,Car Evaluation,1382,4,unacc,1,select_coverage,1.0,exact,209,764,172.0,656.0,138,520,unacc,14672
19,3,5,Car Evaluation,1382,4,unacc,1,select_coverage,2.0,DAC,385,1380,,,314,1194,acc,10164
19,3,5,Car Evaluation,1382,4,unacc,1,select_coverage,2.0,exact,385,1380,310.0,1178.0,255,957,unacc,26492
19,3,5,Car Evaluation,1382,4,unacc,1,select_coverage,3.0,DAC,496,1758,,,398,1501,acc,13008
19,3,5,Car Evaluation,1382,4,unacc,1,select_coverage,3.0,exact,496,1758,390.0,1469.0,318,1185,unacc,33280
19,3,5,Car Evaluation,1382,4,unacc,1,select_coverage,4.0,DAC,607,2110,,,475,1760,good,15748
19,3,5,Car Evaluation,1382,4,unacc,1,select_coverage,4.0,exact,607,2110,464.0,1716.0,366,1343,unacc,39268
19,3,5,Car Evaluation,1382,4,unacc,1,select_coverage_CBA_M1,,DAC,154,587,,,128,508,acc,4220
19,3,5,Car Evaluation,1382,4,unacc,1,select_coverage_CBA_M1,,exact,154,587,126.0,500.0,104,410,acc,11060
19,3,5,Car Evaluation,1382,4,unacc,2,select_coverage,1.0,exact,209,764,172.0,656.0,138,520,unacc,14672
19,3,5,Car Evaluation,1382,4,unacc,2,select_coverage,2.0,exact,386,1385,311.0,1183.0,255,958,unacc,26576
19,3,5,Car Evaluation,1382,4,unacc,2,select_coverage,3.0,exact,498,1767,392.0,1478.0,319,1190,unacc,33452
19,3,5,Car Evaluation,1382,4,unacc,2,select_coverage,4.0,exact,609,2120,464.0,1719.0,366,1345,unacc,39328
19,3,5,Car Evaluation,1382,4,unacc,2,select_coverage_CBA_M1,,exact,154,587,126.0,500.0,104,410,acc,11060
19,3,14,Car Evaluation,1382,4,unacc,1,select_coverage,1.0,DAC,208,770,,,178,689,unacc,5600
19,3,14,Car Evaluation,1382,4,unacc,1,select_coverage,1.0,exact,208,770,178.0,689.0,141,542,unacc,15156
19,3,14,Car Evaluation,1382,4,unacc,1,select_coverage,2.0,DAC,366,1328,,,304,1174,unacc,9728
19,3,14,Car Evaluation,1382,4,unacc,1,select_coverage,2.0,exact,366,1328,303.0,1170.0,238,909,unacc,25780
19,3,14,Car Evaluation,1382,4,unacc,1,select_coverage,3.0,DAC,477,1702,,,392,1493,unacc,12556
19,3,14,Car Evaluation,1382,4,unacc,1,select_coverage,3.0,exact,477,1702,383.0,1457.0,296,1107,unacc,32416
19,3,14,Car Evaluation,1382,4,unacc,1,select_coverage,4.0,DAC,575,1996,,,457,1704,unacc,14908
19,3,14,Car Evaluation,1382,4,unacc,1,select_coverage,4.0,exact,575,1996,445.0,1656.0,333,1221,unacc,37324
19,3,14,Car Evaluation,1382,4,unacc,1,select_coverage_CBA_M1,,DAC,149,577,,,131,529,acc,4120
19,3,14,Car Evaluation,1382,4,unacc,1,select_coverage_CBA_M1,,exact,149,577,131.0,529.0,101,408,acc,11328
19,3,14,Car Evaluation,1382,4,unacc,2,select_coverage,1.0,exact,208,770,178.0,689.0,141,542,unacc,15156
19,3,14,Car Evaluation,1382,4,unacc,2,select_coverage,2.0,exact,368,1335,305.0,1177.0,240,916,unacc,25944
19,3,14,Car Evaluation,1382,4,unacc,2,select_coverage,3.0,exact,478,1706,382.0,1453.0,295,1103,unacc,32360
19,3,14,Car Evaluation,1382,4,unacc,2,select_coverage,4.0,exact,576,2001,446.0,1661.0,333,1222,unacc,37408
19,3,14,Car Evaluation,1382,4,unacc,2,select_coverage_CBA_M1,,exact,149,577,131.0,529.0,101,408,acc,11328
19,3,17,Car Evaluation,1382,4,unacc,1,select_coverage,1.0,DAC,204,764,,,165,653,good,5528
19,3,17,Car Evaluation,1382,4,unacc,1,select_coverage,1.0,exact,204,764,164.0,649.0,123,487,vgood,14192
19,3,17,Car Evaluation,1382,4,unacc,1,select_coverage,2.0,DAC,371,1329,,,297,1132,good,9792
19,3,17,Car Evaluation,1382,4,unacc,1,select_coverage,2.0,exact,371,1329,292.0,1112.0,217,815,unacc,24736
19,3,17,Car Evaluation,1382,4,unacc,1,select_coverage,3.0,DAC,482,1703,,,389,1453,good,12620
19,3,17,Car Evaluation,1382,4,unacc,1,select_coverage,3.0,exact,482,1703,380.0,1417.0,278,1020,unacc,31792
19,3,17,Car Evaluation,1382,4,unacc,1,select_coverage,4.0,DAC,597,2069,,,465,1718,good,15464
19,3,17,Car Evaluation,1382,4,unacc,1,select_coverage,4.0,exact,597,2069,451.0,1662.0,324,1172,unacc,37684
19,3,17,Car Evaluation,1382,4,unacc,1,select_coverage_CBA_M1,,DAC,157,620,,,133,548,unacc,4388
19,3,17,Car Evaluation,1382,4,unacc,1,select_coverage_CBA_M1,,exact,157,620,133.0,548.0,99,410,unacc,11664
19,3,17,Car Evaluation,1382,4,unacc,2,select_coverage,1.0,exact,205,768,165.0,653.0,124,491,vgood,14280
19,3,17,Car Evaluation,1382,4,unacc,2,select_coverage,2.0,exact,371,1329,292.0,1112.0,217,815,unacc,24736
19,3,17,Car Evaluation,1382,4,unacc,2,select_coverage,3.0,exact,484,1712,382.0,1426.0,280,1029,unacc,31980
19,3,17,Car Evaluation,1382,4,unacc,2,select_coverage,4.0,exact,595,2061,450.0,1658.0,324,1172,unacc,37596
19,3,17,Car Evaluation,1382,4,unacc,2,select_coverage_CBA_M1,,exact,126,495,110.0,455.0,84,349,acc,9628
19,3,19,Car Evaluation,1382,4,unacc,1,select_coverage,1.0,DAC,216,807,,,183,717,unacc,5844
19,3,19,Car Evaluation,1382,4,unacc,1,select_coverage,1.0,exact,216,807,183.0,717.0,149,579,good,15764
19,3,19,Car Evaluation,1382,4,unacc,1,select_coverage,2.0,DAC,373,1342,,,303,1163,vgood,9868
19,3,19,Car Evaluation,1382,4,unacc,1,select_coverage,2.0,exact,373,1342,301.0,1155.0,240,910,unacc,25700
19,3,19,Car Evaluation,1382,4,unacc,1,select_coverage,3.0,DAC,484,1726,,,390,1482,good,12736
19,3,19,Car Evaluation,1382,4,unacc,1,select_coverage,3.0,exact,484,1726,383.0,1454.0,293,1098,unacc,32464
19,3,19,Car Evaluation,1382,4,unacc,1,select_coverage,4.0,DAC,601,2074,,,470,1739,vgood,15532
19,3,19,Car Evaluation,1382,4,unacc,1,select_coverage,4.0,exact,601,2074,462.0,1707.0,346,1260,unacc,38676
19,3,19,Car Evaluation,1382,4,unacc,1,select_coverage_CBA_M1,,DAC,153,600,,,130,531,acc,4260
19,3,19,Car Evaluation,1382,4,unacc,1,select_coverage_CBA_M1,,exact,153,600,130.0,531.0,111,451,acc,11560
19,3,19,Car Evaluation,1382,4,unacc,2,select_coverage,1.0,exact,216,807,183.0,717.0,149,579,good,15764
19,3,19,Car Evaluation,1382,4,unacc,2,select_coverage,2.0,exact,376,1354,303.0,1163.0,241,914,unacc,25876
19,3,19,Car Evaluation,1382,4,unacc,2,select_coverage,3.0,exact,487,1739,385.0,1463.0,294,1103,unacc,32652
19,3,19,Car Evaluation,1382,4,unacc,2,select_coverage,4.0,exact,602,2079,463.0,1712.0,347,1264,unacc,38772
19,3,19,Car Evaluation,1382,4,unacc,2,select_coverage_CBA_M1,,exact,153,600,130.0,531.0,111,451,acc,11560
19,3,29,Car Evaluation,1382,4,unacc,1,select_coverage,1.0,DAC,211,767,,,168,648,good,5624
19,3,29,Car Evaluation,1382,4,unacc,1,select_coverage,1.0,exact,211,767,167.0,644.0,132,501,good,14360
19,3,29,Car Evaluation,1382,4,unacc,1,select_coverage,2.0,DAC,374,1339,,,303,1152,vgood,9868
19,3,29,Car Evaluation,1382,4,unacc,1,select_coverage,2.0,exact,374,1339,299.0,1137.0,242,909,unacc,25532
19,3,29,Car Evaluation,1382,4,unacc,1,select_coverage,3.0,DAC,487,1693,,,387,1439,vgood,12640
19,3,29,Car Evaluation,1382,4,unacc,1,select_coverage,3.0,exact,487,1693,381.0,1416.0,301,1106,unacc,32132
19,3,29,Car Evaluation,1382,4,unacc,1,select_coverage,4.0,DAC,594,2019,,,456,1666,unacc,15228
19,3,29,Car Evaluation,1382,4,unacc,1,select_coverage,4.0,exact,594,2019,444.0,1619.0,343,1229,unacc,37260
19,3,29,Car Evaluation,1382,4,unacc,1,select_coverage_CBA_M1,,DAC,158,621,,,130,532,unacc,4404
19,3,29,Car Evaluation,1382,4,unacc,1,select_coverage_CBA_M1,,exact,158,621,129.0,528.0,99,402,unacc,11396
19,3,29,Car Evaluation,1382,4,unacc,2,select_coverage,1.0,exact,211,767,167.0,644.0,132,501,good,14360
19,3,29,Car Evaluation,1382,4,unacc,2,select_coverage,2.0,exact,376,1347,299.0,1137.0,242,909,unacc,25564
19,3,29,Car Evaluation,1382,4,unacc,2,select_coverage,3.0,exact,494,1722,388.0,1445.0,303,1114,unacc,32676
19,3,29,Car Evaluation,1382,4,unacc,2,select_coverage,4.0,exact,598,2038,447.0,1633.0,344,1234,unacc,37532
19,3,29,Car Evaluation,1382,4,unacc,2,select_coverage_CBA_M1,,exact,158,621,129.0,528.0,99,402,unacc,11396
19,3,31,Car Evaluation,1382,4,unacc,1,select_coverage,1.0,DAC,220,828,,,187,741,vgood,5976
19,3,31,Car Evaluation,1382,4,unacc,1,select_coverage,1.0,exact,220,828,185.0,733.0,147,575,good,15976
19,3,31,Car Evaluation,1382,4,unacc,1,select_coverage,2.0,DAC,367,1321,,,300,1155,vgood,9712
19,3,31,Car Evaluation,1382,4,unacc,1,select_coverage,2.0,exact,367,1321,295.0,1135.0,238,903,unacc,25268
19,3,31,Car Evaluation,1382,4,unacc,1,select_coverage,3.0,DAC,483,1717,,,388,1475,vgood,12688
19,3,31,Car Evaluation,1382,4,unacc,1,select_coverage,3.0,exact,483,1717,380.0,1443.0,304,1143,unacc,32444
19,3,31,Car Evaluation,1382,4,unacc,1,select_coverage,4.0,DAC,595,2051,,,465,1727,vgood,15368
19,3,31,Car Evaluation,1382,4,unacc,1,select_coverage,4.0,exact,595,2051,451.0,1671.0,360,1317,unacc,38228
19,3,31,Car Evaluation,1382,4,unacc,1,select_coverage_CBA_M1,,DAC,160,630,,,139,570,acc,4464
19,3,31,Car Evaluation,1382,4,unacc,1,select_coverage_CBA_M1,,exact,160,630,139.0,570.0,113,463,acc,12244
19,3,31,Car Evaluation,1382,4,unacc,2,select_coverage,1.0,exact,220,828,185.0,733.0,147,575,good,15976
19,3,31,Car Evaluation,1382,4,unacc,2,select_coverage,2.0,exact,367,1322,295.0,1136.0,238,904,unacc,25280
19,3,31,Car Evaluation,1382,4,unacc,2,select_coverage,3.0,exact,483,1718,379.0,1440.0,303,1140,unacc,32384
19,3,31,Car Evaluation,1382,4,unacc,2,select_coverage,4.0,exact,596,2055,452.0,1675.0,360,1317,unacc,38300
19,3,31,Car Evaluation,1382,4,unacc,2,select_coverage_CBA_M1,,exact,160,630,139.0,570.0,113,463,acc,12244
19,3,34,Car Evaluation,1382,4,unacc,1,select_coverage,1.0,DAC,227,843,,,193,747,acc,6120
19,3,34,Car Evaluation,1382,4,unacc,1,select_coverage,1.0,exact,227,843,193.0,747.0,143,547,good,16300
19,3,34,Car Evaluation,1382,4,unacc,1,select_coverage,2.0,DAC,395,1401,,,323,1217,vgood,10368
19,3,34,Car Evaluation,1382,4,unacc,1,select_coverage,2.0,exact,395,1401,320.0,1205.0,245,910,unacc,26896
19,3,34,Car Evaluation,1382,4,unacc,1,select_coverage,3.0,DAC,512,1808,,,411,1541,vgood,13400
19,3,34,Car Evaluation,1382,4,unacc,1,select_coverage,3.0,exact,512,1808,402.0,1505.0,308,1136,unacc,33908
19,3,34,Car Evaluation,1382,4,unacc,1,select_coverage,4.0,DAC,615,2113,,,482,1775,unacc,15856
19,3,34,Car Evaluation,1382,4,unacc,1,select_coverage,4.0,exact,615,2113,471.0,1731.0,355,1289,unacc,39404
19,3,34,Car Evaluation,1382,4,unacc,1,select_coverage_CBA_M1,,DAC,164,642,,,141,574,unacc,4560
19,3,34,Car Evaluation,1382,4,unacc,1,select_coverage_CBA_M1,,exact,164,642,141.0,574.0,101,411,acc,12180
19,3,34,Car Evaluation,1382,4,unacc,2,select_coverage,1.0,exact,227,843,193.0,747.0,143,547,good,16300
19,3,34,Car Evaluation,1382,4,unacc,2,select_coverage,2.0,exact,395,1402,319.0,1202.0,244,907,unacc,26836
19,3,34,Car Evaluation,1382,4,unacc,2,select_coverage,3.0,exact,513,1813,403.0,1509.0,309,1140,unacc,34000
19,3,34,Car Evaluation,1382,4,unacc,2,select_coverage,4.0,exact,617,2121,472.0,1735.0,354,1285,unacc,39476
19,3,34,Car Evaluation,1382,4,unacc,2,select_coverage_CBA_M1,,exact,164,642,141.0,574.0,101,411,acc,12180
19,3,42,Car Evaluation,1382,4,unacc,1,select_coverage,1.0,DAC,210,790,,,176,695,unacc,5704
19,3,42,Car Evaluation,1382,4,unacc,1,select_coverage,1.0,exact,210,790,175.0,691.0,145,573,vgood,15248
19,3,42,Car Evaluation,1382,4,unacc,1,select_coverage,2.0,DAC,367,1313,,,294,1123,good,9680
19,3,42,Car Evaluation,1382,4,unacc,1,select_coverage,2.0,exact,367,1313,292.0,1115.0,241,914,unacc,25080
19,3,42,Car Evaluation,1382,4,unacc,1,select_coverage,3.0,DAC,471,1666,,,374,1409,unacc,12340
19,3,42,Car Evaluation,1382,4,unacc,1,select_coverage,3.0,exact,471,1666,368.0,1385.0,294,1100,unacc,31356
19,3,42,Car Evaluation,1382,4,unacc,1,select_coverage,4.0,DAC,570,1967,,,440,1630,unacc,14732
19,3,42,Car Evaluation,1382,4,unacc,1,select_coverage,4.0,exact,570,1967,433.0,1602.0,338,1239,unacc,36584
19,3,42,Car Evaluation,1382,4,unacc,1,select_coverage_CBA_M1,,DAC,157,629,,,135,565,unacc,4424
19,3,42,Car Evaluation,1382,4,unacc,1,select_coverage_CBA_M1,,exact,157,629,135.0,565.0,113,473,unacc,12100
19,3,42,Car Evaluation,1382,4,unacc,2,select_coverage,1.0,exact,211,794,175.0,691.0,145,573,vgood,15264
19,3,42,Car Evaluation,1382,4,unacc,2,select_coverage,2.0,exact,368,1319,292.0,1117.0,240,911,unacc,25100
19,3,42,Car Evaluation,1382,4,unacc,2,select_coverage,3.0,exact,474,1679,370.0,1394.0,294,1100,unacc,31524
19,3,42,Car Evaluation,1382,4,unacc,2,select_coverage,4.0,exact,573,1982,435.0,1613.0,339,1245,unacc,36792
19,3,42,Car Evaluation,1382,4,unacc,2,select_coverage_CBA_M1,,exact,157,629,135.0,565.0,113,473,unacc,12100
19,3,49,Car Evaluation,1382,4,unacc,1,select_coverage,1.0,DAC,204,748,,,171,659,vgood,5464
19,3,49,Car Evaluation,1382,4,unacc,1,select_coverage,1.0,exact,204,748,169.0,651.0,135,514,vgood,14444
19,3,49,Car Evaluation,1382,4,unacc,1,select_coverage,2.0,DAC,380,1370,,,306,1173,good,10064
19,3,49,Car Evaluation,1382,4,unacc,1,select_coverage,2.0,exact,380,1370,303.0,1161.0,235,883,vgood,25808
19,3,49,Car Evaluation,1382,4,unacc,1,select_coverage,3.0,DAC,490,1755,,,389,1482,good,12924
19,3,49,Car Evaluation,1382,4,unacc,1,select_coverage,3.0,exact,490,1755,384.0,1462.0,294,1101,unacc,32664
19,3,49,Car Evaluation,1382,4,unacc,1,select_coverage,4.0,DAC,602,2098,,,463,1727,unacc,15640
19,3,49,Car Evaluation,1382,4,unacc,1,select_coverage,4.0,exact,602,2098,456.0,1699.0,349,1279,unacc,38576
19,3,49,Car Evaluation,1382,4,unacc,1,select_coverage_CBA_M1,,DAC,157,622,,,134,554,unacc,4396
19,3,49,Car Evaluation,1382,4,unacc,1,select_coverage_CBA_M1,,exact,157,622,134.0,554.0,105,434,unacc,11832
19,3,49,Car Evaluation,1382,4,unacc,2,select_coverage,1.0,exact,205,752,170.0,655.0,135,514,vgood,14516
19,3,49,Car Evaluation,1382,4,unacc,2,select_coverage,2.0,exact,382,1379,305.0,1170.0,236,888,vgood,25980
19,3,49,Car Evaluation,1382,4,unacc,2,select_coverage,3.0,exact,492,1764,386.0,1471.0,295,1105,unacc,32832
19,3,49,Car Evaluation,1382,4,unacc,2,select_coverage,4.0,exact,607,2120,460.0,1717.0,350,1283,unacc,38912
19,3,49,Car Evaluation,1382,4,unacc,2,select_coverage_CBA_M1,,exact,157,622,134.0,554.0,105,434,unacc,11832
19,3,63,Car Evaluation,1382,4,unacc,1,select_coverage,1.0,DAC,219,820,,,182,713,vgood,5932
19,3,63,Car Evaluation,1382,4,unacc,1,select_coverage,1.0,exact,219,820,178.0,697.0,142,550,good,15420
19,3,63,Car Evaluation,1382,4,unacc,1,select_coverage,2.0,DAC,392,1404,,,308,1178,vgood,10344
19,3,63,Car Evaluation,1382,4,unacc,1,select_coverage,2.0,exact,392,1404,300.0,1146.0,243,915,unacc,25892
19,3,63,Car Evaluation,1382,4,unacc,1,select_coverage,3.0,DAC,491,1733,,,381,1439,vgood,12848
19,3,63,Car Evaluation,1382,4,unacc,1,select_coverage,3.0,exact,491,1733,367.0,1383.0,290,1083,unacc,31508
19,3,63,Car Evaluation,1382,4,unacc,1,select_coverage,4.0,DAC,599,2058,,,452,1678,vgood,15444
19,3,63,Car Evaluation,1382,4,unacc,1,select_coverage,4.0,exact,599,2058,435.0,1610.0,338,1237,unacc,37052
19,3,63,Car Evaluation,1382,4,unacc,1,select_coverage_CBA_M1,,DAC,156,614,,,130,532,acc,4352
19,3,63,Car Evaluation,1382,4,unacc,1,select_coverage_CBA_M1,,exact,156,614,130.0,532.0,104,424,acc,11512
19,3,63,Car Evaluation,1382,4,unacc,2,select_coverage,1.0,exact,220,824,178.0,697.0,142,550,good,15436
19,3,63,Car Evaluation,1382,4,unacc,2,select_coverage,2.0,exact,395,1417,302.0,1154.0,243,915,unacc,26056
19,3,63,Car Evaluation,1382,4,unacc,2,select_coverage,3.0,exact,495,1751,371.0,1401.0,292,1092,unacc,31848
19,3,63,Car Evaluation,1382,4,unacc,2,select_coverage,4.0,exact,601,2066,436.0,1615.0,337,1233,unacc,37128
19,3,63,Car Evaluation,1382,4,unacc,2,select_coverage_CBA_M1,,exact,156,614,130.0,532.0,104,424,acc,11512
19,3,64,Car Evaluation,1382,4,unacc,1,select_coverage,1.0,DAC,212,786,,,180,701,good,5712
19,3,64,Car Evaluation,1382,4,unacc,1,select_coverage,1.0,exact,212,786,178.0,693.0,148,575,vgood,15368
19,3,64,Car Evaluation,1382,4,unacc,1,select_coverage,2.0,DAC,359,1279,,,289,1095,good,9448
19,3,64,Car Evaluation,1382,4,unacc,1,select_coverage,2.0,exact,359,1279,287.0,1087.0,232,870,unacc,24456
19,3,64,Car Evaluation,1382,4,unacc,1,select_coverage,3.0,DAC,467,1662,,,371,1407,acc,12276
19,3,64,Car Evaluation,1382,4,unacc,1,select_coverage,3.0,exact,467,1662,366.0,1387.0,290,1087,unacc,31216
19,3,64,Car Evaluation,1382,4,unacc,1,select_coverage,4.0,DAC,587,2033,,,459,1694,good,15200
19,3,64,Car Evaluation,1382,4,unacc,1,select_coverage,4.0,exact,587,2033,451.0,1662.0,347,1265,unacc,37912
19,3,64,Car Evaluation,1382,4,unacc,1,select_coverage_CBA_M1,,DAC,165,646,,,142,577,unacc,4588
19,3,64,Car Evaluation,1382,4,unacc,1,select_coverage_CBA_M1,,exact,165,646,140.0,569.0,118,480,acc,12412
19,3,64,Car Evaluation,1382,4,unacc,2,select_coverage,1.0,exact,212,786,178.0,693.0,148,575,vgood,15368
19,3,64,Car Evaluation,1382,4,unacc,2,select_coverage,2.0,exact,359,1279,287.0,1087.0,232,870,unacc,24456
19,3,64,Car Evaluation,1382,4,unacc,2,select_coverage,3.0,exact,471,1679,368.0,1396.0,290,1087,unacc,31400
19,3,64,Car Evaluation,1382,4,unacc,2,select_coverage,4.0,exact,591,2051,454.0,1676.0,349,1274,unacc,38196
19,3,64,Car Evaluation,1382,4,unacc,2,select_coverage_CBA_M1,,exact,165,646,140.0,569.0,118,480,acc,12412
19,3,65,Car Evaluation,1382,4,unacc,1,select_coverage,1.0,DAC,211,783,,,183,709,acc,5688
19,3,65,Car Evaluation,1382,4,unacc,1,select_coverage,1.0,exact,211,783,180.0,697.0,147,562,vgood,15400
19,3,65,Car Evaluation,1382,4,unacc,1,select_coverage,2.0,DAC,363,1303,,,300,1144,vgood,9592
19,3,65,Car Evaluation,1382,4,unacc,1,select_coverage,2.0,exact,363,1303,295.0,1124.0,239,897,unacc,25128
19,3,65,Car Evaluation,1382,4,unacc,1,select_coverage,3.0,DAC,480,1712,,,393,1492,acc,12632
19,3,65,Car Evaluation,1382,4,unacc,1,select_coverage,3.0,exact,480,1712,385.0,1460.0,305,1140,unacc,32680
19,3,65,Car Evaluation,1382,4,unacc,1,select_coverage,4.0,DAC,589,2041,,,459,1709,acc,15256
19,3,65,Car Evaluation,1382,4,unacc,1,select_coverage,4.0,exact,589,2041,444.0,1650.0,345,1261,unacc,37600
19,3,65,Car Evaluation,1382,4,unacc,1,select_coverage_CBA_M1,,DAC,163,629,,,143,575,acc,4496
19,3,65,Car Evaluation,1382,4,unacc,1,select_coverage_CBA_M1,,exact,163,629,142.0,571.0,118,472,acc,12400
19,3,65,Car Evaluation,1382,4,unacc,2,select_coverage,1.0,exact,211,783,180.0,697.0,147,562,vgood,15400
19,3,65,Car Evaluation,1382,4,unacc,2,select_coverage,2.0,exact,363,1303,295.0,1124.0,239,897,unacc,25128
19,3,65,Car Evaluation,1382,4,unacc,2,select_coverage,3.0,exact,481,1719,385.0,1463.0,305,1143,unacc,32732
19,3,65,Car Evaluation,1382,4,unacc,2,select_coverage,4.0,exact,592,2053,445.0,1654.0,346,1265,unacc,37720
19,3,65,Car Evaluation,1382,4,unacc,2,select_coverage_CBA_M1,,exact,163,629,142.0,571.0,118,472,acc,12400
19,3,68,Car Evaluation,1382,4,unacc,1,select_coverage,1.0,DAC,212,785,,,179,696,good,5708
19,3,68,Car Evaluation,1382,4,unacc,1,select_coverage,1.0,exact,212,785,175.0,680.0,142,549,good,15088
19,3,68,Car Evaluation,1382,4,unacc,1,select_coverage,2.0,DAC,374,1333,,,292,1114,good,9844
19,3,68,Car Evaluation,1382,4,unacc,1,select_coverage,2.0,exact,374,1333,287.0,1094.0,232,875,unacc,24720
19,3,68,Car Evaluation,1382,4,unacc,1,select_coverage,3.0,DAC,478,1701,,,376,1422,vgood,12564
19,3,68,Car Evaluation,1382,4,unacc,1,select_coverage,3.0,exact,478,1701,369.0,1394.0,291,1085,unacc,31512
19,3,68,Car Evaluation,1382,4,unacc,1,select_coverage,4.0,DAC,578,2000,,,444,1649,unacc,14960
19,3,68,Car Evaluation,1382,4,unacc,1,select_coverage,4.0,exact,578,2000,433.0,1605.0,334,1223,unacc,36664
19,3,68,Car Evaluation,1382,4,unacc,1,select_coverage_CBA_M1,,DAC,152,592,,,130,528,acc,4216
19,3,68,Car Evaluation,1382,4,unacc,1,select_coverage_CBA_M1,,exact,152,592,129.0,524.0,108,438,unacc,11408
19,3,68,Car Evaluation,1382,4,unacc,2,select_coverage,1.0,exact,212,785,174.0,676.0,141,545,good,15016
19,3,68,Car Evaluation,1382,4,unacc,2,select_coverage,2.0,exact,377,1345,290.0,1106.0,232,875,unacc,24936
19,3,68,Car Evaluation,1382,4,unacc,2,select_coverage,3.0,exact,482,1718,373.0,1411.0,291,1086,unacc,31812
19,3,68,Car Evaluation,1382,4,unacc,2,select_coverage,4.0,exact,582,2019,436.0,1620.0,335,1230,unacc,36948
19,3,68,Car Evaluation,1382,4,unacc,2,select_coverage_CBA_M1,,exact,152,592,129.0,524.0,108,438,unacc,11408
19,3,74,Car Evaluation,1382,4,unacc,1,select_coverage,1.0,DAC,210,800,,,182,729,vgood,5744
19,3,74,Car Evaluation,1382,4,unacc,1,select_coverage,1.0,exact,210,800,181.0,725.0,146,576,vgood,15676
19,3,74,Car Evaluation,1382,4,unacc,1,select_coverage,2.0,DAC,361,1296,,,298,1153,vgood,9540
19,3,74,Car Evaluation,1382,4,unacc,1,select_coverage,2.0,exact,361,1296,294.0,1137.0,232,883,unacc,25056
19,3,74,Car Evaluation,1382,4,unacc,1,select_coverage,3.0,DAC,466,1655,,,383,1455,vgood,12236
19,3,74,Car Evaluation,1382,4,unacc,1,select_coverage,3.0,exact,466,1655,374.0,1419.0,286,1071,unacc,31572
19,3,74,Car Evaluation,1382,4,unacc,1,select_coverage,4.0,DAC,568,1956,,,449,1671,vgood,14664
19,3,74,Car Evaluation,1382,4,unacc,1,select_coverage,4.0,exact,568,1956,438.0,1627.0,333,1219,unacc,36760
19,3,74,Car Evaluation,1382,4,unacc,1,select_coverage_CBA_M1,,DAC,149,604,,,131,556,unacc,4228
19,3,74,Car Evaluation,1382,4,unacc,1,select_coverage_CBA_M1,,exact,149,604,131.0,556.0,105,443,unacc,11684
19,3,74,Car Evaluation,1382,4,unacc,2,select_coverage,1.0,exact,210,800,181.0,725.0,146,576,vgood,15676
19,3,74,Car Evaluation,1382,4,unacc,2,select_coverage,2.0,exact,361,1296,294.0,1137.0,232,883,unacc,25056
19,3,74,Car Evaluation,1382,4,unacc,2,select_coverage,3.0,exact,464,1647,373.0,1414.0,286,1071,unacc,31480
19,3,74,Car Evaluation,1382,4,unacc,2,select_coverage,4.0,exact,570,1964,440.0,1635.0,333,1219,unacc,36904
19,3,74,Car Evaluation,1382,4,unacc,2,select_coverage_CBA_M1,,exact,121,489,109.0,465.0,88,372,unacc,9696
19,3,76,Car Evaluation,1382,4,unacc,1,select_coverage,1.0,DAC,208,769,,,173,665,good,5596
19,3,76,Car Evaluation,1382,4,unacc,1,select_coverage,1.0,exact,208,769,172.0,661.0,133,505,good,14652
19,3,76,Car Evaluation,1382,4,unacc,1,select_coverage,2.0,DAC,367,1307,,,286,1095,good,9656
19,3,76,Car Evaluation,1382,4,unacc,1,select_coverage,2.0,exact,367,1307,284.0,1087.0,223,845,unacc,24348
19,3,76,Car Evaluation,1382,4,unacc,1,select_coverage,3.0,DAC,476,1675,,,374,1400,vgood,12436
19,3,76,Car Evaluation,1382,4,unacc,1,select_coverage,3.0,exact,476,1675,370.0,1384.0,281,1038,unacc,31220
19,3,76,Car Evaluation,1382,4,unacc,1,select_coverage,4.0,DAC,589,2020,,,456,1676,vgood,15172
19,3,76,Car Evaluation,1382,4,unacc,1,select_coverage,4.0,exact,589,2020,447.0,1640.0,328,1193,unacc,37324
19,3,76,Car Evaluation,1382,4,unacc,1,select_coverage_CBA_M1,,DAC,152,590,,,126,509,acc,4208
19,3,76,Car Evaluation,1382,4,unacc,1,select_coverage_CBA_M1,,exact,152,590,126.0,509.0,100,400,acc,11068
19,3,76,Car Evaluation,1382,4,unacc,2,select_coverage,1.0,exact,209,772,173.0,664.0,133,505,good,14716
19,3,76,Car Evaluation,1382,4,unacc,2,select_coverage,2.0,exact,368,1310,286.0,1094.0,222,841,unacc,24452
19,3,76,Car Evaluation,1382,4,unacc,2,select_coverage,3.0,exact,480,1697,373.0,1402.0,282,1046,unacc,31532
19,3,76,Car Evaluation,1382,4,unacc,2,select_coverage,4.0,exact,590,2029,448.0,1649.0,328,1195,unacc,37444
19,3,76,Car Evaluation,1382,4,unacc,2,select_coverage_CBA_M1,,exact,130,501,111.0,448.0,87,347,acc,9656
19,3,100,Car Evaluation,1382,4,unacc,1,select_coverage,1.0,DAC,217,808,,,185,720,good,5860
19,3,100,Car Evaluation,1382,4,unacc,1,select_coverage,1.0,exact,217,808,184.0,716.0,147,562,unacc,15736
19,3,100,Car Evaluation,1382,4,unacc,1,select_coverage,2.0,DAC,381,1374,,,310,1191,good,10092
19,3,100,Car Evaluation,1382,4,unacc,1,select_coverage,2.0,exact,381,1374,304.0,1167.0,237,892,unacc,25924
19,3,100,Car Evaluation,1382,4,unacc,1,select_coverage,3.0,DAC,492,1742,,,393,1489,acc,12896
19,3,100,Car Evaluation,1382,4,unacc,1,select_coverage,3.0,exact,492,1742,385.0,1457.0,290,1074,unacc,32524
19,3,100,Car Evaluation,1382,4,unacc,1,select_coverage,4.0,DAC,596,2052,,,460,1709,unacc,15384
19,3,100,Car Evaluation,1382,4,unacc,1,select_coverage,4.0,exact,596,2052,450.0,1669.0,330,1199,unacc,37712
19,3,100,Car Evaluation,1382,4,unacc,1,select_coverage_CBA_M1,,DAC,164,640,,,142,574,unacc,4552
19,3,100,Car Evaluation,1382,4,unacc,1,select_coverage_CBA_M1,,exact,164,640,142.0,574.0,116,467,unacc,12436
19,3,100,Car Evaluation,1382,4,unacc,2,select_coverage,1.0,exact,218,812,185.0,720.0,148,566,unacc,15824
19,3,100,Car Evaluation,1382,4,unacc,2,select_coverage,2.0,exact,382,1379,305.0,1172.0,237,893,unacc,26008
19,3,100,Car Evaluation,1382,4,unacc,2,select_coverage,3.0,exact,495,1754,388.0,1469.0,293,1086,unacc,32788
19,3,100,Car Evaluation,1382,4,unacc,2,select_coverage,4.0,exact,598,2061,452.0,1677.0,331,1203,unacc,37876
19,3,100,Car Evaluation,1382,4,unacc,2,select_coverage_CBA_M1,,exact,164,640,142.0,574.0,116,467,unacc,12436
19,3,114,Car Evaluation,1382,4,unacc,1,select_coverage,1.0,DAC,211,786,,,185,725,good,5700
19,3,114,Car Evaluation,1382,4,unacc,1,select_coverage,1.0,exact,211,786,183.0,717.0,135,522,good,15452
19,3,114,Car Evaluation,1382,4,unacc,1,select_coverage,2.0,DAC,384,1386,,,314,1211,good,10176
19,3,114,Car Evaluation,1382,4,unacc,1,select_coverage,2.0,exact,384,1386,308.0,1187.0,231,874,unacc,26140
19,3,114,Car Evaluation,1382,4,unacc,1,select_coverage,3.0,DAC,500,1802,,,411,1573,good,13232
19,3,114,Car Evaluation,1382,4,unacc,1,select_coverage,3.0,exact,500,1802,399.0,1525.0,298,1121,unacc,33784
19,3,114,Car Evaluation,1382,4,unacc,1,select_coverage,4.0,DAC,618,2159,,,490,1833,good,16076
19,3,114,Car Evaluation,1382,4,unacc,1,select_coverage,4.0,exact,618,2159,476.0,1777.0,352,1291,unacc,39980
19,3,114,Car Evaluation,1382,4,unacc,1,select_coverage_CBA_M1,,DAC,166,658,,,150,615,unacc,4648
19,3,114,Car Evaluation,1382,4,unacc,1,select_coverage_CBA_M1,,exact,166,658,149.0,611.0,108,439,acc,12824
19,3,114,Car Evaluation,1382,4,unacc,2,select_coverage,1.0,exact,211,786,183.0,717.0,135,522,good,15452
19,3,114,Car Evaluation,1382,4,unacc,2,select_coverage,2.0,exact,385,1390,309.0,1191.0,232,878,unacc,26228
19,3,114,Car Evaluation,1382,4,unacc,2,select_coverage,3.0,exact,501,1806,400.0,1529.0,300,1129,unacc,33888
19,3,114,Car Evaluation,1382,4,unacc,2,select_coverage,4.0,exact,620,2167,478.0,1785.0,354,1299,unacc,40156
19,3,114,Car Evaluation,1382,4,unacc,2,select_coverage_CBA_M1,,exact,166,658,149.0,611.0,108,439,acc,12824
19,3,133,Car Evaluation,1382,4,unacc,1,select_coverage,1.0,DAC,210,774,,,179,695,good,5640
19,3,133,Car Evaluation,1382,4,unacc,1,select_coverage,1.0,exact,210,774,179.0,695.0,143,550,unacc,15268
19,3,133,Car Evaluation,1382,4,unacc,1,select_coverage,2.0,DAC,390,1405,,,316,1217,vgood,10324
19,3,133,Car Evaluation,1382,4,unacc,1,select_coverage,2.0,exact,390,1405,313.0,1204.0,246,937,unacc,26736
19,3,133,Car Evaluation,1382,4,unacc,1,select_coverage,3.0,DAC,506,1805,,,402,1529,good,13316
19,3,133,Car Evaluation,1382,4,unacc,1,select_coverage,3.0,exact,506,1805,393.0,1492.0,302,1133,unacc,33472
19,3,133,Car Evaluation,1382,4,unacc,1,select_coverage,4.0,DAC,600,2092,,,467,1740,unacc,15592
19,3,133,Car Evaluation,1382,4,unacc,1,select_coverage,4.0,exact,600,2092,456.0,1695.0,351,1290,unacc,38580
19,3,133,Car Evaluation,1382,4,unacc,1,select_coverage_CBA_M1,,DAC,158,608,,,137,550,acc,4352
19,3,133,Car Evaluation,1382,4,unacc,1,select_coverage_CBA_M1,,exact,158,608,137.0,550.0,109,436,acc,11888
19,3,133,Car Evaluation,1382,4,unacc,2,select_coverage,1.0,exact,210,774,179.0,695.0,143,550,unacc,15268
19,3,133,Car Evaluation,1382,4,unacc,2,select_coverage,2.0,exact,391,1409,314.0,1208.0,247,941,unacc,26824
19,3,133,Car Evaluation,1382,4,unacc,2,select_coverage,3.0,exact,509,1820,396.0,1506.0,305,1146,unacc,33760
19,3,133,Car Evaluation,1382,4,unacc,2,select_coverage,4.0,exact,602,2101,458.0,1704.0,352,1295,unacc,38752
19,3,133,Car Evaluation,1382,4,unacc,2,select_coverage_CBA_M1,,exact,158,608,137.0,550.0,109,436,acc,11888
19,3,138,Car Evaluation,1382,4,unacc,1,select_coverage,1.0,DAC,211,787,,,178,702,acc,5704
19,3,138,Car Evaluation,1382,4,unacc,1,select_coverage,1.0,exact,211,787,178.0,702.0,142,556,vgood,15332
19,3,138,Car Evaluation,1382,4,unacc,1,select_coverage,2.0,DAC,362,1287,,,293,1116,good,9516
19,3,138,Car Evaluation,1382,4,unacc,1,select_coverage,2.0,exact,362,1287,292.0,1112.0,229,860,unacc,24748
19,3,138,Car Evaluation,1382,4,unacc,1,select_coverage,3.0,DAC,456,1605,,,367,1385,good,11916
19,3,138,Car Evaluation,1382,4,unacc,1,select_coverage,3.0,exact,456,1605,361.0,1361.0,278,1032,unacc,30464
19,3,138,Car Evaluation,1382,4,unacc,1,select_coverage,4.0,DAC,558,1905,,,432,1596,acc,14340
19,3,138,Car Evaluation,1382,4,unacc,1,select_coverage,4.0,exact,558,1905,419.0,1544.0,320,1157,unacc,35216
19,3,138,Car Evaluation,1382,4,unacc,1,select_coverage_CBA_M1,,DAC,157,621,,,136,561,unacc,4392
19,3,138,Car Evaluation,1382,4,unacc,1,select_coverage_CBA_M1,,exact,157,621,136.0,561.0,110,452,acc,12008
19,3,138,Car Evaluation,1382,4,unacc,2,select_coverage,1.0,exact,211,787,178.0,702.0,142,556,vgood,15332
19,3,138,Car Evaluation,1382,4,unacc,2,select_coverage,2.0,exact,362,1287,292.0,1112.0,230,864,unacc,24764
19,3,138,Car Evaluation,1382,4,unacc,2,select_coverage,3.0,exact,454,1598,360.0,1358.0,277,1029,unacc,30372
19,3,138,Car Evaluation,1382,4,unacc,2,select_coverage,4.0,exact,563,1925,422.0,1556.0,321,1161,unacc,35480
19,3,138,Car Evaluation,1382,4,unacc,2,select_coverage_CBA_M1,,exact,157,621,136.0,561.0,110,452,acc,12008
19,3,148,Car Evaluation,1382,4,unacc,1,select_coverage,1.0,DAC,194,725,,,161,629,good,5252
19,3,148,Car Evaluation,1382,4,unacc,1,select_coverage,1.0,exact,194,725,159.0,621.0,122,475,good,13676
19,3,148,Car Evaluation,1382,4,unacc,1,select_coverage,2.0,DAC,353,1261,,,284,1080,good,9304
19,3,148,Car Evaluation,1382,4,unacc,1,select_coverage,2.0,exact,353,1261,281.0,1067.0,224,840,unacc,23944
19,3,148,Car Evaluation,1382,4,unacc,1,select_coverage,3.0,DAC,451,1602,,,355,1355,good,11844
19,3,148,Car Evaluation,1382,4,unacc,1,select_coverage,3.0,exact,451,1602,348.0,1326.0,272,1024,unacc,29760
19,3,148,Car Evaluation,1382,4,unacc,1,select_coverage,4.0,DAC,566,1955,,,433,1610,good,14636
19,3,148,Car Evaluation,1382,4,unacc,1,select_coverage,4.0,exact,566,1955,425.0,1577.0,326,1191,unacc,35924
19,3,148,Car Evaluation,1382,4,unacc,1,select_coverage_CBA_M1,,DAC,144,560,,,116,471,acc,3992
19,3,148,Car Evaluation,1382,4,unacc,1,select_coverage_CBA_M1,,exact,144,560,116.0,471.0,96,388,acc,10348
19,3,148,Car Evaluation,1382,4,unacc,2,select_coverage,1.0,exact,194,725,159.0,621.0,122,475,good,13676
19,3,148,Car Evaluation,1382,4,unacc,2,select_coverage,2.0,exact,352,1257,281.0,1067.0,224,840,unacc,23928
19,3,148,Car Evaluation,1382,4,unacc,2,select_coverage,3.0,exact,454,1615,351.0,1339.0,273,1029,unacc,30004
19,3,148,Car Evaluation,1382,4,unacc,2,select_coverage,4.0,exact,566,1959,425.0,1581.0,325,1190,unacc,35952
19,3,148,Car Evaluation,1382,4,unacc,2,select_coverage_CBA_M1,,exact,144,560,116.0,471.0,96,388,acc,10348
19,4,5,Car Evaluation,1382,4,unacc,1,select_coverage,1.0,DAC,220,777,,,179,680,acc,5780
19,4,5,Car Evaluation,1382,4,unacc,1,select_coverage,1.0,exact,220,777,176.0,668.0,140,522,unacc,14940
19,4,5,Car Evaluation,1382,4,unacc,1,select_coverage,2.0,DAC,412,1394,,,309,1136,good,10552
19,4,5,Car Evaluation,1382,4,unacc,1,select_coverage,2.0,exact,412,1394,299.0,1096.0,238,861,unacc,25396
19,4,5,Car Evaluation,1382,4,unacc,1,select_coverage,3.0,DAC,528,1776,,,392,1437,unacc,13472
19,4,5,Car Evaluation,1382,4,unacc,1,select_coverage,3.0,exact,528,1776,377.0,1377.0,285,1031,unacc,31848
19,4,5,Car Evaluation,1382,4,unacc,1,select_coverage,4.0,DAC,632,2065,,,451,1624,unacc,15876
19,4,5,Car Evaluation,1382,4,unacc,1,select_coverage,4.0,exact,632,2065,432.0,1548.0,312,1114,unacc,36220
19,4,5,Car Evaluation,1382,4,unacc,1,select_coverage_CBA_M1,,DAC,168,623,,,142,556,acc,4540
19,4,5,Car Evaluation,1382,4,unacc,1,select_coverage_CBA_M1,,exact,168,623,141.0,552.0,114,439,acc,12128
19,4,5,Car Evaluation,1382,4,unacc,2,select_coverage,1.0,exact,220,777,176.0,668.0,140,522,unacc,14940
19,4,5,Car Evaluation,1382,4,unacc,2,select_coverage,2.0,exact,414,1402,300.0,1100.0,238,861,unacc,25484
19,4,5,Car Evaluation,1382,4,unacc,2,select_coverage,3.0,exact,529,1780,378.0,1381.0,285,1031,unacc,31920
19,4,5,Car Evaluation,1382,4,unacc,2,select_coverage,4.0,exact,634,2074,434.0,1556.0,313,1118,unacc,36384
19,4,5,Car Evaluation,1382,4,unacc,2,select_coverage_CBA_M1,,exact,168,623,141.0,552.0,114,439,acc,12128
19,4,14,Car Evaluation,1382,4,unacc,1,select_coverage,1.0,DAC,222,787,,,177,674,good,5844
19,4,14,Car Evaluation,1382,4,unacc,1,select_coverage,1.0,exact,222,787,174.0,662.0,134,500,unacc,14788
19,4,14,Car Evaluation,1382,4,unacc,1,select_coverage,2.0,DAC,399,1359,,,302,1122,acc,10256
19,4,14,Car Evaluation,1382,4,unacc,1,select_coverage,2.0,exact,399,1359,297.0,1102.0,220,800,unacc,24956
19,4,14,Car Evaluation,1382,4,unacc,1,select_coverage,3.0,DAC,539,1789,,,405,1460,acc,13656
19,4,14,Car Evaluation,1382,4,unacc,1,select_coverage,3.0,exact,539,1789,396.0,1424.0,280,994,unacc,32700
19,4,14,Car Evaluation,1382,4,unacc,1,select_coverage,4.0,DAC,640,2083,,,456,1640,unacc,16044
19,4,14,Car Evaluation,1382,4,unacc,1,select_coverage,4.0,exact,640,2083,442.0,1584.0,303,1073,unacc,36672
19,4,14,Car Evaluation,1382,4,unacc,1,select_coverage_CBA_M1,,DAC,162,612,,,132,526,unacc,4424
19,4,14,Car Evaluation,1382,4,unacc,1,select_coverage_CBA_M1,,exact,162,612,129.0,514.0,97,381,acc,11220
19,4,14,Car Evaluation,1382,4,unacc,2,select_coverage,1.0,exact,222,787,174.0,662.0,134,500,unacc,14788
19,4,14,Car Evaluation,1382,4,unacc,2,select_coverage,2.0,exact,400,1363,298.0,1106.0,220,800,unacc,25028
19,4,14,Car Evaluation,1382,4,unacc,2,select_coverage,3.0,exact,539,1789,395.0,1420.0,279,990,unacc,32628
19,4,14,Car Evaluation,1382,4,unacc,2,select_coverage,4.0,exact,644,2101,444.0,1594.0,305,1083,unacc,36904
19,4,14,Car Evaluation,1382,4,unacc,2,select_coverage_CBA_M1,,exact,162,612,129.0,514.0,97,381,acc,11220
19,4,17,Car Evaluation,1382,4,unacc,1,select_coverage,1.0,DAC,225,796,,,178,679,good,5916
19,4,17,Car Evaluation,1382,4,unacc,1,select_coverage,1.0,exact,225,796,176.0,671.0,128,484,vgood,14876
19,4,17,Car Evaluation,1382,4,unacc,1,select_coverage,2.0,DAC,401,1350,,,293,1075,vgood,10244
19,4,17,Car Evaluation,1382,4,unacc,1,select_coverage,2.0,exact,401,1350,287.0,1051.0,205,736,unacc,24060
19,4,17,Car Evaluation,1382,4,unacc,1,select_coverage,3.0,DAC,516,1715,,,367,1337,unacc,13084
19,4,17,Car Evaluation,1382,4,unacc,1,select_coverage,3.0,exact,516,1715,359.0,1305.0,251,894,unacc,30048
19,4,17,Car Evaluation,1382,4,unacc,1,select_coverage,4.0,DAC,634,2079,,,442,1598,unacc,15956
19,4,17,Car Evaluation,1382,4,unacc,1,select_coverage,4.0,exact,634,2079,425.0,1531.0,295,1044,unacc,35648
19,4,17,Car Evaluation,1382,4,unacc,1,select_coverage_CBA_M1,,DAC,176,659,,,146,573,acc,4780
19,4,17,Car Evaluation,1382,4,unacc,1,select_coverage_CBA_M1,,exact,176,659,146.0,573.0,107,419,acc,12476
19,4,17,Car Evaluation,1382,4,unacc,2,select_coverage,1.0,exact,225,796,176.0,671.0,128,484,vgood,14876
19,4,17,Car Evaluation,1382,4,unacc,2,select_coverage,2.0,exact,403,1358,288.0,1055.0,204,732,unacc,24132
19,4,17,Car Evaluation,1382,4,unacc,2,select_coverage,3.0,exact,518,1723,361.0,1312.0,252,897,unacc,30200
19,4,17,Car Evaluation,1382,4,unacc,2,select_coverage,4.0,exact,637,2093,428.0,1545.0,296,1049,unacc,35900
19,4,17,Car Evaluation,1382,4,unacc,2,select_coverage_CBA_M1,,exact,176,659,146.0,573.0,107,419,acc,12476
19,4,19,Car Evaluation,1382,4,unacc,1,select_coverage,1.0,DAC,220,783,,,188,710,good,5804
19,4,19,Car Evaluation,1382,4,unacc,1,select_coverage,1.0,exact,220,783,187.0,706.0,145,539,vgood,15624
19,4,19,Car Evaluation,1382,4,unacc,1,select_coverage,2.0,DAC,403,1369,,,320,1176,acc,10344
19,4,19,Car Evaluation,1382,4,unacc,1,select_coverage,2.0,exact,403,1369,316.0,1160.0,240,869,unacc,26264
19,4,19,Car Evaluation,1382,4,unacc,1,select_coverage,3.0,DAC,529,1767,,,408,1472,unacc,13448
19,4,19,Car Evaluation,1382,4,unacc,1,select_coverage,3.0,exact,529,1767,398.0,1432.0,285,1012,unacc,32796
19,4,19,Car Evaluation,1382,4,unacc,1,select_coverage,4.0,DAC,650,2122,,,485,1725,unacc,16320
19,4,19,Car Evaluation,1382,4,unacc,1,select_coverage,4.0,exact,650,2122,470.0,1666.0,318,1114,unacc,38440
19,4,19,Car Evaluation,1382,4,unacc,1,select_coverage_CBA_M1,,DAC,161,613,,,141,561,unacc,4416
19,4,19,Car Evaluation,1382,4,unacc,1,select_coverage_CBA_M1,,exact,161,613,141.0,561.0,112,441,acc,12132
19,4,19,Car Evaluation,1382,4,unacc,2,select_coverage,1.0,exact,220,781,186.0,703.0,145,539,vgood,15564
19,4,19,Car Evaluation,1382,4,unacc,2,select_coverage,2.0,exact,402,1366,315.0,1157.0,240,869,unacc,26200
19,4,19,Car Evaluation,1382,4,unacc,2,select_coverage,3.0,exact,529,1768,398.0,1433.0,285,1012,unacc,32804
19,4,19,Car Evaluation,1382,4,unacc,2,select_coverage,4.0,exact,655,2143,475.0,1687.0,319,1119,unacc,38828
19,4,19,Car Evaluation,1382,4,unacc,2,select_coverage_CBA_M1,,exact,161,613,141.0,561.0,112,441,acc,12132
19,4,29,Car Evaluation,1382,4,unacc,1,select_coverage,1.0,DAC,221,767,,,182,678,good,5752
19,4,29,Car Evaluation,1382,4,unacc,1,select_coverage,1.0,exact,221,767,182.0,678.0,135,495,unacc,15072
19,4,29,Car Evaluation,1382,4,unacc,1,select_coverage,2.0,DAC,403,1354,,,308,1122,good,10284
19,4,29,Car Evaluation,1382,4,unacc,1,select_coverage,2.0,exact,403,1354,306.0,1114.0,227,811,unacc,25388
19,4,29,Car Evaluation,1382,4,unacc,1,select_coverage,3.0,DAC,524,1715,,,391,1398,unacc,13180
19,4,29,Car Evaluation,1382,4,unacc,1,select_coverage,3.0,exact,524,1715,387.0,1383.0,278,978,unacc,31816
19,4,29,Car Evaluation,1382,4,unacc,1,select_coverage,4.0,DAC,634,2026,,,456,1607,unacc,15744
19,4,29,Car Evaluation,1382,4,unacc,1,select_coverage,4.0,exact,634,2026,447.0,1572.0,305,1056,unacc,36528
19,4,29,Car Evaluation,1382,4,unacc,1,select_coverage_CBA_M1,,DAC,163,613,,,139,549,unacc,4440
19,4,29,Car Evaluation,1382,4,unacc,1,select_coverage_CBA_M1,,exact,163,613,139.0,549.0,101,398,unacc,11832
19,4,29,Car Evaluation,1382,4,unacc,2,select_coverage,1.0,exact,221,767,182.0,678.0,135,495,unacc,15072
19,4,29,Car Evaluation,1382,4,unacc,2,select_coverage,2.0,exact,402,1350,305.0,1110.0,227,811,unacc,25316
19,4,29,Car Evaluation,1382,4,unacc,2,select_coverage,3.0,exact,526,1724,388.0,1388.0,277,975,unacc,31900
19,4,29,Car Evaluation,1382,4,unacc,2,select_coverage,4.0,exact,642,2056,453.0,1595.0,308,1067,unacc,37024
19,4,29,Car Evaluation,1382,4,unacc,2,select_coverage_CBA_M1,,exact,163,613,139.0,549.0,101,398,unacc,11832
19,4,31,Car Evaluation,1382,4,unacc,1,select_coverage,1.0,DAC,212,752,,,177,681,vgood,5584
19,4,31,Car Evaluation,1382,4,unacc,1,select_coverage,1.0,exact,212,752,174.0,669.0,142,539,vgood,14832
19,4,31,Car Evaluation,1382,4,unacc,1,select_coverage,2.0,DAC,392,1333,,,304,1126,vgood,10068
19,4,31,Car Evaluation,1382,4,unacc,1,select_coverage,2.0,exact,392,1333,299.0,1106.0,238,868,unacc,25220
19,4,31,Car Evaluation,1382,4,unacc,1,select_coverage,3.0,DAC,511,1685,,,376,1360,acc,12904
19,4,31,Car Evaluation,1382,4,unacc,1,select_coverage,3.0,exact,511,1685,370.0,1336.0,286,1021,unacc,31000
19,4,31,Car Evaluation,1382,4,unacc,1,select_coverage,4.0,DAC,607,1957,,,429,1537,unacc,15144
19,4,31,Car Evaluation,1382,4,unacc,1,select_coverage,4.0,exact,607,1957,421.0,1505.0,315,1121,unacc,35204
19,4,31,Car Evaluation,1382,4,unacc,1,select_coverage_CBA_M1,,DAC,158,606,,,137,554,unacc,4352
19,4,31,Car Evaluation,1382,4,unacc,1,select_coverage_CBA_M1,,exact,158,606,136.0,550.0,108,436,unacc,11840
19,4,31,Car Evaluation,1382,4,unacc,2,select_coverage,1.0,exact,212,752,174.0,669.0,142,539,vgood,14832
19,4,31,Car Evaluation,1382,4,unacc,2,select_coverage,2.0,exact,392,1334,300.0,1110.0,240,876,unacc,25312
19,4,31,Car Evaluation,1382,4,unacc,2,select_coverage,3.0,exact,514,1698,373.0,1348.0,287,1025,unacc,31236
19,4,31,Car Evaluation,1382,4,unacc,2,select_coverage,4.0,exact,610,1972,426.0,1527.0,317,1129,unacc,35584
19,4,31,Car Evaluation,1382,4,unacc,2,select_coverage_CBA_M1,,exact,158,606,136.0,550.0,108,436,unacc,11840
19,4,34,Car Evaluation,1382,4,unacc,1,select_coverage,1.0,DAC,230,815,,,189,717,good,6052
19,4,34,Car Evaluation,1382,4,unacc,1,select_coverage,1.0,exact,230,815,188.0,713.0,134,500,vgood,15664
19,4,34,Car Evaluation,1382,4,unacc,1,select_coverage,2.0,DAC,422,1431,,,326,1197,vgood,10820
19,4,34,Car Evaluation,1382,4,unacc,1,select_coverage,2.0,exact,422,1431,322.0,1181.0,230,830,unacc,26680
19,4,34,Car Evaluation,1382,4,unacc,1,select_coverage,3.0,DAC,548,1818,,,406,1463,vgood,13880
19,4,34,Car Evaluation,1382,4,unacc,1,select_coverage,3.0,exact,548,1818,401.0,1443.0,273,966,unacc,32980
19,4,34,Car Evaluation,1382,4,unacc,1,select_coverage,4.0,DAC,654,2128,,,470,1671,unacc,16392
19,4,34,Car Evaluation,1382,4,unacc,1,select_coverage,4.0,exact,654,2128,461.0,1636.0,303,1055,unacc,37748
19,4,34,Car Evaluation,1382,4,unacc,1,select_coverage_CBA_M1,,DAC,168,634,,,141,560,unacc,4584
19,4,34,Car Evaluation,1382,4,unacc,1,select_coverage_CBA_M1,,exact,168,634,141.0,560.0,100,399,unacc,12044
19,4,34,Car Evaluation,1382,4,unacc,2,select_coverage,1.0,exact,230,815,188.0,713.0,134,500,vgood,15664
19,4,34,Car Evaluation,1382,4,unacc,2,select_coverage,2.0,exact,427,1453,326.0,1199.0,231,834,unacc,27016
19,4,34,Car Evaluation,1382,4,unacc,2,select_coverage,3.0,exact,547,1815,401.0,1443.0,274,970,unacc,32984
19,4,34,Car Evaluation,1382,4,unacc,2,select_coverage,4.0,exact,654,2130,460.0,1634.0,303,1055,unacc,37708
19,4,34,Car Evaluation,1382,4,unacc,2,select_coverage_CBA_M1,,exact,168,634,141.0,560.0,100,399,unacc,12044
19,4,42,Car Evaluation,1382,4,unacc,1,select_coverage,1.0,DAC,222,790,,,179,684,vgood,5856
19,4,42,Car Evaluation,1382,4,unacc,1,select_coverage,1.0,exact,222,790,179.0,684.0,138,522,vgood,15176
19,4,42,Car Evaluation,1382,4,unacc,1,select_coverage,2.0,DAC,384,1294,,,290,1067,acc,9816
19,4,42,Car Evaluation,1382,4,unacc,1,select_coverage,2.0,exact,384,1294,287.0,1056.0,218,788,unacc,24064
19,4,42,Car Evaluation,1382,4,unacc,1,select_coverage,3.0,DAC,507,1677,,,381,1376,acc,12824
19,4,42,Car Evaluation,1382,4,unacc,1,select_coverage,3.0,exact,507,1677,375.0,1353.0,277,984,unacc,31088
19,4,42,Car Evaluation,1382,4,unacc,1,select_coverage,4.0,DAC,600,1943,,,433,1551,unacc,15004
19,4,42,Car Evaluation,1382,4,unacc,1,select_coverage,4.0,exact,600,1943,422.0,1508.0,299,1055,unacc,34936
19,4,42,Car Evaluation,1382,4,unacc,1,select_coverage_CBA_M1,,DAC,169,650,,,140,563,unacc,4660
19,4,42,Car Evaluation,1382,4,unacc,1,select_coverage_CBA_M1,,exact,169,650,140.0,563.0,109,438,unacc,12236
19,4,42,Car Evaluation,1382,4,unacc,2,select_coverage,1.0,exact,222,790,179.0,684.0,138,522,vgood,15176
19,4,42,Car Evaluation,1382,4,unacc,2,select_coverage,2.0,exact,385,1298,288.0,1060.0,219,792,unacc,24152
19,4,42,Car Evaluation,1382,4,unacc,2,select_coverage,3.0,exact,509,1685,377.0,1361.0,277,984,unacc,31232
19,4,42,Car Evaluation,1382,4,unacc,2,select_coverage,4.0,exact,602,1951,424.0,1516.0,301,1062,unacc,35108
19,4,42,Car Evaluation,1382,4,unacc,2,select_coverage_CBA_M1,,exact,169,650,140.0,563.0,109,438,unacc,12236
19,4,49,Car Evaluation,1382,4,unacc,1,select_coverage,1.0,DAC,227,813,,,185,712,vgood,6008
19,4,49,Car Evaluation,1382,4,unacc,1,select_coverage,1.0,exact,227,813,183.0,704.0,144,552,vgood,15628
19,4,49,Car Evaluation,1382,4,unacc,1,select_coverage,2.0,DAC,395,1340,,,299,1099,vgood,10132
19,4,49,Car Evaluation,1382,4,unacc,1,select_coverage,2.0,exact,395,1340,296.0,1087.0,232,841,unacc,24944
19,4,49,Car Evaluation,1382,4,unacc,1,select_coverage,3.0,DAC,516,1711,,,379,1378,unacc,13068
19,4,49,Car Evaluation,1382,4,unacc,1,select_coverage,3.0,exact,516,1711,374.0,1358.0,280,1006,unacc,31292
19,4,49,Car Evaluation,1382,4,unacc,1,select_coverage,4.0,DAC,629,2050,,,445,1602,unacc,15780
19,4,49,Car Evaluation,1382,4,unacc,1,select_coverage,4.0,exact,629,2050,435.0,1563.0,318,1133,unacc,36416
19,4,49,Car Evaluation,1382,4,unacc,1,select_coverage_CBA_M1,,DAC,170,649,,,142,568,unacc,4668
19,4,49,Car Evaluation,1382,4,unacc,1,select_coverage_CBA_M1,,exact,170,649,140.0,560.0,109,437,unacc,12216
19,4,49,Car Evaluation,1382,4,unacc,2,select_coverage,1.0,exact,227,813,183.0,704.0,144,552,vgood,15628
19,4,49,Car Evaluation,1382,4,unacc,2,select_coverage,2.0,exact,398,1354,299.0,1101.0,234,851,unacc,25216
19,4,49,Car Evaluation,1382,4,unacc,2,select_coverage,3.0,exact,517,1717,374.0,1360.0,283,1018,unacc,31372
19,4,49,Car Evaluation,1382,4,unacc,2,select_coverage,4.0,exact,633,2068,439.0,1580.0,319,1137,unacc,36732
19,4,49,Car Evaluation,1382,4,unacc,2,select_coverage_CBA_M1,,exact,171,653,141.0,564.0,109,437,unacc,12288
19,4,63,Car Evaluation,1382,4,unacc,1,select_coverage,1.0,DAC,216,765,,,186,710,vgood,5684
19,4,63,Car Evaluation,1382,4,unacc,1,select_coverage,1.0,exact,216,765,183.0,698.0,139,530,good,15324
19,4,63,Car Evaluation,1382,4,unacc,1,select_coverage,2.0,DAC,388,1304,,,298,1098,vgood,9904
19,4,63,Car Evaluation,1382,4,unacc,1,select_coverage,2.0,exact,388,1304,293.0,1078.0,225,822,unacc,24568
19,4,63,Car Evaluation,1382,4,unacc,1,select_coverage,3.0,DAC,506,1672,,,374,1357,vgood,12792
19,4,63,Car Evaluation,1382,4,unacc,1,select_coverage,3.0,exact,506,1672,363.0,1313.0,271,967,unacc,30360
19,4,63,Car Evaluation,1382,4,unacc,1,select_coverage,4.0,DAC,614,1980,,,426,1529,unacc,15320
19,4,63,Car Evaluation,1382,4,unacc,1,select_coverage,4.0,exact,614,1980,411.0,1470.0,303,1070,unacc,34552
19,4,63,Car Evaluation,1382,4,unacc,1,select_coverage_CBA_M1,,DAC,159,604,,,143,572,unacc,4356
19,4,63,Car Evaluation,1382,4,unacc,1,select_coverage_CBA_M1,,exact,159,604,142.0,568.0,110,441,unacc,12164
19,4,63,Car Evaluation,1382,4,unacc,2,select_coverage,1.0,exact,217,769,184.0,702.0,140,534,good,15412
19,4,63,Car Evaluation,1382,4,unacc,2,select_coverage,2.0,exact,391,1318,295.0,1088.0,228,834,unacc,24792
19,4,63,Car Evaluation,1382,4,unacc,2,select_coverage,3.0,exact,510,1689,366.0,1325.0,273,975,unacc,30628
19,4,63,Car Evaluation,1382,4,unacc,2,select_coverage,4.0,exact,619,2001,415.0,1487.0,306,1083,unacc,34916
19,4,63,Car Evaluation,1382,4,unacc,2,select_coverage_CBA_M1,,exact,159,604,142.0,568.0,110,441,unacc,12164
19,4,64,Car Evaluation,1382,4,unacc,1,select_coverage,1.0,DAC,218,774,,,178,678,vgood,5744
19,4,64,Car Evaluation,1382,4,unacc,1,select_coverage,1.0,exact,218,774,178.0,678.0,143,539,unacc,15116
19,4,64,Car Evaluation,1382,4,unacc,1,select_coverage,2.0,DAC,394,1332,,,305,1121,vgood,10088
19,4,64,Car Evaluation,1382,4,unacc,1,select_coverage,2.0,exact,394,1332,300.0,1101.0,234,851,unacc,25168
19,4,64,Car Evaluation,1382,4,unacc,1,select_coverage,3.0,DAC,527,1767,,,398,1449,vgood,13424
19,4,64,Car Evaluation,1382,4,unacc,1,select_coverage,3.0,exact,527,1767,389.0,1414.0,296,1068,unacc,32588
19,4,64,Car Evaluation,1382,4,unacc,1,select_coverage,4.0,DAC,646,2120,,,473,1698,unacc,16264
19,4,64,Car Evaluation,1382,4,unacc,1,select_coverage,4.0,exact,646,2120,460.0,1647.0,333,1188,unacc,38252
19,4,64,Car Evaluation,1382,4,unacc,1,select_coverage_CBA_M1,,DAC,170,634,,,146,574,unacc,4608
19,4,64,Car Evaluation,1382,4,unacc,1,select_coverage_CBA_M1,,exact,170,634,146.0,574.0,119,465,acc,12564
19,4,64,Car Evaluation,1382,4,unacc,2,select_coverage,1.0,exact,218,774,178.0,678.0,143,539,unacc,15116
19,4,64,Car Evaluation,1382,4,unacc,2,select_coverage,2.0,exact,395,1336,301.0,1105.0,235,855,unacc,25256
19,4,64,Car Evaluation,1382,4,unacc,2,select_coverage,3.0,exact,529,1775,391.0,1421.0,296,1068,unacc,32728
19,4,64,Car Evaluation,1382,4,unacc,2,select_coverage,4.0,exact,649,2132,463.0,1659.0,333,1188,unacc,38468
19,4,64,Car Evaluation,1382,4,unacc,2,select_coverage_CBA_M1,,exact,170,634,146.0,574.0,119,465,acc,12564
19,4,65,Car Evaluation,1382,4,unacc,1,select_coverage,1.0,DAC,216,756,,,177,671,good,5648
19,4,65,Car Evaluation,1382,4,unacc,1,select_coverage,1.0,exact,216,756,174.0,659.0,130,488,vgood,14604
19,4,65,Car Evaluation,1382,4,unacc,1,select_coverage,2.0,DAC,398,1353,,,309,1141,vgood,10220
19,4,65,Car Evaluation,1382,4,unacc,1,select_coverage,2.0,exact,398,1353,305.0,1125.0,229,840,unacc,25504
19,4,65,Car Evaluation,1382,4,unacc,1,select_coverage,3.0,DAC,513,1706,,,389,1424,unacc,13012
19,4,65,Car Evaluation,1382,4,unacc,1,select_coverage,3.0,exact,513,1706,379.0,1385.0,274,997,unacc,31544
19,4,65,Car Evaluation,1382,4,unacc,1,select_coverage,4.0,DAC,620,2017,,,452,1625,unacc,15540
19,4,65,Car Evaluation,1382,4,unacc,1,select_coverage,4.0,exact,620,2017,441.0,1583.0,302,1083,unacc,36404
19,4,65,Car Evaluation,1382,4,unacc,1,select_coverage_CBA_M1,,DAC,158,595,,,137,542,unacc,4308
19,4,65,Car Evaluation,1382,4,unacc,1,select_coverage_CBA_M1,,exact,158,595,135.0,534.0,104,408,acc,11580
19,4,65,Car Evaluation,1382,4,unacc,2,select_coverage,1.0,exact,216,756,174.0,659.0,130,488,vgood,14604
19,4,65,Car Evaluation,1382,4,unacc,2,select_coverage,2.0,exact,402,1369,308.0,1137.0,230,844,unacc,25752
19,4,65,Car Evaluation,1382,4,unacc,2,select_coverage,3.0,exact,516,1718,382.0,1397.0,274,997,unacc,31760
19,4,65,Car Evaluation,1382,4,unacc,2,select_coverage,4.0,exact,622,2025,443.0,1591.0,302,1084,unacc,36552
19,4,65,Car Evaluation,1382,4,unacc,2,select_coverage_CBA_M1,,exact,158,595,135.0,534.0,104,408,acc,11580
19,4,68,Car Evaluation,1382,4,unacc,1,select_coverage,1.0,DAC,223,794,,,176,682,vgood,5884
19,4,68,Car Evaluation,1382,4,unacc,1,select_coverage,1.0,exact,223,794,175.0,678.0,134,517,vgood,14988
19,4,68,Car Evaluation,1382,4,unacc,1,select_coverage,2.0,DAC,401,1362,,,301,1123,acc,10292
19,4,68,Car Evaluation,1382,4,unacc,1,select_coverage,2.0,exact,401,1362,297.0,1107.0,222,818,unacc,25060
19,4,68,Car Evaluation,1382,4,unacc,1,select_coverage,3.0,DAC,519,1749,,,381,1413,unacc,13256
19,4,68,Car Evaluation,1382,4,unacc,1,select_coverage,3.0,exact,519,1749,370.0,1369.0,276,1015,unacc,31364
19,4,68,Car Evaluation,1382,4,unacc,1,select_coverage,4.0,DAC,632,2080,,,448,1627,unacc,15936
19,4,68,Car Evaluation,1382,4,unacc,1,select_coverage,4.0,exact,632,2080,431.0,1560.0,307,1105,unacc,36252
19,4,68,Car Evaluation,1382,4,unacc,1,select_coverage_CBA_M1,,DAC,165,630,,,137,554,acc,4532
19,4,68,Car Evaluation,1382,4,unacc,1,select_coverage_CBA_M1,,exact,165,630,136.0,550.0,108,435,unacc,11932
19,4,68,Car Evaluation,1382,4,unacc,2,select_coverage,1.0,exact,223,794,175.0,678.0,134,517,vgood,14988
19,4,68,Car Evaluation,1382,4,unacc,2,select_coverage,2.0,exact,401,1362,297.0,1107.0,222,818,unacc,25060
19,4,68,Car Evaluation,1382,4,unacc,2,select_coverage,3.0,exact,520,1754,370.0,1370.0,275,1012,unacc,31376
19,4,68,Car Evaluation,1382,4,unacc,2,select_coverage,4.0,exact,633,2084,434.0,1572.0,308,1109,unacc,36452
19,4,68,Car Evaluation,1382,4,unacc,2,select_coverage_CBA_M1,,exact,121,455,100.0,407.0,78,315,acc,8740
19,4,74,Car Evaluation,1382,4,unacc,1,select_coverage,1.0,DAC,210,741,,,172,660,good,5516
19,4,74,Car Evaluation,1382,4,unacc,1,select_coverage,1.0,exact,210,741,172.0,660.0,130,490,vgood,14476
19,4,74,Car Evaluation,1382,4,unacc,1,select_coverage,2.0,DAC,395,1332,,,303,1121,vgood,10100
19,4,74,Car Evaluation,1382,4,unacc,1,select_coverage,2.0,exact,395,1332,300.0,1109.0,223,809,unacc,25032
19,4,74,Car Evaluation,1382,4,unacc,1,select_coverage,3.0,DAC,491,1622,,,369,1344,unacc,12412
19,4,74,Car Evaluation,1382,4,unacc,1,select_coverage,3.0,exact,491,1622,365.0,1328.0,263,939,unacc,30188
19,4,74,Car Evaluation,1382,4,unacc,1,select_coverage,4.0,DAC,609,1960,,,437,1569,unacc,15180
19,4,74,Car Evaluation,1382,4,unacc,1,select_coverage,4.0,exact,609,1960,428.0,1533.0,305,1075,unacc,35424
19,4,74,Car Evaluation,1382,4,unacc,1,select_coverage_CBA_M1,,DAC,147,554,,,125,502,acc,4012
19,4,74,Car Evaluation,1382,4,unacc,1,select_coverage_CBA_M1,,exact,147,554,125.0,502.0,92,366,acc,10720
19,4,74,Car Evaluation,1382,4,unacc,2,select_coverage,1.0,exact,210,741,172.0,660.0,130,490,vgood,14476
19,4,74,Car Evaluation,1382,4,unacc,2,select_coverage,2.0,exact,395,1332,300.0,1109.0,222,805,unacc,25016
19,4,74,Car Evaluation,1382,4,unacc,2,select_coverage,3.0,exact,490,1618,363.0,1320.0,262,935,unacc,30044
19,4,74,Car Evaluation,1382,4,unacc,2,select_coverage,4.0,exact,608,1956,428.0,1533.0,306,1079,unacc,35424
19,4,74,Car Evaluation,1382,4,unacc,2,select_coverage_CBA_M1,,exact,130,487,112.0,451.0,82,327,acc,9572
19,4,76,Car Evaluation,1382,4,unacc,1,select_coverage,1.0,DAC,218,769,,,180,673,good,5724
19,4,76,Car Evaluation,1382,4,unacc,1,select_coverage,1.0,exact,218,769,176.0,657.0,137,503,unacc,14788
19,4,76,Car Evaluation,1382,4,unacc,1,select_coverage,2.0,DAC,393,1318,,,296,1088,vgood,10020
19,4,76,Car Evaluation,1382,4,unacc,1,select_coverage,2.0,exact,393,1318,286.0,1049.0,221,795,unacc,24120
19,4,76,Car Evaluation,1382,4,unacc,1,select_coverage,3.0,DAC,521,1727,,,384,1395,acc,13192
19,4,76,Car Evaluation,1382,4,unacc,1,select_coverage,3.0,exact,521,1727,371.0,1344.0,278,995,unacc,31136
19,4,76,Car Evaluation,1382,4,unacc,1,select_coverage,4.0,DAC,644,2104,,,457,1645,acc,16176
19,4,76,Car Evaluation,1382,4,unacc,1,select_coverage,4.0,exact,644,2104,435.0,1561.0,312,1115,unacc,36552
19,4,76,Car Evaluation,1382,4,unacc,1,select_coverage_CBA_M1,,DAC,159,600,,,133,528,unacc,4340
19,4,76,Car Evaluation,1382,4,unacc,1,select_coverage_CBA_M1,,exact,159,600,131.0,520.0,102,402,unacc,11360
19,4,76,Car Evaluation,1382,4,unacc,2,select_coverage,1.0,exact,218,769,176.0,657.0,137,503,unacc,14788
19,4,76,Car Evaluation,1382,4,unacc,2,select_coverage,2.0,exact,397,1335,288.0,1058.0,221,796,unacc,24308
19,4,76,Car Evaluation,1382,4,unacc,2,select_coverage,3.0,exact,527,1754,374.0,1358.0,278,995,unacc,31420
19,4,76,Car Evaluation,1382,4,unacc,2,select_coverage,4.0,exact,651,2131,441.0,1584.0,314,1122,unacc,37020
19,4,76,Car Evaluation,1382,4,unacc,2,select_coverage_CBA_M1,,exact,137,512,115.0,456.0,90,354,unacc,9920
19,4,100,Car Evaluation,1382,4,unacc,1,select_coverage,1.0,DAC,217,763,,,181,687,good,5688
19,4,100,Car Evaluation,1382,4,unacc,1,select_coverage,1.0,exact,217,763,179.0,679.0,143,538,unacc,15112
19,4,100,Car Evaluation,1382,4,unacc,1,select_coverage,2.0,DAC,392,1328,,,305,1130,good,10048
19,4,100,Car Evaluation,1382,4,unacc,1,select_coverage,2.0,exact,392,1328,300.0,1110.0,225,822,unacc,25072
19,4,100,Car Evaluation,1382,4,unacc,1,select_coverage,3.0,DAC,512,1705,,,378,1383,unacc,12996
19,4,100,Car Evaluation,1382,4,unacc,1,select_coverage,3.0,exact,512,1705,373.0,1363.0,266,959,unacc,31060
19,4,100,Car Evaluation,1382,4,unacc,1,select_coverage,4.0,DAC,622,2018,,,442,1587,unacc,15568
19,4,100,Car Evaluation,1382,4,unacc,1,select_coverage,4.0,exact,622,2018,434.0,1557.0,294,1046,unacc,35876
19,4,100,Car Evaluation,1382,4,unacc,1,select_coverage_CBA_M1,,DAC,167,635,,,146,583,unacc,4576
19,4,100,Car Evaluation,1382,4,unacc,1,select_coverage_CBA_M1,,exact,167,635,144.0,575.0,113,452,unacc,12440
19,4,100,Car Evaluation,1382,4,unacc,2,select_coverage,1.0,exact,219,772,180.0,684.0,143,538,unacc,15208
19,4,100,Car Evaluation,1382,4,unacc,2,select_coverage,2.0,exact,391,1325,299.0,1107.0,224,819,unacc,24996
19,4,100,Car Evaluation,1382,4,unacc,2,select_coverage,3.0,exact,512,1705,372.0,1359.0,265,955,unacc,30988
19,4,100,Car Evaluation,1382,4,unacc,2,select_coverage,4.0,exact,628,2041,440.0,1580.0,296,1054,unacc,36332
19,4,100,Car Evaluation,1382,4,unacc,2,select_coverage_CBA_M1,,exact,167,635,144.0,575.0,113,452,unacc,12440
19,4,114,Car Evaluation,1382,4,unacc,1,select_coverage,1.0,DAC,218,773,,,180,694,good,5740
19,4,114,Car Evaluation,1382,4,unacc,1,select_coverage,1.0,exact,218,773,177.0,682.0,136,518,unacc,15004
19,4,114,Car Evaluation,1382,4,unacc,1,select_coverage,2.0,DAC,413,1409,,,321,1200,vgood,10624
19,4,114,Car Evaluation,1382,4,unacc,1,select_coverage,2.0,exact,413,1409,314.0,1172.0,240,882,unacc,26444
19,4,114,Car Evaluation,1382,4,unacc,1,select_coverage,3.0,DAC,541,1814,,,417,1525,vgood,13780
19,4,114,Car Evaluation,1382,4,unacc,1,select_coverage,3.0,exact,541,1814,407.0,1486.0,299,1084,unacc,33848
19,4,114,Car Evaluation,1382,4,unacc,1,select_coverage,4.0,DAC,658,2142,,,481,1727,unacc,16496
19,4,114,Car Evaluation,1382,4,unacc,1,select_coverage,4.0,exact,658,2142,469.0,1680.0,329,1169,unacc,38756
19,4,114,Car Evaluation,1382,4,unacc,1,select_coverage_CBA_M1,,DAC,158,606,,,137,555,unacc,4352
19,4,114,Car Evaluation,1382,4,unacc,1,select_coverage_CBA_M1,,exact,158,606,136.0,551.0,104,422,acc,11788
19,4,114,Car Evaluation,1382,4,unacc,2,select_coverage,1.0,exact,219,777,178.0,686.0,137,522,unacc,15092
19,4,114,Car Evaluation,1382,4,unacc,2,select_coverage,2.0,exact,414,1414,314.0,1173.0,240,883,unacc,26472
19,4,114,Car Evaluation,1382,4,unacc,2,select_coverage,3.0,exact,545,1829,409.0,1493.0,299,1084,unacc,34016
19,4,114,Car Evaluation,1382,4,unacc,2,select_coverage,4.0,exact,666,2172,474.0,1698.0,328,1165,unacc,39132
19,4,114,Car Evaluation,1382,4,unacc,2,select_coverage_CBA_M1,,exact,158,606,136.0,551.0,104,422,acc,11788
19,4,133,Car Evaluation,1382,4,unacc,1,select_coverage,1.0,DAC,219,761,,,177,662,good,5704
19,4,133,Car Evaluation,1382,4,unacc,1,select_coverage,1.0,exact,219,761,176.0,658.0,144,535,unacc,14888
19,4,133,Car Evaluation,1382,4,unacc,1,select_coverage,2.0,DAC,410,1402,,,317,1178,unacc,10560
19,4,133,Car Evaluation,1382,4,unacc,1,select_coverage,2.0,exact,410,1402,313.0,1162.0,246,909,unacc,26444
19,4,133,Car Evaluation,1382,4,unacc,1,select_coverage,3.0,DAC,534,1806,,,403,1484,unacc,13664
19,4,133,Car Evaluation,1382,4,unacc,1,select_coverage,3.0,exact,534,1806,395.0,1452.0,301,1099,unacc,33260
19,4,133,Car Evaluation,1382,4,unacc,1,select_coverage,4.0,DAC,656,2149,,,471,1696,unacc,16500
19,4,133,Car Evaluation,1382,4,unacc,1,select_coverage,4.0,exact,656,2149,460.0,1653.0,331,1192,unacc,38408
19,4,133,Car Evaluation,1382,4,unacc,1,select_coverage_CBA_M1,,DAC,160,599,,,133,525,unacc,4348
19,4,133,Car Evaluation,1382,4,unacc,1,select_coverage_CBA_M1,,exact,160,599,132.0,521.0,107,424,unacc,11488
19,4,133,Car Evaluation,1382,4,unacc,2,select_coverage,1.0,exact,218,758,175.0,655.0,144,535,unacc,14824
19,4,133,Car Evaluation,1382,4,unacc,2,select_coverage,2.0,exact,412,1410,315.0,1170.0,245,906,unacc,26576
19,4,133,Car Evaluation,1382,4,unacc,2,select_coverage,3.0,exact,534,1807,396.0,1457.0,300,1096,unacc,33312
19,4,133,Car Evaluation,1382,4,unacc,2,select_coverage,4.0,exact,656,2150,460.0,1654.0,332,1197,unacc,38436
19,4,133,Car Evaluation,1382,4,unacc,2,select_coverage_CBA_M1,,exact,141,524,119.0,470.0,98,389,unacc,10324
19,4,138,Car Evaluation,1382,4,unacc,1,select_coverage,1.0,DAC,218,776,,,187,716,acc,5752
19,4,138,Car Evaluation,1382,4,unacc,1,select_coverage,1.0,exact,218,776,184.0,704.0,138,523,good,15404
19,4,138,Car Evaluation,1382,4,unacc,1,select_coverage,2.0,DAC,395,1364,,,311,1171,vgood,10228
19,4,138,Car Evaluation,1382,4,unacc,1,select_coverage,2.0,exact,395,1364,305.0,1147.0,217,804,unacc,25492
19,4,138,Car Evaluation,1382,4,unacc,1,select_coverage,3.0,DAC,513,1727,,,390,1441,vgood,13096
19,4,138,Car Evaluation,1382,4,unacc,1,select_coverage,3.0,exact,513,1727,380.0,1401.0,271,984,unacc,31680
19,4,138,Car Evaluation,1382,4,unacc,1,select_coverage,4.0,DAC,624,2044,,,445,1628,unacc,15696
19,4,138,Car Evaluation,1382,4,unacc,1,select_coverage,4.0,exact,624,2044,432.0,1576.0,304,1097,unacc,36180
19,4,138,Car Evaluation,1382,4,unacc,1,select_coverage_CBA_M1,,DAC,165,627,,,148,591,unacc,4520
19,4,138,Car Evaluation,1382,4,unacc,1,select_coverage_CBA_M1,,exact,165,627,147.0,587.0,111,442,unacc,12536
19,4,138,Car Evaluation,1382,4,unacc,2,select_coverage,1.0,exact,218,776,184.0,704.0,138,523,good,15404
19,4,138,Car Evaluation,1382,4,unacc,2,select_coverage,2.0,exact,395,1364,304.0,1143.0,216,800,unacc,25420
19,4,138,Car Evaluation,1382,4,unacc,2,select_coverage,3.0,exact,517,1745,381.0,1406.0,271,984,unacc,31812
19,4,138,Car Evaluation,1382,4,unacc,2,select_coverage,4.0,exact,628,2062,436.0,1592.0,306,1105,unacc,36508
19,4,138,Car Evaluation,1382,4,unacc,2,select_coverage_CBA_M1,,exact,141,533,123.0,493.0,94,375,unacc,10556
19,4,148,Car Evaluation,1382,4,unacc,1,select_coverage,1.0,DAC,210,745,,,173,661,good,5532
19,4,148,Car Evaluation,1382,4,unacc,1,select_coverage,1.0,exact,210,745,171.0,654.0,129,494,vgood,14444
19,4,148,Car Evaluation,1382,4,unacc,1,select_coverage,2.0,DAC,387,1308,,,302,1108,acc,9908
19,4,148,Car Evaluation,1382,4,unacc,1,select_coverage,2.0,exact,387,1308,294.0,1077.0,218,794,unacc,24508
19,4,148,Car Evaluation,1382,4,unacc,1,select_coverage,3.0,DAC,506,1693,,,383,1393,acc,12876
19,4,148,Car Evaluation,1382,4,unacc,1,select_coverage,3.0,exact,506,1693,372.0,1350.0,263,945,unacc,30864
19,4,148,Car Evaluation,1382,4,unacc,1,select_coverage,4.0,DAC,622,2031,,,454,1627,acc,15620
19,4,148,Car Evaluation,1382,4,unacc,1,select_coverage,4.0,exact,622,2031,438.0,1564.0,302,1072,unacc,36220
19,4,148,Car Evaluation,1382,4,unacc,1,select_coverage_CBA_M1,,DAC,150,572,,,128,514,acc,4120
19,4,148,Car Evaluation,1382,4,unacc,1,select_coverage_CBA_M1,,exact,150,572,127.0,510.0,101,406,acc,11064
19,4,148,Car Evaluation,1382,4,unacc,2,select_coverage,1.0,exact,212,754,173.0,663.0,131,503,vgood,14632
19,4,148,Car Evaluation,1382,4,unacc,2,select_coverage,2.0,exact,388,1312,295.0,1081.0,218,794,unacc,24580
19,4,148,Car Evaluation,1382,4,unacc,2,select_coverage,3.0,exact,508,1700,372.0,1352.0,263,946,unacc,30904
19,4,148,Car Evaluation,1382,4,unacc,2,select_coverage,4.0,exact,626,2049,441.0,1578.0,303,1078,unacc,36492
19,4,148,Car Evaluation,1382,4,unacc,2,select_coverage_CBA_M1,,exact,136,517,115.0,463.0,92,370,acc,10032
19,5,5,Car Evaluation,1382,4,unacc,1,select_coverage,1.0,DAC,207,686,,,169,606,good,5268
19,5,5,Car Evaluation,1382,4,unacc,1,select_coverage,1.0,exact,207,686,169.0,606.0,115,408,vgood,13592
19,5,5,Car Evaluation,1382,4,unacc,1,select_coverage,2.0,DAC,417,1318,,,310,1084,unacc,10316
19,5,5,Car Evaluation,1382,4,unacc,1,select_coverage,2.0,exact,417,1318,306.0,1068.0,220,761,unacc,24860
19,5,5,Car Evaluation,1382,4,unacc,1,select_coverage,3.0,DAC,539,1685,,,383,1326,unacc,13248
19,5,5,Car Evaluation,1382,4,unacc,1,select_coverage,3.0,exact,539,1685,375.0,1294.0,252,865,unacc,30408
19,5,5,Car Evaluation,1382,4,unacc,1,select_coverage,4.0,DAC,652,2020,,,447,1546,unacc,15944
19,5,5,Car Evaluation,1382,4,unacc,1,select_coverage,4.0,exact,652,2020,433.0,1491.0,286,984,unacc,35332
19,5,5,Car Evaluation,1382,4,unacc,1,select_coverage_CBA_M1,,DAC,145,517,,,122,459,unacc,3848
19,5,5,Car Evaluation,1382,4,unacc,1,select_coverage_CBA_M1,,exact,145,517,122.0,459.0,84,314,acc,10072
19,5,5,Car Evaluation,1382,4,unacc,2,select_coverage,1.0,exact,208,690,170.0,610.0,116,412,vgood,13680
19,5,5,Car Evaluation,1382,4,unacc,2,select_coverage,2.0,exact,418,1322,306.0,1068.0,219,757,unacc,24860
19,5,5,Car Evaluation,1382,4,unacc,2,select_coverage,3.0,exact,541,1694,377.0,1303.0,253,870,unacc,30580
19,5,5,Car Evaluation,1382,4,unacc,2,select_coverage,4.0,exact,655,2032,436.0,1503.0,288,993,unacc,35584
19,5,5,Car Evaluation,1382,4,unacc,2,select_coverage_CBA_M1,,exact,134,479,113.0,428.0,79,296,acc,9364
19,5,14,Car Evaluation,1382,4,unacc,1,select_coverage,1.0,DAC,213,731,,,182,673,unacc,5520
19,5,14,Car Evaluation,1382,4,unacc,1,select_coverage,1.0,exact,213,731,182.0,673.0,131,479,unacc,14844
19,5,14,Car Evaluation,1382,4,unacc,1,select_coverage,2.0,DAC,407,1306,,,309,1090,unacc,10148
19,5,14,Car Evaluation,1382,4,unacc,1,select_coverage,2.0,exact,407,1306,305.0,1074.0,214,744,unacc,24728
19,5,14,Car Evaluation,1382,4,unacc,1,select_coverage,3.0,DAC,533,1690,,,387,1363,unacc,13196
19,5,14,Car Evaluation,1382,4,unacc,1,select_coverage,3.0,exact,533,1690,378.0,1328.0,252,873,unacc,30716
19,5,14,Car Evaluation,1382,4,unacc,1,select_coverage,4.0,DAC,634,1984,,,438,1534,unacc,15584
19,5,14,Car Evaluation,1382,4,unacc,1,select_coverage,4.0,exact,634,1984,427.0,1493.0,270,936,unacc,34764
19,5,14,Car Evaluation,1382,4,unacc,1,select_coverage_CBA_M1,,DAC,152,565,,,136,529,unacc,4124
19,5,14,Car Evaluation,1382,4,unacc,1,select_coverage_CBA_M1,,exact,152,565,136.0,529.0,95,372,unacc,11336
19,5,14,Car Evaluation,1382,4,unacc,2,select_coverage,1.0,exact,214,735,183.0,677.0,131,479,unacc,14916
19,5,14,Car Evaluation,1382,4,unacc,2,select_coverage,2.0,exact,411,1321,306.0,1080.0,214,745,unacc,24856
19,5,14,Car Evaluation,1382,4,unacc,2,select_coverage,3.0,exact,533,1691,380.0,1335.0,253,877,unacc,30844
19,5,14,Car Evaluation,1382,4,unacc,2,select_coverage,4.0,exact,637,1997,429.0,1504.0,272,947,unacc,34984
19,5,14,Car Evaluation,1382,4,unacc,2,select_coverage_CBA_M1,,exact,152,565,136.0,529.0,95,372,unacc,11336
19,5,17,Car Evaluation,1382,4,unacc,1,select_coverage,1.0,DAC,232,777,,,188,682,good,5932
19,5,17,Car Evaluation,1382,4,unacc,1,select_coverage,1.0,exact,232,777,185.0,670.0,125,447,unacc,15008
19,5,17,Car Evaluation,1382,4,unacc,1,select_coverage,2.0,DAC,433,1372,,,307,1084,unacc,10724
19,5,17,Car Evaluation,1382,4,unacc,1,select_coverage,2.0,exact,433,1372,301.0,1061.0,202,700,unacc,24604
19,5,17,Car Evaluation,1382,4,unacc,1,select_coverage,3.0,DAC,549,1728,,,382,1336,unacc,13540
19,5,17,Car Evaluation,1382,4,unacc,1,select_coverage,3.0,exact,549,1728,371.0,1293.0,240,824,unacc,30252
19,5,17,Car Evaluation,1382,4,unacc,1,select_coverage,4.0,DAC,649,2018,,,432,1506,unacc,15900
19,5,17,Car Evaluation,1382,4,unacc,1,select_coverage,4.0,exact,649,2018,415.0,1443.0,256,883,unacc,34008
19,5,17,Car Evaluation,1382,4,unacc,1,select_coverage_CBA_M1,,DAC,163,601,,,141,546,unacc,4400
19,5,17,Car Evaluation,1382,4,unacc,1,select_coverage_CBA_M1,,exact,163,601,139.0,538.0,97,378,unacc,11660
19,5,17,Car Evaluation,1382,4,unacc,2,select_coverage,1.0,exact,232,777,185.0,670.0,125,447,unacc,15008
19,5,17,Car Evaluation,1382,4,unacc,2,select_coverage,2.0,exact,432,1370,301.0,1059.0,201,695,unacc,24568
19,5,17,Car Evaluation,1382,4,unacc,2,select_coverage,3.0,exact,549,1729,372.0,1297.0,241,828,unacc,30328
19,5,17,Car Evaluation,1382,4,unacc,2,select_coverage,4.0,exact,653,2034,417.0,1452.0,257,887,unacc,34204
19,5,17,Car Evaluation,1382,4,unacc,2,select_coverage_CBA_M1,,exact,147,536,124.0,477.0,86,333,unacc,10376
19,5,19,Car Evaluation,1382,4,unacc,1,select_coverage,1.0,DAC,228,767,,,190,686,good,5844
19,5,19,Car Evaluation,1382,4,unacc,1,select_coverage,1.0,exact,228,767,190.0,686.0,134,475,unacc,15344
19,5,19,Car Evaluation,1382,4,unacc,1,select_coverage,2.0,DAC,422,1348,,,310,1091,unacc,10496
19,5,19,Car Evaluation,1382,4,unacc,1,select_coverage,2.0,exact,422,1348,307.0,1080.0,214,745,unacc,25004
19,5,19,Car Evaluation,1382,4,unacc,1,select_coverage,3.0,DAC,551,1738,,,389,1360,unacc,13604
19,5,19,Car Evaluation,1382,4,unacc,1,select_coverage,3.0,exact,551,1738,385.0,1345.0,260,899,unacc,31360
19,5,19,Car Evaluation,1382,4,unacc,1,select_coverage,4.0,DAC,661,2044,,,441,1525,unacc,16148
19,5,19,Car Evaluation,1382,4,unacc,1,select_coverage,4.0,exact,661,2044,434.0,1500.0,280,963,unacc,35420
19,5,19,Car Evaluation,1382,4,unacc,1,select_coverage_CBA_M1,,DAC,159,585,,,139,536,unacc,4288
19,5,19,Car Evaluation,1382,4,unacc,1,select_coverage_CBA_M1,,exact,159,585,139.0,536.0,102,391,acc,11640
19,5,19,Car Evaluation,1382,4,unacc,2,select_coverage,1.0,exact,228,768,190.0,687.0,133,472,unacc,15340
19,5,19,Car Evaluation,1382,4,unacc,2,select_coverage,2.0,exact,421,1347,306.0,1079.0,213,742,unacc,24944
19,5,19,Car Evaluation,1382,4,unacc,2,select_coverage,3.0,exact,554,1748,387.0,1353.0,261,903,unacc,31528
19,5,19,Car Evaluation,1382,4,unacc,2,select_coverage,4.0,exact,667,2067,440.0,1523.0,283,975,unacc,35892
19,5,19,Car Evaluation,1382,4,unacc,2,select_coverage_CBA_M1,,exact,159,585,139.0,536.0,102,391,acc,11640
19,5,29,Car Evaluation,1382,4,unacc,1,select_coverage,1.0,DAC,218,736,,,176,642,good,5600
19,5,29,Car Evaluation,1382,4,unacc,1,select_coverage,1.0,exact,218,736,175.0,638.0,129,464,unacc,14384
19,5,29,Car Evaluation,1382,4,unacc,1,select_coverage,2.0,DAC,412,1315,,,299,1061,vgood,10244
19,5,29,Car Evaluation,1382,4,unacc,1,select_coverage,2.0,exact,412,1315,296.0,1050.0,214,747,unacc,24320
19,5,29,Car Evaluation,1382,4,unacc,1,select_coverage,3.0,DAC,527,1672,,,374,1318,unacc,13052
19,5,29,Car Evaluation,1382,4,unacc,1,select_coverage,3.0,exact,527,1672,369.0,1300.0,254,889,unacc,30236
19,5,29,Car Evaluation,1382,4,unacc,1,select_coverage,4.0,DAC,655,2027,,,436,1514,unacc,16008
19,5,29,Car Evaluation,1382,4,unacc,1,select_coverage,4.0,exact,655,2027,427.0,1480.0,285,985,unacc,35080
19,5,29,Car Evaluation,1382,4,unacc,1,select_coverage_CBA_M1,,DAC,157,577,,,135,520,unacc,4232
19,5,29,Car Evaluation,1382,4,unacc,1,select_coverage_CBA_M1,,exact,157,577,135.0,520.0,101,388,acc,11372
19,5,29,Car Evaluation,1382,4,unacc,2,select_coverage,1.0,exact,218,736,175.0,638.0,129,464,unacc,14384
19,5,29,Car Evaluation,1382,4,unacc,2,select_coverage,2.0,exact,412,1315,296.0,1050.0,214,747,unacc,24320
19,5,29,Car Evaluation,1382,4,unacc,2,select_coverage,3.0,exact,528,1675,370.0,1303.0,254,889,unacc,30300
19,5,29,Car Evaluation,1382,4,unacc,2,select_coverage,4.0,exact,656,2030,428.0,1483.0,285,985,unacc,35144
19,5,29,Car Evaluation,1382,4,unacc,2,select_coverage_CBA_M1,,exact,142,517,123.0,471.0,91,347,acc,10292
19,5,31,Car Evaluation,1382,4,unacc,1,select_coverage,1.0,DAC,216,735,,,179,663,good,5572
19,5,31,Car Evaluation,1382,4,unacc,1,select_coverage,1.0,exact,216,735,177.0,655.0,131,479,unacc,14588
19,5,31,Car Evaluation,1382,4,unacc,1,select_coverage,2.0,DAC,436,1418,,,323,1167,unacc,10944
19,5,31,Car Evaluation,1382,4,unacc,1,select_coverage,2.0,exact,436,1418,318.0,1147.0,236,837,unacc,26360
19,5,31,Car Evaluation,1382,4,unacc,1,select_coverage,3.0,DAC,565,1798,,,404,1436,unacc,14012
19,5,31,Car Evaluation,1382,4,unacc,1,select_coverage,3.0,exact,565,1798,392.0,1390.0,280,978,unacc,32376
19,5,31,Car Evaluation,1382,4,unacc,1,select_coverage,4.0,DAC,648,2033,,,436,1546,unacc,15948
19,5,31,Car Evaluation,1382,4,unacc,1,select_coverage,4.0,exact,648,2033,420.0,1485.0,290,1012,unacc,34952
19,5,31,Car Evaluation,1382,4,unacc,1,select_coverage_CBA_M1,,DAC,152,566,,,132,519,unacc,4128
19,5,31,Car Evaluation,1382,4,unacc,1,select_coverage_CBA_M1,,exact,152,566,132.0,519.0,100,390,unacc,11212
19,5,31,Car Evaluation,1382,4,unacc,2,select_coverage,1.0,exact,216,735,177.0,655.0,131,479,unacc,14588
19,5,31,Car Evaluation,1382,4,unacc,2,select_coverage,2.0,exact,439,1430,320.0,1155.0,238,845,unacc,26552
19,5,31,Car Evaluation,1382,4,unacc,2,select_coverage,3.0,exact,567,1807,392.0,1391.0,282,986,unacc,32448
19,5,31,Car Evaluation,1382,4,unacc,2,select_coverage,4.0,exact,651,2046,422.0,1494.0,289,1009,unacc,35108
19,5,31,Car Evaluation,1382,4,unacc,2,select_coverage_CBA_M1,,exact,152,566,132.0,519.0,100,390,unacc,11212
19,5,34,Car Evaluation,1382,4,unacc,1,select_coverage,1.0,DAC,231,792,,,189,707,good,5980
19,5,34,Car Evaluation,1382,4,unacc,1,select_coverage,1.0,exact,231,792,186.0,695.0,128,479,vgood,15336
19,5,34,Car Evaluation,1382,4,unacc,1,select_coverage,2.0,DAC,432,1405,,,324,1167,unacc,10844
19,5,34,Car Evaluation,1382,4,unacc,1,select_coverage,2.0,exact,432,1405,317.0,1139.0,213,759,unacc,25924
19,5,34,Car Evaluation,1382,4,unacc,1,select_coverage,3.0,DAC,564,1797,,,410,1455,unacc,13996
19,5,34,Car Evaluation,1382,4,unacc,1,select_coverage,3.0,exact,564,1797,396.0,1400.0,260,912,unacc,32308
19,5,34,Car Evaluation,1382,4,unacc,1,select_coverage,4.0,DAC,684,2138,,,473,1659,unacc,16800
19,5,34,Car Evaluation,1382,4,unacc,1,select_coverage,4.0,exact,684,2138,455.0,1589.0,288,1002,unacc,37148
19,5,34,Car Evaluation,1382,4,unacc,1,select_coverage_CBA_M1,,DAC,165,615,,,143,565,unacc,4480
19,5,34,Car Evaluation,1382,4,unacc,1,select_coverage_CBA_M1,,exact,165,615,141.0,557.0,99,390,unacc,11920
19,5,34,Car Evaluation,1382,4,unacc,2,select_coverage,1.0,exact,231,792,186.0,695.0,128,479,vgood,15336
19,5,34,Car Evaluation,1382,4,unacc,2,select_coverage,2.0,exact,432,1405,317.0,1139.0,212,756,unacc,25912
19,5,34,Car Evaluation,1382,4,unacc,2,select_coverage,3.0,exact,566,1805,398.0,1408.0,261,916,unacc,32468
19,5,34,Car Evaluation,1382,4,unacc,2,select_coverage,4.0,exact,683,2137,455.0,1591.0,287,999,unacc,37140
19,5,34,Car Evaluation,1382,4,unacc,2,select_coverage_CBA_M1,,exact,165,615,141.0,557.0,99,390,unacc,11920
19,5,42,Car Evaluation,1382,4,unacc,1,select_coverage,1.0,DAC,213,729,,,175,652,good,5512
19,5,42,Car Evaluation,1382,4,unacc,1,select_coverage,1.0,exact,213,729,173.0,644.0,127,466,good,14308
19,5,42,Car Evaluation,1382,4,unacc,1,select_coverage,2.0,DAC,399,1288,,,297,1065,good,9980
19,5,42,Car Evaluation,1382,4,unacc,1,select_coverage,2.0,exact,399,1288,292.0,1045.0,213,752,unacc,24052
19,5,42,Car Evaluation,1382,4,unacc,1,select_coverage,3.0,DAC,523,1652,,,369,1309,unacc,12924
19,5,42,Car Evaluation,1382,4,unacc,1,select_coverage,3.0,exact,523,1652,362.0,1281.0,253,889,unacc,29800
19,5,42,Car Evaluation,1382,4,unacc,1,select_coverage,4.0,DAC,630,1960,,,428,1506,unacc,15440
19,5,42,Car Evaluation,1382,4,unacc,1,select_coverage,4.0,exact,630,1960,416.0,1458.0,269,938,unacc,34096
19,5,42,Car Evaluation,1382,4,unacc,1,select_coverage_CBA_M1,,DAC,154,575,,,134,526,unacc,4188
19,5,42,Car Evaluation,1382,4,unacc,1,select_coverage_CBA_M1,,exact,154,575,133.0,522.0,101,394,unacc,11316
19,5,42,Car Evaluation,1382,4,unacc,2,select_coverage,1.0,exact,214,733,174.0,648.0,127,466,good,14380
19,5,42,Car Evaluation,1382,4,unacc,2,select_coverage,2.0,exact,399,1290,292.0,1047.0,212,748,unacc,24052
19,5,42,Car Evaluation,1382,4,unacc,2,select_coverage,3.0,exact,525,1660,364.0,1289.0,253,889,unacc,29944
19,5,42,Car Evaluation,1382,4,unacc,2,select_coverage,4.0,exact,631,1965,417.0,1462.0,270,941,unacc,34184
19,5,42,Car Evaluation,1382,4,unacc,2,select_coverage_CBA_M1,,exact,154,575,133.0,522.0,101,394,unacc,11316
19,5,49,Car Evaluation,1382,4,unacc,1,select_coverage,1.0,DAC,236,812,,,197,732,good,6120
19,5,49,Car Evaluation,1382,4,unacc,1,select_coverage,1.0,exact,236,812,194.0,720.0,144,528,unacc,16032
19,5,49,Car Evaluation,1382,4,unacc,1,select_coverage,2.0,DAC,429,1403,,,314,1137,good,10800
19,5,49,Car Evaluation,1382,4,unacc,1,select_coverage,2.0,exact,429,1403,310.0,1121.0,229,815,unacc,25788
19,5,49,Car Evaluation,1382,4,unacc,1,select_coverage,3.0,DAC,566,1793,,,396,1398,unacc,14004
19,5,49,Car Evaluation,1382,4,unacc,1,select_coverage,3.0,exact,566,1793,388.0,1367.0,275,954,unacc,32008
19,5,49,Car Evaluation,1382,4,unacc,1,select_coverage,4.0,DAC,674,2110,,,454,1600,unacc,16568
19,5,49,Car Evaluation,1382,4,unacc,1,select_coverage,4.0,exact,674,2110,442.0,1555.0,304,1062,unacc,36620
19,5,49,Car Evaluation,1382,4,unacc,1,select_coverage_CBA_M1,,DAC,176,647,,,151,587,unacc,4740
19,5,49,Car Evaluation,1382,4,unacc,1,select_coverage_CBA_M1,,exact,176,647,150.0,583.0,114,441,acc,12716
19,5,49,Car Evaluation,1382,4,unacc,2,select_coverage,1.0,exact,235,809,194.0,720.0,144,528,unacc,16020
19,5,49,Car Evaluation,1382,4,unacc,2,select_coverage,2.0,exact,430,1407,312.0,1128.0,230,818,unacc,25924
19,5,49,Car Evaluation,1382,4,unacc,2,select_coverage,3.0,exact,568,1800,390.0,1374.0,276,958,unacc,32160
19,5,49,Car Evaluation,1382,4,unacc,2,select_coverage,4.0,exact,676,2120,444.0,1564.0,305,1066,unacc,36792
19,5,49,Car Evaluation,1382,4,unacc,2,select_coverage_CBA_M1,,exact,157,573,136.0,529.0,105,407,unacc,11508
19,5,63,Car Evaluation,1382,4,unacc,1,select_coverage,1.0,DAC,215,717,,,176,644,vgood,5488
19,5,63,Car Evaluation,1382,4,unacc,1,select_coverage,1.0,exact,215,717,175.0,640.0,125,450,vgood,14260
19,5,63,Car Evaluation,1382,4,unacc,1,select_coverage,2.0,DAC,412,1317,,,302,1072,vgood,10252
19,5,63,Car Evaluation,1382,4,unacc,1,select_coverage,2.0,exact,412,1317,298.0,1056.0,215,751,unacc,24448
19,5,63,Car Evaluation,1382,4,unacc,1,select_coverage,3.0,DAC,548,1727,,,384,1357,unacc,13524
19,5,63,Car Evaluation,1382,4,unacc,1,select_coverage,3.0,exact,548,1727,376.0,1326.0,262,912,unacc,30932
19,5,63,Car Evaluation,1382,4,unacc,1,select_coverage,4.0,DAC,651,2023,,,436,1529,unacc,15944
19,5,63,Car Evaluation,1382,4,unacc,1,select_coverage,4.0,exact,651,2023,424.0,1482.0,278,967,unacc,34880
19,5,63,Car Evaluation,1382,4,unacc,1,select_coverage_CBA_M1,,DAC,157,568,,,140,531,unacc,4196
19,5,63,Car Evaluation,1382,4,unacc,1,select_coverage_CBA_M1,,exact,157,568,139.0,527.0,98,371,unacc,11456
19,5,63,Car Evaluation,1382,4,unacc,2,select_coverage,1.0,exact,215,717,175.0,640.0,125,450,vgood,14260
19,5,63,Car Evaluation,1382,4,unacc,2,select_coverage,2.0,exact,414,1324,300.0,1063.0,215,751,unacc,24584
19,5,63,Car Evaluation,1382,4,unacc,2,select_coverage,3.0,exact,548,1727,376.0,1326.0,261,908,unacc,30916
19,5,63,Car Evaluation,1382,4,unacc,2,select_coverage,4.0,exact,655,2039,428.0,1497.0,281,978,unacc,35208
19,5,63,Car Evaluation,1382,4,unacc,2,select_coverage_CBA_M1,,exact,157,568,139.0,527.0,98,371,unacc,11456
19,5,64,Car Evaluation,1382,4,unacc,1,select_coverage,1.0,DAC,222,764,,,186,694,acc,5760
19,5,64,Car Evaluation,1382,4,unacc,1,select_coverage,1.0,exact,222,764,186.0,694.0,140,521,good,15388
19,5,64,Car Evaluation,1382,4,unacc,1,select_coverage,2.0,DAC,431,1411,,,326,1171,good,10856
19,5,64,Car Evaluation,1382,4,unacc,1,select_coverage,2.0,exact,431,1411,323.0,1159.0,241,860,unacc,26672
19,5,64,Car Evaluation,1382,4,unacc,1,select_coverage,3.0,DAC,588,1893,,,424,1506,unacc,14668
19,5,64,Car Evaluation,1382,4,unacc,1,select_coverage,3.0,exact,588,1893,413.0,1463.0,291,1030,unacc,34096
19,5,64,Car Evaluation,1382,4,unacc,1,select_coverage,4.0,DAC,706,2234,,,488,1723,unacc,17448
19,5,64,Car Evaluation,1382,4,unacc,1,select_coverage,4.0,exact,706,2234,476.0,1676.0,316,1120,unacc,39192
19,5,64,Car Evaluation,1382,4,unacc,1,select_coverage_CBA_M1,,DAC,173,642,,,154,599,unacc,4684
19,5,64,Car Evaluation,1382,4,unacc,1,select_coverage_CBA_M1,,exact,173,642,154.0,599.0,120,467,unacc,13024
19,5,64,Car Evaluation,1382,4,unacc,2,select_coverage,1.0,exact,222,764,186.0,694.0,140,521,good,15388
19,5,64,Car Evaluation,1382,4,unacc,2,select_coverage,2.0,exact,431,1411,323.0,1159.0,241,860,unacc,26672
19,5,64,Car Evaluation,1382,4,unacc,2,select_coverage,3.0,exact,589,1897,414.0,1467.0,291,1030,unacc,34168
19,5,64,Car Evaluation,1382,4,unacc,2,select_coverage,4.0,exact,706,2234,476.0,1676.0,316,1120,unacc,39192
19,5,64,Car Evaluation,1382,4,unacc,2,select_coverage_CBA_M1,,exact,173,642,154.0,599.0,120,467,unacc,13024
19,5,65,Car Evaluation,1382,4,unacc,1,select_coverage,1.0,DAC,209,718,,,172,637,vgood,5420
19,5,65,Car Evaluation,1382,4,unacc,1,select_coverage,1.0,exact,209,718,171.0,633.0,130,480,vgood,14196
19,5,65,Car Evaluation,1382,4,unacc,1,select_coverage,2.0,DAC,406,1297,,,300,1071,vgood,10100
19,5,65,Car Evaluation,1382,4,unacc,1,select_coverage,2.0,exact,406,1297,295.0,1054.0,208,746,unacc,24220
19,5,65,Car Evaluation,1382,4,unacc,1,select_coverage,3.0,DAC,528,1674,,,384,1351,unacc,13072
19,5,65,Car Evaluation,1382,4,unacc,1,select_coverage,3.0,exact,528,1674,376.0,1322.0,251,884,unacc,30592
19,5,65,Car Evaluation,1382,4,unacc,1,select_coverage,4.0,DAC,628,1971,,,440,1547,unacc,15460
19,5,65,Car Evaluation,1382,4,unacc,1,select_coverage,4.0,exact,628,1971,426.0,1498.0,274,974,unacc,34844
19,5,65,Car Evaluation,1382,4,unacc,1,select_coverage_CBA_M1,,DAC,152,559,,,132,513,unacc,4100
19,5,65,Car Evaluation,1382,4,unacc,1,select_coverage_CBA_M1,,exact,152,559,131.0,509.0,100,390,unacc,11104
19,5,65,Car Evaluation,1382,4,unacc,2,select_coverage,1.0,exact,209,718,171.0,633.0,130,480,vgood,14196
19,5,65,Car Evaluation,1382,4,unacc,2,select_coverage,2.0,exact,409,1311,297.0,1064.0,209,751,unacc,24416
19,5,65,Car Evaluation,1382,4,unacc,2,select_coverage,3.0,exact,531,1687,378.0,1331.0,253,894,unacc,30800
19,5,65,Car Evaluation,1382,4,unacc,2,select_coverage,4.0,exact,628,1972,426.0,1499.0,274,974,unacc,34852
19,5,65,Car Evaluation,1382,4,unacc,2,select_coverage_CBA_M1,,exact,152,559,131.0,509.0,100,390,unacc,11104
19,5,68,Car Evaluation,1382,4,unacc,1,select_coverage,1.0,DAC,219,736,,,179,654,acc,5612
19,5,68,Car Evaluation,1382,4,unacc,1,select_coverage,1.0,exact,219,736,179.0,654.0,133,487,unacc,14700
19,5,68,Car Evaluation,1382,4,unacc,1,select_coverage,2.0,DAC,416,1342,,,312,1114,unacc,10400
19,5,68,Car Evaluation,1382,4,unacc,1,select_coverage,2.0,exact,416,1342,306.0,1091.0,229,815,unacc,25264
19,5,68,Car Evaluation,1382,4,unacc,1,select_coverage,3.0,DAC,551,1748,,,399,1410,unacc,13644
19,5,68,Car Evaluation,1382,4,unacc,1,select_coverage,3.0,exact,551,1748,385.0,1358.0,269,953,unacc,31668
19,5,68,Car Evaluation,1382,4,unacc,1,select_coverage,4.0,DAC,657,2057,,,455,1603,unacc,16152
19,5,68,Car Evaluation,1382,4,unacc,1,select_coverage,4.0,exact,657,2057,436.0,1531.0,296,1044,unacc,36000
19,5,68,Car Evaluation,1382,4,unacc,1,select_coverage_CBA_M1,,DAC,154,567,,,132,513,unacc,4156
19,5,68,Car Evaluation,1382,4,unacc,1,select_coverage_CBA_M1,,exact,154,567,132.0,513.0,103,401,unacc,11236
19,5,68,Car Evaluation,1382,4,unacc,2,select_coverage,1.0,exact,220,740,179.0,654.0,133,487,unacc,14716
19,5,68,Car Evaluation,1382,4,unacc,2,select_coverage,2.0,exact,419,1354,308.0,1099.0,229,815,unacc,25424
19,5,68,Car Evaluation,1382,4,unacc,2,select_coverage,3.0,exact,556,1764,391.0,1377.0,272,963,unacc,32088
19,5,68,Car Evaluation,1382,4,unacc,2,select_coverage,4.0,exact,657,2058,436.0,1532.0,296,1044,unacc,36008
19,5,68,Car Evaluation,1382,4,unacc,2,select_coverage_CBA_M1,,exact,154,567,132.0,513.0,103,401,unacc,11236
19,5,74,Car Evaluation,1382,4,unacc,1,select_coverage,1.0,DAC,216,721,,,175,641,good,5516
19,5,74,Car Evaluation,1382,4,unacc,1,select_coverage,1.0,exact,216,721,174.0,637.0,130,472,unacc,14312
19,5,74,Car Evaluation,1382,4,unacc,1,select_coverage,2.0,DAC,425,1344,,,309,1091,unacc,10516
19,5,74,Car Evaluation,1382,4,unacc,1,select_coverage,2.0,exact,425,1344,304.0,1071.0,216,754,unacc,24868
19,5,74,Car Evaluation,1382,4,unacc,1,select_coverage,3.0,DAC,543,1720,,,388,1371,unacc,13436
19,5,74,Car Evaluation,1382,4,unacc,1,select_coverage,3.0,exact,543,1720,382.0,1347.0,265,933,unacc,31312
19,5,74,Car Evaluation,1382,4,unacc,1,select_coverage,4.0,DAC,652,2023,,,446,1555,unacc,15956
19,5,74,Car Evaluation,1382,4,unacc,1,select_coverage,4.0,exact,652,2023,437.0,1519.0,289,1006,unacc,35704
19,5,74,Car Evaluation,1382,4,unacc,1,select_coverage_CBA_M1,,DAC,148,543,,,131,507,unacc,3988
19,5,74,Car Evaluation,1382,4,unacc,1,select_coverage_CBA_M1,,exact,148,543,130.0,503.0,102,394,acc,10992
19,5,74,Car Evaluation,1382,4,unacc,2,select_coverage,1.0,exact,217,725,175.0,641.0,130,472,unacc,14384
19,5,74,Car Evaluation,1382,4,unacc,2,select_coverage,2.0,exact,425,1344,304.0,1071.0,215,750,unacc,24852
19,5,74,Car Evaluation,1382,4,unacc,2,select_coverage,3.0,exact,544,1724,383.0,1351.0,266,937,unacc,31400
19,5,74,Car Evaluation,1382,4,unacc,2,select_coverage,4.0,exact,658,2045,443.0,1541.0,289,1006,unacc,36120
19,5,74,Car Evaluation,1382,4,unacc,2,select_coverage_CBA_M1,,exact,148,543,130.0,503.0,102,394,acc,10992
19,5,76,Car Evaluation,1382,4,unacc,1,select_coverage,1.0,DAC,223,751,,,182,660,good,5720
19,5,76,Car Evaluation,1382,4,unacc,1,select_coverage,1.0,exact,223,751,181.0,656.0,137,495,unacc,14880
19,5,76,Car Evaluation,1382,4,unacc,1,select_coverage,2.0,DAC,420,1361,,,308,1103,unacc,10524
19,5,76,Car Evaluation,1382,4,unacc,1,select_coverage,2.0,exact,420,1361,306.0,1095.0,228,815,unacc,25356
19,5,76,Car Evaluation,1382,4,unacc,1,select_coverage,3.0,DAC,548,1753,,,391,1389,unacc,13628
19,5,76,Car Evaluation,1382,4,unacc,1,select_coverage,3.0,exact,548,1753,385.0,1365.0,275,976,unacc,31808
19,5,76,Car Evaluation,1382,4,unacc,1,select_coverage,4.0,DAC,669,2111,,,448,1586,unacc,16512
19,5,76,Car Evaluation,1382,4,unacc,1,select_coverage,4.0,exact,669,2111,439.0,1551.0,306,1085,unacc,36580
19,5,76,Car Evaluation,1382,4,unacc,1,select_coverage_CBA_M1,,DAC,158,584,,,136,528,unacc,4272
19,5,76,Car Evaluation,1382,4,unacc,1,select_coverage_CBA_M1,,exact,158,584,136.0,528.0,113,434,acc,11656
19,5,76,Car Evaluation,1382,4,unacc,2,select_coverage,1.0,exact,223,751,181.0,656.0,137,495,unacc,14880
19,5,76,Car Evaluation,1382,4,unacc,2,select_coverage,2.0,exact,423,1370,309.0,1104.0,228,815,unacc,25548
19,5,76,Car Evaluation,1382,4,unacc,2,select_coverage,3.0,exact,553,1772,387.0,1372.0,275,976,unacc,31992
19,5,76,Car Evaluation,1382,4,unacc,2,select_coverage,4.0,exact,673,2126,441.0,1558.0,306,1084,unacc,36744
19,5,76,Car Evaluation,1382,4,unacc,2,select_coverage_CBA_M1,,exact,129,474,112.0,438.0,92,355,acc,9580
19,5,100,Car Evaluation,1382,4,unacc,1,select_coverage,1.0,DAC,229,782,,,189,689,unacc,5916
19,5,100,Car Evaluation,1382,4,unacc,1,select_coverage,1.0,exact,229,782,185.0,673.0,146,525,unacc,15352
19,5,100,Car Evaluation,1382,4,unacc,1,select_coverage,2.0,DAC,412,1329,,,301,1067,unacc,10300
19,5,100,Car Evaluation,1382,4,unacc,1,select_coverage,2.0,exact,412,1329,294.0,1040.0,217,761,unacc,24312
19,5,100,Car Evaluation,1382,4,unacc,1,select_coverage,3.0,DAC,532,1694,,,371,1307,unacc,13200
19,5,100,Car Evaluation,1382,4,unacc,1,select_coverage,3.0,exact,532,1694,363.0,1276.0,253,887,unacc,29980
19,5,100,Car Evaluation,1382,4,unacc,1,select_coverage,4.0,DAC,648,2017,,,433,1505,unacc,15884
19,5,100,Car Evaluation,1382,4,unacc,1,select_coverage,4.0,exact,648,2017,423.0,1467.0,278,962,unacc,34736
19,5,100,Car Evaluation,1382,4,unacc,1,select_coverage_CBA_M1,,DAC,160,599,,,134,530,unacc,4356
19,5,100,Car Evaluation,1382,4,unacc,1,select_coverage_CBA_M1,,exact,160,599,130.0,514.0,101,402,unacc,11292
19,5,100,Car Evaluation,1382,4,unacc,2,select_coverage,1.0,exact,229,782,185.0,673.0,146,525,unacc,15352
19,5,100,Car Evaluation,1382,4,unacc,2,select_coverage,2.0,exact,412,1329,294.0,1040.0,216,758,unacc,24300
19,5,100,Car Evaluation,1382,4,unacc,2,select_coverage,3.0,exact,536,1711,368.0,1294.0,255,894,unacc,30348
19,5,100,Car Evaluation,1382,4,unacc,2,select_coverage,4.0,exact,656,2050,428.0,1488.0,280,971,unacc,35188
19,5,100,Car Evaluation,1382,4,unacc,2,select_coverage_CBA_M1,,exact,140,523,113.0,450.0,90,359,unacc,9880
19,5,114,Car Evaluation,1382,4,unacc,1,select_coverage,1.0,DAC,226,770,,,186,693,good,5832
19,5,114,Car Evaluation,1382,4,unacc,1,select_coverage,1.0,exact,226,770,184.0,685.0,135,503,unacc,15224
19,5,114,Car Evaluation,1382,4,unacc,1,select_coverage,2.0,DAC,448,1470,,,333,1213,good,11296
19,5,114,Car Evaluation,1382,4,unacc,1,select_coverage,2.0,exact,448,1470,326.0,1185.0,234,847,unacc,27080
19,5,114,Car Evaluation,1382,4,unacc,1,select_coverage,3.0,DAC,576,1853,,,420,1505,unacc,14364
19,5,114,Car Evaluation,1382,4,unacc,1,select_coverage,3.0,exact,576,1853,408.0,1459.0,279,996,unacc,33584
19,5,114,Car Evaluation,1382,4,unacc,1,select_coverage,4.0,DAC,684,2170,,,474,1688,unacc,16928
19,5,114,Car Evaluation,1382,4,unacc,1,select_coverage,4.0,exact,684,2170,458.0,1627.0,302,1074,unacc,37836
19,5,114,Car Evaluation,1382,4,unacc,1,select_coverage_CBA_M1,,DAC,162,606,,,138,549,unacc,4408
19,5,114,Car Evaluation,1382,4,unacc,1,select_coverage_CBA_M1,,exact,162,606,138.0,549.0,102,407,unacc,11800
19,5,114,Car Evaluation,1382,4,unacc,2,select_coverage,1.0,exact,226,770,184.0,685.0,135,503,unacc,15224
19,5,114,Car Evaluation,1382,4,unacc,2,select_coverage,2.0,exact,450,1477,328.0,1192.0,235,850,unacc,27228
19,5,114,Car Evaluation,1382,4,unacc,2,select_coverage,3.0,exact,576,1853,408.0,1459.0,279,996,unacc,33584
19,5,114,Car Evaluation,1382,4,unacc,2,select_coverage,4.0,exact,684,2171,458.0,1628.0,302,1074,unacc,37844
19,5,114,Car Evaluation,1382,4,unacc,2,select_coverage_CBA_M1,,exact,130,483,113.0,453.0,85,341,unacc,9660
19,5,133,Car Evaluation,1382,4,unacc,1,select_coverage,1.0,DAC,226,763,,,181,663,good,5804
19,5,133,Car Evaluation,1382,4,unacc,1,select_coverage,1.0,exact,226,763,180.0,659.0,143,522,good,15008
19,5,133,Car Evaluation,1382,4,unacc,1,select_coverage,2.0,DAC,429,1393,,,315,1128,unacc,10760
19,5,133,Car Evaluation,1382,4,unacc,1,select_coverage,2.0,exact,429,1393,312.0,1116.0,235,834,unacc,25884
19,5,133,Car Evaluation,1382,4,unacc,1,select_coverage,3.0,DAC,572,1817,,,405,1426,unacc,14172
19,5,133,Car Evaluation,1382,4,unacc,1,select_coverage,3.0,exact,572,1817,400.0,1407.0,285,1004,unacc,32944
19,5,133,Car Evaluation,1382,4,unacc,1,select_coverage,4.0,DAC,679,2133,,,455,1597,unacc,16720
19,5,133,Car Evaluation,1382,4,unacc,1,select_coverage,4.0,exact,679,2133,444.0,1557.0,311,1088,unacc,36904
19,5,133,Car Evaluation,1382,4,unacc,1,select_coverage_CBA_M1,,DAC,160,588,,,136,527,unacc,4312
19,5,133,Car Evaluation,1382,4,unacc,1,select_coverage_CBA_M1,,exact,160,588,135.0,523.0,112,433,unacc,11608
19,5,133,Car Evaluation,1382,4,unacc,2,select_coverage,1.0,exact,226,764,179.0,656.0,143,522,good,14960
19,5,133,Car Evaluation,1382,4,unacc,2,select_coverage,2.0,exact,429,1395,312.0,1118.0,235,835,unacc,25904
19,5,133,Car Evaluation,1382,4,unacc,2,select_coverage,3.0,exact,574,1826,402.0,1416.0,287,1012,unacc,33128
19,5,133,Car Evaluation,1382,4,unacc,2,select_coverage,4.0,exact,682,2146,447.0,1570.0,315,1105,unacc,37196
19,5,133,Car Evaluation,1382,4,unacc,2,select_coverage_CBA_M1,,exact,141,514,118.0,457.0,103,397,unacc,10224
19,5,138,Car Evaluation,1382,4,unacc,1,select_coverage,1.0,DAC,217,735,,,177,649,acc,5584
19,5,138,Car Evaluation,1382,4,unacc,1,select_coverage,1.0,exact,217,735,174.0,637.0,128,460,unacc,14320
19,5,138,Car Evaluation,1382,4,unacc,1,select_coverage,2.0,DAC,406,1322,,,300,1082,vgood,10200
19,5,138,Car Evaluation,1382,4,unacc,1,select_coverage,2.0,exact,406,1322,296.0,1066.0,211,745,unacc,24404
19,5,138,Car Evaluation,1382,4,unacc,1,select_coverage,3.0,DAC,553,1775,,,394,1414,unacc,13776
19,5,138,Car Evaluation,1382,4,unacc,1,select_coverage,3.0,exact,553,1775,382.0,1366.0,263,930,unacc,31596
19,5,138,Car Evaluation,1382,4,unacc,1,select_coverage,4.0,DAC,662,2083,,,450,1603,unacc,16316
19,5,138,Car Evaluation,1382,4,unacc,1,select_coverage,4.0,exact,662,2083,434.0,1541.0,287,1010,unacc,35928
19,5,138,Car Evaluation,1382,4,unacc,1,select_coverage_CBA_M1,,DAC,158,576,,,135,524,unacc,4240
19,5,138,Car Evaluation,1382,4,unacc,1,select_coverage_CBA_M1,,exact,158,576,132.0,512.0,104,399,unacc,11260
19,5,138,Car Evaluation,1382,4,unacc,2,select_coverage,1.0,exact,217,735,174.0,637.0,128,460,unacc,14320
19,5,138,Car Evaluation,1382,4,unacc,2,select_coverage,2.0,exact,408,1331,298.0,1075.0,212,749,unacc,24572
19,5,138,Car Evaluation,1382,4,unacc,2,select_coverage,3.0,exact,557,1792,386.0,1383.0,265,939,unacc,31928
19,5,138,Car Evaluation,1382,4,unacc,2,select_coverage,4.0,exact,670,2115,439.0,1561.0,290,1022,unacc,36384
19,5,138,Car Evaluation,1382,4,unacc,2,select_coverage_CBA_M1,,exact,158,576,132.0,512.0,104,399,unacc,11260
19,5,148,Car Evaluation,1382,4,unacc,1,select_coverage,1.0,DAC,218,732,,,179,658,unacc,5584
19,5,148,Car Evaluation,1382,4,unacc,1,select_coverage,1.0,exact,218,732,176.0,645.0,117,417,unacc,14248
19,5,148,Car Evaluation,1382,4,unacc,1,select_coverage,2.0,DAC,417,1328,,,318,1121,unacc,10356
19,5,148,Car Evaluation,1382,4,unacc,1,select_coverage,2.0,exact,417,1328,311.0,1093.0,205,702,unacc,24964
19,5,148,Car Evaluation,1382,4,unacc,1,select_coverage,3.0,DAC,542,1719,,,400,1409,unacc,13420
19,5,148,Car Evaluation,1382,4,unacc,1,select_coverage,3.0,exact,542,1719,386.0,1355.0,252,866,unacc,31232
19,5,148,Car Evaluation,1382,4,unacc,1,select_coverage,4.0,DAC,663,2071,,,462,1614,unacc,16280
19,5,148,Car Evaluation,1382,4,unacc,1,select_coverage,4.0,exact,663,2071,444.0,1544.0,269,917,unacc,35920
19,5,148,Car Evaluation,1382,4,unacc,1,select_coverage_CBA_M1,,DAC,151,556,,,134,518,unacc,4076
19,5,148,Car Evaluation,1382,4,unacc,1,select_coverage_CBA_M1,,exact,151,556,131.0,505.0,96,362,acc,10964
19,5,148,Car Evaluation,1382,4,unacc,2,select_coverage,1.0,exact,219,736,177.0,649.0,117,417,unacc,14320
19,5,148,Car Evaluation,1382,4,unacc,2,select_coverage,2.0,exact,417,1330,312.0,1098.0,204,699,unacc,25020
19,5,148,Car Evaluation,1382,4,unacc,2,select_coverage,3.0,exact,544,1727,388.0,1363.0,253,870,unacc,31392
19,5,148,Car Evaluation,1382,4,unacc,2,select_coverage,4.0,exact,664,2075,446.0,1552.0,270,921,unacc,36064
19,5,148,Car Evaluation,1382,4,unacc,2,select_coverage_CBA_M1,,exact,151,556,131.0,505.0,96,362,acc,10964
19,6,5,Car Evaluation,1382,4,unacc,1,select_coverage,1.0,DAC,220,704,,,173,607,vgood,5504
19,6,5,Car Evaluation,1382,4,unacc,1,select_coverage,1.0,exact,220,704,170.0,595.0,130,450,acc,13828
19,6,5,Car Evaluation,1382,4,unacc,1,select_coverage,2.0,DAC,437,1339,,,310,1068,unacc,10648
19,6,5,Car Evaluation,1382,4,unacc,1,select_coverage,2.0,exact,437,1339,300.0,1030.0,226,771,unacc,24592
19,6,5,Car Evaluation,1382,4,unacc,1,select_coverage,3.0,DAC,563,1714,,,376,1297,unacc,13660
19,6,5,Car Evaluation,1382,4,unacc,1,select_coverage,3.0,exact,563,1714,365.0,1255.0,267,918,unacc,30180
19,6,5,Car Evaluation,1382,4,unacc,1,select_coverage,4.0,DAC,672,2025,,,436,1489,unacc,16212
19,6,5,Car Evaluation,1382,4,unacc,1,select_coverage,4.0,exact,672,2025,421.0,1434.0,287,986,unacc,34652
19,6,5,Car Evaluation,1382,4,unacc,1,select_coverage_CBA_M1,,DAC,158,553,,,135,499,unacc,4156
19,6,5,Car Evaluation,1382,4,unacc,1,select_coverage_CBA_M1,,exact,158,553,134.0,495.0,101,372,acc,11072
19,6,5,Car Evaluation,1382,4,unacc,2,select_coverage,1.0,exact,220,704,170.0,595.0,130,450,acc,13828
19,6,5,Car Evaluation,1382,4,unacc,2,select_coverage,2.0,exact,436,1335,299.0,1026.0,225,767,unacc,24504
19,6,5,Car Evaluation,1382,4,unacc,2,select_coverage,3.0,exact,565,1722,366.0,1259.0,268,922,unacc,30284
19,6,5,Car Evaluation,1382,4,unacc,2,select_coverage,4.0,exact,676,2040,423.0,1442.0,287,986,unacc,34824
19,6,5,Car Evaluation,1382,4,unacc,2,select_coverage_CBA_M1,,exact,147,516,124.0,462.0,95,352,acc,10312
19,6,14,Car Evaluation,1382,4,unacc,1,select_coverage,1.0,DAC,225,735,,,181,645,unacc,5688
19,6,14,Car Evaluation,1382,4,unacc,1,select_coverage,1.0,exact,225,735,180.0,641.0,131,463,unacc,14588
19,6,14,Car Evaluation,1382,4,unacc,1,select_coverage,2.0,DAC,436,1353,,,313,1078,unacc,10692
19,6,14,Car Evaluation,1382,4,unacc,1,select_coverage,2.0,exact,436,1353,305.0,1047.0,211,716,unacc,24696
19,6,14,Car Evaluation,1382,4,unacc,1,select_coverage,3.0,DAC,572,1748,,,388,1330,unacc,13904
19,6,14,Car Evaluation,1382,4,unacc,1,select_coverage,3.0,exact,572,1748,373.0,1272.0,244,829,unacc,30348
19,6,14,Car Evaluation,1382,4,unacc,1,select_coverage,4.0,DAC,675,2053,,,448,1530,unacc,16360
19,6,14,Car Evaluation,1382,4,unacc,1,select_coverage,4.0,exact,675,2053,427.0,1453.0,266,908,unacc,34768
19,6,14,Car Evaluation,1382,4,unacc,1,select_coverage_CBA_M1,,DAC,147,523,,,129,488,unacc,3904
19,6,14,Car Evaluation,1382,4,unacc,1,select_coverage_CBA_M1,,exact,147,523,128.0,484.0,97,365,unacc,10640
19,6,14,Car Evaluation,1382,4,unacc,2,select_coverage,1.0,exact,226,739,181.0,645.0,132,467,unacc,14676
19,6,14,Car Evaluation,1382,4,unacc,2,select_coverage,2.0,exact,438,1359,308.0,1056.0,213,721,unacc,24896
19,6,14,Car Evaluation,1382,4,unacc,2,select_coverage,3.0,exact,573,1756,376.0,1286.0,245,834,unacc,30576
19,6,14,Car Evaluation,1382,4,unacc,2,select_coverage,4.0,exact,677,2062,430.0,1465.0,267,912,unacc,34988
19,6,14,Car Evaluation,1382,4,unacc,2,select_coverage_CBA_M1,,exact,147,523,128.0,484.0,97,365,unacc,10640
19,6,17,Car Evaluation,1382,4,unacc,1,select_coverage,1.0,DAC,238,779,,,196,692,unacc,6020
19,6,17,Car Evaluation,1382,4,unacc,1,select_coverage,1.0,exact,238,779,193.0,681.0,129,454,unacc,15408
19,6,17,Car Evaluation,1382,4,unacc,1,select_coverage,2.0,DAC,443,1371,,,317,1086,unacc,10848
19,6,17,Car Evaluation,1382,4,unacc,1,select_coverage,2.0,exact,443,1371,313.0,1071.0,202,689,unacc,25076
19,6,17,Car Evaluation,1382,4,unacc,1,select_coverage,3.0,DAC,568,1748,,,389,1331,unacc,13856
19,6,17,Car Evaluation,1382,4,unacc,1,select_coverage,3.0,exact,568,1748,382.0,1306.0,236,807,unacc,30756
19,6,17,Car Evaluation,1382,4,unacc,1,select_coverage,4.0,DAC,655,1988,,,427,1451,unacc,15860
19,6,17,Car Evaluation,1382,4,unacc,1,select_coverage,4.0,exact,655,1988,417.0,1416.0,250,849,unacc,33724
19,6,17,Car Evaluation,1382,4,unacc,1,select_coverage_CBA_M1,,DAC,167,605,,,146,556,unacc,4472
19,6,17,Car Evaluation,1382,4,unacc,1,select_coverage_CBA_M1,,exact,167,605,144.0,548.0,102,388,unacc,11956
19,6,17,Car Evaluation,1382,4,unacc,2,select_coverage,1.0,exact,240,787,196.0,692.0,131,462,unacc,15636
19,6,17,Car Evaluation,1382,4,unacc,2,select_coverage,2.0,exact,444,1374,313.0,1071.0,202,689,unacc,25088
19,6,17,Car Evaluation,1382,4,unacc,2,select_coverage,3.0,exact,574,1771,387.0,1324.0,237,811,unacc,31136
19,6,17,Car Evaluation,1382,4,unacc,2,select_coverage,4.0,exact,664,2022,423.0,1438.0,254,864,unacc,34248
19,6,17,Car Evaluation,1382,4,unacc,2,select_coverage_CBA_M1,,exact,167,605,144.0,548.0,102,388,unacc,11956
19,6,19,Car Evaluation,1382,4,unacc,1,select_coverage,1.0,DAC,241,777,,,204,713,unacc,6048
19,6,19,Car Evaluation,1382,4,unacc,1,select_coverage,1.0,exact,241,777,203.0,710.0,142,490,unacc,16060
19,6,19,Car Evaluation,1382,4,unacc,1,select_coverage,2.0,DAC,452,1383,,,316,1080,unacc,11004
19,6,19,Car Evaluation,1382,4,unacc,1,select_coverage,2.0,exact,452,1383,310.0,1059.0,213,721,unacc,25084
19,6,19,Car Evaluation,1382,4,unacc,1,select_coverage,3.0,DAC,578,1766,,,396,1344,unacc,14048
19,6,19,Car Evaluation,1382,4,unacc,1,select_coverage,3.0,exact,578,1766,381.0,1291.0,251,847,unacc,30888
19,6,19,Car Evaluation,1382,4,unacc,1,select_coverage,4.0,DAC,675,2043,,,445,1498,unacc,16320
19,6,19,Car Evaluation,1382,4,unacc,1,select_coverage,4.0,exact,675,2043,426.0,1432.0,263,886,unacc,34516
19,6,19,Car Evaluation,1382,4,unacc,1,select_coverage_CBA_M1,,DAC,161,576,,,146,547,unacc,4284
19,6,19,Car Evaluation,1382,4,unacc,1,select_coverage_CBA_M1,,exact,161,576,146.0,547.0,97,365,acc,11824
19,6,19,Car Evaluation,1382,4,unacc,2,select_coverage,1.0,exact,243,784,204.0,714.0,142,490,unacc,16144
19,6,19,Car Evaluation,1382,4,unacc,2,select_coverage,2.0,exact,455,1396,313.0,1071.0,214,724,unacc,25316
19,6,19,Car Evaluation,1382,4,unacc,2,select_coverage,3.0,exact,581,1778,382.0,1295.0,251,847,unacc,30992
19,6,19,Car Evaluation,1382,4,unacc,2,select_coverage,4.0,exact,676,2048,428.0,1440.0,264,890,unacc,34664
19,6,19,Car Evaluation,1382,4,unacc,2,select_coverage_CBA_M1,,exact,148,532,134.0,507.0,89,338,acc,10900
19,6,29,Car Evaluation,1382,4,unacc,1,select_coverage,1.0,DAC,232,753,,,191,666,unacc,5844
19,6,29,Car Evaluation,1382,4,unacc,1,select_coverage,1.0,exact,232,753,190.0,662.0,122,415,unacc,14952
19,6,29,Car Evaluation,1382,4,unacc,1,select_coverage,2.0,DAC,433,1338,,,316,1080,unacc,10596
19,6,29,Car Evaluation,1382,4,unacc,1,select_coverage,2.0,exact,433,1338,314.0,1072.0,205,685,unacc,24972
19,6,29,Car Evaluation,1382,4,unacc,1,select_coverage,3.0,DAC,549,1677,,,387,1310,unacc,13344
19,6,29,Car Evaluation,1382,4,unacc,1,select_coverage,3.0,exact,549,1677,383.0,1294.0,234,782,unacc,30364
19,6,29,Car Evaluation,1382,4,unacc,1,select_coverage,4.0,DAC,648,1964,,,435,1469,unacc,15680
19,6,29,Car Evaluation,1382,4,unacc,1,select_coverage,4.0,exact,648,1964,425.0,1431.0,253,846,unacc,33996
19,6,29,Car Evaluation,1382,4,unacc,1,select_coverage_CBA_M1,,DAC,166,594,,,147,549,unacc,4416
19,6,29,Car Evaluation,1382,4,unacc,1,select_coverage_CBA_M1,,exact,166,594,146.0,545.0,93,345,acc,11808
19,6,29,Car Evaluation,1382,4,unacc,2,select_coverage,1.0,exact,232,753,190.0,662.0,122,415,unacc,14952
19,6,29,Car Evaluation,1382,4,unacc,2,select_coverage,2.0,exact,432,1335,313.0,1069.0,204,682,unacc,24896
19,6,29,Car Evaluation,1382,4,unacc,2,select_coverage,3.0,exact,552,1689,384.0,1299.0,234,782,unacc,30472
19,6,29,Car Evaluation,1382,4,unacc,2,select_coverage,4.0,exact,653,1983,428.0,1441.0,254,850,unacc,34248
19,6,29,Car Evaluation,1382,4,unacc,2,select_coverage_CBA_M1,,exact,166,594,146.0,545.0,93,345,acc,11808
19,6,31,Car Evaluation,1382,4,unacc,1,select_coverage,1.0,DAC,224,731,,,185,663,unacc,5660
19,6,31,Car Evaluation,1382,4,unacc,1,select_coverage,1.0,exact,224,731,180.0,643.0,139,492,unacc,14696
19,6,31,Car Evaluation,1382,4,unacc,1,select_coverage,2.0,DAC,430,1339,,,311,1087,unacc,10564
19,6,31,Car Evaluation,1382,4,unacc,1,select_coverage,2.0,exact,430,1339,301.0,1048.0,227,783,unacc,24752
19,6,31,Car Evaluation,1382,4,unacc,1,select_coverage,3.0,DAC,561,1733,,,382,1325,unacc,13712
19,6,31,Car Evaluation,1382,4,unacc,1,select_coverage,3.0,exact,561,1733,364.0,1255.0,257,887,unacc,30092
19,6,31,Car Evaluation,1382,4,unacc,1,select_coverage,4.0,DAC,654,1989,,,425,1465,unacc,15852
19,6,31,Car Evaluation,1382,4,unacc,1,select_coverage,4.0,exact,654,1989,401.0,1374.0,273,942,unacc,33292
19,6,31,Car Evaluation,1382,4,unacc,1,select_coverage_CBA_M1,,DAC,165,589,,,146,550,unacc,4384
19,6,31,Car Evaluation,1382,4,unacc,1,select_coverage_CBA_M1,,exact,165,589,142.0,534.0,111,416,unacc,11868
19,6,31,Car Evaluation,1382,4,unacc,2,select_coverage,1.0,exact,225,735,181.0,647.0,140,496,unacc,14784
19,6,31,Car Evaluation,1382,4,unacc,2,select_coverage,2.0,exact,429,1335,301.0,1048.0,227,783,unacc,24736
19,6,31,Car Evaluation,1382,4,unacc,2,select_coverage,3.0,exact,560,1729,363.0,1251.0,257,887,unacc,30020
19,6,31,Car Evaluation,1382,4,unacc,2,select_coverage,4.0,exact,659,2010,405.0,1390.0,276,955,unacc,33652
19,6,31,Car Evaluation,1382,4,unacc,2,select_coverage_CBA_M1,,exact,165,589,142.0,534.0,111,416,unacc,11868
19,6,34,Car Evaluation,1382,4,unacc,1,select_coverage,1.0,DAC,231,748,,,196,683,good,5812
19,6,34,Car Evaluation,1382,4,unacc,1,select_coverage,1.0,exact,231,748,195.0,679.0,127,436,unacc,15284
19,6,34,Car Evaluation,1382,4,unacc,1,select_coverage,2.0,DAC,454,1390,,,328,1121,unacc,11056
19,6,34,Car Evaluation,1382,4,unacc,1,select_coverage,2.0,exact,454,1390,322.0,1098.0,216,727,unacc,25772
19,6,34,Car Evaluation,1382,4,unacc,1,select_coverage,3.0,DAC,601,1831,,,420,1425,unacc,14584
19,6,34,Car Evaluation,1382,4,unacc,1,select_coverage,3.0,exact,601,1831,409.0,1388.0,264,899,unacc,32864
19,6,34,Car Evaluation,1382,4,unacc,1,select_coverage,4.0,DAC,694,2103,,,465,1574,unacc,16788
19,6,34,Car Evaluation,1382,4,unacc,1,select_coverage,4.0,exact,694,2103,450.0,1523.0,280,956,unacc,36360
19,6,34,Car Evaluation,1382,4,unacc,1,select_coverage_CBA_M1,,DAC,160,563,,,144,532,unacc,4220
19,6,34,Car Evaluation,1382,4,unacc,1,select_coverage_CBA_M1,,exact,160,563,143.0,528.0,95,348,acc,11508
19,6,34,Car Evaluation,1382,4,unacc,2,select_coverage,1.0,exact,231,748,195.0,679.0,127,436,unacc,15284
19,6,34,Car Evaluation,1382,4,unacc,2,select_coverage,2.0,exact,454,1390,322.0,1098.0,216,727,unacc,25772
19,6,34,Car Evaluation,1382,4,unacc,2,select_coverage,3.0,exact,602,1835,410.0,1392.0,265,903,unacc,32952
19,6,34,Car Evaluation,1382,4,unacc,2,select_coverage,4.0,exact,696,2111,450.0,1523.0,280,956,unacc,36392
19,6,34,Car Evaluation,1382,4,unacc,2,select_coverage_CBA_M1,,exact,146,512,130.0,480.0,90,328,acc,10512
19,6,42,Car Evaluation,1382,4,unacc,1,select_coverage,1.0,DAC,214,685,,,177,616,acc,5356
19,6,42,Car Evaluation,1382,4,unacc,1,select_coverage,1.0,exact,214,685,177.0,616.0,124,428,unacc,14028
19,6,42,Car Evaluation,1382,4,unacc,1,select_coverage,2.0,DAC,424,1279,,,301,1023,unacc,10252
19,6,42,Car Evaluation,1382,4,unacc,1,select_coverage,2.0,exact,424,1279,297.0,1009.0,200,673,unacc,23756
19,6,42,Car Evaluation,1382,4,unacc,1,select_coverage,3.0,DAC,535,1629,,,372,1274,unacc,12984
19,6,42,Car Evaluation,1382,4,unacc,1,select_coverage,3.0,exact,535,1629,366.0,1252.0,240,817,unacc,29464
19,6,42,Car Evaluation,1382,4,unacc,1,select_coverage,4.0,DAC,627,1894,,,420,1433,unacc,15148
19,6,42,Car Evaluation,1382,4,unacc,1,select_coverage,4.0,exact,627,1894,410.0,1396.0,254,862,unacc,33040
19,6,42,Car Evaluation,1382,4,unacc,1,select_coverage_CBA_M1,,DAC,140,493,,,121,455,unacc,3700
19,6,42,Car Evaluation,1382,4,unacc,1,select_coverage_CBA_M1,,exact,140,493,121.0,455.0,90,337,unacc,10012
19,6,42,Car Evaluation,1382,4,unacc,2,select_coverage,1.0,exact,215,689,178.0,620.0,124,428,unacc,14100
19,6,42,Car Evaluation,1382,4,unacc,2,select_coverage,2.0,exact,427,1290,300.0,1020.0,200,673,unacc,23964
19,6,42,Car Evaluation,1382,4,unacc,2,select_coverage,3.0,exact,537,1637,368.0,1260.0,240,817,unacc,29608
19,6,42,Car Evaluation,1382,4,unacc,2,select_coverage,4.0,exact,629,1902,411.0,1400.0,254,862,unacc,33128
19,6,42,Car Evaluation,1382,4,unacc,2,select_coverage_CBA_M1,,exact,140,493,121.0,455.0,90,337,unacc,10012
19,6,49,Car Evaluation,1382,4,unacc,1,select_coverage,1.0,DAC,229,746,,,191,670,good,5780
19,6,49,Car Evaluation,1382,4,unacc,1,select_coverage,1.0,exact,229,746,187.0,654.0,129,453,unacc,14924
19,6,49,Car Evaluation,1382,4,unacc,1,select_coverage,2.0,DAC,433,1348,,,316,1081,unacc,10636
19,6,49,Car Evaluation,1382,4,unacc,1,select_coverage,2.0,exact,433,1348,308.0,1051.0,219,746,unacc,24932
19,6,49,Car Evaluation,1382,4,unacc,1,select_coverage,3.0,DAC,562,1727,,,382,1306,unacc,13700
19,6,49,Car Evaluation,1382,4,unacc,1,select_coverage,3.0,exact,562,1727,370.0,1261.0,251,855,unacc,30204
19,6,49,Car Evaluation,1382,4,unacc,1,select_coverage,4.0,DAC,679,2053,,,439,1489,unacc,16408
19,6,49,Car Evaluation,1382,4,unacc,1,select_coverage,4.0,exact,679,2053,423.0,1429.0,274,934,unacc,34616
19,6,49,Car Evaluation,1382,4,unacc,1,select_coverage_CBA_M1,,DAC,164,571,,,143,525,unacc,4300
19,6,49,Car Evaluation,1382,4,unacc,1,select_coverage_CBA_M1,,exact,164,571,141.0,517.0,102,375,acc,11524
19,6,49,Car Evaluation,1382,4,unacc,2,select_coverage,1.0,exact,228,743,186.0,651.0,128,450,unacc,14848
19,6,49,Car Evaluation,1382,4,unacc,2,select_coverage,2.0,exact,433,1349,308.0,1051.0,219,746,unacc,24936
19,6,49,Car Evaluation,1382,4,unacc,2,select_coverage,3.0,exact,563,1732,371.0,1265.0,251,855,unacc,30280
19,6,49,Car Evaluation,1382,4,unacc,2,select_coverage,4.0,exact,682,2064,425.0,1436.0,274,934,unacc,34768
19,6,49,Car Evaluation,1382,4,unacc,2,select_coverage_CBA_M1,,exact,145,497,123.0,447.0,88,320,acc,10008
19,6,63,Car Evaluation,1382,4,unacc,1,select_coverage,1.0,DAC,219,721,,,179,639,good,5560
19,6,63,Car Evaluation,1382,4,unacc,1,select_coverage,1.0,exact,219,721,176.0,627.0,135,476,unacc,14368
19,6,63,Car Evaluation,1382,4,unacc,1,select_coverage,2.0,DAC,428,1319,,,299,1037,unacc,10460
19,6,63,Car Evaluation,1382,4,unacc,1,select_coverage,2.0,exact,428,1319,292.0,1011.0,212,730,unacc,23952
19,6,63,Car Evaluation,1382,4,unacc,1,select_coverage,3.0,DAC,546,1664,,,362,1253,unacc,13256
19,6,63,Car Evaluation,1382,4,unacc,1,select_coverage,3.0,exact,546,1664,354.0,1224.0,242,835,unacc,29084
19,6,63,Car Evaluation,1382,4,unacc,1,select_coverage,4.0,DAC,639,1937,,,412,1418,unacc,15464
19,6,63,Car Evaluation,1382,4,unacc,1,select_coverage,4.0,exact,639,1937,400.0,1373.0,256,878,unacc,32784
19,6,63,Car Evaluation,1382,4,unacc,1,select_coverage_CBA_M1,,DAC,157,563,,,138,522,unacc,4184
19,6,63,Car Evaluation,1382,4,unacc,1,select_coverage_CBA_M1,,exact,157,563,136.0,514.0,106,402,acc,11388
19,6,63,Car Evaluation,1382,4,unacc,2,select_coverage,1.0,exact,219,721,176.0,627.0,135,476,unacc,14368
19,6,63,Car Evaluation,1382,4,unacc,2,select_coverage,2.0,exact,431,1330,295.0,1022.0,212,730,unacc,24160
19,6,63,Car Evaluation,1382,4,unacc,2,select_coverage,3.0,exact,552,1688,360.0,1248.0,242,834,unacc,29512
19,6,63,Car Evaluation,1382,4,unacc,2,select_coverage,4.0,exact,644,1956,404.0,1388.0,259,889,unacc,33124
19,6,63,Car Evaluation,1382,4,unacc,2,select_coverage_CBA_M1,,exact,157,563,136.0,514.0,106,402,acc,11388
19,6,64,Car Evaluation,1382,4,unacc,1,select_coverage,1.0,DAC,221,732,,,188,674,acc,5628
19,6,64,Car Evaluation,1382,4,unacc,1,select_coverage,1.0,exact,221,732,187.0,670.0,141,512,unacc,15168
19,6,64,Car Evaluation,1382,4,unacc,1,select_coverage,2.0,DAC,447,1391,,,323,1129,unacc,10976
19,6,64,Car Evaluation,1382,4,unacc,1,select_coverage,2.0,exact,447,1391,318.0,1111.0,231,806,unacc,25984
19,6,64,Car Evaluation,1382,4,unacc,1,select_coverage,3.0,DAC,582,1800,,,406,1415,unacc,14232
19,6,64,Car Evaluation,1382,4,unacc,1,select_coverage,3.0,exact,582,1800,398.0,1387.0,267,936,unacc,32444
19,6,64,Car Evaluation,1382,4,unacc,1,select_coverage,4.0,DAC,688,2097,,,464,1600,unacc,16692
19,6,64,Car Evaluation,1382,4,unacc,1,select_coverage,4.0,exact,688,2097,451.0,1556.0,285,999,unacc,36680
19,6,64,Car Evaluation,1382,4,unacc,1,select_coverage_CBA_M1,,DAC,161,584,,,143,549,unacc,4316
19,6,64,Car Evaluation,1382,4,unacc,1,select_coverage_CBA_M1,,exact,161,584,142.0,545.0,112,432,unacc,11956
19,6,64,Car Evaluation,1382,4,unacc,2,select_coverage,1.0,exact,222,736,188.0,674.0,141,512,unacc,15240
19,6,64,Car Evaluation,1382,4,unacc,2,select_coverage,2.0,exact,447,1391,318.0,1111.0,231,806,unacc,25984
19,6,64,Car Evaluation,1382,4,unacc,2,select_coverage,3.0,exact,583,1803,399.0,1391.0,267,936,unacc,32512
19,6,64,Car Evaluation,1382,4,unacc,2,select_coverage,4.0,exact,687,2098,452.0,1563.0,286,1003,unacc,36768
19,6,64,Car Evaluation,1382,4,unacc,2,select_coverage_CBA_M1,,exact,161,584,142.0,545.0,112,432,unacc,11956
19,6,65,Car Evaluation,1382,4,unacc,1,select_coverage,1.0,DAC,226,740,,,185,666,unacc,5720
19,6,65,Car Evaluation,1382,4,unacc,1,select_coverage,1.0,exact,226,740,184.0,662.0,122,436,unacc,14744
19,6,65,Car Evaluation,1382,4,unacc,1,select_coverage,2.0,DAC,442,1373,,,316,1104,unacc,10844
19,6,65,Car Evaluation,1382,4,unacc,1,select_coverage,2.0,exact,442,1373,311.0,1087.0,203,704,unacc,25128
19,6,65,Car Evaluation,1382,4,unacc,1,select_coverage,3.0,DAC,555,1734,,,392,1376,unacc,13644
19,6,65,Car Evaluation,1382,4,unacc,1,select_coverage,3.0,exact,555,1734,387.0,1359.0,244,860,unacc,31324
19,6,65,Car Evaluation,1382,4,unacc,1,select_coverage,4.0,DAC,667,2039,,,444,1542,unacc,16208
19,6,65,Car Evaluation,1382,4,unacc,1,select_coverage,4.0,exact,667,2039,433.0,1504.0,264,925,unacc,35224
19,6,65,Car Evaluation,1382,4,unacc,1,select_coverage_CBA_M1,,DAC,170,608,,,150,568,unacc,4520
19,6,65,Car Evaluation,1382,4,unacc,1,select_coverage_CBA_M1,,exact,170,608,150.0,568.0,99,377,unacc,12244
19,6,65,Car Evaluation,1382,4,unacc,2,select_coverage,1.0,exact,227,744,185.0,666.0,122,436,unacc,14816
19,6,65,Car Evaluation,1382,4,unacc,2,select_coverage,2.0,exact,443,1377,312.0,1091.0,203,704,unacc,25200
19,6,65,Car Evaluation,1382,4,unacc,2,select_coverage,3.0,exact,558,1745,389.0,1366.0,245,863,unacc,31488
19,6,65,Car Evaluation,1382,4,unacc,2,select_coverage,4.0,exact,673,2062,437.0,1519.0,266,933,unacc,35568
19,6,65,Car Evaluation,1382,4,unacc,2,select_coverage_CBA_M1,,exact,159,566,140.0,530.0,92,350,unacc,11416
19,6,68,Car Evaluation,1382,4,unacc,1,select_coverage,1.0,DAC,226,735,,,183,660,unacc,5700
19,6,68,Car Evaluation,1382,4,unacc,1,select_coverage,1.0,exact,226,735,183.0,660.0,131,480,unacc,14852
19,6,68,Car Evaluation,1382,4,unacc,1,select_coverage,2.0,DAC,430,1324,,,318,1094,unacc,10504
19,6,68,Car Evaluation,1382,4,unacc,1,select_coverage,2.0,exact,430,1324,315.0,1084.0,217,753,unacc,25276
19,6,68,Car Evaluation,1382,4,unacc,1,select_coverage,3.0,DAC,537,1636,,,373,1277,unacc,13036
19,6,68,Car Evaluation,1382,4,unacc,1,select_coverage,3.0,exact,537,1636,364.0,1246.0,243,837,unacc,29468
19,6,68,Car Evaluation,1382,4,unacc,1,select_coverage,4.0,DAC,631,1908,,,422,1442,unacc,15252
19,6,68,Car Evaluation,1382,4,unacc,1,select_coverage,4.0,exact,631,1908,408.0,1394.0,261,903,unacc,33172
19,6,68,Car Evaluation,1382,4,unacc,1,select_coverage_CBA_M1,,DAC,145,531,,,133,513,unacc,3912
19,6,68,Car Evaluation,1382,4,unacc,1,select_coverage_CBA_M1,,exact,145,531,133.0,513.0,99,391,acc,11092
19,6,68,Car Evaluation,1382,4,unacc,2,select_coverage,1.0,exact,227,740,184.0,665.0,133,488,unacc,14964
19,6,68,Car Evaluation,1382,4,unacc,2,select_coverage,2.0,exact,434,1340,317.0,1092.0,215,747,unacc,25428
19,6,68,Car Evaluation,1382,4,unacc,2,select_coverage,3.0,exact,542,1654,366.0,1253.0,244,840,unacc,29660
19,6,68,Car Evaluation,1382,4,unacc,2,select_coverage,4.0,exact,640,1941,413.0,1412.0,264,914,unacc,33620
19,6,68,Car Evaluation,1382,4,unacc,2,select_coverage_CBA_M1,,exact,145,531,133.0,513.0,99,391,acc,11092
19,6,74,Car Evaluation,1382,4,unacc,1,select_coverage,1.0,DAC,209,656,,,169,585,unacc,5180
19,6,74,Car Evaluation,1382,4,unacc,1,select_coverage,1.0,exact,209,656,167.0,577.0,112,384,unacc,13180
19,6,74,Car Evaluation,1382,4,unacc,1,select_coverage,2.0,DAC,410,1240,,,293,998,unacc,9928
19,6,74,Car Evaluation,1382,4,unacc,1,select_coverage,2.0,exact,410,1240,289.0,983.0,194,652,unacc,23092
19,6,74,Car Evaluation,1382,4,unacc,1,select_coverage,3.0,DAC,532,1607,,,370,1256,unacc,12860
19,6,74,Car Evaluation,1382,4,unacc,1,select_coverage,3.0,exact,532,1607,365.0,1237.0,237,797,unacc,29196
19,6,74,Car Evaluation,1382,4,unacc,1,select_coverage,4.0,DAC,637,1905,,,423,1436,unacc,15312
19,6,74,Car Evaluation,1382,4,unacc,1,select_coverage,4.0,exact,637,1905,416.0,1409.0,256,865,unacc,33388
19,6,74,Car Evaluation,1382,4,unacc,1,select_coverage_CBA_M1,,DAC,137,481,,,123,460,unacc,3616
19,6,74,Car Evaluation,1382,4,unacc,1,select_coverage_CBA_M1,,exact,137,481,123.0,460.0,88,327,acc,10024
19,6,74,Car Evaluation,1382,4,unacc,2,select_coverage,1.0,exact,209,656,167.0,577.0,112,384,unacc,13180
19,6,74,Car Evaluation,1382,4,unacc,2,select_coverage,2.0,exact,411,1244,290.0,987.0,194,652,unacc,23164
19,6,74,Car Evaluation,1382,4,unacc,2,select_coverage,3.0,exact,533,1613,365.0,1239.0,237,797,unacc,29228
19,6,74,Car Evaluation,1382,4,unacc,2,select_coverage,4.0,exact,635,1900,416.0,1410.0,255,862,unacc,33360
19,6,74,Car Evaluation,1382,4,unacc,2,select_coverage_CBA_M1,,exact,128,446,114.0,425.0,80,295,acc,9256
19,6,76,Car Evaluation,1382,4,unacc,1,select_coverage,1.0,DAC,233,761,,,190,660,unacc,5888
19,6,76,Car Evaluation,1382,4,unacc,1,select_coverage,1.0,exact,233,761,187.0,648.0,133,455,unacc,14968
19,6,76,Car Evaluation,1382,4,unacc,1,select_coverage,2.0,DAC,436,1358,,,311,1071,unacc,10712
19,6,76,Car Evaluation,1382,4,unacc,1,select_coverage,2.0,exact,436,1358,305.0,1047.0,213,728,unacc,24764
19,6,76,Car Evaluation,1382,4,unacc,1,select_coverage,3.0,DAC,561,1714,,,379,1288,unacc,13636
19,6,76,Car Evaluation,1382,4,unacc,1,select_coverage,3.0,exact,561,1714,372.0,1261.0,245,828,unacc,30124
19,6,76,Car Evaluation,1382,4,unacc,1,select_coverage,4.0,DAC,657,1986,,,419,1424,unacc,15876
19,6,76,Car Evaluation,1382,4,unacc,1,select_coverage,4.0,exact,657,1986,409.0,1387.0,257,872,unacc,33372
19,6,76,Car Evaluation,1382,4,unacc,1,select_coverage_CBA_M1,,DAC,160,564,,,138,509,unacc,4224
19,6,76,Car Evaluation,1382,4,unacc,1,select_coverage_CBA_M1,,exact,160,564,136.0,501.0,98,356,acc,11156
19,6,76,Car Evaluation,1382,4,unacc,2,select_coverage,1.0,exact,233,761,187.0,648.0,133,455,unacc,14968
19,6,76,Car Evaluation,1382,4,unacc,2,select_coverage,2.0,exact,438,1365,306.0,1050.0,213,728,unacc,24844
19,6,76,Car Evaluation,1382,4,unacc,2,select_coverage,3.0,exact,563,1722,374.0,1269.0,246,832,unacc,30284
19,6,76,Car Evaluation,1382,4,unacc,2,select_coverage,4.0,exact,662,2006,415.0,1410.0,258,875,unacc,33796
19,6,76,Car Evaluation,1382,4,unacc,2,select_coverage_CBA_M1,,exact,147,514,128.0,471.0,94,340,acc,10452
19,6,100,Car Evaluation,1382,4,unacc,1,select_coverage,1.0,DAC,236,787,,,187,681,good,6028
19,6,100,Car Evaluation,1382,4,unacc,1,select_coverage,1.0,exact,236,787,186.0,677.0,126,454,unacc,15144
19,6,100,Car Evaluation,1382,4,unacc,1,select_coverage,2.0,DAC,439,1354,,,310,1074,unacc,10732
19,6,100,Car Evaluation,1382,4,unacc,1,select_coverage,2.0,exact,439,1354,304.0,1052.0,201,687,unacc,24564
19,6,100,Car Evaluation,1382,4,unacc,1,select_coverage,3.0,DAC,578,1767,,,388,1338,unacc,14052
19,6,100,Car Evaluation,1382,4,unacc,1,select_coverage,3.0,exact,578,1767,376.0,1294.0,241,826,unacc,30620
19,6,100,Car Evaluation,1382,4,unacc,1,select_coverage,4.0,DAC,684,2067,,,441,1509,unacc,16524
19,6,100,Car Evaluation,1382,4,unacc,1,select_coverage,4.0,exact,684,2067,429.0,1466.0,257,879,unacc,34840
19,6,100,Car Evaluation,1382,4,unacc,1,select_coverage_CBA_M1,,DAC,163,604,,,139,545,unacc,4420
19,6,100,Car Evaluation,1382,4,unacc,1,select_coverage_CBA_M1,,exact,163,604,138.0,541.0,93,366,unacc,11596
19,6,100,Car Evaluation,1382,4,unacc,2,select_coverage,1.0,exact,236,787,186.0,677.0,126,454,unacc,15144
19,6,100,Car Evaluation,1382,4,unacc,2,select_coverage,2.0,exact,437,1347,302.0,1045.0,201,687,unacc,24428
19,6,100,Car Evaluation,1382,4,unacc,2,select_coverage,3.0,exact,581,1775,378.0,1300.0,241,826,unacc,30756
19,6,100,Car Evaluation,1382,4,unacc,2,select_coverage,4.0,exact,689,2084,432.0,1476.0,257,879,unacc,35068
19,6,100,Car Evaluation,1382,4,unacc,2,select_coverage_CBA_M1,,exact,146,539,123.0,483.0,85,335,unacc,10380
19,6,114,Car Evaluation,1382,4,unacc,1,select_coverage,1.0,DAC,229,753,,,192,685,good,5808
19,6,114,Car Evaluation,1382,4,unacc,1,select_coverage,1.0,exact,229,753,190.0,677.0,128,455,unacc,15172
19,6,114,Car Evaluation,1382,4,unacc,1,select_coverage,2.0,DAC,443,1398,,,327,1155,unacc,10956
19,6,114,Car Evaluation,1382,4,unacc,1,select_coverage,2.0,exact,443,1398,320.0,1129.0,220,770,unacc,26020
19,6,114,Car Evaluation,1382,4,unacc,1,select_coverage,3.0,DAC,589,1836,,,418,1454,unacc,14460
19,6,114,Car Evaluation,1382,4,unacc,1,select_coverage,3.0,exact,589,1836,406.0,1410.0,260,902,unacc,32864
19,6,114,Car Evaluation,1382,4,unacc,1,select_coverage,4.0,DAC,706,2183,,,487,1687,unacc,17252
19,6,114,Car Evaluation,1382,4,unacc,1,select_coverage,4.0,exact,706,2183,470.0,1626.0,296,1028,unacc,38180
19,6,114,Car Evaluation,1382,4,unacc,1,select_coverage_CBA_M1,,DAC,165,598,,,147,558,unacc,4420
19,6,114,Car Evaluation,1382,4,unacc,1,select_coverage_CBA_M1,,exact,165,598,146.0,554.0,100,382,acc,12008
19,6,114,Car Evaluation,1382,4,unacc,2,select_coverage,1.0,exact,229,753,190.0,677.0,128,455,unacc,15172
19,6,114,Car Evaluation,1382,4,unacc,2,select_coverage,2.0,exact,444,1403,321.0,1134.0,220,771,unacc,26104
19,6,114,Car Evaluation,1382,4,unacc,2,select_coverage,3.0,exact,594,1858,411.0,1431.0,264,919,unacc,33304
19,6,114,Car Evaluation,1382,4,unacc,2,select_coverage,4.0,exact,708,2192,471.0,1632.0,296,1030,unacc,38288
19,6,114,Car Evaluation,1382,4,unacc,2,select_coverage_CBA_M1,,exact,165,598,146.0,554.0,100,382,acc,12008
19,6,133,Car Evaluation,1382,4,unacc,1,select_coverage,1.0,DAC,223,736,,,179,641,unacc,5668
19,6,133,Car Evaluation,1382,4,unacc,1,select_coverage,1.0,exact,223,736,179.0,641.0,127,453,unacc,14512
19,6,133,Car Evaluation,1382,4,unacc,1,select_coverage,2.0,DAC,449,1396,,,315,1096,unacc,11020
19,6,133,Car Evaluation,1382,4,unacc,1,select_coverage,2.0,exact,449,1396,312.0,1086.0,217,745,unacc,25420
19,6,133,Car Evaluation,1382,4,unacc,1,select_coverage,3.0,DAC,589,1833,,,400,1384,unacc,14448
19,6,133,Car Evaluation,1382,4,unacc,1,select_coverage,3.0,exact,589,1833,391.0,1355.0,263,905,unacc,32044
19,6,133,Car Evaluation,1382,4,unacc,1,select_coverage,4.0,DAC,697,2141,,,454,1560,unacc,16976
19,6,133,Car Evaluation,1382,4,unacc,1,select_coverage,4.0,exact,697,2141,438.0,1506.0,283,972,unacc,36028
19,6,133,Car Evaluation,1382,4,unacc,1,select_coverage_CBA_M1,,DAC,165,591,,,139,523,unacc,4392
19,6,133,Car Evaluation,1382,4,unacc,1,select_coverage_CBA_M1,,exact,165,591,139.0,523.0,102,386,unacc,11592
19,6,133,Car Evaluation,1382,4,unacc,2,select_coverage,1.0,exact,223,739,179.0,644.0,127,456,unacc,14548
19,6,133,Car Evaluation,1382,4,unacc,2,select_coverage,2.0,exact,454,1415,316.0,1101.0,220,757,unacc,25764
19,6,133,Car Evaluation,1382,4,unacc,2,select_coverage,3.0,exact,591,1840,393.0,1362.0,265,912,unacc,32208
19,6,133,Car Evaluation,1382,4,unacc,2,select_coverage,4.0,exact,702,2161,442.0,1523.0,285,981,unacc,36372
19,6,133,Car Evaluation,1382,4,unacc,2,select_coverage_CBA_M1,,exact,165,591,139.0,523.0,102,386,unacc,11592
19,6,138,Car Evaluation,1382,4,unacc,1,select_coverage,1.0,DAC,232,759,,,187,664,unacc,5868
19,6,138,Car Evaluation,1382,4,unacc,1,select_coverage,1.0,exact,232,759,183.0,648.0,134,471,unacc,14864
19,6,138,Car Evaluation,1382,4,unacc,1,select_coverage,2.0,DAC,432,1351,,,306,1067,unacc,10636
19,6,138,Car Evaluation,1382,4,unacc,1,select_coverage,2.0,exact,432,1351,298.0,1036.0,211,724,unacc,24396
19,6,138,Car Evaluation,1382,4,unacc,1,select_coverage,3.0,DAC,555,1691,,,372,1274,unacc,13472
19,6,138,Car Evaluation,1382,4,unacc,1,select_coverage,3.0,exact,555,1691,360.0,1228.0,242,821,unacc,29392
19,6,138,Car Evaluation,1382,4,unacc,1,select_coverage,4.0,DAC,660,1991,,,422,1442,unacc,15932
19,6,138,Car Evaluation,1382,4,unacc,1,select_coverage,4.0,exact,660,1991,407.0,1386.0,261,882,unacc,33348
19,6,138,Car Evaluation,1382,4,unacc,1,select_coverage_CBA_M1,,DAC,148,540,,,130,501,unacc,3984
19,6,138,Car Evaluation,1382,4,unacc,1,select_coverage_CBA_M1,,exact,148,540,127.0,489.0,97,372,unacc,10716
19,6,138,Car Evaluation,1382,4,unacc,2,select_coverage,1.0,exact,233,765,185.0,655.0,134,471,unacc,14996
19,6,138,Car Evaluation,1382,4,unacc,2,select_coverage,2.0,exact,436,1369,302.0,1051.0,211,724,unacc,24688
19,6,138,Car Evaluation,1382,4,unacc,2,select_coverage,3.0,exact,559,1708,364.0,1245.0,243,825,unacc,29704
19,6,138,Car Evaluation,1382,4,unacc,2,select_coverage,4.0,exact,665,2010,409.0,1394.0,261,882,unacc,33536
19,6,138,Car Evaluation,1382,4,unacc,2,select_coverage_CBA_M1,,exact,148,540,127.0,489.0,97,372,unacc,10716
19,6,148,Car Evaluation,1382,4,unacc,1,select_coverage,1.0,DAC,214,706,,,178,640,acc,5440
19,6,148,Car Evaluation,1382,4,unacc,1,select_coverage,1.0,exact,214,706,178.0,640.0,111,393,unacc,14108
19,6,148,Car Evaluation,1382,4,unacc,1,select_coverage,2.0,DAC,425,1328,,,313,1085,unacc,10460
19,6,148,Car Evaluation,1382,4,unacc,1,select_coverage,2.0,exact,425,1328,307.0,1062.0,198,664,unacc,24528
19,6,148,Car Evaluation,1382,4,unacc,1,select_coverage,3.0,DAC,544,1685,,,387,1331,unacc,13316
19,6,148,Car Evaluation,1382,4,unacc,1,select_coverage,3.0,exact,544,1685,378.0,1297.0,238,804,unacc,30296
19,6,148,Car Evaluation,1382,4,unacc,1,select_coverage,4.0,DAC,649,1986,,,435,1494,unacc,15780
19,6,148,Car Evaluation,1382,4,unacc,1,select_coverage,4.0,exact,649,1986,421.0,1440.0,248,835,unacc,33916
19,6,148,Car Evaluation,1382,4,unacc,1,select_coverage_CBA_M1,,DAC,148,539,,,132,508,unacc,3980
19,6,148,Car Evaluation,1382,4,unacc,1,select_coverage_CBA_M1,,exact,148,539,132.0,508.0,83,318,acc,10772
19,6,148,Car Evaluation,1382,4,unacc,2,select_coverage,1.0,exact,214,706,178.0,640.0,111,393,unacc,14108
19,6,148,Car Evaluation,1382,4,unacc,2,select_coverage,2.0,exact,426,1333,308.0,1067.0,200,672,unacc,24640
19,6,148,Car Evaluation,1382,4,unacc,2,select_coverage,3.0,exact,550,1709,383.0,1317.0,240,813,unacc,30708
19,6,148,Car Evaluation,1382,4,unacc,2,select_coverage,4.0,exact,651,1997,423.0,1449.0,250,844,unacc,34112
19,6,148,Car Evaluation,1382,4,unacc,2,select_coverage_CBA_M1,,exact,148,539,132.0,508.0,83,318,acc,10772
19,7,5,Car Evaluation,1382,4,unacc,1,select_coverage,1.0,DAC,231,707,,,180,607,vgood,5656
19,7,5,Car Evaluation,1382,4,unacc,1,select_coverage,1.0,exact,231,707,177.0,595.0,124,414,unacc,13976
19,7,5,Car Evaluation,1382,4,unacc,1,select_coverage,2.0,DAC,436,1291,,,301,1001,unacc,10452
19,7,5,Car Evaluation,1382,4,unacc,1,select_coverage,2.0,exact,436,1291,290.0,963.0,199,661,unacc,23292
19,7,5,Car Evaluation,1382,4,unacc,1,select_coverage,3.0,DAC,555,1643,,,370,1228,unacc,13288
19,7,5,Car Evaluation,1382,4,unacc,1,select_coverage,3.0,exact,555,1643,355.0,1175.0,236,782,unacc,28632
19,7,5,Car Evaluation,1382,4,unacc,1,select_coverage,4.0,DAC,662,1961,,,427,1416,unacc,15844
19,7,5,Car Evaluation,1382,4,unacc,1,select_coverage,4.0,exact,662,1961,408.0,1351.0,264,880,unacc,33120
19,7,5,Car Evaluation,1382,4,unacc,1,select_coverage_CBA_M1,,DAC,153,519,,,131,470,unacc,3968
19,7,5,Car Evaluation,1382,4,unacc,1,select_coverage_CBA_M1,,exact,153,519,129.0,462.0,93,332,unacc,10444
19,7,5,Car Evaluation,1382,4,unacc,2,select_coverage,1.0,exact,232,710,178.0,598.0,124,414,unacc,14040
19,7,5,Car Evaluation,1382,4,unacc,2,select_coverage,2.0,exact,438,1300,292.0,972.0,201,670,unacc,23480
19,7,5,Car Evaluation,1382,4,unacc,2,select_coverage,3.0,exact,557,1651,357.0,1183.0,238,790,unacc,28808
19,7,5,Car Evaluation,1382,4,unacc,2,select_coverage,4.0,exact,666,1979,412.0,1367.0,267,892,unacc,33464
19,7,5,Car Evaluation,1382,4,unacc,2,select_coverage_CBA_M1,,exact,153,519,129.0,462.0,93,332,unacc,10444
19,7,14,Car Evaluation,1382,4,unacc,1,select_coverage,1.0,DAC,224,702,,,177,606,unacc,5552
19,7,14,Car Evaluation,1382,4,unacc,1,select_coverage,1.0,exact,224,702,175.0,599.0,120,414,unacc,13892
19,7,14,Car Evaluation,1382,4,unacc,1,select_coverage,2.0,DAC,438,1307,,,307,1026,unacc,10540
19,7,14,Car Evaluation,1382,4,unacc,1,select_coverage,2.0,exact,438,1307,302.0,1007.0,200,667,unacc,24036
19,7,14,Car Evaluation,1382,4,unacc,1,select_coverage,3.0,DAC,550,1639,,,375,1248,unacc,13212
19,7,14,Car Evaluation,1382,4,unacc,1,select_coverage,3.0,exact,550,1639,363.0,1205.0,219,728,unacc,28840
19,7,14,Car Evaluation,1382,4,unacc,1,select_coverage,4.0,DAC,630,1880,,,425,1411,unacc,15136
19,7,14,Car Evaluation,1382,4,unacc,1,select_coverage,4.0,exact,630,1880,410.0,1358.0,245,815,unacc,32644
19,7,14,Car Evaluation,1382,4,unacc,1,select_coverage_CBA_M1,,DAC,139,489,,,118,443,unacc,3680
19,7,14,Car Evaluation,1382,4,unacc,1,select_coverage_CBA_M1,,exact,139,489,117.0,439.0,85,323,unacc,9716
19,7,14,Car Evaluation,1382,4,unacc,2,select_coverage,1.0,exact,225,707,175.0,600.0,120,414,unacc,13916
19,7,14,Car Evaluation,1382,4,unacc,2,select_coverage,2.0,exact,441,1318,305.0,1018.0,200,667,unacc,24244
19,7,14,Car Evaluation,1382,4,unacc,2,select_coverage,3.0,exact,552,1647,364.0,1209.0,218,725,unacc,28916
19,7,14,Car Evaluation,1382,4,unacc,2,select_coverage,4.0,exact,633,1892,413.0,1370.0,246,818,unacc,32872
19,7,14,Car Evaluation,1382,4,unacc,2,select_coverage_CBA_M1,,exact,139,489,117.0,439.0,85,323,unacc,9716
19,7,17,Car Evaluation,1382,4,unacc,1,select_coverage,1.0,DAC,225,714,,,179,625,unacc,5612
19,7,17,Car Evaluation,1382,4,unacc,1,select_coverage,1.0,exact,225,714,176.0,614.0,112,393,unacc,13956
19,7,17,Car Evaluation,1382,4,unacc,1,select_coverage,2.0,DAC,439,1319,,,304,1025,unacc,10600
19,7,17,Car Evaluation,1382,4,unacc,1,select_coverage,2.0,exact,439,1319,301.0,1014.0,189,639,unacc,23960
19,7,17,Car Evaluation,1382,4,unacc,1,select_coverage,3.0,DAC,549,1641,,,366,1225,unacc,13208
19,7,17,Car Evaluation,1382,4,unacc,1,select_coverage,3.0,exact,549,1641,359.0,1200.0,223,751,unacc,28760
19,7,17,Car Evaluation,1382,4,unacc,1,select_coverage,4.0,DAC,627,1862,,,400,1336,unacc,15028
19,7,17,Car Evaluation,1382,4,unacc,1,select_coverage,4.0,exact,627,1862,386.0,1289.0,233,784,unacc,31212
19,7,17,Car Evaluation,1382,4,unacc,1,select_coverage_CBA_M1,,DAC,155,535,,,131,481,unacc,4056
19,7,17,Car Evaluation,1382,4,unacc,1,select_coverage_CBA_M1,,exact,155,535,129.0,474.0,85,317,unacc,10496
19,7,17,Car Evaluation,1382,4,unacc,2,select_coverage,1.0,exact,224,710,174.0,606.0,111,388,unacc,13808
19,7,17,Car Evaluation,1382,4,unacc,2,select_coverage,2.0,exact,441,1326,302.0,1017.0,189,639,unacc,24040
19,7,17,Car Evaluation,1382,4,unacc,2,select_coverage,3.0,exact,549,1644,360.0,1205.0,223,751,unacc,28832
19,7,17,Car Evaluation,1382,4,unacc,2,select_coverage,4.0,exact,630,1875,390.0,1305.0,234,788,unacc,31504
19,7,17,Car Evaluation,1382,4,unacc,2,select_coverage_CBA_M1,,exact,155,535,129.0,474.0,85,317,unacc,10496
19,7,19,Car Evaluation,1382,4,unacc,1,select_coverage,1.0,DAC,234,726,,,186,632,unacc,5768
19,7,19,Car Evaluation,1382,4,unacc,1,select_coverage,1.0,exact,234,726,186.0,632.0,123,414,unacc,14560
19,7,19,Car Evaluation,1382,4,unacc,1,select_coverage,2.0,DAC,438,1292,,,300,993,unacc,10480
19,7,19,Car Evaluation,1382,4,unacc,1,select_coverage,2.0,exact,438,1292,295.0,976.0,196,645,unacc,23484
19,7,19,Car Evaluation,1382,4,unacc,1,select_coverage,3.0,DAC,557,1641,,,369,1216,unacc,13304
19,7,19,Car Evaluation,1382,4,unacc,1,select_coverage,3.0,exact,557,1641,356.0,1172.0,222,732,unacc,28452
19,7,19,Car Evaluation,1382,4,unacc,1,select_coverage,4.0,DAC,637,1866,,,421,1372,unacc,15164
19,7,19,Car Evaluation,1382,4,unacc,1,select_coverage,4.0,exact,637,1866,403.0,1312.0,238,783,unacc,31996
19,7,19,Car Evaluation,1382,4,unacc,1,select_coverage_CBA_M1,,DAC,155,536,,,135,498,unacc,4060
19,7,19,Car Evaluation,1382,4,unacc,1,select_coverage_CBA_M1,,exact,155,536,135.0,498.0,91,336,unacc,10912
19,7,19,Car Evaluation,1382,4,unacc,2,select_coverage,1.0,exact,235,730,187.0,636.0,123,414,unacc,14632
19,7,19,Car Evaluation,1382,4,unacc,2,select_coverage,2.0,exact,441,1302,295.0,976.0,196,645,unacc,23524
19,7,19,Car Evaluation,1382,4,unacc,2,select_coverage,3.0,exact,560,1653,359.0,1184.0,222,733,unacc,28672
19,7,19,Car Evaluation,1382,4,unacc,2,select_coverage,4.0,exact,643,1887,408.0,1330.0,238,783,unacc,32352
19,7,19,Car Evaluation,1382,4,unacc,2,select_coverage_CBA_M1,,exact,155,536,135.0,498.0,91,336,unacc,10912
19,7,29,Car Evaluation,1382,4,unacc,1,select_coverage,1.0,DAC,225,698,,,177,602,unacc,5548
19,7,29,Car Evaluation,1382,4,unacc,1,select_coverage,1.0,exact,225,698,176.0,598.0,122,410,unacc,13896
19,7,29,Car Evaluation,1382,4,unacc,1,select_coverage,2.0,DAC,424,1266,,,295,986,unacc,10208
19,7,29,Car Evaluation,1382,4,unacc,1,select_coverage,2.0,exact,424,1266,293.0,979.0,199,664,unacc,23388
19,7,29,Car Evaluation,1382,4,unacc,1,select_coverage,3.0,DAC,535,1590,,,361,1203,unacc,12836
19,7,29,Car Evaluation,1382,4,unacc,1,select_coverage,3.0,exact,535,1590,354.0,1178.0,234,782,unacc,28392
19,7,29,Car Evaluation,1382,4,unacc,1,select_coverage,4.0,DAC,625,1860,,,407,1356,unacc,14996
19,7,29,Car Evaluation,1382,4,unacc,1,select_coverage,4.0,exact,625,1860,398.0,1324.0,247,826,unacc,31992
19,7,29,Car Evaluation,1382,4,unacc,1,select_coverage_CBA_M1,,DAC,156,539,,,132,484,unacc,4084
19,7,29,Car Evaluation,1382,4,unacc,1,select_coverage_CBA_M1,,exact,156,539,131.0,480.0,90,330,unacc,10668
19,7,29,Car Evaluation,1382,4,unacc,2,select_coverage,1.0,exact,226,702,177.0,602.0,122,410,unacc,13968
19,7,29,Car Evaluation,1382,4,unacc,2,select_coverage,2.0,exact,424,1266,293.0,979.0,199,664,unacc,23388
19,7,29,Car Evaluation,1382,4,unacc,2,select_coverage,3.0,exact,536,1594,355.0,1182.0,234,782,unacc,28464
19,7,29,Car Evaluation,1382,4,unacc,2,select_coverage,4.0,exact,628,1871,400.0,1331.0,247,826,unacc,32144
19,7,29,Car Evaluation,1382,4,unacc,2,select_coverage_CBA_M1,,exact,157,542,132.0,483.0,90,330,unacc,10732
19,7,31,Car Evaluation,1382,4,unacc,1,select_coverage,1.0,DAC,226,715,,,173,610,unacc,5628
19,7,31,Car Evaluation,1382,4,unacc,1,select_coverage,1.0,exact,226,715,172.0,607.0,131,462,unacc,14048
19,7,31,Car Evaluation,1382,4,unacc,1,select_coverage,2.0,DAC,425,1288,,,291,987,unacc,10308
19,7,31,Car Evaluation,1382,4,unacc,1,select_coverage,2.0,exact,425,1288,283.0,958.0,207,699,unacc,23132
19,7,31,Car Evaluation,1382,4,unacc,1,select_coverage,3.0,DAC,534,1606,,,362,1213,unacc,12888
19,7,31,Car Evaluation,1382,4,unacc,1,select_coverage,3.0,exact,534,1606,351.0,1173.0,243,812,unacc,28436
19,7,31,Car Evaluation,1382,4,unacc,1,select_coverage,4.0,DAC,627,1878,,,412,1371,unacc,15092
19,7,31,Car Evaluation,1382,4,unacc,1,select_coverage,4.0,exact,627,1878,395.0,1311.0,258,863,unacc,32040
19,7,31,Car Evaluation,1382,4,unacc,1,select_coverage_CBA_M1,,DAC,145,517,,,123,468,unacc,3864
19,7,31,Car Evaluation,1382,4,unacc,1,select_coverage_CBA_M1,,exact,145,517,123.0,468.0,97,370,unacc,10372
19,7,31,Car Evaluation,1382,4,unacc,2,select_coverage,1.0,exact,225,712,171.0,604.0,130,459,unacc,13972
19,7,31,Car Evaluation,1382,4,unacc,2,select_coverage,2.0,exact,429,1303,287.0,973.0,211,714,unacc,23472
19,7,31,Car Evaluation,1382,4,unacc,2,select_coverage,3.0,exact,539,1625,354.0,1184.0,245,820,unacc,28708
19,7,31,Car Evaluation,1382,4,unacc,2,select_coverage,4.0,exact,629,1887,396.0,1315.0,258,863,unacc,32132
19,7,31,Car Evaluation,1382,4,unacc,2,select_coverage_CBA_M1,,exact,145,517,123.0,468.0,97,370,unacc,10372
19,7,34,Car Evaluation,1382,4,unacc,1,select_coverage,1.0,DAC,238,751,,,194,667,unacc,5916
19,7,34,Car Evaluation,1382,4,unacc,1,select_coverage,1.0,exact,238,751,190.0,651.0,114,387,unacc,14788
19,7,34,Car Evaluation,1382,4,unacc,1,select_coverage,2.0,DAC,450,1355,,,319,1072,unacc,10876
19,7,34,Car Evaluation,1382,4,unacc,1,select_coverage,2.0,exact,450,1355,310.0,1038.0,191,632,unacc,24532
19,7,34,Car Evaluation,1382,4,unacc,1,select_coverage,3.0,DAC,581,1746,,,393,1316,unacc,14012
19,7,34,Car Evaluation,1382,4,unacc,1,select_coverage,3.0,exact,581,1746,377.0,1257.0,225,747,unacc,30112
19,7,34,Car Evaluation,1382,4,unacc,1,select_coverage,4.0,DAC,670,2001,,,436,1452,unacc,16100
19,7,34,Car Evaluation,1382,4,unacc,1,select_coverage,4.0,exact,670,2001,416.0,1380.0,240,801,unacc,33400
19,7,34,Car Evaluation,1382,4,unacc,1,select_coverage_CBA_M1,,DAC,155,539,,,135,499,unacc,4072
19,7,34,Car Evaluation,1382,4,unacc,1,select_coverage_CBA_M1,,exact,155,539,132.0,487.0,87,320,acc,10696
19,7,34,Car Evaluation,1382,4,unacc,2,select_coverage,1.0,exact,238,751,190.0,651.0,114,387,unacc,14788
19,7,34,Car Evaluation,1382,4,unacc,2,select_coverage,2.0,exact,452,1362,310.0,1038.0,191,632,unacc,24560
19,7,34,Car Evaluation,1382,4,unacc,2,select_coverage,3.0,exact,583,1751,377.0,1257.0,225,747,unacc,30132
19,7,34,Car Evaluation,1382,4,unacc,2,select_coverage,4.0,exact,673,2012,417.0,1384.0,241,805,unacc,33516
19,7,34,Car Evaluation,1382,4,unacc,2,select_coverage_CBA_M1,,exact,155,539,132.0,487.0,87,320,acc,10696
19,7,42,Car Evaluation,1382,4,unacc,1,select_coverage,1.0,DAC,230,710,,,175,598,unacc,5656
19,7,42,Car Evaluation,1382,4,unacc,1,select_coverage,1.0,exact,230,710,173.0,591.0,121,416,unacc,13820
19,7,42,Car Evaluation,1382,4,unacc,1,select_coverage,2.0,DAC,400,1196,,,285,952,unacc,9640
19,7,42,Car Evaluation,1382,4,unacc,1,select_coverage,2.0,exact,400,1196,282.0,941.0,187,624,unacc,22356
19,7,42,Car Evaluation,1382,4,unacc,1,select_coverage,3.0,DAC,522,1556,,,362,1205,unacc,12544
19,7,42,Car Evaluation,1382,4,unacc,1,select_coverage,3.0,exact,522,1556,354.0,1179.0,220,733,unacc,28064
19,7,42,Car Evaluation,1382,4,unacc,1,select_coverage,4.0,DAC,600,1775,,,407,1348,unacc,14356
19,7,42,Car Evaluation,1382,4,unacc,1,select_coverage,4.0,exact,600,1775,396.0,1312.0,238,790,unacc,31380
19,7,42,Car Evaluation,1382,4,unacc,1,select_coverage_CBA_M1,,DAC,153,532,,,131,485,unacc,4020
19,7,42,Car Evaluation,1382,4,unacc,1,select_coverage_CBA_M1,,exact,153,532,131.0,485.0,96,359,unacc,10776
19,7,42,Car Evaluation,1382,4,unacc,2,select_coverage,1.0,exact,230,710,173.0,591.0,121,416,unacc,13820
19,7,42,Car Evaluation,1382,4,unacc,2,select_coverage,2.0,exact,402,1202,284.0,947.0,187,624,unacc,22484
19,7,42,Car Evaluation,1382,4,unacc,2,select_coverage,3.0,exact,524,1563,356.0,1186.0,220,733,unacc,28200
19,7,42,Car Evaluation,1382,4,unacc,2,select_coverage,4.0,exact,603,1789,399.0,1324.0,240,798,unacc,31636
19,7,42,Car Evaluation,1382,4,unacc,2,select_coverage_CBA_M1,,exact,153,532,131.0,485.0,96,359,unacc,10776
19,7,49,Car Evaluation,1382,4,unacc,1,select_coverage,1.0,DAC,236,746,,,189,647,unacc,5872
19,7,49,Car Evaluation,1382,4,unacc,1,select_coverage,1.0,exact,236,746,187.0,639.0,132,446,unacc,14836
19,7,49,Car Evaluation,1382,4,unacc,1,select_coverage,2.0,DAC,449,1361,,,318,1069,unacc,10888
19,7,49,Car Evaluation,1382,4,unacc,1,select_coverage,2.0,exact,449,1361,314.0,1054.0,209,695,unacc,25032
19,7,49,Car Evaluation,1382,4,unacc,1,select_coverage,3.0,DAC,582,1753,,,390,1310,unacc,14052
19,7,49,Car Evaluation,1382,4,unacc,1,select_coverage,3.0,exact,582,1753,379.0,1270.0,246,822,unacc,30572
19,7,49,Car Evaluation,1382,4,unacc,1,select_coverage,4.0,DAC,685,2052,,,441,1477,unacc,16484
19,7,49,Car Evaluation,1382,4,unacc,1,select_coverage,4.0,exact,685,2052,423.0,1411.0,256,854,unacc,34220
19,7,49,Car Evaluation,1382,4,unacc,1,select_coverage_CBA_M1,,DAC,173,595,,,146,534,unacc,4512
19,7,49,Car Evaluation,1382,4,unacc,1,select_coverage_CBA_M1,,exact,173,595,144.0,526.0,105,379,unacc,11792
19,7,49,Car Evaluation,1382,4,unacc,2,select_coverage,1.0,exact,236,746,187.0,639.0,132,446,unacc,14836
19,7,49,Car Evaluation,1382,4,unacc,2,select_coverage,2.0,exact,451,1369,316.0,1062.0,210,700,unacc,25196
19,7,49,Car Evaluation,1382,4,unacc,2,select_coverage,3.0,exact,585,1764,382.0,1281.0,246,822,unacc,30780
19,7,49,Car Evaluation,1382,4,unacc,2,select_coverage,4.0,exact,690,2072,427.0,1427.0,259,865,unacc,34568
19,7,49,Car Evaluation,1382,4,unacc,2,select_coverage_CBA_M1,,exact,169,583,141.0,517.0,103,373,unacc,11564
19,7,63,Car Evaluation,1382,4,unacc,1,select_coverage,1.0,DAC,228,717,,,184,644,unacc,5660
19,7,63,Car Evaluation,1382,4,unacc,1,select_coverage,1.0,exact,228,717,181.0,632.0,116,412,unacc,14316
19,7,63,Car Evaluation,1382,4,unacc,1,select_coverage,2.0,DAC,418,1237,,,285,961,unacc,10020
19,7,63,Car Evaluation,1382,4,unacc,1,select_coverage,2.0,exact,418,1237,279.0,938.0,185,624,unacc,22388
19,7,63,Car Evaluation,1382,4,unacc,1,select_coverage,3.0,DAC,551,1629,,,363,1211,unacc,13184
19,7,63,Car Evaluation,1382,4,unacc,1,select_coverage,3.0,exact,551,1629,354.0,1178.0,226,750,unacc,28420
19,7,63,Car Evaluation,1382,4,unacc,1,select_coverage,4.0,DAC,631,1854,,,401,1335,unacc,15044
19,7,63,Car Evaluation,1382,4,unacc,1,select_coverage,4.0,exact,631,1854,387.0,1284.0,234,777,unacc,31172
19,7,63,Car Evaluation,1382,4,unacc,1,select_coverage_CBA_M1,,DAC,157,548,,,137,510,unacc,4132
19,7,63,Car Evaluation,1382,4,unacc,1,select_coverage_CBA_M1,,exact,157,548,134.0,498.0,91,346,unacc,10960
19,7,63,Car Evaluation,1382,4,unacc,2,select_coverage,1.0,exact,227,713,180.0,628.0,115,408,unacc,14228
19,7,63,Car Evaluation,1382,4,unacc,2,select_coverage,2.0,exact,422,1251,282.0,949.0,185,624,unacc,22608
19,7,63,Car Evaluation,1382,4,unacc,2,select_coverage,3.0,exact,553,1636,355.0,1182.0,226,750,unacc,28504
19,7,63,Car Evaluation,1382,4,unacc,2,select_coverage,4.0,exact,631,1854,388.0,1287.0,234,777,unacc,31224
19,7,63,Car Evaluation,1382,4,unacc,2,select_coverage_CBA_M1,,exact,157,548,134.0,498.0,91,346,unacc,10960
19,7,64,Car Evaluation,1382,4,unacc,1,select_coverage,1.0,DAC,229,733,,,188,658,unacc,5736
19,7,64,Car Evaluation,1382,4,unacc,1,select_coverage,1.0,exact,229,733,188.0,658.0,127,440,unacc,14876
19,7,64,Car Evaluation,1382,4,unacc,1,select_coverage,2.0,DAC,444,1350,,,315,1079,unacc,10784
19,7,64,Car Evaluation,1382,4,unacc,1,select_coverage,2.0,exact,444,1350,310.0,1062.0,212,721,unacc,24964
19,7,64,Car Evaluation,1382,4,unacc,1,select_coverage,3.0,DAC,577,1754,,,401,1362,unacc,13996
19,7,64,Car Evaluation,1382,4,unacc,1,select_coverage,3.0,exact,577,1754,390.0,1326.0,246,839,unacc,31308
19,7,64,Car Evaluation,1382,4,unacc,1,select_coverage,4.0,DAC,679,2051,,,457,1546,unacc,16408
19,7,64,Car Evaluation,1382,4,unacc,1,select_coverage,4.0,exact,679,2051,438.0,1483.0,260,887,unacc,35236
19,7,64,Car Evaluation,1382,4,unacc,1,select_coverage_CBA_M1,,DAC,176,617,,,156,579,unacc,4636
19,7,64,Car Evaluation,1382,4,unacc,1,select_coverage_CBA_M1,,exact,176,617,156.0,579.0,104,389,unacc,12612
19,7,64,Car Evaluation,1382,4,unacc,2,select_coverage,1.0,exact,229,733,188.0,658.0,127,440,unacc,14876
19,7,64,Car Evaluation,1382,4,unacc,2,select_coverage,2.0,exact,444,1350,310.0,1062.0,212,721,unacc,24964
19,7,64,Car Evaluation,1382,4,unacc,2,select_coverage,3.0,exact,576,1751,389.0,1323.0,246,839,unacc,31244
19,7,64,Car Evaluation,1382,4,unacc,2,select_coverage,4.0,exact,680,2054,439.0,1486.0,260,887,unacc,35300
19,7,64,Car Evaluation,1382,4,unacc,2,select_coverage_CBA_M1,,exact,176,617,156.0,579.0,104,389,unacc,12612
19,7,65,Car Evaluation,1382,4,unacc,1,select_coverage,1.0,DAC,226,703,,,178,611,good,5580
19,7,65,Car Evaluation,1382,4,unacc,1,select_coverage,1.0,exact,226,703,176.0,605.0,114,395,unacc,13884
19,7,65,Car Evaluation,1382,4,unacc,1,select_coverage,2.0,DAC,438,1308,,,299,1001,unacc,10544
19,7,65,Car Evaluation,1382,4,unacc,1,select_coverage,2.0,exact,438,1308,294.0,985.0,185,619,unacc,23440
19,7,65,Car Evaluation,1382,4,unacc,1,select_coverage,3.0,DAC,540,1617,,,358,1208,unacc,13004
19,7,65,Car Evaluation,1382,4,unacc,1,select_coverage,3.0,exact,540,1617,352.0,1189.0,215,729,unacc,28252
19,7,65,Car Evaluation,1382,4,unacc,1,select_coverage,4.0,DAC,615,1833,,,400,1345,unacc,14768
19,7,65,Car Evaluation,1382,4,unacc,1,select_coverage,4.0,exact,615,1833,387.0,1302.0,232,787,unacc,31200
19,7,65,Car Evaluation,1382,4,unacc,1,select_coverage_CBA_M1,,DAC,154,525,,,132,486,unacc,4004
19,7,65,Car Evaluation,1382,4,unacc,1,select_coverage_CBA_M1,,exact,154,525,131.0,483.0,85,322,acc,10592
19,7,65,Car Evaluation,1382,4,unacc,2,select_coverage,1.0,exact,227,707,177.0,609.0,114,395,unacc,13956
19,7,65,Car Evaluation,1382,4,unacc,2,select_coverage,2.0,exact,439,1312,295.0,989.0,186,623,unacc,23528
19,7,65,Car Evaluation,1382,4,unacc,2,select_coverage,3.0,exact,540,1617,352.0,1189.0,215,729,unacc,28252
19,7,65,Car Evaluation,1382,4,unacc,2,select_coverage,4.0,exact,621,1852,392.0,1318.0,233,791,unacc,31556
19,7,65,Car Evaluation,1382,4,unacc,2,select_coverage_CBA_M1,,exact,154,525,131.0,483.0,85,322,acc,10592
19,7,68,Car Evaluation,1382,4,unacc,1,select_coverage,1.0,DAC,211,680,,,172,608,unacc,5308
19,7,68,Car Evaluation,1382,4,unacc,1,select_coverage,1.0,exact,211,680,172.0,608.0,123,440,unacc,13824
19,7,68,Car Evaluation,1382,4,unacc,1,select_coverage,2.0,DAC,422,1293,,,306,1046,unacc,10292
19,7,68,Car Evaluation,1382,4,unacc,1,select_coverage,2.0,exact,422,1293,301.0,1029.0,202,694,unacc,24136
19,7,68,Car Evaluation,1382,4,unacc,1,select_coverage,3.0,DAC,536,1614,,,371,1251,unacc,12944
19,7,68,Car Evaluation,1382,4,unacc,1,select_coverage,3.0,exact,536,1614,361.0,1219.0,228,777,unacc,28912
19,7,68,Car Evaluation,1382,4,unacc,1,select_coverage,4.0,DAC,618,1852,,,410,1376,unacc,14880
19,7,68,Car Evaluation,1382,4,unacc,1,select_coverage,4.0,exact,618,1852,400.0,1344.0,240,817,unacc,32084
19,7,68,Car Evaluation,1382,4,unacc,1,select_coverage_CBA_M1,,DAC,151,534,,,134,502,unacc,4004
19,7,68,Car Evaluation,1382,4,unacc,1,select_coverage_CBA_M1,,exact,151,534,134.0,502.0,93,358,unacc,10968
19,7,68,Car Evaluation,1382,4,unacc,2,select_coverage,1.0,exact,212,683,173.0,611.0,123,440,unacc,13888
19,7,68,Car Evaluation,1382,4,unacc,2,select_coverage,2.0,exact,424,1299,303.0,1035.0,202,694,unacc,24264
19,7,68,Car Evaluation,1382,4,unacc,2,select_coverage,3.0,exact,537,1620,362.0,1223.0,229,781,unacc,29008
19,7,68,Car Evaluation,1382,4,unacc,2,select_coverage,4.0,exact,623,1872,401.0,1348.0,239,814,unacc,32208
19,7,68,Car Evaluation,1382,4,unacc,2,select_coverage_CBA_M1,,exact,145,513,127.0,478.0,88,340,unacc,10436
19,7,74,Car Evaluation,1382,4,unacc,1,select_coverage,1.0,DAC,209,652,,,170,585,unacc,5172
19,7,74,Car Evaluation,1382,4,unacc,1,select_coverage,1.0,exact,209,652,168.0,577.0,116,398,unacc,13260
19,7,74,Car Evaluation,1382,4,unacc,1,select_coverage,2.0,DAC,427,1288,,,315,1062,unacc,10332
19,7,74,Car Evaluation,1382,4,unacc,1,select_coverage,2.0,exact,427,1288,310.0,1044.0,210,704,unacc,24576
19,7,74,Car Evaluation,1382,4,unacc,1,select_coverage,3.0,DAC,546,1644,,,381,1282,unacc,13184
19,7,74,Car Evaluation,1382,4,unacc,1,select_coverage,3.0,exact,546,1644,372.0,1251.0,241,812,unacc,29740
19,7,74,Car Evaluation,1382,4,unacc,1,select_coverage,4.0,DAC,618,1869,,,424,1429,unacc,14948
19,7,74,Car Evaluation,1382,4,unacc,1,select_coverage,4.0,exact,618,1869,408.0,1372.0,252,849,unacc,32712
19,7,74,Car Evaluation,1382,4,unacc,1,select_coverage_CBA_M1,,DAC,155,525,,,133,481,unacc,4016
19,7,74,Car Evaluation,1382,4,unacc,1,select_coverage_CBA_M1,,exact,155,525,132.0,477.0,96,346,unacc,10704
19,7,74,Car Evaluation,1382,4,unacc,2,select_coverage,1.0,exact,210,655,169.0,580.0,116,398,unacc,13324
19,7,74,Car Evaluation,1382,4,unacc,2,select_coverage,2.0,exact,432,1306,314.0,1058.0,210,704,unacc,24864
19,7,74,Car Evaluation,1382,4,unacc,2,select_coverage,3.0,exact,546,1647,373.0,1257.0,241,814,unacc,29824
19,7,74,Car Evaluation,1382,4,unacc,2,select_coverage,4.0,exact,621,1881,409.0,1377.0,253,854,unacc,32840
19,7,74,Car Evaluation,1382,4,unacc,2,select_coverage_CBA_M1,,exact,156,529,133.0,481.0,96,346,unacc,10776
19,7,76,Car Evaluation,1382,4,unacc,1,select_coverage,1.0,DAC,232,720,,,185,621,unacc,5720
19,7,76,Car Evaluation,1382,4,unacc,1,select_coverage,1.0,exact,232,720,182.0,609.0,118,388,unacc,14180
19,7,76,Car Evaluation,1382,4,unacc,1,select_coverage,2.0,DAC,467,1416,,,330,1117,unacc,11324
19,7,76,Car Evaluation,1382,4,unacc,1,select_coverage,2.0,exact,467,1416,323.0,1092.0,211,708,unacc,25816
19,7,76,Car Evaluation,1382,4,unacc,1,select_coverage,3.0,DAC,576,1733,,,389,1308,unacc,13900
19,7,76,Car Evaluation,1382,4,unacc,1,select_coverage,3.0,exact,576,1733,379.0,1274.0,240,808,unacc,30452
19,7,76,Car Evaluation,1382,4,unacc,1,select_coverage,4.0,DAC,658,1965,,,429,1440,unacc,15812
19,7,76,Car Evaluation,1382,4,unacc,1,select_coverage,4.0,exact,658,1965,415.0,1393.0,248,836,unacc,33408
19,7,76,Car Evaluation,1382,4,unacc,1,select_coverage_CBA_M1,,DAC,155,526,,,132,475,unacc,4020
19,7,76,Car Evaluation,1382,4,unacc,1,select_coverage_CBA_M1,,exact,155,526,130.0,467.0,91,322,acc,10492
19,7,76,Car Evaluation,1382,4,unacc,2,select_coverage,1.0,exact,232,720,182.0,609.0,118,388,unacc,14180
19,7,76,Car Evaluation,1382,4,unacc,2,select_coverage,2.0,exact,469,1422,325.0,1098.0,211,708,unacc,25944
19,7,76,Car Evaluation,1382,4,unacc,2,select_coverage,3.0,exact,576,1734,379.0,1275.0,240,808,unacc,30460
19,7,76,Car Evaluation,1382,4,unacc,2,select_coverage,4.0,exact,658,1967,414.0,1390.0,248,836,unacc,33364
19,7,76,Car Evaluation,1382,4,unacc,2,select_coverage_CBA_M1,,exact,134,448,113.0,404.0,79,277,acc,9068
19,7,100,Car Evaluation,1382,4,unacc,1,select_coverage,1.0,DAC,230,708,,,172,592,unacc,5648
19,7,100,Car Evaluation,1382,4,unacc,1,select_coverage,1.0,exact,230,708,169.0,581.0,118,406,unacc,13572
19,7,100,Car Evaluation,1382,4,unacc,1,select_coverage,2.0,DAC,426,1273,,,276,929,unacc,10260
19,7,100,Car Evaluation,1382,4,unacc,1,select_coverage,2.0,exact,426,1273,270.0,907.0,175,584,unacc,21888
19,7,100,Car Evaluation,1382,4,unacc,1,select_coverage,3.0,DAC,548,1636,,,349,1164,unacc,13176
19,7,100,Car Evaluation,1382,4,unacc,1,select_coverage,3.0,exact,548,1636,340.0,1132.0,201,671,unacc,27388
19,7,100,Car Evaluation,1382,4,unacc,1,select_coverage,4.0,DAC,636,1895,,,401,1337,unacc,15268
19,7,100,Car Evaluation,1382,4,unacc,1,select_coverage,4.0,exact,636,1895,386.0,1286.0,223,749,unacc,31192
19,7,100,Car Evaluation,1382,4,unacc,1,select_coverage_CBA_M1,,DAC,147,512,,,125,464,unacc,3868
19,7,100,Car Evaluation,1382,4,unacc,1,select_coverage_CBA_M1,,exact,147,512,124.0,460.0,89,334,unacc,10216
19,7,100,Car Evaluation,1382,4,unacc,2,select_coverage,1.0,exact,232,715,171.0,588.0,118,406,unacc,13708
19,7,100,Car Evaluation,1382,4,unacc,2,select_coverage,2.0,exact,431,1292,275.0,926.0,176,588,unacc,22256
19,7,100,Car Evaluation,1382,4,unacc,2,select_coverage,3.0,exact,553,1657,345.0,1151.0,204,682,unacc,27792
19,7,100,Car Evaluation,1382,4,unacc,2,select_coverage,4.0,exact,635,1893,386.0,1287.0,223,749,unacc,31188
19,7,100,Car Evaluation,1382,4,unacc,2,select_coverage_CBA_M1,,exact,147,512,124.0,460.0,89,334,unacc,10216
19,7,114,Car Evaluation,1382,4,unacc,1,select_coverage,1.0,DAC,241,762,,,191,665,unacc,5996
19,7,114,Car Evaluation,1382,4,unacc,1,select_coverage,1.0,exact,241,762,188.0,653.0,127,442,unacc,14980
19,7,114,Car Evaluation,1382,4,unacc,1,select_coverage,2.0,DAC,446,1354,,,317,1079,unacc,10824
19,7,114,Car Evaluation,1382,4,unacc,1,select_coverage,2.0,exact,446,1354,306.0,1039.0,206,703,unacc,24656
19,7,114,Car Evaluation,1382,4,unacc,1,select_coverage,3.0,DAC,580,1760,,,404,1367,unacc,14056
19,7,114,Car Evaluation,1382,4,unacc,1,select_coverage,3.0,exact,580,1760,387.0,1309.0,248,850,unacc,31188
19,7,114,Car Evaluation,1382,4,unacc,1,select_coverage,4.0,DAC,669,2038,,,456,1545,unacc,16236
19,7,114,Car Evaluation,1382,4,unacc,1,select_coverage,4.0,exact,669,2038,427.0,1444.0,263,903,unacc,34652
19,7,114,Car Evaluation,1382,4,unacc,1,select_coverage_CBA_M1,,DAC,167,586,,,143,533,unacc,4404
19,7,114,Car Evaluation,1382,4,unacc,1,select_coverage_CBA_M1,,exact,167,586,141.0,525.0,94,356,unacc,11540
19,7,114,Car Evaluation,1382,4,unacc,2,select_coverage,1.0,exact,241,762,188.0,653.0,127,442,unacc,14980
19,7,114,Car Evaluation,1382,4,unacc,2,select_coverage,2.0,exact,445,1350,306.0,1038.0,206,703,unacc,24636
19,7,114,Car Evaluation,1382,4,unacc,2,select_coverage,3.0,exact,584,1775,390.0,1320.0,249,854,unacc,31428
19,7,114,Car Evaluation,1382,4,unacc,2,select_coverage,4.0,exact,672,2048,427.0,1444.0,262,900,unacc,34680
19,7,114,Car Evaluation,1382,4,unacc,2,select_coverage_CBA_M1,,exact,167,586,141.0,525.0,94,356,unacc,11540
19,7,133,Car Evaluation,1382,4,unacc,1,select_coverage,1.0,DAC,220,713,,,180,640,unacc,5548
19,7,133,Car Evaluation,1382,4,unacc,1,select_coverage,1.0,exact,220,713,180.0,640.0,133,476,unacc,14548
19,7,133,Car Evaluation,1382,4,unacc,1,select_coverage,2.0,DAC,440,1360,,,301,1047,unacc,10776
19,7,133,Car Evaluation,1382,4,unacc,1,select_coverage,2.0,exact,440,1360,297.0,1033.0,212,739,unacc,24440
19,7,133,Car Evaluation,1382,4,unacc,1,select_coverage,3.0,DAC,559,1720,,,373,1284,unacc,13644
19,7,133,Car Evaluation,1382,4,unacc,1,select_coverage,3.0,exact,559,1720,364.0,1254.0,243,845,unacc,29868
19,7,133,Car Evaluation,1382,4,unacc,1,select_coverage,4.0,DAC,657,2004,,,425,1456,unacc,15956
19,7,133,Car Evaluation,1382,4,unacc,1,select_coverage,4.0,exact,657,2004,411.0,1408.0,263,914,unacc,33776
19,7,133,Car Evaluation,1382,4,unacc,1,select_coverage_CBA_M1,,DAC,170,592,,,151,557,unacc,4464
19,7,133,Car Evaluation,1382,4,unacc,1,select_coverage_CBA_M1,,exact,170,592,151.0,557.0,112,419,unacc,12344
19,7,133,Car Evaluation,1382,4,unacc,2,select_coverage,1.0,exact,220,713,180.0,640.0,133,476,unacc,14548
19,7,133,Car Evaluation,1382,4,unacc,2,select_coverage,2.0,exact,441,1364,297.0,1033.0,212,739,unacc,24456
19,7,133,Car Evaluation,1382,4,unacc,2,select_coverage,3.0,exact,560,1724,366.0,1261.0,243,845,unacc,29992
19,7,133,Car Evaluation,1382,4,unacc,2,select_coverage,4.0,exact,660,2013,412.0,1411.0,263,914,unacc,33864
19,7,133,Car Evaluation,1382,4,unacc,2,select_coverage_CBA_M1,,exact,169,589,150.0,554.0,112,419,unacc,12280
19,7,138,Car Evaluation,1382,4,unacc,1,select_coverage,1.0,DAC,234,732,,,184,631,unacc,5792
19,7,138,Car Evaluation,1382,4,unacc,1,select_coverage,1.0,exact,234,732,181.0,621.0,120,407,unacc,14312
19,7,138,Car Evaluation,1382,4,unacc,1,select_coverage,2.0,DAC,449,1335,,,310,1032,unacc,10784
19,7,138,Car Evaluation,1382,4,unacc,1,select_coverage,2.0,exact,449,1335,302.0,1007.0,193,633,unacc,24012
19,7,138,Car Evaluation,1382,4,unacc,1,select_coverage,3.0,DAC,567,1676,,,375,1248,unacc,13564
19,7,138,Car Evaluation,1382,4,unacc,1,select_coverage,3.0,exact,567,1676,361.0,1203.0,221,724,unacc,28884
19,7,138,Car Evaluation,1382,4,unacc,1,select_coverage,4.0,DAC,648,1917,,,428,1414,unacc,15500
19,7,138,Car Evaluation,1382,4,unacc,1,select_coverage,4.0,exact,648,1917,406.0,1340.0,235,765,unacc,32360
19,7,138,Car Evaluation,1382,4,unacc,1,select_coverage_CBA_M1,,DAC,157,542,,,136,496,unacc,4108
19,7,138,Car Evaluation,1382,4,unacc,1,select_coverage_CBA_M1,,exact,157,542,136.0,496.0,90,331,unacc,10948
19,7,138,Car Evaluation,1382,4,unacc,2,select_coverage,1.0,exact,235,735,182.0,624.0,120,407,unacc,14376
19,7,138,Car Evaluation,1382,4,unacc,2,select_coverage,2.0,exact,452,1345,303.0,1010.0,193,633,unacc,24104
19,7,138,Car Evaluation,1382,4,unacc,2,select_coverage,3.0,exact,571,1688,362.0,1205.0,222,727,unacc,28992
19,7,138,Car Evaluation,1382,4,unacc,2,select_coverage,4.0,exact,651,1929,408.0,1349.0,237,773,unacc,32556
19,7,138,Car Evaluation,1382,4,unacc,2,select_coverage_CBA_M1,,exact,157,542,136.0,496.0,90,331,unacc,10948
19,7,148,Car Evaluation,1382,4,unacc,1,select_coverage,1.0,DAC,220,694,,,188,649,good,5472
19,7,148,Car Evaluation,1382,4,unacc,1,select_coverage,1.0,exact,220,694,186.0,641.0,116,403,unacc,14424
19,7,148,Car Evaluation,1382,4,unacc,1,select_coverage,2.0,DAC,431,1290,,,317,1069,unacc,10388
19,7,148,Car Evaluation,1382,4,unacc,1,select_coverage,2.0,exact,431,1290,311.0,1047.0,196,655,unacc,24440
19,7,148,Car Evaluation,1382,4,unacc,1,select_coverage,3.0,DAC,548,1653,,,389,1314,unacc,13244
19,7,148,Car Evaluation,1382,4,unacc,1,select_coverage,3.0,exact,548,1653,380.0,1281.0,231,775,unacc,30068
19,7,148,Car Evaluation,1382,4,unacc,1,select_coverage,4.0,DAC,635,1920,,,438,1473,unacc,15356
19,7,148,Car Evaluation,1382,4,unacc,1,select_coverage,4.0,exact,635,1920,427.0,1434.0,247,827,unacc,33836
19,7,148,Car Evaluation,1382,4,unacc,1,select_coverage_CBA_M1,,DAC,150,526,,,135,502,unacc,3960
19,7,148,Car Evaluation,1382,4,unacc,1,select_coverage_CBA_M1,,exact,150,526,133.0,494.0,86,326,unacc,10736
19,7,148,Car Evaluation,1382,4,unacc,2,select_coverage,1.0,exact,220,694,186.0,641.0,116,403,unacc,14424
19,7,148,Car Evaluation,1382,4,unacc,2,select_coverage,2.0,exact,435,1305,315.0,1062.0,198,663,unacc,24752
19,7,148,Car Evaluation,1382,4,unacc,2,select_coverage,3.0,exact,550,1660,380.0,1282.0,231,776,unacc,30104
19,7,148,Car Evaluation,1382,4,unacc,2,select_coverage,4.0,exact,637,1928,429.0,1442.0,248,831,unacc,33996
19,7,148,Car Evaluation,1382,4,unacc,2,select_coverage_CBA_M1,,exact,150,526,133.0,494.0,86,326,unacc,10736
19,8,5,Car Evaluation,1382,4,unacc,1,select_coverage,1.0,DAC,228,688,,,179,594,unacc,5552
19,8,5,Car Evaluation,1382,4,unacc,1,select_coverage,1.0,exact,228,688,175.0,581.0,119,400,unacc,13708
19,8,5,Car Evaluation,1382,4,unacc,1,select_coverage,2.0,DAC,420,1220,,,296,961,unacc,9984
19,8,5,Car Evaluation,1382,4,unacc,1,select_coverage,2.0,exact,420,1220,283.0,918.0,196,641,unacc,22468
19,8,5,Car Evaluation,1382,4,unacc,1,select_coverage,3.0,DAC,528,1545,,,362,1174,unacc,12580
19,8,5,Car Evaluation,1382,4,unacc,1,select_coverage,3.0,exact,528,1545,345.0,1119.0,227,745,unacc,27468
19,8,5,Car Evaluation,1382,4,unacc,1,select_coverage,4.0,DAC,598,1757,,,408,1319,unacc,14268
19,8,5,Car Evaluation,1382,4,unacc,1,select_coverage,4.0,exact,598,1757,387.0,1250.0,239,782,unacc,30668
19,8,5,Car Evaluation,1382,4,unacc,1,select_coverage_CBA_M1,,DAC,149,490,,,122,436,unacc,3812
19,8,5,Car Evaluation,1382,4,unacc,1,select_coverage_CBA_M1,,exact,149,490,119.0,426.0,86,311,unacc,9700
19,8,5,Car Evaluation,1382,4,unacc,2,select_coverage,1.0,exact,230,696,177.0,589.0,120,404,unacc,13868
19,8,5,Car Evaluation,1382,4,unacc,2,select_coverage,2.0,exact,422,1227,285.0,925.0,196,641,unacc,22604
19,8,5,Car Evaluation,1382,4,unacc,2,select_coverage,3.0,exact,534,1569,349.0,1135.0,229,754,unacc,27824
19,8,5,Car Evaluation,1382,4,unacc,2,select_coverage,4.0,exact,603,1775,389.0,1259.0,241,790,unacc,30888
19,8,5,Car Evaluation,1382,4,unacc,2,select_coverage_CBA_M1,,exact,141,464,112.0,403.0,83,301,acc,9184
19,8,14,Car Evaluation,1382,4,unacc,1,select_coverage,1.0,DAC,230,691,,,176,586,unacc,5588
19,8,14,Car Evaluation,1382,4,unacc,1,select_coverage,1.0,exact,230,691,171.0,568.0,113,378,unacc,13420
19,8,14,Car Evaluation,1382,4,unacc,1,select_coverage,2.0,DAC,422,1227,,,295,958,unacc,10036
19,8,14,Car Evaluation,1382,4,unacc,1,select_coverage,2.0,exact,422,1227,285.0,923.0,178,586,unacc,22376
19,8,14,Car Evaluation,1382,4,unacc,1,select_coverage,3.0,DAC,537,1565,,,363,1176,unacc,12768
19,8,14,Car Evaluation,1382,4,unacc,1,select_coverage,3.0,exact,537,1565,345.0,1116.0,207,679,unacc,27272
19,8,14,Car Evaluation,1382,4,unacc,1,select_coverage,4.0,DAC,613,1794,,,411,1333,unacc,14596
19,8,14,Car Evaluation,1382,4,unacc,1,select_coverage,4.0,exact,613,1794,389.0,1261.0,229,755,unacc,30832
19,8,14,Car Evaluation,1382,4,unacc,1,select_coverage_CBA_M1,,DAC,164,541,,,139,493,unacc,4196
19,8,14,Car Evaluation,1382,4,unacc,1,select_coverage_CBA_M1,,exact,164,541,136.0,483.0,93,336,unacc,10912
19,8,14,Car Evaluation,1382,4,unacc,2,select_coverage,1.0,exact,230,692,171.0,569.0,113,378,unacc,13428
19,8,14,Car Evaluation,1382,4,unacc,2,select_coverage,2.0,exact,422,1227,285.0,923.0,178,586,unacc,22376
19,8,14,Car Evaluation,1382,4,unacc,2,select_coverage,3.0,exact,540,1576,347.0,1123.0,208,683,unacc,27440
19,8,14,Car Evaluation,1382,4,unacc,2,select_coverage,4.0,exact,616,1807,390.0,1265.0,230,759,unacc,30956
19,8,14,Car Evaluation,1382,4,unacc,2,select_coverage_CBA_M1,,exact,168,559,138.0,493.0,94,340,unacc,11120
19,8,17,Car Evaluation,1382,4,unacc,1,select_coverage,1.0,DAC,228,703,,,179,601,unacc,5612
19,8,17,Car Evaluation,1382,4,unacc,1,select_coverage,1.0,exact,228,703,177.0,593.0,109,363,unacc,13748
19,8,17,Car Evaluation,1382,4,unacc,1,select_coverage,2.0,DAC,429,1282,,,292,960,unacc,10340
19,8,17,Car Evaluation,1382,4,unacc,1,select_coverage,2.0,exact,429,1282,284.0,931.0,175,569,unacc,22520
19,8,17,Car Evaluation,1382,4,unacc,1,select_coverage,3.0,DAC,536,1602,,,349,1144,unacc,12904
19,8,17,Car Evaluation,1382,4,unacc,1,select_coverage,3.0,exact,536,1602,338.0,1105.0,200,659,unacc,27016
19,8,17,Car Evaluation,1382,4,unacc,1,select_coverage,4.0,DAC,593,1779,,,386,1267,unacc,14296
19,8,17,Car Evaluation,1382,4,unacc,1,select_coverage,4.0,exact,593,1779,370.0,1213.0,215,713,unacc,29652
19,8,17,Car Evaluation,1382,4,unacc,1,select_coverage_CBA_M1,,DAC,172,567,,,138,490,unacc,4396
19,8,17,Car Evaluation,1382,4,unacc,1,select_coverage_CBA_M1,,exact,172,567,138.0,490.0,86,308,acc,11012
19,8,17,Car Evaluation,1382,4,unacc,2,select_coverage,1.0,exact,226,697,175.0,587.0,109,363,unacc,13620
19,8,17,Car Evaluation,1382,4,unacc,2,select_coverage,2.0,exact,432,1293,286.0,939.0,176,573,unacc,22692
19,8,17,Car Evaluation,1382,4,unacc,2,select_coverage,3.0,exact,540,1616,341.0,1116.0,201,663,unacc,27252
19,8,17,Car Evaluation,1382,4,unacc,2,select_coverage,4.0,exact,599,1799,372.0,1221.0,215,713,unacc,29844
19,8,17,Car Evaluation,1382,4,unacc,2,select_coverage_CBA_M1,,exact,174,575,139.0,494.0,86,308,acc,11100
19,8,19,Car Evaluation,1382,4,unacc,1,select_coverage,1.0,DAC,232,698,,,180,603,unacc,5640
19,8,19,Car Evaluation,1382,4,unacc,1,select_coverage,1.0,exact,232,698,180.0,603.0,106,356,unacc,13860
19,8,19,Car Evaluation,1382,4,unacc,1,select_coverage,2.0,DAC,426,1246,,,302,979,unacc,10160
19,8,19,Car Evaluation,1382,4,unacc,1,select_coverage,2.0,exact,426,1246,301.0,976.0,180,573,unacc,23252
19,8,19,Car Evaluation,1382,4,unacc,1,select_coverage,3.0,DAC,544,1584,,,377,1213,unacc,12928
19,8,19,Car Evaluation,1382,4,unacc,1,select_coverage,3.0,exact,544,1584,371.0,1192.0,214,678,unacc,28688
19,8,19,Car Evaluation,1382,4,unacc,1,select_coverage,4.0,DAC,616,1796,,,421,1349,unacc,14640
19,8,19,Car Evaluation,1382,4,unacc,1,select_coverage,4.0,exact,616,1796,410.0,1313.0,225,715,unacc,31728
19,8,19,Car Evaluation,1382,4,unacc,1,select_coverage_CBA_M1,,DAC,165,543,,,141,496,unacc,4216
19,8,19,Car Evaluation,1382,4,unacc,1,select_coverage_CBA_M1,,exact,165,543,141.0,496.0,85,300,good,11028
19,8,19,Car Evaluation,1382,4,unacc,2,select_coverage,1.0,exact,235,709,183.0,614.0,107,360,unacc,14084
19,8,19,Car Evaluation,1382,4,unacc,2,select_coverage,2.0,exact,427,1250,302.0,979.0,180,573,unacc,23320
19,8,19,Car Evaluation,1382,4,unacc,2,select_coverage,3.0,exact,546,1590,372.0,1195.0,213,674,unacc,28748
19,8,19,Car Evaluation,1382,4,unacc,2,select_coverage,4.0,exact,618,1801,411.0,1315.0,224,711,unacc,31780
19,8,19,Car Evaluation,1382,4,unacc,2,select_coverage_CBA_M1,,exact,166,546,142.0,499.0,85,300,good,11092
19,8,29,Car Evaluation,1382,4,unacc,1,select_coverage,1.0,DAC,216,639,,,170,554,unacc,5212
19,8,29,Car Evaluation,1382,4,unacc,1,select_coverage,1.0,exact,216,639,169.0,550.0,107,342,unacc,12916
19,8,29,Car Evaluation,1382,4,unacc,1,select_coverage,2.0,DAC,417,1205,,,291,939,unacc,9888
19,8,29,Car Evaluation,1382,4,unacc,1,select_coverage,2.0,exact,417,1205,286.0,923.0,184,584,unacc,22320
19,8,29,Car Evaluation,1382,4,unacc,1,select_coverage,3.0,DAC,510,1480,,,344,1114,unacc,12104
19,8,29,Car Evaluation,1382,4,unacc,1,select_coverage,3.0,exact,510,1480,335.0,1083.0,204,655,unacc,26304
19,8,29,Car Evaluation,1382,4,unacc,1,select_coverage,4.0,DAC,577,1676,,,381,1233,unacc,13692
19,8,29,Car Evaluation,1382,4,unacc,1,select_coverage,4.0,exact,577,1676,372.0,1202.0,219,701,unacc,29228
19,8,29,Car Evaluation,1382,4,unacc,1,select_coverage_CBA_M1,,DAC,141,464,,,119,425,unacc,3612
19,8,29,Car Evaluation,1382,4,unacc,1,select_coverage_CBA_M1,,exact,141,464,118.0,421.0,74,265,unacc,9352
19,8,29,Car Evaluation,1382,4,unacc,2,select_coverage,1.0,exact,217,643,170.0,554.0,107,342,unacc,12988
19,8,29,Car Evaluation,1382,4,unacc,2,select_coverage,2.0,exact,418,1209,287.0,927.0,184,584,unacc,22392
19,8,29,Car Evaluation,1382,4,unacc,2,select_coverage,3.0,exact,513,1492,337.0,1091.0,205,659,unacc,26480
19,8,29,Car Evaluation,1382,4,unacc,2,select_coverage,4.0,exact,580,1689,376.0,1218.0,220,705,unacc,29520
19,8,29,Car Evaluation,1382,4,unacc,2,select_coverage_CBA_M1,,exact,141,464,118.0,421.0,74,265,unacc,9352
19,8,31,Car Evaluation,1382,4,unacc,1,select_coverage,1.0,DAC,236,730,,,183,628,unacc,5816
19,8,31,Car Evaluation,1382,4,unacc,1,select_coverage,1.0,exact,236,730,181.0,620.0,122,421,unacc,14356
19,8,31,Car Evaluation,1382,4,unacc,1,select_coverage,2.0,DAC,418,1230,,,289,962,unacc,10000
19,8,31,Car Evaluation,1382,4,unacc,1,select_coverage,2.0,exact,418,1230,285.0,947.0,185,614,unacc,22596
19,8,31,Car Evaluation,1382,4,unacc,1,select_coverage,3.0,DAC,512,1523,,,353,1172,unacc,12300
19,8,31,Car Evaluation,1382,4,unacc,1,select_coverage,3.0,exact,512,1523,341.0,1129.0,222,738,unacc,27232
19,8,31,Car Evaluation,1382,4,unacc,1,select_coverage,4.0,DAC,582,1739,,,393,1304,unacc,14004
19,8,31,Car Evaluation,1382,4,unacc,1,select_coverage,4.0,exact,582,1739,377.0,1248.0,235,787,unacc,30208
19,8,31,Car Evaluation,1382,4,unacc,1,select_coverage_CBA_M1,,DAC,154,524,,,129,473,unacc,4008
19,8,31,Car Evaluation,1382,4,unacc,1,select_coverage_CBA_M1,,exact,154,524,129.0,473.0,93,340,unacc,10540
19,8,31,Car Evaluation,1382,4,unacc,2,select_coverage,1.0,exact,236,730,181.0,620.0,122,421,unacc,14356
19,8,31,Car Evaluation,1382,4,unacc,2,select_coverage,2.0,exact,419,1233,286.0,950.0,186,617,unacc,22672
19,8,31,Car Evaluation,1382,4,unacc,2,select_coverage,3.0,exact,515,1534,342.0,1132.0,222,738,unacc,27328
19,8,31,Car Evaluation,1382,4,unacc,2,select_coverage,4.0,exact,587,1758,380.0,1260.0,235,787,unacc,30452
19,8,31,Car Evaluation,1382,4,unacc,2,select_coverage_CBA_M1,,exact,154,524,129.0,473.0,93,340,unacc,10540
19,8,34,Car Evaluation,1382,4,unacc,1,select_coverage,1.0,DAC,238,730,,,184,624,unacc,5840
19,8,34,Car Evaluation,1382,4,unacc,1,select_coverage,1.0,exact,238,730,183.0,620.0,117,395,unacc,14332
19,8,34,Car Evaluation,1382,4,unacc,1,select_coverage,2.0,DAC,444,1312,,,308,1015,unacc,10640
19,8,34,Car Evaluation,1382,4,unacc,1,select_coverage,2.0,exact,444,1312,300.0,986.0,184,602,unacc,23632
19,8,34,Car Evaluation,1382,4,unacc,1,select_coverage,3.0,DAC,571,1705,,,391,1288,unacc,13736
19,8,34,Car Evaluation,1382,4,unacc,1,select_coverage,3.0,exact,571,1705,376.0,1234.0,215,706,unacc,29652
19,8,34,Car Evaluation,1382,4,unacc,1,select_coverage,4.0,DAC,654,1950,,,437,1431,unacc,15712
19,8,34,Car Evaluation,1382,4,unacc,1,select_coverage,4.0,exact,654,1950,418.0,1363.0,227,747,unacc,32992
19,8,34,Car Evaluation,1382,4,unacc,1,select_coverage_CBA_M1,,DAC,174,589,,,147,532,unacc,4508
19,8,34,Car Evaluation,1382,4,unacc,1,select_coverage_CBA_M1,,exact,174,589,146.0,528.0,93,343,unacc,11712
19,8,34,Car Evaluation,1382,4,unacc,2,select_coverage,1.0,exact,240,738,184.0,624.0,117,395,unacc,14420
19,8,34,Car Evaluation,1382,4,unacc,2,select_coverage,2.0,exact,448,1327,304.0,1000.0,186,610,unacc,23940
19,8,34,Car Evaluation,1382,4,unacc,2,select_coverage,3.0,exact,575,1722,380.0,1250.0,216,710,unacc,29960
19,8,34,Car Evaluation,1382,4,unacc,2,select_coverage,4.0,exact,656,1958,420.0,1371.0,228,751,unacc,33152
19,8,34,Car Evaluation,1382,4,unacc,2,select_coverage_CBA_M1,,exact,174,589,146.0,528.0,93,343,unacc,11712
19,8,42,Car Evaluation,1382,4,unacc,1,select_coverage,1.0,DAC,240,733,,,190,642,unacc,5876
19,8,42,Car Evaluation,1382,4,unacc,1,select_coverage,1.0,exact,240,733,189.0,639.0,129,435,unacc,14820
19,8,42,Car Evaluation,1382,4,unacc,1,select_coverage,2.0,DAC,418,1247,,,309,1012,unacc,10068
19,8,42,Car Evaluation,1382,4,unacc,1,select_coverage,2.0,exact,418,1247,304.0,997.0,196,639,unacc,23724
19,8,42,Car Evaluation,1382,4,unacc,1,select_coverage,3.0,DAC,536,1583,,,384,1240,unacc,12828
19,8,42,Car Evaluation,1382,4,unacc,1,select_coverage,3.0,exact,536,1583,373.0,1204.0,228,736,unacc,29044
19,8,42,Car Evaluation,1382,4,unacc,1,select_coverage,4.0,DAC,603,1776,,,421,1357,unacc,14404
19,8,42,Car Evaluation,1382,4,unacc,1,select_coverage,4.0,exact,603,1776,405.0,1306.0,233,752,unacc,31568
19,8,42,Car Evaluation,1382,4,unacc,1,select_coverage_CBA_M1,,DAC,163,559,,,141,517,unacc,4256
19,8,42,Car Evaluation,1382,4,unacc,1,select_coverage_CBA_M1,,exact,163,559,141.0,517.0,104,379,unacc,11492
19,8,42,Car Evaluation,1382,4,unacc,2,select_coverage,1.0,exact,241,738,190.0,644.0,129,435,unacc,14900
19,8,42,Car Evaluation,1382,4,unacc,2,select_coverage,2.0,exact,418,1247,304.0,997.0,196,639,unacc,23724
19,8,42,Car Evaluation,1382,4,unacc,2,select_coverage,3.0,exact,537,1586,375.0,1210.0,228,736,unacc,29160
19,8,42,Car Evaluation,1382,4,unacc,2,select_coverage,4.0,exact,604,1779,406.0,1309.0,233,752,unacc,31632
19,8,42,Car Evaluation,1382,4,unacc,2,select_coverage_CBA_M1,,exact,164,562,142.0,520.0,105,382,unacc,11568
19,8,49,Car Evaluation,1382,4,unacc,1,select_coverage,1.0,DAC,243,757,,,189,640,unacc,6008
19,8,49,Car Evaluation,1382,4,unacc,1,select_coverage,1.0,exact,243,757,188.0,636.0,120,409,unacc,14760
19,8,49,Car Evaluation,1382,4,unacc,1,select_coverage,2.0,DAC,426,1253,,,295,960,unacc,10188
19,8,49,Car Evaluation,1382,4,unacc,1,select_coverage,2.0,exact,426,1253,290.0,943.0,190,615,unacc,22876
19,8,49,Car Evaluation,1382,4,unacc,1,select_coverage,3.0,DAC,541,1589,,,367,1189,unacc,12912
19,8,49,Car Evaluation,1382,4,unacc,1,select_coverage,3.0,exact,541,1589,358.0,1157.0,227,740,unacc,28296
19,8,49,Car Evaluation,1382,4,unacc,1,select_coverage,4.0,DAC,609,1788,,,406,1312,unacc,14524
19,8,49,Car Evaluation,1382,4,unacc,1,select_coverage,4.0,exact,609,1788,392.0,1265.0,242,789,unacc,31080
19,8,49,Car Evaluation,1382,4,unacc,1,select_coverage_CBA_M1,,DAC,178,599,,,151,541,unacc,4596
19,8,49,Car Evaluation,1382,4,unacc,1,select_coverage_CBA_M1,,exact,178,599,150.0,537.0,99,358,unacc,12008
19,8,49,Car Evaluation,1382,4,unacc,2,select_coverage,1.0,exact,243,757,188.0,636.0,120,409,unacc,14760
19,8,49,Car Evaluation,1382,4,unacc,2,select_coverage,2.0,exact,430,1265,293.0,952.0,190,615,unacc,23080
19,8,49,Car Evaluation,1382,4,unacc,2,select_coverage,3.0,exact,545,1601,362.0,1169.0,230,749,unacc,28588
19,8,49,Car Evaluation,1382,4,unacc,2,select_coverage,4.0,exact,611,1794,394.0,1271.0,242,789,unacc,31208
19,8,49,Car Evaluation,1382,4,unacc,2,select_coverage_CBA_M1,,exact,176,593,148.0,531.0,98,355,unacc,11868
19,8,63,Car Evaluation,1382,4,unacc,1,select_coverage,1.0,DAC,229,691,,,167,576,unacc,5576
19,8,63,Car Evaluation,1382,4,unacc,1,select_coverage,1.0,exact,229,691,166.0,572.0,114,394,unacc,13300
19,8,63,Car Evaluation,1382,4,unacc,1,select_coverage,2.0,DAC,433,1288,,,299,999,unacc,10412
19,8,63,Car Evaluation,1382,4,unacc,1,select_coverage,2.0,exact,433,1288,293.0,979.0,197,659,unacc,23456
19,8,63,Car Evaluation,1382,4,unacc,1,select_coverage,3.0,DAC,535,1585,,,356,1183,unacc,12824
19,8,63,Car Evaluation,1382,4,unacc,1,select_coverage,3.0,exact,535,1585,347.0,1154.0,220,731,unacc,27792
19,8,63,Car Evaluation,1382,4,unacc,1,select_coverage,4.0,DAC,616,1822,,,403,1329,unacc,14744
19,8,63,Car Evaluation,1382,4,unacc,1,select_coverage,4.0,exact,616,1822,390.0,1288.0,237,787,unacc,31220
19,8,63,Car Evaluation,1382,4,unacc,1,select_coverage_CBA_M1,,DAC,148,500,,,121,446,unacc,3840
19,8,63,Car Evaluation,1382,4,unacc,1,select_coverage_CBA_M1,,exact,148,500,121.0,446.0,89,333,unacc,9988
19,8,63,Car Evaluation,1382,4,unacc,2,select_coverage,1.0,exact,229,691,166.0,572.0,114,394,unacc,13300
19,8,63,Car Evaluation,1382,4,unacc,2,select_coverage,2.0,exact,439,1308,298.0,995.0,197,659,unacc,23800
19,8,63,Car Evaluation,1382,4,unacc,2,select_coverage,3.0,exact,541,1609,353.0,1177.0,226,754,unacc,28312
19,8,63,Car Evaluation,1382,4,unacc,2,select_coverage,4.0,exact,624,1852,396.0,1311.0,240,799,unacc,31720
19,8,63,Car Evaluation,1382,4,unacc,2,select_coverage_CBA_M1,,exact,152,514,124.0,457.0,90,337,unacc,10224
19,8,64,Car Evaluation,1382,4,unacc,1,select_coverage,1.0,DAC,231,698,,,183,619,unacc,5628
19,8,64,Car Evaluation,1382,4,unacc,1,select_coverage,1.0,exact,231,698,179.0,607.0,125,425,unacc,14112
19,8,64,Car Evaluation,1382,4,unacc,1,select_coverage,2.0,DAC,436,1287,,,308,1021,unacc,10444
19,8,64,Car Evaluation,1382,4,unacc,1,select_coverage,2.0,exact,436,1287,301.0,998.0,194,646,unacc,23796
19,8,64,Car Evaluation,1382,4,unacc,1,select_coverage,3.0,DAC,558,1649,,,385,1268,unacc,13356
19,8,64,Car Evaluation,1382,4,unacc,1,select_coverage,3.0,exact,558,1649,373.0,1229.0,227,751,unacc,29468
19,8,64,Car Evaluation,1382,4,unacc,1,select_coverage,4.0,DAC,625,1860,,,428,1411,unacc,15004
19,8,64,Car Evaluation,1382,4,unacc,1,select_coverage,4.0,exact,625,1860,411.0,1356.0,239,793,unacc,32508
19,8,64,Car Evaluation,1382,4,unacc,1,select_coverage_CBA_M1,,DAC,164,554,,,142,516,unacc,4248
19,8,64,Car Evaluation,1382,4,unacc,1,select_coverage_CBA_M1,,exact,164,554,141.0,513.0,100,368,unacc,11412
19,8,64,Car Evaluation,1382,4,unacc,2,select_coverage,1.0,exact,231,698,179.0,607.0,125,425,unacc,14112
19,8,64,Car Evaluation,1382,4,unacc,2,select_coverage,2.0,exact,437,1292,303.0,1006.0,194,646,unacc,23928
19,8,64,Car Evaluation,1382,4,unacc,2,select_coverage,3.0,exact,560,1657,375.0,1236.0,228,755,unacc,29624
19,8,64,Car Evaluation,1382,4,unacc,2,select_coverage,4.0,exact,629,1875,413.0,1364.0,239,793,unacc,32680
19,8,64,Car Evaluation,1382,4,unacc,2,select_coverage_CBA_M1,,exact,164,554,141.0,513.0,100,368,unacc,11412
19,8,65,Car Evaluation,1382,4,unacc,1,select_coverage,1.0,DAC,238,737,,,182,625,unacc,5868
19,8,65,Car Evaluation,1382,4,unacc,1,select_coverage,1.0,exact,238,737,175.0,600.0,115,395,unacc,13960
19,8,65,Car Evaluation,1382,4,unacc,1,select_coverage,2.0,DAC,421,1251,,,297,993,unacc,10120
19,8,65,Car Evaluation,1382,4,unacc,1,select_coverage,2.0,exact,421,1251,286.0,955.0,177,592,unacc,22664
19,8,65,Car Evaluation,1382,4,unacc,1,select_coverage,3.0,DAC,528,1572,,,354,1177,unacc,12688
19,8,65,Car Evaluation,1382,4,unacc,1,select_coverage,3.0,exact,528,1572,337.0,1120.0,202,676,unacc,26984
19,8,65,Car Evaluation,1382,4,unacc,1,select_coverage,4.0,DAC,597,1792,,,401,1335,unacc,14396
19,8,65,Car Evaluation,1382,4,unacc,1,select_coverage,4.0,exact,597,1792,383.0,1275.0,220,740,unacc,30580
19,8,65,Car Evaluation,1382,4,unacc,1,select_coverage_CBA_M1,,DAC,161,556,,,141,523,unacc,4220
19,8,65,Car Evaluation,1382,4,unacc,1,select_coverage_CBA_M1,,exact,161,556,137.0,508.0,90,339,unacc,11124
19,8,65,Car Evaluation,1382,4,unacc,2,select_coverage,1.0,exact,239,741,176.0,604.0,116,399,unacc,14048
19,8,65,Car Evaluation,1382,4,unacc,2,select_coverage,2.0,exact,422,1255,287.0,959.0,178,596,unacc,22752
19,8,65,Car Evaluation,1382,4,unacc,2,select_coverage,3.0,exact,529,1576,338.0,1124.0,202,676,unacc,27056
19,8,65,Car Evaluation,1382,4,unacc,2,select_coverage,4.0,exact,598,1794,385.0,1280.0,221,742,unacc,30696
19,8,65,Car Evaluation,1382,4,unacc,2,select_coverage_CBA_M1,,exact,160,553,136.0,505.0,90,339,unacc,11060
19,8,68,Car Evaluation,1382,4,unacc,1,select_coverage,1.0,DAC,231,707,,,186,623,unacc,5664
19,8,68,Car Evaluation,1382,4,unacc,1,select_coverage,1.0,exact,231,707,186.0,623.0,108,369,unacc,14268
19,8,68,Car Evaluation,1382,4,unacc,1,select_coverage,2.0,DAC,430,1254,,,297,977,unacc,10240
19,8,68,Car Evaluation,1382,4,unacc,1,select_coverage,2.0,exact,430,1254,293.0,964.0,180,597,unacc,23012
19,8,68,Car Evaluation,1382,4,unacc,1,select_coverage,3.0,DAC,520,1525,,,350,1148,unacc,12404
19,8,68,Car Evaluation,1382,4,unacc,1,select_coverage,3.0,exact,520,1525,336.0,1103.0,199,658,unacc,26616
19,8,68,Car Evaluation,1382,4,unacc,1,select_coverage,4.0,DAC,593,1736,,,401,1298,unacc,14124
19,8,68,Car Evaluation,1382,4,unacc,1,select_coverage,4.0,exact,593,1736,377.0,1221.0,217,713,unacc,29792
19,8,68,Car Evaluation,1382,4,unacc,1,select_coverage_CBA_M1,,DAC,158,527,,,133,479,unacc,4068
19,8,68,Car Evaluation,1382,4,unacc,1,select_coverage_CBA_M1,,exact,158,527,133.0,479.0,80,298,unacc,10568
19,8,68,Car Evaluation,1382,4,unacc,2,select_coverage,1.0,exact,232,711,186.0,623.0,108,369,unacc,14284
19,8,68,Car Evaluation,1382,4,unacc,2,select_coverage,2.0,exact,431,1257,293.0,964.0,180,597,unacc,23024
19,8,68,Car Evaluation,1382,4,unacc,2,select_coverage,3.0,exact,523,1535,337.0,1107.0,200,662,unacc,26728
19,8,68,Car Evaluation,1382,4,unacc,2,select_coverage,4.0,exact,596,1747,378.0,1224.0,217,713,unacc,29888
19,8,68,Car Evaluation,1382,4,unacc,2,select_coverage_CBA_M1,,exact,158,527,133.0,479.0,80,298,unacc,10568
19,8,74,Car Evaluation,1382,4,unacc,1,select_coverage,1.0,DAC,225,684,,,177,598,unacc,5500
19,8,74,Car Evaluation,1382,4,unacc,1,select_coverage,1.0,exact,225,684,174.0,587.0,117,400,unacc,13676
19,8,74,Car Evaluation,1382,4,unacc,1,select_coverage,2.0,DAC,419,1222,,,297,960,unacc,9980
19,8,74,Car Evaluation,1382,4,unacc,1,select_coverage,2.0,exact,419,1222,288.0,930.0,183,596,unacc,22544
19,8,74,Car Evaluation,1382,4,unacc,1,select_coverage,3.0,DAC,513,1501,,,352,1140,unacc,12224
19,8,74,Car Evaluation,1382,4,unacc,1,select_coverage,3.0,exact,513,1501,342.0,1107.0,204,671,unacc,26828
19,8,74,Car Evaluation,1382,4,unacc,1,select_coverage,4.0,DAC,590,1741,,,400,1301,unacc,14108
19,8,74,Car Evaluation,1382,4,unacc,1,select_coverage,4.0,exact,590,1741,385.0,1251.0,226,749,unacc,30396
19,8,74,Car Evaluation,1382,4,unacc,1,select_coverage_CBA_M1,,DAC,149,499,,,130,471,unacc,3848
19,8,74,Car Evaluation,1382,4,unacc,1,select_coverage_CBA_M1,,exact,149,499,128.0,464.0,87,322,unacc,10292
19,8,74,Car Evaluation,1382,4,unacc,2,select_coverage,1.0,exact,226,688,175.0,591.0,118,404,unacc,13764
19,8,74,Car Evaluation,1382,4,unacc,2,select_coverage,2.0,exact,419,1223,288.0,931.0,183,596,unacc,22552
19,8,74,Car Evaluation,1382,4,unacc,2,select_coverage,3.0,exact,517,1515,346.0,1121.0,206,678,unacc,27128
19,8,74,Car Evaluation,1382,4,unacc,2,select_coverage,4.0,exact,593,1752,388.0,1262.0,227,753,unacc,30620
19,8,74,Car Evaluation,1382,4,unacc,2,select_coverage_CBA_M1,,exact,148,496,127.0,461.0,87,322,unacc,10228
19,8,76,Car Evaluation,1382,4,unacc,1,select_coverage,1.0,DAC,239,728,,,177,603,unacc,5844
19,8,76,Car Evaluation,1382,4,unacc,1,select_coverage,1.0,exact,239,728,176.0,599.0,120,403,unacc,13992
19,8,76,Car Evaluation,1382,4,unacc,1,select_coverage,2.0,DAC,418,1225,,,288,941,unacc,9980
19,8,76,Car Evaluation,1382,4,unacc,1,select_coverage,2.0,exact,418,1225,283.0,924.0,184,596,unacc,22332
19,8,76,Car Evaluation,1382,4,unacc,1,select_coverage,3.0,DAC,532,1557,,,352,1150,unacc,12676
19,8,76,Car Evaluation,1382,4,unacc,1,select_coverage,3.0,exact,532,1557,346.0,1130.0,214,695,unacc,27400
19,8,76,Car Evaluation,1382,4,unacc,1,select_coverage,4.0,DAC,614,1803,,,396,1292,unacc,14644
19,8,76,Car Evaluation,1382,4,unacc,1,select_coverage,4.0,exact,614,1803,383.0,1250.0,223,724,unacc,30460
19,8,76,Car Evaluation,1382,4,unacc,1,select_coverage_CBA_M1,,DAC,154,516,,,128,465,unacc,3976
19,8,76,Car Evaluation,1382,4,unacc,1,select_coverage_CBA_M1,,exact,154,516,128.0,465.0,92,332,acc,10404
19,8,76,Car Evaluation,1382,4,unacc,2,select_coverage,1.0,exact,241,736,178.0,607.0,122,411,unacc,14168
19,8,76,Car Evaluation,1382,4,unacc,2,select_coverage,2.0,exact,418,1226,283.0,925.0,183,594,unacc,22332
19,8,76,Car Evaluation,1382,4,unacc,2,select_coverage,3.0,exact,538,1577,351.0,1146.0,216,701,unacc,27768
19,8,76,Car Evaluation,1382,4,unacc,2,select_coverage,4.0,exact,616,1810,386.0,1259.0,224,727,unacc,30656
19,8,76,Car Evaluation,1382,4,unacc,2,select_coverage_CBA_M1,,exact,142,471,116.0,420.0,84,301,acc,9440
19,8,100,Car Evaluation,1382,4,unacc,1,select_coverage,1.0,DAC,221,664,,,155,528,unacc,5372
19,8,100,Car Evaluation,1382,4,unacc,1,select_coverage,1.0,exact,221,664,153.0,520.0,107,370,unacc,12368
19,8,100,Car Evaluation,1382,4,unacc,1,select_coverage,2.0,DAC,405,1196,,,268,887,unacc,9708
19,8,100,Car Evaluation,1382,4,unacc,1,select_coverage,2.0,exact,405,1196,265.0,876.0,168,556,unacc,21144
19,8,100,Car Evaluation,1382,4,unacc,1,select_coverage,3.0,DAC,519,1527,,,336,1102,unacc,12400
19,8,100,Car Evaluation,1382,4,unacc,1,select_coverage,3.0,exact,519,1527,327.0,1072.0,198,657,unacc,26136
19,8,100,Car Evaluation,1382,4,unacc,1,select_coverage,4.0,DAC,575,1682,,,369,1202,unacc,13692
19,8,100,Car Evaluation,1382,4,unacc,1,select_coverage,4.0,exact,575,1682,356.0,1160.0,206,681,unacc,28364
19,8,100,Car Evaluation,1382,4,unacc,1,select_coverage_CBA_M1,,DAC,136,455,,,113,411,unacc,3516
19,8,100,Car Evaluation,1382,4,unacc,1,select_coverage_CBA_M1,,exact,136,455,112.0,407.0,83,308,acc,9192
19,8,100,Car Evaluation,1382,4,unacc,2,select_coverage,1.0,exact,221,664,153.0,520.0,107,370,unacc,12368
19,8,100,Car Evaluation,1382,4,unacc,2,select_coverage,2.0,exact,405,1195,264.0,872.0,168,556,unacc,21084
19,8,100,Car Evaluation,1382,4,unacc,2,select_coverage,3.0,exact,520,1531,329.0,1080.0,199,661,unacc,26280
19,8,100,Car Evaluation,1382,4,unacc,2,select_coverage,4.0,exact,576,1686,357.0,1164.0,205,677,unacc,28420
19,8,100,Car Evaluation,1382,4,unacc,2,select_coverage_CBA_M1,,exact,143,474,118.0,425.0,86,317,unacc,9616
19,8,114,Car Evaluation,1382,4,unacc,1,select_coverage,1.0,DAC,238,749,,,188,660,unacc,5916
19,8,114,Car Evaluation,1382,4,unacc,1,select_coverage,1.0,exact,238,749,184.0,645.0,120,426,unacc,14672
19,8,114,Car Evaluation,1382,4,unacc,1,select_coverage,2.0,DAC,451,1341,,,321,1078,unacc,10840
19,8,114,Car Evaluation,1382,4,unacc,1,select_coverage,2.0,exact,451,1341,313.0,1049.0,203,686,unacc,24856
19,8,114,Car Evaluation,1382,4,unacc,1,select_coverage,3.0,DAC,568,1710,,,402,1345,unacc,13720
19,8,114,Car Evaluation,1382,4,unacc,1,select_coverage,3.0,exact,568,1710,387.0,1292.0,237,806,unacc,30744
19,8,114,Car Evaluation,1382,4,unacc,1,select_coverage,4.0,DAC,640,1933,,,450,1498,unacc,15476
19,8,114,Car Evaluation,1382,4,unacc,1,select_coverage,4.0,exact,640,1933,425.0,1412.0,252,854,unacc,33828
19,8,114,Car Evaluation,1382,4,unacc,1,select_coverage_CBA_M1,,DAC,163,570,,,139,524,unacc,4300
19,8,114,Car Evaluation,1382,4,unacc,1,select_coverage_CBA_M1,,exact,163,570,137.0,517.0,94,361,unacc,11304
19,8,114,Car Evaluation,1382,4,unacc,2,select_coverage,1.0,exact,239,755,185.0,649.0,121,430,unacc,14768
19,8,114,Car Evaluation,1382,4,unacc,2,select_coverage,2.0,exact,455,1355,315.0,1056.0,204,690,unacc,25036
19,8,114,Car Evaluation,1382,4,unacc,2,select_coverage,3.0,exact,568,1712,387.0,1294.0,237,806,unacc,30760
19,8,114,Car Evaluation,1382,4,unacc,2,select_coverage,4.0,exact,643,1944,427.0,1420.0,253,858,unacc,34000
19,8,114,Car Evaluation,1382,4,unacc,2,select_coverage_CBA_M1,,exact,163,570,137.0,517.0,94,361,unacc,11304
19,8,133,Car Evaluation,1382,4,unacc,1,select_coverage,1.0,DAC,241,745,,,187,642,unacc,5936
19,8,133,Car Evaluation,1382,4,unacc,1,select_coverage,1.0,exact,241,745,186.0,638.0,121,410,unacc,14644
19,8,133,Car Evaluation,1382,4,unacc,1,select_coverage,2.0,DAC,448,1351,,,310,1053,unacc,10844
19,8,133,Car Evaluation,1382,4,unacc,1,select_coverage,2.0,exact,448,1351,302.0,1028.0,197,666,unacc,24292
19,8,133,Car Evaluation,1382,4,unacc,1,select_coverage,3.0,DAC,573,1735,,,391,1311,unacc,13880
19,8,133,Car Evaluation,1382,4,unacc,1,select_coverage,3.0,exact,573,1735,379.0,1273.0,234,789,unacc,30380
19,8,133,Car Evaluation,1382,4,unacc,1,select_coverage,4.0,DAC,673,2034,,,438,1473,unacc,16276
19,8,133,Car Evaluation,1382,4,unacc,1,select_coverage,4.0,exact,673,2034,420.0,1415.0,256,871,unacc,34112
19,8,133,Car Evaluation,1382,4,unacc,1,select_coverage_CBA_M1,,DAC,159,538,,,136,493,unacc,4124
19,8,133,Car Evaluation,1382,4,unacc,1,select_coverage_CBA_M1,,exact,159,538,135.0,489.0,87,316,unacc,10804
19,8,133,Car Evaluation,1382,4,unacc,2,select_coverage,1.0,exact,241,745,186.0,638.0,121,410,unacc,14644
19,8,133,Car Evaluation,1382,4,unacc,2,select_coverage,2.0,exact,449,1356,303.0,1033.0,198,670,unacc,24388
19,8,133,Car Evaluation,1382,4,unacc,2,select_coverage,3.0,exact,576,1745,382.0,1283.0,235,793,unacc,30596
19,8,133,Car Evaluation,1382,4,unacc,2,select_coverage,4.0,exact,678,2052,424.0,1429.0,257,875,unacc,34416
19,8,133,Car Evaluation,1382,4,unacc,2,select_coverage_CBA_M1,,exact,159,538,135.0,489.0,87,316,unacc,10804
19,8,138,Car Evaluation,1382,4,unacc,1,select_coverage,1.0,DAC,229,701,,,178,607,acc,5616
19,8,138,Car Evaluation,1382,4,unacc,1,select_coverage,1.0,exact,229,701,174.0,594.0,109,374,unacc,13668
19,8,138,Car Evaluation,1382,4,unacc,1,select_coverage,2.0,DAC,425,1255,,,298,986,unacc,10184
19,8,138,Car Evaluation,1382,4,unacc,1,select_coverage,2.0,exact,425,1255,288.0,951.0,184,600,unacc,22776
19,8,138,Car Evaluation,1382,4,unacc,1,select_coverage,3.0,DAC,536,1578,,,353,1170,unacc,12808
19,8,138,Car Evaluation,1382,4,unacc,1,select_coverage,3.0,exact,536,1578,342.0,1132.0,209,687,unacc,27300
19,8,138,Car Evaluation,1382,4,unacc,1,select_coverage,4.0,DAC,603,1775,,,389,1283,unacc,14400
19,8,138,Car Evaluation,1382,4,unacc,1,select_coverage,4.0,exact,603,1775,376.0,1238.0,221,725,unacc,30024
19,8,138,Car Evaluation,1382,4,unacc,1,select_coverage_CBA_M1,,DAC,157,528,,,133,482,unacc,4060
19,8,138,Car Evaluation,1382,4,unacc,1,select_coverage_CBA_M1,,exact,157,528,131.0,475.0,83,304,unacc,10500
19,8,138,Car Evaluation,1382,4,unacc,2,select_coverage,1.0,exact,231,710,176.0,603.0,109,374,unacc,13820
19,8,138,Car Evaluation,1382,4,unacc,2,select_coverage,2.0,exact,428,1265,290.0,958.0,185,603,unacc,22936
19,8,138,Car Evaluation,1382,4,unacc,2,select_coverage,3.0,exact,541,1599,346.0,1149.0,210,692,unacc,27632
19,8,138,Car Evaluation,1382,4,unacc,2,select_coverage,4.0,exact,610,1800,381.0,1256.0,224,736,unacc,30440
19,8,138,Car Evaluation,1382,4,unacc,2,select_coverage_CBA_M1,,exact,157,528,131.0,475.0,83,304,unacc,10500
19,8,148,Car Evaluation,1382,4,unacc,1,select_coverage,1.0,DAC,243,738,,,195,655,unacc,5932
19,8,148,Car Evaluation,1382,4,unacc,1,select_coverage,1.0,exact,243,738,195.0,655.0,121,401,unacc,15008
19,8,148,Car Evaluation,1382,4,unacc,1,select_coverage,2.0,DAC,419,1238,,,299,989,unacc,10044
19,8,148,Car Evaluation,1382,4,unacc,1,select_coverage,2.0,exact,419,1238,293.0,968.0,191,626,unacc,23080
19,8,148,Car Evaluation,1382,4,unacc,1,select_coverage,3.0,DAC,522,1548,,,364,1199,unacc,12520
19,8,148,Car Evaluation,1382,4,unacc,1,select_coverage,3.0,exact,522,1548,352.0,1158.0,214,701,unacc,27740
19,8,148,Car Evaluation,1382,4,unacc,1,select_coverage,4.0,DAC,598,1783,,,411,1351,unacc,14372
19,8,148,Car Evaluation,1382,4,unacc,1,select_coverage,4.0,exact,598,1783,395.0,1296.0,228,742,unacc,31116
19,8,148,Car Evaluation,1382,4,unacc,1,select_coverage_CBA_M1,,DAC,157,525,,,134,479,unacc,4048
19,8,148,Car Evaluation,1382,4,unacc,1,select_coverage_CBA_M1,,exact,157,525,134.0,479.0,90,318,acc,10680
19,8,148,Car Evaluation,1382,4,unacc,2,select_coverage,1.0,exact,242,735,194.0,652.0,120,398,unacc,14932
19,8,148,Car Evaluation,1382,4,unacc,2,select_coverage,2.0,exact,420,1243,294.0,972.0,191,626,unacc,23156
19,8,148,Car Evaluation,1382,4,unacc,2,select_coverage,3.0,exact,527,1567,356.0,1173.0,214,701,unacc,28036
19,8,148,Car Evaluation,1382,4,unacc,2,select_coverage,4.0,exact,603,1802,398.0,1307.0,230,750,unacc,31388
19,8,148,Car Evaluation,1382,4,unacc,2,select_coverage_CBA_M1,,exact,148,494,125.0,448.0,83,294,acc,9976
19,9,5,Car Evaluation,1382,4,unacc,1,select_coverage,1.0,DAC,238,711,,,179,589,unacc,5772
19,9,5,Car Evaluation,1382,4,unacc,1,select_coverage,1.0,exact,238,711,173.0,568.0,119,392,unacc,13636
19,9,5,Car Evaluation,1382,4,unacc,1,select_coverage,2.0,DAC,419,1213,,,285,924,unacc,9952
19,9,5,Car Evaluation,1382,4,unacc,1,select_coverage,2.0,exact,419,1213,274.0,887.0,185,598,unacc,21784
19,9,5,Car Evaluation,1382,4,unacc,1,select_coverage,3.0,DAC,528,1521,,,352,1123,unacc,12492
19,9,5,Car Evaluation,1382,4,unacc,1,select_coverage,3.0,exact,528,1521,335.0,1068.0,211,679,unacc,26504
19,9,5,Car Evaluation,1382,4,unacc,1,select_coverage,4.0,DAC,592,1708,,,396,1255,unacc,14008
19,9,5,Car Evaluation,1382,4,unacc,1,select_coverage,4.0,exact,592,1708,372.0,1179.0,226,721,unacc,29344
19,9,5,Car Evaluation,1382,4,unacc,1,select_coverage_CBA_M1,,DAC,170,553,,,142,498,unacc,4324
19,9,5,Car Evaluation,1382,4,unacc,1,select_coverage_CBA_M1,,exact,170,553,138.0,483.0,97,345,unacc,11076
19,9,5,Car Evaluation,1382,4,unacc,2,select_coverage,1.0,exact,239,714,174.0,571.0,119,392,unacc,13700
19,9,5,Car Evaluation,1382,4,unacc,2,select_coverage,2.0,exact,423,1225,276.0,893.0,185,598,unacc,21936
19,9,5,Car Evaluation,1382,4,unacc,2,select_coverage,3.0,exact,532,1535,336.0,1072.0,211,679,unacc,26616
19,9,5,Car Evaluation,1382,4,unacc,2,select_coverage,4.0,exact,594,1715,373.0,1183.0,227,725,unacc,29444
19,9,5,Car Evaluation,1382,4,unacc,2,select_coverage_CBA_M1,,exact,171,557,138.0,483.0,97,345,unacc,11092
19,9,14,Car Evaluation,1382,4,unacc,1,select_coverage,1.0,DAC,226,661,,,173,565,unacc,5428
19,9,14,Car Evaluation,1382,4,unacc,1,select_coverage,1.0,exact,226,661,170.0,555.0,105,350,unacc,13096
19,9,14,Car Evaluation,1382,4,unacc,1,select_coverage,2.0,DAC,403,1174,,,287,929,unacc,9604
19,9,14,Car Evaluation,1382,4,unacc,1,select_coverage,2.0,exact,403,1174,279.0,901.0,172,569,unacc,21768
19,9,14,Car Evaluation,1382,4,unacc,1,select_coverage,3.0,DAC,494,1452,,,349,1128,unacc,11808
19,9,14,Car Evaluation,1382,4,unacc,1,select_coverage,3.0,exact,494,1452,332.0,1071.0,196,650,unacc,26004
19,9,14,Car Evaluation,1382,4,unacc,1,select_coverage,4.0,DAC,546,1614,,,386,1245,unacc,13080
19,9,14,Car Evaluation,1382,4,unacc,1,select_coverage,4.0,exact,546,1614,363.0,1167.0,210,694,unacc,28452
19,9,14,Car Evaluation,1382,4,unacc,1,select_coverage_CBA_M1,,DAC,150,485,,,123,435,unacc,3812
19,9,14,Car Evaluation,1382,4,unacc,1,select_coverage_CBA_M1,,exact,150,485,123.0,435.0,82,296,unacc,9816
19,9,14,Car Evaluation,1382,4,unacc,2,select_coverage,1.0,exact,226,661,170.0,555.0,104,347,unacc,13084
19,9,14,Car Evaluation,1382,4,unacc,2,select_coverage,2.0,exact,405,1180,280.0,904.0,172,569,unacc,21844
19,9,14,Car Evaluation,1382,4,unacc,2,select_coverage,3.0,exact,501,1478,335.0,1084.0,198,659,unacc,26316
19,9,14,Car Evaluation,1382,4,unacc,2,select_coverage,4.0,exact,549,1627,365.0,1177.0,211,699,unacc,28644
19,9,14,Car Evaluation,1382,4,unacc,2,select_coverage_CBA_M1,,exact,154,497,125.0,439.0,84,300,acc,9976
19,9,17,Car Evaluation,1382,4,unacc,1,select_coverage,1.0,DAC,231,677,,,168,550,unacc,5552
19,9,17,Car Evaluation,1382,4,unacc,1,select_coverage,1.0,exact,231,677,167.0,546.0,94,304,unacc,12820
19,9,17,Car Evaluation,1382,4,unacc,1,select_coverage,2.0,DAC,400,1163,,,281,908,unacc,9524
19,9,17,Car Evaluation,1382,4,unacc,1,select_coverage,2.0,exact,400,1163,273.0,882.0,164,523,unacc,21224
19,9,17,Car Evaluation,1382,4,unacc,1,select_coverage,3.0,DAC,487,1424,,,326,1048,unacc,11612
19,9,17,Car Evaluation,1382,4,unacc,1,select_coverage,3.0,exact,487,1424,314.0,1010.0,184,584,unacc,24664
19,9,17,Car Evaluation,1382,4,unacc,1,select_coverage,4.0,DAC,546,1608,,,364,1171,unacc,13056
19,9,17,Car Evaluation,1382,4,unacc,1,select_coverage,4.0,exact,546,1608,347.0,1117.0,197,630,unacc,27332
19,9,17,Car Evaluation,1382,4,unacc,1,select_coverage_CBA_M1,,DAC,154,495,,,122,428,unacc,3900
19,9,17,Car Evaluation,1382,4,unacc,1,select_coverage_CBA_M1,,exact,154,495,122.0,428.0,71,250,acc,9604
19,9,17,Car Evaluation,1382,4,unacc,2,select_coverage,1.0,exact,232,684,167.0,549.0,95,308,unacc,12876
19,9,17,Car Evaluation,1382,4,unacc,2,select_coverage,2.0,exact,400,1165,273.0,884.0,164,523,unacc,21240
19,9,17,Car Evaluation,1382,4,unacc,2,select_coverage,3.0,exact,493,1446,320.0,1032.0,187,596,unacc,25128
19,9,17,Car Evaluation,1382,4,unacc,2,select_coverage,4.0,exact,554,1637,353.0,1139.0,199,638,unacc,27808
19,9,17,Car Evaluation,1382,4,unacc,2,select_coverage_CBA_M1,,exact,151,487,120.0,423.0,70,248,acc,9464
19,9,19,Car Evaluation,1382,4,unacc,1,select_coverage,1.0,DAC,233,693,,,178,595,unacc,5640
19,9,19,Car Evaluation,1382,4,unacc,1,select_coverage,1.0,exact,233,693,177.0,592.0,112,378,unacc,13764
19,9,19,Car Evaluation,1382,4,unacc,1,select_coverage,2.0,DAC,427,1239,,,298,964,unacc,10152
19,9,19,Car Evaluation,1382,4,unacc,1,select_coverage,2.0,exact,427,1239,290.0,937.0,183,592,unacc,22704
19,9,19,Car Evaluation,1382,4,unacc,1,select_coverage,3.0,DAC,528,1523,,,359,1151,unacc,12500
19,9,19,Car Evaluation,1382,4,unacc,1,select_coverage,3.0,exact,528,1523,349.0,1118.0,208,668,unacc,27228
19,9,19,Car Evaluation,1382,4,unacc,1,select_coverage,4.0,DAC,600,1744,,,405,1298,unacc,14248
19,9,19,Car Evaluation,1382,4,unacc,1,select_coverage,4.0,exact,600,1744,393.0,1259.0,229,737,unacc,30712
19,9,19,Car Evaluation,1382,4,unacc,1,select_coverage_CBA_M1,,DAC,169,552,,,142,504,unacc,4308
19,9,19,Car Evaluation,1382,4,unacc,1,select_coverage_CBA_M1,,exact,169,552,141.0,501.0,90,327,unacc,11192
19,9,19,Car Evaluation,1382,4,unacc,2,select_coverage,1.0,exact,233,693,177.0,592.0,112,378,unacc,13764
19,9,19,Car Evaluation,1382,4,unacc,2,select_coverage,2.0,exact,427,1239,291.0,940.0,182,589,unacc,22744
19,9,19,Car Evaluation,1382,4,unacc,2,select_coverage,3.0,exact,532,1535,353.0,1130.0,209,671,unacc,27496
19,9,19,Car Evaluation,1382,4,unacc,2,select_coverage,4.0,exact,603,1754,395.0,1266.0,230,740,unacc,30872
19,9,19,Car Evaluation,1382,4,unacc,2,select_coverage_CBA_M1,,exact,169,552,141.0,501.0,90,327,unacc,11192
19,9,29,Car Evaluation,1382,4,unacc,1,select_coverage,1.0,DAC,221,639,,,168,543,unacc,5280
19,9,29,Car Evaluation,1382,4,unacc,1,select_coverage,1.0,exact,221,639,168.0,543.0,106,340,unacc,12840
19,9,29,Car Evaluation,1382,4,unacc,1,select_coverage,2.0,DAC,402,1160,,,282,915,unacc,9536
19,9,29,Car Evaluation,1382,4,unacc,1,select_coverage,2.0,exact,402,1160,278.0,902.0,179,578,unacc,21712
19,9,29,Car Evaluation,1382,4,unacc,1,select_coverage,3.0,DAC,492,1437,,,344,1116,unacc,11724
19,9,29,Car Evaluation,1382,4,unacc,1,select_coverage,3.0,exact,492,1437,338.0,1097.0,210,684,unacc,26424
19,9,29,Car Evaluation,1382,4,unacc,1,select_coverage,4.0,DAC,560,1637,,,389,1254,unacc,13340
19,9,29,Car Evaluation,1382,4,unacc,1,select_coverage,4.0,exact,560,1637,379.0,1222.0,226,736,unacc,29572
19,9,29,Car Evaluation,1382,4,unacc,1,select_coverage_CBA_M1,,DAC,149,483,,,124,439,unacc,3792
19,9,29,Car Evaluation,1382,4,unacc,1,select_coverage_CBA_M1,,exact,149,483,124.0,439.0,78,277,unacc,9788
19,9,29,Car Evaluation,1382,4,unacc,2,select_coverage,1.0,exact,221,639,168.0,543.0,106,340,unacc,12840
19,9,29,Car Evaluation,1382,4,unacc,2,select_coverage,2.0,exact,403,1164,279.0,906.0,179,578,unacc,21784
19,9,29,Car Evaluation,1382,4,unacc,2,select_coverage,3.0,exact,494,1442,339.0,1100.0,210,684,unacc,26496
19,9,29,Car Evaluation,1382,4,unacc,2,select_coverage,4.0,exact,560,1637,379.0,1222.0,226,736,unacc,29572
19,9,29,Car Evaluation,1382,4,unacc,2,select_coverage_CBA_M1,,exact,149,483,124.0,439.0,78,277,unacc,9788
19,9,31,Car Evaluation,1382,4,unacc,1,select_coverage,1.0,DAC,233,705,,,178,605,unacc,5688
19,9,31,Car Evaluation,1382,4,unacc,1,select_coverage,1.0,exact,233,705,173.0,587.0,117,403,unacc,13732
19,9,31,Car Evaluation,1382,4,unacc,1,select_coverage,2.0,DAC,401,1182,,,282,927,unacc,9612
19,9,31,Car Evaluation,1382,4,unacc,1,select_coverage,2.0,exact,401,1182,270.0,883.0,175,577,unacc,21400
19,9,31,Car Evaluation,1382,4,unacc,1,select_coverage,3.0,DAC,488,1453,,,347,1133,unacc,11740
19,9,31,Car Evaluation,1382,4,unacc,1,select_coverage,3.0,exact,488,1453,330.0,1074.0,205,676,unacc,26044
19,9,31,Car Evaluation,1382,4,unacc,1,select_coverage,4.0,DAC,546,1625,,,388,1263,unacc,13124
19,9,31,Car Evaluation,1382,4,unacc,1,select_coverage,4.0,exact,546,1625,368.0,1195.0,221,730,unacc,28952
19,9,31,Car Evaluation,1382,4,unacc,1,select_coverage_CBA_M1,,DAC,160,531,,,137,494,unacc,4116
19,9,31,Car Evaluation,1382,4,unacc,1,select_coverage_CBA_M1,,exact,160,531,134.0,483.0,99,360,unacc,10888
19,9,31,Car Evaluation,1382,4,unacc,2,select_coverage,1.0,exact,235,712,175.0,594.0,118,407,unacc,13884
19,9,31,Car Evaluation,1382,4,unacc,2,select_coverage,2.0,exact,403,1188,272.0,889.0,176,579,unacc,21536
19,9,31,Car Evaluation,1382,4,unacc,2,select_coverage,3.0,exact,492,1467,332.0,1083.0,207,684,unacc,26248
19,9,31,Car Evaluation,1382,4,unacc,2,select_coverage,4.0,exact,550,1639,370.0,1203.0,222,734,unacc,29136
19,9,31,Car Evaluation,1382,4,unacc,2,select_coverage_CBA_M1,,exact,160,531,134.0,483.0,99,360,unacc,10888
19,9,34,Car Evaluation,1382,4,unacc,1,select_coverage,1.0,DAC,243,708,,,176,578,unacc,5820
19,9,34,Car Evaluation,1382,4,unacc,1,select_coverage,1.0,exact,243,708,176.0,578.0,103,338,unacc,13568
19,9,34,Car Evaluation,1382,4,unacc,1,select_coverage,2.0,DAC,449,1287,,,314,1006,unacc,10608
19,9,34,Car Evaluation,1382,4,unacc,1,select_coverage,2.0,exact,449,1287,308.0,986.0,176,565,unacc,23704
19,9,34,Car Evaluation,1382,4,unacc,1,select_coverage,3.0,DAC,559,1611,,,382,1215,unacc,13224
19,9,34,Car Evaluation,1382,4,unacc,1,select_coverage,3.0,exact,559,1611,369.0,1173.0,206,662,unacc,28576
19,9,34,Car Evaluation,1382,4,unacc,1,select_coverage,4.0,DAC,617,1787,,,424,1349,unacc,14624
19,9,34,Car Evaluation,1382,4,unacc,1,select_coverage,4.0,exact,617,1787,404.0,1283.0,221,710,unacc,31312
19,9,34,Car Evaluation,1382,4,unacc,1,select_coverage_CBA_M1,,DAC,164,527,,,132,461,unacc,4148
19,9,34,Car Evaluation,1382,4,unacc,1,select_coverage_CBA_M1,,exact,164,527,132.0,461.0,80,284,unacc,10400
19,9,34,Car Evaluation,1382,4,unacc,2,select_coverage,1.0,exact,244,712,177.0,582.0,104,342,unacc,13656
19,9,34,Car Evaluation,1382,4,unacc,2,select_coverage,2.0,exact,453,1303,311.0,996.0,178,572,unacc,23956
19,9,34,Car Evaluation,1382,4,unacc,2,select_coverage,3.0,exact,560,1614,370.0,1176.0,206,662,unacc,28640
19,9,34,Car Evaluation,1382,4,unacc,2,select_coverage,4.0,exact,621,1801,405.0,1287.0,222,714,unacc,31440
19,9,34,Car Evaluation,1382,4,unacc,2,select_coverage_CBA_M1,,exact,164,527,132.0,461.0,80,284,unacc,10400
19,9,42,Car Evaluation,1382,4,unacc,1,select_coverage,1.0,DAC,236,687,,,180,587,unacc,5652
19,9,42,Car Evaluation,1382,4,unacc,1,select_coverage,1.0,exact,236,687,179.0,584.0,114,376,unacc,13780
19,9,42,Car Evaluation,1382,4,unacc,1,select_coverage,2.0,DAC,410,1186,,,289,935,unacc,9736
19,9,42,Car Evaluation,1382,4,unacc,1,select_coverage,2.0,exact,410,1186,286.0,925.0,176,568,unacc,22188
19,9,42,Car Evaluation,1382,4,unacc,1,select_coverage,3.0,DAC,512,1473,,,352,1123,unacc,12108
19,9,42,Car Evaluation,1382,4,unacc,1,select_coverage,3.0,exact,512,1473,344.0,1098.0,202,643,unacc,26648
19,9,42,Car Evaluation,1382,4,unacc,1,select_coverage,4.0,DAC,577,1667,,,393,1252,unacc,13664
19,9,42,Car Evaluation,1382,4,unacc,1,select_coverage,4.0,exact,577,1667,380.0,1210.0,215,686,unacc,29484
19,9,42,Car Evaluation,1382,4,unacc,1,select_coverage_CBA_M1,,DAC,152,503,,,130,466,unacc,3908
19,9,42,Car Evaluation,1382,4,unacc,1,select_coverage_CBA_M1,,exact,152,503,129.0,463.0,86,309,unacc,10292
19,9,42,Car Evaluation,1382,4,unacc,2,select_coverage,1.0,exact,239,697,182.0,594.0,115,380,unacc,13996
19,9,42,Car Evaluation,1382,4,unacc,2,select_coverage,2.0,exact,415,1203,289.0,935.0,177,571,unacc,22428
19,9,42,Car Evaluation,1382,4,unacc,2,select_coverage,3.0,exact,516,1487,347.0,1109.0,203,647,unacc,26884
19,9,42,Car Evaluation,1382,4,unacc,2,select_coverage,4.0,exact,578,1671,381.0,1214.0,215,686,unacc,29556
19,9,42,Car Evaluation,1382,4,unacc,2,select_coverage_CBA_M1,,exact,146,481,123.0,441.0,82,294,unacc,9816
19,9,49,Car Evaluation,1382,4,unacc,1,select_coverage,1.0,DAC,242,718,,,199,643,unacc,5848
19,9,49,Car Evaluation,1382,4,unacc,1,select_coverage,1.0,exact,242,718,196.0,633.0,119,391,unacc,14840
19,9,49,Car Evaluation,1382,4,unacc,1,select_coverage,2.0,DAC,442,1281,,,314,995,unacc,10500
19,9,49,Car Evaluation,1382,4,unacc,1,select_coverage,2.0,exact,442,1281,309.0,978.0,190,602,unacc,23836
19,9,49,Car Evaluation,1382,4,unacc,1,select_coverage,3.0,DAC,549,1594,,,372,1183,unacc,13036
19,9,49,Car Evaluation,1382,4,unacc,1,select_coverage,3.0,exact,549,1594,362.0,1148.0,217,693,unacc,28252
19,9,49,Car Evaluation,1382,4,unacc,1,select_coverage,4.0,DAC,616,1786,,,402,1272,unacc,14608
19,9,49,Car Evaluation,1382,4,unacc,1,select_coverage,4.0,exact,616,1786,391.0,1234.0,226,721,unacc,30636
19,9,49,Car Evaluation,1382,4,unacc,1,select_coverage_CBA_M1,,DAC,167,542,,,144,503,unacc,4244
19,9,49,Car Evaluation,1382,4,unacc,1,select_coverage_CBA_M1,,exact,167,542,143.0,499.0,89,316,unacc,11180
19,9,49,Car Evaluation,1382,4,unacc,2,select_coverage,1.0,exact,244,724,198.0,639.0,119,391,unacc,14968
19,9,49,Car Evaluation,1382,4,unacc,2,select_coverage,2.0,exact,447,1298,313.0,991.0,190,602,unacc,24116
19,9,49,Car Evaluation,1382,4,unacc,2,select_coverage,3.0,exact,550,1597,363.0,1151.0,218,696,unacc,28328
19,9,49,Car Evaluation,1382,4,unacc,2,select_coverage,4.0,exact,619,1798,394.0,1246.0,228,730,unacc,30888
19,9,49,Car Evaluation,1382,4,unacc,2,select_coverage_CBA_M1,,exact,171,555,147.0,512.0,92,326,acc,11484
19,9,63,Car Evaluation,1382,4,unacc,1,select_coverage,1.0,DAC,234,701,,,175,585,unacc,5684
19,9,63,Car Evaluation,1382,4,unacc,1,select_coverage,1.0,exact,234,701,174.0,582.0,114,385,unacc,13664
19,9,63,Car Evaluation,1382,4,unacc,1,select_coverage,2.0,DAC,399,1186,,,281,922,unacc,9604
19,9,63,Car Evaluation,1382,4,unacc,1,select_coverage,2.0,exact,399,1186,276.0,905.0,175,576,unacc,21740
19,9,63,Car Evaluation,1382,4,unacc,1,select_coverage,3.0,DAC,498,1476,,,343,1114,unacc,11952
19,9,63,Car Evaluation,1382,4,unacc,1,select_coverage,3.0,exact,498,1476,331.0,1075.0,191,627,unacc,25984
19,9,63,Car Evaluation,1382,4,unacc,1,select_coverage,4.0,DAC,566,1673,,,382,1234,unacc,13556
19,9,63,Car Evaluation,1382,4,unacc,1,select_coverage,4.0,exact,566,1673,364.0,1176.0,208,676,unacc,28692
19,9,63,Car Evaluation,1382,4,unacc,1,select_coverage_CBA_M1,,DAC,153,509,,,125,451,unacc,3944
19,9,63,Car Evaluation,1382,4,unacc,1,select_coverage_CBA_M1,,exact,153,509,124.0,448.0,85,310,unacc,10060
19,9,63,Car Evaluation,1382,4,unacc,2,select_coverage,1.0,exact,234,701,174.0,582.0,114,385,unacc,13664
19,9,63,Car Evaluation,1382,4,unacc,2,select_coverage,2.0,exact,405,1205,278.0,911.0,175,576,unacc,21920
19,9,63,Car Evaluation,1382,4,unacc,2,select_coverage,3.0,exact,503,1492,333.0,1081.0,192,630,unacc,26164
19,9,63,Car Evaluation,1382,4,unacc,2,select_coverage,4.0,exact,571,1690,367.0,1186.0,209,680,unacc,28936
19,9,63,Car Evaluation,1382,4,unacc,2,select_coverage_CBA_M1,,exact,153,509,124.0,448.0,85,310,unacc,10060
19,9,64,Car Evaluation,1382,4,unacc,1,select_coverage,1.0,DAC,239,721,,,185,613,unacc,5824
19,9,64,Car Evaluation,1382,4,unacc,1,select_coverage,1.0,exact,239,721,183.0,607.0,119,398,unacc,14256
19,9,64,Car Evaluation,1382,4,unacc,1,select_coverage,2.0,DAC,436,1271,,,313,1015,unacc,10388
19,9,64,Car Evaluation,1382,4,unacc,1,select_coverage,2.0,exact,436,1271,311.0,1009.0,194,632,unacc,24120
19,9,64,Car Evaluation,1382,4,unacc,1,select_coverage,3.0,DAC,535,1575,,,371,1210,unacc,12792
19,9,64,Car Evaluation,1382,4,unacc,1,select_coverage,3.0,exact,535,1575,363.0,1186.0,214,705,unacc,28416
19,9,64,Car Evaluation,1382,4,unacc,1,select_coverage,4.0,DAC,613,1799,,,418,1348,unacc,14624
19,9,64,Car Evaluation,1382,4,unacc,1,select_coverage,4.0,exact,613,1799,401.0,1297.0,226,741,unacc,31420
19,9,64,Car Evaluation,1382,4,unacc,1,select_coverage_CBA_M1,,DAC,158,520,,,134,479,unacc,4048
19,9,64,Car Evaluation,1382,4,unacc,1,select_coverage_CBA_M1,,exact,158,520,134.0,479.0,92,334,unacc,10724
19,9,64,Car Evaluation,1382,4,unacc,2,select_coverage,1.0,exact,238,718,183.0,607.0,119,398,unacc,14244
19,9,64,Car Evaluation,1382,4,unacc,2,select_coverage,2.0,exact,438,1280,312.0,1014.0,195,636,unacc,24232
19,9,64,Car Evaluation,1382,4,unacc,2,select_coverage,3.0,exact,543,1600,370.0,1208.0,220,724,unacc,28960
19,9,64,Car Evaluation,1382,4,unacc,2,select_coverage,4.0,exact,619,1820,403.0,1304.0,227,745,unacc,31628
19,9,64,Car Evaluation,1382,4,unacc,2,select_coverage_CBA_M1,,exact,149,491,128.0,459.0,89,324,unacc,10248
19,9,65,Car Evaluation,1382,4,unacc,1,select_coverage,1.0,DAC,232,674,,,168,559,unacc,5552
19,9,65,Car Evaluation,1382,4,unacc,1,select_coverage,1.0,exact,232,674,167.0,556.0,94,315,unacc,12892
19,9,65,Car Evaluation,1382,4,unacc,1,select_coverage,2.0,DAC,401,1159,,,281,922,unacc,9520
19,9,65,Car Evaluation,1382,4,unacc,1,select_coverage,2.0,exact,401,1159,277.0,909.0,161,532,unacc,21512
19,9,65,Car Evaluation,1382,4,unacc,1,select_coverage,3.0,DAC,498,1455,,,346,1130,unacc,11868
19,9,65,Car Evaluation,1382,4,unacc,1,select_coverage,3.0,exact,498,1455,334.0,1090.0,188,620,unacc,26052
19,9,65,Car Evaluation,1382,4,unacc,1,select_coverage,4.0,DAC,569,1683,,,392,1283,unacc,13632
19,9,65,Car Evaluation,1382,4,unacc,1,select_coverage,4.0,exact,569,1683,374.0,1225.0,207,688,unacc,29376
19,9,65,Car Evaluation,1382,4,unacc,1,select_coverage_CBA_M1,,DAC,149,477,,,125,441,unacc,3768
19,9,65,Car Evaluation,1382,4,unacc,1,select_coverage_CBA_M1,,exact,149,477,124.0,438.0,71,252,unacc,9660
19,9,65,Car Evaluation,1382,4,unacc,2,select_coverage,1.0,exact,231,672,167.0,557.0,94,315,unacc,12888
19,9,65,Car Evaluation,1382,4,unacc,2,select_coverage,2.0,exact,402,1164,279.0,917.0,163,540,unacc,21676
19,9,65,Car Evaluation,1382,4,unacc,2,select_coverage,3.0,exact,503,1474,338.0,1105.0,189,624,unacc,26364
19,9,65,Car Evaluation,1382,4,unacc,2,select_coverage,4.0,exact,570,1687,374.0,1225.0,207,688,unacc,29392
19,9,65,Car Evaluation,1382,4,unacc,2,select_coverage_CBA_M1,,exact,152,488,125.0,442.0,71,252,unacc,9760
19,9,68,Car Evaluation,1382,4,unacc,1,select_coverage,1.0,DAC,230,692,,,178,584,unacc,5600
19,9,68,Car Evaluation,1382,4,unacc,1,select_coverage,1.0,exact,230,692,176.0,578.0,117,389,unacc,13708
19,9,68,Car Evaluation,1382,4,unacc,1,select_coverage,2.0,DAC,409,1198,,,290,938,unacc,9772
19,9,68,Car Evaluation,1382,4,unacc,1,select_coverage,2.0,exact,409,1198,281.0,911.0,181,590,unacc,22068
19,9,68,Car Evaluation,1382,4,unacc,1,select_coverage,3.0,DAC,494,1462,,,350,1132,unacc,11848
19,9,68,Car Evaluation,1382,4,unacc,1,select_coverage,3.0,exact,494,1462,336.0,1090.0,203,665,unacc,26340
19,9,68,Car Evaluation,1382,4,unacc,1,select_coverage,4.0,DAC,550,1627,,,381,1227,unacc,13180
19,9,68,Car Evaluation,1382,4,unacc,1,select_coverage,4.0,exact,550,1627,361.0,1164.0,214,698,unacc,28428
19,9,68,Car Evaluation,1382,4,unacc,1,select_coverage_CBA_M1,,DAC,151,492,,,127,450,unacc,3852
19,9,68,Car Evaluation,1382,4,unacc,1,select_coverage_CBA_M1,,exact,151,492,126.0,447.0,87,315,unacc,10088
19,9,68,Car Evaluation,1382,4,unacc,2,select_coverage,1.0,exact,230,692,176.0,578.0,117,389,unacc,13708
19,9,68,Car Evaluation,1382,4,unacc,2,select_coverage,2.0,exact,411,1205,281.0,911.0,181,590,unacc,22096
19,9,68,Car Evaluation,1382,4,unacc,2,select_coverage,3.0,exact,498,1476,337.0,1094.0,203,665,unacc,26452
19,9,68,Car Evaluation,1382,4,unacc,2,select_coverage,4.0,exact,554,1639,363.0,1171.0,214,698,unacc,28584
19,9,68,Car Evaluation,1382,4,unacc,2,select_coverage_CBA_M1,,exact,155,505,129.0,457.0,88,318,unacc,10312
19,9,74,Car Evaluation,1382,4,unacc,1,select_coverage,1.0,DAC,224,657,,,170,562,unacc,5388
19,9,74,Car Evaluation,1382,4,unacc,1,select_coverage,1.0,exact,224,657,165.0,545.0,98,327,unacc,12748
19,9,74,Car Evaluation,1382,4,unacc,1,select_coverage,2.0,DAC,402,1158,,,272,880,unacc,9528
19,9,74,Car Evaluation,1382,4,unacc,1,select_coverage,2.0,exact,402,1158,263.0,851.0,165,538,unacc,20740
19,9,74,Car Evaluation,1382,4,unacc,1,select_coverage,3.0,DAC,483,1394,,,321,1033,unacc,11444
19,9,74,Car Evaluation,1382,4,unacc,1,select_coverage,3.0,exact,483,1394,308.0,991.0,184,602,unacc,24300
19,9,74,Car Evaluation,1382,4,unacc,1,select_coverage,4.0,DAC,538,1564,,,361,1160,unacc,12784
19,9,74,Car Evaluation,1382,4,unacc,1,select_coverage,4.0,exact,538,1564,348.0,1118.0,196,645,unacc,27260
19,9,74,Car Evaluation,1382,4,unacc,1,select_coverage_CBA_M1,,DAC,143,447,,,118,409,unacc,3576
19,9,74,Car Evaluation,1382,4,unacc,1,select_coverage_CBA_M1,,exact,143,447,117.0,406.0,76,267,good,9192
19,9,74,Car Evaluation,1382,4,unacc,2,select_coverage,1.0,exact,224,657,165.0,545.0,98,327,unacc,12748
19,9,74,Car Evaluation,1382,4,unacc,2,select_coverage,2.0,exact,403,1161,263.0,851.0,165,538,unacc,20752
19,9,74,Car Evaluation,1382,4,unacc,2,select_coverage,3.0,exact,484,1397,309.0,994.0,184,602,unacc,24364
19,9,74,Car Evaluation,1382,4,unacc,2,select_coverage,4.0,exact,540,1571,349.0,1121.0,196,645,unacc,27340
19,9,74,Car Evaluation,1382,4,unacc,2,select_coverage_CBA_M1,,exact,150,470,121.0,420.0,78,273,good,9524
19,9,76,Car Evaluation,1382,4,unacc,1,select_coverage,1.0,DAC,234,697,,,178,593,unacc,5668
19,9,76,Car Evaluation,1382,4,unacc,1,select_coverage,1.0,exact,234,697,175.0,582.0,113,372,unacc,13636
19,9,76,Car Evaluation,1382,4,unacc,1,select_coverage,2.0,DAC,399,1153,,,276,897,unacc,9472
19,9,76,Car Evaluation,1382,4,unacc,1,select_coverage,2.0,exact,399,1153,270.0,876.0,174,562,unacc,21196
19,9,76,Car Evaluation,1382,4,unacc,1,select_coverage,3.0,DAC,490,1428,,,335,1088,unacc,11664
19,9,76,Car Evaluation,1382,4,unacc,1,select_coverage,3.0,exact,490,1428,325.0,1055.0,190,618,unacc,25436
19,9,76,Car Evaluation,1382,4,unacc,1,select_coverage,4.0,DAC,550,1608,,,377,1218,unacc,13104
19,9,76,Car Evaluation,1382,4,unacc,1,select_coverage,4.0,exact,550,1608,360.0,1164.0,203,662,unacc,28168
19,9,76,Car Evaluation,1382,4,unacc,1,select_coverage_CBA_M1,,DAC,147,478,,,127,448,unacc,3748
19,9,76,Car Evaluation,1382,4,unacc,1,select_coverage_CBA_M1,,exact,147,478,126.0,444.0,86,302,vgood,9968
19,9,76,Car Evaluation,1382,4,unacc,2,select_coverage,1.0,exact,234,698,174.0,579.0,113,372,unacc,13588
19,9,76,Car Evaluation,1382,4,unacc,2,select_coverage,2.0,exact,403,1168,275.0,892.0,174,562,unacc,21520
19,9,76,Car Evaluation,1382,4,unacc,2,select_coverage,3.0,exact,498,1453,328.0,1065.0,191,621,unacc,25708
19,9,76,Car Evaluation,1382,4,unacc,2,select_coverage,4.0,exact,556,1630,364.0,1178.0,204,667,unacc,28492
19,9,76,Car Evaluation,1382,4,unacc,2,select_coverage_CBA_M1,,exact,142,461,122.0,430.0,81,285,unacc,9616
19,9,100,Car Evaluation,1382,4,unacc,1,select_coverage,1.0,DAC,236,698,,,170,566,unacc,5696
19,9,100,Car Evaluation,1382,4,unacc,1,select_coverage,1.0,exact,236,698,168.0,559.0,101,338,unacc,13132
19,9,100,Car Evaluation,1382,4,unacc,1,select_coverage,2.0,DAC,410,1182,,,271,878,unacc,9720
19,9,100,Car Evaluation,1382,4,unacc,1,select_coverage,2.0,exact,410,1182,266.0,861.0,165,533,unacc,20976
19,9,100,Car Evaluation,1382,4,unacc,1,select_coverage,3.0,DAC,500,1444,,,329,1057,unacc,11848
19,9,100,Car Evaluation,1382,4,unacc,1,select_coverage,3.0,exact,500,1444,322.0,1033.0,182,585,unacc,25160
19,9,100,Car Evaluation,1382,4,unacc,1,select_coverage,4.0,DAC,572,1648,,,375,1192,unacc,13528
19,9,100,Car Evaluation,1382,4,unacc,1,select_coverage,4.0,exact,572,1648,361.0,1146.0,197,624,unacc,28144
19,9,100,Car Evaluation,1382,4,unacc,1,select_coverage_CBA_M1,,DAC,155,495,,,125,439,unacc,3912
19,9,100,Car Evaluation,1382,4,unacc,1,select_coverage_CBA_M1,,exact,155,495,123.0,432.0,78,279,unacc,9776
19,9,100,Car Evaluation,1382,4,unacc,2,select_coverage,1.0,exact,237,702,169.0,563.0,101,338,unacc,13204
19,9,100,Car Evaluation,1382,4,unacc,2,select_coverage,2.0,exact,412,1189,267.0,865.0,166,537,unacc,21076
19,9,100,Car Evaluation,1382,4,unacc,2,select_coverage,3.0,exact,506,1463,327.0,1049.0,183,588,unacc,25512
19,9,100,Car Evaluation,1382,4,unacc,2,select_coverage,4.0,exact,576,1663,364.0,1157.0,199,632,unacc,28400
19,9,100,Car Evaluation,1382,4,unacc,2,select_coverage_CBA_M1,,exact,154,492,122.0,429.0,78,279,unacc,9712
19,9,114,Car Evaluation,1382,4,unacc,1,select_coverage,1.0,DAC,245,746,,,189,642,unacc,5996
19,9,114,Car Evaluation,1382,4,unacc,1,select_coverage,1.0,exact,245,746,186.0,631.0,121,416,unacc,14644
19,9,114,Car Evaluation,1382,4,unacc,1,select_coverage,2.0,DAC,419,1234,,,300,991,unacc,10036
19,9,114,Car Evaluation,1382,4,unacc,1,select_coverage,2.0,exact,419,1234,294.0,971.0,188,633,unacc,23144
19,9,114,Car Evaluation,1382,4,unacc,1,select_coverage,3.0,DAC,505,1497,,,355,1166,unacc,12120
19,9,114,Car Evaluation,1382,4,unacc,1,select_coverage,3.0,exact,505,1497,346.0,1137.0,209,705,unacc,27228
19,9,114,Car Evaluation,1382,4,unacc,1,select_coverage,4.0,DAC,581,1730,,,409,1340,unacc,13964
19,9,114,Car Evaluation,1382,4,unacc,1,select_coverage,4.0,exact,581,1730,392.0,1286.0,228,766,unacc,30840
19,9,114,Car Evaluation,1382,4,unacc,1,select_coverage_CBA_M1,,DAC,169,571,,,143,521,unacc,4384
19,9,114,Car Evaluation,1382,4,unacc,1,select_coverage_CBA_M1,,exact,169,571,141.0,514.0,95,352,unacc,11420
19,9,114,Car Evaluation,1382,4,unacc,2,select_coverage,1.0,exact,245,746,186.0,631.0,121,416,unacc,14644
19,9,114,Car Evaluation,1382,4,unacc,2,select_coverage,2.0,exact,420,1241,295.0,977.0,189,638,unacc,23256
19,9,114,Car Evaluation,1382,4,unacc,2,select_coverage,3.0,exact,511,1519,351.0,1156.0,210,709,unacc,27608
19,9,114,Car Evaluation,1382,4,unacc,2,select_coverage,4.0,exact,585,1743,394.0,1293.0,228,766,unacc,31000
19,9,114,Car Evaluation,1382,4,unacc,2,select_coverage_CBA_M1,,exact,168,568,140.0,511.0,94,349,unacc,11344
19,9,133,Car Evaluation,1382,4,unacc,1,select_coverage,1.0,DAC,246,756,,,189,637,unacc,6048
19,9,133,Car Evaluation,1382,4,unacc,1,select_coverage,1.0,exact,246,756,185.0,623.0,128,433,unacc,14680
19,9,133,Car Evaluation,1382,4,unacc,1,select_coverage,2.0,DAC,419,1254,,,289,957,unacc,10116
19,9,133,Car Evaluation,1382,4,unacc,1,select_coverage,2.0,exact,419,1254,278.0,920.0,186,616,unacc,22312
19,9,133,Car Evaluation,1382,4,unacc,1,select_coverage,3.0,DAC,532,1591,,,360,1184,unacc,12820
19,9,133,Car Evaluation,1382,4,unacc,1,select_coverage,3.0,exact,532,1591,345.0,1134.0,219,728,unacc,27644
19,9,133,Car Evaluation,1382,4,unacc,1,select_coverage,4.0,DAC,605,1804,,,404,1320,unacc,14548
19,9,133,Car Evaluation,1382,4,unacc,1,select_coverage,4.0,exact,605,1804,384.0,1254.0,231,767,unacc,30692
19,9,133,Car Evaluation,1382,4,unacc,1,select_coverage_CBA_M1,,DAC,180,596,,,147,524,unacc,4616
19,9,133,Car Evaluation,1382,4,unacc,1,select_coverage_CBA_M1,,exact,180,596,146.0,520.0,104,375,unacc,11836
19,9,133,Car Evaluation,1382,4,unacc,2,select_coverage,1.0,exact,246,756,185.0,623.0,128,433,unacc,14680
19,9,133,Car Evaluation,1382,4,unacc,2,select_coverage,2.0,exact,419,1254,278.0,920.0,186,616,unacc,22312
19,9,133,Car Evaluation,1382,4,unacc,2,select_coverage,3.0,exact,533,1595,346.0,1138.0,219,728,unacc,27716
19,9,133,Car Evaluation,1382,4,unacc,2,select_coverage,4.0,exact,607,1810,385.0,1257.0,232,770,unacc,30780
19,9,133,Car Evaluation,1382,4,unacc,2,select_coverage_CBA_M1,,exact,180,596,146.0,520.0,104,375,unacc,11836
19,9,138,Car Evaluation,1382,4,unacc,1,select_coverage,1.0,DAC,238,712,,,179,596,unacc,5776
19,9,138,Car Evaluation,1382,4,unacc,1,select_coverage,1.0,exact,238,712,175.0,583.0,109,357,unacc,13640
19,9,138,Car Evaluation,1382,4,unacc,1,select_coverage,2.0,DAC,436,1271,,,300,981,unacc,10388
19,9,138,Car Evaluation,1382,4,unacc,1,select_coverage,2.0,exact,436,1271,291.0,952.0,176,566,unacc,22828
19,9,138,Car Evaluation,1382,4,unacc,1,select_coverage,3.0,DAC,540,1562,,,361,1163,unacc,12800
19,9,138,Car Evaluation,1382,4,unacc,1,select_coverage,3.0,exact,540,1562,347.0,1119.0,201,640,unacc,27196
19,9,138,Car Evaluation,1382,4,unacc,1,select_coverage,4.0,DAC,596,1729,,,392,1263,unacc,14140
19,9,138,Car Evaluation,1382,4,unacc,1,select_coverage,4.0,exact,596,1729,373.0,1202.0,210,671,unacc,29360
19,9,138,Car Evaluation,1382,4,unacc,1,select_coverage_CBA_M1,,DAC,165,539,,,138,489,unacc,4208
19,9,138,Car Evaluation,1382,4,unacc,1,select_coverage_CBA_M1,,exact,165,539,137.0,486.0,92,325,unacc,10912
19,9,138,Car Evaluation,1382,4,unacc,2,select_coverage,1.0,exact,240,720,176.0,587.0,110,361,unacc,13744
19,9,138,Car Evaluation,1382,4,unacc,2,select_coverage,2.0,exact,439,1283,292.0,956.0,176,566,unacc,22932
19,9,138,Car Evaluation,1382,4,unacc,2,select_coverage,3.0,exact,544,1577,349.0,1126.0,201,640,unacc,27364
19,9,138,Car Evaluation,1382,4,unacc,2,select_coverage,4.0,exact,602,1752,378.0,1221.0,211,674,unacc,29740
19,9,138,Car Evaluation,1382,4,unacc,2,select_coverage_CBA_M1,,exact,165,539,137.0,486.0,92,325,unacc,10912
19,9,148,Car Evaluation,1382,4,unacc,1,select_coverage,1.0,DAC,238,700,,,183,602,unacc,5728
19,9,148,Car Evaluation,1382,4,unacc,1,select_coverage,1.0,exact,238,700,180.0,591.0,104,333,unacc,13728
19,9,148,Car Evaluation,1382,4,unacc,1,select_coverage,2.0,DAC,418,1219,,,294,959,unacc,9964
19,9,148,Car Evaluation,1382,4,unacc,1,select_coverage,2.0,exact,418,1219,285.0,928.0,172,550,unacc,22220
19,9,148,Car Evaluation,1382,4,unacc,1,select_coverage,3.0,DAC,520,1513,,,362,1166,unacc,12364
19,9,148,Car Evaluation,1382,4,unacc,1,select_coverage,3.0,exact,520,1513,344.0,1107.0,190,603,unacc,26684
19,9,148,Car Evaluation,1382,4,unacc,1,select_coverage,4.0,DAC,588,1716,,,406,1300,unacc,13992
19,9,148,Car Evaluation,1382,4,unacc,1,select_coverage,4.0,exact,588,1716,382.0,1222.0,204,643,unacc,29636
19,9,148,Car Evaluation,1382,4,unacc,1,select_coverage_CBA_M1,,DAC,144,468,,,121,430,unacc,3672
19,9,148,Car Evaluation,1382,4,unacc,1,select_coverage_CBA_M1,,exact,144,468,120.0,426.0,73,258,unacc,9440
19,9,148,Car Evaluation,1382,4,unacc,2,select_coverage,1.0,exact,239,702,180.0,592.0,103,330,unacc,13728
19,9,148,Car Evaluation,1382,4,unacc,2,select_coverage,2.0,exact,425,1244,292.0,953.0,174,558,unacc,22732
19,9,148,Car Evaluation,1382,4,unacc,2,select_coverage,3.0,exact,525,1532,348.0,1124.0,190,604,unacc,26992
19,9,148,Car Evaluation,1382,4,unacc,2,select_coverage,4.0,exact,594,1738,385.0,1234.0,205,647,unacc,29908
19,9,148,Car Evaluation,1382,4,unacc,2,select_coverage_CBA_M1,,exact,149,482,125.0,440.0,75,264,unacc,9776
19,10,5,Car Evaluation,1382,4,unacc,1,select_coverage,1.0,DAC,243,700,,,181,576,unacc,5796
19,10,5,Car Evaluation,1382,4,unacc,1,select_coverage,1.0,exact,243,700,178.0,565.0,109,338,unacc,13564
19,10,5,Car Evaluation,1382,4,unacc,1,select_coverage,2.0,DAC,424,1190,,,288,892,unacc,9928
19,10,5,Car Evaluation,1382,4,unacc,1,select_coverage,2.0,exact,424,1190,280.0,866.0,171,523,unacc,21548
19,10,5,Car Evaluation,1382,4,unacc,1,select_coverage,3.0,DAC,522,1465,,,349,1076,unacc,12204
19,10,5,Car Evaluation,1382,4,unacc,1,select_coverage,3.0,exact,522,1465,332.0,1022.0,192,592,unacc,25628
19,10,5,Car Evaluation,1382,4,unacc,1,select_coverage,4.0,DAC,583,1643,,,387,1192,unacc,13648
19,10,5,Car Evaluation,1382,4,unacc,1,select_coverage,4.0,exact,583,1643,364.0,1120.0,206,635,unacc,28184
19,10,5,Car Evaluation,1382,4,unacc,1,select_coverage_CBA_M1,,DAC,165,512,,,132,450,unacc,4108
19,10,5,Car Evaluation,1382,4,unacc,1,select_coverage_CBA_M1,,exact,165,512,129.0,439.0,83,282,unacc,10124
19,10,5,Car Evaluation,1382,4,unacc,2,select_coverage,1.0,exact,244,703,178.0,565.0,109,338,unacc,13576
19,10,5,Car Evaluation,1382,4,unacc,2,select_coverage,2.0,exact,428,1205,283.0,877.0,173,530,unacc,21800
19,10,5,Car Evaluation,1382,4,unacc,2,select_coverage,3.0,exact,525,1476,334.0,1030.0,193,596,unacc,25800
19,10,5,Car Evaluation,1382,4,unacc,2,select_coverage,4.0,exact,584,1646,364.0,1120.0,206,635,unacc,28196
19,10,5,Car Evaluation,1382,4,unacc,2,select_coverage_CBA_M1,,exact,153,474,120.0,410.0,79,268,unacc,9440
19,10,14,Car Evaluation,1382,4,unacc,1,select_coverage,1.0,DAC,228,655,,,172,541,unacc,5436
19,10,14,Car Evaluation,1382,4,unacc,1,select_coverage,1.0,exact,228,655,171.0,538.0,96,308,unacc,12876
19,10,14,Car Evaluation,1382,4,unacc,1,select_coverage,2.0,DAC,400,1156,,,287,911,unacc,9504
19,10,14,Car Evaluation,1382,4,unacc,1,select_coverage,2.0,exact,400,1156,280.0,889.0,161,512,unacc,21460
19,10,14,Car Evaluation,1382,4,unacc,1,select_coverage,3.0,DAC,480,1394,,,331,1050,unacc,11416
19,10,14,Car Evaluation,1382,4,unacc,1,select_coverage,3.0,exact,480,1394,317.0,1007.0,176,562,unacc,24564
19,10,14,Car Evaluation,1382,4,unacc,1,select_coverage,4.0,DAC,536,1567,,,376,1193,unacc,12780
19,10,14,Car Evaluation,1382,4,unacc,1,select_coverage,4.0,exact,536,1567,355.0,1128.0,186,596,unacc,27396
19,10,14,Car Evaluation,1382,4,unacc,1,select_coverage_CBA_M1,,DAC,160,495,,,128,434,unacc,3980
19,10,14,Car Evaluation,1382,4,unacc,1,select_coverage_CBA_M1,,exact,160,495,127.0,431.0,77,266,unacc,9880
19,10,14,Car Evaluation,1382,4,unacc,2,select_coverage,1.0,exact,228,657,171.0,540.0,97,312,unacc,12908
19,10,14,Car Evaluation,1382,4,unacc,2,select_coverage,2.0,exact,401,1160,280.0,890.0,162,516,unacc,21496
19,10,14,Car Evaluation,1382,4,unacc,2,select_coverage,3.0,exact,484,1408,320.0,1018.0,178,570,unacc,24816
19,10,14,Car Evaluation,1382,4,unacc,2,select_coverage,4.0,exact,539,1576,356.0,1131.0,187,599,unacc,27496
19,10,14,Car Evaluation,1382,4,unacc,2,select_coverage_CBA_M1,,exact,154,477,123.0,418.0,74,254,unacc,9548
19,10,17,Car Evaluation,1382,4,unacc,1,select_coverage,1.0,DAC,234,682,,,167,547,unacc,5616
19,10,17,Car Evaluation,1382,4,unacc,1,select_coverage,1.0,exact,234,682,162.0,529.0,92,301,unacc,12560
19,10,17,Car Evaluation,1382,4,unacc,1,select_coverage,2.0,DAC,395,1137,,,271,866,unacc,9368
19,10,17,Car Evaluation,1382,4,unacc,1,select_coverage,2.0,exact,395,1137,260.0,830.0,159,505,unacc,20320
19,10,17,Car Evaluation,1382,4,unacc,1,select_coverage,3.0,DAC,478,1385,,,325,1037,unacc,11356
19,10,17,Car Evaluation,1382,4,unacc,1,select_coverage,3.0,exact,478,1385,310.0,989.0,178,568,unacc,24200
19,10,17,Car Evaluation,1382,4,unacc,1,select_coverage,4.0,DAC,524,1526,,,353,1125,unacc,12472
19,10,17,Car Evaluation,1382,4,unacc,1,select_coverage,4.0,exact,524,1526,336.0,1070.0,190,607,unacc,26284
19,10,17,Car Evaluation,1382,4,unacc,1,select_coverage_CBA_M1,,DAC,160,516,,,124,442,unacc,4064
19,10,17,Car Evaluation,1382,4,unacc,1,select_coverage_CBA_M1,,exact,160,516,121.0,430.0,74,267,unacc,9724
19,10,17,Car Evaluation,1382,4,unacc,2,select_coverage,1.0,exact,236,690,164.0,537.0,93,305,unacc,12720
19,10,17,Car Evaluation,1382,4,unacc,2,select_coverage,2.0,exact,396,1140,261.0,833.0,159,505,unacc,20384
19,10,17,Car Evaluation,1382,4,unacc,2,select_coverage,3.0,exact,480,1392,312.0,996.0,179,572,unacc,24352
19,10,17,Car Evaluation,1382,4,unacc,2,select_coverage,4.0,exact,527,1536,336.0,1070.0,190,607,unacc,26324
19,10,17,Car Evaluation,1382,4,unacc,2,select_coverage_CBA_M1,,exact,158,508,120.0,426.0,74,267,unacc,9636
19,10,19,Car Evaluation,1382,4,unacc,1,select_coverage,1.0,DAC,233,677,,,174,568,unacc,5584
19,10,19,Car Evaluation,1382,4,unacc,1,select_coverage,1.0,exact,233,677,173.0,565.0,103,341,unacc,13284
19,10,19,Car Evaluation,1382,4,unacc,1,select_coverage,2.0,DAC,407,1145,,,284,891,unacc,9544
19,10,19,Car Evaluation,1382,4,unacc,1,select_coverage,2.0,exact,407,1145,278.0,872.0,163,512,unacc,21268
19,10,19,Car Evaluation,1382,4,unacc,1,select_coverage,3.0,DAC,496,1398,,,333,1038,unacc,11624
19,10,19,Car Evaluation,1382,4,unacc,1,select_coverage,3.0,exact,496,1398,319.0,995.0,178,556,unacc,24588
19,10,19,Car Evaluation,1382,4,unacc,1,select_coverage,4.0,DAC,544,1542,,,367,1145,unacc,12776
19,10,19,Car Evaluation,1382,4,unacc,1,select_coverage,4.0,exact,544,1542,347.0,1083.0,194,607,unacc,26840
19,10,19,Car Evaluation,1382,4,unacc,1,select_coverage_CBA_M1,,DAC,163,525,,,132,465,unacc,4136
19,10,19,Car Evaluation,1382,4,unacc,1,select_coverage_CBA_M1,,exact,163,525,131.0,462.0,79,285,unacc,10360
19,10,19,Car Evaluation,1382,4,unacc,2,select_coverage,1.0,exact,234,681,174.0,569.0,103,341,unacc,13356
19,10,19,Car Evaluation,1382,4,unacc,2,select_coverage,2.0,exact,406,1142,277.0,869.0,162,509,unacc,21192
19,10,19,Car Evaluation,1382,4,unacc,2,select_coverage,3.0,exact,497,1401,319.0,995.0,178,556,unacc,24600
19,10,19,Car Evaluation,1382,4,unacc,2,select_coverage,4.0,exact,546,1549,349.0,1090.0,196,614,unacc,27004
19,10,19,Car Evaluation,1382,4,unacc,2,select_coverage_CBA_M1,,exact,162,522,130.0,459.0,79,285,unacc,10296
19,10,29,Car Evaluation,1382,4,unacc,1,select_coverage,1.0,DAC,234,675,,,168,549,unacc,5588
19,10,29,Car Evaluation,1382,4,unacc,1,select_coverage,1.0,exact,234,675,166.0,542.0,107,350,unacc,12940
19,10,29,Car Evaluation,1382,4,unacc,1,select_coverage,2.0,DAC,388,1113,,,272,873,unacc,9188
19,10,29,Car Evaluation,1382,4,unacc,1,select_coverage,2.0,exact,388,1113,265.0,851.0,153,485,unacc,20428
19,10,29,Car Evaluation,1382,4,unacc,1,select_coverage,3.0,DAC,466,1337,,,322,1021,unacc,11020
19,10,29,Car Evaluation,1382,4,unacc,1,select_coverage,3.0,exact,466,1337,312.0,988.0,171,536,unacc,23956
19,10,29,Car Evaluation,1382,4,unacc,1,select_coverage,4.0,DAC,518,1489,,,356,1127,unacc,12252
19,10,29,Car Evaluation,1382,4,unacc,1,select_coverage,4.0,exact,518,1489,343.0,1084.0,180,565,unacc,26304
19,10,29,Car Evaluation,1382,4,unacc,1,select_coverage_CBA_M1,,DAC,166,525,,,138,480,unacc,4172
19,10,29,Car Evaluation,1382,4,unacc,1,select_coverage_CBA_M1,,exact,166,525,136.0,473.0,87,304,unacc,10680
19,10,29,Car Evaluation,1382,4,unacc,2,select_coverage,1.0,exact,234,675,166.0,542.0,107,350,unacc,12940
19,10,29,Car Evaluation,1382,4,unacc,2,select_coverage,2.0,exact,389,1116,266.0,854.0,153,485,unacc,20492
19,10,29,Car Evaluation,1382,4,unacc,2,select_coverage,3.0,exact,466,1337,311.0,985.0,171,536,unacc,23904
19,10,29,Car Evaluation,1382,4,unacc,2,select_coverage,4.0,exact,516,1484,341.0,1079.0,180,565,unacc,26184
19,10,29,Car Evaluation,1382,4,unacc,2,select_coverage_CBA_M1,,exact,166,525,136.0,473.0,87,304,unacc,10680
19,10,31,Car Evaluation,1382,4,unacc,1,select_coverage,1.0,DAC,233,663,,,173,562,unacc,5528
19,10,31,Car Evaluation,1382,4,unacc,1,select_coverage,1.0,exact,233,663,170.0,551.0,106,342,unacc,13056
19,10,31,Car Evaluation,1382,4,unacc,1,select_coverage,2.0,DAC,382,1086,,,270,854,unacc,9008
19,10,31,Car Evaluation,1382,4,unacc,1,select_coverage,2.0,exact,382,1086,258.0,812.0,155,486,unacc,19888
19,10,31,Car Evaluation,1382,4,unacc,1,select_coverage,3.0,DAC,479,1372,,,322,1023,unacc,11316
19,10,31,Car Evaluation,1382,4,unacc,1,select_coverage,3.0,exact,479,1372,304.0,963.0,179,569,unacc,23808
19,10,31,Car Evaluation,1382,4,unacc,1,select_coverage,4.0,DAC,532,1530,,,356,1132,unacc,12584
19,10,31,Car Evaluation,1382,4,unacc,1,select_coverage,4.0,exact,532,1530,335.0,1063.0,187,595,unacc,26184
19,10,31,Car Evaluation,1382,4,unacc,1,select_coverage_CBA_M1,,DAC,165,524,,,131,461,unacc,4156
19,10,31,Car Evaluation,1382,4,unacc,1,select_coverage_CBA_M1,,exact,165,524,129.0,453.0,84,294,unacc,10276
19,10,31,Car Evaluation,1382,4,unacc,2,select_coverage,1.0,exact,234,667,171.0,555.0,107,346,unacc,13144
19,10,31,Car Evaluation,1382,4,unacc,2,select_coverage,2.0,exact,383,1089,258.0,812.0,155,486,unacc,19900
19,10,31,Car Evaluation,1382,4,unacc,2,select_coverage,3.0,exact,481,1379,306.0,969.0,179,569,unacc,23940
19,10,31,Car Evaluation,1382,4,unacc,2,select_coverage,4.0,exact,536,1546,337.0,1073.0,188,600,unacc,26388
19,10,31,Car Evaluation,1382,4,unacc,2,select_coverage_CBA_M1,,exact,163,519,127.0,448.0,83,291,unacc,10144
19,10,34,Car Evaluation,1382,4,unacc,1,select_coverage,1.0,DAC,239,693,,,177,577,unacc,5720
19,10,34,Car Evaluation,1382,4,unacc,1,select_coverage,1.0,exact,239,693,174.0,567.0,101,321,unacc,13316
19,10,34,Car Evaluation,1382,4,unacc,1,select_coverage,2.0,DAC,443,1275,,,314,1003,unacc,10496
19,10,34,Car Evaluation,1382,4,unacc,1,select_coverage,2.0,exact,443,1275,301.0,962.0,177,560,unacc,23260
19,10,34,Car Evaluation,1382,4,unacc,1,select_coverage,3.0,DAC,546,1580,,,383,1220,unacc,12952
19,10,34,Car Evaluation,1382,4,unacc,1,select_coverage,3.0,exact,546,1580,362.0,1155.0,206,659,unacc,28088
19,10,34,Car Evaluation,1382,4,unacc,1,select_coverage,4.0,DAC,623,1805,,,427,1359,unacc,14776
19,10,34,Car Evaluation,1382,4,unacc,1,select_coverage,4.0,exact,623,1805,401.0,1277.0,219,703,unacc,31212
19,10,34,Car Evaluation,1382,4,unacc,1,select_coverage_CBA_M1,,DAC,174,549,,,137,473,unacc,4364
19,10,34,Car Evaluation,1382,4,unacc,1,select_coverage_CBA_M1,,exact,174,549,135.0,466.0,78,268,good,10564
19,10,34,Car Evaluation,1382,4,unacc,2,select_coverage,1.0,exact,241,700,176.0,574.0,102,325,unacc,13468
19,10,34,Car Evaluation,1382,4,unacc,2,select_coverage,2.0,exact,443,1276,301.0,963.0,178,564,unacc,23284
19,10,34,Car Evaluation,1382,4,unacc,2,select_coverage,3.0,exact,548,1588,364.0,1163.0,208,667,unacc,28264
19,10,34,Car Evaluation,1382,4,unacc,2,select_coverage,4.0,exact,627,1823,405.0,1293.0,221,711,unacc,31540
19,10,34,Car Evaluation,1382,4,unacc,2,select_coverage_CBA_M1,,exact,176,556,137.0,473.0,79,271,acc,10712
19,10,42,Car Evaluation,1382,4,unacc,1,select_coverage,1.0,DAC,236,670,,,177,564,unacc,5592
19,10,42,Car Evaluation,1382,4,unacc,1,select_coverage,1.0,exact,236,670,176.0,561.0,111,354,unacc,13412
19,10,42,Car Evaluation,1382,4,unacc,1,select_coverage,2.0,DAC,405,1141,,,278,874,unacc,9504
19,10,42,Car Evaluation,1382,4,unacc,1,select_coverage,2.0,exact,405,1141,274.0,862.0,164,515,unacc,21064
19,10,42,Car Evaluation,1382,4,unacc,1,select_coverage,3.0,DAC,497,1409,,,336,1052,unacc,11680
19,10,42,Car Evaluation,1382,4,unacc,1,select_coverage,3.0,exact,497,1409,329.0,1031.0,190,600,unacc,25352
19,10,42,Car Evaluation,1382,4,unacc,1,select_coverage,4.0,DAC,547,1552,,,373,1165,unacc,12852
19,10,42,Car Evaluation,1382,4,unacc,1,select_coverage,4.0,exact,547,1552,361.0,1128.0,203,638,unacc,27744
19,10,42,Car Evaluation,1382,4,unacc,1,select_coverage_CBA_M1,,DAC,156,498,,,129,453,unacc,3944
19,10,42,Car Evaluation,1382,4,unacc,1,select_coverage_CBA_M1,,exact,156,498,129.0,453.0,85,301,unacc,10200
19,10,42,Car Evaluation,1382,4,unacc,2,select_coverage,1.0,exact,237,673,177.0,564.0,112,357,unacc,13488
19,10,42,Car Evaluation,1382,4,unacc,2,select_coverage,2.0,exact,407,1149,276.0,870.0,166,523,unacc,21240
19,10,42,Car Evaluation,1382,4,unacc,2,select_coverage,3.0,exact,503,1429,334.0,1048.0,190,600,unacc,25700
19,10,42,Car Evaluation,1382,4,unacc,2,select_coverage,4.0,exact,556,1580,364.0,1138.0,205,644,unacc,28040
19,10,42,Car Evaluation,1382,4,unacc,2,select_coverage_CBA_M1,,exact,155,497,128.0,452.0,85,302,unacc,10156
19,10,49,Car Evaluation,1382,4,unacc,1,select_coverage,1.0,DAC,238,689,,,186,596,unacc,5692
19,10,49,Car Evaluation,1382,4,unacc,1,select_coverage,1.0,exact,238,689,186.0,596.0,120,392,unacc,14180
19,10,49,Car Evaluation,1382,4,unacc,1,select_coverage,2.0,DAC,430,1240,,,303,971,unacc,10200
19,10,49,Car Evaluation,1382,4,unacc,1,select_coverage,2.0,exact,430,1240,298.0,955.0,186,606,unacc,23156
19,10,49,Car Evaluation,1382,4,unacc,1,select_coverage,3.0,DAC,523,1505,,,354,1125,unacc,12376
19,10,49,Car Evaluation,1382,4,unacc,1,select_coverage,3.0,exact,523,1505,342.0,1086.0,210,679,unacc,26792
19,10,49,Car Evaluation,1382,4,unacc,1,select_coverage,4.0,DAC,581,1675,,,392,1239,unacc,13752
19,10,49,Car Evaluation,1382,4,unacc,1,select_coverage,4.0,exact,581,1675,374.0,1180.0,222,717,unacc,29280
19,10,49,Car Evaluation,1382,4,unacc,1,select_coverage_CBA_M1,,DAC,163,516,,,136,470,unacc,4100
19,10,49,Car Evaluation,1382,4,unacc,1,select_coverage_CBA_M1,,exact,163,516,136.0,470.0,92,323,good,10708
19,10,49,Car Evaluation,1382,4,unacc,2,select_coverage,1.0,exact,239,692,187.0,599.0,120,392,unacc,14244
19,10,49,Car Evaluation,1382,4,unacc,2,select_coverage,2.0,exact,429,1237,297.0,952.0,186,606,unacc,23092
19,10,49,Car Evaluation,1382,4,unacc,2,select_coverage,3.0,exact,523,1507,344.0,1093.0,211,683,unacc,26924
19,10,49,Car Evaluation,1382,4,unacc,2,select_coverage,4.0,exact,579,1670,373.0,1178.0,222,718,unacc,29216
19,10,49,Car Evaluation,1382,4,unacc,2,select_coverage_CBA_M1,,exact,166,526,138.0,476.0,93,326,good,10864
19,10,63,Car Evaluation,1382,4,unacc,1,select_coverage,1.0,DAC,235,677,,,171,554,unacc,5608
19,10,63,Car Evaluation,1382,4,unacc,1,select_coverage,1.0,exact,235,677,170.0,550.0,102,332,unacc,13068
19,10,63,Car Evaluation,1382,4,unacc,1,select_coverage,2.0,DAC,410,1171,,,279,894,unacc,9684
19,10,63,Car Evaluation,1382,4,unacc,1,select_coverage,2.0,exact,410,1171,276.0,883.0,161,515,unacc,21348
19,10,63,Car Evaluation,1382,4,unacc,1,select_coverage,3.0,DAC,499,1426,,,331,1054,unacc,11772
19,10,63,Car Evaluation,1382,4,unacc,1,select_coverage,3.0,exact,499,1426,322.0,1025.0,177,564,unacc,24972
19,10,63,Car Evaluation,1382,4,unacc,1,select_coverage,4.0,DAC,554,1586,,,368,1166,unacc,13072
19,10,63,Car Evaluation,1382,4,unacc,1,select_coverage,4.0,exact,554,1586,351.0,1112.0,194,615,unacc,27324
19,10,63,Car Evaluation,1382,4,unacc,1,select_coverage_CBA_M1,,DAC,151,478,,,116,408,unacc,3804
19,10,63,Car Evaluation,1382,4,unacc,1,select_coverage_CBA_M1,,exact,151,478,115.0,404.0,77,271,unacc,9244
19,10,63,Car Evaluation,1382,4,unacc,2,select_coverage,1.0,exact,236,680,171.0,553.0,102,332,unacc,13132
19,10,63,Car Evaluation,1382,4,unacc,2,select_coverage,2.0,exact,413,1182,278.0,891.0,160,512,unacc,21492
19,10,63,Car Evaluation,1382,4,unacc,2,select_coverage,3.0,exact,502,1436,324.0,1031.0,178,567,unacc,25128
19,10,63,Car Evaluation,1382,4,unacc,2,select_coverage,4.0,exact,556,1593,353.0,1119.0,194,615,unacc,27460
19,10,63,Car Evaluation,1382,4,unacc,2,select_coverage_CBA_M1,,exact,151,478,115.0,404.0,77,271,unacc,9244
19,10,64,Car Evaluation,1382,4,unacc,1,select_coverage,1.0,DAC,228,672,,,179,585,unacc,5504
19,10,64,Car Evaluation,1382,4,unacc,1,select_coverage,1.0,exact,228,672,178.0,582.0,110,363,unacc,13620
19,10,64,Car Evaluation,1382,4,unacc,1,select_coverage,2.0,DAC,408,1165,,,287,915,unacc,9636
19,10,64,Car Evaluation,1382,4,unacc,1,select_coverage,2.0,exact,408,1165,279.0,890.0,174,560,unacc,21652
19,10,64,Car Evaluation,1382,4,unacc,1,select_coverage,3.0,DAC,500,1446,,,347,1109,unacc,11864
19,10,64,Car Evaluation,1382,4,unacc,1,select_coverage,3.0,exact,500,1446,334.0,1068.0,195,630,unacc,25968
19,10,64,Car Evaluation,1382,4,unacc,1,select_coverage,4.0,DAC,564,1648,,,389,1248,unacc,13440
19,10,64,Car Evaluation,1382,4,unacc,1,select_coverage,4.0,exact,564,1648,373.0,1197.0,209,678,unacc,29044
19,10,64,Car Evaluation,1382,4,unacc,1,select_coverage_CBA_M1,,DAC,179,564,,,150,513,unacc,4484
19,10,64,Car Evaluation,1382,4,unacc,1,select_coverage_CBA_M1,,exact,179,564,150.0,513.0,95,331,unacc,11664
19,10,64,Car Evaluation,1382,4,unacc,2,select_coverage,1.0,exact,228,672,178.0,582.0,110,363,unacc,13620
19,10,64,Car Evaluation,1382,4,unacc,2,select_coverage,2.0,exact,410,1173,280.0,895.0,174,560,unacc,21744
19,10,64,Car Evaluation,1382,4,unacc,2,select_coverage,3.0,exact,504,1461,338.0,1083.0,194,628,unacc,26240
19,10,64,Car Evaluation,1382,4,unacc,2,select_coverage,4.0,exact,567,1660,376.0,1209.0,210,681,unacc,29272
19,10,64,Car Evaluation,1382,4,unacc,2,select_coverage_CBA_M1,,exact,180,569,150.0,514.0,96,335,unacc,11704
19,10,65,Car Evaluation,1382,4,unacc,1,select_coverage,1.0,DAC,246,713,,,175,572,unacc,5884
19,10,65,Car Evaluation,1382,4,unacc,1,select_coverage,1.0,exact,246,713,171.0,560.0,105,352,unacc,13372
19,10,65,Car Evaluation,1382,4,unacc,1,select_coverage,2.0,DAC,401,1132,,,279,885,unacc,9420
19,10,65,Car Evaluation,1382,4,unacc,1,select_coverage,2.0,exact,401,1132,270.0,858.0,157,510,unacc,20832
19,10,65,Car Evaluation,1382,4,unacc,1,select_coverage,3.0,DAC,483,1394,,,323,1036,unacc,11452
19,10,65,Car Evaluation,1382,4,unacc,1,select_coverage,3.0,exact,483,1394,310.0,997.0,168,556,unacc,24220
19,10,65,Car Evaluation,1382,4,unacc,1,select_coverage,4.0,DAC,545,1580,,,363,1162,unacc,12940
19,10,65,Car Evaluation,1382,4,unacc,1,select_coverage,4.0,exact,545,1580,347.0,1114.0,178,588,unacc,27040
19,10,65,Car Evaluation,1382,4,unacc,1,select_coverage_CBA_M1,,DAC,178,571,,,144,506,unacc,4500
19,10,65,Car Evaluation,1382,4,unacc,1,select_coverage_CBA_M1,,exact,178,571,140.0,494.0,90,324,vgood,11188
19,10,65,Car Evaluation,1382,4,unacc,2,select_coverage,1.0,exact,247,717,172.0,564.0,106,356,unacc,13460
19,10,65,Car Evaluation,1382,4,unacc,2,select_coverage,2.0,exact,405,1145,272.0,865.0,157,510,unacc,20992
19,10,65,Car Evaluation,1382,4,unacc,2,select_coverage,3.0,exact,487,1409,312.0,1006.0,168,556,unacc,24396
19,10,65,Car Evaluation,1382,4,unacc,2,select_coverage,4.0,exact,553,1608,354.0,1139.0,182,603,unacc,27592
19,10,65,Car Evaluation,1382,4,unacc,2,select_coverage_CBA_M1,,exact,178,571,140.0,494.0,90,324,vgood,11188
19,10,68,Car Evaluation,1382,4,unacc,1,select_coverage,1.0,DAC,233,685,,,174,567,unacc,5616
19,10,68,Car Evaluation,1382,4,unacc,1,select_coverage,1.0,exact,233,685,170.0,555.0,109,365,unacc,13252
19,10,68,Car Evaluation,1382,4,unacc,1,select_coverage,2.0,DAC,400,1168,,,287,914,unacc,9552
19,10,68,Car Evaluation,1382,4,unacc,1,select_coverage,2.0,exact,400,1168,279.0,890.0,173,554,unacc,21640
19,10,68,Car Evaluation,1382,4,unacc,1,select_coverage,3.0,DAC,479,1397,,,333,1054,unacc,11416
19,10,68,Car Evaluation,1382,4,unacc,1,select_coverage,3.0,exact,479,1397,322.0,1020.0,187,595,unacc,24960
19,10,68,Car Evaluation,1382,4,unacc,1,select_coverage,4.0,DAC,524,1538,,,366,1160,unacc,12520
19,10,68,Car Evaluation,1382,4,unacc,1,select_coverage,4.0,exact,524,1538,349.0,1107.0,197,630,unacc,27092
19,10,68,Car Evaluation,1382,4,unacc,1,select_coverage_CBA_M1,,DAC,165,519,,,136,465,unacc,4136
19,10,68,Car Evaluation,1382,4,unacc,1,select_coverage_CBA_M1,,exact,165,519,134.0,459.0,87,307,acc,10532
19,10,68,Car Evaluation,1382,4,unacc,2,select_coverage,1.0,exact,233,685,170.0,555.0,109,365,unacc,13252
19,10,68,Car Evaluation,1382,4,unacc,2,select_coverage,2.0,exact,401,1173,279.0,890.0,172,551,unacc,21648
19,10,68,Car Evaluation,1382,4,unacc,2,select_coverage,3.0,exact,485,1421,326.0,1037.0,190,608,unacc,25336
19,10,68,Car Evaluation,1382,4,unacc,2,select_coverage,4.0,exact,527,1550,352.0,1119.0,198,634,unacc,27324
19,10,68,Car Evaluation,1382,4,unacc,2,select_coverage_CBA_M1,,exact,160,500,129.0,440.0,82,288,acc,10104
19,10,74,Car Evaluation,1382,4,unacc,1,select_coverage,1.0,DAC,234,665,,,164,533,unacc,5548
19,10,74,Car Evaluation,1382,4,unacc,1,select_coverage,1.0,exact,234,665,161.0,523.0,96,311,unacc,12468
19,10,74,Car Evaluation,1382,4,unacc,1,select_coverage,2.0,DAC,371,1060,,,259,835,unacc,8772
19,10,74,Car Evaluation,1382,4,unacc,1,select_coverage,2.0,exact,371,1060,249.0,802.0,150,493,unacc,19412
19,10,74,Car Evaluation,1382,4,unacc,1,select_coverage,3.0,DAC,457,1313,,,314,1000,unacc,10816
19,10,74,Car Evaluation,1382,4,unacc,1,select_coverage,3.0,exact,457,1313,302.0,961.0,178,578,unacc,23520
19,10,74,Car Evaluation,1382,4,unacc,1,select_coverage,4.0,DAC,530,1532,,,367,1167,unacc,12568
19,10,74,Car Evaluation,1382,4,unacc,1,select_coverage,4.0,exact,530,1532,346.0,1100.0,191,619,unacc,26876
19,10,74,Car Evaluation,1382,4,unacc,1,select_coverage_CBA_M1,,DAC,155,490,,,119,416,unacc,3900
19,10,74,Car Evaluation,1382,4,unacc,1,select_coverage_CBA_M1,,exact,155,490,117.0,410.0,71,252,unacc,9320
19,10,74,Car Evaluation,1382,4,unacc,2,select_coverage,1.0,exact,235,668,162.0,526.0,96,311,unacc,12532
19,10,74,Car Evaluation,1382,4,unacc,2,select_coverage,2.0,exact,371,1061,249.0,803.0,150,493,unacc,19420
19,10,74,Car Evaluation,1382,4,unacc,2,select_coverage,3.0,exact,458,1318,303.0,965.0,179,582,unacc,23612
19,10,74,Car Evaluation,1382,4,unacc,2,select_coverage,4.0,exact,532,1541,348.0,1108.0,192,623,unacc,27040
19,10,74,Car Evaluation,1382,4,unacc,2,select_coverage_CBA_M1,,exact,155,490,117.0,410.0,71,252,unacc,9320
19,10,76,Car Evaluation,1382,4,unacc,1,select_coverage,1.0,DAC,226,651,,,164,538,unacc,5396
19,10,76,Car Evaluation,1382,4,unacc,1,select_coverage,1.0,exact,226,651,159.0,521.0,99,331,unacc,12404
19,10,76,Car Evaluation,1382,4,unacc,1,select_coverage,2.0,DAC,388,1114,,,266,849,unacc,9192
19,10,76,Car Evaluation,1382,4,unacc,1,select_coverage,2.0,exact,388,1114,260.0,829.0,163,526,unacc,20308
19,10,76,Car Evaluation,1382,4,unacc,1,select_coverage,3.0,DAC,475,1373,,,319,1019,unacc,11272
19,10,76,Car Evaluation,1382,4,unacc,1,select_coverage,3.0,exact,475,1373,308.0,982.0,187,604,unacc,24188
19,10,76,Car Evaluation,1382,4,unacc,1,select_coverage,4.0,DAC,535,1551,,,359,1142,unacc,12704
19,10,76,Car Evaluation,1382,4,unacc,1,select_coverage,4.0,exact,535,1551,343.0,1090.0,199,642,unacc,26884
19,10,76,Car Evaluation,1382,4,unacc,1,select_coverage_CBA_M1,,DAC,155,488,,,121,423,unacc,3892
19,10,76,Car Evaluation,1382,4,unacc,1,select_coverage_CBA_M1,,exact,155,488,118.0,412.0,79,283,unacc,9484
19,10,76,Car Evaluation,1382,4,unacc,2,select_coverage,1.0,exact,226,652,160.0,525.0,100,335,unacc,12480
19,10,76,Car Evaluation,1382,4,unacc,2,select_coverage,2.0,exact,390,1121,262.0,836.0,163,526,unacc,20444
19,10,76,Car Evaluation,1382,4,unacc,2,select_coverage,3.0,exact,481,1391,311.0,991.0,187,604,unacc,24416
19,10,76,Car Evaluation,1382,4,unacc,2,select_coverage,4.0,exact,540,1567,348.0,1106.0,200,644,unacc,27220
19,10,76,Car Evaluation,1382,4,unacc,2,select_coverage_CBA_M1,,exact,156,491,118.0,412.0,79,283,unacc,9496
19,10,100,Car Evaluation,1382,4,unacc,1,select_coverage,1.0,DAC,228,667,,,166,536,unacc,5484
19,10,100,Car Evaluation,1382,4,unacc,1,select_coverage,1.0,exact,228,667,163.0,526.0,98,320,unacc,12604
19,10,100,Car Evaluation,1382,4,unacc,1,select_coverage,2.0,DAC,398,1149,,,270,873,unacc,9452
19,10,100,Car Evaluation,1382,4,unacc,1,select_coverage,2.0,exact,398,1149,264.0,854.0,156,513,unacc,20656
19,10,100,Car Evaluation,1382,4,unacc,1,select_coverage,3.0,DAC,487,1413,,,324,1039,unacc,11576
19,10,100,Car Evaluation,1382,4,unacc,1,select_coverage,3.0,exact,487,1413,309.0,993.0,173,572,unacc,24304
19,10,100,Car Evaluation,1382,4,unacc,1,select_coverage,4.0,DAC,549,1595,,,364,1160,unacc,13048
19,10,100,Car Evaluation,1382,4,unacc,1,select_coverage,4.0,exact,549,1595,344.0,1098.0,180,588,unacc,26916
19,10,100,Car Evaluation,1382,4,unacc,1,select_coverage_CBA_M1,,DAC,157,488,,,128,436,unacc,3916
19,10,100,Car Evaluation,1382,4,unacc,1,select_coverage_CBA_M1,,exact,157,488,127.0,432.0,79,274,unacc,9888
19,10,100,Car Evaluation,1382,4,unacc,2,select_coverage,1.0,exact,228,667,163.0,526.0,98,320,unacc,12604
19,10,100,Car Evaluation,1382,4,unacc,2,select_coverage,2.0,exact,402,1161,265.0,857.0,156,513,unacc,20756
19,10,100,Car Evaluation,1382,4,unacc,2,select_coverage,3.0,exact,489,1420,310.0,997.0,172,570,unacc,24380
19,10,100,Car Evaluation,1382,4,unacc,2,select_coverage,4.0,exact,551,1603,345.0,1102.0,180,588,unacc,27004
19,10,100,Car Evaluation,1382,4,unacc,2,select_coverage_CBA_M1,,exact,157,488,127.0,432.0,79,274,unacc,9888
19,10,114,Car Evaluation,1382,4,unacc,1,select_coverage,1.0,DAC,240,691,,,177,586,unacc,5724
19,10,114,Car Evaluation,1382,4,unacc,1,select_coverage,1.0,exact,240,691,174.0,576.0,107,352,unacc,13468
19,10,114,Car Evaluation,1382,4,unacc,1,select_coverage,2.0,DAC,405,1164,,,280,907,unacc,9596
19,10,114,Car Evaluation,1382,4,unacc,1,select_coverage,2.0,exact,405,1164,272.0,881.0,165,540,unacc,21252
19,10,114,Car Evaluation,1382,4,unacc,1,select_coverage,3.0,DAC,504,1463,,,350,1128,unacc,11980
19,10,114,Car Evaluation,1382,4,unacc,1,select_coverage,3.0,exact,504,1463,339.0,1093.0,193,634,unacc,26352
19,10,114,Car Evaluation,1382,4,unacc,1,select_coverage,4.0,DAC,573,1663,,,396,1266,unacc,13608
19,10,114,Car Evaluation,1382,4,unacc,1,select_coverage,4.0,exact,573,1663,380.0,1215.0,210,687,unacc,29492
19,10,114,Car Evaluation,1382,4,unacc,1,select_coverage_CBA_M1,,DAC,171,550,,,139,492,unacc,4332
19,10,114,Car Evaluation,1382,4,unacc,1,select_coverage_CBA_M1,,exact,171,550,138.0,489.0,87,308,unacc,10940
19,10,114,Car Evaluation,1382,4,unacc,2,select_coverage,1.0,exact,241,697,176.0,584.0,108,356,unacc,13620
19,10,114,Car Evaluation,1382,4,unacc,2,select_coverage,2.0,exact,407,1172,274.0,889.0,166,544,unacc,21412
19,10,114,Car Evaluation,1382,4,unacc,2,select_coverage,3.0,exact,505,1465,340.0,1095.0,195,640,unacc,26432
19,10,114,Car Evaluation,1382,4,unacc,2,select_coverage,4.0,exact,575,1669,381.0,1218.0,210,687,unacc,29568
19,10,114,Car Evaluation,1382,4,unacc,2,select_coverage_CBA_M1,,exact,173,558,140.0,497.0,87,309,unacc,11088
19,10,133,Car Evaluation,1382,4,unacc,1,select_coverage,1.0,DAC,237,677,,,171,545,unacc,5632
19,10,133,Car Evaluation,1382,4,unacc,1,select_coverage,1.0,exact,237,677,169.0,539.0,110,350,unacc,13056
19,10,133,Car Evaluation,1382,4,unacc,1,select_coverage,2.0,DAC,407,1166,,,271,861,unacc,9628
19,10,133,Car Evaluation,1382,4,unacc,1,select_coverage,2.0,exact,407,1166,266.0,846.0,173,546,unacc,20904
19,10,133,Car Evaluation,1382,4,unacc,1,select_coverage,3.0,DAC,510,1482,,,337,1078,unacc,12128
19,10,133,Car Evaluation,1382,4,unacc,1,select_coverage,3.0,exact,510,1482,327.0,1048.0,202,651,unacc,25836
19,10,133,Car Evaluation,1382,4,unacc,1,select_coverage,4.0,DAC,584,1692,,,376,1196,unacc,13856
19,10,133,Car Evaluation,1382,4,unacc,1,select_coverage,4.0,exact,584,1692,365.0,1163.0,213,688,unacc,28804
19,10,133,Car Evaluation,1382,4,unacc,1,select_coverage_CBA_M1,,DAC,166,522,,,131,452,unacc,4160
19,10,133,Car Evaluation,1382,4,unacc,1,select_coverage_CBA_M1,,exact,166,522,129.0,446.0,84,294,unacc,10240
19,10,133,Car Evaluation,1382,4,unacc,2,select_coverage,1.0,exact,238,681,170.0,543.0,111,354,unacc,13144
19,10,133,Car Evaluation,1382,4,unacc,2,select_coverage,2.0,exact,410,1177,269.0,857.0,174,551,unacc,21132
19,10,133,Car Evaluation,1382,4,unacc,2,select_coverage,3.0,exact,512,1490,328.0,1053.0,203,656,unacc,25948
19,10,133,Car Evaluation,1382,4,unacc,2,select_coverage,4.0,exact,583,1689,365.0,1163.0,213,688,unacc,28792
19,10,133,Car Evaluation,1382,4,unacc,2,select_coverage_CBA_M1,,exact,167,526,130.0,450.0,84,294,unacc,10312
19,10,138,Car Evaluation,1382,4,unacc,1,select_coverage,1.0,DAC,229,659,,,169,539,unacc,5464
19,10,138,Car Evaluation,1382,4,unacc,1,select_coverage,1.0,exact,229,659,165.0,526.0,102,324,unacc,12668
19,10,138,Car Evaluation,1382,4,unacc,1,select_coverage,2.0,DAC,403,1158,,,283,897,unacc,9548
19,10,138,Car Evaluation,1382,4,unacc,1,select_coverage,2.0,exact,403,1158,274.0,869.0,162,510,unacc,21140
19,10,138,Car Evaluation,1382,4,unacc,1,select_coverage,3.0,DAC,485,1400,,,339,1071,unacc,11500
19,10,138,Car Evaluation,1382,4,unacc,1,select_coverage,3.0,exact,485,1400,321.0,1016.0,179,567,unacc,24804
19,10,138,Car Evaluation,1382,4,unacc,1,select_coverage,4.0,DAC,538,1556,,,372,1172,unacc,12760
19,10,138,Car Evaluation,1382,4,unacc,1,select_coverage,4.0,exact,538,1556,349.0,1101.0,188,590,unacc,26980
19,10,138,Car Evaluation,1382,4,unacc,1,select_coverage_CBA_M1,,DAC,160,497,,,125,431,unacc,3988
19,10,138,Car Evaluation,1382,4,unacc,1,select_coverage_CBA_M1,,exact,160,497,123.0,424.0,78,270,unacc,9716
19,10,138,Car Evaluation,1382,4,unacc,2,select_coverage,1.0,exact,230,663,166.0,530.0,102,324,unacc,12740
19,10,138,Car Evaluation,1382,4,unacc,2,select_coverage,2.0,exact,407,1171,276.0,876.0,162,510,unacc,21300
19,10,138,Car Evaluation,1382,4,unacc,2,select_coverage,3.0,exact,490,1417,324.0,1027.0,180,570,unacc,25048
19,10,138,Car Evaluation,1382,4,unacc,2,select_coverage,4.0,exact,545,1580,352.0,1112.0,189,594,unacc,27256
19,10,138,Car Evaluation,1382,4,unacc,2,select_coverage_CBA_M1,,exact,158,491,124.0,428.0,76,263,acc,9720
19,10,148,Car Evaluation,1382,4,unacc,1,select_coverage,1.0,DAC,223,641,,,166,540,unacc,5320
19,10,148,Car Evaluation,1382,4,unacc,1,select_coverage,1.0,exact,223,641,164.0,534.0,91,291,unacc,12456
19,10,148,Car Evaluation,1382,4,unacc,1,select_coverage,2.0,DAC,399,1149,,,279,892,unacc,9464
19,10,148,Car Evaluation,1382,4,unacc,1,select_coverage,2.0,exact,399,1149,272.0,871.0,160,500,unacc,20992
19,10,148,Car Evaluation,1382,4,unacc,1,select_coverage,3.0,DAC,489,1414,,,344,1089,unacc,11604
19,10,148,Car Evaluation,1382,4,unacc,1,select_coverage,3.0,exact,489,1414,332.0,1052.0,180,558,unacc,25408
19,10,148,Car Evaluation,1382,4,unacc,1,select_coverage,4.0,DAC,547,1596,,,383,1214,unacc,13028
19,10,148,Car Evaluation,1382,4,unacc,1,select_coverage,4.0,exact,547,1596,365.0,1157.0,187,583,unacc,27976
19,10,148,Car Evaluation,1382,4,unacc,1,select_coverage_CBA_M1,,DAC,158,510,,,128,453,unacc,4016
19,10,148,Car Evaluation,1382,4,unacc,1,select_coverage_CBA_M1,,exact,158,510,126.0,447.0,74,260,unacc,9940
19,10,148,Car Evaluation,1382,4,unacc,2,select_coverage,1.0,exact,225,649,166.0,542.0,91,291,unacc,12600
19,10,148,Car Evaluation,1382,4,unacc,2,select_coverage,2.0,exact,402,1161,275.0,883.0,161,504,unacc,21224
19,10,148,Car Evaluation,1382,4,unacc,2,select_coverage,3.0,exact,491,1422,334.0,1060.0,179,556,unacc,25544
19,10,148,Car Evaluation,1382,4,unacc,2,select_coverage,4.0,exact,553,1618,367.0,1165.0,187,583,unacc,28176
19,10,148,Car Evaluation,1382,4,unacc,2,select_coverage_CBA_M1,,exact,158,510,126.0,447.0,74,260,unacc,9940
