id_uci,nclients,seed,data_name,train_size,number_classes,majority_class,ranking,selection,param,consolidation,round1_n_rules,round1_n_items_antecedent,round2_n_rules,round2_n_items_antecedent,final_nrules,final_total_items,default_class,comm_cost
14,2,5,Breast Cancer,228,2,no-recurrence-events,1,select_coverage,1.0,DAC,66,240,,,64,237,no-recurrence-events,1768
14,2,5,Breast Cancer,228,2,no-recurrence-events,1,select_coverage,1.0,exact,66,240,64.0,237.0,47,164,no-recurrence-events,4116
14,2,5,Breast Cancer,228,2,no-recurrence-events,1,select_coverage,2.0,DAC,109,414,,,107,411,no-recurrence-events,2980
14,2,5,Breast Cancer,228,2,no-recurrence-events,1,select_coverage,2.0,exact,109,414,107.0,411.0,84,313,no-recurrence-events,7136
14,2,5,Breast Cancer,228,2,no-recurrence-events,1,select_coverage,3.0,DAC,136,535,,,134,532,no-recurrence-events,3788
14,2,5,Breast Cancer,228,2,no-recurrence-events,1,select_coverage,3.0,exact,136,535,134.0,532.0,105,405,no-recurrence-events,9120
14,2,5,Breast Cancer,228,2,no-recurrence-events,1,select_coverage,4.0,DAC,167,655,,,164,648,no-recurrence-events,4640
14,2,5,Breast Cancer,228,2,no-recurrence-events,1,select_coverage,4.0,exact,167,655,164.0,648.0,130,498,no-recurrence-events,11156
14,2,5,Breast Cancer,228,2,no-recurrence-events,1,select_coverage_CBA_M1,,DAC,38,161,,,38,161,no-recurrence-events,1116
14,2,5,Breast Cancer,228,2,no-recurrence-events,1,select_coverage_CBA_M1,,exact,38,161,38.0,161.0,28,115,no-recurrence-events,2676
14,2,5,Breast Cancer,228,2,no-recurrence-events,2,select_coverage,1.0,exact,66,240,64.0,237.0,47,164,no-recurrence-events,4116
14,2,5,Breast Cancer,228,2,no-recurrence-events,2,select_coverage,2.0,exact,109,414,107.0,411.0,84,313,no-recurrence-events,7136
14,2,5,Breast Cancer,228,2,no-recurrence-events,2,select_coverage,3.0,exact,136,535,134.0,532.0,105,405,no-recurrence-events,9120
14,2,5,Breast Cancer,228,2,no-recurrence-events,2,select_coverage,4.0,exact,167,655,164.0,648.0,130,498,no-recurrence-events,11156
14,2,5,Breast Cancer,228,2,no-recurrence-events,2,select_coverage_CBA_M1,,exact,38,161,38.0,161.0,28,115,no-recurrence-events,2676
14,2,14,Breast Cancer,228,2,no-recurrence-events,1,select_coverage,1.0,DAC,63,232,,,62,227,no-recurrence-events,1700
14,2,14,Breast Cancer,228,2,no-recurrence-events,1,select_coverage,1.0,exact,63,232,62.0,227.0,52,190,no-recurrence-events,4100
14,2,14,Breast Cancer,228,2,no-recurrence-events,1,select_coverage,2.0,DAC,101,382,,,97,365,no-recurrence-events,2756
14,2,14,Breast Cancer,228,2,no-recurrence-events,1,select_coverage,2.0,exact,101,382,97.0,365.0,77,291,no-recurrence-events,6496
14,2,14,Breast Cancer,228,2,no-recurrence-events,1,select_coverage,3.0,DAC,137,519,,,131,498,no-recurrence-events,3736
14,2,14,Breast Cancer,228,2,no-recurrence-events,1,select_coverage,3.0,exact,137,519,131.0,498.0,103,392,no-recurrence-events,8796
14,2,14,Breast Cancer,228,2,no-recurrence-events,1,select_coverage,4.0,DAC,159,620,,,153,599,no-recurrence-events,4404
14,2,14,Breast Cancer,228,2,no-recurrence-events,1,select_coverage,4.0,exact,159,620,153.0,599.0,121,474,no-recurrence-events,10460
14,2,14,Breast Cancer,228,2,no-recurrence-events,1,select_coverage_CBA_M1,,DAC,41,167,,,41,167,no-recurrence-events,1176
14,2,14,Breast Cancer,228,2,no-recurrence-events,1,select_coverage_CBA_M1,,exact,41,167,41.0,167.0,35,142,no-recurrence-events,2904
14,2,14,Breast Cancer,228,2,no-recurrence-events,2,select_coverage,1.0,exact,63,232,62.0,227.0,52,190,no-recurrence-events,4100
14,2,14,Breast Cancer,228,2,no-recurrence-events,2,select_coverage,2.0,exact,101,382,97.0,365.0,77,291,no-recurrence-events,6496
14,2,14,Breast Cancer,228,2,no-recurrence-events,2,select_coverage,3.0,exact,137,519,131.0,498.0,103,392,no-recurrence-events,8796
14,2,14,Breast Cancer,228,2,no-recurrence-events,2,select_coverage,4.0,exact,159,620,153.0,599.0,121,474,no-recurrence-events,10460
14,2,14,Breast Cancer,228,2,no-recurrence-events,2,select_coverage_CBA_M1,,exact,41,167,41.0,167.0,35,142,no-recurrence-events,2904
14,2,17,Breast Cancer,228,2,no-recurrence-events,1,select_coverage,1.0,DAC,70,243,,,69,240,no-recurrence-events,1828
14,2,17,Breast Cancer,228,2,no-recurrence-events,1,select_coverage,1.0,exact,70,243,69.0,240.0,51,179,no-recurrence-events,4320
14,2,17,Breast Cancer,228,2,no-recurrence-events,1,select_coverage,2.0,DAC,123,433,,,118,422,no-recurrence-events,3224
14,2,17,Breast Cancer,228,2,no-recurrence-events,1,select_coverage,2.0,exact,123,433,118.0,422.0,92,326,no-recurrence-events,7572
14,2,17,Breast Cancer,228,2,no-recurrence-events,1,select_coverage,3.0,DAC,157,575,,,151,560,no-recurrence-events,4200
14,2,17,Breast Cancer,228,2,no-recurrence-events,1,select_coverage,3.0,exact,157,575,151.0,560.0,122,448,no-recurrence-events,9972
14,2,17,Breast Cancer,228,2,no-recurrence-events,1,select_coverage,4.0,DAC,184,687,,,176,668,no-recurrence-events,4972
14,2,17,Breast Cancer,228,2,no-recurrence-events,1,select_coverage,4.0,exact,184,687,176.0,668.0,145,547,no-recurrence-events,11848
14,2,17,Breast Cancer,228,2,no-recurrence-events,1,select_coverage_CBA_M1,,DAC,44,168,,,43,165,no-recurrence-events,1216
14,2,17,Breast Cancer,228,2,no-recurrence-events,1,select_coverage_CBA_M1,,exact,44,168,43.0,165.0,30,119,no-recurrence-events,2856
14,2,17,Breast Cancer,228,2,no-recurrence-events,2,select_coverage,1.0,exact,70,243,69.0,240.0,51,179,no-recurrence-events,4320
14,2,17,Breast Cancer,228,2,no-recurrence-events,2,select_coverage,2.0,exact,123,433,118.0,422.0,92,326,no-recurrence-events,7572
14,2,17,Breast Cancer,228,2,no-recurrence-events,2,select_coverage,3.0,exact,157,575,151.0,560.0,122,448,no-recurrence-events,9972
14,2,17,Breast Cancer,228,2,no-recurrence-events,2,select_coverage,4.0,exact,184,687,176.0,668.0,145,547,no-recurrence-events,11848
14,2,17,Breast Cancer,228,2,no-recurrence-events,2,select_coverage_CBA_M1,,exact,44,168,43.0,165.0,30,119,no-recurrence-events,2856
14,2,19,Breast Cancer,228,2,no-recurrence-events,1,select_coverage,1.0,DAC,76,270,,,73,261,no-recurrence-events,2008
14,2,19,Breast Cancer,228,2,no-recurrence-events,1,select_coverage,1.0,exact,76,270,73.0,261.0,50,169,no-recurrence-events,4568
14,2,19,Breast Cancer,228,2,no-recurrence-events,1,select_coverage,2.0,DAC,130,477,,,123,460,no-recurrence-events,3484
14,2,19,Breast Cancer,228,2,no-recurrence-events,1,select_coverage,2.0,exact,130,477,123.0,460.0,86,307,no-recurrence-events,7944
14,2,19,Breast Cancer,228,2,no-recurrence-events,1,select_coverage,3.0,DAC,165,618,,,157,600,no-recurrence-events,4468
14,2,19,Breast Cancer,228,2,no-recurrence-events,1,select_coverage,3.0,exact,165,618,157.0,600.0,115,421,no-recurrence-events,10340
14,2,19,Breast Cancer,228,2,no-recurrence-events,1,select_coverage,4.0,DAC,193,749,,,184,729,no-recurrence-events,5328
14,2,19,Breast Cancer,228,2,no-recurrence-events,1,select_coverage,4.0,exact,193,749,184.0,729.0,136,517,no-recurrence-events,12412
14,2,19,Breast Cancer,228,2,no-recurrence-events,1,select_coverage_CBA_M1,,DAC,45,177,,,45,177,no-recurrence-events,1264
14,2,19,Breast Cancer,228,2,no-recurrence-events,1,select_coverage_CBA_M1,,exact,45,177,45.0,177.0,31,116,no-recurrence-events,2976
14,2,19,Breast Cancer,228,2,no-recurrence-events,2,select_coverage,1.0,exact,76,270,73.0,261.0,50,169,no-recurrence-events,4568
14,2,19,Breast Cancer,228,2,no-recurrence-events,2,select_coverage,2.0,exact,130,477,123.0,460.0,86,307,no-recurrence-events,7944
14,2,19,Breast Cancer,228,2,no-recurrence-events,2,select_coverage,3.0,exact,165,618,157.0,600.0,115,421,no-recurrence-events,10340
14,2,19,Breast Cancer,228,2,no-recurrence-events,2,select_coverage,4.0,exact,193,749,184.0,729.0,136,517,no-recurrence-events,12412
14,2,19,Breast Cancer,228,2,no-recurrence-events,2,select_coverage_CBA_M1,,exact,45,177,45.0,177.0,31,116,no-recurrence-events,2976
14,2,29,Breast Cancer,228,2,no-recurrence-events,1,select_coverage,1.0,DAC,73,281,,,73,281,no-recurrence-events,2016
14,2,29,Breast Cancer,228,2,no-recurrence-events,1,select_coverage,1.0,exact,73,281,73.0,281.0,63,240,no-recurrence-events,4976
14,2,29,Breast Cancer,228,2,no-recurrence-events,1,select_coverage,2.0,DAC,114,427,,,111,415,no-recurrence-events,3092
14,2,29,Breast Cancer,228,2,no-recurrence-events,1,select_coverage,2.0,exact,114,427,111.0,415.0,101,374,no-recurrence-events,7544
14,2,29,Breast Cancer,228,2,no-recurrence-events,1,select_coverage,3.0,DAC,141,539,,,138,527,no-recurrence-events,3864
14,2,29,Breast Cancer,228,2,no-recurrence-events,1,select_coverage,3.0,exact,141,539,138.0,527.0,124,466,no-recurrence-events,9456
14,2,29,Breast Cancer,228,2,no-recurrence-events,1,select_coverage,4.0,DAC,163,628,,,160,616,no-recurrence-events,4484
14,2,29,Breast Cancer,228,2,no-recurrence-events,1,select_coverage,4.0,exact,163,628,160.0,616.0,143,547,no-recurrence-events,11020
14,2,29,Breast Cancer,228,2,no-recurrence-events,1,select_coverage_CBA_M1,,DAC,50,219,,,50,219,no-recurrence-events,1492
14,2,29,Breast Cancer,228,2,no-recurrence-events,1,select_coverage_CBA_M1,,exact,50,219,50.0,219.0,42,183,no-recurrence-events,3700
14,2,29,Breast Cancer,228,2,no-recurrence-events,2,select_coverage,1.0,exact,73,281,73.0,281.0,63,240,no-recurrence-events,4976
14,2,29,Breast Cancer,228,2,no-recurrence-events,2,select_coverage,2.0,exact,114,427,111.0,415.0,101,374,no-recurrence-events,7544
14,2,29,Breast Cancer,228,2,no-recurrence-events,2,select_coverage,3.0,exact,141,539,138.0,527.0,124,466,no-recurrence-events,9456
14,2,29,Breast Cancer,228,2,no-recurrence-events,2,select_coverage,4.0,exact,163,628,160.0,616.0,143,547,no-recurrence-events,11020
14,2,29,Breast Cancer,228,2,no-recurrence-events,2,select_coverage_CBA_M1,,exact,50,219,50.0,219.0,42,183,no-recurrence-events,3700
14,2,31,Breast Cancer,228,2,no-recurrence-events,1,select_coverage,1.0,DAC,70,253,,,68,249,no-recurrence-events,1868
14,2,31,Breast Cancer,228,2,no-recurrence-events,1,select_coverage,1.0,exact,70,253,68.0,249.0,51,191,no-recurrence-events,4420
14,2,31,Breast Cancer,228,2,no-recurrence-events,1,select_coverage,2.0,DAC,110,404,,,106,396,no-recurrence-events,2952
14,2,31,Breast Cancer,228,2,no-recurrence-events,1,select_coverage,2.0,exact,110,404,106.0,396.0,78,289,no-recurrence-events,6916
14,2,31,Breast Cancer,228,2,no-recurrence-events,1,select_coverage,3.0,DAC,140,546,,,135,535,no-recurrence-events,3880
14,2,31,Breast Cancer,228,2,no-recurrence-events,1,select_coverage,3.0,exact,140,546,135.0,535.0,98,383,no-recurrence-events,9112
14,2,31,Breast Cancer,228,2,no-recurrence-events,1,select_coverage,4.0,DAC,158,632,,,153,621,no-recurrence-events,4440
14,2,31,Breast Cancer,228,2,no-recurrence-events,1,select_coverage,4.0,exact,158,632,153.0,621.0,114,459,no-recurrence-events,10536
14,2,31,Breast Cancer,228,2,no-recurrence-events,1,select_coverage_CBA_M1,,DAC,47,192,,,46,189,no-recurrence-events,1348
14,2,31,Breast Cancer,228,2,no-recurrence-events,1,select_coverage_CBA_M1,,exact,47,192,46.0,189.0,35,143,no-recurrence-events,3216
14,2,31,Breast Cancer,228,2,no-recurrence-events,2,select_coverage,1.0,exact,70,253,68.0,249.0,51,191,no-recurrence-events,4420
14,2,31,Breast Cancer,228,2,no-recurrence-events,2,select_coverage,2.0,exact,110,404,106.0,396.0,78,289,no-recurrence-events,6916
14,2,31,Breast Cancer,228,2,no-recurrence-events,2,select_coverage,3.0,exact,140,546,135.0,535.0,98,383,no-recurrence-events,9112
14,2,31,Breast Cancer,228,2,no-recurrence-events,2,select_coverage,4.0,exact,158,632,153.0,621.0,114,459,no-recurrence-events,10536
14,2,31,Breast Cancer,228,2,no-recurrence-events,2,select_coverage_CBA_M1,,exact,47,192,46.0,189.0,35,143,no-recurrence-events,3216
14,2,34,Breast Cancer,228,2,no-recurrence-events,1,select_coverage,1.0,DAC,78,268,,,74,256,no-recurrence-events,2024
14,2,34,Breast Cancer,228,2,no-recurrence-events,1,select_coverage,1.0,exact,78,268,74.0,256.0,56,194,no-recurrence-events,4664
14,2,34,Breast Cancer,228,2,no-recurrence-events,1,select_coverage,2.0,DAC,139,513,,,132,491,no-recurrence-events,3736
14,2,34,Breast Cancer,228,2,no-recurrence-events,1,select_coverage,2.0,exact,139,513,132.0,491.0,102,380,no-recurrence-events,8720
14,2,34,Breast Cancer,228,2,no-recurrence-events,1,select_coverage,3.0,DAC,176,656,,,165,619,no-recurrence-events,4752
14,2,34,Breast Cancer,228,2,no-recurrence-events,1,select_coverage,3.0,exact,176,656,165.0,619.0,125,466,no-recurrence-events,10940
14,2,34,Breast Cancer,228,2,no-recurrence-events,1,select_coverage,4.0,DAC,205,782,,,193,743,no-recurrence-events,5604
14,2,34,Breast Cancer,228,2,no-recurrence-events,1,select_coverage,4.0,exact,205,782,193.0,743.0,146,559,no-recurrence-events,12984
14,2,34,Breast Cancer,228,2,no-recurrence-events,1,select_coverage_CBA_M1,,DAC,50,188,,,49,185,no-recurrence-events,1368
14,2,34,Breast Cancer,228,2,no-recurrence-events,1,select_coverage_CBA_M1,,exact,50,188,49.0,185.0,37,138,no-recurrence-events,3236
14,2,34,Breast Cancer,228,2,no-recurrence-events,2,select_coverage,1.0,exact,78,268,74.0,256.0,56,194,no-recurrence-events,4664
14,2,34,Breast Cancer,228,2,no-recurrence-events,2,select_coverage,2.0,exact,139,513,132.0,491.0,102,380,no-recurrence-events,8720
14,2,34,Breast Cancer,228,2,no-recurrence-events,2,select_coverage,3.0,exact,176,656,165.0,619.0,125,466,no-recurrence-events,10940
14,2,34,Breast Cancer,228,2,no-recurrence-events,2,select_coverage,4.0,exact,205,782,193.0,743.0,146,559,no-recurrence-events,12984
14,2,34,Breast Cancer,228,2,no-recurrence-events,2,select_coverage_CBA_M1,,exact,50,188,49.0,185.0,37,138,no-recurrence-events,3236
14,2,42,Breast Cancer,228,2,no-recurrence-events,1,select_coverage,1.0,DAC,71,245,,,70,241,no-recurrence-events,1848
14,2,42,Breast Cancer,228,2,no-recurrence-events,1,select_coverage,1.0,exact,71,245,70.0,241.0,50,182,no-recurrence-events,4368
14,2,42,Breast Cancer,228,2,no-recurrence-events,1,select_coverage,2.0,DAC,115,409,,,111,395,no-recurrence-events,3032
14,2,42,Breast Cancer,228,2,no-recurrence-events,1,select_coverage,2.0,exact,115,409,111.0,395.0,77,282,no-recurrence-events,7024
14,2,42,Breast Cancer,228,2,no-recurrence-events,1,select_coverage,3.0,DAC,145,517,,,138,496,no-recurrence-events,3824
14,2,42,Breast Cancer,228,2,no-recurrence-events,1,select_coverage,3.0,exact,145,517,138.0,496.0,101,369,no-recurrence-events,8856
14,2,42,Breast Cancer,228,2,no-recurrence-events,1,select_coverage,4.0,DAC,169,618,,,160,590,no-recurrence-events,4516
14,2,42,Breast Cancer,228,2,no-recurrence-events,1,select_coverage,4.0,exact,169,618,160.0,590.0,117,438,no-recurrence-events,10440
14,2,42,Breast Cancer,228,2,no-recurrence-events,1,select_coverage_CBA_M1,,DAC,45,175,,,45,175,no-recurrence-events,1256
14,2,42,Breast Cancer,228,2,no-recurrence-events,1,select_coverage_CBA_M1,,exact,45,175,45.0,175.0,33,135,no-recurrence-events,3036
14,2,42,Breast Cancer,228,2,no-recurrence-events,2,select_coverage,1.0,exact,71,245,70.0,241.0,50,182,no-recurrence-events,4368
14,2,42,Breast Cancer,228,2,no-recurrence-events,2,select_coverage,2.0,exact,115,409,111.0,395.0,77,282,no-recurrence-events,7024
14,2,42,Breast Cancer,228,2,no-recurrence-events,2,select_coverage,3.0,exact,145,517,138.0,496.0,101,369,no-recurrence-events,8856
14,2,42,Breast Cancer,228,2,no-recurrence-events,2,select_coverage,4.0,exact,169,618,160.0,590.0,117,438,no-recurrence-events,10440
14,2,42,Breast Cancer,228,2,no-recurrence-events,2,select_coverage_CBA_M1,,exact,45,175,45.0,175.0,33,135,no-recurrence-events,3036
14,2,49,Breast Cancer,228,2,no-recurrence-events,1,select_coverage,1.0,DAC,64,220,,,62,214,no-recurrence-events,1664
14,2,49,Breast Cancer,228,2,no-recurrence-events,1,select_coverage,1.0,exact,64,220,62.0,214.0,53,184,no-recurrence-events,3976
14,2,49,Breast Cancer,228,2,no-recurrence-events,1,select_coverage,2.0,DAC,109,381,,,101,361,no-recurrence-events,2848
14,2,49,Breast Cancer,228,2,no-recurrence-events,1,select_coverage,2.0,exact,109,381,101.0,361.0,86,307,no-recurrence-events,6636
14,2,49,Breast Cancer,228,2,no-recurrence-events,1,select_coverage,3.0,DAC,126,446,,,118,426,no-recurrence-events,3312
14,2,49,Breast Cancer,228,2,no-recurrence-events,1,select_coverage,3.0,exact,126,446,118.0,426.0,101,365,no-recurrence-events,7796
14,2,49,Breast Cancer,228,2,no-recurrence-events,1,select_coverage,4.0,DAC,146,522,,,138,502,no-recurrence-events,3856
14,2,49,Breast Cancer,228,2,no-recurrence-events,1,select_coverage,4.0,exact,146,522,138.0,502.0,118,430,no-recurrence-events,9144
14,2,49,Breast Cancer,228,2,no-recurrence-events,1,select_coverage_CBA_M1,,DAC,40,156,,,39,152,no-recurrence-events,1120
14,2,49,Breast Cancer,228,2,no-recurrence-events,1,select_coverage_CBA_M1,,exact,40,156,39.0,152.0,34,132,no-recurrence-events,2712
14,2,49,Breast Cancer,228,2,no-recurrence-events,2,select_coverage,1.0,exact,64,220,62.0,214.0,53,184,no-recurrence-events,3976
14,2,49,Breast Cancer,228,2,no-recurrence-events,2,select_coverage,2.0,exact,109,381,101.0,361.0,86,307,no-recurrence-events,6636
14,2,49,Breast Cancer,228,2,no-recurrence-events,2,select_coverage,3.0,exact,126,446,118.0,426.0,101,365,no-recurrence-events,7796
14,2,49,Breast Cancer,228,2,no-recurrence-events,2,select_coverage,4.0,exact,146,522,138.0,502.0,118,430,no-recurrence-events,9144
14,2,49,Breast Cancer,228,2,no-recurrence-events,2,select_coverage_CBA_M1,,exact,40,156,39.0,152.0,34,132,no-recurrence-events,2712
14,2,63,Breast Cancer,228,2,no-recurrence-events,1,select_coverage,1.0,DAC,78,289,,,77,286,no-recurrence-events,2108
14,2,63,Breast Cancer,228,2,no-recurrence-events,1,select_coverage,1.0,exact,78,289,77.0,286.0,62,229,no-recurrence-events,5080
14,2,63,Breast Cancer,228,2,no-recurrence-events,1,select_coverage,2.0,DAC,123,442,,,118,428,no-recurrence-events,3260
14,2,63,Breast Cancer,228,2,no-recurrence-events,1,select_coverage,2.0,exact,123,442,118.0,428.0,97,352,no-recurrence-events,7736
14,2,63,Breast Cancer,228,2,no-recurrence-events,1,select_coverage,3.0,DAC,160,568,,,149,539,no-recurrence-events,4208
14,2,63,Breast Cancer,228,2,no-recurrence-events,1,select_coverage,3.0,exact,160,568,149.0,539.0,124,448,no-recurrence-events,9812
14,2,63,Breast Cancer,228,2,no-recurrence-events,1,select_coverage,4.0,DAC,192,691,,,178,653,no-recurrence-events,5084
14,2,63,Breast Cancer,228,2,no-recurrence-events,1,select_coverage,4.0,exact,192,691,178.0,653.0,150,551,no-recurrence-events,11868
14,2,63,Breast Cancer,228,2,no-recurrence-events,1,select_coverage_CBA_M1,,DAC,50,211,,,50,211,no-recurrence-events,1460
14,2,63,Breast Cancer,228,2,no-recurrence-events,1,select_coverage_CBA_M1,,exact,50,211,50.0,211.0,39,163,no-recurrence-events,3556
14,2,63,Breast Cancer,228,2,no-recurrence-events,2,select_coverage,1.0,exact,78,289,77.0,286.0,62,229,no-recurrence-events,5080
14,2,63,Breast Cancer,228,2,no-recurrence-events,2,select_coverage,2.0,exact,123,442,118.0,428.0,97,352,no-recurrence-events,7736
14,2,63,Breast Cancer,228,2,no-recurrence-events,2,select_coverage,3.0,exact,160,568,149.0,539.0,124,448,no-recurrence-events,9812
14,2,63,Breast Cancer,228,2,no-recurrence-events,2,select_coverage,4.0,exact,192,691,178.0,653.0,150,551,no-recurrence-events,11868
14,2,63,Breast Cancer,228,2,no-recurrence-events,2,select_coverage_CBA_M1,,exact,50,211,50.0,211.0,39,163,no-recurrence-events,3556
14,2,64,Breast Cancer,228,2,no-recurrence-events,1,select_coverage,1.0,DAC,75,263,,,73,261,no-recurrence-events,1968
14,2,64,Breast Cancer,228,2,no-recurrence-events,1,select_coverage,1.0,exact,75,263,73.0,261.0,64,228,no-recurrence-events,4776
14,2,64,Breast Cancer,228,2,no-recurrence-events,1,select_coverage,2.0,DAC,117,409,,,112,397,no-recurrence-events,3056
14,2,64,Breast Cancer,228,2,no-recurrence-events,1,select_coverage,2.0,exact,117,409,112.0,397.0,96,339,no-recurrence-events,7284
14,2,64,Breast Cancer,228,2,no-recurrence-events,1,select_coverage,3.0,DAC,147,533,,,139,512,no-recurrence-events,3912
14,2,64,Breast Cancer,228,2,no-recurrence-events,1,select_coverage,3.0,exact,147,533,139.0,512.0,119,436,no-recurrence-events,9276
14,2,64,Breast Cancer,228,2,no-recurrence-events,1,select_coverage,4.0,DAC,166,611,,,157,586,no-recurrence-events,4452
14,2,64,Breast Cancer,228,2,no-recurrence-events,1,select_coverage,4.0,exact,166,611,157.0,586.0,134,496,no-recurrence-events,10556
14,2,64,Breast Cancer,228,2,no-recurrence-events,1,select_coverage_CBA_M1,,DAC,43,172,,,43,172,no-recurrence-events,1220
14,2,64,Breast Cancer,228,2,no-recurrence-events,1,select_coverage_CBA_M1,,exact,43,172,43.0,172.0,36,145,no-recurrence-events,3004
14,2,64,Breast Cancer,228,2,no-recurrence-events,2,select_coverage,1.0,exact,75,263,73.0,261.0,64,228,no-recurrence-events,4776
14,2,64,Breast Cancer,228,2,no-recurrence-events,2,select_coverage,2.0,exact,117,409,112.0,397.0,96,339,no-recurrence-events,7284
14,2,64,Breast Cancer,228,2,no-recurrence-events,2,select_coverage,3.0,exact,147,533,139.0,512.0,119,436,no-recurrence-events,9276
14,2,64,Breast Cancer,228,2,no-recurrence-events,2,select_coverage,4.0,exact,166,611,157.0,586.0,134,496,no-recurrence-events,10556
14,2,64,Breast Cancer,228,2,no-recurrence-events,2,select_coverage_CBA_M1,,exact,43,172,43.0,172.0,36,145,no-recurrence-events,3004
14,2,65,Breast Cancer,228,2,no-recurrence-events,1,select_coverage,1.0,DAC,76,249,,,74,246,no-recurrence-events,1924
14,2,65,Breast Cancer,228,2,no-recurrence-events,1,select_coverage,1.0,exact,76,249,74.0,246.0,53,180,no-recurrence-events,4492
14,2,65,Breast Cancer,228,2,no-recurrence-events,1,select_coverage,2.0,DAC,130,453,,,126,446,no-recurrence-events,3388
14,2,65,Breast Cancer,228,2,no-recurrence-events,1,select_coverage,2.0,exact,130,453,126.0,446.0,83,297,no-recurrence-events,7824
14,2,65,Breast Cancer,228,2,no-recurrence-events,1,select_coverage,3.0,DAC,168,613,,,162,600,no-recurrence-events,4484
14,2,65,Breast Cancer,228,2,no-recurrence-events,1,select_coverage,3.0,exact,168,613,162.0,600.0,111,421,no-recurrence-events,10440
14,2,65,Breast Cancer,228,2,no-recurrence-events,1,select_coverage,4.0,DAC,195,723,,,185,699,no-recurrence-events,5248
14,2,65,Breast Cancer,228,2,no-recurrence-events,1,select_coverage,4.0,exact,195,723,185.0,699.0,126,488,no-recurrence-events,12096
14,2,65,Breast Cancer,228,2,no-recurrence-events,1,select_coverage_CBA_M1,,DAC,47,181,,,47,181,no-recurrence-events,1304
14,2,65,Breast Cancer,228,2,no-recurrence-events,1,select_coverage_CBA_M1,,exact,47,181,47.0,181.0,37,145,no-recurrence-events,3172
14,2,65,Breast Cancer,228,2,no-recurrence-events,2,select_coverage,1.0,exact,76,249,74.0,246.0,53,180,no-recurrence-events,4492
14,2,65,Breast Cancer,228,2,no-recurrence-events,2,select_coverage,2.0,exact,130,453,126.0,446.0,83,297,no-recurrence-events,7824
14,2,65,Breast Cancer,228,2,no-recurrence-events,2,select_coverage,3.0,exact,168,613,162.0,600.0,111,421,no-recurrence-events,10440
14,2,65,Breast Cancer,228,2,no-recurrence-events,2,select_coverage,4.0,exact,195,723,185.0,699.0,126,488,no-recurrence-events,12096
14,2,65,Breast Cancer,228,2,no-recurrence-events,2,select_coverage_CBA_M1,,exact,47,181,47.0,181.0,37,145,no-recurrence-events,3172
14,2,68,Breast Cancer,228,2,no-recurrence-events,1,select_coverage,1.0,DAC,73,248,,,71,241,no-recurrence-events,1884
14,2,68,Breast Cancer,228,2,no-recurrence-events,1,select_coverage,1.0,exact,73,248,71.0,241.0,54,175,no-recurrence-events,4376
14,2,68,Breast Cancer,228,2,no-recurrence-events,1,select_coverage,2.0,DAC,127,448,,,124,439,no-recurrence-events,3332
14,2,68,Breast Cancer,228,2,no-recurrence-events,1,select_coverage,2.0,exact,127,448,124.0,439.0,100,349,no-recurrence-events,7936
14,2,68,Breast Cancer,228,2,no-recurrence-events,1,select_coverage,3.0,DAC,171,632,,,167,620,no-recurrence-events,4596
14,2,68,Breast Cancer,228,2,no-recurrence-events,1,select_coverage,3.0,exact,171,632,167.0,620.0,124,453,no-recurrence-events,10844
14,2,68,Breast Cancer,228,2,no-recurrence-events,1,select_coverage,4.0,DAC,196,731,,,189,715,no-recurrence-events,5292
14,2,68,Breast Cancer,228,2,no-recurrence-events,1,select_coverage,4.0,exact,196,731,189.0,715.0,143,536,no-recurrence-events,12480
14,2,68,Breast Cancer,228,2,no-recurrence-events,1,select_coverage_CBA_M1,,DAC,41,160,,,41,160,no-recurrence-events,1148
14,2,68,Breast Cancer,228,2,no-recurrence-events,1,select_coverage_CBA_M1,,exact,41,160,41.0,160.0,31,115,no-recurrence-events,2740
14,2,68,Breast Cancer,228,2,no-recurrence-events,2,select_coverage,1.0,exact,73,248,71.0,241.0,54,175,no-recurrence-events,4376
14,2,68,Breast Cancer,228,2,no-recurrence-events,2,select_coverage,2.0,exact,127,448,124.0,439.0,100,349,no-recurrence-events,7936
14,2,68,Breast Cancer,228,2,no-recurrence-events,2,select_coverage,3.0,exact,171,632,167.0,620.0,124,453,no-recurrence-events,10844
14,2,68,Breast Cancer,228,2,no-recurrence-events,2,select_coverage,4.0,exact,196,731,189.0,715.0,143,536,no-recurrence-events,12480
14,2,68,Breast Cancer,228,2,no-recurrence-events,2,select_coverage_CBA_M1,,exact,41,160,41.0,160.0,31,115,no-recurrence-events,2740
14,2,74,Breast Cancer,228,2,no-recurrence-events,1,select_coverage,1.0,DAC,73,234,,,72,233,no-recurrence-events,1828
14,2,74,Breast Cancer,228,2,no-recurrence-events,1,select_coverage,1.0,exact,73,234,72.0,233.0,57,190,no-recurrence-events,4372
14,2,74,Breast Cancer,228,2,no-recurrence-events,1,select_coverage,2.0,DAC,122,424,,,120,420,no-recurrence-events,3176
14,2,74,Breast Cancer,228,2,no-recurrence-events,1,select_coverage,2.0,exact,122,424,120.0,420.0,96,332,no-recurrence-events,7600
14,2,74,Breast Cancer,228,2,no-recurrence-events,1,select_coverage,3.0,DAC,158,569,,,152,554,no-recurrence-events,4188
14,2,74,Breast Cancer,228,2,no-recurrence-events,1,select_coverage,3.0,exact,158,569,152.0,554.0,124,449,no-recurrence-events,9952
14,2,74,Breast Cancer,228,2,no-recurrence-events,1,select_coverage,4.0,DAC,189,700,,,182,684,no-recurrence-events,5084
14,2,74,Breast Cancer,228,2,no-recurrence-events,1,select_coverage,4.0,exact,189,700,182.0,684.0,150,564,no-recurrence-events,12176
14,2,74,Breast Cancer,228,2,no-recurrence-events,1,select_coverage_CBA_M1,,DAC,41,150,,,41,150,no-recurrence-events,1108
14,2,74,Breast Cancer,228,2,no-recurrence-events,1,select_coverage_CBA_M1,,exact,41,150,41.0,150.0,34,125,no-recurrence-events,2700
14,2,74,Breast Cancer,228,2,no-recurrence-events,2,select_coverage,1.0,exact,73,234,72.0,233.0,57,190,no-recurrence-events,4372
14,2,74,Breast Cancer,228,2,no-recurrence-events,2,select_coverage,2.0,exact,122,424,120.0,420.0,96,332,no-recurrence-events,7600
14,2,74,Breast Cancer,228,2,no-recurrence-events,2,select_coverage,3.0,exact,158,569,152.0,554.0,124,449,no-recurrence-events,9952
14,2,74,Breast Cancer,228,2,no-recurrence-events,2,select_coverage,4.0,exact,189,700,182.0,684.0,150,564,no-recurrence-events,12176
14,2,74,Breast Cancer,228,2,no-recurrence-events,2,select_coverage_CBA_M1,,exact,41,150,41.0,150.0,34,125,no-recurrence-events,2700
14,2,76,Breast Cancer,228,2,no-recurrence-events,1,select_coverage,1.0,DAC,65,234,,,63,230,no-recurrence-events,1732
14,2,76,Breast Cancer,228,2,no-recurrence-events,1,select_coverage,1.0,exact,65,234,63.0,230.0,47,171,no-recurrence-events,4068
14,2,76,Breast Cancer,228,2,no-recurrence-events,1,select_coverage,2.0,DAC,117,439,,,113,430,no-recurrence-events,3176
14,2,76,Breast Cancer,228,2,no-recurrence-events,1,select_coverage,2.0,exact,117,439,113.0,430.0,85,316,no-recurrence-events,7468
14,2,76,Breast Cancer,228,2,no-recurrence-events,1,select_coverage,3.0,DAC,146,546,,,138,527,no-recurrence-events,3952
14,2,76,Breast Cancer,228,2,no-recurrence-events,1,select_coverage,3.0,exact,146,546,138.0,527.0,102,386,no-recurrence-events,9164
14,2,76,Breast Cancer,228,2,no-recurrence-events,1,select_coverage,4.0,DAC,170,639,,,160,615,no-recurrence-events,4612
14,2,76,Breast Cancer,228,2,no-recurrence-events,1,select_coverage,4.0,exact,170,639,160.0,615.0,121,459,no-recurrence-events,10708
14,2,76,Breast Cancer,228,2,no-recurrence-events,1,select_coverage_CBA_M1,,DAC,41,165,,,41,165,no-recurrence-events,1168
14,2,76,Breast Cancer,228,2,no-recurrence-events,1,select_coverage_CBA_M1,,exact,41,165,41.0,165.0,29,117,no-recurrence-events,2788
14,2,76,Breast Cancer,228,2,no-recurrence-events,2,select_coverage,1.0,exact,65,234,63.0,230.0,47,171,no-recurrence-events,4068
14,2,76,Breast Cancer,228,2,no-recurrence-events,2,select_coverage,2.0,exact,117,439,113.0,430.0,85,316,no-recurrence-events,7468
14,2,76,Breast Cancer,228,2,no-recurrence-events,2,select_coverage,3.0,exact,146,546,138.0,527.0,102,386,no-recurrence-events,9164
14,2,76,Breast Cancer,228,2,no-recurrence-events,2,select_coverage,4.0,exact,170,639,160.0,615.0,121,459,no-recurrence-events,10708
14,2,76,Breast Cancer,228,2,no-recurrence-events,2,select_coverage_CBA_M1,,exact,41,165,41.0,165.0,29,117,no-recurrence-events,2788
14,2,100,Breast Cancer,228,2,no-recurrence-events,1,select_coverage,1.0,DAC,74,278,,,74,278,no-recurrence-events,2016
14,2,100,Breast Cancer,228,2,no-recurrence-events,1,select_coverage,1.0,exact,74,278,74.0,278.0,54,203,no-recurrence-events,4828
14,2,100,Breast Cancer,228,2,no-recurrence-events,1,select_coverage,2.0,DAC,118,446,,,116,443,no-recurrence-events,3216
14,2,100,Breast Cancer,228,2,no-recurrence-events,1,select_coverage,2.0,exact,118,446,116.0,443.0,87,335,no-recurrence-events,7696
14,2,100,Breast Cancer,228,2,no-recurrence-events,1,select_coverage,3.0,DAC,149,562,,,142,548,no-recurrence-events,4052
14,2,100,Breast Cancer,228,2,no-recurrence-events,1,select_coverage,3.0,exact,149,562,142.0,548.0,105,408,no-recurrence-events,9496
14,2,100,Breast Cancer,228,2,no-recurrence-events,1,select_coverage,4.0,DAC,174,660,,,166,642,no-recurrence-events,4744
14,2,100,Breast Cancer,228,2,no-recurrence-events,1,select_coverage,4.0,exact,174,660,166.0,642.0,124,481,no-recurrence-events,11132
14,2,100,Breast Cancer,228,2,no-recurrence-events,1,select_coverage_CBA_M1,,DAC,48,199,,,48,199,no-recurrence-events,1388
14,2,100,Breast Cancer,228,2,no-recurrence-events,1,select_coverage_CBA_M1,,exact,48,199,48.0,199.0,35,145,no-recurrence-events,3340
14,2,100,Breast Cancer,228,2,no-recurrence-events,2,select_coverage,1.0,exact,74,278,74.0,278.0,54,203,no-recurrence-events,4828
14,2,100,Breast Cancer,228,2,no-recurrence-events,2,select_coverage,2.0,exact,118,446,116.0,443.0,87,335,no-recurrence-events,7696
14,2,100,Breast Cancer,228,2,no-recurrence-events,2,select_coverage,3.0,exact,149,562,142.0,548.0,105,408,no-recurrence-events,9496
14,2,100,Breast Cancer,228,2,no-recurrence-events,2,select_coverage,4.0,exact,174,660,166.0,642.0,124,481,no-recurrence-events,11132
14,2,100,Breast Cancer,228,2,no-recurrence-events,2,select_coverage_CBA_M1,,exact,48,199,48.0,199.0,35,145,no-recurrence-events,3340
14,2,114,Breast Cancer,228,2,no-recurrence-events,1,select_coverage,1.0,DAC,71,255,,,67,245,no-recurrence-events,1888
14,2,114,Breast Cancer,228,2,no-recurrence-events,1,select_coverage,1.0,exact,71,255,67.0,245.0,58,205,no-recurrence-events,4444
14,2,114,Breast Cancer,228,2,no-recurrence-events,1,select_coverage,2.0,DAC,113,432,,,107,416,no-recurrence-events,3100
14,2,114,Breast Cancer,228,2,no-recurrence-events,1,select_coverage,2.0,exact,113,432,107.0,416.0,90,341,no-recurrence-events,7340
14,2,114,Breast Cancer,228,2,no-recurrence-events,1,select_coverage,3.0,DAC,151,575,,,141,549,no-recurrence-events,4128
14,2,114,Breast Cancer,228,2,no-recurrence-events,1,select_coverage,3.0,exact,151,575,141.0,549.0,120,456,no-recurrence-events,9720
14,2,114,Breast Cancer,228,2,no-recurrence-events,1,select_coverage,4.0,DAC,178,685,,,165,648,no-recurrence-events,4892
14,2,114,Breast Cancer,228,2,no-recurrence-events,1,select_coverage,4.0,exact,178,685,165.0,648.0,142,545,no-recurrence-events,11488
14,2,114,Breast Cancer,228,2,no-recurrence-events,1,select_coverage_CBA_M1,,DAC,41,171,,,41,171,no-recurrence-events,1192
14,2,114,Breast Cancer,228,2,no-recurrence-events,1,select_coverage_CBA_M1,,exact,41,171,41.0,171.0,34,139,no-recurrence-events,2924
14,2,114,Breast Cancer,228,2,no-recurrence-events,2,select_coverage,1.0,exact,71,255,67.0,245.0,58,205,no-recurrence-events,4444
14,2,114,Breast Cancer,228,2,no-recurrence-events,2,select_coverage,2.0,exact,113,432,107.0,416.0,90,341,no-recurrence-events,7340
14,2,114,Breast Cancer,228,2,no-recurrence-events,2,select_coverage,3.0,exact,151,575,141.0,549.0,120,456,no-recurrence-events,9720
14,2,114,Breast Cancer,228,2,no-recurrence-events,2,select_coverage,4.0,exact,178,685,165.0,648.0,142,545,no-recurrence-events,11488
14,2,114,Breast Cancer,228,2,no-recurrence-events,2,select_coverage_CBA_M1,,exact,41,171,41.0,171.0,34,139,no-recurrence-events,2924
14,2,133,Breast Cancer,228,2,no-recurrence-events,1,select_coverage,1.0,DAC,70,246,,,69,243,no-recurrence-events,1840
14,2,133,Breast Cancer,228,2,no-recurrence-events,1,select_coverage,1.0,exact,70,246,69.0,243.0,44,149,no-recurrence-events,4224
14,2,133,Breast Cancer,228,2,no-recurrence-events,1,select_coverage,2.0,DAC,123,461,,,122,458,no-recurrence-events,3336
14,2,133,Breast Cancer,228,2,no-recurrence-events,1,select_coverage,2.0,exact,123,461,122.0,458.0,81,288,no-recurrence-events,7772
14,2,133,Breast Cancer,228,2,no-recurrence-events,1,select_coverage,3.0,DAC,156,588,,,153,580,no-recurrence-events,4240
14,2,133,Breast Cancer,228,2,no-recurrence-events,1,select_coverage,3.0,exact,156,588,153.0,580.0,104,375,no-recurrence-events,9860
14,2,133,Breast Cancer,228,2,no-recurrence-events,1,select_coverage,4.0,DAC,185,703,,,180,689,no-recurrence-events,5048
14,2,133,Breast Cancer,228,2,no-recurrence-events,1,select_coverage,4.0,exact,185,703,180.0,689.0,127,469,no-recurrence-events,11780
14,2,133,Breast Cancer,228,2,no-recurrence-events,1,select_coverage_CBA_M1,,DAC,48,185,,,47,182,no-recurrence-events,1332
14,2,133,Breast Cancer,228,2,no-recurrence-events,1,select_coverage_CBA_M1,,exact,48,185,47.0,182.0,31,114,no-recurrence-events,3068
14,2,133,Breast Cancer,228,2,no-recurrence-events,2,select_coverage,1.0,exact,70,246,69.0,243.0,44,149,no-recurrence-events,4224
14,2,133,Breast Cancer,228,2,no-recurrence-events,2,select_coverage,2.0,exact,123,461,122.0,458.0,81,288,no-recurrence-events,7772
14,2,133,Breast Cancer,228,2,no-recurrence-events,2,select_coverage,3.0,exact,156,588,153.0,580.0,104,375,no-recurrence-events,9860
14,2,133,Breast Cancer,228,2,no-recurrence-events,2,select_coverage,4.0,exact,185,703,180.0,689.0,127,469,no-recurrence-events,11780
14,2,133,Breast Cancer,228,2,no-recurrence-events,2,select_coverage_CBA_M1,,exact,48,185,47.0,182.0,31,114,no-recurrence-events,3068
14,2,138,Breast Cancer,228,2,no-recurrence-events,1,select_coverage,1.0,DAC,80,281,,,77,271,no-recurrence-events,2100
14,2,138,Breast Cancer,228,2,no-recurrence-events,1,select_coverage,1.0,exact,80,281,77.0,271.0,61,215,no-recurrence-events,4932
14,2,138,Breast Cancer,228,2,no-recurrence-events,1,select_coverage,2.0,DAC,133,488,,,125,464,no-recurrence-events,3564
14,2,138,Breast Cancer,228,2,no-recurrence-events,1,select_coverage,2.0,exact,133,488,125.0,464.0,94,339,no-recurrence-events,8180
14,2,138,Breast Cancer,228,2,no-recurrence-events,1,select_coverage,3.0,DAC,167,620,,,156,592,no-recurrence-events,4500
14,2,138,Breast Cancer,228,2,no-recurrence-events,1,select_coverage,3.0,exact,167,620,156.0,592.0,117,434,no-recurrence-events,10344
14,2,138,Breast Cancer,228,2,no-recurrence-events,1,select_coverage,4.0,DAC,193,719,,,178,678,no-recurrence-events,5208
14,2,138,Breast Cancer,228,2,no-recurrence-events,1,select_coverage,4.0,exact,193,719,178.0,678.0,135,506,no-recurrence-events,11900
14,2,138,Breast Cancer,228,2,no-recurrence-events,1,select_coverage_CBA_M1,,DAC,46,189,,,45,184,no-recurrence-events,1324
14,2,138,Breast Cancer,228,2,no-recurrence-events,1,select_coverage_CBA_M1,,exact,46,189,45.0,184.0,35,143,no-recurrence-events,3160
14,2,138,Breast Cancer,228,2,no-recurrence-events,2,select_coverage,1.0,exact,80,281,77.0,271.0,61,215,no-recurrence-events,4932
14,2,138,Breast Cancer,228,2,no-recurrence-events,2,select_coverage,2.0,exact,133,488,125.0,464.0,94,339,no-recurrence-events,8180
14,2,138,Breast Cancer,228,2,no-recurrence-events,2,select_coverage,3.0,exact,167,620,156.0,592.0,117,434,no-recurrence-events,10344
14,2,138,Breast Cancer,228,2,no-recurrence-events,2,select_coverage,4.0,exact,193,719,178.0,678.0,135,506,no-recurrence-events,11900
14,2,138,Breast Cancer,228,2,no-recurrence-events,2,select_coverage_CBA_M1,,exact,46,189,45.0,184.0,35,143,no-recurrence-events,3160
14,2,148,Breast Cancer,228,2,no-recurrence-events,1,select_coverage,1.0,DAC,72,257,,,71,256,no-recurrence-events,1908
14,2,148,Breast Cancer,228,2,no-recurrence-events,1,select_coverage,1.0,exact,72,257,71.0,256.0,50,183,no-recurrence-events,4504
14,2,148,Breast Cancer,228,2,no-recurrence-events,1,select_coverage,2.0,DAC,121,455,,,117,445,no-recurrence-events,3288
14,2,148,Breast Cancer,228,2,no-recurrence-events,1,select_coverage,2.0,exact,121,455,117.0,445.0,87,337,no-recurrence-events,7772
14,2,148,Breast Cancer,228,2,no-recurrence-events,1,select_coverage,3.0,DAC,154,584,,,148,567,no-recurrence-events,4200
14,2,148,Breast Cancer,228,2,no-recurrence-events,1,select_coverage,3.0,exact,154,584,148.0,567.0,113,440,no-recurrence-events,9932
14,2,148,Breast Cancer,228,2,no-recurrence-events,1,select_coverage,4.0,DAC,180,693,,,171,667,no-recurrence-events,4948
14,2,148,Breast Cancer,228,2,no-recurrence-events,1,select_coverage,4.0,exact,180,693,171.0,667.0,130,515,no-recurrence-events,11620
14,2,148,Breast Cancer,228,2,no-recurrence-events,1,select_coverage_CBA_M1,,DAC,41,173,,,41,173,no-recurrence-events,1200
14,2,148,Breast Cancer,228,2,no-recurrence-events,1,select_coverage_CBA_M1,,exact,41,173,41.0,173.0,27,115,no-recurrence-events,2844
14,2,148,Breast Cancer,228,2,no-recurrence-events,2,select_coverage,1.0,exact,72,257,71.0,256.0,50,183,no-recurrence-events,4504
14,2,148,Breast Cancer,228,2,no-recurrence-events,2,select_coverage,2.0,exact,121,455,117.0,445.0,87,337,no-recurrence-events,7772
14,2,148,Breast Cancer,228,2,no-recurrence-events,2,select_coverage,3.0,exact,154,584,148.0,567.0,113,440,no-recurrence-events,9932
14,2,148,Breast Cancer,228,2,no-recurrence-events,2,select_coverage,4.0,exact,180,693,171.0,667.0,130,515,no-recurrence-events,11620
14,2,148,Breast Cancer,228,2,no-recurrence-events,2,select_coverage_CBA_M1,,exact,41,173,41.0,173.0,27,115,no-recurrence-events,2844
14,3,5,Breast Cancer,228,2,no-recurrence-events,1,select_coverage,1.0,DAC,66,222,,,64,218,no-recurrence-events,1704
14,3,5,Breast Cancer,228,2,no-recurrence-events,1,select_coverage,1.0,exact,66,222,64.0,218.0,40,127,no-recurrence-events,3820
14,3,5,Breast Cancer,228,2,no-recurrence-events,1,select_coverage,2.0,DAC,106,374,,,101,362,no-recurrence-events,2792
14,3,5,Breast Cancer,228,2,no-recurrence-events,1,select_coverage,2.0,exact,106,374,101.0,362.0,68,234,no-recurrence-events,6320
14,3,5,Breast Cancer,228,2,no-recurrence-events,1,select_coverage,3.0,DAC,134,489,,,126,467,no-recurrence-events,3588
14,3,5,Breast Cancer,228,2,no-recurrence-events,1,select_coverage,3.0,exact,134,489,126.0,467.0,83,295,no-recurrence-events,8044
14,3,5,Breast Cancer,228,2,no-recurrence-events,1,select_coverage,4.0,DAC,165,606,,,154,578,no-recurrence-events,4428
14,3,5,Breast Cancer,228,2,no-recurrence-events,1,select_coverage,4.0,exact,165,606,154.0,578.0,100,362,no-recurrence-events,9896
14,3,5,Breast Cancer,228,2,no-recurrence-events,1,select_coverage_CBA_M1,,DAC,49,188,,,48,185,no-recurrence-events,1364
14,3,5,Breast Cancer,228,2,no-recurrence-events,1,select_coverage_CBA_M1,,exact,49,188,48.0,185.0,26,98,no-recurrence-events,3052
14,3,5,Breast Cancer,228,2,no-recurrence-events,2,select_coverage,1.0,exact,66,222,64.0,218.0,40,127,no-recurrence-events,3820
14,3,5,Breast Cancer,228,2,no-recurrence-events,2,select_coverage,2.0,exact,106,374,101.0,362.0,68,234,no-recurrence-events,6320
14,3,5,Breast Cancer,228,2,no-recurrence-events,2,select_coverage,3.0,exact,134,489,126.0,467.0,83,295,no-recurrence-events,8044
14,3,5,Breast Cancer,228,2,no-recurrence-events,2,select_coverage,4.0,exact,165,606,154.0,578.0,100,362,no-recurrence-events,9896
14,3,5,Breast Cancer,228,2,no-recurrence-events,2,select_coverage_CBA_M1,,exact,49,188,48.0,185.0,26,98,no-recurrence-events,3052
14,3,14,Breast Cancer,228,2,no-recurrence-events,1,select_coverage,1.0,DAC,65,223,,,62,216,no-recurrence-events,1696
14,3,14,Breast Cancer,228,2,no-recurrence-events,1,select_coverage,1.0,exact,65,223,62.0,216.0,46,156,no-recurrence-events,3884
14,3,14,Breast Cancer,228,2,no-recurrence-events,1,select_coverage,2.0,DAC,103,371,,,100,364,no-recurrence-events,2744
14,3,14,Breast Cancer,228,2,no-recurrence-events,1,select_coverage,2.0,exact,103,371,100.0,364.0,69,244,no-recurrence-events,6332
14,3,14,Breast Cancer,228,2,no-recurrence-events,1,select_coverage,3.0,DAC,133,487,,,127,473,no-recurrence-events,3568
14,3,14,Breast Cancer,228,2,no-recurrence-events,1,select_coverage,3.0,exact,133,487,127.0,473.0,87,320,no-recurrence-events,8184
14,3,14,Breast Cancer,228,2,no-recurrence-events,1,select_coverage,4.0,DAC,156,577,,,150,563,no-recurrence-events,4204
14,3,14,Breast Cancer,228,2,no-recurrence-events,1,select_coverage,4.0,exact,156,577,150.0,563.0,107,399,no-recurrence-events,9772
14,3,14,Breast Cancer,228,2,no-recurrence-events,1,select_coverage_CBA_M1,,DAC,44,167,,,43,164,no-recurrence-events,1220
14,3,14,Breast Cancer,228,2,no-recurrence-events,1,select_coverage_CBA_M1,,exact,44,167,43.0,164.0,31,118,no-recurrence-events,2844
14,3,14,Breast Cancer,228,2,no-recurrence-events,2,select_coverage,1.0,exact,65,223,62.0,216.0,46,156,no-recurrence-events,3884
14,3,14,Breast Cancer,228,2,no-recurrence-events,2,select_coverage,2.0,exact,103,371,100.0,364.0,69,244,no-recurrence-events,6332
14,3,14,Breast Cancer,228,2,no-recurrence-events,2,select_coverage,3.0,exact,133,487,127.0,473.0,87,320,no-recurrence-events,8184
14,3,14,Breast Cancer,228,2,no-recurrence-events,2,select_coverage,4.0,exact,156,577,150.0,563.0,107,399,no-recurrence-events,9772
14,3,14,Breast Cancer,228,2,no-recurrence-events,2,select_coverage_CBA_M1,,exact,44,167,43.0,164.0,31,118,no-recurrence-events,2844
14,3,17,Breast Cancer,228,2,no-recurrence-events,1,select_coverage,1.0,DAC,75,261,,,73,253,no-recurrence-events,1968
14,3,17,Breast Cancer,228,2,no-recurrence-events,1,select_coverage,1.0,exact,75,261,73.0,253.0,46,165,no-recurrence-events,4484
14,3,17,Breast Cancer,228,2,no-recurrence-events,1,select_coverage,2.0,DAC,125,466,,,120,447,no-recurrence-events,3388
14,3,17,Breast Cancer,228,2,no-recurrence-events,1,select_coverage,2.0,exact,125,466,120.0,447.0,84,312,no-recurrence-events,7796
14,3,17,Breast Cancer,228,2,no-recurrence-events,1,select_coverage,3.0,DAC,157,603,,,147,571,no-recurrence-events,4320
14,3,17,Breast Cancer,228,2,no-recurrence-events,1,select_coverage,3.0,exact,157,603,147.0,571.0,104,403,no-recurrence-events,9852
14,3,17,Breast Cancer,228,2,no-recurrence-events,1,select_coverage,4.0,DAC,185,713,,,174,678,no-recurrence-events,5096
14,3,17,Breast Cancer,228,2,no-recurrence-events,1,select_coverage,4.0,exact,185,713,174.0,678.0,126,492,no-recurrence-events,11724
14,3,17,Breast Cancer,228,2,no-recurrence-events,1,select_coverage_CBA_M1,,DAC,56,221,,,54,213,no-recurrence-events,1580
14,3,17,Breast Cancer,228,2,no-recurrence-events,1,select_coverage_CBA_M1,,exact,56,221,54.0,213.0,34,138,no-recurrence-events,3600
14,3,17,Breast Cancer,228,2,no-recurrence-events,2,select_coverage,1.0,exact,75,261,73.0,253.0,46,165,no-recurrence-events,4484
14,3,17,Breast Cancer,228,2,no-recurrence-events,2,select_coverage,2.0,exact,125,466,120.0,447.0,84,312,no-recurrence-events,7796
14,3,17,Breast Cancer,228,2,no-recurrence-events,2,select_coverage,3.0,exact,157,603,147.0,571.0,104,403,no-recurrence-events,9852
14,3,17,Breast Cancer,228,2,no-recurrence-events,2,select_coverage,4.0,exact,185,713,174.0,678.0,126,492,no-recurrence-events,11724
14,3,17,Breast Cancer,228,2,no-recurrence-events,2,select_coverage_CBA_M1,,exact,56,221,54.0,213.0,34,138,no-recurrence-events,3600
14,3,19,Breast Cancer,228,2,no-recurrence-events,1,select_coverage,1.0,DAC,67,234,,,64,226,no-recurrence-events,1764
14,3,19,Breast Cancer,228,2,no-recurrence-events,1,select_coverage,1.0,exact,67,234,64.0,226.0,36,118,no-recurrence-events,3864
14,3,19,Breast Cancer,228,2,no-recurrence-events,1,select_coverage,2.0,DAC,110,399,,,104,386,no-recurrence-events,2940
14,3,19,Breast Cancer,228,2,no-recurrence-events,1,select_coverage,2.0,exact,110,399,104.0,386.0,64,228,no-recurrence-events,6564
14,3,19,Breast Cancer,228,2,no-recurrence-events,1,select_coverage,3.0,DAC,144,534,,,132,508,no-recurrence-events,3888
14,3,19,Breast Cancer,228,2,no-recurrence-events,1,select_coverage,3.0,exact,144,534,132.0,508.0,86,320,no-recurrence-events,8632
14,3,19,Breast Cancer,228,2,no-recurrence-events,1,select_coverage,4.0,DAC,166,632,,,152,599,no-recurrence-events,4544
14,3,19,Breast Cancer,228,2,no-recurrence-events,1,select_coverage,4.0,exact,166,632,152.0,599.0,95,364,no-recurrence-events,10044
14,3,19,Breast Cancer,228,2,no-recurrence-events,1,select_coverage_CBA_M1,,DAC,52,196,,,52,196,no-recurrence-events,1432
14,3,19,Breast Cancer,228,2,no-recurrence-events,1,select_coverage_CBA_M1,,exact,52,196,52.0,196.0,28,100,no-recurrence-events,3232
14,3,19,Breast Cancer,228,2,no-recurrence-events,2,select_coverage,1.0,exact,67,234,64.0,226.0,36,118,no-recurrence-events,3864
14,3,19,Breast Cancer,228,2,no-recurrence-events,2,select_coverage,2.0,exact,110,399,104.0,386.0,64,228,no-recurrence-events,6564
14,3,19,Breast Cancer,228,2,no-recurrence-events,2,select_coverage,3.0,exact,144,534,132.0,508.0,86,320,no-recurrence-events,8632
14,3,19,Breast Cancer,228,2,no-recurrence-events,2,select_coverage,4.0,exact,166,632,152.0,599.0,95,364,no-recurrence-events,10044
14,3,19,Breast Cancer,228,2,no-recurrence-events,2,select_coverage_CBA_M1,,exact,52,196,52.0,196.0,28,100,no-recurrence-events,3232
14,3,29,Breast Cancer,228,2,no-recurrence-events,1,select_coverage,1.0,DAC,67,242,,,64,231,no-recurrence-events,1796
14,3,29,Breast Cancer,228,2,no-recurrence-events,1,select_coverage,1.0,exact,67,242,64.0,231.0,49,172,no-recurrence-events,4132
14,3,29,Breast Cancer,228,2,no-recurrence-events,1,select_coverage,2.0,DAC,117,433,,,109,408,no-recurrence-events,3160
14,3,29,Breast Cancer,228,2,no-recurrence-events,1,select_coverage,2.0,exact,117,433,109.0,408.0,82,301,no-recurrence-events,7200
14,3,29,Breast Cancer,228,2,no-recurrence-events,1,select_coverage,3.0,DAC,149,560,,,136,523,no-recurrence-events,4052
14,3,29,Breast Cancer,228,2,no-recurrence-events,1,select_coverage,3.0,exact,149,560,136.0,523.0,104,395,no-recurrence-events,9192
14,3,29,Breast Cancer,228,2,no-recurrence-events,1,select_coverage,4.0,DAC,170,657,,,155,614,no-recurrence-events,4692
14,3,29,Breast Cancer,228,2,no-recurrence-events,1,select_coverage,4.0,exact,170,657,155.0,614.0,116,451,no-recurrence-events,10624
14,3,29,Breast Cancer,228,2,no-recurrence-events,1,select_coverage_CBA_M1,,DAC,42,178,,,40,169,no-recurrence-events,1240
14,3,29,Breast Cancer,228,2,no-recurrence-events,1,select_coverage_CBA_M1,,exact,42,178,40.0,169.0,31,124,no-recurrence-events,2860
14,3,29,Breast Cancer,228,2,no-recurrence-events,2,select_coverage,1.0,exact,67,242,64.0,231.0,49,172,no-recurrence-events,4132
14,3,29,Breast Cancer,228,2,no-recurrence-events,2,select_coverage,2.0,exact,117,433,109.0,408.0,82,301,no-recurrence-events,7200
14,3,29,Breast Cancer,228,2,no-recurrence-events,2,select_coverage,3.0,exact,149,560,136.0,523.0,104,395,no-recurrence-events,9192
14,3,29,Breast Cancer,228,2,no-recurrence-events,2,select_coverage,4.0,exact,170,657,155.0,614.0,116,451,no-recurrence-events,10624
14,3,29,Breast Cancer,228,2,no-recurrence-events,2,select_coverage_CBA_M1,,exact,42,178,40.0,169.0,31,124,no-recurrence-events,2860
14,3,31,Breast Cancer,228,2,no-recurrence-events,1,select_coverage,1.0,DAC,54,190,,,50,181,no-recurrence-events,1432
14,3,31,Breast Cancer,228,2,no-recurrence-events,1,select_coverage,1.0,exact,54,190,50.0,181.0,36,130,no-recurrence-events,3220
14,3,31,Breast Cancer,228,2,no-recurrence-events,1,select_coverage,2.0,DAC,89,342,,,85,333,no-recurrence-events,2460
14,3,31,Breast Cancer,228,2,no-recurrence-events,1,select_coverage,2.0,exact,89,342,85.0,333.0,56,211,no-recurrence-events,5600
14,3,31,Breast Cancer,228,2,no-recurrence-events,1,select_coverage,3.0,DAC,113,438,,,109,429,no-recurrence-events,3132
14,3,31,Breast Cancer,228,2,no-recurrence-events,1,select_coverage,3.0,exact,113,438,109.0,429.0,69,268,no-recurrence-events,7172
14,3,31,Breast Cancer,228,2,no-recurrence-events,1,select_coverage,4.0,DAC,134,523,,,130,514,no-recurrence-events,3724
14,3,31,Breast Cancer,228,2,no-recurrence-events,1,select_coverage,4.0,exact,134,523,130.0,514.0,84,328,no-recurrence-events,8596
14,3,31,Breast Cancer,228,2,no-recurrence-events,1,select_coverage_CBA_M1,,DAC,40,159,,,40,159,no-recurrence-events,1140
14,3,31,Breast Cancer,228,2,no-recurrence-events,1,select_coverage_CBA_M1,,exact,40,159,40.0,159.0,28,112,no-recurrence-events,2696
14,3,31,Breast Cancer,228,2,no-recurrence-events,2,select_coverage,1.0,exact,54,190,50.0,181.0,36,130,no-recurrence-events,3220
14,3,31,Breast Cancer,228,2,no-recurrence-events,2,select_coverage,2.0,exact,89,342,85.0,333.0,56,211,no-recurrence-events,5600
14,3,31,Breast Cancer,228,2,no-recurrence-events,2,select_coverage,3.0,exact,113,438,109.0,429.0,69,268,no-recurrence-events,7172
14,3,31,Breast Cancer,228,2,no-recurrence-events,2,select_coverage,4.0,exact,134,523,130.0,514.0,84,328,no-recurrence-events,8596
14,3,31,Breast Cancer,228,2,no-recurrence-events,2,select_coverage_CBA_M1,,exact,40,159,40.0,159.0,28,112,no-recurrence-events,2696
14,3,34,Breast Cancer,228,2,no-recurrence-events,1,select_coverage,1.0,DAC,70,232,,,69,230,no-recurrence-events,1792
14,3,34,Breast Cancer,228,2,no-recurrence-events,1,select_coverage,1.0,exact,70,232,69.0,230.0,43,140,no-recurrence-events,4080
14,3,34,Breast Cancer,228,2,no-recurrence-events,1,select_coverage,2.0,DAC,119,412,,,112,392,no-recurrence-events,3100
14,3,34,Breast Cancer,228,2,no-recurrence-events,1,select_coverage,2.0,exact,119,412,112.0,392.0,69,241,no-recurrence-events,6884
14,3,34,Breast Cancer,228,2,no-recurrence-events,1,select_coverage,3.0,DAC,151,537,,,140,504,no-recurrence-events,3984
14,3,34,Breast Cancer,228,2,no-recurrence-events,1,select_coverage,3.0,exact,151,537,140.0,504.0,90,322,no-recurrence-events,8828
14,3,34,Breast Cancer,228,2,no-recurrence-events,1,select_coverage,4.0,DAC,180,648,,,169,615,no-recurrence-events,4776
14,3,34,Breast Cancer,228,2,no-recurrence-events,1,select_coverage,4.0,exact,180,648,169.0,615.0,108,392,no-recurrence-events,10692
14,3,34,Breast Cancer,228,2,no-recurrence-events,1,select_coverage_CBA_M1,,DAC,50,181,,,50,181,no-recurrence-events,1348
14,3,34,Breast Cancer,228,2,no-recurrence-events,1,select_coverage_CBA_M1,,exact,50,181,50.0,181.0,30,106,no-recurrence-events,3088
14,3,34,Breast Cancer,228,2,no-recurrence-events,2,select_coverage,1.0,exact,70,232,69.0,230.0,43,140,no-recurrence-events,4080
14,3,34,Breast Cancer,228,2,no-recurrence-events,2,select_coverage,2.0,exact,119,412,112.0,392.0,69,241,no-recurrence-events,6884
14,3,34,Breast Cancer,228,2,no-recurrence-events,2,select_coverage,3.0,exact,151,537,140.0,504.0,90,322,no-recurrence-events,8828
14,3,34,Breast Cancer,228,2,no-recurrence-events,2,select_coverage,4.0,exact,180,648,169.0,615.0,108,392,no-recurrence-events,10692
14,3,34,Breast Cancer,228,2,no-recurrence-events,2,select_coverage_CBA_M1,,exact,50,181,50.0,181.0,30,106,no-recurrence-events,3088
14,3,42,Breast Cancer,228,2,no-recurrence-events,1,select_coverage,1.0,DAC,65,217,,,62,209,no-recurrence-events,1672
14,3,42,Breast Cancer,228,2,no-recurrence-events,1,select_coverage,1.0,exact,65,217,62.0,209.0,40,138,no-recurrence-events,3760
14,3,42,Breast Cancer,228,2,no-recurrence-events,1,select_coverage,2.0,DAC,118,400,,,110,379,no-recurrence-events,3040
14,3,42,Breast Cancer,228,2,no-recurrence-events,1,select_coverage,2.0,exact,118,400,110.0,379.0,67,237,no-recurrence-events,6720
14,3,42,Breast Cancer,228,2,no-recurrence-events,1,select_coverage,3.0,DAC,154,537,,,143,509,no-recurrence-events,4020
14,3,42,Breast Cancer,228,2,no-recurrence-events,1,select_coverage,3.0,exact,154,537,143.0,509.0,91,331,no-recurrence-events,8956
14,3,42,Breast Cancer,228,2,no-recurrence-events,1,select_coverage,4.0,DAC,175,615,,,160,575,no-recurrence-events,4584
14,3,42,Breast Cancer,228,2,no-recurrence-events,1,select_coverage,4.0,exact,175,615,160.0,575.0,103,382,no-recurrence-events,10144
14,3,42,Breast Cancer,228,2,no-recurrence-events,1,select_coverage_CBA_M1,,DAC,45,169,,,45,169,no-recurrence-events,1240
14,3,42,Breast Cancer,228,2,no-recurrence-events,1,select_coverage_CBA_M1,,exact,45,169,45.0,169.0,28,110,no-recurrence-events,2888
14,3,42,Breast Cancer,228,2,no-recurrence-events,2,select_coverage,1.0,exact,65,217,62.0,209.0,40,138,no-recurrence-events,3760
14,3,42,Breast Cancer,228,2,no-recurrence-events,2,select_coverage,2.0,exact,118,400,110.0,379.0,67,237,no-recurrence-events,6720
14,3,42,Breast Cancer,228,2,no-recurrence-events,2,select_coverage,3.0,exact,154,537,143.0,509.0,91,331,no-recurrence-events,8956
14,3,42,Breast Cancer,228,2,no-recurrence-events,2,select_coverage,4.0,exact,175,615,160.0,575.0,103,382,no-recurrence-events,10144
14,3,42,Breast Cancer,228,2,no-recurrence-events,2,select_coverage_CBA_M1,,exact,45,169,45.0,169.0,28,110,no-recurrence-events,2888
14,3,49,Breast Cancer,228,2,no-recurrence-events,1,select_coverage,1.0,DAC,66,221,,,63,213,no-recurrence-events,1700
14,3,49,Breast Cancer,228,2,no-recurrence-events,1,select_coverage,1.0,exact,66,221,63.0,213.0,44,144,no-recurrence-events,3840
14,3,49,Breast Cancer,228,2,no-recurrence-events,1,select_coverage,2.0,DAC,111,383,,,102,360,no-recurrence-events,2888
14,3,49,Breast Cancer,228,2,no-recurrence-events,1,select_coverage,2.0,exact,111,383,102.0,360.0,73,249,no-recurrence-events,6432
14,3,49,Breast Cancer,228,2,no-recurrence-events,1,select_coverage,3.0,DAC,141,487,,,129,459,no-recurrence-events,3664
14,3,49,Breast Cancer,228,2,no-recurrence-events,1,select_coverage,3.0,exact,141,487,129.0,459.0,92,313,no-recurrence-events,8148
14,3,49,Breast Cancer,228,2,no-recurrence-events,1,select_coverage,4.0,DAC,159,567,,,144,531,no-recurrence-events,4200
14,3,49,Breast Cancer,228,2,no-recurrence-events,1,select_coverage,4.0,exact,159,567,144.0,531.0,104,375,no-recurrence-events,9364
14,3,49,Breast Cancer,228,2,no-recurrence-events,1,select_coverage_CBA_M1,,DAC,41,158,,,40,155,no-recurrence-events,1148
14,3,49,Breast Cancer,228,2,no-recurrence-events,1,select_coverage_CBA_M1,,exact,41,158,40.0,155.0,28,105,no-recurrence-events,2648
14,3,49,Breast Cancer,228,2,no-recurrence-events,2,select_coverage,1.0,exact,66,221,63.0,213.0,44,144,no-recurrence-events,3840
14,3,49,Breast Cancer,228,2,no-recurrence-events,2,select_coverage,2.0,exact,111,383,102.0,360.0,73,249,no-recurrence-events,6432
14,3,49,Breast Cancer,228,2,no-recurrence-events,2,select_coverage,3.0,exact,141,487,129.0,459.0,92,313,no-recurrence-events,8148
14,3,49,Breast Cancer,228,2,no-recurrence-events,2,select_coverage,4.0,exact,159,567,144.0,531.0,104,375,no-recurrence-events,9364
14,3,49,Breast Cancer,228,2,no-recurrence-events,2,select_coverage_CBA_M1,,exact,41,158,40.0,155.0,28,105,no-recurrence-events,2648
14,3,63,Breast Cancer,228,2,no-recurrence-events,1,select_coverage,1.0,DAC,75,246,,,73,241,no-recurrence-events,1908
14,3,63,Breast Cancer,228,2,no-recurrence-events,1,select_coverage,1.0,exact,75,246,73.0,241.0,56,180,recurrence-events,4436
14,3,63,Breast Cancer,228,2,no-recurrence-events,1,select_coverage,2.0,DAC,127,432,,,117,408,no-recurrence-events,3276
14,3,63,Breast Cancer,228,2,no-recurrence-events,1,select_coverage,2.0,exact,127,432,117.0,408.0,93,318,no-recurrence-events,7456
14,3,63,Breast Cancer,228,2,no-recurrence-events,1,select_coverage,3.0,DAC,158,556,,,143,521,no-recurrence-events,4144
14,3,63,Breast Cancer,228,2,no-recurrence-events,1,select_coverage,3.0,exact,158,556,143.0,521.0,115,412,no-recurrence-events,9404
14,3,63,Breast Cancer,228,2,no-recurrence-events,1,select_coverage,4.0,DAC,187,682,,,170,644,no-recurrence-events,4996
14,3,63,Breast Cancer,228,2,no-recurrence-events,1,select_coverage,4.0,exact,187,682,170.0,644.0,138,514,no-recurrence-events,11456
14,3,63,Breast Cancer,228,2,no-recurrence-events,1,select_coverage_CBA_M1,,DAC,48,179,,,48,179,no-recurrence-events,1316
14,3,63,Breast Cancer,228,2,no-recurrence-events,1,select_coverage_CBA_M1,,exact,48,179,48.0,179.0,33,122,no-recurrence-events,3088
14,3,63,Breast Cancer,228,2,no-recurrence-events,2,select_coverage,1.0,exact,75,246,73.0,241.0,56,180,recurrence-events,4436
14,3,63,Breast Cancer,228,2,no-recurrence-events,2,select_coverage,2.0,exact,127,432,117.0,408.0,93,318,no-recurrence-events,7456
14,3,63,Breast Cancer,228,2,no-recurrence-events,2,select_coverage,3.0,exact,158,556,143.0,521.0,115,412,no-recurrence-events,9404
14,3,63,Breast Cancer,228,2,no-recurrence-events,2,select_coverage,4.0,exact,187,682,170.0,644.0,138,514,no-recurrence-events,11456
14,3,63,Breast Cancer,228,2,no-recurrence-events,2,select_coverage_CBA_M1,,exact,48,179,48.0,179.0,33,122,no-recurrence-events,3088
14,3,64,Breast Cancer,228,2,no-recurrence-events,1,select_coverage,1.0,DAC,58,194,,,54,183,no-recurrence-events,1496
14,3,64,Breast Cancer,228,2,no-recurrence-events,1,select_coverage,1.0,exact,58,194,54.0,183.0,43,141,no-recurrence-events,3384
14,3,64,Breast Cancer,228,2,no-recurrence-events,1,select_coverage,2.0,DAC,95,349,,,90,334,no-recurrence-events,2560
14,3,64,Breast Cancer,228,2,no-recurrence-events,1,select_coverage,2.0,exact,95,349,90.0,334.0,75,275,no-recurrence-events,6008
14,3,64,Breast Cancer,228,2,no-recurrence-events,1,select_coverage,3.0,DAC,129,483,,,123,465,no-recurrence-events,3504
14,3,64,Breast Cancer,228,2,no-recurrence-events,1,select_coverage,3.0,exact,129,483,123.0,465.0,100,378,no-recurrence-events,8272
14,3,64,Breast Cancer,228,2,no-recurrence-events,1,select_coverage,4.0,DAC,157,580,,,150,560,no-recurrence-events,4228
14,3,64,Breast Cancer,228,2,no-recurrence-events,1,select_coverage,4.0,exact,157,580,150.0,560.0,122,454,no-recurrence-events,9992
14,3,64,Breast Cancer,228,2,no-recurrence-events,1,select_coverage_CBA_M1,,DAC,44,161,,,43,156,no-recurrence-events,1196
14,3,64,Breast Cancer,228,2,no-recurrence-events,1,select_coverage_CBA_M1,,exact,44,161,43.0,156.0,32,114,no-recurrence-events,2772
14,3,64,Breast Cancer,228,2,no-recurrence-events,2,select_coverage,1.0,exact,58,194,54.0,183.0,43,141,no-recurrence-events,3384
14,3,64,Breast Cancer,228,2,no-recurrence-events,2,select_coverage,2.0,exact,95,349,90.0,334.0,75,275,no-recurrence-events,6008
14,3,64,Breast Cancer,228,2,no-recurrence-events,2,select_coverage,3.0,exact,129,483,123.0,465.0,100,378,no-recurrence-events,8272
14,3,64,Breast Cancer,228,2,no-recurrence-events,2,select_coverage,4.0,exact,157,580,150.0,560.0,122,454,no-recurrence-events,9992
14,3,64,Breast Cancer,228,2,no-recurrence-events,2,select_coverage_CBA_M1,,exact,44,161,43.0,156.0,32,114,no-recurrence-events,2772
14,3,65,Breast Cancer,228,2,no-recurrence-events,1,select_coverage,1.0,DAC,68,250,,,64,243,no-recurrence-events,1840
14,3,65,Breast Cancer,228,2,no-recurrence-events,1,select_coverage,1.0,exact,68,250,64.0,243.0,47,179,no-recurrence-events,4240
14,3,65,Breast Cancer,228,2,no-recurrence-events,1,select_coverage,2.0,DAC,114,425,,,108,414,no-recurrence-events,3092
14,3,65,Breast Cancer,228,2,no-recurrence-events,1,select_coverage,2.0,exact,114,425,108.0,414.0,72,274,no-recurrence-events,7060
14,3,65,Breast Cancer,228,2,no-recurrence-events,1,select_coverage,3.0,DAC,140,536,,,134,525,no-recurrence-events,3848
14,3,65,Breast Cancer,228,2,no-recurrence-events,1,select_coverage,3.0,exact,140,536,134.0,525.0,92,362,no-recurrence-events,8924
14,3,65,Breast Cancer,228,2,no-recurrence-events,1,select_coverage,4.0,DAC,164,630,,,157,616,no-recurrence-events,4512
14,3,65,Breast Cancer,228,2,no-recurrence-events,1,select_coverage,4.0,exact,164,630,157.0,616.0,107,421,no-recurrence-events,10452
14,3,65,Breast Cancer,228,2,no-recurrence-events,1,select_coverage_CBA_M1,,DAC,49,204,,,49,204,no-recurrence-events,1428
14,3,65,Breast Cancer,228,2,no-recurrence-events,1,select_coverage_CBA_M1,,exact,49,204,49.0,204.0,35,148,no-recurrence-events,3416
14,3,65,Breast Cancer,228,2,no-recurrence-events,2,select_coverage,1.0,exact,68,250,64.0,243.0,47,179,no-recurrence-events,4240
14,3,65,Breast Cancer,228,2,no-recurrence-events,2,select_coverage,2.0,exact,114,425,108.0,414.0,72,274,no-recurrence-events,7060
14,3,65,Breast Cancer,228,2,no-recurrence-events,2,select_coverage,3.0,exact,140,536,134.0,525.0,92,362,no-recurrence-events,8924
14,3,65,Breast Cancer,228,2,no-recurrence-events,2,select_coverage,4.0,exact,164,630,157.0,616.0,107,421,no-recurrence-events,10452
14,3,65,Breast Cancer,228,2,no-recurrence-events,2,select_coverage_CBA_M1,,exact,49,204,49.0,204.0,35,148,no-recurrence-events,3416
14,3,68,Breast Cancer,228,2,no-recurrence-events,1,select_coverage,1.0,DAC,67,228,,,66,227,no-recurrence-events,1740
14,3,68,Breast Cancer,228,2,no-recurrence-events,1,select_coverage,1.0,exact,67,228,66.0,227.0,48,156,no-recurrence-events,4044
14,3,68,Breast Cancer,228,2,no-recurrence-events,1,select_coverage,2.0,DAC,121,402,,,116,394,no-recurrence-events,3084
14,3,68,Breast Cancer,228,2,no-recurrence-events,1,select_coverage,2.0,exact,121,402,116.0,394.0,76,246,no-recurrence-events,6968
14,3,68,Breast Cancer,228,2,no-recurrence-events,1,select_coverage,3.0,DAC,153,521,,,146,508,no-recurrence-events,3944
14,3,68,Breast Cancer,228,2,no-recurrence-events,1,select_coverage,3.0,exact,153,521,146.0,508.0,97,328,no-recurrence-events,8948
14,3,68,Breast Cancer,228,2,no-recurrence-events,1,select_coverage,4.0,DAC,181,637,,,173,622,no-recurrence-events,4744
14,3,68,Breast Cancer,228,2,no-recurrence-events,1,select_coverage,4.0,exact,181,637,173.0,622.0,114,397,no-recurrence-events,10792
14,3,68,Breast Cancer,228,2,no-recurrence-events,1,select_coverage_CBA_M1,,DAC,46,181,,,46,181,no-recurrence-events,1300
14,3,68,Breast Cancer,228,2,no-recurrence-events,1,select_coverage_CBA_M1,,exact,46,181,46.0,181.0,32,117,no-recurrence-events,3036
14,3,68,Breast Cancer,228,2,no-recurrence-events,2,select_coverage,1.0,exact,67,228,66.0,227.0,48,156,no-recurrence-events,4044
14,3,68,Breast Cancer,228,2,no-recurrence-events,2,select_coverage,2.0,exact,121,402,116.0,394.0,76,246,no-recurrence-events,6968
14,3,68,Breast Cancer,228,2,no-recurrence-events,2,select_coverage,3.0,exact,153,521,146.0,508.0,97,328,no-recurrence-events,8948
14,3,68,Breast Cancer,228,2,no-recurrence-events,2,select_coverage,4.0,exact,181,637,173.0,622.0,114,397,no-recurrence-events,10792
14,3,68,Breast Cancer,228,2,no-recurrence-events,2,select_coverage_CBA_M1,,exact,46,181,46.0,181.0,32,117,no-recurrence-events,3036
14,3,74,Breast Cancer,228,2,no-recurrence-events,1,select_coverage,1.0,DAC,76,269,,,71,258,no-recurrence-events,2012
14,3,74,Breast Cancer,228,2,no-recurrence-events,1,select_coverage,1.0,exact,76,269,71.0,258.0,54,187,no-recurrence-events,4576
14,3,74,Breast Cancer,228,2,no-recurrence-events,1,select_coverage,2.0,DAC,123,451,,,111,421,no-recurrence-events,3304
14,3,74,Breast Cancer,228,2,no-recurrence-events,1,select_coverage,2.0,exact,123,451,111.0,421.0,86,321,no-recurrence-events,7452
14,3,74,Breast Cancer,228,2,no-recurrence-events,1,select_coverage,3.0,DAC,148,549,,,134,515,no-recurrence-events,3996
14,3,74,Breast Cancer,228,2,no-recurrence-events,1,select_coverage,3.0,exact,148,549,134.0,515.0,107,404,no-recurrence-events,9104
14,3,74,Breast Cancer,228,2,no-recurrence-events,1,select_coverage,4.0,DAC,166,624,,,149,580,no-recurrence-events,4512
14,3,74,Breast Cancer,228,2,no-recurrence-events,1,select_coverage,4.0,exact,166,624,149.0,580.0,121,464,no-recurrence-events,10264
14,3,74,Breast Cancer,228,2,no-recurrence-events,1,select_coverage_CBA_M1,,DAC,50,204,,,49,201,no-recurrence-events,1440
14,3,74,Breast Cancer,228,2,no-recurrence-events,1,select_coverage_CBA_M1,,exact,50,204,49.0,201.0,35,138,no-recurrence-events,3364
14,3,74,Breast Cancer,228,2,no-recurrence-events,2,select_coverage,1.0,exact,76,269,71.0,258.0,54,187,no-recurrence-events,4576
14,3,74,Breast Cancer,228,2,no-recurrence-events,2,select_coverage,2.0,exact,123,451,111.0,421.0,86,321,no-recurrence-events,7452
14,3,74,Breast Cancer,228,2,no-recurrence-events,2,select_coverage,3.0,exact,148,549,134.0,515.0,107,404,no-recurrence-events,9104
14,3,74,Breast Cancer,228,2,no-recurrence-events,2,select_coverage,4.0,exact,166,624,149.0,580.0,121,464,no-recurrence-events,10264
14,3,74,Breast Cancer,228,2,no-recurrence-events,2,select_coverage_CBA_M1,,exact,50,204,49.0,201.0,35,138,no-recurrence-events,3364
14,3,76,Breast Cancer,228,2,no-recurrence-events,1,select_coverage,1.0,DAC,68,230,,,65,225,no-recurrence-events,1760
14,3,76,Breast Cancer,228,2,no-recurrence-events,1,select_coverage,1.0,exact,68,230,65.0,225.0,44,146,no-recurrence-events,3980
14,3,76,Breast Cancer,228,2,no-recurrence-events,1,select_coverage,2.0,DAC,110,396,,,104,382,no-recurrence-events,2928
14,3,76,Breast Cancer,228,2,no-recurrence-events,1,select_coverage,2.0,exact,110,396,104.0,382.0,71,255,no-recurrence-events,6644
14,3,76,Breast Cancer,228,2,no-recurrence-events,1,select_coverage,3.0,DAC,140,509,,,132,491,no-recurrence-events,3740
14,3,76,Breast Cancer,228,2,no-recurrence-events,1,select_coverage,3.0,exact,140,509,132.0,491.0,91,336,no-recurrence-events,8528
14,3,76,Breast Cancer,228,2,no-recurrence-events,1,select_coverage,4.0,DAC,166,623,,,156,598,no-recurrence-events,4508
14,3,76,Breast Cancer,228,2,no-recurrence-events,1,select_coverage,4.0,exact,166,623,156.0,598.0,112,433,no-recurrence-events,10376
14,3,76,Breast Cancer,228,2,no-recurrence-events,1,select_coverage_CBA_M1,,DAC,52,192,,,52,192,no-recurrence-events,1416
14,3,76,Breast Cancer,228,2,no-recurrence-events,1,select_coverage_CBA_M1,,exact,52,192,52.0,192.0,33,116,no-recurrence-events,3264
14,3,76,Breast Cancer,228,2,no-recurrence-events,2,select_coverage,1.0,exact,68,230,65.0,225.0,44,146,no-recurrence-events,3980
14,3,76,Breast Cancer,228,2,no-recurrence-events,2,select_coverage,2.0,exact,110,396,104.0,382.0,71,255,no-recurrence-events,6644
14,3,76,Breast Cancer,228,2,no-recurrence-events,2,select_coverage,3.0,exact,140,509,132.0,491.0,91,336,no-recurrence-events,8528
14,3,76,Breast Cancer,228,2,no-recurrence-events,2,select_coverage,4.0,exact,166,623,156.0,598.0,112,433,no-recurrence-events,10376
14,3,76,Breast Cancer,228,2,no-recurrence-events,2,select_coverage_CBA_M1,,exact,52,192,52.0,192.0,33,116,no-recurrence-events,3264
14,3,100,Breast Cancer,228,2,no-recurrence-events,1,select_coverage,1.0,DAC,70,243,,,69,242,no-recurrence-events,1836
14,3,100,Breast Cancer,228,2,no-recurrence-events,1,select_coverage,1.0,exact,70,243,69.0,242.0,45,145,no-recurrence-events,4192
14,3,100,Breast Cancer,228,2,no-recurrence-events,1,select_coverage,2.0,DAC,122,448,,,117,435,no-recurrence-events,3280
14,3,100,Breast Cancer,228,2,no-recurrence-events,1,select_coverage,2.0,exact,122,448,117.0,435.0,75,266,no-recurrence-events,7420
14,3,100,Breast Cancer,228,2,no-recurrence-events,1,select_coverage,3.0,DAC,154,573,,,147,556,no-recurrence-events,4164
14,3,100,Breast Cancer,228,2,no-recurrence-events,1,select_coverage,3.0,exact,154,573,147.0,556.0,95,343,no-recurrence-events,9432
14,3,100,Breast Cancer,228,2,no-recurrence-events,1,select_coverage,4.0,DAC,180,674,,,171,654,no-recurrence-events,4880
14,3,100,Breast Cancer,228,2,no-recurrence-events,1,select_coverage,4.0,exact,180,674,171.0,654.0,113,413,no-recurrence-events,11084
14,3,100,Breast Cancer,228,2,no-recurrence-events,1,select_coverage_CBA_M1,,DAC,50,194,,,50,194,no-recurrence-events,1400
14,3,100,Breast Cancer,228,2,no-recurrence-events,1,select_coverage_CBA_M1,,exact,50,194,50.0,194.0,29,104,no-recurrence-events,3184
14,3,100,Breast Cancer,228,2,no-recurrence-events,2,select_coverage,1.0,exact,70,243,69.0,242.0,45,145,no-recurrence-events,4192
14,3,100,Breast Cancer,228,2,no-recurrence-events,2,select_coverage,2.0,exact,122,448,117.0,435.0,75,266,no-recurrence-events,7420
14,3,100,Breast Cancer,228,2,no-recurrence-events,2,select_coverage,3.0,exact,154,573,147.0,556.0,95,343,no-recurrence-events,9432
14,3,100,Breast Cancer,228,2,no-recurrence-events,2,select_coverage,4.0,exact,180,674,171.0,654.0,113,413,no-recurrence-events,11084
14,3,100,Breast Cancer,228,2,no-recurrence-events,2,select_coverage_CBA_M1,,exact,50,194,50.0,194.0,29,104,no-recurrence-events,3184
14,3,114,Breast Cancer,228,2,no-recurrence-events,1,select_coverage,1.0,DAC,69,254,,,67,246,no-recurrence-events,1868
14,3,114,Breast Cancer,228,2,no-recurrence-events,1,select_coverage,1.0,exact,69,254,67.0,246.0,39,139,no-recurrence-events,4180
14,3,114,Breast Cancer,228,2,no-recurrence-events,1,select_coverage,2.0,DAC,125,455,,,116,430,no-recurrence-events,3344
14,3,114,Breast Cancer,228,2,no-recurrence-events,1,select_coverage,2.0,exact,125,455,116.0,430.0,74,267,no-recurrence-events,7408
14,3,114,Breast Cancer,228,2,no-recurrence-events,1,select_coverage,3.0,DAC,163,599,,,149,563,no-recurrence-events,4376
14,3,114,Breast Cancer,228,2,no-recurrence-events,1,select_coverage,3.0,exact,163,599,149.0,563.0,101,372,no-recurrence-events,9728
14,3,114,Breast Cancer,228,2,no-recurrence-events,1,select_coverage,4.0,DAC,190,701,,,170,650,no-recurrence-events,5108
14,3,114,Breast Cancer,228,2,no-recurrence-events,1,select_coverage,4.0,exact,190,701,170.0,650.0,117,438,no-recurrence-events,11252
14,3,114,Breast Cancer,228,2,no-recurrence-events,1,select_coverage_CBA_M1,,DAC,51,199,,,51,199,no-recurrence-events,1432
14,3,114,Breast Cancer,228,2,no-recurrence-events,1,select_coverage_CBA_M1,,exact,51,199,51.0,199.0,30,113,no-recurrence-events,3284
14,3,114,Breast Cancer,228,2,no-recurrence-events,2,select_coverage,1.0,exact,69,254,67.0,246.0,39,139,no-recurrence-events,4180
14,3,114,Breast Cancer,228,2,no-recurrence-events,2,select_coverage,2.0,exact,125,455,116.0,430.0,74,267,no-recurrence-events,7408
14,3,114,Breast Cancer,228,2,no-recurrence-events,2,select_coverage,3.0,exact,163,599,149.0,563.0,101,372,no-recurrence-events,9728
14,3,114,Breast Cancer,228,2,no-recurrence-events,2,select_coverage,4.0,exact,190,701,170.0,650.0,117,438,no-recurrence-events,11252
14,3,114,Breast Cancer,228,2,no-recurrence-events,2,select_coverage_CBA_M1,,exact,51,199,51.0,199.0,30,113,no-recurrence-events,3284
14,3,133,Breast Cancer,228,2,no-recurrence-events,1,select_coverage,1.0,DAC,72,254,,,71,251,no-recurrence-events,1904
14,3,133,Breast Cancer,228,2,no-recurrence-events,1,select_coverage,1.0,exact,72,254,71.0,251.0,38,121,no-recurrence-events,4224
14,3,133,Breast Cancer,228,2,no-recurrence-events,1,select_coverage,2.0,DAC,121,439,,,116,427,no-recurrence-events,3232
14,3,133,Breast Cancer,228,2,no-recurrence-events,1,select_coverage,2.0,exact,121,439,116.0,427.0,64,218,no-recurrence-events,7136
14,3,133,Breast Cancer,228,2,no-recurrence-events,1,select_coverage,3.0,DAC,160,594,,,154,580,no-recurrence-events,4320
14,3,133,Breast Cancer,228,2,no-recurrence-events,1,select_coverage,3.0,exact,160,594,154.0,580.0,91,322,no-recurrence-events,9696
14,3,133,Breast Cancer,228,2,no-recurrence-events,1,select_coverage,4.0,DAC,187,694,,,179,674,no-recurrence-events,5044
14,3,133,Breast Cancer,228,2,no-recurrence-events,1,select_coverage,4.0,exact,187,694,179.0,674.0,107,378,no-recurrence-events,11296
14,3,133,Breast Cancer,228,2,no-recurrence-events,1,select_coverage_CBA_M1,,DAC,47,179,,,46,176,no-recurrence-events,1304
14,3,133,Breast Cancer,228,2,no-recurrence-events,1,select_coverage_CBA_M1,,exact,47,179,46.0,176.0,24,84,no-recurrence-events,2876
14,3,133,Breast Cancer,228,2,no-recurrence-events,2,select_coverage,1.0,exact,72,254,71.0,251.0,38,121,no-recurrence-events,4224
14,3,133,Breast Cancer,228,2,no-recurrence-events,2,select_coverage,2.0,exact,121,439,116.0,427.0,64,218,no-recurrence-events,7136
14,3,133,Breast Cancer,228,2,no-recurrence-events,2,select_coverage,3.0,exact,160,594,154.0,580.0,91,322,no-recurrence-events,9696
14,3,133,Breast Cancer,228,2,no-recurrence-events,2,select_coverage,4.0,exact,187,694,179.0,674.0,107,378,no-recurrence-events,11296
14,3,133,Breast Cancer,228,2,no-recurrence-events,2,select_coverage_CBA_M1,,exact,47,179,46.0,176.0,24,84,no-recurrence-events,2876
14,3,138,Breast Cancer,228,2,no-recurrence-events,1,select_coverage,1.0,DAC,69,228,,,67,223,no-recurrence-events,1764
14,3,138,Breast Cancer,228,2,no-recurrence-events,1,select_coverage,1.0,exact,69,228,67.0,223.0,46,148,no-recurrence-events,4020
14,3,138,Breast Cancer,228,2,no-recurrence-events,1,select_coverage,2.0,DAC,116,390,,,106,364,no-recurrence-events,2976
14,3,138,Breast Cancer,228,2,no-recurrence-events,1,select_coverage,2.0,exact,116,390,106.0,364.0,77,257,no-recurrence-events,6604
14,3,138,Breast Cancer,228,2,no-recurrence-events,1,select_coverage,3.0,DAC,151,532,,,137,494,no-recurrence-events,3964
14,3,138,Breast Cancer,228,2,no-recurrence-events,1,select_coverage,3.0,exact,151,532,137.0,494.0,101,361,no-recurrence-events,8852
14,3,138,Breast Cancer,228,2,no-recurrence-events,1,select_coverage,4.0,DAC,178,634,,,160,585,no-recurrence-events,4696
14,3,138,Breast Cancer,228,2,no-recurrence-events,1,select_coverage,4.0,exact,178,634,160.0,585.0,117,422,no-recurrence-events,10420
14,3,138,Breast Cancer,228,2,no-recurrence-events,1,select_coverage_CBA_M1,,DAC,46,173,,,45,170,no-recurrence-events,1268
14,3,138,Breast Cancer,228,2,no-recurrence-events,1,select_coverage_CBA_M1,,exact,46,173,45.0,170.0,29,107,no-recurrence-events,2896
14,3,138,Breast Cancer,228,2,no-recurrence-events,2,select_coverage,1.0,exact,69,228,67.0,223.0,46,148,no-recurrence-events,4020
14,3,138,Breast Cancer,228,2,no-recurrence-events,2,select_coverage,2.0,exact,116,390,106.0,364.0,77,257,no-recurrence-events,6604
14,3,138,Breast Cancer,228,2,no-recurrence-events,2,select_coverage,3.0,exact,151,532,137.0,494.0,101,361,no-recurrence-events,8852
14,3,138,Breast Cancer,228,2,no-recurrence-events,2,select_coverage,4.0,exact,178,634,160.0,585.0,117,422,no-recurrence-events,10420
14,3,138,Breast Cancer,228,2,no-recurrence-events,2,select_coverage_CBA_M1,,exact,46,173,45.0,170.0,29,107,no-recurrence-events,2896
14,3,148,Breast Cancer,228,2,no-recurrence-events,1,select_coverage,1.0,DAC,65,231,,,63,225,no-recurrence-events,1728
14,3,148,Breast Cancer,228,2,no-recurrence-events,1,select_coverage,1.0,exact,65,231,63.0,225.0,33,117,no-recurrence-events,3820
14,3,148,Breast Cancer,228,2,no-recurrence-events,1,select_coverage,2.0,DAC,115,432,,,110,420,no-recurrence-events,3132
14,3,148,Breast Cancer,228,2,no-recurrence-events,1,select_coverage,2.0,exact,115,432,110.0,420.0,62,230,no-recurrence-events,6984
14,3,148,Breast Cancer,228,2,no-recurrence-events,1,select_coverage,3.0,DAC,141,549,,,135,535,no-recurrence-events,3912
14,3,148,Breast Cancer,228,2,no-recurrence-events,1,select_coverage,3.0,exact,141,549,135.0,535.0,78,306,no-recurrence-events,8816
14,3,148,Breast Cancer,228,2,no-recurrence-events,1,select_coverage,4.0,DAC,160,617,,,154,603,no-recurrence-events,4412
14,3,148,Breast Cancer,228,2,no-recurrence-events,1,select_coverage,4.0,exact,160,617,154.0,603.0,93,359,no-recurrence-events,10028
14,3,148,Breast Cancer,228,2,no-recurrence-events,1,select_coverage_CBA_M1,,DAC,48,189,,,47,184,no-recurrence-events,1356
14,3,148,Breast Cancer,228,2,no-recurrence-events,1,select_coverage_CBA_M1,,exact,48,189,47.0,184.0,22,86,no-recurrence-events,2980
14,3,148,Breast Cancer,228,2,no-recurrence-events,2,select_coverage,1.0,exact,65,231,63.0,225.0,33,117,no-recurrence-events,3820
14,3,148,Breast Cancer,228,2,no-recurrence-events,2,select_coverage,2.0,exact,115,432,110.0,420.0,62,230,no-recurrence-events,6984
14,3,148,Breast Cancer,228,2,no-recurrence-events,2,select_coverage,3.0,exact,141,549,135.0,535.0,78,306,no-recurrence-events,8816
14,3,148,Breast Cancer,228,2,no-recurrence-events,2,select_coverage,4.0,exact,160,617,154.0,603.0,93,359,no-recurrence-events,10028
14,3,148,Breast Cancer,228,2,no-recurrence-events,2,select_coverage_CBA_M1,,exact,48,189,47.0,184.0,22,86,no-recurrence-events,2980
14,4,5,Breast Cancer,228,2,no-recurrence-events,1,select_coverage,1.0,DAC,64,211,,,61,205,no-recurrence-events,1644
14,4,5,Breast Cancer,228,2,no-recurrence-events,1,select_coverage,1.0,exact,64,211,61.0,205.0,41,132,no-recurrence-events,3672
14,4,5,Breast Cancer,228,2,no-recurrence-events,1,select_coverage,2.0,DAC,93,315,,,85,295,no-recurrence-events,2408
14,4,5,Breast Cancer,228,2,no-recurrence-events,1,select_coverage,2.0,exact,93,315,85.0,295.0,57,190,no-recurrence-events,5256
14,4,5,Breast Cancer,228,2,no-recurrence-events,1,select_coverage,3.0,DAC,120,424,,,109,392,no-recurrence-events,3168
14,4,5,Breast Cancer,228,2,no-recurrence-events,1,select_coverage,3.0,exact,120,424,109.0,392.0,73,253,no-recurrence-events,6908
14,4,5,Breast Cancer,228,2,no-recurrence-events,1,select_coverage,4.0,DAC,138,498,,,127,466,no-recurrence-events,3680
14,4,5,Breast Cancer,228,2,no-recurrence-events,1,select_coverage,4.0,exact,138,498,127.0,466.0,88,317,no-recurrence-events,8188
14,4,5,Breast Cancer,228,2,no-recurrence-events,1,select_coverage_CBA_M1,,DAC,46,168,,,46,168,no-recurrence-events,1256
14,4,5,Breast Cancer,228,2,no-recurrence-events,1,select_coverage_CBA_M1,,exact,46,168,46.0,168.0,28,101,no-recurrence-events,2868
14,4,5,Breast Cancer,228,2,no-recurrence-events,2,select_coverage,1.0,exact,64,211,61.0,205.0,41,132,no-recurrence-events,3672
14,4,5,Breast Cancer,228,2,no-recurrence-events,2,select_coverage,2.0,exact,93,315,85.0,295.0,57,190,no-recurrence-events,5256
14,4,5,Breast Cancer,228,2,no-recurrence-events,2,select_coverage,3.0,exact,120,424,109.0,392.0,73,253,no-recurrence-events,6908
14,4,5,Breast Cancer,228,2,no-recurrence-events,2,select_coverage,4.0,exact,138,498,127.0,466.0,88,317,no-recurrence-events,8188
14,4,5,Breast Cancer,228,2,no-recurrence-events,2,select_coverage_CBA_M1,,exact,46,168,46.0,168.0,28,101,no-recurrence-events,2868
14,4,14,Breast Cancer,228,2,no-recurrence-events,1,select_coverage,1.0,DAC,64,216,,,58,203,no-recurrence-events,1664
14,4,14,Breast Cancer,228,2,no-recurrence-events,1,select_coverage,1.0,exact,64,216,58.0,203.0,42,139,no-recurrence-events,3640
14,4,14,Breast Cancer,228,2,no-recurrence-events,1,select_coverage,2.0,DAC,99,349,,,90,328,no-recurrence-events,2616
14,4,14,Breast Cancer,228,2,no-recurrence-events,1,select_coverage,2.0,exact,99,349,90.0,328.0,62,216,no-recurrence-events,5748
14,4,14,Breast Cancer,228,2,no-recurrence-events,1,select_coverage,3.0,DAC,128,460,,,118,437,no-recurrence-events,3408
14,4,14,Breast Cancer,228,2,no-recurrence-events,1,select_coverage,3.0,exact,128,460,118.0,437.0,82,291,no-recurrence-events,7600
14,4,14,Breast Cancer,228,2,no-recurrence-events,1,select_coverage,4.0,DAC,150,540,,,139,516,no-recurrence-events,3992
14,4,14,Breast Cancer,228,2,no-recurrence-events,1,select_coverage,4.0,exact,150,540,139.0,516.0,98,356,no-recurrence-events,9000
14,4,14,Breast Cancer,228,2,no-recurrence-events,1,select_coverage_CBA_M1,,DAC,48,179,,,46,173,no-recurrence-events,1324
14,4,14,Breast Cancer,228,2,no-recurrence-events,1,select_coverage_CBA_M1,,exact,48,179,46.0,173.0,32,117,no-recurrence-events,2996
14,4,14,Breast Cancer,228,2,no-recurrence-events,2,select_coverage,1.0,exact,64,216,58.0,203.0,42,139,no-recurrence-events,3640
14,4,14,Breast Cancer,228,2,no-recurrence-events,2,select_coverage,2.0,exact,99,349,90.0,328.0,62,216,no-recurrence-events,5748
14,4,14,Breast Cancer,228,2,no-recurrence-events,2,select_coverage,3.0,exact,128,460,118.0,437.0,82,291,no-recurrence-events,7600
14,4,14,Breast Cancer,228,2,no-recurrence-events,2,select_coverage,4.0,exact,150,540,139.0,516.0,98,356,no-recurrence-events,9000
14,4,14,Breast Cancer,228,2,no-recurrence-events,2,select_coverage_CBA_M1,,exact,48,179,46.0,173.0,32,117,no-recurrence-events,2996
14,4,17,Breast Cancer,228,2,no-recurrence-events,1,select_coverage,1.0,DAC,72,240,,,71,239,no-recurrence-events,1856
14,4,17,Breast Cancer,228,2,no-recurrence-events,1,select_coverage,1.0,exact,72,240,71.0,239.0,47,163,no-recurrence-events,4288
14,4,17,Breast Cancer,228,2,no-recurrence-events,1,select_coverage,2.0,DAC,121,426,,,111,400,no-recurrence-events,3188
14,4,17,Breast Cancer,228,2,no-recurrence-events,1,select_coverage,2.0,exact,121,426,111.0,400.0,76,281,no-recurrence-events,7108
14,4,17,Breast Cancer,228,2,no-recurrence-events,1,select_coverage,3.0,DAC,153,546,,,139,507,no-recurrence-events,4052
14,4,17,Breast Cancer,228,2,no-recurrence-events,1,select_coverage,3.0,exact,153,546,139.0,507.0,93,346,no-recurrence-events,8948
14,4,17,Breast Cancer,228,2,no-recurrence-events,1,select_coverage,4.0,DAC,173,618,,,158,578,no-recurrence-events,4580
14,4,17,Breast Cancer,228,2,no-recurrence-events,1,select_coverage,4.0,exact,173,618,158.0,578.0,106,397,no-recurrence-events,10180
14,4,17,Breast Cancer,228,2,no-recurrence-events,1,select_coverage_CBA_M1,,DAC,50,186,,,50,186,no-recurrence-events,1376
14,4,17,Breast Cancer,228,2,no-recurrence-events,1,select_coverage_CBA_M1,,exact,50,186,50.0,186.0,31,120,no-recurrence-events,3184
14,4,17,Breast Cancer,228,2,no-recurrence-events,2,select_coverage,1.0,exact,72,240,71.0,239.0,47,163,no-recurrence-events,4288
14,4,17,Breast Cancer,228,2,no-recurrence-events,2,select_coverage,2.0,exact,121,426,111.0,400.0,76,281,no-recurrence-events,7108
14,4,17,Breast Cancer,228,2,no-recurrence-events,2,select_coverage,3.0,exact,153,546,139.0,507.0,93,346,no-recurrence-events,8948
14,4,17,Breast Cancer,228,2,no-recurrence-events,2,select_coverage,4.0,exact,173,618,158.0,578.0,106,397,no-recurrence-events,10180
14,4,17,Breast Cancer,228,2,no-recurrence-events,2,select_coverage_CBA_M1,,exact,50,186,50.0,186.0,31,120,no-recurrence-events,3184
14,4,19,Breast Cancer,228,2,no-recurrence-events,1,select_coverage,1.0,DAC,65,219,,,63,212,no-recurrence-events,1688
14,4,19,Breast Cancer,228,2,no-recurrence-events,1,select_coverage,1.0,exact,65,219,63.0,212.0,36,113,no-recurrence-events,3704
14,4,19,Breast Cancer,228,2,no-recurrence-events,1,select_coverage,2.0,DAC,113,389,,,107,372,no-recurrence-events,2944
14,4,19,Breast Cancer,228,2,no-recurrence-events,1,select_coverage,2.0,exact,113,389,107.0,372.0,62,206,no-recurrence-events,6452
14,4,19,Breast Cancer,228,2,no-recurrence-events,1,select_coverage,3.0,DAC,148,529,,,140,508,no-recurrence-events,3924
14,4,19,Breast Cancer,228,2,no-recurrence-events,1,select_coverage,3.0,exact,148,529,140.0,508.0,81,280,no-recurrence-events,8644
14,4,19,Breast Cancer,228,2,no-recurrence-events,1,select_coverage,4.0,DAC,171,620,,,160,592,no-recurrence-events,4564
14,4,19,Breast Cancer,228,2,no-recurrence-events,1,select_coverage,4.0,exact,171,620,160.0,592.0,89,308,no-recurrence-events,9936
14,4,19,Breast Cancer,228,2,no-recurrence-events,1,select_coverage_CBA_M1,,DAC,51,190,,,51,190,no-recurrence-events,1404
14,4,19,Breast Cancer,228,2,no-recurrence-events,1,select_coverage_CBA_M1,,exact,51,190,51.0,190.0,28,99,no-recurrence-events,3156
14,4,19,Breast Cancer,228,2,no-recurrence-events,2,select_coverage,1.0,exact,65,219,63.0,212.0,36,113,no-recurrence-events,3704
14,4,19,Breast Cancer,228,2,no-recurrence-events,2,select_coverage,2.0,exact,113,389,107.0,372.0,62,206,no-recurrence-events,6452
14,4,19,Breast Cancer,228,2,no-recurrence-events,2,select_coverage,3.0,exact,148,529,140.0,508.0,81,280,no-recurrence-events,8644
14,4,19,Breast Cancer,228,2,no-recurrence-events,2,select_coverage,4.0,exact,171,620,160.0,592.0,89,308,no-recurrence-events,9936
14,4,19,Breast Cancer,228,2,no-recurrence-events,2,select_coverage_CBA_M1,,exact,51,190,51.0,190.0,28,99,no-recurrence-events,3156
14,4,29,Breast Cancer,228,2,no-recurrence-events,1,select_coverage,1.0,DAC,66,226,,,65,225,no-recurrence-events,1728
14,4,29,Breast Cancer,228,2,no-recurrence-events,1,select_coverage,1.0,exact,66,226,65.0,225.0,41,136,no-recurrence-events,3924
14,4,29,Breast Cancer,228,2,no-recurrence-events,1,select_coverage,2.0,DAC,106,372,,,99,355,no-recurrence-events,2792
14,4,29,Breast Cancer,228,2,no-recurrence-events,1,select_coverage,2.0,exact,106,372,99.0,355.0,68,238,no-recurrence-events,6252
14,4,29,Breast Cancer,228,2,no-recurrence-events,1,select_coverage,3.0,DAC,132,482,,,125,465,no-recurrence-events,3544
14,4,29,Breast Cancer,228,2,no-recurrence-events,1,select_coverage,3.0,exact,132,482,125.0,465.0,87,315,no-recurrence-events,8064
14,4,29,Breast Cancer,228,2,no-recurrence-events,1,select_coverage,4.0,DAC,147,545,,,139,527,no-recurrence-events,3976
14,4,29,Breast Cancer,228,2,no-recurrence-events,1,select_coverage,4.0,exact,147,545,139.0,527.0,95,353,no-recurrence-events,9052
14,4,29,Breast Cancer,228,2,no-recurrence-events,1,select_coverage_CBA_M1,,DAC,48,188,,,48,188,no-recurrence-events,1360
14,4,29,Breast Cancer,228,2,no-recurrence-events,1,select_coverage_CBA_M1,,exact,48,188,48.0,188.0,27,104,no-recurrence-events,3088
14,4,29,Breast Cancer,228,2,no-recurrence-events,2,select_coverage,1.0,exact,66,226,65.0,225.0,41,136,no-recurrence-events,3924
14,4,29,Breast Cancer,228,2,no-recurrence-events,2,select_coverage,2.0,exact,106,372,99.0,355.0,68,238,no-recurrence-events,6252
14,4,29,Breast Cancer,228,2,no-recurrence-events,2,select_coverage,3.0,exact,132,482,125.0,465.0,87,315,no-recurrence-events,8064
14,4,29,Breast Cancer,228,2,no-recurrence-events,2,select_coverage,4.0,exact,147,545,139.0,527.0,95,353,no-recurrence-events,9052
14,4,29,Breast Cancer,228,2,no-recurrence-events,2,select_coverage_CBA_M1,,exact,48,188,48.0,188.0,27,104,no-recurrence-events,3088
14,4,31,Breast Cancer,228,2,no-recurrence-events,1,select_coverage,1.0,DAC,63,221,,,60,213,no-recurrence-events,1672
14,4,31,Breast Cancer,228,2,no-recurrence-events,1,select_coverage,1.0,exact,63,221,60.0,213.0,39,140,no-recurrence-events,3752
14,4,31,Breast Cancer,228,2,no-recurrence-events,1,select_coverage,2.0,DAC,95,340,,,89,326,no-recurrence-events,2532
14,4,31,Breast Cancer,228,2,no-recurrence-events,1,select_coverage,2.0,exact,95,340,89.0,326.0,54,199,no-recurrence-events,5612
14,4,31,Breast Cancer,228,2,no-recurrence-events,1,select_coverage,3.0,DAC,119,422,,,112,406,no-recurrence-events,3148
14,4,31,Breast Cancer,228,2,no-recurrence-events,1,select_coverage,3.0,exact,119,422,112.0,406.0,69,254,no-recurrence-events,7032
14,4,31,Breast Cancer,228,2,no-recurrence-events,1,select_coverage,4.0,DAC,135,479,,,126,460,no-recurrence-events,3568
14,4,31,Breast Cancer,228,2,no-recurrence-events,1,select_coverage,4.0,exact,135,479,126.0,460.0,78,282,no-recurrence-events,7924
14,4,31,Breast Cancer,228,2,no-recurrence-events,1,select_coverage_CBA_M1,,DAC,44,176,,,43,173,no-recurrence-events,1264
14,4,31,Breast Cancer,228,2,no-recurrence-events,1,select_coverage_CBA_M1,,exact,44,176,43.0,173.0,27,110,no-recurrence-events,2884
14,4,31,Breast Cancer,228,2,no-recurrence-events,2,select_coverage,1.0,exact,63,221,60.0,213.0,39,140,no-recurrence-events,3752
14,4,31,Breast Cancer,228,2,no-recurrence-events,2,select_coverage,2.0,exact,95,340,89.0,326.0,54,199,no-recurrence-events,5612
14,4,31,Breast Cancer,228,2,no-recurrence-events,2,select_coverage,3.0,exact,119,422,112.0,406.0,69,254,no-recurrence-events,7032
14,4,31,Breast Cancer,228,2,no-recurrence-events,2,select_coverage,4.0,exact,135,479,126.0,460.0,78,282,no-recurrence-events,7924
14,4,31,Breast Cancer,228,2,no-recurrence-events,2,select_coverage_CBA_M1,,exact,44,176,43.0,173.0,27,110,no-recurrence-events,2884
14,4,34,Breast Cancer,228,2,no-recurrence-events,1,select_coverage,1.0,DAC,73,248,,,71,240,no-recurrence-events,1900
14,4,34,Breast Cancer,228,2,no-recurrence-events,1,select_coverage,1.0,exact,73,248,71.0,240.0,49,163,no-recurrence-events,4324
14,4,34,Breast Cancer,228,2,no-recurrence-events,1,select_coverage,2.0,DAC,123,435,,,116,415,no-recurrence-events,3248
14,4,34,Breast Cancer,228,2,no-recurrence-events,1,select_coverage,2.0,exact,123,435,116.0,415.0,75,257,no-recurrence-events,7228
14,4,34,Breast Cancer,228,2,no-recurrence-events,1,select_coverage,3.0,DAC,160,564,,,148,534,no-recurrence-events,4208
14,4,34,Breast Cancer,228,2,no-recurrence-events,1,select_coverage,3.0,exact,160,564,148.0,534.0,94,326,no-recurrence-events,9264
14,4,34,Breast Cancer,228,2,no-recurrence-events,1,select_coverage,4.0,DAC,184,649,,,171,618,no-recurrence-events,4836
14,4,34,Breast Cancer,228,2,no-recurrence-events,1,select_coverage,4.0,exact,184,649,171.0,618.0,108,378,no-recurrence-events,10700
14,4,34,Breast Cancer,228,2,no-recurrence-events,1,select_coverage_CBA_M1,,DAC,48,185,,,47,180,no-recurrence-events,1348
14,4,34,Breast Cancer,228,2,no-recurrence-events,1,select_coverage_CBA_M1,,exact,48,185,47.0,180.0,29,114,no-recurrence-events,3060
14,4,34,Breast Cancer,228,2,no-recurrence-events,2,select_coverage,1.0,exact,73,248,71.0,240.0,49,163,no-recurrence-events,4324
14,4,34,Breast Cancer,228,2,no-recurrence-events,2,select_coverage,2.0,exact,123,435,116.0,415.0,75,257,no-recurrence-events,7228
14,4,34,Breast Cancer,228,2,no-recurrence-events,2,select_coverage,3.0,exact,160,564,148.0,534.0,94,326,no-recurrence-events,9264
14,4,34,Breast Cancer,228,2,no-recurrence-events,2,select_coverage,4.0,exact,184,649,171.0,618.0,108,378,no-recurrence-events,10700
14,4,34,Breast Cancer,228,2,no-recurrence-events,2,select_coverage_CBA_M1,,exact,50,191,49.0,186.0,31,120,no-recurrence-events,3180
14,4,42,Breast Cancer,228,2,no-recurrence-events,1,select_coverage,1.0,DAC,57,172,,,56,170,no-recurrence-events,1404
14,4,42,Breast Cancer,228,2,no-recurrence-events,1,select_coverage,1.0,exact,57,172,56.0,170.0,35,106,no-recurrence-events,3152
14,4,42,Breast Cancer,228,2,no-recurrence-events,1,select_coverage,2.0,DAC,103,346,,,99,338,no-recurrence-events,2652
14,4,42,Breast Cancer,228,2,no-recurrence-events,1,select_coverage,2.0,exact,103,346,99.0,338.0,66,227,no-recurrence-events,6036
14,4,42,Breast Cancer,228,2,no-recurrence-events,1,select_coverage,3.0,DAC,132,457,,,124,438,no-recurrence-events,3444
14,4,42,Breast Cancer,228,2,no-recurrence-events,1,select_coverage,3.0,exact,132,457,124.0,438.0,78,272,no-recurrence-events,7660
14,4,42,Breast Cancer,228,2,no-recurrence-events,1,select_coverage,4.0,DAC,155,552,,,143,526,no-recurrence-events,4100
14,4,42,Breast Cancer,228,2,no-recurrence-events,1,select_coverage,4.0,exact,155,552,143.0,526.0,92,338,no-recurrence-events,9112
14,4,42,Breast Cancer,228,2,no-recurrence-events,1,select_coverage_CBA_M1,,DAC,42,136,,,42,136,no-recurrence-events,1080
14,4,42,Breast Cancer,228,2,no-recurrence-events,1,select_coverage_CBA_M1,,exact,42,136,42.0,136.0,23,79,no-recurrence-events,2428
14,4,42,Breast Cancer,228,2,no-recurrence-events,2,select_coverage,1.0,exact,57,172,56.0,170.0,35,106,no-recurrence-events,3152
14,4,42,Breast Cancer,228,2,no-recurrence-events,2,select_coverage,2.0,exact,103,346,99.0,338.0,66,227,no-recurrence-events,6036
14,4,42,Breast Cancer,228,2,no-recurrence-events,2,select_coverage,3.0,exact,132,457,124.0,438.0,78,272,no-recurrence-events,7660
14,4,42,Breast Cancer,228,2,no-recurrence-events,2,select_coverage,4.0,exact,155,552,143.0,526.0,92,338,no-recurrence-events,9112
14,4,42,Breast Cancer,228,2,no-recurrence-events,2,select_coverage_CBA_M1,,exact,42,136,42.0,136.0,23,79,no-recurrence-events,2428
14,4,49,Breast Cancer,228,2,no-recurrence-events,1,select_coverage,1.0,DAC,56,175,,,51,165,no-recurrence-events,1404
14,4,49,Breast Cancer,228,2,no-recurrence-events,1,select_coverage,1.0,exact,56,175,51.0,165.0,33,103,no-recurrence-events,3012
14,4,49,Breast Cancer,228,2,no-recurrence-events,1,select_coverage,2.0,DAC,96,326,,,85,304,no-recurrence-events,2488
14,4,49,Breast Cancer,228,2,no-recurrence-events,1,select_coverage,2.0,exact,96,326,85.0,304.0,55,189,no-recurrence-events,5332
14,4,49,Breast Cancer,228,2,no-recurrence-events,1,select_coverage,3.0,DAC,124,444,,,110,414,no-recurrence-events,3296
14,4,49,Breast Cancer,228,2,no-recurrence-events,1,select_coverage,3.0,exact,124,444,110.0,414.0,73,264,no-recurrence-events,7144
14,4,49,Breast Cancer,228,2,no-recurrence-events,1,select_coverage,4.0,DAC,141,508,,,126,476,no-recurrence-events,3756
14,4,49,Breast Cancer,228,2,no-recurrence-events,1,select_coverage,4.0,exact,141,508,126.0,476.0,81,292,no-recurrence-events,8144
14,4,49,Breast Cancer,228,2,no-recurrence-events,1,select_coverage_CBA_M1,,DAC,42,145,,,41,143,no-recurrence-events,1116
14,4,49,Breast Cancer,228,2,no-recurrence-events,1,select_coverage_CBA_M1,,exact,42,145,41.0,143.0,25,85,no-recurrence-events,2492
14,4,49,Breast Cancer,228,2,no-recurrence-events,2,select_coverage,1.0,exact,56,175,51.0,165.0,33,103,no-recurrence-events,3012
14,4,49,Breast Cancer,228,2,no-recurrence-events,2,select_coverage,2.0,exact,96,326,85.0,304.0,55,189,no-recurrence-events,5332
14,4,49,Breast Cancer,228,2,no-recurrence-events,2,select_coverage,3.0,exact,124,444,110.0,414.0,73,264,no-recurrence-events,7144
14,4,49,Breast Cancer,228,2,no-recurrence-events,2,select_coverage,4.0,exact,141,508,126.0,476.0,81,292,no-recurrence-events,8144
14,4,49,Breast Cancer,228,2,no-recurrence-events,2,select_coverage_CBA_M1,,exact,42,145,41.0,143.0,25,85,no-recurrence-events,2492
14,4,63,Breast Cancer,228,2,no-recurrence-events,1,select_coverage,1.0,DAC,63,190,,,59,182,no-recurrence-events,1548
14,4,63,Breast Cancer,228,2,no-recurrence-events,1,select_coverage,1.0,exact,63,190,59.0,182.0,39,109,recurrence-events,3356
14,4,63,Breast Cancer,228,2,no-recurrence-events,1,select_coverage,2.0,DAC,116,386,,,106,362,no-recurrence-events,2968
14,4,63,Breast Cancer,228,2,no-recurrence-events,1,select_coverage,2.0,exact,116,386,106.0,362.0,77,254,no-recurrence-events,6568
14,4,63,Breast Cancer,228,2,no-recurrence-events,1,select_coverage,3.0,DAC,151,511,,,133,468,no-recurrence-events,3888
14,4,63,Breast Cancer,228,2,no-recurrence-events,1,select_coverage,3.0,exact,151,511,133.0,468.0,94,319,no-recurrence-events,8400
14,4,63,Breast Cancer,228,2,no-recurrence-events,1,select_coverage,4.0,DAC,173,598,,,154,554,no-recurrence-events,4500
14,4,63,Breast Cancer,228,2,no-recurrence-events,1,select_coverage,4.0,exact,173,598,154.0,554.0,109,380,no-recurrence-events,9840
14,4,63,Breast Cancer,228,2,no-recurrence-events,1,select_coverage_CBA_M1,,DAC,45,154,,,45,154,no-recurrence-events,1188
14,4,63,Breast Cancer,228,2,no-recurrence-events,1,select_coverage_CBA_M1,,exact,45,154,45.0,154.0,27,86,no-recurrence-events,2672
14,4,63,Breast Cancer,228,2,no-recurrence-events,2,select_coverage,1.0,exact,63,190,59.0,182.0,39,109,recurrence-events,3356
14,4,63,Breast Cancer,228,2,no-recurrence-events,2,select_coverage,2.0,exact,116,386,106.0,362.0,77,254,no-recurrence-events,6568
14,4,63,Breast Cancer,228,2,no-recurrence-events,2,select_coverage,3.0,exact,151,511,133.0,468.0,94,319,no-recurrence-events,8400
14,4,63,Breast Cancer,228,2,no-recurrence-events,2,select_coverage,4.0,exact,173,598,154.0,554.0,109,380,no-recurrence-events,9840
14,4,63,Breast Cancer,228,2,no-recurrence-events,2,select_coverage_CBA_M1,,exact,45,154,45.0,154.0,27,86,no-recurrence-events,2672
14,4,64,Breast Cancer,228,2,no-recurrence-events,1,select_coverage,1.0,DAC,57,187,,,54,180,no-recurrence-events,1464
14,4,64,Breast Cancer,228,2,no-recurrence-events,1,select_coverage,1.0,exact,57,187,54.0,180.0,44,150,no-recurrence-events,3380
14,4,64,Breast Cancer,228,2,no-recurrence-events,1,select_coverage,2.0,DAC,95,324,,,89,307,no-recurrence-events,2468
14,4,64,Breast Cancer,228,2,no-recurrence-events,1,select_coverage,2.0,exact,95,324,89.0,307.0,68,236,no-recurrence-events,5620
14,4,64,Breast Cancer,228,2,no-recurrence-events,1,select_coverage,3.0,DAC,125,435,,,115,411,no-recurrence-events,3272
14,4,64,Breast Cancer,228,2,no-recurrence-events,1,select_coverage,3.0,exact,125,435,115.0,411.0,89,322,no-recurrence-events,7448
14,4,64,Breast Cancer,228,2,no-recurrence-events,1,select_coverage,4.0,DAC,146,520,,,135,495,no-recurrence-events,3864
14,4,64,Breast Cancer,228,2,no-recurrence-events,1,select_coverage,4.0,exact,146,520,135.0,495.0,108,401,no-recurrence-events,8920
14,4,64,Breast Cancer,228,2,no-recurrence-events,1,select_coverage_CBA_M1,,DAC,40,142,,,40,142,no-recurrence-events,1080
14,4,64,Breast Cancer,228,2,no-recurrence-events,1,select_coverage_CBA_M1,,exact,40,142,40.0,142.0,30,112,no-recurrence-events,2560
14,4,64,Breast Cancer,228,2,no-recurrence-events,2,select_coverage,1.0,exact,57,187,54.0,180.0,44,150,no-recurrence-events,3380
14,4,64,Breast Cancer,228,2,no-recurrence-events,2,select_coverage,2.0,exact,95,324,89.0,307.0,68,236,no-recurrence-events,5620
14,4,64,Breast Cancer,228,2,no-recurrence-events,2,select_coverage,3.0,exact,125,435,115.0,411.0,89,322,no-recurrence-events,7448
14,4,64,Breast Cancer,228,2,no-recurrence-events,2,select_coverage,4.0,exact,146,520,135.0,495.0,108,401,no-recurrence-events,8920
14,4,64,Breast Cancer,228,2,no-recurrence-events,2,select_coverage_CBA_M1,,exact,40,142,40.0,142.0,30,112,no-recurrence-events,2560
14,4,65,Breast Cancer,228,2,no-recurrence-events,1,select_coverage,1.0,DAC,64,221,,,63,220,no-recurrence-events,1684
14,4,65,Breast Cancer,228,2,no-recurrence-events,1,select_coverage,1.0,exact,64,221,63.0,220.0,41,133,no-recurrence-events,3824
14,4,65,Breast Cancer,228,2,no-recurrence-events,1,select_coverage,2.0,DAC,106,371,,,102,360,no-recurrence-events,2788
14,4,65,Breast Cancer,228,2,no-recurrence-events,1,select_coverage,2.0,exact,106,371,102.0,360.0,64,214,no-recurrence-events,6244
14,4,65,Breast Cancer,228,2,no-recurrence-events,1,select_coverage,3.0,DAC,143,519,,,136,500,no-recurrence-events,3824
14,4,65,Breast Cancer,228,2,no-recurrence-events,1,select_coverage,3.0,exact,143,519,136.0,500.0,87,313,no-recurrence-events,8608
14,4,65,Breast Cancer,228,2,no-recurrence-events,1,select_coverage,4.0,DAC,163,597,,,154,572,no-recurrence-events,4376
14,4,65,Breast Cancer,228,2,no-recurrence-events,1,select_coverage,4.0,exact,163,597,154.0,572.0,98,359,no-recurrence-events,9824
14,4,65,Breast Cancer,228,2,no-recurrence-events,1,select_coverage_CBA_M1,,DAC,48,186,,,48,186,no-recurrence-events,1352
14,4,65,Breast Cancer,228,2,no-recurrence-events,1,select_coverage_CBA_M1,,exact,48,186,48.0,186.0,31,109,no-recurrence-events,3092
14,4,65,Breast Cancer,228,2,no-recurrence-events,2,select_coverage,1.0,exact,64,221,63.0,220.0,41,133,no-recurrence-events,3824
14,4,65,Breast Cancer,228,2,no-recurrence-events,2,select_coverage,2.0,exact,106,371,102.0,360.0,64,214,no-recurrence-events,6244
14,4,65,Breast Cancer,228,2,no-recurrence-events,2,select_coverage,3.0,exact,143,519,136.0,500.0,87,313,no-recurrence-events,8608
14,4,65,Breast Cancer,228,2,no-recurrence-events,2,select_coverage,4.0,exact,163,597,154.0,572.0,98,359,no-recurrence-events,9824
14,4,65,Breast Cancer,228,2,no-recurrence-events,2,select_coverage_CBA_M1,,exact,48,186,48.0,186.0,31,109,no-recurrence-events,3092
14,4,68,Breast Cancer,228,2,no-recurrence-events,1,select_coverage,1.0,DAC,62,191,,,60,186,no-recurrence-events,1540
14,4,68,Breast Cancer,228,2,no-recurrence-events,1,select_coverage,1.0,exact,62,191,60.0,186.0,38,111,no-recurrence-events,3408
14,4,68,Breast Cancer,228,2,no-recurrence-events,1,select_coverage,2.0,DAC,109,379,,,103,365,no-recurrence-events,2856
14,4,68,Breast Cancer,228,2,no-recurrence-events,1,select_coverage,2.0,exact,109,379,103.0,365.0,65,220,no-recurrence-events,6344
14,4,68,Breast Cancer,228,2,no-recurrence-events,1,select_coverage,3.0,DAC,143,502,,,135,484,no-recurrence-events,3756
14,4,68,Breast Cancer,228,2,no-recurrence-events,1,select_coverage,3.0,exact,143,502,135.0,484.0,81,278,no-recurrence-events,8312
14,4,68,Breast Cancer,228,2,no-recurrence-events,1,select_coverage,4.0,DAC,169,595,,,158,573,no-recurrence-events,4440
14,4,68,Breast Cancer,228,2,no-recurrence-events,1,select_coverage,4.0,exact,169,595,158.0,573.0,96,336,no-recurrence-events,9824
14,4,68,Breast Cancer,228,2,no-recurrence-events,1,select_coverage_CBA_M1,,DAC,44,156,,,43,153,no-recurrence-events,1184
14,4,68,Breast Cancer,228,2,no-recurrence-events,1,select_coverage_CBA_M1,,exact,44,156,43.0,153.0,25,84,no-recurrence-events,2620
14,4,68,Breast Cancer,228,2,no-recurrence-events,2,select_coverage,1.0,exact,62,191,60.0,186.0,38,111,no-recurrence-events,3408
14,4,68,Breast Cancer,228,2,no-recurrence-events,2,select_coverage,2.0,exact,109,379,103.0,365.0,65,220,no-recurrence-events,6344
14,4,68,Breast Cancer,228,2,no-recurrence-events,2,select_coverage,3.0,exact,143,502,135.0,484.0,81,278,no-recurrence-events,8312
14,4,68,Breast Cancer,228,2,no-recurrence-events,2,select_coverage,4.0,exact,169,595,158.0,573.0,96,336,no-recurrence-events,9824
14,4,68,Breast Cancer,228,2,no-recurrence-events,2,select_coverage_CBA_M1,,exact,44,156,43.0,153.0,25,84,no-recurrence-events,2620
14,4,74,Breast Cancer,228,2,no-recurrence-events,1,select_coverage,1.0,DAC,74,242,,,71,235,no-recurrence-events,1888
14,4,74,Breast Cancer,228,2,no-recurrence-events,1,select_coverage,1.0,exact,74,242,71.0,235.0,52,173,no-recurrence-events,4320
14,4,74,Breast Cancer,228,2,no-recurrence-events,1,select_coverage,2.0,DAC,120,415,,,112,398,no-recurrence-events,3132
14,4,74,Breast Cancer,228,2,no-recurrence-events,1,select_coverage,2.0,exact,120,415,112.0,398.0,81,299,no-recurrence-events,7152
14,4,74,Breast Cancer,228,2,no-recurrence-events,1,select_coverage,3.0,DAC,144,510,,,132,484,no-recurrence-events,3800
14,4,74,Breast Cancer,228,2,no-recurrence-events,1,select_coverage,3.0,exact,144,510,132.0,484.0,95,355,no-recurrence-events,8580
14,4,74,Breast Cancer,228,2,no-recurrence-events,1,select_coverage,4.0,DAC,167,609,,,153,577,no-recurrence-events,4472
14,4,74,Breast Cancer,228,2,no-recurrence-events,1,select_coverage,4.0,exact,167,609,153.0,577.0,112,430,no-recurrence-events,10152
14,4,74,Breast Cancer,228,2,no-recurrence-events,1,select_coverage_CBA_M1,,DAC,52,196,,,52,196,no-recurrence-events,1440
14,4,74,Breast Cancer,228,2,no-recurrence-events,1,select_coverage_CBA_M1,,exact,52,196,52.0,196.0,38,142,no-recurrence-events,3400
14,4,74,Breast Cancer,228,2,no-recurrence-events,2,select_coverage,1.0,exact,74,242,71.0,235.0,52,173,no-recurrence-events,4320
14,4,74,Breast Cancer,228,2,no-recurrence-events,2,select_coverage,2.0,exact,120,415,112.0,398.0,81,299,no-recurrence-events,7152
14,4,74,Breast Cancer,228,2,no-recurrence-events,2,select_coverage,3.0,exact,144,510,132.0,484.0,95,355,no-recurrence-events,8580
14,4,74,Breast Cancer,228,2,no-recurrence-events,2,select_coverage,4.0,exact,167,609,153.0,577.0,112,430,no-recurrence-events,10152
14,4,74,Breast Cancer,228,2,no-recurrence-events,2,select_coverage_CBA_M1,,exact,52,196,52.0,196.0,38,142,no-recurrence-events,3400
14,4,76,Breast Cancer,228,2,no-recurrence-events,1,select_coverage,1.0,DAC,66,216,,,64,212,no-recurrence-events,1688
14,4,76,Breast Cancer,228,2,no-recurrence-events,1,select_coverage,1.0,exact,66,216,64.0,212.0,36,114,no-recurrence-events,3720
14,4,76,Breast Cancer,228,2,no-recurrence-events,1,select_coverage,2.0,DAC,106,373,,,98,354,no-recurrence-events,2796
14,4,76,Breast Cancer,228,2,no-recurrence-events,1,select_coverage,2.0,exact,106,373,98.0,354.0,58,202,no-recurrence-events,6084
14,4,76,Breast Cancer,228,2,no-recurrence-events,1,select_coverage,3.0,DAC,132,481,,,120,452,no-recurrence-events,3540
14,4,76,Breast Cancer,228,2,no-recurrence-events,1,select_coverage,3.0,exact,132,481,120.0,452.0,76,282,no-recurrence-events,7756
14,4,76,Breast Cancer,228,2,no-recurrence-events,1,select_coverage,4.0,DAC,149,567,,,135,531,no-recurrence-events,4088
14,4,76,Breast Cancer,228,2,no-recurrence-events,1,select_coverage,4.0,exact,149,567,135.0,531.0,87,343,no-recurrence-events,9020
14,4,76,Breast Cancer,228,2,no-recurrence-events,1,select_coverage_CBA_M1,,DAC,48,174,,,48,174,no-recurrence-events,1304
14,4,76,Breast Cancer,228,2,no-recurrence-events,1,select_coverage_CBA_M1,,exact,48,174,48.0,174.0,22,80,no-recurrence-events,2880
14,4,76,Breast Cancer,228,2,no-recurrence-events,2,select_coverage,1.0,exact,66,216,64.0,212.0,36,114,no-recurrence-events,3720
14,4,76,Breast Cancer,228,2,no-recurrence-events,2,select_coverage,2.0,exact,106,373,98.0,354.0,58,202,no-recurrence-events,6084
14,4,76,Breast Cancer,228,2,no-recurrence-events,2,select_coverage,3.0,exact,132,481,120.0,452.0,76,282,no-recurrence-events,7756
14,4,76,Breast Cancer,228,2,no-recurrence-events,2,select_coverage,4.0,exact,149,567,135.0,531.0,87,343,no-recurrence-events,9020
14,4,76,Breast Cancer,228,2,no-recurrence-events,2,select_coverage_CBA_M1,,exact,48,174,48.0,174.0,22,80,no-recurrence-events,2880
14,4,100,Breast Cancer,228,2,no-recurrence-events,1,select_coverage,1.0,DAC,66,222,,,63,215,no-recurrence-events,1712
14,4,100,Breast Cancer,228,2,no-recurrence-events,1,select_coverage,1.0,exact,66,222,63.0,215.0,44,149,no-recurrence-events,3872
14,4,100,Breast Cancer,228,2,no-recurrence-events,1,select_coverage,2.0,DAC,116,407,,,111,394,no-recurrence-events,3052
14,4,100,Breast Cancer,228,2,no-recurrence-events,1,select_coverage,2.0,exact,116,407,111.0,394.0,77,266,no-recurrence-events,6948
14,4,100,Breast Cancer,228,2,no-recurrence-events,1,select_coverage,3.0,DAC,147,519,,,134,493,no-recurrence-events,3872
14,4,100,Breast Cancer,228,2,no-recurrence-events,1,select_coverage,3.0,exact,147,519,134.0,493.0,85,301,no-recurrence-events,8484
14,4,100,Breast Cancer,228,2,no-recurrence-events,1,select_coverage,4.0,DAC,169,608,,,155,577,no-recurrence-events,4492
14,4,100,Breast Cancer,228,2,no-recurrence-events,1,select_coverage,4.0,exact,169,608,155.0,577.0,99,353,no-recurrence-events,9888
14,4,100,Breast Cancer,228,2,no-recurrence-events,1,select_coverage_CBA_M1,,DAC,46,171,,,46,171,no-recurrence-events,1268
14,4,100,Breast Cancer,228,2,no-recurrence-events,1,select_coverage_CBA_M1,,exact,46,171,46.0,171.0,30,110,no-recurrence-events,2928
14,4,100,Breast Cancer,228,2,no-recurrence-events,2,select_coverage,1.0,exact,66,222,63.0,215.0,44,149,no-recurrence-events,3872
14,4,100,Breast Cancer,228,2,no-recurrence-events,2,select_coverage,2.0,exact,116,407,111.0,394.0,77,266,no-recurrence-events,6948
14,4,100,Breast Cancer,228,2,no-recurrence-events,2,select_coverage,3.0,exact,147,519,134.0,493.0,85,301,no-recurrence-events,8484
14,4,100,Breast Cancer,228,2,no-recurrence-events,2,select_coverage,4.0,exact,169,608,155.0,577.0,99,353,no-recurrence-events,9888
14,4,100,Breast Cancer,228,2,no-recurrence-events,2,select_coverage_CBA_M1,,exact,46,171,46.0,171.0,30,110,no-recurrence-events,2928
14,4,114,Breast Cancer,228,2,no-recurrence-events,1,select_coverage,1.0,DAC,60,189,,,58,184,no-recurrence-events,1508
14,4,114,Breast Cancer,228,2,no-recurrence-events,1,select_coverage,1.0,exact,60,189,58.0,184.0,40,123,no-recurrence-events,3392
14,4,114,Breast Cancer,228,2,no-recurrence-events,1,select_coverage,2.0,DAC,107,354,,,97,331,no-recurrence-events,2732
14,4,114,Breast Cancer,228,2,no-recurrence-events,1,select_coverage,2.0,exact,107,354,97.0,331.0,72,241,no-recurrence-events,6048
14,4,114,Breast Cancer,228,2,no-recurrence-events,1,select_coverage,3.0,DAC,136,480,,,122,447,no-recurrence-events,3584
14,4,114,Breast Cancer,228,2,no-recurrence-events,1,select_coverage,3.0,exact,136,480,122.0,447.0,89,324,no-recurrence-events,7948
14,4,114,Breast Cancer,228,2,no-recurrence-events,1,select_coverage,4.0,DAC,162,585,,,147,551,no-recurrence-events,4316
14,4,114,Breast Cancer,228,2,no-recurrence-events,1,select_coverage,4.0,exact,162,585,147.0,551.0,107,398,no-recurrence-events,9680
14,4,114,Breast Cancer,228,2,no-recurrence-events,1,select_coverage_CBA_M1,,DAC,42,144,,,41,142,no-recurrence-events,1112
14,4,114,Breast Cancer,228,2,no-recurrence-events,1,select_coverage_CBA_M1,,exact,42,144,41.0,142.0,25,85,no-recurrence-events,2484
14,4,114,Breast Cancer,228,2,no-recurrence-events,2,select_coverage,1.0,exact,60,189,58.0,184.0,40,123,no-recurrence-events,3392
14,4,114,Breast Cancer,228,2,no-recurrence-events,2,select_coverage,2.0,exact,107,354,97.0,331.0,72,241,no-recurrence-events,6048
14,4,114,Breast Cancer,228,2,no-recurrence-events,2,select_coverage,3.0,exact,136,480,122.0,447.0,89,324,no-recurrence-events,7948
14,4,114,Breast Cancer,228,2,no-recurrence-events,2,select_coverage,4.0,exact,162,585,147.0,551.0,107,398,no-recurrence-events,9680
14,4,114,Breast Cancer,228,2,no-recurrence-events,2,select_coverage_CBA_M1,,exact,42,144,41.0,142.0,25,85,no-recurrence-events,2484
14,4,133,Breast Cancer,228,2,no-recurrence-events,1,select_coverage,1.0,DAC,63,211,,,59,199,no-recurrence-events,1632
14,4,133,Breast Cancer,228,2,no-recurrence-events,1,select_coverage,1.0,exact,63,211,59.0,199.0,33,92,no-recurrence-events,3440
14,4,133,Breast Cancer,228,2,no-recurrence-events,1,select_coverage,2.0,DAC,101,341,,,96,328,no-recurrence-events,2608
14,4,133,Breast Cancer,228,2,no-recurrence-events,1,select_coverage,2.0,exact,101,341,96.0,328.0,54,160,no-recurrence-events,5636
14,4,133,Breast Cancer,228,2,no-recurrence-events,1,select_coverage,3.0,DAC,129,455,,,124,442,no-recurrence-events,3400
14,4,133,Breast Cancer,228,2,no-recurrence-events,1,select_coverage,3.0,exact,129,455,124.0,442.0,75,244,no-recurrence-events,7556
14,4,133,Breast Cancer,228,2,no-recurrence-events,1,select_coverage,4.0,DAC,141,501,,,135,487,no-recurrence-events,3728
14,4,133,Breast Cancer,228,2,no-recurrence-events,1,select_coverage,4.0,exact,141,501,135.0,487.0,82,276,no-recurrence-events,8312
14,4,133,Breast Cancer,228,2,no-recurrence-events,1,select_coverage_CBA_M1,,DAC,48,179,,,45,170,no-recurrence-events,1324
14,4,133,Breast Cancer,228,2,no-recurrence-events,1,select_coverage_CBA_M1,,exact,48,179,45.0,170.0,23,72,no-recurrence-events,2780
14,4,133,Breast Cancer,228,2,no-recurrence-events,2,select_coverage,1.0,exact,63,211,59.0,199.0,33,92,no-recurrence-events,3440
14,4,133,Breast Cancer,228,2,no-recurrence-events,2,select_coverage,2.0,exact,101,341,96.0,328.0,54,160,no-recurrence-events,5636
14,4,133,Breast Cancer,228,2,no-recurrence-events,2,select_coverage,3.0,exact,129,455,124.0,442.0,75,244,no-recurrence-events,7556
14,4,133,Breast Cancer,228,2,no-recurrence-events,2,select_coverage,4.0,exact,141,501,135.0,487.0,82,276,no-recurrence-events,8312
14,4,133,Breast Cancer,228,2,no-recurrence-events,2,select_coverage_CBA_M1,,exact,48,179,45.0,170.0,23,72,no-recurrence-events,2780
14,4,138,Breast Cancer,228,2,no-recurrence-events,1,select_coverage,1.0,DAC,59,195,,,56,188,no-recurrence-events,1520
14,4,138,Breast Cancer,228,2,no-recurrence-events,1,select_coverage,1.0,exact,59,195,56.0,188.0,40,131,no-recurrence-events,3416
14,4,138,Breast Cancer,228,2,no-recurrence-events,1,select_coverage,2.0,DAC,101,356,,,96,343,no-recurrence-events,2668
14,4,138,Breast Cancer,228,2,no-recurrence-events,1,select_coverage,2.0,exact,101,356,96.0,343.0,65,227,no-recurrence-events,6024
14,4,138,Breast Cancer,228,2,no-recurrence-events,1,select_coverage,3.0,DAC,131,466,,,122,444,no-recurrence-events,3468
14,4,138,Breast Cancer,228,2,no-recurrence-events,1,select_coverage,3.0,exact,131,466,122.0,444.0,83,300,no-recurrence-events,7784
14,4,138,Breast Cancer,228,2,no-recurrence-events,1,select_coverage,4.0,DAC,151,552,,,141,526,no-recurrence-events,4052
14,4,138,Breast Cancer,228,2,no-recurrence-events,1,select_coverage,4.0,exact,151,552,141.0,526.0,99,372,no-recurrence-events,9200
14,4,138,Breast Cancer,228,2,no-recurrence-events,1,select_coverage_CBA_M1,,DAC,39,147,,,39,147,no-recurrence-events,1088
14,4,138,Breast Cancer,228,2,no-recurrence-events,1,select_coverage_CBA_M1,,exact,39,147,39.0,147.0,27,96,no-recurrence-events,2512
14,4,138,Breast Cancer,228,2,no-recurrence-events,2,select_coverage,1.0,exact,59,195,56.0,188.0,40,131,no-recurrence-events,3416
14,4,138,Breast Cancer,228,2,no-recurrence-events,2,select_coverage,2.0,exact,101,356,96.0,343.0,65,227,no-recurrence-events,6024
14,4,138,Breast Cancer,228,2,no-recurrence-events,2,select_coverage,3.0,exact,131,466,122.0,444.0,83,300,no-recurrence-events,7784
14,4,138,Breast Cancer,228,2,no-recurrence-events,2,select_coverage,4.0,exact,151,552,141.0,526.0,99,372,no-recurrence-events,9200
14,4,138,Breast Cancer,228,2,no-recurrence-events,2,select_coverage_CBA_M1,,exact,39,147,39.0,147.0,27,96,no-recurrence-events,2512
14,4,148,Breast Cancer,228,2,no-recurrence-events,1,select_coverage,1.0,DAC,58,200,,,57,196,no-recurrence-events,1528
14,4,148,Breast Cancer,228,2,no-recurrence-events,1,select_coverage,1.0,exact,58,200,57.0,196.0,33,115,no-recurrence-events,3428
14,4,148,Breast Cancer,228,2,no-recurrence-events,1,select_coverage,2.0,DAC,98,360,,,96,353,no-recurrence-events,2648
14,4,148,Breast Cancer,228,2,no-recurrence-events,1,select_coverage,2.0,exact,98,360,95.0,350.0,59,220,no-recurrence-events,6016
14,4,148,Breast Cancer,228,2,no-recurrence-events,1,select_coverage,3.0,DAC,124,473,,,122,466,no-recurrence-events,3412
14,4,148,Breast Cancer,228,2,no-recurrence-events,1,select_coverage,3.0,exact,124,473,121.0,463.0,76,290,no-recurrence-events,7824
14,4,148,Breast Cancer,228,2,no-recurrence-events,1,select_coverage,4.0,DAC,146,558,,,143,549,no-recurrence-events,4016
14,4,148,Breast Cancer,228,2,no-recurrence-events,1,select_coverage,4.0,exact,146,558,142.0,546.0,91,348,no-recurrence-events,9232
14,4,148,Breast Cancer,228,2,no-recurrence-events,1,select_coverage_CBA_M1,,DAC,44,161,,,44,161,no-recurrence-events,1204
14,4,148,Breast Cancer,228,2,no-recurrence-events,1,select_coverage_CBA_M1,,exact,44,161,44.0,161.0,26,93,no-recurrence-events,2732
14,4,148,Breast Cancer,228,2,no-recurrence-events,2,select_coverage,1.0,exact,58,200,57.0,196.0,33,115,no-recurrence-events,3428
14,4,148,Breast Cancer,228,2,no-recurrence-events,2,select_coverage,2.0,exact,98,360,95.0,350.0,59,220,no-recurrence-events,6016
14,4,148,Breast Cancer,228,2,no-recurrence-events,2,select_coverage,3.0,exact,124,473,121.0,463.0,76,290,no-recurrence-events,7824
14,4,148,Breast Cancer,228,2,no-recurrence-events,2,select_coverage,4.0,exact,146,558,142.0,546.0,91,348,no-recurrence-events,9232
14,4,148,Breast Cancer,228,2,no-recurrence-events,2,select_coverage_CBA_M1,,exact,44,161,44.0,161.0,26,93,no-recurrence-events,2732
14,5,5,Breast Cancer,228,2,no-recurrence-events,1,select_coverage,1.0,DAC,56,173,,,54,169,no-recurrence-events,1404
14,5,5,Breast Cancer,228,2,no-recurrence-events,1,select_coverage,1.0,exact,56,173,54.0,169.0,26,73,no-recurrence-events,2972
14,5,5,Breast Cancer,228,2,no-recurrence-events,1,select_coverage,2.0,DAC,94,308,,,91,301,no-recurrence-events,2400
14,5,5,Breast Cancer,228,2,no-recurrence-events,1,select_coverage,2.0,exact,94,308,91.0,301.0,48,144,no-recurrence-events,5212
14,5,5,Breast Cancer,228,2,no-recurrence-events,1,select_coverage,3.0,DAC,126,421,,,120,409,no-recurrence-events,3236
14,5,5,Breast Cancer,228,2,no-recurrence-events,1,select_coverage,3.0,exact,126,421,120.0,409.0,62,195,no-recurrence-events,6996
14,5,5,Breast Cancer,228,2,no-recurrence-events,1,select_coverage,4.0,DAC,140,472,,,132,456,no-recurrence-events,3608
14,5,5,Breast Cancer,228,2,no-recurrence-events,1,select_coverage,4.0,exact,140,472,132.0,456.0,66,211,no-recurrence-events,7740
14,5,5,Breast Cancer,228,2,no-recurrence-events,1,select_coverage_CBA_M1,,DAC,42,144,,,42,144,no-recurrence-events,1120
14,5,5,Breast Cancer,228,2,no-recurrence-events,1,select_coverage_CBA_M1,,exact,42,144,42.0,144.0,17,53,no-recurrence-events,2388
14,5,5,Breast Cancer,228,2,no-recurrence-events,2,select_coverage,1.0,exact,56,173,54.0,169.0,26,73,no-recurrence-events,2972
14,5,5,Breast Cancer,228,2,no-recurrence-events,2,select_coverage,2.0,exact,94,308,91.0,301.0,48,144,no-recurrence-events,5212
14,5,5,Breast Cancer,228,2,no-recurrence-events,2,select_coverage,3.0,exact,126,421,120.0,409.0,62,195,no-recurrence-events,6996
14,5,5,Breast Cancer,228,2,no-recurrence-events,2,select_coverage,4.0,exact,140,472,132.0,456.0,66,211,no-recurrence-events,7740
14,5,5,Breast Cancer,228,2,no-recurrence-events,2,select_coverage_CBA_M1,,exact,42,144,42.0,144.0,17,53,no-recurrence-events,2388
14,5,14,Breast Cancer,228,2,no-recurrence-events,1,select_coverage,1.0,DAC,56,187,,,53,180,no-recurrence-events,1460
14,5,14,Breast Cancer,228,2,no-recurrence-events,1,select_coverage,1.0,exact,56,187,53.0,180.0,38,128,no-recurrence-events,3268
14,5,14,Breast Cancer,228,2,no-recurrence-events,1,select_coverage,2.0,DAC,88,295,,,82,280,no-recurrence-events,2276
14,5,14,Breast Cancer,228,2,no-recurrence-events,1,select_coverage,2.0,exact,88,295,82.0,280.0,54,182,no-recurrence-events,5012
14,5,14,Breast Cancer,228,2,no-recurrence-events,1,select_coverage,3.0,DAC,116,392,,,108,373,no-recurrence-events,3000
14,5,14,Breast Cancer,228,2,no-recurrence-events,1,select_coverage,3.0,exact,116,392,108.0,373.0,71,248,no-recurrence-events,6660
14,5,14,Breast Cancer,228,2,no-recurrence-events,1,select_coverage,4.0,DAC,136,462,,,125,438,no-recurrence-events,3520
14,5,14,Breast Cancer,228,2,no-recurrence-events,1,select_coverage,4.0,exact,136,462,125.0,438.0,83,297,no-recurrence-events,7804
14,5,14,Breast Cancer,228,2,no-recurrence-events,1,select_coverage_CBA_M1,,DAC,46,167,,,45,164,no-recurrence-events,1260
14,5,14,Breast Cancer,228,2,no-recurrence-events,1,select_coverage_CBA_M1,,exact,46,167,45.0,164.0,31,115,no-recurrence-events,2880
14,5,14,Breast Cancer,228,2,no-recurrence-events,2,select_coverage,1.0,exact,56,187,53.0,180.0,38,128,no-recurrence-events,3268
14,5,14,Breast Cancer,228,2,no-recurrence-events,2,select_coverage,2.0,exact,88,295,82.0,280.0,54,182,no-recurrence-events,5012
14,5,14,Breast Cancer,228,2,no-recurrence-events,2,select_coverage,3.0,exact,116,392,108.0,373.0,71,248,no-recurrence-events,6660
14,5,14,Breast Cancer,228,2,no-recurrence-events,2,select_coverage,4.0,exact,136,462,125.0,438.0,83,297,no-recurrence-events,7804
14,5,14,Breast Cancer,228,2,no-recurrence-events,2,select_coverage_CBA_M1,,exact,46,167,45.0,164.0,31,115,no-recurrence-events,2880
14,5,17,Breast Cancer,228,2,no-recurrence-events,1,select_coverage,1.0,DAC,69,238,,,67,234,no-recurrence-events,1820
14,5,17,Breast Cancer,228,2,no-recurrence-events,1,select_coverage,1.0,exact,69,238,67.0,234.0,43,144,no-recurrence-events,4088
14,5,17,Breast Cancer,228,2,no-recurrence-events,1,select_coverage,2.0,DAC,118,422,,,108,395,no-recurrence-events,3144
14,5,17,Breast Cancer,228,2,no-recurrence-events,1,select_coverage,2.0,exact,118,422,108.0,395.0,71,249,no-recurrence-events,6872
14,5,17,Breast Cancer,228,2,no-recurrence-events,1,select_coverage,3.0,DAC,155,551,,,137,503,no-recurrence-events,4104
14,5,17,Breast Cancer,228,2,no-recurrence-events,1,select_coverage,3.0,exact,155,551,137.0,503.0,91,325,no-recurrence-events,8820
14,5,17,Breast Cancer,228,2,no-recurrence-events,1,select_coverage,4.0,DAC,178,636,,,157,581,no-recurrence-events,4720
14,5,17,Breast Cancer,228,2,no-recurrence-events,1,select_coverage,4.0,exact,178,636,157.0,581.0,105,377,no-recurrence-events,10160
14,5,17,Breast Cancer,228,2,no-recurrence-events,1,select_coverage_CBA_M1,,DAC,52,205,,,52,205,no-recurrence-events,1484
14,5,17,Breast Cancer,228,2,no-recurrence-events,1,select_coverage_CBA_M1,,exact,52,205,52.0,205.0,32,122,no-recurrence-events,3392
14,5,17,Breast Cancer,228,2,no-recurrence-events,2,select_coverage,1.0,exact,69,238,67.0,234.0,43,144,no-recurrence-events,4088
14,5,17,Breast Cancer,228,2,no-recurrence-events,2,select_coverage,2.0,exact,118,422,108.0,395.0,71,249,no-recurrence-events,6872
14,5,17,Breast Cancer,228,2,no-recurrence-events,2,select_coverage,3.0,exact,155,551,137.0,503.0,91,325,no-recurrence-events,8820
14,5,17,Breast Cancer,228,2,no-recurrence-events,2,select_coverage,4.0,exact,178,636,157.0,581.0,105,377,no-recurrence-events,10160
14,5,17,Breast Cancer,228,2,no-recurrence-events,2,select_coverage_CBA_M1,,exact,52,205,52.0,205.0,32,122,no-recurrence-events,3392
14,5,19,Breast Cancer,228,2,no-recurrence-events,1,select_coverage,1.0,DAC,61,199,,,59,194,no-recurrence-events,1568
14,5,19,Breast Cancer,228,2,no-recurrence-events,1,select_coverage,1.0,exact,61,199,59.0,194.0,29,92,no-recurrence-events,3372
14,5,19,Breast Cancer,228,2,no-recurrence-events,1,select_coverage,2.0,DAC,106,355,,,94,322,no-recurrence-events,2732
14,5,19,Breast Cancer,228,2,no-recurrence-events,1,select_coverage,2.0,exact,106,355,94.0,322.0,45,148,no-recurrence-events,5572
14,5,19,Breast Cancer,228,2,no-recurrence-events,1,select_coverage,3.0,DAC,144,511,,,128,465,no-recurrence-events,3812
14,5,19,Breast Cancer,228,2,no-recurrence-events,1,select_coverage,3.0,exact,144,511,128.0,465.0,61,214,no-recurrence-events,7848
14,5,19,Breast Cancer,228,2,no-recurrence-events,1,select_coverage,4.0,DAC,175,642,,,155,584,no-recurrence-events,4708
14,5,19,Breast Cancer,228,2,no-recurrence-events,1,select_coverage,4.0,exact,175,642,155.0,584.0,78,283,no-recurrence-events,9772
14,5,19,Breast Cancer,228,2,no-recurrence-events,1,select_coverage_CBA_M1,,DAC,47,173,,,46,171,no-recurrence-events,1296
14,5,19,Breast Cancer,228,2,no-recurrence-events,1,select_coverage_CBA_M1,,exact,47,173,46.0,171.0,21,79,no-recurrence-events,2812
14,5,19,Breast Cancer,228,2,no-recurrence-events,2,select_coverage,1.0,exact,61,199,59.0,194.0,29,92,no-recurrence-events,3372
14,5,19,Breast Cancer,228,2,no-recurrence-events,2,select_coverage,2.0,exact,106,355,94.0,322.0,45,148,no-recurrence-events,5572
14,5,19,Breast Cancer,228,2,no-recurrence-events,2,select_coverage,3.0,exact,144,511,128.0,465.0,61,214,no-recurrence-events,7848
14,5,19,Breast Cancer,228,2,no-recurrence-events,2,select_coverage,4.0,exact,175,642,155.0,584.0,78,283,no-recurrence-events,9772
14,5,19,Breast Cancer,228,2,no-recurrence-events,2,select_coverage_CBA_M1,,exact,47,173,46.0,171.0,21,79,no-recurrence-events,2812
14,5,29,Breast Cancer,228,2,no-recurrence-events,1,select_coverage,1.0,DAC,66,216,,,64,212,no-recurrence-events,1696
14,5,29,Breast Cancer,228,2,no-recurrence-events,1,select_coverage,1.0,exact,66,216,64.0,212.0,40,129,no-recurrence-events,3780
14,5,29,Breast Cancer,228,2,no-recurrence-events,1,select_coverage,2.0,DAC,108,370,,,101,355,no-recurrence-events,2816
14,5,29,Breast Cancer,228,2,no-recurrence-events,1,select_coverage,2.0,exact,108,370,101.0,355.0,63,216,no-recurrence-events,6204
14,5,29,Breast Cancer,228,2,no-recurrence-events,1,select_coverage,3.0,DAC,131,467,,,121,444,no-recurrence-events,3480
14,5,29,Breast Cancer,228,2,no-recurrence-events,1,select_coverage,3.0,exact,131,467,121.0,444.0,77,279,no-recurrence-events,7680
14,5,29,Breast Cancer,228,2,no-recurrence-events,1,select_coverage,4.0,DAC,153,549,,,143,526,no-recurrence-events,4072
14,5,29,Breast Cancer,228,2,no-recurrence-events,1,select_coverage,4.0,exact,153,549,143.0,526.0,87,317,no-recurrence-events,9016
14,5,29,Breast Cancer,228,2,no-recurrence-events,1,select_coverage_CBA_M1,,DAC,49,179,,,47,175,no-recurrence-events,1344
14,5,29,Breast Cancer,228,2,no-recurrence-events,1,select_coverage_CBA_M1,,exact,49,179,47.0,175.0,30,110,no-recurrence-events,3000
14,5,29,Breast Cancer,228,2,no-recurrence-events,2,select_coverage,1.0,exact,66,216,64.0,212.0,40,129,no-recurrence-events,3780
14,5,29,Breast Cancer,228,2,no-recurrence-events,2,select_coverage,2.0,exact,108,370,101.0,355.0,63,216,no-recurrence-events,6204
14,5,29,Breast Cancer,228,2,no-recurrence-events,2,select_coverage,3.0,exact,133,474,123.0,451.0,77,279,no-recurrence-events,7784
14,5,29,Breast Cancer,228,2,no-recurrence-events,2,select_coverage,4.0,exact,153,549,143.0,526.0,87,317,no-recurrence-events,9016
14,5,29,Breast Cancer,228,2,no-recurrence-events,2,select_coverage_CBA_M1,,exact,49,179,47.0,175.0,30,110,no-recurrence-events,3000
14,5,31,Breast Cancer,228,2,no-recurrence-events,1,select_coverage,1.0,DAC,57,180,,,55,176,no-recurrence-events,1444
14,5,31,Breast Cancer,228,2,no-recurrence-events,1,select_coverage,1.0,exact,57,180,55.0,176.0,34,111,no-recurrence-events,3204
14,5,31,Breast Cancer,228,2,no-recurrence-events,1,select_coverage,2.0,DAC,87,299,,,83,289,no-recurrence-events,2280
14,5,31,Breast Cancer,228,2,no-recurrence-events,1,select_coverage,2.0,exact,87,299,83.0,289.0,53,187,no-recurrence-events,5108
14,5,31,Breast Cancer,228,2,no-recurrence-events,1,select_coverage,3.0,DAC,111,385,,,104,369,no-recurrence-events,2912
14,5,31,Breast Cancer,228,2,no-recurrence-events,1,select_coverage,3.0,exact,111,385,104.0,369.0,65,234,no-recurrence-events,6464
14,5,31,Breast Cancer,228,2,no-recurrence-events,1,select_coverage,4.0,DAC,124,422,,,116,404,no-recurrence-events,3216
14,5,31,Breast Cancer,228,2,no-recurrence-events,1,select_coverage,4.0,exact,124,422,116.0,404.0,71,250,no-recurrence-events,7104
14,5,31,Breast Cancer,228,2,no-recurrence-events,1,select_coverage_CBA_M1,,DAC,41,150,,,41,150,no-recurrence-events,1132
14,5,31,Breast Cancer,228,2,no-recurrence-events,1,select_coverage_CBA_M1,,exact,41,150,41.0,150.0,25,93,no-recurrence-events,2572
14,5,31,Breast Cancer,228,2,no-recurrence-events,2,select_coverage,1.0,exact,57,180,55.0,176.0,34,111,no-recurrence-events,3204
14,5,31,Breast Cancer,228,2,no-recurrence-events,2,select_coverage,2.0,exact,87,299,83.0,289.0,53,187,no-recurrence-events,5108
14,5,31,Breast Cancer,228,2,no-recurrence-events,2,select_coverage,3.0,exact,111,385,104.0,369.0,65,234,no-recurrence-events,6464
14,5,31,Breast Cancer,228,2,no-recurrence-events,2,select_coverage,4.0,exact,124,422,116.0,404.0,71,250,no-recurrence-events,7104
14,5,31,Breast Cancer,228,2,no-recurrence-events,2,select_coverage_CBA_M1,,exact,41,150,41.0,150.0,25,93,no-recurrence-events,2572
14,5,34,Breast Cancer,228,2,no-recurrence-events,1,select_coverage,1.0,DAC,70,226,,,65,210,no-recurrence-events,1784
14,5,34,Breast Cancer,228,2,no-recurrence-events,1,select_coverage,1.0,exact,70,226,65.0,210.0,36,118,no-recurrence-events,3792
14,5,34,Breast Cancer,228,2,no-recurrence-events,1,select_coverage,2.0,DAC,116,404,,,106,376,no-recurrence-events,3048
14,5,34,Breast Cancer,228,2,no-recurrence-events,1,select_coverage,2.0,exact,116,404,106.0,376.0,61,219,no-recurrence-events,6556
14,5,34,Breast Cancer,228,2,no-recurrence-events,1,select_coverage,3.0,DAC,148,525,,,136,493,no-recurrence-events,3916
14,5,34,Breast Cancer,228,2,no-recurrence-events,1,select_coverage,3.0,exact,148,525,136.0,493.0,79,286,no-recurrence-events,8496
14,5,34,Breast Cancer,228,2,no-recurrence-events,1,select_coverage,4.0,DAC,174,615,,,156,567,no-recurrence-events,4588
14,5,34,Breast Cancer,228,2,no-recurrence-events,1,select_coverage,4.0,exact,174,615,156.0,567.0,89,324,no-recurrence-events,9784
14,5,34,Breast Cancer,228,2,no-recurrence-events,1,select_coverage_CBA_M1,,DAC,55,191,,,51,179,no-recurrence-events,1464
14,5,34,Breast Cancer,228,2,no-recurrence-events,1,select_coverage_CBA_M1,,exact,55,191,51.0,179.0,28,100,no-recurrence-events,3120
14,5,34,Breast Cancer,228,2,no-recurrence-events,2,select_coverage,1.0,exact,70,226,65.0,210.0,36,118,no-recurrence-events,3792
14,5,34,Breast Cancer,228,2,no-recurrence-events,2,select_coverage,2.0,exact,116,404,106.0,376.0,61,219,no-recurrence-events,6556
14,5,34,Breast Cancer,228,2,no-recurrence-events,2,select_coverage,3.0,exact,148,525,136.0,493.0,79,286,no-recurrence-events,8496
14,5,34,Breast Cancer,228,2,no-recurrence-events,2,select_coverage,4.0,exact,174,615,156.0,567.0,89,324,no-recurrence-events,9784
14,5,34,Breast Cancer,228,2,no-recurrence-events,2,select_coverage_CBA_M1,,exact,55,191,51.0,179.0,28,100,no-recurrence-events,3120
14,5,42,Breast Cancer,228,2,no-recurrence-events,1,select_coverage,1.0,DAC,64,209,,,60,199,no-recurrence-events,1644
14,5,42,Breast Cancer,228,2,no-recurrence-events,1,select_coverage,1.0,exact,64,209,60.0,199.0,36,109,no-recurrence-events,3524
14,5,42,Breast Cancer,228,2,no-recurrence-events,1,select_coverage,2.0,DAC,117,393,,,106,362,no-recurrence-events,3016
14,5,42,Breast Cancer,228,2,no-recurrence-events,1,select_coverage,2.0,exact,117,393,106.0,362.0,54,174,no-recurrence-events,6276
14,5,42,Breast Cancer,228,2,no-recurrence-events,1,select_coverage,3.0,DAC,146,517,,,133,483,no-recurrence-events,3860
14,5,42,Breast Cancer,228,2,no-recurrence-events,1,select_coverage,3.0,exact,146,517,133.0,483.0,69,239,no-recurrence-events,8164
14,5,42,Breast Cancer,228,2,no-recurrence-events,1,select_coverage,4.0,DAC,167,599,,,152,560,no-recurrence-events,4440
14,5,42,Breast Cancer,228,2,no-recurrence-events,1,select_coverage,4.0,exact,167,599,152.0,560.0,84,300,no-recurrence-events,9500
14,5,42,Breast Cancer,228,2,no-recurrence-events,1,select_coverage_CBA_M1,,DAC,45,164,,,43,158,no-recurrence-events,1236
14,5,42,Breast Cancer,228,2,no-recurrence-events,1,select_coverage_CBA_M1,,exact,45,164,43.0,158.0,23,81,no-recurrence-events,2660
14,5,42,Breast Cancer,228,2,no-recurrence-events,2,select_coverage,1.0,exact,64,209,60.0,199.0,36,109,no-recurrence-events,3524
14,5,42,Breast Cancer,228,2,no-recurrence-events,2,select_coverage,2.0,exact,117,393,106.0,362.0,54,174,no-recurrence-events,6276
14,5,42,Breast Cancer,228,2,no-recurrence-events,2,select_coverage,3.0,exact,146,517,133.0,483.0,69,239,no-recurrence-events,8164
14,5,42,Breast Cancer,228,2,no-recurrence-events,2,select_coverage,4.0,exact,167,599,152.0,560.0,84,300,no-recurrence-events,9500
14,5,42,Breast Cancer,228,2,no-recurrence-events,2,select_coverage_CBA_M1,,exact,45,164,43.0,158.0,23,81,no-recurrence-events,2660
14,5,49,Breast Cancer,228,2,no-recurrence-events,1,select_coverage,1.0,DAC,57,163,,,54,158,no-recurrence-events,1376
14,5,49,Breast Cancer,228,2,no-recurrence-events,1,select_coverage,1.0,exact,57,163,54.0,158.0,29,86,no-recurrence-events,2940
14,5,49,Breast Cancer,228,2,no-recurrence-events,1,select_coverage,2.0,DAC,110,352,,,102,335,no-recurrence-events,2768
14,5,49,Breast Cancer,228,2,no-recurrence-events,1,select_coverage,2.0,exact,110,352,102.0,335.0,56,188,no-recurrence-events,5964
14,5,49,Breast Cancer,228,2,no-recurrence-events,1,select_coverage,3.0,DAC,136,450,,,126,430,no-recurrence-events,3472
14,5,49,Breast Cancer,228,2,no-recurrence-events,1,select_coverage,3.0,exact,136,450,126.0,430.0,70,244,no-recurrence-events,7536
14,5,49,Breast Cancer,228,2,no-recurrence-events,1,select_coverage,4.0,DAC,148,495,,,138,475,no-recurrence-events,3796
14,5,49,Breast Cancer,228,2,no-recurrence-events,1,select_coverage,4.0,exact,148,495,138.0,475.0,77,266,no-recurrence-events,8272
14,5,49,Breast Cancer,228,2,no-recurrence-events,1,select_coverage_CBA_M1,,DAC,44,136,,,44,136,no-recurrence-events,1112
14,5,49,Breast Cancer,228,2,no-recurrence-events,1,select_coverage_CBA_M1,,exact,44,136,44.0,136.0,20,65,no-recurrence-events,2420
14,5,49,Breast Cancer,228,2,no-recurrence-events,2,select_coverage,1.0,exact,57,163,54.0,158.0,29,86,no-recurrence-events,2940
14,5,49,Breast Cancer,228,2,no-recurrence-events,2,select_coverage,2.0,exact,110,352,102.0,335.0,56,188,no-recurrence-events,5964
14,5,49,Breast Cancer,228,2,no-recurrence-events,2,select_coverage,3.0,exact,136,450,126.0,430.0,70,244,no-recurrence-events,7536
14,5,49,Breast Cancer,228,2,no-recurrence-events,2,select_coverage,4.0,exact,148,495,138.0,475.0,77,266,no-recurrence-events,8272
14,5,49,Breast Cancer,228,2,no-recurrence-events,2,select_coverage_CBA_M1,,exact,44,136,44.0,136.0,20,65,no-recurrence-events,2420
14,5,63,Breast Cancer,228,2,no-recurrence-events,1,select_coverage,1.0,DAC,61,202,,,58,196,no-recurrence-events,1580
14,5,63,Breast Cancer,228,2,no-recurrence-events,1,select_coverage,1.0,exact,61,202,58.0,196.0,43,133,recurrence-events,3532
14,5,63,Breast Cancer,228,2,no-recurrence-events,1,select_coverage,2.0,DAC,95,323,,,88,308,no-recurrence-events,2472
14,5,63,Breast Cancer,228,2,no-recurrence-events,1,select_coverage,2.0,exact,95,323,88.0,308.0,66,218,no-recurrence-events,5524
14,5,63,Breast Cancer,228,2,no-recurrence-events,1,select_coverage,3.0,DAC,124,437,,,112,409,no-recurrence-events,3276
14,5,63,Breast Cancer,228,2,no-recurrence-events,1,select_coverage,3.0,exact,124,437,112.0,409.0,84,290,no-recurrence-events,7248
14,5,63,Breast Cancer,228,2,no-recurrence-events,1,select_coverage,4.0,DAC,143,514,,,129,483,no-recurrence-events,3812
14,5,63,Breast Cancer,228,2,no-recurrence-events,1,select_coverage,4.0,exact,143,514,129.0,483.0,96,342,no-recurrence-events,8468
14,5,63,Breast Cancer,228,2,no-recurrence-events,1,select_coverage_CBA_M1,,DAC,48,180,,,48,180,no-recurrence-events,1336
14,5,63,Breast Cancer,228,2,no-recurrence-events,1,select_coverage_CBA_M1,,exact,48,180,48.0,180.0,34,118,no-recurrence-events,3080
14,5,63,Breast Cancer,228,2,no-recurrence-events,2,select_coverage,1.0,exact,61,202,58.0,196.0,43,133,recurrence-events,3532
14,5,63,Breast Cancer,228,2,no-recurrence-events,2,select_coverage,2.0,exact,95,323,88.0,308.0,66,218,no-recurrence-events,5524
14,5,63,Breast Cancer,228,2,no-recurrence-events,2,select_coverage,3.0,exact,124,437,112.0,409.0,84,290,no-recurrence-events,7248
14,5,63,Breast Cancer,228,2,no-recurrence-events,2,select_coverage,4.0,exact,143,514,129.0,483.0,96,342,no-recurrence-events,8468
14,5,63,Breast Cancer,228,2,no-recurrence-events,2,select_coverage_CBA_M1,,exact,48,180,48.0,180.0,34,118,no-recurrence-events,3080
14,5,64,Breast Cancer,228,2,no-recurrence-events,1,select_coverage,1.0,DAC,57,176,,,54,171,no-recurrence-events,1428
14,5,64,Breast Cancer,228,2,no-recurrence-events,1,select_coverage,1.0,exact,57,176,54.0,171.0,37,112,no-recurrence-events,3148
14,5,64,Breast Cancer,228,2,no-recurrence-events,1,select_coverage,2.0,DAC,89,289,,,82,271,no-recurrence-events,2264
14,5,64,Breast Cancer,228,2,no-recurrence-events,1,select_coverage,2.0,exact,89,289,82.0,271.0,58,182,no-recurrence-events,4952
14,5,64,Breast Cancer,228,2,no-recurrence-events,1,select_coverage,3.0,DAC,118,388,,,109,366,no-recurrence-events,3008
14,5,64,Breast Cancer,228,2,no-recurrence-events,1,select_coverage,3.0,exact,118,388,109.0,366.0,77,250,no-recurrence-events,6648
14,5,64,Breast Cancer,228,2,no-recurrence-events,1,select_coverage,4.0,DAC,149,506,,,136,474,no-recurrence-events,3852
14,5,64,Breast Cancer,228,2,no-recurrence-events,1,select_coverage,4.0,exact,149,506,136.0,474.0,94,317,no-recurrence-events,8468
14,5,64,Breast Cancer,228,2,no-recurrence-events,1,select_coverage_CBA_M1,,DAC,45,149,,,44,147,no-recurrence-events,1176
14,5,64,Breast Cancer,228,2,no-recurrence-events,1,select_coverage_CBA_M1,,exact,45,149,44.0,147.0,27,88,no-recurrence-events,2608
14,5,64,Breast Cancer,228,2,no-recurrence-events,2,select_coverage,1.0,exact,57,176,54.0,171.0,37,112,no-recurrence-events,3148
14,5,64,Breast Cancer,228,2,no-recurrence-events,2,select_coverage,2.0,exact,89,289,82.0,271.0,58,182,no-recurrence-events,4952
14,5,64,Breast Cancer,228,2,no-recurrence-events,2,select_coverage,3.0,exact,118,388,109.0,366.0,77,250,no-recurrence-events,6648
14,5,64,Breast Cancer,228,2,no-recurrence-events,2,select_coverage,4.0,exact,149,506,136.0,474.0,94,317,no-recurrence-events,8468
14,5,64,Breast Cancer,228,2,no-recurrence-events,2,select_coverage_CBA_M1,,exact,45,149,44.0,147.0,27,88,no-recurrence-events,2608
14,5,65,Breast Cancer,228,2,no-recurrence-events,1,select_coverage,1.0,DAC,58,182,,,57,179,no-recurrence-events,1464
14,5,65,Breast Cancer,228,2,no-recurrence-events,1,select_coverage,1.0,exact,58,182,57.0,179.0,32,96,no-recurrence-events,3212
14,5,65,Breast Cancer,228,2,no-recurrence-events,1,select_coverage,2.0,DAC,109,368,,,104,358,no-recurrence-events,2820
14,5,65,Breast Cancer,228,2,no-recurrence-events,1,select_coverage,2.0,exact,109,368,104.0,358.0,63,206,no-recurrence-events,6240
14,5,65,Breast Cancer,228,2,no-recurrence-events,1,select_coverage,3.0,DAC,143,485,,,132,464,no-recurrence-events,3696
14,5,65,Breast Cancer,228,2,no-recurrence-events,1,select_coverage,3.0,exact,143,485,132.0,464.0,77,259,no-recurrence-events,8016
14,5,65,Breast Cancer,228,2,no-recurrence-events,1,select_coverage,4.0,DAC,176,624,,,163,598,no-recurrence-events,4648
14,5,65,Breast Cancer,228,2,no-recurrence-events,1,select_coverage,4.0,exact,176,624,163.0,598.0,92,328,no-recurrence-events,10128
14,5,65,Breast Cancer,228,2,no-recurrence-events,1,select_coverage_CBA_M1,,DAC,45,159,,,44,156,no-recurrence-events,1216
14,5,65,Breast Cancer,228,2,no-recurrence-events,1,select_coverage_CBA_M1,,exact,45,159,44.0,156.0,24,82,no-recurrence-events,2660
14,5,65,Breast Cancer,228,2,no-recurrence-events,2,select_coverage,1.0,exact,58,182,57.0,179.0,32,96,no-recurrence-events,3212
14,5,65,Breast Cancer,228,2,no-recurrence-events,2,select_coverage,2.0,exact,109,368,104.0,358.0,63,206,no-recurrence-events,6240
14,5,65,Breast Cancer,228,2,no-recurrence-events,2,select_coverage,3.0,exact,143,485,132.0,464.0,77,259,no-recurrence-events,8016
14,5,65,Breast Cancer,228,2,no-recurrence-events,2,select_coverage,4.0,exact,176,624,163.0,598.0,92,328,no-recurrence-events,10128
14,5,65,Breast Cancer,228,2,no-recurrence-events,2,select_coverage_CBA_M1,,exact,45,159,44.0,156.0,24,82,no-recurrence-events,2660
14,5,68,Breast Cancer,228,2,no-recurrence-events,1,select_coverage,1.0,DAC,68,218,,,65,210,no-recurrence-events,1728
14,5,68,Breast Cancer,228,2,no-recurrence-events,1,select_coverage,1.0,exact,68,218,65.0,210.0,38,112,no-recurrence-events,3736
14,5,68,Breast Cancer,228,2,no-recurrence-events,1,select_coverage,2.0,DAC,116,395,,,105,369,no-recurrence-events,3012
14,5,68,Breast Cancer,228,2,no-recurrence-events,1,select_coverage,2.0,exact,116,395,105.0,369.0,57,184,no-recurrence-events,6328
14,5,68,Breast Cancer,228,2,no-recurrence-events,1,select_coverage,3.0,DAC,149,522,,,134,489,no-recurrence-events,3916
14,5,68,Breast Cancer,228,2,no-recurrence-events,1,select_coverage,3.0,exact,149,522,134.0,489.0,74,259,no-recurrence-events,8312
14,5,68,Breast Cancer,228,2,no-recurrence-events,1,select_coverage,4.0,DAC,174,621,,,157,585,no-recurrence-events,4612
14,5,68,Breast Cancer,228,2,no-recurrence-events,1,select_coverage,4.0,exact,174,621,157.0,585.0,89,325,no-recurrence-events,9908
14,5,68,Breast Cancer,228,2,no-recurrence-events,1,select_coverage_CBA_M1,,DAC,50,179,,,49,177,no-recurrence-events,1356
14,5,68,Breast Cancer,228,2,no-recurrence-events,1,select_coverage_CBA_M1,,exact,50,179,49.0,177.0,25,85,no-recurrence-events,2956
14,5,68,Breast Cancer,228,2,no-recurrence-events,2,select_coverage,1.0,exact,68,218,65.0,210.0,38,112,no-recurrence-events,3736
14,5,68,Breast Cancer,228,2,no-recurrence-events,2,select_coverage,2.0,exact,116,395,105.0,369.0,57,184,no-recurrence-events,6328
14,5,68,Breast Cancer,228,2,no-recurrence-events,2,select_coverage,3.0,exact,149,522,134.0,489.0,74,259,no-recurrence-events,8312
14,5,68,Breast Cancer,228,2,no-recurrence-events,2,select_coverage,4.0,exact,174,621,157.0,585.0,89,325,no-recurrence-events,9908
14,5,68,Breast Cancer,228,2,no-recurrence-events,2,select_coverage_CBA_M1,,exact,50,179,49.0,177.0,25,85,no-recurrence-events,2956
14,5,74,Breast Cancer,228,2,no-recurrence-events,1,select_coverage,1.0,DAC,66,212,,,61,205,no-recurrence-events,1680
14,5,74,Breast Cancer,228,2,no-recurrence-events,1,select_coverage,1.0,exact,66,212,61.0,205.0,40,129,no-recurrence-events,3664
14,5,74,Breast Cancer,228,2,no-recurrence-events,1,select_coverage,2.0,DAC,102,368,,,93,349,no-recurrence-events,2736
14,5,74,Breast Cancer,228,2,no-recurrence-events,1,select_coverage,2.0,exact,102,368,93.0,349.0,58,211,no-recurrence-events,5960
14,5,74,Breast Cancer,228,2,no-recurrence-events,1,select_coverage,3.0,DAC,126,456,,,115,433,no-recurrence-events,3376
14,5,74,Breast Cancer,228,2,no-recurrence-events,1,select_coverage,3.0,exact,126,456,115.0,433.0,75,277,no-recurrence-events,7440
14,5,74,Breast Cancer,228,2,no-recurrence-events,1,select_coverage,4.0,DAC,141,517,,,129,492,no-recurrence-events,3800
14,5,74,Breast Cancer,228,2,no-recurrence-events,1,select_coverage,4.0,exact,141,517,129.0,492.0,83,311,no-recurrence-events,8392
14,5,74,Breast Cancer,228,2,no-recurrence-events,1,select_coverage_CBA_M1,,DAC,46,173,,,46,173,no-recurrence-events,1284
14,5,74,Breast Cancer,228,2,no-recurrence-events,1,select_coverage_CBA_M1,,exact,46,173,46.0,173.0,27,99,no-recurrence-events,2900
14,5,74,Breast Cancer,228,2,no-recurrence-events,2,select_coverage,1.0,exact,66,212,61.0,205.0,40,129,no-recurrence-events,3664
14,5,74,Breast Cancer,228,2,no-recurrence-events,2,select_coverage,2.0,exact,102,368,93.0,349.0,58,211,no-recurrence-events,5960
14,5,74,Breast Cancer,228,2,no-recurrence-events,2,select_coverage,3.0,exact,126,456,115.0,433.0,75,277,no-recurrence-events,7440
14,5,74,Breast Cancer,228,2,no-recurrence-events,2,select_coverage,4.0,exact,141,517,129.0,492.0,83,311,no-recurrence-events,8392
14,5,74,Breast Cancer,228,2,no-recurrence-events,2,select_coverage_CBA_M1,,exact,46,173,46.0,173.0,27,99,no-recurrence-events,2900
14,5,76,Breast Cancer,228,2,no-recurrence-events,1,select_coverage,1.0,DAC,52,165,,,49,155,no-recurrence-events,1324
14,5,76,Breast Cancer,228,2,no-recurrence-events,1,select_coverage,1.0,exact,52,165,49.0,155.0,30,84,no-recurrence-events,2808
14,5,76,Breast Cancer,228,2,no-recurrence-events,1,select_coverage,2.0,DAC,91,325,,,84,306,no-recurrence-events,2432
14,5,76,Breast Cancer,228,2,no-recurrence-events,1,select_coverage,2.0,exact,91,325,84.0,306.0,57,194,no-recurrence-events,5332
14,5,76,Breast Cancer,228,2,no-recurrence-events,1,select_coverage,3.0,DAC,117,421,,,107,396,no-recurrence-events,3128
14,5,76,Breast Cancer,228,2,no-recurrence-events,1,select_coverage,3.0,exact,117,421,107.0,396.0,72,251,no-recurrence-events,6856
14,5,76,Breast Cancer,228,2,no-recurrence-events,1,select_coverage,4.0,DAC,142,528,,,128,495,no-recurrence-events,3856
14,5,76,Breast Cancer,228,2,no-recurrence-events,1,select_coverage,4.0,exact,142,528,128.0,495.0,87,326,no-recurrence-events,8484
14,5,76,Breast Cancer,228,2,no-recurrence-events,1,select_coverage_CBA_M1,,DAC,39,136,,,38,132,no-recurrence-events,1052
14,5,76,Breast Cancer,228,2,no-recurrence-events,1,select_coverage_CBA_M1,,exact,39,136,38.0,132.0,20,65,no-recurrence-events,2260
14,5,76,Breast Cancer,228,2,no-recurrence-events,2,select_coverage,1.0,exact,52,165,49.0,155.0,30,84,no-recurrence-events,2808
14,5,76,Breast Cancer,228,2,no-recurrence-events,2,select_coverage,2.0,exact,91,325,84.0,306.0,57,194,no-recurrence-events,5332
14,5,76,Breast Cancer,228,2,no-recurrence-events,2,select_coverage,3.0,exact,117,421,107.0,396.0,72,251,no-recurrence-events,6856
14,5,76,Breast Cancer,228,2,no-recurrence-events,2,select_coverage,4.0,exact,142,528,128.0,495.0,87,326,no-recurrence-events,8484
14,5,76,Breast Cancer,228,2,no-recurrence-events,2,select_coverage_CBA_M1,,exact,39,136,38.0,132.0,20,65,no-recurrence-events,2260
14,5,100,Breast Cancer,228,2,no-recurrence-events,1,select_coverage,1.0,DAC,63,200,,,59,190,no-recurrence-events,1596
14,5,100,Breast Cancer,228,2,no-recurrence-events,1,select_coverage,1.0,exact,63,200,59.0,190.0,40,127,no-recurrence-events,3500
14,5,100,Breast Cancer,228,2,no-recurrence-events,1,select_coverage,2.0,DAC,105,366,,,98,347,no-recurrence-events,2764
14,5,100,Breast Cancer,228,2,no-recurrence-events,1,select_coverage,2.0,exact,105,366,98.0,347.0,64,224,no-recurrence-events,6116
14,5,100,Breast Cancer,228,2,no-recurrence-events,1,select_coverage,3.0,DAC,138,502,,,131,483,no-recurrence-events,3704
14,5,100,Breast Cancer,228,2,no-recurrence-events,1,select_coverage,3.0,exact,138,502,131.0,483.0,85,303,no-recurrence-events,8312
14,5,100,Breast Cancer,228,2,no-recurrence-events,1,select_coverage,4.0,DAC,158,587,,,151,568,no-recurrence-events,4284
14,5,100,Breast Cancer,228,2,no-recurrence-events,1,select_coverage,4.0,exact,158,587,151.0,568.0,97,354,no-recurrence-events,9676
14,5,100,Breast Cancer,228,2,no-recurrence-events,1,select_coverage_CBA_M1,,DAC,44,153,,,44,153,no-recurrence-events,1180
14,5,100,Breast Cancer,228,2,no-recurrence-events,1,select_coverage_CBA_M1,,exact,44,153,44.0,153.0,30,102,no-recurrence-events,2704
14,5,100,Breast Cancer,228,2,no-recurrence-events,2,select_coverage,1.0,exact,63,200,59.0,190.0,40,127,no-recurrence-events,3500
14,5,100,Breast Cancer,228,2,no-recurrence-events,2,select_coverage,2.0,exact,105,366,98.0,347.0,64,224,no-recurrence-events,6116
14,5,100,Breast Cancer,228,2,no-recurrence-events,2,select_coverage,3.0,exact,138,502,131.0,483.0,85,303,no-recurrence-events,8312
14,5,100,Breast Cancer,228,2,no-recurrence-events,2,select_coverage,4.0,exact,158,587,151.0,568.0,97,354,no-recurrence-events,9676
14,5,100,Breast Cancer,228,2,no-recurrence-events,2,select_coverage_CBA_M1,,exact,44,153,44.0,153.0,30,102,no-recurrence-events,2704
14,5,114,Breast Cancer,228,2,no-recurrence-events,1,select_coverage,1.0,DAC,64,190,,,57,175,no-recurrence-events,1568
14,5,114,Breast Cancer,228,2,no-recurrence-events,1,select_coverage,1.0,exact,64,190,57.0,175.0,39,116,no-recurrence-events,3308
14,5,114,Breast Cancer,228,2,no-recurrence-events,1,select_coverage,2.0,DAC,104,350,,,91,320,no-recurrence-events,2688
14,5,114,Breast Cancer,228,2,no-recurrence-events,1,select_coverage,2.0,exact,104,350,91.0,320.0,64,217,no-recurrence-events,5748
14,5,114,Breast Cancer,228,2,no-recurrence-events,1,select_coverage,3.0,DAC,131,446,,,113,405,no-recurrence-events,3396
14,5,114,Breast Cancer,228,2,no-recurrence-events,1,select_coverage,3.0,exact,131,446,113.0,405.0,76,262,no-recurrence-events,7180
14,5,114,Breast Cancer,228,2,no-recurrence-events,1,select_coverage,4.0,DAC,157,544,,,132,490,no-recurrence-events,4100
14,5,114,Breast Cancer,228,2,no-recurrence-events,1,select_coverage,4.0,exact,157,544,132.0,490.0,91,330,no-recurrence-events,8640
14,5,114,Breast Cancer,228,2,no-recurrence-events,1,select_coverage_CBA_M1,,DAC,38,128,,,36,124,no-recurrence-events,1008
14,5,114,Breast Cancer,228,2,no-recurrence-events,1,select_coverage_CBA_M1,,exact,38,128,36.0,124.0,24,80,no-recurrence-events,2208
14,5,114,Breast Cancer,228,2,no-recurrence-events,2,select_coverage,1.0,exact,64,190,57.0,175.0,39,116,no-recurrence-events,3308
14,5,114,Breast Cancer,228,2,no-recurrence-events,2,select_coverage,2.0,exact,104,350,91.0,320.0,64,217,no-recurrence-events,5748
14,5,114,Breast Cancer,228,2,no-recurrence-events,2,select_coverage,3.0,exact,131,446,113.0,405.0,76,262,no-recurrence-events,7180
14,5,114,Breast Cancer,228,2,no-recurrence-events,2,select_coverage,4.0,exact,157,544,132.0,490.0,91,330,no-recurrence-events,8640
14,5,114,Breast Cancer,228,2,no-recurrence-events,2,select_coverage_CBA_M1,,exact,38,128,36.0,124.0,24,80,no-recurrence-events,2208
14,5,133,Breast Cancer,228,2,no-recurrence-events,1,select_coverage,1.0,DAC,59,216,,,59,216,no-recurrence-events,1612
14,5,133,Breast Cancer,228,2,no-recurrence-events,1,select_coverage,1.0,exact,59,216,59.0,216.0,31,97,no-recurrence-events,3548
14,5,133,Breast Cancer,228,2,no-recurrence-events,1,select_coverage,2.0,DAC,96,335,,,90,321,no-recurrence-events,2532
14,5,133,Breast Cancer,228,2,no-recurrence-events,1,select_coverage,2.0,exact,96,335,90.0,321.0,47,144,no-recurrence-events,5376
14,5,133,Breast Cancer,228,2,no-recurrence-events,1,select_coverage,3.0,DAC,122,427,,,114,409,no-recurrence-events,3212
14,5,133,Breast Cancer,228,2,no-recurrence-events,1,select_coverage,3.0,exact,122,427,114.0,409.0,66,213,no-recurrence-events,6948
14,5,133,Breast Cancer,228,2,no-recurrence-events,1,select_coverage,4.0,DAC,141,503,,,130,478,no-recurrence-events,3744
14,5,133,Breast Cancer,228,2,no-recurrence-events,1,select_coverage,4.0,exact,141,503,130.0,478.0,76,257,no-recurrence-events,8088
14,5,133,Breast Cancer,228,2,no-recurrence-events,1,select_coverage_CBA_M1,,DAC,48,189,,,48,189,no-recurrence-events,1372
14,5,133,Breast Cancer,228,2,no-recurrence-events,1,select_coverage_CBA_M1,,exact,48,189,48.0,189.0,22,77,no-recurrence-events,2988
14,5,133,Breast Cancer,228,2,no-recurrence-events,2,select_coverage,1.0,exact,59,216,59.0,216.0,31,97,no-recurrence-events,3548
14,5,133,Breast Cancer,228,2,no-recurrence-events,2,select_coverage,2.0,exact,96,335,90.0,321.0,47,144,no-recurrence-events,5376
14,5,133,Breast Cancer,228,2,no-recurrence-events,2,select_coverage,3.0,exact,122,427,114.0,409.0,66,213,no-recurrence-events,6948
14,5,133,Breast Cancer,228,2,no-recurrence-events,2,select_coverage,4.0,exact,141,503,130.0,478.0,76,257,no-recurrence-events,8088
14,5,133,Breast Cancer,228,2,no-recurrence-events,2,select_coverage_CBA_M1,,exact,48,189,48.0,189.0,22,77,no-recurrence-events,2988
14,5,138,Breast Cancer,228,2,no-recurrence-events,1,select_coverage,1.0,DAC,63,200,,,59,189,no-recurrence-events,1596
14,5,138,Breast Cancer,228,2,no-recurrence-events,1,select_coverage,1.0,exact,63,200,59.0,189.0,41,125,no-recurrence-events,3488
14,5,138,Breast Cancer,228,2,no-recurrence-events,1,select_coverage,2.0,DAC,105,350,,,92,318,no-recurrence-events,2700
14,5,138,Breast Cancer,228,2,no-recurrence-events,1,select_coverage,2.0,exact,105,350,92.0,318.0,63,208,no-recurrence-events,5728
14,5,138,Breast Cancer,228,2,no-recurrence-events,1,select_coverage,3.0,DAC,124,419,,,106,377,no-recurrence-events,3204
14,5,138,Breast Cancer,228,2,no-recurrence-events,1,select_coverage,3.0,exact,124,419,106.0,377.0,72,246,no-recurrence-events,6728
14,5,138,Breast Cancer,228,2,no-recurrence-events,1,select_coverage,4.0,DAC,139,479,,,121,437,no-recurrence-events,3624
14,5,138,Breast Cancer,228,2,no-recurrence-events,1,select_coverage,4.0,exact,139,479,121.0,437.0,82,283,no-recurrence-events,7716
14,5,138,Breast Cancer,228,2,no-recurrence-events,1,select_coverage_CBA_M1,,DAC,46,169,,,45,165,no-recurrence-events,1268
14,5,138,Breast Cancer,228,2,no-recurrence-events,1,select_coverage_CBA_M1,,exact,46,169,45.0,165.0,31,106,no-recurrence-events,2856
14,5,138,Breast Cancer,228,2,no-recurrence-events,2,select_coverage,1.0,exact,63,200,59.0,189.0,41,125,no-recurrence-events,3488
14,5,138,Breast Cancer,228,2,no-recurrence-events,2,select_coverage,2.0,exact,105,350,92.0,318.0,63,208,no-recurrence-events,5728
14,5,138,Breast Cancer,228,2,no-recurrence-events,2,select_coverage,3.0,exact,124,419,106.0,377.0,72,246,no-recurrence-events,6728
14,5,138,Breast Cancer,228,2,no-recurrence-events,2,select_coverage,4.0,exact,140,482,122.0,440.0,82,283,no-recurrence-events,7764
14,5,138,Breast Cancer,228,2,no-recurrence-events,2,select_coverage_CBA_M1,,exact,46,169,45.0,165.0,31,106,no-recurrence-events,2856
14,5,148,Breast Cancer,228,2,no-recurrence-events,1,select_coverage,1.0,DAC,59,194,,,57,191,no-recurrence-events,1524
14,5,148,Breast Cancer,228,2,no-recurrence-events,1,select_coverage,1.0,exact,59,194,56.0,189.0,24,70,no-recurrence-events,3172
14,5,148,Breast Cancer,228,2,no-recurrence-events,1,select_coverage,2.0,DAC,96,330,,,91,314,no-recurrence-events,2512
14,5,148,Breast Cancer,228,2,no-recurrence-events,1,select_coverage,2.0,exact,96,330,90.0,312.0,43,139,no-recurrence-events,5300
14,5,148,Breast Cancer,228,2,no-recurrence-events,1,select_coverage,3.0,DAC,120,435,,,112,411,no-recurrence-events,3220
14,5,148,Breast Cancer,228,2,no-recurrence-events,1,select_coverage,3.0,exact,120,435,111.0,409.0,55,197,no-recurrence-events,6844
14,5,148,Breast Cancer,228,2,no-recurrence-events,1,select_coverage,4.0,DAC,144,525,,,135,499,no-recurrence-events,3868
14,5,148,Breast Cancer,228,2,no-recurrence-events,1,select_coverage,4.0,exact,144,525,134.0,497.0,71,255,no-recurrence-events,8340
14,5,148,Breast Cancer,228,2,no-recurrence-events,1,select_coverage_CBA_M1,,DAC,45,164,,,45,164,no-recurrence-events,1236
14,5,148,Breast Cancer,228,2,no-recurrence-events,1,select_coverage_CBA_M1,,exact,45,164,45.0,164.0,18,58,no-recurrence-events,2640
14,5,148,Breast Cancer,228,2,no-recurrence-events,2,select_coverage,1.0,exact,59,194,56.0,189.0,24,70,no-recurrence-events,3172
14,5,148,Breast Cancer,228,2,no-recurrence-events,2,select_coverage,2.0,exact,96,330,90.0,312.0,43,139,no-recurrence-events,5300
14,5,148,Breast Cancer,228,2,no-recurrence-events,2,select_coverage,3.0,exact,120,435,111.0,409.0,55,197,no-recurrence-events,6844
14,5,148,Breast Cancer,228,2,no-recurrence-events,2,select_coverage,4.0,exact,144,525,134.0,497.0,71,255,no-recurrence-events,8340
14,5,148,Breast Cancer,228,2,no-recurrence-events,2,select_coverage_CBA_M1,,exact,45,164,45.0,164.0,18,58,no-recurrence-events,2640
14,6,5,Breast Cancer,228,2,no-recurrence-events,1,select_coverage,1.0,DAC,58,190,,,55,182,no-recurrence-events,1504
14,6,5,Breast Cancer,228,2,no-recurrence-events,1,select_coverage,1.0,exact,58,190,55.0,182.0,29,86,no-recurrence-events,3168
14,6,5,Breast Cancer,228,2,no-recurrence-events,1,select_coverage,2.0,DAC,92,319,,,84,301,no-recurrence-events,2428
14,6,5,Breast Cancer,228,2,no-recurrence-events,1,select_coverage,2.0,exact,92,319,83.0,296.0,43,144,no-recurrence-events,5044
14,6,5,Breast Cancer,228,2,no-recurrence-events,1,select_coverage,3.0,DAC,119,423,,,111,405,no-recurrence-events,3168
14,6,5,Breast Cancer,228,2,no-recurrence-events,1,select_coverage,3.0,exact,119,423,110.0,400.0,55,187,no-recurrence-events,6696
14,6,5,Breast Cancer,228,2,no-recurrence-events,1,select_coverage,4.0,DAC,133,466,,,124,446,no-recurrence-events,3508
14,6,5,Breast Cancer,228,2,no-recurrence-events,1,select_coverage,4.0,exact,133,466,123.0,441.0,61,204,no-recurrence-events,7412
14,6,5,Breast Cancer,228,2,no-recurrence-events,1,select_coverage_CBA_M1,,DAC,47,164,,,47,164,no-recurrence-events,1268
14,6,5,Breast Cancer,228,2,no-recurrence-events,1,select_coverage_CBA_M1,,exact,47,164,47.0,164.0,22,72,no-recurrence-events,2744
14,6,5,Breast Cancer,228,2,no-recurrence-events,2,select_coverage,1.0,exact,58,190,55.0,182.0,29,86,no-recurrence-events,3168
14,6,5,Breast Cancer,228,2,no-recurrence-events,2,select_coverage,2.0,exact,92,319,83.0,296.0,43,144,no-recurrence-events,5044
14,6,5,Breast Cancer,228,2,no-recurrence-events,2,select_coverage,3.0,exact,119,423,110.0,400.0,55,187,no-recurrence-events,6696
14,6,5,Breast Cancer,228,2,no-recurrence-events,2,select_coverage,4.0,exact,133,466,123.0,441.0,61,204,no-recurrence-events,7412
14,6,5,Breast Cancer,228,2,no-recurrence-events,2,select_coverage_CBA_M1,,exact,47,164,47.0,164.0,22,72,no-recurrence-events,2744
14,6,14,Breast Cancer,228,2,no-recurrence-events,1,select_coverage,1.0,DAC,53,186,,,52,184,no-recurrence-events,1428
14,6,14,Breast Cancer,228,2,no-recurrence-events,1,select_coverage,1.0,exact,53,186,52.0,184.0,35,117,no-recurrence-events,3212
14,6,14,Breast Cancer,228,2,no-recurrence-events,1,select_coverage,2.0,DAC,76,267,,,69,249,no-recurrence-events,2028
14,6,14,Breast Cancer,228,2,no-recurrence-events,1,select_coverage,2.0,exact,76,267,69.0,249.0,43,152,no-recurrence-events,4344
14,6,14,Breast Cancer,228,2,no-recurrence-events,1,select_coverage,3.0,DAC,93,328,,,83,303,no-recurrence-events,2476
14,6,14,Breast Cancer,228,2,no-recurrence-events,1,select_coverage,3.0,exact,93,328,83.0,303.0,53,193,no-recurrence-events,5304
14,6,14,Breast Cancer,228,2,no-recurrence-events,1,select_coverage,4.0,DAC,107,383,,,96,356,no-recurrence-events,2864
14,6,14,Breast Cancer,228,2,no-recurrence-events,1,select_coverage,4.0,exact,107,383,96.0,356.0,63,234,no-recurrence-events,6212
14,6,14,Breast Cancer,228,2,no-recurrence-events,1,select_coverage_CBA_M1,,DAC,45,171,,,45,171,no-recurrence-events,1272
14,6,14,Breast Cancer,228,2,no-recurrence-events,1,select_coverage_CBA_M1,,exact,45,171,45.0,171.0,29,106,no-recurrence-events,2888
14,6,14,Breast Cancer,228,2,no-recurrence-events,2,select_coverage,1.0,exact,53,186,52.0,184.0,35,117,no-recurrence-events,3212
14,6,14,Breast Cancer,228,2,no-recurrence-events,2,select_coverage,2.0,exact,76,267,69.0,249.0,43,152,no-recurrence-events,4344
14,6,14,Breast Cancer,228,2,no-recurrence-events,2,select_coverage,3.0,exact,93,328,83.0,303.0,53,193,no-recurrence-events,5304
14,6,14,Breast Cancer,228,2,no-recurrence-events,2,select_coverage,4.0,exact,107,383,96.0,356.0,63,234,no-recurrence-events,6212
14,6,14,Breast Cancer,228,2,no-recurrence-events,2,select_coverage_CBA_M1,,exact,45,171,45.0,171.0,29,106,no-recurrence-events,2888
14,6,17,Breast Cancer,228,2,no-recurrence-events,1,select_coverage,1.0,DAC,58,201,,,55,192,no-recurrence-events,1548
14,6,17,Breast Cancer,228,2,no-recurrence-events,1,select_coverage,1.0,exact,58,201,55.0,192.0,30,95,no-recurrence-events,3288
14,6,17,Breast Cancer,228,2,no-recurrence-events,1,select_coverage,2.0,DAC,94,330,,,87,313,no-recurrence-events,2496
14,6,17,Breast Cancer,228,2,no-recurrence-events,1,select_coverage,2.0,exact,94,330,87.0,313.0,45,154,no-recurrence-events,5292
14,6,17,Breast Cancer,228,2,no-recurrence-events,1,select_coverage,3.0,DAC,126,450,,,119,433,no-recurrence-events,3360
14,6,17,Breast Cancer,228,2,no-recurrence-events,1,select_coverage,3.0,exact,126,450,119.0,433.0,68,240,no-recurrence-events,7364
14,6,17,Breast Cancer,228,2,no-recurrence-events,1,select_coverage,4.0,DAC,144,518,,,134,493,no-recurrence-events,3848
14,6,17,Breast Cancer,228,2,no-recurrence-events,1,select_coverage,4.0,exact,144,518,134.0,493.0,77,273,no-recurrence-events,8368
14,6,17,Breast Cancer,228,2,no-recurrence-events,1,select_coverage_CBA_M1,,DAC,49,185,,,47,178,no-recurrence-events,1376
14,6,17,Breast Cancer,228,2,no-recurrence-events,1,select_coverage_CBA_M1,,exact,49,185,47.0,178.0,23,83,no-recurrence-events,2928
14,6,17,Breast Cancer,228,2,no-recurrence-events,2,select_coverage,1.0,exact,58,201,55.0,192.0,30,95,no-recurrence-events,3288
14,6,17,Breast Cancer,228,2,no-recurrence-events,2,select_coverage,2.0,exact,94,330,87.0,313.0,45,154,no-recurrence-events,5292
14,6,17,Breast Cancer,228,2,no-recurrence-events,2,select_coverage,3.0,exact,126,450,119.0,433.0,68,240,no-recurrence-events,7364
14,6,17,Breast Cancer,228,2,no-recurrence-events,2,select_coverage,4.0,exact,144,518,134.0,493.0,77,273,no-recurrence-events,8368
14,6,17,Breast Cancer,228,2,no-recurrence-events,2,select_coverage_CBA_M1,,exact,49,185,47.0,178.0,23,83,no-recurrence-events,2928
14,6,19,Breast Cancer,228,2,no-recurrence-events,1,select_coverage,1.0,DAC,67,229,,,64,221,no-recurrence-events,1768
14,6,19,Breast Cancer,228,2,no-recurrence-events,1,select_coverage,1.0,exact,67,229,64.0,221.0,32,106,no-recurrence-events,3776
14,6,19,Breast Cancer,228,2,no-recurrence-events,1,select_coverage,2.0,DAC,118,410,,,109,389,no-recurrence-events,3104
14,6,19,Breast Cancer,228,2,no-recurrence-events,1,select_coverage,2.0,exact,118,410,109.0,389.0,55,186,no-recurrence-events,6572
14,6,19,Breast Cancer,228,2,no-recurrence-events,1,select_coverage,3.0,DAC,150,526,,,137,496,no-recurrence-events,3952
14,6,19,Breast Cancer,228,2,no-recurrence-events,1,select_coverage,3.0,exact,150,526,136.0,490.0,72,250,no-recurrence-events,8344
14,6,19,Breast Cancer,228,2,no-recurrence-events,1,select_coverage,4.0,DAC,169,589,,,155,558,no-recurrence-events,4432
14,6,19,Breast Cancer,228,2,no-recurrence-events,1,select_coverage,4.0,exact,169,589,154.0,552.0,82,279,no-recurrence-events,9392
14,6,19,Breast Cancer,228,2,no-recurrence-events,1,select_coverage_CBA_M1,,DAC,52,193,,,52,193,no-recurrence-events,1444
14,6,19,Breast Cancer,228,2,no-recurrence-events,1,select_coverage_CBA_M1,,exact,52,193,52.0,193.0,24,89,no-recurrence-events,3164
14,6,19,Breast Cancer,228,2,no-recurrence-events,2,select_coverage,1.0,exact,67,229,64.0,221.0,32,106,no-recurrence-events,3776
14,6,19,Breast Cancer,228,2,no-recurrence-events,2,select_coverage,2.0,exact,118,410,109.0,389.0,55,186,no-recurrence-events,6572
14,6,19,Breast Cancer,228,2,no-recurrence-events,2,select_coverage,3.0,exact,150,526,136.0,490.0,72,250,no-recurrence-events,8344
14,6,19,Breast Cancer,228,2,no-recurrence-events,2,select_coverage,4.0,exact,169,589,154.0,552.0,82,279,no-recurrence-events,9392
14,6,19,Breast Cancer,228,2,no-recurrence-events,2,select_coverage_CBA_M1,,exact,52,193,52.0,193.0,24,89,no-recurrence-events,3164
14,6,29,Breast Cancer,228,2,no-recurrence-events,1,select_coverage,1.0,DAC,69,226,,,64,216,no-recurrence-events,1780
14,6,29,Breast Cancer,228,2,no-recurrence-events,1,select_coverage,1.0,exact,69,226,64.0,216.0,31,94,no-recurrence-events,3696
14,6,29,Breast Cancer,228,2,no-recurrence-events,1,select_coverage,2.0,DAC,115,407,,,103,376,no-recurrence-events,3056
14,6,29,Breast Cancer,228,2,no-recurrence-events,1,select_coverage,2.0,exact,115,407,103.0,376.0,53,179,no-recurrence-events,6336
14,6,29,Breast Cancer,228,2,no-recurrence-events,1,select_coverage,3.0,DAC,140,508,,,125,470,no-recurrence-events,3760
14,6,29,Breast Cancer,228,2,no-recurrence-events,1,select_coverage,3.0,exact,140,508,125.0,470.0,64,228,no-recurrence-events,7840
14,6,29,Breast Cancer,228,2,no-recurrence-events,1,select_coverage,4.0,DAC,161,594,,,143,549,no-recurrence-events,4356
14,6,29,Breast Cancer,228,2,no-recurrence-events,1,select_coverage,4.0,exact,161,594,143.0,549.0,69,257,no-recurrence-events,9048
14,6,29,Breast Cancer,228,2,no-recurrence-events,1,select_coverage_CBA_M1,,DAC,48,183,,,48,183,no-recurrence-events,1356
14,6,29,Breast Cancer,228,2,no-recurrence-events,1,select_coverage_CBA_M1,,exact,48,183,48.0,183.0,20,73,no-recurrence-events,2924
14,6,29,Breast Cancer,228,2,no-recurrence-events,2,select_coverage,1.0,exact,69,226,64.0,216.0,31,94,no-recurrence-events,3696
14,6,29,Breast Cancer,228,2,no-recurrence-events,2,select_coverage,2.0,exact,115,407,103.0,376.0,53,179,no-recurrence-events,6336
14,6,29,Breast Cancer,228,2,no-recurrence-events,2,select_coverage,3.0,exact,141,512,126.0,474.0,64,228,no-recurrence-events,7896
14,6,29,Breast Cancer,228,2,no-recurrence-events,2,select_coverage,4.0,exact,161,594,143.0,549.0,69,257,no-recurrence-events,9048
14,6,29,Breast Cancer,228,2,no-recurrence-events,2,select_coverage_CBA_M1,,exact,48,183,48.0,183.0,20,73,no-recurrence-events,2924
14,6,31,Breast Cancer,228,2,no-recurrence-events,1,select_coverage,1.0,DAC,56,198,,,54,196,no-recurrence-events,1512
14,6,31,Breast Cancer,228,2,no-recurrence-events,1,select_coverage,1.0,exact,56,198,54.0,196.0,31,114,no-recurrence-events,3344
14,6,31,Breast Cancer,228,2,no-recurrence-events,1,select_coverage,2.0,DAC,84,293,,,78,284,no-recurrence-events,2228
14,6,31,Breast Cancer,228,2,no-recurrence-events,1,select_coverage,2.0,exact,84,293,78.0,284.0,45,164,no-recurrence-events,4852
14,6,31,Breast Cancer,228,2,no-recurrence-events,1,select_coverage,3.0,DAC,104,367,,,97,356,no-recurrence-events,2764
14,6,31,Breast Cancer,228,2,no-recurrence-events,1,select_coverage,3.0,exact,104,367,97.0,356.0,55,201,no-recurrence-events,6040
14,6,31,Breast Cancer,228,2,no-recurrence-events,1,select_coverage,4.0,DAC,115,399,,,106,384,no-recurrence-events,3024
14,6,31,Breast Cancer,228,2,no-recurrence-events,1,select_coverage,4.0,exact,115,399,106.0,384.0,59,215,no-recurrence-events,6552
14,6,31,Breast Cancer,228,2,no-recurrence-events,1,select_coverage_CBA_M1,,DAC,43,173,,,43,173,no-recurrence-events,1256
14,6,31,Breast Cancer,228,2,no-recurrence-events,1,select_coverage_CBA_M1,,exact,43,173,43.0,173.0,24,100,no-recurrence-events,2832
14,6,31,Breast Cancer,228,2,no-recurrence-events,2,select_coverage,1.0,exact,56,198,54.0,196.0,31,114,no-recurrence-events,3344
14,6,31,Breast Cancer,228,2,no-recurrence-events,2,select_coverage,2.0,exact,84,293,78.0,284.0,45,164,no-recurrence-events,4852
14,6,31,Breast Cancer,228,2,no-recurrence-events,2,select_coverage,3.0,exact,104,367,97.0,356.0,55,201,no-recurrence-events,6040
14,6,31,Breast Cancer,228,2,no-recurrence-events,2,select_coverage,4.0,exact,115,399,106.0,384.0,59,215,no-recurrence-events,6552
14,6,31,Breast Cancer,228,2,no-recurrence-events,2,select_coverage_CBA_M1,,exact,43,173,43.0,173.0,24,100,no-recurrence-events,2832
14,6,34,Breast Cancer,228,2,no-recurrence-events,1,select_coverage,1.0,DAC,64,203,,,58,191,no-recurrence-events,1628
14,6,34,Breast Cancer,228,2,no-recurrence-events,1,select_coverage,1.0,exact,64,203,58.0,191.0,34,106,no-recurrence-events,3408
14,6,34,Breast Cancer,228,2,no-recurrence-events,1,select_coverage,2.0,DAC,103,338,,,92,316,no-recurrence-events,2636
14,6,34,Breast Cancer,228,2,no-recurrence-events,1,select_coverage,2.0,exact,103,338,92.0,316.0,58,195,no-recurrence-events,5620
14,6,34,Breast Cancer,228,2,no-recurrence-events,1,select_coverage,3.0,DAC,132,457,,,118,426,no-recurrence-events,3460
14,6,34,Breast Cancer,228,2,no-recurrence-events,1,select_coverage,3.0,exact,132,457,118.0,426.0,72,256,no-recurrence-events,7404
14,6,34,Breast Cancer,228,2,no-recurrence-events,1,select_coverage,4.0,DAC,149,511,,,132,473,no-recurrence-events,3880
14,6,34,Breast Cancer,228,2,no-recurrence-events,1,select_coverage,4.0,exact,149,511,132.0,473.0,79,274,no-recurrence-events,8216
14,6,34,Breast Cancer,228,2,no-recurrence-events,1,select_coverage_CBA_M1,,DAC,45,165,,,43,161,no-recurrence-events,1248
14,6,34,Breast Cancer,228,2,no-recurrence-events,1,select_coverage_CBA_M1,,exact,45,165,43.0,161.0,22,81,no-recurrence-events,2676
14,6,34,Breast Cancer,228,2,no-recurrence-events,2,select_coverage,1.0,exact,64,203,58.0,191.0,34,106,no-recurrence-events,3408
14,6,34,Breast Cancer,228,2,no-recurrence-events,2,select_coverage,2.0,exact,103,338,92.0,316.0,58,195,no-recurrence-events,5620
14,6,34,Breast Cancer,228,2,no-recurrence-events,2,select_coverage,3.0,exact,132,457,118.0,426.0,72,256,no-recurrence-events,7404
14,6,34,Breast Cancer,228,2,no-recurrence-events,2,select_coverage,4.0,exact,149,511,132.0,473.0,79,274,no-recurrence-events,8216
14,6,34,Breast Cancer,228,2,no-recurrence-events,2,select_coverage_CBA_M1,,exact,45,165,43.0,161.0,22,81,no-recurrence-events,2676
14,6,42,Breast Cancer,228,2,no-recurrence-events,1,select_coverage,1.0,DAC,57,188,,,55,184,no-recurrence-events,1484
14,6,42,Breast Cancer,228,2,no-recurrence-events,1,select_coverage,1.0,exact,57,188,55.0,184.0,34,111,no-recurrence-events,3268
14,6,42,Breast Cancer,228,2,no-recurrence-events,1,select_coverage,2.0,DAC,91,314,,,85,300,no-recurrence-events,2396
14,6,42,Breast Cancer,228,2,no-recurrence-events,1,select_coverage,2.0,exact,91,314,85.0,300.0,55,188,no-recurrence-events,5264
14,6,42,Breast Cancer,228,2,no-recurrence-events,1,select_coverage,3.0,DAC,118,425,,,109,405,no-recurrence-events,3164
14,6,42,Breast Cancer,228,2,no-recurrence-events,1,select_coverage,3.0,exact,118,425,109.0,405.0,68,245,no-recurrence-events,6932
14,6,42,Breast Cancer,228,2,no-recurrence-events,1,select_coverage,4.0,DAC,141,511,,,131,488,no-recurrence-events,3784
14,6,42,Breast Cancer,228,2,no-recurrence-events,1,select_coverage,4.0,exact,141,511,131.0,488.0,80,290,no-recurrence-events,8316
14,6,42,Breast Cancer,228,2,no-recurrence-events,1,select_coverage_CBA_M1,,DAC,40,144,,,40,144,no-recurrence-events,1104
14,6,42,Breast Cancer,228,2,no-recurrence-events,1,select_coverage_CBA_M1,,exact,40,144,40.0,144.0,23,84,no-recurrence-events,2464
14,6,42,Breast Cancer,228,2,no-recurrence-events,2,select_coverage,1.0,exact,57,188,55.0,184.0,34,111,no-recurrence-events,3268
14,6,42,Breast Cancer,228,2,no-recurrence-events,2,select_coverage,2.0,exact,91,314,85.0,300.0,55,188,no-recurrence-events,5264
14,6,42,Breast Cancer,228,2,no-recurrence-events,2,select_coverage,3.0,exact,118,425,109.0,405.0,68,245,no-recurrence-events,6932
14,6,42,Breast Cancer,228,2,no-recurrence-events,2,select_coverage,4.0,exact,141,511,131.0,488.0,80,290,no-recurrence-events,8316
14,6,42,Breast Cancer,228,2,no-recurrence-events,2,select_coverage_CBA_M1,,exact,40,144,40.0,144.0,23,84,no-recurrence-events,2464
14,6,49,Breast Cancer,228,2,no-recurrence-events,1,select_coverage,1.0,DAC,61,187,,,59,182,no-recurrence-events,1528
14,6,49,Breast Cancer,228,2,no-recurrence-events,1,select_coverage,1.0,exact,61,187,59.0,182.0,33,104,no-recurrence-events,3324
14,6,49,Breast Cancer,228,2,no-recurrence-events,1,select_coverage,2.0,DAC,101,325,,,96,310,no-recurrence-events,2560
14,6,49,Breast Cancer,228,2,no-recurrence-events,1,select_coverage,2.0,exact,101,325,96.0,310.0,56,183,no-recurrence-events,5592
14,6,49,Breast Cancer,228,2,no-recurrence-events,1,select_coverage,3.0,DAC,128,423,,,120,403,no-recurrence-events,3276
14,6,49,Breast Cancer,228,2,no-recurrence-events,1,select_coverage,3.0,exact,128,423,120.0,403.0,71,242,no-recurrence-events,7168
14,6,49,Breast Cancer,228,2,no-recurrence-events,1,select_coverage,4.0,DAC,143,471,,,134,450,no-recurrence-events,3648
14,6,49,Breast Cancer,228,2,no-recurrence-events,1,select_coverage,4.0,exact,143,471,134.0,450.0,78,264,no-recurrence-events,7972
14,6,49,Breast Cancer,228,2,no-recurrence-events,1,select_coverage_CBA_M1,,DAC,48,160,,,48,160,no-recurrence-events,1264
14,6,49,Breast Cancer,228,2,no-recurrence-events,1,select_coverage_CBA_M1,,exact,48,160,48.0,160.0,25,88,no-recurrence-events,2800
14,6,49,Breast Cancer,228,2,no-recurrence-events,2,select_coverage,1.0,exact,61,187,59.0,182.0,33,104,no-recurrence-events,3324
14,6,49,Breast Cancer,228,2,no-recurrence-events,2,select_coverage,2.0,exact,101,325,96.0,310.0,56,183,no-recurrence-events,5592
14,6,49,Breast Cancer,228,2,no-recurrence-events,2,select_coverage,3.0,exact,128,423,120.0,403.0,71,242,no-recurrence-events,7168
14,6,49,Breast Cancer,228,2,no-recurrence-events,2,select_coverage,4.0,exact,143,471,134.0,450.0,78,264,no-recurrence-events,7972
14,6,49,Breast Cancer,228,2,no-recurrence-events,2,select_coverage_CBA_M1,,exact,48,160,48.0,160.0,25,88,no-recurrence-events,2800
14,6,63,Breast Cancer,228,2,no-recurrence-events,1,select_coverage,1.0,DAC,57,186,,,52,177,no-recurrence-events,1476
14,6,63,Breast Cancer,228,2,no-recurrence-events,1,select_coverage,1.0,exact,57,186,52.0,177.0,38,120,no-recurrence-events,3196
14,6,63,Breast Cancer,228,2,no-recurrence-events,1,select_coverage,2.0,DAC,97,344,,,85,322,no-recurrence-events,2588
14,6,63,Breast Cancer,228,2,no-recurrence-events,1,select_coverage,2.0,exact,97,344,85.0,322.0,59,214,no-recurrence-events,5576
14,6,63,Breast Cancer,228,2,no-recurrence-events,1,select_coverage,3.0,DAC,118,416,,,102,386,no-recurrence-events,3128
14,6,63,Breast Cancer,228,2,no-recurrence-events,1,select_coverage,3.0,exact,118,416,102.0,386.0,71,254,no-recurrence-events,6688
14,6,63,Breast Cancer,228,2,no-recurrence-events,1,select_coverage,4.0,DAC,137,484,,,120,453,no-recurrence-events,3628
14,6,63,Breast Cancer,228,2,no-recurrence-events,1,select_coverage,4.0,exact,137,484,120.0,453.0,85,310,no-recurrence-events,7884
14,6,63,Breast Cancer,228,2,no-recurrence-events,1,select_coverage_CBA_M1,,DAC,43,161,,,43,161,no-recurrence-events,1208
14,6,63,Breast Cancer,228,2,no-recurrence-events,1,select_coverage_CBA_M1,,exact,43,161,43.0,161.0,30,106,no-recurrence-events,2760
14,6,63,Breast Cancer,228,2,no-recurrence-events,2,select_coverage,1.0,exact,57,186,52.0,177.0,38,120,no-recurrence-events,3196
14,6,63,Breast Cancer,228,2,no-recurrence-events,2,select_coverage,2.0,exact,97,344,85.0,322.0,59,214,no-recurrence-events,5576
14,6,63,Breast Cancer,228,2,no-recurrence-events,2,select_coverage,3.0,exact,118,416,102.0,386.0,71,254,no-recurrence-events,6688
14,6,63,Breast Cancer,228,2,no-recurrence-events,2,select_coverage,4.0,exact,137,484,120.0,453.0,85,310,no-recurrence-events,7884
14,6,63,Breast Cancer,228,2,no-recurrence-events,2,select_coverage_CBA_M1,,exact,43,161,43.0,161.0,30,106,no-recurrence-events,2760
14,6,64,Breast Cancer,228,2,no-recurrence-events,1,select_coverage,1.0,DAC,50,167,,,46,157,no-recurrence-events,1316
14,6,64,Breast Cancer,228,2,no-recurrence-events,1,select_coverage,1.0,exact,50,167,46.0,157.0,31,94,no-recurrence-events,2792
14,6,64,Breast Cancer,228,2,no-recurrence-events,1,select_coverage,2.0,DAC,91,326,,,82,303,no-recurrence-events,2444
14,6,64,Breast Cancer,228,2,no-recurrence-events,1,select_coverage,2.0,exact,91,326,82.0,303.0,61,218,no-recurrence-events,5372
14,6,64,Breast Cancer,228,2,no-recurrence-events,1,select_coverage,3.0,DAC,119,429,,,107,397,no-recurrence-events,3192
14,6,64,Breast Cancer,228,2,no-recurrence-events,1,select_coverage,3.0,exact,119,429,107.0,397.0,76,272,no-recurrence-events,6976
14,6,64,Breast Cancer,228,2,no-recurrence-events,1,select_coverage,4.0,DAC,140,501,,,126,466,no-recurrence-events,3732
14,6,64,Breast Cancer,228,2,no-recurrence-events,1,select_coverage,4.0,exact,140,501,126.0,466.0,89,323,no-recurrence-events,8200
14,6,64,Breast Cancer,228,2,no-recurrence-events,1,select_coverage_CBA_M1,,DAC,40,145,,,38,140,no-recurrence-events,1108
14,6,64,Breast Cancer,228,2,no-recurrence-events,1,select_coverage_CBA_M1,,exact,40,145,38.0,140.0,24,78,no-recurrence-events,2380
14,6,64,Breast Cancer,228,2,no-recurrence-events,2,select_coverage,1.0,exact,50,167,46.0,157.0,31,94,no-recurrence-events,2792
14,6,64,Breast Cancer,228,2,no-recurrence-events,2,select_coverage,2.0,exact,91,326,82.0,303.0,61,218,no-recurrence-events,5372
14,6,64,Breast Cancer,228,2,no-recurrence-events,2,select_coverage,3.0,exact,119,429,107.0,397.0,76,272,no-recurrence-events,6976
14,6,64,Breast Cancer,228,2,no-recurrence-events,2,select_coverage,4.0,exact,140,501,126.0,466.0,89,323,no-recurrence-events,8200
14,6,64,Breast Cancer,228,2,no-recurrence-events,2,select_coverage_CBA_M1,,exact,40,145,38.0,140.0,24,78,no-recurrence-events,2380
14,6,65,Breast Cancer,228,2,no-recurrence-events,1,select_coverage,1.0,DAC,62,194,,,58,184,no-recurrence-events,1568
14,6,65,Breast Cancer,228,2,no-recurrence-events,1,select_coverage,1.0,exact,62,194,58.0,184.0,33,94,no-recurrence-events,3296
14,6,65,Breast Cancer,228,2,no-recurrence-events,1,select_coverage,2.0,DAC,108,371,,,99,349,no-recurrence-events,2828
14,6,65,Breast Cancer,228,2,no-recurrence-events,1,select_coverage,2.0,exact,108,371,99.0,349.0,55,175,no-recurrence-events,5972
14,6,65,Breast Cancer,228,2,no-recurrence-events,1,select_coverage,3.0,DAC,135,479,,,123,451,no-recurrence-events,3584
14,6,65,Breast Cancer,228,2,no-recurrence-events,1,select_coverage,3.0,exact,135,479,122.0,448.0,68,233,no-recurrence-events,7584
14,6,65,Breast Cancer,228,2,no-recurrence-events,1,select_coverage,4.0,DAC,154,548,,,142,520,no-recurrence-events,4088
14,6,65,Breast Cancer,228,2,no-recurrence-events,1,select_coverage,4.0,exact,154,548,141.0,517.0,78,270,no-recurrence-events,8740
14,6,65,Breast Cancer,228,2,no-recurrence-events,1,select_coverage_CBA_M1,,DAC,45,160,,,44,157,no-recurrence-events,1228
14,6,65,Breast Cancer,228,2,no-recurrence-events,1,select_coverage_CBA_M1,,exact,45,160,44.0,157.0,25,77,no-recurrence-events,2648
14,6,65,Breast Cancer,228,2,no-recurrence-events,2,select_coverage,1.0,exact,62,194,58.0,184.0,33,94,no-recurrence-events,3296
14,6,65,Breast Cancer,228,2,no-recurrence-events,2,select_coverage,2.0,exact,108,371,99.0,349.0,55,175,no-recurrence-events,5972
14,6,65,Breast Cancer,228,2,no-recurrence-events,2,select_coverage,3.0,exact,135,479,122.0,448.0,68,233,no-recurrence-events,7584
14,6,65,Breast Cancer,228,2,no-recurrence-events,2,select_coverage,4.0,exact,154,548,141.0,517.0,78,270,no-recurrence-events,8740
14,6,65,Breast Cancer,228,2,no-recurrence-events,2,select_coverage_CBA_M1,,exact,45,160,44.0,157.0,25,77,no-recurrence-events,2648
14,6,68,Breast Cancer,228,2,no-recurrence-events,1,select_coverage,1.0,DAC,58,186,,,52,172,no-recurrence-events,1488
14,6,68,Breast Cancer,228,2,no-recurrence-events,1,select_coverage,1.0,exact,58,186,52.0,172.0,31,88,no-recurrence-events,3048
14,6,68,Breast Cancer,228,2,no-recurrence-events,1,select_coverage,2.0,DAC,102,344,,,91,316,no-recurrence-events,2648
14,6,68,Breast Cancer,228,2,no-recurrence-events,1,select_coverage,2.0,exact,102,344,91.0,316.0,56,179,no-recurrence-events,5556
14,6,68,Breast Cancer,228,2,no-recurrence-events,1,select_coverage,3.0,DAC,125,419,,,111,386,no-recurrence-events,3224
14,6,68,Breast Cancer,228,2,no-recurrence-events,1,select_coverage,3.0,exact,125,419,110.0,384.0,64,211,no-recurrence-events,6712
14,6,68,Breast Cancer,228,2,no-recurrence-events,1,select_coverage,4.0,DAC,150,509,,,133,470,no-recurrence-events,3884
14,6,68,Breast Cancer,228,2,no-recurrence-events,1,select_coverage,4.0,exact,150,509,132.0,468.0,75,253,no-recurrence-events,8104
14,6,68,Breast Cancer,228,2,no-recurrence-events,1,select_coverage_CBA_M1,,DAC,39,144,,,39,144,no-recurrence-events,1092
14,6,68,Breast Cancer,228,2,no-recurrence-events,1,select_coverage_CBA_M1,,exact,39,144,39.0,144.0,22,70,no-recurrence-events,2384
14,6,68,Breast Cancer,228,2,no-recurrence-events,2,select_coverage,1.0,exact,58,186,52.0,172.0,31,88,no-recurrence-events,3048
14,6,68,Breast Cancer,228,2,no-recurrence-events,2,select_coverage,2.0,exact,102,344,91.0,316.0,56,179,no-recurrence-events,5556
14,6,68,Breast Cancer,228,2,no-recurrence-events,2,select_coverage,3.0,exact,125,419,110.0,384.0,64,211,no-recurrence-events,6712
14,6,68,Breast Cancer,228,2,no-recurrence-events,2,select_coverage,4.0,exact,150,509,132.0,468.0,75,253,no-recurrence-events,8104
14,6,68,Breast Cancer,228,2,no-recurrence-events,2,select_coverage_CBA_M1,,exact,39,144,39.0,144.0,22,70,no-recurrence-events,2384
14,6,74,Breast Cancer,228,2,no-recurrence-events,1,select_coverage,1.0,DAC,62,224,,,61,222,no-recurrence-events,1688
14,6,74,Breast Cancer,228,2,no-recurrence-events,1,select_coverage,1.0,exact,62,224,61.0,222.0,35,122,no-recurrence-events,3752
14,6,74,Breast Cancer,228,2,no-recurrence-events,1,select_coverage,2.0,DAC,100,376,,,97,372,no-recurrence-events,2752
14,6,74,Breast Cancer,228,2,no-recurrence-events,1,select_coverage,2.0,exact,100,376,97.0,372.0,57,223,no-recurrence-events,6228
14,6,74,Breast Cancer,228,2,no-recurrence-events,1,select_coverage,3.0,DAC,117,427,,,113,421,no-recurrence-events,3160
14,6,74,Breast Cancer,228,2,no-recurrence-events,1,select_coverage,3.0,exact,117,427,113.0,421.0,66,253,no-recurrence-events,7132
14,6,74,Breast Cancer,228,2,no-recurrence-events,1,select_coverage,4.0,DAC,130,473,,,124,462,no-recurrence-events,3500
14,6,74,Breast Cancer,228,2,no-recurrence-events,1,select_coverage,4.0,exact,130,473,124.0,462.0,75,288,no-recurrence-events,7884
14,6,74,Breast Cancer,228,2,no-recurrence-events,1,select_coverage_CBA_M1,,DAC,47,183,,,47,183,no-recurrence-events,1344
14,6,74,Breast Cancer,228,2,no-recurrence-events,1,select_coverage_CBA_M1,,exact,47,183,47.0,183.0,28,106,no-recurrence-events,3032
14,6,74,Breast Cancer,228,2,no-recurrence-events,2,select_coverage,1.0,exact,62,224,61.0,222.0,35,122,no-recurrence-events,3752
14,6,74,Breast Cancer,228,2,no-recurrence-events,2,select_coverage,2.0,exact,100,376,97.0,372.0,57,223,no-recurrence-events,6228
14,6,74,Breast Cancer,228,2,no-recurrence-events,2,select_coverage,3.0,exact,117,427,113.0,421.0,66,253,no-recurrence-events,7132
14,6,74,Breast Cancer,228,2,no-recurrence-events,2,select_coverage,4.0,exact,130,473,124.0,462.0,75,288,no-recurrence-events,7884
14,6,74,Breast Cancer,228,2,no-recurrence-events,2,select_coverage_CBA_M1,,exact,47,183,47.0,183.0,28,106,no-recurrence-events,3032
14,6,76,Breast Cancer,228,2,no-recurrence-events,1,select_coverage,1.0,DAC,54,177,,,51,170,no-recurrence-events,1404
14,6,76,Breast Cancer,228,2,no-recurrence-events,1,select_coverage,1.0,exact,54,177,51.0,170.0,29,91,no-recurrence-events,2992
14,6,76,Breast Cancer,228,2,no-recurrence-events,1,select_coverage,2.0,DAC,92,332,,,87,320,no-recurrence-events,2480
14,6,76,Breast Cancer,228,2,no-recurrence-events,1,select_coverage,2.0,exact,92,332,87.0,320.0,56,197,no-recurrence-events,5500
14,6,76,Breast Cancer,228,2,no-recurrence-events,1,select_coverage,3.0,DAC,117,426,,,111,412,no-recurrence-events,3156
14,6,76,Breast Cancer,228,2,no-recurrence-events,1,select_coverage,3.0,exact,117,426,111.0,412.0,72,256,no-recurrence-events,7056
14,6,76,Breast Cancer,228,2,no-recurrence-events,1,select_coverage,4.0,DAC,141,519,,,129,492,no-recurrence-events,3816
14,6,76,Breast Cancer,228,2,no-recurrence-events,1,select_coverage,4.0,exact,141,519,129.0,492.0,86,320,no-recurrence-events,8436
14,6,76,Breast Cancer,228,2,no-recurrence-events,1,select_coverage_CBA_M1,,DAC,45,160,,,44,157,no-recurrence-events,1228
14,6,76,Breast Cancer,228,2,no-recurrence-events,1,select_coverage_CBA_M1,,exact,45,160,44.0,157.0,22,78,no-recurrence-events,2652
14,6,76,Breast Cancer,228,2,no-recurrence-events,2,select_coverage,1.0,exact,54,177,51.0,170.0,29,91,no-recurrence-events,2992
14,6,76,Breast Cancer,228,2,no-recurrence-events,2,select_coverage,2.0,exact,92,332,87.0,320.0,56,197,no-recurrence-events,5500
14,6,76,Breast Cancer,228,2,no-recurrence-events,2,select_coverage,3.0,exact,117,426,111.0,412.0,72,256,no-recurrence-events,7056
14,6,76,Breast Cancer,228,2,no-recurrence-events,2,select_coverage,4.0,exact,141,519,129.0,492.0,86,320,no-recurrence-events,8436
14,6,76,Breast Cancer,228,2,no-recurrence-events,2,select_coverage_CBA_M1,,exact,45,160,44.0,157.0,22,78,no-recurrence-events,2652
14,6,100,Breast Cancer,228,2,no-recurrence-events,1,select_coverage,1.0,DAC,60,186,,,55,176,no-recurrence-events,1512
14,6,100,Breast Cancer,228,2,no-recurrence-events,1,select_coverage,1.0,exact,60,186,55.0,176.0,30,93,no-recurrence-events,3156
14,6,100,Breast Cancer,228,2,no-recurrence-events,1,select_coverage,2.0,DAC,99,351,,,89,326,no-recurrence-events,2640
14,6,100,Breast Cancer,228,2,no-recurrence-events,1,select_coverage,2.0,exact,99,351,89.0,326.0,50,180,no-recurrence-events,5580
14,6,100,Breast Cancer,228,2,no-recurrence-events,1,select_coverage,3.0,DAC,127,453,,,115,425,no-recurrence-events,3384
14,6,100,Breast Cancer,228,2,no-recurrence-events,1,select_coverage,3.0,exact,127,453,115.0,425.0,67,244,no-recurrence-events,7264
14,6,100,Breast Cancer,228,2,no-recurrence-events,1,select_coverage,4.0,DAC,157,550,,,139,510,no-recurrence-events,4132
14,6,100,Breast Cancer,228,2,no-recurrence-events,1,select_coverage,4.0,exact,157,550,139.0,510.0,83,300,no-recurrence-events,8792
14,6,100,Breast Cancer,228,2,no-recurrence-events,1,select_coverage_CBA_M1,,DAC,45,158,,,44,156,no-recurrence-events,1220
14,6,100,Breast Cancer,228,2,no-recurrence-events,1,select_coverage_CBA_M1,,exact,45,158,44.0,156.0,23,77,no-recurrence-events,2636
14,6,100,Breast Cancer,228,2,no-recurrence-events,2,select_coverage,1.0,exact,60,186,55.0,176.0,30,93,no-recurrence-events,3156
14,6,100,Breast Cancer,228,2,no-recurrence-events,2,select_coverage,2.0,exact,99,351,89.0,326.0,50,180,no-recurrence-events,5580
14,6,100,Breast Cancer,228,2,no-recurrence-events,2,select_coverage,3.0,exact,127,453,115.0,425.0,67,244,no-recurrence-events,7264
14,6,100,Breast Cancer,228,2,no-recurrence-events,2,select_coverage,4.0,exact,157,550,139.0,510.0,83,300,no-recurrence-events,8792
14,6,100,Breast Cancer,228,2,no-recurrence-events,2,select_coverage_CBA_M1,,exact,45,158,44.0,156.0,23,77,no-recurrence-events,2636
14,6,114,Breast Cancer,228,2,no-recurrence-events,1,select_coverage,1.0,DAC,68,225,,,64,215,no-recurrence-events,1764
14,6,114,Breast Cancer,228,2,no-recurrence-events,1,select_coverage,1.0,exact,68,225,63.0,213.0,36,115,no-recurrence-events,3740
14,6,114,Breast Cancer,228,2,no-recurrence-events,1,select_coverage,2.0,DAC,107,367,,,95,342,no-recurrence-events,2800
14,6,114,Breast Cancer,228,2,no-recurrence-events,1,select_coverage,2.0,exact,107,367,94.0,340.0,58,197,no-recurrence-events,5888
14,6,114,Breast Cancer,228,2,no-recurrence-events,1,select_coverage,3.0,DAC,134,456,,,118,421,no-recurrence-events,3480
14,6,114,Breast Cancer,228,2,no-recurrence-events,1,select_coverage,3.0,exact,134,456,117.0,419.0,71,240,no-recurrence-events,7284
14,6,114,Breast Cancer,228,2,no-recurrence-events,1,select_coverage,4.0,DAC,152,528,,,134,490,no-recurrence-events,3984
14,6,114,Breast Cancer,228,2,no-recurrence-events,1,select_coverage,4.0,exact,152,528,132.0,486.0,82,293,no-recurrence-events,8412
14,6,114,Breast Cancer,228,2,no-recurrence-events,1,select_coverage_CBA_M1,,DAC,49,182,,,47,176,no-recurrence-events,1364
14,6,114,Breast Cancer,228,2,no-recurrence-events,1,select_coverage_CBA_M1,,exact,49,182,47.0,176.0,25,92,no-recurrence-events,2944
14,6,114,Breast Cancer,228,2,no-recurrence-events,2,select_coverage,1.0,exact,68,225,63.0,213.0,36,115,no-recurrence-events,3740
14,6,114,Breast Cancer,228,2,no-recurrence-events,2,select_coverage,2.0,exact,107,367,94.0,340.0,58,197,no-recurrence-events,5888
14,6,114,Breast Cancer,228,2,no-recurrence-events,2,select_coverage,3.0,exact,134,456,117.0,419.0,71,240,no-recurrence-events,7284
14,6,114,Breast Cancer,228,2,no-recurrence-events,2,select_coverage,4.0,exact,152,528,132.0,486.0,82,293,no-recurrence-events,8412
14,6,114,Breast Cancer,228,2,no-recurrence-events,2,select_coverage_CBA_M1,,exact,49,182,47.0,176.0,25,92,no-recurrence-events,2944
14,6,133,Breast Cancer,228,2,no-recurrence-events,1,select_coverage,1.0,DAC,65,209,,,64,207,no-recurrence-events,1664
14,6,133,Breast Cancer,228,2,no-recurrence-events,1,select_coverage,1.0,exact,65,209,64.0,207.0,33,95,no-recurrence-events,3596
14,6,133,Breast Cancer,228,2,no-recurrence-events,1,select_coverage,2.0,DAC,103,353,,,96,334,no-recurrence-events,2696
14,6,133,Breast Cancer,228,2,no-recurrence-events,1,select_coverage,2.0,exact,103,353,96.0,334.0,48,145,no-recurrence-events,5648
14,6,133,Breast Cancer,228,2,no-recurrence-events,1,select_coverage,3.0,DAC,135,481,,,124,455,no-recurrence-events,3592
14,6,133,Breast Cancer,228,2,no-recurrence-events,1,select_coverage,3.0,exact,135,481,124.0,455.0,65,212,no-recurrence-events,7584
14,6,133,Breast Cancer,228,2,no-recurrence-events,1,select_coverage,4.0,DAC,155,545,,,140,504,no-recurrence-events,4088
14,6,133,Breast Cancer,228,2,no-recurrence-events,1,select_coverage,4.0,exact,155,545,140.0,504.0,74,238,no-recurrence-events,8524
14,6,133,Breast Cancer,228,2,no-recurrence-events,1,select_coverage_CBA_M1,,DAC,50,175,,,49,173,no-recurrence-events,1348
14,6,133,Breast Cancer,228,2,no-recurrence-events,1,select_coverage_CBA_M1,,exact,50,175,49.0,173.0,22,70,no-recurrence-events,2864
14,6,133,Breast Cancer,228,2,no-recurrence-events,2,select_coverage,1.0,exact,65,209,64.0,207.0,33,95,no-recurrence-events,3596
14,6,133,Breast Cancer,228,2,no-recurrence-events,2,select_coverage,2.0,exact,103,353,96.0,334.0,48,145,no-recurrence-events,5648
14,6,133,Breast Cancer,228,2,no-recurrence-events,2,select_coverage,3.0,exact,135,481,124.0,455.0,65,212,no-recurrence-events,7584
14,6,133,Breast Cancer,228,2,no-recurrence-events,2,select_coverage,4.0,exact,155,545,140.0,504.0,74,238,no-recurrence-events,8524
14,6,133,Breast Cancer,228,2,no-recurrence-events,2,select_coverage_CBA_M1,,exact,50,175,49.0,173.0,22,70,no-recurrence-events,2864
14,6,138,Breast Cancer,228,2,no-recurrence-events,1,select_coverage,1.0,DAC,62,198,,,59,190,no-recurrence-events,1584
14,6,138,Breast Cancer,228,2,no-recurrence-events,1,select_coverage,1.0,exact,62,198,59.0,190.0,35,105,no-recurrence-events,3404
14,6,138,Breast Cancer,228,2,no-recurrence-events,1,select_coverage,2.0,DAC,101,342,,,93,323,no-recurrence-events,2628
14,6,138,Breast Cancer,228,2,no-recurrence-events,1,select_coverage,2.0,exact,101,342,93.0,323.0,57,191,no-recurrence-events,5672
14,6,138,Breast Cancer,228,2,no-recurrence-events,1,select_coverage,3.0,DAC,127,431,,,116,404,no-recurrence-events,3296
14,6,138,Breast Cancer,228,2,no-recurrence-events,1,select_coverage,3.0,exact,127,431,116.0,404.0,72,242,no-recurrence-events,7108
14,6,138,Breast Cancer,228,2,no-recurrence-events,1,select_coverage,4.0,DAC,145,483,,,129,448,no-recurrence-events,3720
14,6,138,Breast Cancer,228,2,no-recurrence-events,1,select_coverage,4.0,exact,145,483,129.0,448.0,80,270,no-recurrence-events,7916
14,6,138,Breast Cancer,228,2,no-recurrence-events,1,select_coverage_CBA_M1,,DAC,48,167,,,47,163,no-recurrence-events,1292
14,6,138,Breast Cancer,228,2,no-recurrence-events,1,select_coverage_CBA_M1,,exact,48,167,47.0,163.0,25,83,no-recurrence-events,2796
14,6,138,Breast Cancer,228,2,no-recurrence-events,2,select_coverage,1.0,exact,62,198,59.0,190.0,35,105,no-recurrence-events,3404
14,6,138,Breast Cancer,228,2,no-recurrence-events,2,select_coverage,2.0,exact,101,342,93.0,323.0,57,191,no-recurrence-events,5672
14,6,138,Breast Cancer,228,2,no-recurrence-events,2,select_coverage,3.0,exact,127,431,116.0,404.0,72,242,no-recurrence-events,7108
14,6,138,Breast Cancer,228,2,no-recurrence-events,2,select_coverage,4.0,exact,145,483,129.0,448.0,80,270,no-recurrence-events,7916
14,6,138,Breast Cancer,228,2,no-recurrence-events,2,select_coverage_CBA_M1,,exact,51,174,50.0,170.0,28,90,no-recurrence-events,2952
14,6,148,Breast Cancer,228,2,no-recurrence-events,1,select_coverage,1.0,DAC,63,226,,,60,216,no-recurrence-events,1708
14,6,148,Breast Cancer,228,2,no-recurrence-events,1,select_coverage,1.0,exact,63,226,60.0,216.0,30,93,no-recurrence-events,3596
14,6,148,Breast Cancer,228,2,no-recurrence-events,1,select_coverage,2.0,DAC,100,372,,,95,355,no-recurrence-events,2736
14,6,148,Breast Cancer,228,2,no-recurrence-events,1,select_coverage,2.0,exact,100,372,95.0,355.0,44,147,no-recurrence-events,5792
14,6,148,Breast Cancer,228,2,no-recurrence-events,1,select_coverage,3.0,DAC,123,451,,,114,426,no-recurrence-events,3328
14,6,148,Breast Cancer,228,2,no-recurrence-events,1,select_coverage,3.0,exact,123,451,114.0,426.0,56,196,no-recurrence-events,7044
14,6,148,Breast Cancer,228,2,no-recurrence-events,1,select_coverage,4.0,DAC,146,539,,,134,508,no-recurrence-events,3956
14,6,148,Breast Cancer,228,2,no-recurrence-events,1,select_coverage,4.0,exact,146,539,134.0,508.0,69,251,no-recurrence-events,8424
14,6,148,Breast Cancer,228,2,no-recurrence-events,1,select_coverage_CBA_M1,,DAC,51,200,,,50,196,no-recurrence-events,1460
14,6,148,Breast Cancer,228,2,no-recurrence-events,1,select_coverage_CBA_M1,,exact,51,200,50.0,196.0,22,76,no-recurrence-events,3104
14,6,148,Breast Cancer,228,2,no-recurrence-events,2,select_coverage,1.0,exact,63,226,60.0,216.0,30,93,no-recurrence-events,3596
14,6,148,Breast Cancer,228,2,no-recurrence-events,2,select_coverage,2.0,exact,100,372,95.0,355.0,44,147,no-recurrence-events,5792
14,6,148,Breast Cancer,228,2,no-recurrence-events,2,select_coverage,3.0,exact,123,451,114.0,426.0,56,196,no-recurrence-events,7044
14,6,148,Breast Cancer,228,2,no-recurrence-events,2,select_coverage,4.0,exact,146,539,134.0,508.0,69,251,no-recurrence-events,8424
14,6,148,Breast Cancer,228,2,no-recurrence-events,2,select_coverage_CBA_M1,,exact,51,200,50.0,196.0,22,76,no-recurrence-events,3104
14,7,5,Breast Cancer,228,2,no-recurrence-events,1,select_coverage,1.0,DAC,56,176,,,52,169,no-recurrence-events,1432
14,7,5,Breast Cancer,228,2,no-recurrence-events,1,select_coverage,1.0,exact,56,176,52.0,169.0,24,76,no-recurrence-events,2948
14,7,5,Breast Cancer,228,2,no-recurrence-events,1,select_coverage,2.0,DAC,92,316,,,85,302,no-recurrence-events,2424
14,7,5,Breast Cancer,228,2,no-recurrence-events,1,select_coverage,2.0,exact,92,316,85.0,302.0,37,121,no-recurrence-events,5012
14,7,5,Breast Cancer,228,2,no-recurrence-events,1,select_coverage,3.0,DAC,117,414,,,108,394,no-recurrence-events,3116
14,7,5,Breast Cancer,228,2,no-recurrence-events,1,select_coverage,3.0,exact,117,414,108.0,394.0,45,156,no-recurrence-events,6464
14,7,5,Breast Cancer,228,2,no-recurrence-events,1,select_coverage,4.0,DAC,137,492,,,127,470,no-recurrence-events,3668
14,7,5,Breast Cancer,228,2,no-recurrence-events,1,select_coverage,4.0,exact,137,492,127.0,470.0,58,207,no-recurrence-events,7740
14,7,5,Breast Cancer,228,2,no-recurrence-events,1,select_coverage_CBA_M1,,DAC,44,150,,,44,150,no-recurrence-events,1184
14,7,5,Breast Cancer,228,2,no-recurrence-events,1,select_coverage_CBA_M1,,exact,44,150,44.0,150.0,19,68,no-recurrence-events,2544
14,7,5,Breast Cancer,228,2,no-recurrence-events,2,select_coverage,1.0,exact,56,176,52.0,169.0,24,76,no-recurrence-events,2948
14,7,5,Breast Cancer,228,2,no-recurrence-events,2,select_coverage,2.0,exact,92,316,85.0,302.0,37,121,no-recurrence-events,5012
14,7,5,Breast Cancer,228,2,no-recurrence-events,2,select_coverage,3.0,exact,117,414,108.0,394.0,45,156,no-recurrence-events,6464
14,7,5,Breast Cancer,228,2,no-recurrence-events,2,select_coverage,4.0,exact,137,492,127.0,470.0,58,207,no-recurrence-events,7740
14,7,5,Breast Cancer,228,2,no-recurrence-events,2,select_coverage_CBA_M1,,exact,44,150,44.0,150.0,19,68,no-recurrence-events,2544
14,7,14,Breast Cancer,228,2,no-recurrence-events,1,select_coverage,1.0,DAC,50,157,,,47,149,no-recurrence-events,1284
14,7,14,Breast Cancer,228,2,no-recurrence-events,1,select_coverage,1.0,exact,50,157,47.0,149.0,27,87,no-recurrence-events,2716
14,7,14,Breast Cancer,228,2,no-recurrence-events,1,select_coverage,2.0,DAC,81,257,,,74,239,no-recurrence-events,2056
14,7,14,Breast Cancer,228,2,no-recurrence-events,1,select_coverage,2.0,exact,81,257,74.0,239.0,44,139,no-recurrence-events,4332
14,7,14,Breast Cancer,228,2,no-recurrence-events,1,select_coverage,3.0,DAC,100,318,,,90,295,no-recurrence-events,2528
14,7,14,Breast Cancer,228,2,no-recurrence-events,1,select_coverage,3.0,exact,100,318,90.0,295.0,56,180,no-recurrence-events,5348
14,7,14,Breast Cancer,228,2,no-recurrence-events,1,select_coverage,4.0,DAC,114,359,,,102,332,no-recurrence-events,2860
14,7,14,Breast Cancer,228,2,no-recurrence-events,1,select_coverage,4.0,exact,114,359,102.0,332.0,64,208,no-recurrence-events,6060
14,7,14,Breast Cancer,228,2,no-recurrence-events,1,select_coverage_CBA_M1,,DAC,40,135,,,40,135,no-recurrence-events,1076
14,7,14,Breast Cancer,228,2,no-recurrence-events,1,select_coverage_CBA_M1,,exact,40,135,40.0,135.0,21,74,no-recurrence-events,2352
14,7,14,Breast Cancer,228,2,no-recurrence-events,2,select_coverage,1.0,exact,50,157,47.0,149.0,27,87,no-recurrence-events,2716
14,7,14,Breast Cancer,228,2,no-recurrence-events,2,select_coverage,2.0,exact,81,257,74.0,239.0,44,139,no-recurrence-events,4332
14,7,14,Breast Cancer,228,2,no-recurrence-events,2,select_coverage,3.0,exact,100,318,90.0,295.0,56,180,no-recurrence-events,5348
14,7,14,Breast Cancer,228,2,no-recurrence-events,2,select_coverage,4.0,exact,114,359,102.0,332.0,64,208,no-recurrence-events,6060
14,7,14,Breast Cancer,228,2,no-recurrence-events,2,select_coverage_CBA_M1,,exact,40,135,40.0,135.0,21,74,no-recurrence-events,2352
14,7,17,Breast Cancer,228,2,no-recurrence-events,1,select_coverage,1.0,DAC,58,189,,,54,180,no-recurrence-events,1508
14,7,17,Breast Cancer,228,2,no-recurrence-events,1,select_coverage,1.0,exact,58,189,54.0,180.0,30,96,no-recurrence-events,3172
14,7,17,Breast Cancer,228,2,no-recurrence-events,1,select_coverage,2.0,DAC,96,326,,,89,311,no-recurrence-events,2512
14,7,17,Breast Cancer,228,2,no-recurrence-events,1,select_coverage,2.0,exact,96,326,89.0,311.0,47,155,no-recurrence-events,5320
14,7,17,Breast Cancer,228,2,no-recurrence-events,1,select_coverage,3.0,DAC,125,432,,,115,409,no-recurrence-events,3284
14,7,17,Breast Cancer,228,2,no-recurrence-events,1,select_coverage,3.0,exact,125,432,115.0,409.0,61,205,no-recurrence-events,6960
14,7,17,Breast Cancer,228,2,no-recurrence-events,1,select_coverage,4.0,DAC,148,513,,,135,486,no-recurrence-events,3884
14,7,17,Breast Cancer,228,2,no-recurrence-events,1,select_coverage,4.0,exact,148,513,135.0,486.0,73,252,no-recurrence-events,8260
14,7,17,Breast Cancer,228,2,no-recurrence-events,1,select_coverage_CBA_M1,,DAC,44,160,,,43,157,no-recurrence-events,1224
14,7,17,Breast Cancer,228,2,no-recurrence-events,1,select_coverage_CBA_M1,,exact,44,160,43.0,157.0,23,81,no-recurrence-events,2640
14,7,17,Breast Cancer,228,2,no-recurrence-events,2,select_coverage,1.0,exact,58,189,54.0,180.0,30,96,no-recurrence-events,3172
14,7,17,Breast Cancer,228,2,no-recurrence-events,2,select_coverage,2.0,exact,96,326,89.0,311.0,47,155,no-recurrence-events,5320
14,7,17,Breast Cancer,228,2,no-recurrence-events,2,select_coverage,3.0,exact,125,432,115.0,409.0,61,205,no-recurrence-events,6960
14,7,17,Breast Cancer,228,2,no-recurrence-events,2,select_coverage,4.0,exact,148,513,135.0,486.0,73,252,no-recurrence-events,8260
14,7,17,Breast Cancer,228,2,no-recurrence-events,2,select_coverage_CBA_M1,,exact,44,160,43.0,157.0,23,81,no-recurrence-events,2640
14,7,19,Breast Cancer,228,2,no-recurrence-events,1,select_coverage,1.0,DAC,62,197,,,58,187,no-recurrence-events,1588
14,7,19,Breast Cancer,228,2,no-recurrence-events,1,select_coverage,1.0,exact,62,197,58.0,187.0,28,79,no-recurrence-events,3260
14,7,19,Breast Cancer,228,2,no-recurrence-events,1,select_coverage,2.0,DAC,104,357,,,97,339,no-recurrence-events,2732
14,7,19,Breast Cancer,228,2,no-recurrence-events,1,select_coverage,2.0,exact,104,357,97.0,339.0,47,147,no-recurrence-events,5716
14,7,19,Breast Cancer,228,2,no-recurrence-events,1,select_coverage,3.0,DAC,134,463,,,123,437,no-recurrence-events,3516
14,7,19,Breast Cancer,228,2,no-recurrence-events,1,select_coverage,3.0,exact,134,463,122.0,432.0,60,189,no-recurrence-events,7280
14,7,19,Breast Cancer,228,2,no-recurrence-events,1,select_coverage,4.0,DAC,155,549,,,139,510,no-recurrence-events,4112
14,7,19,Breast Cancer,228,2,no-recurrence-events,1,select_coverage,4.0,exact,155,549,138.0,505.0,68,225,no-recurrence-events,8444
14,7,19,Breast Cancer,228,2,no-recurrence-events,1,select_coverage_CBA_M1,,DAC,48,166,,,47,163,no-recurrence-events,1296
14,7,19,Breast Cancer,228,2,no-recurrence-events,1,select_coverage_CBA_M1,,exact,48,166,47.0,163.0,21,67,no-recurrence-events,2728
14,7,19,Breast Cancer,228,2,no-recurrence-events,2,select_coverage,1.0,exact,62,197,58.0,187.0,28,79,no-recurrence-events,3260
14,7,19,Breast Cancer,228,2,no-recurrence-events,2,select_coverage,2.0,exact,104,357,97.0,339.0,47,147,no-recurrence-events,5716
14,7,19,Breast Cancer,228,2,no-recurrence-events,2,select_coverage,3.0,exact,134,463,122.0,432.0,60,189,no-recurrence-events,7280
14,7,19,Breast Cancer,228,2,no-recurrence-events,2,select_coverage,4.0,exact,155,549,138.0,505.0,68,225,no-recurrence-events,8444
14,7,19,Breast Cancer,228,2,no-recurrence-events,2,select_coverage_CBA_M1,,exact,48,166,47.0,163.0,21,67,no-recurrence-events,2728
14,7,29,Breast Cancer,228,2,no-recurrence-events,1,select_coverage,1.0,DAC,61,213,,,60,212,no-recurrence-events,1640
14,7,29,Breast Cancer,228,2,no-recurrence-events,1,select_coverage,1.0,exact,61,213,60.0,212.0,30,101,no-recurrence-events,3560
14,7,29,Breast Cancer,228,2,no-recurrence-events,1,select_coverage,2.0,DAC,99,353,,,97,349,no-recurrence-events,2656
14,7,29,Breast Cancer,228,2,no-recurrence-events,1,select_coverage,2.0,exact,99,353,97.0,349.0,46,160,no-recurrence-events,5792
14,7,29,Breast Cancer,228,2,no-recurrence-events,1,select_coverage,3.0,DAC,135,487,,,126,463,no-recurrence-events,3624
14,7,29,Breast Cancer,228,2,no-recurrence-events,1,select_coverage,3.0,exact,135,487,126.0,463.0,59,219,no-recurrence-events,7716
14,7,29,Breast Cancer,228,2,no-recurrence-events,1,select_coverage,4.0,DAC,156,558,,,145,530,no-recurrence-events,4160
14,7,29,Breast Cancer,228,2,no-recurrence-events,1,select_coverage,4.0,exact,156,558,145.0,530.0,68,249,no-recurrence-events,8844
14,7,29,Breast Cancer,228,2,no-recurrence-events,1,select_coverage_CBA_M1,,DAC,46,178,,,46,178,no-recurrence-events,1320
14,7,29,Breast Cancer,228,2,no-recurrence-events,1,select_coverage_CBA_M1,,exact,46,178,46.0,178.0,22,83,no-recurrence-events,2876
14,7,29,Breast Cancer,228,2,no-recurrence-events,2,select_coverage,1.0,exact,61,213,60.0,212.0,30,101,no-recurrence-events,3560
14,7,29,Breast Cancer,228,2,no-recurrence-events,2,select_coverage,2.0,exact,99,353,97.0,349.0,46,160,no-recurrence-events,5792
14,7,29,Breast Cancer,228,2,no-recurrence-events,2,select_coverage,3.0,exact,135,487,126.0,463.0,59,219,no-recurrence-events,7716
14,7,29,Breast Cancer,228,2,no-recurrence-events,2,select_coverage,4.0,exact,156,558,145.0,530.0,68,249,no-recurrence-events,8844
14,7,29,Breast Cancer,228,2,no-recurrence-events,2,select_coverage_CBA_M1,,exact,48,182,48.0,182.0,24,87,no-recurrence-events,2972
14,7,31,Breast Cancer,228,2,no-recurrence-events,1,select_coverage,1.0,DAC,47,172,,,45,166,no-recurrence-events,1308
14,7,31,Breast Cancer,228,2,no-recurrence-events,1,select_coverage,1.0,exact,47,172,45.0,166.0,30,109,no-recurrence-events,2884
14,7,31,Breast Cancer,228,2,no-recurrence-events,1,select_coverage,2.0,DAC,74,278,,,70,267,no-recurrence-events,2056
14,7,31,Breast Cancer,228,2,no-recurrence-events,1,select_coverage,2.0,exact,74,278,70.0,267.0,46,174,recurrence-events,4572
14,7,31,Breast Cancer,228,2,no-recurrence-events,1,select_coverage,3.0,DAC,91,341,,,86,327,no-recurrence-events,2512
14,7,31,Breast Cancer,228,2,no-recurrence-events,1,select_coverage,3.0,exact,91,341,86.0,327.0,54,204,no-recurrence-events,5568
14,7,31,Breast Cancer,228,2,no-recurrence-events,1,select_coverage,4.0,DAC,99,364,,,92,347,no-recurrence-events,2700
14,7,31,Breast Cancer,228,2,no-recurrence-events,1,select_coverage,4.0,exact,99,364,92.0,347.0,58,213,no-recurrence-events,5920
14,7,31,Breast Cancer,228,2,no-recurrence-events,1,select_coverage_CBA_M1,,DAC,37,145,,,36,142,no-recurrence-events,1080
14,7,31,Breast Cancer,228,2,no-recurrence-events,1,select_coverage_CBA_M1,,exact,37,145,36.0,142.0,23,90,no-recurrence-events,2388
14,7,31,Breast Cancer,228,2,no-recurrence-events,2,select_coverage,1.0,exact,47,172,45.0,166.0,30,109,no-recurrence-events,2884
14,7,31,Breast Cancer,228,2,no-recurrence-events,2,select_coverage,2.0,exact,74,278,70.0,267.0,46,174,recurrence-events,4572
14,7,31,Breast Cancer,228,2,no-recurrence-events,2,select_coverage,3.0,exact,91,341,86.0,327.0,54,204,no-recurrence-events,5568
14,7,31,Breast Cancer,228,2,no-recurrence-events,2,select_coverage,4.0,exact,99,364,92.0,347.0,58,213,no-recurrence-events,5920
14,7,31,Breast Cancer,228,2,no-recurrence-events,2,select_coverage_CBA_M1,,exact,37,145,36.0,142.0,23,90,no-recurrence-events,2388
14,7,34,Breast Cancer,228,2,no-recurrence-events,1,select_coverage,1.0,DAC,61,176,,,55,162,no-recurrence-events,1492
14,7,34,Breast Cancer,228,2,no-recurrence-events,1,select_coverage,1.0,exact,61,176,55.0,162.0,28,81,no-recurrence-events,3012
14,7,34,Breast Cancer,228,2,no-recurrence-events,1,select_coverage,2.0,DAC,100,309,,,91,287,no-recurrence-events,2492
14,7,34,Breast Cancer,228,2,no-recurrence-events,1,select_coverage,2.0,exact,100,309,91.0,287.0,46,137,no-recurrence-events,5132
14,7,34,Breast Cancer,228,2,no-recurrence-events,1,select_coverage,3.0,DAC,133,434,,,123,410,no-recurrence-events,3388
14,7,34,Breast Cancer,228,2,no-recurrence-events,1,select_coverage,3.0,exact,133,434,123.0,410.0,62,197,no-recurrence-events,7132
14,7,34,Breast Cancer,228,2,no-recurrence-events,1,select_coverage,4.0,DAC,156,513,,,143,483,no-recurrence-events,3980
14,7,34,Breast Cancer,228,2,no-recurrence-events,1,select_coverage,4.0,exact,156,513,143.0,483.0,71,229,no-recurrence-events,8348
14,7,34,Breast Cancer,228,2,no-recurrence-events,1,select_coverage_CBA_M1,,DAC,44,144,,,43,141,no-recurrence-events,1160
14,7,34,Breast Cancer,228,2,no-recurrence-events,1,select_coverage_CBA_M1,,exact,44,144,43.0,141.0,21,68,no-recurrence-events,2460
14,7,34,Breast Cancer,228,2,no-recurrence-events,2,select_coverage,1.0,exact,61,176,55.0,162.0,28,81,no-recurrence-events,3012
14,7,34,Breast Cancer,228,2,no-recurrence-events,2,select_coverage,2.0,exact,100,309,91.0,287.0,46,137,no-recurrence-events,5132
14,7,34,Breast Cancer,228,2,no-recurrence-events,2,select_coverage,3.0,exact,133,434,123.0,410.0,62,197,no-recurrence-events,7132
14,7,34,Breast Cancer,228,2,no-recurrence-events,2,select_coverage,4.0,exact,156,513,143.0,483.0,71,229,no-recurrence-events,8348
14,7,34,Breast Cancer,228,2,no-recurrence-events,2,select_coverage_CBA_M1,,exact,43,140,42.0,137.0,20,64,no-recurrence-events,2388
14,7,42,Breast Cancer,228,2,no-recurrence-events,1,select_coverage,1.0,DAC,61,187,,,56,176,no-recurrence-events,1536
14,7,42,Breast Cancer,228,2,no-recurrence-events,1,select_coverage,1.0,exact,61,187,56.0,176.0,34,99,no-recurrence-events,3208
14,7,42,Breast Cancer,228,2,no-recurrence-events,1,select_coverage,2.0,DAC,96,312,,,84,289,no-recurrence-events,2456
14,7,42,Breast Cancer,228,2,no-recurrence-events,1,select_coverage,2.0,exact,96,312,84.0,289.0,47,148,no-recurrence-events,5028
14,7,42,Breast Cancer,228,2,no-recurrence-events,1,select_coverage,3.0,DAC,123,422,,,107,390,no-recurrence-events,3220
14,7,42,Breast Cancer,228,2,no-recurrence-events,1,select_coverage,3.0,exact,123,422,107.0,390.0,59,206,no-recurrence-events,6656
14,7,42,Breast Cancer,228,2,no-recurrence-events,1,select_coverage,4.0,DAC,143,491,,,125,456,no-recurrence-events,3736
14,7,42,Breast Cancer,228,2,no-recurrence-events,1,select_coverage,4.0,exact,143,491,125.0,456.0,68,238,no-recurrence-events,7756
14,7,42,Breast Cancer,228,2,no-recurrence-events,1,select_coverage_CBA_M1,,DAC,45,151,,,45,151,no-recurrence-events,1200
14,7,42,Breast Cancer,228,2,no-recurrence-events,1,select_coverage_CBA_M1,,exact,45,151,45.0,151.0,24,78,no-recurrence-events,2616
14,7,42,Breast Cancer,228,2,no-recurrence-events,2,select_coverage,1.0,exact,61,187,56.0,176.0,34,99,no-recurrence-events,3208
14,7,42,Breast Cancer,228,2,no-recurrence-events,2,select_coverage,2.0,exact,96,312,84.0,289.0,47,148,no-recurrence-events,5028
14,7,42,Breast Cancer,228,2,no-recurrence-events,2,select_coverage,3.0,exact,123,422,107.0,390.0,59,206,no-recurrence-events,6656
14,7,42,Breast Cancer,228,2,no-recurrence-events,2,select_coverage,4.0,exact,143,491,125.0,456.0,68,238,no-recurrence-events,7756
14,7,42,Breast Cancer,228,2,no-recurrence-events,2,select_coverage_CBA_M1,,exact,45,151,45.0,151.0,24,78,no-recurrence-events,2616
14,7,49,Breast Cancer,228,2,no-recurrence-events,1,select_coverage,1.0,DAC,60,191,,,58,186,no-recurrence-events,1540
14,7,49,Breast Cancer,228,2,no-recurrence-events,1,select_coverage,1.0,exact,60,191,58.0,186.0,36,120,no-recurrence-events,3396
14,7,49,Breast Cancer,228,2,no-recurrence-events,1,select_coverage,2.0,DAC,95,320,,,90,306,no-recurrence-events,2476
14,7,49,Breast Cancer,228,2,no-recurrence-events,1,select_coverage,2.0,exact,95,320,90.0,306.0,53,180,no-recurrence-events,5400
14,7,49,Breast Cancer,228,2,no-recurrence-events,1,select_coverage,3.0,DAC,114,380,,,105,356,no-recurrence-events,2944
14,7,49,Breast Cancer,228,2,no-recurrence-events,1,select_coverage,3.0,exact,114,380,105.0,356.0,60,204,no-recurrence-events,6296
14,7,49,Breast Cancer,228,2,no-recurrence-events,1,select_coverage,4.0,DAC,130,423,,,117,393,no-recurrence-events,3308
14,7,49,Breast Cancer,228,2,no-recurrence-events,1,select_coverage,4.0,exact,130,423,117.0,393.0,66,223,no-recurrence-events,6980
14,7,49,Breast Cancer,228,2,no-recurrence-events,1,select_coverage_CBA_M1,,DAC,45,157,,,45,157,no-recurrence-events,1224
14,7,49,Breast Cancer,228,2,no-recurrence-events,1,select_coverage_CBA_M1,,exact,45,157,45.0,157.0,27,99,no-recurrence-events,2748
14,7,49,Breast Cancer,228,2,no-recurrence-events,2,select_coverage,1.0,exact,60,191,58.0,186.0,36,120,no-recurrence-events,3396
14,7,49,Breast Cancer,228,2,no-recurrence-events,2,select_coverage,2.0,exact,95,320,90.0,306.0,53,180,no-recurrence-events,5400
14,7,49,Breast Cancer,228,2,no-recurrence-events,2,select_coverage,3.0,exact,114,380,105.0,356.0,60,204,no-recurrence-events,6296
14,7,49,Breast Cancer,228,2,no-recurrence-events,2,select_coverage,4.0,exact,130,423,117.0,393.0,66,223,no-recurrence-events,6980
14,7,49,Breast Cancer,228,2,no-recurrence-events,2,select_coverage_CBA_M1,,exact,45,157,45.0,157.0,27,99,no-recurrence-events,2748
14,7,63,Breast Cancer,228,2,no-recurrence-events,1,select_coverage,1.0,DAC,58,183,,,52,170,no-recurrence-events,1484
14,7,63,Breast Cancer,228,2,no-recurrence-events,1,select_coverage,1.0,exact,58,183,52.0,170.0,40,120,no-recurrence-events,3156
14,7,63,Breast Cancer,228,2,no-recurrence-events,1,select_coverage,2.0,DAC,98,326,,,85,302,no-recurrence-events,2536
14,7,63,Breast Cancer,228,2,no-recurrence-events,1,select_coverage,2.0,exact,98,326,85.0,302.0,63,212,no-recurrence-events,5416
14,7,63,Breast Cancer,228,2,no-recurrence-events,1,select_coverage,3.0,DAC,120,404,,,102,370,no-recurrence-events,3112
14,7,63,Breast Cancer,228,2,no-recurrence-events,1,select_coverage,3.0,exact,120,404,102.0,370.0,73,252,no-recurrence-events,6568
14,7,63,Breast Cancer,228,2,no-recurrence-events,1,select_coverage,4.0,DAC,135,460,,,116,423,no-recurrence-events,3516
14,7,63,Breast Cancer,228,2,no-recurrence-events,1,select_coverage,4.0,exact,135,460,116.0,423.0,81,283,no-recurrence-events,7464
14,7,63,Breast Cancer,228,2,no-recurrence-events,1,select_coverage_CBA_M1,,DAC,42,151,,,41,148,no-recurrence-events,1164
14,7,63,Breast Cancer,228,2,no-recurrence-events,1,select_coverage_CBA_M1,,exact,42,151,41.0,148.0,29,98,no-recurrence-events,2588
14,7,63,Breast Cancer,228,2,no-recurrence-events,2,select_coverage,1.0,exact,58,183,52.0,170.0,40,120,no-recurrence-events,3156
14,7,63,Breast Cancer,228,2,no-recurrence-events,2,select_coverage,2.0,exact,98,326,85.0,302.0,63,212,no-recurrence-events,5416
14,7,63,Breast Cancer,228,2,no-recurrence-events,2,select_coverage,3.0,exact,120,404,102.0,370.0,73,252,no-recurrence-events,6568
14,7,63,Breast Cancer,228,2,no-recurrence-events,2,select_coverage,4.0,exact,135,460,116.0,423.0,81,283,no-recurrence-events,7464
14,7,63,Breast Cancer,228,2,no-recurrence-events,2,select_coverage_CBA_M1,,exact,40,145,40.0,145.0,28,95,no-recurrence-events,2516
14,7,64,Breast Cancer,228,2,no-recurrence-events,1,select_coverage,1.0,DAC,53,159,,,51,154,no-recurrence-events,1328
14,7,64,Breast Cancer,228,2,no-recurrence-events,1,select_coverage,1.0,exact,53,159,51.0,154.0,33,91,no-recurrence-events,2856
14,7,64,Breast Cancer,228,2,no-recurrence-events,1,select_coverage,2.0,DAC,90,290,,,84,275,no-recurrence-events,2296
14,7,64,Breast Cancer,228,2,no-recurrence-events,1,select_coverage,2.0,exact,90,290,84.0,275.0,53,164,no-recurrence-events,4948
14,7,64,Breast Cancer,228,2,no-recurrence-events,1,select_coverage,3.0,DAC,118,406,,,110,385,no-recurrence-events,3096
14,7,64,Breast Cancer,228,2,no-recurrence-events,1,select_coverage,3.0,exact,118,406,110.0,385.0,71,244,no-recurrence-events,6796
14,7,64,Breast Cancer,228,2,no-recurrence-events,1,select_coverage,4.0,DAC,141,484,,,132,462,no-recurrence-events,3684
14,7,64,Breast Cancer,228,2,no-recurrence-events,1,select_coverage,4.0,exact,141,484,132.0,462.0,87,306,no-recurrence-events,8192
14,7,64,Breast Cancer,228,2,no-recurrence-events,1,select_coverage_CBA_M1,,DAC,45,146,,,44,144,no-recurrence-events,1180
14,7,64,Breast Cancer,228,2,no-recurrence-events,1,select_coverage_CBA_M1,,exact,45,146,44.0,144.0,27,82,no-recurrence-events,2560
14,7,64,Breast Cancer,228,2,no-recurrence-events,2,select_coverage,1.0,exact,53,159,51.0,154.0,33,91,no-recurrence-events,2856
14,7,64,Breast Cancer,228,2,no-recurrence-events,2,select_coverage,2.0,exact,90,290,84.0,275.0,53,164,no-recurrence-events,4948
14,7,64,Breast Cancer,228,2,no-recurrence-events,2,select_coverage,3.0,exact,118,406,110.0,385.0,71,244,no-recurrence-events,6796
14,7,64,Breast Cancer,228,2,no-recurrence-events,2,select_coverage,4.0,exact,141,484,132.0,462.0,87,306,no-recurrence-events,8192
14,7,64,Breast Cancer,228,2,no-recurrence-events,2,select_coverage_CBA_M1,,exact,45,146,44.0,144.0,27,82,no-recurrence-events,2560
14,7,65,Breast Cancer,228,2,no-recurrence-events,1,select_coverage,1.0,DAC,61,196,,,57,190,no-recurrence-events,1572
14,7,65,Breast Cancer,228,2,no-recurrence-events,1,select_coverage,1.0,exact,61,196,57.0,190.0,30,92,no-recurrence-events,3296
14,7,65,Breast Cancer,228,2,no-recurrence-events,1,select_coverage,2.0,DAC,94,312,,,89,305,no-recurrence-events,2432
14,7,65,Breast Cancer,228,2,no-recurrence-events,1,select_coverage,2.0,exact,94,312,89.0,305.0,48,155,no-recurrence-events,5240
14,7,65,Breast Cancer,228,2,no-recurrence-events,1,select_coverage,3.0,DAC,122,419,,,113,403,no-recurrence-events,3196
14,7,65,Breast Cancer,228,2,no-recurrence-events,1,select_coverage,3.0,exact,122,419,113.0,403.0,63,217,no-recurrence-events,6884
14,7,65,Breast Cancer,228,2,no-recurrence-events,1,select_coverage,4.0,DAC,144,484,,,133,465,no-recurrence-events,3720
14,7,65,Breast Cancer,228,2,no-recurrence-events,1,select_coverage,4.0,exact,144,484,133.0,465.0,75,262,no-recurrence-events,8052
14,7,65,Breast Cancer,228,2,no-recurrence-events,1,select_coverage_CBA_M1,,DAC,52,180,,,50,176,no-recurrence-events,1400
14,7,65,Breast Cancer,228,2,no-recurrence-events,1,select_coverage_CBA_M1,,exact,52,180,50.0,176.0,26,85,no-recurrence-events,2980
14,7,65,Breast Cancer,228,2,no-recurrence-events,2,select_coverage,1.0,exact,61,196,57.0,190.0,30,92,no-recurrence-events,3296
14,7,65,Breast Cancer,228,2,no-recurrence-events,2,select_coverage,2.0,exact,94,312,89.0,305.0,48,155,no-recurrence-events,5240
14,7,65,Breast Cancer,228,2,no-recurrence-events,2,select_coverage,3.0,exact,122,419,113.0,403.0,63,217,no-recurrence-events,6884
14,7,65,Breast Cancer,228,2,no-recurrence-events,2,select_coverage,4.0,exact,144,484,133.0,465.0,75,262,no-recurrence-events,8052
14,7,65,Breast Cancer,228,2,no-recurrence-events,2,select_coverage_CBA_M1,,exact,52,180,50.0,176.0,26,85,no-recurrence-events,2980
14,7,68,Breast Cancer,228,2,no-recurrence-events,1,select_coverage,1.0,DAC,61,192,,,57,182,no-recurrence-events,1556
14,7,68,Breast Cancer,228,2,no-recurrence-events,1,select_coverage,1.0,exact,61,192,57.0,182.0,31,95,no-recurrence-events,3260
14,7,68,Breast Cancer,228,2,no-recurrence-events,1,select_coverage,2.0,DAC,102,340,,,94,318,no-recurrence-events,2640
14,7,68,Breast Cancer,228,2,no-recurrence-events,1,select_coverage,2.0,exact,102,340,94.0,318.0,58,193,no-recurrence-events,5676
14,7,68,Breast Cancer,228,2,no-recurrence-events,1,select_coverage,3.0,DAC,134,447,,,121,419,no-recurrence-events,3452
14,7,68,Breast Cancer,228,2,no-recurrence-events,1,select_coverage,3.0,exact,134,447,121.0,419.0,68,233,no-recurrence-events,7316
14,7,68,Breast Cancer,228,2,no-recurrence-events,1,select_coverage,4.0,DAC,158,515,,,141,481,no-recurrence-events,4012
14,7,68,Breast Cancer,228,2,no-recurrence-events,1,select_coverage,4.0,exact,158,515,141.0,481.0,81,273,no-recurrence-events,8476
14,7,68,Breast Cancer,228,2,no-recurrence-events,1,select_coverage_CBA_M1,,DAC,46,161,,,45,159,no-recurrence-events,1252
14,7,68,Breast Cancer,228,2,no-recurrence-events,1,select_coverage_CBA_M1,,exact,46,161,45.0,159.0,23,80,no-recurrence-events,2696
14,7,68,Breast Cancer,228,2,no-recurrence-events,2,select_coverage,1.0,exact,61,192,57.0,182.0,31,95,no-recurrence-events,3260
14,7,68,Breast Cancer,228,2,no-recurrence-events,2,select_coverage,2.0,exact,102,340,94.0,318.0,58,193,no-recurrence-events,5676
14,7,68,Breast Cancer,228,2,no-recurrence-events,2,select_coverage,3.0,exact,134,447,121.0,419.0,68,233,no-recurrence-events,7316
14,7,68,Breast Cancer,228,2,no-recurrence-events,2,select_coverage,4.0,exact,158,515,141.0,481.0,81,273,no-recurrence-events,8476
14,7,68,Breast Cancer,228,2,no-recurrence-events,2,select_coverage_CBA_M1,,exact,46,161,45.0,159.0,23,80,no-recurrence-events,2696
14,7,74,Breast Cancer,228,2,no-recurrence-events,1,select_coverage,1.0,DAC,56,185,,,55,181,no-recurrence-events,1468
14,7,74,Breast Cancer,228,2,no-recurrence-events,1,select_coverage,1.0,exact,56,185,55.0,181.0,28,91,no-recurrence-events,3164
14,7,74,Breast Cancer,228,2,no-recurrence-events,1,select_coverage,2.0,DAC,88,312,,,86,307,no-recurrence-events,2360
14,7,74,Breast Cancer,228,2,no-recurrence-events,1,select_coverage,2.0,exact,88,312,86.0,307.0,45,162,no-recurrence-events,5204
14,7,74,Breast Cancer,228,2,no-recurrence-events,1,select_coverage,3.0,DAC,105,389,,,103,384,no-recurrence-events,2872
14,7,74,Breast Cancer,228,2,no-recurrence-events,1,select_coverage,3.0,exact,105,389,103.0,384.0,58,221,no-recurrence-events,6464
14,7,74,Breast Cancer,228,2,no-recurrence-events,1,select_coverage,4.0,DAC,117,432,,,113,422,no-recurrence-events,3188
14,7,74,Breast Cancer,228,2,no-recurrence-events,1,select_coverage,4.0,exact,117,432,113.0,422.0,65,247,no-recurrence-events,7132
14,7,74,Breast Cancer,228,2,no-recurrence-events,1,select_coverage_CBA_M1,,DAC,48,170,,,47,166,no-recurrence-events,1312
14,7,74,Breast Cancer,228,2,no-recurrence-events,1,select_coverage_CBA_M1,,exact,48,170,47.0,166.0,23,82,no-recurrence-events,2816
14,7,74,Breast Cancer,228,2,no-recurrence-events,2,select_coverage,1.0,exact,56,185,55.0,181.0,28,91,no-recurrence-events,3164
14,7,74,Breast Cancer,228,2,no-recurrence-events,2,select_coverage,2.0,exact,88,312,86.0,307.0,45,162,no-recurrence-events,5204
14,7,74,Breast Cancer,228,2,no-recurrence-events,2,select_coverage,3.0,exact,105,389,103.0,384.0,58,221,no-recurrence-events,6464
14,7,74,Breast Cancer,228,2,no-recurrence-events,2,select_coverage,4.0,exact,117,432,113.0,422.0,65,247,no-recurrence-events,7132
14,7,74,Breast Cancer,228,2,no-recurrence-events,2,select_coverage_CBA_M1,,exact,48,170,47.0,166.0,23,82,no-recurrence-events,2816
14,7,76,Breast Cancer,228,2,no-recurrence-events,1,select_coverage,1.0,DAC,56,186,,,51,174,no-recurrence-events,1472
14,7,76,Breast Cancer,228,2,no-recurrence-events,1,select_coverage,1.0,exact,56,186,51.0,174.0,31,99,no-recurrence-events,3076
14,7,76,Breast Cancer,228,2,no-recurrence-events,1,select_coverage,2.0,DAC,99,357,,,89,328,no-recurrence-events,2672
14,7,76,Breast Cancer,228,2,no-recurrence-events,1,select_coverage,2.0,exact,99,357,89.0,328.0,55,193,no-recurrence-events,5664
14,7,76,Breast Cancer,228,2,no-recurrence-events,1,select_coverage,3.0,DAC,120,438,,,109,407,no-recurrence-events,3248
14,7,76,Breast Cancer,228,2,no-recurrence-events,1,select_coverage,3.0,exact,120,438,109.0,407.0,67,238,no-recurrence-events,6964
14,7,76,Breast Cancer,228,2,no-recurrence-events,1,select_coverage,4.0,DAC,140,511,,,124,470,no-recurrence-events,3780
14,7,76,Breast Cancer,228,2,no-recurrence-events,1,select_coverage,4.0,exact,140,511,124.0,470.0,73,262,no-recurrence-events,7964
14,7,76,Breast Cancer,228,2,no-recurrence-events,1,select_coverage_CBA_M1,,DAC,47,167,,,45,161,no-recurrence-events,1288
14,7,76,Breast Cancer,228,2,no-recurrence-events,1,select_coverage_CBA_M1,,exact,47,167,45.0,161.0,25,86,no-recurrence-events,2752
14,7,76,Breast Cancer,228,2,no-recurrence-events,2,select_coverage,1.0,exact,56,186,51.0,174.0,31,99,no-recurrence-events,3076
14,7,76,Breast Cancer,228,2,no-recurrence-events,2,select_coverage,2.0,exact,99,357,89.0,328.0,55,193,no-recurrence-events,5664
14,7,76,Breast Cancer,228,2,no-recurrence-events,2,select_coverage,3.0,exact,120,438,109.0,407.0,67,238,no-recurrence-events,6964
14,7,76,Breast Cancer,228,2,no-recurrence-events,2,select_coverage,4.0,exact,140,511,124.0,470.0,73,262,no-recurrence-events,7964
14,7,76,Breast Cancer,228,2,no-recurrence-events,2,select_coverage_CBA_M1,,exact,47,167,45.0,161.0,25,86,no-recurrence-events,2752
14,7,100,Breast Cancer,228,2,no-recurrence-events,1,select_coverage,1.0,DAC,62,204,,,57,191,no-recurrence-events,1616
14,7,100,Breast Cancer,228,2,no-recurrence-events,1,select_coverage,1.0,exact,62,204,57.0,191.0,34,112,no-recurrence-events,3412
14,7,100,Breast Cancer,228,2,no-recurrence-events,1,select_coverage,2.0,DAC,99,347,,,89,320,no-recurrence-events,2632
14,7,100,Breast Cancer,228,2,no-recurrence-events,1,select_coverage,2.0,exact,99,347,88.0,315.0,54,188,no-recurrence-events,5528
14,7,100,Breast Cancer,228,2,no-recurrence-events,1,select_coverage,3.0,DAC,116,417,,,105,388,no-recurrence-events,3116
14,7,100,Breast Cancer,228,2,no-recurrence-events,1,select_coverage,3.0,exact,116,417,104.0,383.0,61,217,no-recurrence-events,6580
14,7,100,Breast Cancer,228,2,no-recurrence-events,1,select_coverage,4.0,DAC,137,488,,,124,455,no-recurrence-events,3652
14,7,100,Breast Cancer,228,2,no-recurrence-events,1,select_coverage,4.0,exact,137,488,123.0,450.0,72,253,no-recurrence-events,7732
14,7,100,Breast Cancer,228,2,no-recurrence-events,1,select_coverage_CBA_M1,,DAC,49,174,,,49,174,no-recurrence-events,1340
14,7,100,Breast Cancer,228,2,no-recurrence-events,1,select_coverage_CBA_M1,,exact,49,174,49.0,174.0,27,96,no-recurrence-events,2968
14,7,100,Breast Cancer,228,2,no-recurrence-events,2,select_coverage,1.0,exact,62,204,57.0,191.0,34,112,no-recurrence-events,3412
14,7,100,Breast Cancer,228,2,no-recurrence-events,2,select_coverage,2.0,exact,99,347,88.0,315.0,54,188,no-recurrence-events,5528
14,7,100,Breast Cancer,228,2,no-recurrence-events,2,select_coverage,3.0,exact,116,417,104.0,383.0,61,217,no-recurrence-events,6580
14,7,100,Breast Cancer,228,2,no-recurrence-events,2,select_coverage,4.0,exact,137,488,123.0,450.0,72,253,no-recurrence-events,7732
14,7,100,Breast Cancer,228,2,no-recurrence-events,2,select_coverage_CBA_M1,,exact,49,174,49.0,174.0,27,96,no-recurrence-events,2968
14,7,114,Breast Cancer,228,2,no-recurrence-events,1,select_coverage,1.0,DAC,56,188,,,53,183,no-recurrence-events,1480
14,7,114,Breast Cancer,228,2,no-recurrence-events,1,select_coverage,1.0,exact,56,188,53.0,183.0,33,101,no-recurrence-events,3176
14,7,114,Breast Cancer,228,2,no-recurrence-events,1,select_coverage,2.0,DAC,90,319,,,81,302,no-recurrence-events,2412
14,7,114,Breast Cancer,228,2,no-recurrence-events,1,select_coverage,2.0,exact,90,319,81.0,302.0,49,173,no-recurrence-events,5136
14,7,114,Breast Cancer,228,2,no-recurrence-events,1,select_coverage,3.0,DAC,113,401,,,102,381,no-recurrence-events,3016
14,7,114,Breast Cancer,228,2,no-recurrence-events,1,select_coverage,3.0,exact,113,401,102.0,381.0,64,230,no-recurrence-events,6512
14,7,114,Breast Cancer,228,2,no-recurrence-events,1,select_coverage,4.0,DAC,126,439,,,113,415,no-recurrence-events,3324
14,7,114,Breast Cancer,228,2,no-recurrence-events,1,select_coverage,4.0,exact,126,439,113.0,415.0,72,252,no-recurrence-events,7152
14,7,114,Breast Cancer,228,2,no-recurrence-events,1,select_coverage_CBA_M1,,DAC,44,167,,,43,165,no-recurrence-events,1252
14,7,114,Breast Cancer,228,2,no-recurrence-events,1,select_coverage_CBA_M1,,exact,44,167,43.0,165.0,24,85,no-recurrence-events,2716
14,7,114,Breast Cancer,228,2,no-recurrence-events,2,select_coverage,1.0,exact,56,188,53.0,183.0,33,101,no-recurrence-events,3176
14,7,114,Breast Cancer,228,2,no-recurrence-events,2,select_coverage,2.0,exact,90,319,81.0,302.0,49,173,no-recurrence-events,5136
14,7,114,Breast Cancer,228,2,no-recurrence-events,2,select_coverage,3.0,exact,113,401,102.0,381.0,64,230,no-recurrence-events,6512
14,7,114,Breast Cancer,228,2,no-recurrence-events,2,select_coverage,4.0,exact,126,439,113.0,415.0,72,252,no-recurrence-events,7152
14,7,114,Breast Cancer,228,2,no-recurrence-events,2,select_coverage_CBA_M1,,exact,42,162,41.0,160.0,22,80,no-recurrence-events,2608
14,7,133,Breast Cancer,228,2,no-recurrence-events,1,select_coverage,1.0,DAC,64,223,,,61,216,no-recurrence-events,1716
14,7,133,Breast Cancer,228,2,no-recurrence-events,1,select_coverage,1.0,exact,64,223,61.0,216.0,30,78,no-recurrence-events,3548
14,7,133,Breast Cancer,228,2,no-recurrence-events,1,select_coverage,2.0,DAC,96,344,,,90,327,no-recurrence-events,2584
14,7,133,Breast Cancer,228,2,no-recurrence-events,1,select_coverage,2.0,exact,96,344,90.0,327.0,44,130,no-recurrence-events,5380
14,7,133,Breast Cancer,228,2,no-recurrence-events,1,select_coverage,3.0,DAC,120,438,,,112,418,no-recurrence-events,3248
14,7,133,Breast Cancer,228,2,no-recurrence-events,1,select_coverage,3.0,exact,120,438,112.0,418.0,57,182,no-recurrence-events,6856
14,7,133,Breast Cancer,228,2,no-recurrence-events,1,select_coverage,4.0,DAC,132,485,,,124,465,no-recurrence-events,3580
14,7,133,Breast Cancer,228,2,no-recurrence-events,1,select_coverage,4.0,exact,132,485,124.0,465.0,64,207,no-recurrence-events,7620
14,7,133,Breast Cancer,228,2,no-recurrence-events,1,select_coverage_CBA_M1,,DAC,51,195,,,51,195,no-recurrence-events,1448
14,7,133,Breast Cancer,228,2,no-recurrence-events,1,select_coverage_CBA_M1,,exact,51,195,51.0,195.0,20,57,no-recurrence-events,3028
14,7,133,Breast Cancer,228,2,no-recurrence-events,2,select_coverage,1.0,exact,64,223,61.0,216.0,30,78,no-recurrence-events,3548
14,7,133,Breast Cancer,228,2,no-recurrence-events,2,select_coverage,2.0,exact,96,344,90.0,327.0,44,130,no-recurrence-events,5380
14,7,133,Breast Cancer,228,2,no-recurrence-events,2,select_coverage,3.0,exact,120,438,112.0,418.0,57,182,no-recurrence-events,6856
14,7,133,Breast Cancer,228,2,no-recurrence-events,2,select_coverage,4.0,exact,132,485,124.0,465.0,64,207,no-recurrence-events,7620
14,7,133,Breast Cancer,228,2,no-recurrence-events,2,select_coverage_CBA_M1,,exact,51,195,51.0,195.0,20,57,no-recurrence-events,3028
14,7,138,Breast Cancer,228,2,no-recurrence-events,1,select_coverage,1.0,DAC,60,175,,,56,165,no-recurrence-events,1476
14,7,138,Breast Cancer,228,2,no-recurrence-events,1,select_coverage,1.0,exact,60,175,56.0,165.0,33,102,no-recurrence-events,3128
14,7,138,Breast Cancer,228,2,no-recurrence-events,1,select_coverage,2.0,DAC,94,306,,,85,287,no-recurrence-events,2408
14,7,138,Breast Cancer,228,2,no-recurrence-events,1,select_coverage,2.0,exact,94,306,85.0,287.0,55,190,no-recurrence-events,5188
14,7,138,Breast Cancer,228,2,no-recurrence-events,1,select_coverage,3.0,DAC,117,390,,,104,363,no-recurrence-events,3020
14,7,138,Breast Cancer,228,2,no-recurrence-events,1,select_coverage,3.0,exact,117,390,104.0,363.0,66,238,no-recurrence-events,6476
14,7,138,Breast Cancer,228,2,no-recurrence-events,1,select_coverage,4.0,DAC,134,446,,,119,416,no-recurrence-events,3448
14,7,138,Breast Cancer,228,2,no-recurrence-events,1,select_coverage,4.0,exact,134,446,119.0,416.0,75,271,no-recurrence-events,7404
14,7,138,Breast Cancer,228,2,no-recurrence-events,1,select_coverage_CBA_M1,,DAC,48,157,,,46,151,no-recurrence-events,1260
14,7,138,Breast Cancer,228,2,no-recurrence-events,1,select_coverage_CBA_M1,,exact,48,157,46.0,151.0,27,92,no-recurrence-events,2720
14,7,138,Breast Cancer,228,2,no-recurrence-events,2,select_coverage,1.0,exact,60,175,56.0,165.0,33,102,no-recurrence-events,3128
14,7,138,Breast Cancer,228,2,no-recurrence-events,2,select_coverage,2.0,exact,94,306,85.0,287.0,55,190,no-recurrence-events,5188
14,7,138,Breast Cancer,228,2,no-recurrence-events,2,select_coverage,3.0,exact,117,390,104.0,363.0,66,238,no-recurrence-events,6476
14,7,138,Breast Cancer,228,2,no-recurrence-events,2,select_coverage,4.0,exact,134,446,119.0,416.0,75,271,no-recurrence-events,7404
14,7,138,Breast Cancer,228,2,no-recurrence-events,2,select_coverage_CBA_M1,,exact,48,157,46.0,151.0,27,92,no-recurrence-events,2720
14,7,148,Breast Cancer,228,2,no-recurrence-events,1,select_coverage,1.0,DAC,61,199,,,57,187,no-recurrence-events,1584
14,7,148,Breast Cancer,228,2,no-recurrence-events,1,select_coverage,1.0,exact,61,199,57.0,187.0,31,103,no-recurrence-events,3340
14,7,148,Breast Cancer,228,2,no-recurrence-events,1,select_coverage,2.0,DAC,91,308,,,86,294,no-recurrence-events,2380
14,7,148,Breast Cancer,228,2,no-recurrence-events,1,select_coverage,2.0,exact,91,308,86.0,294.0,41,143,no-recurrence-events,5060
14,7,148,Breast Cancer,228,2,no-recurrence-events,1,select_coverage,3.0,DAC,110,375,,,103,356,no-recurrence-events,2876
14,7,148,Breast Cancer,228,2,no-recurrence-events,1,select_coverage,3.0,exact,110,375,103.0,356.0,49,170,no-recurrence-events,6092
14,7,148,Breast Cancer,228,2,no-recurrence-events,1,select_coverage,4.0,DAC,125,419,,,118,400,no-recurrence-events,3232
14,7,148,Breast Cancer,228,2,no-recurrence-events,1,select_coverage,4.0,exact,125,419,118.0,400.0,58,197,no-recurrence-events,6912
14,7,148,Breast Cancer,228,2,no-recurrence-events,1,select_coverage_CBA_M1,,DAC,50,178,,,48,171,no-recurrence-events,1368
14,7,148,Breast Cancer,228,2,no-recurrence-events,1,select_coverage_CBA_M1,,exact,50,178,48.0,171.0,26,95,no-recurrence-events,2944
14,7,148,Breast Cancer,228,2,no-recurrence-events,2,select_coverage,1.0,exact,61,199,57.0,187.0,31,103,no-recurrence-events,3340
14,7,148,Breast Cancer,228,2,no-recurrence-events,2,select_coverage,2.0,exact,91,308,86.0,294.0,41,143,no-recurrence-events,5060
14,7,148,Breast Cancer,228,2,no-recurrence-events,2,select_coverage,3.0,exact,110,375,103.0,356.0,49,170,no-recurrence-events,6092
14,7,148,Breast Cancer,228,2,no-recurrence-events,2,select_coverage,4.0,exact,125,419,118.0,400.0,58,197,no-recurrence-events,6912
14,7,148,Breast Cancer,228,2,no-recurrence-events,2,select_coverage_CBA_M1,,exact,50,178,48.0,171.0,26,95,no-recurrence-events,2944
14,8,5,Breast Cancer,228,2,no-recurrence-events,1,select_coverage,1.0,DAC,61,194,,,53,174,no-recurrence-events,1572
14,8,5,Breast Cancer,228,2,no-recurrence-events,1,select_coverage,1.0,exact,61,194,53.0,174.0,26,80,no-recurrence-events,3080
14,8,5,Breast Cancer,228,2,no-recurrence-events,1,select_coverage,2.0,DAC,89,304,,,79,279,no-recurrence-events,2348
14,8,5,Breast Cancer,228,2,no-recurrence-events,1,select_coverage,2.0,exact,89,304,78.0,278.0,38,126,no-recurrence-events,4720
14,8,5,Breast Cancer,228,2,no-recurrence-events,1,select_coverage,3.0,DAC,105,359,,,95,334,no-recurrence-events,2760
14,8,5,Breast Cancer,228,2,no-recurrence-events,1,select_coverage,3.0,exact,105,359,94.0,333.0,45,148,no-recurrence-events,5632
14,8,5,Breast Cancer,228,2,no-recurrence-events,1,select_coverage,4.0,DAC,116,395,,,106,370,no-recurrence-events,3036
14,8,5,Breast Cancer,228,2,no-recurrence-events,1,select_coverage,4.0,exact,116,395,105.0,369.0,48,162,no-recurrence-events,6240
14,8,5,Breast Cancer,228,2,no-recurrence-events,1,select_coverage_CBA_M1,,DAC,47,164,,,45,158,no-recurrence-events,1284
14,8,5,Breast Cancer,228,2,no-recurrence-events,1,select_coverage_CBA_M1,,exact,47,164,45.0,158.0,19,67,no-recurrence-events,2652
14,8,5,Breast Cancer,228,2,no-recurrence-events,2,select_coverage,1.0,exact,61,194,53.0,174.0,26,80,no-recurrence-events,3080
14,8,5,Breast Cancer,228,2,no-recurrence-events,2,select_coverage,2.0,exact,89,304,78.0,278.0,38,126,no-recurrence-events,4720
14,8,5,Breast Cancer,228,2,no-recurrence-events,2,select_coverage,3.0,exact,105,359,94.0,333.0,45,148,no-recurrence-events,5632
14,8,5,Breast Cancer,228,2,no-recurrence-events,2,select_coverage,4.0,exact,116,395,105.0,369.0,48,162,no-recurrence-events,6240
14,8,5,Breast Cancer,228,2,no-recurrence-events,2,select_coverage_CBA_M1,,exact,47,164,45.0,158.0,19,67,no-recurrence-events,2652
14,8,14,Breast Cancer,228,2,no-recurrence-events,1,select_coverage,1.0,DAC,45,143,,,42,137,no-recurrence-events,1176
14,8,14,Breast Cancer,228,2,no-recurrence-events,1,select_coverage,1.0,exact,45,143,42.0,137.0,27,86,no-recurrence-events,2488
14,8,14,Breast Cancer,228,2,no-recurrence-events,1,select_coverage,2.0,DAC,71,238,,,65,226,no-recurrence-events,1868
14,8,14,Breast Cancer,228,2,no-recurrence-events,1,select_coverage,2.0,exact,71,238,65.0,226.0,40,141,no-recurrence-events,3996
14,8,14,Breast Cancer,228,2,no-recurrence-events,1,select_coverage,3.0,DAC,87,293,,,80,279,no-recurrence-events,2280
14,8,14,Breast Cancer,228,2,no-recurrence-events,1,select_coverage,3.0,exact,87,293,80.0,279.0,50,178,no-recurrence-events,4936
14,8,14,Breast Cancer,228,2,no-recurrence-events,1,select_coverage,4.0,DAC,101,339,,,92,321,no-recurrence-events,2632
14,8,14,Breast Cancer,228,2,no-recurrence-events,1,select_coverage,4.0,exact,101,339,92.0,321.0,59,211,no-recurrence-events,5708
14,8,14,Breast Cancer,228,2,no-recurrence-events,1,select_coverage_CBA_M1,,DAC,32,119,,,32,119,no-recurrence-events,924
14,8,14,Breast Cancer,228,2,no-recurrence-events,1,select_coverage_CBA_M1,,exact,32,119,32.0,119.0,18,69,no-recurrence-events,2012
14,8,14,Breast Cancer,228,2,no-recurrence-events,2,select_coverage,1.0,exact,45,143,42.0,137.0,27,86,no-recurrence-events,2488
14,8,14,Breast Cancer,228,2,no-recurrence-events,2,select_coverage,2.0,exact,71,238,65.0,226.0,40,141,no-recurrence-events,3996
14,8,14,Breast Cancer,228,2,no-recurrence-events,2,select_coverage,3.0,exact,87,293,80.0,279.0,50,178,no-recurrence-events,4936
14,8,14,Breast Cancer,228,2,no-recurrence-events,2,select_coverage,4.0,exact,101,339,92.0,321.0,59,211,no-recurrence-events,5708
14,8,14,Breast Cancer,228,2,no-recurrence-events,2,select_coverage_CBA_M1,,exact,32,119,32.0,119.0,18,69,no-recurrence-events,2012
14,8,17,Breast Cancer,228,2,no-recurrence-events,1,select_coverage,1.0,DAC,56,171,,,54,166,no-recurrence-events,1420
14,8,17,Breast Cancer,228,2,no-recurrence-events,1,select_coverage,1.0,exact,56,171,54.0,166.0,28,79,no-recurrence-events,2976
14,8,17,Breast Cancer,228,2,no-recurrence-events,1,select_coverage,2.0,DAC,101,342,,,94,320,no-recurrence-events,2644
14,8,17,Breast Cancer,228,2,no-recurrence-events,1,select_coverage,2.0,exact,101,342,94.0,320.0,52,170,no-recurrence-events,5600
14,8,17,Breast Cancer,228,2,no-recurrence-events,1,select_coverage,3.0,DAC,131,461,,,120,432,no-recurrence-events,3480
14,8,17,Breast Cancer,228,2,no-recurrence-events,1,select_coverage,3.0,exact,131,461,120.0,432.0,68,238,no-recurrence-events,7420
14,8,17,Breast Cancer,228,2,no-recurrence-events,1,select_coverage,4.0,DAC,158,549,,,144,514,no-recurrence-events,4156
14,8,17,Breast Cancer,228,2,no-recurrence-events,1,select_coverage,4.0,exact,158,549,144.0,514.0,80,277,no-recurrence-events,8832
14,8,17,Breast Cancer,228,2,no-recurrence-events,1,select_coverage_CBA_M1,,DAC,42,145,,,41,143,no-recurrence-events,1148
14,8,17,Breast Cancer,228,2,no-recurrence-events,1,select_coverage_CBA_M1,,exact,42,145,41.0,143.0,20,64,no-recurrence-events,2408
14,8,17,Breast Cancer,228,2,no-recurrence-events,2,select_coverage,1.0,exact,56,171,54.0,166.0,28,79,no-recurrence-events,2976
14,8,17,Breast Cancer,228,2,no-recurrence-events,2,select_coverage,2.0,exact,101,342,94.0,320.0,52,170,no-recurrence-events,5600
14,8,17,Breast Cancer,228,2,no-recurrence-events,2,select_coverage,3.0,exact,131,461,120.0,432.0,68,238,no-recurrence-events,7420
14,8,17,Breast Cancer,228,2,no-recurrence-events,2,select_coverage,4.0,exact,158,549,144.0,514.0,80,277,no-recurrence-events,8832
14,8,17,Breast Cancer,228,2,no-recurrence-events,2,select_coverage_CBA_M1,,exact,42,145,41.0,143.0,20,64,no-recurrence-events,2408
14,8,19,Breast Cancer,228,2,no-recurrence-events,1,select_coverage,1.0,DAC,63,200,,,57,186,no-recurrence-events,1620
14,8,19,Breast Cancer,228,2,no-recurrence-events,1,select_coverage,1.0,exact,63,200,57.0,186.0,30,93,no-recurrence-events,3300
14,8,19,Breast Cancer,228,2,no-recurrence-events,1,select_coverage,2.0,DAC,106,355,,,92,320,no-recurrence-events,2756
14,8,19,Breast Cancer,228,2,no-recurrence-events,1,select_coverage,2.0,exact,106,355,92.0,320.0,46,146,no-recurrence-events,5508
14,8,19,Breast Cancer,228,2,no-recurrence-events,1,select_coverage,3.0,DAC,130,434,,,112,391,no-recurrence-events,3360
14,8,19,Breast Cancer,228,2,no-recurrence-events,1,select_coverage,3.0,exact,130,434,111.0,389.0,60,199,no-recurrence-events,6768
14,8,19,Breast Cancer,228,2,no-recurrence-events,1,select_coverage,4.0,DAC,149,488,,,127,435,no-recurrence-events,3804
14,8,19,Breast Cancer,228,2,no-recurrence-events,1,select_coverage,4.0,exact,149,488,126.0,433.0,65,214,no-recurrence-events,7580
14,8,19,Breast Cancer,228,2,no-recurrence-events,1,select_coverage_CBA_M1,,DAC,51,181,,,49,173,no-recurrence-events,1400
14,8,19,Breast Cancer,228,2,no-recurrence-events,1,select_coverage_CBA_M1,,exact,51,181,49.0,173.0,24,82,no-recurrence-events,2936
14,8,19,Breast Cancer,228,2,no-recurrence-events,2,select_coverage,1.0,exact,63,200,57.0,186.0,30,93,no-recurrence-events,3300
14,8,19,Breast Cancer,228,2,no-recurrence-events,2,select_coverage,2.0,exact,106,355,92.0,320.0,46,146,no-recurrence-events,5508
14,8,19,Breast Cancer,228,2,no-recurrence-events,2,select_coverage,3.0,exact,130,434,111.0,389.0,60,199,no-recurrence-events,6768
14,8,19,Breast Cancer,228,2,no-recurrence-events,2,select_coverage,4.0,exact,149,488,126.0,433.0,65,214,no-recurrence-events,7580
14,8,19,Breast Cancer,228,2,no-recurrence-events,2,select_coverage_CBA_M1,,exact,51,181,49.0,173.0,24,82,no-recurrence-events,2936
14,8,29,Breast Cancer,228,2,no-recurrence-events,1,select_coverage,1.0,DAC,60,218,,,56,208,no-recurrence-events,1656
14,8,29,Breast Cancer,228,2,no-recurrence-events,1,select_coverage,1.0,exact,60,218,56.0,208.0,34,122,no-recurrence-events,3552
14,8,29,Breast Cancer,228,2,no-recurrence-events,1,select_coverage,2.0,DAC,91,334,,,84,316,no-recurrence-events,2492
14,8,29,Breast Cancer,228,2,no-recurrence-events,1,select_coverage,2.0,exact,91,334,84.0,316.0,48,170,no-recurrence-events,5312
14,8,29,Breast Cancer,228,2,no-recurrence-events,1,select_coverage,3.0,DAC,115,418,,,104,391,no-recurrence-events,3116
14,8,29,Breast Cancer,228,2,no-recurrence-events,1,select_coverage,3.0,exact,115,418,104.0,391.0,59,204,no-recurrence-events,6564
14,8,29,Breast Cancer,228,2,no-recurrence-events,1,select_coverage,4.0,DAC,129,474,,,114,441,no-recurrence-events,3508
14,8,29,Breast Cancer,228,2,no-recurrence-events,1,select_coverage,4.0,exact,129,474,114.0,441.0,64,231,no-recurrence-events,7336
14,8,29,Breast Cancer,228,2,no-recurrence-events,1,select_coverage_CBA_M1,,DAC,46,191,,,45,187,no-recurrence-events,1380
14,8,29,Breast Cancer,228,2,no-recurrence-events,1,select_coverage_CBA_M1,,exact,46,191,45.0,187.0,26,108,no-recurrence-events,3040
14,8,29,Breast Cancer,228,2,no-recurrence-events,2,select_coverage,1.0,exact,60,218,56.0,208.0,34,122,no-recurrence-events,3552
14,8,29,Breast Cancer,228,2,no-recurrence-events,2,select_coverage,2.0,exact,91,334,84.0,316.0,48,170,no-recurrence-events,5312
14,8,29,Breast Cancer,228,2,no-recurrence-events,2,select_coverage,3.0,exact,115,418,104.0,391.0,59,204,no-recurrence-events,6564
14,8,29,Breast Cancer,228,2,no-recurrence-events,2,select_coverage,4.0,exact,129,474,114.0,441.0,64,231,no-recurrence-events,7336
14,8,29,Breast Cancer,228,2,no-recurrence-events,2,select_coverage_CBA_M1,,exact,46,191,45.0,187.0,26,108,no-recurrence-events,3040
14,8,31,Breast Cancer,228,2,no-recurrence-events,1,select_coverage,1.0,DAC,54,186,,,51,180,no-recurrence-events,1456
14,8,31,Breast Cancer,228,2,no-recurrence-events,1,select_coverage,1.0,exact,54,186,51.0,180.0,26,91,no-recurrence-events,3068
14,8,31,Breast Cancer,228,2,no-recurrence-events,1,select_coverage,2.0,DAC,81,288,,,74,273,no-recurrence-events,2188
14,8,31,Breast Cancer,228,2,no-recurrence-events,1,select_coverage,2.0,exact,81,288,74.0,273.0,39,146,no-recurrence-events,4620
14,8,31,Breast Cancer,228,2,no-recurrence-events,1,select_coverage,3.0,DAC,101,356,,,90,333,no-recurrence-events,2700
14,8,31,Breast Cancer,228,2,no-recurrence-events,1,select_coverage,3.0,exact,101,356,90.0,333.0,46,169,no-recurrence-events,5608
14,8,31,Breast Cancer,228,2,no-recurrence-events,1,select_coverage,4.0,DAC,111,390,,,98,364,no-recurrence-events,2956
14,8,31,Breast Cancer,228,2,no-recurrence-events,1,select_coverage,4.0,exact,111,390,98.0,364.0,52,188,no-recurrence-events,6136
14,8,31,Breast Cancer,228,2,no-recurrence-events,1,select_coverage_CBA_M1,,DAC,33,128,,,33,128,no-recurrence-events,972
14,8,31,Breast Cancer,228,2,no-recurrence-events,1,select_coverage_CBA_M1,,exact,33,128,33.0,128.0,15,59,no-recurrence-events,2068
14,8,31,Breast Cancer,228,2,no-recurrence-events,2,select_coverage,1.0,exact,54,186,51.0,180.0,26,91,no-recurrence-events,3068
14,8,31,Breast Cancer,228,2,no-recurrence-events,2,select_coverage,2.0,exact,81,288,74.0,273.0,39,146,no-recurrence-events,4620
14,8,31,Breast Cancer,228,2,no-recurrence-events,2,select_coverage,3.0,exact,101,356,90.0,333.0,46,169,no-recurrence-events,5608
14,8,31,Breast Cancer,228,2,no-recurrence-events,2,select_coverage,4.0,exact,111,390,98.0,364.0,52,188,no-recurrence-events,6136
14,8,31,Breast Cancer,228,2,no-recurrence-events,2,select_coverage_CBA_M1,,exact,33,128,33.0,128.0,15,59,no-recurrence-events,2068
14,8,34,Breast Cancer,228,2,no-recurrence-events,1,select_coverage,1.0,DAC,56,169,,,55,167,no-recurrence-events,1412
14,8,34,Breast Cancer,228,2,no-recurrence-events,1,select_coverage,1.0,exact,56,169,55.0,167.0,26,77,no-recurrence-events,2988
14,8,34,Breast Cancer,228,2,no-recurrence-events,1,select_coverage,2.0,DAC,102,327,,,96,310,no-recurrence-events,2596
14,8,34,Breast Cancer,228,2,no-recurrence-events,1,select_coverage,2.0,exact,102,327,96.0,310.0,48,152,no-recurrence-events,5476
14,8,34,Breast Cancer,228,2,no-recurrence-events,1,select_coverage,3.0,DAC,138,452,,,128,425,no-recurrence-events,3528
14,8,34,Breast Cancer,228,2,no-recurrence-events,1,select_coverage,3.0,exact,138,452,128.0,425.0,64,206,no-recurrence-events,7420
14,8,34,Breast Cancer,228,2,no-recurrence-events,1,select_coverage,4.0,DAC,156,526,,,143,493,no-recurrence-events,4040
14,8,34,Breast Cancer,228,2,no-recurrence-events,1,select_coverage,4.0,exact,156,526,143.0,493.0,73,247,no-recurrence-events,8512
14,8,34,Breast Cancer,228,2,no-recurrence-events,1,select_coverage_CBA_M1,,DAC,46,149,,,46,149,no-recurrence-events,1212
14,8,34,Breast Cancer,228,2,no-recurrence-events,1,select_coverage_CBA_M1,,exact,46,149,46.0,149.0,19,61,no-recurrence-events,2556
14,8,34,Breast Cancer,228,2,no-recurrence-events,2,select_coverage,1.0,exact,56,169,55.0,167.0,26,77,no-recurrence-events,2988
14,8,34,Breast Cancer,228,2,no-recurrence-events,2,select_coverage,2.0,exact,102,327,96.0,310.0,48,152,no-recurrence-events,5476
14,8,34,Breast Cancer,228,2,no-recurrence-events,2,select_coverage,3.0,exact,138,452,128.0,425.0,64,206,no-recurrence-events,7420
14,8,34,Breast Cancer,228,2,no-recurrence-events,2,select_coverage,4.0,exact,156,526,143.0,493.0,73,247,no-recurrence-events,8512
14,8,34,Breast Cancer,228,2,no-recurrence-events,2,select_coverage_CBA_M1,,exact,46,149,46.0,149.0,19,61,no-recurrence-events,2556
14,8,42,Breast Cancer,228,2,no-recurrence-events,1,select_coverage,1.0,DAC,51,155,,,48,149,no-recurrence-events,1296
14,8,42,Breast Cancer,228,2,no-recurrence-events,1,select_coverage,1.0,exact,51,155,48.0,149.0,30,81,no-recurrence-events,2708
14,8,42,Breast Cancer,228,2,no-recurrence-events,1,select_coverage,2.0,DAC,81,261,,,73,242,no-recurrence-events,2080
14,8,42,Breast Cancer,228,2,no-recurrence-events,1,select_coverage,2.0,exact,81,261,73.0,242.0,44,134,no-recurrence-events,4316
14,8,42,Breast Cancer,228,2,no-recurrence-events,1,select_coverage,3.0,DAC,107,347,,,97,323,no-recurrence-events,2736
14,8,42,Breast Cancer,228,2,no-recurrence-events,1,select_coverage,3.0,exact,107,347,97.0,323.0,59,180,no-recurrence-events,5744
14,8,42,Breast Cancer,228,2,no-recurrence-events,1,select_coverage,4.0,DAC,122,399,,,107,367,no-recurrence-events,3124
14,8,42,Breast Cancer,228,2,no-recurrence-events,1,select_coverage,4.0,exact,122,399,107.0,367.0,65,210,no-recurrence-events,6488
14,8,42,Breast Cancer,228,2,no-recurrence-events,1,select_coverage_CBA_M1,,DAC,36,123,,,36,123,no-recurrence-events,988
14,8,42,Breast Cancer,228,2,no-recurrence-events,1,select_coverage_CBA_M1,,exact,36,123,36.0,123.0,19,58,no-recurrence-events,2096
14,8,42,Breast Cancer,228,2,no-recurrence-events,2,select_coverage,1.0,exact,51,155,48.0,149.0,30,81,no-recurrence-events,2708
14,8,42,Breast Cancer,228,2,no-recurrence-events,2,select_coverage,2.0,exact,81,261,73.0,242.0,44,134,no-recurrence-events,4316
14,8,42,Breast Cancer,228,2,no-recurrence-events,2,select_coverage,3.0,exact,107,347,97.0,323.0,59,180,no-recurrence-events,5744
14,8,42,Breast Cancer,228,2,no-recurrence-events,2,select_coverage,4.0,exact,122,399,107.0,367.0,65,210,no-recurrence-events,6488
14,8,42,Breast Cancer,228,2,no-recurrence-events,2,select_coverage_CBA_M1,,exact,36,123,36.0,123.0,19,58,no-recurrence-events,2096
14,8,49,Breast Cancer,228,2,no-recurrence-events,1,select_coverage,1.0,DAC,61,189,,,58,184,no-recurrence-events,1552
14,8,49,Breast Cancer,228,2,no-recurrence-events,1,select_coverage,1.0,exact,61,189,58.0,184.0,27,78,no-recurrence-events,3212
14,8,49,Breast Cancer,228,2,no-recurrence-events,1,select_coverage,2.0,DAC,96,314,,,89,298,no-recurrence-events,2472
14,8,49,Breast Cancer,228,2,no-recurrence-events,1,select_coverage,2.0,exact,96,314,89.0,298.0,48,160,no-recurrence-events,5240
14,8,49,Breast Cancer,228,2,no-recurrence-events,1,select_coverage,3.0,DAC,120,397,,,108,371,no-recurrence-events,3092
14,8,49,Breast Cancer,228,2,no-recurrence-events,1,select_coverage,3.0,exact,120,397,108.0,371.0,59,198,no-recurrence-events,6472
14,8,49,Breast Cancer,228,2,no-recurrence-events,1,select_coverage,4.0,DAC,133,431,,,120,404,no-recurrence-events,3384
14,8,49,Breast Cancer,228,2,no-recurrence-events,1,select_coverage,4.0,exact,133,431,120.0,404.0,69,227,no-recurrence-events,7144
14,8,49,Breast Cancer,228,2,no-recurrence-events,1,select_coverage_CBA_M1,,DAC,51,170,,,50,168,no-recurrence-events,1356
14,8,49,Breast Cancer,228,2,no-recurrence-events,1,select_coverage_CBA_M1,,exact,51,170,50.0,168.0,22,69,no-recurrence-events,2844
14,8,49,Breast Cancer,228,2,no-recurrence-events,2,select_coverage,1.0,exact,61,189,58.0,184.0,27,78,no-recurrence-events,3212
14,8,49,Breast Cancer,228,2,no-recurrence-events,2,select_coverage,2.0,exact,96,314,89.0,298.0,48,160,no-recurrence-events,5240
14,8,49,Breast Cancer,228,2,no-recurrence-events,2,select_coverage,3.0,exact,120,397,108.0,371.0,59,198,no-recurrence-events,6472
14,8,49,Breast Cancer,228,2,no-recurrence-events,2,select_coverage,4.0,exact,133,431,120.0,404.0,69,227,no-recurrence-events,7144
14,8,49,Breast Cancer,228,2,no-recurrence-events,2,select_coverage_CBA_M1,,exact,51,170,50.0,168.0,22,69,no-recurrence-events,2844
14,8,63,Breast Cancer,228,2,no-recurrence-events,1,select_coverage,1.0,DAC,57,190,,,52,182,no-recurrence-events,1508
14,8,63,Breast Cancer,228,2,no-recurrence-events,1,select_coverage,1.0,exact,57,190,52.0,182.0,36,113,recurrence-events,3204
14,8,63,Breast Cancer,228,2,no-recurrence-events,1,select_coverage,2.0,DAC,85,287,,,74,268,no-recurrence-events,2232
14,8,63,Breast Cancer,228,2,no-recurrence-events,1,select_coverage,2.0,exact,85,287,74.0,268.0,54,184,recurrence-events,4748
14,8,63,Breast Cancer,228,2,no-recurrence-events,1,select_coverage,3.0,DAC,113,384,,,96,355,no-recurrence-events,2956
14,8,63,Breast Cancer,228,2,no-recurrence-events,1,select_coverage,3.0,exact,113,384,96.0,355.0,68,242,recurrence-events,6244
14,8,63,Breast Cancer,228,2,no-recurrence-events,1,select_coverage,4.0,DAC,129,435,,,107,396,no-recurrence-events,3352
14,8,63,Breast Cancer,228,2,no-recurrence-events,1,select_coverage,4.0,exact,129,435,107.0,396.0,77,277,no-recurrence-events,7016
14,8,63,Breast Cancer,228,2,no-recurrence-events,1,select_coverage_CBA_M1,,DAC,43,165,,,43,165,no-recurrence-events,1240
14,8,63,Breast Cancer,228,2,no-recurrence-events,1,select_coverage_CBA_M1,,exact,43,165,43.0,165.0,28,97,no-recurrence-events,2756
14,8,63,Breast Cancer,228,2,no-recurrence-events,2,select_coverage,1.0,exact,57,190,52.0,182.0,36,113,recurrence-events,3204
14,8,63,Breast Cancer,228,2,no-recurrence-events,2,select_coverage,2.0,exact,85,287,74.0,268.0,54,184,recurrence-events,4748
14,8,63,Breast Cancer,228,2,no-recurrence-events,2,select_coverage,3.0,exact,113,384,96.0,355.0,68,242,recurrence-events,6244
14,8,63,Breast Cancer,228,2,no-recurrence-events,2,select_coverage,4.0,exact,129,435,107.0,396.0,77,277,no-recurrence-events,7016
14,8,63,Breast Cancer,228,2,no-recurrence-events,2,select_coverage_CBA_M1,,exact,43,165,43.0,165.0,28,97,no-recurrence-events,2756
14,8,64,Breast Cancer,228,2,no-recurrence-events,1,select_coverage,1.0,DAC,52,168,,,48,157,no-recurrence-events,1360
14,8,64,Breast Cancer,228,2,no-recurrence-events,1,select_coverage,1.0,exact,52,168,48.0,157.0,28,86,recurrence-events,2812
14,8,64,Breast Cancer,228,2,no-recurrence-events,1,select_coverage,2.0,DAC,83,270,,,75,250,no-recurrence-events,2140
14,8,64,Breast Cancer,228,2,no-recurrence-events,1,select_coverage,2.0,exact,83,270,75.0,250.0,42,129,no-recurrence-events,4412
14,8,64,Breast Cancer,228,2,no-recurrence-events,1,select_coverage,3.0,DAC,107,355,,,94,326,no-recurrence-events,2768
14,8,64,Breast Cancer,228,2,no-recurrence-events,1,select_coverage,3.0,exact,107,355,94.0,326.0,57,193,no-recurrence-events,5768
14,8,64,Breast Cancer,228,2,no-recurrence-events,1,select_coverage,4.0,DAC,121,400,,,106,368,no-recurrence-events,3116
14,8,64,Breast Cancer,228,2,no-recurrence-events,1,select_coverage,4.0,exact,121,400,106.0,368.0,66,224,no-recurrence-events,6528
14,8,64,Breast Cancer,228,2,no-recurrence-events,1,select_coverage_CBA_M1,,DAC,44,152,,,43,149,no-recurrence-events,1200
14,8,64,Breast Cancer,228,2,no-recurrence-events,1,select_coverage_CBA_M1,,exact,44,152,43.0,149.0,24,79,no-recurrence-events,2568
14,8,64,Breast Cancer,228,2,no-recurrence-events,2,select_coverage,1.0,exact,52,168,48.0,157.0,28,86,recurrence-events,2812
14,8,64,Breast Cancer,228,2,no-recurrence-events,2,select_coverage,2.0,exact,83,270,75.0,250.0,42,129,no-recurrence-events,4412
14,8,64,Breast Cancer,228,2,no-recurrence-events,2,select_coverage,3.0,exact,107,355,94.0,326.0,57,193,no-recurrence-events,5768
14,8,64,Breast Cancer,228,2,no-recurrence-events,2,select_coverage,4.0,exact,121,400,106.0,368.0,66,224,no-recurrence-events,6528
14,8,64,Breast Cancer,228,2,no-recurrence-events,2,select_coverage_CBA_M1,,exact,44,152,43.0,149.0,24,79,no-recurrence-events,2568
14,8,65,Breast Cancer,228,2,no-recurrence-events,1,select_coverage,1.0,DAC,56,174,,,53,166,no-recurrence-events,1432
14,8,65,Breast Cancer,228,2,no-recurrence-events,1,select_coverage,1.0,exact,56,174,53.0,166.0,31,88,no-recurrence-events,3000
14,8,65,Breast Cancer,228,2,no-recurrence-events,1,select_coverage,2.0,DAC,93,298,,,86,283,no-recurrence-events,2372
14,8,65,Breast Cancer,228,2,no-recurrence-events,1,select_coverage,2.0,exact,93,298,86.0,283.0,45,134,no-recurrence-events,4940
14,8,65,Breast Cancer,228,2,no-recurrence-events,1,select_coverage,3.0,DAC,119,403,,,111,386,no-recurrence-events,3104
14,8,65,Breast Cancer,228,2,no-recurrence-events,1,select_coverage,3.0,exact,119,403,110.0,385.0,60,202,no-recurrence-events,6616
14,8,65,Breast Cancer,228,2,no-recurrence-events,1,select_coverage,4.0,DAC,136,456,,,126,434,no-recurrence-events,3520
14,8,65,Breast Cancer,228,2,no-recurrence-events,1,select_coverage,4.0,exact,136,456,125.0,433.0,67,225,no-recurrence-events,7472
14,8,65,Breast Cancer,228,2,no-recurrence-events,1,select_coverage_CBA_M1,,DAC,45,149,,,44,147,no-recurrence-events,1200
14,8,65,Breast Cancer,228,2,no-recurrence-events,1,select_coverage_CBA_M1,,exact,45,149,44.0,147.0,25,78,no-recurrence-events,2568
14,8,65,Breast Cancer,228,2,no-recurrence-events,2,select_coverage,1.0,exact,56,174,53.0,166.0,31,88,no-recurrence-events,3000
14,8,65,Breast Cancer,228,2,no-recurrence-events,2,select_coverage,2.0,exact,93,298,86.0,283.0,45,134,no-recurrence-events,4940
14,8,65,Breast Cancer,228,2,no-recurrence-events,2,select_coverage,3.0,exact,119,403,110.0,385.0,60,202,no-recurrence-events,6616
14,8,65,Breast Cancer,228,2,no-recurrence-events,2,select_coverage,4.0,exact,136,456,125.0,433.0,67,225,no-recurrence-events,7472
14,8,65,Breast Cancer,228,2,no-recurrence-events,2,select_coverage_CBA_M1,,exact,45,149,44.0,147.0,25,78,no-recurrence-events,2568
14,8,68,Breast Cancer,228,2,no-recurrence-events,1,select_coverage,1.0,DAC,58,191,,,54,184,no-recurrence-events,1524
14,8,68,Breast Cancer,228,2,no-recurrence-events,1,select_coverage,1.0,exact,58,191,54.0,184.0,31,94,no-recurrence-events,3188
14,8,68,Breast Cancer,228,2,no-recurrence-events,1,select_coverage,2.0,DAC,96,320,,,89,310,no-recurrence-events,2496
14,8,68,Breast Cancer,228,2,no-recurrence-events,1,select_coverage,2.0,exact,96,320,88.0,307.0,48,160,no-recurrence-events,5276
14,8,68,Breast Cancer,228,2,no-recurrence-events,1,select_coverage,3.0,DAC,122,415,,,111,397,no-recurrence-events,3188
14,8,68,Breast Cancer,228,2,no-recurrence-events,1,select_coverage,3.0,exact,122,415,109.0,392.0,58,206,no-recurrence-events,6684
14,8,68,Breast Cancer,228,2,no-recurrence-events,1,select_coverage,4.0,DAC,143,489,,,130,466,no-recurrence-events,3736
14,8,68,Breast Cancer,228,2,no-recurrence-events,1,select_coverage,4.0,exact,143,489,128.0,461.0,69,247,no-recurrence-events,7876
14,8,68,Breast Cancer,228,2,no-recurrence-events,1,select_coverage_CBA_M1,,DAC,47,169,,,46,167,no-recurrence-events,1304
14,8,68,Breast Cancer,228,2,no-recurrence-events,1,select_coverage_CBA_M1,,exact,47,169,46.0,167.0,25,83,no-recurrence-events,2796
14,8,68,Breast Cancer,228,2,no-recurrence-events,2,select_coverage,1.0,exact,58,191,54.0,184.0,31,94,no-recurrence-events,3188
14,8,68,Breast Cancer,228,2,no-recurrence-events,2,select_coverage,2.0,exact,96,320,88.0,307.0,48,160,no-recurrence-events,5276
14,8,68,Breast Cancer,228,2,no-recurrence-events,2,select_coverage,3.0,exact,122,415,109.0,392.0,58,206,no-recurrence-events,6684
14,8,68,Breast Cancer,228,2,no-recurrence-events,2,select_coverage,4.0,exact,143,489,128.0,461.0,69,247,no-recurrence-events,7876
14,8,68,Breast Cancer,228,2,no-recurrence-events,2,select_coverage_CBA_M1,,exact,47,169,46.0,167.0,25,83,no-recurrence-events,2796
14,8,74,Breast Cancer,228,2,no-recurrence-events,1,select_coverage,1.0,DAC,48,159,,,46,152,no-recurrence-events,1276
14,8,74,Breast Cancer,228,2,no-recurrence-events,1,select_coverage,1.0,exact,48,159,46.0,152.0,27,82,no-recurrence-events,2692
14,8,74,Breast Cancer,228,2,no-recurrence-events,1,select_coverage,2.0,DAC,79,277,,,74,264,no-recurrence-events,2120
14,8,74,Breast Cancer,228,2,no-recurrence-events,1,select_coverage,2.0,exact,79,277,74.0,264.0,42,143,no-recurrence-events,4528
14,8,74,Breast Cancer,228,2,no-recurrence-events,1,select_coverage,3.0,DAC,96,339,,,88,321,no-recurrence-events,2572
14,8,74,Breast Cancer,228,2,no-recurrence-events,1,select_coverage,3.0,exact,96,339,88.0,321.0,55,196,no-recurrence-events,5552
14,8,74,Breast Cancer,228,2,no-recurrence-events,1,select_coverage,4.0,DAC,104,366,,,95,346,no-recurrence-events,2776
14,8,74,Breast Cancer,228,2,no-recurrence-events,1,select_coverage,4.0,exact,104,366,95.0,346.0,58,208,no-recurrence-events,5976
14,8,74,Breast Cancer,228,2,no-recurrence-events,1,select_coverage_CBA_M1,,DAC,37,135,,,36,131,no-recurrence-events,1048
14,8,74,Breast Cancer,228,2,no-recurrence-events,1,select_coverage_CBA_M1,,exact,37,135,36.0,131.0,18,65,no-recurrence-events,2204
14,8,74,Breast Cancer,228,2,no-recurrence-events,2,select_coverage,1.0,exact,48,159,46.0,152.0,27,82,no-recurrence-events,2692
14,8,74,Breast Cancer,228,2,no-recurrence-events,2,select_coverage,2.0,exact,79,277,74.0,264.0,42,143,no-recurrence-events,4528
14,8,74,Breast Cancer,228,2,no-recurrence-events,2,select_coverage,3.0,exact,96,339,88.0,321.0,55,196,no-recurrence-events,5552
14,8,74,Breast Cancer,228,2,no-recurrence-events,2,select_coverage,4.0,exact,104,366,95.0,346.0,58,208,no-recurrence-events,5976
14,8,74,Breast Cancer,228,2,no-recurrence-events,2,select_coverage_CBA_M1,,exact,37,135,36.0,131.0,18,65,no-recurrence-events,2204
14,8,76,Breast Cancer,228,2,no-recurrence-events,1,select_coverage,1.0,DAC,49,153,,,44,143,no-recurrence-events,1264
14,8,76,Breast Cancer,228,2,no-recurrence-events,1,select_coverage,1.0,exact,49,153,44.0,143.0,28,87,no-recurrence-events,2604
14,8,76,Breast Cancer,228,2,no-recurrence-events,1,select_coverage,2.0,DAC,86,296,,,76,273,no-recurrence-events,2280
14,8,76,Breast Cancer,228,2,no-recurrence-events,1,select_coverage,2.0,exact,86,296,76.0,273.0,43,145,no-recurrence-events,4696
14,8,76,Breast Cancer,228,2,no-recurrence-events,1,select_coverage,3.0,DAC,107,372,,,95,346,no-recurrence-events,2836
14,8,76,Breast Cancer,228,2,no-recurrence-events,1,select_coverage,3.0,exact,107,372,95.0,346.0,53,184,no-recurrence-events,5904
14,8,76,Breast Cancer,228,2,no-recurrence-events,1,select_coverage,4.0,DAC,128,446,,,113,416,no-recurrence-events,3384
14,8,76,Breast Cancer,228,2,no-recurrence-events,1,select_coverage,4.0,exact,128,446,113.0,416.0,64,229,no-recurrence-events,7092
14,8,76,Breast Cancer,228,2,no-recurrence-events,1,select_coverage_CBA_M1,,DAC,39,135,,,38,132,no-recurrence-events,1072
14,8,76,Breast Cancer,228,2,no-recurrence-events,1,select_coverage_CBA_M1,,exact,39,135,38.0,132.0,22,76,no-recurrence-events,2300
14,8,76,Breast Cancer,228,2,no-recurrence-events,2,select_coverage,1.0,exact,49,153,44.0,143.0,28,87,no-recurrence-events,2604
14,8,76,Breast Cancer,228,2,no-recurrence-events,2,select_coverage,2.0,exact,86,296,76.0,273.0,43,145,no-recurrence-events,4696
14,8,76,Breast Cancer,228,2,no-recurrence-events,2,select_coverage,3.0,exact,107,372,95.0,346.0,53,184,no-recurrence-events,5904
14,8,76,Breast Cancer,228,2,no-recurrence-events,2,select_coverage,4.0,exact,128,446,113.0,416.0,64,229,no-recurrence-events,7092
14,8,76,Breast Cancer,228,2,no-recurrence-events,2,select_coverage_CBA_M1,,exact,39,135,38.0,132.0,22,76,no-recurrence-events,2300
14,8,100,Breast Cancer,228,2,no-recurrence-events,1,select_coverage,1.0,DAC,59,200,,,55,190,no-recurrence-events,1572
14,8,100,Breast Cancer,228,2,no-recurrence-events,1,select_coverage,1.0,exact,59,200,54.0,189.0,31,102,no-recurrence-events,3276
14,8,100,Breast Cancer,228,2,no-recurrence-events,1,select_coverage,2.0,DAC,94,333,,,84,308,no-recurrence-events,2524
14,8,100,Breast Cancer,228,2,no-recurrence-events,1,select_coverage,2.0,exact,94,333,83.0,307.0,48,173,no-recurrence-events,5260
14,8,100,Breast Cancer,228,2,no-recurrence-events,1,select_coverage,3.0,DAC,116,408,,,103,377,no-recurrence-events,3088
14,8,100,Breast Cancer,228,2,no-recurrence-events,1,select_coverage,3.0,exact,116,408,102.0,376.0,59,210,no-recurrence-events,6440
14,8,100,Breast Cancer,228,2,no-recurrence-events,1,select_coverage,4.0,DAC,135,475,,,119,438,no-recurrence-events,3584
14,8,100,Breast Cancer,228,2,no-recurrence-events,1,select_coverage,4.0,exact,135,475,118.0,437.0,67,241,no-recurrence-events,7460
14,8,100,Breast Cancer,228,2,no-recurrence-events,1,select_coverage_CBA_M1,,DAC,45,174,,,45,174,no-recurrence-events,1300
14,8,100,Breast Cancer,228,2,no-recurrence-events,1,select_coverage_CBA_M1,,exact,45,174,45.0,174.0,24,89,no-recurrence-events,2844
14,8,100,Breast Cancer,228,2,no-recurrence-events,2,select_coverage,1.0,exact,59,200,54.0,189.0,31,102,no-recurrence-events,3276
14,8,100,Breast Cancer,228,2,no-recurrence-events,2,select_coverage,2.0,exact,94,333,83.0,307.0,48,173,no-recurrence-events,5260
14,8,100,Breast Cancer,228,2,no-recurrence-events,2,select_coverage,3.0,exact,116,408,102.0,376.0,59,210,no-recurrence-events,6440
14,8,100,Breast Cancer,228,2,no-recurrence-events,2,select_coverage,4.0,exact,135,475,118.0,437.0,67,241,no-recurrence-events,7460
14,8,100,Breast Cancer,228,2,no-recurrence-events,2,select_coverage_CBA_M1,,exact,45,174,45.0,174.0,24,89,no-recurrence-events,2844
14,8,114,Breast Cancer,228,2,no-recurrence-events,1,select_coverage,1.0,DAC,57,172,,,52,162,no-recurrence-events,1436
14,8,114,Breast Cancer,228,2,no-recurrence-events,1,select_coverage,1.0,exact,57,172,52.0,162.0,38,119,no-recurrence-events,3076
14,8,114,Breast Cancer,228,2,no-recurrence-events,1,select_coverage,2.0,DAC,90,295,,,77,269,no-recurrence-events,2324
14,8,114,Breast Cancer,228,2,no-recurrence-events,1,select_coverage,2.0,exact,90,295,77.0,269.0,57,198,no-recurrence-events,4912
14,8,114,Breast Cancer,228,2,no-recurrence-events,1,select_coverage,3.0,DAC,120,407,,,102,372,no-recurrence-events,3132
14,8,114,Breast Cancer,228,2,no-recurrence-events,1,select_coverage,3.0,exact,120,407,102.0,372.0,74,267,no-recurrence-events,6648
14,8,114,Breast Cancer,228,2,no-recurrence-events,1,select_coverage,4.0,DAC,135,458,,,114,416,no-recurrence-events,3516
14,8,114,Breast Cancer,228,2,no-recurrence-events,1,select_coverage,4.0,exact,135,458,114.0,416.0,80,293,no-recurrence-events,7420
14,8,114,Breast Cancer,228,2,no-recurrence-events,1,select_coverage_CBA_M1,,DAC,44,149,,,42,144,no-recurrence-events,1188
14,8,114,Breast Cancer,228,2,no-recurrence-events,1,select_coverage_CBA_M1,,exact,44,149,42.0,144.0,30,106,no-recurrence-events,2620
14,8,114,Breast Cancer,228,2,no-recurrence-events,2,select_coverage,1.0,exact,57,172,52.0,162.0,38,119,no-recurrence-events,3076
14,8,114,Breast Cancer,228,2,no-recurrence-events,2,select_coverage,2.0,exact,90,295,77.0,269.0,57,198,no-recurrence-events,4912
14,8,114,Breast Cancer,228,2,no-recurrence-events,2,select_coverage,3.0,exact,120,407,102.0,372.0,74,267,no-recurrence-events,6648
14,8,114,Breast Cancer,228,2,no-recurrence-events,2,select_coverage,4.0,exact,135,458,114.0,416.0,80,293,no-recurrence-events,7420
14,8,114,Breast Cancer,228,2,no-recurrence-events,2,select_coverage_CBA_M1,,exact,44,149,42.0,144.0,30,106,no-recurrence-events,2620
14,8,133,Breast Cancer,228,2,no-recurrence-events,1,select_coverage,1.0,DAC,70,243,,,68,240,no-recurrence-events,1876
14,8,133,Breast Cancer,228,2,no-recurrence-events,1,select_coverage,1.0,exact,70,243,68.0,240.0,36,105,no-recurrence-events,4000
14,8,133,Breast Cancer,228,2,no-recurrence-events,1,select_coverage,2.0,DAC,109,386,,,103,372,no-recurrence-events,2916
14,8,133,Breast Cancer,228,2,no-recurrence-events,1,select_coverage,2.0,exact,109,386,103.0,372.0,54,173,no-recurrence-events,6212
14,8,133,Breast Cancer,228,2,no-recurrence-events,1,select_coverage,3.0,DAC,130,455,,,120,435,no-recurrence-events,3444
14,8,133,Breast Cancer,228,2,no-recurrence-events,1,select_coverage,3.0,exact,130,455,120.0,435.0,65,212,no-recurrence-events,7304
14,8,133,Breast Cancer,228,2,no-recurrence-events,1,select_coverage,4.0,DAC,141,488,,,128,461,no-recurrence-events,3708
14,8,133,Breast Cancer,228,2,no-recurrence-events,1,select_coverage,4.0,exact,141,488,128.0,461.0,71,230,no-recurrence-events,7804
14,8,133,Breast Cancer,228,2,no-recurrence-events,1,select_coverage_CBA_M1,,DAC,54,205,,,54,205,no-recurrence-events,1532
14,8,133,Breast Cancer,228,2,no-recurrence-events,1,select_coverage_CBA_M1,,exact,54,205,54.0,205.0,24,79,no-recurrence-events,3268
14,8,133,Breast Cancer,228,2,no-recurrence-events,2,select_coverage,1.0,exact,70,243,68.0,240.0,36,105,no-recurrence-events,4000
14,8,133,Breast Cancer,228,2,no-recurrence-events,2,select_coverage,2.0,exact,109,386,103.0,372.0,54,173,no-recurrence-events,6212
14,8,133,Breast Cancer,228,2,no-recurrence-events,2,select_coverage,3.0,exact,130,455,120.0,435.0,65,212,no-recurrence-events,7304
14,8,133,Breast Cancer,228,2,no-recurrence-events,2,select_coverage,4.0,exact,141,488,128.0,461.0,71,230,no-recurrence-events,7804
14,8,133,Breast Cancer,228,2,no-recurrence-events,2,select_coverage_CBA_M1,,exact,54,205,54.0,205.0,24,79,no-recurrence-events,3268
14,8,138,Breast Cancer,228,2,no-recurrence-events,1,select_coverage,1.0,DAC,59,179,,,56,172,no-recurrence-events,1488
14,8,138,Breast Cancer,228,2,no-recurrence-events,1,select_coverage,1.0,exact,59,179,56.0,172.0,34,106,no-recurrence-events,3188
14,8,138,Breast Cancer,228,2,no-recurrence-events,1,select_coverage,2.0,DAC,97,320,,,88,301,no-recurrence-events,2508
14,8,138,Breast Cancer,228,2,no-recurrence-events,1,select_coverage,2.0,exact,97,320,88.0,301.0,51,172,no-recurrence-events,5300
14,8,138,Breast Cancer,228,2,no-recurrence-events,1,select_coverage,3.0,DAC,117,390,,,105,367,no-recurrence-events,3028
14,8,138,Breast Cancer,228,2,no-recurrence-events,1,select_coverage,3.0,exact,117,390,105.0,367.0,58,200,no-recurrence-events,6364
14,8,138,Breast Cancer,228,2,no-recurrence-events,1,select_coverage,4.0,DAC,130,426,,,113,394,no-recurrence-events,3328
14,8,138,Breast Cancer,228,2,no-recurrence-events,1,select_coverage,4.0,exact,130,426,113.0,394.0,64,223,no-recurrence-events,6900
14,8,138,Breast Cancer,228,2,no-recurrence-events,1,select_coverage_CBA_M1,,DAC,48,161,,,47,157,no-recurrence-events,1284
14,8,138,Breast Cancer,228,2,no-recurrence-events,1,select_coverage_CBA_M1,,exact,48,161,47.0,157.0,28,94,no-recurrence-events,2792
14,8,138,Breast Cancer,228,2,no-recurrence-events,2,select_coverage,1.0,exact,59,179,56.0,172.0,34,106,no-recurrence-events,3188
14,8,138,Breast Cancer,228,2,no-recurrence-events,2,select_coverage,2.0,exact,97,320,88.0,301.0,51,172,no-recurrence-events,5300
14,8,138,Breast Cancer,228,2,no-recurrence-events,2,select_coverage,3.0,exact,117,390,105.0,367.0,58,200,no-recurrence-events,6364
14,8,138,Breast Cancer,228,2,no-recurrence-events,2,select_coverage,4.0,exact,130,426,113.0,394.0,64,223,no-recurrence-events,6900
14,8,138,Breast Cancer,228,2,no-recurrence-events,2,select_coverage_CBA_M1,,exact,48,161,47.0,157.0,28,94,no-recurrence-events,2792
14,8,148,Breast Cancer,228,2,no-recurrence-events,1,select_coverage,1.0,DAC,49,166,,,48,165,no-recurrence-events,1316
14,8,148,Breast Cancer,228,2,no-recurrence-events,1,select_coverage,1.0,exact,49,166,48.0,165.0,22,65,no-recurrence-events,2752
14,8,148,Breast Cancer,228,2,no-recurrence-events,1,select_coverage,2.0,DAC,79,268,,,74,259,no-recurrence-events,2084
14,8,148,Breast Cancer,228,2,no-recurrence-events,1,select_coverage,2.0,exact,79,268,74.0,259.0,35,116,no-recurrence-events,4364
14,8,148,Breast Cancer,228,2,no-recurrence-events,1,select_coverage,3.0,DAC,98,335,,,88,314,no-recurrence-events,2580
14,8,148,Breast Cancer,228,2,no-recurrence-events,1,select_coverage,3.0,exact,98,335,88.0,314.0,41,134,no-recurrence-events,5260
14,8,148,Breast Cancer,228,2,no-recurrence-events,1,select_coverage,4.0,DAC,116,386,,,104,361,no-recurrence-events,3000
14,8,148,Breast Cancer,228,2,no-recurrence-events,1,select_coverage,4.0,exact,116,386,104.0,361.0,49,161,no-recurrence-events,6144
14,8,148,Breast Cancer,228,2,no-recurrence-events,1,select_coverage_CBA_M1,,DAC,36,138,,,36,138,no-recurrence-events,1048
14,8,148,Breast Cancer,228,2,no-recurrence-events,1,select_coverage_CBA_M1,,exact,36,138,36.0,138.0,16,55,no-recurrence-events,2204
14,8,148,Breast Cancer,228,2,no-recurrence-events,2,select_coverage,1.0,exact,49,166,48.0,165.0,22,65,no-recurrence-events,2752
14,8,148,Breast Cancer,228,2,no-recurrence-events,2,select_coverage,2.0,exact,79,268,74.0,259.0,35,116,no-recurrence-events,4364
14,8,148,Breast Cancer,228,2,no-recurrence-events,2,select_coverage,3.0,exact,98,335,88.0,314.0,41,134,no-recurrence-events,5260
14,8,148,Breast Cancer,228,2,no-recurrence-events,2,select_coverage,4.0,exact,116,386,104.0,361.0,49,161,no-recurrence-events,6144
14,8,148,Breast Cancer,228,2,no-recurrence-events,2,select_coverage_CBA_M1,,exact,37,140,37.0,140.0,17,57,no-recurrence-events,2252
14,9,5,Breast Cancer,228,2,no-recurrence-events,1,select_coverage,1.0,DAC,61,185,,,56,175,no-recurrence-events,1544
14,9,5,Breast Cancer,228,2,no-recurrence-events,1,select_coverage,1.0,exact,61,185,56.0,175.0,24,69,no-recurrence-events,3076
14,9,5,Breast Cancer,228,2,no-recurrence-events,1,select_coverage,2.0,DAC,98,324,,,87,301,no-recurrence-events,2544
14,9,5,Breast Cancer,228,2,no-recurrence-events,1,select_coverage,2.0,exact,98,324,87.0,301.0,40,135,no-recurrence-events,5144
14,9,5,Breast Cancer,228,2,no-recurrence-events,1,select_coverage,3.0,DAC,125,408,,,108,370,no-recurrence-events,3204
14,9,5,Breast Cancer,228,2,no-recurrence-events,1,select_coverage,3.0,exact,125,408,107.0,368.0,50,163,no-recurrence-events,6340
14,9,5,Breast Cancer,228,2,no-recurrence-events,1,select_coverage,4.0,DAC,138,442,,,120,403,no-recurrence-events,3496
14,9,5,Breast Cancer,228,2,no-recurrence-events,1,select_coverage,4.0,exact,138,442,119.0,401.0,55,177,no-recurrence-events,6952
14,9,5,Breast Cancer,228,2,no-recurrence-events,1,select_coverage_CBA_M1,,DAC,44,149,,,44,149,no-recurrence-events,1196
14,9,5,Breast Cancer,228,2,no-recurrence-events,1,select_coverage_CBA_M1,,exact,44,149,44.0,149.0,16,52,no-recurrence-events,2472
14,9,5,Breast Cancer,228,2,no-recurrence-events,2,select_coverage,1.0,exact,61,185,56.0,175.0,24,69,no-recurrence-events,3076
14,9,5,Breast Cancer,228,2,no-recurrence-events,2,select_coverage,2.0,exact,98,324,87.0,301.0,40,135,no-recurrence-events,5144
14,9,5,Breast Cancer,228,2,no-recurrence-events,2,select_coverage,3.0,exact,125,408,107.0,368.0,50,163,no-recurrence-events,6340
14,9,5,Breast Cancer,228,2,no-recurrence-events,2,select_coverage,4.0,exact,138,442,119.0,401.0,55,177,no-recurrence-events,6952
14,9,5,Breast Cancer,228,2,no-recurrence-events,2,select_coverage_CBA_M1,,exact,44,149,44.0,149.0,16,52,no-recurrence-events,2472
14,9,14,Breast Cancer,228,2,no-recurrence-events,1,select_coverage,1.0,DAC,47,142,,,45,138,no-recurrence-events,1204
14,9,14,Breast Cancer,228,2,no-recurrence-events,1,select_coverage,1.0,exact,47,142,45.0,138.0,26,83,no-recurrence-events,2548
14,9,14,Breast Cancer,228,2,no-recurrence-events,1,select_coverage,2.0,DAC,76,242,,,72,234,no-recurrence-events,1952
14,9,14,Breast Cancer,228,2,no-recurrence-events,1,select_coverage,2.0,exact,76,242,72.0,234.0,41,140,no-recurrence-events,4208
14,9,14,Breast Cancer,228,2,no-recurrence-events,1,select_coverage,3.0,DAC,95,318,,,90,307,no-recurrence-events,2484
14,9,14,Breast Cancer,228,2,no-recurrence-events,1,select_coverage,3.0,exact,95,318,90.0,307.0,52,183,no-recurrence-events,5408
14,9,14,Breast Cancer,228,2,no-recurrence-events,1,select_coverage,4.0,DAC,110,362,,,104,350,no-recurrence-events,2840
14,9,14,Breast Cancer,228,2,no-recurrence-events,1,select_coverage,4.0,exact,110,362,104.0,350.0,59,201,no-recurrence-events,6164
14,9,14,Breast Cancer,228,2,no-recurrence-events,1,select_coverage_CBA_M1,,DAC,32,112,,,32,112,no-recurrence-events,904
14,9,14,Breast Cancer,228,2,no-recurrence-events,1,select_coverage_CBA_M1,,exact,32,112,32.0,112.0,19,68,no-recurrence-events,1952
14,9,14,Breast Cancer,228,2,no-recurrence-events,2,select_coverage,1.0,exact,47,142,45.0,138.0,26,83,no-recurrence-events,2548
14,9,14,Breast Cancer,228,2,no-recurrence-events,2,select_coverage,2.0,exact,76,242,72.0,234.0,41,140,no-recurrence-events,4208
14,9,14,Breast Cancer,228,2,no-recurrence-events,2,select_coverage,3.0,exact,95,318,90.0,307.0,52,183,no-recurrence-events,5408
14,9,14,Breast Cancer,228,2,no-recurrence-events,2,select_coverage,4.0,exact,110,362,104.0,350.0,59,201,no-recurrence-events,6164
14,9,14,Breast Cancer,228,2,no-recurrence-events,2,select_coverage_CBA_M1,,exact,32,112,32.0,112.0,19,68,no-recurrence-events,1952
14,9,17,Breast Cancer,228,2,no-recurrence-events,1,select_coverage,1.0,DAC,53,163,,,49,153,no-recurrence-events,1360
14,9,17,Breast Cancer,228,2,no-recurrence-events,1,select_coverage,1.0,exact,53,163,49.0,153.0,28,87,no-recurrence-events,2804
14,9,17,Breast Cancer,228,2,no-recurrence-events,1,select_coverage,2.0,DAC,93,298,,,82,272,no-recurrence-events,2380
14,9,17,Breast Cancer,228,2,no-recurrence-events,1,select_coverage,2.0,exact,93,298,82.0,272.0,45,149,no-recurrence-events,4860
14,9,17,Breast Cancer,228,2,no-recurrence-events,1,select_coverage,3.0,DAC,120,399,,,104,364,no-recurrence-events,3108
14,9,17,Breast Cancer,228,2,no-recurrence-events,1,select_coverage,3.0,exact,120,399,104.0,364.0,59,208,no-recurrence-events,6396
14,9,17,Breast Cancer,228,2,no-recurrence-events,1,select_coverage,4.0,DAC,138,464,,,121,427,no-recurrence-events,3584
14,9,17,Breast Cancer,228,2,no-recurrence-events,1,select_coverage,4.0,exact,138,464,120.0,425.0,67,236,no-recurrence-events,7396
14,9,17,Breast Cancer,228,2,no-recurrence-events,1,select_coverage_CBA_M1,,DAC,43,144,,,42,142,no-recurrence-events,1164
14,9,17,Breast Cancer,228,2,no-recurrence-events,1,select_coverage_CBA_M1,,exact,43,144,42.0,142.0,24,80,no-recurrence-events,2488
14,9,17,Breast Cancer,228,2,no-recurrence-events,2,select_coverage,1.0,exact,53,163,49.0,153.0,28,87,no-recurrence-events,2804
14,9,17,Breast Cancer,228,2,no-recurrence-events,2,select_coverage,2.0,exact,93,298,82.0,272.0,45,149,no-recurrence-events,4860
14,9,17,Breast Cancer,228,2,no-recurrence-events,2,select_coverage,3.0,exact,120,399,104.0,364.0,59,208,no-recurrence-events,6396
14,9,17,Breast Cancer,228,2,no-recurrence-events,2,select_coverage,4.0,exact,138,464,120.0,425.0,67,236,no-recurrence-events,7396
14,9,17,Breast Cancer,228,2,no-recurrence-events,2,select_coverage_CBA_M1,,exact,40,138,39.0,136.0,22,76,no-recurrence-events,2352
14,9,19,Breast Cancer,228,2,no-recurrence-events,1,select_coverage,1.0,DAC,56,185,,,51,174,no-recurrence-events,1484
14,9,19,Breast Cancer,228,2,no-recurrence-events,1,select_coverage,1.0,exact,56,185,51.0,174.0,21,60,no-recurrence-events,2916
14,9,19,Breast Cancer,228,2,no-recurrence-events,1,select_coverage,2.0,DAC,102,333,,,89,304,no-recurrence-events,2628
14,9,19,Breast Cancer,228,2,no-recurrence-events,1,select_coverage,2.0,exact,102,333,89.0,304.0,38,109,no-recurrence-events,5136
14,9,19,Breast Cancer,228,2,no-recurrence-events,1,select_coverage,3.0,DAC,120,389,,,103,350,no-recurrence-events,3068
14,9,19,Breast Cancer,228,2,no-recurrence-events,1,select_coverage,3.0,exact,120,389,103.0,350.0,43,127,no-recurrence-events,5952
14,9,19,Breast Cancer,228,2,no-recurrence-events,1,select_coverage,4.0,DAC,135,442,,,117,401,no-recurrence-events,3460
14,9,19,Breast Cancer,228,2,no-recurrence-events,1,select_coverage,4.0,exact,135,442,117.0,401.0,50,150,no-recurrence-events,6796
14,9,19,Breast Cancer,228,2,no-recurrence-events,1,select_coverage_CBA_M1,,DAC,46,164,,,45,160,no-recurrence-events,1280
14,9,19,Breast Cancer,228,2,no-recurrence-events,1,select_coverage_CBA_M1,,exact,46,164,45.0,160.0,17,53,no-recurrence-events,2604
14,9,19,Breast Cancer,228,2,no-recurrence-events,2,select_coverage,1.0,exact,56,185,51.0,174.0,21,60,no-recurrence-events,2916
14,9,19,Breast Cancer,228,2,no-recurrence-events,2,select_coverage,2.0,exact,102,333,89.0,304.0,38,109,no-recurrence-events,5136
14,9,19,Breast Cancer,228,2,no-recurrence-events,2,select_coverage,3.0,exact,120,389,103.0,350.0,43,127,no-recurrence-events,5952
14,9,19,Breast Cancer,228,2,no-recurrence-events,2,select_coverage,4.0,exact,135,442,117.0,401.0,50,150,no-recurrence-events,6796
14,9,19,Breast Cancer,228,2,no-recurrence-events,2,select_coverage_CBA_M1,,exact,46,164,45.0,160.0,17,53,no-recurrence-events,2604
14,9,29,Breast Cancer,228,2,no-recurrence-events,1,select_coverage,1.0,DAC,55,185,,,51,174,no-recurrence-events,1472
14,9,29,Breast Cancer,228,2,no-recurrence-events,1,select_coverage,1.0,exact,55,185,51.0,174.0,31,95,no-recurrence-events,3056
14,9,29,Breast Cancer,228,2,no-recurrence-events,1,select_coverage,2.0,DAC,87,306,,,80,290,no-recurrence-events,2340
14,9,29,Breast Cancer,228,2,no-recurrence-events,1,select_coverage,2.0,exact,87,306,80.0,290.0,45,149,no-recurrence-events,4916
14,9,29,Breast Cancer,228,2,no-recurrence-events,1,select_coverage,3.0,DAC,115,404,,,101,374,no-recurrence-events,3068
14,9,29,Breast Cancer,228,2,no-recurrence-events,1,select_coverage,3.0,exact,115,404,101.0,374.0,55,189,no-recurrence-events,6308
14,9,29,Breast Cancer,228,2,no-recurrence-events,1,select_coverage,4.0,DAC,132,470,,,115,434,no-recurrence-events,3536
14,9,29,Breast Cancer,228,2,no-recurrence-events,1,select_coverage,4.0,exact,132,470,114.0,430.0,61,213,no-recurrence-events,7204
14,9,29,Breast Cancer,228,2,no-recurrence-events,1,select_coverage_CBA_M1,,DAC,42,156,,,42,156,no-recurrence-events,1200
14,9,29,Breast Cancer,228,2,no-recurrence-events,1,select_coverage_CBA_M1,,exact,42,156,42.0,156.0,23,82,no-recurrence-events,2600
14,9,29,Breast Cancer,228,2,no-recurrence-events,2,select_coverage,1.0,exact,55,185,51.0,174.0,31,95,no-recurrence-events,3056
14,9,29,Breast Cancer,228,2,no-recurrence-events,2,select_coverage,2.0,exact,87,306,80.0,290.0,45,149,no-recurrence-events,4916
14,9,29,Breast Cancer,228,2,no-recurrence-events,2,select_coverage,3.0,exact,115,404,101.0,374.0,55,189,no-recurrence-events,6308
14,9,29,Breast Cancer,228,2,no-recurrence-events,2,select_coverage,4.0,exact,132,470,114.0,430.0,61,213,no-recurrence-events,7204
14,9,29,Breast Cancer,228,2,no-recurrence-events,2,select_coverage_CBA_M1,,exact,42,156,42.0,156.0,23,82,no-recurrence-events,2600
14,9,31,Breast Cancer,228,2,no-recurrence-events,1,select_coverage,1.0,DAC,49,164,,,47,160,no-recurrence-events,1316
14,9,31,Breast Cancer,228,2,no-recurrence-events,1,select_coverage,1.0,exact,49,164,47.0,160.0,28,95,no-recurrence-events,2820
14,9,31,Breast Cancer,228,2,no-recurrence-events,1,select_coverage,2.0,DAC,75,256,,,71,247,no-recurrence-events,1996
14,9,31,Breast Cancer,228,2,no-recurrence-events,1,select_coverage,2.0,exact,75,256,71.0,247.0,39,136,no-recurrence-events,4276
14,9,31,Breast Cancer,228,2,no-recurrence-events,1,select_coverage,3.0,DAC,90,310,,,84,299,no-recurrence-events,2392
14,9,31,Breast Cancer,228,2,no-recurrence-events,1,select_coverage,3.0,exact,90,310,84.0,299.0,48,174,no-recurrence-events,5164
14,9,31,Breast Cancer,228,2,no-recurrence-events,1,select_coverage,4.0,DAC,99,334,,,91,318,no-recurrence-events,2596
14,9,31,Breast Cancer,228,2,no-recurrence-events,1,select_coverage,4.0,exact,99,334,91.0,318.0,53,188,no-recurrence-events,5560
14,9,31,Breast Cancer,228,2,no-recurrence-events,1,select_coverage_CBA_M1,,DAC,39,146,,,39,146,no-recurrence-events,1124
14,9,31,Breast Cancer,228,2,no-recurrence-events,1,select_coverage_CBA_M1,,exact,39,146,39.0,146.0,22,86,no-recurrence-events,2464
14,9,31,Breast Cancer,228,2,no-recurrence-events,2,select_coverage,1.0,exact,49,164,47.0,160.0,28,95,no-recurrence-events,2820
14,9,31,Breast Cancer,228,2,no-recurrence-events,2,select_coverage,2.0,exact,75,256,71.0,247.0,39,136,no-recurrence-events,4276
14,9,31,Breast Cancer,228,2,no-recurrence-events,2,select_coverage,3.0,exact,90,310,84.0,299.0,48,174,no-recurrence-events,5164
14,9,31,Breast Cancer,228,2,no-recurrence-events,2,select_coverage,4.0,exact,99,334,91.0,318.0,53,188,no-recurrence-events,5560
14,9,31,Breast Cancer,228,2,no-recurrence-events,2,select_coverage_CBA_M1,,exact,39,146,39.0,146.0,22,86,no-recurrence-events,2464
14,9,34,Breast Cancer,228,2,no-recurrence-events,1,select_coverage,1.0,DAC,58,185,,,55,179,no-recurrence-events,1508
14,9,34,Breast Cancer,228,2,no-recurrence-events,1,select_coverage,1.0,exact,58,185,55.0,179.0,28,84,no-recurrence-events,3128
14,9,34,Breast Cancer,228,2,no-recurrence-events,1,select_coverage,2.0,DAC,86,284,,,79,267,no-recurrence-events,2240
14,9,34,Breast Cancer,228,2,no-recurrence-events,1,select_coverage,2.0,exact,86,284,79.0,267.0,41,137,no-recurrence-events,4664
14,9,34,Breast Cancer,228,2,no-recurrence-events,1,select_coverage,3.0,DAC,111,383,,,101,363,no-recurrence-events,2936
14,9,34,Breast Cancer,228,2,no-recurrence-events,1,select_coverage,3.0,exact,111,383,101.0,363.0,54,189,no-recurrence-events,6180
14,9,34,Breast Cancer,228,2,no-recurrence-events,1,select_coverage,4.0,DAC,129,434,,,116,409,no-recurrence-events,3356
14,9,34,Breast Cancer,228,2,no-recurrence-events,1,select_coverage,4.0,exact,129,434,116.0,409.0,62,212,no-recurrence-events,7020
14,9,34,Breast Cancer,228,2,no-recurrence-events,1,select_coverage_CBA_M1,,DAC,46,160,,,46,160,no-recurrence-events,1264
14,9,34,Breast Cancer,228,2,no-recurrence-events,1,select_coverage_CBA_M1,,exact,46,160,46.0,160.0,19,65,no-recurrence-events,2660
14,9,34,Breast Cancer,228,2,no-recurrence-events,2,select_coverage,1.0,exact,58,185,55.0,179.0,28,84,no-recurrence-events,3128
14,9,34,Breast Cancer,228,2,no-recurrence-events,2,select_coverage,2.0,exact,86,284,79.0,267.0,41,137,no-recurrence-events,4664
14,9,34,Breast Cancer,228,2,no-recurrence-events,2,select_coverage,3.0,exact,111,383,101.0,363.0,54,189,no-recurrence-events,6180
14,9,34,Breast Cancer,228,2,no-recurrence-events,2,select_coverage,4.0,exact,129,434,116.0,409.0,62,212,no-recurrence-events,7020
14,9,34,Breast Cancer,228,2,no-recurrence-events,2,select_coverage_CBA_M1,,exact,46,160,46.0,160.0,19,65,no-recurrence-events,2660
14,9,42,Breast Cancer,228,2,no-recurrence-events,1,select_coverage,1.0,DAC,52,164,,,49,157,no-recurrence-events,1352
14,9,42,Breast Cancer,228,2,no-recurrence-events,1,select_coverage,1.0,exact,52,164,49.0,157.0,31,88,no-recurrence-events,2828
14,9,42,Breast Cancer,228,2,no-recurrence-events,1,select_coverage,2.0,DAC,80,270,,,71,253,no-recurrence-events,2112
14,9,42,Breast Cancer,228,2,no-recurrence-events,1,select_coverage,2.0,exact,80,270,71.0,253.0,43,143,no-recurrence-events,4384
14,9,42,Breast Cancer,228,2,no-recurrence-events,1,select_coverage,3.0,DAC,100,348,,,87,321,no-recurrence-events,2664
14,9,42,Breast Cancer,228,2,no-recurrence-events,1,select_coverage,3.0,exact,100,348,87.0,321.0,52,184,no-recurrence-events,5516
14,9,42,Breast Cancer,228,2,no-recurrence-events,1,select_coverage,4.0,DAC,116,403,,,102,374,no-recurrence-events,3076
14,9,42,Breast Cancer,228,2,no-recurrence-events,1,select_coverage,4.0,exact,116,403,101.0,372.0,61,216,no-recurrence-events,6404
14,9,42,Breast Cancer,228,2,no-recurrence-events,1,select_coverage_CBA_M1,,DAC,38,135,,,38,135,no-recurrence-events,1068
14,9,42,Breast Cancer,228,2,no-recurrence-events,1,select_coverage_CBA_M1,,exact,38,135,38.0,135.0,22,73,no-recurrence-events,2300
14,9,42,Breast Cancer,228,2,no-recurrence-events,2,select_coverage,1.0,exact,52,164,49.0,157.0,31,88,no-recurrence-events,2828
14,9,42,Breast Cancer,228,2,no-recurrence-events,2,select_coverage,2.0,exact,80,270,71.0,253.0,43,143,no-recurrence-events,4384
14,9,42,Breast Cancer,228,2,no-recurrence-events,2,select_coverage,3.0,exact,100,348,87.0,321.0,52,184,no-recurrence-events,5516
14,9,42,Breast Cancer,228,2,no-recurrence-events,2,select_coverage,4.0,exact,116,403,101.0,372.0,61,216,no-recurrence-events,6404
14,9,42,Breast Cancer,228,2,no-recurrence-events,2,select_coverage_CBA_M1,,exact,38,135,38.0,135.0,22,73,no-recurrence-events,2300
14,9,49,Breast Cancer,228,2,no-recurrence-events,1,select_coverage,1.0,DAC,55,176,,,52,169,no-recurrence-events,1436
14,9,49,Breast Cancer,228,2,no-recurrence-events,1,select_coverage,1.0,exact,55,176,52.0,169.0,24,74,no-recurrence-events,2940
14,9,49,Breast Cancer,228,2,no-recurrence-events,1,select_coverage,2.0,DAC,86,275,,,78,256,no-recurrence-events,2204
14,9,49,Breast Cancer,228,2,no-recurrence-events,1,select_coverage,2.0,exact,86,275,78.0,256.0,39,124,no-recurrence-events,4508
14,9,49,Breast Cancer,228,2,no-recurrence-events,1,select_coverage,3.0,DAC,104,329,,,91,301,no-recurrence-events,2636
14,9,49,Breast Cancer,228,2,no-recurrence-events,1,select_coverage,3.0,exact,104,329,91.0,301.0,47,149,no-recurrence-events,5316
14,9,49,Breast Cancer,228,2,no-recurrence-events,1,select_coverage,4.0,DAC,115,362,,,98,326,no-recurrence-events,2900
14,9,49,Breast Cancer,228,2,no-recurrence-events,1,select_coverage,4.0,exact,115,362,98.0,326.0,51,161,no-recurrence-events,5764
14,9,49,Breast Cancer,228,2,no-recurrence-events,1,select_coverage_CBA_M1,,DAC,39,142,,,39,142,no-recurrence-events,1108
14,9,49,Breast Cancer,228,2,no-recurrence-events,1,select_coverage_CBA_M1,,exact,39,142,39.0,142.0,15,53,no-recurrence-events,2300
14,9,49,Breast Cancer,228,2,no-recurrence-events,2,select_coverage,1.0,exact,55,176,52.0,169.0,24,74,no-recurrence-events,2940
14,9,49,Breast Cancer,228,2,no-recurrence-events,2,select_coverage,2.0,exact,86,275,78.0,256.0,39,124,no-recurrence-events,4508
14,9,49,Breast Cancer,228,2,no-recurrence-events,2,select_coverage,3.0,exact,104,329,91.0,301.0,47,149,no-recurrence-events,5316
14,9,49,Breast Cancer,228,2,no-recurrence-events,2,select_coverage,4.0,exact,115,362,98.0,326.0,51,161,no-recurrence-events,5764
14,9,49,Breast Cancer,228,2,no-recurrence-events,2,select_coverage_CBA_M1,,exact,39,142,39.0,142.0,15,53,no-recurrence-events,2300
14,9,63,Breast Cancer,228,2,no-recurrence-events,1,select_coverage,1.0,DAC,55,169,,,50,160,no-recurrence-events,1408
14,9,63,Breast Cancer,228,2,no-recurrence-events,1,select_coverage,1.0,exact,55,169,50.0,160.0,35,101,no-recurrence-events,2936
14,9,63,Breast Cancer,228,2,no-recurrence-events,1,select_coverage,2.0,DAC,95,310,,,83,287,no-recurrence-events,2452
14,9,63,Breast Cancer,228,2,no-recurrence-events,1,select_coverage,2.0,exact,95,310,83.0,287.0,56,176,no-recurrence-events,5100
14,9,63,Breast Cancer,228,2,no-recurrence-events,1,select_coverage,3.0,DAC,116,380,,,97,342,no-recurrence-events,2984
14,9,63,Breast Cancer,228,2,no-recurrence-events,1,select_coverage,3.0,exact,116,380,97.0,342.0,64,207,no-recurrence-events,6060
14,9,63,Breast Cancer,228,2,no-recurrence-events,1,select_coverage,4.0,DAC,131,427,,,107,379,no-recurrence-events,3352
14,9,63,Breast Cancer,228,2,no-recurrence-events,1,select_coverage,4.0,exact,131,427,107.0,379.0,71,232,no-recurrence-events,6736
14,9,63,Breast Cancer,228,2,no-recurrence-events,1,select_coverage_CBA_M1,,DAC,44,149,,,43,148,no-recurrence-events,1196
14,9,63,Breast Cancer,228,2,no-recurrence-events,1,select_coverage_CBA_M1,,exact,44,149,43.0,148.0,29,92,no-recurrence-events,2604
14,9,63,Breast Cancer,228,2,no-recurrence-events,2,select_coverage,1.0,exact,55,169,50.0,160.0,35,101,no-recurrence-events,2936
14,9,63,Breast Cancer,228,2,no-recurrence-events,2,select_coverage,2.0,exact,95,310,83.0,287.0,56,176,no-recurrence-events,5100
14,9,63,Breast Cancer,228,2,no-recurrence-events,2,select_coverage,3.0,exact,116,380,97.0,342.0,64,207,no-recurrence-events,6060
14,9,63,Breast Cancer,228,2,no-recurrence-events,2,select_coverage,4.0,exact,131,427,107.0,379.0,71,232,no-recurrence-events,6736
14,9,63,Breast Cancer,228,2,no-recurrence-events,2,select_coverage_CBA_M1,,exact,41,140,40.0,139.0,26,83,no-recurrence-events,2424
14,9,64,Breast Cancer,228,2,no-recurrence-events,1,select_coverage,1.0,DAC,52,166,,,51,163,no-recurrence-events,1360
14,9,64,Breast Cancer,228,2,no-recurrence-events,1,select_coverage,1.0,exact,52,166,51.0,163.0,33,105,no-recurrence-events,2976
14,9,64,Breast Cancer,228,2,no-recurrence-events,1,select_coverage,2.0,DAC,88,315,,,82,300,no-recurrence-events,2388
14,9,64,Breast Cancer,228,2,no-recurrence-events,1,select_coverage,2.0,exact,88,315,82.0,300.0,48,171,no-recurrence-events,5128
14,9,64,Breast Cancer,228,2,no-recurrence-events,1,select_coverage,3.0,DAC,114,413,,,106,395,no-recurrence-events,3092
14,9,64,Breast Cancer,228,2,no-recurrence-events,1,select_coverage,3.0,exact,114,413,106.0,395.0,63,234,no-recurrence-events,6728
14,9,64,Breast Cancer,228,2,no-recurrence-events,1,select_coverage,4.0,DAC,133,470,,,121,443,no-recurrence-events,3548
14,9,64,Breast Cancer,228,2,no-recurrence-events,1,select_coverage,4.0,exact,133,470,121.0,443.0,72,262,no-recurrence-events,7620
14,9,64,Breast Cancer,228,2,no-recurrence-events,1,select_coverage_CBA_M1,,DAC,40,135,,,40,135,no-recurrence-events,1092
14,9,64,Breast Cancer,228,2,no-recurrence-events,1,select_coverage_CBA_M1,,exact,40,135,40.0,135.0,26,87,no-recurrence-events,2404
14,9,64,Breast Cancer,228,2,no-recurrence-events,2,select_coverage,1.0,exact,52,166,51.0,163.0,33,105,no-recurrence-events,2976
14,9,64,Breast Cancer,228,2,no-recurrence-events,2,select_coverage,2.0,exact,88,315,82.0,300.0,48,171,no-recurrence-events,5128
14,9,64,Breast Cancer,228,2,no-recurrence-events,2,select_coverage,3.0,exact,114,413,106.0,395.0,63,234,no-recurrence-events,6728
14,9,64,Breast Cancer,228,2,no-recurrence-events,2,select_coverage,4.0,exact,133,470,121.0,443.0,72,262,no-recurrence-events,7620
14,9,64,Breast Cancer,228,2,no-recurrence-events,2,select_coverage_CBA_M1,,exact,40,135,40.0,135.0,26,87,no-recurrence-events,2404
14,9,65,Breast Cancer,228,2,no-recurrence-events,1,select_coverage,1.0,DAC,56,188,,,55,187,no-recurrence-events,1496
14,9,65,Breast Cancer,228,2,no-recurrence-events,1,select_coverage,1.0,exact,56,188,55.0,187.0,29,85,no-recurrence-events,3176
14,9,65,Breast Cancer,228,2,no-recurrence-events,1,select_coverage,2.0,DAC,90,309,,,85,299,no-recurrence-events,2388
14,9,65,Breast Cancer,228,2,no-recurrence-events,1,select_coverage,2.0,exact,90,309,85.0,299.0,38,111,no-recurrence-events,4932
14,9,65,Breast Cancer,228,2,no-recurrence-events,1,select_coverage,3.0,DAC,115,410,,,110,400,no-recurrence-events,3092
14,9,65,Breast Cancer,228,2,no-recurrence-events,1,select_coverage,3.0,exact,115,410,110.0,400.0,55,185,no-recurrence-events,6636
14,9,65,Breast Cancer,228,2,no-recurrence-events,1,select_coverage,4.0,DAC,130,458,,,121,440,no-recurrence-events,3464
14,9,65,Breast Cancer,228,2,no-recurrence-events,1,select_coverage,4.0,exact,130,458,121.0,440.0,59,206,no-recurrence-events,7336
14,9,65,Breast Cancer,228,2,no-recurrence-events,1,select_coverage_CBA_M1,,DAC,46,165,,,46,165,no-recurrence-events,1284
14,9,65,Breast Cancer,228,2,no-recurrence-events,1,select_coverage_CBA_M1,,exact,46,165,46.0,165.0,24,74,no-recurrence-events,2736
14,9,65,Breast Cancer,228,2,no-recurrence-events,2,select_coverage,1.0,exact,56,188,55.0,187.0,29,85,no-recurrence-events,3176
14,9,65,Breast Cancer,228,2,no-recurrence-events,2,select_coverage,2.0,exact,90,309,85.0,299.0,38,111,no-recurrence-events,4932
14,9,65,Breast Cancer,228,2,no-recurrence-events,2,select_coverage,3.0,exact,115,410,110.0,400.0,55,185,no-recurrence-events,6636
14,9,65,Breast Cancer,228,2,no-recurrence-events,2,select_coverage,4.0,exact,130,458,121.0,440.0,59,206,no-recurrence-events,7336
14,9,65,Breast Cancer,228,2,no-recurrence-events,2,select_coverage_CBA_M1,,exact,46,165,46.0,165.0,24,74,no-recurrence-events,2736
14,9,68,Breast Cancer,228,2,no-recurrence-events,1,select_coverage,1.0,DAC,56,167,,,53,160,no-recurrence-events,1412
14,9,68,Breast Cancer,228,2,no-recurrence-events,1,select_coverage,1.0,exact,56,167,53.0,160.0,29,78,no-recurrence-events,2908
14,9,68,Breast Cancer,228,2,no-recurrence-events,1,select_coverage,2.0,DAC,93,302,,,83,282,no-recurrence-events,2396
14,9,68,Breast Cancer,228,2,no-recurrence-events,1,select_coverage,2.0,exact,93,302,83.0,282.0,46,145,no-recurrence-events,4924
14,9,68,Breast Cancer,228,2,no-recurrence-events,1,select_coverage,3.0,DAC,111,363,,,101,343,no-recurrence-events,2856
14,9,68,Breast Cancer,228,2,no-recurrence-events,1,select_coverage,3.0,exact,111,363,101.0,343.0,55,173,no-recurrence-events,5956
14,9,68,Breast Cancer,228,2,no-recurrence-events,1,select_coverage,4.0,DAC,133,436,,,117,403,no-recurrence-events,3412
14,9,68,Breast Cancer,228,2,no-recurrence-events,1,select_coverage,4.0,exact,133,436,115.0,396.0,62,202,no-recurrence-events,6912
14,9,68,Breast Cancer,228,2,no-recurrence-events,1,select_coverage_CBA_M1,,DAC,40,130,,,40,130,no-recurrence-events,1072
14,9,68,Breast Cancer,228,2,no-recurrence-events,1,select_coverage_CBA_M1,,exact,40,130,40.0,130.0,21,60,no-recurrence-events,2256
14,9,68,Breast Cancer,228,2,no-recurrence-events,2,select_coverage,1.0,exact,56,167,53.0,160.0,29,78,no-recurrence-events,2908
14,9,68,Breast Cancer,228,2,no-recurrence-events,2,select_coverage,2.0,exact,93,302,83.0,282.0,46,145,no-recurrence-events,4924
14,9,68,Breast Cancer,228,2,no-recurrence-events,2,select_coverage,3.0,exact,111,363,101.0,343.0,55,173,no-recurrence-events,5956
14,9,68,Breast Cancer,228,2,no-recurrence-events,2,select_coverage,4.0,exact,133,436,115.0,396.0,62,202,no-recurrence-events,6912
14,9,68,Breast Cancer,228,2,no-recurrence-events,2,select_coverage_CBA_M1,,exact,40,130,40.0,130.0,21,60,no-recurrence-events,2256
14,9,74,Breast Cancer,228,2,no-recurrence-events,1,select_coverage,1.0,DAC,52,172,,,47,162,no-recurrence-events,1384
14,9,74,Breast Cancer,228,2,no-recurrence-events,1,select_coverage,1.0,exact,52,172,47.0,162.0,27,86,no-recurrence-events,2824
14,9,74,Breast Cancer,228,2,no-recurrence-events,1,select_coverage,2.0,DAC,80,270,,,74,259,no-recurrence-events,2112
14,9,74,Breast Cancer,228,2,no-recurrence-events,1,select_coverage,2.0,exact,80,270,74.0,259.0,41,140,no-recurrence-events,4468
14,9,74,Breast Cancer,228,2,no-recurrence-events,1,select_coverage,3.0,DAC,92,306,,,85,293,no-recurrence-events,2400
14,9,74,Breast Cancer,228,2,no-recurrence-events,1,select_coverage,3.0,exact,92,306,84.0,292.0,46,160,no-recurrence-events,5064
14,9,74,Breast Cancer,228,2,no-recurrence-events,1,select_coverage,4.0,DAC,100,336,,,93,323,no-recurrence-events,2616
14,9,74,Breast Cancer,228,2,no-recurrence-events,1,select_coverage,4.0,exact,100,336,92.0,322.0,51,180,no-recurrence-events,5576
14,9,74,Breast Cancer,228,2,no-recurrence-events,1,select_coverage_CBA_M1,,DAC,34,133,,,33,129,no-recurrence-events,1012
14,9,74,Breast Cancer,228,2,no-recurrence-events,1,select_coverage_CBA_M1,,exact,34,133,33.0,129.0,16,61,no-recurrence-events,2100
14,9,74,Breast Cancer,228,2,no-recurrence-events,2,select_coverage,1.0,exact,52,172,47.0,162.0,27,86,no-recurrence-events,2824
14,9,74,Breast Cancer,228,2,no-recurrence-events,2,select_coverage,2.0,exact,80,270,74.0,259.0,41,140,no-recurrence-events,4468
14,9,74,Breast Cancer,228,2,no-recurrence-events,2,select_coverage,3.0,exact,92,306,84.0,292.0,46,160,no-recurrence-events,5064
14,9,74,Breast Cancer,228,2,no-recurrence-events,2,select_coverage,4.0,exact,100,336,92.0,322.0,51,180,no-recurrence-events,5576
14,9,74,Breast Cancer,228,2,no-recurrence-events,2,select_coverage_CBA_M1,,exact,34,133,33.0,129.0,16,61,no-recurrence-events,2100
14,9,76,Breast Cancer,228,2,no-recurrence-events,1,select_coverage,1.0,DAC,52,171,,,48,164,no-recurrence-events,1380
14,9,76,Breast Cancer,228,2,no-recurrence-events,1,select_coverage,1.0,exact,52,171,48.0,164.0,29,89,no-recurrence-events,2864
14,9,76,Breast Cancer,228,2,no-recurrence-events,1,select_coverage,2.0,DAC,86,295,,,77,277,no-recurrence-events,2284
14,9,76,Breast Cancer,228,2,no-recurrence-events,1,select_coverage,2.0,exact,86,295,77.0,277.0,42,138,no-recurrence-events,4704
14,9,76,Breast Cancer,228,2,no-recurrence-events,1,select_coverage,3.0,DAC,111,382,,,100,360,no-recurrence-events,2932
14,9,76,Breast Cancer,228,2,no-recurrence-events,1,select_coverage,3.0,exact,111,382,100.0,360.0,54,188,no-recurrence-events,6136
14,9,76,Breast Cancer,228,2,no-recurrence-events,1,select_coverage,4.0,DAC,128,439,,,115,415,no-recurrence-events,3364
14,9,76,Breast Cancer,228,2,no-recurrence-events,1,select_coverage,4.0,exact,128,439,115.0,415.0,63,222,no-recurrence-events,7080
14,9,76,Breast Cancer,228,2,no-recurrence-events,1,select_coverage_CBA_M1,,DAC,38,143,,,38,143,no-recurrence-events,1100
14,9,76,Breast Cancer,228,2,no-recurrence-events,1,select_coverage_CBA_M1,,exact,38,143,38.0,143.0,21,73,no-recurrence-events,2364
14,9,76,Breast Cancer,228,2,no-recurrence-events,2,select_coverage,1.0,exact,52,171,48.0,164.0,29,89,no-recurrence-events,2864
14,9,76,Breast Cancer,228,2,no-recurrence-events,2,select_coverage,2.0,exact,86,295,77.0,277.0,42,138,no-recurrence-events,4704
14,9,76,Breast Cancer,228,2,no-recurrence-events,2,select_coverage,3.0,exact,111,382,100.0,360.0,54,188,no-recurrence-events,6136
14,9,76,Breast Cancer,228,2,no-recurrence-events,2,select_coverage,4.0,exact,129,440,115.0,415.0,63,222,no-recurrence-events,7084
14,9,76,Breast Cancer,228,2,no-recurrence-events,2,select_coverage_CBA_M1,,exact,38,143,38.0,143.0,21,73,no-recurrence-events,2364
14,9,100,Breast Cancer,228,2,no-recurrence-events,1,select_coverage,1.0,DAC,53,183,,,48,171,no-recurrence-events,1440
14,9,100,Breast Cancer,228,2,no-recurrence-events,1,select_coverage,1.0,exact,53,183,48.0,171.0,27,88,no-recurrence-events,2936
14,9,100,Breast Cancer,228,2,no-recurrence-events,1,select_coverage,2.0,DAC,92,331,,,84,312,no-recurrence-events,2500
14,9,100,Breast Cancer,228,2,no-recurrence-events,1,select_coverage,2.0,exact,92,331,84.0,312.0,48,167,no-recurrence-events,5272
14,9,100,Breast Cancer,228,2,no-recurrence-events,1,select_coverage,3.0,DAC,115,412,,,104,388,no-recurrence-events,3100
14,9,100,Breast Cancer,228,2,no-recurrence-events,1,select_coverage,3.0,exact,115,412,104.0,388.0,60,215,no-recurrence-events,6572
14,9,100,Breast Cancer,228,2,no-recurrence-events,1,select_coverage,4.0,DAC,127,447,,,114,420,no-recurrence-events,3384
14,9,100,Breast Cancer,228,2,no-recurrence-events,1,select_coverage,4.0,exact,127,447,114.0,420.0,66,231,no-recurrence-events,7144
14,9,100,Breast Cancer,228,2,no-recurrence-events,1,select_coverage_CBA_M1,,DAC,39,150,,,38,146,no-recurrence-events,1140
14,9,100,Breast Cancer,228,2,no-recurrence-events,1,select_coverage_CBA_M1,,exact,39,150,38.0,146.0,19,71,no-recurrence-events,2396
14,9,100,Breast Cancer,228,2,no-recurrence-events,2,select_coverage,1.0,exact,53,183,48.0,171.0,27,88,no-recurrence-events,2936
14,9,100,Breast Cancer,228,2,no-recurrence-events,2,select_coverage,2.0,exact,92,331,84.0,312.0,48,167,no-recurrence-events,5272
14,9,100,Breast Cancer,228,2,no-recurrence-events,2,select_coverage,3.0,exact,115,412,104.0,388.0,60,215,no-recurrence-events,6572
14,9,100,Breast Cancer,228,2,no-recurrence-events,2,select_coverage,4.0,exact,127,447,114.0,420.0,66,231,no-recurrence-events,7144
14,9,100,Breast Cancer,228,2,no-recurrence-events,2,select_coverage_CBA_M1,,exact,39,150,38.0,146.0,19,71,no-recurrence-events,2396
14,9,114,Breast Cancer,228,2,no-recurrence-events,1,select_coverage,1.0,DAC,55,175,,,49,160,no-recurrence-events,1432
14,9,114,Breast Cancer,228,2,no-recurrence-events,1,select_coverage,1.0,exact,55,175,49.0,160.0,31,101,no-recurrence-events,2936
14,9,114,Breast Cancer,228,2,no-recurrence-events,1,select_coverage,2.0,DAC,90,297,,,78,272,no-recurrence-events,2340
14,9,114,Breast Cancer,228,2,no-recurrence-events,1,select_coverage,2.0,exact,90,297,78.0,272.0,51,183,no-recurrence-events,4896
14,9,114,Breast Cancer,228,2,no-recurrence-events,1,select_coverage,3.0,DAC,112,371,,,96,339,no-recurrence-events,2900
14,9,114,Breast Cancer,228,2,no-recurrence-events,1,select_coverage,3.0,exact,112,371,96.0,339.0,65,236,no-recurrence-events,6104
14,9,114,Breast Cancer,228,2,no-recurrence-events,1,select_coverage,4.0,DAC,126,419,,,108,383,no-recurrence-events,3260
14,9,114,Breast Cancer,228,2,no-recurrence-events,1,select_coverage,4.0,exact,126,419,108.0,383.0,74,269,no-recurrence-events,6892
14,9,114,Breast Cancer,228,2,no-recurrence-events,1,select_coverage_CBA_M1,,DAC,41,143,,,40,141,no-recurrence-events,1136
14,9,114,Breast Cancer,228,2,no-recurrence-events,1,select_coverage_CBA_M1,,exact,41,143,40.0,141.0,24,89,recurrence-events,2468
14,9,114,Breast Cancer,228,2,no-recurrence-events,2,select_coverage,1.0,exact,55,175,49.0,160.0,31,101,no-recurrence-events,2936
14,9,114,Breast Cancer,228,2,no-recurrence-events,2,select_coverage,2.0,exact,90,297,78.0,272.0,51,183,no-recurrence-events,4896
14,9,114,Breast Cancer,228,2,no-recurrence-events,2,select_coverage,3.0,exact,112,371,96.0,339.0,65,236,no-recurrence-events,6104
14,9,114,Breast Cancer,228,2,no-recurrence-events,2,select_coverage,4.0,exact,126,419,108.0,383.0,74,269,no-recurrence-events,6892
14,9,114,Breast Cancer,228,2,no-recurrence-events,2,select_coverage_CBA_M1,,exact,39,138,38.0,136.0,22,84,recurrence-events,2360
14,9,133,Breast Cancer,228,2,no-recurrence-events,1,select_coverage,1.0,DAC,65,230,,,63,226,no-recurrence-events,1772
14,9,133,Breast Cancer,228,2,no-recurrence-events,1,select_coverage,1.0,exact,65,230,63.0,226.0,34,105,no-recurrence-events,3772
14,9,133,Breast Cancer,228,2,no-recurrence-events,1,select_coverage,2.0,DAC,96,350,,,89,335,no-recurrence-events,2624
14,9,133,Breast Cancer,228,2,no-recurrence-events,1,select_coverage,2.0,exact,96,350,89.0,335.0,49,157,no-recurrence-events,5520
14,9,133,Breast Cancer,228,2,no-recurrence-events,1,select_coverage,3.0,DAC,118,422,,,105,397,no-recurrence-events,3176
14,9,133,Breast Cancer,228,2,no-recurrence-events,1,select_coverage,3.0,exact,118,422,105.0,397.0,58,190,no-recurrence-events,6572
14,9,133,Breast Cancer,228,2,no-recurrence-events,1,select_coverage,4.0,DAC,134,470,,,117,440,no-recurrence-events,3560
14,9,133,Breast Cancer,228,2,no-recurrence-events,1,select_coverage,4.0,exact,134,470,116.0,435.0,65,211,no-recurrence-events,7264
14,9,133,Breast Cancer,228,2,no-recurrence-events,1,select_coverage_CBA_M1,,DAC,53,210,,,52,207,no-recurrence-events,1548
14,9,133,Breast Cancer,228,2,no-recurrence-events,1,select_coverage_CBA_M1,,exact,53,210,52.0,207.0,25,90,no-recurrence-events,3292
14,9,133,Breast Cancer,228,2,no-recurrence-events,2,select_coverage,1.0,exact,65,230,63.0,226.0,34,105,no-recurrence-events,3772
14,9,133,Breast Cancer,228,2,no-recurrence-events,2,select_coverage,2.0,exact,96,350,89.0,335.0,49,157,no-recurrence-events,5520
14,9,133,Breast Cancer,228,2,no-recurrence-events,2,select_coverage,3.0,exact,118,422,105.0,397.0,58,190,no-recurrence-events,6572
14,9,133,Breast Cancer,228,2,no-recurrence-events,2,select_coverage,4.0,exact,134,470,116.0,435.0,65,211,no-recurrence-events,7264
14,9,133,Breast Cancer,228,2,no-recurrence-events,2,select_coverage_CBA_M1,,exact,53,210,52.0,207.0,25,90,no-recurrence-events,3292
14,9,138,Breast Cancer,228,2,no-recurrence-events,1,select_coverage,1.0,DAC,56,177,,,52,169,no-recurrence-events,1452
14,9,138,Breast Cancer,228,2,no-recurrence-events,1,select_coverage,1.0,exact,56,177,52.0,169.0,33,108,no-recurrence-events,3080
14,9,138,Breast Cancer,228,2,no-recurrence-events,1,select_coverage,2.0,DAC,82,274,,,76,263,no-recurrence-events,2152
14,9,138,Breast Cancer,228,2,no-recurrence-events,1,select_coverage,2.0,exact,82,274,76.0,263.0,48,168,no-recurrence-events,4660
14,9,138,Breast Cancer,228,2,no-recurrence-events,1,select_coverage,3.0,DAC,96,317,,,88,302,no-recurrence-events,2492
14,9,138,Breast Cancer,228,2,no-recurrence-events,1,select_coverage,3.0,exact,96,317,88.0,302.0,56,199,no-recurrence-events,5400
14,9,138,Breast Cancer,228,2,no-recurrence-events,1,select_coverage,4.0,DAC,107,347,,,96,326,no-recurrence-events,2744
14,9,138,Breast Cancer,228,2,no-recurrence-events,1,select_coverage,4.0,exact,107,347,96.0,326.0,62,220,no-recurrence-events,5892
14,9,138,Breast Cancer,228,2,no-recurrence-events,1,select_coverage_CBA_M1,,DAC,40,140,,,40,140,no-recurrence-events,1112
14,9,138,Breast Cancer,228,2,no-recurrence-events,1,select_coverage_CBA_M1,,exact,40,140,40.0,140.0,25,87,no-recurrence-events,2444
14,9,138,Breast Cancer,228,2,no-recurrence-events,2,select_coverage,1.0,exact,56,177,52.0,169.0,33,108,no-recurrence-events,3080
14,9,138,Breast Cancer,228,2,no-recurrence-events,2,select_coverage,2.0,exact,82,274,76.0,263.0,48,168,no-recurrence-events,4660
14,9,138,Breast Cancer,228,2,no-recurrence-events,2,select_coverage,3.0,exact,96,317,88.0,302.0,56,199,no-recurrence-events,5400
14,9,138,Breast Cancer,228,2,no-recurrence-events,2,select_coverage,4.0,exact,107,347,96.0,326.0,62,220,no-recurrence-events,5892
14,9,138,Breast Cancer,228,2,no-recurrence-events,2,select_coverage_CBA_M1,,exact,41,143,41.0,143.0,26,90,no-recurrence-events,2504
14,9,148,Breast Cancer,228,2,no-recurrence-events,1,select_coverage,1.0,DAC,47,159,,,47,159,no-recurrence-events,1272
14,9,148,Breast Cancer,228,2,no-recurrence-events,1,select_coverage,1.0,exact,47,159,47.0,159.0,21,64,no-recurrence-events,2672
14,9,148,Breast Cancer,228,2,no-recurrence-events,1,select_coverage,2.0,DAC,80,295,,,77,290,no-recurrence-events,2212
14,9,148,Breast Cancer,228,2,no-recurrence-events,1,select_coverage,2.0,exact,80,295,77.0,290.0,36,128,no-recurrence-events,4716
14,9,148,Breast Cancer,228,2,no-recurrence-events,1,select_coverage,3.0,DAC,97,344,,,89,328,no-recurrence-events,2612
14,9,148,Breast Cancer,228,2,no-recurrence-events,1,select_coverage,3.0,exact,97,344,89.0,328.0,42,143,no-recurrence-events,5412
14,9,148,Breast Cancer,228,2,no-recurrence-events,1,select_coverage,4.0,DAC,107,376,,,99,360,no-recurrence-events,2860
14,9,148,Breast Cancer,228,2,no-recurrence-events,1,select_coverage,4.0,exact,107,376,99.0,360.0,50,171,no-recurrence-events,6020
14,9,148,Breast Cancer,228,2,no-recurrence-events,1,select_coverage_CBA_M1,,DAC,39,143,,,39,143,no-recurrence-events,1112
14,9,148,Breast Cancer,228,2,no-recurrence-events,1,select_coverage_CBA_M1,,exact,39,143,39.0,143.0,16,57,no-recurrence-events,2324
14,9,148,Breast Cancer,228,2,no-recurrence-events,2,select_coverage,1.0,exact,47,159,47.0,159.0,21,64,no-recurrence-events,2672
14,9,148,Breast Cancer,228,2,no-recurrence-events,2,select_coverage,2.0,exact,80,295,77.0,290.0,36,128,no-recurrence-events,4716
14,9,148,Breast Cancer,228,2,no-recurrence-events,2,select_coverage,3.0,exact,97,344,89.0,328.0,42,143,no-recurrence-events,5412
14,9,148,Breast Cancer,228,2,no-recurrence-events,2,select_coverage,4.0,exact,107,376,99.0,360.0,50,171,no-recurrence-events,6020
14,9,148,Breast Cancer,228,2,no-recurrence-events,2,select_coverage_CBA_M1,,exact,40,145,40.0,145.0,17,59,no-recurrence-events,2372
14,10,5,Breast Cancer,228,2,no-recurrence-events,1,select_coverage,1.0,DAC,51,140,,,45,130,no-recurrence-events,1252
14,10,5,Breast Cancer,228,2,no-recurrence-events,1,select_coverage,1.0,exact,51,140,45.0,130.0,18,49,no-recurrence-events,2372
14,10,5,Breast Cancer,228,2,no-recurrence-events,1,select_coverage,2.0,DAC,85,268,,,78,257,no-recurrence-events,2172
14,10,5,Breast Cancer,228,2,no-recurrence-events,1,select_coverage,2.0,exact,85,268,78.0,257.0,30,94,no-recurrence-events,4364
14,10,5,Breast Cancer,228,2,no-recurrence-events,1,select_coverage,3.0,DAC,102,332,,,94,318,no-recurrence-events,2632
14,10,5,Breast Cancer,228,2,no-recurrence-events,1,select_coverage,3.0,exact,102,332,94.0,318.0,39,125,no-recurrence-events,5372
14,10,5,Breast Cancer,228,2,no-recurrence-events,1,select_coverage,4.0,DAC,115,379,,,104,360,no-recurrence-events,2976
14,10,5,Breast Cancer,228,2,no-recurrence-events,1,select_coverage,4.0,exact,115,379,104.0,360.0,44,150,no-recurrence-events,6068
14,10,5,Breast Cancer,228,2,no-recurrence-events,1,select_coverage_CBA_M1,,DAC,42,127,,,40,121,no-recurrence-events,1092
14,10,5,Breast Cancer,228,2,no-recurrence-events,1,select_coverage_CBA_M1,,exact,42,127,40.0,121.0,15,44,no-recurrence-events,2144
14,10,5,Breast Cancer,228,2,no-recurrence-events,2,select_coverage,1.0,exact,51,140,45.0,130.0,18,49,no-recurrence-events,2372
14,10,5,Breast Cancer,228,2,no-recurrence-events,2,select_coverage,2.0,exact,85,268,78.0,257.0,30,94,no-recurrence-events,4364
14,10,5,Breast Cancer,228,2,no-recurrence-events,2,select_coverage,3.0,exact,102,332,94.0,318.0,39,125,no-recurrence-events,5372
14,10,5,Breast Cancer,228,2,no-recurrence-events,2,select_coverage,4.0,exact,115,379,104.0,360.0,44,150,no-recurrence-events,6068
14,10,5,Breast Cancer,228,2,no-recurrence-events,2,select_coverage_CBA_M1,,exact,42,127,40.0,121.0,15,44,no-recurrence-events,2144
14,10,14,Breast Cancer,228,2,no-recurrence-events,1,select_coverage,1.0,DAC,50,164,,,46,153,no-recurrence-events,1336
14,10,14,Breast Cancer,228,2,no-recurrence-events,1,select_coverage,1.0,exact,50,164,46.0,153.0,28,100,no-recurrence-events,2788
14,10,14,Breast Cancer,228,2,no-recurrence-events,1,select_coverage,2.0,DAC,67,225,,,62,211,no-recurrence-events,1784
14,10,14,Breast Cancer,228,2,no-recurrence-events,1,select_coverage,2.0,exact,67,225,62.0,211.0,35,123,no-recurrence-events,3740
14,10,14,Breast Cancer,228,2,no-recurrence-events,1,select_coverage,3.0,DAC,79,264,,,71,245,no-recurrence-events,2084
14,10,14,Breast Cancer,228,2,no-recurrence-events,1,select_coverage,3.0,exact,79,264,71.0,245.0,38,135,no-recurrence-events,4296
14,10,14,Breast Cancer,228,2,no-recurrence-events,1,select_coverage,4.0,DAC,87,288,,,79,269,no-recurrence-events,2276
14,10,14,Breast Cancer,228,2,no-recurrence-events,1,select_coverage,4.0,exact,87,288,79.0,269.0,44,152,no-recurrence-events,4748
14,10,14,Breast Cancer,228,2,no-recurrence-events,1,select_coverage_CBA_M1,,DAC,39,140,,,38,137,no-recurrence-events,1108
14,10,14,Breast Cancer,228,2,no-recurrence-events,1,select_coverage_CBA_M1,,exact,39,140,38.0,137.0,23,90,no-recurrence-events,2396
14,10,14,Breast Cancer,228,2,no-recurrence-events,2,select_coverage,1.0,exact,50,164,46.0,153.0,28,100,no-recurrence-events,2788
14,10,14,Breast Cancer,228,2,no-recurrence-events,2,select_coverage,2.0,exact,67,225,62.0,211.0,35,123,no-recurrence-events,3740
14,10,14,Breast Cancer,228,2,no-recurrence-events,2,select_coverage,3.0,exact,79,264,71.0,245.0,38,135,no-recurrence-events,4296
14,10,14,Breast Cancer,228,2,no-recurrence-events,2,select_coverage,4.0,exact,87,288,79.0,269.0,44,152,no-recurrence-events,4748
14,10,14,Breast Cancer,228,2,no-recurrence-events,2,select_coverage_CBA_M1,,exact,39,140,38.0,137.0,23,90,no-recurrence-events,2396
14,10,17,Breast Cancer,228,2,no-recurrence-events,1,select_coverage,1.0,DAC,59,191,,,54,181,no-recurrence-events,1552
14,10,17,Breast Cancer,228,2,no-recurrence-events,1,select_coverage,1.0,exact,59,191,54.0,181.0,27,81,no-recurrence-events,3124
14,10,17,Breast Cancer,228,2,no-recurrence-events,1,select_coverage,2.0,DAC,92,312,,,84,296,no-recurrence-events,2432
14,10,17,Breast Cancer,228,2,no-recurrence-events,1,select_coverage,2.0,exact,92,312,83.0,295.0,41,136,no-recurrence-events,4980
14,10,17,Breast Cancer,228,2,no-recurrence-events,1,select_coverage,3.0,DAC,110,368,,,99,349,no-recurrence-events,2872
14,10,17,Breast Cancer,228,2,no-recurrence-events,1,select_coverage,3.0,exact,110,368,98.0,348.0,51,173,no-recurrence-events,5924
14,10,17,Breast Cancer,228,2,no-recurrence-events,1,select_coverage,4.0,DAC,128,430,,,115,406,no-recurrence-events,3336
14,10,17,Breast Cancer,228,2,no-recurrence-events,1,select_coverage,4.0,exact,128,430,114.0,405.0,61,207,no-recurrence-events,6920
14,10,17,Breast Cancer,228,2,no-recurrence-events,1,select_coverage_CBA_M1,,DAC,48,175,,,47,173,no-recurrence-events,1356
14,10,17,Breast Cancer,228,2,no-recurrence-events,1,select_coverage_CBA_M1,,exact,48,175,47.0,173.0,22,75,no-recurrence-events,2836
14,10,17,Breast Cancer,228,2,no-recurrence-events,2,select_coverage,1.0,exact,59,191,54.0,181.0,27,81,no-recurrence-events,3124
14,10,17,Breast Cancer,228,2,no-recurrence-events,2,select_coverage,2.0,exact,92,312,83.0,295.0,41,136,no-recurrence-events,4980
14,10,17,Breast Cancer,228,2,no-recurrence-events,2,select_coverage,3.0,exact,110,368,98.0,348.0,51,173,no-recurrence-events,5924
14,10,17,Breast Cancer,228,2,no-recurrence-events,2,select_coverage,4.0,exact,128,430,114.0,405.0,61,207,no-recurrence-events,6920
14,10,17,Breast Cancer,228,2,no-recurrence-events,2,select_coverage_CBA_M1,,exact,48,175,47.0,173.0,22,75,no-recurrence-events,2836
14,10,19,Breast Cancer,228,2,no-recurrence-events,1,select_coverage,1.0,DAC,63,190,,,55,170,no-recurrence-events,1596
14,10,19,Breast Cancer,228,2,no-recurrence-events,1,select_coverage,1.0,exact,63,190,55.0,170.0,25,76,no-recurrence-events,3080
14,10,19,Breast Cancer,228,2,no-recurrence-events,1,select_coverage,2.0,DAC,105,325,,,94,297,no-recurrence-events,2640
14,10,19,Breast Cancer,228,2,no-recurrence-events,1,select_coverage,2.0,exact,105,325,93.0,296.0,45,126,no-recurrence-events,5236
14,10,19,Breast Cancer,228,2,no-recurrence-events,1,select_coverage,3.0,DAC,125,394,,,112,362,no-recurrence-events,3156
14,10,19,Breast Cancer,228,2,no-recurrence-events,1,select_coverage,3.0,exact,125,394,111.0,361.0,53,154,no-recurrence-events,6316
14,10,19,Breast Cancer,228,2,no-recurrence-events,1,select_coverage,4.0,DAC,133,422,,,118,387,no-recurrence-events,3364
14,10,19,Breast Cancer,228,2,no-recurrence-events,1,select_coverage,4.0,exact,133,422,117.0,386.0,55,164,no-recurrence-events,6712
14,10,19,Breast Cancer,228,2,no-recurrence-events,1,select_coverage_CBA_M1,,DAC,47,155,,,46,152,no-recurrence-events,1264
14,10,19,Breast Cancer,228,2,no-recurrence-events,1,select_coverage_CBA_M1,,exact,47,155,46.0,152.0,21,67,no-recurrence-events,2616
14,10,19,Breast Cancer,228,2,no-recurrence-events,2,select_coverage,1.0,exact,63,190,55.0,170.0,25,76,no-recurrence-events,3080
14,10,19,Breast Cancer,228,2,no-recurrence-events,2,select_coverage,2.0,exact,105,325,93.0,296.0,45,126,no-recurrence-events,5236
14,10,19,Breast Cancer,228,2,no-recurrence-events,2,select_coverage,3.0,exact,125,394,111.0,361.0,53,154,no-recurrence-events,6316
14,10,19,Breast Cancer,228,2,no-recurrence-events,2,select_coverage,4.0,exact,133,422,117.0,386.0,55,164,no-recurrence-events,6712
14,10,19,Breast Cancer,228,2,no-recurrence-events,2,select_coverage_CBA_M1,,exact,47,155,46.0,152.0,21,67,no-recurrence-events,2616
14,10,29,Breast Cancer,228,2,no-recurrence-events,1,select_coverage,1.0,DAC,60,201,,,56,192,no-recurrence-events,1604
14,10,29,Breast Cancer,228,2,no-recurrence-events,1,select_coverage,1.0,exact,60,201,56.0,192.0,30,92,no-recurrence-events,3300
14,10,29,Breast Cancer,228,2,no-recurrence-events,1,select_coverage,2.0,DAC,91,314,,,82,292,no-recurrence-events,2428
14,10,29,Breast Cancer,228,2,no-recurrence-events,1,select_coverage,2.0,exact,91,314,82.0,292.0,40,129,no-recurrence-events,4924
14,10,29,Breast Cancer,228,2,no-recurrence-events,1,select_coverage,3.0,DAC,112,392,,,100,363,no-recurrence-events,2992
14,10,29,Breast Cancer,228,2,no-recurrence-events,1,select_coverage,3.0,exact,112,392,100.0,363.0,49,165,no-recurrence-events,6096
14,10,29,Breast Cancer,228,2,no-recurrence-events,1,select_coverage,4.0,DAC,128,436,,,111,396,no-recurrence-events,3360
14,10,29,Breast Cancer,228,2,no-recurrence-events,1,select_coverage,4.0,exact,128,436,111.0,396.0,53,178,no-recurrence-events,6720
14,10,29,Breast Cancer,228,2,no-recurrence-events,1,select_coverage_CBA_M1,,DAC,51,184,,,50,180,no-recurrence-events,1428
14,10,29,Breast Cancer,228,2,no-recurrence-events,1,select_coverage_CBA_M1,,exact,51,184,50.0,180.0,25,83,no-recurrence-events,3004
14,10,29,Breast Cancer,228,2,no-recurrence-events,2,select_coverage,1.0,exact,60,201,56.0,192.0,30,92,no-recurrence-events,3300
14,10,29,Breast Cancer,228,2,no-recurrence-events,2,select_coverage,2.0,exact,91,314,82.0,292.0,40,129,no-recurrence-events,4924
14,10,29,Breast Cancer,228,2,no-recurrence-events,2,select_coverage,3.0,exact,112,392,100.0,363.0,49,165,no-recurrence-events,6096
14,10,29,Breast Cancer,228,2,no-recurrence-events,2,select_coverage,4.0,exact,129,441,112.0,401.0,53,178,no-recurrence-events,6784
14,10,29,Breast Cancer,228,2,no-recurrence-events,2,select_coverage_CBA_M1,,exact,51,184,50.0,180.0,25,83,no-recurrence-events,3004
14,10,31,Breast Cancer,228,2,no-recurrence-events,1,select_coverage,1.0,DAC,44,143,,,38,133,no-recurrence-events,1180
14,10,31,Breast Cancer,228,2,no-recurrence-events,1,select_coverage,1.0,exact,44,143,38.0,133.0,21,73,no-recurrence-events,2324
14,10,31,Breast Cancer,228,2,no-recurrence-events,1,select_coverage,2.0,DAC,71,237,,,61,218,no-recurrence-events,1880
14,10,31,Breast Cancer,228,2,no-recurrence-events,1,select_coverage,2.0,exact,71,237,61.0,218.0,36,127,no-recurrence-events,3808
14,10,31,Breast Cancer,228,2,no-recurrence-events,1,select_coverage,3.0,DAC,83,273,,,72,253,no-recurrence-events,2168
14,10,31,Breast Cancer,228,2,no-recurrence-events,1,select_coverage,3.0,exact,83,273,72.0,253.0,39,138,no-recurrence-events,4400
14,10,31,Breast Cancer,228,2,no-recurrence-events,1,select_coverage,4.0,DAC,90,292,,,79,272,no-recurrence-events,2328
14,10,31,Breast Cancer,228,2,no-recurrence-events,1,select_coverage,4.0,exact,90,292,79.0,272.0,43,148,no-recurrence-events,4760
14,10,31,Breast Cancer,228,2,no-recurrence-events,1,select_coverage_CBA_M1,,DAC,31,112,,,30,111,no-recurrence-events,900
14,10,31,Breast Cancer,228,2,no-recurrence-events,1,select_coverage_CBA_M1,,exact,31,112,30.0,111.0,15,57,no-recurrence-events,1856
14,10,31,Breast Cancer,228,2,no-recurrence-events,2,select_coverage,1.0,exact,44,143,38.0,133.0,21,73,no-recurrence-events,2324
14,10,31,Breast Cancer,228,2,no-recurrence-events,2,select_coverage,2.0,exact,71,237,61.0,218.0,36,127,no-recurrence-events,3808
14,10,31,Breast Cancer,228,2,no-recurrence-events,2,select_coverage,3.0,exact,83,273,72.0,253.0,39,138,no-recurrence-events,4400
14,10,31,Breast Cancer,228,2,no-recurrence-events,2,select_coverage,4.0,exact,90,292,79.0,272.0,43,148,no-recurrence-events,4760
14,10,31,Breast Cancer,228,2,no-recurrence-events,2,select_coverage_CBA_M1,,exact,31,112,30.0,111.0,15,57,no-recurrence-events,1856
14,10,34,Breast Cancer,228,2,no-recurrence-events,1,select_coverage,1.0,DAC,58,182,,,54,173,no-recurrence-events,1504
14,10,34,Breast Cancer,228,2,no-recurrence-events,1,select_coverage,1.0,exact,58,182,54.0,173.0,29,85,no-recurrence-events,3072
14,10,34,Breast Cancer,228,2,no-recurrence-events,1,select_coverage,2.0,DAC,91,289,,,81,268,no-recurrence-events,2328
14,10,34,Breast Cancer,228,2,no-recurrence-events,1,select_coverage,2.0,exact,91,289,81.0,268.0,40,119,recurrence-events,4664
14,10,34,Breast Cancer,228,2,no-recurrence-events,1,select_coverage,3.0,DAC,112,367,,,102,346,no-recurrence-events,2892
14,10,34,Breast Cancer,228,2,no-recurrence-events,1,select_coverage,3.0,exact,112,367,102.0,346.0,52,160,recurrence-events,5956
14,10,34,Breast Cancer,228,2,no-recurrence-events,1,select_coverage,4.0,DAC,122,402,,,110,376,no-recurrence-events,3152
14,10,34,Breast Cancer,228,2,no-recurrence-events,1,select_coverage,4.0,exact,122,402,110.0,376.0,56,171,no-recurrence-events,6452
14,10,34,Breast Cancer,228,2,no-recurrence-events,1,select_coverage_CBA_M1,,DAC,49,163,,,47,159,no-recurrence-events,1320
14,10,34,Breast Cancer,228,2,no-recurrence-events,1,select_coverage_CBA_M1,,exact,49,163,47.0,159.0,23,73,no-recurrence-events,2724
14,10,34,Breast Cancer,228,2,no-recurrence-events,2,select_coverage,1.0,exact,58,182,54.0,173.0,29,85,no-recurrence-events,3072
14,10,34,Breast Cancer,228,2,no-recurrence-events,2,select_coverage,2.0,exact,91,289,81.0,268.0,40,119,recurrence-events,4664
14,10,34,Breast Cancer,228,2,no-recurrence-events,2,select_coverage,3.0,exact,112,367,102.0,346.0,52,160,recurrence-events,5956
14,10,34,Breast Cancer,228,2,no-recurrence-events,2,select_coverage,4.0,exact,122,402,110.0,376.0,56,171,no-recurrence-events,6452
14,10,34,Breast Cancer,228,2,no-recurrence-events,2,select_coverage_CBA_M1,,exact,46,155,44.0,151.0,22,70,no-recurrence-events,2576
14,10,42,Breast Cancer,228,2,no-recurrence-events,1,select_coverage,1.0,DAC,47,147,,,45,144,no-recurrence-events,1232
14,10,42,Breast Cancer,228,2,no-recurrence-events,1,select_coverage,1.0,exact,47,147,45.0,144.0,27,73,no-recurrence-events,2552
14,10,42,Breast Cancer,228,2,no-recurrence-events,1,select_coverage,2.0,DAC,81,273,,,79,270,no-recurrence-events,2144
14,10,42,Breast Cancer,228,2,no-recurrence-events,1,select_coverage,2.0,exact,81,273,79.0,270.0,46,144,no-recurrence-events,4660
14,10,42,Breast Cancer,228,2,no-recurrence-events,1,select_coverage,3.0,DAC,101,354,,,98,347,no-recurrence-events,2708
14,10,42,Breast Cancer,228,2,no-recurrence-events,1,select_coverage,3.0,exact,101,354,98.0,347.0,53,173,no-recurrence-events,5864
14,10,42,Breast Cancer,228,2,no-recurrence-events,1,select_coverage,4.0,DAC,122,420,,,117,409,no-recurrence-events,3224
14,10,42,Breast Cancer,228,2,no-recurrence-events,1,select_coverage,4.0,exact,122,420,117.0,409.0,60,198,no-recurrence-events,6932
14,10,42,Breast Cancer,228,2,no-recurrence-events,1,select_coverage_CBA_M1,,DAC,39,125,,,39,125,no-recurrence-events,1048
14,10,42,Breast Cancer,228,2,no-recurrence-events,1,select_coverage_CBA_M1,,exact,39,125,39.0,125.0,23,66,no-recurrence-events,2216
14,10,42,Breast Cancer,228,2,no-recurrence-events,2,select_coverage,1.0,exact,47,147,45.0,144.0,27,73,no-recurrence-events,2552
14,10,42,Breast Cancer,228,2,no-recurrence-events,2,select_coverage,2.0,exact,81,273,79.0,270.0,46,144,no-recurrence-events,4660
14,10,42,Breast Cancer,228,2,no-recurrence-events,2,select_coverage,3.0,exact,101,354,98.0,347.0,53,173,no-recurrence-events,5864
14,10,42,Breast Cancer,228,2,no-recurrence-events,2,select_coverage,4.0,exact,122,420,117.0,409.0,60,198,no-recurrence-events,6932
14,10,42,Breast Cancer,228,2,no-recurrence-events,2,select_coverage_CBA_M1,,exact,38,123,38.0,123.0,23,66,no-recurrence-events,2176
14,10,49,Breast Cancer,228,2,no-recurrence-events,1,select_coverage,1.0,DAC,54,162,,,47,145,no-recurrence-events,1376
14,10,49,Breast Cancer,228,2,no-recurrence-events,1,select_coverage,1.0,exact,54,162,47.0,145.0,26,80,recurrence-events,2692
14,10,49,Breast Cancer,228,2,no-recurrence-events,1,select_coverage,2.0,DAC,72,232,,,65,215,no-recurrence-events,1872
14,10,49,Breast Cancer,228,2,no-recurrence-events,1,select_coverage,2.0,exact,72,232,65.0,215.0,36,120,no-recurrence-events,3844
14,10,49,Breast Cancer,228,2,no-recurrence-events,1,select_coverage,3.0,DAC,83,265,,,74,244,no-recurrence-events,2136
14,10,49,Breast Cancer,228,2,no-recurrence-events,1,select_coverage,3.0,exact,83,265,74.0,244.0,38,126,no-recurrence-events,4332
14,10,49,Breast Cancer,228,2,no-recurrence-events,1,select_coverage,4.0,DAC,92,297,,,80,271,no-recurrence-events,2372
14,10,49,Breast Cancer,228,2,no-recurrence-events,1,select_coverage,4.0,exact,92,297,80.0,271.0,41,143,no-recurrence-events,4780
14,10,49,Breast Cancer,228,2,no-recurrence-events,1,select_coverage_CBA_M1,,DAC,40,132,,,40,132,no-recurrence-events,1088
14,10,49,Breast Cancer,228,2,no-recurrence-events,1,select_coverage_CBA_M1,,exact,40,132,40.0,132.0,23,74,recurrence-events,2328
14,10,49,Breast Cancer,228,2,no-recurrence-events,2,select_coverage,1.0,exact,54,162,47.0,145.0,26,80,recurrence-events,2692
14,10,49,Breast Cancer,228,2,no-recurrence-events,2,select_coverage,2.0,exact,72,232,65.0,215.0,36,120,no-recurrence-events,3844
14,10,49,Breast Cancer,228,2,no-recurrence-events,2,select_coverage,3.0,exact,83,265,74.0,244.0,38,126,no-recurrence-events,4332
14,10,49,Breast Cancer,228,2,no-recurrence-events,2,select_coverage,4.0,exact,92,297,80.0,271.0,41,143,no-recurrence-events,4780
14,10,49,Breast Cancer,228,2,no-recurrence-events,2,select_coverage_CBA_M1,,exact,39,130,39.0,130.0,23,74,recurrence-events,2288
14,10,63,Breast Cancer,228,2,no-recurrence-events,1,select_coverage,1.0,DAC,56,186,,,53,181,no-recurrence-events,1496
14,10,63,Breast Cancer,228,2,no-recurrence-events,1,select_coverage,1.0,exact,56,186,53.0,181.0,41,127,no-recurrence-events,3264
14,10,63,Breast Cancer,228,2,no-recurrence-events,1,select_coverage,2.0,DAC,89,293,,,76,267,no-recurrence-events,2320
14,10,63,Breast Cancer,228,2,no-recurrence-events,1,select_coverage,2.0,exact,89,293,76.0,267.0,54,170,no-recurrence-events,4760
14,10,63,Breast Cancer,228,2,no-recurrence-events,1,select_coverage,3.0,DAC,108,359,,,92,328,no-recurrence-events,2812
14,10,63,Breast Cancer,228,2,no-recurrence-events,1,select_coverage,3.0,exact,108,359,92.0,328.0,66,216,no-recurrence-events,5836
14,10,63,Breast Cancer,228,2,no-recurrence-events,1,select_coverage,4.0,DAC,122,404,,,103,368,no-recurrence-events,3160
14,10,63,Breast Cancer,228,2,no-recurrence-events,1,select_coverage,4.0,exact,122,404,103.0,368.0,73,240,no-recurrence-events,6536
14,10,63,Breast Cancer,228,2,no-recurrence-events,1,select_coverage_CBA_M1,,DAC,41,153,,,41,153,no-recurrence-events,1184
14,10,63,Breast Cancer,228,2,no-recurrence-events,1,select_coverage_CBA_M1,,exact,41,153,41.0,153.0,32,108,no-recurrence-events,2656
14,10,63,Breast Cancer,228,2,no-recurrence-events,2,select_coverage,1.0,exact,56,186,53.0,181.0,41,127,no-recurrence-events,3264
14,10,63,Breast Cancer,228,2,no-recurrence-events,2,select_coverage,2.0,exact,89,293,76.0,267.0,54,170,no-recurrence-events,4760
14,10,63,Breast Cancer,228,2,no-recurrence-events,2,select_coverage,3.0,exact,108,359,92.0,328.0,66,216,no-recurrence-events,5836
14,10,63,Breast Cancer,228,2,no-recurrence-events,2,select_coverage,4.0,exact,122,404,103.0,368.0,73,240,no-recurrence-events,6536
14,10,63,Breast Cancer,228,2,no-recurrence-events,2,select_coverage_CBA_M1,,exact,41,153,41.0,153.0,33,110,no-recurrence-events,2664
14,10,64,Breast Cancer,228,2,no-recurrence-events,1,select_coverage,1.0,DAC,50,157,,,45,147,no-recurrence-events,1308
14,10,64,Breast Cancer,228,2,no-recurrence-events,1,select_coverage,1.0,exact,50,157,45.0,147.0,25,67,no-recurrence-events,2580
14,10,64,Breast Cancer,228,2,no-recurrence-events,1,select_coverage,2.0,DAC,80,274,,,73,260,no-recurrence-events,2136
14,10,64,Breast Cancer,228,2,no-recurrence-events,1,select_coverage,2.0,exact,80,274,73.0,260.0,43,142,no-recurrence-events,4472
14,10,64,Breast Cancer,228,2,no-recurrence-events,1,select_coverage,3.0,DAC,96,339,,,87,321,no-recurrence-events,2588
14,10,64,Breast Cancer,228,2,no-recurrence-events,1,select_coverage,3.0,exact,96,339,87.0,321.0,52,187,no-recurrence-events,5492
14,10,64,Breast Cancer,228,2,no-recurrence-events,1,select_coverage,4.0,DAC,112,387,,,100,364,no-recurrence-events,2972
14,10,64,Breast Cancer,228,2,no-recurrence-events,1,select_coverage,4.0,exact,112,387,100.0,364.0,62,223,no-recurrence-events,6312
14,10,64,Breast Cancer,228,2,no-recurrence-events,1,select_coverage_CBA_M1,,DAC,41,145,,,38,137,no-recurrence-events,1152
14,10,64,Breast Cancer,228,2,no-recurrence-events,1,select_coverage_CBA_M1,,exact,41,145,38.0,137.0,19,59,no-recurrence-events,2292
14,10,64,Breast Cancer,228,2,no-recurrence-events,2,select_coverage,1.0,exact,50,157,45.0,147.0,25,67,no-recurrence-events,2580
14,10,64,Breast Cancer,228,2,no-recurrence-events,2,select_coverage,2.0,exact,80,274,73.0,260.0,43,142,no-recurrence-events,4472
14,10,64,Breast Cancer,228,2,no-recurrence-events,2,select_coverage,3.0,exact,96,339,87.0,321.0,52,187,no-recurrence-events,5492
14,10,64,Breast Cancer,228,2,no-recurrence-events,2,select_coverage,4.0,exact,112,387,100.0,364.0,62,223,no-recurrence-events,6312
14,10,64,Breast Cancer,228,2,no-recurrence-events,2,select_coverage_CBA_M1,,exact,40,142,37.0,134.0,19,59,no-recurrence-events,2244
14,10,65,Breast Cancer,228,2,no-recurrence-events,1,select_coverage,1.0,DAC,49,166,,,47,161,no-recurrence-events,1332
14,10,65,Breast Cancer,228,2,no-recurrence-events,1,select_coverage,1.0,exact,49,166,47.0,161.0,21,61,recurrence-events,2696
14,10,65,Breast Cancer,228,2,no-recurrence-events,1,select_coverage,2.0,DAC,85,282,,,80,270,no-recurrence-events,2228
14,10,65,Breast Cancer,228,2,no-recurrence-events,1,select_coverage,2.0,exact,85,282,80.0,270.0,39,121,no-recurrence-events,4628
14,10,65,Breast Cancer,228,2,no-recurrence-events,1,select_coverage,3.0,DAC,106,354,,,99,340,no-recurrence-events,2768
14,10,65,Breast Cancer,228,2,no-recurrence-events,1,select_coverage,3.0,exact,106,354,99.0,340.0,49,158,no-recurrence-events,5800
14,10,65,Breast Cancer,228,2,no-recurrence-events,1,select_coverage,4.0,DAC,121,401,,,111,380,no-recurrence-events,3136
14,10,65,Breast Cancer,228,2,no-recurrence-events,1,select_coverage,4.0,exact,121,401,111.0,380.0,50,161,no-recurrence-events,6448
14,10,65,Breast Cancer,228,2,no-recurrence-events,1,select_coverage_CBA_M1,,DAC,43,150,,,41,145,no-recurrence-events,1196
14,10,65,Breast Cancer,228,2,no-recurrence-events,1,select_coverage_CBA_M1,,exact,43,150,41.0,145.0,18,55,no-recurrence-events,2400
14,10,65,Breast Cancer,228,2,no-recurrence-events,2,select_coverage,1.0,exact,49,166,47.0,161.0,21,61,recurrence-events,2696
14,10,65,Breast Cancer,228,2,no-recurrence-events,2,select_coverage,2.0,exact,85,282,80.0,270.0,39,121,no-recurrence-events,4628
14,10,65,Breast Cancer,228,2,no-recurrence-events,2,select_coverage,3.0,exact,106,354,99.0,340.0,49,158,no-recurrence-events,5800
14,10,65,Breast Cancer,228,2,no-recurrence-events,2,select_coverage,4.0,exact,121,401,111.0,380.0,50,161,no-recurrence-events,6448
14,10,65,Breast Cancer,228,2,no-recurrence-events,2,select_coverage_CBA_M1,,exact,43,150,41.0,145.0,18,55,no-recurrence-events,2400
14,10,68,Breast Cancer,228,2,no-recurrence-events,1,select_coverage,1.0,DAC,58,190,,,53,179,no-recurrence-events,1536
14,10,68,Breast Cancer,228,2,no-recurrence-events,1,select_coverage,1.0,exact,58,190,53.0,179.0,28,87,no-recurrence-events,3112
14,10,68,Breast Cancer,228,2,no-recurrence-events,1,select_coverage,2.0,DAC,94,336,,,87,318,no-recurrence-events,2552
14,10,68,Breast Cancer,228,2,no-recurrence-events,1,select_coverage,2.0,exact,94,336,87.0,318.0,45,157,no-recurrence-events,5348
14,10,68,Breast Cancer,228,2,no-recurrence-events,1,select_coverage,3.0,DAC,114,402,,,106,382,no-recurrence-events,3056
14,10,68,Breast Cancer,228,2,no-recurrence-events,1,select_coverage,3.0,exact,114,402,106.0,382.0,57,198,no-recurrence-events,6488
14,10,68,Breast Cancer,228,2,no-recurrence-events,1,select_coverage,4.0,DAC,130,444,,,117,416,no-recurrence-events,3416
14,10,68,Breast Cancer,228,2,no-recurrence-events,1,select_coverage,4.0,exact,130,444,117.0,416.0,64,222,no-recurrence-events,7152
14,10,68,Breast Cancer,228,2,no-recurrence-events,1,select_coverage_CBA_M1,,DAC,48,170,,,45,163,no-recurrence-events,1336
14,10,68,Breast Cancer,228,2,no-recurrence-events,1,select_coverage_CBA_M1,,exact,48,170,45.0,163.0,22,75,no-recurrence-events,2728
14,10,68,Breast Cancer,228,2,no-recurrence-events,2,select_coverage,1.0,exact,58,190,53.0,179.0,28,87,no-recurrence-events,3112
14,10,68,Breast Cancer,228,2,no-recurrence-events,2,select_coverage,2.0,exact,94,336,87.0,318.0,45,157,no-recurrence-events,5348
14,10,68,Breast Cancer,228,2,no-recurrence-events,2,select_coverage,3.0,exact,114,402,106.0,382.0,57,198,no-recurrence-events,6488
14,10,68,Breast Cancer,228,2,no-recurrence-events,2,select_coverage,4.0,exact,130,444,117.0,416.0,64,222,no-recurrence-events,7152
14,10,68,Breast Cancer,228,2,no-recurrence-events,2,select_coverage_CBA_M1,,exact,48,170,45.0,163.0,22,75,no-recurrence-events,2728
14,10,74,Breast Cancer,228,2,no-recurrence-events,1,select_coverage,1.0,DAC,55,180,,,51,173,no-recurrence-events,1460
14,10,74,Breast Cancer,228,2,no-recurrence-events,1,select_coverage,1.0,exact,55,180,51.0,173.0,24,77,no-recurrence-events,2960
14,10,74,Breast Cancer,228,2,no-recurrence-events,1,select_coverage,2.0,DAC,90,318,,,83,303,no-recurrence-events,2432
14,10,74,Breast Cancer,228,2,no-recurrence-events,1,select_coverage,2.0,exact,90,318,83.0,303.0,38,131,no-recurrence-events,5016
14,10,74,Breast Cancer,228,2,no-recurrence-events,1,select_coverage,3.0,DAC,103,371,,,94,352,no-recurrence-events,2800
14,10,74,Breast Cancer,228,2,no-recurrence-events,1,select_coverage,3.0,exact,103,371,94.0,352.0,43,158,no-recurrence-events,5796
14,10,74,Breast Cancer,228,2,no-recurrence-events,1,select_coverage,4.0,DAC,117,426,,,108,407,no-recurrence-events,3188
14,10,74,Breast Cancer,228,2,no-recurrence-events,1,select_coverage,4.0,exact,117,426,108.0,407.0,50,193,no-recurrence-events,6712
14,10,74,Breast Cancer,228,2,no-recurrence-events,1,select_coverage_CBA_M1,,DAC,45,159,,,44,156,no-recurrence-events,1256
14,10,74,Breast Cancer,228,2,no-recurrence-events,1,select_coverage_CBA_M1,,exact,45,159,44.0,156.0,20,70,no-recurrence-events,2612
14,10,74,Breast Cancer,228,2,no-recurrence-events,2,select_coverage,1.0,exact,55,180,51.0,173.0,24,77,no-recurrence-events,2960
14,10,74,Breast Cancer,228,2,no-recurrence-events,2,select_coverage,2.0,exact,90,318,83.0,303.0,38,131,no-recurrence-events,5016
14,10,74,Breast Cancer,228,2,no-recurrence-events,2,select_coverage,3.0,exact,103,371,94.0,352.0,43,158,no-recurrence-events,5796
14,10,74,Breast Cancer,228,2,no-recurrence-events,2,select_coverage,4.0,exact,117,426,108.0,407.0,50,193,no-recurrence-events,6712
14,10,74,Breast Cancer,228,2,no-recurrence-events,2,select_coverage_CBA_M1,,exact,45,159,44.0,156.0,20,70,no-recurrence-events,2612
14,10,76,Breast Cancer,228,2,no-recurrence-events,1,select_coverage,1.0,DAC,53,163,,,50,158,no-recurrence-events,1368
14,10,76,Breast Cancer,228,2,no-recurrence-events,1,select_coverage,1.0,exact,53,163,50.0,158.0,32,96,no-recurrence-events,2884
14,10,76,Breast Cancer,228,2,no-recurrence-events,1,select_coverage,2.0,DAC,86,276,,,80,263,no-recurrence-events,2216
14,10,76,Breast Cancer,228,2,no-recurrence-events,1,select_coverage,2.0,exact,86,276,80.0,263.0,50,153,no-recurrence-events,4704
14,10,76,Breast Cancer,228,2,no-recurrence-events,1,select_coverage,3.0,DAC,106,346,,,97,328,no-recurrence-events,2736
14,10,76,Breast Cancer,228,2,no-recurrence-events,1,select_coverage,3.0,exact,106,346,97.0,328.0,58,183,no-recurrence-events,5772
14,10,76,Breast Cancer,228,2,no-recurrence-events,1,select_coverage,4.0,DAC,121,392,,,109,370,no-recurrence-events,3100
14,10,76,Breast Cancer,228,2,no-recurrence-events,1,select_coverage,4.0,exact,121,392,109.0,370.0,66,216,no-recurrence-events,6544
14,10,76,Breast Cancer,228,2,no-recurrence-events,1,select_coverage_CBA_M1,,DAC,43,146,,,43,146,no-recurrence-events,1180
14,10,76,Breast Cancer,228,2,no-recurrence-events,1,select_coverage_CBA_M1,,exact,43,146,43.0,146.0,26,87,no-recurrence-events,2564
14,10,76,Breast Cancer,228,2,no-recurrence-events,2,select_coverage,1.0,exact,53,163,50.0,158.0,32,96,no-recurrence-events,2884
14,10,76,Breast Cancer,228,2,no-recurrence-events,2,select_coverage,2.0,exact,86,276,80.0,263.0,50,153,no-recurrence-events,4704
14,10,76,Breast Cancer,228,2,no-recurrence-events,2,select_coverage,3.0,exact,106,346,97.0,328.0,58,183,no-recurrence-events,5772
14,10,76,Breast Cancer,228,2,no-recurrence-events,2,select_coverage,4.0,exact,121,392,109.0,370.0,66,216,no-recurrence-events,6544
14,10,76,Breast Cancer,228,2,no-recurrence-events,2,select_coverage_CBA_M1,,exact,43,146,43.0,146.0,26,87,no-recurrence-events,2564
14,10,100,Breast Cancer,228,2,no-recurrence-events,1,select_coverage,1.0,DAC,58,201,,,52,187,no-recurrence-events,1580
14,10,100,Breast Cancer,228,2,no-recurrence-events,1,select_coverage,1.0,exact,58,201,52.0,187.0,26,87,no-recurrence-events,3164
14,10,100,Breast Cancer,228,2,no-recurrence-events,1,select_coverage,2.0,DAC,89,327,,,80,306,no-recurrence-events,2456
14,10,100,Breast Cancer,228,2,no-recurrence-events,1,select_coverage,2.0,exact,89,327,80.0,306.0,38,141,no-recurrence-events,5032
14,10,100,Breast Cancer,228,2,no-recurrence-events,1,select_coverage,3.0,DAC,113,404,,,102,381,no-recurrence-events,3052
14,10,100,Breast Cancer,228,2,no-recurrence-events,1,select_coverage,3.0,exact,113,404,102.0,381.0,49,179,no-recurrence-events,6320
14,10,100,Breast Cancer,228,2,no-recurrence-events,1,select_coverage,4.0,DAC,127,445,,,113,417,no-recurrence-events,3384
14,10,100,Breast Cancer,228,2,no-recurrence-events,1,select_coverage,4.0,exact,127,445,113.0,417.0,53,192,no-recurrence-events,6944
14,10,100,Breast Cancer,228,2,no-recurrence-events,1,select_coverage_CBA_M1,,DAC,46,177,,,45,174,no-recurrence-events,1340
14,10,100,Breast Cancer,228,2,no-recurrence-events,1,select_coverage_CBA_M1,,exact,46,177,45.0,174.0,20,75,no-recurrence-events,2800
14,10,100,Breast Cancer,228,2,no-recurrence-events,2,select_coverage,1.0,exact,58,201,52.0,187.0,26,87,no-recurrence-events,3164
14,10,100,Breast Cancer,228,2,no-recurrence-events,2,select_coverage,2.0,exact,89,327,80.0,306.0,38,141,no-recurrence-events,5032
14,10,100,Breast Cancer,228,2,no-recurrence-events,2,select_coverage,3.0,exact,113,404,102.0,381.0,49,179,no-recurrence-events,6320
14,10,100,Breast Cancer,228,2,no-recurrence-events,2,select_coverage,4.0,exact,127,445,113.0,417.0,53,192,no-recurrence-events,6944
14,10,100,Breast Cancer,228,2,no-recurrence-events,2,select_coverage_CBA_M1,,exact,45,173,44.0,170.0,19,71,no-recurrence-events,2728
14,10,114,Breast Cancer,228,2,no-recurrence-events,1,select_coverage,1.0,DAC,54,188,,,47,171,no-recurrence-events,1480
14,10,114,Breast Cancer,228,2,no-recurrence-events,1,select_coverage,1.0,exact,54,188,47.0,171.0,29,89,no-recurrence-events,2936
14,10,114,Breast Cancer,228,2,no-recurrence-events,1,select_coverage,2.0,DAC,89,305,,,75,273,no-recurrence-events,2368
14,10,114,Breast Cancer,228,2,no-recurrence-events,1,select_coverage,2.0,exact,89,305,75.0,273.0,47,153,no-recurrence-events,4740
14,10,114,Breast Cancer,228,2,no-recurrence-events,1,select_coverage,3.0,DAC,106,365,,,92,333,no-recurrence-events,2812
14,10,114,Breast Cancer,228,2,no-recurrence-events,1,select_coverage,3.0,exact,106,365,92.0,333.0,60,202,no-recurrence-events,5824
14,10,114,Breast Cancer,228,2,no-recurrence-events,1,select_coverage,4.0,DAC,122,418,,,105,381,no-recurrence-events,3216
14,10,114,Breast Cancer,228,2,no-recurrence-events,1,select_coverage,4.0,exact,122,418,105.0,381.0,70,240,no-recurrence-events,6692
14,10,114,Breast Cancer,228,2,no-recurrence-events,1,select_coverage_CBA_M1,,DAC,42,157,,,40,153,no-recurrence-events,1212
14,10,114,Breast Cancer,228,2,no-recurrence-events,1,select_coverage_CBA_M1,,exact,42,157,40.0,153.0,24,81,no-recurrence-events,2540
14,10,114,Breast Cancer,228,2,no-recurrence-events,2,select_coverage,1.0,exact,54,188,47.0,171.0,29,89,no-recurrence-events,2936
14,10,114,Breast Cancer,228,2,no-recurrence-events,2,select_coverage,2.0,exact,89,305,75.0,273.0,47,153,no-recurrence-events,4740
14,10,114,Breast Cancer,228,2,no-recurrence-events,2,select_coverage,3.0,exact,106,365,92.0,333.0,60,202,no-recurrence-events,5824
14,10,114,Breast Cancer,228,2,no-recurrence-events,2,select_coverage,4.0,exact,122,418,105.0,381.0,70,240,no-recurrence-events,6692
14,10,114,Breast Cancer,228,2,no-recurrence-events,2,select_coverage_CBA_M1,,exact,40,152,39.0,150.0,23,78,no-recurrence-events,2472
14,10,133,Breast Cancer,228,2,no-recurrence-events,1,select_coverage,1.0,DAC,67,229,,,65,224,no-recurrence-events,1800
14,10,133,Breast Cancer,228,2,no-recurrence-events,1,select_coverage,1.0,exact,67,229,65.0,224.0,33,98,no-recurrence-events,3780
14,10,133,Breast Cancer,228,2,no-recurrence-events,1,select_coverage,2.0,DAC,97,346,,,90,328,no-recurrence-events,2628
14,10,133,Breast Cancer,228,2,no-recurrence-events,1,select_coverage,2.0,exact,97,346,90.0,328.0,45,142,no-recurrence-events,5440
14,10,133,Breast Cancer,228,2,no-recurrence-events,1,select_coverage,3.0,DAC,111,384,,,102,362,no-recurrence-events,2948
14,10,133,Breast Cancer,228,2,no-recurrence-events,1,select_coverage,3.0,exact,111,384,102.0,362.0,52,163,no-recurrence-events,6100
14,10,133,Breast Cancer,228,2,no-recurrence-events,1,select_coverage,4.0,DAC,123,419,,,111,392,no-recurrence-events,3232
14,10,133,Breast Cancer,228,2,no-recurrence-events,1,select_coverage,4.0,exact,123,419,111.0,392.0,59,187,no-recurrence-events,6672
14,10,133,Breast Cancer,228,2,no-recurrence-events,1,select_coverage_CBA_M1,,DAC,57,207,,,56,204,no-recurrence-events,1592
14,10,133,Breast Cancer,228,2,no-recurrence-events,1,select_coverage_CBA_M1,,exact,57,207,56.0,204.0,26,84,no-recurrence-events,3340
14,10,133,Breast Cancer,228,2,no-recurrence-events,2,select_coverage,1.0,exact,67,229,65.0,224.0,33,98,no-recurrence-events,3780
14,10,133,Breast Cancer,228,2,no-recurrence-events,2,select_coverage,2.0,exact,97,346,90.0,328.0,45,142,no-recurrence-events,5440
14,10,133,Breast Cancer,228,2,no-recurrence-events,2,select_coverage,3.0,exact,111,384,102.0,362.0,52,163,no-recurrence-events,6100
14,10,133,Breast Cancer,228,2,no-recurrence-events,2,select_coverage,4.0,exact,123,419,111.0,392.0,59,187,no-recurrence-events,6672
14,10,133,Breast Cancer,228,2,no-recurrence-events,2,select_coverage_CBA_M1,,exact,57,207,56.0,204.0,26,84,no-recurrence-events,3340
14,10,138,Breast Cancer,228,2,no-recurrence-events,1,select_coverage,1.0,DAC,53,179,,,49,172,no-recurrence-events,1432
14,10,138,Breast Cancer,228,2,no-recurrence-events,1,select_coverage,1.0,exact,53,179,49.0,172.0,32,107,no-recurrence-events,3024
14,10,138,Breast Cancer,228,2,no-recurrence-events,1,select_coverage,2.0,DAC,75,253,,,70,244,no-recurrence-events,1992
14,10,138,Breast Cancer,228,2,no-recurrence-events,1,select_coverage,2.0,exact,75,253,70.0,244.0,41,141,no-recurrence-events,4248
14,10,138,Breast Cancer,228,2,no-recurrence-events,1,select_coverage,3.0,DAC,86,290,,,80,279,no-recurrence-events,2272
14,10,138,Breast Cancer,228,2,no-recurrence-events,1,select_coverage,3.0,exact,86,290,80.0,279.0,47,164,no-recurrence-events,4868
14,10,138,Breast Cancer,228,2,no-recurrence-events,1,select_coverage,4.0,DAC,98,323,,,90,309,no-recurrence-events,2548
14,10,138,Breast Cancer,228,2,no-recurrence-events,1,select_coverage,4.0,exact,98,323,90.0,309.0,53,183,no-recurrence-events,5436
14,10,138,Breast Cancer,228,2,no-recurrence-events,1,select_coverage_CBA_M1,,DAC,45,166,,,45,166,no-recurrence-events,1284
14,10,138,Breast Cancer,228,2,no-recurrence-events,1,select_coverage_CBA_M1,,exact,45,166,45.0,166.0,28,101,no-recurrence-events,2828
14,10,138,Breast Cancer,228,2,no-recurrence-events,2,select_coverage,1.0,exact,53,179,49.0,172.0,32,107,no-recurrence-events,3024
14,10,138,Breast Cancer,228,2,no-recurrence-events,2,select_coverage,2.0,exact,75,253,70.0,244.0,41,141,no-recurrence-events,4248
14,10,138,Breast Cancer,228,2,no-recurrence-events,2,select_coverage,3.0,exact,86,290,80.0,279.0,47,164,no-recurrence-events,4868
14,10,138,Breast Cancer,228,2,no-recurrence-events,2,select_coverage,4.0,exact,98,323,90.0,309.0,53,183,no-recurrence-events,5436
14,10,138,Breast Cancer,228,2,no-recurrence-events,2,select_coverage_CBA_M1,,exact,45,166,45.0,166.0,28,101,no-recurrence-events,2828
14,10,148,Breast Cancer,228,2,no-recurrence-events,1,select_coverage,1.0,DAC,47,167,,,45,161,no-recurrence-events,1312
14,10,148,Breast Cancer,228,2,no-recurrence-events,1,select_coverage,1.0,exact,47,167,45.0,161.0,17,58,no-recurrence-events,2640
14,10,148,Breast Cancer,228,2,no-recurrence-events,1,select_coverage,2.0,DAC,76,283,,,73,274,no-recurrence-events,2124
14,10,148,Breast Cancer,228,2,no-recurrence-events,1,select_coverage,2.0,exact,76,283,73.0,274.0,30,107,no-recurrence-events,4424
14,10,148,Breast Cancer,228,2,no-recurrence-events,1,select_coverage,3.0,DAC,94,346,,,88,329,no-recurrence-events,2592
14,10,148,Breast Cancer,228,2,no-recurrence-events,1,select_coverage,3.0,exact,94,346,88.0,329.0,36,129,no-recurrence-events,5344
14,10,148,Breast Cancer,228,2,no-recurrence-events,1,select_coverage,4.0,DAC,105,367,,,96,346,no-recurrence-events,2808
14,10,148,Breast Cancer,228,2,no-recurrence-events,1,select_coverage,4.0,exact,105,367,96.0,346.0,39,135,no-recurrence-events,5712
14,10,148,Breast Cancer,228,2,no-recurrence-events,1,select_coverage_CBA_M1,,DAC,41,154,,,40,149,no-recurrence-events,1188
14,10,148,Breast Cancer,228,2,no-recurrence-events,1,select_coverage_CBA_M1,,exact,41,154,40.0,149.0,13,47,no-recurrence-events,2376
14,10,148,Breast Cancer,228,2,no-recurrence-events,2,select_coverage,1.0,exact,47,167,45.0,161.0,17,58,no-recurrence-events,2640
14,10,148,Breast Cancer,228,2,no-recurrence-events,2,select_coverage,2.0,exact,76,283,73.0,274.0,30,107,no-recurrence-events,4424
14,10,148,Breast Cancer,228,2,no-recurrence-events,2,select_coverage,3.0,exact,94,346,88.0,329.0,36,129,no-recurrence-events,5344
14,10,148,Breast Cancer,228,2,no-recurrence-events,2,select_coverage,4.0,exact,105,367,96.0,346.0,39,135,no-recurrence-events,5712
14,10,148,Breast Cancer,228,2,no-recurrence-events,2,select_coverage_CBA_M1,,exact,42,156,41.0,151.0,14,49,no-recurrence-events,2424
