id_uci,nclients,seed,data_name,train_size,number_classes,majority_class,ranking,selection,param,consolidation,round1_n_rules,round1_n_items_antecedent,round2_n_rules,round2_n_items_antecedent,final_nrules,final_total_items,default_class,comm_cost
936,2,5,National Poll on Healthy Aging (NPHA),571,3,2,1,select_coverage,1.0,DAC,234,1818,,,234,1818,2,10096
936,2,5,National Poll on Healthy Aging (NPHA),571,3,2,1,select_coverage,1.0,exact,234,1818,234.0,1818.0,120,951,2,25860
936,2,5,National Poll on Healthy Aging (NPHA),571,3,2,1,select_coverage,2.0,DAC,412,3226,,,411,3223,2,17864
936,2,5,National Poll on Healthy Aging (NPHA),571,3,2,1,select_coverage,2.0,exact,412,3226,411.0,3223.0,200,1607,2,45400
936,2,5,National Poll on Healthy Aging (NPHA),571,3,2,1,select_coverage,3.0,DAC,575,4534,,,573,4527,2,25052
936,2,5,National Poll on Healthy Aging (NPHA),571,3,2,1,select_coverage,3.0,exact,575,4534,573.0,4527.0,274,2202,2,63412
936,2,5,National Poll on Healthy Aging (NPHA),571,3,2,1,select_coverage,4.0,DAC,726,5711,,,724,5704,2,31572
936,2,5,National Poll on Healthy Aging (NPHA),571,3,2,1,select_coverage,4.0,exact,726,5711,724.0,5704.0,344,2765,2,79912
936,2,5,National Poll on Healthy Aging (NPHA),571,3,2,1,select_coverage_CBA_M1,,DAC,147,1235,,,147,1235,2,6720
936,2,5,National Poll on Healthy Aging (NPHA),571,3,2,1,select_coverage_CBA_M1,,exact,147,1235,147.0,1235.0,82,695,2,17388
936,2,5,National Poll on Healthy Aging (NPHA),571,3,2,2,select_coverage,1.0,exact,234,1818,234.0,1818.0,120,951,2,25860
936,2,5,National Poll on Healthy Aging (NPHA),571,3,2,2,select_coverage,2.0,exact,413,3240,412.0,3237.0,201,1616,2,45580
936,2,5,National Poll on Healthy Aging (NPHA),571,3,2,2,select_coverage,3.0,exact,575,4535,573.0,4528.0,275,2211,2,63456
936,2,5,National Poll on Healthy Aging (NPHA),571,3,2,2,select_coverage,4.0,exact,726,5711,724.0,5704.0,344,2765,2,79912
936,2,5,National Poll on Healthy Aging (NPHA),571,3,2,2,select_coverage_CBA_M1,,exact,147,1235,147.0,1235.0,82,695,2,17388
936,2,14,National Poll on Healthy Aging (NPHA),571,3,2,1,select_coverage,1.0,DAC,240,1881,,,240,1881,2,10420
936,2,14,National Poll on Healthy Aging (NPHA),571,3,2,1,select_coverage,1.0,exact,240,1881,240.0,1881.0,103,850,2,26152
936,2,14,National Poll on Healthy Aging (NPHA),571,3,2,1,select_coverage,2.0,DAC,418,3308,,,418,3308,2,18264
936,2,14,National Poll on Healthy Aging (NPHA),571,3,2,1,select_coverage,2.0,exact,418,3308,418.0,3308.0,179,1496,2,45848
936,2,14,National Poll on Healthy Aging (NPHA),571,3,2,1,select_coverage,3.0,DAC,563,4468,,,563,4468,2,24644
936,2,14,National Poll on Healthy Aging (NPHA),571,3,2,1,select_coverage,3.0,exact,563,4468,563.0,4468.0,241,2025,2,61884
936,2,14,National Poll on Healthy Aging (NPHA),571,3,2,1,select_coverage,4.0,DAC,686,5414,,,686,5414,2,29904
936,2,14,National Poll on Healthy Aging (NPHA),571,3,2,1,select_coverage,4.0,exact,686,5414,686.0,5414.0,283,2338,2,74640
936,2,14,National Poll on Healthy Aging (NPHA),571,3,2,1,select_coverage_CBA_M1,,DAC,159,1345,,,159,1345,2,7304
936,2,14,National Poll on Healthy Aging (NPHA),571,3,2,1,select_coverage_CBA_M1,,exact,159,1345,159.0,1345.0,83,713,2,18724
936,2,14,National Poll on Healthy Aging (NPHA),571,3,2,2,select_coverage,1.0,exact,240,1881,240.0,1881.0,103,850,2,26152
936,2,14,National Poll on Healthy Aging (NPHA),571,3,2,2,select_coverage,2.0,exact,418,3308,418.0,3308.0,179,1496,2,45848
936,2,14,National Poll on Healthy Aging (NPHA),571,3,2,2,select_coverage,3.0,exact,563,4468,563.0,4468.0,241,2025,2,61884
936,2,14,National Poll on Healthy Aging (NPHA),571,3,2,2,select_coverage,4.0,exact,686,5414,686.0,5414.0,283,2338,2,74640
936,2,14,National Poll on Healthy Aging (NPHA),571,3,2,2,select_coverage_CBA_M1,,exact,159,1345,159.0,1345.0,83,713,2,18724
936,2,17,National Poll on Healthy Aging (NPHA),571,3,2,1,select_coverage,1.0,DAC,235,1824,,,235,1824,2,10132
936,2,17,National Poll on Healthy Aging (NPHA),571,3,2,1,select_coverage,1.0,exact,235,1824,235.0,1824.0,107,842,2,25504
936,2,17,National Poll on Healthy Aging (NPHA),571,3,2,1,select_coverage,2.0,DAC,419,3302,,,419,3302,2,18252
936,2,17,National Poll on Healthy Aging (NPHA),571,3,2,1,select_coverage,2.0,exact,419,3302,419.0,3302.0,191,1538,2,46000
936,2,17,National Poll on Healthy Aging (NPHA),571,3,2,1,select_coverage,3.0,DAC,576,4517,,,574,4506,2,24996
936,2,17,National Poll on Healthy Aging (NPHA),571,3,2,1,select_coverage,3.0,exact,576,4517,574.0,4506.0,261,2118,2,62956
936,2,17,National Poll on Healthy Aging (NPHA),571,3,2,1,select_coverage,4.0,DAC,710,5541,,,708,5530,2,30700
936,2,17,National Poll on Healthy Aging (NPHA),571,3,2,1,select_coverage,4.0,exact,710,5541,708.0,5530.0,326,2631,2,77488
936,2,17,National Poll on Healthy Aging (NPHA),571,3,2,1,select_coverage_CBA_M1,,DAC,138,1150,,,138,1150,2,6272
936,2,17,National Poll on Healthy Aging (NPHA),571,3,2,1,select_coverage_CBA_M1,,exact,138,1150,138.0,1150.0,72,590,2,16000
936,2,17,National Poll on Healthy Aging (NPHA),571,3,2,2,select_coverage,1.0,exact,235,1824,235.0,1824.0,107,842,2,25504
936,2,17,National Poll on Healthy Aging (NPHA),571,3,2,2,select_coverage,2.0,exact,419,3302,419.0,3302.0,191,1538,2,46000
936,2,17,National Poll on Healthy Aging (NPHA),571,3,2,2,select_coverage,3.0,exact,575,4511,573.0,4500.0,260,2112,2,62852
936,2,17,National Poll on Healthy Aging (NPHA),571,3,2,2,select_coverage,4.0,exact,710,5541,708.0,5530.0,326,2631,2,77488
936,2,17,National Poll on Healthy Aging (NPHA),571,3,2,2,select_coverage_CBA_M1,,exact,138,1150,138.0,1150.0,72,590,2,16000
936,2,19,National Poll on Healthy Aging (NPHA),571,3,2,1,select_coverage,1.0,DAC,247,1875,,,247,1875,2,10480
936,2,19,National Poll on Healthy Aging (NPHA),571,3,2,1,select_coverage,1.0,exact,247,1875,247.0,1875.0,129,1015,2,26988
936,2,19,National Poll on Healthy Aging (NPHA),571,3,2,1,select_coverage,2.0,DAC,447,3454,,,445,3449,2,19196
936,2,19,National Poll on Healthy Aging (NPHA),571,3,2,1,select_coverage,2.0,exact,447,3454,445.0,3449.0,222,1758,2,48908
936,2,19,National Poll on Healthy Aging (NPHA),571,3,2,1,select_coverage,3.0,DAC,622,4828,,,620,4823,2,26792
936,2,19,National Poll on Healthy Aging (NPHA),571,3,2,1,select_coverage,3.0,exact,622,4828,620.0,4823.0,307,2463,2,68320
936,2,19,National Poll on Healthy Aging (NPHA),571,3,2,1,select_coverage,4.0,DAC,760,5891,,,758,5886,2,32700
936,2,19,National Poll on Healthy Aging (NPHA),571,3,2,1,select_coverage,4.0,exact,760,5891,758.0,5886.0,372,2976,2,83292
936,2,19,National Poll on Healthy Aging (NPHA),571,3,2,1,select_coverage_CBA_M1,,DAC,153,1256,,,153,1256,2,6876
936,2,19,National Poll on Healthy Aging (NPHA),571,3,2,1,select_coverage_CBA_M1,,exact,153,1256,153.0,1256.0,89,741,2,17932
936,2,19,National Poll on Healthy Aging (NPHA),571,3,2,2,select_coverage,1.0,exact,247,1875,247.0,1875.0,129,1015,2,26988
936,2,19,National Poll on Healthy Aging (NPHA),571,3,2,2,select_coverage,2.0,exact,447,3454,445.0,3449.0,222,1758,2,48908
936,2,19,National Poll on Healthy Aging (NPHA),571,3,2,2,select_coverage,3.0,exact,622,4828,620.0,4823.0,307,2463,2,68320
936,2,19,National Poll on Healthy Aging (NPHA),571,3,2,2,select_coverage,4.0,exact,760,5891,758.0,5886.0,372,2976,2,83292
936,2,19,National Poll on Healthy Aging (NPHA),571,3,2,2,select_coverage_CBA_M1,,exact,153,1256,153.0,1256.0,89,741,2,17932
936,2,29,National Poll on Healthy Aging (NPHA),571,3,2,1,select_coverage,1.0,DAC,224,1762,,,223,1759,2,9752
936,2,29,National Poll on Healthy Aging (NPHA),571,3,2,1,select_coverage,1.0,exact,224,1762,223.0,1759.0,115,920,2,24924
936,2,29,National Poll on Healthy Aging (NPHA),571,3,2,1,select_coverage,2.0,DAC,393,3143,,,392,3140,2,17304
936,2,29,National Poll on Healthy Aging (NPHA),571,3,2,1,select_coverage,2.0,exact,393,3143,392.0,3140.0,199,1625,2,44200
936,2,29,National Poll on Healthy Aging (NPHA),571,3,2,1,select_coverage,3.0,DAC,532,4271,,,530,4258,2,23484
936,2,29,National Poll on Healthy Aging (NPHA),571,3,2,1,select_coverage,3.0,exact,532,4271,530.0,4258.0,270,2203,2,59912
936,2,29,National Poll on Healthy Aging (NPHA),571,3,2,1,select_coverage,4.0,DAC,658,5264,,,656,5251,2,28968
936,2,29,National Poll on Healthy Aging (NPHA),571,3,2,1,select_coverage,4.0,exact,658,5264,656.0,5251.0,335,2737,2,74024
936,2,29,National Poll on Healthy Aging (NPHA),571,3,2,1,select_coverage_CBA_M1,,DAC,128,1063,,,128,1063,2,5804
936,2,29,National Poll on Healthy Aging (NPHA),571,3,2,1,select_coverage_CBA_M1,,exact,128,1063,128.0,1063.0,81,675,2,15324
936,2,29,National Poll on Healthy Aging (NPHA),571,3,2,2,select_coverage,1.0,exact,224,1762,223.0,1759.0,115,920,2,24924
936,2,29,National Poll on Healthy Aging (NPHA),571,3,2,2,select_coverage,2.0,exact,393,3143,392.0,3140.0,199,1625,2,44200
936,2,29,National Poll on Healthy Aging (NPHA),571,3,2,2,select_coverage,3.0,exact,532,4271,530.0,4258.0,270,2203,2,59912
936,2,29,National Poll on Healthy Aging (NPHA),571,3,2,2,select_coverage,4.0,exact,658,5264,656.0,5251.0,335,2737,2,74024
936,2,29,National Poll on Healthy Aging (NPHA),571,3,2,2,select_coverage_CBA_M1,,exact,128,1063,128.0,1063.0,81,675,2,15324
936,2,31,National Poll on Healthy Aging (NPHA),571,3,2,1,select_coverage,1.0,DAC,246,1921,,,246,1921,2,10652
936,2,31,National Poll on Healthy Aging (NPHA),571,3,2,1,select_coverage,1.0,exact,246,1921,246.0,1921.0,128,997,2,27252
936,2,31,National Poll on Healthy Aging (NPHA),571,3,2,1,select_coverage,2.0,DAC,431,3376,,,431,3376,2,18692
936,2,31,National Poll on Healthy Aging (NPHA),571,3,2,1,select_coverage,2.0,exact,431,3376,431.0,3376.0,220,1718,2,47696
936,2,31,National Poll on Healthy Aging (NPHA),571,3,2,1,select_coverage,3.0,DAC,592,4623,,,592,4623,2,25612
936,2,31,National Poll on Healthy Aging (NPHA),571,3,2,1,select_coverage,3.0,exact,592,4623,592.0,4623.0,300,2334,2,65288
936,2,31,National Poll on Healthy Aging (NPHA),571,3,2,1,select_coverage,4.0,DAC,715,5572,,,715,5572,2,30884
936,2,31,National Poll on Healthy Aging (NPHA),571,3,2,1,select_coverage,4.0,exact,715,5572,714.0,5562.0,363,2824,2,78704
936,2,31,National Poll on Healthy Aging (NPHA),571,3,2,1,select_coverage_CBA_M1,,DAC,140,1167,,,140,1167,2,6364
936,2,31,National Poll on Healthy Aging (NPHA),571,3,2,1,select_coverage_CBA_M1,,exact,140,1167,140.0,1167.0,88,722,2,16728
936,2,31,National Poll on Healthy Aging (NPHA),571,3,2,2,select_coverage,1.0,exact,246,1921,246.0,1921.0,128,997,2,27252
936,2,31,National Poll on Healthy Aging (NPHA),571,3,2,2,select_coverage,2.0,exact,431,3376,431.0,3376.0,220,1718,2,47696
936,2,31,National Poll on Healthy Aging (NPHA),571,3,2,2,select_coverage,3.0,exact,592,4623,592.0,4623.0,300,2334,2,65288
936,2,31,National Poll on Healthy Aging (NPHA),571,3,2,2,select_coverage,4.0,exact,715,5572,714.0,5562.0,363,2824,2,78704
936,2,31,National Poll on Healthy Aging (NPHA),571,3,2,2,select_coverage_CBA_M1,,exact,140,1167,140.0,1167.0,88,722,2,16728
936,2,34,National Poll on Healthy Aging (NPHA),571,3,2,1,select_coverage,1.0,DAC,237,1767,,,237,1767,2,9928
936,2,34,National Poll on Healthy Aging (NPHA),571,3,2,1,select_coverage,1.0,exact,237,1767,237.0,1767.0,106,835,2,25084
936,2,34,National Poll on Healthy Aging (NPHA),571,3,2,1,select_coverage,2.0,DAC,438,3321,,,438,3321,2,18556
936,2,34,National Poll on Healthy Aging (NPHA),571,3,2,1,select_coverage,2.0,exact,438,3321,438.0,3321.0,197,1585,2,46948
936,2,34,National Poll on Healthy Aging (NPHA),571,3,2,1,select_coverage,3.0,DAC,598,4555,,,598,4555,2,25412
936,2,34,National Poll on Healthy Aging (NPHA),571,3,2,1,select_coverage,3.0,exact,598,4555,598.0,4555.0,255,2040,2,63760
936,2,34,National Poll on Healthy Aging (NPHA),571,3,2,1,select_coverage,4.0,DAC,728,5484,,,726,5470,2,30688
936,2,34,National Poll on Healthy Aging (NPHA),571,3,2,1,select_coverage,4.0,exact,728,5484,726.0,5470.0,297,2364,2,76528
936,2,34,National Poll on Healthy Aging (NPHA),571,3,2,1,select_coverage_CBA_M1,,DAC,134,1106,,,134,1106,2,6048
936,2,34,National Poll on Healthy Aging (NPHA),571,3,2,1,select_coverage_CBA_M1,,exact,134,1106,134.0,1106.0,73,619,2,15636
936,2,34,National Poll on Healthy Aging (NPHA),571,3,2,2,select_coverage,1.0,exact,238,1774,238.0,1774.0,106,835,2,25172
936,2,34,National Poll on Healthy Aging (NPHA),571,3,2,2,select_coverage,2.0,exact,439,3328,439.0,3328.0,197,1585,2,47036
936,2,34,National Poll on Healthy Aging (NPHA),571,3,2,2,select_coverage,3.0,exact,599,4562,599.0,4562.0,255,2040,2,63848
936,2,34,National Poll on Healthy Aging (NPHA),571,3,2,2,select_coverage,4.0,exact,728,5484,726.0,5470.0,297,2364,2,76528
936,2,34,National Poll on Healthy Aging (NPHA),571,3,2,2,select_coverage_CBA_M1,,exact,134,1106,134.0,1106.0,73,619,2,15636
936,2,42,National Poll on Healthy Aging (NPHA),571,3,2,1,select_coverage,1.0,DAC,235,1831,,,235,1831,2,10160
936,2,42,National Poll on Healthy Aging (NPHA),571,3,2,1,select_coverage,1.0,exact,235,1831,235.0,1831.0,105,871,2,25676
936,2,42,National Poll on Healthy Aging (NPHA),571,3,2,1,select_coverage,2.0,DAC,431,3397,,,431,3397,2,18776
936,2,42,National Poll on Healthy Aging (NPHA),571,3,2,1,select_coverage,2.0,exact,431,3397,431.0,3397.0,187,1565,2,47252
936,2,42,National Poll on Healthy Aging (NPHA),571,3,2,1,select_coverage,3.0,DAC,584,4601,,,584,4601,2,25428
936,2,42,National Poll on Healthy Aging (NPHA),571,3,2,1,select_coverage,3.0,exact,584,4601,584.0,4601.0,262,2158,2,64152
936,2,42,National Poll on Healthy Aging (NPHA),571,3,2,1,select_coverage,4.0,DAC,719,5684,,,719,5684,2,31380
936,2,42,National Poll on Healthy Aging (NPHA),571,3,2,1,select_coverage,4.0,exact,719,5684,719.0,5684.0,323,2641,2,79068
936,2,42,National Poll on Healthy Aging (NPHA),571,3,2,1,select_coverage_CBA_M1,,DAC,142,1180,,,142,1180,2,6440
936,2,42,National Poll on Healthy Aging (NPHA),571,3,2,1,select_coverage_CBA_M1,,exact,142,1180,142.0,1180.0,76,651,2,16612
936,2,42,National Poll on Healthy Aging (NPHA),571,3,2,2,select_coverage,1.0,exact,235,1831,235.0,1831.0,105,871,2,25676
936,2,42,National Poll on Healthy Aging (NPHA),571,3,2,2,select_coverage,2.0,exact,432,3405,432.0,3405.0,187,1565,2,47348
936,2,42,National Poll on Healthy Aging (NPHA),571,3,2,2,select_coverage,3.0,exact,584,4601,584.0,4601.0,262,2158,2,64152
936,2,42,National Poll on Healthy Aging (NPHA),571,3,2,2,select_coverage,4.0,exact,720,5694,720.0,5694.0,323,2641,2,79180
936,2,42,National Poll on Healthy Aging (NPHA),571,3,2,2,select_coverage_CBA_M1,,exact,142,1180,142.0,1180.0,76,651,2,16612
936,2,49,National Poll on Healthy Aging (NPHA),571,3,2,1,select_coverage,1.0,DAC,223,1690,,,223,1690,2,9452
936,2,49,National Poll on Healthy Aging (NPHA),571,3,2,1,select_coverage,1.0,exact,223,1690,223.0,1690.0,125,986,2,24624
936,2,49,National Poll on Healthy Aging (NPHA),571,3,2,1,select_coverage,2.0,DAC,420,3260,,,420,3260,2,18096
936,2,49,National Poll on Healthy Aging (NPHA),571,3,2,1,select_coverage,2.0,exact,420,3260,420.0,3260.0,228,1799,2,46740
936,2,49,National Poll on Healthy Aging (NPHA),571,3,2,1,select_coverage,3.0,DAC,571,4439,,,571,4439,2,24624
936,2,49,National Poll on Healthy Aging (NPHA),571,3,2,1,select_coverage,3.0,exact,571,4439,571.0,4439.0,309,2443,2,63580
936,2,49,National Poll on Healthy Aging (NPHA),571,3,2,1,select_coverage,4.0,DAC,708,5485,,,708,5485,2,30452
936,2,49,National Poll on Healthy Aging (NPHA),571,3,2,1,select_coverage,4.0,exact,708,5485,708.0,5485.0,380,2989,2,78516
936,2,49,National Poll on Healthy Aging (NPHA),571,3,2,1,select_coverage_CBA_M1,,DAC,135,1109,,,135,1109,2,6072
936,2,49,National Poll on Healthy Aging (NPHA),571,3,2,1,select_coverage_CBA_M1,,exact,135,1109,135.0,1109.0,91,754,2,16232
936,2,49,National Poll on Healthy Aging (NPHA),571,3,2,2,select_coverage,1.0,exact,223,1690,223.0,1690.0,125,986,2,24624
936,2,49,National Poll on Healthy Aging (NPHA),571,3,2,2,select_coverage,2.0,exact,420,3260,420.0,3260.0,228,1799,2,46740
936,2,49,National Poll on Healthy Aging (NPHA),571,3,2,2,select_coverage,3.0,exact,571,4439,571.0,4439.0,309,2443,2,63580
936,2,49,National Poll on Healthy Aging (NPHA),571,3,2,2,select_coverage,4.0,exact,708,5485,708.0,5485.0,380,2989,2,78516
936,2,49,National Poll on Healthy Aging (NPHA),571,3,2,2,select_coverage_CBA_M1,,exact,135,1109,135.0,1109.0,91,754,2,16232
936,2,63,National Poll on Healthy Aging (NPHA),571,3,2,1,select_coverage,1.0,DAC,256,1899,,,255,1896,2,10684
936,2,63,National Poll on Healthy Aging (NPHA),571,3,2,1,select_coverage,1.0,exact,256,1899,255.0,1896.0,119,907,2,26992
936,2,63,National Poll on Healthy Aging (NPHA),571,3,2,1,select_coverage,2.0,DAC,465,3507,,,461,3491,2,19624
936,2,63,National Poll on Healthy Aging (NPHA),571,3,2,1,select_coverage,2.0,exact,465,3507,461.0,3491.0,194,1510,2,48808
936,2,63,National Poll on Healthy Aging (NPHA),571,3,2,1,select_coverage,3.0,DAC,633,4886,,,629,4870,2,27156
936,2,63,National Poll on Healthy Aging (NPHA),571,3,2,1,select_coverage,3.0,exact,633,4886,629.0,4870.0,266,2126,2,67680
936,2,63,National Poll on Healthy Aging (NPHA),571,3,2,1,select_coverage,4.0,DAC,785,6048,,,781,6032,2,33628
936,2,63,National Poll on Healthy Aging (NPHA),571,3,2,1,select_coverage,4.0,exact,785,6048,781.0,6032.0,320,2537,2,83484
936,2,63,National Poll on Healthy Aging (NPHA),571,3,2,1,select_coverage_CBA_M1,,DAC,149,1197,,,149,1197,2,6592
936,2,63,National Poll on Healthy Aging (NPHA),571,3,2,1,select_coverage_CBA_M1,,exact,149,1197,149.0,1197.0,81,658,2,17000
936,2,63,National Poll on Healthy Aging (NPHA),571,3,2,2,select_coverage,1.0,exact,257,1910,256.0,1907.0,119,907,2,27112
936,2,63,National Poll on Healthy Aging (NPHA),571,3,2,2,select_coverage,2.0,exact,465,3507,461.0,3491.0,194,1510,2,48808
936,2,63,National Poll on Healthy Aging (NPHA),571,3,2,2,select_coverage,3.0,exact,633,4886,629.0,4870.0,266,2126,2,67680
936,2,63,National Poll on Healthy Aging (NPHA),571,3,2,2,select_coverage,4.0,exact,785,6048,781.0,6032.0,320,2537,2,83484
936,2,63,National Poll on Healthy Aging (NPHA),571,3,2,2,select_coverage_CBA_M1,,exact,149,1197,149.0,1197.0,81,658,2,17000
936,2,64,National Poll on Healthy Aging (NPHA),571,3,2,1,select_coverage,1.0,DAC,213,1579,,,213,1579,2,8888
936,2,64,National Poll on Healthy Aging (NPHA),571,3,2,1,select_coverage,1.0,exact,213,1579,213.0,1579.0,97,738,2,22424
936,2,64,National Poll on Healthy Aging (NPHA),571,3,2,1,select_coverage,2.0,DAC,372,2844,,,372,2844,2,15856
936,2,64,National Poll on Healthy Aging (NPHA),571,3,2,1,select_coverage,2.0,exact,372,2844,372.0,2844.0,171,1340,2,40040
936,2,64,National Poll on Healthy Aging (NPHA),571,3,2,1,select_coverage,3.0,DAC,516,4012,,,516,4012,2,22256
936,2,64,National Poll on Healthy Aging (NPHA),571,3,2,1,select_coverage,3.0,exact,516,4012,516.0,4012.0,242,1912,2,56280
936,2,64,National Poll on Healthy Aging (NPHA),571,3,2,1,select_coverage,4.0,DAC,634,4947,,,634,4947,2,27412
936,2,64,National Poll on Healthy Aging (NPHA),571,3,2,1,select_coverage,4.0,exact,634,4947,634.0,4947.0,294,2311,2,69132
936,2,64,National Poll on Healthy Aging (NPHA),571,3,2,1,select_coverage_CBA_M1,,DAC,141,1137,,,141,1137,2,6256
936,2,64,National Poll on Healthy Aging (NPHA),571,3,2,1,select_coverage_CBA_M1,,exact,141,1137,141.0,1137.0,83,662,2,16280
936,2,64,National Poll on Healthy Aging (NPHA),571,3,2,2,select_coverage,1.0,exact,213,1579,213.0,1579.0,97,738,2,22424
936,2,64,National Poll on Healthy Aging (NPHA),571,3,2,2,select_coverage,2.0,exact,372,2844,372.0,2844.0,171,1340,2,40040
936,2,64,National Poll on Healthy Aging (NPHA),571,3,2,2,select_coverage,3.0,exact,516,4012,516.0,4012.0,242,1912,2,56280
936,2,64,National Poll on Healthy Aging (NPHA),571,3,2,2,select_coverage,4.0,exact,634,4947,634.0,4947.0,294,2311,2,69132
936,2,64,National Poll on Healthy Aging (NPHA),571,3,2,2,select_coverage_CBA_M1,,exact,141,1137,141.0,1137.0,83,662,2,16280
936,2,65,National Poll on Healthy Aging (NPHA),571,3,2,1,select_coverage,1.0,DAC,248,1866,,,248,1866,2,10456
936,2,65,National Poll on Healthy Aging (NPHA),571,3,2,1,select_coverage,1.0,exact,248,1866,248.0,1866.0,101,797,2,26076
936,2,65,National Poll on Healthy Aging (NPHA),571,3,2,1,select_coverage,2.0,DAC,456,3521,,,456,3521,2,19572
936,2,65,National Poll on Healthy Aging (NPHA),571,3,2,1,select_coverage,2.0,exact,456,3521,456.0,3521.0,195,1591,2,49148
936,2,65,National Poll on Healthy Aging (NPHA),571,3,2,1,select_coverage,3.0,DAC,623,4774,,,623,4774,2,26588
936,2,65,National Poll on Healthy Aging (NPHA),571,3,2,1,select_coverage,3.0,exact,623,4774,623.0,4774.0,254,2060,2,66392
936,2,65,National Poll on Healthy Aging (NPHA),571,3,2,1,select_coverage,4.0,DAC,777,5967,,,777,5967,2,33208
936,2,65,National Poll on Healthy Aging (NPHA),571,3,2,1,select_coverage,4.0,exact,777,5967,777.0,5967.0,305,2469,2,82500
936,2,65,National Poll on Healthy Aging (NPHA),571,3,2,1,select_coverage_CBA_M1,,DAC,169,1348,,,169,1348,2,7436
936,2,65,National Poll on Healthy Aging (NPHA),571,3,2,1,select_coverage_CBA_M1,,exact,169,1348,169.0,1348.0,73,604,2,18632
936,2,65,National Poll on Healthy Aging (NPHA),571,3,2,2,select_coverage,1.0,exact,248,1866,248.0,1866.0,101,797,2,26076
936,2,65,National Poll on Healthy Aging (NPHA),571,3,2,2,select_coverage,2.0,exact,456,3521,456.0,3521.0,195,1591,2,49148
936,2,65,National Poll on Healthy Aging (NPHA),571,3,2,2,select_coverage,3.0,exact,623,4774,623.0,4774.0,254,2060,2,66392
936,2,65,National Poll on Healthy Aging (NPHA),571,3,2,2,select_coverage,4.0,exact,777,5967,777.0,5967.0,305,2469,2,82500
936,2,65,National Poll on Healthy Aging (NPHA),571,3,2,2,select_coverage_CBA_M1,,exact,169,1348,169.0,1348.0,73,604,2,18632
936,2,68,National Poll on Healthy Aging (NPHA),571,3,2,1,select_coverage,1.0,DAC,230,1780,,,229,1778,2,9896
936,2,68,National Poll on Healthy Aging (NPHA),571,3,2,1,select_coverage,1.0,exact,230,1780,229.0,1778.0,100,780,2,24704
936,2,68,National Poll on Healthy Aging (NPHA),571,3,2,1,select_coverage,2.0,DAC,441,3390,,,439,3385,2,18868
936,2,68,National Poll on Healthy Aging (NPHA),571,3,2,1,select_coverage,2.0,exact,441,3390,439.0,3385.0,191,1494,2,47148
936,2,68,National Poll on Healthy Aging (NPHA),571,3,2,1,select_coverage,3.0,DAC,609,4707,,,607,4702,2,26152
936,2,68,National Poll on Healthy Aging (NPHA),571,3,2,1,select_coverage,3.0,exact,609,4707,607.0,4702.0,259,2069,2,65360
936,2,68,National Poll on Healthy Aging (NPHA),571,3,2,1,select_coverage,4.0,DAC,758,5838,,,756,5833,2,32464
936,2,68,National Poll on Healthy Aging (NPHA),571,3,2,1,select_coverage,4.0,exact,758,5838,756.0,5833.0,308,2460,2,80740
936,2,68,National Poll on Healthy Aging (NPHA),571,3,2,1,select_coverage_CBA_M1,,DAC,147,1222,,,147,1222,2,6668
936,2,68,National Poll on Healthy Aging (NPHA),571,3,2,1,select_coverage_CBA_M1,,exact,147,1222,147.0,1222.0,72,584,2,16840
936,2,68,National Poll on Healthy Aging (NPHA),571,3,2,2,select_coverage,1.0,exact,230,1780,229.0,1778.0,100,780,2,24704
936,2,68,National Poll on Healthy Aging (NPHA),571,3,2,2,select_coverage,2.0,exact,441,3391,439.0,3386.0,192,1503,2,47192
936,2,68,National Poll on Healthy Aging (NPHA),571,3,2,2,select_coverage,3.0,exact,609,4707,607.0,4702.0,259,2069,2,65360
936,2,68,National Poll on Healthy Aging (NPHA),571,3,2,2,select_coverage,4.0,exact,758,5840,756.0,5835.0,308,2460,2,80756
936,2,68,National Poll on Healthy Aging (NPHA),571,3,2,2,select_coverage_CBA_M1,,exact,147,1222,147.0,1222.0,72,584,2,16840
936,2,74,National Poll on Healthy Aging (NPHA),571,3,2,1,select_coverage,1.0,DAC,218,1623,,,218,1623,2,9124
936,2,74,National Poll on Healthy Aging (NPHA),571,3,2,1,select_coverage,1.0,exact,218,1623,218.0,1623.0,114,858,2,23416
936,2,74,National Poll on Healthy Aging (NPHA),571,3,2,1,select_coverage,2.0,DAC,401,3061,,,401,3061,2,17072
936,2,74,National Poll on Healthy Aging (NPHA),571,3,2,1,select_coverage,2.0,exact,401,3061,401.0,3061.0,198,1514,2,43400
936,2,74,National Poll on Healthy Aging (NPHA),571,3,2,1,select_coverage,3.0,DAC,552,4217,,,552,4217,2,23508
936,2,74,National Poll on Healthy Aging (NPHA),571,3,2,1,select_coverage,3.0,exact,552,4217,552.0,4217.0,267,2066,2,59688
936,2,74,National Poll on Healthy Aging (NPHA),571,3,2,1,select_coverage,4.0,DAC,674,5143,,,674,5143,2,28676
936,2,74,National Poll on Healthy Aging (NPHA),571,3,2,1,select_coverage,4.0,exact,674,5143,674.0,5143.0,321,2479,2,72652
936,2,74,National Poll on Healthy Aging (NPHA),571,3,2,1,select_coverage_CBA_M1,,DAC,133,1069,,,133,1069,2,5888
936,2,74,National Poll on Healthy Aging (NPHA),571,3,2,1,select_coverage_CBA_M1,,exact,133,1069,133.0,1069.0,82,658,2,15464
936,2,74,National Poll on Healthy Aging (NPHA),571,3,2,2,select_coverage,1.0,exact,218,1623,218.0,1623.0,114,858,2,23416
936,2,74,National Poll on Healthy Aging (NPHA),571,3,2,2,select_coverage,2.0,exact,401,3061,401.0,3061.0,198,1514,2,43400
936,2,74,National Poll on Healthy Aging (NPHA),571,3,2,2,select_coverage,3.0,exact,552,4217,552.0,4217.0,267,2066,2,59688
936,2,74,National Poll on Healthy Aging (NPHA),571,3,2,2,select_coverage,4.0,exact,674,5143,674.0,5143.0,321,2479,2,72652
936,2,74,National Poll on Healthy Aging (NPHA),571,3,2,2,select_coverage_CBA_M1,,exact,133,1069,133.0,1069.0,82,658,2,15464
936,2,76,National Poll on Healthy Aging (NPHA),571,3,2,1,select_coverage,1.0,DAC,234,1779,,,234,1779,2,9940
936,2,76,National Poll on Healthy Aging (NPHA),571,3,2,1,select_coverage,1.0,exact,234,1779,234.0,1779.0,96,775,2,24844
936,2,76,National Poll on Healthy Aging (NPHA),571,3,2,1,select_coverage,2.0,DAC,409,3203,,,408,3200,2,17736
936,2,76,National Poll on Healthy Aging (NPHA),571,3,2,1,select_coverage,2.0,exact,409,3203,408.0,3200.0,161,1325,2,43992
936,2,76,National Poll on Healthy Aging (NPHA),571,3,2,1,select_coverage,3.0,DAC,556,4390,,,555,4387,2,24248
936,2,76,National Poll on Healthy Aging (NPHA),571,3,2,1,select_coverage,3.0,exact,556,4390,555.0,4387.0,224,1864,2,60348
936,2,76,National Poll on Healthy Aging (NPHA),571,3,2,1,select_coverage,4.0,DAC,687,5395,,,685,5389,2,29840
936,2,76,National Poll on Healthy Aging (NPHA),571,3,2,1,select_coverage,4.0,exact,687,5395,685.0,5389.0,266,2194,2,73856
936,2,76,National Poll on Healthy Aging (NPHA),571,3,2,1,select_coverage_CBA_M1,,DAC,128,1052,,,128,1052,2,5760
936,2,76,National Poll on Healthy Aging (NPHA),571,3,2,1,select_coverage_CBA_M1,,exact,128,1052,128.0,1052.0,62,541,2,14700
936,2,76,National Poll on Healthy Aging (NPHA),571,3,2,2,select_coverage,1.0,exact,234,1779,234.0,1779.0,96,775,2,24844
936,2,76,National Poll on Healthy Aging (NPHA),571,3,2,2,select_coverage,2.0,exact,409,3203,408.0,3200.0,161,1325,2,43992
936,2,76,National Poll on Healthy Aging (NPHA),571,3,2,2,select_coverage,3.0,exact,557,4400,556.0,4397.0,225,1874,2,60500
936,2,76,National Poll on Healthy Aging (NPHA),571,3,2,2,select_coverage,4.0,exact,687,5395,685.0,5389.0,266,2194,2,73856
936,2,76,National Poll on Healthy Aging (NPHA),571,3,2,2,select_coverage_CBA_M1,,exact,128,1052,128.0,1052.0,62,541,2,14700
936,2,100,National Poll on Healthy Aging (NPHA),571,3,2,1,select_coverage,1.0,DAC,226,1675,,,226,1675,2,9428
936,2,100,National Poll on Healthy Aging (NPHA),571,3,2,1,select_coverage,1.0,exact,226,1675,226.0,1675.0,87,662,2,23304
936,2,100,National Poll on Healthy Aging (NPHA),571,3,2,1,select_coverage,2.0,DAC,409,3098,,,409,3098,2,17316
936,2,100,National Poll on Healthy Aging (NPHA),571,3,2,1,select_coverage,2.0,exact,409,3098,409.0,3098.0,172,1324,2,43192
936,2,100,National Poll on Healthy Aging (NPHA),571,3,2,1,select_coverage,3.0,DAC,555,4235,,,555,4235,2,23616
936,2,100,National Poll on Healthy Aging (NPHA),571,3,2,1,select_coverage,3.0,exact,555,4235,555.0,4235.0,239,1840,2,59024
936,2,100,National Poll on Healthy Aging (NPHA),571,3,2,1,select_coverage,4.0,DAC,679,5162,,,679,5162,2,28812
936,2,100,National Poll on Healthy Aging (NPHA),571,3,2,1,select_coverage,4.0,exact,679,5162,679.0,5162.0,302,2313,2,72300
936,2,100,National Poll on Healthy Aging (NPHA),571,3,2,1,select_coverage_CBA_M1,,DAC,141,1136,,,141,1136,2,6252
936,2,100,National Poll on Healthy Aging (NPHA),571,3,2,1,select_coverage_CBA_M1,,exact,141,1136,141.0,1136.0,64,515,2,15684
936,2,100,National Poll on Healthy Aging (NPHA),571,3,2,2,select_coverage,1.0,exact,226,1675,226.0,1675.0,87,662,2,23304
936,2,100,National Poll on Healthy Aging (NPHA),571,3,2,2,select_coverage,2.0,exact,409,3098,409.0,3098.0,172,1324,2,43192
936,2,100,National Poll on Healthy Aging (NPHA),571,3,2,2,select_coverage,3.0,exact,555,4235,555.0,4235.0,239,1840,2,59024
936,2,100,National Poll on Healthy Aging (NPHA),571,3,2,2,select_coverage,4.0,exact,679,5162,679.0,5162.0,302,2313,2,72300
936,2,100,National Poll on Healthy Aging (NPHA),571,3,2,2,select_coverage_CBA_M1,,exact,141,1136,141.0,1136.0,64,515,2,15684
936,2,114,National Poll on Healthy Aging (NPHA),571,3,2,1,select_coverage,1.0,DAC,234,1733,,,233,1725,2,9756
936,2,114,National Poll on Healthy Aging (NPHA),571,3,2,1,select_coverage,1.0,exact,234,1733,233.0,1725.0,97,754,2,24328
936,2,114,National Poll on Healthy Aging (NPHA),571,3,2,1,select_coverage,2.0,DAC,415,3078,,,413,3059,2,17308
936,2,114,National Poll on Healthy Aging (NPHA),571,3,2,1,select_coverage,2.0,exact,415,3078,413.0,3059.0,172,1323,2,43080
936,2,114,National Poll on Healthy Aging (NPHA),571,3,2,1,select_coverage,3.0,DAC,561,4162,,,559,4143,2,23396
936,2,114,National Poll on Healthy Aging (NPHA),571,3,2,1,select_coverage,3.0,exact,561,4162,559.0,4143.0,233,1782,2,58260
936,2,114,National Poll on Healthy Aging (NPHA),571,3,2,1,select_coverage,4.0,DAC,691,5124,,,688,5102,2,28804
936,2,114,National Poll on Healthy Aging (NPHA),571,3,2,1,select_coverage,4.0,exact,691,5124,687.0,5093.0,285,2181,2,71600
936,2,114,National Poll on Healthy Aging (NPHA),571,3,2,1,select_coverage_CBA_M1,,DAC,140,1135,,,140,1135,2,6236
936,2,114,National Poll on Healthy Aging (NPHA),571,3,2,1,select_coverage_CBA_M1,,exact,140,1135,140.0,1135.0,70,569,2,15860
936,2,114,National Poll on Healthy Aging (NPHA),571,3,2,2,select_coverage,1.0,exact,234,1733,233.0,1725.0,97,754,2,24328
936,2,114,National Poll on Healthy Aging (NPHA),571,3,2,2,select_coverage,2.0,exact,415,3078,413.0,3059.0,172,1323,2,43080
936,2,114,National Poll on Healthy Aging (NPHA),571,3,2,2,select_coverage,3.0,exact,561,4162,559.0,4143.0,233,1782,2,58260
936,2,114,National Poll on Healthy Aging (NPHA),571,3,2,2,select_coverage,4.0,exact,691,5124,687.0,5093.0,285,2181,2,71600
936,2,114,National Poll on Healthy Aging (NPHA),571,3,2,2,select_coverage_CBA_M1,,exact,140,1135,140.0,1135.0,70,569,2,15860
936,2,133,National Poll on Healthy Aging (NPHA),571,3,2,1,select_coverage,1.0,DAC,243,1854,,,243,1854,2,10348
936,2,133,National Poll on Healthy Aging (NPHA),571,3,2,1,select_coverage,1.0,exact,243,1854,243.0,1854.0,118,897,2,26220
936,2,133,National Poll on Healthy Aging (NPHA),571,3,2,1,select_coverage,2.0,DAC,442,3471,,,442,3471,2,19204
936,2,133,National Poll on Healthy Aging (NPHA),571,3,2,1,select_coverage,2.0,exact,442,3471,442.0,3471.0,214,1674,2,48632
936,2,133,National Poll on Healthy Aging (NPHA),571,3,2,1,select_coverage,3.0,DAC,602,4716,,,602,4716,2,26104
936,2,133,National Poll on Healthy Aging (NPHA),571,3,2,1,select_coverage,3.0,exact,602,4716,602.0,4716.0,293,2282,2,66144
936,2,133,National Poll on Healthy Aging (NPHA),571,3,2,1,select_coverage,4.0,DAC,752,5932,,,752,5932,2,32768
936,2,133,National Poll on Healthy Aging (NPHA),571,3,2,1,select_coverage,4.0,exact,752,5932,752.0,5932.0,362,2852,2,82952
936,2,133,National Poll on Healthy Aging (NPHA),571,3,2,1,select_coverage_CBA_M1,,DAC,159,1272,,,159,1272,2,7012
936,2,133,National Poll on Healthy Aging (NPHA),571,3,2,1,select_coverage_CBA_M1,,exact,159,1272,159.0,1272.0,82,656,2,17912
936,2,133,National Poll on Healthy Aging (NPHA),571,3,2,2,select_coverage,1.0,exact,243,1854,243.0,1854.0,118,897,2,26220
936,2,133,National Poll on Healthy Aging (NPHA),571,3,2,2,select_coverage,2.0,exact,442,3471,442.0,3471.0,214,1674,2,48632
936,2,133,National Poll on Healthy Aging (NPHA),571,3,2,2,select_coverage,3.0,exact,602,4716,602.0,4716.0,293,2282,2,66144
936,2,133,National Poll on Healthy Aging (NPHA),571,3,2,2,select_coverage,4.0,exact,752,5932,752.0,5932.0,362,2852,2,82952
936,2,133,National Poll on Healthy Aging (NPHA),571,3,2,2,select_coverage_CBA_M1,,exact,159,1272,159.0,1272.0,82,656,2,17912
936,2,138,National Poll on Healthy Aging (NPHA),571,3,2,1,select_coverage,1.0,DAC,276,2125,,,276,2125,2,11828
936,2,138,National Poll on Healthy Aging (NPHA),571,3,2,1,select_coverage,1.0,exact,276,2125,276.0,2125.0,101,808,2,29088
936,2,138,National Poll on Healthy Aging (NPHA),571,3,2,1,select_coverage,2.0,DAC,490,3819,,,490,3819,2,21172
936,2,138,National Poll on Healthy Aging (NPHA),571,3,2,1,select_coverage,2.0,exact,490,3819,489.0,3812.0,175,1421,2,51880
936,2,138,National Poll on Healthy Aging (NPHA),571,3,2,1,select_coverage,3.0,DAC,682,5337,,,682,5337,2,29548
936,2,138,National Poll on Healthy Aging (NPHA),571,3,2,1,select_coverage,3.0,exact,682,5337,681.0,5330.0,234,1902,2,72092
936,2,138,National Poll on Healthy Aging (NPHA),571,3,2,1,select_coverage,4.0,DAC,835,6514,,,835,6514,2,36092
936,2,138,National Poll on Healthy Aging (NPHA),571,3,2,1,select_coverage,4.0,exact,835,6514,834.0,6507.0,277,2242,2,87764
936,2,138,National Poll on Healthy Aging (NPHA),571,3,2,1,select_coverage_CBA_M1,,DAC,157,1295,,,157,1295,2,7080
936,2,138,National Poll on Healthy Aging (NPHA),571,3,2,1,select_coverage_CBA_M1,,exact,157,1295,157.0,1295.0,81,668,2,18080
936,2,138,National Poll on Healthy Aging (NPHA),571,3,2,2,select_coverage,1.0,exact,276,2125,276.0,2125.0,101,808,2,29088
936,2,138,National Poll on Healthy Aging (NPHA),571,3,2,2,select_coverage,2.0,exact,490,3819,489.0,3812.0,175,1421,2,51880
936,2,138,National Poll on Healthy Aging (NPHA),571,3,2,2,select_coverage,3.0,exact,682,5337,681.0,5330.0,234,1902,2,72092
936,2,138,National Poll on Healthy Aging (NPHA),571,3,2,2,select_coverage,4.0,exact,835,6514,834.0,6507.0,277,2242,2,87764
936,2,138,National Poll on Healthy Aging (NPHA),571,3,2,2,select_coverage_CBA_M1,,exact,157,1295,157.0,1295.0,81,668,2,18080
936,2,148,National Poll on Healthy Aging (NPHA),571,3,2,1,select_coverage,1.0,DAC,230,1764,,,229,1761,2,9832
936,2,148,National Poll on Healthy Aging (NPHA),571,3,2,1,select_coverage,1.0,exact,230,1764,229.0,1761.0,93,736,2,24396
936,2,148,National Poll on Healthy Aging (NPHA),571,3,2,1,select_coverage,2.0,DAC,406,3154,,,405,3151,2,17504
936,2,148,National Poll on Healthy Aging (NPHA),571,3,2,1,select_coverage,2.0,exact,406,3154,405.0,3151.0,161,1272,2,43292
936,2,148,National Poll on Healthy Aging (NPHA),571,3,2,1,select_coverage,3.0,DAC,569,4508,,,568,4505,2,24876
936,2,148,National Poll on Healthy Aging (NPHA),571,3,2,1,select_coverage,3.0,exact,569,4508,568.0,4505.0,222,1775,2,61352
936,2,148,National Poll on Healthy Aging (NPHA),571,3,2,1,select_coverage,4.0,DAC,709,5591,,,708,5588,2,30888
936,2,148,National Poll on Healthy Aging (NPHA),571,3,2,1,select_coverage,4.0,exact,709,5591,708.0,5588.0,269,2147,2,75984
936,2,148,National Poll on Healthy Aging (NPHA),571,3,2,1,select_coverage_CBA_M1,,DAC,143,1180,,,143,1180,2,6452
936,2,148,National Poll on Healthy Aging (NPHA),571,3,2,1,select_coverage_CBA_M1,,exact,143,1180,143.0,1180.0,72,594,2,16416
936,2,148,National Poll on Healthy Aging (NPHA),571,3,2,2,select_coverage,1.0,exact,230,1764,229.0,1761.0,93,736,2,24396
936,2,148,National Poll on Healthy Aging (NPHA),571,3,2,2,select_coverage,2.0,exact,406,3154,405.0,3151.0,161,1272,2,43292
936,2,148,National Poll on Healthy Aging (NPHA),571,3,2,2,select_coverage,3.0,exact,568,4500,567.0,4497.0,222,1775,2,61256
936,2,148,National Poll on Healthy Aging (NPHA),571,3,2,2,select_coverage,4.0,exact,708,5583,707.0,5580.0,269,2147,2,75888
936,2,148,National Poll on Healthy Aging (NPHA),571,3,2,2,select_coverage_CBA_M1,,exact,143,1180,143.0,1180.0,72,594,2,16416
936,3,5,National Poll on Healthy Aging (NPHA),571,3,2,1,select_coverage,1.0,DAC,233,1731,,,232,1727,2,9744
936,3,5,National Poll on Healthy Aging (NPHA),571,3,2,1,select_coverage,1.0,exact,233,1731,232.0,1727.0,76,586,2,23624
936,3,5,National Poll on Healthy Aging (NPHA),571,3,2,1,select_coverage,2.0,DAC,428,3281,,,426,3272,2,18284
936,3,5,National Poll on Healthy Aging (NPHA),571,3,2,1,select_coverage,2.0,exact,428,3281,426.0,3272.0,145,1160,2,44508
936,3,5,National Poll on Healthy Aging (NPHA),571,3,2,1,select_coverage,3.0,DAC,595,4566,,,593,4557,2,25428
936,3,5,National Poll on Healthy Aging (NPHA),571,3,2,1,select_coverage,3.0,exact,595,4566,593.0,4557.0,205,1603,2,61904
936,3,5,National Poll on Healthy Aging (NPHA),571,3,2,1,select_coverage,4.0,DAC,732,5587,,,730,5578,2,31156
936,3,5,National Poll on Healthy Aging (NPHA),571,3,2,1,select_coverage,4.0,exact,732,5587,730.0,5578.0,245,1893,2,75616
936,3,5,National Poll on Healthy Aging (NPHA),571,3,2,1,select_coverage_CBA_M1,,DAC,140,1148,,,140,1148,2,6296
936,3,5,National Poll on Healthy Aging (NPHA),571,3,2,1,select_coverage_CBA_M1,,exact,140,1148,140.0,1148.0,52,439,2,15444
936,3,5,National Poll on Healthy Aging (NPHA),571,3,2,2,select_coverage,1.0,exact,233,1731,232.0,1727.0,76,586,2,23624
936,3,5,National Poll on Healthy Aging (NPHA),571,3,2,2,select_coverage,2.0,exact,428,3281,426.0,3272.0,145,1160,2,44508
936,3,5,National Poll on Healthy Aging (NPHA),571,3,2,2,select_coverage,3.0,exact,595,4566,593.0,4557.0,205,1603,2,61904
936,3,5,National Poll on Healthy Aging (NPHA),571,3,2,2,select_coverage,4.0,exact,731,5584,729.0,5575.0,245,1893,2,75560
936,3,5,National Poll on Healthy Aging (NPHA),571,3,2,2,select_coverage_CBA_M1,,exact,140,1148,140.0,1148.0,52,439,2,15444
936,3,14,National Poll on Healthy Aging (NPHA),571,3,2,1,select_coverage,1.0,DAC,224,1732,,,224,1732,2,9640
936,3,14,National Poll on Healthy Aging (NPHA),571,3,2,1,select_coverage,1.0,exact,224,1732,224.0,1732.0,91,707,2,23876
936,3,14,National Poll on Healthy Aging (NPHA),571,3,2,1,select_coverage,2.0,DAC,398,3141,,,398,3141,2,17364
936,3,14,National Poll on Healthy Aging (NPHA),571,3,2,1,select_coverage,2.0,exact,398,3141,397.0,3131.0,150,1185,2,42556
936,3,14,National Poll on Healthy Aging (NPHA),571,3,2,1,select_coverage,3.0,DAC,523,4069,,,522,4066,2,22576
936,3,14,National Poll on Healthy Aging (NPHA),571,3,2,1,select_coverage,3.0,exact,523,4069,521.0,4056.0,194,1510,2,55236
936,3,14,National Poll on Healthy Aging (NPHA),571,3,2,1,select_coverage,4.0,DAC,641,4958,,,640,4955,2,27548
936,3,14,National Poll on Healthy Aging (NPHA),571,3,2,1,select_coverage,4.0,exact,641,4958,639.0,4945.0,230,1764,2,67140
936,3,14,National Poll on Healthy Aging (NPHA),571,3,2,1,select_coverage_CBA_M1,,DAC,160,1309,,,160,1309,2,7180
936,3,14,National Poll on Healthy Aging (NPHA),571,3,2,1,select_coverage_CBA_M1,,exact,160,1309,160.0,1309.0,69,574,2,17912
936,3,14,National Poll on Healthy Aging (NPHA),571,3,2,2,select_coverage,1.0,exact,224,1732,224.0,1732.0,91,707,2,23876
936,3,14,National Poll on Healthy Aging (NPHA),571,3,2,2,select_coverage,2.0,exact,398,3141,397.0,3131.0,150,1185,2,42556
936,3,14,National Poll on Healthy Aging (NPHA),571,3,2,2,select_coverage,3.0,exact,523,4069,521.0,4056.0,194,1510,2,55236
936,3,14,National Poll on Healthy Aging (NPHA),571,3,2,2,select_coverage,4.0,exact,642,4968,640.0,4955.0,230,1764,2,67252
936,3,14,National Poll on Healthy Aging (NPHA),571,3,2,2,select_coverage_CBA_M1,,exact,160,1309,160.0,1309.0,69,574,2,17912
936,3,17,National Poll on Healthy Aging (NPHA),571,3,2,1,select_coverage,1.0,DAC,241,1804,,,240,1801,2,10132
936,3,17,National Poll on Healthy Aging (NPHA),571,3,2,1,select_coverage,1.0,exact,241,1804,240.0,1801.0,80,614,2,24580
936,3,17,National Poll on Healthy Aging (NPHA),571,3,2,1,select_coverage,2.0,DAC,425,3214,,,423,3207,2,17980
936,3,17,National Poll on Healthy Aging (NPHA),571,3,2,1,select_coverage,2.0,exact,425,3214,423.0,3207.0,139,1071,2,43528
936,3,17,National Poll on Healthy Aging (NPHA),571,3,2,1,select_coverage,3.0,DAC,567,4290,,,563,4272,2,23988
936,3,17,National Poll on Healthy Aging (NPHA),571,3,2,1,select_coverage,3.0,exact,567,4290,563.0,4272.0,196,1536,2,58432
936,3,17,National Poll on Healthy Aging (NPHA),571,3,2,1,select_coverage,4.0,DAC,695,5276,,,690,5253,2,29468
936,3,17,National Poll on Healthy Aging (NPHA),571,3,2,1,select_coverage,4.0,exact,695,5276,690.0,5253.0,236,1858,2,71652
936,3,17,National Poll on Healthy Aging (NPHA),571,3,2,1,select_coverage_CBA_M1,,DAC,137,1102,,,137,1102,2,6076
936,3,17,National Poll on Healthy Aging (NPHA),571,3,2,1,select_coverage_CBA_M1,,exact,137,1102,137.0,1102.0,52,416,2,14888
936,3,17,National Poll on Healthy Aging (NPHA),571,3,2,2,select_coverage,1.0,exact,241,1804,240.0,1801.0,80,614,2,24580
936,3,17,National Poll on Healthy Aging (NPHA),571,3,2,2,select_coverage,2.0,exact,425,3214,423.0,3207.0,139,1071,2,43528
936,3,17,National Poll on Healthy Aging (NPHA),571,3,2,2,select_coverage,3.0,exact,567,4290,563.0,4272.0,196,1536,2,58432
936,3,17,National Poll on Healthy Aging (NPHA),571,3,2,2,select_coverage,4.0,exact,695,5276,690.0,5253.0,236,1858,2,71652
936,3,17,National Poll on Healthy Aging (NPHA),571,3,2,2,select_coverage_CBA_M1,,exact,137,1102,137.0,1102.0,52,416,2,14888
936,3,19,National Poll on Healthy Aging (NPHA),571,3,2,1,select_coverage,1.0,DAC,227,1703,,,227,1703,2,9560
936,3,19,National Poll on Healthy Aging (NPHA),571,3,2,1,select_coverage,1.0,exact,227,1703,227.0,1703.0,88,671,2,23596
936,3,19,National Poll on Healthy Aging (NPHA),571,3,2,1,select_coverage,2.0,DAC,402,3047,,,401,3044,2,17036
936,3,19,National Poll on Healthy Aging (NPHA),571,3,2,1,select_coverage,2.0,exact,402,3047,401.0,3044.0,158,1214,2,42076
936,3,19,National Poll on Healthy Aging (NPHA),571,3,2,1,select_coverage,3.0,DAC,562,4253,,,560,4241,2,23780
936,3,19,National Poll on Healthy Aging (NPHA),571,3,2,1,select_coverage,3.0,exact,562,4253,560.0,4241.0,217,1686,2,58664
936,3,19,National Poll on Healthy Aging (NPHA),571,3,2,1,select_coverage,4.0,DAC,689,5207,,,687,5195,2,29120
936,3,19,National Poll on Healthy Aging (NPHA),571,3,2,1,select_coverage,4.0,exact,689,5207,687.0,5195.0,274,2126,2,72120
936,3,19,National Poll on Healthy Aging (NPHA),571,3,2,1,select_coverage_CBA_M1,,DAC,146,1184,,,146,1184,2,6512
936,3,19,National Poll on Healthy Aging (NPHA),571,3,2,1,select_coverage_CBA_M1,,exact,146,1184,146.0,1184.0,65,531,2,16292
936,3,19,National Poll on Healthy Aging (NPHA),571,3,2,2,select_coverage,1.0,exact,227,1703,227.0,1703.0,88,671,2,23596
936,3,19,National Poll on Healthy Aging (NPHA),571,3,2,2,select_coverage,2.0,exact,402,3047,401.0,3044.0,158,1214,2,42076
936,3,19,National Poll on Healthy Aging (NPHA),571,3,2,2,select_coverage,3.0,exact,561,4244,559.0,4232.0,217,1686,2,58560
936,3,19,National Poll on Healthy Aging (NPHA),571,3,2,2,select_coverage,4.0,exact,689,5207,687.0,5195.0,274,2126,2,72120
936,3,19,National Poll on Healthy Aging (NPHA),571,3,2,2,select_coverage_CBA_M1,,exact,146,1184,146.0,1184.0,65,531,2,16292
936,3,29,National Poll on Healthy Aging (NPHA),571,3,2,1,select_coverage,1.0,DAC,241,1804,,,241,1804,2,10132
936,3,29,National Poll on Healthy Aging (NPHA),571,3,2,1,select_coverage,1.0,exact,241,1804,241.0,1804.0,86,670,2,24848
936,3,29,National Poll on Healthy Aging (NPHA),571,3,2,1,select_coverage,2.0,DAC,425,3232,,,424,3222,2,18052
936,3,29,National Poll on Healthy Aging (NPHA),571,3,2,1,select_coverage,2.0,exact,425,3232,424.0,3222.0,150,1182,2,44136
936,3,29,National Poll on Healthy Aging (NPHA),571,3,2,1,select_coverage,3.0,DAC,577,4419,,,575,4404,2,24624
936,3,29,National Poll on Healthy Aging (NPHA),571,3,2,1,select_coverage,3.0,exact,577,4419,575.0,4404.0,195,1555,2,59936
936,3,29,National Poll on Healthy Aging (NPHA),571,3,2,1,select_coverage,4.0,DAC,707,5399,,,705,5384,2,30104
936,3,29,National Poll on Healthy Aging (NPHA),571,3,2,1,select_coverage,4.0,exact,707,5399,705.0,5384.0,226,1792,2,72884
936,3,29,National Poll on Healthy Aging (NPHA),571,3,2,1,select_coverage_CBA_M1,,DAC,158,1290,,,158,1290,2,7080
936,3,29,National Poll on Healthy Aging (NPHA),571,3,2,1,select_coverage_CBA_M1,,exact,158,1290,158.0,1290.0,68,561,2,17644
936,3,29,National Poll on Healthy Aging (NPHA),571,3,2,2,select_coverage,1.0,exact,241,1804,241.0,1804.0,86,670,2,24848
936,3,29,National Poll on Healthy Aging (NPHA),571,3,2,2,select_coverage,2.0,exact,425,3232,424.0,3222.0,150,1182,2,44136
936,3,29,National Poll on Healthy Aging (NPHA),571,3,2,2,select_coverage,3.0,exact,577,4419,575.0,4404.0,195,1555,2,59936
936,3,29,National Poll on Healthy Aging (NPHA),571,3,2,2,select_coverage,4.0,exact,707,5399,705.0,5384.0,226,1792,2,72884
936,3,29,National Poll on Healthy Aging (NPHA),571,3,2,2,select_coverage_CBA_M1,,exact,158,1290,158.0,1290.0,68,561,2,17644
936,3,31,National Poll on Healthy Aging (NPHA),571,3,2,1,select_coverage,1.0,DAC,219,1702,,,219,1702,2,9460
936,3,31,National Poll on Healthy Aging (NPHA),571,3,2,1,select_coverage,1.0,exact,219,1702,219.0,1702.0,81,616,2,23112
936,3,31,National Poll on Healthy Aging (NPHA),571,3,2,1,select_coverage,2.0,DAC,386,3044,,,386,3044,2,16832
936,3,31,National Poll on Healthy Aging (NPHA),571,3,2,1,select_coverage,2.0,exact,386,3044,386.0,3044.0,144,1111,2,41172
936,3,31,National Poll on Healthy Aging (NPHA),571,3,2,1,select_coverage,3.0,DAC,528,4200,,,528,4200,2,23160
936,3,31,National Poll on Healthy Aging (NPHA),571,3,2,1,select_coverage,3.0,exact,528,4200,528.0,4200.0,185,1440,2,56280
936,3,31,National Poll on Healthy Aging (NPHA),571,3,2,1,select_coverage,4.0,DAC,643,5082,,,642,5079,2,28068
936,3,31,National Poll on Healthy Aging (NPHA),571,3,2,1,select_coverage,4.0,exact,643,5082,642.0,5079.0,230,1770,2,68292
936,3,31,National Poll on Healthy Aging (NPHA),571,3,2,1,select_coverage_CBA_M1,,DAC,133,1095,,,133,1095,2,6000
936,3,31,National Poll on Healthy Aging (NPHA),571,3,2,1,select_coverage_CBA_M1,,exact,133,1095,133.0,1095.0,61,490,2,15000
936,3,31,National Poll on Healthy Aging (NPHA),571,3,2,2,select_coverage,1.0,exact,219,1702,219.0,1702.0,81,616,2,23112
936,3,31,National Poll on Healthy Aging (NPHA),571,3,2,2,select_coverage,2.0,exact,386,3044,386.0,3044.0,144,1111,2,41172
936,3,31,National Poll on Healthy Aging (NPHA),571,3,2,2,select_coverage,3.0,exact,528,4200,528.0,4200.0,185,1440,2,56280
936,3,31,National Poll on Healthy Aging (NPHA),571,3,2,2,select_coverage,4.0,exact,642,5074,641.0,5071.0,230,1770,2,68196
936,3,31,National Poll on Healthy Aging (NPHA),571,3,2,2,select_coverage_CBA_M1,,exact,133,1095,133.0,1095.0,61,490,2,15000
936,3,34,National Poll on Healthy Aging (NPHA),571,3,2,1,select_coverage,1.0,DAC,222,1692,,,222,1692,2,9456
936,3,34,National Poll on Healthy Aging (NPHA),571,3,2,1,select_coverage,1.0,exact,222,1692,222.0,1692.0,76,607,2,23092
936,3,34,National Poll on Healthy Aging (NPHA),571,3,2,1,select_coverage,2.0,DAC,387,2890,,,387,2890,2,16228
936,3,34,National Poll on Healthy Aging (NPHA),571,3,2,1,select_coverage,2.0,exact,387,2890,387.0,2890.0,118,948,2,39320
936,3,34,National Poll on Healthy Aging (NPHA),571,3,2,1,select_coverage,3.0,DAC,517,3862,,,517,3862,2,21676
936,3,34,National Poll on Healthy Aging (NPHA),571,3,2,1,select_coverage,3.0,exact,517,3862,516.0,3855.0,155,1241,2,52368
936,3,34,National Poll on Healthy Aging (NPHA),571,3,2,1,select_coverage,4.0,DAC,635,4722,,,635,4722,2,26532
936,3,34,National Poll on Healthy Aging (NPHA),571,3,2,1,select_coverage,4.0,exact,635,4722,634.0,4715.0,191,1481,2,63984
936,3,34,National Poll on Healthy Aging (NPHA),571,3,2,1,select_coverage_CBA_M1,,DAC,145,1173,,,145,1173,2,6456
936,3,34,National Poll on Healthy Aging (NPHA),571,3,2,1,select_coverage_CBA_M1,,exact,145,1173,145.0,1173.0,64,520,2,16128
936,3,34,National Poll on Healthy Aging (NPHA),571,3,2,2,select_coverage,1.0,exact,222,1692,222.0,1692.0,76,607,2,23092
936,3,34,National Poll on Healthy Aging (NPHA),571,3,2,2,select_coverage,2.0,exact,387,2890,387.0,2890.0,118,948,2,39320
936,3,34,National Poll on Healthy Aging (NPHA),571,3,2,2,select_coverage,3.0,exact,518,3872,517.0,3865.0,155,1241,2,52480
936,3,34,National Poll on Healthy Aging (NPHA),571,3,2,2,select_coverage,4.0,exact,636,4732,635.0,4725.0,191,1481,2,64096
936,3,34,National Poll on Healthy Aging (NPHA),571,3,2,2,select_coverage_CBA_M1,,exact,145,1173,145.0,1173.0,64,520,2,16128
936,3,42,National Poll on Healthy Aging (NPHA),571,3,2,1,select_coverage,1.0,DAC,249,1902,,,248,1898,2,10620
936,3,42,National Poll on Healthy Aging (NPHA),571,3,2,1,select_coverage,1.0,exact,249,1902,248.0,1898.0,84,663,2,25812
936,3,42,National Poll on Healthy Aging (NPHA),571,3,2,1,select_coverage,2.0,DAC,418,3240,,,416,3233,2,18000
936,3,42,National Poll on Healthy Aging (NPHA),571,3,2,1,select_coverage,2.0,exact,418,3240,416.0,3233.0,140,1133,2,43760
936,3,42,National Poll on Healthy Aging (NPHA),571,3,2,1,select_coverage,3.0,DAC,539,4175,,,537,4168,2,23192
936,3,42,National Poll on Healthy Aging (NPHA),571,3,2,1,select_coverage,3.0,exact,539,4175,537.0,4168.0,176,1419,2,56256
936,3,42,National Poll on Healthy Aging (NPHA),571,3,2,1,select_coverage,4.0,DAC,661,5092,,,659,5085,2,28324
936,3,42,National Poll on Healthy Aging (NPHA),571,3,2,1,select_coverage,4.0,exact,661,5092,659.0,5085.0,211,1682,2,68548
936,3,42,National Poll on Healthy Aging (NPHA),571,3,2,1,select_coverage_CBA_M1,,DAC,156,1293,,,156,1293,2,7068
936,3,42,National Poll on Healthy Aging (NPHA),571,3,2,1,select_coverage_CBA_M1,,exact,156,1293,156.0,1293.0,67,557,2,17588
936,3,42,National Poll on Healthy Aging (NPHA),571,3,2,2,select_coverage,1.0,exact,249,1902,248.0,1898.0,84,663,2,25812
936,3,42,National Poll on Healthy Aging (NPHA),571,3,2,2,select_coverage,2.0,exact,418,3240,416.0,3233.0,140,1133,2,43760
936,3,42,National Poll on Healthy Aging (NPHA),571,3,2,2,select_coverage,3.0,exact,539,4175,537.0,4168.0,176,1419,2,56256
936,3,42,National Poll on Healthy Aging (NPHA),571,3,2,2,select_coverage,4.0,exact,661,5092,659.0,5085.0,211,1682,2,68548
936,3,42,National Poll on Healthy Aging (NPHA),571,3,2,2,select_coverage_CBA_M1,,exact,156,1293,156.0,1293.0,67,557,2,17588
936,3,49,National Poll on Healthy Aging (NPHA),571,3,2,1,select_coverage,1.0,DAC,223,1641,,,223,1641,2,9264
936,3,49,National Poll on Healthy Aging (NPHA),571,3,2,1,select_coverage,1.0,exact,223,1641,223.0,1641.0,85,643,2,22860
936,3,49,National Poll on Healthy Aging (NPHA),571,3,2,1,select_coverage,2.0,DAC,397,2991,,,395,2980,2,16752
936,3,49,National Poll on Healthy Aging (NPHA),571,3,2,1,select_coverage,2.0,exact,397,2991,395.0,2980.0,159,1234,2,41484
936,3,49,National Poll on Healthy Aging (NPHA),571,3,2,1,select_coverage,3.0,DAC,535,4074,,,533,4063,2,22740
936,3,49,National Poll on Healthy Aging (NPHA),571,3,2,1,select_coverage,3.0,exact,535,4074,533.0,4063.0,207,1613,2,56080
936,3,49,National Poll on Healthy Aging (NPHA),571,3,2,1,select_coverage,4.0,DAC,655,4981,,,652,4966,2,27808
936,3,49,National Poll on Healthy Aging (NPHA),571,3,2,1,select_coverage,4.0,exact,655,4981,652.0,4966.0,239,1875,2,68176
936,3,49,National Poll on Healthy Aging (NPHA),571,3,2,1,select_coverage_CBA_M1,,DAC,137,1118,,,137,1118,2,6140
936,3,49,National Poll on Healthy Aging (NPHA),571,3,2,1,select_coverage_CBA_M1,,exact,137,1118,137.0,1118.0,60,497,2,15340
936,3,49,National Poll on Healthy Aging (NPHA),571,3,2,2,select_coverage,1.0,exact,223,1641,223.0,1641.0,85,643,2,22860
936,3,49,National Poll on Healthy Aging (NPHA),571,3,2,2,select_coverage,2.0,exact,397,2991,395.0,2980.0,159,1234,2,41484
936,3,49,National Poll on Healthy Aging (NPHA),571,3,2,2,select_coverage,3.0,exact,535,4074,533.0,4063.0,207,1613,2,56080
936,3,49,National Poll on Healthy Aging (NPHA),571,3,2,2,select_coverage,4.0,exact,655,4981,652.0,4966.0,239,1875,2,68176
936,3,49,National Poll on Healthy Aging (NPHA),571,3,2,2,select_coverage_CBA_M1,,exact,137,1118,137.0,1118.0,60,497,2,15340
936,3,63,National Poll on Healthy Aging (NPHA),571,3,2,1,select_coverage,1.0,DAC,241,1794,,,241,1794,2,10092
936,3,63,National Poll on Healthy Aging (NPHA),571,3,2,1,select_coverage,1.0,exact,241,1794,241.0,1794.0,90,717,2,24956
936,3,63,National Poll on Healthy Aging (NPHA),571,3,2,1,select_coverage,2.0,DAC,434,3272,,,433,3268,2,18320
936,3,63,National Poll on Healthy Aging (NPHA),571,3,2,1,select_coverage,2.0,exact,434,3272,433.0,3268.0,161,1270,2,45120
936,3,63,National Poll on Healthy Aging (NPHA),571,3,2,1,select_coverage,3.0,DAC,585,4445,,,583,4433,2,24824
936,3,63,National Poll on Healthy Aging (NPHA),571,3,2,1,select_coverage,3.0,exact,585,4445,583.0,4433.0,208,1630,2,60712
936,3,63,National Poll on Healthy Aging (NPHA),571,3,2,1,select_coverage,4.0,DAC,716,5436,,,713,5415,2,30360
936,3,63,National Poll on Healthy Aging (NPHA),571,3,2,1,select_coverage,4.0,exact,716,5436,713.0,5415.0,251,1961,2,74088
936,3,63,National Poll on Healthy Aging (NPHA),571,3,2,1,select_coverage_CBA_M1,,DAC,148,1182,,,148,1182,2,6528
936,3,63,National Poll on Healthy Aging (NPHA),571,3,2,1,select_coverage_CBA_M1,,exact,148,1182,148.0,1182.0,64,533,2,16348
936,3,63,National Poll on Healthy Aging (NPHA),571,3,2,2,select_coverage,1.0,exact,241,1794,241.0,1794.0,90,717,2,24956
936,3,63,National Poll on Healthy Aging (NPHA),571,3,2,2,select_coverage,2.0,exact,434,3272,433.0,3268.0,161,1270,2,45120
936,3,63,National Poll on Healthy Aging (NPHA),571,3,2,2,select_coverage,3.0,exact,585,4445,583.0,4433.0,208,1630,2,60712
936,3,63,National Poll on Healthy Aging (NPHA),571,3,2,2,select_coverage,4.0,exact,717,5446,714.0,5425.0,251,1961,2,74200
936,3,63,National Poll on Healthy Aging (NPHA),571,3,2,2,select_coverage_CBA_M1,,exact,148,1182,148.0,1182.0,64,533,2,16348
936,3,64,National Poll on Healthy Aging (NPHA),571,3,2,1,select_coverage,1.0,DAC,220,1646,,,219,1643,2,9248
936,3,64,National Poll on Healthy Aging (NPHA),571,3,2,1,select_coverage,1.0,exact,220,1646,219.0,1643.0,68,478,2,22100
936,3,64,National Poll on Healthy Aging (NPHA),571,3,2,1,select_coverage,2.0,DAC,382,2896,,,379,2886,2,16192
936,3,64,National Poll on Healthy Aging (NPHA),571,3,2,1,select_coverage,2.0,exact,382,2896,379.0,2886.0,125,910,2,38920
936,3,64,National Poll on Healthy Aging (NPHA),571,3,2,1,select_coverage,3.0,DAC,522,4028,,,519,4018,2,22400
936,3,64,National Poll on Healthy Aging (NPHA),571,3,2,1,select_coverage,3.0,exact,522,4028,519.0,4018.0,171,1290,2,53976
936,3,64,National Poll on Healthy Aging (NPHA),571,3,2,1,select_coverage,4.0,DAC,646,5038,,,643,5028,2,27928
936,3,64,National Poll on Healthy Aging (NPHA),571,3,2,1,select_coverage,4.0,exact,646,5038,643.0,5028.0,207,1602,2,67272
936,3,64,National Poll on Healthy Aging (NPHA),571,3,2,1,select_coverage_CBA_M1,,DAC,145,1195,,,145,1195,2,6544
936,3,64,National Poll on Healthy Aging (NPHA),571,3,2,1,select_coverage_CBA_M1,,exact,145,1195,145.0,1195.0,47,373,2,15716
936,3,64,National Poll on Healthy Aging (NPHA),571,3,2,2,select_coverage,1.0,exact,220,1646,219.0,1643.0,68,478,2,22100
936,3,64,National Poll on Healthy Aging (NPHA),571,3,2,2,select_coverage,2.0,exact,382,2896,379.0,2886.0,125,910,2,38920
936,3,64,National Poll on Healthy Aging (NPHA),571,3,2,2,select_coverage,3.0,exact,522,4028,519.0,4018.0,171,1290,2,53976
936,3,64,National Poll on Healthy Aging (NPHA),571,3,2,2,select_coverage,4.0,exact,647,5045,644.0,5035.0,207,1602,2,67360
936,3,64,National Poll on Healthy Aging (NPHA),571,3,2,2,select_coverage_CBA_M1,,exact,145,1195,145.0,1195.0,47,373,2,15716
936,3,65,National Poll on Healthy Aging (NPHA),571,3,2,1,select_coverage,1.0,DAC,241,1813,,,241,1813,2,10168
936,3,65,National Poll on Healthy Aging (NPHA),571,3,2,1,select_coverage,1.0,exact,241,1813,241.0,1813.0,79,610,2,24680
936,3,65,National Poll on Healthy Aging (NPHA),571,3,2,1,select_coverage,2.0,DAC,430,3304,,,430,3304,2,18400
936,3,65,National Poll on Healthy Aging (NPHA),571,3,2,1,select_coverage,2.0,exact,430,3304,430.0,3304.0,136,1063,2,44468
936,3,65,National Poll on Healthy Aging (NPHA),571,3,2,1,select_coverage,3.0,DAC,574,4425,,,573,4417,2,24612
936,3,65,National Poll on Healthy Aging (NPHA),571,3,2,1,select_coverage,3.0,exact,574,4425,573.0,4417.0,181,1440,2,59488
936,3,65,National Poll on Healthy Aging (NPHA),571,3,2,1,select_coverage,4.0,DAC,696,5320,,,695,5312,2,29656
936,3,65,National Poll on Healthy Aging (NPHA),571,3,2,1,select_coverage,4.0,exact,696,5320,695.0,5312.0,223,1752,2,71800
936,3,65,National Poll on Healthy Aging (NPHA),571,3,2,1,select_coverage_CBA_M1,,DAC,164,1329,,,164,1329,2,7308
936,3,65,National Poll on Healthy Aging (NPHA),571,3,2,1,select_coverage_CBA_M1,,exact,164,1329,164.0,1329.0,63,514,2,17960
936,3,65,National Poll on Healthy Aging (NPHA),571,3,2,2,select_coverage,1.0,exact,241,1813,241.0,1813.0,79,610,2,24680
936,3,65,National Poll on Healthy Aging (NPHA),571,3,2,2,select_coverage,2.0,exact,430,3304,430.0,3304.0,136,1063,2,44468
936,3,65,National Poll on Healthy Aging (NPHA),571,3,2,2,select_coverage,3.0,exact,574,4425,573.0,4417.0,181,1440,2,59488
936,3,65,National Poll on Healthy Aging (NPHA),571,3,2,2,select_coverage,4.0,exact,696,5320,695.0,5312.0,223,1752,2,71800
936,3,65,National Poll on Healthy Aging (NPHA),571,3,2,2,select_coverage_CBA_M1,,exact,164,1329,164.0,1329.0,63,514,2,17960
936,3,68,National Poll on Healthy Aging (NPHA),571,3,2,1,select_coverage,1.0,DAC,251,1847,,,250,1834,2,10424
936,3,68,National Poll on Healthy Aging (NPHA),571,3,2,1,select_coverage,1.0,exact,251,1847,250.0,1834.0,80,618,2,25220
936,3,68,National Poll on Healthy Aging (NPHA),571,3,2,1,select_coverage,2.0,DAC,453,3383,,,451,3367,2,18992
936,3,68,National Poll on Healthy Aging (NPHA),571,3,2,1,select_coverage,2.0,exact,453,3383,451.0,3367.0,138,1069,2,45732
936,3,68,National Poll on Healthy Aging (NPHA),571,3,2,1,select_coverage,3.0,DAC,598,4449,,,596,4433,2,24996
936,3,68,National Poll on Healthy Aging (NPHA),571,3,2,1,select_coverage,3.0,exact,598,4449,596.0,4433.0,172,1344,2,60000
936,3,68,National Poll on Healthy Aging (NPHA),571,3,2,1,select_coverage,4.0,DAC,728,5394,,,725,5374,2,30336
936,3,68,National Poll on Healthy Aging (NPHA),571,3,2,1,select_coverage,4.0,exact,728,5394,725.0,5374.0,199,1541,2,72460
936,3,68,National Poll on Healthy Aging (NPHA),571,3,2,1,select_coverage_CBA_M1,,DAC,151,1202,,,150,1189,2,6644
936,3,68,National Poll on Healthy Aging (NPHA),571,3,2,1,select_coverage_CBA_M1,,exact,151,1202,150.0,1189.0,57,466,2,16252
936,3,68,National Poll on Healthy Aging (NPHA),571,3,2,2,select_coverage,1.0,exact,251,1847,250.0,1834.0,80,618,2,25220
936,3,68,National Poll on Healthy Aging (NPHA),571,3,2,2,select_coverage,2.0,exact,453,3383,451.0,3367.0,138,1069,2,45732
936,3,68,National Poll on Healthy Aging (NPHA),571,3,2,2,select_coverage,3.0,exact,598,4449,596.0,4433.0,172,1344,2,60000
936,3,68,National Poll on Healthy Aging (NPHA),571,3,2,2,select_coverage,4.0,exact,728,5394,725.0,5374.0,199,1541,2,72460
936,3,68,National Poll on Healthy Aging (NPHA),571,3,2,2,select_coverage_CBA_M1,,exact,151,1202,150.0,1189.0,57,466,2,16252
936,3,74,National Poll on Healthy Aging (NPHA),571,3,2,1,select_coverage,1.0,DAC,224,1588,,,224,1588,2,9064
936,3,74,National Poll on Healthy Aging (NPHA),571,3,2,1,select_coverage,1.0,exact,224,1588,224.0,1588.0,69,489,3,21852
936,3,74,National Poll on Healthy Aging (NPHA),571,3,2,1,select_coverage,2.0,DAC,405,2924,,,404,2921,2,16580
936,3,74,National Poll on Healthy Aging (NPHA),571,3,2,1,select_coverage,2.0,exact,405,2924,404.0,2921.0,125,892,2,39900
936,3,74,National Poll on Healthy Aging (NPHA),571,3,2,1,select_coverage,3.0,DAC,557,4059,,,553,4045,2,22944
936,3,74,National Poll on Healthy Aging (NPHA),571,3,2,1,select_coverage,3.0,exact,557,4059,553.0,4045.0,159,1162,2,54784
936,3,74,National Poll on Healthy Aging (NPHA),571,3,2,1,select_coverage,4.0,DAC,685,4993,,,681,4979,2,28216
936,3,74,National Poll on Healthy Aging (NPHA),571,3,2,1,select_coverage,4.0,exact,685,4993,679.0,4963.0,190,1400,2,67176
936,3,74,National Poll on Healthy Aging (NPHA),571,3,2,1,select_coverage_CBA_M1,,DAC,140,1075,,,140,1075,2,6004
936,3,74,National Poll on Healthy Aging (NPHA),571,3,2,1,select_coverage_CBA_M1,,exact,140,1075,140.0,1075.0,54,417,2,14772
936,3,74,National Poll on Healthy Aging (NPHA),571,3,2,2,select_coverage,1.0,exact,224,1588,224.0,1588.0,69,489,3,21852
936,3,74,National Poll on Healthy Aging (NPHA),571,3,2,2,select_coverage,2.0,exact,406,2932,405.0,2929.0,125,892,2,39996
936,3,74,National Poll on Healthy Aging (NPHA),571,3,2,2,select_coverage,3.0,exact,558,4067,554.0,4053.0,159,1162,2,54880
936,3,74,National Poll on Healthy Aging (NPHA),571,3,2,2,select_coverage,4.0,exact,685,4993,679.0,4963.0,190,1400,2,67176
936,3,74,National Poll on Healthy Aging (NPHA),571,3,2,2,select_coverage_CBA_M1,,exact,140,1075,140.0,1075.0,54,417,2,14772
936,3,76,National Poll on Healthy Aging (NPHA),571,3,2,1,select_coverage,1.0,DAC,219,1716,,,219,1716,2,9516
936,3,76,National Poll on Healthy Aging (NPHA),571,3,2,1,select_coverage,1.0,exact,219,1716,219.0,1716.0,60,498,2,22752
936,3,76,National Poll on Healthy Aging (NPHA),571,3,2,1,select_coverage,2.0,DAC,382,3024,,,382,3024,2,16704
936,3,76,National Poll on Healthy Aging (NPHA),571,3,2,1,select_coverage,2.0,exact,382,3024,382.0,3024.0,118,985,2,40380
936,3,76,National Poll on Healthy Aging (NPHA),571,3,2,1,select_coverage,3.0,DAC,513,4044,,,513,4044,2,22356
936,3,76,National Poll on Healthy Aging (NPHA),571,3,2,1,select_coverage,3.0,exact,513,4044,513.0,4044.0,159,1317,2,54060
936,3,76,National Poll on Healthy Aging (NPHA),571,3,2,1,select_coverage,4.0,DAC,636,4998,,,636,4998,2,27648
936,3,76,National Poll on Healthy Aging (NPHA),571,3,2,1,select_coverage,4.0,exact,636,4998,635.0,4992.0,198,1643,2,66876
936,3,76,National Poll on Healthy Aging (NPHA),571,3,2,1,select_coverage_CBA_M1,,DAC,134,1153,,,134,1153,2,6244
936,3,76,National Poll on Healthy Aging (NPHA),571,3,2,1,select_coverage_CBA_M1,,exact,134,1153,134.0,1153.0,48,416,2,15200
936,3,76,National Poll on Healthy Aging (NPHA),571,3,2,2,select_coverage,1.0,exact,219,1716,219.0,1716.0,60,498,2,22752
936,3,76,National Poll on Healthy Aging (NPHA),571,3,2,2,select_coverage,2.0,exact,382,3024,382.0,3024.0,118,985,2,40380
936,3,76,National Poll on Healthy Aging (NPHA),571,3,2,2,select_coverage,3.0,exact,513,4044,513.0,4044.0,159,1317,2,54060
936,3,76,National Poll on Healthy Aging (NPHA),571,3,2,2,select_coverage,4.0,exact,637,5007,636.0,5001.0,199,1652,2,67016
936,3,76,National Poll on Healthy Aging (NPHA),571,3,2,2,select_coverage_CBA_M1,,exact,134,1153,134.0,1153.0,48,416,2,15200
936,3,100,National Poll on Healthy Aging (NPHA),571,3,2,1,select_coverage,1.0,DAC,238,1756,,,238,1756,2,9904
936,3,100,National Poll on Healthy Aging (NPHA),571,3,2,1,select_coverage,1.0,exact,238,1756,238.0,1756.0,79,595,2,24068
936,3,100,National Poll on Healthy Aging (NPHA),571,3,2,1,select_coverage,2.0,DAC,436,3266,,,435,3263,2,18320
936,3,100,National Poll on Healthy Aging (NPHA),571,3,2,1,select_coverage,2.0,exact,436,3266,435.0,3263.0,130,979,2,43976
936,3,100,National Poll on Healthy Aging (NPHA),571,3,2,1,select_coverage,3.0,DAC,585,4391,,,584,4388,2,24608
936,3,100,National Poll on Healthy Aging (NPHA),571,3,2,1,select_coverage,3.0,exact,585,4391,583.0,4378.0,172,1299,2,58952
936,3,100,National Poll on Healthy Aging (NPHA),571,3,2,1,select_coverage,4.0,DAC,709,5313,,,708,5310,2,29784
936,3,100,National Poll on Healthy Aging (NPHA),571,3,2,1,select_coverage,4.0,exact,709,5313,706.0,5292.0,213,1605,2,71456
936,3,100,National Poll on Healthy Aging (NPHA),571,3,2,1,select_coverage_CBA_M1,,DAC,167,1318,,,167,1318,2,7300
936,3,100,National Poll on Healthy Aging (NPHA),571,3,2,1,select_coverage_CBA_M1,,exact,167,1318,167.0,1318.0,65,511,2,17956
936,3,100,National Poll on Healthy Aging (NPHA),571,3,2,2,select_coverage,1.0,exact,238,1756,238.0,1756.0,79,595,2,24068
936,3,100,National Poll on Healthy Aging (NPHA),571,3,2,2,select_coverage,2.0,exact,436,3266,435.0,3263.0,130,979,2,43976
936,3,100,National Poll on Healthy Aging (NPHA),571,3,2,2,select_coverage,3.0,exact,585,4391,583.0,4378.0,172,1299,2,58952
936,3,100,National Poll on Healthy Aging (NPHA),571,3,2,2,select_coverage,4.0,exact,707,5299,704.0,5278.0,212,1598,2,71252
936,3,100,National Poll on Healthy Aging (NPHA),571,3,2,2,select_coverage_CBA_M1,,exact,167,1318,167.0,1318.0,65,511,2,17956
936,3,114,National Poll on Healthy Aging (NPHA),571,3,2,1,select_coverage,1.0,DAC,231,1704,,,231,1704,2,9612
936,3,114,National Poll on Healthy Aging (NPHA),571,3,2,1,select_coverage,1.0,exact,231,1704,231.0,1704.0,80,623,2,23540
936,3,114,National Poll on Healthy Aging (NPHA),571,3,2,1,select_coverage,2.0,DAC,407,3026,,,407,3026,2,17012
936,3,114,National Poll on Healthy Aging (NPHA),571,3,2,1,select_coverage,2.0,exact,407,3026,407.0,3026.0,132,1050,2,41456
936,3,114,National Poll on Healthy Aging (NPHA),571,3,2,1,select_coverage,3.0,DAC,555,4095,,,553,4085,2,23064
936,3,114,National Poll on Healthy Aging (NPHA),571,3,2,1,select_coverage,3.0,exact,555,4095,553.0,4085.0,166,1302,2,55648
936,3,114,National Poll on Healthy Aging (NPHA),571,3,2,1,select_coverage,4.0,DAC,696,5145,,,694,5135,2,28956
936,3,114,National Poll on Healthy Aging (NPHA),571,3,2,1,select_coverage,4.0,exact,696,5145,694.0,5135.0,198,1550,2,69552
936,3,114,National Poll on Healthy Aging (NPHA),571,3,2,1,select_coverage_CBA_M1,,DAC,148,1171,,,148,1171,2,6484
936,3,114,National Poll on Healthy Aging (NPHA),571,3,2,1,select_coverage_CBA_M1,,exact,148,1171,148.0,1171.0,62,499,2,16124
936,3,114,National Poll on Healthy Aging (NPHA),571,3,2,2,select_coverage,1.0,exact,231,1704,231.0,1704.0,80,623,2,23540
936,3,114,National Poll on Healthy Aging (NPHA),571,3,2,2,select_coverage,2.0,exact,408,3038,408.0,3038.0,132,1050,2,41584
936,3,114,National Poll on Healthy Aging (NPHA),571,3,2,2,select_coverage,3.0,exact,557,4118,555.0,4108.0,166,1302,2,55896
936,3,114,National Poll on Healthy Aging (NPHA),571,3,2,2,select_coverage,4.0,exact,696,5145,694.0,5135.0,198,1550,2,69552
936,3,114,National Poll on Healthy Aging (NPHA),571,3,2,2,select_coverage_CBA_M1,,exact,148,1171,148.0,1171.0,62,499,2,16124
936,3,133,National Poll on Healthy Aging (NPHA),571,3,2,1,select_coverage,1.0,DAC,237,1804,,,237,1804,2,10084
936,3,133,National Poll on Healthy Aging (NPHA),571,3,2,1,select_coverage,1.0,exact,237,1804,237.0,1804.0,94,734,2,24976
936,3,133,National Poll on Healthy Aging (NPHA),571,3,2,1,select_coverage,2.0,DAC,430,3312,,,430,3312,2,18432
936,3,133,National Poll on Healthy Aging (NPHA),571,3,2,1,select_coverage,2.0,exact,430,3312,430.0,3312.0,166,1278,2,45392
936,3,133,National Poll on Healthy Aging (NPHA),571,3,2,1,select_coverage,3.0,DAC,600,4621,,,600,4621,2,25708
936,3,133,National Poll on Healthy Aging (NPHA),571,3,2,1,select_coverage,3.0,exact,600,4621,600.0,4621.0,231,1779,2,63308
936,3,133,National Poll on Healthy Aging (NPHA),571,3,2,1,select_coverage,4.0,DAC,738,5665,,,737,5658,2,31540
936,3,133,National Poll on Healthy Aging (NPHA),571,3,2,1,select_coverage,4.0,exact,738,5665,737.0,5658.0,284,2169,2,77576
936,3,133,National Poll on Healthy Aging (NPHA),571,3,2,1,select_coverage_CBA_M1,,DAC,168,1342,,,168,1342,2,7408
936,3,133,National Poll on Healthy Aging (NPHA),571,3,2,1,select_coverage_CBA_M1,,exact,168,1342,168.0,1342.0,69,567,2,18404
936,3,133,National Poll on Healthy Aging (NPHA),571,3,2,2,select_coverage,1.0,exact,237,1804,237.0,1804.0,94,734,2,24976
936,3,133,National Poll on Healthy Aging (NPHA),571,3,2,2,select_coverage,2.0,exact,430,3312,430.0,3312.0,166,1278,2,45392
936,3,133,National Poll on Healthy Aging (NPHA),571,3,2,2,select_coverage,3.0,exact,601,4629,601.0,4629.0,232,1787,2,63436
936,3,133,National Poll on Healthy Aging (NPHA),571,3,2,2,select_coverage,4.0,exact,738,5665,737.0,5658.0,284,2169,2,77576
936,3,133,National Poll on Healthy Aging (NPHA),571,3,2,2,select_coverage_CBA_M1,,exact,168,1342,168.0,1342.0,69,567,2,18404
936,3,138,National Poll on Healthy Aging (NPHA),571,3,2,1,select_coverage,1.0,DAC,238,1819,,,238,1819,2,10156
936,3,138,National Poll on Healthy Aging (NPHA),571,3,2,1,select_coverage,1.0,exact,238,1819,237.0,1811.0,75,592,2,24496
936,3,138,National Poll on Healthy Aging (NPHA),571,3,2,1,select_coverage,2.0,DAC,432,3345,,,432,3345,2,18588
936,3,138,National Poll on Healthy Aging (NPHA),571,3,2,1,select_coverage,2.0,exact,432,3345,431.0,3337.0,121,950,2,44344
936,3,138,National Poll on Healthy Aging (NPHA),571,3,2,1,select_coverage,3.0,DAC,579,4498,,,579,4498,2,24964
936,3,138,National Poll on Healthy Aging (NPHA),571,3,2,1,select_coverage,3.0,exact,579,4498,577.0,4483.0,155,1208,2,59244
936,3,138,National Poll on Healthy Aging (NPHA),571,3,2,1,select_coverage,4.0,DAC,727,5649,,,727,5649,2,31344
936,3,138,National Poll on Healthy Aging (NPHA),571,3,2,1,select_coverage,4.0,exact,727,5649,725.0,5634.0,197,1514,2,74412
936,3,138,National Poll on Healthy Aging (NPHA),571,3,2,1,select_coverage_CBA_M1,,DAC,161,1318,,,161,1318,2,7228
936,3,138,National Poll on Healthy Aging (NPHA),571,3,2,1,select_coverage_CBA_M1,,exact,161,1318,161.0,1318.0,66,534,2,17856
936,3,138,National Poll on Healthy Aging (NPHA),571,3,2,2,select_coverage,1.0,exact,238,1819,237.0,1811.0,75,592,2,24496
936,3,138,National Poll on Healthy Aging (NPHA),571,3,2,2,select_coverage,2.0,exact,432,3345,431.0,3337.0,121,950,2,44344
936,3,138,National Poll on Healthy Aging (NPHA),571,3,2,2,select_coverage,3.0,exact,579,4498,577.0,4483.0,155,1208,2,59244
936,3,138,National Poll on Healthy Aging (NPHA),571,3,2,2,select_coverage,4.0,exact,727,5649,725.0,5634.0,197,1514,2,74412
936,3,138,National Poll on Healthy Aging (NPHA),571,3,2,2,select_coverage_CBA_M1,,exact,161,1318,161.0,1318.0,66,534,2,17856
936,3,148,National Poll on Healthy Aging (NPHA),571,3,2,1,select_coverage,1.0,DAC,218,1645,,,217,1641,2,9220
936,3,148,National Poll on Healthy Aging (NPHA),571,3,2,1,select_coverage,1.0,exact,218,1645,217.0,1641.0,65,497,2,22100
936,3,148,National Poll on Healthy Aging (NPHA),571,3,2,1,select_coverage,2.0,DAC,398,3062,,,397,3058,2,17048
936,3,148,National Poll on Healthy Aging (NPHA),571,3,2,1,select_coverage,2.0,exact,398,3062,397.0,3058.0,109,829,2,40524
936,3,148,National Poll on Healthy Aging (NPHA),571,3,2,1,select_coverage,3.0,DAC,550,4248,,,549,4244,2,23616
936,3,148,National Poll on Healthy Aging (NPHA),571,3,2,1,select_coverage,3.0,exact,550,4248,549.0,4244.0,138,1074,2,55856
936,3,148,National Poll on Healthy Aging (NPHA),571,3,2,1,select_coverage,4.0,DAC,663,5088,,,660,5073,2,28332
936,3,148,National Poll on Healthy Aging (NPHA),571,3,2,1,select_coverage,4.0,exact,663,5088,658.0,5056.0,160,1235,2,66596
936,3,148,National Poll on Healthy Aging (NPHA),571,3,2,1,select_coverage_CBA_M1,,DAC,145,1174,,,145,1174,2,6460
936,3,148,National Poll on Healthy Aging (NPHA),571,3,2,1,select_coverage_CBA_M1,,exact,145,1174,145.0,1174.0,50,407,2,15684
936,3,148,National Poll on Healthy Aging (NPHA),571,3,2,2,select_coverage,1.0,exact,218,1645,217.0,1641.0,65,497,2,22100
936,3,148,National Poll on Healthy Aging (NPHA),571,3,2,2,select_coverage,2.0,exact,398,3062,397.0,3058.0,109,829,2,40524
936,3,148,National Poll on Healthy Aging (NPHA),571,3,2,2,select_coverage,3.0,exact,550,4248,549.0,4244.0,138,1074,2,55856
936,3,148,National Poll on Healthy Aging (NPHA),571,3,2,2,select_coverage,4.0,exact,663,5088,658.0,5056.0,160,1235,2,66596
936,3,148,National Poll on Healthy Aging (NPHA),571,3,2,2,select_coverage_CBA_M1,,exact,145,1174,145.0,1174.0,50,407,2,15684
936,4,5,National Poll on Healthy Aging (NPHA),571,3,2,1,select_coverage,1.0,DAC,225,1675,,,225,1675,2,9432
936,4,5,National Poll on Healthy Aging (NPHA),571,3,2,1,select_coverage,1.0,exact,225,1675,225.0,1675.0,63,460,2,22464
936,4,5,National Poll on Healthy Aging (NPHA),571,3,2,1,select_coverage,2.0,DAC,393,2984,,,391,2973,2,16684
936,4,5,National Poll on Healthy Aging (NPHA),571,3,2,1,select_coverage,2.0,exact,393,2984,391.0,2973.0,114,877,2,39872
936,4,5,National Poll on Healthy Aging (NPHA),571,3,2,1,select_coverage,3.0,DAC,532,4039,,,530,4028,2,22572
936,4,5,National Poll on Healthy Aging (NPHA),571,3,2,1,select_coverage,3.0,exact,532,4039,530.0,4028.0,153,1197,2,54040
936,4,5,National Poll on Healthy Aging (NPHA),571,3,2,1,select_coverage,4.0,DAC,654,4910,,,649,4883,2,27520
936,4,5,National Poll on Healthy Aging (NPHA),571,3,2,1,select_coverage,4.0,exact,654,4910,649.0,4883.0,183,1408,2,65596
936,4,5,National Poll on Healthy Aging (NPHA),571,3,2,1,select_coverage_CBA_M1,,DAC,129,1085,,,129,1085,2,5920
936,4,5,National Poll on Healthy Aging (NPHA),571,3,2,1,select_coverage_CBA_M1,,exact,129,1085,129.0,1085.0,43,351,2,14236
936,4,5,National Poll on Healthy Aging (NPHA),571,3,2,2,select_coverage,1.0,exact,225,1675,225.0,1675.0,63,460,2,22464
936,4,5,National Poll on Healthy Aging (NPHA),571,3,2,2,select_coverage,2.0,exact,393,2984,391.0,2973.0,114,877,2,39872
936,4,5,National Poll on Healthy Aging (NPHA),571,3,2,2,select_coverage,3.0,exact,532,4039,530.0,4028.0,153,1197,2,54040
936,4,5,National Poll on Healthy Aging (NPHA),571,3,2,2,select_coverage,4.0,exact,654,4910,649.0,4883.0,183,1408,2,65596
936,4,5,National Poll on Healthy Aging (NPHA),571,3,2,2,select_coverage_CBA_M1,,exact,129,1085,129.0,1085.0,43,351,2,14236
936,4,14,National Poll on Healthy Aging (NPHA),571,3,2,1,select_coverage,1.0,DAC,220,1677,,,220,1677,2,9380
936,4,14,National Poll on Healthy Aging (NPHA),571,3,2,1,select_coverage,1.0,exact,220,1677,220.0,1677.0,59,460,2,22320
936,4,14,National Poll on Healthy Aging (NPHA),571,3,2,1,select_coverage,2.0,DAC,378,2891,,,376,2879,2,16132
936,4,14,National Poll on Healthy Aging (NPHA),571,3,2,1,select_coverage,2.0,exact,378,2891,375.0,2869.0,96,751,2,38068
936,4,14,National Poll on Healthy Aging (NPHA),571,3,2,1,select_coverage,3.0,DAC,508,3902,,,506,3890,2,21736
936,4,14,National Poll on Healthy Aging (NPHA),571,3,2,1,select_coverage,3.0,exact,508,3902,505.0,3880.0,125,966,2,51176
936,4,14,National Poll on Healthy Aging (NPHA),571,3,2,1,select_coverage,4.0,DAC,610,4644,,,608,4632,2,25928
936,4,14,National Poll on Healthy Aging (NPHA),571,3,2,1,select_coverage,4.0,exact,610,4644,607.0,4622.0,148,1135,2,61052
936,4,14,National Poll on Healthy Aging (NPHA),571,3,2,1,select_coverage_CBA_M1,,DAC,170,1367,,,170,1367,2,7540
936,4,14,National Poll on Healthy Aging (NPHA),571,3,2,1,select_coverage_CBA_M1,,exact,170,1367,170.0,1367.0,52,425,2,18100
936,4,14,National Poll on Healthy Aging (NPHA),571,3,2,2,select_coverage,1.0,exact,220,1677,220.0,1677.0,59,460,2,22320
936,4,14,National Poll on Healthy Aging (NPHA),571,3,2,2,select_coverage,2.0,exact,379,2899,376.0,2877.0,96,751,2,38164
936,4,14,National Poll on Healthy Aging (NPHA),571,3,2,2,select_coverage,3.0,exact,509,3910,506.0,3888.0,125,966,2,51272
936,4,14,National Poll on Healthy Aging (NPHA),571,3,2,2,select_coverage,4.0,exact,610,4644,607.0,4622.0,148,1135,2,61052
936,4,14,National Poll on Healthy Aging (NPHA),571,3,2,2,select_coverage_CBA_M1,,exact,173,1393,173.0,1393.0,52,425,2,18404
936,4,17,National Poll on Healthy Aging (NPHA),571,3,2,1,select_coverage,1.0,DAC,230,1726,,,230,1726,2,9696
936,4,17,National Poll on Healthy Aging (NPHA),571,3,2,1,select_coverage,1.0,exact,230,1726,230.0,1726.0,68,502,2,23200
936,4,17,National Poll on Healthy Aging (NPHA),571,3,2,1,select_coverage,2.0,DAC,399,3029,,,398,3022,2,16936
936,4,17,National Poll on Healthy Aging (NPHA),571,3,2,1,select_coverage,2.0,exact,399,3029,398.0,3022.0,111,836,2,40308
936,4,17,National Poll on Healthy Aging (NPHA),571,3,2,1,select_coverage,3.0,DAC,535,4057,,,534,4050,2,22680
936,4,17,National Poll on Healthy Aging (NPHA),571,3,2,1,select_coverage,3.0,exact,535,4057,534.0,4050.0,151,1149,2,54136
936,4,17,National Poll on Healthy Aging (NPHA),571,3,2,1,select_coverage,4.0,DAC,647,4891,,,645,4879,2,27360
936,4,17,National Poll on Healthy Aging (NPHA),571,3,2,1,select_coverage,4.0,exact,647,4891,645.0,4879.0,182,1386,2,65288
936,4,17,National Poll on Healthy Aging (NPHA),571,3,2,1,select_coverage_CBA_M1,,DAC,141,1140,,,141,1140,2,6284
936,4,17,National Poll on Healthy Aging (NPHA),571,3,2,1,select_coverage_CBA_M1,,exact,141,1140,141.0,1140.0,50,397,2,15244
936,4,17,National Poll on Healthy Aging (NPHA),571,3,2,2,select_coverage,1.0,exact,229,1717,229.0,1717.0,68,502,2,23096
936,4,17,National Poll on Healthy Aging (NPHA),571,3,2,2,select_coverage,2.0,exact,399,3029,398.0,3022.0,111,836,2,40308
936,4,17,National Poll on Healthy Aging (NPHA),571,3,2,2,select_coverage,3.0,exact,535,4057,534.0,4050.0,151,1149,2,54136
936,4,17,National Poll on Healthy Aging (NPHA),571,3,2,2,select_coverage,4.0,exact,647,4891,645.0,4879.0,182,1386,2,65288
936,4,17,National Poll on Healthy Aging (NPHA),571,3,2,2,select_coverage_CBA_M1,,exact,141,1140,141.0,1140.0,50,397,2,15244
936,4,19,National Poll on Healthy Aging (NPHA),571,3,2,1,select_coverage,1.0,DAC,233,1728,,,232,1725,2,9740
936,4,19,National Poll on Healthy Aging (NPHA),571,3,2,1,select_coverage,1.0,exact,233,1728,232.0,1725.0,79,601,2,23664
936,4,19,National Poll on Healthy Aging (NPHA),571,3,2,1,select_coverage,2.0,DAC,419,3159,,,417,3154,2,17696
936,4,19,National Poll on Healthy Aging (NPHA),571,3,2,1,select_coverage,2.0,exact,419,3159,417.0,3154.0,136,1049,2,42816
936,4,19,National Poll on Healthy Aging (NPHA),571,3,2,1,select_coverage,3.0,DAC,555,4188,,,553,4183,2,23444
936,4,19,National Poll on Healthy Aging (NPHA),571,3,2,1,select_coverage,3.0,exact,555,4188,553.0,4183.0,169,1303,2,56416
936,4,19,National Poll on Healthy Aging (NPHA),571,3,2,1,select_coverage,4.0,DAC,669,5074,,,667,5069,2,28356
936,4,19,National Poll on Healthy Aging (NPHA),571,3,2,1,select_coverage,4.0,exact,669,5074,667.0,5069.0,197,1524,2,68036
936,4,19,National Poll on Healthy Aging (NPHA),571,3,2,1,select_coverage_CBA_M1,,DAC,164,1317,,,164,1317,2,7268
936,4,19,National Poll on Healthy Aging (NPHA),571,3,2,1,select_coverage_CBA_M1,,exact,164,1317,164.0,1317.0,63,512,2,17856
936,4,19,National Poll on Healthy Aging (NPHA),571,3,2,2,select_coverage,1.0,exact,233,1728,232.0,1725.0,79,601,2,23664
936,4,19,National Poll on Healthy Aging (NPHA),571,3,2,2,select_coverage,2.0,exact,419,3159,417.0,3154.0,136,1049,2,42816
936,4,19,National Poll on Healthy Aging (NPHA),571,3,2,2,select_coverage,3.0,exact,555,4188,553.0,4183.0,169,1303,2,56416
936,4,19,National Poll on Healthy Aging (NPHA),571,3,2,2,select_coverage,4.0,exact,669,5074,667.0,5069.0,197,1524,2,68036
936,4,19,National Poll on Healthy Aging (NPHA),571,3,2,2,select_coverage_CBA_M1,,exact,164,1317,164.0,1317.0,63,512,2,17856
936,4,29,National Poll on Healthy Aging (NPHA),571,3,2,1,select_coverage,1.0,DAC,227,1656,,,227,1656,2,9380
936,4,29,National Poll on Healthy Aging (NPHA),571,3,2,1,select_coverage,1.0,exact,227,1656,227.0,1656.0,54,410,2,22176
936,4,29,National Poll on Healthy Aging (NPHA),571,3,2,1,select_coverage,2.0,DAC,408,3020,,,408,3020,2,17008
936,4,29,National Poll on Healthy Aging (NPHA),571,3,2,1,select_coverage,2.0,exact,408,3020,407.0,3013.0,109,824,2,40476
936,4,29,National Poll on Healthy Aging (NPHA),571,3,2,1,select_coverage,3.0,DAC,545,4052,,,545,4052,2,22780
936,4,29,National Poll on Healthy Aging (NPHA),571,3,2,1,select_coverage,3.0,exact,545,4052,543.0,4039.0,147,1110,2,54204
936,4,29,National Poll on Healthy Aging (NPHA),571,3,2,1,select_coverage,4.0,DAC,652,4862,,,648,4844,2,27304
936,4,29,National Poll on Healthy Aging (NPHA),571,3,2,1,select_coverage,4.0,exact,652,4862,646.0,4831.0,177,1342,2,64836
936,4,29,National Poll on Healthy Aging (NPHA),571,3,2,1,select_coverage_CBA_M1,,DAC,144,1151,,,144,1151,2,6364
936,4,29,National Poll on Healthy Aging (NPHA),571,3,2,1,select_coverage_CBA_M1,,exact,144,1151,144.0,1151.0,41,335,2,15180
936,4,29,National Poll on Healthy Aging (NPHA),571,3,2,2,select_coverage,1.0,exact,227,1656,227.0,1656.0,54,410,2,22176
936,4,29,National Poll on Healthy Aging (NPHA),571,3,2,2,select_coverage,2.0,exact,408,3020,407.0,3013.0,109,824,2,40476
936,4,29,National Poll on Healthy Aging (NPHA),571,3,2,2,select_coverage,3.0,exact,545,4052,543.0,4039.0,147,1110,2,54204
936,4,29,National Poll on Healthy Aging (NPHA),571,3,2,2,select_coverage,4.0,exact,652,4862,646.0,4831.0,177,1342,2,64836
936,4,29,National Poll on Healthy Aging (NPHA),571,3,2,2,select_coverage_CBA_M1,,exact,144,1151,144.0,1151.0,41,335,2,15180
936,4,31,National Poll on Healthy Aging (NPHA),571,3,2,1,select_coverage,1.0,DAC,228,1710,,,228,1710,2,9608
936,4,31,National Poll on Healthy Aging (NPHA),571,3,2,1,select_coverage,1.0,exact,228,1710,228.0,1710.0,72,527,2,23108
936,4,31,National Poll on Healthy Aging (NPHA),571,3,2,1,select_coverage,2.0,DAC,403,3091,,,403,3091,2,17232
936,4,31,National Poll on Healthy Aging (NPHA),571,3,2,1,select_coverage,2.0,exact,403,3091,403.0,3091.0,118,876,2,41152
936,4,31,National Poll on Healthy Aging (NPHA),571,3,2,1,select_coverage,3.0,DAC,545,4151,,,545,4151,2,23176
936,4,31,National Poll on Healthy Aging (NPHA),571,3,2,1,select_coverage,3.0,exact,545,4151,544.0,4143.0,158,1172,2,55296
936,4,31,National Poll on Healthy Aging (NPHA),571,3,2,1,select_coverage,4.0,DAC,673,5139,,,673,5139,2,28664
936,4,31,National Poll on Healthy Aging (NPHA),571,3,2,1,select_coverage,4.0,exact,673,5139,672.0,5131.0,191,1438,2,68360
936,4,31,National Poll on Healthy Aging (NPHA),571,3,2,1,select_coverage_CBA_M1,,DAC,149,1197,,,149,1197,2,6608
936,4,31,National Poll on Healthy Aging (NPHA),571,3,2,1,select_coverage_CBA_M1,,exact,149,1197,149.0,1197.0,55,431,2,16092
936,4,31,National Poll on Healthy Aging (NPHA),571,3,2,2,select_coverage,1.0,exact,228,1710,228.0,1710.0,72,527,2,23108
936,4,31,National Poll on Healthy Aging (NPHA),571,3,2,2,select_coverage,2.0,exact,403,3091,403.0,3091.0,118,876,2,41152
936,4,31,National Poll on Healthy Aging (NPHA),571,3,2,2,select_coverage,3.0,exact,545,4151,544.0,4143.0,158,1172,2,55296
936,4,31,National Poll on Healthy Aging (NPHA),571,3,2,2,select_coverage,4.0,exact,673,5139,672.0,5131.0,191,1438,2,68360
936,4,31,National Poll on Healthy Aging (NPHA),571,3,2,2,select_coverage_CBA_M1,,exact,149,1197,149.0,1197.0,55,431,2,16092
936,4,34,National Poll on Healthy Aging (NPHA),571,3,2,1,select_coverage,1.0,DAC,222,1610,,,222,1610,2,9136
936,4,34,National Poll on Healthy Aging (NPHA),571,3,2,1,select_coverage,1.0,exact,222,1610,222.0,1610.0,60,445,2,21788
936,4,34,National Poll on Healthy Aging (NPHA),571,3,2,1,select_coverage,2.0,DAC,405,2954,,,404,2951,2,16708
936,4,34,National Poll on Healthy Aging (NPHA),571,3,2,1,select_coverage,2.0,exact,405,2954,404.0,2951.0,102,771,2,39656
936,4,34,National Poll on Healthy Aging (NPHA),571,3,2,1,select_coverage,3.0,DAC,537,3911,,,536,3908,2,22120
936,4,34,National Poll on Healthy Aging (NPHA),571,3,2,1,select_coverage,3.0,exact,537,3911,534.0,3893.0,131,987,2,52276
936,4,34,National Poll on Healthy Aging (NPHA),571,3,2,1,select_coverage,4.0,DAC,663,4802,,,662,4799,2,27196
936,4,34,National Poll on Healthy Aging (NPHA),571,3,2,1,select_coverage,4.0,exact,663,4802,660.0,4784.0,156,1165,2,64148
936,4,34,National Poll on Healthy Aging (NPHA),571,3,2,1,select_coverage_CBA_M1,,DAC,141,1121,,,141,1121,2,6208
936,4,34,National Poll on Healthy Aging (NPHA),571,3,2,1,select_coverage_CBA_M1,,exact,141,1121,141.0,1121.0,47,386,2,15048
936,4,34,National Poll on Healthy Aging (NPHA),571,3,2,2,select_coverage,1.0,exact,222,1610,222.0,1610.0,60,445,2,21788
936,4,34,National Poll on Healthy Aging (NPHA),571,3,2,2,select_coverage,2.0,exact,405,2954,404.0,2951.0,102,771,2,39656
936,4,34,National Poll on Healthy Aging (NPHA),571,3,2,2,select_coverage,3.0,exact,537,3911,534.0,3893.0,131,987,2,52276
936,4,34,National Poll on Healthy Aging (NPHA),571,3,2,2,select_coverage,4.0,exact,663,4802,660.0,4784.0,156,1165,2,64148
936,4,34,National Poll on Healthy Aging (NPHA),571,3,2,2,select_coverage_CBA_M1,,exact,141,1121,141.0,1121.0,47,386,2,15048
936,4,42,National Poll on Healthy Aging (NPHA),571,3,2,1,select_coverage,1.0,DAC,226,1678,,,226,1678,2,9456
936,4,42,National Poll on Healthy Aging (NPHA),571,3,2,1,select_coverage,1.0,exact,226,1678,226.0,1678.0,79,626,2,23184
936,4,42,National Poll on Healthy Aging (NPHA),571,3,2,1,select_coverage,2.0,DAC,393,2964,,,393,2964,2,16604
936,4,42,National Poll on Healthy Aging (NPHA),571,3,2,1,select_coverage,2.0,exact,393,2964,393.0,2964.0,129,1031,2,40436
936,4,42,National Poll on Healthy Aging (NPHA),571,3,2,1,select_coverage,3.0,DAC,521,3932,,,521,3932,2,22012
936,4,42,National Poll on Healthy Aging (NPHA),571,3,2,1,select_coverage,3.0,exact,521,3932,521.0,3932.0,170,1341,2,53516
936,4,42,National Poll on Healthy Aging (NPHA),571,3,2,1,select_coverage,4.0,DAC,622,4666,,,622,4666,2,26160
936,4,42,National Poll on Healthy Aging (NPHA),571,3,2,1,select_coverage,4.0,exact,622,4666,622.0,4666.0,194,1513,2,63308
936,4,42,National Poll on Healthy Aging (NPHA),571,3,2,1,select_coverage_CBA_M1,,DAC,138,1131,,,138,1131,2,6212
936,4,42,National Poll on Healthy Aging (NPHA),571,3,2,1,select_coverage_CBA_M1,,exact,138,1131,138.0,1131.0,61,508,2,15520
936,4,42,National Poll on Healthy Aging (NPHA),571,3,2,2,select_coverage,1.0,exact,226,1678,226.0,1678.0,79,626,2,23184
936,4,42,National Poll on Healthy Aging (NPHA),571,3,2,2,select_coverage,2.0,exact,393,2964,393.0,2964.0,129,1031,2,40436
936,4,42,National Poll on Healthy Aging (NPHA),571,3,2,2,select_coverage,3.0,exact,521,3932,521.0,3932.0,170,1341,2,53516
936,4,42,National Poll on Healthy Aging (NPHA),571,3,2,2,select_coverage,4.0,exact,622,4666,622.0,4666.0,194,1513,2,63308
936,4,42,National Poll on Healthy Aging (NPHA),571,3,2,2,select_coverage_CBA_M1,,exact,138,1131,138.0,1131.0,61,508,2,15520
936,4,49,National Poll on Healthy Aging (NPHA),571,3,2,1,select_coverage,1.0,DAC,233,1710,,,233,1710,2,9668
936,4,49,National Poll on Healthy Aging (NPHA),571,3,2,1,select_coverage,1.0,exact,233,1710,233.0,1710.0,79,593,2,23532
936,4,49,National Poll on Healthy Aging (NPHA),571,3,2,1,select_coverage,2.0,DAC,421,3164,,,421,3164,2,17740
936,4,49,National Poll on Healthy Aging (NPHA),571,3,2,1,select_coverage,2.0,exact,421,3164,421.0,3164.0,137,1083,2,43140
936,4,49,National Poll on Healthy Aging (NPHA),571,3,2,1,select_coverage,3.0,DAC,569,4302,,,568,4297,2,24068
936,4,49,National Poll on Healthy Aging (NPHA),571,3,2,1,select_coverage,3.0,exact,569,4302,568.0,4297.0,172,1363,2,58048
936,4,49,National Poll on Healthy Aging (NPHA),571,3,2,1,select_coverage,4.0,DAC,688,5197,,,687,5192,2,29076
936,4,49,National Poll on Healthy Aging (NPHA),571,3,2,1,select_coverage,4.0,exact,688,5197,687.0,5192.0,202,1604,2,69980
936,4,49,National Poll on Healthy Aging (NPHA),571,3,2,1,select_coverage_CBA_M1,,DAC,146,1189,,,146,1189,2,6540
936,4,49,National Poll on Healthy Aging (NPHA),571,3,2,1,select_coverage_CBA_M1,,exact,146,1189,146.0,1189.0,58,475,2,16108
936,4,49,National Poll on Healthy Aging (NPHA),571,3,2,2,select_coverage,1.0,exact,233,1710,233.0,1710.0,79,593,2,23532
936,4,49,National Poll on Healthy Aging (NPHA),571,3,2,2,select_coverage,2.0,exact,421,3164,421.0,3164.0,137,1083,2,43140
936,4,49,National Poll on Healthy Aging (NPHA),571,3,2,2,select_coverage,3.0,exact,569,4302,568.0,4297.0,172,1363,2,58048
936,4,49,National Poll on Healthy Aging (NPHA),571,3,2,2,select_coverage,4.0,exact,688,5197,687.0,5192.0,202,1604,2,69980
936,4,49,National Poll on Healthy Aging (NPHA),571,3,2,2,select_coverage_CBA_M1,,exact,146,1189,146.0,1189.0,58,475,2,16108
936,4,63,National Poll on Healthy Aging (NPHA),571,3,2,1,select_coverage,1.0,DAC,233,1733,,,233,1733,2,9760
936,4,63,National Poll on Healthy Aging (NPHA),571,3,2,1,select_coverage,1.0,exact,233,1733,233.0,1733.0,70,547,2,23532
936,4,63,National Poll on Healthy Aging (NPHA),571,3,2,1,select_coverage,2.0,DAC,425,3179,,,424,3176,2,17848
936,4,63,National Poll on Healthy Aging (NPHA),571,3,2,1,select_coverage,2.0,exact,425,3179,423.0,3165.0,122,969,2,42812
936,4,63,National Poll on Healthy Aging (NPHA),571,3,2,1,select_coverage,3.0,DAC,583,4379,,,579,4360,2,24544
936,4,63,National Poll on Healthy Aging (NPHA),571,3,2,1,select_coverage,3.0,exact,583,4379,578.0,4349.0,165,1307,2,58660
936,4,63,National Poll on Healthy Aging (NPHA),571,3,2,1,select_coverage,4.0,DAC,729,5448,,,723,5421,2,30572
936,4,63,National Poll on Healthy Aging (NPHA),571,3,2,1,select_coverage,4.0,exact,729,5448,722.0,5410.0,206,1625,2,73060
936,4,63,National Poll on Healthy Aging (NPHA),571,3,2,1,select_coverage_CBA_M1,,DAC,153,1238,,,153,1238,2,6820
936,4,63,National Poll on Healthy Aging (NPHA),571,3,2,1,select_coverage_CBA_M1,,exact,153,1238,153.0,1238.0,55,463,2,16676
936,4,63,National Poll on Healthy Aging (NPHA),571,3,2,2,select_coverage,1.0,exact,233,1736,233.0,1736.0,71,559,2,23604
936,4,63,National Poll on Healthy Aging (NPHA),571,3,2,2,select_coverage,2.0,exact,425,3179,423.0,3165.0,122,969,2,42812
936,4,63,National Poll on Healthy Aging (NPHA),571,3,2,2,select_coverage,3.0,exact,583,4379,578.0,4349.0,165,1307,2,58660
936,4,63,National Poll on Healthy Aging (NPHA),571,3,2,2,select_coverage,4.0,exact,729,5448,722.0,5410.0,206,1625,2,73060
936,4,63,National Poll on Healthy Aging (NPHA),571,3,2,2,select_coverage_CBA_M1,,exact,153,1238,153.0,1238.0,55,463,2,16676
936,4,64,National Poll on Healthy Aging (NPHA),571,3,2,1,select_coverage,1.0,DAC,217,1598,,,217,1598,2,9028
936,4,64,National Poll on Healthy Aging (NPHA),571,3,2,1,select_coverage,1.0,exact,217,1598,217.0,1598.0,59,436,2,21496
936,4,64,National Poll on Healthy Aging (NPHA),571,3,2,1,select_coverage,2.0,DAC,381,2837,,,381,2837,2,15952
936,4,64,National Poll on Healthy Aging (NPHA),571,3,2,1,select_coverage,2.0,exact,381,2837,381.0,2837.0,102,778,2,38024
936,4,64,National Poll on Healthy Aging (NPHA),571,3,2,1,select_coverage,3.0,DAC,496,3702,,,495,3691,2,20792
936,4,64,National Poll on Healthy Aging (NPHA),571,3,2,1,select_coverage,3.0,exact,496,3702,495.0,3691.0,132,1019,2,49512
936,4,64,National Poll on Healthy Aging (NPHA),571,3,2,1,select_coverage,4.0,DAC,603,4524,,,602,4513,2,25364
936,4,64,National Poll on Healthy Aging (NPHA),571,3,2,1,select_coverage,4.0,exact,603,4524,602.0,4513.0,158,1229,2,60352
936,4,64,National Poll on Healthy Aging (NPHA),571,3,2,1,select_coverage_CBA_M1,,DAC,148,1180,,,148,1180,2,6528
936,4,64,National Poll on Healthy Aging (NPHA),571,3,2,1,select_coverage_CBA_M1,,exact,148,1180,148.0,1180.0,48,373,2,15692
936,4,64,National Poll on Healthy Aging (NPHA),571,3,2,2,select_coverage,1.0,exact,217,1598,217.0,1598.0,59,436,2,21496
936,4,64,National Poll on Healthy Aging (NPHA),571,3,2,2,select_coverage,2.0,exact,381,2840,381.0,2840.0,102,778,2,38048
936,4,64,National Poll on Healthy Aging (NPHA),571,3,2,2,select_coverage,3.0,exact,497,3708,496.0,3697.0,132,1019,2,49592
936,4,64,National Poll on Healthy Aging (NPHA),571,3,2,2,select_coverage,4.0,exact,604,4530,603.0,4519.0,158,1229,2,60432
936,4,64,National Poll on Healthy Aging (NPHA),571,3,2,2,select_coverage_CBA_M1,,exact,148,1180,148.0,1180.0,48,373,2,15692
936,4,65,National Poll on Healthy Aging (NPHA),571,3,2,1,select_coverage,1.0,DAC,248,1767,,,247,1764,2,10076
936,4,65,National Poll on Healthy Aging (NPHA),571,3,2,1,select_coverage,1.0,exact,248,1767,247.0,1764.0,73,559,2,24288
936,4,65,National Poll on Healthy Aging (NPHA),571,3,2,1,select_coverage,2.0,DAC,452,3324,,,451,3321,2,18752
936,4,65,National Poll on Healthy Aging (NPHA),571,3,2,1,select_coverage,2.0,exact,452,3324,451.0,3321.0,119,920,2,44716
936,4,65,National Poll on Healthy Aging (NPHA),571,3,2,1,select_coverage,3.0,DAC,610,4514,,,607,4500,2,25408
936,4,65,National Poll on Healthy Aging (NPHA),571,3,2,1,select_coverage,3.0,exact,610,4514,607.0,4500.0,162,1265,2,60564
936,4,65,National Poll on Healthy Aging (NPHA),571,3,2,1,select_coverage,4.0,DAC,757,5616,,,754,5602,2,31580
936,4,65,National Poll on Healthy Aging (NPHA),571,3,2,1,select_coverage,4.0,exact,757,5616,754.0,5602.0,193,1500,2,75024
936,4,65,National Poll on Healthy Aging (NPHA),571,3,2,1,select_coverage_CBA_M1,,DAC,158,1233,,,158,1233,2,6860
936,4,65,National Poll on Healthy Aging (NPHA),571,3,2,1,select_coverage_CBA_M1,,exact,158,1233,158.0,1233.0,53,432,2,16672
936,4,65,National Poll on Healthy Aging (NPHA),571,3,2,2,select_coverage,1.0,exact,248,1767,247.0,1764.0,73,559,2,24288
936,4,65,National Poll on Healthy Aging (NPHA),571,3,2,2,select_coverage,2.0,exact,453,3333,452.0,3330.0,119,920,2,44820
936,4,65,National Poll on Healthy Aging (NPHA),571,3,2,2,select_coverage,3.0,exact,610,4514,607.0,4500.0,162,1265,2,60564
936,4,65,National Poll on Healthy Aging (NPHA),571,3,2,2,select_coverage,4.0,exact,758,5624,755.0,5610.0,193,1500,2,75120
936,4,65,National Poll on Healthy Aging (NPHA),571,3,2,2,select_coverage_CBA_M1,,exact,158,1233,158.0,1233.0,53,432,2,16672
936,4,68,National Poll on Healthy Aging (NPHA),571,3,2,1,select_coverage,1.0,DAC,236,1721,,,235,1708,2,9748
936,4,68,National Poll on Healthy Aging (NPHA),571,3,2,1,select_coverage,1.0,exact,236,1721,235.0,1708.0,62,437,2,23008
936,4,68,National Poll on Healthy Aging (NPHA),571,3,2,1,select_coverage,2.0,DAC,439,3204,,,436,3181,2,18116
936,4,68,National Poll on Healthy Aging (NPHA),571,3,2,1,select_coverage,2.0,exact,439,3204,436.0,3181.0,124,903,2,43128
936,4,68,National Poll on Healthy Aging (NPHA),571,3,2,1,select_coverage,3.0,DAC,604,4411,,,601,4388,2,24924
936,4,68,National Poll on Healthy Aging (NPHA),571,3,2,1,select_coverage,3.0,exact,604,4411,601.0,4388.0,166,1203,2,59264
936,4,68,National Poll on Healthy Aging (NPHA),571,3,2,1,select_coverage,4.0,DAC,743,5384,,,740,5361,2,30484
936,4,68,National Poll on Healthy Aging (NPHA),571,3,2,1,select_coverage,4.0,exact,743,5384,740.0,5361.0,196,1416,2,72348
936,4,68,National Poll on Healthy Aging (NPHA),571,3,2,1,select_coverage_CBA_M1,,DAC,138,1125,,,137,1112,2,6188
936,4,68,National Poll on Healthy Aging (NPHA),571,3,2,1,select_coverage_CBA_M1,,exact,138,1125,137.0,1112.0,40,314,2,14612
936,4,68,National Poll on Healthy Aging (NPHA),571,3,2,2,select_coverage,1.0,exact,236,1721,235.0,1708.0,62,437,2,23008
936,4,68,National Poll on Healthy Aging (NPHA),571,3,2,2,select_coverage,2.0,exact,439,3204,436.0,3181.0,124,903,2,43128
936,4,68,National Poll on Healthy Aging (NPHA),571,3,2,2,select_coverage,3.0,exact,604,4411,601.0,4388.0,166,1203,2,59264
936,4,68,National Poll on Healthy Aging (NPHA),571,3,2,2,select_coverage,4.0,exact,743,5384,740.0,5361.0,196,1416,2,72348
936,4,68,National Poll on Healthy Aging (NPHA),571,3,2,2,select_coverage_CBA_M1,,exact,138,1125,137.0,1112.0,40,314,2,14612
936,4,74,National Poll on Healthy Aging (NPHA),571,3,2,1,select_coverage,1.0,DAC,212,1523,,,212,1523,2,8668
936,4,74,National Poll on Healthy Aging (NPHA),571,3,2,1,select_coverage,1.0,exact,212,1523,212.0,1523.0,55,391,2,20556
936,4,74,National Poll on Healthy Aging (NPHA),571,3,2,1,select_coverage,2.0,DAC,375,2773,,,375,2773,2,15624
936,4,74,National Poll on Healthy Aging (NPHA),571,3,2,1,select_coverage,2.0,exact,375,2773,375.0,2773.0,102,744,2,37184
936,4,74,National Poll on Healthy Aging (NPHA),571,3,2,1,select_coverage,3.0,DAC,508,3785,,,506,3775,2,21268
936,4,74,National Poll on Healthy Aging (NPHA),571,3,2,1,select_coverage,3.0,exact,508,3785,506.0,3775.0,132,986,2,50400
936,4,74,National Poll on Healthy Aging (NPHA),571,3,2,1,select_coverage,4.0,DAC,617,4580,,,614,4565,2,25756
936,4,74,National Poll on Healthy Aging (NPHA),571,3,2,1,select_coverage,4.0,exact,617,4580,614.0,4565.0,151,1109,2,60688
936,4,74,National Poll on Healthy Aging (NPHA),571,3,2,1,select_coverage_CBA_M1,,DAC,136,1071,,,136,1071,2,5948
936,4,74,National Poll on Healthy Aging (NPHA),571,3,2,1,select_coverage_CBA_M1,,exact,136,1071,136.0,1071.0,44,336,2,14288
936,4,74,National Poll on Healthy Aging (NPHA),571,3,2,2,select_coverage,1.0,exact,212,1525,212.0,1525.0,55,391,2,20572
936,4,74,National Poll on Healthy Aging (NPHA),571,3,2,2,select_coverage,2.0,exact,376,2781,376.0,2781.0,102,744,2,37280
936,4,74,National Poll on Healthy Aging (NPHA),571,3,2,2,select_coverage,3.0,exact,508,3786,506.0,3776.0,132,986,2,50408
936,4,74,National Poll on Healthy Aging (NPHA),571,3,2,2,select_coverage,4.0,exact,618,4588,615.0,4573.0,151,1109,2,60784
936,4,74,National Poll on Healthy Aging (NPHA),571,3,2,2,select_coverage_CBA_M1,,exact,136,1071,136.0,1071.0,44,336,2,14288
936,4,76,National Poll on Healthy Aging (NPHA),571,3,2,1,select_coverage,1.0,DAC,215,1634,,,215,1634,2,9148
936,4,76,National Poll on Healthy Aging (NPHA),571,3,2,1,select_coverage,1.0,exact,215,1634,215.0,1634.0,51,416,2,21640
936,4,76,National Poll on Healthy Aging (NPHA),571,3,2,1,select_coverage,2.0,DAC,367,2795,,,367,2795,2,15616
936,4,76,National Poll on Healthy Aging (NPHA),571,3,2,1,select_coverage,2.0,exact,367,2795,367.0,2795.0,87,705,2,36948
936,4,76,National Poll on Healthy Aging (NPHA),571,3,2,1,select_coverage,3.0,DAC,495,3773,,,495,3773,2,21064
936,4,76,National Poll on Healthy Aging (NPHA),571,3,2,1,select_coverage,3.0,exact,495,3773,495.0,3773.0,111,905,2,49668
936,4,76,National Poll on Healthy Aging (NPHA),571,3,2,1,select_coverage,4.0,DAC,599,4562,,,599,4562,2,25468
936,4,76,National Poll on Healthy Aging (NPHA),571,3,2,1,select_coverage,4.0,exact,599,4562,598.0,4554.0,138,1124,2,60120
936,4,76,National Poll on Healthy Aging (NPHA),571,3,2,1,select_coverage_CBA_M1,,DAC,137,1127,,,137,1127,2,6184
936,4,76,National Poll on Healthy Aging (NPHA),571,3,2,1,select_coverage_CBA_M1,,exact,137,1127,137.0,1127.0,43,363,2,14876
936,4,76,National Poll on Healthy Aging (NPHA),571,3,2,2,select_coverage,1.0,exact,215,1634,215.0,1634.0,51,416,2,21640
936,4,76,National Poll on Healthy Aging (NPHA),571,3,2,2,select_coverage,2.0,exact,367,2795,367.0,2795.0,87,705,2,36948
936,4,76,National Poll on Healthy Aging (NPHA),571,3,2,2,select_coverage,3.0,exact,495,3773,495.0,3773.0,111,905,2,49668
936,4,76,National Poll on Healthy Aging (NPHA),571,3,2,2,select_coverage,4.0,exact,599,4562,598.0,4554.0,138,1124,2,60120
936,4,76,National Poll on Healthy Aging (NPHA),571,3,2,2,select_coverage_CBA_M1,,exact,137,1127,137.0,1127.0,43,363,2,14876
936,4,100,National Poll on Healthy Aging (NPHA),571,3,2,1,select_coverage,1.0,DAC,232,1623,,,231,1619,2,9308
936,4,100,National Poll on Healthy Aging (NPHA),571,3,2,1,select_coverage,1.0,exact,232,1623,231.0,1619.0,59,420,2,22064
936,4,100,National Poll on Healthy Aging (NPHA),571,3,2,1,select_coverage,2.0,DAC,429,3093,,,426,3084,2,17552
936,4,100,National Poll on Healthy Aging (NPHA),571,3,2,1,select_coverage,2.0,exact,429,3093,426.0,3084.0,101,753,2,41376
936,4,100,National Poll on Healthy Aging (NPHA),571,3,2,1,select_coverage,3.0,DAC,580,4218,,,577,4209,2,23864
936,4,100,National Poll on Healthy Aging (NPHA),571,3,2,1,select_coverage,3.0,exact,580,4218,577.0,4209.0,132,997,3,56184
936,4,100,National Poll on Healthy Aging (NPHA),571,3,2,1,select_coverage,4.0,DAC,740,5409,,,736,5397,2,30548
936,4,100,National Poll on Healthy Aging (NPHA),571,3,2,1,select_coverage,4.0,exact,740,5409,736.0,5397.0,161,1230,2,71720
936,4,100,National Poll on Healthy Aging (NPHA),571,3,2,1,select_coverage_CBA_M1,,DAC,155,1160,,,155,1160,2,6532
936,4,100,National Poll on Healthy Aging (NPHA),571,3,2,1,select_coverage_CBA_M1,,exact,155,1160,155.0,1160.0,46,347,2,15652
936,4,100,National Poll on Healthy Aging (NPHA),571,3,2,2,select_coverage,1.0,exact,232,1623,231.0,1619.0,59,420,2,22064
936,4,100,National Poll on Healthy Aging (NPHA),571,3,2,2,select_coverage,2.0,exact,429,3093,426.0,3084.0,101,753,2,41376
936,4,100,National Poll on Healthy Aging (NPHA),571,3,2,2,select_coverage,3.0,exact,580,4218,577.0,4209.0,132,997,3,56184
936,4,100,National Poll on Healthy Aging (NPHA),571,3,2,2,select_coverage,4.0,exact,740,5409,736.0,5397.0,161,1230,2,71720
936,4,100,National Poll on Healthy Aging (NPHA),571,3,2,2,select_coverage_CBA_M1,,exact,155,1160,155.0,1160.0,46,347,2,15652
936,4,114,National Poll on Healthy Aging (NPHA),571,3,2,1,select_coverage,1.0,DAC,241,1748,,,241,1748,2,9916
936,4,114,National Poll on Healthy Aging (NPHA),571,3,2,1,select_coverage,1.0,exact,241,1748,241.0,1748.0,65,506,2,23744
936,4,114,National Poll on Healthy Aging (NPHA),571,3,2,1,select_coverage,2.0,DAC,412,3002,,,412,3002,2,16984
936,4,114,National Poll on Healthy Aging (NPHA),571,3,2,1,select_coverage,2.0,exact,412,3002,412.0,3002.0,94,721,2,40108
936,4,114,National Poll on Healthy Aging (NPHA),571,3,2,1,select_coverage,3.0,DAC,555,4000,,,553,3991,2,22692
936,4,114,National Poll on Healthy Aging (NPHA),571,3,2,1,select_coverage,3.0,exact,555,4000,553.0,3991.0,118,905,2,53304
936,4,114,National Poll on Healthy Aging (NPHA),571,3,2,1,select_coverage,4.0,DAC,674,4844,,,670,4826,2,27496
936,4,114,National Poll on Healthy Aging (NPHA),571,3,2,1,select_coverage,4.0,exact,674,4844,670.0,4826.0,131,1005,2,64164
936,4,114,National Poll on Healthy Aging (NPHA),571,3,2,1,select_coverage_CBA_M1,,DAC,144,1120,,,144,1120,2,6240
936,4,114,National Poll on Healthy Aging (NPHA),571,3,2,1,select_coverage_CBA_M1,,exact,144,1120,144.0,1120.0,51,410,2,15232
936,4,114,National Poll on Healthy Aging (NPHA),571,3,2,2,select_coverage,1.0,exact,241,1748,241.0,1748.0,65,506,2,23744
936,4,114,National Poll on Healthy Aging (NPHA),571,3,2,2,select_coverage,2.0,exact,412,3002,412.0,3002.0,94,721,2,40108
936,4,114,National Poll on Healthy Aging (NPHA),571,3,2,2,select_coverage,3.0,exact,555,4000,553.0,3991.0,118,905,2,53304
936,4,114,National Poll on Healthy Aging (NPHA),571,3,2,2,select_coverage,4.0,exact,673,4837,669.0,4819.0,131,1005,2,64076
936,4,114,National Poll on Healthy Aging (NPHA),571,3,2,2,select_coverage_CBA_M1,,exact,144,1120,144.0,1120.0,51,410,2,15232
936,4,133,National Poll on Healthy Aging (NPHA),571,3,2,1,select_coverage,1.0,DAC,249,1827,,,249,1827,2,10328
936,4,133,National Poll on Healthy Aging (NPHA),571,3,2,1,select_coverage,1.0,exact,249,1827,249.0,1827.0,76,557,2,24836
936,4,133,National Poll on Healthy Aging (NPHA),571,3,2,1,select_coverage,2.0,DAC,443,3320,,,443,3320,2,18628
936,4,133,National Poll on Healthy Aging (NPHA),571,3,2,1,select_coverage,2.0,exact,443,3320,443.0,3320.0,140,1048,2,44952
936,4,133,National Poll on Healthy Aging (NPHA),571,3,2,1,select_coverage,3.0,DAC,596,4446,,,596,4446,2,24968
936,4,133,National Poll on Healthy Aging (NPHA),571,3,2,1,select_coverage,3.0,exact,596,4446,596.0,4446.0,186,1372,2,60152
936,4,133,National Poll on Healthy Aging (NPHA),571,3,2,1,select_coverage,4.0,DAC,743,5513,,,742,5509,2,31000
936,4,133,National Poll on Healthy Aging (NPHA),571,3,2,1,select_coverage,4.0,exact,743,5513,742.0,5509.0,228,1693,2,74628
936,4,133,National Poll on Healthy Aging (NPHA),571,3,2,1,select_coverage_CBA_M1,,DAC,171,1357,,,171,1357,2,7512
936,4,133,National Poll on Healthy Aging (NPHA),571,3,2,1,select_coverage_CBA_M1,,exact,171,1357,171.0,1357.0,55,442,2,18120
936,4,133,National Poll on Healthy Aging (NPHA),571,3,2,2,select_coverage,1.0,exact,249,1830,249.0,1830.0,76,557,2,24860
936,4,133,National Poll on Healthy Aging (NPHA),571,3,2,2,select_coverage,2.0,exact,444,3329,444.0,3329.0,140,1048,2,45056
936,4,133,National Poll on Healthy Aging (NPHA),571,3,2,2,select_coverage,3.0,exact,596,4446,596.0,4446.0,186,1372,2,60152
936,4,133,National Poll on Healthy Aging (NPHA),571,3,2,2,select_coverage,4.0,exact,743,5513,742.0,5509.0,228,1693,2,74628
936,4,133,National Poll on Healthy Aging (NPHA),571,3,2,2,select_coverage_CBA_M1,,exact,171,1357,171.0,1357.0,55,442,2,18120
936,4,138,National Poll on Healthy Aging (NPHA),571,3,2,1,select_coverage,1.0,DAC,232,1715,,,232,1715,2,9676
936,4,138,National Poll on Healthy Aging (NPHA),571,3,2,1,select_coverage,1.0,exact,232,1715,232.0,1715.0,63,477,2,23076
936,4,138,National Poll on Healthy Aging (NPHA),571,3,2,1,select_coverage,2.0,DAC,435,3281,,,435,3281,2,18376
936,4,138,National Poll on Healthy Aging (NPHA),571,3,2,1,select_coverage,2.0,exact,435,3281,435.0,3281.0,97,745,2,43172
936,4,138,National Poll on Healthy Aging (NPHA),571,3,2,1,select_coverage,3.0,DAC,594,4524,,,594,4524,2,25256
936,4,138,National Poll on Healthy Aging (NPHA),571,3,2,1,select_coverage,3.0,exact,594,4524,593.0,4517.0,132,1028,2,59276
936,4,138,National Poll on Healthy Aging (NPHA),571,3,2,1,select_coverage,4.0,DAC,737,5630,,,737,5630,2,31396
936,4,138,National Poll on Healthy Aging (NPHA),571,3,2,1,select_coverage,4.0,exact,737,5630,735.0,5618.0,158,1236,2,73480
936,4,138,National Poll on Healthy Aging (NPHA),571,3,2,1,select_coverage_CBA_M1,,DAC,158,1268,,,158,1268,2,7000
936,4,138,National Poll on Healthy Aging (NPHA),571,3,2,1,select_coverage_CBA_M1,,exact,158,1268,158.0,1268.0,53,414,2,16880
936,4,138,National Poll on Healthy Aging (NPHA),571,3,2,2,select_coverage,1.0,exact,232,1715,232.0,1715.0,63,477,2,23076
936,4,138,National Poll on Healthy Aging (NPHA),571,3,2,2,select_coverage,2.0,exact,435,3281,435.0,3281.0,97,745,2,43172
936,4,138,National Poll on Healthy Aging (NPHA),571,3,2,2,select_coverage,3.0,exact,594,4524,593.0,4517.0,132,1028,2,59276
936,4,138,National Poll on Healthy Aging (NPHA),571,3,2,2,select_coverage,4.0,exact,737,5630,735.0,5618.0,158,1236,2,73480
936,4,138,National Poll on Healthy Aging (NPHA),571,3,2,2,select_coverage_CBA_M1,,exact,158,1268,158.0,1268.0,53,414,2,16880
936,4,148,National Poll on Healthy Aging (NPHA),571,3,2,1,select_coverage,1.0,DAC,226,1635,,,226,1635,2,9284
936,4,148,National Poll on Healthy Aging (NPHA),571,3,2,1,select_coverage,1.0,exact,226,1635,226.0,1635.0,62,444,2,22112
936,4,148,National Poll on Healthy Aging (NPHA),571,3,2,1,select_coverage,2.0,DAC,402,3007,,,400,2999,2,16884
936,4,148,National Poll on Healthy Aging (NPHA),571,3,2,1,select_coverage,2.0,exact,402,3007,400.0,2999.0,100,760,2,39888
936,4,148,National Poll on Healthy Aging (NPHA),571,3,2,1,select_coverage,3.0,DAC,539,4034,,,536,4023,2,22636
936,4,148,National Poll on Healthy Aging (NPHA),571,3,2,1,select_coverage,3.0,exact,539,4034,536.0,4023.0,121,922,2,53092
936,4,148,National Poll on Healthy Aging (NPHA),571,3,2,1,select_coverage,4.0,DAC,646,4815,,,641,4795,2,27044
936,4,148,National Poll on Healthy Aging (NPHA),571,3,2,1,select_coverage,4.0,exact,646,4815,641.0,4795.0,142,1077,2,63284
936,4,148,National Poll on Healthy Aging (NPHA),571,3,2,1,select_coverage_CBA_M1,,DAC,134,1070,,,134,1070,2,5920
936,4,148,National Poll on Healthy Aging (NPHA),571,3,2,1,select_coverage_CBA_M1,,exact,134,1070,134.0,1070.0,43,340,2,14232
936,4,148,National Poll on Healthy Aging (NPHA),571,3,2,2,select_coverage,1.0,exact,226,1635,226.0,1635.0,62,444,2,22112
936,4,148,National Poll on Healthy Aging (NPHA),571,3,2,2,select_coverage,2.0,exact,402,3007,400.0,2999.0,100,760,2,39888
936,4,148,National Poll on Healthy Aging (NPHA),571,3,2,2,select_coverage,3.0,exact,539,4034,536.0,4023.0,121,922,2,53092
936,4,148,National Poll on Healthy Aging (NPHA),571,3,2,2,select_coverage,4.0,exact,646,4815,641.0,4795.0,142,1077,2,63284
936,4,148,National Poll on Healthy Aging (NPHA),571,3,2,2,select_coverage_CBA_M1,,exact,134,1070,134.0,1070.0,43,340,2,14232
936,5,5,National Poll on Healthy Aging (NPHA),571,3,2,1,select_coverage,1.0,DAC,217,1620,,,217,1620,2,9124
936,5,5,National Poll on Healthy Aging (NPHA),571,3,2,1,select_coverage,1.0,exact,217,1620,217.0,1620.0,53,400,2,21528
936,5,5,National Poll on Healthy Aging (NPHA),571,3,2,1,select_coverage,2.0,DAC,368,2807,,,368,2807,2,15684
936,5,5,National Poll on Healthy Aging (NPHA),571,3,2,1,select_coverage,2.0,exact,368,2807,367.0,2797.0,89,699,2,36980
936,5,5,National Poll on Healthy Aging (NPHA),571,3,2,1,select_coverage,3.0,DAC,499,3818,,,498,3812,2,21300
936,5,5,National Poll on Healthy Aging (NPHA),571,3,2,1,select_coverage,3.0,exact,499,3818,497.0,3802.0,117,922,2,50096
936,5,5,National Poll on Healthy Aging (NPHA),571,3,2,1,select_coverage,4.0,DAC,619,4721,,,617,4706,2,26352
936,5,5,National Poll on Healthy Aging (NPHA),571,3,2,1,select_coverage,4.0,exact,619,4721,615.0,4688.0,140,1094,2,61716
936,5,5,National Poll on Healthy Aging (NPHA),571,3,2,1,select_coverage_CBA_M1,,DAC,145,1212,,,145,1212,2,6628
936,5,5,National Poll on Healthy Aging (NPHA),571,3,2,1,select_coverage_CBA_M1,,exact,145,1212,145.0,1212.0,40,332,2,15688
936,5,5,National Poll on Healthy Aging (NPHA),571,3,2,2,select_coverage,1.0,exact,217,1620,217.0,1620.0,53,400,2,21528
936,5,5,National Poll on Healthy Aging (NPHA),571,3,2,2,select_coverage,2.0,exact,367,2801,366.0,2791.0,89,699,2,36900
936,5,5,National Poll on Healthy Aging (NPHA),571,3,2,2,select_coverage,3.0,exact,498,3812,496.0,3796.0,117,922,2,50016
936,5,5,National Poll on Healthy Aging (NPHA),571,3,2,2,select_coverage,4.0,exact,618,4715,614.0,4682.0,140,1094,2,61636
936,5,5,National Poll on Healthy Aging (NPHA),571,3,2,2,select_coverage_CBA_M1,,exact,145,1212,145.0,1212.0,40,332,2,15688
936,5,14,National Poll on Healthy Aging (NPHA),571,3,2,1,select_coverage,1.0,DAC,229,1734,,,229,1734,2,9724
936,5,14,National Poll on Healthy Aging (NPHA),571,3,2,1,select_coverage,1.0,exact,229,1734,229.0,1734.0,52,416,2,22888
936,5,14,National Poll on Healthy Aging (NPHA),571,3,2,1,select_coverage,2.0,DAC,381,2883,,,380,2873,2,16144
936,5,14,National Poll on Healthy Aging (NPHA),571,3,2,1,select_coverage,2.0,exact,381,2883,380.0,2873.0,72,571,2,37492
936,5,14,National Poll on Healthy Aging (NPHA),571,3,2,1,select_coverage,3.0,DAC,512,3868,,,511,3858,2,21656
936,5,14,National Poll on Healthy Aging (NPHA),571,3,2,1,select_coverage,3.0,exact,512,3868,511.0,3858.0,91,718,2,50152
936,5,14,National Poll on Healthy Aging (NPHA),571,3,2,1,select_coverage,4.0,DAC,606,4549,,,605,4539,2,25508
936,5,14,National Poll on Healthy Aging (NPHA),571,3,2,1,select_coverage,4.0,exact,606,4549,605.0,4539.0,106,822,2,59024
936,5,14,National Poll on Healthy Aging (NPHA),571,3,2,1,select_coverage_CBA_M1,,DAC,162,1309,,,162,1309,2,7220
936,5,14,National Poll on Healthy Aging (NPHA),571,3,2,1,select_coverage_CBA_M1,,exact,162,1309,162.0,1309.0,48,394,2,17256
936,5,14,National Poll on Healthy Aging (NPHA),571,3,2,2,select_coverage,1.0,exact,229,1734,229.0,1734.0,52,416,2,22888
936,5,14,National Poll on Healthy Aging (NPHA),571,3,2,2,select_coverage,2.0,exact,381,2883,380.0,2873.0,72,571,2,37492
936,5,14,National Poll on Healthy Aging (NPHA),571,3,2,2,select_coverage,3.0,exact,512,3868,511.0,3858.0,91,718,2,50152
936,5,14,National Poll on Healthy Aging (NPHA),571,3,2,2,select_coverage,4.0,exact,607,4558,606.0,4548.0,105,816,2,59104
936,5,14,National Poll on Healthy Aging (NPHA),571,3,2,2,select_coverage_CBA_M1,,exact,162,1309,162.0,1309.0,48,394,2,17256
936,5,17,National Poll on Healthy Aging (NPHA),571,3,2,1,select_coverage,1.0,DAC,220,1666,,,219,1662,2,9344
936,5,17,National Poll on Healthy Aging (NPHA),571,3,2,1,select_coverage,1.0,exact,220,1666,219.0,1662.0,56,425,2,22044
936,5,17,National Poll on Healthy Aging (NPHA),571,3,2,1,select_coverage,2.0,DAC,370,2799,,,369,2795,2,15676
936,5,17,National Poll on Healthy Aging (NPHA),571,3,2,1,select_coverage,2.0,exact,370,2799,369.0,2795.0,86,665,2,36868
936,5,17,National Poll on Healthy Aging (NPHA),571,3,2,1,select_coverage,3.0,DAC,495,3741,,,493,3734,2,20944
936,5,17,National Poll on Healthy Aging (NPHA),571,3,2,1,select_coverage,3.0,exact,495,3741,493.0,3734.0,112,875,2,49200
936,5,17,National Poll on Healthy Aging (NPHA),571,3,2,1,select_coverage,4.0,DAC,608,4577,,,606,4570,2,25644
936,5,17,National Poll on Healthy Aging (NPHA),571,3,2,1,select_coverage,4.0,exact,608,4577,605.0,4562.0,134,1038,2,60092
936,5,17,National Poll on Healthy Aging (NPHA),571,3,2,1,select_coverage_CBA_M1,,DAC,145,1185,,,145,1185,2,6520
936,5,17,National Poll on Healthy Aging (NPHA),571,3,2,1,select_coverage_CBA_M1,,exact,145,1185,145.0,1185.0,44,355,2,15564
936,5,17,National Poll on Healthy Aging (NPHA),571,3,2,2,select_coverage,1.0,exact,220,1666,219.0,1662.0,56,425,2,22044
936,5,17,National Poll on Healthy Aging (NPHA),571,3,2,2,select_coverage,2.0,exact,370,2799,369.0,2795.0,86,665,2,36868
936,5,17,National Poll on Healthy Aging (NPHA),571,3,2,2,select_coverage,3.0,exact,495,3741,493.0,3734.0,112,875,2,49200
936,5,17,National Poll on Healthy Aging (NPHA),571,3,2,2,select_coverage,4.0,exact,608,4580,605.0,4565.0,134,1038,2,60116
936,5,17,National Poll on Healthy Aging (NPHA),571,3,2,2,select_coverage_CBA_M1,,exact,145,1185,145.0,1185.0,44,355,2,15564
936,5,19,National Poll on Healthy Aging (NPHA),571,3,2,1,select_coverage,1.0,DAC,212,1541,,,212,1541,2,8748
936,5,19,National Poll on Healthy Aging (NPHA),571,3,2,1,select_coverage,1.0,exact,212,1541,212.0,1541.0,64,478,2,21048
936,5,19,National Poll on Healthy Aging (NPHA),571,3,2,1,select_coverage,2.0,DAC,375,2786,,,374,2781,2,15684
936,5,19,National Poll on Healthy Aging (NPHA),571,3,2,1,select_coverage,2.0,exact,375,2786,374.0,2781.0,103,788,2,37412
936,5,19,National Poll on Healthy Aging (NPHA),571,3,2,1,select_coverage,3.0,DAC,509,3807,,,508,3802,2,21376
936,5,19,National Poll on Healthy Aging (NPHA),571,3,2,1,select_coverage,3.0,exact,509,3807,508.0,3802.0,139,1074,2,51012
936,5,19,National Poll on Healthy Aging (NPHA),571,3,2,1,select_coverage,4.0,DAC,630,4729,,,628,4715,2,26516
936,5,19,National Poll on Healthy Aging (NPHA),571,3,2,1,select_coverage,4.0,exact,630,4729,628.0,4715.0,162,1249,2,62892
936,5,19,National Poll on Healthy Aging (NPHA),571,3,2,1,select_coverage_CBA_M1,,DAC,152,1191,,,152,1191,2,6628
936,5,19,National Poll on Healthy Aging (NPHA),571,3,2,1,select_coverage_CBA_M1,,exact,152,1191,152.0,1191.0,55,432,2,16144
936,5,19,National Poll on Healthy Aging (NPHA),571,3,2,2,select_coverage,1.0,exact,212,1541,212.0,1541.0,64,478,2,21048
936,5,19,National Poll on Healthy Aging (NPHA),571,3,2,2,select_coverage,2.0,exact,375,2786,374.0,2781.0,103,788,2,37412
936,5,19,National Poll on Healthy Aging (NPHA),571,3,2,2,select_coverage,3.0,exact,509,3807,508.0,3802.0,139,1074,2,51012
936,5,19,National Poll on Healthy Aging (NPHA),571,3,2,2,select_coverage,4.0,exact,630,4729,628.0,4715.0,162,1249,2,62892
936,5,19,National Poll on Healthy Aging (NPHA),571,3,2,2,select_coverage_CBA_M1,,exact,152,1191,152.0,1191.0,55,432,2,16144
936,5,29,National Poll on Healthy Aging (NPHA),571,3,2,1,select_coverage,1.0,DAC,223,1670,,,223,1670,2,9396
936,5,29,National Poll on Healthy Aging (NPHA),571,3,2,1,select_coverage,1.0,exact,223,1670,223.0,1670.0,52,413,2,22172
936,5,29,National Poll on Healthy Aging (NPHA),571,3,2,1,select_coverage,2.0,DAC,383,2873,,,382,2870,2,16128
936,5,29,National Poll on Healthy Aging (NPHA),571,3,2,1,select_coverage,2.0,exact,383,2873,382.0,2870.0,90,719,2,38096
936,5,29,National Poll on Healthy Aging (NPHA),571,3,2,1,select_coverage,3.0,DAC,513,3838,,,512,3835,2,21548
936,5,29,National Poll on Healthy Aging (NPHA),571,3,2,1,select_coverage,3.0,exact,513,3838,512.0,3835.0,122,952,2,50908
936,5,29,National Poll on Healthy Aging (NPHA),571,3,2,1,select_coverage,4.0,DAC,619,4604,,,618,4601,2,25884
936,5,29,National Poll on Healthy Aging (NPHA),571,3,2,1,select_coverage,4.0,exact,619,4604,618.0,4601.0,144,1118,2,61092
936,5,29,National Poll on Healthy Aging (NPHA),571,3,2,1,select_coverage_CBA_M1,,DAC,140,1132,,,140,1132,2,6248
936,5,29,National Poll on Healthy Aging (NPHA),571,3,2,1,select_coverage_CBA_M1,,exact,140,1132,140.0,1132.0,43,358,2,14992
936,5,29,National Poll on Healthy Aging (NPHA),571,3,2,2,select_coverage,1.0,exact,223,1670,223.0,1670.0,52,413,2,22172
936,5,29,National Poll on Healthy Aging (NPHA),571,3,2,2,select_coverage,2.0,exact,383,2873,382.0,2870.0,90,719,2,38096
936,5,29,National Poll on Healthy Aging (NPHA),571,3,2,2,select_coverage,3.0,exact,513,3838,512.0,3835.0,122,952,2,50908
936,5,29,National Poll on Healthy Aging (NPHA),571,3,2,2,select_coverage,4.0,exact,619,4604,618.0,4601.0,144,1118,2,61092
936,5,29,National Poll on Healthy Aging (NPHA),571,3,2,2,select_coverage_CBA_M1,,exact,140,1132,140.0,1132.0,43,358,2,14992
936,5,31,National Poll on Healthy Aging (NPHA),571,3,2,1,select_coverage,1.0,DAC,224,1691,,,224,1691,2,9492
936,5,31,National Poll on Healthy Aging (NPHA),571,3,2,1,select_coverage,1.0,exact,224,1691,224.0,1691.0,67,503,2,22732
936,5,31,National Poll on Healthy Aging (NPHA),571,3,2,1,select_coverage,2.0,DAC,382,2880,,,382,2880,2,16144
936,5,31,National Poll on Healthy Aging (NPHA),571,3,2,1,select_coverage,2.0,exact,382,2880,382.0,2880.0,104,787,2,38436
936,5,31,National Poll on Healthy Aging (NPHA),571,3,2,1,select_coverage,3.0,DAC,516,3884,,,516,3884,2,21768
936,5,31,National Poll on Healthy Aging (NPHA),571,3,2,1,select_coverage,3.0,exact,516,3884,516.0,3884.0,138,1023,2,51700
936,5,31,National Poll on Healthy Aging (NPHA),571,3,2,1,select_coverage,4.0,DAC,620,4683,,,618,4673,2,26212
936,5,31,National Poll on Healthy Aging (NPHA),571,3,2,1,select_coverage,4.0,exact,620,4683,617.0,4665.0,169,1261,2,62204
936,5,31,National Poll on Healthy Aging (NPHA),571,3,2,1,select_coverage_CBA_M1,,DAC,134,1096,,,134,1096,2,6032
936,5,31,National Poll on Healthy Aging (NPHA),571,3,2,1,select_coverage_CBA_M1,,exact,134,1096,134.0,1096.0,48,386,2,14624
936,5,31,National Poll on Healthy Aging (NPHA),571,3,2,2,select_coverage,1.0,exact,224,1691,224.0,1691.0,67,503,2,22732
936,5,31,National Poll on Healthy Aging (NPHA),571,3,2,2,select_coverage,2.0,exact,382,2880,382.0,2880.0,104,787,2,38436
936,5,31,National Poll on Healthy Aging (NPHA),571,3,2,2,select_coverage,3.0,exact,516,3884,516.0,3884.0,138,1023,2,51700
936,5,31,National Poll on Healthy Aging (NPHA),571,3,2,2,select_coverage,4.0,exact,620,4683,617.0,4665.0,169,1261,2,62204
936,5,31,National Poll on Healthy Aging (NPHA),571,3,2,2,select_coverage_CBA_M1,,exact,134,1096,134.0,1096.0,48,386,2,14624
936,5,34,National Poll on Healthy Aging (NPHA),571,3,2,1,select_coverage,1.0,DAC,215,1497,,,213,1489,2,8608
936,5,34,National Poll on Healthy Aging (NPHA),571,3,2,1,select_coverage,1.0,exact,215,1497,213.0,1489.0,52,373,3,20276
936,5,34,National Poll on Healthy Aging (NPHA),571,3,2,1,select_coverage,2.0,DAC,380,2698,,,376,2685,2,15392
936,5,34,National Poll on Healthy Aging (NPHA),571,3,2,1,select_coverage,2.0,exact,380,2698,376.0,2685.0,88,638,2,36140
936,5,34,National Poll on Healthy Aging (NPHA),571,3,2,1,select_coverage,3.0,DAC,515,3650,,,510,3634,2,20820
936,5,34,National Poll on Healthy Aging (NPHA),571,3,2,1,select_coverage,3.0,exact,515,3650,509.0,3630.0,120,882,2,48960
936,5,34,National Poll on Healthy Aging (NPHA),571,3,2,1,select_coverage,4.0,DAC,623,4399,,,617,4379,2,25112
936,5,34,National Poll on Healthy Aging (NPHA),571,3,2,1,select_coverage,4.0,exact,623,4399,616.0,4375.0,140,1039,2,58988
936,5,34,National Poll on Healthy Aging (NPHA),571,3,2,1,select_coverage_CBA_M1,,DAC,130,1015,,,130,1015,2,5660
936,5,34,National Poll on Healthy Aging (NPHA),571,3,2,1,select_coverage_CBA_M1,,exact,130,1015,130.0,1015.0,39,309,2,13540
936,5,34,National Poll on Healthy Aging (NPHA),571,3,2,2,select_coverage,1.0,exact,215,1497,213.0,1489.0,52,373,3,20276
936,5,34,National Poll on Healthy Aging (NPHA),571,3,2,2,select_coverage,2.0,exact,380,2698,376.0,2685.0,88,638,2,36140
936,5,34,National Poll on Healthy Aging (NPHA),571,3,2,2,select_coverage,3.0,exact,515,3650,509.0,3630.0,120,882,2,48960
936,5,34,National Poll on Healthy Aging (NPHA),571,3,2,2,select_coverage,4.0,exact,623,4403,616.0,4379.0,140,1039,2,59020
936,5,34,National Poll on Healthy Aging (NPHA),571,3,2,2,select_coverage_CBA_M1,,exact,130,1015,130.0,1015.0,39,309,2,13540
936,5,42,National Poll on Healthy Aging (NPHA),571,3,2,1,select_coverage,1.0,DAC,224,1623,,,223,1619,2,9220
936,5,42,National Poll on Healthy Aging (NPHA),571,3,2,1,select_coverage,1.0,exact,224,1623,223.0,1619.0,62,466,2,21992
936,5,42,National Poll on Healthy Aging (NPHA),571,3,2,1,select_coverage,2.0,DAC,373,2736,,,372,2732,2,15460
936,5,42,National Poll on Healthy Aging (NPHA),571,3,2,1,select_coverage,2.0,exact,373,2736,372.0,2732.0,93,704,2,36616
936,5,42,National Poll on Healthy Aging (NPHA),571,3,2,1,select_coverage,3.0,DAC,501,3669,,,500,3665,2,20728
936,5,42,National Poll on Healthy Aging (NPHA),571,3,2,1,select_coverage,3.0,exact,501,3669,500.0,3665.0,124,920,2,49040
936,5,42,National Poll on Healthy Aging (NPHA),571,3,2,1,select_coverage,4.0,DAC,602,4379,,,600,4368,2,24780
936,5,42,National Poll on Healthy Aging (NPHA),571,3,2,1,select_coverage,4.0,exact,602,4379,600.0,4368.0,147,1077,2,58520
936,5,42,National Poll on Healthy Aging (NPHA),571,3,2,1,select_coverage_CBA_M1,,DAC,136,1089,,,136,1089,2,6028
936,5,42,National Poll on Healthy Aging (NPHA),571,3,2,1,select_coverage_CBA_M1,,exact,136,1089,136.0,1089.0,47,383,2,14620
936,5,42,National Poll on Healthy Aging (NPHA),571,3,2,2,select_coverage,1.0,exact,224,1623,223.0,1619.0,62,466,2,21992
936,5,42,National Poll on Healthy Aging (NPHA),571,3,2,2,select_coverage,2.0,exact,373,2736,372.0,2732.0,93,704,2,36616
936,5,42,National Poll on Healthy Aging (NPHA),571,3,2,2,select_coverage,3.0,exact,500,3662,499.0,3658.0,124,920,2,48952
936,5,42,National Poll on Healthy Aging (NPHA),571,3,2,2,select_coverage,4.0,exact,602,4379,600.0,4368.0,147,1077,2,58520
936,5,42,National Poll on Healthy Aging (NPHA),571,3,2,2,select_coverage_CBA_M1,,exact,136,1089,136.0,1089.0,47,383,2,14620
936,5,49,National Poll on Healthy Aging (NPHA),571,3,2,1,select_coverage,1.0,DAC,229,1615,,,227,1610,2,9248
936,5,49,National Poll on Healthy Aging (NPHA),571,3,2,1,select_coverage,1.0,exact,229,1615,227.0,1610.0,63,448,2,21980
936,5,49,National Poll on Healthy Aging (NPHA),571,3,2,1,select_coverage,2.0,DAC,402,2906,,,398,2889,2,16488
936,5,49,National Poll on Healthy Aging (NPHA),571,3,2,1,select_coverage,2.0,exact,402,2906,398.0,2889.0,109,800,2,39140
936,5,49,National Poll on Healthy Aging (NPHA),571,3,2,1,select_coverage,3.0,DAC,554,4028,,,549,4006,2,22800
936,5,49,National Poll on Healthy Aging (NPHA),571,3,2,1,select_coverage,3.0,exact,554,4028,549.0,4006.0,138,1040,2,53888
936,5,49,National Poll on Healthy Aging (NPHA),571,3,2,1,select_coverage,4.0,DAC,680,4946,,,673,4914,2,27984
936,5,49,National Poll on Healthy Aging (NPHA),571,3,2,1,select_coverage,4.0,exact,680,4946,673.0,4914.0,172,1304,2,66216
936,5,49,National Poll on Healthy Aging (NPHA),571,3,2,1,select_coverage_CBA_M1,,DAC,138,1091,,,138,1091,2,6060
936,5,49,National Poll on Healthy Aging (NPHA),571,3,2,1,select_coverage_CBA_M1,,exact,138,1091,138.0,1091.0,46,366,2,14632
936,5,49,National Poll on Healthy Aging (NPHA),571,3,2,2,select_coverage,1.0,exact,229,1615,227.0,1610.0,63,448,2,21980
936,5,49,National Poll on Healthy Aging (NPHA),571,3,2,2,select_coverage,2.0,exact,403,2915,399.0,2898.0,110,809,2,39280
936,5,49,National Poll on Healthy Aging (NPHA),571,3,2,2,select_coverage,3.0,exact,555,4037,550.0,4015.0,138,1040,2,53992
936,5,49,National Poll on Healthy Aging (NPHA),571,3,2,2,select_coverage,4.0,exact,679,4940,672.0,4908.0,171,1295,2,66100
936,5,49,National Poll on Healthy Aging (NPHA),571,3,2,2,select_coverage_CBA_M1,,exact,138,1091,138.0,1091.0,46,366,2,14632
936,5,63,National Poll on Healthy Aging (NPHA),571,3,2,1,select_coverage,1.0,DAC,247,1790,,,247,1790,2,10164
936,5,63,National Poll on Healthy Aging (NPHA),571,3,2,1,select_coverage,1.0,exact,247,1790,247.0,1790.0,64,511,2,24292
936,5,63,National Poll on Healthy Aging (NPHA),571,3,2,1,select_coverage,2.0,DAC,432,3174,,,431,3166,2,17920
936,5,63,National Poll on Healthy Aging (NPHA),571,3,2,1,select_coverage,2.0,exact,432,3174,431.0,3166.0,109,879,2,42692
936,5,63,National Poll on Healthy Aging (NPHA),571,3,2,1,select_coverage,3.0,DAC,579,4213,,,578,4205,2,23840
936,5,63,National Poll on Healthy Aging (NPHA),571,3,2,1,select_coverage,3.0,exact,579,4213,578.0,4205.0,137,1085,2,56532
936,5,63,National Poll on Healthy Aging (NPHA),571,3,2,1,select_coverage,4.0,DAC,707,5150,,,705,5136,2,29124
936,5,63,National Poll on Healthy Aging (NPHA),571,3,2,1,select_coverage,4.0,exact,707,5150,704.0,5127.0,162,1282,2,68788
936,5,63,National Poll on Healthy Aging (NPHA),571,3,2,1,select_coverage_CBA_M1,,DAC,157,1227,,,157,1227,2,6832
936,5,63,National Poll on Healthy Aging (NPHA),571,3,2,1,select_coverage_CBA_M1,,exact,157,1227,157.0,1227.0,51,419,2,16540
936,5,63,National Poll on Healthy Aging (NPHA),571,3,2,2,select_coverage,1.0,exact,247,1790,247.0,1790.0,64,511,2,24292
936,5,63,National Poll on Healthy Aging (NPHA),571,3,2,2,select_coverage,2.0,exact,432,3174,431.0,3166.0,109,879,2,42692
936,5,63,National Poll on Healthy Aging (NPHA),571,3,2,2,select_coverage,3.0,exact,579,4213,578.0,4205.0,137,1085,2,56532
936,5,63,National Poll on Healthy Aging (NPHA),571,3,2,2,select_coverage,4.0,exact,707,5150,704.0,5127.0,162,1282,2,68788
936,5,63,National Poll on Healthy Aging (NPHA),571,3,2,2,select_coverage_CBA_M1,,exact,157,1227,157.0,1227.0,51,419,2,16540
936,5,64,National Poll on Healthy Aging (NPHA),571,3,2,1,select_coverage,1.0,DAC,210,1511,,,210,1511,2,8604
936,5,64,National Poll on Healthy Aging (NPHA),571,3,2,1,select_coverage,1.0,exact,210,1511,209.0,1505.0,42,314,2,20032
936,5,64,National Poll on Healthy Aging (NPHA),571,3,2,1,select_coverage,2.0,DAC,374,2716,,,374,2716,2,15392
936,5,64,National Poll on Healthy Aging (NPHA),571,3,2,1,select_coverage,2.0,exact,374,2716,372.0,2699.0,72,549,2,35784
936,5,64,National Poll on Healthy Aging (NPHA),571,3,2,1,select_coverage,3.0,DAC,502,3701,,,501,3690,2,20868
936,5,64,National Poll on Healthy Aging (NPHA),571,3,2,1,select_coverage,3.0,exact,502,3701,499.0,3673.0,94,727,2,48396
936,5,64,National Poll on Healthy Aging (NPHA),571,3,2,1,select_coverage,4.0,DAC,605,4495,,,603,4478,2,25280
936,5,64,National Poll on Healthy Aging (NPHA),571,3,2,1,select_coverage,4.0,exact,605,4495,601.0,4461.0,111,869,2,58556
936,5,64,National Poll on Healthy Aging (NPHA),571,3,2,1,select_coverage_CBA_M1,,DAC,139,1114,,,139,1114,2,6164
936,5,64,National Poll on Healthy Aging (NPHA),571,3,2,1,select_coverage_CBA_M1,,exact,139,1114,139.0,1114.0,33,267,2,14452
936,5,64,National Poll on Healthy Aging (NPHA),571,3,2,2,select_coverage,1.0,exact,210,1511,209.0,1505.0,42,314,2,20032
936,5,64,National Poll on Healthy Aging (NPHA),571,3,2,2,select_coverage,2.0,exact,374,2716,372.0,2699.0,72,549,2,35784
936,5,64,National Poll on Healthy Aging (NPHA),571,3,2,2,select_coverage,3.0,exact,502,3702,499.0,3674.0,94,727,2,48404
936,5,64,National Poll on Healthy Aging (NPHA),571,3,2,2,select_coverage,4.0,exact,605,4497,601.0,4463.0,111,869,2,58572
936,5,64,National Poll on Healthy Aging (NPHA),571,3,2,2,select_coverage_CBA_M1,,exact,139,1114,139.0,1114.0,33,267,2,14452
936,5,65,National Poll on Healthy Aging (NPHA),571,3,2,1,select_coverage,1.0,DAC,222,1604,,,221,1601,2,9120
936,5,65,National Poll on Healthy Aging (NPHA),571,3,2,1,select_coverage,1.0,exact,222,1604,221.0,1601.0,48,360,2,21356
936,5,65,National Poll on Healthy Aging (NPHA),571,3,2,1,select_coverage,2.0,DAC,380,2815,,,379,2812,2,15860
936,5,65,National Poll on Healthy Aging (NPHA),571,3,2,1,select_coverage,2.0,exact,380,2815,378.0,2801.0,79,605,2,37004
936,5,65,National Poll on Healthy Aging (NPHA),571,3,2,1,select_coverage,3.0,DAC,513,3823,,,512,3820,2,21488
936,5,65,National Poll on Healthy Aging (NPHA),571,3,2,1,select_coverage,3.0,exact,513,3823,511.0,3809.0,102,807,2,50132
936,5,65,National Poll on Healthy Aging (NPHA),571,3,2,1,select_coverage,4.0,DAC,617,4595,,,615,4586,2,25824
936,5,65,National Poll on Healthy Aging (NPHA),571,3,2,1,select_coverage,4.0,exact,617,4595,613.0,4568.0,113,896,2,59876
936,5,65,National Poll on Healthy Aging (NPHA),571,3,2,1,select_coverage_CBA_M1,,DAC,161,1242,,,161,1242,2,6940
936,5,65,National Poll on Healthy Aging (NPHA),571,3,2,1,select_coverage_CBA_M1,,exact,161,1242,161.0,1242.0,40,309,2,16348
936,5,65,National Poll on Healthy Aging (NPHA),571,3,2,2,select_coverage,1.0,exact,222,1604,221.0,1601.0,48,360,2,21356
936,5,65,National Poll on Healthy Aging (NPHA),571,3,2,2,select_coverage,2.0,exact,381,2822,379.0,2808.0,79,605,2,37092
936,5,65,National Poll on Healthy Aging (NPHA),571,3,2,2,select_coverage,3.0,exact,515,3838,513.0,3824.0,102,807,2,50316
936,5,65,National Poll on Healthy Aging (NPHA),571,3,2,2,select_coverage,4.0,exact,619,4607,615.0,4580.0,113,896,2,60036
936,5,65,National Poll on Healthy Aging (NPHA),571,3,2,2,select_coverage_CBA_M1,,exact,161,1242,161.0,1242.0,40,309,2,16348
936,5,68,National Poll on Healthy Aging (NPHA),571,3,2,1,select_coverage,1.0,DAC,229,1646,,,229,1646,2,9372
936,5,68,National Poll on Healthy Aging (NPHA),571,3,2,1,select_coverage,1.0,exact,229,1646,229.0,1646.0,48,335,2,21860
936,5,68,National Poll on Healthy Aging (NPHA),571,3,2,1,select_coverage,2.0,DAC,400,2935,,,398,2922,2,16580
936,5,68,National Poll on Healthy Aging (NPHA),571,3,2,1,select_coverage,2.0,exact,400,2935,397.0,2915.0,83,581,3,38452
936,5,68,National Poll on Healthy Aging (NPHA),571,3,2,1,select_coverage,3.0,DAC,552,4076,,,549,4056,2,22968
936,5,68,National Poll on Healthy Aging (NPHA),571,3,2,1,select_coverage,3.0,exact,552,4076,546.0,4034.0,108,767,2,53004
936,5,68,National Poll on Healthy Aging (NPHA),571,3,2,1,select_coverage,4.0,DAC,661,4820,,,657,4795,2,27252
936,5,68,National Poll on Healthy Aging (NPHA),571,3,2,1,select_coverage,4.0,exact,661,4820,654.0,4773.0,132,931,2,63048
936,5,68,National Poll on Healthy Aging (NPHA),571,3,2,1,select_coverage_CBA_M1,,DAC,145,1138,,,145,1138,2,6332
936,5,68,National Poll on Healthy Aging (NPHA),571,3,2,1,select_coverage_CBA_M1,,exact,145,1138,145.0,1138.0,36,268,2,14840
936,5,68,National Poll on Healthy Aging (NPHA),571,3,2,2,select_coverage,1.0,exact,229,1646,229.0,1646.0,48,335,2,21860
936,5,68,National Poll on Healthy Aging (NPHA),571,3,2,2,select_coverage,2.0,exact,400,2935,397.0,2915.0,83,581,3,38452
936,5,68,National Poll on Healthy Aging (NPHA),571,3,2,2,select_coverage,3.0,exact,552,4076,546.0,4034.0,108,767,2,53004
936,5,68,National Poll on Healthy Aging (NPHA),571,3,2,2,select_coverage,4.0,exact,661,4820,654.0,4773.0,132,931,2,63048
936,5,68,National Poll on Healthy Aging (NPHA),571,3,2,2,select_coverage_CBA_M1,,exact,145,1138,145.0,1138.0,36,268,2,14840
936,5,74,National Poll on Healthy Aging (NPHA),571,3,2,1,select_coverage,1.0,DAC,236,1673,,,236,1673,2,9564
936,5,74,National Poll on Healthy Aging (NPHA),571,3,2,1,select_coverage,1.0,exact,236,1673,236.0,1673.0,51,361,2,22404
936,5,74,National Poll on Healthy Aging (NPHA),571,3,2,1,select_coverage,2.0,DAC,403,2938,,,403,2938,2,16628
936,5,74,National Poll on Healthy Aging (NPHA),571,3,2,1,select_coverage,2.0,exact,403,2938,403.0,2938.0,79,588,2,38776
936,5,74,National Poll on Healthy Aging (NPHA),571,3,2,1,select_coverage,3.0,DAC,543,3951,,,543,3951,2,22360
936,5,74,National Poll on Healthy Aging (NPHA),571,3,2,1,select_coverage,3.0,exact,543,3951,543.0,3951.0,104,772,2,52096
936,5,74,National Poll on Healthy Aging (NPHA),571,3,2,1,select_coverage,4.0,DAC,664,4837,,,664,4837,2,27356
936,5,74,National Poll on Healthy Aging (NPHA),571,3,2,1,select_coverage,4.0,exact,664,4837,664.0,4837.0,119,890,2,63528
936,5,74,National Poll on Healthy Aging (NPHA),571,3,2,1,select_coverage_CBA_M1,,DAC,165,1279,,,165,1279,2,7136
936,5,74,National Poll on Healthy Aging (NPHA),571,3,2,1,select_coverage_CBA_M1,,exact,165,1279,165.0,1279.0,44,329,2,16852
936,5,74,National Poll on Healthy Aging (NPHA),571,3,2,2,select_coverage,1.0,exact,237,1679,237.0,1679.0,51,361,2,22484
936,5,74,National Poll on Healthy Aging (NPHA),571,3,2,2,select_coverage,2.0,exact,403,2938,403.0,2938.0,79,588,2,38776
936,5,74,National Poll on Healthy Aging (NPHA),571,3,2,2,select_coverage,3.0,exact,543,3951,543.0,3951.0,104,772,2,52096
936,5,74,National Poll on Healthy Aging (NPHA),571,3,2,2,select_coverage,4.0,exact,664,4837,664.0,4837.0,119,890,2,63528
936,5,74,National Poll on Healthy Aging (NPHA),571,3,2,2,select_coverage_CBA_M1,,exact,165,1279,165.0,1279.0,44,329,2,16852
936,5,76,National Poll on Healthy Aging (NPHA),571,3,2,1,select_coverage,1.0,DAC,202,1570,,,202,1570,2,8744
936,5,76,National Poll on Healthy Aging (NPHA),571,3,2,1,select_coverage,1.0,exact,202,1570,202.0,1570.0,44,352,2,20456
936,5,76,National Poll on Healthy Aging (NPHA),571,3,2,1,select_coverage,2.0,DAC,344,2675,,,344,2675,2,14868
936,5,76,National Poll on Healthy Aging (NPHA),571,3,2,1,select_coverage,2.0,exact,344,2675,344.0,2675.0,71,567,2,34700
936,5,76,National Poll on Healthy Aging (NPHA),571,3,2,1,select_coverage,3.0,DAC,455,3538,,,455,3538,2,19652
936,5,76,National Poll on Healthy Aging (NPHA),571,3,2,1,select_coverage,3.0,exact,455,3538,455.0,3538.0,88,702,2,45696
936,5,76,National Poll on Healthy Aging (NPHA),571,3,2,1,select_coverage,4.0,DAC,549,4263,,,547,4257,2,23680
936,5,76,National Poll on Healthy Aging (NPHA),571,3,2,1,select_coverage,4.0,exact,549,4263,547.0,4257.0,98,792,2,54776
936,5,76,National Poll on Healthy Aging (NPHA),571,3,2,1,select_coverage_CBA_M1,,DAC,140,1186,,,140,1186,2,6464
936,5,76,National Poll on Healthy Aging (NPHA),571,3,2,1,select_coverage_CBA_M1,,exact,140,1186,140.0,1186.0,33,290,2,15152
936,5,76,National Poll on Healthy Aging (NPHA),571,3,2,2,select_coverage,1.0,exact,202,1570,202.0,1570.0,44,352,2,20456
936,5,76,National Poll on Healthy Aging (NPHA),571,3,2,2,select_coverage,2.0,exact,344,2675,344.0,2675.0,71,567,2,34700
936,5,76,National Poll on Healthy Aging (NPHA),571,3,2,2,select_coverage,3.0,exact,455,3538,455.0,3538.0,88,702,2,45696
936,5,76,National Poll on Healthy Aging (NPHA),571,3,2,2,select_coverage,4.0,exact,549,4263,547.0,4257.0,98,792,2,54776
936,5,76,National Poll on Healthy Aging (NPHA),571,3,2,2,select_coverage_CBA_M1,,exact,140,1186,140.0,1186.0,33,290,2,15152
936,5,100,National Poll on Healthy Aging (NPHA),571,3,2,1,select_coverage,1.0,DAC,238,1678,,,237,1675,2,9608
936,5,100,National Poll on Healthy Aging (NPHA),571,3,2,1,select_coverage,1.0,exact,238,1678,237.0,1675.0,52,395,2,22600
936,5,100,National Poll on Healthy Aging (NPHA),571,3,2,1,select_coverage,2.0,DAC,420,3002,,,416,2988,2,17088
936,5,100,National Poll on Healthy Aging (NPHA),571,3,2,1,select_coverage,2.0,exact,420,3002,416.0,2988.0,79,602,3,39704
936,5,100,National Poll on Healthy Aging (NPHA),571,3,2,1,select_coverage,3.0,DAC,556,4005,,,551,3981,2,22732
936,5,100,National Poll on Healthy Aging (NPHA),571,3,2,1,select_coverage,3.0,exact,556,4005,550.0,3972.0,103,797,3,52720
936,5,100,National Poll on Healthy Aging (NPHA),571,3,2,1,select_coverage,4.0,DAC,671,4830,,,666,4806,2,27412
936,5,100,National Poll on Healthy Aging (NPHA),571,3,2,1,select_coverage,4.0,exact,671,4830,664.0,4788.0,121,939,3,63500
936,5,100,National Poll on Healthy Aging (NPHA),571,3,2,1,select_coverage_CBA_M1,,DAC,164,1259,,,164,1259,2,7044
936,5,100,National Poll on Healthy Aging (NPHA),571,3,2,1,select_coverage_CBA_M1,,exact,164,1259,164.0,1259.0,42,341,2,16708
936,5,100,National Poll on Healthy Aging (NPHA),571,3,2,2,select_coverage,1.0,exact,238,1678,237.0,1675.0,52,395,2,22600
936,5,100,National Poll on Healthy Aging (NPHA),571,3,2,2,select_coverage,2.0,exact,420,3002,416.0,2988.0,79,602,3,39704
936,5,100,National Poll on Healthy Aging (NPHA),571,3,2,2,select_coverage,3.0,exact,557,4013,551.0,3980.0,103,797,3,52816
936,5,100,National Poll on Healthy Aging (NPHA),571,3,2,2,select_coverage,4.0,exact,671,4833,664.0,4791.0,121,939,3,63524
936,5,100,National Poll on Healthy Aging (NPHA),571,3,2,2,select_coverage_CBA_M1,,exact,164,1259,164.0,1259.0,42,341,2,16708
936,5,114,National Poll on Healthy Aging (NPHA),571,3,2,1,select_coverage,1.0,DAC,231,1607,,,231,1607,2,9240
936,5,114,National Poll on Healthy Aging (NPHA),571,3,2,1,select_coverage,1.0,exact,231,1607,231.0,1607.0,50,374,3,21768
936,5,114,National Poll on Healthy Aging (NPHA),571,3,2,1,select_coverage,2.0,DAC,398,2819,,,396,2814,2,16092
936,5,114,National Poll on Healthy Aging (NPHA),571,3,2,1,select_coverage,2.0,exact,398,2819,396.0,2814.0,85,625,3,37728
936,5,114,National Poll on Healthy Aging (NPHA),571,3,2,1,select_coverage,3.0,DAC,526,3728,,,524,3723,2,21264
936,5,114,National Poll on Healthy Aging (NPHA),571,3,2,1,select_coverage,3.0,exact,526,3728,524.0,3723.0,104,776,3,49700
936,5,114,National Poll on Healthy Aging (NPHA),571,3,2,1,select_coverage,4.0,DAC,647,4594,,,645,4589,2,26180
936,5,114,National Poll on Healthy Aging (NPHA),571,3,2,1,select_coverage,4.0,exact,647,4594,645.0,4589.0,120,903,3,61008
936,5,114,National Poll on Healthy Aging (NPHA),571,3,2,1,select_coverage_CBA_M1,,DAC,143,1099,,,143,1099,2,6152
936,5,114,National Poll on Healthy Aging (NPHA),571,3,2,1,select_coverage_CBA_M1,,exact,143,1099,143.0,1099.0,40,320,2,14672
936,5,114,National Poll on Healthy Aging (NPHA),571,3,2,2,select_coverage,1.0,exact,231,1607,231.0,1607.0,49,365,3,21732
936,5,114,National Poll on Healthy Aging (NPHA),571,3,2,2,select_coverage,2.0,exact,398,2819,396.0,2814.0,85,625,3,37728
936,5,114,National Poll on Healthy Aging (NPHA),571,3,2,2,select_coverage,3.0,exact,526,3728,524.0,3723.0,104,776,3,49700
936,5,114,National Poll on Healthy Aging (NPHA),571,3,2,2,select_coverage,4.0,exact,648,4602,646.0,4597.0,120,903,3,61104
936,5,114,National Poll on Healthy Aging (NPHA),571,3,2,2,select_coverage_CBA_M1,,exact,143,1099,143.0,1099.0,40,320,2,14672
936,5,133,National Poll on Healthy Aging (NPHA),571,3,2,1,select_coverage,1.0,DAC,237,1785,,,234,1775,2,10024
936,5,133,National Poll on Healthy Aging (NPHA),571,3,2,1,select_coverage,1.0,exact,237,1785,234.0,1775.0,62,476,2,23656
936,5,133,National Poll on Healthy Aging (NPHA),571,3,2,1,select_coverage,2.0,DAC,404,3059,,,401,3049,2,17124
936,5,133,National Poll on Healthy Aging (NPHA),571,3,2,1,select_coverage,2.0,exact,404,3059,400.0,3041.0,109,846,2,40608
936,5,133,National Poll on Healthy Aging (NPHA),571,3,2,1,select_coverage,3.0,DAC,545,4088,,,542,4078,2,22932
936,5,133,National Poll on Healthy Aging (NPHA),571,3,2,1,select_coverage,3.0,exact,545,4088,541.0,4070.0,139,1068,2,54240
936,5,133,National Poll on Healthy Aging (NPHA),571,3,2,1,select_coverage,4.0,DAC,675,5027,,,670,5008,2,28248
936,5,133,National Poll on Healthy Aging (NPHA),571,3,2,1,select_coverage,4.0,exact,675,5027,669.0,5000.0,171,1311,2,66784
936,5,133,National Poll on Healthy Aging (NPHA),571,3,2,1,select_coverage_CBA_M1,,DAC,158,1298,,,158,1298,2,7128
936,5,133,National Poll on Healthy Aging (NPHA),571,3,2,1,select_coverage_CBA_M1,,exact,158,1298,158.0,1298.0,43,362,2,16912
936,5,133,National Poll on Healthy Aging (NPHA),571,3,2,2,select_coverage,1.0,exact,237,1785,234.0,1775.0,62,476,2,23656
936,5,133,National Poll on Healthy Aging (NPHA),571,3,2,2,select_coverage,2.0,exact,405,3069,401.0,3051.0,109,846,2,40720
936,5,133,National Poll on Healthy Aging (NPHA),571,3,2,2,select_coverage,3.0,exact,546,4096,542.0,4078.0,139,1068,2,54336
936,5,133,National Poll on Healthy Aging (NPHA),571,3,2,2,select_coverage,4.0,exact,678,5048,672.0,5021.0,171,1311,2,67048
936,5,133,National Poll on Healthy Aging (NPHA),571,3,2,2,select_coverage_CBA_M1,,exact,158,1298,158.0,1298.0,43,362,2,16912
936,5,138,National Poll on Healthy Aging (NPHA),571,3,2,1,select_coverage,1.0,DAC,245,1741,,,245,1741,2,9944
936,5,138,National Poll on Healthy Aging (NPHA),571,3,2,1,select_coverage,1.0,exact,245,1741,245.0,1741.0,43,326,2,23096
936,5,138,National Poll on Healthy Aging (NPHA),571,3,2,1,select_coverage,2.0,DAC,443,3246,,,442,3244,2,18340
936,5,138,National Poll on Healthy Aging (NPHA),571,3,2,1,select_coverage,2.0,exact,443,3246,441.0,3236.0,78,595,2,42444
936,5,138,National Poll on Healthy Aging (NPHA),571,3,2,1,select_coverage,3.0,DAC,591,4366,,,589,4357,2,24596
936,5,138,National Poll on Healthy Aging (NPHA),571,3,2,1,select_coverage,3.0,exact,591,4366,587.0,4342.0,101,785,2,56780
936,5,138,National Poll on Healthy Aging (NPHA),571,3,2,1,select_coverage,4.0,DAC,720,5351,,,718,5342,2,30084
936,5,138,National Poll on Healthy Aging (NPHA),571,3,2,1,select_coverage,4.0,exact,720,5351,714.0,5310.0,127,996,2,69500
936,5,138,National Poll on Healthy Aging (NPHA),571,3,2,1,select_coverage_CBA_M1,,DAC,157,1218,,,157,1218,2,6796
936,5,138,National Poll on Healthy Aging (NPHA),571,3,2,1,select_coverage_CBA_M1,,exact,157,1218,157.0,1218.0,36,279,2,15908
936,5,138,National Poll on Healthy Aging (NPHA),571,3,2,2,select_coverage,1.0,exact,245,1741,245.0,1741.0,43,326,2,23096
936,5,138,National Poll on Healthy Aging (NPHA),571,3,2,2,select_coverage,2.0,exact,443,3246,441.0,3236.0,78,595,2,42444
936,5,138,National Poll on Healthy Aging (NPHA),571,3,2,2,select_coverage,3.0,exact,591,4368,587.0,4344.0,101,785,2,56796
936,5,138,National Poll on Healthy Aging (NPHA),571,3,2,2,select_coverage,4.0,exact,720,5351,714.0,5310.0,127,996,2,69500
936,5,138,National Poll on Healthy Aging (NPHA),571,3,2,2,select_coverage_CBA_M1,,exact,157,1218,157.0,1218.0,36,279,2,15908
936,5,148,National Poll on Healthy Aging (NPHA),571,3,2,1,select_coverage,1.0,DAC,218,1585,,,216,1578,2,8996
936,5,148,National Poll on Healthy Aging (NPHA),571,3,2,1,select_coverage,1.0,exact,218,1585,216.0,1578.0,45,333,2,20920
936,5,148,National Poll on Healthy Aging (NPHA),571,3,2,1,select_coverage,2.0,DAC,380,2787,,,377,2775,2,15748
936,5,148,National Poll on Healthy Aging (NPHA),571,3,2,1,select_coverage,2.0,exact,380,2787,377.0,2775.0,66,481,3,36260
936,5,148,National Poll on Healthy Aging (NPHA),571,3,2,1,select_coverage,3.0,DAC,501,3756,,,495,3722,2,21076
936,5,148,National Poll on Healthy Aging (NPHA),571,3,2,1,select_coverage,3.0,exact,501,3756,495.0,3722.0,87,673,3,48468
936,5,148,National Poll on Healthy Aging (NPHA),571,3,2,1,select_coverage,4.0,DAC,605,4490,,,597,4442,2,25260
936,5,148,National Poll on Healthy Aging (NPHA),571,3,2,1,select_coverage,4.0,exact,605,4490,597.0,4442.0,99,765,3,57916
936,5,148,National Poll on Healthy Aging (NPHA),571,3,2,1,select_coverage_CBA_M1,,DAC,149,1182,,,149,1182,2,6556
936,5,148,National Poll on Healthy Aging (NPHA),571,3,2,1,select_coverage_CBA_M1,,exact,149,1182,149.0,1182.0,35,285,2,15388
936,5,148,National Poll on Healthy Aging (NPHA),571,3,2,2,select_coverage,1.0,exact,218,1585,216.0,1578.0,45,333,2,20920
936,5,148,National Poll on Healthy Aging (NPHA),571,3,2,2,select_coverage,2.0,exact,380,2787,377.0,2775.0,66,481,3,36260
936,5,148,National Poll on Healthy Aging (NPHA),571,3,2,2,select_coverage,3.0,exact,501,3756,495.0,3722.0,87,673,3,48468
936,5,148,National Poll on Healthy Aging (NPHA),571,3,2,2,select_coverage,4.0,exact,605,4490,597.0,4442.0,99,765,3,57916
936,5,148,National Poll on Healthy Aging (NPHA),571,3,2,2,select_coverage_CBA_M1,,exact,149,1182,149.0,1182.0,35,285,2,15388
936,6,5,National Poll on Healthy Aging (NPHA),571,3,2,1,select_coverage,1.0,DAC,199,1464,,,199,1464,2,8292
936,6,5,National Poll on Healthy Aging (NPHA),571,3,2,1,select_coverage,1.0,exact,199,1464,199.0,1464.0,45,327,2,19412
936,6,5,National Poll on Healthy Aging (NPHA),571,3,2,1,select_coverage,2.0,DAC,354,2651,,,354,2651,2,14900
936,6,5,National Poll on Healthy Aging (NPHA),571,3,2,1,select_coverage,2.0,exact,354,2651,354.0,2651.0,79,605,2,34980
936,6,5,National Poll on Healthy Aging (NPHA),571,3,2,1,select_coverage,3.0,DAC,496,3737,,,494,3721,2,20948
936,6,5,National Poll on Healthy Aging (NPHA),571,3,2,1,select_coverage,3.0,exact,496,3737,493.0,3713.0,112,882,2,49128
936,6,5,National Poll on Healthy Aging (NPHA),571,3,2,1,select_coverage,4.0,DAC,628,4700,,,626,4684,2,26384
936,6,5,National Poll on Healthy Aging (NPHA),571,3,2,1,select_coverage,4.0,exact,628,4700,625.0,4676.0,132,1023,2,61620
936,6,5,National Poll on Healthy Aging (NPHA),571,3,2,1,select_coverage_CBA_M1,,DAC,137,1106,,,137,1106,2,6116
936,6,5,National Poll on Healthy Aging (NPHA),571,3,2,1,select_coverage_CBA_M1,,exact,137,1106,137.0,1106.0,36,277,2,14364
936,6,5,National Poll on Healthy Aging (NPHA),571,3,2,2,select_coverage,1.0,exact,199,1464,199.0,1464.0,45,327,2,19412
936,6,5,National Poll on Healthy Aging (NPHA),571,3,2,2,select_coverage,2.0,exact,354,2651,354.0,2651.0,79,605,2,34980
936,6,5,National Poll on Healthy Aging (NPHA),571,3,2,2,select_coverage,3.0,exact,496,3737,493.0,3713.0,112,882,2,49128
936,6,5,National Poll on Healthy Aging (NPHA),571,3,2,2,select_coverage,4.0,exact,628,4705,625.0,4681.0,132,1023,2,61660
936,6,5,National Poll on Healthy Aging (NPHA),571,3,2,2,select_coverage_CBA_M1,,exact,137,1106,137.0,1106.0,36,277,2,14364
936,6,14,National Poll on Healthy Aging (NPHA),571,3,2,1,select_coverage,1.0,DAC,223,1676,,,223,1676,2,9428
936,6,14,National Poll on Healthy Aging (NPHA),571,3,2,1,select_coverage,1.0,exact,223,1676,223.0,1676.0,39,293,2,21740
936,6,14,National Poll on Healthy Aging (NPHA),571,3,2,1,select_coverage,2.0,DAC,369,2769,,,369,2769,2,15552
936,6,14,National Poll on Healthy Aging (NPHA),571,3,2,1,select_coverage,2.0,exact,369,2769,369.0,2769.0,66,489,2,35940
936,6,14,National Poll on Healthy Aging (NPHA),571,3,2,1,select_coverage,3.0,DAC,486,3647,,,485,3642,2,20468
936,6,14,National Poll on Healthy Aging (NPHA),571,3,2,1,select_coverage,3.0,exact,486,3647,485.0,3642.0,90,656,2,47324
936,6,14,National Poll on Healthy Aging (NPHA),571,3,2,1,select_coverage,4.0,DAC,574,4275,,,573,4270,2,24036
936,6,14,National Poll on Healthy Aging (NPHA),571,3,2,1,select_coverage,4.0,exact,574,4275,573.0,4270.0,104,749,2,55536
936,6,14,National Poll on Healthy Aging (NPHA),571,3,2,1,select_coverage_CBA_M1,,DAC,159,1284,,,159,1284,2,7092
936,6,14,National Poll on Healthy Aging (NPHA),571,3,2,1,select_coverage_CBA_M1,,exact,159,1284,159.0,1284.0,33,264,2,16440
936,6,14,National Poll on Healthy Aging (NPHA),571,3,2,2,select_coverage,1.0,exact,223,1676,223.0,1676.0,39,293,2,21740
936,6,14,National Poll on Healthy Aging (NPHA),571,3,2,2,select_coverage,2.0,exact,369,2769,369.0,2769.0,66,489,2,35940
936,6,14,National Poll on Healthy Aging (NPHA),571,3,2,2,select_coverage,3.0,exact,486,3647,485.0,3642.0,90,656,2,47324
936,6,14,National Poll on Healthy Aging (NPHA),571,3,2,2,select_coverage,4.0,exact,575,4282,574.0,4277.0,104,749,2,55624
936,6,14,National Poll on Healthy Aging (NPHA),571,3,2,2,select_coverage_CBA_M1,,exact,159,1284,159.0,1284.0,33,264,2,16440
936,6,17,National Poll on Healthy Aging (NPHA),571,3,2,1,select_coverage,1.0,DAC,209,1523,,,207,1510,2,8648
936,6,17,National Poll on Healthy Aging (NPHA),571,3,2,1,select_coverage,1.0,exact,209,1523,207.0,1510.0,41,287,2,19928
936,6,17,National Poll on Healthy Aging (NPHA),571,3,2,1,select_coverage,2.0,DAC,360,2679,,,358,2666,2,15084
936,6,17,National Poll on Healthy Aging (NPHA),571,3,2,1,select_coverage,2.0,exact,360,2679,358.0,2666.0,73,548,2,35052
936,6,17,National Poll on Healthy Aging (NPHA),571,3,2,1,select_coverage,3.0,DAC,478,3563,,,476,3550,2,20036
936,6,17,National Poll on Healthy Aging (NPHA),571,3,2,1,select_coverage,3.0,exact,478,3563,476.0,3550.0,91,691,2,46472
936,6,17,National Poll on Healthy Aging (NPHA),571,3,2,1,select_coverage,4.0,DAC,579,4281,,,576,4260,2,24120
936,6,17,National Poll on Healthy Aging (NPHA),571,3,2,1,select_coverage,4.0,exact,579,4281,576.0,4260.0,106,796,2,55804
936,6,17,National Poll on Healthy Aging (NPHA),571,3,2,1,select_coverage_CBA_M1,,DAC,146,1139,,,146,1139,2,6356
936,6,17,National Poll on Healthy Aging (NPHA),571,3,2,1,select_coverage_CBA_M1,,exact,146,1139,146.0,1139.0,33,252,2,14816
936,6,17,National Poll on Healthy Aging (NPHA),571,3,2,2,select_coverage,1.0,exact,209,1523,207.0,1510.0,41,287,2,19928
936,6,17,National Poll on Healthy Aging (NPHA),571,3,2,2,select_coverage,2.0,exact,360,2679,358.0,2666.0,73,548,2,35052
936,6,17,National Poll on Healthy Aging (NPHA),571,3,2,2,select_coverage,3.0,exact,477,3557,475.0,3544.0,91,691,2,46392
936,6,17,National Poll on Healthy Aging (NPHA),571,3,2,2,select_coverage,4.0,exact,580,4291,577.0,4270.0,106,796,2,55916
936,6,17,National Poll on Healthy Aging (NPHA),571,3,2,2,select_coverage_CBA_M1,,exact,146,1139,146.0,1139.0,33,252,2,14816
936,6,19,National Poll on Healthy Aging (NPHA),571,3,2,1,select_coverage,1.0,DAC,226,1627,,,226,1627,2,9268
936,6,19,National Poll on Healthy Aging (NPHA),571,3,2,1,select_coverage,1.0,exact,226,1627,226.0,1627.0,49,359,2,21708
936,6,19,National Poll on Healthy Aging (NPHA),571,3,2,1,select_coverage,2.0,DAC,386,2812,,,386,2812,2,15928
936,6,19,National Poll on Healthy Aging (NPHA),571,3,2,1,select_coverage,2.0,exact,386,2812,386.0,2812.0,83,623,2,37364
936,6,19,National Poll on Healthy Aging (NPHA),571,3,2,1,select_coverage,3.0,DAC,514,3782,,,514,3782,2,21344
936,6,19,National Poll on Healthy Aging (NPHA),571,3,2,1,select_coverage,3.0,exact,514,3782,514.0,3782.0,106,816,2,49992
936,6,19,National Poll on Healthy Aging (NPHA),571,3,2,1,select_coverage,4.0,DAC,613,4523,,,613,4523,2,25496
936,6,19,National Poll on Healthy Aging (NPHA),571,3,2,1,select_coverage,4.0,exact,613,4523,613.0,4523.0,127,983,2,59756
936,6,19,National Poll on Healthy Aging (NPHA),571,3,2,1,select_coverage_CBA_M1,,DAC,157,1225,,,157,1225,2,6832
936,6,19,National Poll on Healthy Aging (NPHA),571,3,2,1,select_coverage_CBA_M1,,exact,157,1225,157.0,1225.0,40,314,2,16104
936,6,19,National Poll on Healthy Aging (NPHA),571,3,2,2,select_coverage,1.0,exact,226,1627,226.0,1627.0,49,359,2,21708
936,6,19,National Poll on Healthy Aging (NPHA),571,3,2,2,select_coverage,2.0,exact,386,2812,386.0,2812.0,83,623,2,37364
936,6,19,National Poll on Healthy Aging (NPHA),571,3,2,2,select_coverage,3.0,exact,514,3782,514.0,3782.0,106,816,2,49992
936,6,19,National Poll on Healthy Aging (NPHA),571,3,2,2,select_coverage,4.0,exact,614,4530,614.0,4530.0,127,983,2,59844
936,6,19,National Poll on Healthy Aging (NPHA),571,3,2,2,select_coverage_CBA_M1,,exact,157,1225,157.0,1225.0,40,314,2,16104
936,6,29,National Poll on Healthy Aging (NPHA),571,3,2,1,select_coverage,1.0,DAC,219,1599,,,216,1588,2,9072
936,6,29,National Poll on Healthy Aging (NPHA),571,3,2,1,select_coverage,1.0,exact,219,1599,216.0,1588.0,40,290,2,20844
936,6,29,National Poll on Healthy Aging (NPHA),571,3,2,1,select_coverage,2.0,DAC,369,2749,,,365,2732,2,15472
936,6,29,National Poll on Healthy Aging (NPHA),571,3,2,1,select_coverage,2.0,exact,369,2749,365.0,2732.0,71,547,2,35816
936,6,29,National Poll on Healthy Aging (NPHA),571,3,2,1,select_coverage,3.0,DAC,475,3542,,,471,3525,2,19916
936,6,29,National Poll on Healthy Aging (NPHA),571,3,2,1,select_coverage,3.0,exact,475,3542,471.0,3525.0,91,698,2,46156
936,6,29,National Poll on Healthy Aging (NPHA),571,3,2,1,select_coverage,4.0,DAC,557,4117,,,552,4094,2,23200
936,6,29,National Poll on Healthy Aging (NPHA),571,3,2,1,select_coverage,4.0,exact,557,4117,552.0,4094.0,103,782,2,53660
936,6,29,National Poll on Healthy Aging (NPHA),571,3,2,1,select_coverage_CBA_M1,,DAC,152,1214,,,152,1214,2,6728
936,6,29,National Poll on Healthy Aging (NPHA),571,3,2,1,select_coverage_CBA_M1,,exact,152,1214,152.0,1214.0,32,248,2,15592
936,6,29,National Poll on Healthy Aging (NPHA),571,3,2,2,select_coverage,1.0,exact,219,1599,216.0,1588.0,40,290,2,20844
936,6,29,National Poll on Healthy Aging (NPHA),571,3,2,2,select_coverage,2.0,exact,369,2749,365.0,2732.0,71,547,2,35816
936,6,29,National Poll on Healthy Aging (NPHA),571,3,2,2,select_coverage,3.0,exact,475,3542,471.0,3525.0,91,698,2,46156
936,6,29,National Poll on Healthy Aging (NPHA),571,3,2,2,select_coverage,4.0,exact,557,4117,552.0,4094.0,103,782,2,53660
936,6,29,National Poll on Healthy Aging (NPHA),571,3,2,2,select_coverage_CBA_M1,,exact,152,1214,152.0,1214.0,32,248,2,15592
936,6,31,National Poll on Healthy Aging (NPHA),571,3,2,1,select_coverage,1.0,DAC,209,1558,,,209,1558,2,8788
936,6,31,National Poll on Healthy Aging (NPHA),571,3,2,1,select_coverage,1.0,exact,209,1558,209.0,1558.0,51,383,2,20708
936,6,31,National Poll on Healthy Aging (NPHA),571,3,2,1,select_coverage,2.0,DAC,350,2634,,,349,2627,2,14784
936,6,31,National Poll on Healthy Aging (NPHA),571,3,2,1,select_coverage,2.0,exact,350,2634,349.0,2627.0,79,576,2,34540
936,6,31,National Poll on Healthy Aging (NPHA),571,3,2,1,select_coverage,3.0,DAC,459,3461,,,458,3454,2,19400
936,6,31,National Poll on Healthy Aging (NPHA),571,3,2,1,select_coverage,3.0,exact,459,3461,458.0,3454.0,106,781,2,45464
936,6,31,National Poll on Healthy Aging (NPHA),571,3,2,1,select_coverage,4.0,DAC,545,4116,,,544,4109,2,23052
936,6,31,National Poll on Healthy Aging (NPHA),571,3,2,1,select_coverage,4.0,exact,545,4116,543.0,4100.0,127,955,2,54084
936,6,31,National Poll on Healthy Aging (NPHA),571,3,2,1,select_coverage_CBA_M1,,DAC,154,1227,,,154,1227,2,6804
936,6,31,National Poll on Healthy Aging (NPHA),571,3,2,1,select_coverage_CBA_M1,,exact,154,1227,154.0,1227.0,39,316,2,16032
936,6,31,National Poll on Healthy Aging (NPHA),571,3,2,2,select_coverage,1.0,exact,210,1566,210.0,1566.0,51,383,2,20804
936,6,31,National Poll on Healthy Aging (NPHA),571,3,2,2,select_coverage,2.0,exact,351,2644,350.0,2637.0,79,576,2,34652
936,6,31,National Poll on Healthy Aging (NPHA),571,3,2,2,select_coverage,3.0,exact,458,3455,457.0,3448.0,106,781,2,45384
936,6,31,National Poll on Healthy Aging (NPHA),571,3,2,2,select_coverage,4.0,exact,546,4124,544.0,4108.0,127,955,2,54180
936,6,31,National Poll on Healthy Aging (NPHA),571,3,2,2,select_coverage_CBA_M1,,exact,154,1227,154.0,1227.0,39,316,2,16032
936,6,34,National Poll on Healthy Aging (NPHA),571,3,2,1,select_coverage,1.0,DAC,206,1446,,,205,1442,2,8304
936,6,34,National Poll on Healthy Aging (NPHA),571,3,2,1,select_coverage,1.0,exact,206,1446,205.0,1442.0,48,339,3,19492
936,6,34,National Poll on Healthy Aging (NPHA),571,3,2,1,select_coverage,2.0,DAC,368,2634,,,365,2619,2,15000
936,6,34,National Poll on Healthy Aging (NPHA),571,3,2,1,select_coverage,2.0,exact,368,2634,365.0,2619.0,82,596,3,35100
936,6,34,National Poll on Healthy Aging (NPHA),571,3,2,1,select_coverage,3.0,DAC,489,3486,,,484,3465,2,19860
936,6,34,National Poll on Healthy Aging (NPHA),571,3,2,1,select_coverage,3.0,exact,489,3486,484.0,3465.0,102,745,2,46296
936,6,34,National Poll on Healthy Aging (NPHA),571,3,2,1,select_coverage,4.0,DAC,589,4180,,,583,4155,2,23836
936,6,34,National Poll on Healthy Aging (NPHA),571,3,2,1,select_coverage,4.0,exact,589,4180,583.0,4155.0,120,891,2,55584
936,6,34,National Poll on Healthy Aging (NPHA),571,3,2,1,select_coverage_CBA_M1,,DAC,137,1051,,,137,1051,2,5896
936,6,34,National Poll on Healthy Aging (NPHA),571,3,2,1,select_coverage_CBA_M1,,exact,137,1051,137.0,1051.0,38,297,2,14004
936,6,34,National Poll on Healthy Aging (NPHA),571,3,2,2,select_coverage,1.0,exact,206,1446,205.0,1442.0,48,339,3,19492
936,6,34,National Poll on Healthy Aging (NPHA),571,3,2,2,select_coverage,2.0,exact,368,2634,365.0,2619.0,82,596,3,35100
936,6,34,National Poll on Healthy Aging (NPHA),571,3,2,2,select_coverage,3.0,exact,489,3486,484.0,3465.0,102,745,2,46296
936,6,34,National Poll on Healthy Aging (NPHA),571,3,2,2,select_coverage,4.0,exact,588,4174,582.0,4149.0,120,891,2,55504
936,6,34,National Poll on Healthy Aging (NPHA),571,3,2,2,select_coverage_CBA_M1,,exact,137,1051,137.0,1051.0,38,297,2,14004
936,6,42,National Poll on Healthy Aging (NPHA),571,3,2,1,select_coverage,1.0,DAC,206,1529,,,204,1518,2,8636
936,6,42,National Poll on Healthy Aging (NPHA),571,3,2,1,select_coverage,1.0,exact,206,1529,203.0,1510.0,56,442,2,20444
936,6,42,National Poll on Healthy Aging (NPHA),571,3,2,1,select_coverage,2.0,DAC,374,2786,,,371,2769,2,15680
936,6,42,National Poll on Healthy Aging (NPHA),571,3,2,1,select_coverage,2.0,exact,374,2786,370.0,2761.0,97,770,2,37132
936,6,42,National Poll on Healthy Aging (NPHA),571,3,2,1,select_coverage,3.0,DAC,491,3599,,,484,3566,2,20336
936,6,42,National Poll on Healthy Aging (NPHA),571,3,2,1,select_coverage,3.0,exact,491,3599,483.0,3558.0,126,972,2,47996
936,6,42,National Poll on Healthy Aging (NPHA),571,3,2,1,select_coverage,4.0,DAC,585,4234,,,574,4179,2,24004
936,6,42,National Poll on Healthy Aging (NPHA),571,3,2,1,select_coverage,4.0,exact,585,4234,573.0,4171.0,145,1092,2,56348
936,6,42,National Poll on Healthy Aging (NPHA),571,3,2,1,select_coverage_CBA_M1,,DAC,136,1112,,,136,1112,2,6128
936,6,42,National Poll on Healthy Aging (NPHA),571,3,2,1,select_coverage_CBA_M1,,exact,136,1112,136.0,1112.0,40,348,2,14664
936,6,42,National Poll on Healthy Aging (NPHA),571,3,2,2,select_coverage,1.0,exact,206,1529,203.0,1510.0,56,442,2,20444
936,6,42,National Poll on Healthy Aging (NPHA),571,3,2,2,select_coverage,2.0,exact,374,2786,370.0,2761.0,97,770,2,37132
936,6,42,National Poll on Healthy Aging (NPHA),571,3,2,2,select_coverage,3.0,exact,492,3611,484.0,3570.0,126,972,2,48124
936,6,42,National Poll on Healthy Aging (NPHA),571,3,2,2,select_coverage,4.0,exact,585,4234,573.0,4171.0,145,1092,2,56348
936,6,42,National Poll on Healthy Aging (NPHA),571,3,2,2,select_coverage_CBA_M1,,exact,136,1112,136.0,1112.0,40,348,2,14664
936,6,49,National Poll on Healthy Aging (NPHA),571,3,2,1,select_coverage,1.0,DAC,209,1517,,,208,1514,2,8624
936,6,49,National Poll on Healthy Aging (NPHA),571,3,2,1,select_coverage,1.0,exact,209,1517,208.0,1514.0,47,348,2,20196
936,6,49,National Poll on Healthy Aging (NPHA),571,3,2,1,select_coverage,2.0,DAC,383,2807,,,380,2797,2,15872
936,6,49,National Poll on Healthy Aging (NPHA),571,3,2,1,select_coverage,2.0,exact,383,2807,380.0,2797.0,79,599,2,36996
936,6,49,National Poll on Healthy Aging (NPHA),571,3,2,1,select_coverage,3.0,DAC,524,3849,,,520,3837,2,21732
936,6,49,National Poll on Healthy Aging (NPHA),571,3,2,1,select_coverage,3.0,exact,524,3849,520.0,3837.0,110,848,2,50800
936,6,49,National Poll on Healthy Aging (NPHA),571,3,2,1,select_coverage,4.0,DAC,634,4644,,,630,4632,2,26232
936,6,49,National Poll on Healthy Aging (NPHA),571,3,2,1,select_coverage,4.0,exact,634,4644,628.0,4619.0,135,1034,2,61308
936,6,49,National Poll on Healthy Aging (NPHA),571,3,2,1,select_coverage_CBA_M1,,DAC,139,1128,,,139,1128,2,6228
936,6,49,National Poll on Healthy Aging (NPHA),571,3,2,1,select_coverage_CBA_M1,,exact,139,1128,139.0,1128.0,36,293,2,14668
936,6,49,National Poll on Healthy Aging (NPHA),571,3,2,2,select_coverage,1.0,exact,209,1517,208.0,1514.0,47,348,2,20196
936,6,49,National Poll on Healthy Aging (NPHA),571,3,2,2,select_coverage,2.0,exact,383,2807,380.0,2797.0,79,599,2,36996
936,6,49,National Poll on Healthy Aging (NPHA),571,3,2,2,select_coverage,3.0,exact,523,3845,519.0,3833.0,110,848,2,50736
936,6,49,National Poll on Healthy Aging (NPHA),571,3,2,2,select_coverage,4.0,exact,636,4658,630.0,4633.0,137,1048,2,61540
936,6,49,National Poll on Healthy Aging (NPHA),571,3,2,2,select_coverage_CBA_M1,,exact,139,1128,139.0,1128.0,36,293,2,14668
936,6,63,National Poll on Healthy Aging (NPHA),571,3,2,1,select_coverage,1.0,DAC,222,1567,,,222,1567,2,8980
936,6,63,National Poll on Healthy Aging (NPHA),571,3,2,1,select_coverage,1.0,exact,222,1567,222.0,1567.0,52,391,2,21228
936,6,63,National Poll on Healthy Aging (NPHA),571,3,2,1,select_coverage,2.0,DAC,406,2926,,,406,2926,2,16624
936,6,63,National Poll on Healthy Aging (NPHA),571,3,2,1,select_coverage,2.0,exact,406,2926,405.0,2915.0,90,679,2,39064
936,6,63,National Poll on Healthy Aging (NPHA),571,3,2,1,select_coverage,3.0,DAC,545,3964,,,541,3937,2,22444
936,6,63,National Poll on Healthy Aging (NPHA),571,3,2,1,select_coverage,3.0,exact,545,3964,540.0,3926.0,115,873,2,52356
936,6,63,National Poll on Healthy Aging (NPHA),571,3,2,1,select_coverage,4.0,DAC,666,4807,,,658,4758,2,27268
936,6,63,National Poll on Healthy Aging (NPHA),571,3,2,1,select_coverage,4.0,exact,666,4807,656.0,4741.0,138,1034,2,63344
936,6,63,National Poll on Healthy Aging (NPHA),571,3,2,1,select_coverage_CBA_M1,,DAC,130,1014,,,130,1014,2,5664
936,6,63,National Poll on Healthy Aging (NPHA),571,3,2,1,select_coverage_CBA_M1,,exact,130,1014,130.0,1014.0,33,277,2,13404
936,6,63,National Poll on Healthy Aging (NPHA),571,3,2,2,select_coverage,1.0,exact,222,1567,222.0,1567.0,52,391,2,21228
936,6,63,National Poll on Healthy Aging (NPHA),571,3,2,2,select_coverage,2.0,exact,407,2933,406.0,2922.0,90,679,2,39152
936,6,63,National Poll on Healthy Aging (NPHA),571,3,2,2,select_coverage,3.0,exact,545,3964,540.0,3926.0,115,873,2,52356
936,6,63,National Poll on Healthy Aging (NPHA),571,3,2,2,select_coverage,4.0,exact,666,4807,656.0,4741.0,138,1034,2,63344
936,6,63,National Poll on Healthy Aging (NPHA),571,3,2,2,select_coverage_CBA_M1,,exact,130,1014,130.0,1014.0,33,277,2,13404
936,6,64,National Poll on Healthy Aging (NPHA),571,3,2,1,select_coverage,1.0,DAC,208,1539,,,208,1539,2,8700
936,6,64,National Poll on Healthy Aging (NPHA),571,3,2,1,select_coverage,1.0,exact,208,1539,208.0,1539.0,44,300,2,20192
936,6,64,National Poll on Healthy Aging (NPHA),571,3,2,1,select_coverage,2.0,DAC,343,2581,,,341,2574,2,14488
936,6,64,National Poll on Healthy Aging (NPHA),571,3,2,1,select_coverage,2.0,exact,343,2581,341.0,2574.0,67,482,2,33484
936,6,64,National Poll on Healthy Aging (NPHA),571,3,2,1,select_coverage,3.0,DAC,454,3458,,,450,3436,2,19328
936,6,64,National Poll on Healthy Aging (NPHA),571,3,2,1,select_coverage,3.0,exact,454,3458,450.0,3436.0,85,642,2,44568
936,6,64,National Poll on Healthy Aging (NPHA),571,3,2,1,select_coverage,4.0,DAC,548,4162,,,541,4123,2,23272
936,6,64,National Poll on Healthy Aging (NPHA),571,3,2,1,select_coverage,4.0,exact,548,4162,541.0,4123.0,97,733,2,53408
936,6,64,National Poll on Healthy Aging (NPHA),571,3,2,1,select_coverage_CBA_M1,,DAC,147,1185,,,147,1185,2,6552
936,6,64,National Poll on Healthy Aging (NPHA),571,3,2,1,select_coverage_CBA_M1,,exact,147,1185,147.0,1185.0,33,245,2,15188
936,6,64,National Poll on Healthy Aging (NPHA),571,3,2,2,select_coverage,1.0,exact,208,1539,208.0,1539.0,44,300,2,20192
936,6,64,National Poll on Healthy Aging (NPHA),571,3,2,2,select_coverage,2.0,exact,343,2581,341.0,2574.0,67,482,2,33484
936,6,64,National Poll on Healthy Aging (NPHA),571,3,2,2,select_coverage,3.0,exact,454,3458,450.0,3436.0,85,642,2,44568
936,6,64,National Poll on Healthy Aging (NPHA),571,3,2,2,select_coverage,4.0,exact,548,4162,541.0,4123.0,97,733,2,53408
936,6,64,National Poll on Healthy Aging (NPHA),571,3,2,2,select_coverage_CBA_M1,,exact,147,1185,147.0,1185.0,33,245,2,15188
936,6,65,National Poll on Healthy Aging (NPHA),571,3,2,1,select_coverage,1.0,DAC,221,1556,,,220,1548,2,8924
936,6,65,National Poll on Healthy Aging (NPHA),571,3,2,1,select_coverage,1.0,exact,221,1556,220.0,1548.0,44,343,2,20852
936,6,65,National Poll on Healthy Aging (NPHA),571,3,2,1,select_coverage,2.0,DAC,387,2775,,,386,2767,2,15792
936,6,65,National Poll on Healthy Aging (NPHA),571,3,2,1,select_coverage,2.0,exact,387,2775,386.0,2767.0,76,585,2,36884
936,6,65,National Poll on Healthy Aging (NPHA),571,3,2,1,select_coverage,3.0,DAC,505,3628,,,504,3620,2,20620
936,6,65,National Poll on Healthy Aging (NPHA),571,3,2,1,select_coverage,3.0,exact,505,3628,503.0,3615.0,98,757,2,48120
936,6,65,National Poll on Healthy Aging (NPHA),571,3,2,1,select_coverage,4.0,DAC,608,4404,,,606,4385,2,24960
936,6,65,National Poll on Healthy Aging (NPHA),571,3,2,1,select_coverage,4.0,exact,608,4404,605.0,4380.0,113,868,2,57992
936,6,65,National Poll on Healthy Aging (NPHA),571,3,2,1,select_coverage_CBA_M1,,DAC,159,1236,,,159,1236,2,6900
936,6,65,National Poll on Healthy Aging (NPHA),571,3,2,1,select_coverage_CBA_M1,,exact,159,1236,159.0,1236.0,39,315,2,16260
936,6,65,National Poll on Healthy Aging (NPHA),571,3,2,2,select_coverage,1.0,exact,222,1561,221.0,1553.0,44,343,2,20924
936,6,65,National Poll on Healthy Aging (NPHA),571,3,2,2,select_coverage,2.0,exact,388,2781,387.0,2773.0,76,585,2,36964
936,6,65,National Poll on Healthy Aging (NPHA),571,3,2,2,select_coverage,3.0,exact,505,3628,503.0,3615.0,98,757,2,48120
936,6,65,National Poll on Healthy Aging (NPHA),571,3,2,2,select_coverage,4.0,exact,608,4404,605.0,4380.0,113,868,2,57992
936,6,65,National Poll on Healthy Aging (NPHA),571,3,2,2,select_coverage_CBA_M1,,exact,159,1236,159.0,1236.0,39,315,2,16260
936,6,68,National Poll on Healthy Aging (NPHA),571,3,2,1,select_coverage,1.0,DAC,209,1470,,,209,1470,2,8436
936,6,68,National Poll on Healthy Aging (NPHA),571,3,2,1,select_coverage,1.0,exact,209,1470,209.0,1470.0,51,344,3,19848
936,6,68,National Poll on Healthy Aging (NPHA),571,3,2,1,select_coverage,2.0,DAC,388,2788,,,388,2788,2,15856
936,6,68,National Poll on Healthy Aging (NPHA),571,3,2,1,select_coverage,2.0,exact,388,2788,386.0,2768.0,86,610,3,37040
936,6,68,National Poll on Healthy Aging (NPHA),571,3,2,1,select_coverage,3.0,DAC,524,3776,,,523,3773,2,21440
936,6,68,National Poll on Healthy Aging (NPHA),571,3,2,1,select_coverage,3.0,exact,524,3776,521.0,3753.0,109,793,3,49984
936,6,68,National Poll on Healthy Aging (NPHA),571,3,2,1,select_coverage,4.0,DAC,627,4485,,,625,4477,2,25512
936,6,68,National Poll on Healthy Aging (NPHA),571,3,2,1,select_coverage,4.0,exact,627,4485,623.0,4457.0,129,919,3,59404
936,6,68,National Poll on Healthy Aging (NPHA),571,3,2,1,select_coverage_CBA_M1,,DAC,139,1064,,,139,1064,2,5972
936,6,68,National Poll on Healthy Aging (NPHA),571,3,2,1,select_coverage_CBA_M1,,exact,139,1064,139.0,1064.0,32,243,2,13956
936,6,68,National Poll on Healthy Aging (NPHA),571,3,2,2,select_coverage,1.0,exact,209,1470,209.0,1470.0,51,344,3,19848
936,6,68,National Poll on Healthy Aging (NPHA),571,3,2,2,select_coverage,2.0,exact,388,2788,386.0,2768.0,86,610,3,37040
936,6,68,National Poll on Healthy Aging (NPHA),571,3,2,2,select_coverage,3.0,exact,525,3783,522.0,3760.0,109,793,3,50072
936,6,68,National Poll on Healthy Aging (NPHA),571,3,2,2,select_coverage,4.0,exact,627,4485,623.0,4457.0,129,919,3,59404
936,6,68,National Poll on Healthy Aging (NPHA),571,3,2,2,select_coverage_CBA_M1,,exact,138,1056,138.0,1056.0,32,243,2,13860
936,6,74,National Poll on Healthy Aging (NPHA),571,3,2,1,select_coverage,1.0,DAC,190,1318,,,189,1315,2,7600
936,6,74,National Poll on Healthy Aging (NPHA),571,3,2,1,select_coverage,1.0,exact,190,1318,189.0,1315.0,33,217,2,17472
936,6,74,National Poll on Healthy Aging (NPHA),571,3,2,1,select_coverage,2.0,DAC,338,2407,,,336,2402,2,13732
936,6,74,National Poll on Healthy Aging (NPHA),571,3,2,1,select_coverage,2.0,exact,338,2407,336.0,2402.0,57,402,2,31620
936,6,74,National Poll on Healthy Aging (NPHA),571,3,2,1,select_coverage,3.0,DAC,454,3251,,,451,3241,2,18500
936,6,74,National Poll on Healthy Aging (NPHA),571,3,2,1,select_coverage,3.0,exact,454,3251,450.0,3239.0,78,557,2,42612
936,6,74,National Poll on Healthy Aging (NPHA),571,3,2,1,select_coverage,4.0,DAC,544,3888,,,541,3878,2,22128
936,6,74,National Poll on Healthy Aging (NPHA),571,3,2,1,select_coverage,4.0,exact,544,3888,539.0,3868.0,87,622,2,50784
936,6,74,National Poll on Healthy Aging (NPHA),571,3,2,1,select_coverage_CBA_M1,,DAC,125,957,,,125,957,2,5376
936,6,74,National Poll on Healthy Aging (NPHA),571,3,2,1,select_coverage_CBA_M1,,exact,125,957,125.0,957.0,24,183,2,12412
936,6,74,National Poll on Healthy Aging (NPHA),571,3,2,2,select_coverage,1.0,exact,190,1318,189.0,1315.0,33,217,2,17472
936,6,74,National Poll on Healthy Aging (NPHA),571,3,2,2,select_coverage,2.0,exact,338,2407,336.0,2402.0,57,402,2,31620
936,6,74,National Poll on Healthy Aging (NPHA),571,3,2,2,select_coverage,3.0,exact,454,3251,450.0,3239.0,78,557,2,42612
936,6,74,National Poll on Healthy Aging (NPHA),571,3,2,2,select_coverage,4.0,exact,544,3888,539.0,3868.0,87,622,2,50784
936,6,74,National Poll on Healthy Aging (NPHA),571,3,2,2,select_coverage_CBA_M1,,exact,126,964,126.0,964.0,24,183,2,12500
936,6,76,National Poll on Healthy Aging (NPHA),571,3,2,1,select_coverage,1.0,DAC,192,1443,,,192,1443,2,8124
936,6,76,National Poll on Healthy Aging (NPHA),571,3,2,1,select_coverage,1.0,exact,192,1443,192.0,1443.0,34,266,2,18776
936,6,76,National Poll on Healthy Aging (NPHA),571,3,2,1,select_coverage,2.0,DAC,328,2519,,,328,2519,2,14060
936,6,76,National Poll on Healthy Aging (NPHA),571,3,2,1,select_coverage,2.0,exact,328,2519,328.0,2519.0,51,398,2,32264
936,6,76,National Poll on Healthy Aging (NPHA),571,3,2,1,select_coverage,3.0,DAC,449,3439,,,449,3439,2,19192
936,6,76,National Poll on Healthy Aging (NPHA),571,3,2,1,select_coverage,3.0,exact,449,3439,448.0,3434.0,73,583,2,44184
936,6,76,National Poll on Healthy Aging (NPHA),571,3,2,1,select_coverage,4.0,DAC,555,4232,,,555,4232,2,23636
936,6,76,National Poll on Healthy Aging (NPHA),571,3,2,1,select_coverage,4.0,exact,555,4232,554.0,4227.0,85,678,2,54300
936,6,76,National Poll on Healthy Aging (NPHA),571,3,2,1,select_coverage_CBA_M1,,DAC,139,1121,,,139,1121,2,6200
936,6,76,National Poll on Healthy Aging (NPHA),571,3,2,1,select_coverage_CBA_M1,,exact,139,1121,139.0,1121.0,26,217,2,14308
936,6,76,National Poll on Healthy Aging (NPHA),571,3,2,2,select_coverage,1.0,exact,192,1443,192.0,1443.0,34,266,2,18776
936,6,76,National Poll on Healthy Aging (NPHA),571,3,2,2,select_coverage,2.0,exact,328,2519,328.0,2519.0,51,398,2,32264
936,6,76,National Poll on Healthy Aging (NPHA),571,3,2,2,select_coverage,3.0,exact,449,3439,448.0,3434.0,73,583,2,44184
936,6,76,National Poll on Healthy Aging (NPHA),571,3,2,2,select_coverage,4.0,exact,555,4232,554.0,4227.0,85,678,2,54300
936,6,76,National Poll on Healthy Aging (NPHA),571,3,2,2,select_coverage_CBA_M1,,exact,139,1121,139.0,1121.0,26,217,2,14308
936,6,100,National Poll on Healthy Aging (NPHA),571,3,2,1,select_coverage,1.0,DAC,224,1563,,,223,1559,2,8988
936,6,100,National Poll on Healthy Aging (NPHA),571,3,2,1,select_coverage,1.0,exact,224,1563,223.0,1559.0,50,344,2,21024
936,6,100,National Poll on Healthy Aging (NPHA),571,3,2,1,select_coverage,2.0,DAC,395,2800,,,394,2796,2,15988
936,6,100,National Poll on Healthy Aging (NPHA),571,3,2,1,select_coverage,2.0,exact,395,2800,394.0,2796.0,88,637,2,37564
936,6,100,National Poll on Healthy Aging (NPHA),571,3,2,1,select_coverage,3.0,DAC,526,3714,,,523,3697,2,21216
936,6,100,National Poll on Healthy Aging (NPHA),571,3,2,1,select_coverage,3.0,exact,526,3714,522.0,3688.0,108,797,2,49524
936,6,100,National Poll on Healthy Aging (NPHA),571,3,2,1,select_coverage,4.0,DAC,641,4530,,,638,4513,2,25860
936,6,100,National Poll on Healthy Aging (NPHA),571,3,2,1,select_coverage,4.0,exact,641,4530,636.0,4495.0,125,908,2,60108
936,6,100,National Poll on Healthy Aging (NPHA),571,3,2,1,select_coverage_CBA_M1,,DAC,160,1193,,,160,1193,2,6740
936,6,100,National Poll on Healthy Aging (NPHA),571,3,2,1,select_coverage_CBA_M1,,exact,160,1193,160.0,1193.0,40,302,2,15896
936,6,100,National Poll on Healthy Aging (NPHA),571,3,2,2,select_coverage,1.0,exact,225,1570,224.0,1566.0,50,344,2,21112
936,6,100,National Poll on Healthy Aging (NPHA),571,3,2,2,select_coverage,2.0,exact,396,2806,395.0,2802.0,88,637,2,37644
936,6,100,National Poll on Healthy Aging (NPHA),571,3,2,2,select_coverage,3.0,exact,527,3721,523.0,3695.0,108,797,2,49612
936,6,100,National Poll on Healthy Aging (NPHA),571,3,2,2,select_coverage,4.0,exact,641,4530,636.0,4495.0,125,908,2,60108
936,6,100,National Poll on Healthy Aging (NPHA),571,3,2,2,select_coverage_CBA_M1,,exact,160,1193,160.0,1193.0,40,302,2,15896
936,6,114,National Poll on Healthy Aging (NPHA),571,3,2,1,select_coverage,1.0,DAC,224,1571,,,223,1568,2,9020
936,6,114,National Poll on Healthy Aging (NPHA),571,3,2,1,select_coverage,1.0,exact,224,1571,223.0,1568.0,46,329,3,21032
936,6,114,National Poll on Healthy Aging (NPHA),571,3,2,1,select_coverage,2.0,DAC,381,2677,,,379,2670,2,15328
936,6,114,National Poll on Healthy Aging (NPHA),571,3,2,1,select_coverage,2.0,exact,381,2677,379.0,2670.0,75,557,2,35768
936,6,114,National Poll on Healthy Aging (NPHA),571,3,2,1,select_coverage,3.0,DAC,503,3522,,,501,3515,2,20172
936,6,114,National Poll on Healthy Aging (NPHA),571,3,2,1,select_coverage,3.0,exact,503,3522,500.0,3507.0,90,664,3,46796
936,6,114,National Poll on Healthy Aging (NPHA),571,3,2,1,select_coverage,4.0,DAC,611,4312,,,609,4305,2,24628
936,6,114,National Poll on Healthy Aging (NPHA),571,3,2,1,select_coverage,4.0,exact,611,4312,608.0,4297.0,105,779,3,57032
936,6,114,National Poll on Healthy Aging (NPHA),571,3,2,1,select_coverage_CBA_M1,,DAC,148,1131,,,148,1131,2,6348
936,6,114,National Poll on Healthy Aging (NPHA),571,3,2,1,select_coverage_CBA_M1,,exact,148,1131,148.0,1131.0,36,278,2,14920
936,6,114,National Poll on Healthy Aging (NPHA),571,3,2,2,select_coverage,1.0,exact,224,1571,223.0,1568.0,46,329,3,21032
936,6,114,National Poll on Healthy Aging (NPHA),571,3,2,2,select_coverage,2.0,exact,381,2680,379.0,2673.0,74,548,2,35756
936,6,114,National Poll on Healthy Aging (NPHA),571,3,2,2,select_coverage,3.0,exact,504,3530,501.0,3515.0,90,664,3,46892
936,6,114,National Poll on Healthy Aging (NPHA),571,3,2,2,select_coverage,4.0,exact,610,4307,607.0,4292.0,105,779,3,56960
936,6,114,National Poll on Healthy Aging (NPHA),571,3,2,2,select_coverage_CBA_M1,,exact,148,1131,148.0,1131.0,36,278,2,14920
936,6,133,National Poll on Healthy Aging (NPHA),571,3,2,1,select_coverage,1.0,DAC,247,1805,,,245,1798,2,10232
936,6,133,National Poll on Healthy Aging (NPHA),571,3,2,1,select_coverage,1.0,exact,247,1805,245.0,1798.0,53,386,2,23820
936,6,133,National Poll on Healthy Aging (NPHA),571,3,2,1,select_coverage,2.0,DAC,440,3275,,,436,3259,2,18428
936,6,133,National Poll on Healthy Aging (NPHA),571,3,2,1,select_coverage,2.0,exact,440,3275,436.0,3259.0,97,751,2,43116
936,6,133,National Poll on Healthy Aging (NPHA),571,3,2,1,select_coverage,3.0,DAC,594,4417,,,589,4398,2,24844
936,6,133,National Poll on Healthy Aging (NPHA),571,3,2,1,select_coverage,3.0,exact,594,4417,587.0,4382.0,132,1006,2,58028
936,6,133,National Poll on Healthy Aging (NPHA),571,3,2,1,select_coverage,4.0,DAC,724,5374,,,717,5346,2,30232
936,6,133,National Poll on Healthy Aging (NPHA),571,3,2,1,select_coverage,4.0,exact,724,5374,716.0,5338.0,150,1144,2,70360
936,6,133,National Poll on Healthy Aging (NPHA),571,3,2,1,select_coverage_CBA_M1,,DAC,164,1299,,,164,1299,2,7212
936,6,133,National Poll on Healthy Aging (NPHA),571,3,2,1,select_coverage_CBA_M1,,exact,164,1299,164.0,1299.0,36,295,2,16844
936,6,133,National Poll on Healthy Aging (NPHA),571,3,2,2,select_coverage,1.0,exact,247,1805,245.0,1798.0,53,386,2,23820
936,6,133,National Poll on Healthy Aging (NPHA),571,3,2,2,select_coverage,2.0,exact,440,3275,436.0,3259.0,97,751,2,43116
936,6,133,National Poll on Healthy Aging (NPHA),571,3,2,2,select_coverage,3.0,exact,596,4432,589.0,4397.0,132,1006,2,58212
936,6,133,National Poll on Healthy Aging (NPHA),571,3,2,2,select_coverage,4.0,exact,725,5382,717.0,5346.0,150,1144,2,70456
936,6,133,National Poll on Healthy Aging (NPHA),571,3,2,2,select_coverage_CBA_M1,,exact,164,1299,164.0,1299.0,36,295,2,16844
936,6,138,National Poll on Healthy Aging (NPHA),571,3,2,1,select_coverage,1.0,DAC,251,1798,,,251,1798,2,10252
936,6,138,National Poll on Healthy Aging (NPHA),571,3,2,1,select_coverage,1.0,exact,251,1798,251.0,1798.0,46,346,2,23824
936,6,138,National Poll on Healthy Aging (NPHA),571,3,2,1,select_coverage,2.0,DAC,442,3228,,,440,3217,2,18264
936,6,138,National Poll on Healthy Aging (NPHA),571,3,2,1,select_coverage,2.0,exact,442,3228,440.0,3217.0,72,548,2,42076
936,6,138,National Poll on Healthy Aging (NPHA),571,3,2,1,select_coverage,3.0,DAC,605,4448,,,600,4421,2,25100
936,6,138,National Poll on Healthy Aging (NPHA),571,3,2,1,select_coverage,3.0,exact,605,4448,598.0,4408.0,92,715,2,57444
936,6,138,National Poll on Healthy Aging (NPHA),571,3,2,1,select_coverage,4.0,DAC,742,5443,,,736,5414,2,30724
936,6,138,National Poll on Healthy Aging (NPHA),571,3,2,1,select_coverage,4.0,exact,742,5443,734.0,5401.0,109,850,2,70288
936,6,138,National Poll on Healthy Aging (NPHA),571,3,2,1,select_coverage_CBA_M1,,DAC,164,1289,,,164,1289,2,7172
936,6,138,National Poll on Healthy Aging (NPHA),571,3,2,1,select_coverage_CBA_M1,,exact,164,1289,164.0,1289.0,38,302,2,16792
936,6,138,National Poll on Healthy Aging (NPHA),571,3,2,2,select_coverage,1.0,exact,251,1798,251.0,1798.0,46,346,2,23824
936,6,138,National Poll on Healthy Aging (NPHA),571,3,2,2,select_coverage,2.0,exact,442,3228,440.0,3217.0,72,548,2,42076
936,6,138,National Poll on Healthy Aging (NPHA),571,3,2,2,select_coverage,3.0,exact,604,4442,597.0,4402.0,92,715,2,57364
936,6,138,National Poll on Healthy Aging (NPHA),571,3,2,2,select_coverage,4.0,exact,743,5448,735.0,5406.0,110,855,2,70380
936,6,138,National Poll on Healthy Aging (NPHA),571,3,2,2,select_coverage_CBA_M1,,exact,164,1289,164.0,1289.0,38,302,2,16792
936,6,148,National Poll on Healthy Aging (NPHA),571,3,2,1,select_coverage,1.0,DAC,224,1595,,,222,1585,2,9116
936,6,148,National Poll on Healthy Aging (NPHA),571,3,2,1,select_coverage,1.0,exact,224,1595,221.0,1578.0,38,279,3,20904
936,6,148,National Poll on Healthy Aging (NPHA),571,3,2,1,select_coverage,2.0,DAC,379,2744,,,375,2726,2,15572
936,6,148,National Poll on Healthy Aging (NPHA),571,3,2,1,select_coverage,2.0,exact,379,2744,374.0,2719.0,57,431,2,35568
936,6,148,National Poll on Healthy Aging (NPHA),571,3,2,1,select_coverage,3.0,DAC,512,3742,,,505,3709,2,21160
936,6,148,National Poll on Healthy Aging (NPHA),571,3,2,1,select_coverage,3.0,exact,512,3742,504.0,3702.0,69,534,2,48064
936,6,148,National Poll on Healthy Aging (NPHA),571,3,2,1,select_coverage,4.0,DAC,620,4501,,,613,4468,2,25492
936,6,148,National Poll on Healthy Aging (NPHA),571,3,2,1,select_coverage,4.0,exact,620,4501,610.0,4448.0,86,661,2,57984
936,6,148,National Poll on Healthy Aging (NPHA),571,3,2,1,select_coverage_CBA_M1,,DAC,149,1155,,,149,1155,2,6456
936,6,148,National Poll on Healthy Aging (NPHA),571,3,2,1,select_coverage_CBA_M1,,exact,149,1155,149.0,1155.0,28,229,2,14948
936,6,148,National Poll on Healthy Aging (NPHA),571,3,2,2,select_coverage,1.0,exact,224,1595,221.0,1578.0,38,279,3,20904
936,6,148,National Poll on Healthy Aging (NPHA),571,3,2,2,select_coverage,2.0,exact,380,2755,375.0,2730.0,57,431,2,35688
936,6,148,National Poll on Healthy Aging (NPHA),571,3,2,2,select_coverage,3.0,exact,513,3753,505.0,3713.0,69,534,2,48184
936,6,148,National Poll on Healthy Aging (NPHA),571,3,2,2,select_coverage,4.0,exact,621,4512,611.0,4459.0,86,661,2,58104
936,6,148,National Poll on Healthy Aging (NPHA),571,3,2,2,select_coverage_CBA_M1,,exact,149,1155,149.0,1155.0,28,229,2,14948
936,7,5,National Poll on Healthy Aging (NPHA),571,3,2,1,select_coverage,1.0,DAC,225,1603,,,224,1599,2,9168
936,7,5,National Poll on Healthy Aging (NPHA),571,3,2,1,select_coverage,1.0,exact,225,1603,224.0,1599.0,39,273,2,21092
936,7,5,National Poll on Healthy Aging (NPHA),571,3,2,1,select_coverage,2.0,DAC,389,2834,,,387,2826,2,16060
936,7,5,National Poll on Healthy Aging (NPHA),571,3,2,1,select_coverage,2.0,exact,389,2834,387.0,2826.0,70,504,2,37064
936,7,5,National Poll on Healthy Aging (NPHA),571,3,2,1,select_coverage,3.0,DAC,520,3790,,,518,3782,2,21456
936,7,5,National Poll on Healthy Aging (NPHA),571,3,2,1,select_coverage,3.0,exact,520,3790,517.0,3775.0,96,705,2,49648
936,7,5,National Poll on Healthy Aging (NPHA),571,3,2,1,select_coverage,4.0,DAC,633,4565,,,629,4548,2,25912
936,7,5,National Poll on Healthy Aging (NPHA),571,3,2,1,select_coverage,4.0,exact,633,4565,627.0,4535.0,116,842,2,59856
936,7,5,National Poll on Healthy Aging (NPHA),571,3,2,1,select_coverage_CBA_M1,,DAC,154,1218,,,154,1218,2,6776
936,7,5,National Poll on Healthy Aging (NPHA),571,3,2,1,select_coverage_CBA_M1,,exact,154,1218,154.0,1218.0,28,227,2,15604
936,7,5,National Poll on Healthy Aging (NPHA),571,3,2,2,select_coverage,1.0,exact,225,1603,224.0,1599.0,39,273,2,21092
936,7,5,National Poll on Healthy Aging (NPHA),571,3,2,2,select_coverage,2.0,exact,389,2834,387.0,2826.0,70,504,2,37064
936,7,5,National Poll on Healthy Aging (NPHA),571,3,2,2,select_coverage,3.0,exact,521,3795,518.0,3780.0,96,705,2,49720
936,7,5,National Poll on Healthy Aging (NPHA),571,3,2,2,select_coverage,4.0,exact,635,4576,628.0,4540.0,116,842,2,59952
936,7,5,National Poll on Healthy Aging (NPHA),571,3,2,2,select_coverage_CBA_M1,,exact,154,1218,154.0,1218.0,28,227,2,15604
936,7,14,National Poll on Healthy Aging (NPHA),571,3,2,1,select_coverage,1.0,DAC,224,1669,,,224,1669,2,9420
936,7,14,National Poll on Healthy Aging (NPHA),571,3,2,1,select_coverage,1.0,exact,224,1669,224.0,1669.0,42,327,2,21852
936,7,14,National Poll on Healthy Aging (NPHA),571,3,2,1,select_coverage,2.0,DAC,364,2722,,,364,2722,2,15312
936,7,14,National Poll on Healthy Aging (NPHA),571,3,2,1,select_coverage,2.0,exact,364,2722,363.0,2716.0,59,448,2,35184
936,7,14,National Poll on Healthy Aging (NPHA),571,3,2,1,select_coverage,3.0,DAC,470,3468,,,470,3468,2,19568
936,7,14,National Poll on Healthy Aging (NPHA),571,3,2,1,select_coverage,3.0,exact,470,3468,467.0,3451.0,75,554,2,44860
936,7,14,National Poll on Healthy Aging (NPHA),571,3,2,1,select_coverage,4.0,DAC,554,4075,,,554,4075,2,23004
936,7,14,National Poll on Healthy Aging (NPHA),571,3,2,1,select_coverage,4.0,exact,554,4075,551.0,4058.0,88,656,2,52812
936,7,14,National Poll on Healthy Aging (NPHA),571,3,2,1,select_coverage_CBA_M1,,DAC,160,1288,,,160,1288,2,7128
936,7,14,National Poll on Healthy Aging (NPHA),571,3,2,1,select_coverage_CBA_M1,,exact,160,1288,160.0,1288.0,35,292,2,16616
936,7,14,National Poll on Healthy Aging (NPHA),571,3,2,2,select_coverage,1.0,exact,224,1669,224.0,1669.0,42,327,2,21852
936,7,14,National Poll on Healthy Aging (NPHA),571,3,2,2,select_coverage,2.0,exact,364,2722,363.0,2716.0,59,448,2,35184
936,7,14,National Poll on Healthy Aging (NPHA),571,3,2,2,select_coverage,3.0,exact,470,3470,467.0,3453.0,74,548,2,44852
936,7,14,National Poll on Healthy Aging (NPHA),571,3,2,2,select_coverage,4.0,exact,556,4091,553.0,4074.0,88,656,2,53004
936,7,14,National Poll on Healthy Aging (NPHA),571,3,2,2,select_coverage_CBA_M1,,exact,160,1288,160.0,1288.0,35,292,2,16616
936,7,17,National Poll on Healthy Aging (NPHA),571,3,2,1,select_coverage,1.0,DAC,211,1514,,,210,1507,2,8644
936,7,17,National Poll on Healthy Aging (NPHA),571,3,2,1,select_coverage,1.0,exact,211,1514,210.0,1507.0,38,275,2,19928
936,7,17,National Poll on Healthy Aging (NPHA),571,3,2,1,select_coverage,2.0,DAC,372,2714,,,371,2707,2,15376
936,7,17,National Poll on Healthy Aging (NPHA),571,3,2,1,select_coverage,2.0,exact,372,2714,370.0,2699.0,69,512,2,35564
936,7,17,National Poll on Healthy Aging (NPHA),571,3,2,1,select_coverage,3.0,DAC,510,3723,,,508,3708,2,21068
936,7,17,National Poll on Healthy Aging (NPHA),571,3,2,1,select_coverage,3.0,exact,510,3723,507.0,3700.0,92,688,2,48692
936,7,17,National Poll on Healthy Aging (NPHA),571,3,2,1,select_coverage,4.0,DAC,609,4424,,,607,4411,2,25060
936,7,17,National Poll on Healthy Aging (NPHA),571,3,2,1,select_coverage,4.0,exact,609,4424,604.0,4390.0,109,812,2,57856
936,7,17,National Poll on Healthy Aging (NPHA),571,3,2,1,select_coverage_CBA_M1,,DAC,145,1123,,,145,1123,2,6288
936,7,17,National Poll on Healthy Aging (NPHA),571,3,2,1,select_coverage_CBA_M1,,exact,145,1123,145.0,1123.0,30,239,2,14604
936,7,17,National Poll on Healthy Aging (NPHA),571,3,2,2,select_coverage,1.0,exact,212,1522,211.0,1515.0,38,275,2,20024
936,7,17,National Poll on Healthy Aging (NPHA),571,3,2,2,select_coverage,2.0,exact,374,2729,372.0,2714.0,69,512,2,35748
936,7,17,National Poll on Healthy Aging (NPHA),571,3,2,2,select_coverage,3.0,exact,511,3730,508.0,3707.0,92,688,2,48780
936,7,17,National Poll on Healthy Aging (NPHA),571,3,2,2,select_coverage,4.0,exact,608,4415,603.0,4381.0,109,812,2,57752
936,7,17,National Poll on Healthy Aging (NPHA),571,3,2,2,select_coverage_CBA_M1,,exact,145,1123,145.0,1123.0,30,239,2,14604
936,7,19,National Poll on Healthy Aging (NPHA),571,3,2,1,select_coverage,1.0,DAC,213,1545,,,213,1545,2,8792
936,7,19,National Poll on Healthy Aging (NPHA),571,3,2,1,select_coverage,1.0,exact,213,1545,213.0,1545.0,40,295,2,20380
936,7,19,National Poll on Healthy Aging (NPHA),571,3,2,1,select_coverage,2.0,DAC,369,2740,,,367,2726,2,15444
936,7,19,National Poll on Healthy Aging (NPHA),571,3,2,1,select_coverage,2.0,exact,369,2740,366.0,2716.0,70,530,3,35680
936,7,19,National Poll on Healthy Aging (NPHA),571,3,2,1,select_coverage,3.0,DAC,492,3671,,,489,3648,2,20644
936,7,19,National Poll on Healthy Aging (NPHA),571,3,2,1,select_coverage,3.0,exact,492,3671,487.0,3631.0,93,730,3,47736
936,7,19,National Poll on Healthy Aging (NPHA),571,3,2,1,select_coverage,4.0,DAC,594,4428,,,590,4394,2,24896
936,7,19,National Poll on Healthy Aging (NPHA),571,3,2,1,select_coverage,4.0,exact,594,4428,588.0,4377.0,107,848,3,57452
936,7,19,National Poll on Healthy Aging (NPHA),571,3,2,1,select_coverage_CBA_M1,,DAC,157,1228,,,157,1228,2,6852
936,7,19,National Poll on Healthy Aging (NPHA),571,3,2,1,select_coverage_CBA_M1,,exact,157,1228,157.0,1228.0,32,261,2,15916
936,7,19,National Poll on Healthy Aging (NPHA),571,3,2,2,select_coverage,1.0,exact,213,1545,213.0,1545.0,40,295,2,20380
936,7,19,National Poll on Healthy Aging (NPHA),571,3,2,2,select_coverage,2.0,exact,369,2740,366.0,2716.0,70,530,3,35680
936,7,19,National Poll on Healthy Aging (NPHA),571,3,2,2,select_coverage,3.0,exact,492,3676,486.0,3625.0,92,724,3,47676
936,7,19,National Poll on Healthy Aging (NPHA),571,3,2,2,select_coverage,4.0,exact,594,4428,588.0,4377.0,107,848,3,57452
936,7,19,National Poll on Healthy Aging (NPHA),571,3,2,2,select_coverage_CBA_M1,,exact,157,1228,157.0,1228.0,32,261,2,15916
936,7,29,National Poll on Healthy Aging (NPHA),571,3,2,1,select_coverage,1.0,DAC,230,1691,,,230,1691,2,9580
936,7,29,National Poll on Healthy Aging (NPHA),571,3,2,1,select_coverage,1.0,exact,230,1691,230.0,1691.0,37,277,2,22020
936,7,29,National Poll on Healthy Aging (NPHA),571,3,2,1,select_coverage,2.0,DAC,390,2855,,,389,2853,2,16156
936,7,29,National Poll on Healthy Aging (NPHA),571,3,2,1,select_coverage,2.0,exact,390,2855,387.0,2842.0,61,463,2,37048
936,7,29,National Poll on Healthy Aging (NPHA),571,3,2,1,select_coverage,3.0,DAC,503,3658,,,501,3654,2,20724
936,7,29,National Poll on Healthy Aging (NPHA),571,3,2,1,select_coverage,3.0,exact,503,3658,499.0,3643.0,78,592,2,47564
936,7,29,National Poll on Healthy Aging (NPHA),571,3,2,1,select_coverage,4.0,DAC,589,4239,,,586,4232,2,24080
936,7,29,National Poll on Healthy Aging (NPHA),571,3,2,1,select_coverage,4.0,exact,589,4239,583.0,4214.0,86,637,2,55040
936,7,29,National Poll on Healthy Aging (NPHA),571,3,2,1,select_coverage_CBA_M1,,DAC,167,1330,,,167,1330,2,7380
936,7,29,National Poll on Healthy Aging (NPHA),571,3,2,1,select_coverage_CBA_M1,,exact,167,1330,167.0,1330.0,30,245,2,16988
936,7,29,National Poll on Healthy Aging (NPHA),571,3,2,2,select_coverage,1.0,exact,230,1691,230.0,1691.0,37,277,2,22020
936,7,29,National Poll on Healthy Aging (NPHA),571,3,2,2,select_coverage,2.0,exact,390,2855,387.0,2842.0,61,463,2,37048
936,7,29,National Poll on Healthy Aging (NPHA),571,3,2,2,select_coverage,3.0,exact,503,3658,499.0,3643.0,78,592,2,47564
936,7,29,National Poll on Healthy Aging (NPHA),571,3,2,2,select_coverage,4.0,exact,589,4239,583.0,4214.0,86,637,2,55040
936,7,29,National Poll on Healthy Aging (NPHA),571,3,2,2,select_coverage_CBA_M1,,exact,167,1330,167.0,1330.0,30,245,2,16988
936,7,31,National Poll on Healthy Aging (NPHA),571,3,2,1,select_coverage,1.0,DAC,209,1510,,,208,1506,2,8604
936,7,31,National Poll on Healthy Aging (NPHA),571,3,2,1,select_coverage,1.0,exact,209,1510,208.0,1506.0,41,300,2,19944
936,7,31,National Poll on Healthy Aging (NPHA),571,3,2,1,select_coverage,2.0,DAC,360,2640,,,359,2636,2,14936
936,7,31,National Poll on Healthy Aging (NPHA),571,3,2,1,select_coverage,2.0,exact,360,2640,358.0,2627.0,68,486,2,34492
936,7,31,National Poll on Healthy Aging (NPHA),571,3,2,1,select_coverage,3.0,DAC,464,3420,,,461,3400,2,19304
936,7,31,National Poll on Healthy Aging (NPHA),571,3,2,1,select_coverage,3.0,exact,464,3420,459.0,3382.0,88,638,2,44472
936,7,31,National Poll on Healthy Aging (NPHA),571,3,2,1,select_coverage,4.0,DAC,558,4081,,,555,4061,2,23076
936,7,31,National Poll on Healthy Aging (NPHA),571,3,2,1,select_coverage,4.0,exact,558,4081,553.0,4043.0,104,760,2,53256
936,7,31,National Poll on Healthy Aging (NPHA),571,3,2,1,select_coverage_CBA_M1,,DAC,145,1145,,,145,1145,2,6376
936,7,31,National Poll on Healthy Aging (NPHA),571,3,2,1,select_coverage_CBA_M1,,exact,145,1145,145.0,1145.0,32,257,2,14852
936,7,31,National Poll on Healthy Aging (NPHA),571,3,2,2,select_coverage,1.0,exact,209,1510,208.0,1506.0,41,300,2,19944
936,7,31,National Poll on Healthy Aging (NPHA),571,3,2,2,select_coverage,2.0,exact,360,2640,358.0,2627.0,68,486,2,34492
936,7,31,National Poll on Healthy Aging (NPHA),571,3,2,2,select_coverage,3.0,exact,464,3420,459.0,3382.0,88,638,2,44472
936,7,31,National Poll on Healthy Aging (NPHA),571,3,2,2,select_coverage,4.0,exact,558,4081,553.0,4043.0,104,760,2,53256
936,7,31,National Poll on Healthy Aging (NPHA),571,3,2,2,select_coverage_CBA_M1,,exact,145,1145,145.0,1145.0,32,257,2,14852
936,7,34,National Poll on Healthy Aging (NPHA),571,3,2,1,select_coverage,1.0,DAC,205,1482,,,205,1482,2,8444
936,7,34,National Poll on Healthy Aging (NPHA),571,3,2,1,select_coverage,1.0,exact,205,1482,205.0,1482.0,36,262,2,19488
936,7,34,National Poll on Healthy Aging (NPHA),571,3,2,1,select_coverage,2.0,DAC,350,2559,,,350,2559,2,14492
936,7,34,National Poll on Healthy Aging (NPHA),571,3,2,1,select_coverage,2.0,exact,350,2559,350.0,2559.0,59,447,2,33484
936,7,34,National Poll on Healthy Aging (NPHA),571,3,2,1,select_coverage,3.0,DAC,447,3268,,,447,3268,2,18492
936,7,34,National Poll on Healthy Aging (NPHA),571,3,2,1,select_coverage,3.0,exact,447,3268,447.0,3268.0,77,592,2,42840
936,7,34,National Poll on Healthy Aging (NPHA),571,3,2,1,select_coverage,4.0,DAC,539,3932,,,539,3932,2,22252
936,7,34,National Poll on Healthy Aging (NPHA),571,3,2,1,select_coverage,4.0,exact,539,3932,539.0,3932.0,83,633,2,51260
936,7,34,National Poll on Healthy Aging (NPHA),571,3,2,1,select_coverage_CBA_M1,,DAC,133,1053,,,133,1053,2,5864
936,7,34,National Poll on Healthy Aging (NPHA),571,3,2,1,select_coverage_CBA_M1,,exact,133,1053,133.0,1053.0,30,239,2,13660
936,7,34,National Poll on Healthy Aging (NPHA),571,3,2,2,select_coverage,1.0,exact,205,1482,205.0,1482.0,36,262,2,19488
936,7,34,National Poll on Healthy Aging (NPHA),571,3,2,2,select_coverage,2.0,exact,350,2559,350.0,2559.0,59,447,2,33484
936,7,34,National Poll on Healthy Aging (NPHA),571,3,2,2,select_coverage,3.0,exact,448,3275,448.0,3275.0,77,592,2,42928
936,7,34,National Poll on Healthy Aging (NPHA),571,3,2,2,select_coverage,4.0,exact,539,3934,539.0,3934.0,83,633,2,51276
936,7,34,National Poll on Healthy Aging (NPHA),571,3,2,2,select_coverage_CBA_M1,,exact,135,1074,135.0,1074.0,30,239,2,13892
936,7,42,National Poll on Healthy Aging (NPHA),571,3,2,1,select_coverage,1.0,DAC,209,1513,,,208,1507,2,8616
936,7,42,National Poll on Healthy Aging (NPHA),571,3,2,1,select_coverage,1.0,exact,209,1513,207.0,1503.0,47,363,2,20164
936,7,42,National Poll on Healthy Aging (NPHA),571,3,2,1,select_coverage,2.0,DAC,363,2663,,,360,2652,2,15064
936,7,42,National Poll on Healthy Aging (NPHA),571,3,2,1,select_coverage,2.0,exact,363,2663,358.0,2642.0,83,636,2,35244
936,7,42,National Poll on Healthy Aging (NPHA),571,3,2,1,select_coverage,3.0,DAC,464,3389,,,458,3361,2,19180
936,7,42,National Poll on Healthy Aging (NPHA),571,3,2,1,select_coverage,3.0,exact,464,3389,455.0,3344.0,102,784,2,44652
936,7,42,National Poll on Healthy Aging (NPHA),571,3,2,1,select_coverage,4.0,DAC,560,4053,,,554,4025,2,22988
936,7,42,National Poll on Healthy Aging (NPHA),571,3,2,1,select_coverage,4.0,exact,560,4053,551.0,4008.0,122,927,2,53608
936,7,42,National Poll on Healthy Aging (NPHA),571,3,2,1,select_coverage_CBA_M1,,DAC,142,1128,,,142,1128,2,6272
936,7,42,National Poll on Healthy Aging (NPHA),571,3,2,1,select_coverage_CBA_M1,,exact,142,1128,142.0,1128.0,33,285,2,14732
936,7,42,National Poll on Healthy Aging (NPHA),571,3,2,2,select_coverage,1.0,exact,209,1513,207.0,1503.0,47,363,2,20164
936,7,42,National Poll on Healthy Aging (NPHA),571,3,2,2,select_coverage,2.0,exact,364,2669,359.0,2648.0,83,636,2,35324
936,7,42,National Poll on Healthy Aging (NPHA),571,3,2,2,select_coverage,3.0,exact,464,3389,455.0,3344.0,102,784,2,44652
936,7,42,National Poll on Healthy Aging (NPHA),571,3,2,2,select_coverage,4.0,exact,561,4062,552.0,4017.0,122,927,2,53712
936,7,42,National Poll on Healthy Aging (NPHA),571,3,2,2,select_coverage_CBA_M1,,exact,142,1128,142.0,1128.0,33,285,2,14732
936,7,49,National Poll on Healthy Aging (NPHA),571,3,2,1,select_coverage,1.0,DAC,212,1523,,,210,1515,2,8692
936,7,49,National Poll on Healthy Aging (NPHA),571,3,2,1,select_coverage,1.0,exact,212,1523,210.0,1515.0,45,340,2,20256
936,7,49,National Poll on Healthy Aging (NPHA),571,3,2,1,select_coverage,2.0,DAC,369,2710,,,365,2691,2,15324
936,7,49,National Poll on Healthy Aging (NPHA),571,3,2,1,select_coverage,2.0,exact,369,2710,364.0,2682.0,76,582,2,35568
936,7,49,National Poll on Healthy Aging (NPHA),571,3,2,1,select_coverage,3.0,DAC,487,3574,,,483,3555,2,20196
936,7,49,National Poll on Healthy Aging (NPHA),571,3,2,1,select_coverage,3.0,exact,487,3574,481.0,3538.0,102,769,2,46940
936,7,49,National Poll on Healthy Aging (NPHA),571,3,2,1,select_coverage,4.0,DAC,595,4353,,,590,4330,2,24608
936,7,49,National Poll on Healthy Aging (NPHA),571,3,2,1,select_coverage,4.0,exact,595,4353,587.0,4307.0,124,942,2,57216
936,7,49,National Poll on Healthy Aging (NPHA),571,3,2,1,select_coverage_CBA_M1,,DAC,139,1107,,,139,1107,2,6152
936,7,49,National Poll on Healthy Aging (NPHA),571,3,2,1,select_coverage_CBA_M1,,exact,139,1107,139.0,1107.0,32,272,2,14416
936,7,49,National Poll on Healthy Aging (NPHA),571,3,2,2,select_coverage,1.0,exact,212,1523,210.0,1515.0,45,340,2,20256
936,7,49,National Poll on Healthy Aging (NPHA),571,3,2,2,select_coverage,2.0,exact,369,2710,364.0,2682.0,76,582,2,35568
936,7,49,National Poll on Healthy Aging (NPHA),571,3,2,2,select_coverage,3.0,exact,487,3574,481.0,3538.0,102,769,2,46940
936,7,49,National Poll on Healthy Aging (NPHA),571,3,2,2,select_coverage,4.0,exact,596,4362,588.0,4316.0,125,951,2,57356
936,7,49,National Poll on Healthy Aging (NPHA),571,3,2,2,select_coverage_CBA_M1,,exact,139,1107,139.0,1107.0,32,272,2,14416
936,7,63,National Poll on Healthy Aging (NPHA),571,3,2,1,select_coverage,1.0,DAC,216,1525,,,216,1525,2,8748
936,7,63,National Poll on Healthy Aging (NPHA),571,3,2,1,select_coverage,1.0,exact,216,1525,216.0,1525.0,52,361,2,20580
936,7,63,National Poll on Healthy Aging (NPHA),571,3,2,1,select_coverage,2.0,DAC,384,2719,,,382,2708,2,15540
936,7,63,National Poll on Healthy Aging (NPHA),571,3,2,1,select_coverage,2.0,exact,384,2719,382.0,2708.0,90,652,2,36564
936,7,63,National Poll on Healthy Aging (NPHA),571,3,2,1,select_coverage,3.0,DAC,519,3688,,,513,3655,2,21036
936,7,63,National Poll on Healthy Aging (NPHA),571,3,2,1,select_coverage,3.0,exact,519,3688,513.0,3655.0,111,790,2,48972
936,7,63,National Poll on Healthy Aging (NPHA),571,3,2,1,select_coverage,4.0,DAC,617,4385,,,610,4344,2,25000
936,7,63,National Poll on Healthy Aging (NPHA),571,3,2,1,select_coverage,4.0,exact,617,4385,610.0,4344.0,128,919,2,58136
936,7,63,National Poll on Healthy Aging (NPHA),571,3,2,1,select_coverage_CBA_M1,,DAC,138,1073,,,138,1073,2,6004
936,7,63,National Poll on Healthy Aging (NPHA),571,3,2,1,select_coverage_CBA_M1,,exact,138,1073,138.0,1073.0,33,267,2,14092
936,7,63,National Poll on Healthy Aging (NPHA),571,3,2,2,select_coverage,1.0,exact,216,1525,216.0,1525.0,52,361,2,20580
936,7,63,National Poll on Healthy Aging (NPHA),571,3,2,2,select_coverage,2.0,exact,384,2719,382.0,2708.0,90,652,2,36564
936,7,63,National Poll on Healthy Aging (NPHA),571,3,2,2,select_coverage,3.0,exact,519,3688,513.0,3655.0,111,790,2,48972
936,7,63,National Poll on Healthy Aging (NPHA),571,3,2,2,select_coverage,4.0,exact,617,4385,610.0,4344.0,128,919,2,58136
936,7,63,National Poll on Healthy Aging (NPHA),571,3,2,2,select_coverage_CBA_M1,,exact,138,1073,138.0,1073.0,33,267,2,14092
936,7,64,National Poll on Healthy Aging (NPHA),571,3,2,1,select_coverage,1.0,DAC,224,1628,,,224,1628,2,9256
936,7,64,National Poll on Healthy Aging (NPHA),571,3,2,1,select_coverage,1.0,exact,224,1628,224.0,1628.0,30,220,2,21096
936,7,64,National Poll on Healthy Aging (NPHA),571,3,2,1,select_coverage,2.0,DAC,381,2811,,,380,2803,2,15872
936,7,64,National Poll on Healthy Aging (NPHA),571,3,2,1,select_coverage,2.0,exact,381,2811,377.0,2783.0,52,394,2,36040
936,7,64,National Poll on Healthy Aging (NPHA),571,3,2,1,select_coverage,3.0,DAC,504,3741,,,502,3728,2,21068
936,7,64,National Poll on Healthy Aging (NPHA),571,3,2,1,select_coverage,3.0,exact,504,3741,497.0,3696.0,71,572,2,47964
936,7,64,National Poll on Healthy Aging (NPHA),571,3,2,1,select_coverage,4.0,DAC,610,4521,,,606,4493,2,25460
936,7,64,National Poll on Healthy Aging (NPHA),571,3,2,1,select_coverage,4.0,exact,610,4521,601.0,4461.0,81,647,2,57772
936,7,64,National Poll on Healthy Aging (NPHA),571,3,2,1,select_coverage_CBA_M1,,DAC,149,1173,,,149,1173,2,6536
936,7,64,National Poll on Healthy Aging (NPHA),571,3,2,1,select_coverage_CBA_M1,,exact,149,1173,149.0,1173.0,23,191,2,14940
936,7,64,National Poll on Healthy Aging (NPHA),571,3,2,2,select_coverage,1.0,exact,224,1628,224.0,1628.0,30,220,2,21096
936,7,64,National Poll on Healthy Aging (NPHA),571,3,2,2,select_coverage,2.0,exact,381,2811,377.0,2783.0,52,394,2,36040
936,7,64,National Poll on Healthy Aging (NPHA),571,3,2,2,select_coverage,3.0,exact,504,3741,497.0,3696.0,71,572,2,47964
936,7,64,National Poll on Healthy Aging (NPHA),571,3,2,2,select_coverage,4.0,exact,609,4515,600.0,4455.0,81,647,2,57692
936,7,64,National Poll on Healthy Aging (NPHA),571,3,2,2,select_coverage_CBA_M1,,exact,149,1173,149.0,1173.0,23,191,2,14940
936,7,65,National Poll on Healthy Aging (NPHA),571,3,2,1,select_coverage,1.0,DAC,238,1657,,,237,1649,2,9540
936,7,65,National Poll on Healthy Aging (NPHA),571,3,2,1,select_coverage,1.0,exact,238,1657,236.0,1644.0,31,243,2,21752
936,7,65,National Poll on Healthy Aging (NPHA),571,3,2,1,select_coverage,2.0,DAC,419,2976,,,417,2964,2,16988
936,7,65,National Poll on Healthy Aging (NPHA),571,3,2,1,select_coverage,2.0,exact,419,2976,415.0,2953.0,54,436,2,38764
936,7,65,National Poll on Healthy Aging (NPHA),571,3,2,1,select_coverage,3.0,DAC,555,3989,,,550,3959,2,22672
936,7,65,National Poll on Healthy Aging (NPHA),571,3,2,1,select_coverage,3.0,exact,555,3989,548.0,3948.0,73,585,2,51648
936,7,65,National Poll on Healthy Aging (NPHA),571,3,2,1,select_coverage,4.0,DAC,658,4705,,,650,4660,2,26772
936,7,65,National Poll on Healthy Aging (NPHA),571,3,2,1,select_coverage,4.0,exact,658,4705,646.0,4628.0,81,645,2,60608
936,7,65,National Poll on Healthy Aging (NPHA),571,3,2,1,select_coverage_CBA_M1,,DAC,164,1239,,,164,1239,2,6980
936,7,65,National Poll on Healthy Aging (NPHA),571,3,2,1,select_coverage_CBA_M1,,exact,164,1239,164.0,1239.0,29,234,2,16120
936,7,65,National Poll on Healthy Aging (NPHA),571,3,2,2,select_coverage,1.0,exact,238,1657,236.0,1644.0,31,243,2,21752
936,7,65,National Poll on Healthy Aging (NPHA),571,3,2,2,select_coverage,2.0,exact,419,2976,415.0,2953.0,54,436,2,38764
936,7,65,National Poll on Healthy Aging (NPHA),571,3,2,2,select_coverage,3.0,exact,555,3989,548.0,3948.0,73,585,2,51648
936,7,65,National Poll on Healthy Aging (NPHA),571,3,2,2,select_coverage,4.0,exact,658,4705,646.0,4628.0,81,645,2,60608
936,7,65,National Poll on Healthy Aging (NPHA),571,3,2,2,select_coverage_CBA_M1,,exact,164,1239,164.0,1239.0,29,234,2,16120
936,7,68,National Poll on Healthy Aging (NPHA),571,3,2,1,select_coverage,1.0,DAC,220,1534,,,218,1528,2,8832
936,7,68,National Poll on Healthy Aging (NPHA),571,3,2,1,select_coverage,1.0,exact,220,1534,218.0,1528.0,44,304,2,20464
936,7,68,National Poll on Healthy Aging (NPHA),571,3,2,1,select_coverage,2.0,DAC,400,2854,,,395,2832,2,16272
936,7,68,National Poll on Healthy Aging (NPHA),571,3,2,1,select_coverage,2.0,exact,400,2854,394.0,2824.0,78,541,2,37508
936,7,68,National Poll on Healthy Aging (NPHA),571,3,2,1,select_coverage,3.0,DAC,534,3767,,,529,3745,2,21532
936,7,68,National Poll on Healthy Aging (NPHA),571,3,2,1,select_coverage,3.0,exact,534,3767,527.0,3729.0,96,671,2,49556
936,7,68,National Poll on Healthy Aging (NPHA),571,3,2,1,select_coverage,4.0,DAC,641,4524,,,634,4491,2,25844
936,7,68,National Poll on Healthy Aging (NPHA),571,3,2,1,select_coverage,4.0,exact,641,4524,632.0,4475.0,107,747,2,59232
936,7,68,National Poll on Healthy Aging (NPHA),571,3,2,1,select_coverage_CBA_M1,,DAC,140,1090,,,140,1090,2,6096
936,7,68,National Poll on Healthy Aging (NPHA),571,3,2,1,select_coverage_CBA_M1,,exact,140,1090,140.0,1090.0,29,229,2,14140
936,7,68,National Poll on Healthy Aging (NPHA),571,3,2,2,select_coverage,1.0,exact,220,1534,218.0,1528.0,44,304,2,20464
936,7,68,National Poll on Healthy Aging (NPHA),571,3,2,2,select_coverage,2.0,exact,400,2854,394.0,2824.0,78,541,2,37508
936,7,68,National Poll on Healthy Aging (NPHA),571,3,2,2,select_coverage,3.0,exact,534,3767,527.0,3729.0,96,671,2,49556
936,7,68,National Poll on Healthy Aging (NPHA),571,3,2,2,select_coverage,4.0,exact,641,4524,632.0,4475.0,107,747,2,59232
936,7,68,National Poll on Healthy Aging (NPHA),571,3,2,2,select_coverage_CBA_M1,,exact,140,1090,140.0,1090.0,29,229,2,14140
936,7,74,National Poll on Healthy Aging (NPHA),571,3,2,1,select_coverage,1.0,DAC,200,1402,,,198,1394,2,8064
936,7,74,National Poll on Healthy Aging (NPHA),571,3,2,1,select_coverage,1.0,exact,200,1402,198.0,1394.0,39,272,2,18632
936,7,74,National Poll on Healthy Aging (NPHA),571,3,2,1,select_coverage,2.0,DAC,349,2466,,,345,2450,2,14108
936,7,74,National Poll on Healthy Aging (NPHA),571,3,2,1,select_coverage,2.0,exact,349,2466,345.0,2450.0,60,421,2,32412
936,7,74,National Poll on Healthy Aging (NPHA),571,3,2,1,select_coverage,3.0,DAC,470,3374,,,463,3346,2,19192
936,7,74,National Poll on Healthy Aging (NPHA),571,3,2,1,select_coverage,3.0,exact,470,3374,463.0,3346.0,75,542,2,43888
936,7,74,National Poll on Healthy Aging (NPHA),571,3,2,1,select_coverage,4.0,DAC,562,4007,,,552,3967,2,22828
936,7,74,National Poll on Healthy Aging (NPHA),571,3,2,1,select_coverage,4.0,exact,562,4007,552.0,3967.0,87,625,2,52084
936,7,74,National Poll on Healthy Aging (NPHA),571,3,2,1,select_coverage_CBA_M1,,DAC,124,975,,,124,975,2,5444
936,7,74,National Poll on Healthy Aging (NPHA),571,3,2,1,select_coverage_CBA_M1,,exact,124,975,124.0,975.0,32,241,2,12756
936,7,74,National Poll on Healthy Aging (NPHA),571,3,2,2,select_coverage,1.0,exact,200,1402,198.0,1394.0,39,272,2,18632
936,7,74,National Poll on Healthy Aging (NPHA),571,3,2,2,select_coverage,2.0,exact,349,2466,345.0,2450.0,60,421,2,32412
936,7,74,National Poll on Healthy Aging (NPHA),571,3,2,2,select_coverage,3.0,exact,471,3381,464.0,3353.0,75,542,2,43976
936,7,74,National Poll on Healthy Aging (NPHA),571,3,2,2,select_coverage,4.0,exact,563,4014,553.0,3974.0,87,625,2,52172
936,7,74,National Poll on Healthy Aging (NPHA),571,3,2,2,select_coverage_CBA_M1,,exact,124,975,124.0,975.0,32,241,2,12756
936,7,76,National Poll on Healthy Aging (NPHA),571,3,2,1,select_coverage,1.0,DAC,193,1399,,,192,1396,2,7968
936,7,76,National Poll on Healthy Aging (NPHA),571,3,2,1,select_coverage,1.0,exact,193,1399,192.0,1396.0,25,193,2,18120
936,7,76,National Poll on Healthy Aging (NPHA),571,3,2,1,select_coverage,2.0,DAC,325,2424,,,324,2421,2,13652
936,7,76,National Poll on Healthy Aging (NPHA),571,3,2,1,select_coverage,2.0,exact,325,2424,324.0,2421.0,45,336,2,31116
936,7,76,National Poll on Healthy Aging (NPHA),571,3,2,1,select_coverage,3.0,DAC,423,3186,,,422,3183,2,17876
936,7,76,National Poll on Healthy Aging (NPHA),571,3,2,1,select_coverage,3.0,exact,423,3186,422.0,3183.0,57,436,2,40748
936,7,76,National Poll on Healthy Aging (NPHA),571,3,2,1,select_coverage,4.0,DAC,498,3734,,,497,3731,2,20968
936,7,76,National Poll on Healthy Aging (NPHA),571,3,2,1,select_coverage,4.0,exact,498,3734,497.0,3731.0,65,501,2,47792
936,7,76,National Poll on Healthy Aging (NPHA),571,3,2,1,select_coverage_CBA_M1,,DAC,122,995,,,122,995,2,5500
936,7,76,National Poll on Healthy Aging (NPHA),571,3,2,1,select_coverage_CBA_M1,,exact,122,995,122.0,995.0,21,174,2,12584
936,7,76,National Poll on Healthy Aging (NPHA),571,3,2,2,select_coverage,1.0,exact,193,1399,192.0,1396.0,25,193,2,18120
936,7,76,National Poll on Healthy Aging (NPHA),571,3,2,2,select_coverage,2.0,exact,325,2424,324.0,2421.0,45,336,2,31116
936,7,76,National Poll on Healthy Aging (NPHA),571,3,2,2,select_coverage,3.0,exact,423,3186,422.0,3183.0,57,436,2,40748
936,7,76,National Poll on Healthy Aging (NPHA),571,3,2,2,select_coverage,4.0,exact,499,3742,498.0,3739.0,65,501,2,47888
936,7,76,National Poll on Healthy Aging (NPHA),571,3,2,2,select_coverage_CBA_M1,,exact,122,995,122.0,995.0,21,174,2,12584
936,7,100,National Poll on Healthy Aging (NPHA),571,3,2,1,select_coverage,1.0,DAC,219,1520,,,218,1516,2,8764
936,7,100,National Poll on Healthy Aging (NPHA),571,3,2,1,select_coverage,1.0,exact,219,1520,218.0,1516.0,39,281,2,20268
936,7,100,National Poll on Healthy Aging (NPHA),571,3,2,1,select_coverage,2.0,DAC,378,2660,,,375,2647,2,15232
936,7,100,National Poll on Healthy Aging (NPHA),571,3,2,1,select_coverage,2.0,exact,378,2660,375.0,2647.0,60,446,2,35036
936,7,100,National Poll on Healthy Aging (NPHA),571,3,2,1,select_coverage,3.0,DAC,496,3511,,,492,3496,2,20052
936,7,100,National Poll on Healthy Aging (NPHA),571,3,2,1,select_coverage,3.0,exact,496,3511,492.0,3496.0,79,592,2,46164
936,7,100,National Poll on Healthy Aging (NPHA),571,3,2,1,select_coverage,4.0,DAC,600,4231,,,596,4216,2,24180
936,7,100,National Poll on Healthy Aging (NPHA),571,3,2,1,select_coverage,4.0,exact,600,4231,595.0,4208.0,94,695,2,55600
936,7,100,National Poll on Healthy Aging (NPHA),571,3,2,1,select_coverage_CBA_M1,,DAC,151,1131,,,151,1131,2,6392
936,7,100,National Poll on Healthy Aging (NPHA),571,3,2,1,select_coverage_CBA_M1,,exact,151,1131,151.0,1131.0,33,252,2,14912
936,7,100,National Poll on Healthy Aging (NPHA),571,3,2,2,select_coverage,1.0,exact,219,1520,218.0,1516.0,39,281,2,20268
936,7,100,National Poll on Healthy Aging (NPHA),571,3,2,2,select_coverage,2.0,exact,378,2660,375.0,2647.0,60,446,2,35036
936,7,100,National Poll on Healthy Aging (NPHA),571,3,2,2,select_coverage,3.0,exact,496,3511,492.0,3496.0,79,592,2,46164
936,7,100,National Poll on Healthy Aging (NPHA),571,3,2,2,select_coverage,4.0,exact,599,4225,594.0,4202.0,94,695,2,55520
936,7,100,National Poll on Healthy Aging (NPHA),571,3,2,2,select_coverage_CBA_M1,,exact,151,1131,151.0,1131.0,33,252,2,14912
936,7,114,National Poll on Healthy Aging (NPHA),571,3,2,1,select_coverage,1.0,DAC,212,1489,,,212,1489,2,8556
936,7,114,National Poll on Healthy Aging (NPHA),571,3,2,1,select_coverage,1.0,exact,212,1489,211.0,1486.0,43,311,2,19920
936,7,114,National Poll on Healthy Aging (NPHA),571,3,2,1,select_coverage,2.0,DAC,372,2682,,,372,2682,2,15248
936,7,114,National Poll on Healthy Aging (NPHA),571,3,2,1,select_coverage,2.0,exact,372,2682,370.0,2670.0,70,532,3,35400
936,7,114,National Poll on Healthy Aging (NPHA),571,3,2,1,select_coverage,3.0,DAC,491,3511,,,488,3502,2,19992
936,7,114,National Poll on Healthy Aging (NPHA),571,3,2,1,select_coverage,3.0,exact,491,3511,486.0,3490.0,86,657,3,46208
936,7,114,National Poll on Healthy Aging (NPHA),571,3,2,1,select_coverage,4.0,DAC,602,4289,,,599,4280,2,24436
936,7,114,National Poll on Healthy Aging (NPHA),571,3,2,1,select_coverage,4.0,exact,602,4289,597.0,4268.0,101,776,2,56460
936,7,114,National Poll on Healthy Aging (NPHA),571,3,2,1,select_coverage_CBA_M1,,DAC,153,1130,,,153,1130,2,6412
936,7,114,National Poll on Healthy Aging (NPHA),571,3,2,1,select_coverage_CBA_M1,,exact,153,1130,152.0,1127.0,40,298,2,15108
936,7,114,National Poll on Healthy Aging (NPHA),571,3,2,2,select_coverage,1.0,exact,212,1489,211.0,1486.0,43,311,2,19920
936,7,114,National Poll on Healthy Aging (NPHA),571,3,2,2,select_coverage,2.0,exact,372,2682,370.0,2670.0,70,532,3,35400
936,7,114,National Poll on Healthy Aging (NPHA),571,3,2,2,select_coverage,3.0,exact,491,3511,486.0,3490.0,86,657,3,46208
936,7,114,National Poll on Healthy Aging (NPHA),571,3,2,2,select_coverage,4.0,exact,603,4303,598.0,4282.0,101,776,2,56604
936,7,114,National Poll on Healthy Aging (NPHA),571,3,2,2,select_coverage_CBA_M1,,exact,153,1130,152.0,1127.0,40,298,2,15108
936,7,133,National Poll on Healthy Aging (NPHA),571,3,2,1,select_coverage,1.0,DAC,231,1645,,,229,1639,2,9408
936,7,133,National Poll on Healthy Aging (NPHA),571,3,2,1,select_coverage,1.0,exact,231,1645,228.0,1629.0,59,417,2,22084
936,7,133,National Poll on Healthy Aging (NPHA),571,3,2,1,select_coverage,2.0,DAC,395,2899,,,393,2893,2,16392
936,7,133,National Poll on Healthy Aging (NPHA),571,3,2,1,select_coverage,2.0,exact,395,2899,391.0,2874.0,97,718,2,38500
936,7,133,National Poll on Healthy Aging (NPHA),571,3,2,1,select_coverage,3.0,DAC,536,3904,,,533,3892,2,22104
936,7,133,National Poll on Healthy Aging (NPHA),571,3,2,1,select_coverage,3.0,exact,536,3904,530.0,3867.0,125,946,2,51852
936,7,133,National Poll on Healthy Aging (NPHA),571,3,2,1,select_coverage,4.0,DAC,644,4692,,,640,4676,2,26552
936,7,133,National Poll on Healthy Aging (NPHA),571,3,2,1,select_coverage,4.0,exact,644,4692,637.0,4651.0,142,1074,2,62076
936,7,133,National Poll on Healthy Aging (NPHA),571,3,2,1,select_coverage_CBA_M1,,DAC,145,1142,,,145,1142,2,6364
936,7,133,National Poll on Healthy Aging (NPHA),571,3,2,1,select_coverage_CBA_M1,,exact,145,1142,144.0,1132.0,38,293,2,14900
936,7,133,National Poll on Healthy Aging (NPHA),571,3,2,2,select_coverage,1.0,exact,231,1645,228.0,1629.0,59,417,2,22084
936,7,133,National Poll on Healthy Aging (NPHA),571,3,2,2,select_coverage,2.0,exact,395,2899,391.0,2874.0,97,718,2,38500
936,7,133,National Poll on Healthy Aging (NPHA),571,3,2,2,select_coverage,3.0,exact,536,3904,530.0,3867.0,125,946,2,51852
936,7,133,National Poll on Healthy Aging (NPHA),571,3,2,2,select_coverage,4.0,exact,644,4693,637.0,4652.0,142,1074,2,62084
936,7,133,National Poll on Healthy Aging (NPHA),571,3,2,2,select_coverage_CBA_M1,,exact,145,1142,144.0,1132.0,38,293,2,14900
936,7,138,National Poll on Healthy Aging (NPHA),571,3,2,1,select_coverage,1.0,DAC,224,1606,,,224,1606,2,9168
936,7,138,National Poll on Healthy Aging (NPHA),571,3,2,1,select_coverage,1.0,exact,224,1606,224.0,1606.0,38,285,2,21180
936,7,138,National Poll on Healthy Aging (NPHA),571,3,2,1,select_coverage,2.0,DAC,413,3024,,,412,3021,2,17108
936,7,138,National Poll on Healthy Aging (NPHA),571,3,2,1,select_coverage,2.0,exact,413,3024,412.0,3021.0,69,526,2,39492
936,7,138,National Poll on Healthy Aging (NPHA),571,3,2,1,select_coverage,3.0,DAC,539,3951,,,535,3932,2,22328
936,7,138,National Poll on Healthy Aging (NPHA),571,3,2,1,select_coverage,3.0,exact,539,3951,535.0,3932.0,83,624,2,51172
936,7,138,National Poll on Healthy Aging (NPHA),571,3,2,1,select_coverage,4.0,DAC,663,4852,,,658,4828,2,27420
936,7,138,National Poll on Healthy Aging (NPHA),571,3,2,1,select_coverage,4.0,exact,663,4852,658.0,4828.0,94,716,2,62664
936,7,138,National Poll on Healthy Aging (NPHA),571,3,2,1,select_coverage_CBA_M1,,DAC,157,1229,,,157,1229,2,6856
936,7,138,National Poll on Healthy Aging (NPHA),571,3,2,1,select_coverage_CBA_M1,,exact,157,1229,157.0,1229.0,31,249,2,15876
936,7,138,National Poll on Healthy Aging (NPHA),571,3,2,2,select_coverage,1.0,exact,224,1606,224.0,1606.0,38,285,2,21180
936,7,138,National Poll on Healthy Aging (NPHA),571,3,2,2,select_coverage,2.0,exact,413,3024,412.0,3021.0,69,526,2,39492
936,7,138,National Poll on Healthy Aging (NPHA),571,3,2,2,select_coverage,3.0,exact,539,3951,535.0,3932.0,83,624,2,51172
936,7,138,National Poll on Healthy Aging (NPHA),571,3,2,2,select_coverage,4.0,exact,662,4848,657.0,4824.0,94,716,2,62600
936,7,138,National Poll on Healthy Aging (NPHA),571,3,2,2,select_coverage_CBA_M1,,exact,157,1229,157.0,1229.0,31,249,2,15876
936,7,148,National Poll on Healthy Aging (NPHA),571,3,2,1,select_coverage,1.0,DAC,210,1497,,,210,1497,2,8564
936,7,148,National Poll on Healthy Aging (NPHA),571,3,2,1,select_coverage,1.0,exact,210,1497,210.0,1497.0,37,262,2,19768
936,7,148,National Poll on Healthy Aging (NPHA),571,3,2,1,select_coverage,2.0,DAC,368,2653,,,368,2653,2,15084
936,7,148,National Poll on Healthy Aging (NPHA),571,3,2,1,select_coverage,2.0,exact,368,2653,368.0,2653.0,57,438,3,34776
936,7,148,National Poll on Healthy Aging (NPHA),571,3,2,1,select_coverage,3.0,DAC,495,3576,,,492,3558,2,20300
936,7,148,National Poll on Healthy Aging (NPHA),571,3,2,1,select_coverage,3.0,exact,495,3576,491.0,3551.0,72,543,2,46416
936,7,148,National Poll on Healthy Aging (NPHA),571,3,2,1,select_coverage,4.0,DAC,610,4386,,,606,4365,2,24920
936,7,148,National Poll on Healthy Aging (NPHA),571,3,2,1,select_coverage,4.0,exact,610,4386,604.0,4351.0,91,690,2,57060
936,7,148,National Poll on Healthy Aging (NPHA),571,3,2,1,select_coverage_CBA_M1,,DAC,143,1092,,,143,1092,2,6140
936,7,148,National Poll on Healthy Aging (NPHA),571,3,2,1,select_coverage_CBA_M1,,exact,143,1092,143.0,1092.0,26,205,2,14156
936,7,148,National Poll on Healthy Aging (NPHA),571,3,2,2,select_coverage,1.0,exact,210,1497,210.0,1497.0,37,262,2,19768
936,7,148,National Poll on Healthy Aging (NPHA),571,3,2,2,select_coverage,2.0,exact,369,2662,369.0,2662.0,57,438,3,34880
936,7,148,National Poll on Healthy Aging (NPHA),571,3,2,2,select_coverage,3.0,exact,495,3576,491.0,3551.0,72,543,2,46416
936,7,148,National Poll on Healthy Aging (NPHA),571,3,2,2,select_coverage,4.0,exact,611,4394,605.0,4359.0,91,690,2,57156
936,7,148,National Poll on Healthy Aging (NPHA),571,3,2,2,select_coverage_CBA_M1,,exact,143,1092,143.0,1092.0,26,205,2,14156
936,8,5,National Poll on Healthy Aging (NPHA),571,3,2,1,select_coverage,1.0,DAC,217,1550,,,216,1547,2,8868
936,8,5,National Poll on Healthy Aging (NPHA),571,3,2,1,select_coverage,1.0,exact,217,1550,216.0,1547.0,34,225,2,20224
936,8,5,National Poll on Healthy Aging (NPHA),571,3,2,1,select_coverage,2.0,DAC,371,2698,,,369,2691,2,15308
936,8,5,National Poll on Healthy Aging (NPHA),571,3,2,1,select_coverage,2.0,exact,371,2698,369.0,2691.0,60,430,2,35108
936,8,5,National Poll on Healthy Aging (NPHA),571,3,2,1,select_coverage,3.0,DAC,483,3514,,,480,3502,2,19916
936,8,5,National Poll on Healthy Aging (NPHA),571,3,2,1,select_coverage,3.0,exact,483,3514,480.0,3502.0,87,642,2,46016
936,8,5,National Poll on Healthy Aging (NPHA),571,3,2,1,select_coverage,4.0,DAC,576,4164,,,572,4148,2,23632
936,8,5,National Poll on Healthy Aging (NPHA),571,3,2,1,select_coverage,4.0,exact,576,4164,572.0,4148.0,103,751,2,54580
936,8,5,National Poll on Healthy Aging (NPHA),571,3,2,1,select_coverage_CBA_M1,,DAC,149,1192,,,149,1192,2,6620
936,8,5,National Poll on Healthy Aging (NPHA),571,3,2,1,select_coverage_CBA_M1,,exact,149,1192,149.0,1192.0,24,184,2,15064
936,8,5,National Poll on Healthy Aging (NPHA),571,3,2,2,select_coverage,1.0,exact,217,1550,216.0,1547.0,34,225,2,20224
936,8,5,National Poll on Healthy Aging (NPHA),571,3,2,2,select_coverage,2.0,exact,371,2698,369.0,2691.0,60,430,2,35108
936,8,5,National Poll on Healthy Aging (NPHA),571,3,2,2,select_coverage,3.0,exact,484,3521,481.0,3509.0,87,642,2,46104
936,8,5,National Poll on Healthy Aging (NPHA),571,3,2,2,select_coverage,4.0,exact,579,4191,575.0,4175.0,103,751,2,54892
936,8,5,National Poll on Healthy Aging (NPHA),571,3,2,2,select_coverage_CBA_M1,,exact,149,1192,149.0,1192.0,24,184,2,15064
936,8,14,National Poll on Healthy Aging (NPHA),571,3,2,1,select_coverage,1.0,DAC,196,1439,,,195,1434,2,8172
936,8,14,National Poll on Healthy Aging (NPHA),571,3,2,1,select_coverage,1.0,exact,196,1439,194.0,1426.0,32,215,2,18552
936,8,14,National Poll on Healthy Aging (NPHA),571,3,2,1,select_coverage,2.0,DAC,332,2444,,,329,2431,2,13824
936,8,14,National Poll on Healthy Aging (NPHA),571,3,2,1,select_coverage,2.0,exact,332,2444,328.0,2423.0,53,369,2,31464
936,8,14,National Poll on Healthy Aging (NPHA),571,3,2,1,select_coverage,3.0,DAC,438,3222,,,432,3194,2,18208
936,8,14,National Poll on Healthy Aging (NPHA),571,3,2,1,select_coverage,3.0,exact,438,3222,431.0,3186.0,66,465,2,41308
936,8,14,National Poll on Healthy Aging (NPHA),571,3,2,1,select_coverage,4.0,DAC,514,3750,,,508,3722,2,21232
936,8,14,National Poll on Healthy Aging (NPHA),571,3,2,1,select_coverage,4.0,exact,514,3750,508.0,3722.0,76,529,2,48284
936,8,14,National Poll on Healthy Aging (NPHA),571,3,2,1,select_coverage_CBA_M1,,DAC,150,1169,,,150,1169,2,6540
936,8,14,National Poll on Healthy Aging (NPHA),571,3,2,1,select_coverage_CBA_M1,,exact,150,1169,150.0,1169.0,27,188,2,14928
936,8,14,National Poll on Healthy Aging (NPHA),571,3,2,2,select_coverage,1.0,exact,196,1439,194.0,1426.0,32,215,2,18552
936,8,14,National Poll on Healthy Aging (NPHA),571,3,2,2,select_coverage,2.0,exact,332,2444,328.0,2423.0,53,369,2,31464
936,8,14,National Poll on Healthy Aging (NPHA),571,3,2,2,select_coverage,3.0,exact,438,3222,431.0,3186.0,66,465,2,41308
936,8,14,National Poll on Healthy Aging (NPHA),571,3,2,2,select_coverage,4.0,exact,515,3758,509.0,3730.0,76,529,2,48380
936,8,14,National Poll on Healthy Aging (NPHA),571,3,2,2,select_coverage_CBA_M1,,exact,150,1169,150.0,1169.0,27,188,2,14928
936,8,17,National Poll on Healthy Aging (NPHA),571,3,2,1,select_coverage,1.0,DAC,208,1514,,,208,1514,2,8616
936,8,17,National Poll on Healthy Aging (NPHA),571,3,2,1,select_coverage,1.0,exact,208,1514,208.0,1514.0,26,181,2,19516
936,8,17,National Poll on Healthy Aging (NPHA),571,3,2,1,select_coverage,2.0,DAC,357,2609,,,357,2609,2,14784
936,8,17,National Poll on Healthy Aging (NPHA),571,3,2,1,select_coverage,2.0,exact,357,2609,357.0,2609.0,46,335,2,33660
936,8,17,National Poll on Healthy Aging (NPHA),571,3,2,1,select_coverage,3.0,DAC,484,3526,,,483,3523,2,19976
936,8,17,National Poll on Healthy Aging (NPHA),571,3,2,1,select_coverage,3.0,exact,484,3526,483.0,3523.0,70,520,2,45756
936,8,17,National Poll on Healthy Aging (NPHA),571,3,2,1,select_coverage,4.0,DAC,580,4207,,,577,4197,2,23852
936,8,17,National Poll on Healthy Aging (NPHA),571,3,2,1,select_coverage,4.0,exact,580,4207,577.0,4197.0,80,604,2,54520
936,8,17,National Poll on Healthy Aging (NPHA),571,3,2,1,select_coverage_CBA_M1,,DAC,147,1155,,,147,1155,2,6448
936,8,17,National Poll on Healthy Aging (NPHA),571,3,2,1,select_coverage_CBA_M1,,exact,147,1155,147.0,1155.0,21,157,2,14596
936,8,17,National Poll on Healthy Aging (NPHA),571,3,2,2,select_coverage,1.0,exact,208,1514,208.0,1514.0,26,181,2,19516
936,8,17,National Poll on Healthy Aging (NPHA),571,3,2,2,select_coverage,2.0,exact,357,2609,357.0,2609.0,46,335,2,33660
936,8,17,National Poll on Healthy Aging (NPHA),571,3,2,2,select_coverage,3.0,exact,484,3526,483.0,3523.0,70,520,2,45756
936,8,17,National Poll on Healthy Aging (NPHA),571,3,2,2,select_coverage,4.0,exact,581,4214,578.0,4204.0,80,604,2,54608
936,8,17,National Poll on Healthy Aging (NPHA),571,3,2,2,select_coverage_CBA_M1,,exact,147,1155,147.0,1155.0,21,157,2,14596
936,8,19,National Poll on Healthy Aging (NPHA),571,3,2,1,select_coverage,1.0,DAC,208,1476,,,208,1476,2,8464
936,8,19,National Poll on Healthy Aging (NPHA),571,3,2,1,select_coverage,1.0,exact,208,1476,208.0,1476.0,46,335,2,19828
936,8,19,National Poll on Healthy Aging (NPHA),571,3,2,1,select_coverage,2.0,DAC,350,2515,,,350,2515,2,14324
936,8,19,National Poll on Healthy Aging (NPHA),571,3,2,1,select_coverage,2.0,exact,350,2515,350.0,2515.0,78,589,2,33700
936,8,19,National Poll on Healthy Aging (NPHA),571,3,2,1,select_coverage,3.0,DAC,463,3332,,,461,3323,2,18948
936,8,19,National Poll on Healthy Aging (NPHA),571,3,2,1,select_coverage,3.0,exact,463,3332,459.0,3306.0,98,751,2,44268
936,8,19,National Poll on Healthy Aging (NPHA),571,3,2,1,select_coverage,4.0,DAC,546,3960,,,544,3951,2,22456
936,8,19,National Poll on Healthy Aging (NPHA),571,3,2,1,select_coverage,4.0,exact,546,3960,539.0,3908.0,112,859,2,52180
936,8,19,National Poll on Healthy Aging (NPHA),571,3,2,1,select_coverage_CBA_M1,,DAC,144,1114,,,144,1114,2,6248
936,8,19,National Poll on Healthy Aging (NPHA),571,3,2,1,select_coverage_CBA_M1,,exact,144,1114,144.0,1114.0,33,267,2,14612
936,8,19,National Poll on Healthy Aging (NPHA),571,3,2,2,select_coverage,1.0,exact,208,1476,208.0,1476.0,46,335,2,19828
936,8,19,National Poll on Healthy Aging (NPHA),571,3,2,2,select_coverage,2.0,exact,350,2515,350.0,2515.0,78,589,2,33700
936,8,19,National Poll on Healthy Aging (NPHA),571,3,2,2,select_coverage,3.0,exact,464,3341,460.0,3315.0,98,751,2,44372
936,8,19,National Poll on Healthy Aging (NPHA),571,3,2,2,select_coverage,4.0,exact,548,3978,541.0,3926.0,112,859,2,52388
936,8,19,National Poll on Healthy Aging (NPHA),571,3,2,2,select_coverage_CBA_M1,,exact,143,1107,143.0,1107.0,33,267,2,14524
936,8,29,National Poll on Healthy Aging (NPHA),571,3,2,1,select_coverage,1.0,DAC,202,1448,,,201,1445,2,8280
936,8,29,National Poll on Healthy Aging (NPHA),571,3,2,1,select_coverage,1.0,exact,202,1448,200.0,1437.0,32,218,2,18836
936,8,29,National Poll on Healthy Aging (NPHA),571,3,2,1,select_coverage,2.0,DAC,346,2519,,,344,2513,2,14292
936,8,29,National Poll on Healthy Aging (NPHA),571,3,2,1,select_coverage,2.0,exact,346,2519,343.0,2505.0,58,420,2,32776
936,8,29,National Poll on Healthy Aging (NPHA),571,3,2,1,select_coverage,3.0,DAC,463,3395,,,461,3389,2,19200
936,8,29,National Poll on Healthy Aging (NPHA),571,3,2,1,select_coverage,3.0,exact,463,3395,460.0,3381.0,74,560,2,44088
936,8,29,National Poll on Healthy Aging (NPHA),571,3,2,1,select_coverage,4.0,DAC,541,3932,,,539,3926,2,22284
936,8,29,National Poll on Healthy Aging (NPHA),571,3,2,1,select_coverage,4.0,exact,541,3932,538.0,3918.0,79,593,2,51012
936,8,29,National Poll on Healthy Aging (NPHA),571,3,2,1,select_coverage_CBA_M1,,DAC,140,1097,,,140,1097,2,6132
936,8,29,National Poll on Healthy Aging (NPHA),571,3,2,1,select_coverage_CBA_M1,,exact,140,1097,140.0,1097.0,23,177,2,13988
936,8,29,National Poll on Healthy Aging (NPHA),571,3,2,2,select_coverage,1.0,exact,202,1448,200.0,1437.0,32,218,2,18836
936,8,29,National Poll on Healthy Aging (NPHA),571,3,2,2,select_coverage,2.0,exact,346,2519,343.0,2505.0,58,420,2,32776
936,8,29,National Poll on Healthy Aging (NPHA),571,3,2,2,select_coverage,3.0,exact,464,3402,461.0,3388.0,74,560,2,44176
936,8,29,National Poll on Healthy Aging (NPHA),571,3,2,2,select_coverage,4.0,exact,541,3933,538.0,3919.0,79,593,2,51020
936,8,29,National Poll on Healthy Aging (NPHA),571,3,2,2,select_coverage_CBA_M1,,exact,140,1097,140.0,1097.0,23,177,2,13988
936,8,31,National Poll on Healthy Aging (NPHA),571,3,2,1,select_coverage,1.0,DAC,203,1451,,,203,1451,2,8304
936,8,31,National Poll on Healthy Aging (NPHA),571,3,2,1,select_coverage,1.0,exact,203,1451,203.0,1451.0,36,241,2,19092
936,8,31,National Poll on Healthy Aging (NPHA),571,3,2,1,select_coverage,2.0,DAC,361,2622,,,360,2613,2,14884
936,8,31,National Poll on Healthy Aging (NPHA),571,3,2,1,select_coverage,2.0,exact,361,2622,360.0,2613.0,67,469,2,34360
936,8,31,National Poll on Healthy Aging (NPHA),571,3,2,1,select_coverage,3.0,DAC,470,3446,,,469,3437,2,19488
936,8,31,National Poll on Healthy Aging (NPHA),571,3,2,1,select_coverage,3.0,exact,470,3446,469.0,3437.0,81,583,2,44896
936,8,31,National Poll on Healthy Aging (NPHA),571,3,2,1,select_coverage,4.0,DAC,558,4054,,,557,4045,2,22976
936,8,31,National Poll on Healthy Aging (NPHA),571,3,2,1,select_coverage,4.0,exact,558,4054,557.0,4045.0,92,660,2,52884
936,8,31,National Poll on Healthy Aging (NPHA),571,3,2,1,select_coverage_CBA_M1,,DAC,146,1130,,,146,1130,2,6336
936,8,31,National Poll on Healthy Aging (NPHA),571,3,2,1,select_coverage_CBA_M1,,exact,146,1130,146.0,1130.0,27,200,2,14536
936,8,31,National Poll on Healthy Aging (NPHA),571,3,2,2,select_coverage,1.0,exact,203,1451,203.0,1451.0,36,241,2,19092
936,8,31,National Poll on Healthy Aging (NPHA),571,3,2,2,select_coverage,2.0,exact,362,2632,361.0,2623.0,67,469,2,34472
936,8,31,National Poll on Healthy Aging (NPHA),571,3,2,2,select_coverage,3.0,exact,470,3446,469.0,3437.0,81,583,2,44896
936,8,31,National Poll on Healthy Aging (NPHA),571,3,2,2,select_coverage,4.0,exact,558,4054,557.0,4045.0,92,660,2,52884
936,8,31,National Poll on Healthy Aging (NPHA),571,3,2,2,select_coverage_CBA_M1,,exact,146,1130,146.0,1130.0,27,200,2,14536
936,8,34,National Poll on Healthy Aging (NPHA),571,3,2,1,select_coverage,1.0,DAC,195,1384,,,195,1384,2,7940
936,8,34,National Poll on Healthy Aging (NPHA),571,3,2,1,select_coverage,1.0,exact,195,1384,195.0,1384.0,35,253,3,18348
936,8,34,National Poll on Healthy Aging (NPHA),571,3,2,1,select_coverage,2.0,DAC,326,2330,,,323,2322,2,13296
936,8,34,National Poll on Healthy Aging (NPHA),571,3,2,1,select_coverage,2.0,exact,326,2330,321.0,2309.0,58,431,3,30576
936,8,34,National Poll on Healthy Aging (NPHA),571,3,2,1,select_coverage,3.0,DAC,435,3103,,,432,3095,2,17696
936,8,34,National Poll on Healthy Aging (NPHA),571,3,2,1,select_coverage,3.0,exact,435,3103,429.0,3074.0,73,538,2,40612
936,8,34,National Poll on Healthy Aging (NPHA),571,3,2,1,select_coverage,4.0,DAC,522,3684,,,516,3658,2,21064
936,8,34,National Poll on Healthy Aging (NPHA),571,3,2,1,select_coverage,4.0,exact,522,3684,513.0,3637.0,87,628,2,48236
936,8,34,National Poll on Healthy Aging (NPHA),571,3,2,1,select_coverage_CBA_M1,,DAC,132,1022,,,132,1022,2,5736
936,8,34,National Poll on Healthy Aging (NPHA),571,3,2,1,select_coverage_CBA_M1,,exact,132,1022,132.0,1022.0,31,243,2,13396
936,8,34,National Poll on Healthy Aging (NPHA),571,3,2,2,select_coverage,1.0,exact,195,1384,195.0,1384.0,35,253,3,18348
936,8,34,National Poll on Healthy Aging (NPHA),571,3,2,2,select_coverage,2.0,exact,326,2330,321.0,2309.0,58,431,3,30576
936,8,34,National Poll on Healthy Aging (NPHA),571,3,2,2,select_coverage,3.0,exact,435,3103,429.0,3074.0,73,538,2,40612
936,8,34,National Poll on Healthy Aging (NPHA),571,3,2,2,select_coverage,4.0,exact,522,3684,513.0,3637.0,87,628,2,48236
936,8,34,National Poll on Healthy Aging (NPHA),571,3,2,2,select_coverage_CBA_M1,,exact,132,1022,132.0,1022.0,31,243,2,13396
936,8,42,National Poll on Healthy Aging (NPHA),571,3,2,1,select_coverage,1.0,DAC,194,1439,,,194,1439,2,8148
936,8,42,National Poll on Healthy Aging (NPHA),571,3,2,1,select_coverage,1.0,exact,194,1439,193.0,1435.0,38,308,2,18928
936,8,42,National Poll on Healthy Aging (NPHA),571,3,2,1,select_coverage,2.0,DAC,324,2395,,,323,2391,2,13532
936,8,42,National Poll on Healthy Aging (NPHA),571,3,2,1,select_coverage,2.0,exact,324,2395,322.0,2387.0,61,492,2,31424
936,8,42,National Poll on Healthy Aging (NPHA),571,3,2,1,select_coverage,3.0,DAC,417,3049,,,415,3041,2,17264
936,8,42,National Poll on Healthy Aging (NPHA),571,3,2,1,select_coverage,3.0,exact,417,3049,414.0,3037.0,78,613,2,40068
936,8,42,National Poll on Healthy Aging (NPHA),571,3,2,1,select_coverage,4.0,DAC,485,3512,,,479,3484,2,19932
936,8,42,National Poll on Healthy Aging (NPHA),571,3,2,1,select_coverage,4.0,exact,485,3512,478.0,3480.0,88,685,2,46028
936,8,42,National Poll on Healthy Aging (NPHA),571,3,2,1,select_coverage_CBA_M1,,DAC,134,1089,,,134,1089,2,6028
936,8,42,National Poll on Healthy Aging (NPHA),571,3,2,1,select_coverage_CBA_M1,,exact,134,1089,134.0,1089.0,29,257,2,14052
936,8,42,National Poll on Healthy Aging (NPHA),571,3,2,2,select_coverage,1.0,exact,194,1439,193.0,1435.0,38,308,2,18928
936,8,42,National Poll on Healthy Aging (NPHA),571,3,2,2,select_coverage,2.0,exact,325,2406,323.0,2398.0,61,492,2,31544
936,8,42,National Poll on Healthy Aging (NPHA),571,3,2,2,select_coverage,3.0,exact,418,3057,415.0,3045.0,78,613,2,40164
936,8,42,National Poll on Healthy Aging (NPHA),571,3,2,2,select_coverage,4.0,exact,487,3529,480.0,3497.0,88,685,2,46228
936,8,42,National Poll on Healthy Aging (NPHA),571,3,2,2,select_coverage_CBA_M1,,exact,134,1089,134.0,1089.0,29,257,2,14052
936,8,49,National Poll on Healthy Aging (NPHA),571,3,2,1,select_coverage,1.0,DAC,214,1496,,,213,1493,2,8616
936,8,49,National Poll on Healthy Aging (NPHA),571,3,2,1,select_coverage,1.0,exact,214,1496,213.0,1493.0,41,307,2,20024
936,8,49,National Poll on Healthy Aging (NPHA),571,3,2,1,select_coverage,2.0,DAC,370,2656,,,367,2644,2,15128
936,8,49,National Poll on Healthy Aging (NPHA),571,3,2,1,select_coverage,2.0,exact,370,2656,367.0,2644.0,71,531,2,35092
936,8,49,National Poll on Healthy Aging (NPHA),571,3,2,1,select_coverage,3.0,DAC,484,3487,,,480,3470,2,19820
936,8,49,National Poll on Healthy Aging (NPHA),571,3,2,1,select_coverage,3.0,exact,484,3487,479.0,3466.0,89,661,2,45808
936,8,49,National Poll on Healthy Aging (NPHA),571,3,2,1,select_coverage,4.0,DAC,574,4125,,,567,4096,2,23452
936,8,49,National Poll on Healthy Aging (NPHA),571,3,2,1,select_coverage,4.0,exact,574,4125,565.0,4085.0,99,746,2,53928
936,8,49,National Poll on Healthy Aging (NPHA),571,3,2,1,select_coverage_CBA_M1,,DAC,132,1060,,,132,1060,2,5888
936,8,49,National Poll on Healthy Aging (NPHA),571,3,2,1,select_coverage_CBA_M1,,exact,132,1060,132.0,1060.0,32,265,2,13788
936,8,49,National Poll on Healthy Aging (NPHA),571,3,2,2,select_coverage,1.0,exact,214,1496,213.0,1493.0,41,307,2,20024
936,8,49,National Poll on Healthy Aging (NPHA),571,3,2,2,select_coverage,2.0,exact,369,2647,366.0,2635.0,71,531,2,34988
936,8,49,National Poll on Healthy Aging (NPHA),571,3,2,2,select_coverage,3.0,exact,486,3506,481.0,3485.0,89,661,2,46024
936,8,49,National Poll on Healthy Aging (NPHA),571,3,2,2,select_coverage,4.0,exact,575,4132,566.0,4092.0,99,746,2,54016
936,8,49,National Poll on Healthy Aging (NPHA),571,3,2,2,select_coverage_CBA_M1,,exact,132,1060,132.0,1060.0,32,265,2,13788
936,8,63,National Poll on Healthy Aging (NPHA),571,3,2,1,select_coverage,1.0,DAC,215,1513,,,214,1508,2,8696
936,8,63,National Poll on Healthy Aging (NPHA),571,3,2,1,select_coverage,1.0,exact,215,1513,214.0,1508.0,39,281,2,20080
936,8,63,National Poll on Healthy Aging (NPHA),571,3,2,1,select_coverage,2.0,DAC,375,2667,,,372,2651,2,15232
936,8,63,National Poll on Healthy Aging (NPHA),571,3,2,1,select_coverage,2.0,exact,375,2667,372.0,2651.0,69,509,2,35236
936,8,63,National Poll on Healthy Aging (NPHA),571,3,2,1,select_coverage,3.0,DAC,514,3650,,,510,3627,2,20832
936,8,63,National Poll on Healthy Aging (NPHA),571,3,2,1,select_coverage,3.0,exact,514,3650,510.0,3627.0,90,663,2,48104
936,8,63,National Poll on Healthy Aging (NPHA),571,3,2,1,select_coverage,4.0,DAC,623,4430,,,617,4393,2,25260
936,8,63,National Poll on Healthy Aging (NPHA),571,3,2,1,select_coverage,4.0,exact,623,4430,617.0,4393.0,104,760,2,58100
936,8,63,National Poll on Healthy Aging (NPHA),571,3,2,1,select_coverage_CBA_M1,,DAC,133,1032,,,133,1032,2,5788
936,8,63,National Poll on Healthy Aging (NPHA),571,3,2,1,select_coverage_CBA_M1,,exact,133,1032,133.0,1032.0,25,210,2,13376
936,8,63,National Poll on Healthy Aging (NPHA),571,3,2,2,select_coverage,1.0,exact,214,1503,213.0,1498.0,39,281,2,19968
936,8,63,National Poll on Healthy Aging (NPHA),571,3,2,2,select_coverage,2.0,exact,375,2667,372.0,2651.0,69,509,2,35236
936,8,63,National Poll on Healthy Aging (NPHA),571,3,2,2,select_coverage,3.0,exact,514,3650,510.0,3627.0,90,663,2,48104
936,8,63,National Poll on Healthy Aging (NPHA),571,3,2,2,select_coverage,4.0,exact,624,4435,618.0,4398.0,104,760,2,58172
936,8,63,National Poll on Healthy Aging (NPHA),571,3,2,2,select_coverage_CBA_M1,,exact,133,1032,133.0,1032.0,25,210,2,13376
936,8,64,National Poll on Healthy Aging (NPHA),571,3,2,1,select_coverage,1.0,DAC,196,1410,,,195,1407,2,8056
936,8,64,National Poll on Healthy Aging (NPHA),571,3,2,1,select_coverage,1.0,exact,196,1410,195.0,1407.0,28,206,2,18356
936,8,64,National Poll on Healthy Aging (NPHA),571,3,2,1,select_coverage,2.0,DAC,334,2434,,,331,2417,2,13808
936,8,64,National Poll on Healthy Aging (NPHA),571,3,2,1,select_coverage,2.0,exact,334,2434,331.0,2417.0,46,340,2,31380
936,8,64,National Poll on Healthy Aging (NPHA),571,3,2,1,select_coverage,3.0,DAC,437,3216,,,434,3199,2,18172
936,8,64,National Poll on Healthy Aging (NPHA),571,3,2,1,select_coverage,3.0,exact,437,3216,434.0,3199.0,58,435,2,41312
936,8,64,National Poll on Healthy Aging (NPHA),571,3,2,1,select_coverage,4.0,DAC,530,3868,,,527,3851,2,21896
936,8,64,National Poll on Healthy Aging (NPHA),571,3,2,1,select_coverage,4.0,exact,530,3868,526.0,3846.0,69,513,2,49764
936,8,64,National Poll on Healthy Aging (NPHA),571,3,2,1,select_coverage_CBA_M1,,DAC,133,1044,,,133,1044,2,5836
936,8,64,National Poll on Healthy Aging (NPHA),571,3,2,1,select_coverage_CBA_M1,,exact,133,1044,133.0,1044.0,22,171,2,13316
936,8,64,National Poll on Healthy Aging (NPHA),571,3,2,2,select_coverage,1.0,exact,196,1410,195.0,1407.0,28,206,2,18356
936,8,64,National Poll on Healthy Aging (NPHA),571,3,2,2,select_coverage,2.0,exact,334,2434,331.0,2417.0,46,340,2,31380
936,8,64,National Poll on Healthy Aging (NPHA),571,3,2,2,select_coverage,3.0,exact,437,3216,434.0,3199.0,58,435,2,41312
936,8,64,National Poll on Healthy Aging (NPHA),571,3,2,2,select_coverage,4.0,exact,531,3873,527.0,3851.0,69,513,2,49836
936,8,64,National Poll on Healthy Aging (NPHA),571,3,2,2,select_coverage_CBA_M1,,exact,133,1044,133.0,1044.0,22,171,2,13316
936,8,65,National Poll on Healthy Aging (NPHA),571,3,2,1,select_coverage,1.0,DAC,230,1615,,,229,1610,2,9284
936,8,65,National Poll on Healthy Aging (NPHA),571,3,2,1,select_coverage,1.0,exact,230,1615,229.0,1610.0,37,295,2,21432
936,8,65,National Poll on Healthy Aging (NPHA),571,3,2,1,select_coverage,2.0,DAC,412,2989,,,411,2984,2,16964
936,8,65,National Poll on Healthy Aging (NPHA),571,3,2,1,select_coverage,2.0,exact,412,2989,411.0,2984.0,62,502,2,39076
936,8,65,National Poll on Healthy Aging (NPHA),571,3,2,1,select_coverage,3.0,DAC,547,3959,,,545,3946,2,22464
936,8,65,National Poll on Healthy Aging (NPHA),571,3,2,1,select_coverage,3.0,exact,547,3959,544.0,3940.0,78,611,2,51472
936,8,65,National Poll on Healthy Aging (NPHA),571,3,2,1,select_coverage,4.0,DAC,667,4774,,,662,4743,2,27164
936,8,65,National Poll on Healthy Aging (NPHA),571,3,2,1,select_coverage,4.0,exact,667,4774,660.0,4731.0,84,649,2,61760
936,8,65,National Poll on Healthy Aging (NPHA),571,3,2,1,select_coverage_CBA_M1,,DAC,169,1289,,,169,1289,2,7248
936,8,65,National Poll on Healthy Aging (NPHA),571,3,2,1,select_coverage_CBA_M1,,exact,169,1289,169.0,1289.0,35,282,2,16872
936,8,65,National Poll on Healthy Aging (NPHA),571,3,2,2,select_coverage,1.0,exact,230,1615,229.0,1610.0,37,295,2,21432
936,8,65,National Poll on Healthy Aging (NPHA),571,3,2,2,select_coverage,2.0,exact,412,2989,411.0,2984.0,62,502,2,39076
936,8,65,National Poll on Healthy Aging (NPHA),571,3,2,2,select_coverage,3.0,exact,548,3969,545.0,3950.0,78,611,2,51584
936,8,65,National Poll on Healthy Aging (NPHA),571,3,2,2,select_coverage,4.0,exact,666,4769,659.0,4726.0,84,649,2,61688
936,8,65,National Poll on Healthy Aging (NPHA),571,3,2,2,select_coverage_CBA_M1,,exact,169,1289,169.0,1289.0,35,282,2,16872
936,8,68,National Poll on Healthy Aging (NPHA),571,3,2,1,select_coverage,1.0,DAC,230,1672,,,229,1659,2,9512
936,8,68,National Poll on Healthy Aging (NPHA),571,3,2,1,select_coverage,1.0,exact,230,1672,229.0,1659.0,40,281,2,21800
936,8,68,National Poll on Healthy Aging (NPHA),571,3,2,1,select_coverage,2.0,DAC,401,2891,,,399,2874,2,16440
936,8,68,National Poll on Healthy Aging (NPHA),571,3,2,1,select_coverage,2.0,exact,401,2891,398.0,2868.0,78,557,2,38024
936,8,68,National Poll on Healthy Aging (NPHA),571,3,2,1,select_coverage,3.0,DAC,541,3880,,,538,3856,2,22076
936,8,68,National Poll on Healthy Aging (NPHA),571,3,2,1,select_coverage,3.0,exact,541,3880,537.0,3850.0,93,679,2,50844
936,8,68,National Poll on Healthy Aging (NPHA),571,3,2,1,select_coverage,4.0,DAC,662,4730,,,658,4703,2,26928
936,8,68,National Poll on Healthy Aging (NPHA),571,3,2,1,select_coverage,4.0,exact,662,4730,655.0,4684.0,109,771,2,61724
936,8,68,National Poll on Healthy Aging (NPHA),571,3,2,1,select_coverage_CBA_M1,,DAC,157,1242,,,156,1229,2,6916
936,8,68,National Poll on Healthy Aging (NPHA),571,3,2,1,select_coverage_CBA_M1,,exact,157,1242,156.0,1229.0,29,222,2,15788
936,8,68,National Poll on Healthy Aging (NPHA),571,3,2,2,select_coverage,1.0,exact,230,1672,229.0,1659.0,40,281,2,21800
936,8,68,National Poll on Healthy Aging (NPHA),571,3,2,2,select_coverage,2.0,exact,402,2898,399.0,2875.0,78,557,2,38112
936,8,68,National Poll on Healthy Aging (NPHA),571,3,2,2,select_coverage,3.0,exact,542,3888,538.0,3858.0,93,679,2,50940
936,8,68,National Poll on Healthy Aging (NPHA),571,3,2,2,select_coverage,4.0,exact,663,4738,656.0,4692.0,109,771,2,61820
936,8,68,National Poll on Healthy Aging (NPHA),571,3,2,2,select_coverage_CBA_M1,,exact,157,1242,156.0,1229.0,29,222,2,15788
936,8,74,National Poll on Healthy Aging (NPHA),571,3,2,1,select_coverage,1.0,DAC,202,1449,,,199,1440,2,8284
936,8,74,National Poll on Healthy Aging (NPHA),571,3,2,1,select_coverage,1.0,exact,202,1449,199.0,1440.0,36,251,2,18952
936,8,74,National Poll on Healthy Aging (NPHA),571,3,2,1,select_coverage,2.0,DAC,342,2489,,,338,2475,2,14124
936,8,74,National Poll on Healthy Aging (NPHA),571,3,2,1,select_coverage,2.0,exact,342,2489,337.0,2468.0,54,382,2,32164
936,8,74,National Poll on Healthy Aging (NPHA),571,3,2,1,select_coverage,3.0,DAC,465,3396,,,460,3378,2,19228
936,8,74,National Poll on Healthy Aging (NPHA),571,3,2,1,select_coverage,3.0,exact,465,3396,459.0,3371.0,70,495,2,43760
936,8,74,National Poll on Healthy Aging (NPHA),571,3,2,1,select_coverage,4.0,DAC,558,4030,,,552,4003,2,22880
936,8,74,National Poll on Healthy Aging (NPHA),571,3,2,1,select_coverage,4.0,exact,558,4030,550.0,3988.0,81,574,2,51992
936,8,74,National Poll on Healthy Aging (NPHA),571,3,2,1,select_coverage_CBA_M1,,DAC,146,1119,,,146,1119,2,6292
936,8,74,National Poll on Healthy Aging (NPHA),571,3,2,1,select_coverage_CBA_M1,,exact,146,1119,146.0,1119.0,28,218,2,14520
936,8,74,National Poll on Healthy Aging (NPHA),571,3,2,2,select_coverage,1.0,exact,202,1449,199.0,1440.0,36,251,2,18952
936,8,74,National Poll on Healthy Aging (NPHA),571,3,2,2,select_coverage,2.0,exact,342,2489,337.0,2468.0,54,382,2,32164
936,8,74,National Poll on Healthy Aging (NPHA),571,3,2,2,select_coverage,3.0,exact,465,3396,459.0,3371.0,70,495,2,43760
936,8,74,National Poll on Healthy Aging (NPHA),571,3,2,2,select_coverage,4.0,exact,560,4046,552.0,4004.0,81,574,2,52184
936,8,74,National Poll on Healthy Aging (NPHA),571,3,2,2,select_coverage_CBA_M1,,exact,146,1119,146.0,1119.0,28,218,2,14520
936,8,76,National Poll on Healthy Aging (NPHA),571,3,2,1,select_coverage,1.0,DAC,189,1372,,,189,1372,2,7820
936,8,76,National Poll on Healthy Aging (NPHA),571,3,2,1,select_coverage,1.0,exact,189,1372,189.0,1372.0,20,158,2,17680
936,8,76,National Poll on Healthy Aging (NPHA),571,3,2,1,select_coverage,2.0,DAC,325,2408,,,324,2401,2,13596
936,8,76,National Poll on Healthy Aging (NPHA),571,3,2,1,select_coverage,2.0,exact,325,2408,324.0,2401.0,32,254,2,30644
936,8,76,National Poll on Healthy Aging (NPHA),571,3,2,1,select_coverage,3.0,DAC,434,3221,,,431,3198,2,18156
936,8,76,National Poll on Healthy Aging (NPHA),571,3,2,1,select_coverage,3.0,exact,434,3221,431.0,3198.0,40,320,2,40772
936,8,76,National Poll on Healthy Aging (NPHA),571,3,2,1,select_coverage,4.0,DAC,528,3903,,,524,3872,2,22012
936,8,76,National Poll on Healthy Aging (NPHA),571,3,2,1,select_coverage,4.0,exact,528,3903,523.0,3865.0,50,413,2,49484
936,8,76,National Poll on Healthy Aging (NPHA),571,3,2,1,select_coverage_CBA_M1,,DAC,124,1000,,,124,1000,2,5552
936,8,76,National Poll on Healthy Aging (NPHA),571,3,2,1,select_coverage_CBA_M1,,exact,124,1000,124.0,1000.0,16,136,2,12536
936,8,76,National Poll on Healthy Aging (NPHA),571,3,2,2,select_coverage,1.0,exact,189,1372,189.0,1372.0,20,158,2,17680
936,8,76,National Poll on Healthy Aging (NPHA),571,3,2,2,select_coverage,2.0,exact,325,2408,324.0,2401.0,32,254,2,30644
936,8,76,National Poll on Healthy Aging (NPHA),571,3,2,2,select_coverage,3.0,exact,434,3221,431.0,3198.0,40,320,2,40772
936,8,76,National Poll on Healthy Aging (NPHA),571,3,2,2,select_coverage,4.0,exact,528,3903,523.0,3865.0,50,413,2,49484
936,8,76,National Poll on Healthy Aging (NPHA),571,3,2,2,select_coverage_CBA_M1,,exact,124,1000,124.0,1000.0,16,136,2,12536
936,8,100,National Poll on Healthy Aging (NPHA),571,3,2,1,select_coverage,1.0,DAC,229,1594,,,228,1591,2,9188
936,8,100,National Poll on Healthy Aging (NPHA),571,3,2,1,select_coverage,1.0,exact,229,1594,228.0,1591.0,39,293,2,21232
936,8,100,National Poll on Healthy Aging (NPHA),571,3,2,1,select_coverage,2.0,DAC,371,2632,,,368,2620,2,15044
936,8,100,National Poll on Healthy Aging (NPHA),571,3,2,1,select_coverage,2.0,exact,371,2632,368.0,2620.0,59,452,2,34616
936,8,100,National Poll on Healthy Aging (NPHA),571,3,2,1,select_coverage,3.0,DAC,479,3392,,,474,3372,2,19380
936,8,100,National Poll on Healthy Aging (NPHA),571,3,2,1,select_coverage,3.0,exact,479,3392,474.0,3372.0,73,546,3,44432
936,8,100,National Poll on Healthy Aging (NPHA),571,3,2,1,select_coverage,4.0,DAC,561,3943,,,554,3914,2,22568
936,8,100,National Poll on Healthy Aging (NPHA),571,3,2,1,select_coverage,4.0,exact,561,3943,554.0,3914.0,84,624,2,51676
936,8,100,National Poll on Healthy Aging (NPHA),571,3,2,1,select_coverage_CBA_M1,,DAC,153,1144,,,153,1144,2,6476
936,8,100,National Poll on Healthy Aging (NPHA),571,3,2,1,select_coverage_CBA_M1,,exact,153,1144,153.0,1144.0,27,222,2,14960
936,8,100,National Poll on Healthy Aging (NPHA),571,3,2,2,select_coverage,1.0,exact,229,1594,228.0,1591.0,39,293,2,21232
936,8,100,National Poll on Healthy Aging (NPHA),571,3,2,2,select_coverage,2.0,exact,372,2640,369.0,2628.0,59,452,2,34712
936,8,100,National Poll on Healthy Aging (NPHA),571,3,2,2,select_coverage,3.0,exact,482,3416,477.0,3396.0,73,546,3,44720
936,8,100,National Poll on Healthy Aging (NPHA),571,3,2,2,select_coverage,4.0,exact,564,3970,557.0,3941.0,84,624,2,51988
936,8,100,National Poll on Healthy Aging (NPHA),571,3,2,2,select_coverage_CBA_M1,,exact,153,1144,153.0,1144.0,27,222,2,14960
936,8,114,National Poll on Healthy Aging (NPHA),571,3,2,1,select_coverage,1.0,DAC,217,1544,,,217,1544,2,8844
936,8,114,National Poll on Healthy Aging (NPHA),571,3,2,1,select_coverage,1.0,exact,217,1544,217.0,1544.0,33,237,2,20268
936,8,114,National Poll on Healthy Aging (NPHA),571,3,2,1,select_coverage,2.0,DAC,361,2579,,,360,2573,2,14712
936,8,114,National Poll on Healthy Aging (NPHA),571,3,2,1,select_coverage,2.0,exact,361,2579,360.0,2573.0,58,445,2,33932
936,8,114,National Poll on Healthy Aging (NPHA),571,3,2,1,select_coverage,3.0,DAC,480,3424,,,477,3406,2,19520
936,8,114,National Poll on Healthy Aging (NPHA),571,3,2,1,select_coverage,3.0,exact,480,3424,476.0,3398.0,71,542,2,44712
936,8,114,National Poll on Healthy Aging (NPHA),571,3,2,1,select_coverage,4.0,DAC,571,4016,,,568,3998,2,22980
936,8,114,National Poll on Healthy Aging (NPHA),571,3,2,1,select_coverage,4.0,exact,571,4016,565.0,3979.0,78,594,2,52460
936,8,114,National Poll on Healthy Aging (NPHA),571,3,2,1,select_coverage_CBA_M1,,DAC,160,1202,,,160,1202,2,6792
936,8,114,National Poll on Healthy Aging (NPHA),571,3,2,1,select_coverage_CBA_M1,,exact,160,1202,160.0,1202.0,29,213,2,15612
936,8,114,National Poll on Healthy Aging (NPHA),571,3,2,2,select_coverage,1.0,exact,217,1544,217.0,1544.0,33,237,2,20268
936,8,114,National Poll on Healthy Aging (NPHA),571,3,2,2,select_coverage,2.0,exact,361,2580,359.0,2566.0,58,445,2,33876
936,8,114,National Poll on Healthy Aging (NPHA),571,3,2,2,select_coverage,3.0,exact,480,3424,476.0,3398.0,71,542,2,44712
936,8,114,National Poll on Healthy Aging (NPHA),571,3,2,2,select_coverage,4.0,exact,572,4025,566.0,3988.0,78,594,2,52564
936,8,114,National Poll on Healthy Aging (NPHA),571,3,2,2,select_coverage_CBA_M1,,exact,160,1202,160.0,1202.0,29,213,2,15612
936,8,133,National Poll on Healthy Aging (NPHA),571,3,2,1,select_coverage,1.0,DAC,233,1623,,,231,1618,2,9352
936,8,133,National Poll on Healthy Aging (NPHA),571,3,2,1,select_coverage,1.0,exact,233,1623,231.0,1618.0,54,395,2,21960
936,8,133,National Poll on Healthy Aging (NPHA),571,3,2,1,select_coverage,2.0,DAC,403,2907,,,400,2897,2,16528
936,8,133,National Poll on Healthy Aging (NPHA),571,3,2,1,select_coverage,2.0,exact,403,2907,398.0,2878.0,86,630,2,38420
936,8,133,National Poll on Healthy Aging (NPHA),571,3,2,1,select_coverage,3.0,DAC,538,3862,,,534,3847,2,21968
936,8,133,National Poll on Healthy Aging (NPHA),571,3,2,1,select_coverage,3.0,exact,538,3862,531.0,3824.0,111,810,2,51000
936,8,133,National Poll on Healthy Aging (NPHA),571,3,2,1,select_coverage,4.0,DAC,628,4478,,,621,4447,2,25512
936,8,133,National Poll on Healthy Aging (NPHA),571,3,2,1,select_coverage,4.0,exact,628,4478,617.0,4419.0,125,911,2,59000
936,8,133,National Poll on Healthy Aging (NPHA),571,3,2,1,select_coverage_CBA_M1,,DAC,161,1222,,,161,1222,2,6884
936,8,133,National Poll on Healthy Aging (NPHA),571,3,2,1,select_coverage_CBA_M1,,exact,161,1222,161.0,1222.0,38,308,2,16184
936,8,133,National Poll on Healthy Aging (NPHA),571,3,2,2,select_coverage,1.0,exact,233,1623,231.0,1618.0,54,395,2,21960
936,8,133,National Poll on Healthy Aging (NPHA),571,3,2,2,select_coverage,2.0,exact,403,2907,398.0,2878.0,86,630,2,38420
936,8,133,National Poll on Healthy Aging (NPHA),571,3,2,2,select_coverage,3.0,exact,537,3859,530.0,3821.0,111,813,2,50956
936,8,133,National Poll on Healthy Aging (NPHA),571,3,2,2,select_coverage,4.0,exact,628,4478,617.0,4419.0,125,911,2,59000
936,8,133,National Poll on Healthy Aging (NPHA),571,3,2,2,select_coverage_CBA_M1,,exact,161,1222,161.0,1222.0,38,308,2,16184
936,8,138,National Poll on Healthy Aging (NPHA),571,3,2,1,select_coverage,1.0,DAC,204,1478,,,204,1478,2,8424
936,8,138,National Poll on Healthy Aging (NPHA),571,3,2,1,select_coverage,1.0,exact,204,1478,203.0,1471.0,26,203,2,19128
936,8,138,National Poll on Healthy Aging (NPHA),571,3,2,1,select_coverage,2.0,DAC,373,2722,,,371,2712,2,15428
936,8,138,National Poll on Healthy Aging (NPHA),571,3,2,1,select_coverage,2.0,exact,373,2722,370.0,2705.0,49,371,2,35056
936,8,138,National Poll on Healthy Aging (NPHA),571,3,2,1,select_coverage,3.0,DAC,499,3662,,,496,3650,2,20700
936,8,138,National Poll on Healthy Aging (NPHA),571,3,2,1,select_coverage,3.0,exact,499,3662,494.0,3636.0,63,474,2,46920
936,8,138,National Poll on Healthy Aging (NPHA),571,3,2,1,select_coverage,4.0,DAC,601,4413,,,598,4401,2,24928
936,8,138,National Poll on Healthy Aging (NPHA),571,3,2,1,select_coverage,4.0,exact,601,4413,596.0,4387.0,76,578,2,56608
936,8,138,National Poll on Healthy Aging (NPHA),571,3,2,1,select_coverage_CBA_M1,,DAC,140,1099,,,140,1099,2,6140
936,8,138,National Poll on Healthy Aging (NPHA),571,3,2,1,select_coverage_CBA_M1,,exact,140,1099,139.0,1092.0,23,187,2,13984
936,8,138,National Poll on Healthy Aging (NPHA),571,3,2,2,select_coverage,1.0,exact,204,1478,203.0,1471.0,26,203,2,19128
936,8,138,National Poll on Healthy Aging (NPHA),571,3,2,2,select_coverage,2.0,exact,373,2722,370.0,2705.0,49,371,2,35056
936,8,138,National Poll on Healthy Aging (NPHA),571,3,2,2,select_coverage,3.0,exact,499,3662,494.0,3636.0,63,474,2,46920
936,8,138,National Poll on Healthy Aging (NPHA),571,3,2,2,select_coverage,4.0,exact,601,4413,596.0,4387.0,76,578,2,56608
936,8,138,National Poll on Healthy Aging (NPHA),571,3,2,2,select_coverage_CBA_M1,,exact,140,1099,139.0,1092.0,23,187,2,13984
936,8,148,National Poll on Healthy Aging (NPHA),571,3,2,1,select_coverage,1.0,DAC,229,1651,,,228,1645,2,9416
936,8,148,National Poll on Healthy Aging (NPHA),571,3,2,1,select_coverage,1.0,exact,229,1651,228.0,1645.0,25,181,2,21228
936,8,148,National Poll on Healthy Aging (NPHA),571,3,2,1,select_coverage,2.0,DAC,390,2820,,,385,2792,2,16024
936,8,148,National Poll on Healthy Aging (NPHA),571,3,2,1,select_coverage,2.0,exact,390,2820,383.0,2770.0,41,302,2,35848
936,8,148,National Poll on Healthy Aging (NPHA),571,3,2,1,select_coverage,3.0,DAC,521,3774,,,516,3746,2,21412
936,8,148,National Poll on Healthy Aging (NPHA),571,3,2,1,select_coverage,3.0,exact,521,3774,511.0,3701.0,57,415,2,47936
936,8,148,National Poll on Healthy Aging (NPHA),571,3,2,1,select_coverage,4.0,DAC,640,4599,,,633,4558,2,26140
936,8,148,National Poll on Healthy Aging (NPHA),571,3,2,1,select_coverage,4.0,exact,640,4599,623.0,4478.0,73,540,2,58428
936,8,148,National Poll on Healthy Aging (NPHA),571,3,2,1,select_coverage_CBA_M1,,DAC,164,1295,,,164,1295,2,7212
936,8,148,National Poll on Healthy Aging (NPHA),571,3,2,1,select_coverage_CBA_M1,,exact,164,1295,164.0,1295.0,20,164,2,16288
936,8,148,National Poll on Healthy Aging (NPHA),571,3,2,2,select_coverage,1.0,exact,229,1651,228.0,1645.0,25,181,2,21228
936,8,148,National Poll on Healthy Aging (NPHA),571,3,2,2,select_coverage,2.0,exact,390,2820,383.0,2770.0,41,302,2,35848
936,8,148,National Poll on Healthy Aging (NPHA),571,3,2,2,select_coverage,3.0,exact,522,3783,512.0,3710.0,57,415,2,48040
936,8,148,National Poll on Healthy Aging (NPHA),571,3,2,2,select_coverage,4.0,exact,641,4605,624.0,4484.0,73,540,2,58508
936,8,148,National Poll on Healthy Aging (NPHA),571,3,2,2,select_coverage_CBA_M1,,exact,164,1295,164.0,1295.0,20,164,2,16288
936,9,5,National Poll on Healthy Aging (NPHA),571,3,2,1,select_coverage,1.0,DAC,211,1505,,,210,1502,2,8624
936,9,5,National Poll on Healthy Aging (NPHA),571,3,2,1,select_coverage,1.0,exact,211,1505,210.0,1502.0,45,319,2,20048
936,9,5,National Poll on Healthy Aging (NPHA),571,3,2,1,select_coverage,2.0,DAC,358,2597,,,355,2580,2,14756
936,9,5,National Poll on Healthy Aging (NPHA),571,3,2,1,select_coverage,2.0,exact,358,2597,354.0,2571.0,72,518,2,34096
936,9,5,National Poll on Healthy Aging (NPHA),571,3,2,1,select_coverage,3.0,DAC,476,3459,,,471,3431,2,19620
936,9,5,National Poll on Healthy Aging (NPHA),571,3,2,1,select_coverage,3.0,exact,476,3459,470.0,3422.0,92,654,2,45204
936,9,5,National Poll on Healthy Aging (NPHA),571,3,2,1,select_coverage,4.0,DAC,575,4160,,,566,4115,2,23612
936,9,5,National Poll on Healthy Aging (NPHA),571,3,2,1,select_coverage,4.0,exact,575,4160,564.0,4097.0,115,826,2,54404
936,9,5,National Poll on Healthy Aging (NPHA),571,3,2,1,select_coverage_CBA_M1,,DAC,136,1101,,,136,1101,2,6108
936,9,5,National Poll on Healthy Aging (NPHA),571,3,2,1,select_coverage_CBA_M1,,exact,136,1101,136.0,1101.0,32,257,2,14212
936,9,5,National Poll on Healthy Aging (NPHA),571,3,2,2,select_coverage,1.0,exact,211,1505,210.0,1502.0,45,319,2,20048
936,9,5,National Poll on Healthy Aging (NPHA),571,3,2,2,select_coverage,2.0,exact,358,2597,354.0,2571.0,72,518,2,34096
936,9,5,National Poll on Healthy Aging (NPHA),571,3,2,2,select_coverage,3.0,exact,476,3459,470.0,3422.0,92,654,2,45204
936,9,5,National Poll on Healthy Aging (NPHA),571,3,2,2,select_coverage,4.0,exact,576,4167,565.0,4104.0,115,826,2,54492
936,9,5,National Poll on Healthy Aging (NPHA),571,3,2,2,select_coverage_CBA_M1,,exact,136,1101,136.0,1101.0,32,257,2,14212
936,9,14,National Poll on Healthy Aging (NPHA),571,3,2,1,select_coverage,1.0,DAC,208,1551,,,208,1551,2,8772
936,9,14,National Poll on Healthy Aging (NPHA),571,3,2,1,select_coverage,1.0,exact,208,1551,208.0,1551.0,34,264,2,20144
936,9,14,National Poll on Healthy Aging (NPHA),571,3,2,1,select_coverage,2.0,DAC,332,2461,,,330,2447,2,13900
936,9,14,National Poll on Healthy Aging (NPHA),571,3,2,1,select_coverage,2.0,exact,332,2461,330.0,2447.0,54,422,2,31904
936,9,14,National Poll on Healthy Aging (NPHA),571,3,2,1,select_coverage,3.0,DAC,419,3084,,,416,3065,2,17436
936,9,14,National Poll on Healthy Aging (NPHA),571,3,2,1,select_coverage,3.0,exact,419,3084,415.0,3059.0,62,479,2,39792
936,9,14,National Poll on Healthy Aging (NPHA),571,3,2,1,select_coverage,4.0,DAC,490,3573,,,486,3548,2,20244
936,9,14,National Poll on Healthy Aging (NPHA),571,3,2,1,select_coverage,4.0,exact,490,3573,484.0,3535.0,70,538,2,46096
936,9,14,National Poll on Healthy Aging (NPHA),571,3,2,1,select_coverage_CBA_M1,,DAC,149,1199,,,149,1199,2,6656
936,9,14,National Poll on Healthy Aging (NPHA),571,3,2,1,select_coverage_CBA_M1,,exact,149,1199,149.0,1199.0,31,247,2,15372
936,9,14,National Poll on Healthy Aging (NPHA),571,3,2,2,select_coverage,1.0,exact,208,1551,208.0,1551.0,34,264,2,20144
936,9,14,National Poll on Healthy Aging (NPHA),571,3,2,2,select_coverage,2.0,exact,332,2461,330.0,2447.0,54,422,2,31904
936,9,14,National Poll on Healthy Aging (NPHA),571,3,2,2,select_coverage,3.0,exact,419,3084,415.0,3059.0,62,479,2,39792
936,9,14,National Poll on Healthy Aging (NPHA),571,3,2,2,select_coverage,4.0,exact,489,3569,483.0,3531.0,70,538,2,46032
936,9,14,National Poll on Healthy Aging (NPHA),571,3,2,2,select_coverage_CBA_M1,,exact,149,1199,149.0,1199.0,31,247,2,15372
936,9,17,National Poll on Healthy Aging (NPHA),571,3,2,1,select_coverage,1.0,DAC,212,1515,,,211,1511,2,8676
936,9,17,National Poll on Healthy Aging (NPHA),571,3,2,1,select_coverage,1.0,exact,212,1515,211.0,1511.0,33,240,2,19840
936,9,17,National Poll on Healthy Aging (NPHA),571,3,2,1,select_coverage,2.0,DAC,347,2504,,,346,2500,2,14252
936,9,17,National Poll on Healthy Aging (NPHA),571,3,2,1,select_coverage,2.0,exact,347,2504,345.0,2491.0,57,423,2,32736
936,9,17,National Poll on Healthy Aging (NPHA),571,3,2,1,select_coverage,3.0,DAC,449,3244,,,447,3236,2,18436
936,9,17,National Poll on Healthy Aging (NPHA),571,3,2,1,select_coverage,3.0,exact,449,3244,446.0,3227.0,66,490,2,42140
936,9,17,National Poll on Healthy Aging (NPHA),571,3,2,1,select_coverage,4.0,DAC,541,3890,,,536,3869,2,22124
936,9,17,National Poll on Healthy Aging (NPHA),571,3,2,1,select_coverage,4.0,exact,541,3890,534.0,3855.0,81,608,2,50524
936,9,17,National Poll on Healthy Aging (NPHA),571,3,2,1,select_coverage_CBA_M1,,DAC,137,1082,,,137,1082,2,6044
936,9,17,National Poll on Healthy Aging (NPHA),571,3,2,1,select_coverage_CBA_M1,,exact,137,1082,137.0,1082.0,24,190,2,13824
936,9,17,National Poll on Healthy Aging (NPHA),571,3,2,2,select_coverage,1.0,exact,212,1515,211.0,1511.0,33,240,2,19840
936,9,17,National Poll on Healthy Aging (NPHA),571,3,2,2,select_coverage,2.0,exact,348,2515,346.0,2502.0,57,423,2,32856
936,9,17,National Poll on Healthy Aging (NPHA),571,3,2,2,select_coverage,3.0,exact,451,3263,448.0,3246.0,67,495,2,42376
936,9,17,National Poll on Healthy Aging (NPHA),571,3,2,2,select_coverage,4.0,exact,543,3909,536.0,3874.0,81,608,2,50740
936,9,17,National Poll on Healthy Aging (NPHA),571,3,2,2,select_coverage_CBA_M1,,exact,137,1082,137.0,1082.0,24,190,2,13824
936,9,19,National Poll on Healthy Aging (NPHA),571,3,2,1,select_coverage,1.0,DAC,208,1447,,,207,1443,2,8356
936,9,19,National Poll on Healthy Aging (NPHA),571,3,2,1,select_coverage,1.0,exact,208,1447,207.0,1443.0,46,336,3,19552
936,9,19,National Poll on Healthy Aging (NPHA),571,3,2,1,select_coverage,2.0,DAC,335,2384,,,334,2380,2,13628
936,9,19,National Poll on Healthy Aging (NPHA),571,3,2,1,select_coverage,2.0,exact,335,2384,334.0,2380.0,72,546,3,31952
936,9,19,National Poll on Healthy Aging (NPHA),571,3,2,1,select_coverage,3.0,DAC,432,3053,,,429,3033,2,17468
936,9,19,National Poll on Healthy Aging (NPHA),571,3,2,1,select_coverage,3.0,exact,432,3053,427.0,3017.0,87,645,3,40548
936,9,19,National Poll on Healthy Aging (NPHA),571,3,2,1,select_coverage,4.0,DAC,508,3608,,,504,3581,2,20600
936,9,19,National Poll on Healthy Aging (NPHA),571,3,2,1,select_coverage,4.0,exact,508,3608,501.0,3557.0,99,725,3,47616
936,9,19,National Poll on Healthy Aging (NPHA),571,3,2,1,select_coverage_CBA_M1,,DAC,134,1049,,,134,1049,2,5876
936,9,19,National Poll on Healthy Aging (NPHA),571,3,2,1,select_coverage_CBA_M1,,exact,134,1049,134.0,1049.0,35,287,2,13852
936,9,19,National Poll on Healthy Aging (NPHA),571,3,2,2,select_coverage,1.0,exact,208,1447,207.0,1443.0,46,336,3,19552
936,9,19,National Poll on Healthy Aging (NPHA),571,3,2,2,select_coverage,2.0,exact,336,2392,335.0,2388.0,72,546,3,32048
936,9,19,National Poll on Healthy Aging (NPHA),571,3,2,2,select_coverage,3.0,exact,432,3053,427.0,3017.0,87,645,3,40548
936,9,19,National Poll on Healthy Aging (NPHA),571,3,2,2,select_coverage,4.0,exact,509,3617,503.0,3574.0,100,733,3,47816
936,9,19,National Poll on Healthy Aging (NPHA),571,3,2,2,select_coverage_CBA_M1,,exact,134,1049,134.0,1049.0,35,287,2,13852
936,9,29,National Poll on Healthy Aging (NPHA),571,3,2,1,select_coverage,1.0,DAC,201,1484,,,200,1481,2,8420
936,9,29,National Poll on Healthy Aging (NPHA),571,3,2,1,select_coverage,1.0,exact,201,1484,200.0,1481.0,32,236,2,19228
936,9,29,National Poll on Healthy Aging (NPHA),571,3,2,1,select_coverage,2.0,DAC,340,2488,,,336,2474,2,14104
936,9,29,National Poll on Healthy Aging (NPHA),571,3,2,1,select_coverage,2.0,exact,340,2488,336.0,2474.0,47,346,2,32008
936,9,29,National Poll on Healthy Aging (NPHA),571,3,2,1,select_coverage,3.0,DAC,433,3153,,,428,3134,2,17880
936,9,29,National Poll on Healthy Aging (NPHA),571,3,2,1,select_coverage,3.0,exact,433,3153,428.0,3134.0,59,433,2,40600
936,9,29,National Poll on Healthy Aging (NPHA),571,3,2,1,select_coverage,4.0,DAC,513,3708,,,507,3685,2,21060
936,9,29,National Poll on Healthy Aging (NPHA),571,3,2,1,select_coverage,4.0,exact,513,3708,507.0,3685.0,66,487,2,47768
936,9,29,National Poll on Healthy Aging (NPHA),571,3,2,1,select_coverage_CBA_M1,,DAC,140,1130,,,140,1130,2,6272
936,9,29,National Poll on Healthy Aging (NPHA),571,3,2,1,select_coverage_CBA_M1,,exact,140,1130,140.0,1130.0,26,212,2,14392
936,9,29,National Poll on Healthy Aging (NPHA),571,3,2,2,select_coverage,1.0,exact,201,1484,200.0,1481.0,32,236,2,19228
936,9,29,National Poll on Healthy Aging (NPHA),571,3,2,2,select_coverage,2.0,exact,340,2488,336.0,2474.0,47,346,2,32008
936,9,29,National Poll on Healthy Aging (NPHA),571,3,2,2,select_coverage,3.0,exact,433,3153,428.0,3134.0,59,433,2,40600
936,9,29,National Poll on Healthy Aging (NPHA),571,3,2,2,select_coverage,4.0,exact,513,3708,507.0,3685.0,66,487,2,47768
936,9,29,National Poll on Healthy Aging (NPHA),571,3,2,2,select_coverage_CBA_M1,,exact,140,1130,140.0,1130.0,26,212,2,14392
936,9,31,National Poll on Healthy Aging (NPHA),571,3,2,1,select_coverage,1.0,DAC,200,1446,,,199,1439,2,8256
936,9,31,National Poll on Healthy Aging (NPHA),571,3,2,1,select_coverage,1.0,exact,200,1446,199.0,1439.0,37,279,2,19048
936,9,31,National Poll on Healthy Aging (NPHA),571,3,2,1,select_coverage,2.0,DAC,345,2512,,,342,2494,2,14260
936,9,31,National Poll on Healthy Aging (NPHA),571,3,2,1,select_coverage,2.0,exact,345,2512,342.0,2494.0,58,423,2,32684
936,9,31,National Poll on Healthy Aging (NPHA),571,3,2,1,select_coverage,3.0,DAC,449,3243,,,444,3214,2,18432
936,9,31,National Poll on Healthy Aging (NPHA),571,3,2,1,select_coverage,3.0,exact,449,3243,444.0,3214.0,71,515,2,42120
936,9,31,National Poll on Healthy Aging (NPHA),571,3,2,1,select_coverage,4.0,DAC,532,3827,,,527,3798,2,21764
936,9,31,National Poll on Healthy Aging (NPHA),571,3,2,1,select_coverage,4.0,exact,532,3827,526.0,3792.0,83,600,2,49732
936,9,31,National Poll on Healthy Aging (NPHA),571,3,2,1,select_coverage_CBA_M1,,DAC,149,1140,,,149,1140,2,6420
936,9,31,National Poll on Healthy Aging (NPHA),571,3,2,1,select_coverage_CBA_M1,,exact,149,1140,149.0,1140.0,29,236,2,14856
936,9,31,National Poll on Healthy Aging (NPHA),571,3,2,2,select_coverage,1.0,exact,200,1446,199.0,1439.0,37,279,2,19048
936,9,31,National Poll on Healthy Aging (NPHA),571,3,2,2,select_coverage,2.0,exact,345,2512,342.0,2494.0,58,423,2,32684
936,9,31,National Poll on Healthy Aging (NPHA),571,3,2,2,select_coverage,3.0,exact,449,3243,444.0,3214.0,71,515,2,42120
936,9,31,National Poll on Healthy Aging (NPHA),571,3,2,2,select_coverage,4.0,exact,532,3827,526.0,3792.0,83,600,2,49732
936,9,31,National Poll on Healthy Aging (NPHA),571,3,2,2,select_coverage_CBA_M1,,exact,149,1140,149.0,1140.0,29,236,2,14856
936,9,34,National Poll on Healthy Aging (NPHA),571,3,2,1,select_coverage,1.0,DAC,215,1502,,,211,1481,2,8660
936,9,34,National Poll on Healthy Aging (NPHA),571,3,2,1,select_coverage,1.0,exact,215,1502,211.0,1481.0,33,247,2,19696
936,9,34,National Poll on Healthy Aging (NPHA),571,3,2,1,select_coverage,2.0,DAC,367,2558,,,361,2528,2,14708
936,9,34,National Poll on Healthy Aging (NPHA),571,3,2,1,select_coverage,2.0,exact,367,2558,360.0,2524.0,52,366,2,33336
936,9,34,National Poll on Healthy Aging (NPHA),571,3,2,1,select_coverage,3.0,DAC,477,3345,,,469,3306,2,19176
936,9,34,National Poll on Healthy Aging (NPHA),571,3,2,1,select_coverage,3.0,exact,477,3345,467.0,3295.0,66,476,2,43432
936,9,34,National Poll on Healthy Aging (NPHA),571,3,2,1,select_coverage,4.0,DAC,562,3917,,,553,3873,2,22484
936,9,34,National Poll on Healthy Aging (NPHA),571,3,2,1,select_coverage,4.0,exact,562,3917,549.0,3848.0,70,500,2,50652
936,9,34,National Poll on Healthy Aging (NPHA),571,3,2,1,select_coverage_CBA_M1,,DAC,128,987,,,128,987,2,5556
936,9,34,National Poll on Healthy Aging (NPHA),571,3,2,1,select_coverage_CBA_M1,,exact,128,987,128.0,987.0,26,212,2,12864
936,9,34,National Poll on Healthy Aging (NPHA),571,3,2,2,select_coverage,1.0,exact,215,1502,211.0,1481.0,33,247,2,19696
936,9,34,National Poll on Healthy Aging (NPHA),571,3,2,2,select_coverage,2.0,exact,367,2558,360.0,2524.0,52,366,2,33336
936,9,34,National Poll on Healthy Aging (NPHA),571,3,2,2,select_coverage,3.0,exact,477,3345,467.0,3295.0,66,476,2,43432
936,9,34,National Poll on Healthy Aging (NPHA),571,3,2,2,select_coverage,4.0,exact,561,3911,548.0,3842.0,70,500,2,50572
936,9,34,National Poll on Healthy Aging (NPHA),571,3,2,2,select_coverage_CBA_M1,,exact,128,987,128.0,987.0,26,212,2,12864
936,9,42,National Poll on Healthy Aging (NPHA),571,3,2,1,select_coverage,1.0,DAC,197,1410,,,197,1410,2,8076
936,9,42,National Poll on Healthy Aging (NPHA),571,3,2,1,select_coverage,1.0,exact,197,1410,197.0,1410.0,33,238,2,18560
936,9,42,National Poll on Healthy Aging (NPHA),571,3,2,1,select_coverage,2.0,DAC,323,2349,,,321,2336,2,13344
936,9,42,National Poll on Healthy Aging (NPHA),571,3,2,1,select_coverage,2.0,exact,323,2349,320.0,2325.0,56,422,2,30648
936,9,42,National Poll on Healthy Aging (NPHA),571,3,2,1,select_coverage,3.0,DAC,437,3157,,,432,3125,2,17944
936,9,42,National Poll on Healthy Aging (NPHA),571,3,2,1,select_coverage,3.0,exact,437,3157,430.0,3106.0,68,513,2,40888
936,9,42,National Poll on Healthy Aging (NPHA),571,3,2,1,select_coverage,4.0,DAC,522,3752,,,516,3714,2,21344
936,9,42,National Poll on Healthy Aging (NPHA),571,3,2,1,select_coverage,4.0,exact,522,3752,513.0,3686.0,75,561,2,48436
936,9,42,National Poll on Healthy Aging (NPHA),571,3,2,1,select_coverage_CBA_M1,,DAC,138,1062,,,138,1062,2,5976
936,9,42,National Poll on Healthy Aging (NPHA),571,3,2,1,select_coverage_CBA_M1,,exact,138,1062,138.0,1062.0,24,193,2,13708
936,9,42,National Poll on Healthy Aging (NPHA),571,3,2,2,select_coverage,1.0,exact,196,1402,196.0,1402.0,33,238,2,18464
936,9,42,National Poll on Healthy Aging (NPHA),571,3,2,2,select_coverage,2.0,exact,324,2358,321.0,2334.0,56,422,2,30752
936,9,42,National Poll on Healthy Aging (NPHA),571,3,2,2,select_coverage,3.0,exact,438,3165,431.0,3114.0,69,521,2,41016
936,9,42,National Poll on Healthy Aging (NPHA),571,3,2,2,select_coverage,4.0,exact,524,3764,515.0,3698.0,75,561,2,48596
936,9,42,National Poll on Healthy Aging (NPHA),571,3,2,2,select_coverage_CBA_M1,,exact,138,1062,138.0,1062.0,24,193,2,13708
936,9,49,National Poll on Healthy Aging (NPHA),571,3,2,1,select_coverage,1.0,DAC,206,1472,,,203,1459,2,8432
936,9,49,National Poll on Healthy Aging (NPHA),571,3,2,1,select_coverage,1.0,exact,206,1472,203.0,1459.0,36,255,2,19264
936,9,49,National Poll on Healthy Aging (NPHA),571,3,2,1,select_coverage,2.0,DAC,354,2511,,,350,2496,2,14364
936,9,49,National Poll on Healthy Aging (NPHA),571,3,2,1,select_coverage,2.0,exact,354,2511,348.0,2482.0,58,419,2,32808
936,9,49,National Poll on Healthy Aging (NPHA),571,3,2,1,select_coverage,3.0,DAC,472,3365,,,468,3350,2,19196
936,9,49,National Poll on Healthy Aging (NPHA),571,3,2,1,select_coverage,3.0,exact,472,3365,463.0,3319.0,72,523,2,43668
936,9,49,National Poll on Healthy Aging (NPHA),571,3,2,1,select_coverage,4.0,DAC,568,4045,,,564,4030,2,23068
936,9,49,National Poll on Healthy Aging (NPHA),571,3,2,1,select_coverage,4.0,exact,568,4045,558.0,3988.0,84,613,2,52464
936,9,49,National Poll on Healthy Aging (NPHA),571,3,2,1,select_coverage_CBA_M1,,DAC,138,1096,,,138,1096,2,6112
936,9,49,National Poll on Healthy Aging (NPHA),571,3,2,1,select_coverage_CBA_M1,,exact,138,1096,138.0,1096.0,27,211,2,14052
936,9,49,National Poll on Healthy Aging (NPHA),571,3,2,2,select_coverage,1.0,exact,206,1472,203.0,1459.0,36,255,2,19264
936,9,49,National Poll on Healthy Aging (NPHA),571,3,2,2,select_coverage,2.0,exact,354,2511,348.0,2482.0,58,419,2,32808
936,9,49,National Poll on Healthy Aging (NPHA),571,3,2,2,select_coverage,3.0,exact,473,3373,464.0,3327.0,72,523,2,43764
936,9,49,National Poll on Healthy Aging (NPHA),571,3,2,2,select_coverage,4.0,exact,570,4058,560.0,4001.0,84,613,2,52632
936,9,49,National Poll on Healthy Aging (NPHA),571,3,2,2,select_coverage_CBA_M1,,exact,138,1096,138.0,1096.0,27,211,2,14052
936,9,63,National Poll on Healthy Aging (NPHA),571,3,2,1,select_coverage,1.0,DAC,220,1510,,,217,1499,2,8752
936,9,63,National Poll on Healthy Aging (NPHA),571,3,2,1,select_coverage,1.0,exact,220,1510,217.0,1499.0,42,309,2,20240
936,9,63,National Poll on Healthy Aging (NPHA),571,3,2,1,select_coverage,2.0,DAC,392,2734,,,388,2716,2,15712
936,9,63,National Poll on Healthy Aging (NPHA),571,3,2,1,select_coverage,2.0,exact,392,2734,388.0,2716.0,67,500,2,36240
936,9,63,National Poll on Healthy Aging (NPHA),571,3,2,1,select_coverage,3.0,DAC,518,3600,,,510,3561,2,20688
936,9,63,National Poll on Healthy Aging (NPHA),571,3,2,1,select_coverage,3.0,exact,518,3600,509.0,3553.0,89,668,2,47596
936,9,63,National Poll on Healthy Aging (NPHA),571,3,2,1,select_coverage,4.0,DAC,615,4261,,,604,4206,2,24496
936,9,63,National Poll on Healthy Aging (NPHA),571,3,2,1,select_coverage,4.0,exact,615,4261,602.0,4187.0,103,770,2,56160
936,9,63,National Poll on Healthy Aging (NPHA),571,3,2,1,select_coverage_CBA_M1,,DAC,145,1107,,,145,1107,2,6240
936,9,63,National Poll on Healthy Aging (NPHA),571,3,2,1,select_coverage_CBA_M1,,exact,145,1107,145.0,1107.0,31,256,2,14544
936,9,63,National Poll on Healthy Aging (NPHA),571,3,2,2,select_coverage,1.0,exact,220,1510,217.0,1499.0,42,309,2,20240
936,9,63,National Poll on Healthy Aging (NPHA),571,3,2,2,select_coverage,2.0,exact,392,2734,388.0,2716.0,67,500,2,36240
936,9,63,National Poll on Healthy Aging (NPHA),571,3,2,2,select_coverage,3.0,exact,518,3600,509.0,3553.0,89,668,2,47596
936,9,63,National Poll on Healthy Aging (NPHA),571,3,2,2,select_coverage,4.0,exact,615,4261,602.0,4187.0,103,770,2,56160
936,9,63,National Poll on Healthy Aging (NPHA),571,3,2,2,select_coverage_CBA_M1,,exact,145,1107,145.0,1107.0,31,256,2,14544
936,9,64,National Poll on Healthy Aging (NPHA),571,3,2,1,select_coverage,1.0,DAC,213,1511,,,212,1506,2,8672
936,9,64,National Poll on Healthy Aging (NPHA),571,3,2,1,select_coverage,1.0,exact,213,1511,212.0,1506.0,29,207,2,19704
936,9,64,National Poll on Healthy Aging (NPHA),571,3,2,1,select_coverage,2.0,DAC,351,2529,,,348,2515,2,14400
936,9,64,National Poll on Healthy Aging (NPHA),571,3,2,1,select_coverage,2.0,exact,351,2529,348.0,2515.0,46,352,2,32744
936,9,64,National Poll on Healthy Aging (NPHA),571,3,2,1,select_coverage,3.0,DAC,462,3327,,,457,3305,2,18924
936,9,64,National Poll on Healthy Aging (NPHA),571,3,2,1,select_coverage,3.0,exact,462,3327,456.0,3298.0,55,427,2,42824
936,9,64,National Poll on Healthy Aging (NPHA),571,3,2,1,select_coverage,4.0,DAC,562,4029,,,555,3998,2,22932
936,9,64,National Poll on Healthy Aging (NPHA),571,3,2,1,select_coverage,4.0,exact,562,4029,554.0,3991.0,62,473,2,51724
936,9,64,National Poll on Healthy Aging (NPHA),571,3,2,1,select_coverage_CBA_M1,,DAC,152,1176,,,152,1176,2,6600
936,9,64,National Poll on Healthy Aging (NPHA),571,3,2,1,select_coverage_CBA_M1,,exact,152,1176,152.0,1176.0,20,162,2,14944
936,9,64,National Poll on Healthy Aging (NPHA),571,3,2,2,select_coverage,1.0,exact,213,1511,212.0,1506.0,29,207,2,19704
936,9,64,National Poll on Healthy Aging (NPHA),571,3,2,2,select_coverage,2.0,exact,351,2529,348.0,2515.0,46,352,2,32744
936,9,64,National Poll on Healthy Aging (NPHA),571,3,2,2,select_coverage,3.0,exact,462,3327,456.0,3298.0,55,427,2,42824
936,9,64,National Poll on Healthy Aging (NPHA),571,3,2,2,select_coverage,4.0,exact,562,4029,554.0,3991.0,62,473,2,51724
936,9,64,National Poll on Healthy Aging (NPHA),571,3,2,2,select_coverage_CBA_M1,,exact,152,1176,152.0,1176.0,20,162,2,14944
936,9,65,National Poll on Healthy Aging (NPHA),571,3,2,1,select_coverage,1.0,DAC,223,1544,,,222,1539,2,8924
936,9,65,National Poll on Healthy Aging (NPHA),571,3,2,1,select_coverage,1.0,exact,223,1544,222.0,1539.0,30,225,2,20360
936,9,65,National Poll on Healthy Aging (NPHA),571,3,2,1,select_coverage,2.0,DAC,384,2713,,,380,2699,2,15532
936,9,65,National Poll on Healthy Aging (NPHA),571,3,2,1,select_coverage,2.0,exact,384,2713,379.0,2688.0,52,397,2,35344
936,9,65,National Poll on Healthy Aging (NPHA),571,3,2,1,select_coverage,3.0,DAC,513,3616,,,509,3602,2,20692
936,9,65,National Poll on Healthy Aging (NPHA),571,3,2,1,select_coverage,3.0,exact,513,3616,506.0,3573.0,67,513,2,47024
936,9,65,National Poll on Healthy Aging (NPHA),571,3,2,1,select_coverage,4.0,DAC,612,4296,,,606,4274,2,24600
936,9,65,National Poll on Healthy Aging (NPHA),571,3,2,1,select_coverage,4.0,exact,612,4296,603.0,4245.0,73,551,2,55688
936,9,65,National Poll on Healthy Aging (NPHA),571,3,2,1,select_coverage_CBA_M1,,DAC,159,1201,,,159,1201,2,6784
936,9,65,National Poll on Healthy Aging (NPHA),571,3,2,1,select_coverage_CBA_M1,,exact,159,1201,159.0,1201.0,26,207,2,15548
936,9,65,National Poll on Healthy Aging (NPHA),571,3,2,2,select_coverage,1.0,exact,223,1544,222.0,1539.0,30,225,2,20360
936,9,65,National Poll on Healthy Aging (NPHA),571,3,2,2,select_coverage,2.0,exact,383,2706,378.0,2681.0,52,397,2,35256
936,9,65,National Poll on Healthy Aging (NPHA),571,3,2,2,select_coverage,3.0,exact,515,3630,508.0,3587.0,67,513,2,47200
936,9,65,National Poll on Healthy Aging (NPHA),571,3,2,2,select_coverage,4.0,exact,615,4320,606.0,4269.0,73,551,2,55976
936,9,65,National Poll on Healthy Aging (NPHA),571,3,2,2,select_coverage_CBA_M1,,exact,156,1179,156.0,1179.0,26,207,2,15276
936,9,68,National Poll on Healthy Aging (NPHA),571,3,2,1,select_coverage,1.0,DAC,210,1512,,,208,1505,2,8640
936,9,68,National Poll on Healthy Aging (NPHA),571,3,2,1,select_coverage,1.0,exact,210,1512,208.0,1505.0,30,221,2,19632
936,9,68,National Poll on Healthy Aging (NPHA),571,3,2,1,select_coverage,2.0,DAC,364,2598,,,359,2572,2,14832
936,9,68,National Poll on Healthy Aging (NPHA),571,3,2,1,select_coverage,2.0,exact,364,2598,359.0,2572.0,47,346,2,33576
936,9,68,National Poll on Healthy Aging (NPHA),571,3,2,1,select_coverage,3.0,DAC,494,3542,,,487,3504,2,20168
936,9,68,National Poll on Healthy Aging (NPHA),571,3,2,1,select_coverage,3.0,exact,494,3542,485.0,3491.0,64,470,2,45556
936,9,68,National Poll on Healthy Aging (NPHA),571,3,2,1,select_coverage,4.0,DAC,598,4277,,,591,4239,2,24356
936,9,68,National Poll on Healthy Aging (NPHA),571,3,2,1,select_coverage,4.0,exact,598,4277,589.0,4226.0,75,537,2,55032
936,9,68,National Poll on Healthy Aging (NPHA),571,3,2,1,select_coverage_CBA_M1,,DAC,148,1152,,,148,1152,2,6456
936,9,68,National Poll on Healthy Aging (NPHA),571,3,2,1,select_coverage_CBA_M1,,exact,148,1152,148.0,1152.0,25,192,2,14744
936,9,68,National Poll on Healthy Aging (NPHA),571,3,2,2,select_coverage,1.0,exact,210,1512,208.0,1505.0,30,221,2,19632
936,9,68,National Poll on Healthy Aging (NPHA),571,3,2,2,select_coverage,2.0,exact,364,2598,359.0,2572.0,47,346,2,33576
936,9,68,National Poll on Healthy Aging (NPHA),571,3,2,2,select_coverage,3.0,exact,494,3542,485.0,3491.0,64,470,2,45556
936,9,68,National Poll on Healthy Aging (NPHA),571,3,2,2,select_coverage,4.0,exact,598,4277,589.0,4226.0,75,537,2,55032
936,9,68,National Poll on Healthy Aging (NPHA),571,3,2,2,select_coverage_CBA_M1,,exact,148,1152,148.0,1152.0,25,192,2,14744
936,9,74,National Poll on Healthy Aging (NPHA),571,3,2,1,select_coverage,1.0,DAC,210,1492,,,208,1485,2,8560
936,9,74,National Poll on Healthy Aging (NPHA),571,3,2,1,select_coverage,1.0,exact,210,1492,208.0,1485.0,33,222,2,19476
936,9,74,National Poll on Healthy Aging (NPHA),571,3,2,1,select_coverage,2.0,DAC,343,2479,,,337,2456,2,14104
936,9,74,National Poll on Healthy Aging (NPHA),571,3,2,1,select_coverage,2.0,exact,343,2479,337.0,2456.0,54,376,2,32052
936,9,74,National Poll on Healthy Aging (NPHA),571,3,2,1,select_coverage,3.0,DAC,450,3265,,,442,3236,2,18532
936,9,74,National Poll on Healthy Aging (NPHA),571,3,2,1,select_coverage,3.0,exact,450,3265,442.0,3236.0,66,458,2,42004
936,9,74,National Poll on Healthy Aging (NPHA),571,3,2,1,select_coverage,4.0,DAC,525,3792,,,516,3755,2,21540
936,9,74,National Poll on Healthy Aging (NPHA),571,3,2,1,select_coverage,4.0,exact,525,3792,515.0,3749.0,79,553,2,48880
936,9,74,National Poll on Healthy Aging (NPHA),571,3,2,1,select_coverage_CBA_M1,,DAC,138,1086,,,138,1086,2,6072
936,9,74,National Poll on Healthy Aging (NPHA),571,3,2,1,select_coverage_CBA_M1,,exact,138,1086,138.0,1086.0,26,195,2,13908
936,9,74,National Poll on Healthy Aging (NPHA),571,3,2,2,select_coverage,1.0,exact,210,1492,208.0,1485.0,33,222,2,19476
936,9,74,National Poll on Healthy Aging (NPHA),571,3,2,2,select_coverage,2.0,exact,342,2474,336.0,2451.0,54,376,2,31980
936,9,74,National Poll on Healthy Aging (NPHA),571,3,2,2,select_coverage,3.0,exact,450,3265,442.0,3236.0,66,458,2,42004
936,9,74,National Poll on Healthy Aging (NPHA),571,3,2,2,select_coverage,4.0,exact,526,3800,516.0,3757.0,79,553,2,48976
936,9,74,National Poll on Healthy Aging (NPHA),571,3,2,2,select_coverage_CBA_M1,,exact,138,1086,138.0,1086.0,26,195,2,13908
936,9,76,National Poll on Healthy Aging (NPHA),571,3,2,1,select_coverage,1.0,DAC,183,1295,,,182,1292,2,7448
936,9,76,National Poll on Healthy Aging (NPHA),571,3,2,1,select_coverage,1.0,exact,183,1295,182.0,1292.0,22,151,2,16800
936,9,76,National Poll on Healthy Aging (NPHA),571,3,2,1,select_coverage,2.0,DAC,303,2191,,,302,2188,2,12472
936,9,76,National Poll on Healthy Aging (NPHA),571,3,2,1,select_coverage,2.0,exact,303,2191,302.0,2188.0,37,267,2,28272
936,9,76,National Poll on Healthy Aging (NPHA),571,3,2,1,select_coverage,3.0,DAC,404,2949,,,402,2939,2,16716
936,9,76,National Poll on Healthy Aging (NPHA),571,3,2,1,select_coverage,3.0,exact,404,2949,401.0,2931.0,47,348,2,37768
936,9,76,National Poll on Healthy Aging (NPHA),571,3,2,1,select_coverage,4.0,DAC,472,3426,,,470,3416,2,19440
936,9,76,National Poll on Healthy Aging (NPHA),571,3,2,1,select_coverage,4.0,exact,472,3426,468.0,3400.0,56,411,2,43948
936,9,76,National Poll on Healthy Aging (NPHA),571,3,2,1,select_coverage_CBA_M1,,DAC,123,968,,,123,968,2,5420
936,9,76,National Poll on Healthy Aging (NPHA),571,3,2,1,select_coverage_CBA_M1,,exact,123,968,123.0,968.0,16,125,2,12204
936,9,76,National Poll on Healthy Aging (NPHA),571,3,2,2,select_coverage,1.0,exact,183,1295,182.0,1292.0,22,151,2,16800
936,9,76,National Poll on Healthy Aging (NPHA),571,3,2,2,select_coverage,2.0,exact,304,2199,303.0,2196.0,37,267,2,28368
936,9,76,National Poll on Healthy Aging (NPHA),571,3,2,2,select_coverage,3.0,exact,405,2956,402.0,2938.0,47,348,2,37856
936,9,76,National Poll on Healthy Aging (NPHA),571,3,2,2,select_coverage,4.0,exact,475,3445,471.0,3419.0,56,411,2,44196
936,9,76,National Poll on Healthy Aging (NPHA),571,3,2,2,select_coverage_CBA_M1,,exact,123,968,123.0,968.0,16,125,2,12204
936,9,100,National Poll on Healthy Aging (NPHA),571,3,2,1,select_coverage,1.0,DAC,205,1406,,,203,1396,2,8156
936,9,100,National Poll on Healthy Aging (NPHA),571,3,2,1,select_coverage,1.0,exact,205,1406,203.0,1396.0,28,197,3,18516
936,9,100,National Poll on Healthy Aging (NPHA),571,3,2,1,select_coverage,2.0,DAC,353,2461,,,349,2445,2,14152
936,9,100,National Poll on Healthy Aging (NPHA),571,3,2,1,select_coverage,2.0,exact,353,2461,349.0,2445.0,55,390,2,32376
936,9,100,National Poll on Healthy Aging (NPHA),571,3,2,1,select_coverage,3.0,DAC,457,3183,,,450,3153,2,18288
936,9,100,National Poll on Healthy Aging (NPHA),571,3,2,1,select_coverage,3.0,exact,457,3183,449.0,3149.0,65,464,2,41576
936,9,100,National Poll on Healthy Aging (NPHA),571,3,2,1,select_coverage,4.0,DAC,549,3799,,,542,3769,2,21856
936,9,100,National Poll on Healthy Aging (NPHA),571,3,2,1,select_coverage,4.0,exact,549,3799,539.0,3755.0,80,554,2,49704
936,9,100,National Poll on Healthy Aging (NPHA),571,3,2,1,select_coverage_CBA_M1,,DAC,140,1030,,,140,1030,2,5872
936,9,100,National Poll on Healthy Aging (NPHA),571,3,2,1,select_coverage_CBA_M1,,exact,140,1030,140.0,1030.0,21,165,2,13404
936,9,100,National Poll on Healthy Aging (NPHA),571,3,2,2,select_coverage,1.0,exact,205,1406,203.0,1396.0,28,197,3,18516
936,9,100,National Poll on Healthy Aging (NPHA),571,3,2,2,select_coverage,2.0,exact,353,2461,349.0,2445.0,55,390,2,32376
936,9,100,National Poll on Healthy Aging (NPHA),571,3,2,2,select_coverage,3.0,exact,457,3183,449.0,3149.0,65,464,2,41576
936,9,100,National Poll on Healthy Aging (NPHA),571,3,2,2,select_coverage,4.0,exact,549,3799,539.0,3755.0,80,554,2,49704
936,9,100,National Poll on Healthy Aging (NPHA),571,3,2,2,select_coverage_CBA_M1,,exact,140,1030,140.0,1030.0,21,165,2,13404
936,9,114,National Poll on Healthy Aging (NPHA),571,3,2,1,select_coverage,1.0,DAC,213,1518,,,213,1518,2,8700
936,9,114,National Poll on Healthy Aging (NPHA),571,3,2,1,select_coverage,1.0,exact,213,1518,213.0,1518.0,28,202,2,19792
936,9,114,National Poll on Healthy Aging (NPHA),571,3,2,1,select_coverage,2.0,DAC,369,2617,,,369,2617,2,14968
936,9,114,National Poll on Healthy Aging (NPHA),571,3,2,1,select_coverage,2.0,exact,369,2617,369.0,2617.0,46,345,3,34148
936,9,114,National Poll on Healthy Aging (NPHA),571,3,2,1,select_coverage,3.0,DAC,503,3564,,,503,3564,2,20364
936,9,114,National Poll on Healthy Aging (NPHA),571,3,2,1,select_coverage,3.0,exact,503,3564,502.0,3561.0,58,435,2,46328
936,9,114,National Poll on Healthy Aging (NPHA),571,3,2,1,select_coverage,4.0,DAC,597,4210,,,596,4204,2,24076
936,9,114,National Poll on Healthy Aging (NPHA),571,3,2,1,select_coverage,4.0,exact,597,4210,594.0,4195.0,66,504,2,54668
936,9,114,National Poll on Healthy Aging (NPHA),571,3,2,1,select_coverage_CBA_M1,,DAC,153,1175,,,153,1175,2,6608
936,9,114,National Poll on Healthy Aging (NPHA),571,3,2,1,select_coverage_CBA_M1,,exact,153,1175,153.0,1175.0,23,178,2,15032
936,9,114,National Poll on Healthy Aging (NPHA),571,3,2,2,select_coverage,1.0,exact,213,1518,213.0,1518.0,28,202,2,19792
936,9,114,National Poll on Healthy Aging (NPHA),571,3,2,2,select_coverage,2.0,exact,369,2617,369.0,2617.0,46,345,3,34148
936,9,114,National Poll on Healthy Aging (NPHA),571,3,2,2,select_coverage,3.0,exact,503,3564,502.0,3561.0,58,435,2,46328
936,9,114,National Poll on Healthy Aging (NPHA),571,3,2,2,select_coverage,4.0,exact,598,4218,595.0,4203.0,66,504,2,54764
936,9,114,National Poll on Healthy Aging (NPHA),571,3,2,2,select_coverage_CBA_M1,,exact,153,1175,153.0,1175.0,23,178,2,15032
936,9,133,National Poll on Healthy Aging (NPHA),571,3,2,1,select_coverage,1.0,DAC,237,1704,,,235,1694,2,9732
936,9,133,National Poll on Healthy Aging (NPHA),571,3,2,1,select_coverage,1.0,exact,237,1704,234.0,1684.0,52,358,2,22496
936,9,133,National Poll on Healthy Aging (NPHA),571,3,2,1,select_coverage,2.0,DAC,397,2892,,,395,2882,2,16404
936,9,133,National Poll on Healthy Aging (NPHA),571,3,2,1,select_coverage,2.0,exact,397,2892,394.0,2872.0,86,624,2,38184
936,9,133,National Poll on Healthy Aging (NPHA),571,3,2,1,select_coverage,3.0,DAC,530,3861,,,526,3835,2,21876
936,9,133,National Poll on Healthy Aging (NPHA),571,3,2,1,select_coverage,3.0,exact,530,3861,525.0,3825.0,105,756,2,50592
936,9,133,National Poll on Healthy Aging (NPHA),571,3,2,1,select_coverage,4.0,DAC,627,4541,,,621,4502,2,25760
936,9,133,National Poll on Healthy Aging (NPHA),571,3,2,1,select_coverage,4.0,exact,627,4541,620.0,4492.0,116,828,2,59308
936,9,133,National Poll on Healthy Aging (NPHA),571,3,2,1,select_coverage_CBA_M1,,DAC,161,1269,,,161,1269,2,7080
936,9,133,National Poll on Healthy Aging (NPHA),571,3,2,1,select_coverage_CBA_M1,,exact,161,1269,160.0,1259.0,37,279,2,16372
936,9,133,National Poll on Healthy Aging (NPHA),571,3,2,2,select_coverage,1.0,exact,238,1713,235.0,1693.0,52,358,2,22600
936,9,133,National Poll on Healthy Aging (NPHA),571,3,2,2,select_coverage,2.0,exact,398,2897,395.0,2877.0,86,624,2,38256
936,9,133,National Poll on Healthy Aging (NPHA),571,3,2,2,select_coverage,3.0,exact,530,3864,525.0,3828.0,105,756,2,50616
936,9,133,National Poll on Healthy Aging (NPHA),571,3,2,2,select_coverage,4.0,exact,629,4557,622.0,4508.0,116,828,2,59500
936,9,133,National Poll on Healthy Aging (NPHA),571,3,2,2,select_coverage_CBA_M1,,exact,161,1269,160.0,1259.0,37,279,2,16372
936,9,138,National Poll on Healthy Aging (NPHA),571,3,2,1,select_coverage,1.0,DAC,209,1507,,,209,1507,2,8608
936,9,138,National Poll on Healthy Aging (NPHA),571,3,2,1,select_coverage,1.0,exact,209,1507,208.0,1500.0,30,227,2,19616
936,9,138,National Poll on Healthy Aging (NPHA),571,3,2,1,select_coverage,2.0,DAC,377,2768,,,377,2768,2,15668
936,9,138,National Poll on Healthy Aging (NPHA),571,3,2,1,select_coverage,2.0,exact,377,2768,376.0,2761.0,50,386,2,35716
936,9,138,National Poll on Healthy Aging (NPHA),571,3,2,1,select_coverage,3.0,DAC,516,3807,,,515,3802,2,21492
936,9,138,National Poll on Healthy Aging (NPHA),571,3,2,1,select_coverage,3.0,exact,516,3807,512.0,3780.0,63,480,2,48676
936,9,138,National Poll on Healthy Aging (NPHA),571,3,2,1,select_coverage,4.0,DAC,621,4550,,,620,4545,2,25724
936,9,138,National Poll on Healthy Aging (NPHA),571,3,2,1,select_coverage,4.0,exact,621,4550,615.0,4507.0,71,541,2,58096
936,9,138,National Poll on Healthy Aging (NPHA),571,3,2,1,select_coverage_CBA_M1,,DAC,150,1164,,,150,1164,2,6528
936,9,138,National Poll on Healthy Aging (NPHA),571,3,2,1,select_coverage_CBA_M1,,exact,150,1164,149.0,1157.0,28,221,2,14960
936,9,138,National Poll on Healthy Aging (NPHA),571,3,2,2,select_coverage,1.0,exact,209,1507,208.0,1500.0,30,227,2,19616
936,9,138,National Poll on Healthy Aging (NPHA),571,3,2,2,select_coverage,2.0,exact,377,2768,376.0,2761.0,50,386,2,35716
936,9,138,National Poll on Healthy Aging (NPHA),571,3,2,2,select_coverage,3.0,exact,516,3807,512.0,3780.0,63,480,2,48676
936,9,138,National Poll on Healthy Aging (NPHA),571,3,2,2,select_coverage,4.0,exact,622,4558,616.0,4515.0,71,541,2,58192
936,9,138,National Poll on Healthy Aging (NPHA),571,3,2,2,select_coverage_CBA_M1,,exact,150,1164,149.0,1157.0,28,221,2,14960
936,9,148,National Poll on Healthy Aging (NPHA),571,3,2,1,select_coverage,1.0,DAC,217,1539,,,217,1539,2,8832
936,9,148,National Poll on Healthy Aging (NPHA),571,3,2,1,select_coverage,1.0,exact,217,1539,217.0,1539.0,25,170,2,19960
936,9,148,National Poll on Healthy Aging (NPHA),571,3,2,1,select_coverage,2.0,DAC,374,2676,,,374,2676,2,15264
936,9,148,National Poll on Healthy Aging (NPHA),571,3,2,1,select_coverage,2.0,exact,374,2676,373.0,2669.0,46,343,3,34712
936,9,148,National Poll on Healthy Aging (NPHA),571,3,2,1,select_coverage,3.0,DAC,486,3480,,,486,3480,2,19824
936,9,148,National Poll on Healthy Aging (NPHA),571,3,2,1,select_coverage,3.0,exact,486,3480,484.0,3469.0,59,446,3,45092
936,9,148,National Poll on Healthy Aging (NPHA),571,3,2,1,select_coverage,4.0,DAC,591,4214,,,589,4198,2,24020
936,9,148,National Poll on Healthy Aging (NPHA),571,3,2,1,select_coverage,4.0,exact,591,4214,586.0,4175.0,64,482,3,54260
936,9,148,National Poll on Healthy Aging (NPHA),571,3,2,1,select_coverage_CBA_M1,,DAC,159,1210,,,159,1210,2,6820
936,9,148,National Poll on Healthy Aging (NPHA),571,3,2,1,select_coverage_CBA_M1,,exact,159,1210,159.0,1210.0,18,136,2,15336
936,9,148,National Poll on Healthy Aging (NPHA),571,3,2,2,select_coverage,1.0,exact,217,1539,217.0,1539.0,25,170,2,19960
936,9,148,National Poll on Healthy Aging (NPHA),571,3,2,2,select_coverage,2.0,exact,374,2676,373.0,2669.0,46,343,3,34712
936,9,148,National Poll on Healthy Aging (NPHA),571,3,2,2,select_coverage,3.0,exact,487,3490,485.0,3479.0,59,446,3,45204
936,9,148,National Poll on Healthy Aging (NPHA),571,3,2,2,select_coverage,4.0,exact,591,4214,586.0,4175.0,64,482,3,54260
936,9,148,National Poll on Healthy Aging (NPHA),571,3,2,2,select_coverage_CBA_M1,,exact,159,1210,159.0,1210.0,18,136,2,15336
936,10,5,National Poll on Healthy Aging (NPHA),571,3,2,1,select_coverage,1.0,DAC,199,1428,,,198,1424,2,8180
936,10,5,National Poll on Healthy Aging (NPHA),571,3,2,1,select_coverage,1.0,exact,199,1428,197.0,1415.0,25,174,2,18396
936,10,5,National Poll on Healthy Aging (NPHA),571,3,2,1,select_coverage,2.0,DAC,335,2421,,,334,2417,2,13784
936,10,5,National Poll on Healthy Aging (NPHA),571,3,2,1,select_coverage,2.0,exact,335,2421,333.0,2408.0,37,249,2,30992
936,10,5,National Poll on Healthy Aging (NPHA),571,3,2,1,select_coverage,3.0,DAC,452,3280,,,450,3274,2,18624
936,10,5,National Poll on Healthy Aging (NPHA),571,3,2,1,select_coverage,3.0,exact,452,3280,449.0,3265.0,59,423,2,42264
936,10,5,National Poll on Healthy Aging (NPHA),571,3,2,1,select_coverage,4.0,DAC,552,3985,,,549,3976,2,22644
936,10,5,National Poll on Healthy Aging (NPHA),571,3,2,1,select_coverage,4.0,exact,552,3985,548.0,3967.0,68,494,2,51344
936,10,5,National Poll on Healthy Aging (NPHA),571,3,2,1,select_coverage_CBA_M1,,DAC,148,1169,,,148,1169,2,6532
936,10,5,National Poll on Healthy Aging (NPHA),571,3,2,1,select_coverage_CBA_M1,,exact,148,1169,147.0,1160.0,18,143,2,14616
936,10,5,National Poll on Healthy Aging (NPHA),571,3,2,2,select_coverage,1.0,exact,199,1428,197.0,1415.0,25,174,2,18396
936,10,5,National Poll on Healthy Aging (NPHA),571,3,2,2,select_coverage,2.0,exact,335,2421,333.0,2408.0,37,249,2,30992
936,10,5,National Poll on Healthy Aging (NPHA),571,3,2,2,select_coverage,3.0,exact,453,3287,450.0,3272.0,59,423,2,42352
936,10,5,National Poll on Healthy Aging (NPHA),571,3,2,2,select_coverage,4.0,exact,552,3985,548.0,3967.0,68,494,2,51344
936,10,5,National Poll on Healthy Aging (NPHA),571,3,2,2,select_coverage_CBA_M1,,exact,148,1169,147.0,1160.0,18,143,2,14616
936,10,14,National Poll on Healthy Aging (NPHA),571,3,2,1,select_coverage,1.0,DAC,190,1398,,,190,1398,2,7952
936,10,14,National Poll on Healthy Aging (NPHA),571,3,2,1,select_coverage,1.0,exact,190,1398,189.0,1390.0,29,210,2,18064
936,10,14,National Poll on Healthy Aging (NPHA),571,3,2,1,select_coverage,2.0,DAC,316,2329,,,314,2313,2,13188
936,10,14,National Poll on Healthy Aging (NPHA),571,3,2,1,select_coverage,2.0,exact,316,2329,312.0,2296.0,47,352,2,29916
936,10,14,National Poll on Healthy Aging (NPHA),571,3,2,1,select_coverage,3.0,DAC,413,3010,,,407,2967,2,17076
936,10,14,National Poll on Healthy Aging (NPHA),571,3,2,1,select_coverage,3.0,exact,413,3010,405.0,2950.0,54,403,2,38436
936,10,14,National Poll on Healthy Aging (NPHA),571,3,2,1,select_coverage,4.0,DAC,491,3549,,,484,3501,2,20168
936,10,14,National Poll on Healthy Aging (NPHA),571,3,2,1,select_coverage,4.0,exact,491,3549,480.0,3471.0,60,449,2,45260
936,10,14,National Poll on Healthy Aging (NPHA),571,3,2,1,select_coverage_CBA_M1,,DAC,138,1093,,,138,1093,2,6108
936,10,14,National Poll on Healthy Aging (NPHA),571,3,2,1,select_coverage_CBA_M1,,exact,138,1093,138.0,1093.0,23,183,2,13916
936,10,14,National Poll on Healthy Aging (NPHA),571,3,2,2,select_coverage,1.0,exact,190,1398,189.0,1390.0,29,210,2,18064
936,10,14,National Poll on Healthy Aging (NPHA),571,3,2,2,select_coverage,2.0,exact,317,2337,313.0,2304.0,47,352,2,30012
936,10,14,National Poll on Healthy Aging (NPHA),571,3,2,2,select_coverage,3.0,exact,414,3018,406.0,2958.0,54,403,2,38532
936,10,14,National Poll on Healthy Aging (NPHA),571,3,2,2,select_coverage,4.0,exact,491,3549,480.0,3471.0,60,449,2,45260
936,10,14,National Poll on Healthy Aging (NPHA),571,3,2,2,select_coverage_CBA_M1,,exact,138,1093,138.0,1093.0,23,183,2,13916
936,10,17,National Poll on Healthy Aging (NPHA),571,3,2,1,select_coverage,1.0,DAC,190,1327,,,188,1320,2,7668
936,10,17,National Poll on Healthy Aging (NPHA),571,3,2,1,select_coverage,1.0,exact,190,1327,188.0,1320.0,27,183,2,17360
936,10,17,National Poll on Healthy Aging (NPHA),571,3,2,1,select_coverage,2.0,DAC,317,2249,,,313,2233,2,12880
936,10,17,National Poll on Healthy Aging (NPHA),571,3,2,1,select_coverage,2.0,exact,317,2249,313.0,2233.0,47,335,2,29308
936,10,17,National Poll on Healthy Aging (NPHA),571,3,2,1,select_coverage,3.0,DAC,402,2867,,,398,2851,2,16372
936,10,17,National Poll on Healthy Aging (NPHA),571,3,2,1,select_coverage,3.0,exact,402,2867,398.0,2851.0,59,424,2,37328
936,10,17,National Poll on Healthy Aging (NPHA),571,3,2,1,select_coverage,4.0,DAC,474,3396,,,469,3376,2,19352
936,10,17,National Poll on Healthy Aging (NPHA),571,3,2,1,select_coverage,4.0,exact,474,3396,468.0,3369.0,70,516,2,44124
936,10,17,National Poll on Healthy Aging (NPHA),571,3,2,1,select_coverage_CBA_M1,,DAC,137,1049,,,137,1049,2,5920
936,10,17,National Poll on Healthy Aging (NPHA),571,3,2,1,select_coverage_CBA_M1,,exact,137,1049,137.0,1049.0,22,163,2,13452
936,10,17,National Poll on Healthy Aging (NPHA),571,3,2,2,select_coverage,1.0,exact,190,1327,188.0,1320.0,27,183,2,17360
936,10,17,National Poll on Healthy Aging (NPHA),571,3,2,2,select_coverage,2.0,exact,317,2249,313.0,2233.0,47,335,2,29308
936,10,17,National Poll on Healthy Aging (NPHA),571,3,2,2,select_coverage,3.0,exact,402,2867,398.0,2851.0,59,424,2,37328
936,10,17,National Poll on Healthy Aging (NPHA),571,3,2,2,select_coverage,4.0,exact,474,3396,468.0,3369.0,70,516,2,44124
936,10,17,National Poll on Healthy Aging (NPHA),571,3,2,2,select_coverage_CBA_M1,,exact,137,1049,137.0,1049.0,22,163,2,13452
936,10,19,National Poll on Healthy Aging (NPHA),571,3,2,1,select_coverage,1.0,DAC,204,1451,,,203,1448,2,8332
936,10,19,National Poll on Healthy Aging (NPHA),571,3,2,1,select_coverage,1.0,exact,204,1451,203.0,1448.0,37,284,2,19252
936,10,19,National Poll on Healthy Aging (NPHA),571,3,2,1,select_coverage,2.0,DAC,336,2429,,,334,2417,2,13828
936,10,19,National Poll on Healthy Aging (NPHA),571,3,2,1,select_coverage,2.0,exact,336,2429,333.0,2407.0,55,431,2,31748
936,10,19,National Poll on Healthy Aging (NPHA),571,3,2,1,select_coverage,3.0,DAC,436,3165,,,431,3132,2,17972
936,10,19,National Poll on Healthy Aging (NPHA),571,3,2,1,select_coverage,3.0,exact,436,3165,428.0,3107.0,68,528,2,40920
936,10,19,National Poll on Healthy Aging (NPHA),571,3,2,1,select_coverage,4.0,DAC,516,3738,,,510,3698,2,21224
936,10,19,National Poll on Healthy Aging (NPHA),571,3,2,1,select_coverage,4.0,exact,516,3738,506.0,3664.0,74,574,2,48120
936,10,19,National Poll on Healthy Aging (NPHA),571,3,2,1,select_coverage_CBA_M1,,DAC,138,1087,,,138,1087,2,6084
936,10,19,National Poll on Healthy Aging (NPHA),571,3,2,1,select_coverage_CBA_M1,,exact,138,1087,138.0,1087.0,30,248,2,14128
936,10,19,National Poll on Healthy Aging (NPHA),571,3,2,2,select_coverage,1.0,exact,204,1451,203.0,1448.0,37,284,2,19252
936,10,19,National Poll on Healthy Aging (NPHA),571,3,2,2,select_coverage,2.0,exact,337,2437,334.0,2415.0,55,431,2,31844
936,10,19,National Poll on Healthy Aging (NPHA),571,3,2,2,select_coverage,3.0,exact,437,3173,429.0,3115.0,68,528,2,41016
936,10,19,National Poll on Healthy Aging (NPHA),571,3,2,2,select_coverage,4.0,exact,518,3753,508.0,3679.0,74,574,2,48304
936,10,19,National Poll on Healthy Aging (NPHA),571,3,2,2,select_coverage_CBA_M1,,exact,138,1087,138.0,1087.0,30,248,2,14128
936,10,29,National Poll on Healthy Aging (NPHA),571,3,2,1,select_coverage,1.0,DAC,208,1494,,,208,1494,2,8552
936,10,29,National Poll on Healthy Aging (NPHA),571,3,2,1,select_coverage,1.0,exact,208,1494,208.0,1494.0,28,212,2,19480
936,10,29,National Poll on Healthy Aging (NPHA),571,3,2,1,select_coverage,2.0,DAC,344,2456,,,343,2453,2,14032
936,10,29,National Poll on Healthy Aging (NPHA),571,3,2,1,select_coverage,2.0,exact,344,2456,341.0,2439.0,48,357,2,31944
936,10,29,National Poll on Healthy Aging (NPHA),571,3,2,1,select_coverage,3.0,DAC,441,3147,,,438,3137,2,17960
936,10,29,National Poll on Healthy Aging (NPHA),571,3,2,1,select_coverage,3.0,exact,441,3147,436.0,3123.0,63,460,2,40896
936,10,29,National Poll on Healthy Aging (NPHA),571,3,2,1,select_coverage,4.0,DAC,512,3643,,,508,3628,2,20796
936,10,29,National Poll on Healthy Aging (NPHA),571,3,2,1,select_coverage,4.0,exact,512,3643,504.0,3599.0,73,548,2,47312
936,10,29,National Poll on Healthy Aging (NPHA),571,3,2,1,select_coverage_CBA_M1,,DAC,142,1110,,,142,1110,2,6224
936,10,29,National Poll on Healthy Aging (NPHA),571,3,2,1,select_coverage_CBA_M1,,exact,142,1110,142.0,1110.0,22,185,2,14188
936,10,29,National Poll on Healthy Aging (NPHA),571,3,2,2,select_coverage,1.0,exact,208,1494,208.0,1494.0,28,212,2,19480
936,10,29,National Poll on Healthy Aging (NPHA),571,3,2,2,select_coverage,2.0,exact,344,2456,341.0,2439.0,48,357,2,31944
936,10,29,National Poll on Healthy Aging (NPHA),571,3,2,2,select_coverage,3.0,exact,441,3147,436.0,3123.0,63,460,2,40896
936,10,29,National Poll on Healthy Aging (NPHA),571,3,2,2,select_coverage,4.0,exact,512,3643,504.0,3599.0,73,548,2,47312
936,10,29,National Poll on Healthy Aging (NPHA),571,3,2,2,select_coverage_CBA_M1,,exact,142,1110,142.0,1110.0,22,185,2,14188
936,10,31,National Poll on Healthy Aging (NPHA),571,3,2,1,select_coverage,1.0,DAC,213,1522,,,211,1510,2,8724
936,10,31,National Poll on Healthy Aging (NPHA),571,3,2,1,select_coverage,1.0,exact,213,1522,211.0,1510.0,33,223,2,19796
936,10,31,National Poll on Healthy Aging (NPHA),571,3,2,1,select_coverage,2.0,DAC,352,2550,,,349,2532,2,14504
936,10,31,National Poll on Healthy Aging (NPHA),571,3,2,1,select_coverage,2.0,exact,352,2550,348.0,2526.0,52,368,2,32936
936,10,31,National Poll on Healthy Aging (NPHA),571,3,2,1,select_coverage,3.0,DAC,462,3325,,,459,3307,2,18924
936,10,31,National Poll on Healthy Aging (NPHA),571,3,2,1,select_coverage,3.0,exact,462,3325,458.0,3301.0,65,455,2,43004
936,10,31,National Poll on Healthy Aging (NPHA),571,3,2,1,select_coverage,4.0,DAC,555,4017,,,552,3999,2,22808
936,10,31,National Poll on Healthy Aging (NPHA),571,3,2,1,select_coverage,4.0,exact,555,4017,551.0,3993.0,78,564,2,51952
936,10,31,National Poll on Healthy Aging (NPHA),571,3,2,1,select_coverage_CBA_M1,,DAC,141,1077,,,140,1073,2,6080
936,10,31,National Poll on Healthy Aging (NPHA),571,3,2,1,select_coverage_CBA_M1,,exact,141,1077,140.0,1073.0,23,170,2,13784
936,10,31,National Poll on Healthy Aging (NPHA),571,3,2,2,select_coverage,1.0,exact,213,1522,211.0,1510.0,33,223,2,19796
936,10,31,National Poll on Healthy Aging (NPHA),571,3,2,2,select_coverage,2.0,exact,352,2550,348.0,2526.0,52,368,2,32936
936,10,31,National Poll on Healthy Aging (NPHA),571,3,2,2,select_coverage,3.0,exact,462,3325,458.0,3301.0,65,455,2,43004
936,10,31,National Poll on Healthy Aging (NPHA),571,3,2,2,select_coverage,4.0,exact,557,4034,553.0,4010.0,78,564,2,52152
936,10,31,National Poll on Healthy Aging (NPHA),571,3,2,2,select_coverage_CBA_M1,,exact,141,1077,140.0,1073.0,23,170,2,13784
936,10,34,National Poll on Healthy Aging (NPHA),571,3,2,1,select_coverage,1.0,DAC,200,1440,,,200,1440,2,8240
936,10,34,National Poll on Healthy Aging (NPHA),571,3,2,1,select_coverage,1.0,exact,200,1440,200.0,1440.0,25,168,3,18616
936,10,34,National Poll on Healthy Aging (NPHA),571,3,2,1,select_coverage,2.0,DAC,324,2372,,,324,2372,2,13456
936,10,34,National Poll on Healthy Aging (NPHA),571,3,2,1,select_coverage,2.0,exact,324,2372,324.0,2372.0,43,288,3,30520
936,10,34,National Poll on Healthy Aging (NPHA),571,3,2,1,select_coverage,3.0,DAC,416,3027,,,415,3024,2,17180
936,10,34,National Poll on Healthy Aging (NPHA),571,3,2,1,select_coverage,3.0,exact,416,3027,415.0,3024.0,49,340,3,38868
936,10,34,National Poll on Healthy Aging (NPHA),571,3,2,1,select_coverage,4.0,DAC,481,3454,,,477,3442,2,19668
936,10,34,National Poll on Healthy Aging (NPHA),571,3,2,1,select_coverage,4.0,exact,481,3454,477.0,3442.0,54,370,2,44352
936,10,34,National Poll on Healthy Aging (NPHA),571,3,2,1,select_coverage_CBA_M1,,DAC,141,1120,,,141,1120,2,6252
936,10,34,National Poll on Healthy Aging (NPHA),571,3,2,1,select_coverage_CBA_M1,,exact,141,1120,141.0,1120.0,20,150,2,14096
936,10,34,National Poll on Healthy Aging (NPHA),571,3,2,2,select_coverage,1.0,exact,200,1440,200.0,1440.0,25,168,3,18616
936,10,34,National Poll on Healthy Aging (NPHA),571,3,2,2,select_coverage,2.0,exact,325,2379,325.0,2379.0,43,288,3,30608
936,10,34,National Poll on Healthy Aging (NPHA),571,3,2,2,select_coverage,3.0,exact,416,3027,415.0,3024.0,49,340,3,38868
936,10,34,National Poll on Healthy Aging (NPHA),571,3,2,2,select_coverage,4.0,exact,482,3463,478.0,3451.0,54,370,2,44456
936,10,34,National Poll on Healthy Aging (NPHA),571,3,2,2,select_coverage_CBA_M1,,exact,141,1120,141.0,1120.0,20,150,2,14096
936,10,42,National Poll on Healthy Aging (NPHA),571,3,2,1,select_coverage,1.0,DAC,192,1401,,,192,1401,2,7988
936,10,42,National Poll on Healthy Aging (NPHA),571,3,2,1,select_coverage,1.0,exact,192,1401,192.0,1401.0,30,219,2,18252
936,10,42,National Poll on Healthy Aging (NPHA),571,3,2,1,select_coverage,2.0,DAC,325,2374,,,325,2374,2,13476
936,10,42,National Poll on Healthy Aging (NPHA),571,3,2,1,select_coverage,2.0,exact,325,2374,324.0,2363.0,56,426,2,31044
936,10,42,National Poll on Healthy Aging (NPHA),571,3,2,1,select_coverage,3.0,DAC,436,3143,,,433,3128,2,17884
936,10,42,National Poll on Healthy Aging (NPHA),571,3,2,1,select_coverage,3.0,exact,436,3143,432.0,3117.0,78,593,2,41260
936,10,42,National Poll on Healthy Aging (NPHA),571,3,2,1,select_coverage,4.0,DAC,517,3687,,,513,3667,2,21032
936,10,42,National Poll on Healthy Aging (NPHA),571,3,2,1,select_coverage,4.0,exact,517,3687,511.0,3649.0,87,654,2,48336
936,10,42,National Poll on Healthy Aging (NPHA),571,3,2,1,select_coverage_CBA_M1,,DAC,138,1086,,,138,1086,2,6080
936,10,42,National Poll on Healthy Aging (NPHA),571,3,2,1,select_coverage_CBA_M1,,exact,138,1086,138.0,1086.0,25,199,2,13924
936,10,42,National Poll on Healthy Aging (NPHA),571,3,2,2,select_coverage,1.0,exact,192,1401,192.0,1401.0,30,219,2,18252
936,10,42,National Poll on Healthy Aging (NPHA),571,3,2,2,select_coverage,2.0,exact,325,2374,324.0,2363.0,56,426,2,31044
936,10,42,National Poll on Healthy Aging (NPHA),571,3,2,2,select_coverage,3.0,exact,436,3143,432.0,3117.0,78,593,2,41260
936,10,42,National Poll on Healthy Aging (NPHA),571,3,2,2,select_coverage,4.0,exact,517,3687,511.0,3649.0,87,654,2,48336
936,10,42,National Poll on Healthy Aging (NPHA),571,3,2,2,select_coverage_CBA_M1,,exact,138,1086,138.0,1086.0,25,199,2,13924
936,10,49,National Poll on Healthy Aging (NPHA),571,3,2,1,select_coverage,1.0,DAC,192,1366,,,190,1359,2,7848
936,10,49,National Poll on Healthy Aging (NPHA),571,3,2,1,select_coverage,1.0,exact,192,1366,190.0,1359.0,31,222,2,17892
936,10,49,National Poll on Healthy Aging (NPHA),571,3,2,1,select_coverage,2.0,DAC,351,2519,,,348,2510,2,14368
936,10,49,National Poll on Healthy Aging (NPHA),571,3,2,1,select_coverage,2.0,exact,351,2519,348.0,2510.0,58,427,2,32984
936,10,49,National Poll on Healthy Aging (NPHA),571,3,2,1,select_coverage,3.0,DAC,464,3327,,,459,3307,2,18956
936,10,49,National Poll on Healthy Aging (NPHA),571,3,2,1,select_coverage,3.0,exact,464,3327,458.0,3300.0,70,516,2,43252
936,10,49,National Poll on Healthy Aging (NPHA),571,3,2,1,select_coverage,4.0,DAC,565,3991,,,554,3942,2,22824
936,10,49,National Poll on Healthy Aging (NPHA),571,3,2,1,select_coverage,4.0,exact,565,3991,551.0,3918.0,79,582,2,51620
936,10,49,National Poll on Healthy Aging (NPHA),571,3,2,1,select_coverage_CBA_M1,,DAC,129,1021,,,129,1021,2,5712
936,10,49,National Poll on Healthy Aging (NPHA),571,3,2,1,select_coverage_CBA_M1,,exact,129,1021,129.0,1021.0,23,189,2,13076
936,10,49,National Poll on Healthy Aging (NPHA),571,3,2,2,select_coverage,1.0,exact,192,1366,190.0,1359.0,31,222,2,17892
936,10,49,National Poll on Healthy Aging (NPHA),571,3,2,2,select_coverage,2.0,exact,352,2524,349.0,2515.0,58,427,2,33056
936,10,49,National Poll on Healthy Aging (NPHA),571,3,2,2,select_coverage,3.0,exact,466,3338,460.0,3311.0,70,516,2,43404
936,10,49,National Poll on Healthy Aging (NPHA),571,3,2,2,select_coverage,4.0,exact,566,3997,552.0,3924.0,79,582,2,51700
936,10,49,National Poll on Healthy Aging (NPHA),571,3,2,2,select_coverage_CBA_M1,,exact,130,1028,130.0,1028.0,23,189,2,13164
936,10,63,National Poll on Healthy Aging (NPHA),571,3,2,1,select_coverage,1.0,DAC,220,1502,,,219,1496,2,8728
936,10,63,National Poll on Healthy Aging (NPHA),571,3,2,1,select_coverage,1.0,exact,220,1502,218.0,1485.0,33,230,2,19868
936,10,63,National Poll on Healthy Aging (NPHA),571,3,2,1,select_coverage,2.0,DAC,400,2774,,,396,2751,2,15976
936,10,63,National Poll on Healthy Aging (NPHA),571,3,2,1,select_coverage,2.0,exact,400,2774,395.0,2740.0,64,458,2,36552
936,10,63,National Poll on Healthy Aging (NPHA),571,3,2,1,select_coverage,3.0,DAC,536,3720,,,529,3681,2,21392
936,10,63,National Poll on Healthy Aging (NPHA),571,3,2,1,select_coverage,3.0,exact,536,3720,525.0,3650.0,81,586,2,48648
936,10,63,National Poll on Healthy Aging (NPHA),571,3,2,1,select_coverage,4.0,DAC,642,4454,,,630,4388,2,25600
936,10,63,National Poll on Healthy Aging (NPHA),571,3,2,1,select_coverage,4.0,exact,642,4454,623.0,4334.0,98,705,2,57932
936,10,63,National Poll on Healthy Aging (NPHA),571,3,2,1,select_coverage_CBA_M1,,DAC,141,1068,,,140,1062,2,6044
936,10,63,National Poll on Healthy Aging (NPHA),571,3,2,1,select_coverage_CBA_M1,,exact,141,1068,139.0,1051.0,24,187,2,13696
936,10,63,National Poll on Healthy Aging (NPHA),571,3,2,2,select_coverage,1.0,exact,220,1502,218.0,1485.0,33,230,2,19868
936,10,63,National Poll on Healthy Aging (NPHA),571,3,2,2,select_coverage,2.0,exact,401,2783,396.0,2749.0,64,458,2,36656
936,10,63,National Poll on Healthy Aging (NPHA),571,3,2,2,select_coverage,3.0,exact,536,3720,525.0,3650.0,81,586,2,48648
936,10,63,National Poll on Healthy Aging (NPHA),571,3,2,2,select_coverage,4.0,exact,643,4462,624.0,4342.0,98,705,2,58028
936,10,63,National Poll on Healthy Aging (NPHA),571,3,2,2,select_coverage_CBA_M1,,exact,141,1068,139.0,1051.0,24,187,2,13696
936,10,64,National Poll on Healthy Aging (NPHA),571,3,2,1,select_coverage,1.0,DAC,204,1446,,,203,1444,2,8312
936,10,64,National Poll on Healthy Aging (NPHA),571,3,2,1,select_coverage,1.0,exact,204,1446,203.0,1444.0,17,132,2,18608
936,10,64,National Poll on Healthy Aging (NPHA),571,3,2,1,select_coverage,2.0,DAC,337,2429,,,333,2415,2,13840
936,10,64,National Poll on Healthy Aging (NPHA),571,3,2,1,select_coverage,2.0,exact,337,2429,332.0,2408.0,36,280,2,31116
936,10,64,National Poll on Healthy Aging (NPHA),571,3,2,1,select_coverage,3.0,DAC,446,3218,,,441,3195,2,18304
936,10,64,National Poll on Healthy Aging (NPHA),571,3,2,1,select_coverage,3.0,exact,446,3218,438.0,3173.0,45,346,2,40988
936,10,64,National Poll on Healthy Aging (NPHA),571,3,2,1,select_coverage,4.0,DAC,538,3891,,,532,3863,2,22100
936,10,64,National Poll on Healthy Aging (NPHA),571,3,2,1,select_coverage,4.0,exact,538,3891,529.0,3841.0,49,379,2,49396
936,10,64,National Poll on Healthy Aging (NPHA),571,3,2,1,select_coverage_CBA_M1,,DAC,144,1109,,,144,1109,2,6244
936,10,64,National Poll on Healthy Aging (NPHA),571,3,2,1,select_coverage_CBA_M1,,exact,144,1109,144.0,1109.0,12,109,2,13940
936,10,64,National Poll on Healthy Aging (NPHA),571,3,2,2,select_coverage,1.0,exact,204,1446,203.0,1444.0,17,132,2,18608
936,10,64,National Poll on Healthy Aging (NPHA),571,3,2,2,select_coverage,2.0,exact,337,2429,332.0,2408.0,36,280,2,31116
936,10,64,National Poll on Healthy Aging (NPHA),571,3,2,2,select_coverage,3.0,exact,447,3226,439.0,3181.0,45,346,2,41084
936,10,64,National Poll on Healthy Aging (NPHA),571,3,2,2,select_coverage,4.0,exact,538,3891,529.0,3841.0,49,379,2,49396
936,10,64,National Poll on Healthy Aging (NPHA),571,3,2,2,select_coverage_CBA_M1,,exact,144,1109,144.0,1109.0,12,109,2,13940
936,10,65,National Poll on Healthy Aging (NPHA),571,3,2,1,select_coverage,1.0,DAC,206,1411,,,206,1411,2,8196
936,10,65,National Poll on Healthy Aging (NPHA),571,3,2,1,select_coverage,1.0,exact,206,1411,206.0,1411.0,31,229,2,18820
936,10,65,National Poll on Healthy Aging (NPHA),571,3,2,1,select_coverage,2.0,DAC,347,2418,,,347,2418,2,13916
936,10,65,National Poll on Healthy Aging (NPHA),571,3,2,1,select_coverage,2.0,exact,347,2418,347.0,2418.0,46,342,2,31840
936,10,65,National Poll on Healthy Aging (NPHA),571,3,2,1,select_coverage,3.0,DAC,455,3172,,,453,3157,2,18228
936,10,65,National Poll on Healthy Aging (NPHA),571,3,2,1,select_coverage,3.0,exact,455,3172,453.0,3157.0,58,432,2,41564
936,10,65,National Poll on Healthy Aging (NPHA),571,3,2,1,select_coverage,4.0,DAC,548,3779,,,543,3752,2,21772
936,10,65,National Poll on Healthy Aging (NPHA),571,3,2,1,select_coverage,4.0,exact,548,3779,543.0,3752.0,68,486,2,49468
936,10,65,National Poll on Healthy Aging (NPHA),571,3,2,1,select_coverage_CBA_M1,,DAC,143,1066,,,143,1066,2,6060
936,10,65,National Poll on Healthy Aging (NPHA),571,3,2,1,select_coverage_CBA_M1,,exact,143,1066,143.0,1066.0,24,191,2,13892
936,10,65,National Poll on Healthy Aging (NPHA),571,3,2,2,select_coverage,1.0,exact,206,1411,206.0,1411.0,31,229,2,18820
936,10,65,National Poll on Healthy Aging (NPHA),571,3,2,2,select_coverage,2.0,exact,347,2418,347.0,2418.0,46,342,2,31840
936,10,65,National Poll on Healthy Aging (NPHA),571,3,2,2,select_coverage,3.0,exact,454,3166,452.0,3151.0,58,432,2,41484
936,10,65,National Poll on Healthy Aging (NPHA),571,3,2,2,select_coverage,4.0,exact,548,3780,543.0,3753.0,68,486,2,49476
936,10,65,National Poll on Healthy Aging (NPHA),571,3,2,2,select_coverage_CBA_M1,,exact,143,1066,143.0,1066.0,24,191,2,13892
936,10,68,National Poll on Healthy Aging (NPHA),571,3,2,1,select_coverage,1.0,DAC,222,1534,,,222,1534,2,8880
936,10,68,National Poll on Healthy Aging (NPHA),571,3,2,1,select_coverage,1.0,exact,222,1534,222.0,1534.0,30,195,3,20180
936,10,68,National Poll on Healthy Aging (NPHA),571,3,2,1,select_coverage,2.0,DAC,382,2695,,,379,2682,2,15444
936,10,68,National Poll on Healthy Aging (NPHA),571,3,2,1,select_coverage,2.0,exact,382,2695,378.0,2676.0,51,347,2,34992
936,10,68,National Poll on Healthy Aging (NPHA),571,3,2,1,select_coverage,3.0,DAC,505,3569,,,501,3550,2,20416
936,10,68,National Poll on Healthy Aging (NPHA),571,3,2,1,select_coverage,3.0,exact,505,3569,498.0,3531.0,70,490,2,46320
936,10,68,National Poll on Healthy Aging (NPHA),571,3,2,1,select_coverage,4.0,DAC,607,4279,,,601,4250,2,24480
936,10,68,National Poll on Healthy Aging (NPHA),571,3,2,1,select_coverage,4.0,exact,607,4279,596.0,4217.0,77,536,2,55224
936,10,68,National Poll on Healthy Aging (NPHA),571,3,2,1,select_coverage_CBA_M1,,DAC,151,1138,,,151,1138,2,6444
936,10,68,National Poll on Healthy Aging (NPHA),571,3,2,1,select_coverage_CBA_M1,,exact,151,1138,151.0,1138.0,21,148,2,14552
936,10,68,National Poll on Healthy Aging (NPHA),571,3,2,2,select_coverage,1.0,exact,222,1534,222.0,1534.0,30,195,3,20180
936,10,68,National Poll on Healthy Aging (NPHA),571,3,2,2,select_coverage,2.0,exact,382,2695,378.0,2676.0,51,347,2,34992
936,10,68,National Poll on Healthy Aging (NPHA),571,3,2,2,select_coverage,3.0,exact,505,3569,498.0,3531.0,70,490,2,46320
936,10,68,National Poll on Healthy Aging (NPHA),571,3,2,2,select_coverage,4.0,exact,607,4279,596.0,4217.0,77,536,2,55224
936,10,68,National Poll on Healthy Aging (NPHA),571,3,2,2,select_coverage_CBA_M1,,exact,151,1138,151.0,1138.0,21,148,2,14552
936,10,74,National Poll on Healthy Aging (NPHA),571,3,2,1,select_coverage,1.0,DAC,211,1434,,,209,1424,2,8348
936,10,74,National Poll on Healthy Aging (NPHA),571,3,2,1,select_coverage,1.0,exact,211,1434,208.0,1416.0,35,245,2,19060
936,10,74,National Poll on Healthy Aging (NPHA),571,3,2,1,select_coverage,2.0,DAC,365,2532,,,359,2497,2,14588
936,10,74,National Poll on Healthy Aging (NPHA),571,3,2,1,select_coverage,2.0,exact,365,2532,358.0,2489.0,53,364,2,33020
936,10,74,National Poll on Healthy Aging (NPHA),571,3,2,1,select_coverage,3.0,DAC,481,3362,,,474,3324,2,19300
936,10,74,National Poll on Healthy Aging (NPHA),571,3,2,1,select_coverage,3.0,exact,481,3362,473.0,3316.0,66,473,2,43764
936,10,74,National Poll on Healthy Aging (NPHA),571,3,2,1,select_coverage,4.0,DAC,569,3967,,,562,3929,2,22776
936,10,74,National Poll on Healthy Aging (NPHA),571,3,2,1,select_coverage,4.0,exact,569,3967,560.0,3914.0,71,503,2,51480
936,10,74,National Poll on Healthy Aging (NPHA),571,3,2,1,select_coverage_CBA_M1,,DAC,145,1066,,,145,1066,2,6084
936,10,74,National Poll on Healthy Aging (NPHA),571,3,2,1,select_coverage_CBA_M1,,exact,145,1066,144.0,1058.0,27,209,2,13964
936,10,74,National Poll on Healthy Aging (NPHA),571,3,2,2,select_coverage,1.0,exact,211,1434,208.0,1416.0,35,245,2,19060
936,10,74,National Poll on Healthy Aging (NPHA),571,3,2,2,select_coverage,2.0,exact,365,2532,358.0,2489.0,53,364,2,33020
936,10,74,National Poll on Healthy Aging (NPHA),571,3,2,2,select_coverage,3.0,exact,482,3370,474.0,3324.0,66,473,2,43860
936,10,74,National Poll on Healthy Aging (NPHA),571,3,2,2,select_coverage,4.0,exact,569,3967,560.0,3914.0,72,511,2,51512
936,10,74,National Poll on Healthy Aging (NPHA),571,3,2,2,select_coverage_CBA_M1,,exact,139,1030,138.0,1022.0,26,204,2,13464
936,10,76,National Poll on Healthy Aging (NPHA),571,3,2,1,select_coverage,1.0,DAC,186,1341,,,185,1338,2,7676
936,10,76,National Poll on Healthy Aging (NPHA),571,3,2,1,select_coverage,1.0,exact,186,1341,184.0,1326.0,21,157,2,17208
936,10,76,National Poll on Healthy Aging (NPHA),571,3,2,1,select_coverage,2.0,DAC,303,2193,,,302,2190,2,12488
936,10,76,National Poll on Healthy Aging (NPHA),571,3,2,1,select_coverage,2.0,exact,303,2193,301.0,2178.0,30,225,2,28040
936,10,76,National Poll on Healthy Aging (NPHA),571,3,2,1,select_coverage,3.0,DAC,397,2884,,,396,2881,2,16380
936,10,76,National Poll on Healthy Aging (NPHA),571,3,2,1,select_coverage,3.0,exact,397,2884,395.0,2869.0,32,241,2,36640
936,10,76,National Poll on Healthy Aging (NPHA),571,3,2,1,select_coverage,4.0,DAC,467,3372,,,466,3369,2,19172
936,10,76,National Poll on Healthy Aging (NPHA),571,3,2,1,select_coverage,4.0,exact,467,3372,464.0,3349.0,39,295,2,42936
936,10,76,National Poll on Healthy Aging (NPHA),571,3,2,1,select_coverage_CBA_M1,,DAC,135,1042,,,135,1042,2,5868
936,10,76,National Poll on Healthy Aging (NPHA),571,3,2,1,select_coverage_CBA_M1,,exact,135,1042,134.0,1030.0,15,120,2,13080
936,10,76,National Poll on Healthy Aging (NPHA),571,3,2,2,select_coverage,1.0,exact,186,1341,184.0,1326.0,21,157,2,17208
936,10,76,National Poll on Healthy Aging (NPHA),571,3,2,2,select_coverage,2.0,exact,304,2200,302.0,2185.0,30,225,2,28128
936,10,76,National Poll on Healthy Aging (NPHA),571,3,2,2,select_coverage,3.0,exact,397,2884,395.0,2869.0,32,241,2,36640
936,10,76,National Poll on Healthy Aging (NPHA),571,3,2,2,select_coverage,4.0,exact,468,3377,465.0,3354.0,39,295,2,43008
936,10,76,National Poll on Healthy Aging (NPHA),571,3,2,2,select_coverage_CBA_M1,,exact,135,1042,134.0,1030.0,15,120,2,13080
936,10,100,National Poll on Healthy Aging (NPHA),571,3,2,1,select_coverage,1.0,DAC,214,1446,,,213,1443,2,8432
936,10,100,National Poll on Healthy Aging (NPHA),571,3,2,1,select_coverage,1.0,exact,214,1446,213.0,1443.0,35,227,3,19304
936,10,100,National Poll on Healthy Aging (NPHA),571,3,2,1,select_coverage,2.0,DAC,359,2460,,,356,2448,2,14228
936,10,100,National Poll on Healthy Aging (NPHA),571,3,2,1,select_coverage,2.0,exact,359,2460,355.0,2441.0,55,377,3,32496
936,10,100,National Poll on Healthy Aging (NPHA),571,3,2,1,select_coverage,3.0,DAC,468,3202,,,464,3186,2,18504
936,10,100,National Poll on Healthy Aging (NPHA),571,3,2,1,select_coverage,3.0,exact,468,3202,463.0,3179.0,74,522,3,42452
936,10,100,National Poll on Healthy Aging (NPHA),571,3,2,1,select_coverage,4.0,DAC,552,3773,,,548,3757,2,21796
936,10,100,National Poll on Healthy Aging (NPHA),571,3,2,1,select_coverage,4.0,exact,552,3773,547.0,3750.0,83,588,3,49972
936,10,100,National Poll on Healthy Aging (NPHA),571,3,2,1,select_coverage_CBA_M1,,DAC,145,1061,,,145,1061,2,6064
936,10,100,National Poll on Healthy Aging (NPHA),571,3,2,1,select_coverage_CBA_M1,,exact,145,1061,145.0,1061.0,27,196,2,13936
936,10,100,National Poll on Healthy Aging (NPHA),571,3,2,2,select_coverage,1.0,exact,214,1446,213.0,1443.0,35,227,3,19304
936,10,100,National Poll on Healthy Aging (NPHA),571,3,2,2,select_coverage,2.0,exact,359,2460,355.0,2441.0,55,377,3,32496
936,10,100,National Poll on Healthy Aging (NPHA),571,3,2,2,select_coverage,3.0,exact,468,3202,463.0,3179.0,74,522,3,42452
936,10,100,National Poll on Healthy Aging (NPHA),571,3,2,2,select_coverage,4.0,exact,552,3773,547.0,3750.0,83,588,3,49972
936,10,100,National Poll on Healthy Aging (NPHA),571,3,2,2,select_coverage_CBA_M1,,exact,145,1061,145.0,1061.0,27,196,2,13936
936,10,114,National Poll on Healthy Aging (NPHA),571,3,2,1,select_coverage,1.0,DAC,226,1541,,,226,1541,2,8956
936,10,114,National Poll on Healthy Aging (NPHA),571,3,2,1,select_coverage,1.0,exact,226,1541,226.0,1541.0,32,216,3,20448
936,10,114,National Poll on Healthy Aging (NPHA),571,3,2,1,select_coverage,2.0,DAC,380,2584,,,376,2563,2,14976
936,10,114,National Poll on Healthy Aging (NPHA),571,3,2,1,select_coverage,2.0,exact,380,2584,376.0,2563.0,53,357,3,34072
936,10,114,National Poll on Healthy Aging (NPHA),571,3,2,1,select_coverage,3.0,DAC,503,3381,,,494,3336,2,19640
936,10,114,National Poll on Healthy Aging (NPHA),571,3,2,1,select_coverage,3.0,exact,503,3381,493.0,3329.0,67,450,3,44440
936,10,114,National Poll on Healthy Aging (NPHA),571,3,2,1,select_coverage,4.0,DAC,597,4013,,,588,3968,2,23296
936,10,114,National Poll on Healthy Aging (NPHA),571,3,2,1,select_coverage,4.0,exact,597,4013,587.0,3961.0,77,525,3,52804
936,10,114,National Poll on Healthy Aging (NPHA),571,3,2,1,select_coverage_CBA_M1,,DAC,153,1157,,,153,1157,2,6544
936,10,114,National Poll on Healthy Aging (NPHA),571,3,2,1,select_coverage_CBA_M1,,exact,153,1157,153.0,1157.0,26,194,2,14952
936,10,114,National Poll on Healthy Aging (NPHA),571,3,2,2,select_coverage,1.0,exact,226,1541,226.0,1541.0,32,216,3,20448
936,10,114,National Poll on Healthy Aging (NPHA),571,3,2,2,select_coverage,2.0,exact,381,2592,377.0,2571.0,53,357,3,34168
936,10,114,National Poll on Healthy Aging (NPHA),571,3,2,2,select_coverage,3.0,exact,504,3390,494.0,3338.0,67,450,3,44544
936,10,114,National Poll on Healthy Aging (NPHA),571,3,2,2,select_coverage,4.0,exact,601,4047,590.0,3985.0,77,525,3,53132
936,10,114,National Poll on Healthy Aging (NPHA),571,3,2,2,select_coverage_CBA_M1,,exact,153,1157,153.0,1157.0,26,194,2,14952
936,10,133,National Poll on Healthy Aging (NPHA),571,3,2,1,select_coverage,1.0,DAC,215,1559,,,215,1559,2,8896
936,10,133,National Poll on Healthy Aging (NPHA),571,3,2,1,select_coverage,1.0,exact,215,1559,215.0,1559.0,35,260,2,20416
936,10,133,National Poll on Healthy Aging (NPHA),571,3,2,1,select_coverage,2.0,DAC,353,2597,,,351,2589,2,14704
936,10,133,National Poll on Healthy Aging (NPHA),571,3,2,1,select_coverage,2.0,exact,353,2597,350.0,2579.0,65,469,2,33804
936,10,133,National Poll on Healthy Aging (NPHA),571,3,2,1,select_coverage,3.0,DAC,469,3454,,,466,3439,2,19524
936,10,133,National Poll on Healthy Aging (NPHA),571,3,2,1,select_coverage,3.0,exact,469,3454,465.0,3429.0,81,593,2,44808
936,10,133,National Poll on Healthy Aging (NPHA),571,3,2,1,select_coverage,4.0,DAC,547,3975,,,544,3960,2,22544
936,10,133,National Poll on Healthy Aging (NPHA),571,3,2,1,select_coverage,4.0,exact,547,3975,542.0,3942.0,89,643,2,51608
936,10,133,National Poll on Healthy Aging (NPHA),571,3,2,1,select_coverage_CBA_M1,,DAC,141,1125,,,141,1125,2,6272
936,10,133,National Poll on Healthy Aging (NPHA),571,3,2,1,select_coverage_CBA_M1,,exact,141,1125,141.0,1125.0,25,204,2,14352
936,10,133,National Poll on Healthy Aging (NPHA),571,3,2,2,select_coverage,1.0,exact,215,1559,215.0,1559.0,35,260,2,20416
936,10,133,National Poll on Healthy Aging (NPHA),571,3,2,2,select_coverage,2.0,exact,353,2597,350.0,2579.0,65,469,2,33804
936,10,133,National Poll on Healthy Aging (NPHA),571,3,2,2,select_coverage,3.0,exact,469,3454,465.0,3429.0,81,593,2,44808
936,10,133,National Poll on Healthy Aging (NPHA),571,3,2,2,select_coverage,4.0,exact,549,3991,544.0,3958.0,89,643,2,51800
936,10,133,National Poll on Healthy Aging (NPHA),571,3,2,2,select_coverage_CBA_M1,,exact,141,1125,141.0,1125.0,25,204,2,14352
936,10,138,National Poll on Healthy Aging (NPHA),571,3,2,1,select_coverage,1.0,DAC,224,1555,,,223,1545,2,8988
936,10,138,National Poll on Healthy Aging (NPHA),571,3,2,1,select_coverage,1.0,exact,224,1555,222.0,1538.0,29,211,2,20344
936,10,138,National Poll on Healthy Aging (NPHA),571,3,2,1,select_coverage,2.0,DAC,380,2699,,,375,2676,2,15436
936,10,138,National Poll on Healthy Aging (NPHA),571,3,2,1,select_coverage,2.0,exact,380,2699,373.0,2662.0,41,305,2,34624
936,10,138,National Poll on Healthy Aging (NPHA),571,3,2,1,select_coverage,3.0,DAC,492,3520,,,485,3488,2,20064
936,10,138,National Poll on Healthy Aging (NPHA),571,3,2,1,select_coverage,3.0,exact,492,3520,482.0,3467.0,52,393,2,44968
936,10,138,National Poll on Healthy Aging (NPHA),571,3,2,1,select_coverage,4.0,DAC,576,4089,,,567,4045,2,23348
936,10,138,National Poll on Healthy Aging (NPHA),571,3,2,1,select_coverage,4.0,exact,576,4089,563.0,4019.0,60,453,2,52284
936,10,138,National Poll on Healthy Aging (NPHA),571,3,2,1,select_coverage_CBA_M1,,DAC,151,1158,,,150,1148,2,6524
936,10,138,National Poll on Healthy Aging (NPHA),571,3,2,1,select_coverage_CBA_M1,,exact,151,1158,149.0,1141.0,24,185,2,14728
936,10,138,National Poll on Healthy Aging (NPHA),571,3,2,2,select_coverage,1.0,exact,224,1555,222.0,1538.0,29,211,2,20344
936,10,138,National Poll on Healthy Aging (NPHA),571,3,2,2,select_coverage,2.0,exact,380,2699,373.0,2662.0,41,305,2,34624
936,10,138,National Poll on Healthy Aging (NPHA),571,3,2,2,select_coverage,3.0,exact,492,3520,482.0,3467.0,52,393,2,44968
936,10,138,National Poll on Healthy Aging (NPHA),571,3,2,2,select_coverage,4.0,exact,577,4094,564.0,4024.0,60,453,2,52356
936,10,138,National Poll on Healthy Aging (NPHA),571,3,2,2,select_coverage_CBA_M1,,exact,151,1158,149.0,1141.0,24,185,2,14728
936,10,148,National Poll on Healthy Aging (NPHA),571,3,2,1,select_coverage,1.0,DAC,203,1414,,,202,1410,2,8172
936,10,148,National Poll on Healthy Aging (NPHA),571,3,2,1,select_coverage,1.0,exact,203,1414,202.0,1410.0,31,210,2,18624
936,10,148,National Poll on Healthy Aging (NPHA),571,3,2,1,select_coverage,2.0,DAC,356,2540,,,355,2536,2,14512
936,10,148,National Poll on Healthy Aging (NPHA),571,3,2,1,select_coverage,2.0,exact,356,2540,355.0,2536.0,53,392,2,33256
936,10,148,National Poll on Healthy Aging (NPHA),571,3,2,1,select_coverage,3.0,DAC,471,3360,,,467,3345,2,19172
936,10,148,National Poll on Healthy Aging (NPHA),571,3,2,1,select_coverage,3.0,exact,471,3360,467.0,3345.0,68,501,2,43792
936,10,148,National Poll on Healthy Aging (NPHA),571,3,2,1,select_coverage,4.0,DAC,563,4004,,,558,3986,2,22852
936,10,148,National Poll on Healthy Aging (NPHA),571,3,2,1,select_coverage,4.0,exact,563,4004,558.0,3986.0,74,548,2,52032
936,10,148,National Poll on Healthy Aging (NPHA),571,3,2,1,select_coverage_CBA_M1,,DAC,141,1081,,,141,1081,2,6096
936,10,148,National Poll on Healthy Aging (NPHA),571,3,2,1,select_coverage_CBA_M1,,exact,141,1081,141.0,1081.0,22,173,2,13876
936,10,148,National Poll on Healthy Aging (NPHA),571,3,2,2,select_coverage,1.0,exact,203,1414,202.0,1410.0,31,210,2,18624
936,10,148,National Poll on Healthy Aging (NPHA),571,3,2,2,select_coverage,2.0,exact,356,2540,355.0,2536.0,53,392,2,33256
936,10,148,National Poll on Healthy Aging (NPHA),571,3,2,2,select_coverage,3.0,exact,471,3360,467.0,3345.0,68,501,2,43792
936,10,148,National Poll on Healthy Aging (NPHA),571,3,2,2,select_coverage,4.0,exact,564,4012,559.0,3994.0,74,548,2,52128
936,10,148,National Poll on Healthy Aging (NPHA),571,3,2,2,select_coverage_CBA_M1,,exact,141,1081,141.0,1081.0,22,173,2,13876
