id_uci,nclients,seed,data_name,train_size,number_classes,majority_class,ranking,selection,param,consolidation,round1_n_rules,round1_n_items_antecedent,round2_n_rules,round2_n_items_antecedent,final_nrules,final_total_items,default_class,comm_cost
76,2,5,Nursery,10368,5,not_recom,1,select_coverage,1.0,DAC,686,3081,,,541,2485,not_recom,20572
76,2,5,Nursery,10368,5,not_recom,1,select_coverage,1.0,exact,686,3081,541.0,2485.0,535,2448,not_recom,58064
76,2,5,Nursery,10368,5,not_recom,1,select_coverage,2.0,DAC,1303,6021,,,1007,4784,not_recom,39736
76,2,5,Nursery,10368,5,not_recom,1,select_coverage,2.0,exact,1303,6021,1007.0,4784.0,991,4685,not_recom,110336
76,2,5,Nursery,10368,5,not_recom,1,select_coverage,3.0,DAC,1851,8526,,,1430,6767,recommend,56332
76,2,5,Nursery,10368,5,not_recom,1,select_coverage,3.0,exact,1851,8526,1430.0,6767.0,1410,6641,not_recom,156416
76,2,5,Nursery,10368,5,not_recom,1,select_coverage,4.0,DAC,2258,10378,,,1717,8118,recommend,68624
76,2,5,Nursery,10368,5,not_recom,1,select_coverage,4.0,exact,2258,10378,1717.0,8118.0,1689,7950,not_recom,188240
76,2,5,Nursery,10368,5,not_recom,1,select_coverage_CBA_M1,,DAC,430,2001,,,323,1558,priority,13180
76,2,5,Nursery,10368,5,not_recom,1,select_coverage_CBA_M1,,exact,430,2001,323.0,1558.0,317,1521,priority,35864
76,2,5,Nursery,10368,5,not_recom,2,select_coverage,1.0,exact,686,3081,541.0,2485.0,535,2448,not_recom,58064
76,2,5,Nursery,10368,5,not_recom,2,select_coverage,2.0,exact,1303,6021,1007.0,4784.0,991,4685,not_recom,110336
76,2,5,Nursery,10368,5,not_recom,2,select_coverage,3.0,exact,1851,8527,1431.0,6773.0,1411,6647,not_recom,156516
76,2,5,Nursery,10368,5,not_recom,2,select_coverage,4.0,exact,2259,10384,1718.0,8124.0,1690,7956,not_recom,188360
76,2,5,Nursery,10368,5,not_recom,2,select_coverage_CBA_M1,,exact,430,2001,323.0,1558.0,317,1521,priority,35864
76,2,14,Nursery,10368,5,priority,1,select_coverage,1.0,DAC,708,3162,,,555,2536,priority,21160
76,2,14,Nursery,10368,5,priority,1,select_coverage,1.0,exact,708,3162,555.0,2536.0,550,2503,priority,59484
76,2,14,Nursery,10368,5,priority,1,select_coverage,2.0,DAC,1290,5943,,,996,4720,priority,39268
76,2,14,Nursery,10368,5,priority,1,select_coverage,2.0,exact,1290,5943,996.0,4720.0,986,4656,priority,109124
76,2,14,Nursery,10368,5,priority,1,select_coverage,3.0,DAC,1814,8330,,,1391,6581,recommend,55104
76,2,14,Nursery,10368,5,priority,1,select_coverage,3.0,exact,1814,8330,1390.0,6577.0,1379,6509,priority,152424
76,2,14,Nursery,10368,5,priority,1,select_coverage,4.0,DAC,2247,10292,,,1704,8048,priority,68148
76,2,14,Nursery,10368,5,priority,1,select_coverage,4.0,exact,2247,10292,1702.0,8040.0,1687,7949,priority,186860
76,2,14,Nursery,10368,5,priority,1,select_coverage_CBA_M1,,DAC,448,2066,,,330,1581,priority,13656
76,2,14,Nursery,10368,5,priority,1,select_coverage_CBA_M1,,exact,448,2066,330.0,1581.0,325,1548,priority,36660
76,2,14,Nursery,10368,5,priority,2,select_coverage,1.0,exact,708,3162,555.0,2536.0,550,2503,priority,59484
76,2,14,Nursery,10368,5,priority,2,select_coverage,2.0,exact,1290,5943,996.0,4720.0,986,4656,priority,109124
76,2,14,Nursery,10368,5,priority,2,select_coverage,3.0,exact,1815,8336,1391.0,6583.0,1380,6515,priority,152544
76,2,14,Nursery,10368,5,priority,2,select_coverage,4.0,exact,2248,10298,1703.0,8046.0,1688,7955,priority,186980
76,2,14,Nursery,10368,5,priority,2,select_coverage_CBA_M1,,exact,448,2066,330.0,1581.0,325,1548,priority,36660
76,2,17,Nursery,10368,5,priority,1,select_coverage,1.0,DAC,666,2954,,,525,2378,priority,19824
76,2,17,Nursery,10368,5,priority,1,select_coverage,1.0,exact,666,2954,525.0,2378.0,523,2365,priority,56028
76,2,17,Nursery,10368,5,priority,1,select_coverage,2.0,DAC,1265,5788,,,992,4655,priority,38348
76,2,17,Nursery,10368,5,priority,1,select_coverage,2.0,exact,1265,5788,992.0,4655.0,988,4628,priority,107940
76,2,17,Nursery,10368,5,priority,1,select_coverage,3.0,DAC,1834,8384,,,1424,6687,priority,55560
76,2,17,Nursery,10368,5,priority,1,select_coverage,3.0,exact,1834,8384,1424.0,6687.0,1413,6614,priority,155132
76,2,17,Nursery,10368,5,priority,1,select_coverage,4.0,DAC,2222,10117,,,1717,8034,priority,67148
76,2,17,Nursery,10368,5,priority,1,select_coverage,4.0,exact,2222,10117,1717.0,8034.0,1705,7958,priority,186892
76,2,17,Nursery,10368,5,priority,1,select_coverage_CBA_M1,,DAC,425,1948,,,325,1537,priority,12908
76,2,17,Nursery,10368,5,priority,1,select_coverage_CBA_M1,,exact,425,1948,325.0,1537.0,323,1524,priority,35676
76,2,17,Nursery,10368,5,priority,2,select_coverage,1.0,exact,667,2960,526.0,2384.0,523,2365,priority,56124
76,2,17,Nursery,10368,5,priority,2,select_coverage,2.0,exact,1266,5794,993.0,4661.0,988,4628,priority,108036
76,2,17,Nursery,10368,5,priority,2,select_coverage,3.0,exact,1834,8384,1424.0,6687.0,1413,6614,priority,155132
76,2,17,Nursery,10368,5,priority,2,select_coverage,4.0,exact,2221,10113,1716.0,8030.0,1704,7954,priority,186796
76,2,17,Nursery,10368,5,priority,2,select_coverage_CBA_M1,,exact,425,1948,325.0,1537.0,323,1524,priority,35676
76,2,19,Nursery,10368,5,not_recom,1,select_coverage,1.0,DAC,677,3040,,,548,2513,not_recom,20300
76,2,19,Nursery,10368,5,not_recom,1,select_coverage,1.0,exact,677,3040,548.0,2513.0,544,2487,not_recom,58504
76,2,19,Nursery,10368,5,not_recom,1,select_coverage,2.0,DAC,1294,5964,,,1039,4909,not_recom,39400
76,2,19,Nursery,10368,5,not_recom,1,select_coverage,2.0,exact,1294,5964,1039.0,4909.0,1028,4835,not_recom,112744
76,2,19,Nursery,10368,5,not_recom,1,select_coverage,3.0,DAC,1838,8448,,,1461,6879,not_recom,55864
76,2,19,Nursery,10368,5,not_recom,1,select_coverage,3.0,exact,1838,8448,1461.0,6879.0,1448,6790,not_recom,158636
76,2,19,Nursery,10368,5,not_recom,1,select_coverage,4.0,DAC,2245,10296,,,1751,8235,not_recom,68140
76,2,19,Nursery,10368,5,not_recom,1,select_coverage,4.0,exact,2245,10296,1751.0,8235.0,1735,8126,not_recom,190716
76,2,19,Nursery,10368,5,not_recom,1,select_coverage_CBA_M1,,DAC,419,1948,,,327,1569,priority,12836
76,2,19,Nursery,10368,5,not_recom,1,select_coverage_CBA_M1,,exact,419,1948,327.0,1569.0,323,1543,priority,35976
76,2,19,Nursery,10368,5,not_recom,2,select_coverage,1.0,exact,677,3040,548.0,2513.0,544,2487,not_recom,58504
76,2,19,Nursery,10368,5,not_recom,2,select_coverage,2.0,exact,1295,5970,1040.0,4915.0,1029,4841,not_recom,112864
76,2,19,Nursery,10368,5,not_recom,2,select_coverage,3.0,exact,1838,8448,1461.0,6879.0,1448,6790,not_recom,158636
76,2,19,Nursery,10368,5,not_recom,2,select_coverage,4.0,exact,2246,10301,1752.0,8240.0,1736,8131,not_recom,190824
76,2,19,Nursery,10368,5,not_recom,2,select_coverage_CBA_M1,,exact,415,1931,324.0,1556.0,320,1530,priority,35660
76,2,29,Nursery,10368,5,not_recom,1,select_coverage,1.0,DAC,672,3015,,,539,2465,recommend,20140
76,2,29,Nursery,10368,5,not_recom,1,select_coverage,1.0,exact,672,3015,539.0,2465.0,535,2442,not_recom,57600
76,2,29,Nursery,10368,5,not_recom,1,select_coverage,2.0,DAC,1278,5898,,,1022,4828,recommend,38944
76,2,29,Nursery,10368,5,not_recom,1,select_coverage,2.0,exact,1278,5898,1022.0,4828.0,1011,4759,not_recom,111036
76,2,29,Nursery,10368,5,not_recom,1,select_coverage,3.0,DAC,1888,8721,,,1500,7104,recommend,57556
76,2,29,Nursery,10368,5,not_recom,1,select_coverage,3.0,exact,1888,8721,1500.0,7104.0,1482,6991,not_recom,163304
76,2,29,Nursery,10368,5,not_recom,1,select_coverage,4.0,DAC,2348,10777,,,1838,8648,recommend,71300
76,2,29,Nursery,10368,5,not_recom,1,select_coverage,4.0,exact,2348,10777,1838.0,8648.0,1816,8510,not_recom,200004
76,2,29,Nursery,10368,5,not_recom,1,select_coverage_CBA_M1,,DAC,433,1998,,,331,1574,priority,13204
76,2,29,Nursery,10368,5,not_recom,1,select_coverage_CBA_M1,,exact,433,1998,331.0,1574.0,328,1555,priority,36436
76,2,29,Nursery,10368,5,not_recom,2,select_coverage,1.0,exact,672,3015,539.0,2465.0,535,2442,not_recom,57600
76,2,29,Nursery,10368,5,not_recom,2,select_coverage,2.0,exact,1278,5898,1022.0,4828.0,1011,4759,not_recom,111036
76,2,29,Nursery,10368,5,not_recom,2,select_coverage,3.0,exact,1888,8721,1500.0,7104.0,1482,6991,not_recom,163304
76,2,29,Nursery,10368,5,not_recom,2,select_coverage,4.0,exact,2350,10787,1840.0,8658.0,1818,8520,not_recom,200220
76,2,29,Nursery,10368,5,not_recom,2,select_coverage_CBA_M1,,exact,431,1989,329.0,1565.0,326,1546,priority,36232
76,2,31,Nursery,10368,4,not_recom,1,select_coverage,1.0,DAC,688,3076,,,543,2482,not_recom,20576
76,2,31,Nursery,10368,4,not_recom,1,select_coverage,1.0,exact,688,3076,543.0,2482.0,542,2478,not_recom,53896
76,2,31,Nursery,10368,4,not_recom,1,select_coverage,2.0,DAC,1260,5792,,,995,4694,not_recom,38304
76,2,31,Nursery,10368,4,not_recom,1,select_coverage,2.0,exact,1260,5792,995.0,4694.0,988,4649,not_recom,100372
76,2,31,Nursery,10368,4,not_recom,1,select_coverage,3.0,DAC,1822,8382,,,1430,6755,not_recom,55408
76,2,31,Nursery,10368,4,not_recom,1,select_coverage,3.0,exact,1822,8382,1430.0,6755.0,1418,6678,not_recom,144492
76,2,31,Nursery,10368,4,not_recom,1,select_coverage,4.0,DAC,2276,10431,,,1746,8235,not_recom,69052
76,2,31,Nursery,10368,4,not_recom,1,select_coverage,4.0,exact,2276,10431,1746.0,8235.0,1733,8151,not_recom,177140
76,2,31,Nursery,10368,4,not_recom,1,select_coverage_CBA_M1,,DAC,450,2072,,,341,1623,priority,13704
76,2,31,Nursery,10368,4,not_recom,1,select_coverage_CBA_M1,,exact,450,2072,341.0,1623.0,341,1623,priority,34944
76,2,31,Nursery,10368,4,not_recom,2,select_coverage,1.0,exact,688,3076,543.0,2482.0,542,2478,not_recom,53896
76,2,31,Nursery,10368,4,not_recom,2,select_coverage,2.0,exact,1260,5792,995.0,4694.0,988,4649,not_recom,100372
76,2,31,Nursery,10368,4,not_recom,2,select_coverage,3.0,exact,1823,8388,1431.0,6761.0,1419,6684,not_recom,144604
76,2,31,Nursery,10368,4,not_recom,2,select_coverage,4.0,exact,2278,10443,1748.0,8247.0,1734,8157,not_recom,177340
76,2,31,Nursery,10368,4,not_recom,2,select_coverage_CBA_M1,,exact,451,2076,342.0,1627.0,342,1627,priority,35032
76,2,34,Nursery,10368,5,not_recom,1,select_coverage,1.0,DAC,718,3204,,,564,2572,not_recom,21448
76,2,34,Nursery,10368,5,not_recom,1,select_coverage,1.0,exact,718,3204,564.0,2572.0,563,2566,not_recom,60480
76,2,34,Nursery,10368,5,not_recom,1,select_coverage,2.0,DAC,1325,6106,,,1044,4924,not_recom,40340
76,2,34,Nursery,10368,5,not_recom,1,select_coverage,2.0,exact,1325,6106,1044.0,4924.0,1040,4897,not_recom,113860
76,2,34,Nursery,10368,5,not_recom,1,select_coverage,3.0,DAC,1909,8797,,,1496,7059,recommend,58112
76,2,34,Nursery,10368,5,not_recom,1,select_coverage,3.0,exact,1909,8797,1496.0,7059.0,1490,7020,not_recom,163352
76,2,34,Nursery,10368,5,not_recom,1,select_coverage,4.0,DAC,2330,10705,,,1810,8530,not_recom,70796
76,2,34,Nursery,10368,5,not_recom,1,select_coverage,4.0,exact,2330,10705,1809.0,8526.0,1802,8480,not_recom,197716
76,2,34,Nursery,10368,5,not_recom,1,select_coverage_CBA_M1,,DAC,464,2136,,,348,1657,priority,14128
76,2,34,Nursery,10368,5,not_recom,1,select_coverage_CBA_M1,,exact,464,2136,348.0,1657.0,347,1651,priority,38520
76,2,34,Nursery,10368,5,not_recom,2,select_coverage,1.0,exact,718,3204,564.0,2572.0,563,2566,not_recom,60480
76,2,34,Nursery,10368,5,not_recom,2,select_coverage,2.0,exact,1326,6111,1045.0,4929.0,1041,4902,not_recom,113968
76,2,34,Nursery,10368,5,not_recom,2,select_coverage,3.0,exact,1909,8797,1496.0,7059.0,1490,7020,not_recom,163352
76,2,34,Nursery,10368,5,not_recom,2,select_coverage,4.0,exact,2330,10706,1809.0,8527.0,1801,8475,not_recom,197704
76,2,34,Nursery,10368,5,not_recom,2,select_coverage_CBA_M1,,exact,462,2127,346.0,1648.0,345,1642,priority,38316
76,2,42,Nursery,10368,4,not_recom,1,select_coverage,1.0,DAC,660,2957,,,520,2380,not_recom,19764
76,2,42,Nursery,10368,4,not_recom,1,select_coverage,1.0,exact,660,2957,520.0,2380.0,517,2359,not_recom,51616
76,2,42,Nursery,10368,4,not_recom,1,select_coverage,2.0,DAC,1302,6031,,,1016,4836,priority,39764
76,2,42,Nursery,10368,4,not_recom,1,select_coverage,2.0,exact,1302,6031,1016.0,4836.0,1009,4790,not_recom,103300
76,2,42,Nursery,10368,4,not_recom,1,select_coverage,3.0,DAC,1882,8713,,,1463,6965,not_recom,57452
76,2,42,Nursery,10368,4,not_recom,1,select_coverage,3.0,exact,1882,8713,1463.0,6965.0,1453,6900,not_recom,148864
76,2,42,Nursery,10368,4,not_recom,1,select_coverage,4.0,DAC,2314,10657,,,1790,8477,not_recom,70412
76,2,42,Nursery,10368,4,not_recom,1,select_coverage,4.0,exact,2314,10657,1790.0,8477.0,1776,8392,not_recom,181736
76,2,42,Nursery,10368,4,not_recom,1,select_coverage_CBA_M1,,DAC,465,2127,,,353,1662,priority,14104
76,2,42,Nursery,10368,4,not_recom,1,select_coverage_CBA_M1,,exact,465,2127,353.0,1662.0,350,1641,priority,35872
76,2,42,Nursery,10368,4,not_recom,2,select_coverage,1.0,exact,660,2957,520.0,2380.0,517,2359,not_recom,51616
76,2,42,Nursery,10368,4,not_recom,2,select_coverage,2.0,exact,1302,6031,1016.0,4836.0,1009,4790,not_recom,103300
76,2,42,Nursery,10368,4,not_recom,2,select_coverage,3.0,exact,1883,8719,1464.0,6971.0,1454,6906,not_recom,148976
76,2,42,Nursery,10368,4,not_recom,2,select_coverage,4.0,exact,2315,10663,1791.0,8483.0,1777,8398,not_recom,181848
76,2,42,Nursery,10368,4,not_recom,2,select_coverage_CBA_M1,,exact,463,2119,351.0,1654.0,348,1633,priority,35696
76,2,49,Nursery,10368,5,not_recom,1,select_coverage,1.0,DAC,670,2979,,,539,2442,not_recom,19972
76,2,49,Nursery,10368,5,not_recom,1,select_coverage,1.0,exact,670,2979,539.0,2442.0,536,2423,not_recom,57288
76,2,49,Nursery,10368,5,not_recom,1,select_coverage,2.0,DAC,1284,5909,,,1020,4807,not_recom,39060
76,2,49,Nursery,10368,5,not_recom,1,select_coverage,2.0,exact,1284,5909,1020.0,4807.0,1014,4768,not_recom,110936
76,2,49,Nursery,10368,5,not_recom,1,select_coverage,3.0,DAC,1861,8533,,,1460,6862,not_recom,56480
76,2,49,Nursery,10368,5,not_recom,1,select_coverage,3.0,exact,1861,8533,1460.0,6862.0,1447,6781,not_recom,158824
76,2,49,Nursery,10368,5,not_recom,1,select_coverage,4.0,DAC,2250,10277,,,1723,8086,priority,68124
76,2,49,Nursery,10368,5,not_recom,1,select_coverage,4.0,exact,2250,10277,1723.0,8086.0,1710,8005,not_recom,188216
76,2,49,Nursery,10368,5,not_recom,1,select_coverage_CBA_M1,,DAC,446,2033,,,340,1597,priority,13500
76,2,49,Nursery,10368,5,not_recom,1,select_coverage_CBA_M1,,exact,446,2033,340.0,1597.0,337,1578,priority,37192
76,2,49,Nursery,10368,5,not_recom,2,select_coverage,1.0,exact,670,2979,539.0,2442.0,536,2423,not_recom,57288
76,2,49,Nursery,10368,5,not_recom,2,select_coverage,2.0,exact,1285,5917,1021.0,4815.0,1014,4770,not_recom,111056
76,2,49,Nursery,10368,5,not_recom,2,select_coverage,3.0,exact,1865,8556,1463.0,6879.0,1449,6792,not_recom,159172
76,2,49,Nursery,10368,5,not_recom,2,select_coverage,4.0,exact,2253,10295,1725.0,8098.0,1712,8017,not_recom,188480
76,2,49,Nursery,10368,5,not_recom,2,select_coverage_CBA_M1,,exact,445,2029,339.0,1593.0,336,1574,priority,37096
76,2,63,Nursery,10368,5,not_recom,1,select_coverage,1.0,DAC,684,3047,,,543,2469,not_recom,20412
76,2,63,Nursery,10368,5,not_recom,1,select_coverage,1.0,exact,684,3047,543.0,2469.0,539,2447,not_recom,57956
76,2,63,Nursery,10368,5,not_recom,1,select_coverage,2.0,DAC,1298,5977,,,1010,4772,recommend,39500
76,2,63,Nursery,10368,5,not_recom,1,select_coverage,2.0,exact,1298,5977,1010.0,4772.0,999,4703,not_recom,110328
76,2,63,Nursery,10368,5,not_recom,1,select_coverage,3.0,DAC,1848,8517,,,1428,6748,recommend,56260
76,2,63,Nursery,10368,5,not_recom,1,select_coverage,3.0,exact,1848,8517,1428.0,6748.0,1411,6647,not_recom,156232
76,2,63,Nursery,10368,5,not_recom,1,select_coverage,4.0,DAC,2258,10364,,,1716,8076,recommend,68568
76,2,63,Nursery,10368,5,not_recom,1,select_coverage,4.0,exact,2258,10364,1716.0,8076.0,1697,7964,not_recom,188024
76,2,63,Nursery,10368,5,not_recom,1,select_coverage_CBA_M1,,DAC,435,2005,,,326,1555,priority,13256
76,2,63,Nursery,10368,5,not_recom,1,select_coverage_CBA_M1,,exact,435,2005,326.0,1555.0,323,1537,priority,36076
76,2,63,Nursery,10368,5,not_recom,2,select_coverage,1.0,exact,684,3047,543.0,2469.0,539,2447,not_recom,57956
76,2,63,Nursery,10368,5,not_recom,2,select_coverage,2.0,exact,1298,5977,1010.0,4772.0,999,4703,not_recom,110328
76,2,63,Nursery,10368,5,not_recom,2,select_coverage,3.0,exact,1848,8517,1428.0,6748.0,1411,6647,not_recom,156232
76,2,63,Nursery,10368,5,not_recom,2,select_coverage,4.0,exact,2259,10370,1717.0,8082.0,1698,7970,not_recom,188144
76,2,63,Nursery,10368,5,not_recom,2,select_coverage_CBA_M1,,exact,430,1984,323.0,1542.0,320,1524,priority,35744
76,2,64,Nursery,10368,5,not_recom,1,select_coverage,1.0,DAC,693,3105,,,533,2450,recommend,20752
76,2,64,Nursery,10368,5,not_recom,1,select_coverage,1.0,exact,693,3105,533.0,2450.0,530,2432,not_recom,57572
76,2,64,Nursery,10368,5,not_recom,1,select_coverage,2.0,DAC,1309,6031,,,1006,4768,not_recom,39848
76,2,64,Nursery,10368,5,not_recom,1,select_coverage,2.0,exact,1309,6031,1006.0,4768.0,999,4722,not_recom,110412
76,2,64,Nursery,10368,5,not_recom,1,select_coverage,3.0,DAC,1857,8531,,,1433,6769,not_recom,56424
76,2,64,Nursery,10368,5,not_recom,1,select_coverage,3.0,exact,1857,8531,1433.0,6769.0,1421,6693,not_recom,156796
76,2,64,Nursery,10368,5,not_recom,1,select_coverage,4.0,DAC,2304,10536,,,1756,8264,not_recom,69808
76,2,64,Nursery,10368,5,not_recom,1,select_coverage,4.0,exact,2304,10536,1756.0,8264.0,1743,8181,not_recom,192252
76,2,64,Nursery,10368,5,not_recom,1,select_coverage_CBA_M1,,DAC,449,2073,,,333,1596,priority,13696
76,2,64,Nursery,10368,5,not_recom,1,select_coverage_CBA_M1,,exact,449,2073,333.0,1596.0,330,1578,priority,37012
76,2,64,Nursery,10368,5,not_recom,2,select_coverage,1.0,exact,695,3117,535.0,2462.0,532,2444,not_recom,57812
76,2,64,Nursery,10368,5,not_recom,2,select_coverage,2.0,exact,1311,6042,1008.0,4779.0,1001,4733,not_recom,110640
76,2,64,Nursery,10368,5,not_recom,2,select_coverage,3.0,exact,1858,8537,1434.0,6775.0,1422,6699,not_recom,156916
76,2,64,Nursery,10368,5,not_recom,2,select_coverage,4.0,exact,2304,10537,1757.0,8269.0,1744,8186,not_recom,192344
76,2,64,Nursery,10368,5,not_recom,2,select_coverage_CBA_M1,,exact,444,2050,328.0,1573.0,325,1555,priority,36496
76,2,65,Nursery,10368,5,not_recom,1,select_coverage,1.0,DAC,687,3077,,,541,2479,recommend,20568
76,2,65,Nursery,10368,5,not_recom,1,select_coverage,1.0,exact,687,3077,541.0,2479.0,535,2445,priority,58012
76,2,65,Nursery,10368,5,not_recom,1,select_coverage,2.0,DAC,1277,5873,,,1000,4716,recommend,38832
76,2,65,Nursery,10368,5,not_recom,1,select_coverage,2.0,exact,1277,5873,1000.0,4716.0,990,4654,not_recom,109012
76,2,65,Nursery,10368,5,not_recom,1,select_coverage,3.0,DAC,1803,8246,,,1388,6510,not_recom,54636
76,2,65,Nursery,10368,5,not_recom,1,select_coverage,3.0,exact,1803,8246,1388.0,6510.0,1371,6403,not_recom,151300
76,2,65,Nursery,10368,5,not_recom,1,select_coverage,4.0,DAC,2201,10027,,,1671,7813,not_recom,66536
76,2,65,Nursery,10368,5,not_recom,1,select_coverage,4.0,exact,2201,10027,1671.0,7813.0,1652,7695,not_recom,182388
76,2,65,Nursery,10368,5,not_recom,1,select_coverage_CBA_M1,,DAC,474,2183,,,358,1707,priority,14436
76,2,65,Nursery,10368,5,not_recom,1,select_coverage_CBA_M1,,exact,474,2183,358.0,1707.0,353,1677,priority,39492
76,2,65,Nursery,10368,5,not_recom,2,select_coverage,1.0,exact,687,3077,541.0,2479.0,535,2445,priority,58012
76,2,65,Nursery,10368,5,not_recom,2,select_coverage,2.0,exact,1277,5873,1000.0,4716.0,990,4654,not_recom,109012
76,2,65,Nursery,10368,5,not_recom,2,select_coverage,3.0,exact,1806,8261,1391.0,6525.0,1374,6418,not_recom,151624
76,2,65,Nursery,10368,5,not_recom,2,select_coverage,4.0,exact,2202,10033,1672.0,7819.0,1653,7701,not_recom,182508
76,2,65,Nursery,10368,5,not_recom,2,select_coverage_CBA_M1,,exact,472,2175,356.0,1699.0,351,1669,priority,39300
76,2,68,Nursery,10368,5,not_recom,1,select_coverage,1.0,DAC,683,3083,,,538,2490,not_recom,20544
76,2,68,Nursery,10368,5,not_recom,1,select_coverage,1.0,exact,683,3083,538.0,2490.0,535,2470,not_recom,58036
76,2,68,Nursery,10368,5,not_recom,1,select_coverage,2.0,DAC,1303,6035,,,1045,4968,recommend,39792
76,2,68,Nursery,10368,5,not_recom,1,select_coverage,2.0,exact,1303,6035,1045.0,4968.0,1039,4929,not_recom,113928
76,2,68,Nursery,10368,5,not_recom,1,select_coverage,3.0,DAC,1859,8545,,,1476,6960,not_recom,56504
76,2,68,Nursery,10368,5,not_recom,1,select_coverage,3.0,exact,1859,8545,1476.0,6960.0,1465,6896,not_recom,160492
76,2,68,Nursery,10368,5,not_recom,1,select_coverage,4.0,DAC,2278,10377,,,1752,8205,not_recom,68860
76,2,68,Nursery,10368,5,not_recom,1,select_coverage,4.0,exact,2278,10377,1752.0,8205.0,1737,8115,not_recom,190924
76,2,68,Nursery,10368,5,not_recom,1,select_coverage_CBA_M1,,DAC,437,2023,,,332,1594,priority,13352
76,2,68,Nursery,10368,5,not_recom,1,select_coverage_CBA_M1,,exact,437,2023,332.0,1594.0,330,1580,priority,36764
76,2,68,Nursery,10368,5,not_recom,2,select_coverage,1.0,exact,683,3083,538.0,2490.0,535,2470,not_recom,58036
76,2,68,Nursery,10368,5,not_recom,2,select_coverage,2.0,exact,1303,6035,1045.0,4968.0,1039,4929,not_recom,113928
76,2,68,Nursery,10368,5,not_recom,2,select_coverage,3.0,exact,1860,8551,1477.0,6966.0,1466,6902,not_recom,160612
76,2,68,Nursery,10368,5,not_recom,2,select_coverage,4.0,exact,2280,10389,1755.0,8221.0,1740,8131,not_recom,191244
76,2,68,Nursery,10368,5,not_recom,2,select_coverage_CBA_M1,,exact,437,2023,332.0,1594.0,330,1580,priority,36764
76,2,74,Nursery,10368,5,not_recom,1,select_coverage,1.0,DAC,677,3024,,,540,2465,recommend,20236
76,2,74,Nursery,10368,5,not_recom,1,select_coverage,1.0,exact,677,3024,540.0,2465.0,534,2428,not_recom,57628
76,2,74,Nursery,10368,5,not_recom,1,select_coverage,2.0,DAC,1297,5965,,,1029,4852,not_recom,39440
76,2,74,Nursery,10368,5,not_recom,1,select_coverage,2.0,exact,1297,5965,1029.0,4852.0,1018,4786,not_recom,111844
76,2,74,Nursery,10368,5,not_recom,1,select_coverage,3.0,DAC,1870,8599,,,1474,6954,not_recom,56852
76,2,74,Nursery,10368,5,not_recom,1,select_coverage,3.0,exact,1870,8599,1474.0,6954.0,1461,6873,not_recom,160496
76,2,74,Nursery,10368,5,not_recom,1,select_coverage,4.0,DAC,2334,10711,,,1804,8519,not_recom,70868
76,2,74,Nursery,10368,5,not_recom,1,select_coverage,4.0,exact,2334,10711,1804.0,8519.0,1791,8439,not_recom,197308
76,2,74,Nursery,10368,5,not_recom,1,select_coverage_CBA_M1,,DAC,457,2083,,,348,1637,priority,13832
76,2,74,Nursery,10368,5,not_recom,1,select_coverage_CBA_M1,,exact,457,2083,348.0,1637.0,344,1610,priority,38064
76,2,74,Nursery,10368,5,not_recom,2,select_coverage,1.0,exact,677,3024,540.0,2465.0,534,2428,not_recom,57628
76,2,74,Nursery,10368,5,not_recom,2,select_coverage,2.0,exact,1297,5965,1029.0,4852.0,1018,4786,not_recom,111844
76,2,74,Nursery,10368,5,not_recom,2,select_coverage,3.0,exact,1871,8604,1475.0,6959.0,1462,6878,not_recom,160604
76,2,74,Nursery,10368,5,not_recom,2,select_coverage,4.0,exact,2337,10728,1807.0,8536.0,1794,8456,not_recom,197656
76,2,74,Nursery,10368,5,not_recom,2,select_coverage_CBA_M1,,exact,457,2083,348.0,1637.0,344,1610,priority,38064
76,2,76,Nursery,10368,5,not_recom,1,select_coverage,1.0,DAC,706,3156,,,554,2532,not_recom,21112
76,2,76,Nursery,10368,5,not_recom,1,select_coverage,1.0,exact,706,3156,554.0,2532.0,551,2515,not_recom,59444
76,2,76,Nursery,10368,5,not_recom,1,select_coverage,2.0,DAC,1319,6083,,,1036,4906,not_recom,40176
76,2,76,Nursery,10368,5,not_recom,1,select_coverage,2.0,exact,1319,6083,1036.0,4906.0,1026,4844,not_recom,113100
76,2,76,Nursery,10368,5,not_recom,1,select_coverage,3.0,DAC,1866,8603,,,1451,6878,not_recom,56820
76,2,76,Nursery,10368,5,not_recom,1,select_coverage,3.0,exact,1866,8603,1451.0,6878.0,1429,6735,not_recom,158552
76,2,76,Nursery,10368,5,not_recom,1,select_coverage,4.0,DAC,2306,10608,,,1764,8350,not_recom,70120
76,2,76,Nursery,10368,5,not_recom,1,select_coverage,4.0,exact,2306,10608,1764.0,8350.0,1740,8193,not_recom,193316
76,2,76,Nursery,10368,5,not_recom,1,select_coverage_CBA_M1,,DAC,457,2100,,,340,1619,priority,13900
76,2,76,Nursery,10368,5,not_recom,1,select_coverage_CBA_M1,,exact,457,2100,340.0,1619.0,338,1607,priority,37664
76,2,76,Nursery,10368,5,not_recom,2,select_coverage,1.0,exact,706,3156,554.0,2532.0,551,2515,not_recom,59444
76,2,76,Nursery,10368,5,not_recom,2,select_coverage,2.0,exact,1319,6083,1036.0,4906.0,1026,4844,not_recom,113100
76,2,76,Nursery,10368,5,not_recom,2,select_coverage,3.0,exact,1866,8603,1450.0,6874.0,1428,6731,not_recom,158472
76,2,76,Nursery,10368,5,not_recom,2,select_coverage,4.0,exact,2306,10608,1764.0,8350.0,1740,8193,not_recom,193316
76,2,76,Nursery,10368,5,not_recom,2,select_coverage_CBA_M1,,exact,468,2149,349.0,1660.0,347,1648,priority,38620
76,2,100,Nursery,10368,5,not_recom,1,select_coverage,1.0,DAC,680,3050,,,541,2482,not_recom,20376
76,2,100,Nursery,10368,5,not_recom,1,select_coverage,1.0,exact,680,3050,541.0,2482.0,533,2432,not_recom,57864
76,2,100,Nursery,10368,5,not_recom,1,select_coverage,2.0,DAC,1284,5928,,,1007,4767,recommend,39136
76,2,100,Nursery,10368,5,not_recom,1,select_coverage,2.0,exact,1284,5928,1007.0,4767.0,993,4678,not_recom,109868
76,2,100,Nursery,10368,5,not_recom,1,select_coverage,3.0,DAC,1846,8520,,,1438,6823,not_recom,56248
76,2,100,Nursery,10368,5,not_recom,1,select_coverage,3.0,exact,1846,8520,1438.0,6823.0,1419,6702,not_recom,157244
76,2,100,Nursery,10368,5,not_recom,1,select_coverage,4.0,DAC,2291,10531,,,1764,8342,not_recom,69632
76,2,100,Nursery,10368,5,not_recom,1,select_coverage,4.0,exact,2291,10531,1764.0,8342.0,1738,8174,not_recom,192900
76,2,100,Nursery,10368,5,not_recom,1,select_coverage_CBA_M1,,DAC,443,2051,,,341,1631,priority,13536
76,2,100,Nursery,10368,5,not_recom,1,select_coverage_CBA_M1,,exact,443,2051,341.0,1631.0,333,1581,priority,37460
76,2,100,Nursery,10368,5,not_recom,2,select_coverage,1.0,exact,680,3050,541.0,2482.0,533,2432,not_recom,57864
76,2,100,Nursery,10368,5,not_recom,2,select_coverage,2.0,exact,1284,5928,1007.0,4767.0,993,4678,not_recom,109868
76,2,100,Nursery,10368,5,not_recom,2,select_coverage,3.0,exact,1850,8542,1442.0,6845.0,1423,6724,not_recom,157700
76,2,100,Nursery,10368,5,not_recom,2,select_coverage,4.0,exact,2294,10547,1767.0,8358.0,1741,8190,not_recom,193236
76,2,100,Nursery,10368,5,not_recom,2,select_coverage_CBA_M1,,exact,440,2039,338.0,1619.0,330,1569,priority,37172
76,2,114,Nursery,10368,5,not_recom,1,select_coverage,1.0,DAC,745,3318,,,599,2722,recommend,22228
76,2,114,Nursery,10368,5,not_recom,1,select_coverage,1.0,exact,745,3318,599.0,2722.0,598,2716,not_recom,63816
76,2,114,Nursery,10368,5,not_recom,1,select_coverage,2.0,DAC,1317,6022,,,1034,4846,recommend,39908
76,2,114,Nursery,10368,5,not_recom,1,select_coverage,2.0,exact,1317,6022,1034.0,4846.0,1027,4799,not_recom,112340
76,2,114,Nursery,10368,5,not_recom,1,select_coverage,3.0,DAC,1913,8741,,,1495,7018,not_recom,57936
76,2,114,Nursery,10368,5,not_recom,1,select_coverage,3.0,exact,1913,8741,1495.0,7018.0,1483,6939,not_recom,162592
76,2,114,Nursery,10368,5,not_recom,1,select_coverage,4.0,DAC,2346,10685,,,1813,8470,not_recom,70908
76,2,114,Nursery,10368,5,not_recom,1,select_coverage,4.0,exact,2346,10685,1813.0,8470.0,1797,8366,not_recom,197148
76,2,114,Nursery,10368,5,not_recom,1,select_coverage_CBA_M1,,DAC,492,2245,,,375,1766,priority,14900
76,2,114,Nursery,10368,5,not_recom,1,select_coverage_CBA_M1,,exact,492,2245,375.0,1766.0,374,1760,priority,41124
76,2,114,Nursery,10368,5,not_recom,2,select_coverage,1.0,exact,745,3318,599.0,2722.0,598,2716,not_recom,63816
76,2,114,Nursery,10368,5,not_recom,2,select_coverage,2.0,exact,1317,6022,1034.0,4846.0,1027,4799,not_recom,112340
76,2,114,Nursery,10368,5,not_recom,2,select_coverage,3.0,exact,1914,8747,1496.0,7024.0,1484,6945,not_recom,162712
76,2,114,Nursery,10368,5,not_recom,2,select_coverage,4.0,exact,2347,10691,1814.0,8476.0,1798,8372,not_recom,197268
76,2,114,Nursery,10368,5,not_recom,2,select_coverage_CBA_M1,,exact,492,2245,375.0,1766.0,374,1760,priority,41124
76,2,133,Nursery,10368,5,not_recom,1,select_coverage,1.0,DAC,684,3075,,,548,2515,not_recom,20524
76,2,133,Nursery,10368,5,not_recom,1,select_coverage,1.0,exact,684,3075,548.0,2515.0,546,2502,not_recom,58712
76,2,133,Nursery,10368,5,not_recom,1,select_coverage,2.0,DAC,1280,5918,,,1010,4772,not_recom,39048
76,2,133,Nursery,10368,5,not_recom,1,select_coverage,2.0,exact,1280,5918,1010.0,4772.0,1000,4711,not_recom,110124
76,2,133,Nursery,10368,5,not_recom,1,select_coverage,3.0,DAC,1882,8694,,,1483,7012,not_recom,57376
76,2,133,Nursery,10368,5,not_recom,1,select_coverage,3.0,exact,1882,8694,1483.0,7012.0,1469,6933,not_recom,161780
76,2,133,Nursery,10368,5,not_recom,1,select_coverage,4.0,DAC,2312,10646,,,1797,8492,not_recom,70344
76,2,133,Nursery,10368,5,not_recom,1,select_coverage,4.0,exact,2312,10646,1797.0,8492.0,1782,8406,not_recom,196472
76,2,133,Nursery,10368,5,not_recom,1,select_coverage_CBA_M1,,DAC,429,1999,,,335,1609,priority,13160
76,2,133,Nursery,10368,5,not_recom,1,select_coverage_CBA_M1,,exact,429,1999,335.0,1609.0,333,1596,priority,36936
76,2,133,Nursery,10368,5,not_recom,2,select_coverage,1.0,exact,684,3075,548.0,2515.0,546,2502,not_recom,58712
76,2,133,Nursery,10368,5,not_recom,2,select_coverage,2.0,exact,1280,5918,1010.0,4772.0,1000,4711,not_recom,110124
76,2,133,Nursery,10368,5,not_recom,2,select_coverage,3.0,exact,1883,8700,1484.0,7018.0,1470,6939,not_recom,161900
76,2,133,Nursery,10368,5,not_recom,2,select_coverage,4.0,exact,2314,10658,1799.0,8504.0,1784,8418,not_recom,196712
76,2,133,Nursery,10368,5,not_recom,2,select_coverage_CBA_M1,,exact,429,1999,335.0,1609.0,333,1596,priority,36936
76,2,138,Nursery,10368,5,not_recom,1,select_coverage,1.0,DAC,691,3079,,,552,2503,recommend,20624
76,2,138,Nursery,10368,5,not_recom,1,select_coverage,1.0,exact,691,3079,552.0,2503.0,546,2467,not_recom,58732
76,2,138,Nursery,10368,5,not_recom,1,select_coverage,2.0,DAC,1287,5927,,,1008,4763,recommend,39168
76,2,138,Nursery,10368,5,not_recom,1,select_coverage,2.0,exact,1287,5927,1008.0,4763.0,999,4708,not_recom,110016
76,2,138,Nursery,10368,5,not_recom,1,select_coverage,3.0,DAC,1864,8608,,,1456,6900,recommend,56816
76,2,138,Nursery,10368,5,not_recom,1,select_coverage,3.0,exact,1864,8608,1456.0,6900.0,1443,6818,not_recom,159232
76,2,138,Nursery,10368,5,not_recom,1,select_coverage,4.0,DAC,2318,10674,,,1783,8433,recommend,70528
76,2,138,Nursery,10368,5,not_recom,1,select_coverage,4.0,exact,2318,10674,1783.0,8433.0,1768,8343,not_recom,195424
76,2,138,Nursery,10368,5,not_recom,1,select_coverage_CBA_M1,,DAC,454,2079,,,342,1612,priority,13780
76,2,138,Nursery,10368,5,not_recom,1,select_coverage_CBA_M1,,exact,454,2079,342.0,1612.0,336,1576,priority,37524
76,2,138,Nursery,10368,5,not_recom,2,select_coverage,1.0,exact,691,3079,552.0,2503.0,546,2467,not_recom,58732
76,2,138,Nursery,10368,5,not_recom,2,select_coverage,2.0,exact,1288,5933,1009.0,4769.0,1000,4714,not_recom,110136
76,2,138,Nursery,10368,5,not_recom,2,select_coverage,3.0,exact,1864,8608,1456.0,6900.0,1443,6818,not_recom,159232
76,2,138,Nursery,10368,5,not_recom,2,select_coverage,4.0,exact,2318,10674,1783.0,8433.0,1768,8343,not_recom,195424
76,2,138,Nursery,10368,5,not_recom,2,select_coverage_CBA_M1,,exact,453,2075,341.0,1608.0,335,1572,priority,37428
76,2,148,Nursery,10368,5,not_recom,1,select_coverage,1.0,DAC,687,3066,,,550,2506,recommend,20524
76,2,148,Nursery,10368,5,not_recom,1,select_coverage,1.0,exact,687,3066,550.0,2506.0,543,2465,priority,58588
76,2,148,Nursery,10368,5,not_recom,1,select_coverage,2.0,DAC,1285,5964,,,1016,4831,recommend,39292
76,2,148,Nursery,10368,5,not_recom,1,select_coverage,2.0,exact,1285,5964,1016.0,4831.0,1004,4757,not_recom,111016
76,2,148,Nursery,10368,5,not_recom,1,select_coverage,3.0,DAC,1844,8512,,,1456,6884,recommend,56192
76,2,148,Nursery,10368,5,not_recom,1,select_coverage,3.0,exact,1844,8512,1456.0,6884.0,1442,6797,not_recom,158700
76,2,148,Nursery,10368,5,not_recom,1,select_coverage,4.0,DAC,2295,10511,,,1775,8337,recommend,69600
76,2,148,Nursery,10368,5,not_recom,1,select_coverage,4.0,exact,2295,10511,1775.0,8337.0,1757,8231,not_recom,193556
76,2,148,Nursery,10368,5,not_recom,1,select_coverage_CBA_M1,,DAC,470,2145,,,360,1694,priority,14236
76,2,148,Nursery,10368,5,not_recom,1,select_coverage_CBA_M1,,exact,470,2145,360.0,1694.0,354,1657,priority,39304
76,2,148,Nursery,10368,5,not_recom,2,select_coverage,1.0,exact,687,3066,550.0,2506.0,543,2465,priority,58588
76,2,148,Nursery,10368,5,not_recom,2,select_coverage,2.0,exact,1286,5970,1017.0,4837.0,1005,4763,not_recom,111136
76,2,148,Nursery,10368,5,not_recom,2,select_coverage,3.0,exact,1844,8512,1456.0,6884.0,1442,6797,not_recom,158700
76,2,148,Nursery,10368,5,not_recom,2,select_coverage,4.0,exact,2297,10522,1777.0,8348.0,1759,8242,not_recom,193784
76,2,148,Nursery,10368,5,not_recom,2,select_coverage_CBA_M1,,exact,465,2124,356.0,1677.0,350,1640,priority,38892
76,3,5,Nursery,10368,5,not_recom,1,select_coverage,1.0,DAC,960,4283,,,686,3154,recommend,28676
76,3,5,Nursery,10368,5,not_recom,1,select_coverage,1.0,exact,960,4283,686.0,3154.0,676,3098,not_recom,75108
76,3,5,Nursery,10368,5,not_recom,1,select_coverage,2.0,DAC,1827,8355,,,1303,6144,recommend,55368
76,3,5,Nursery,10368,5,not_recom,1,select_coverage,2.0,exact,1827,8355,1303.0,6144.0,1277,5991,not_recom,144544
76,3,5,Nursery,10368,5,not_recom,1,select_coverage,3.0,DAC,2614,11890,,,1801,8497,recommend,78952
76,3,5,Nursery,10368,5,not_recom,1,select_coverage,3.0,exact,2614,11890,1801.0,8497.0,1771,8317,not_recom,201304
76,3,5,Nursery,10368,5,not_recom,1,select_coverage,4.0,DAC,3266,14831,,,2221,10460,recommend,98540
76,3,5,Nursery,10368,5,not_recom,1,select_coverage,4.0,exact,3266,14831,2221.0,10460.0,2179,10209,not_recom,248648
76,3,5,Nursery,10368,5,not_recom,1,select_coverage_CBA_M1,,DAC,669,3035,,,451,2133,priority,20192
76,3,5,Nursery,10368,5,not_recom,1,select_coverage_CBA_M1,,exact,669,3035,451.0,2133.0,443,2085,priority,50700
76,3,5,Nursery,10368,5,not_recom,2,select_coverage,1.0,exact,960,4283,686.0,3154.0,676,3098,not_recom,75108
76,3,5,Nursery,10368,5,not_recom,2,select_coverage,2.0,exact,1827,8355,1303.0,6144.0,1277,5991,not_recom,144544
76,3,5,Nursery,10368,5,not_recom,2,select_coverage,3.0,exact,2615,11896,1802.0,8503.0,1771,8317,not_recom,201400
76,3,5,Nursery,10368,5,not_recom,2,select_coverage,4.0,exact,3273,14875,2230.0,10510.0,2187,10253,not_recom,249632
76,3,5,Nursery,10368,5,not_recom,2,select_coverage_CBA_M1,,exact,671,3047,453.0,2145.0,445,2097,priority,50940
76,3,14,Nursery,10368,5,priority,1,select_coverage,1.0,DAC,931,4149,,,681,3116,recommend,27792
76,3,14,Nursery,10368,5,priority,1,select_coverage,1.0,exact,931,4149,681.0,3116.0,672,3063,priority,74040
76,3,14,Nursery,10368,5,priority,1,select_coverage,2.0,DAC,1766,8031,,,1250,5847,recommend,53340
76,3,14,Nursery,10368,5,priority,1,select_coverage,2.0,exact,1766,8031,1250.0,5847.0,1239,5783,priority,138684
76,3,14,Nursery,10368,5,priority,1,select_coverage,3.0,DAC,2579,11708,,,1777,8347,recommend,77804
76,3,14,Nursery,10368,5,priority,1,select_coverage,3.0,exact,2579,11708,1777.0,8347.0,1759,8245,priority,198536
76,3,14,Nursery,10368,5,priority,1,select_coverage,4.0,DAC,3197,14405,,,2171,10141,recommend,96008
76,3,14,Nursery,10368,5,priority,1,select_coverage,4.0,exact,3197,14405,2171.0,10141.0,2149,10020,priority,242512
76,3,14,Nursery,10368,5,priority,1,select_coverage_CBA_M1,,DAC,624,2821,,,428,2006,priority,18796
76,3,14,Nursery,10368,5,priority,1,select_coverage_CBA_M1,,exact,624,2821,428.0,2006.0,422,1967,priority,47760
76,3,14,Nursery,10368,5,priority,2,select_coverage,1.0,exact,931,4149,681.0,3116.0,672,3063,priority,74040
76,3,14,Nursery,10368,5,priority,2,select_coverage,2.0,exact,1764,8022,1249.0,5842.0,1238,5778,priority,138560
76,3,14,Nursery,10368,5,priority,2,select_coverage,3.0,exact,2580,11714,1778.0,8353.0,1760,8251,priority,198656
76,3,14,Nursery,10368,5,priority,2,select_coverage,4.0,exact,3200,14421,2174.0,10157.0,2152,10036,priority,242848
76,3,14,Nursery,10368,5,priority,2,select_coverage_CBA_M1,,exact,617,2789,422.0,1978.0,416,1939,priority,47120
76,3,17,Nursery,10368,5,priority,1,select_coverage,1.0,DAC,929,4107,,,671,3049,priority,27600
76,3,17,Nursery,10368,5,priority,1,select_coverage,1.0,exact,929,4107,671.0,3049.0,658,2978,priority,72784
76,3,17,Nursery,10368,5,priority,1,select_coverage,2.0,DAC,1753,7923,,,1257,5850,priority,52752
76,3,17,Nursery,10368,5,priority,1,select_coverage,2.0,exact,1753,7923,1257.0,5850.0,1234,5717,priority,138336
76,3,17,Nursery,10368,5,priority,1,select_coverage,3.0,DAC,2567,11565,,,1785,8297,priority,77088
76,3,17,Nursery,10368,5,priority,1,select_coverage,3.0,exact,2567,11565,1785.0,8297.0,1755,8128,priority,197680
76,3,17,Nursery,10368,5,priority,1,select_coverage,4.0,DAC,3215,14443,,,2206,10229,priority,96376
76,3,17,Nursery,10368,5,priority,1,select_coverage,4.0,exact,3215,14443,2206.0,10229.0,2167,10011,priority,244660
76,3,17,Nursery,10368,5,priority,1,select_coverage_CBA_M1,,DAC,680,3043,,,470,2179,priority,20356
76,3,17,Nursery,10368,5,priority,1,select_coverage_CBA_M1,,exact,680,3043,470.0,2179.0,460,2120,priority,51968
76,3,17,Nursery,10368,5,priority,2,select_coverage,1.0,exact,929,4107,671.0,3049.0,658,2978,priority,72784
76,3,17,Nursery,10368,5,priority,2,select_coverage,2.0,exact,1753,7923,1257.0,5850.0,1234,5717,priority,138336
76,3,17,Nursery,10368,5,priority,2,select_coverage,3.0,exact,2567,11565,1785.0,8297.0,1755,8128,priority,197680
76,3,17,Nursery,10368,5,priority,2,select_coverage,4.0,exact,3217,14454,2208.0,10240.0,2169,10022,priority,244888
76,3,17,Nursery,10368,5,priority,2,select_coverage_CBA_M1,,exact,677,3030,467.0,2166.0,457,2107,priority,51668
76,3,19,Nursery,10368,5,not_recom,1,select_coverage,1.0,DAC,915,4074,,,679,3103,recommend,27300
76,3,19,Nursery,10368,5,not_recom,1,select_coverage,1.0,exact,915,4074,679.0,3103.0,670,3055,not_recom,73560
76,3,19,Nursery,10368,5,not_recom,1,select_coverage,2.0,DAC,1784,8104,,,1306,6098,recommend,53848
76,3,19,Nursery,10368,5,not_recom,1,select_coverage,2.0,exact,1784,8104,1306.0,6098.0,1287,5989,not_recom,143492
76,3,19,Nursery,10368,5,not_recom,1,select_coverage,3.0,DAC,2641,11960,,,1888,8831,recommend,79556
76,3,19,Nursery,10368,5,not_recom,1,select_coverage,3.0,exact,2641,11960,1888.0,8831.0,1856,8643,not_recom,208400
76,3,19,Nursery,10368,5,not_recom,1,select_coverage,4.0,DAC,3302,14889,,,2320,10823,recommend,99204
76,3,19,Nursery,10368,5,not_recom,1,select_coverage,4.0,exact,3302,14889,2318.0,10814.0,2283,10607,not_recom,256544
76,3,19,Nursery,10368,5,not_recom,1,select_coverage_CBA_M1,,DAC,625,2828,,,433,2036,priority,18836
76,3,19,Nursery,10368,5,not_recom,1,select_coverage_CBA_M1,,exact,625,2828,433.0,2036.0,428,2005,priority,48300
76,3,19,Nursery,10368,5,not_recom,2,select_coverage,1.0,exact,915,4074,679.0,3103.0,670,3055,not_recom,73560
76,3,19,Nursery,10368,5,not_recom,2,select_coverage,2.0,exact,1785,8110,1307.0,6104.0,1288,5995,not_recom,143612
76,3,19,Nursery,10368,5,not_recom,2,select_coverage,3.0,exact,2644,11977,1891.0,8848.0,1859,8660,not_recom,208748
76,3,19,Nursery,10368,5,not_recom,2,select_coverage,4.0,exact,3304,14901,2320.0,10826.0,2285,10619,not_recom,256784
76,3,19,Nursery,10368,5,not_recom,2,select_coverage_CBA_M1,,exact,623,2820,431.0,2028.0,426,1997,priority,48108
76,3,29,Nursery,10368,5,not_recom,1,select_coverage,1.0,DAC,923,4108,,,685,3138,recommend,27532
76,3,29,Nursery,10368,5,not_recom,1,select_coverage,1.0,exact,923,4108,685.0,3138.0,672,3053,not_recom,74116
76,3,29,Nursery,10368,5,not_recom,1,select_coverage,2.0,DAC,1751,7959,,,1280,5993,recommend,52872
76,3,29,Nursery,10368,5,not_recom,1,select_coverage,2.0,exact,1751,7959,1280.0,5993.0,1260,5869,not_recom,140764
76,3,29,Nursery,10368,5,not_recom,1,select_coverage,3.0,DAC,2578,11658,,,1848,8637,recommend,77592
76,3,29,Nursery,10368,5,not_recom,1,select_coverage,3.0,exact,2578,11658,1846.0,8628.0,1822,8483,not_recom,203724
76,3,29,Nursery,10368,5,not_recom,1,select_coverage,4.0,DAC,3253,14695,,,2272,10629,recommend,97840
76,3,29,Nursery,10368,5,not_recom,1,select_coverage,4.0,exact,3253,14695,2270.0,10620.0,2244,10462,not_recom,252108
76,3,29,Nursery,10368,5,not_recom,1,select_coverage_CBA_M1,,DAC,631,2845,,,440,2066,priority,18976
76,3,29,Nursery,10368,5,not_recom,1,select_coverage_CBA_M1,,exact,631,2845,440.0,2066.0,427,1981,priority,48728
76,3,29,Nursery,10368,5,not_recom,2,select_coverage,1.0,exact,922,4104,684.0,3134.0,671,3049,not_recom,74020
76,3,29,Nursery,10368,5,not_recom,2,select_coverage,2.0,exact,1751,7959,1281.0,5997.0,1261,5873,not_recom,140844
76,3,29,Nursery,10368,5,not_recom,2,select_coverage,3.0,exact,2578,11658,1846.0,8628.0,1822,8483,not_recom,203724
76,3,29,Nursery,10368,5,not_recom,2,select_coverage,4.0,exact,3255,14708,2272.0,10633.0,2245,10469,not_recom,252336
76,3,29,Nursery,10368,5,not_recom,2,select_coverage_CBA_M1,,exact,628,2833,437.0,2054.0,424,1969,priority,48440
76,3,31,Nursery,10368,4,not_recom,1,select_coverage,1.0,DAC,918,4100,,,659,3027,not_recom,27440
76,3,31,Nursery,10368,4,not_recom,1,select_coverage,1.0,exact,918,4100,658.0,3022.0,652,2987,not_recom,66788
76,3,31,Nursery,10368,4,not_recom,1,select_coverage,2.0,DAC,1748,7968,,,1241,5833,not_recom,52872
76,3,31,Nursery,10368,4,not_recom,1,select_coverage,2.0,exact,1748,7968,1240.0,5828.0,1226,5744,not_recom,127792
76,3,31,Nursery,10368,4,not_recom,1,select_coverage,3.0,DAC,2578,11683,,,1806,8462,not_recom,77692
76,3,31,Nursery,10368,4,not_recom,1,select_coverage,3.0,exact,2578,11683,1805.0,8457.0,1788,8353,not_recom,186204
76,3,31,Nursery,10368,4,not_recom,1,select_coverage,4.0,DAC,3204,14470,,,2214,10341,priority,96352
76,3,31,Nursery,10368,4,not_recom,1,select_coverage,4.0,exact,3204,14470,2213.0,10336.0,2191,10206,not_recom,228600
76,3,31,Nursery,10368,4,not_recom,1,select_coverage_CBA_M1,,DAC,607,2767,,,409,1943,priority,18376
76,3,31,Nursery,10368,4,not_recom,1,select_coverage_CBA_M1,,exact,607,2767,409.0,1943.0,403,1908,priority,42864
76,3,31,Nursery,10368,4,not_recom,2,select_coverage,1.0,exact,918,4100,658.0,3022.0,652,2987,not_recom,66788
76,3,31,Nursery,10368,4,not_recom,2,select_coverage,2.0,exact,1748,7969,1240.0,5829.0,1226,5745,not_recom,127804
76,3,31,Nursery,10368,4,not_recom,2,select_coverage,3.0,exact,2579,11690,1807.0,8468.0,1790,8364,not_recom,186400
76,3,31,Nursery,10368,4,not_recom,2,select_coverage,4.0,exact,3206,14484,2215.0,10350.0,2193,10220,not_recom,228848
76,3,31,Nursery,10368,4,not_recom,2,select_coverage_CBA_M1,,exact,605,2759,408.0,1939.0,402,1904,priority,42760
76,3,34,Nursery,10368,5,not_recom,1,select_coverage,1.0,DAC,949,4217,,,705,3208,recommend,28280
76,3,34,Nursery,10368,5,not_recom,1,select_coverage,1.0,exact,949,4217,705.0,3208.0,694,3145,not_recom,76160
76,3,34,Nursery,10368,5,not_recom,1,select_coverage,2.0,DAC,1818,8236,,,1306,6090,recommend,54784
76,3,34,Nursery,10368,5,not_recom,1,select_coverage,2.0,exact,1818,8236,1306.0,6090.0,1289,5989,not_recom,143988
76,3,34,Nursery,10368,5,not_recom,1,select_coverage,3.0,DAC,2614,11819,,,1838,8591,recommend,78668
76,3,34,Nursery,10368,5,not_recom,1,select_coverage,3.0,exact,2614,11819,1838.0,8591.0,1816,8459,not_recom,203740
76,3,34,Nursery,10368,5,not_recom,1,select_coverage,4.0,DAC,3292,14865,,,2276,10651,recommend,98988
76,3,34,Nursery,10368,5,not_recom,1,select_coverage,4.0,exact,3292,14865,2275.0,10646.0,2250,10501,not_recom,253288
76,3,34,Nursery,10368,5,not_recom,1,select_coverage_CBA_M1,,DAC,664,2999,,,467,2183,priority,19988
76,3,34,Nursery,10368,5,not_recom,1,select_coverage_CBA_M1,,exact,664,2999,467.0,2183.0,457,2124,priority,51680
76,3,34,Nursery,10368,5,not_recom,2,select_coverage,1.0,exact,949,4217,705.0,3208.0,694,3145,not_recom,76160
76,3,34,Nursery,10368,5,not_recom,2,select_coverage,2.0,exact,1819,8241,1307.0,6095.0,1290,5994,not_recom,144096
76,3,34,Nursery,10368,5,not_recom,2,select_coverage,3.0,exact,2617,11836,1841.0,8608.0,1819,8476,not_recom,204088
76,3,34,Nursery,10368,5,not_recom,2,select_coverage,4.0,exact,3297,14890,2280.0,10671.0,2255,10526,not_recom,253828
76,3,34,Nursery,10368,5,not_recom,2,select_coverage_CBA_M1,,exact,656,2964,459.0,2148.0,449,2089,priority,50876
76,3,42,Nursery,10368,4,not_recom,1,select_coverage,1.0,DAC,909,4036,,,670,3059,not_recom,27076
76,3,42,Nursery,10368,4,not_recom,1,select_coverage,1.0,exact,909,4036,670.0,3059.0,663,3014,not_recom,67268
76,3,42,Nursery,10368,4,not_recom,1,select_coverage,2.0,DAC,1774,8057,,,1284,6015,not_recom,53540
76,3,42,Nursery,10368,4,not_recom,1,select_coverage,2.0,exact,1774,8057,1284.0,6015.0,1271,5934,not_recom,131416
76,3,42,Nursery,10368,4,not_recom,1,select_coverage,3.0,DAC,2594,11748,,,1822,8539,very_recom,78144
76,3,42,Nursery,10368,4,not_recom,1,select_coverage,3.0,exact,2594,11748,1822.0,8539.0,1803,8422,not_recom,187748
76,3,42,Nursery,10368,4,not_recom,1,select_coverage,4.0,DAC,3222,14561,,,2232,10465,very_recom,96932
76,3,42,Nursery,10368,4,not_recom,1,select_coverage,4.0,exact,3222,14561,2230.0,10457.0,2200,10286,not_recom,230448
76,3,42,Nursery,10368,4,not_recom,1,select_coverage_CBA_M1,,DAC,598,2678,,,411,1911,priority,17912
76,3,42,Nursery,10368,4,not_recom,1,select_coverage_CBA_M1,,exact,598,2678,411.0,1911.0,405,1871,priority,42312
76,3,42,Nursery,10368,4,not_recom,2,select_coverage,1.0,exact,909,4036,670.0,3059.0,663,3014,not_recom,67268
76,3,42,Nursery,10368,4,not_recom,2,select_coverage,2.0,exact,1774,8057,1284.0,6015.0,1271,5934,not_recom,131416
76,3,42,Nursery,10368,4,not_recom,2,select_coverage,3.0,exact,2596,11760,1824.0,8551.0,1805,8434,not_recom,187972
76,3,42,Nursery,10368,4,not_recom,2,select_coverage,4.0,exact,3225,14577,2233.0,10473.0,2203,10302,not_recom,230760
76,3,42,Nursery,10368,4,not_recom,2,select_coverage_CBA_M1,,exact,597,2674,410.0,1907.0,404,1867,priority,42224
76,3,49,Nursery,10368,5,not_recom,1,select_coverage,1.0,DAC,897,3968,,,652,2967,recommend,26660
76,3,49,Nursery,10368,5,not_recom,1,select_coverage,1.0,exact,897,3968,651.0,2962.0,642,2908,not_recom,70640
76,3,49,Nursery,10368,5,not_recom,1,select_coverage,2.0,DAC,1742,7906,,,1233,5771,recommend,52552
76,3,49,Nursery,10368,5,not_recom,1,select_coverage,2.0,exact,1742,7906,1232.0,5766.0,1215,5661,not_recom,136508
76,3,49,Nursery,10368,5,not_recom,1,select_coverage,3.0,DAC,2542,11509,,,1762,8253,not_recom,76564
76,3,49,Nursery,10368,5,not_recom,1,select_coverage,3.0,exact,2542,11509,1761.0,8248.0,1737,8102,not_recom,196004
76,3,49,Nursery,10368,5,not_recom,1,select_coverage,4.0,DAC,3187,14405,,,2184,10232,not_recom,95888
76,3,49,Nursery,10368,5,not_recom,1,select_coverage,4.0,exact,3187,14405,2183.0,10227.0,2152,10046,not_recom,243536
76,3,49,Nursery,10368,5,not_recom,1,select_coverage_CBA_M1,,DAC,599,2683,,,406,1893,priority,17944
76,3,49,Nursery,10368,5,not_recom,1,select_coverage_CBA_M1,,exact,599,2683,406.0,1893.0,397,1839,priority,45188
76,3,49,Nursery,10368,5,not_recom,2,select_coverage,1.0,exact,897,3968,651.0,2962.0,642,2908,not_recom,70640
76,3,49,Nursery,10368,5,not_recom,2,select_coverage,2.0,exact,1742,7906,1232.0,5766.0,1215,5661,not_recom,136508
76,3,49,Nursery,10368,5,not_recom,2,select_coverage,3.0,exact,2542,11510,1761.0,8249.0,1737,8103,not_recom,196016
76,3,49,Nursery,10368,5,not_recom,2,select_coverage,4.0,exact,3187,14406,2183.0,10228.0,2152,10047,not_recom,243548
76,3,49,Nursery,10368,5,not_recom,2,select_coverage_CBA_M1,,exact,599,2683,406.0,1893.0,397,1839,priority,45188
76,3,63,Nursery,10368,5,not_recom,1,select_coverage,1.0,DAC,905,4024,,,658,3011,recommend,26980
76,3,63,Nursery,10368,5,not_recom,1,select_coverage,1.0,exact,905,4024,658.0,3011.0,646,2940,not_recom,71524
76,3,63,Nursery,10368,5,not_recom,1,select_coverage,2.0,DAC,1743,7921,,,1252,5861,recommend,52624
76,3,63,Nursery,10368,5,not_recom,1,select_coverage,2.0,exact,1743,7921,1252.0,5861.0,1228,5723,not_recom,138156
76,3,63,Nursery,10368,5,not_recom,1,select_coverage,3.0,DAC,2555,11549,,,1801,8404,recommend,76880
76,3,63,Nursery,10368,5,not_recom,1,select_coverage,3.0,exact,2555,11549,1800.0,8399.0,1771,8233,not_recom,199164
76,3,63,Nursery,10368,5,not_recom,1,select_coverage,4.0,DAC,3205,14484,,,2223,10389,recommend,96420
76,3,63,Nursery,10368,5,not_recom,1,select_coverage,4.0,exact,3205,14484,2222.0,10384.0,2191,10207,not_recom,246996
76,3,63,Nursery,10368,5,not_recom,1,select_coverage_CBA_M1,,DAC,641,2888,,,437,2047,priority,19268
76,3,63,Nursery,10368,5,not_recom,1,select_coverage_CBA_M1,,exact,641,2888,437.0,2047.0,427,1985,priority,48696
76,3,63,Nursery,10368,5,not_recom,2,select_coverage,1.0,exact,906,4030,659.0,3017.0,646,2940,not_recom,71620
76,3,63,Nursery,10368,5,not_recom,2,select_coverage,2.0,exact,1743,7921,1252.0,5861.0,1228,5723,not_recom,138156
76,3,63,Nursery,10368,5,not_recom,2,select_coverage,3.0,exact,2558,11564,1802.0,8410.0,1773,8244,not_recom,199408
76,3,63,Nursery,10368,5,not_recom,2,select_coverage,4.0,exact,3208,14498,2224.0,10394.0,2193,10217,not_recom,247228
76,3,63,Nursery,10368,5,not_recom,2,select_coverage_CBA_M1,,exact,637,2872,433.0,2031.0,423,1969,priority,48312
76,3,64,Nursery,10368,5,not_recom,1,select_coverage,1.0,DAC,937,4165,,,678,3105,recommend,27928
76,3,64,Nursery,10368,5,not_recom,1,select_coverage,1.0,exact,937,4165,678.0,3105.0,668,3046,not_recom,73848
76,3,64,Nursery,10368,5,not_recom,1,select_coverage,2.0,DAC,1776,8073,,,1261,5915,recommend,53628
76,3,64,Nursery,10368,5,not_recom,1,select_coverage,2.0,exact,1776,8073,1261.0,5915.0,1244,5814,not_recom,139776
76,3,64,Nursery,10368,5,not_recom,1,select_coverage,3.0,DAC,2598,11764,,,1798,8428,recommend,78256
76,3,64,Nursery,10368,5,not_recom,1,select_coverage,3.0,exact,2598,11764,1798.0,8428.0,1773,8277,not_recom,200220
76,3,64,Nursery,10368,5,not_recom,1,select_coverage,4.0,DAC,3219,14556,,,2194,10301,recommend,96876
76,3,64,Nursery,10368,5,not_recom,1,select_coverage,4.0,exact,3219,14556,2194.0,10301.0,2168,10145,not_recom,245360
76,3,64,Nursery,10368,5,not_recom,1,select_coverage_CBA_M1,,DAC,620,2797,,,424,1992,priority,18652
76,3,64,Nursery,10368,5,not_recom,1,select_coverage_CBA_M1,,exact,620,2797,424.0,1992.0,414,1933,priority,47280
76,3,64,Nursery,10368,5,not_recom,2,select_coverage,1.0,exact,937,4165,678.0,3105.0,668,3046,not_recom,73848
76,3,64,Nursery,10368,5,not_recom,2,select_coverage,2.0,exact,1774,8063,1259.0,5905.0,1242,5804,not_recom,139560
76,3,64,Nursery,10368,5,not_recom,2,select_coverage,3.0,exact,2598,11765,1798.0,8429.0,1773,8278,not_recom,200232
76,3,64,Nursery,10368,5,not_recom,2,select_coverage,4.0,exact,3220,14562,2195.0,10307.0,2169,10151,not_recom,245480
76,3,64,Nursery,10368,5,not_recom,2,select_coverage_CBA_M1,,exact,649,2917,445.0,2080.0,435,2021,priority,49472
76,3,65,Nursery,10368,5,not_recom,1,select_coverage,1.0,DAC,911,4067,,,640,2948,recommend,27224
76,3,65,Nursery,10368,5,not_recom,1,select_coverage,1.0,exact,911,4067,640.0,2948.0,628,2877,not_recom,70328
76,3,65,Nursery,10368,5,not_recom,1,select_coverage,2.0,DAC,1736,7901,,,1215,5712,recommend,52460
76,3,65,Nursery,10368,5,not_recom,1,select_coverage,2.0,exact,1736,7901,1214.0,5707.0,1188,5552,not_recom,134952
76,3,65,Nursery,10368,5,not_recom,1,select_coverage,3.0,DAC,2524,11405,,,1739,8149,recommend,75932
76,3,65,Nursery,10368,5,not_recom,1,select_coverage,3.0,exact,2524,11405,1739.0,8149.0,1703,7935,not_recom,193468
76,3,65,Nursery,10368,5,not_recom,1,select_coverage,4.0,DAC,3130,14075,,,2120,9884,not_recom,93884
76,3,65,Nursery,10368,5,not_recom,1,select_coverage,4.0,exact,3130,14075,2117.0,9871.0,2077,9633,not_recom,235972
76,3,65,Nursery,10368,5,not_recom,1,select_coverage_CBA_M1,,DAC,661,2997,,,442,2087,priority,19944
76,3,65,Nursery,10368,5,not_recom,1,select_coverage_CBA_M1,,exact,661,2997,442.0,2087.0,431,2020,priority,49672
76,3,65,Nursery,10368,5,not_recom,2,select_coverage,1.0,exact,910,4063,640.0,2948.0,628,2877,not_recom,70312
76,3,65,Nursery,10368,5,not_recom,2,select_coverage,2.0,exact,1738,7912,1216.0,5718.0,1190,5563,not_recom,135180
76,3,65,Nursery,10368,5,not_recom,2,select_coverage,3.0,exact,2524,11406,1739.0,8150.0,1702,7930,not_recom,193456
76,3,65,Nursery,10368,5,not_recom,2,select_coverage,4.0,exact,3133,14093,2120.0,9889.0,2078,9639,not_recom,236284
76,3,65,Nursery,10368,5,not_recom,2,select_coverage_CBA_M1,,exact,656,2977,439.0,2075.0,428,2008,priority,49352
76,3,68,Nursery,10368,5,not_recom,1,select_coverage,1.0,DAC,922,4071,,,672,3055,not_recom,27372
76,3,68,Nursery,10368,5,not_recom,1,select_coverage,1.0,exact,922,4071,672.0,3055.0,668,3030,not_recom,72920
76,3,68,Nursery,10368,5,not_recom,1,select_coverage,2.0,DAC,1775,8051,,,1288,6019,recommend,53528
76,3,68,Nursery,10368,5,not_recom,1,select_coverage,2.0,exact,1775,8051,1288.0,6019.0,1271,5917,not_recom,141812
76,3,68,Nursery,10368,5,not_recom,1,select_coverage,3.0,DAC,2564,11571,,,1835,8568,recommend,77076
76,3,68,Nursery,10368,5,not_recom,1,select_coverage,3.0,exact,2564,11571,1834.0,8563.0,1813,8437,not_recom,202356
76,3,68,Nursery,10368,5,not_recom,1,select_coverage,4.0,DAC,3192,14338,,,2202,10260,not_recom,95680
76,3,68,Nursery,10368,5,not_recom,1,select_coverage,4.0,exact,3192,14338,2201.0,10255.0,2172,10085,not_recom,244400
76,3,68,Nursery,10368,5,not_recom,1,select_coverage_CBA_M1,,DAC,611,2734,,,417,1945,priority,18292
76,3,68,Nursery,10368,5,not_recom,1,select_coverage_CBA_M1,,exact,611,2734,417.0,1945.0,413,1920,priority,46452
76,3,68,Nursery,10368,5,not_recom,2,select_coverage,1.0,exact,924,4082,674.0,3066.0,670,3041,not_recom,73148
76,3,68,Nursery,10368,5,not_recom,2,select_coverage,2.0,exact,1775,8051,1288.0,6019.0,1271,5917,not_recom,141812
76,3,68,Nursery,10368,5,not_recom,2,select_coverage,3.0,exact,2565,11576,1835.0,8568.0,1814,8442,not_recom,202464
76,3,68,Nursery,10368,5,not_recom,2,select_coverage,4.0,exact,3194,14348,2203.0,10265.0,2174,10095,not_recom,244616
76,3,68,Nursery,10368,5,not_recom,2,select_coverage_CBA_M1,,exact,605,2709,412.0,1924.0,408,1899,priority,45944
76,3,74,Nursery,10368,5,not_recom,1,select_coverage,1.0,DAC,940,4159,,,681,3094,recommend,27940
76,3,74,Nursery,10368,5,not_recom,1,select_coverage,1.0,exact,940,4159,681.0,3094.0,675,3060,not_recom,73980
76,3,74,Nursery,10368,5,not_recom,1,select_coverage,2.0,DAC,1808,8220,,,1268,5939,not_recom,54600
76,3,74,Nursery,10368,5,not_recom,1,select_coverage,2.0,exact,1808,8220,1268.0,5939.0,1253,5845,not_recom,140920
76,3,74,Nursery,10368,5,not_recom,1,select_coverage,3.0,DAC,2630,11970,,,1801,8475,not_recom,79464
76,3,74,Nursery,10368,5,not_recom,1,select_coverage,3.0,exact,2630,11970,1801.0,8475.0,1779,8339,not_recom,201624
76,3,74,Nursery,10368,5,not_recom,1,select_coverage,4.0,DAC,3292,14923,,,2239,10506,recommend,99220
76,3,74,Nursery,10368,5,not_recom,1,select_coverage,4.0,exact,3292,14923,2238.0,10502.0,2215,10360,not_recom,250604
76,3,74,Nursery,10368,5,not_recom,1,select_coverage_CBA_M1,,DAC,647,2902,,,435,2026,priority,19396
76,3,74,Nursery,10368,5,not_recom,1,select_coverage_CBA_M1,,exact,647,2902,435.0,2026.0,431,2000,priority,48632
76,3,74,Nursery,10368,5,not_recom,2,select_coverage,1.0,exact,940,4159,681.0,3094.0,675,3060,not_recom,73980
76,3,74,Nursery,10368,5,not_recom,2,select_coverage,2.0,exact,1808,8220,1268.0,5939.0,1253,5845,not_recom,140920
76,3,74,Nursery,10368,5,not_recom,2,select_coverage,3.0,exact,2633,11987,1804.0,8492.0,1782,8356,not_recom,201972
76,3,74,Nursery,10368,5,not_recom,2,select_coverage,4.0,exact,3293,14929,2239.0,10508.0,2216,10366,not_recom,250724
76,3,74,Nursery,10368,5,not_recom,2,select_coverage_CBA_M1,,exact,654,2929,439.0,2041.0,435,2015,priority,49052
76,3,76,Nursery,10368,5,not_recom,1,select_coverage,1.0,DAC,953,4240,,,669,3066,not_recom,28420
76,3,76,Nursery,10368,5,not_recom,1,select_coverage,1.0,exact,953,4240,669.0,3066.0,658,2999,not_recom,73372
76,3,76,Nursery,10368,5,not_recom,1,select_coverage,2.0,DAC,1758,7990,,,1219,5727,recommend,53080
76,3,76,Nursery,10368,5,not_recom,1,select_coverage,2.0,exact,1758,7990,1218.0,5723.0,1191,5555,not_recom,135576
76,3,76,Nursery,10368,5,not_recom,1,select_coverage,3.0,DAC,2589,11739,,,1793,8415,recommend,78048
76,3,76,Nursery,10368,5,not_recom,1,select_coverage,3.0,exact,2589,11739,1791.0,8407.0,1754,8175,not_recom,199292
76,3,76,Nursery,10368,5,not_recom,1,select_coverage,4.0,DAC,3234,14631,,,2218,10415,recommend,97356
76,3,76,Nursery,10368,5,not_recom,1,select_coverage,4.0,exact,3234,14631,2215.0,10403.0,2173,10138,not_recom,247048
76,3,76,Nursery,10368,5,not_recom,1,select_coverage_CBA_M1,,DAC,666,2998,,,440,2060,priority,20008
76,3,76,Nursery,10368,5,not_recom,1,select_coverage_CBA_M1,,exact,666,2998,440.0,2060.0,429,1993,priority,49364
76,3,76,Nursery,10368,5,not_recom,2,select_coverage,1.0,exact,952,4236,668.0,3062.0,657,2995,not_recom,73276
76,3,76,Nursery,10368,5,not_recom,2,select_coverage,2.0,exact,1758,7990,1218.0,5723.0,1191,5555,not_recom,135576
76,3,76,Nursery,10368,5,not_recom,2,select_coverage,3.0,exact,2589,11739,1791.0,8407.0,1754,8175,not_recom,199292
76,3,76,Nursery,10368,5,not_recom,2,select_coverage,4.0,exact,3235,14637,2216.0,10409.0,2173,10138,not_recom,247144
76,3,76,Nursery,10368,5,not_recom,2,select_coverage_CBA_M1,,exact,679,3058,452.0,2116.0,441,2049,priority,50628
76,3,100,Nursery,10368,5,not_recom,1,select_coverage,1.0,DAC,925,4100,,,664,3033,recommend,27524
76,3,100,Nursery,10368,5,not_recom,1,select_coverage,1.0,exact,925,4100,664.0,3033.0,654,2973,not_recom,72336
76,3,100,Nursery,10368,5,not_recom,1,select_coverage,2.0,DAC,1785,8111,,,1269,5946,recommend,53888
76,3,100,Nursery,10368,5,not_recom,1,select_coverage,2.0,exact,1785,8111,1269.0,5946.0,1253,5849,not_recom,140576
76,3,100,Nursery,10368,5,not_recom,1,select_coverage,3.0,DAC,2638,11956,,,1855,8695,recommend,79504
76,3,100,Nursery,10368,5,not_recom,1,select_coverage,3.0,exact,2638,11956,1855.0,8695.0,1829,8530,not_recom,205804
76,3,100,Nursery,10368,5,not_recom,1,select_coverage,4.0,DAC,3259,14729,,,2253,10552,not_recom,98048
76,3,100,Nursery,10368,5,not_recom,1,select_coverage,4.0,exact,3259,14729,2253.0,10552.0,2218,10336,not_recom,250652
76,3,100,Nursery,10368,5,not_recom,1,select_coverage_CBA_M1,,DAC,603,2715,,,408,1913,priority,18120
76,3,100,Nursery,10368,5,not_recom,1,select_coverage_CBA_M1,,exact,603,2715,408.0,1913.0,398,1853,priority,45548
76,3,100,Nursery,10368,5,not_recom,2,select_coverage,1.0,exact,925,4100,664.0,3033.0,654,2973,not_recom,72336
76,3,100,Nursery,10368,5,not_recom,2,select_coverage,2.0,exact,1786,8116,1270.0,5951.0,1254,5854,not_recom,140684
76,3,100,Nursery,10368,5,not_recom,2,select_coverage,3.0,exact,2638,11958,1855.0,8697.0,1829,8532,not_recom,205828
76,3,100,Nursery,10368,5,not_recom,2,select_coverage,4.0,exact,3260,14740,2255.0,10566.0,2220,10350,not_recom,250904
76,3,100,Nursery,10368,5,not_recom,2,select_coverage_CBA_M1,,exact,599,2698,405.0,1900.0,395,1840,priority,45232
76,3,114,Nursery,10368,5,not_recom,1,select_coverage,1.0,DAC,944,4208,,,699,3205,not_recom,28184
76,3,114,Nursery,10368,5,not_recom,1,select_coverage,1.0,exact,944,4208,699.0,3205.0,683,3113,not_recom,75696
76,3,114,Nursery,10368,5,not_recom,1,select_coverage,2.0,DAC,1784,8102,,,1277,5972,recommend,53840
76,3,114,Nursery,10368,5,not_recom,1,select_coverage,2.0,exact,1784,8102,1277.0,5972.0,1253,5826,not_recom,140936
76,3,114,Nursery,10368,5,not_recom,1,select_coverage,3.0,DAC,2600,11767,,,1835,8581,recommend,78292
76,3,114,Nursery,10368,5,not_recom,1,select_coverage,3.0,exact,2600,11767,1834.0,8576.0,1803,8389,not_recom,203000
76,3,114,Nursery,10368,5,not_recom,1,select_coverage,4.0,DAC,3260,14708,,,2261,10552,recommend,97976
76,3,114,Nursery,10368,5,not_recom,1,select_coverage,4.0,exact,3260,14708,2260.0,10547.0,2224,10334,not_recom,250876
76,3,114,Nursery,10368,5,not_recom,1,select_coverage_CBA_M1,,DAC,674,3054,,,473,2227,priority,20328
76,3,114,Nursery,10368,5,not_recom,1,select_coverage_CBA_M1,,exact,674,3054,473.0,2227.0,460,2147,priority,52456
76,3,114,Nursery,10368,5,not_recom,2,select_coverage,1.0,exact,944,4208,699.0,3205.0,683,3113,not_recom,75696
76,3,114,Nursery,10368,5,not_recom,2,select_coverage,2.0,exact,1784,8102,1277.0,5972.0,1253,5826,not_recom,140936
76,3,114,Nursery,10368,5,not_recom,2,select_coverage,3.0,exact,2601,11773,1835.0,8582.0,1804,8395,not_recom,203120
76,3,114,Nursery,10368,5,not_recom,2,select_coverage,4.0,exact,3265,14736,2265.0,10575.0,2228,10356,not_recom,251428
76,3,114,Nursery,10368,5,not_recom,2,select_coverage_CBA_M1,,exact,665,3013,465.0,2190.0,452,2110,priority,51612
76,3,133,Nursery,10368,5,not_recom,1,select_coverage,1.0,DAC,888,3919,,,633,2873,not_recom,26356
76,3,133,Nursery,10368,5,not_recom,1,select_coverage,1.0,exact,888,3919,633.0,2873.0,625,2834,priority,68928
76,3,133,Nursery,10368,5,not_recom,1,select_coverage,2.0,DAC,1723,7815,,,1210,5659,not_recom,51960
76,3,133,Nursery,10368,5,not_recom,1,select_coverage,2.0,exact,1723,7815,1210.0,5659.0,1191,5550,not_recom,134216
76,3,133,Nursery,10368,5,not_recom,1,select_coverage,3.0,DAC,2575,11671,,,1803,8450,not_recom,77608
76,3,133,Nursery,10368,5,not_recom,1,select_coverage,3.0,exact,2575,11671,1803.0,8450.0,1780,8312,not_recom,200316
76,3,133,Nursery,10368,5,not_recom,1,select_coverage,4.0,DAC,3214,14510,,,2218,10376,not_recom,96632
76,3,133,Nursery,10368,5,not_recom,1,select_coverage,4.0,exact,3214,14510,2217.0,10371.0,2190,10213,not_recom,246832
76,3,133,Nursery,10368,5,not_recom,1,select_coverage_CBA_M1,,DAC,600,2692,,,404,1885,priority,17992
76,3,133,Nursery,10368,5,not_recom,1,select_coverage_CBA_M1,,exact,600,2692,404.0,1885.0,399,1858,priority,45172
76,3,133,Nursery,10368,5,not_recom,2,select_coverage,1.0,exact,888,3919,633.0,2873.0,625,2834,priority,68928
76,3,133,Nursery,10368,5,not_recom,2,select_coverage,2.0,exact,1723,7815,1210.0,5659.0,1191,5550,not_recom,134216
76,3,133,Nursery,10368,5,not_recom,2,select_coverage,3.0,exact,2576,11677,1804.0,8456.0,1780,8313,not_recom,200416
76,3,133,Nursery,10368,5,not_recom,2,select_coverage,4.0,exact,3217,14524,2220.0,10385.0,2192,10222,not_recom,247124
76,3,133,Nursery,10368,5,not_recom,2,select_coverage_CBA_M1,,exact,575,2582,382.0,1787.0,377,1760,priority,42892
76,3,138,Nursery,10368,5,not_recom,1,select_coverage,1.0,DAC,926,4128,,,671,3078,not_recom,27648
76,3,138,Nursery,10368,5,not_recom,1,select_coverage,1.0,exact,926,4128,671.0,3078.0,655,2982,not_recom,73000
76,3,138,Nursery,10368,5,not_recom,1,select_coverage,2.0,DAC,1771,8069,,,1247,5874,recommend,53552
76,3,138,Nursery,10368,5,not_recom,1,select_coverage,2.0,exact,1771,8069,1247.0,5874.0,1225,5739,not_recom,138624
76,3,138,Nursery,10368,5,not_recom,1,select_coverage,3.0,DAC,2629,11942,,,1840,8652,not_recom,79340
76,3,138,Nursery,10368,5,not_recom,1,select_coverage,3.0,exact,2629,11942,1840.0,8652.0,1811,8479,not_recom,204652
76,3,138,Nursery,10368,5,not_recom,1,select_coverage,4.0,DAC,3230,14637,,,2208,10388,not_recom,97332
76,3,138,Nursery,10368,5,not_recom,1,select_coverage,4.0,exact,3230,14637,2207.0,10383.0,2175,10191,not_recom,246820
76,3,138,Nursery,10368,5,not_recom,1,select_coverage_CBA_M1,,DAC,656,2957,,,441,2070,priority,19724
76,3,138,Nursery,10368,5,not_recom,1,select_coverage_CBA_M1,,exact,656,2957,441.0,2070.0,427,1982,priority,49244
76,3,138,Nursery,10368,5,not_recom,2,select_coverage,1.0,exact,927,4132,672.0,3082.0,656,2986,not_recom,73096
76,3,138,Nursery,10368,5,not_recom,2,select_coverage,2.0,exact,1772,8074,1248.0,5879.0,1226,5744,not_recom,138732
76,3,138,Nursery,10368,5,not_recom,2,select_coverage,3.0,exact,2630,11948,1841.0,8658.0,1812,8485,not_recom,204772
76,3,138,Nursery,10368,5,not_recom,2,select_coverage,4.0,exact,3233,14652,2209.0,10393.0,2177,10201,not_recom,247056
76,3,138,Nursery,10368,5,not_recom,2,select_coverage_CBA_M1,,exact,664,2995,447.0,2100.0,433,2012,priority,49924
76,3,148,Nursery,10368,5,not_recom,1,select_coverage,1.0,DAC,918,4063,,,686,3121,not_recom,27292
76,3,148,Nursery,10368,5,not_recom,1,select_coverage,1.0,exact,918,4063,686.0,3121.0,673,3047,not_recom,73892
76,3,148,Nursery,10368,5,not_recom,1,select_coverage,2.0,DAC,1775,8043,,,1288,6004,recommend,53496
76,3,148,Nursery,10368,5,not_recom,1,select_coverage,2.0,exact,1775,8043,1288.0,6004.0,1265,5870,not_recom,141532
76,3,148,Nursery,10368,5,not_recom,1,select_coverage,3.0,DAC,2588,11692,,,1821,8516,recommend,77848
76,3,148,Nursery,10368,5,not_recom,1,select_coverage,3.0,exact,2588,11692,1821.0,8516.0,1787,8326,not_recom,201584
76,3,148,Nursery,10368,5,not_recom,1,select_coverage,4.0,DAC,3238,14578,,,2258,10529,recommend,97192
76,3,148,Nursery,10368,5,not_recom,1,select_coverage,4.0,exact,3238,14578,2256.0,10521.0,2219,10312,not_recom,249972
76,3,148,Nursery,10368,5,not_recom,1,select_coverage_CBA_M1,,DAC,648,2904,,,462,2149,priority,19416
76,3,148,Nursery,10368,5,not_recom,1,select_coverage_CBA_M1,,exact,648,2904,462.0,2149.0,452,2089,priority,50784
76,3,148,Nursery,10368,5,not_recom,2,select_coverage,1.0,exact,919,4068,687.0,3126.0,674,3052,not_recom,74000
76,3,148,Nursery,10368,5,not_recom,2,select_coverage,2.0,exact,1775,8043,1288.0,6004.0,1265,5870,not_recom,141532
76,3,148,Nursery,10368,5,not_recom,2,select_coverage,3.0,exact,2590,11704,1823.0,8528.0,1788,8332,not_recom,201800
76,3,148,Nursery,10368,5,not_recom,2,select_coverage,4.0,exact,3241,14595,2257.0,10526.0,2220,10317,not_recom,250128
76,3,148,Nursery,10368,5,not_recom,2,select_coverage_CBA_M1,,exact,645,2891,459.0,2136.0,449,2076,priority,50484
76,4,5,Nursery,10368,5,not_recom,1,select_coverage,1.0,DAC,1122,4983,,,796,3639,recommend,33428
76,4,5,Nursery,10368,5,not_recom,1,select_coverage,1.0,exact,1122,4983,796.0,3639.0,773,3506,not_recom,86760
76,4,5,Nursery,10368,5,not_recom,1,select_coverage,2.0,DAC,2169,9826,,,1495,6994,recommend,65364
76,4,5,Nursery,10368,5,not_recom,1,select_coverage,2.0,exact,2169,9826,1495.0,6994.0,1458,6781,not_recom,166204
76,4,5,Nursery,10368,5,not_recom,1,select_coverage,3.0,DAC,3184,14330,,,2082,9751,recommend,95560
76,4,5,Nursery,10368,5,not_recom,1,select_coverage,3.0,exact,3184,14330,2081.0,9747.0,2031,9459,not_recom,234072
76,4,5,Nursery,10368,5,not_recom,1,select_coverage,4.0,DAC,4043,18128,,,2600,12136,recommend,121060
76,4,5,Nursery,10368,5,not_recom,1,select_coverage,4.0,exact,4043,18128,2598.0,12128.0,2542,11811,not_recom,293012
76,4,5,Nursery,10368,5,not_recom,1,select_coverage_CBA_M1,,DAC,806,3617,,,530,2478,priority,24172
76,4,5,Nursery,10368,5,not_recom,1,select_coverage_CBA_M1,,exact,806,3617,530.0,2478.0,510,2360,priority,59300
76,4,5,Nursery,10368,5,not_recom,2,select_coverage,1.0,exact,1121,4978,795.0,3634.0,772,3501,not_recom,86652
76,4,5,Nursery,10368,5,not_recom,2,select_coverage,2.0,exact,2170,9830,1495.0,6994.0,1458,6781,not_recom,166220
76,4,5,Nursery,10368,5,not_recom,2,select_coverage,3.0,exact,3183,14326,2081.0,9747.0,2031,9459,not_recom,234056
76,4,5,Nursery,10368,5,not_recom,2,select_coverage,4.0,exact,4040,18117,2597.0,12125.0,2541,11808,not_recom,292896
76,4,5,Nursery,10368,5,not_recom,2,select_coverage_CBA_M1,,exact,794,3554,519.0,2421.0,499,2303,priority,58064
76,4,14,Nursery,10368,5,priority,1,select_coverage,1.0,DAC,1107,4919,,,798,3658,priority,32992
76,4,14,Nursery,10368,5,priority,1,select_coverage,1.0,exact,1107,4919,798.0,3658.0,785,3588,priority,87004
76,4,14,Nursery,10368,5,priority,1,select_coverage,2.0,DAC,2132,9668,,,1469,6884,recommend,64288
76,4,14,Nursery,10368,5,priority,1,select_coverage,2.0,exact,2132,9668,1469.0,6884.0,1445,6754,priority,163776
76,4,14,Nursery,10368,5,priority,1,select_coverage,3.0,DAC,3163,14257,,,2108,9872,recommend,95016
76,4,14,Nursery,10368,5,priority,1,select_coverage,3.0,exact,3163,14257,2106.0,9863.0,2073,9680,priority,236328
76,4,14,Nursery,10368,5,priority,1,select_coverage,4.0,DAC,3996,17914,,,2594,12115,recommend,119640
76,4,14,Nursery,10368,5,priority,1,select_coverage,4.0,exact,3996,17914,2590.0,12096.0,2554,11894,priority,291976
76,4,14,Nursery,10368,5,priority,1,select_coverage_CBA_M1,,DAC,794,3557,,,542,2528,priority,23788
76,4,14,Nursery,10368,5,priority,1,select_coverage_CBA_M1,,exact,794,3557,542.0,2528.0,534,2480,priority,60316
76,4,14,Nursery,10368,5,priority,2,select_coverage,1.0,exact,1107,4919,798.0,3658.0,785,3588,priority,87004
76,4,14,Nursery,10368,5,priority,2,select_coverage,2.0,exact,2132,9668,1470.0,6889.0,1446,6759,priority,163864
76,4,14,Nursery,10368,5,priority,2,select_coverage,3.0,exact,3160,14243,2102.0,9844.0,2069,9661,priority,235928
76,4,14,Nursery,10368,5,priority,2,select_coverage,4.0,exact,3998,17925,2591.0,12102.0,2555,11900,priority,292116
76,4,14,Nursery,10368,5,priority,2,select_coverage_CBA_M1,,exact,805,3594,547.0,2543.0,539,2495,priority,60824
76,4,17,Nursery,10368,5,priority,1,select_coverage,1.0,DAC,1114,4888,,,770,3498,recommend,32952
76,4,17,Nursery,10368,5,priority,1,select_coverage,1.0,exact,1114,4888,770.0,3498.0,758,3432,very_recom,84272
76,4,17,Nursery,10368,5,priority,1,select_coverage,2.0,DAC,2131,9568,,,1448,6716,priority,63876
76,4,17,Nursery,10368,5,priority,1,select_coverage,2.0,exact,2131,9568,1448.0,6716.0,1420,6562,priority,160928
76,4,17,Nursery,10368,5,priority,1,select_coverage,3.0,DAC,3164,14129,,,2071,9594,priority,94516
76,4,17,Nursery,10368,5,priority,1,select_coverage,3.0,exact,3164,14129,2071.0,9594.0,2037,9406,priority,231964
76,4,17,Nursery,10368,5,priority,1,select_coverage,4.0,DAC,3968,17665,,,2537,11726,priority,118308
76,4,17,Nursery,10368,5,priority,1,select_coverage,4.0,exact,3968,17665,2537.0,11726.0,2491,11478,priority,285292
76,4,17,Nursery,10368,5,priority,1,select_coverage_CBA_M1,,DAC,801,3544,,,521,2412,priority,23820
76,4,17,Nursery,10368,5,priority,1,select_coverage_CBA_M1,,exact,801,3544,521.0,2412.0,511,2354,priority,58288
76,4,17,Nursery,10368,5,priority,2,select_coverage,1.0,exact,1114,4888,770.0,3498.0,758,3432,very_recom,84272
76,4,17,Nursery,10368,5,priority,2,select_coverage,2.0,exact,2131,9568,1448.0,6716.0,1420,6562,priority,160928
76,4,17,Nursery,10368,5,priority,2,select_coverage,3.0,exact,3164,14131,2070.0,9591.0,2036,9403,priority,231900
76,4,17,Nursery,10368,5,priority,2,select_coverage,4.0,exact,3972,17686,2541.0,11747.0,2495,11499,priority,285736
76,4,17,Nursery,10368,5,priority,2,select_coverage_CBA_M1,,exact,818,3613,536.0,2473.0,526,2415,priority,59772
76,4,19,Nursery,10368,5,not_recom,1,select_coverage,1.0,DAC,1077,4759,,,767,3497,recommend,31992
76,4,19,Nursery,10368,5,not_recom,1,select_coverage,1.0,exact,1077,4759,767.0,3497.0,750,3400,not_recom,83480
76,4,19,Nursery,10368,5,not_recom,1,select_coverage,2.0,DAC,2116,9503,,,1438,6653,recommend,63436
76,4,19,Nursery,10368,5,not_recom,1,select_coverage,2.0,exact,2116,9503,1438.0,6653.0,1410,6495,not_recom,159668
76,4,19,Nursery,10368,5,not_recom,1,select_coverage,3.0,DAC,3148,14100,,,2085,9676,recommend,94208
76,4,19,Nursery,10368,5,not_recom,1,select_coverage,3.0,exact,3148,14100,2085.0,9676.0,2046,9455,not_recom,233044
76,4,19,Nursery,10368,5,not_recom,1,select_coverage,4.0,DAC,4007,17894,,,2587,11993,recommend,119692
76,4,19,Nursery,10368,5,not_recom,1,select_coverage,4.0,exact,4007,17894,2586.0,11988.0,2539,11723,not_recom,290588
76,4,19,Nursery,10368,5,not_recom,1,select_coverage_CBA_M1,,DAC,786,3492,,,521,2414,priority,23432
76,4,19,Nursery,10368,5,not_recom,1,select_coverage_CBA_M1,,exact,786,3492,521.0,2414.0,509,2342,priority,58040
76,4,19,Nursery,10368,5,not_recom,2,select_coverage,1.0,exact,1077,4759,767.0,3497.0,750,3400,not_recom,83480
76,4,19,Nursery,10368,5,not_recom,2,select_coverage,2.0,exact,2116,9503,1438.0,6653.0,1410,6495,not_recom,159668
76,4,19,Nursery,10368,5,not_recom,2,select_coverage,3.0,exact,3149,14105,2086.0,9681.0,2047,9460,not_recom,233152
76,4,19,Nursery,10368,5,not_recom,2,select_coverage,4.0,exact,4011,17915,2590.0,12008.0,2543,11743,not_recom,291024
76,4,19,Nursery,10368,5,not_recom,2,select_coverage_CBA_M1,,exact,769,3408,508.0,2349.0,496,2277,priority,56560
76,4,29,Nursery,10368,5,not_recom,1,select_coverage,1.0,DAC,1109,4914,,,785,3599,recommend,32996
76,4,29,Nursery,10368,5,not_recom,1,select_coverage,1.0,exact,1109,4914,785.0,3599.0,769,3507,not_recom,85800
76,4,29,Nursery,10368,5,not_recom,1,select_coverage,2.0,DAC,2177,9834,,,1508,7029,recommend,65492
76,4,29,Nursery,10368,5,not_recom,1,select_coverage,2.0,exact,2177,9834,1508.0,7029.0,1482,6879,not_recom,167392
76,4,29,Nursery,10368,5,not_recom,1,select_coverage,3.0,DAC,3248,14619,,,2176,10150,recommend,97484
76,4,29,Nursery,10368,5,not_recom,1,select_coverage,3.0,exact,3248,14619,2176.0,10150.0,2139,9938,not_recom,243316
76,4,29,Nursery,10368,5,not_recom,1,select_coverage,4.0,DAC,4125,18546,,,2710,12644,recommend,123716
76,4,29,Nursery,10368,5,not_recom,1,select_coverage,4.0,exact,4125,18546,2709.0,12640.0,2667,12403,not_recom,304428
76,4,29,Nursery,10368,5,not_recom,1,select_coverage_CBA_M1,,DAC,775,3475,,,514,2416,priority,23232
76,4,29,Nursery,10368,5,not_recom,1,select_coverage_CBA_M1,,exact,775,3475,514.0,2416.0,502,2342,priority,57644
76,4,29,Nursery,10368,5,not_recom,2,select_coverage,1.0,exact,1109,4914,785.0,3599.0,769,3507,not_recom,85800
76,4,29,Nursery,10368,5,not_recom,2,select_coverage,2.0,exact,2178,9839,1509.0,7034.0,1483,6884,not_recom,167500
76,4,29,Nursery,10368,5,not_recom,2,select_coverage,3.0,exact,3251,14635,2178.0,10162.0,2141,9950,not_recom,243572
76,4,29,Nursery,10368,5,not_recom,2,select_coverage,4.0,exact,4129,18566,2711.0,12650.0,2669,12413,not_recom,304684
76,4,29,Nursery,10368,5,not_recom,2,select_coverage_CBA_M1,,exact,787,3523,524.0,2456.0,512,2382,priority,58636
76,4,31,Nursery,10368,4,not_recom,1,select_coverage,1.0,DAC,1103,4917,,,763,3499,not_recom,32936
76,4,31,Nursery,10368,4,not_recom,1,select_coverage,1.0,exact,1103,4917,763.0,3499.0,748,3416,not_recom,77880
76,4,31,Nursery,10368,4,not_recom,1,select_coverage,2.0,DAC,2111,9553,,,1414,6598,not_recom,63576
76,4,31,Nursery,10368,4,not_recom,1,select_coverage,2.0,exact,2111,9553,1413.0,6593.0,1390,6464,not_recom,146992
76,4,31,Nursery,10368,4,not_recom,1,select_coverage,3.0,DAC,3154,14146,,,2045,9512,not_recom,94464
76,4,31,Nursery,10368,4,not_recom,1,select_coverage,3.0,exact,3154,14146,2044.0,9507.0,2009,9306,not_recom,213628
76,4,31,Nursery,10368,4,not_recom,1,select_coverage,4.0,DAC,3958,17693,,,2532,11774,not_recom,118300
76,4,31,Nursery,10368,4,not_recom,1,select_coverage,4.0,exact,3958,17693,2531.0,11769.0,2487,11519,not_recom,265196
76,4,31,Nursery,10368,4,not_recom,1,select_coverage_CBA_M1,,DAC,829,3723,,,549,2560,priority,24872
76,4,31,Nursery,10368,4,not_recom,1,select_coverage_CBA_M1,,exact,829,3723,549.0,2560.0,536,2486,priority,57068
76,4,31,Nursery,10368,4,not_recom,2,select_coverage,1.0,exact,1103,4917,763.0,3499.0,748,3416,not_recom,77880
76,4,31,Nursery,10368,4,not_recom,2,select_coverage,2.0,exact,2110,9548,1412.0,6588.0,1389,6459,not_recom,146892
76,4,31,Nursery,10368,4,not_recom,2,select_coverage,3.0,exact,3153,14143,2045.0,9512.0,2010,9311,not_recom,213696
76,4,31,Nursery,10368,4,not_recom,2,select_coverage,4.0,exact,3958,17693,2531.0,11769.0,2487,11519,not_recom,265196
76,4,31,Nursery,10368,4,not_recom,2,select_coverage_CBA_M1,,exact,824,3704,546.0,2549.0,533,2475,priority,56784
76,4,34,Nursery,10368,5,not_recom,1,select_coverage,1.0,DAC,1119,4964,,,786,3586,not_recom,33316
76,4,34,Nursery,10368,5,not_recom,1,select_coverage,1.0,exact,1119,4964,786.0,3586.0,775,3528,not_recom,86080
76,4,34,Nursery,10368,5,not_recom,1,select_coverage,2.0,DAC,2180,9868,,,1490,6949,not_recom,65664
76,4,34,Nursery,10368,5,not_recom,1,select_coverage,2.0,exact,2180,9868,1490.0,6949.0,1469,6833,not_recom,166160
76,4,34,Nursery,10368,5,not_recom,1,select_coverage,3.0,DAC,3283,14810,,,2175,10158,not_recom,98668
76,4,34,Nursery,10368,5,not_recom,1,select_coverage,3.0,exact,3283,14810,2173.0,10150.0,2142,9980,not_recom,244104
76,4,34,Nursery,10368,5,not_recom,1,select_coverage,4.0,DAC,4126,18563,,,2692,12568,recommend,123796
76,4,34,Nursery,10368,5,not_recom,1,select_coverage,4.0,exact,4126,18563,2689.0,12556.0,2651,12350,not_recom,302988
76,4,34,Nursery,10368,5,not_recom,1,select_coverage_CBA_M1,,DAC,795,3552,,,528,2449,priority,23780
76,4,34,Nursery,10368,5,not_recom,1,select_coverage_CBA_M1,,exact,795,3552,528.0,2449.0,522,2413,priority,59040
76,4,34,Nursery,10368,5,not_recom,2,select_coverage,1.0,exact,1119,4964,786.0,3586.0,775,3528,not_recom,86080
76,4,34,Nursery,10368,5,not_recom,2,select_coverage,2.0,exact,2181,9873,1491.0,6954.0,1470,6838,not_recom,166268
76,4,34,Nursery,10368,5,not_recom,2,select_coverage,3.0,exact,3285,14820,2175.0,10160.0,2144,9990,not_recom,244320
76,4,34,Nursery,10368,5,not_recom,2,select_coverage,4.0,exact,4128,18574,2690.0,12563.0,2652,12357,not_recom,303136
76,4,34,Nursery,10368,5,not_recom,2,select_coverage_CBA_M1,,exact,795,3552,528.0,2449.0,522,2413,priority,59040
76,4,42,Nursery,10368,4,not_recom,1,select_coverage,1.0,DAC,1073,4738,,,763,3489,not_recom,31860
76,4,42,Nursery,10368,4,not_recom,1,select_coverage,1.0,exact,1073,4738,763.0,3489.0,750,3420,not_recom,77140
76,4,42,Nursery,10368,4,not_recom,1,select_coverage,2.0,DAC,2118,9574,,,1442,6762,not_recom,63744
76,4,42,Nursery,10368,4,not_recom,1,select_coverage,2.0,exact,2118,9574,1442.0,6762.0,1416,6618,not_recom,149528
76,4,42,Nursery,10368,4,not_recom,1,select_coverage,3.0,DAC,3169,14258,,,2074,9719,not_recom,95092
76,4,42,Nursery,10368,4,not_recom,1,select_coverage,3.0,exact,3169,14258,2073.0,9714.0,2043,9550,not_recom,217040
76,4,42,Nursery,10368,4,not_recom,1,select_coverage,4.0,DAC,3984,17849,,,2572,12013,not_recom,119236
76,4,42,Nursery,10368,4,not_recom,1,select_coverage,4.0,exact,3984,17849,2567.0,11992.0,2529,11792,not_recom,269244
76,4,42,Nursery,10368,4,not_recom,1,select_coverage_CBA_M1,,DAC,755,3341,,,504,2335,priority,22456
76,4,42,Nursery,10368,4,not_recom,1,select_coverage_CBA_M1,,exact,755,3341,504.0,2335.0,495,2284,priority,52032
76,4,42,Nursery,10368,4,not_recom,2,select_coverage,1.0,exact,1074,4742,763.0,3489.0,750,3420,not_recom,77156
76,4,42,Nursery,10368,4,not_recom,2,select_coverage,2.0,exact,2119,9579,1443.0,6767.0,1417,6623,not_recom,149628
76,4,42,Nursery,10368,4,not_recom,2,select_coverage,3.0,exact,3168,14253,2073.0,9713.0,2043,9549,not_recom,217012
76,4,42,Nursery,10368,4,not_recom,2,select_coverage,4.0,exact,3984,17851,2567.0,11992.0,2529,11792,not_recom,269252
76,4,42,Nursery,10368,4,not_recom,2,select_coverage_CBA_M1,,exact,753,3333,503.0,2331.0,494,2280,priority,51928
76,4,49,Nursery,10368,5,not_recom,1,select_coverage,1.0,DAC,1075,4724,,,737,3343,recommend,31828
76,4,49,Nursery,10368,5,not_recom,1,select_coverage,1.0,exact,1075,4724,737.0,3343.0,719,3247,priority,80672
76,4,49,Nursery,10368,5,not_recom,1,select_coverage,2.0,DAC,2110,9471,,,1452,6720,not_recom,63236
76,4,49,Nursery,10368,5,not_recom,1,select_coverage,2.0,exact,2110,9471,1452.0,6720.0,1426,6584,not_recom,160836
76,4,49,Nursery,10368,5,not_recom,1,select_coverage,3.0,DAC,3167,14134,,,2096,9688,not_recom,94572
76,4,49,Nursery,10368,5,not_recom,1,select_coverage,3.0,exact,3167,14134,2096.0,9688.0,2059,9492,not_recom,233904
76,4,49,Nursery,10368,5,not_recom,1,select_coverage,4.0,DAC,4017,17900,,,2580,11948,recommend,119836
76,4,49,Nursery,10368,5,not_recom,1,select_coverage,4.0,exact,4017,17900,2576.0,11932.0,2532,11701,not_recom,289820
76,4,49,Nursery,10368,5,not_recom,1,select_coverage_CBA_M1,,DAC,777,3442,,,500,2310,priority,23124
76,4,49,Nursery,10368,5,not_recom,1,select_coverage_CBA_M1,,exact,777,3442,500.0,2310.0,486,2230,priority,55968
76,4,49,Nursery,10368,5,not_recom,2,select_coverage,1.0,exact,1075,4724,737.0,3343.0,719,3247,priority,80672
76,4,49,Nursery,10368,5,not_recom,2,select_coverage,2.0,exact,2110,9471,1452.0,6720.0,1426,6584,not_recom,160836
76,4,49,Nursery,10368,5,not_recom,2,select_coverage,3.0,exact,3168,14140,2097.0,9694.0,2060,9498,not_recom,234024
76,4,49,Nursery,10368,5,not_recom,2,select_coverage,4.0,exact,4017,17902,2576.0,11934.0,2533,11707,not_recom,289860
76,4,49,Nursery,10368,5,not_recom,2,select_coverage_CBA_M1,,exact,779,3452,500.0,2312.0,486,2232,priority,56024
76,4,63,Nursery,10368,5,not_recom,1,select_coverage,1.0,DAC,1099,4860,,,747,3421,not_recom,32660
76,4,63,Nursery,10368,5,not_recom,1,select_coverage,1.0,exact,1099,4860,747.0,3421.0,734,3352,not_recom,82428
76,4,63,Nursery,10368,5,not_recom,1,select_coverage,2.0,DAC,2145,9640,,,1448,6725,recommend,64332
76,4,63,Nursery,10368,5,not_recom,1,select_coverage,2.0,exact,2145,9640,1447.0,6720.0,1423,6594,not_recom,161312
76,4,63,Nursery,10368,5,not_recom,1,select_coverage,3.0,DAC,3187,14264,,,2087,9695,recommend,95332
76,4,63,Nursery,10368,5,not_recom,1,select_coverage,3.0,exact,3187,14264,2085.0,9685.0,2050,9496,not_recom,233900
76,4,63,Nursery,10368,5,not_recom,1,select_coverage,4.0,DAC,3987,17769,,,2560,11854,not_recom,118952
76,4,63,Nursery,10368,5,not_recom,1,select_coverage,4.0,exact,3987,17769,2559.0,11849.0,2518,11630,not_recom,287864
76,4,63,Nursery,10368,5,not_recom,1,select_coverage_CBA_M1,,DAC,788,3504,,,501,2327,priority,23504
76,4,63,Nursery,10368,5,not_recom,1,select_coverage_CBA_M1,,exact,788,3504,501.0,2327.0,490,2266,priority,56476
76,4,63,Nursery,10368,5,not_recom,2,select_coverage,1.0,exact,1099,4860,747.0,3421.0,734,3352,not_recom,82428
76,4,63,Nursery,10368,5,not_recom,2,select_coverage,2.0,exact,2147,9649,1448.0,6725.0,1424,6599,not_recom,161436
76,4,63,Nursery,10368,5,not_recom,2,select_coverage,3.0,exact,3187,14265,2086.0,9690.0,2051,9501,not_recom,233992
76,4,63,Nursery,10368,5,not_recom,2,select_coverage,4.0,exact,3988,17774,2560.0,11854.0,2518,11630,not_recom,287952
76,4,63,Nursery,10368,5,not_recom,2,select_coverage_CBA_M1,,exact,796,3535,508.0,2354.0,497,2293,priority,57152
76,4,64,Nursery,10368,5,not_recom,1,select_coverage,1.0,DAC,1107,4885,,,759,3468,recommend,32856
76,4,64,Nursery,10368,5,not_recom,1,select_coverage,1.0,exact,1107,4885,759.0,3468.0,751,3426,not_recom,83588
76,4,64,Nursery,10368,5,not_recom,1,select_coverage,2.0,DAC,2165,9708,,,1437,6667,not_recom,64844
76,4,64,Nursery,10368,5,not_recom,1,select_coverage,2.0,exact,2165,9708,1437.0,6667.0,1417,6555,not_recom,160736
76,4,64,Nursery,10368,5,not_recom,1,select_coverage,3.0,DAC,3206,14337,,,2081,9670,recommend,95852
76,4,64,Nursery,10368,5,not_recom,1,select_coverage,3.0,exact,3206,14337,2080.0,9666.0,2055,9520,not_recom,233972
76,4,64,Nursery,10368,5,not_recom,1,select_coverage,4.0,DAC,4047,18090,,,2584,12017,not_recom,120956
76,4,64,Nursery,10368,5,not_recom,1,select_coverage,4.0,exact,4047,18090,2583.0,12013.0,2545,11795,not_recom,291616
76,4,64,Nursery,10368,5,not_recom,1,select_coverage_CBA_M1,,DAC,828,3668,,,537,2489,priority,24640
76,4,64,Nursery,10368,5,not_recom,1,select_coverage_CBA_M1,,exact,828,3668,537.0,2489.0,531,2455,priority,60264
76,4,64,Nursery,10368,5,not_recom,2,select_coverage,1.0,exact,1107,4885,759.0,3468.0,751,3426,not_recom,83588
76,4,64,Nursery,10368,5,not_recom,2,select_coverage,2.0,exact,2164,9704,1436.0,6663.0,1416,6551,not_recom,160640
76,4,64,Nursery,10368,5,not_recom,2,select_coverage,3.0,exact,3210,14357,2083.0,9680.0,2057,9529,not_recom,234288
76,4,64,Nursery,10368,5,not_recom,2,select_coverage,4.0,exact,4051,18112,2586.0,12030.0,2547,11807,not_recom,291964
76,4,64,Nursery,10368,5,not_recom,2,select_coverage_CBA_M1,,exact,839,3717,543.0,2516.0,537,2482,priority,60964
76,4,65,Nursery,10368,5,not_recom,1,select_coverage,1.0,DAC,1089,4805,,,751,3437,recommend,32320
76,4,65,Nursery,10368,5,not_recom,1,select_coverage,1.0,exact,1089,4805,751.0,3437.0,736,3351,not_recom,82460
76,4,65,Nursery,10368,5,not_recom,1,select_coverage,2.0,DAC,2122,9506,,,1406,6527,not_recom,63520
76,4,65,Nursery,10368,5,not_recom,1,select_coverage,2.0,exact,2122,9506,1405.0,6522.0,1380,6381,not_recom,157116
76,4,65,Nursery,10368,5,not_recom,1,select_coverage,3.0,DAC,3118,13894,,,2015,9336,recommend,93024
76,4,65,Nursery,10368,5,not_recom,1,select_coverage,3.0,exact,3118,13894,2014.0,9332.0,1979,9136,not_recom,226160
76,4,65,Nursery,10368,5,not_recom,1,select_coverage,4.0,DAC,3960,17591,,,2511,11597,recommend,117916
76,4,65,Nursery,10368,5,not_recom,1,select_coverage,4.0,exact,3960,17591,2509.0,11589.0,2465,11352,not_recom,282600
76,4,65,Nursery,10368,5,not_recom,1,select_coverage_CBA_M1,,DAC,805,3566,,,518,2403,priority,23956
76,4,65,Nursery,10368,5,not_recom,1,select_coverage_CBA_M1,,exact,805,3566,518.0,2403.0,508,2339,priority,58136
76,4,65,Nursery,10368,5,not_recom,2,select_coverage,1.0,exact,1089,4805,751.0,3437.0,736,3351,not_recom,82460
76,4,65,Nursery,10368,5,not_recom,2,select_coverage,2.0,exact,2122,9506,1405.0,6522.0,1380,6381,not_recom,157116
76,4,65,Nursery,10368,5,not_recom,2,select_coverage,3.0,exact,3118,13895,2015.0,9337.0,1980,9141,not_recom,226252
76,4,65,Nursery,10368,5,not_recom,2,select_coverage,4.0,exact,3961,17597,2511.0,11599.0,2467,11362,not_recom,282800
76,4,65,Nursery,10368,5,not_recom,2,select_coverage_CBA_M1,,exact,791,3508,504.0,2345.0,494,2281,priority,56768
76,4,68,Nursery,10368,5,not_recom,1,select_coverage,1.0,DAC,1098,4802,,,759,3447,recommend,32416
76,4,68,Nursery,10368,5,not_recom,1,select_coverage,1.0,exact,1098,4802,759.0,3447.0,745,3372,not_recom,82956
76,4,68,Nursery,10368,5,not_recom,1,select_coverage,2.0,DAC,2131,9542,,,1437,6668,recommend,63772
76,4,68,Nursery,10368,5,not_recom,1,select_coverage,2.0,exact,2131,9542,1436.0,6663.0,1415,6548,not_recom,159980
76,4,68,Nursery,10368,5,not_recom,1,select_coverage,3.0,DAC,3163,14104,,,2088,9667,recommend,94404
76,4,68,Nursery,10368,5,not_recom,1,select_coverage,3.0,exact,3163,14104,2087.0,9662.0,2059,9507,not_recom,233308
76,4,68,Nursery,10368,5,not_recom,1,select_coverage,4.0,DAC,3988,17715,,,2552,11799,recommend,118748
76,4,68,Nursery,10368,5,not_recom,1,select_coverage,4.0,exact,3988,17715,2549.0,11784.0,2508,11559,not_recom,286624
76,4,68,Nursery,10368,5,not_recom,1,select_coverage_CBA_M1,,DAC,798,3500,,,524,2409,priority,23608
76,4,68,Nursery,10368,5,not_recom,1,select_coverage_CBA_M1,,exact,798,3500,524.0,2409.0,514,2351,priority,58232
76,4,68,Nursery,10368,5,not_recom,2,select_coverage,1.0,exact,1098,4802,759.0,3447.0,745,3372,not_recom,82956
76,4,68,Nursery,10368,5,not_recom,2,select_coverage,2.0,exact,2131,9542,1436.0,6663.0,1415,6548,not_recom,159980
76,4,68,Nursery,10368,5,not_recom,2,select_coverage,3.0,exact,3168,14129,2092.0,9687.0,2061,9516,not_recom,233784
76,4,68,Nursery,10368,5,not_recom,2,select_coverage,4.0,exact,3989,17720,2549.0,11785.0,2506,11549,not_recom,286608
76,4,68,Nursery,10368,5,not_recom,2,select_coverage_CBA_M1,,exact,796,3492,522.0,2401.0,512,2343,priority,58040
76,4,74,Nursery,10368,5,not_recom,1,select_coverage,1.0,DAC,1076,4739,,,742,3378,recommend,31900
76,4,74,Nursery,10368,5,not_recom,1,select_coverage,1.0,exact,1076,4739,742.0,3378.0,732,3322,not_recom,81412
76,4,74,Nursery,10368,5,not_recom,1,select_coverage,2.0,DAC,2139,9642,,,1444,6731,recommend,64268
76,4,74,Nursery,10368,5,not_recom,1,select_coverage,2.0,exact,2139,9642,1444.0,6731.0,1419,6584,not_recom,161180
76,4,74,Nursery,10368,5,not_recom,1,select_coverage,3.0,DAC,3160,14174,,,2075,9677,recommend,94648
76,4,74,Nursery,10368,5,not_recom,1,select_coverage,3.0,exact,3160,14174,2074.0,9672.0,2043,9491,not_recom,232940
76,4,74,Nursery,10368,5,not_recom,1,select_coverage,4.0,DAC,3990,17834,,,2558,11908,recommend,119248
76,4,74,Nursery,10368,5,not_recom,1,select_coverage,4.0,exact,3990,17834,2556.0,11899.0,2520,11689,not_recom,288416
76,4,74,Nursery,10368,5,not_recom,1,select_coverage_CBA_M1,,DAC,799,3542,,,520,2409,priority,23788
76,4,74,Nursery,10368,5,not_recom,1,select_coverage_CBA_M1,,exact,799,3542,520.0,2409.0,512,2361,priority,58248
76,4,74,Nursery,10368,5,not_recom,2,select_coverage,1.0,exact,1075,4735,741.0,3374.0,731,3318,not_recom,81316
76,4,74,Nursery,10368,5,not_recom,2,select_coverage,2.0,exact,2139,9643,1444.0,6732.0,1419,6585,not_recom,161192
76,4,74,Nursery,10368,5,not_recom,2,select_coverage,3.0,exact,3163,14190,2077.0,9688.0,2046,9507,not_recom,233276
76,4,74,Nursery,10368,5,not_recom,2,select_coverage,4.0,exact,3987,17820,2554.0,11889.0,2519,11684,not_recom,288204
76,4,74,Nursery,10368,5,not_recom,2,select_coverage_CBA_M1,,exact,792,3512,515.0,2387.0,507,2339,priority,57712
76,4,76,Nursery,10368,5,not_recom,1,select_coverage,1.0,DAC,1094,4838,,,759,3453,recommend,32512
76,4,76,Nursery,10368,5,not_recom,1,select_coverage,1.0,exact,1094,4838,759.0,3453.0,745,3370,not_recom,83116
76,4,76,Nursery,10368,5,not_recom,1,select_coverage,2.0,DAC,2111,9514,,,1443,6701,not_recom,63420
76,4,76,Nursery,10368,5,not_recom,1,select_coverage,2.0,exact,2111,9514,1443.0,6701.0,1414,6527,not_recom,160272
76,4,76,Nursery,10368,5,not_recom,1,select_coverage,3.0,DAC,3155,14178,,,2063,9626,recommend,94604
76,4,76,Nursery,10368,5,not_recom,1,select_coverage,3.0,exact,3155,14178,2062.0,9621.0,2020,9366,not_recom,231676
76,4,76,Nursery,10368,5,not_recom,1,select_coverage,4.0,DAC,4017,18016,,,2559,11944,recommend,120300
76,4,76,Nursery,10368,5,not_recom,1,select_coverage,4.0,exact,4017,18016,2556.0,11931.0,2505,11625,not_recom,289016
76,4,76,Nursery,10368,5,not_recom,1,select_coverage_CBA_M1,,DAC,848,3762,,,559,2568,priority,25256
76,4,76,Nursery,10368,5,not_recom,1,select_coverage_CBA_M1,,exact,848,3762,559.0,2568.0,546,2489,priority,62148
76,4,76,Nursery,10368,5,not_recom,2,select_coverage,1.0,exact,1094,4838,759.0,3453.0,745,3370,not_recom,83116
76,4,76,Nursery,10368,5,not_recom,2,select_coverage,2.0,exact,2111,9514,1443.0,6701.0,1414,6527,not_recom,160272
76,4,76,Nursery,10368,5,not_recom,2,select_coverage,3.0,exact,3158,14194,2064.0,9631.0,2022,9376,not_recom,231916
76,4,76,Nursery,10368,5,not_recom,2,select_coverage,4.0,exact,4019,18029,2559.0,11948.0,2508,11642,not_recom,289348
76,4,76,Nursery,10368,5,not_recom,2,select_coverage_CBA_M1,,exact,842,3735,553.0,2541.0,540,2462,priority,61536
76,4,100,Nursery,10368,5,not_recom,1,select_coverage,1.0,DAC,1112,4893,,,777,3532,recommend,32948
76,4,100,Nursery,10368,5,not_recom,1,select_coverage,1.0,exact,1112,4893,777.0,3532.0,766,3471,not_recom,84920
76,4,100,Nursery,10368,5,not_recom,1,select_coverage,2.0,DAC,2150,9661,,,1447,6726,recommend,64476
76,4,100,Nursery,10368,5,not_recom,1,select_coverage,2.0,exact,2150,9661,1447.0,6726.0,1416,6547,not_recom,161232
76,4,100,Nursery,10368,5,not_recom,1,select_coverage,3.0,DAC,3193,14273,,,2096,9735,recommend,95440
76,4,100,Nursery,10368,5,not_recom,1,select_coverage,3.0,exact,3193,14273,2096.0,9735.0,2055,9498,not_recom,234672
76,4,100,Nursery,10368,5,not_recom,1,select_coverage,4.0,DAC,4007,17866,,,2577,11966,recommend,119580
76,4,100,Nursery,10368,5,not_recom,1,select_coverage,4.0,exact,4007,17866,2575.0,11956.0,2527,11678,not_recom,289640
76,4,100,Nursery,10368,5,not_recom,1,select_coverage_CBA_M1,,DAC,776,3433,,,507,2343,priority,23076
76,4,100,Nursery,10368,5,not_recom,1,select_coverage_CBA_M1,,exact,776,3433,507.0,2343.0,497,2287,priority,56628
76,4,100,Nursery,10368,5,not_recom,2,select_coverage,1.0,exact,1113,4898,777.0,3533.0,766,3472,not_recom,84948
76,4,100,Nursery,10368,5,not_recom,2,select_coverage,2.0,exact,2149,9657,1447.0,6726.0,1416,6547,not_recom,161216
76,4,100,Nursery,10368,5,not_recom,2,select_coverage,3.0,exact,3194,14280,2097.0,9742.0,2056,9505,not_recom,234804
76,4,100,Nursery,10368,5,not_recom,2,select_coverage,4.0,exact,4012,17891,2579.0,11976.0,2531,11698,not_recom,290092
76,4,100,Nursery,10368,5,not_recom,2,select_coverage_CBA_M1,,exact,773,3417,504.0,2328.0,494,2272,priority,56300
76,4,114,Nursery,10368,5,not_recom,1,select_coverage,1.0,DAC,1124,4947,,,805,3658,recommend,33308
76,4,114,Nursery,10368,5,not_recom,1,select_coverage,1.0,exact,1124,4947,805.0,3658.0,789,3574,not_recom,87396
76,4,114,Nursery,10368,5,not_recom,1,select_coverage,2.0,DAC,2169,9752,,,1484,6891,recommend,65068
76,4,114,Nursery,10368,5,not_recom,1,select_coverage,2.0,exact,2169,9752,1483.0,6887.0,1452,6716,not_recom,164644
76,4,114,Nursery,10368,5,not_recom,1,select_coverage,3.0,DAC,3209,14380,,,2123,9852,recommend,96060
76,4,114,Nursery,10368,5,not_recom,1,select_coverage,3.0,exact,3209,14380,2121.0,9844.0,2073,9578,not_recom,237056
76,4,114,Nursery,10368,5,not_recom,1,select_coverage,4.0,DAC,4057,18149,,,2622,12171,recommend,121312
76,4,114,Nursery,10368,5,not_recom,1,select_coverage,4.0,exact,4057,18149,2618.0,12153.0,2563,11846,not_recom,294296
76,4,114,Nursery,10368,5,not_recom,1,select_coverage_CBA_M1,,DAC,814,3604,,,548,2531,priority,24216
76,4,114,Nursery,10368,5,not_recom,1,select_coverage_CBA_M1,,exact,814,3604,548.0,2531.0,539,2476,priority,60788
76,4,114,Nursery,10368,5,not_recom,2,select_coverage,1.0,exact,1124,4947,805.0,3658.0,789,3574,not_recom,87396
76,4,114,Nursery,10368,5,not_recom,2,select_coverage,2.0,exact,2170,9756,1483.0,6887.0,1452,6716,not_recom,164660
76,4,114,Nursery,10368,5,not_recom,2,select_coverage,3.0,exact,3210,14386,2123.0,9854.0,2075,9588,not_recom,237256
76,4,114,Nursery,10368,5,not_recom,2,select_coverage,4.0,exact,4059,18163,2619.0,12162.0,2564,11855,not_recom,294472
76,4,114,Nursery,10368,5,not_recom,2,select_coverage_CBA_M1,,exact,810,3588,546.0,2523.0,537,2468,priority,60564
76,4,133,Nursery,10368,5,not_recom,1,select_coverage,1.0,DAC,1079,4735,,,735,3348,recommend,31920
76,4,133,Nursery,10368,5,not_recom,1,select_coverage,1.0,exact,1079,4735,735.0,3348.0,720,3269,not_recom,80728
76,4,133,Nursery,10368,5,not_recom,1,select_coverage,2.0,DAC,2097,9433,,,1416,6574,not_recom,62928
76,4,133,Nursery,10368,5,not_recom,1,select_coverage,2.0,exact,2097,9433,1416.0,6574.0,1383,6395,not_recom,157616
76,4,133,Nursery,10368,5,not_recom,1,select_coverage,3.0,DAC,3141,14066,,,2056,9552,not_recom,93988
76,4,133,Nursery,10368,5,not_recom,1,select_coverage,3.0,exact,3141,14066,2056.0,9552.0,2012,9319,not_recom,230476
76,4,133,Nursery,10368,5,not_recom,1,select_coverage,4.0,DAC,3972,17702,,,2529,11734,not_recom,118504
76,4,133,Nursery,10368,5,not_recom,1,select_coverage,4.0,exact,3972,17702,2527.0,11726.0,2478,11467,not_recom,284916
76,4,133,Nursery,10368,5,not_recom,1,select_coverage_CBA_M1,,DAC,744,3292,,,472,2196,priority,22128
76,4,133,Nursery,10368,5,not_recom,1,select_coverage_CBA_M1,,exact,744,3292,472.0,2196.0,463,2143,priority,53220
76,4,133,Nursery,10368,5,not_recom,2,select_coverage,1.0,exact,1079,4735,735.0,3348.0,720,3269,not_recom,80728
76,4,133,Nursery,10368,5,not_recom,2,select_coverage,2.0,exact,2097,9435,1416.0,6576.0,1383,6397,not_recom,157640
76,4,133,Nursery,10368,5,not_recom,2,select_coverage,3.0,exact,3143,14078,2057.0,9559.0,2013,9326,not_recom,230628
76,4,133,Nursery,10368,5,not_recom,2,select_coverage,4.0,exact,3977,17729,2531.0,11748.0,2482,11489,not_recom,285392
76,4,133,Nursery,10368,5,not_recom,2,select_coverage_CBA_M1,,exact,764,3375,486.0,2255.0,477,2202,priority,54696
76,4,138,Nursery,10368,5,not_recom,1,select_coverage,1.0,DAC,1113,4929,,,777,3559,recommend,33104
76,4,138,Nursery,10368,5,not_recom,1,select_coverage,1.0,exact,1113,4929,777.0,3559.0,759,3461,not_recom,85132
76,4,138,Nursery,10368,5,not_recom,1,select_coverage,2.0,DAC,2167,9770,,,1454,6775,recommend,65116
76,4,138,Nursery,10368,5,not_recom,1,select_coverage,2.0,exact,2167,9770,1454.0,6775.0,1426,6630,not_recom,162532
76,4,138,Nursery,10368,5,not_recom,1,select_coverage,3.0,DAC,3166,14192,,,2046,9546,recommend,94792
76,4,138,Nursery,10368,5,not_recom,1,select_coverage,3.0,exact,3166,14192,2045.0,9541.0,2006,9335,not_recom,230472
76,4,138,Nursery,10368,5,not_recom,1,select_coverage,4.0,DAC,3999,17881,,,2549,11863,recommend,119544
76,4,138,Nursery,10368,5,not_recom,1,select_coverage,4.0,exact,3999,17881,2547.0,11854.0,2502,11616,not_recom,287700
76,4,138,Nursery,10368,5,not_recom,1,select_coverage_CBA_M1,,DAC,793,3542,,,516,2410,priority,23716
76,4,138,Nursery,10368,5,not_recom,1,select_coverage_CBA_M1,,exact,793,3542,516.0,2410.0,502,2328,priority,57928
76,4,138,Nursery,10368,5,not_recom,2,select_coverage,1.0,exact,1112,4925,777.0,3559.0,759,3461,not_recom,85116
76,4,138,Nursery,10368,5,not_recom,2,select_coverage,2.0,exact,2166,9765,1453.0,6770.0,1425,6625,not_recom,162424
76,4,138,Nursery,10368,5,not_recom,2,select_coverage,3.0,exact,3167,14196,2045.0,9541.0,2006,9335,not_recom,230488
76,4,138,Nursery,10368,5,not_recom,2,select_coverage,4.0,exact,3998,17881,2546.0,11852.0,2501,11614,not_recom,287636
76,4,138,Nursery,10368,5,not_recom,2,select_coverage_CBA_M1,,exact,767,3422,491.0,2295.0,477,2213,priority,55328
76,4,148,Nursery,10368,5,not_recom,1,select_coverage,1.0,DAC,1087,4789,,,768,3508,recommend,32232
76,4,148,Nursery,10368,5,not_recom,1,select_coverage,1.0,exact,1087,4789,768.0,3508.0,753,3428,not_recom,83804
76,4,148,Nursery,10368,5,not_recom,1,select_coverage,2.0,DAC,2146,9655,,,1483,6897,recommend,64404
76,4,148,Nursery,10368,5,not_recom,1,select_coverage,2.0,exact,2146,9655,1482.0,6893.0,1449,6717,not_recom,164236
76,4,148,Nursery,10368,5,not_recom,1,select_coverage,3.0,DAC,3188,14250,,,2132,9881,recommend,95288
76,4,148,Nursery,10368,5,not_recom,1,select_coverage,3.0,exact,3188,14250,2131.0,9877.0,2085,9626,not_recom,237340
76,4,148,Nursery,10368,5,not_recom,1,select_coverage,4.0,DAC,4052,18087,,,2637,12244,recommend,121004
76,4,148,Nursery,10368,5,not_recom,1,select_coverage,4.0,exact,4052,18087,2634.0,12230.0,2579,11931,not_recom,295464
76,4,148,Nursery,10368,5,not_recom,1,select_coverage_CBA_M1,,DAC,808,3569,,,533,2465,priority,24004
76,4,148,Nursery,10368,5,not_recom,1,select_coverage_CBA_M1,,exact,808,3569,533.0,2465.0,521,2397,priority,59348
76,4,148,Nursery,10368,5,not_recom,2,select_coverage,1.0,exact,1087,4789,768.0,3508.0,753,3428,not_recom,83804
76,4,148,Nursery,10368,5,not_recom,2,select_coverage,2.0,exact,2146,9656,1482.0,6894.0,1448,6713,not_recom,164228
76,4,148,Nursery,10368,5,not_recom,2,select_coverage,3.0,exact,3184,14234,2129.0,9869.0,2083,9618,not_recom,237116
76,4,148,Nursery,10368,5,not_recom,2,select_coverage,4.0,exact,4055,18102,2637.0,12245.0,2582,11946,not_recom,295788
76,4,148,Nursery,10368,5,not_recom,2,select_coverage_CBA_M1,,exact,807,3561,534.0,2466.0,522,2398,priority,59372
76,5,5,Nursery,10368,5,not_recom,1,select_coverage,1.0,DAC,1272,5620,,,869,3976,recommend,37784
76,5,5,Nursery,10368,5,not_recom,1,select_coverage,1.0,exact,1272,5620,868.0,3971.0,850,3875,not_recom,95568
76,5,5,Nursery,10368,5,not_recom,1,select_coverage,2.0,DAC,2523,11406,,,1664,7790,recommend,75940
76,5,5,Nursery,10368,5,not_recom,1,select_coverage,2.0,exact,2523,11406,1662.0,7780.0,1624,7569,not_recom,186836
76,5,5,Nursery,10368,5,not_recom,1,select_coverage,3.0,DAC,3786,17052,,,2411,11283,recommend,113680
76,5,5,Nursery,10368,5,not_recom,1,select_coverage,3.0,exact,3786,17052,2408.0,11269.0,2347,10938,not_recom,272660
76,5,5,Nursery,10368,5,not_recom,1,select_coverage,4.0,DAC,4917,22102,,,3057,14321,recommend,147452
76,5,5,Nursery,10368,5,not_recom,1,select_coverage,4.0,exact,4917,22102,3050.0,14287.0,2972,13870,not_recom,347476
76,5,5,Nursery,10368,5,not_recom,1,select_coverage_CBA_M1,,DAC,975,4329,,,635,2943,priority,29056
76,5,5,Nursery,10368,5,not_recom,1,select_coverage_CBA_M1,,exact,975,4329,634.0,2938.0,621,2864,priority,70996
76,5,5,Nursery,10368,5,not_recom,2,select_coverage,1.0,exact,1272,5620,868.0,3971.0,850,3875,not_recom,95568
76,5,5,Nursery,10368,5,not_recom,2,select_coverage,2.0,exact,2523,11407,1663.0,7785.0,1625,7574,not_recom,186928
76,5,5,Nursery,10368,5,not_recom,2,select_coverage,3.0,exact,3787,17058,2409.0,11275.0,2348,10944,not_recom,272780
76,5,5,Nursery,10368,5,not_recom,2,select_coverage,4.0,exact,4917,22105,3050.0,14290.0,2972,13873,not_recom,347512
76,5,5,Nursery,10368,5,not_recom,2,select_coverage_CBA_M1,,exact,949,4201,613.0,2835.0,600,2761,priority,68652
76,5,14,Nursery,10368,5,priority,1,select_coverage,1.0,DAC,1258,5546,,,870,3961,priority,37320
76,5,14,Nursery,10368,5,priority,1,select_coverage,1.0,exact,1258,5546,869.0,3955.0,852,3863,priority,95208
76,5,14,Nursery,10368,5,priority,1,select_coverage,2.0,DAC,2501,11279,,,1664,7753,priority,75168
76,5,14,Nursery,10368,5,priority,1,select_coverage,2.0,exact,2501,11279,1661.0,7737.0,1625,7550,priority,186032
76,5,14,Nursery,10368,5,priority,1,select_coverage,3.0,DAC,3784,17043,,,2411,11283,priority,113620
76,5,14,Nursery,10368,5,priority,1,select_coverage,3.0,exact,3784,17043,2405.0,11253.0,2357,11009,priority,272700
76,5,14,Nursery,10368,5,priority,1,select_coverage,4.0,DAC,4851,21769,,,3022,14119,recommend,145328
76,5,14,Nursery,10368,5,priority,1,select_coverage,4.0,exact,4851,21769,3013.0,14074.0,2955,13780,priority,343156
76,5,14,Nursery,10368,5,priority,1,select_coverage_CBA_M1,,DAC,964,4242,,,622,2849,priority,28576
76,5,14,Nursery,10368,5,priority,1,select_coverage_CBA_M1,,exact,964,4242,621.0,2843.0,611,2781,priority,69312
76,5,14,Nursery,10368,5,priority,2,select_coverage,1.0,exact,1256,5537,867.0,3946.0,850,3854,priority,95004
76,5,14,Nursery,10368,5,priority,2,select_coverage,2.0,exact,2502,11286,1662.0,7744.0,1626,7557,priority,186164
76,5,14,Nursery,10368,5,priority,2,select_coverage,3.0,exact,3783,17039,2404.0,11249.0,2356,11005,priority,272604
76,5,14,Nursery,10368,5,priority,2,select_coverage,4.0,exact,4850,21763,3011.0,14064.0,2953,13770,priority,342956
76,5,14,Nursery,10368,5,priority,2,select_coverage_CBA_M1,,exact,954,4197,614.0,2811.0,604,2749,priority,68540
76,5,17,Nursery,10368,5,priority,1,select_coverage,1.0,DAC,1263,5600,,,859,3960,recommend,37596
76,5,17,Nursery,10368,5,priority,1,select_coverage,1.0,exact,1263,5600,859.0,3960.0,834,3826,priority,94816
76,5,17,Nursery,10368,5,priority,1,select_coverage,2.0,DAC,2511,11295,,,1642,7644,recommend,75352
76,5,17,Nursery,10368,5,priority,1,select_coverage,2.0,exact,2511,11295,1642.0,7644.0,1600,7424,priority,184308
76,5,17,Nursery,10368,5,priority,1,select_coverage,3.0,DAC,3777,16920,,,2372,11038,recommend,113044
76,5,17,Nursery,10368,5,priority,1,select_coverage,3.0,exact,3777,16920,2370.0,11029.0,2307,10703,priority,268408
76,5,17,Nursery,10368,5,priority,1,select_coverage,4.0,DAC,4853,21717,,,3006,13978,recommend,145144
76,5,17,Nursery,10368,5,priority,1,select_coverage,4.0,exact,4853,21717,3003.0,13964.0,2922,13552,priority,341116
76,5,17,Nursery,10368,5,priority,1,select_coverage_CBA_M1,,DAC,994,4416,,,649,3027,priority,29632
76,5,17,Nursery,10368,5,priority,1,select_coverage_CBA_M1,,exact,994,4416,649.0,3027.0,630,2919,priority,72640
76,5,17,Nursery,10368,5,priority,2,select_coverage,1.0,exact,1263,5600,859.0,3960.0,834,3826,priority,94816
76,5,17,Nursery,10368,5,priority,2,select_coverage,2.0,exact,2513,11306,1644.0,7655.0,1602,7435,priority,184536
76,5,17,Nursery,10368,5,priority,2,select_coverage,3.0,exact,3777,16923,2371.0,11035.0,2308,10709,priority,268516
76,5,17,Nursery,10368,5,priority,2,select_coverage,4.0,exact,4853,21720,3006.0,13979.0,2925,13567,priority,341392
76,5,17,Nursery,10368,5,priority,2,select_coverage_CBA_M1,,exact,980,4351,637.0,2973.0,618,2865,priority,71372
76,5,19,Nursery,10368,5,not_recom,1,select_coverage,1.0,DAC,1226,5384,,,842,3836,recommend,36288
76,5,19,Nursery,10368,5,not_recom,1,select_coverage,1.0,exact,1226,5384,842.0,3836.0,820,3722,not_recom,92224
76,5,19,Nursery,10368,5,not_recom,1,select_coverage,2.0,DAC,2497,11216,,,1653,7697,not_recom,74868
76,5,19,Nursery,10368,5,not_recom,1,select_coverage,2.0,exact,2497,11216,1652.0,7692.0,1616,7498,not_recom,184960
76,5,19,Nursery,10368,5,not_recom,1,select_coverage,3.0,DAC,3790,17026,,,2432,11355,recommend,113624
76,5,19,Nursery,10368,5,not_recom,1,select_coverage,3.0,exact,3790,17026,2425.0,11323.0,2374,11053,not_recom,274048
76,5,19,Nursery,10368,5,not_recom,1,select_coverage,4.0,DAC,4862,21778,,,3039,14155,not_recom,145496
76,5,19,Nursery,10368,5,not_recom,1,select_coverage,4.0,exact,4862,21778,3033.0,14128.0,2970,13794,not_recom,344424
76,5,19,Nursery,10368,5,not_recom,1,select_coverage_CBA_M1,,DAC,959,4222,,,616,2842,priority,28436
76,5,19,Nursery,10368,5,not_recom,1,select_coverage_CBA_M1,,exact,959,4222,616.0,2842.0,604,2772,priority,68952
76,5,19,Nursery,10368,5,not_recom,2,select_coverage,1.0,exact,1225,5380,841.0,3832.0,819,3718,not_recom,92128
76,5,19,Nursery,10368,5,not_recom,2,select_coverage,2.0,exact,2496,11214,1652.0,7694.0,1616,7500,not_recom,184968
76,5,19,Nursery,10368,5,not_recom,2,select_coverage,3.0,exact,3791,17033,2425.0,11325.0,2373,11050,not_recom,274072
76,5,19,Nursery,10368,5,not_recom,2,select_coverage,4.0,exact,4865,21794,3036.0,14144.0,2972,13805,not_recom,344740
76,5,19,Nursery,10368,5,not_recom,2,select_coverage_CBA_M1,,exact,919,4027,579.0,2660.0,567,2590,priority,64940
76,5,29,Nursery,10368,5,not_recom,1,select_coverage,1.0,DAC,1256,5577,,,856,3957,not_recom,37420
76,5,29,Nursery,10368,5,not_recom,1,select_coverage,1.0,exact,1256,5577,856.0,3957.0,837,3847,not_recom,94652
76,5,29,Nursery,10368,5,not_recom,1,select_coverage,2.0,DAC,2512,11337,,,1683,7886,recommend,75532
76,5,29,Nursery,10368,5,not_recom,1,select_coverage,2.0,exact,2512,11337,1682.0,7882.0,1645,7680,not_recom,188372
76,5,29,Nursery,10368,5,not_recom,1,select_coverage,3.0,DAC,3795,17040,,,2433,11379,recommend,113740
76,5,29,Nursery,10368,5,not_recom,1,select_coverage,3.0,exact,3795,17040,2428.0,11358.0,2372,11058,not_recom,274408
76,5,29,Nursery,10368,5,not_recom,1,select_coverage,4.0,DAC,4883,21874,,,3066,14310,recommend,146132
76,5,29,Nursery,10368,5,not_recom,1,select_coverage,4.0,exact,4883,21874,3061.0,14289.0,2992,13928,not_recom,347332
76,5,29,Nursery,10368,5,not_recom,1,select_coverage_CBA_M1,,DAC,1001,4437,,,646,3003,priority,29800
76,5,29,Nursery,10368,5,not_recom,1,select_coverage_CBA_M1,,exact,1001,4437,646.0,3003.0,631,2911,priority,72452
76,5,29,Nursery,10368,5,not_recom,2,select_coverage,1.0,exact,1256,5577,856.0,3957.0,837,3847,not_recom,94652
76,5,29,Nursery,10368,5,not_recom,2,select_coverage,2.0,exact,2511,11332,1681.0,7877.0,1645,7680,not_recom,188284
76,5,29,Nursery,10368,5,not_recom,2,select_coverage,3.0,exact,3796,17045,2429.0,11363.0,2373,11063,not_recom,274516
76,5,29,Nursery,10368,5,not_recom,2,select_coverage,4.0,exact,4887,21896,3062.0,14296.0,2993,13935,not_recom,347524
76,5,29,Nursery,10368,5,not_recom,2,select_coverage_CBA_M1,,exact,977,4330,626.0,2915.0,611,2823,priority,70360
76,5,31,Nursery,10368,4,not_recom,1,select_coverage,1.0,DAC,1254,5572,,,858,3948,not_recom,37376
76,5,31,Nursery,10368,4,not_recom,1,select_coverage,1.0,exact,1254,5572,858.0,3948.0,838,3847,not_recom,87820
76,5,31,Nursery,10368,4,not_recom,1,select_coverage,2.0,DAC,2505,11327,,,1659,7767,not_recom,75408
76,5,31,Nursery,10368,4,not_recom,1,select_coverage,2.0,exact,2505,11327,1659.0,7767.0,1622,7576,not_recom,173072
76,5,31,Nursery,10368,4,not_recom,1,select_coverage,3.0,DAC,3773,16972,,,2413,11266,not_recom,113204
76,5,31,Nursery,10368,4,not_recom,1,select_coverage,3.0,exact,3773,16972,2412.0,11262.0,2360,11003,not_recom,253460
76,5,31,Nursery,10368,4,not_recom,1,select_coverage,4.0,DAC,4820,21630,,,3007,14053,not_recom,144400
76,5,31,Nursery,10368,4,not_recom,1,select_coverage,4.0,exact,4820,21630,3001.0,14028.0,2935,13699,not_recom,317500
76,5,31,Nursery,10368,4,not_recom,1,select_coverage_CBA_M1,,DAC,1016,4535,,,667,3108,priority,30372
76,5,31,Nursery,10368,4,not_recom,1,select_coverage_CBA_M1,,exact,1016,4535,667.0,3108.0,654,3040,priority,69444
76,5,31,Nursery,10368,4,not_recom,2,select_coverage,1.0,exact,1253,5568,857.0,3944.0,837,3843,not_recom,87732
76,5,31,Nursery,10368,4,not_recom,2,select_coverage,2.0,exact,2505,11327,1659.0,7767.0,1622,7576,not_recom,173072
76,5,31,Nursery,10368,4,not_recom,2,select_coverage,3.0,exact,3775,16981,2412.0,11262.0,2360,11003,not_recom,253496
76,5,31,Nursery,10368,4,not_recom,2,select_coverage,4.0,exact,4823,21646,3002.0,14034.0,2936,13705,not_recom,317652
76,5,31,Nursery,10368,4,not_recom,2,select_coverage_CBA_M1,,exact,1000,4463,654.0,3049.0,641,2981,priority,68164
76,5,34,Nursery,10368,5,not_recom,1,select_coverage,1.0,DAC,1244,5473,,,861,3931,recommend,36860
76,5,34,Nursery,10368,5,not_recom,1,select_coverage,1.0,exact,1244,5473,861.0,3931.0,839,3819,not_recom,94260
76,5,34,Nursery,10368,5,not_recom,1,select_coverage,2.0,DAC,2507,11286,,,1674,7812,very_recom,75268
76,5,34,Nursery,10368,5,not_recom,1,select_coverage,2.0,exact,2507,11286,1674.0,7812.0,1640,7636,not_recom,187328
76,5,34,Nursery,10368,5,not_recom,1,select_coverage,3.0,DAC,3819,17150,,,2436,11389,very_recom,114468
76,5,34,Nursery,10368,5,not_recom,1,select_coverage,3.0,exact,3819,17150,2434.0,11379.0,2383,11120,not_recom,275468
76,5,34,Nursery,10368,5,not_recom,1,select_coverage,4.0,DAC,4836,21712,,,3010,14081,very_recom,144920
76,5,34,Nursery,10368,5,not_recom,1,select_coverage,4.0,exact,4836,21712,3002.0,14044.0,2939,13730,not_recom,342080
76,5,34,Nursery,10368,5,not_recom,1,select_coverage_CBA_M1,,DAC,974,4285,,,641,2952,priority,28868
76,5,34,Nursery,10368,5,not_recom,1,select_coverage_CBA_M1,,exact,974,4285,641.0,2952.0,630,2889,priority,71312
76,5,34,Nursery,10368,5,not_recom,2,select_coverage,1.0,exact,1244,5473,861.0,3931.0,839,3819,not_recom,94260
76,5,34,Nursery,10368,5,not_recom,2,select_coverage,2.0,exact,2510,11305,1676.0,7826.0,1642,7650,not_recom,187612
76,5,34,Nursery,10368,5,not_recom,2,select_coverage,3.0,exact,3826,17186,2440.0,11410.0,2389,11151,not_recom,276148
76,5,34,Nursery,10368,5,not_recom,2,select_coverage,4.0,exact,4844,21754,3009.0,14080.0,2945,13761,not_recom,342852
76,5,34,Nursery,10368,5,not_recom,2,select_coverage_CBA_M1,,exact,947,4155,619.0,2846.0,608,2783,priority,68888
76,5,42,Nursery,10368,4,not_recom,1,select_coverage,1.0,DAC,1243,5479,,,844,3877,not_recom,36872
76,5,42,Nursery,10368,4,not_recom,1,select_coverage,1.0,exact,1243,5479,844.0,3877.0,825,3774,not_recom,86312
76,5,42,Nursery,10368,4,not_recom,1,select_coverage,2.0,DAC,2495,11246,,,1683,7865,not_recom,74964
76,5,42,Nursery,10368,4,not_recom,1,select_coverage,2.0,exact,2495,11246,1683.0,7865.0,1649,7689,not_recom,174552
76,5,42,Nursery,10368,4,not_recom,1,select_coverage,3.0,DAC,3805,17131,,,2480,11611,not_recom,114224
76,5,42,Nursery,10368,4,not_recom,1,select_coverage,3.0,exact,3805,17131,2478.0,11602.0,2423,11317,not_recom,259352
76,5,42,Nursery,10368,4,not_recom,1,select_coverage,4.0,DAC,4878,21937,,,3085,14440,not_recom,146324
76,5,42,Nursery,10368,4,not_recom,1,select_coverage,4.0,exact,4878,21937,3081.0,14422.0,3013,14072,not_recom,324996
76,5,42,Nursery,10368,4,not_recom,1,select_coverage_CBA_M1,,DAC,944,4157,,,605,2802,priority,27996
76,5,42,Nursery,10368,4,not_recom,1,select_coverage_CBA_M1,,exact,944,4157,605.0,2802.0,590,2718,priority,62940
76,5,42,Nursery,10368,4,not_recom,2,select_coverage,1.0,exact,1243,5479,844.0,3877.0,825,3774,not_recom,86312
76,5,42,Nursery,10368,4,not_recom,2,select_coverage,2.0,exact,2494,11242,1682.0,7861.0,1648,7685,not_recom,174464
76,5,42,Nursery,10368,4,not_recom,2,select_coverage,3.0,exact,3804,17126,2477.0,11597.0,2422,11312,not_recom,259252
76,5,42,Nursery,10368,4,not_recom,2,select_coverage,4.0,exact,4880,21946,3082.0,14427.0,3013,14072,not_recom,325092
76,5,42,Nursery,10368,4,not_recom,2,select_coverage_CBA_M1,,exact,911,3994,580.0,2677.0,565,2593,priority,60288
76,5,49,Nursery,10368,5,not_recom,1,select_coverage,1.0,DAC,1230,5418,,,849,3876,recommend,36472
76,5,49,Nursery,10368,5,not_recom,1,select_coverage,1.0,exact,1230,5418,847.0,3866.0,821,3731,not_recom,92756
76,5,49,Nursery,10368,5,not_recom,1,select_coverage,2.0,DAC,2531,11386,,,1682,7825,recommend,75956
76,5,49,Nursery,10368,5,not_recom,1,select_coverage,2.0,exact,2531,11386,1680.0,7815.0,1639,7599,not_recom,187880
76,5,49,Nursery,10368,5,not_recom,1,select_coverage,3.0,DAC,3855,17280,,,2451,11408,not_recom,115420
76,5,49,Nursery,10368,5,not_recom,1,select_coverage,3.0,exact,3855,17280,2447.0,11388.0,2391,11094,not_recom,276544
76,5,49,Nursery,10368,5,not_recom,1,select_coverage,4.0,DAC,4918,22021,,,3054,14219,not_recom,147140
76,5,49,Nursery,10368,5,not_recom,1,select_coverage,4.0,exact,4918,22021,3046.0,14180.0,2977,13822,not_recom,346340
76,5,49,Nursery,10368,5,not_recom,1,select_coverage_CBA_M1,,DAC,959,4242,,,627,2898,priority,28516
76,5,49,Nursery,10368,5,not_recom,1,select_coverage_CBA_M1,,exact,959,4242,626.0,2893.0,608,2795,priority,69808
76,5,49,Nursery,10368,5,not_recom,2,select_coverage,1.0,exact,1230,5418,847.0,3866.0,821,3731,not_recom,92756
76,5,49,Nursery,10368,5,not_recom,2,select_coverage,2.0,exact,2531,11388,1680.0,7816.0,1639,7600,not_recom,187896
76,5,49,Nursery,10368,5,not_recom,2,select_coverage,3.0,exact,3856,17285,2447.0,11389.0,2391,11095,not_recom,276572
76,5,49,Nursery,10368,5,not_recom,2,select_coverage,4.0,exact,4921,22036,3048.0,14190.0,2979,13832,not_recom,346576
76,5,49,Nursery,10368,5,not_recom,2,select_coverage_CBA_M1,,exact,923,4074,597.0,2758.0,579,2660,priority,66664
76,5,63,Nursery,10368,5,not_recom,1,select_coverage,1.0,DAC,1247,5496,,,857,3905,not_recom,36988
76,5,63,Nursery,10368,5,not_recom,1,select_coverage,1.0,exact,1247,5496,857.0,3905.0,835,3793,not_recom,93952
76,5,63,Nursery,10368,5,not_recom,1,select_coverage,2.0,DAC,2554,11538,,,1717,8018,not_recom,76840
76,5,63,Nursery,10368,5,not_recom,1,select_coverage,2.0,exact,2554,11538,1716.0,8013.0,1674,7791,not_recom,191776
76,5,63,Nursery,10368,5,not_recom,1,select_coverage,3.0,DAC,3809,17093,,,2450,11416,not_recom,114120
76,5,63,Nursery,10368,5,not_recom,1,select_coverage,3.0,exact,3809,17093,2449.0,11411.0,2396,11133,not_recom,276140
76,5,63,Nursery,10368,5,not_recom,1,select_coverage,4.0,DAC,4887,21915,,,3081,14355,not_recom,146344
76,5,63,Nursery,10368,5,not_recom,1,select_coverage,4.0,exact,4887,21915,3078.0,14341.0,3014,14009,not_recom,348844
76,5,63,Nursery,10368,5,not_recom,1,select_coverage_CBA_M1,,DAC,1014,4469,,,662,3035,priority,30084
76,5,63,Nursery,10368,5,not_recom,1,select_coverage_CBA_M1,,exact,1014,4469,662.0,3035.0,646,2949,priority,73628
76,5,63,Nursery,10368,5,not_recom,2,select_coverage,1.0,exact,1245,5488,855.0,3897.0,835,3793,not_recom,93792
76,5,63,Nursery,10368,5,not_recom,2,select_coverage,2.0,exact,2553,11534,1715.0,8009.0,1674,7791,not_recom,191696
76,5,63,Nursery,10368,5,not_recom,2,select_coverage,3.0,exact,3810,17098,2450.0,11416.0,2397,11138,not_recom,276248
76,5,63,Nursery,10368,5,not_recom,2,select_coverage,4.0,exact,4888,21922,3077.0,14339.0,3012,14002,not_recom,348788
76,5,63,Nursery,10368,5,not_recom,2,select_coverage_CBA_M1,,exact,1026,4522,670.0,3072.0,654,2986,priority,74520
76,5,64,Nursery,10368,5,not_recom,1,select_coverage,1.0,DAC,1284,5677,,,873,4031,recommend,38156
76,5,64,Nursery,10368,5,not_recom,1,select_coverage,1.0,exact,1284,5677,872.0,4026.0,854,3935,not_recom,96448
76,5,64,Nursery,10368,5,not_recom,1,select_coverage,2.0,DAC,2520,11327,,,1655,7730,recommend,75588
76,5,64,Nursery,10368,5,not_recom,1,select_coverage,2.0,exact,2520,11327,1654.0,7725.0,1617,7530,not_recom,185760
76,5,64,Nursery,10368,5,not_recom,1,select_coverage,3.0,DAC,3823,17176,,,2409,11261,recommend,114620
76,5,64,Nursery,10368,5,not_recom,1,select_coverage,3.0,exact,3823,17176,2405.0,11241.0,2357,10988,not_recom,273100
76,5,64,Nursery,10368,5,not_recom,1,select_coverage,4.0,DAC,4904,22023,,,3025,14145,recommend,146980
76,5,64,Nursery,10368,5,not_recom,1,select_coverage,4.0,exact,4904,22023,3017.0,14105.0,2959,13804,not_recom,344584
76,5,64,Nursery,10368,5,not_recom,1,select_coverage_CBA_M1,,DAC,1024,4529,,,664,3095,priority,30444
76,5,64,Nursery,10368,5,not_recom,1,select_coverage_CBA_M1,,exact,1024,4529,664.0,3095.0,653,3033,priority,74540
76,5,64,Nursery,10368,5,not_recom,2,select_coverage,1.0,exact,1283,5673,871.0,4022.0,853,3931,not_recom,96352
76,5,64,Nursery,10368,5,not_recom,2,select_coverage,2.0,exact,2521,11331,1655.0,7729.0,1618,7534,not_recom,185856
76,5,64,Nursery,10368,5,not_recom,2,select_coverage,3.0,exact,3824,17182,2404.0,11238.0,2356,10985,not_recom,273052
76,5,64,Nursery,10368,5,not_recom,2,select_coverage,4.0,exact,4907,22041,3019.0,14119.0,2961,13817,not_recom,344860
76,5,64,Nursery,10368,5,not_recom,2,select_coverage_CBA_M1,,exact,1000,4412,643.0,2992.0,632,2930,priority,72240
76,5,65,Nursery,10368,5,not_recom,1,select_coverage,1.0,DAC,1248,5505,,,851,3891,recommend,37036
76,5,65,Nursery,10368,5,not_recom,1,select_coverage,1.0,exact,1248,5505,851.0,3891.0,836,3817,not_recom,93740
76,5,65,Nursery,10368,5,not_recom,1,select_coverage,2.0,DAC,2526,11364,,,1646,7664,very_recom,75808
76,5,65,Nursery,10368,5,not_recom,1,select_coverage,2.0,exact,2526,11364,1646.0,7664.0,1616,7516,not_recom,185224
76,5,65,Nursery,10368,5,not_recom,1,select_coverage,3.0,DAC,3756,16852,,,2384,11123,not_recom,112520
76,5,65,Nursery,10368,5,not_recom,1,select_coverage,3.0,exact,3756,16852,2381.0,11111.0,2334,10869,not_recom,269656
76,5,65,Nursery,10368,5,not_recom,1,select_coverage,4.0,DAC,4845,21717,,,2992,13981,recommend,145048
76,5,65,Nursery,10368,5,not_recom,1,select_coverage,4.0,exact,4845,21717,2985.0,13951.0,2920,13619,not_recom,340468
76,5,65,Nursery,10368,5,not_recom,1,select_coverage_CBA_M1,,DAC,970,4272,,,618,2846,priority,28768
76,5,65,Nursery,10368,5,not_recom,1,select_coverage_CBA_M1,,exact,970,4272,618.0,2846.0,611,2807,priority,69404
76,5,65,Nursery,10368,5,not_recom,2,select_coverage,1.0,exact,1248,5505,851.0,3891.0,836,3817,not_recom,93740
76,5,65,Nursery,10368,5,not_recom,2,select_coverage,2.0,exact,2528,11375,1647.0,7670.0,1616,7516,not_recom,185340
76,5,65,Nursery,10368,5,not_recom,2,select_coverage,3.0,exact,3756,16854,2381.0,11112.0,2335,10874,not_recom,269688
76,5,65,Nursery,10368,5,not_recom,2,select_coverage,4.0,exact,4846,21724,2986.0,13957.0,2921,13625,not_recom,340592
76,5,65,Nursery,10368,5,not_recom,2,select_coverage_CBA_M1,,exact,966,4257,616.0,2839.0,609,2800,priority,69192
76,5,68,Nursery,10368,5,not_recom,1,select_coverage,1.0,DAC,1254,5536,,,865,3968,recommend,37232
76,5,68,Nursery,10368,5,not_recom,1,select_coverage,1.0,exact,1254,5536,865.0,3968.0,841,3842,not_recom,94944
76,5,68,Nursery,10368,5,not_recom,1,select_coverage,2.0,DAC,2510,11272,,,1688,7841,recommend,75248
76,5,68,Nursery,10368,5,not_recom,1,select_coverage,2.0,exact,2510,11272,1687.0,7836.0,1647,7620,not_recom,187928
76,5,68,Nursery,10368,5,not_recom,1,select_coverage,3.0,DAC,3780,16904,,,2456,11409,not_recom,113016
76,5,68,Nursery,10368,5,not_recom,1,select_coverage,3.0,exact,3780,16904,2454.0,11399.0,2401,11115,not_recom,275504
76,5,68,Nursery,10368,5,not_recom,1,select_coverage,4.0,DAC,4839,21637,,,3056,14203,not_recom,144656
76,5,68,Nursery,10368,5,not_recom,1,select_coverage,4.0,exact,4839,21637,3052.0,14184.0,2973,13764,not_recom,344876
76,5,68,Nursery,10368,5,not_recom,1,select_coverage_CBA_M1,,DAC,969,4291,,,633,2942,priority,28832
76,5,68,Nursery,10368,5,not_recom,1,select_coverage_CBA_M1,,exact,969,4291,633.0,2942.0,615,2841,priority,70720
76,5,68,Nursery,10368,5,not_recom,2,select_coverage,1.0,exact,1254,5536,865.0,3968.0,841,3842,not_recom,94944
76,5,68,Nursery,10368,5,not_recom,2,select_coverage,2.0,exact,2512,11281,1688.0,7841.0,1648,7625,not_recom,188052
76,5,68,Nursery,10368,5,not_recom,2,select_coverage,3.0,exact,3780,16904,2455.0,11404.0,2402,11120,not_recom,275592
76,5,68,Nursery,10368,5,not_recom,2,select_coverage,4.0,exact,4845,21668,3056.0,14206.0,2977,13786,not_recom,345368
76,5,68,Nursery,10368,5,not_recom,2,select_coverage_CBA_M1,,exact,946,4185,612.0,2846.0,594,2745,priority,68520
76,5,74,Nursery,10368,5,not_recom,1,select_coverage,1.0,DAC,1280,5620,,,862,3939,not_recom,37880
76,5,74,Nursery,10368,5,not_recom,1,select_coverage,1.0,exact,1280,5620,861.0,3934.0,849,3870,not_recom,95064
76,5,74,Nursery,10368,5,not_recom,1,select_coverage,2.0,DAC,2527,11383,,,1678,7845,not_recom,75896
76,5,74,Nursery,10368,5,not_recom,1,select_coverage,2.0,exact,2527,11383,1677.0,7840.0,1646,7668,not_recom,188100
76,5,74,Nursery,10368,5,not_recom,1,select_coverage,3.0,DAC,3824,17134,,,2428,11342,not_recom,114464
76,5,74,Nursery,10368,5,not_recom,1,select_coverage,3.0,exact,3824,17134,2427.0,11337.0,2379,11079,not_recom,274736
76,5,74,Nursery,10368,5,not_recom,1,select_coverage,4.0,DAC,4923,22041,,,3067,14321,not_recom,147280
76,5,74,Nursery,10368,5,not_recom,1,select_coverage,4.0,exact,4923,22041,3064.0,14306.0,3007,14004,not_recom,348516
76,5,74,Nursery,10368,5,not_recom,1,select_coverage_CBA_M1,,DAC,1008,4440,,,645,2980,priority,29896
76,5,74,Nursery,10368,5,not_recom,1,select_coverage_CBA_M1,,exact,1008,4440,644.0,2975.0,635,2924,spec_prior,72308
76,5,74,Nursery,10368,5,not_recom,2,select_coverage,1.0,exact,1280,5620,861.0,3934.0,849,3870,not_recom,95064
76,5,74,Nursery,10368,5,not_recom,2,select_coverage,2.0,exact,2526,11379,1675.0,7832.0,1644,7660,not_recom,187924
76,5,74,Nursery,10368,5,not_recom,2,select_coverage,3.0,exact,3824,17135,2426.0,11333.0,2378,11075,not_recom,274660
76,5,74,Nursery,10368,5,not_recom,2,select_coverage,4.0,exact,4926,22059,3068.0,14327.0,3010,14020,not_recom,348928
76,5,74,Nursery,10368,5,not_recom,2,select_coverage_CBA_M1,,exact,976,4285,616.0,2839.0,607,2788,priority,69256
76,5,76,Nursery,10368,5,not_recom,1,select_coverage,1.0,DAC,1268,5640,,,863,3999,recommend,37816
76,5,76,Nursery,10368,5,not_recom,1,select_coverage,1.0,exact,1268,5640,862.0,3993.0,845,3901,priority,95552
76,5,76,Nursery,10368,5,not_recom,1,select_coverage,2.0,DAC,2513,11367,,,1634,7664,recommend,75664
76,5,76,Nursery,10368,5,not_recom,1,select_coverage,2.0,exact,2513,11367,1631.0,7648.0,1591,7422,not_recom,184076
76,5,76,Nursery,10368,5,not_recom,1,select_coverage,3.0,DAC,3754,16891,,,2340,10957,recommend,112652
76,5,76,Nursery,10368,5,not_recom,1,select_coverage,3.0,exact,3754,16891,2337.0,10941.0,2278,10609,not_recom,265980
76,5,76,Nursery,10368,5,not_recom,1,select_coverage,4.0,DAC,4818,21646,,,2923,13685,recommend,144440
76,5,76,Nursery,10368,5,not_recom,1,select_coverage,4.0,exact,4818,21646,2918.0,13660.0,2846,13265,not_recom,334388
76,5,76,Nursery,10368,5,not_recom,1,select_coverage_CBA_M1,,DAC,1016,4516,,,652,3043,priority,30296
76,5,76,Nursery,10368,5,not_recom,1,select_coverage_CBA_M1,,exact,1016,4516,651.0,3037.0,639,2967,priority,73368
76,5,76,Nursery,10368,5,not_recom,2,select_coverage,1.0,exact,1268,5640,862.0,3993.0,845,3901,priority,95552
76,5,76,Nursery,10368,5,not_recom,2,select_coverage,2.0,exact,2514,11373,1631.0,7648.0,1591,7422,not_recom,184100
76,5,76,Nursery,10368,5,not_recom,2,select_coverage,3.0,exact,3752,16885,2335.0,10934.0,2276,10602,not_recom,265804
76,5,76,Nursery,10368,5,not_recom,2,select_coverage,4.0,exact,4816,21640,2917.0,13658.0,2846,13267,not_recom,334316
76,5,76,Nursery,10368,5,not_recom,2,select_coverage_CBA_M1,,exact,989,4389,631.0,2943.0,619,2873,priority,71148
76,5,100,Nursery,10368,5,not_recom,1,select_coverage,1.0,DAC,1248,5510,,,863,3956,recommend,37056
76,5,100,Nursery,10368,5,not_recom,1,select_coverage,1.0,exact,1248,5510,863.0,3956.0,837,3823,not_recom,94620
76,5,100,Nursery,10368,5,not_recom,1,select_coverage,2.0,DAC,2567,11558,,,1679,7826,recommend,77076
76,5,100,Nursery,10368,5,not_recom,1,select_coverage,2.0,exact,2567,11558,1678.0,7821.0,1630,7567,not_recom,188368
76,5,100,Nursery,10368,5,not_recom,1,select_coverage,3.0,DAC,3821,17157,,,2434,11360,recommend,114520
76,5,100,Nursery,10368,5,not_recom,1,select_coverage,3.0,exact,3821,17157,2432.0,11350.0,2374,11042,not_recom,274972
76,5,100,Nursery,10368,5,not_recom,1,select_coverage,4.0,DAC,4885,21916,,,3034,14157,recommend,146324
76,5,100,Nursery,10368,5,not_recom,1,select_coverage,4.0,exact,4885,21916,3030.0,14139.0,2957,13757,not_recom,344728
76,5,100,Nursery,10368,5,not_recom,1,select_coverage_CBA_M1,,DAC,936,4143,,,612,2839,priority,27844
76,5,100,Nursery,10368,5,not_recom,1,select_coverage_CBA_M1,,exact,936,4143,612.0,2839.0,595,2747,priority,68332
76,5,100,Nursery,10368,5,not_recom,2,select_coverage,1.0,exact,1248,5510,863.0,3956.0,837,3823,not_recom,94620
76,5,100,Nursery,10368,5,not_recom,2,select_coverage,2.0,exact,2566,11553,1676.0,7812.0,1628,7558,not_recom,188180
76,5,100,Nursery,10368,5,not_recom,2,select_coverage,3.0,exact,3825,17178,2436.0,11370.0,2377,11057,not_recom,275388
76,5,100,Nursery,10368,5,not_recom,2,select_coverage,4.0,exact,4887,21928,3031.0,14146.0,2958,13764,not_recom,344880
76,5,100,Nursery,10368,5,not_recom,2,select_coverage_CBA_M1,,exact,871,3824,562.0,2593.0,545,2501,priority,62688
76,5,114,Nursery,10368,5,not_recom,1,select_coverage,1.0,DAC,1267,5557,,,855,3899,recommend,37472
76,5,114,Nursery,10368,5,not_recom,1,select_coverage,1.0,exact,1267,5557,854.0,3895.0,830,3768,not_recom,93912
76,5,114,Nursery,10368,5,not_recom,1,select_coverage,2.0,DAC,2507,11232,,,1638,7603,recommend,75052
76,5,114,Nursery,10368,5,not_recom,1,select_coverage,2.0,exact,2507,11232,1636.0,7595.0,1595,7374,not_recom,183372
76,5,114,Nursery,10368,5,not_recom,1,select_coverage,3.0,DAC,3773,16867,,,2373,11026,recommend,112784
76,5,114,Nursery,10368,5,not_recom,1,select_coverage,3.0,exact,3773,16867,2369.0,11009.0,2311,10697,not_recom,268044
76,5,114,Nursery,10368,5,not_recom,1,select_coverage,4.0,DAC,4852,21682,,,2974,13830,very_recom,144992
76,5,114,Nursery,10368,5,not_recom,1,select_coverage,4.0,exact,4852,21682,2969.0,13807.0,2894,13409,not_recom,338144
76,5,114,Nursery,10368,5,not_recom,1,select_coverage_CBA_M1,,DAC,993,4351,,,634,2913,priority,29360
76,5,114,Nursery,10368,5,not_recom,1,select_coverage_CBA_M1,,exact,993,4351,634.0,2913.0,619,2828,priority,70840
76,5,114,Nursery,10368,5,not_recom,2,select_coverage,1.0,exact,1267,5557,854.0,3895.0,830,3768,not_recom,93912
76,5,114,Nursery,10368,5,not_recom,2,select_coverage,2.0,exact,2506,11227,1635.0,7590.0,1594,7369,not_recom,183264
76,5,114,Nursery,10368,5,not_recom,2,select_coverage,3.0,exact,3777,16887,2371.0,11019.0,2313,10707,not_recom,268300
76,5,114,Nursery,10368,5,not_recom,2,select_coverage,4.0,exact,4851,21678,2969.0,13807.0,2894,13409,not_recom,338128
76,5,114,Nursery,10368,5,not_recom,2,select_coverage_CBA_M1,,exact,969,4227,613.0,2806.0,598,2721,priority,68480
76,5,133,Nursery,10368,5,not_recom,1,select_coverage,1.0,DAC,1245,5462,,,847,3870,recommend,36828
76,5,133,Nursery,10368,5,not_recom,1,select_coverage,1.0,exact,1245,5462,846.0,3866.0,821,3745,not_recom,92940
76,5,133,Nursery,10368,5,not_recom,1,select_coverage,2.0,DAC,2504,11264,,,1651,7705,not_recom,75144
76,5,133,Nursery,10368,5,not_recom,1,select_coverage,2.0,exact,2504,11264,1649.0,7696.0,1594,7417,not_recom,184700
76,5,133,Nursery,10368,5,not_recom,1,select_coverage,3.0,DAC,3795,17027,,,2414,11272,not_recom,113688
76,5,133,Nursery,10368,5,not_recom,1,select_coverage,3.0,exact,3795,17027,2412.0,11263.0,2342,10906,not_recom,272600
76,5,133,Nursery,10368,5,not_recom,1,select_coverage,4.0,DAC,4868,21812,,,3012,14032,not_recom,145704
76,5,133,Nursery,10368,5,not_recom,1,select_coverage,4.0,exact,4868,21812,3009.0,14019.0,2918,13549,not_recom,341992
76,5,133,Nursery,10368,5,not_recom,1,select_coverage_CBA_M1,,DAC,975,4283,,,621,2871,priority,28872
76,5,133,Nursery,10368,5,not_recom,1,select_coverage_CBA_M1,,exact,975,4283,621.0,2871.0,608,2801,priority,69668
76,5,133,Nursery,10368,5,not_recom,2,select_coverage,1.0,exact,1246,5468,847.0,3872.0,821,3746,not_recom,93040
76,5,133,Nursery,10368,5,not_recom,2,select_coverage,2.0,exact,2504,11266,1649.0,7697.0,1594,7418,not_recom,184716
76,5,133,Nursery,10368,5,not_recom,2,select_coverage,3.0,exact,3797,17039,2415.0,11279.0,2344,10917,not_recom,272900
76,5,133,Nursery,10368,5,not_recom,2,select_coverage,4.0,exact,4866,21804,3008.0,14015.0,2918,13550,not_recom,341900
76,5,133,Nursery,10368,5,not_recom,2,select_coverage_CBA_M1,,exact,936,4095,593.0,2737.0,580,2667,priority,66500
76,5,138,Nursery,10368,5,not_recom,1,select_coverage,1.0,DAC,1245,5463,,,846,3866,not_recom,36832
76,5,138,Nursery,10368,5,not_recom,1,select_coverage,1.0,exact,1245,5463,846.0,3866.0,829,3773,not_recom,93056
76,5,138,Nursery,10368,5,not_recom,1,select_coverage,2.0,DAC,2498,11222,,,1647,7675,not_recom,74904
76,5,138,Nursery,10368,5,not_recom,1,select_coverage,2.0,exact,2498,11222,1647.0,7675.0,1607,7463,not_recom,184536
76,5,138,Nursery,10368,5,not_recom,1,select_coverage,3.0,DAC,3822,17147,,,2436,11358,recommend,114492
76,5,138,Nursery,10368,5,not_recom,1,select_coverage,3.0,exact,3822,17147,2434.0,11347.0,2383,11074,not_recom,275144
76,5,138,Nursery,10368,5,not_recom,1,select_coverage,4.0,DAC,4883,21884,,,3036,14170,not_recom,146172
76,5,138,Nursery,10368,5,not_recom,1,select_coverage,4.0,exact,4883,21884,3033.0,14155.0,2955,13739,not_recom,344736
76,5,138,Nursery,10368,5,not_recom,1,select_coverage_CBA_M1,,DAC,988,4331,,,630,2904,priority,29220
76,5,138,Nursery,10368,5,not_recom,1,select_coverage_CBA_M1,,exact,988,4331,630.0,2904.0,619,2839,priority,70576
76,5,138,Nursery,10368,5,not_recom,2,select_coverage,1.0,exact,1245,5463,846.0,3866.0,829,3773,not_recom,93056
76,5,138,Nursery,10368,5,not_recom,2,select_coverage,2.0,exact,2499,11227,1648.0,7680.0,1608,7468,not_recom,184644
76,5,138,Nursery,10368,5,not_recom,2,select_coverage,3.0,exact,3818,17130,2430.0,11331.0,2379,11058,not_recom,274756
76,5,138,Nursery,10368,5,not_recom,2,select_coverage,4.0,exact,4882,21880,3033.0,14158.0,2955,13742,not_recom,344744
76,5,138,Nursery,10368,5,not_recom,2,select_coverage_CBA_M1,,exact,988,4330,631.0,2908.0,620,2843,priority,70652
76,5,148,Nursery,10368,5,not_recom,1,select_coverage,1.0,DAC,1223,5381,,,848,3897,recommend,36240
76,5,148,Nursery,10368,5,not_recom,1,select_coverage,1.0,exact,1223,5381,848.0,3897.0,824,3773,not_recom,92948
76,5,148,Nursery,10368,5,not_recom,1,select_coverage,2.0,DAC,2509,11304,,,1673,7823,recommend,75364
76,5,148,Nursery,10368,5,not_recom,1,select_coverage,2.0,exact,2509,11304,1672.0,7819.0,1633,7611,not_recom,187232
76,5,148,Nursery,10368,5,not_recom,1,select_coverage,3.0,DAC,3774,16934,,,2377,11111,recommend,113064
76,5,148,Nursery,10368,5,not_recom,1,select_coverage,3.0,exact,3774,16934,2374.0,11097.0,2319,10806,not_recom,269340
76,5,148,Nursery,10368,5,not_recom,1,select_coverage,4.0,DAC,4860,21780,,,2990,13960,recommend,145480
76,5,148,Nursery,10368,5,not_recom,1,select_coverage,4.0,exact,4860,21780,2985.0,13936.0,2918,13585,not_recom,340524
76,5,148,Nursery,10368,5,not_recom,1,select_coverage_CBA_M1,,DAC,962,4219,,,634,2930,priority,28460
76,5,148,Nursery,10368,5,not_recom,1,select_coverage_CBA_M1,,exact,962,4219,634.0,2930.0,617,2839,priority,70424
76,5,148,Nursery,10368,5,not_recom,2,select_coverage,1.0,exact,1222,5377,848.0,3897.0,824,3773,not_recom,92932
76,5,148,Nursery,10368,5,not_recom,2,select_coverage,2.0,exact,2509,11304,1672.0,7819.0,1633,7611,not_recom,187232
76,5,148,Nursery,10368,5,not_recom,2,select_coverage,3.0,exact,3777,16949,2378.0,11116.0,2323,10825,not_recom,269744
76,5,148,Nursery,10368,5,not_recom,2,select_coverage,4.0,exact,4857,21768,2983.0,13928.0,2916,13577,not_recom,340316
76,5,148,Nursery,10368,5,not_recom,2,select_coverage_CBA_M1,,exact,953,4165,627.0,2890.0,611,2804,priority,69572
76,6,5,Nursery,10368,5,not_recom,1,select_coverage,1.0,DAC,1366,5976,,,930,4226,recommend,40344
76,6,5,Nursery,10368,5,not_recom,1,select_coverage,1.0,exact,1366,5976,930.0,4226.0,898,4060,not_recom,101728
76,6,5,Nursery,10368,5,not_recom,1,select_coverage,2.0,DAC,2765,12374,,,1807,8365,recommend,82724
76,6,5,Nursery,10368,5,not_recom,1,select_coverage,2.0,exact,2765,12374,1806.0,8360.0,1750,8064,not_recom,201920
76,6,5,Nursery,10368,5,not_recom,1,select_coverage,3.0,DAC,4240,18934,,,2621,12175,recommend,126664
76,6,5,Nursery,10368,5,not_recom,1,select_coverage,3.0,exact,4240,18934,2619.0,12165.0,2539,11755,not_recom,297168
76,6,5,Nursery,10368,5,not_recom,1,select_coverage,4.0,DAC,5462,24418,,,3305,15382,recommend,163264
76,6,5,Nursery,10368,5,not_recom,1,select_coverage,4.0,exact,5462,24418,3298.0,15349.0,3197,14843,not_recom,376784
76,6,5,Nursery,10368,5,not_recom,1,select_coverage_CBA_M1,,DAC,1105,4858,,,727,3339,priority,32740
76,6,5,Nursery,10368,5,not_recom,1,select_coverage_CBA_M1,,exact,1105,4858,727.0,3339.0,705,3217,priority,80592
76,6,5,Nursery,10368,5,not_recom,2,select_coverage,1.0,exact,1365,5972,929.0,4222.0,897,4056,not_recom,101632
76,6,5,Nursery,10368,5,not_recom,2,select_coverage,2.0,exact,2765,12375,1806.0,8361.0,1750,8065,not_recom,201932
76,6,5,Nursery,10368,5,not_recom,2,select_coverage,3.0,exact,4243,18951,2623.0,12186.0,2543,11776,not_recom,297596
76,6,5,Nursery,10368,5,not_recom,2,select_coverage,4.0,exact,5464,24430,3301.0,15367.0,3198,14851,not_recom,377080
76,6,5,Nursery,10368,5,not_recom,2,select_coverage_CBA_M1,,exact,1063,4656,693.0,3177.0,671,3055,priority,76856
76,6,14,Nursery,10368,5,priority,1,select_coverage,1.0,DAC,1365,5971,,,916,4162,priority,40312
76,6,14,Nursery,10368,5,priority,1,select_coverage,1.0,exact,1365,5971,916.0,4162.0,894,4049,priority,100736
76,6,14,Nursery,10368,5,priority,1,select_coverage,2.0,DAC,2751,12284,,,1771,8211,priority,82196
76,6,14,Nursery,10368,5,priority,1,select_coverage,2.0,exact,2751,12284,1769.0,8201.0,1728,7990,priority,198852
76,6,14,Nursery,10368,5,priority,1,select_coverage,3.0,DAC,4198,18762,,,2591,12085,recommend,125472
76,6,14,Nursery,10368,5,priority,1,select_coverage,3.0,exact,4198,18762,2584.0,12052.0,2521,11730,priority,294248
76,6,14,Nursery,10368,5,priority,1,select_coverage,4.0,DAC,5465,24406,,,3263,15210,very_recom,163252
76,6,14,Nursery,10368,5,priority,1,select_coverage,4.0,exact,5465,24406,3255.0,15173.0,3167,14734,priority,373532
76,6,14,Nursery,10368,5,priority,1,select_coverage_CBA_M1,,DAC,1116,4884,,,716,3276,priority,32976
76,6,14,Nursery,10368,5,priority,1,select_coverage_CBA_M1,,exact,1116,4884,716.0,3276.0,706,3218,priority,79920
76,6,14,Nursery,10368,5,priority,2,select_coverage,1.0,exact,1364,5967,914.0,4153.0,892,4040,priority,100552
76,6,14,Nursery,10368,5,priority,2,select_coverage,2.0,exact,2751,12284,1768.0,8196.0,1727,7985,priority,198764
76,6,14,Nursery,10368,5,priority,2,select_coverage,3.0,exact,4197,18761,2585.0,12058.0,2522,11736,priority,294340
76,6,14,Nursery,10368,5,priority,2,select_coverage,4.0,exact,5469,24426,3258.0,15188.0,3170,14749,priority,373876
76,6,14,Nursery,10368,5,priority,2,select_coverage_CBA_M1,,exact,1075,4689,687.0,3135.0,677,3077,priority,76620
76,6,17,Nursery,10368,5,priority,1,select_coverage,1.0,DAC,1398,6136,,,956,4370,very_recom,41368
76,6,17,Nursery,10368,5,priority,1,select_coverage,1.0,exact,1398,6136,956.0,4370.0,923,4205,priority,104772
76,6,17,Nursery,10368,5,priority,1,select_coverage,2.0,DAC,2763,12316,,,1804,8347,priority,82468
76,6,17,Nursery,10368,5,priority,1,select_coverage,2.0,exact,2763,12316,1802.0,8338.0,1735,7996,priority,201136
76,6,17,Nursery,10368,5,priority,1,select_coverage,3.0,DAC,4223,18793,,,2635,12206,priority,125896
76,6,17,Nursery,10368,5,priority,1,select_coverage,3.0,exact,4223,18793,2626.0,12164.0,2536,11716,priority,296780
76,6,17,Nursery,10368,5,priority,1,select_coverage,4.0,DAC,5463,24303,,,3314,15357,priority,162816
76,6,17,Nursery,10368,5,priority,1,select_coverage,4.0,exact,5463,24303,3303.0,15307.0,3189,14749,priority,376020
76,6,17,Nursery,10368,5,priority,1,select_coverage_CBA_M1,,DAC,1145,5031,,,746,3443,priority,33912
76,6,17,Nursery,10368,5,priority,1,select_coverage_CBA_M1,,exact,1145,5031,746.0,3443.0,721,3312,priority,82992
76,6,17,Nursery,10368,5,priority,2,select_coverage,1.0,exact,1398,6136,956.0,4370.0,923,4205,priority,104772
76,6,17,Nursery,10368,5,priority,2,select_coverage,2.0,exact,2763,12318,1800.0,8330.0,1733,7988,priority,200984
76,6,17,Nursery,10368,5,priority,2,select_coverage,3.0,exact,4221,18788,2624.0,12159.0,2534,11711,priority,296624
76,6,17,Nursery,10368,5,priority,2,select_coverage,4.0,exact,5467,24324,3307.0,15326.0,3193,14768,priority,376448
76,6,17,Nursery,10368,5,priority,2,select_coverage_CBA_M1,,exact,1102,4820,716.0,3295.0,691,3164,priority,79524
76,6,19,Nursery,10368,5,not_recom,1,select_coverage,1.0,DAC,1392,6079,,,938,4261,recommend,41068
76,6,19,Nursery,10368,5,not_recom,1,select_coverage,1.0,exact,1392,6079,938.0,4261.0,911,4123,not_recom,102916
76,6,19,Nursery,10368,5,not_recom,1,select_coverage,2.0,DAC,2780,12362,,,1787,8273,recommend,82856
76,6,19,Nursery,10368,5,not_recom,1,select_coverage,2.0,exact,2780,12362,1787.0,8273.0,1742,8042,not_recom,200524
76,6,19,Nursery,10368,5,not_recom,1,select_coverage,3.0,DAC,4278,19049,,,2660,12336,recommend,127580
76,6,19,Nursery,10368,5,not_recom,1,select_coverage,3.0,exact,4278,19049,2656.0,12318.0,2596,12009,not_recom,301032
76,6,19,Nursery,10368,5,not_recom,1,select_coverage,4.0,DAC,5576,24862,,,3380,15712,not_recom,166408
76,6,19,Nursery,10368,5,not_recom,1,select_coverage,4.0,exact,5576,24862,3368.0,15655.0,3281,15214,not_recom,384628
76,6,19,Nursery,10368,5,not_recom,1,select_coverage_CBA_M1,,DAC,1145,5000,,,739,3384,priority,33788
76,6,19,Nursery,10368,5,not_recom,1,select_coverage_CBA_M1,,exact,1145,5000,739.0,3384.0,719,3279,priority,82164
76,6,19,Nursery,10368,5,not_recom,2,select_coverage,1.0,exact,1391,6075,937.0,4257.0,910,4119,not_recom,102820
76,6,19,Nursery,10368,5,not_recom,2,select_coverage,2.0,exact,2781,12367,1787.0,8273.0,1742,8042,not_recom,200544
76,6,19,Nursery,10368,5,not_recom,2,select_coverage,3.0,exact,4279,19055,2657.0,12322.0,2597,12013,not_recom,301136
76,6,19,Nursery,10368,5,not_recom,2,select_coverage,4.0,exact,5583,24899,3375.0,15692.0,3287,15246,not_recom,385388
76,6,19,Nursery,10368,5,not_recom,2,select_coverage_CBA_M1,,exact,1078,4685,683.0,3121.0,666,3030,priority,76168
76,6,29,Nursery,10368,5,not_recom,1,select_coverage,1.0,DAC,1387,6051,,,943,4281,recommend,40896
76,6,29,Nursery,10368,5,not_recom,1,select_coverage,1.0,exact,1387,6051,942.0,4276.0,918,4145,not_recom,103144
76,6,29,Nursery,10368,5,not_recom,1,select_coverage,2.0,DAC,2777,12381,,,1828,8450,very_recom,82896
76,6,29,Nursery,10368,5,not_recom,1,select_coverage,2.0,exact,2777,12381,1827.0,8445.0,1777,8184,not_recom,203776
76,6,29,Nursery,10368,5,not_recom,1,select_coverage,3.0,DAC,4214,18740,,,2652,12277,not_recom,125576
76,6,29,Nursery,10368,5,not_recom,1,select_coverage,3.0,exact,4214,18740,2649.0,12263.0,2575,11883,not_recom,298736
76,6,29,Nursery,10368,5,not_recom,1,select_coverage,4.0,DAC,5420,24056,,,3313,15317,priority,161312
76,6,29,Nursery,10368,5,not_recom,1,select_coverage,4.0,exact,5420,24056,3308.0,15294.0,3215,14829,not_recom,375540
76,6,29,Nursery,10368,5,not_recom,1,select_coverage_CBA_M1,,DAC,1127,4925,,,728,3341,priority,33272
76,6,29,Nursery,10368,5,not_recom,1,select_coverage_CBA_M1,,exact,1127,4925,728.0,3341.0,710,3237,priority,80996
76,6,29,Nursery,10368,5,not_recom,2,select_coverage,1.0,exact,1387,6051,942.0,4276.0,918,4145,not_recom,103144
76,6,29,Nursery,10368,5,not_recom,2,select_coverage,2.0,exact,2779,12392,1828.0,8451.0,1778,8190,not_recom,203916
76,6,29,Nursery,10368,5,not_recom,2,select_coverage,3.0,exact,4216,18752,2650.0,12269.0,2576,11889,not_recom,298880
76,6,29,Nursery,10368,5,not_recom,2,select_coverage,4.0,exact,5418,24052,3307.0,15293.0,3214,14828,not_recom,375468
76,6,29,Nursery,10368,5,not_recom,2,select_coverage_CBA_M1,,exact,1105,4807,706.0,3228.0,689,3129,priority,78584
76,6,31,Nursery,10368,4,not_recom,1,select_coverage,1.0,DAC,1382,6090,,,943,4329,very_recom,40992
76,6,31,Nursery,10368,4,not_recom,1,select_coverage,1.0,exact,1382,6090,942.0,4324.0,924,4234,not_recom,96304
76,6,31,Nursery,10368,4,not_recom,1,select_coverage,2.0,DAC,2786,12464,,,1810,8409,very_recom,83336
76,6,31,Nursery,10368,4,not_recom,1,select_coverage,2.0,exact,2786,12464,1808.0,8400.0,1770,8207,not_recom,188636
76,6,31,Nursery,10368,4,not_recom,1,select_coverage,3.0,DAC,4293,19179,,,2666,12398,not_recom,128280
76,6,31,Nursery,10368,4,not_recom,1,select_coverage,3.0,exact,4293,19179,2663.0,12384.0,2605,12093,not_recom,281176
76,6,31,Nursery,10368,4,not_recom,1,select_coverage,4.0,DAC,5546,24787,,,3369,15711,very_recom,165748
76,6,31,Nursery,10368,4,not_recom,1,select_coverage,4.0,exact,5546,24787,3361.0,15673.0,3286,15298,not_recom,357504
76,6,31,Nursery,10368,4,not_recom,1,select_coverage_CBA_M1,,DAC,1150,5091,,,766,3558,priority,34212
76,6,31,Nursery,10368,4,not_recom,1,select_coverage_CBA_M1,,exact,1150,5091,766.0,3558.0,754,3495,priority,79248
76,6,31,Nursery,10368,4,not_recom,2,select_coverage,1.0,exact,1382,6090,942.0,4324.0,924,4234,not_recom,96304
76,6,31,Nursery,10368,4,not_recom,2,select_coverage,2.0,exact,2789,12478,1810.0,8409.0,1771,8211,not_recom,188824
76,6,31,Nursery,10368,4,not_recom,2,select_coverage,3.0,exact,4293,19182,2664.0,12391.0,2606,12100,not_recom,281284
76,6,31,Nursery,10368,4,not_recom,2,select_coverage,4.0,exact,5552,24820,3366.0,15699.0,3290,15319,not_recom,358024
76,6,31,Nursery,10368,4,not_recom,2,select_coverage_CBA_M1,,exact,1098,4838,723.0,3347.0,711,3284,priority,74828
76,6,34,Nursery,10368,5,not_recom,1,select_coverage,1.0,DAC,1381,6025,,,925,4170,not_recom,40720
76,6,34,Nursery,10368,5,not_recom,1,select_coverage,1.0,exact,1381,6025,924.0,4165.0,895,4022,not_recom,101240
76,6,34,Nursery,10368,5,not_recom,1,select_coverage,2.0,DAC,2779,12392,,,1814,8365,not_recom,82964
76,6,34,Nursery,10368,5,not_recom,1,select_coverage,2.0,exact,2779,12392,1813.0,8360.0,1766,8124,not_recom,202568
76,6,34,Nursery,10368,5,not_recom,1,select_coverage,3.0,DAC,4235,18861,,,2638,12206,not_recom,126312
76,6,34,Nursery,10368,5,not_recom,1,select_coverage,3.0,exact,4235,18861,2634.0,12187.0,2571,11869,not_recom,298140
76,6,34,Nursery,10368,5,not_recom,1,select_coverage,4.0,DAC,5532,24698,,,3385,15725,recommend,165224
76,6,34,Nursery,10368,5,not_recom,1,select_coverage,4.0,exact,5532,24698,3379.0,15696.0,3291,15260,not_recom,384848
76,6,34,Nursery,10368,5,not_recom,1,select_coverage_CBA_M1,,DAC,1139,4977,,,739,3357,priority,33624
76,6,34,Nursery,10368,5,not_recom,1,select_coverage_CBA_M1,,exact,1139,4977,739.0,3357.0,718,3248,priority,81840
76,6,34,Nursery,10368,5,not_recom,2,select_coverage,1.0,exact,1381,6025,924.0,4165.0,895,4022,not_recom,101240
76,6,34,Nursery,10368,5,not_recom,2,select_coverage,2.0,exact,2778,12388,1812.0,8356.0,1765,8120,not_recom,202472
76,6,34,Nursery,10368,5,not_recom,2,select_coverage,3.0,exact,4232,18849,2633.0,12184.0,2571,11870,not_recom,298036
76,6,34,Nursery,10368,5,not_recom,2,select_coverage,4.0,exact,5536,24719,3381.0,15706.0,3293,15270,not_recom,385108
76,6,34,Nursery,10368,5,not_recom,2,select_coverage_CBA_M1,,exact,1087,4723,702.0,3176.0,681,3067,priority,77600
76,6,42,Nursery,10368,4,not_recom,1,select_coverage,1.0,DAC,1354,5924,,,913,4164,not_recom,39992
76,6,42,Nursery,10368,4,not_recom,1,select_coverage,1.0,exact,1354,5924,910.0,4150.0,893,4062,not_recom,92976
76,6,42,Nursery,10368,4,not_recom,1,select_coverage,2.0,DAC,2777,12443,,,1812,8419,not_recom,83144
76,6,42,Nursery,10368,4,not_recom,1,select_coverage,2.0,exact,2777,12443,1806.0,8391.0,1762,8170,not_recom,188288
76,6,42,Nursery,10368,4,not_recom,1,select_coverage,3.0,DAC,4248,18953,,,2654,12322,not_recom,126836
76,6,42,Nursery,10368,4,not_recom,1,select_coverage,3.0,exact,4248,18953,2645.0,12281.0,2573,11927,not_recom,278476
76,6,42,Nursery,10368,4,not_recom,1,select_coverage,4.0,DAC,5504,24596,,,3339,15554,not_recom,164480
76,6,42,Nursery,10368,4,not_recom,1,select_coverage,4.0,exact,5504,24596,3324.0,15484.0,3234,15038,not_recom,353464
76,6,42,Nursery,10368,4,not_recom,1,select_coverage_CBA_M1,,DAC,1116,4877,,,727,3336,priority,32948
76,6,42,Nursery,10368,4,not_recom,1,select_coverage_CBA_M1,,exact,1116,4877,726.0,3331.0,716,3275,priority,75004
76,6,42,Nursery,10368,4,not_recom,2,select_coverage,1.0,exact,1354,5924,910.0,4150.0,893,4062,not_recom,92976
76,6,42,Nursery,10368,4,not_recom,2,select_coverage,2.0,exact,2776,12440,1806.0,8392.0,1762,8171,not_recom,188284
76,6,42,Nursery,10368,4,not_recom,2,select_coverage,3.0,exact,4248,18955,2644.0,12279.0,2572,11925,not_recom,278428
76,6,42,Nursery,10368,4,not_recom,2,select_coverage,4.0,exact,5507,24614,3326.0,15498.0,3236,15052,not_recom,353728
76,6,42,Nursery,10368,4,not_recom,2,select_coverage_CBA_M1,,exact,1085,4724,702.0,3213.0,692,3157,priority,72488
76,6,49,Nursery,10368,5,not_recom,1,select_coverage,1.0,DAC,1361,5960,,,933,4237,recommend,40220
76,6,49,Nursery,10368,5,not_recom,1,select_coverage,1.0,exact,1361,5960,930.0,4222.0,901,4080,not_recom,101728
76,6,49,Nursery,10368,5,not_recom,1,select_coverage,2.0,DAC,2751,12227,,,1780,8187,recommend,81968
76,6,49,Nursery,10368,5,not_recom,1,select_coverage,2.0,exact,2751,12227,1777.0,8172.0,1722,7899,not_recom,198528
76,6,49,Nursery,10368,5,not_recom,1,select_coverage,3.0,DAC,4242,18847,,,2625,12134,recommend,126340
76,6,49,Nursery,10368,5,not_recom,1,select_coverage,3.0,exact,4242,18847,2620.0,12110.0,2538,11698,not_recom,296420
76,6,49,Nursery,10368,5,not_recom,1,select_coverage,4.0,DAC,5550,24682,,,3358,15537,recommend,165376
76,6,49,Nursery,10368,5,not_recom,1,select_coverage,4.0,exact,5550,24682,3349.0,15495.0,3249,14997,not_recom,381488
76,6,49,Nursery,10368,5,not_recom,1,select_coverage_CBA_M1,,DAC,1103,4854,,,724,3334,priority,32700
76,6,49,Nursery,10368,5,not_recom,1,select_coverage_CBA_M1,,exact,1103,4854,724.0,3334.0,704,3230,priority,80464
76,6,49,Nursery,10368,5,not_recom,2,select_coverage,1.0,exact,1361,5960,930.0,4222.0,901,4080,not_recom,101728
76,6,49,Nursery,10368,5,not_recom,2,select_coverage,2.0,exact,2752,12233,1779.0,8182.0,1724,7909,not_recom,198728
76,6,49,Nursery,10368,5,not_recom,2,select_coverage,3.0,exact,4242,18850,2622.0,12120.0,2540,11708,not_recom,296608
76,6,49,Nursery,10368,5,not_recom,2,select_coverage,4.0,exact,5552,24694,3349.0,15499.0,3248,14996,not_recom,381548
76,6,49,Nursery,10368,5,not_recom,2,select_coverage_CBA_M1,,exact,1057,4629,691.0,3171.0,672,3072,priority,76696
76,6,63,Nursery,10368,5,not_recom,1,select_coverage,1.0,DAC,1381,6027,,,921,4184,very_recom,40728
76,6,63,Nursery,10368,5,not_recom,1,select_coverage,1.0,exact,1381,6027,921.0,4184.0,892,4042,not_recom,101260
76,6,63,Nursery,10368,5,not_recom,1,select_coverage,2.0,DAC,2807,12512,,,1811,8359,very_recom,83780
76,6,63,Nursery,10368,5,not_recom,1,select_coverage,2.0,exact,2807,12512,1808.0,8345.0,1756,8083,not_recom,202584
76,6,63,Nursery,10368,5,not_recom,1,select_coverage,3.0,DAC,4238,18834,,,2595,12001,very_recom,126240
76,6,63,Nursery,10368,5,not_recom,1,select_coverage,3.0,exact,4238,18834,2588.0,11968.0,2507,11559,not_recom,293708
76,6,63,Nursery,10368,5,not_recom,1,select_coverage,4.0,DAC,5484,24386,,,3288,15241,very_recom,163400
76,6,63,Nursery,10368,5,not_recom,1,select_coverage,4.0,exact,5484,24386,3275.0,15178.0,3171,14657,not_recom,374124
76,6,63,Nursery,10368,5,not_recom,1,select_coverage_CBA_M1,,DAC,1121,4906,,,710,3262,priority,33124
76,6,63,Nursery,10368,5,not_recom,1,select_coverage_CBA_M1,,exact,1121,4906,710.0,3262.0,693,3171,priority,79476
76,6,63,Nursery,10368,5,not_recom,2,select_coverage,1.0,exact,1381,6027,921.0,4184.0,892,4042,not_recom,101260
76,6,63,Nursery,10368,5,not_recom,2,select_coverage,2.0,exact,2808,12517,1809.0,8350.0,1756,8083,not_recom,202672
76,6,63,Nursery,10368,5,not_recom,2,select_coverage,3.0,exact,4236,18825,2587.0,11963.0,2506,11554,not_recom,293584
76,6,63,Nursery,10368,5,not_recom,2,select_coverage,4.0,exact,5483,24386,3274.0,15177.0,3171,14661,not_recom,374088
76,6,63,Nursery,10368,5,not_recom,2,select_coverage_CBA_M1,,exact,1088,4742,687.0,3144.0,670,3053,priority,76772
76,6,64,Nursery,10368,5,not_recom,1,select_coverage,1.0,DAC,1397,6100,,,911,4158,not_recom,41212
76,6,64,Nursery,10368,5,not_recom,1,select_coverage,1.0,exact,1397,6100,910.0,4153.0,886,4033,not_recom,100864
76,6,64,Nursery,10368,5,not_recom,1,select_coverage,2.0,DAC,2795,12474,,,1786,8306,recommend,83484
76,6,64,Nursery,10368,5,not_recom,1,select_coverage,2.0,exact,2795,12474,1784.0,8296.0,1735,8045,not_recom,200932
76,6,64,Nursery,10368,5,not_recom,1,select_coverage,3.0,DAC,4299,19165,,,2639,12274,recommend,128296
76,6,64,Nursery,10368,5,not_recom,1,select_coverage,3.0,exact,4299,19165,2631.0,12235.0,2550,11833,not_recom,299260
76,6,64,Nursery,10368,5,not_recom,1,select_coverage,4.0,DAC,5561,24780,,,3382,15718,recommend,165900
76,6,64,Nursery,10368,5,not_recom,1,select_coverage,4.0,exact,5561,24780,3367.0,15647.0,3263,15140,not_recom,383924
76,6,64,Nursery,10368,5,not_recom,1,select_coverage_CBA_M1,,DAC,1174,5122,,,736,3383,priority,34624
76,6,64,Nursery,10368,5,not_recom,1,select_coverage_CBA_M1,,exact,1174,5122,735.0,3378.0,719,3291,priority,82484
76,6,64,Nursery,10368,5,not_recom,2,select_coverage,1.0,exact,1397,6100,910.0,4153.0,886,4033,not_recom,100864
76,6,64,Nursery,10368,5,not_recom,2,select_coverage,2.0,exact,2796,12480,1783.0,8291.0,1734,8040,not_recom,200868
76,6,64,Nursery,10368,5,not_recom,2,select_coverage,3.0,exact,4301,19175,2632.0,12240.0,2551,11838,not_recom,299388
76,6,64,Nursery,10368,5,not_recom,2,select_coverage,4.0,exact,5563,24791,3370.0,15663.0,3266,15156,not_recom,384240
76,6,64,Nursery,10368,5,not_recom,2,select_coverage_CBA_M1,,exact,1133,4931,702.0,3222.0,687,3140,priority,78908
76,6,65,Nursery,10368,5,not_recom,1,select_coverage,1.0,DAC,1362,5928,,,904,4090,not_recom,40104
76,6,65,Nursery,10368,5,not_recom,1,select_coverage,1.0,exact,1362,5928,902.0,4080.0,880,3963,not_recom,99220
76,6,65,Nursery,10368,5,not_recom,1,select_coverage,2.0,DAC,2764,12310,,,1791,8281,not_recom,82456
76,6,65,Nursery,10368,5,not_recom,1,select_coverage,2.0,exact,2764,12310,1785.0,8252.0,1735,7999,not_recom,199964
76,6,65,Nursery,10368,5,not_recom,1,select_coverage,3.0,DAC,4191,18631,,,2600,12022,not_recom,124864
76,6,65,Nursery,10368,5,not_recom,1,select_coverage,3.0,exact,4191,18631,2590.0,11974.0,2526,11657,not_recom,293408
76,6,65,Nursery,10368,5,not_recom,1,select_coverage,4.0,DAC,5412,24047,,,3243,15005,not_recom,161180
76,6,65,Nursery,10368,5,not_recom,1,select_coverage,4.0,exact,5412,24047,3229.0,14938.0,3145,14518,not_recom,369044
76,6,65,Nursery,10368,5,not_recom,1,select_coverage_CBA_M1,,DAC,1101,4806,,,700,3207,priority,32484
76,6,65,Nursery,10368,5,not_recom,1,select_coverage_CBA_M1,,exact,1101,4806,699.0,3202.0,686,3127,spec_prior,78132
76,6,65,Nursery,10368,5,not_recom,2,select_coverage,1.0,exact,1363,5933,903.0,4085.0,881,3968,not_recom,99328
76,6,65,Nursery,10368,5,not_recom,2,select_coverage,2.0,exact,2763,12308,1785.0,8254.0,1735,7999,not_recom,199964
76,6,65,Nursery,10368,5,not_recom,2,select_coverage,3.0,exact,4197,18662,2594.0,11994.0,2529,11671,not_recom,293860
76,6,65,Nursery,10368,5,not_recom,2,select_coverage,4.0,exact,5421,24098,3234.0,14966.0,3149,14540,not_recom,369688
76,6,65,Nursery,10368,5,not_recom,2,select_coverage_CBA_M1,,exact,1062,4610,668.0,3046.0,656,2976,priority,74632
76,6,68,Nursery,10368,5,not_recom,1,select_coverage,1.0,DAC,1340,5837,,,918,4158,recommend,39476
76,6,68,Nursery,10368,5,not_recom,1,select_coverage,1.0,exact,1340,5837,917.0,4153.0,891,4023,not_recom,100108
76,6,68,Nursery,10368,5,not_recom,1,select_coverage,2.0,DAC,2740,12151,,,1806,8291,recommend,81532
76,6,68,Nursery,10368,5,not_recom,1,select_coverage,2.0,exact,2740,12151,1801.0,8268.0,1746,7991,not_recom,200128
76,6,68,Nursery,10368,5,not_recom,1,select_coverage,3.0,DAC,4166,18420,,,2635,12110,recommend,123720
76,6,68,Nursery,10368,5,not_recom,1,select_coverage,3.0,exact,4166,18420,2626.0,12068.0,2556,11721,not_recom,294924
76,6,68,Nursery,10368,5,not_recom,1,select_coverage,4.0,DAC,5433,24039,,,3311,15263,recommend,161400
76,6,68,Nursery,10368,5,not_recom,1,select_coverage,4.0,exact,5433,24039,3300.0,15212.0,3207,14760,not_recom,374484
76,6,68,Nursery,10368,5,not_recom,1,select_coverage_CBA_M1,,DAC,1111,4843,,,734,3348,priority,32752
76,6,68,Nursery,10368,5,not_recom,1,select_coverage_CBA_M1,,exact,1111,4843,733.0,3343.0,715,3247,priority,80956
76,6,68,Nursery,10368,5,not_recom,2,select_coverage,1.0,exact,1340,5837,917.0,4153.0,891,4023,not_recom,100108
76,6,68,Nursery,10368,5,not_recom,2,select_coverage,2.0,exact,2740,12155,1802.0,8276.0,1747,7999,not_recom,200256
76,6,68,Nursery,10368,5,not_recom,2,select_coverage,3.0,exact,4169,18437,2629.0,12085.0,2559,11738,not_recom,295272
76,6,68,Nursery,10368,5,not_recom,2,select_coverage,4.0,exact,5441,24080,3306.0,15244.0,3213,14792,not_recom,375192
76,6,68,Nursery,10368,5,not_recom,2,select_coverage_CBA_M1,,exact,1072,4656,706.0,3214.0,689,3122,priority,77896
76,6,74,Nursery,10368,5,not_recom,1,select_coverage,1.0,DAC,1346,5863,,,899,4079,recommend,39652
76,6,74,Nursery,10368,5,not_recom,1,select_coverage,1.0,exact,1346,5863,896.0,4064.0,879,3975,not_recom,98656
76,6,74,Nursery,10368,5,not_recom,1,select_coverage,2.0,DAC,2813,12583,,,1827,8488,very_recom,84136
76,6,74,Nursery,10368,5,not_recom,1,select_coverage,2.0,exact,2813,12583,1824.0,8473.0,1781,8250,not_recom,204816
76,6,74,Nursery,10368,5,not_recom,1,select_coverage,3.0,DAC,4264,19049,,,2676,12465,very_recom,127412
76,6,74,Nursery,10368,5,not_recom,1,select_coverage,3.0,exact,4264,19049,2668.0,12426.0,2600,12080,not_recom,302324
76,6,74,Nursery,10368,5,not_recom,1,select_coverage,4.0,DAC,5559,24832,,,3378,15747,recommend,166084
76,6,74,Nursery,10368,5,not_recom,1,select_coverage,4.0,exact,5559,24832,3365.0,15684.0,3275,15234,not_recom,384560
76,6,74,Nursery,10368,5,not_recom,1,select_coverage_CBA_M1,,DAC,1137,4952,,,731,3334,priority,33500
76,6,74,Nursery,10368,5,not_recom,1,select_coverage_CBA_M1,,exact,1137,4952,730.0,3329.0,716,3254,priority,81220
76,6,74,Nursery,10368,5,not_recom,2,select_coverage,1.0,exact,1346,5863,896.0,4064.0,879,3975,not_recom,98656
76,6,74,Nursery,10368,5,not_recom,2,select_coverage,2.0,exact,2813,12583,1824.0,8473.0,1781,8250,not_recom,204816
76,6,74,Nursery,10368,5,not_recom,2,select_coverage,3.0,exact,4263,19044,2666.0,12416.0,2598,12070,not_recom,302128
76,6,74,Nursery,10368,5,not_recom,2,select_coverage,4.0,exact,5560,24836,3365.0,15684.0,3275,15234,not_recom,384576
76,6,74,Nursery,10368,5,not_recom,2,select_coverage_CBA_M1,,exact,1105,4801,707.0,3220.0,694,3150,priority,78660
76,6,76,Nursery,10368,5,not_recom,1,select_coverage,1.0,DAC,1350,5889,,,885,4020,very_recom,39804
76,6,76,Nursery,10368,5,not_recom,1,select_coverage,1.0,exact,1350,5889,883.0,4010.0,861,3891,not_recom,97584
76,6,76,Nursery,10368,5,not_recom,1,select_coverage,2.0,DAC,2806,12592,,,1820,8498,not_recom,84088
76,6,76,Nursery,10368,5,not_recom,1,select_coverage,2.0,exact,2806,12592,1816.0,8479.0,1752,8138,not_recom,204044
76,6,76,Nursery,10368,5,not_recom,1,select_coverage,3.0,DAC,4257,19065,,,2641,12346,not_recom,127392
76,6,76,Nursery,10368,5,not_recom,1,select_coverage,3.0,exact,4257,19065,2632.0,12303.0,2545,11846,not_recom,299232
76,6,76,Nursery,10368,5,not_recom,1,select_coverage,4.0,DAC,5495,24611,,,3311,15487,very_recom,164432
76,6,76,Nursery,10368,5,not_recom,1,select_coverage,4.0,exact,5495,24611,3298.0,15425.0,3189,14862,not_recom,377936
76,6,76,Nursery,10368,5,not_recom,1,select_coverage_CBA_M1,,DAC,1124,4895,,,714,3253,priority,33116
76,6,76,Nursery,10368,5,not_recom,1,select_coverage_CBA_M1,,exact,1124,4895,712.0,3243.0,698,3163,priority,79420
76,6,76,Nursery,10368,5,not_recom,2,select_coverage,1.0,exact,1349,5884,882.0,4005.0,860,3886,not_recom,97476
76,6,76,Nursery,10368,5,not_recom,2,select_coverage,2.0,exact,2805,12587,1815.0,8474.0,1751,8133,not_recom,203936
76,6,76,Nursery,10368,5,not_recom,2,select_coverage,3.0,exact,4256,19064,2632.0,12306.0,2545,11849,not_recom,299252
76,6,76,Nursery,10368,5,not_recom,2,select_coverage,4.0,exact,5500,24637,3299.0,15432.0,3190,14869,not_recom,378144
76,6,76,Nursery,10368,5,not_recom,2,select_coverage_CBA_M1,,exact,1081,4692,681.0,3093.0,667,3013,priority,75920
76,6,100,Nursery,10368,5,not_recom,1,select_coverage,1.0,DAC,1366,5945,,,922,4182,very_recom,40220
76,6,100,Nursery,10368,5,not_recom,1,select_coverage,1.0,exact,1366,5945,921.0,4177.0,886,3992,not_recom,100704
76,6,100,Nursery,10368,5,not_recom,1,select_coverage,2.0,DAC,2799,12467,,,1811,8391,not_recom,83504
76,6,100,Nursery,10368,5,not_recom,1,select_coverage,2.0,exact,2799,12467,1808.0,8377.0,1748,8060,not_recom,202440
76,6,100,Nursery,10368,5,not_recom,1,select_coverage,3.0,DAC,4290,19108,,,2675,12435,not_recom,127960
76,6,100,Nursery,10368,5,not_recom,1,select_coverage,3.0,exact,4290,19108,2669.0,12405.0,2582,11950,not_recom,302004
76,6,100,Nursery,10368,5,not_recom,1,select_coverage,4.0,DAC,5537,24682,,,3366,15680,not_recom,165220
76,6,100,Nursery,10368,5,not_recom,1,select_coverage,4.0,exact,5537,24682,3360.0,15650.0,3250,15085,not_recom,382988
76,6,100,Nursery,10368,5,not_recom,1,select_coverage_CBA_M1,,DAC,1113,4832,,,718,3268,priority,32732
76,6,100,Nursery,10368,5,not_recom,1,select_coverage_CBA_M1,,exact,1113,4832,718.0,3268.0,687,3104,priority,79320
76,6,100,Nursery,10368,5,not_recom,2,select_coverage,1.0,exact,1366,5945,921.0,4177.0,886,3992,not_recom,100704
76,6,100,Nursery,10368,5,not_recom,2,select_coverage,2.0,exact,2801,12476,1809.0,8381.0,1749,8064,not_recom,202556
76,6,100,Nursery,10368,5,not_recom,2,select_coverage,3.0,exact,4292,19119,2671.0,12415.0,2584,11960,not_recom,302224
76,6,100,Nursery,10368,5,not_recom,2,select_coverage,4.0,exact,5543,24712,3363.0,15665.0,3254,15105,not_recom,383392
76,6,100,Nursery,10368,5,not_recom,2,select_coverage_CBA_M1,,exact,1063,4581,682.0,3088.0,653,2934,priority,75188
76,6,114,Nursery,10368,5,not_recom,1,select_coverage,1.0,DAC,1337,5841,,,920,4188,recommend,39456
76,6,114,Nursery,10368,5,not_recom,1,select_coverage,1.0,exact,1337,5841,920.0,4188.0,896,4068,not_recom,100588
76,6,114,Nursery,10368,5,not_recom,1,select_coverage,2.0,DAC,2711,12085,,,1803,8331,recommend,80920
76,6,114,Nursery,10368,5,not_recom,1,select_coverage,2.0,exact,2711,12085,1801.0,8321.0,1749,8055,not_recom,200332
76,6,114,Nursery,10368,5,not_recom,1,select_coverage,3.0,DAC,4189,18661,,,2596,12063,recommend,124960
76,6,114,Nursery,10368,5,not_recom,1,select_coverage,3.0,exact,4189,18661,2587.0,12020.0,2506,11594,not_recom,293316
76,6,114,Nursery,10368,5,not_recom,1,select_coverage,4.0,DAC,5435,24204,,,3302,15347,recommend,162084
76,6,114,Nursery,10368,5,not_recom,1,select_coverage,4.0,exact,5435,24204,3287.0,15277.0,3193,14794,not_recom,374916
76,6,114,Nursery,10368,5,not_recom,1,select_coverage_CBA_M1,,DAC,1107,4834,,,720,3302,priority,32668
76,6,114,Nursery,10368,5,not_recom,1,select_coverage_CBA_M1,,exact,1107,4834,720.0,3302.0,708,3234,priority,80080
76,6,114,Nursery,10368,5,not_recom,2,select_coverage,1.0,exact,1337,5841,920.0,4188.0,896,4068,not_recom,100588
76,6,114,Nursery,10368,5,not_recom,2,select_coverage,2.0,exact,2711,12085,1801.0,8321.0,1749,8055,not_recom,200332
76,6,114,Nursery,10368,5,not_recom,2,select_coverage,3.0,exact,4190,18669,2589.0,12032.0,2508,11606,not_recom,293540
76,6,114,Nursery,10368,5,not_recom,2,select_coverage,4.0,exact,5440,24232,3290.0,15293.0,3196,14810,not_recom,375300
76,6,114,Nursery,10368,5,not_recom,2,select_coverage_CBA_M1,,exact,1069,4657,689.0,3157.0,678,3094,priority,76744
76,6,133,Nursery,10368,5,not_recom,1,select_coverage,1.0,DAC,1369,5967,,,911,4158,not_recom,40344
76,6,133,Nursery,10368,5,not_recom,1,select_coverage,1.0,exact,1369,5967,910.0,4154.0,887,4036,not_recom,100348
76,6,133,Nursery,10368,5,not_recom,1,select_coverage,2.0,DAC,2770,12318,,,1783,8243,recommend,82560
76,6,133,Nursery,10368,5,not_recom,1,select_coverage,2.0,exact,2770,12318,1779.0,8226.0,1726,7955,not_recom,199428
76,6,133,Nursery,10368,5,not_recom,1,select_coverage,3.0,DAC,4215,18755,,,2601,12055,recommend,125648
76,6,133,Nursery,10368,5,not_recom,1,select_coverage,3.0,exact,4215,18755,2594.0,12025.0,2517,11645,not_recom,294252
76,6,133,Nursery,10368,5,not_recom,1,select_coverage,4.0,DAC,5503,24488,,,3302,15306,recommend,164036
76,6,133,Nursery,10368,5,not_recom,1,select_coverage,4.0,exact,5503,24488,3288.0,15245.0,3194,14785,not_recom,375936
76,6,133,Nursery,10368,5,not_recom,1,select_coverage_CBA_M1,,DAC,1139,4951,,,725,3325,priority,33520
76,6,133,Nursery,10368,5,not_recom,1,select_coverage_CBA_M1,,exact,1139,4951,725.0,3325.0,708,3233,priority,80876
76,6,133,Nursery,10368,5,not_recom,2,select_coverage,1.0,exact,1369,5967,910.0,4154.0,887,4036,not_recom,100348
76,6,133,Nursery,10368,5,not_recom,2,select_coverage,2.0,exact,2770,12318,1780.0,8230.0,1727,7959,not_recom,199508
76,6,133,Nursery,10368,5,not_recom,2,select_coverage,3.0,exact,4221,18788,2597.0,12043.0,2520,11663,not_recom,294672
76,6,133,Nursery,10368,5,not_recom,2,select_coverage,4.0,exact,5508,24515,3293.0,15272.0,3198,14806,not_recom,376476
76,6,133,Nursery,10368,5,not_recom,2,select_coverage_CBA_M1,,exact,1097,4747,693.0,3169.0,676,3077,priority,77276
76,6,138,Nursery,10368,5,not_recom,1,select_coverage,1.0,DAC,1373,5984,,,905,4102,very_recom,40460
76,6,138,Nursery,10368,5,not_recom,1,select_coverage,1.0,exact,1373,5984,905.0,4102.0,870,3925,not_recom,99524
76,6,138,Nursery,10368,5,not_recom,1,select_coverage,2.0,DAC,2781,12400,,,1798,8320,recommend,83020
76,6,138,Nursery,10368,5,not_recom,1,select_coverage,2.0,exact,2781,12400,1793.0,8295.0,1725,7957,not_recom,200712
76,6,138,Nursery,10368,5,not_recom,1,select_coverage,3.0,DAC,4262,19003,,,2676,12409,recommend,127204
76,6,138,Nursery,10368,5,not_recom,1,select_coverage,3.0,exact,4262,19003,2670.0,12381.0,2582,11941,not_recom,301500
76,6,138,Nursery,10368,5,not_recom,1,select_coverage,4.0,DAC,5555,24795,,,3401,15811,recommend,165888
76,6,138,Nursery,10368,5,not_recom,1,select_coverage,4.0,exact,5555,24795,3390.0,15762.0,3274,15190,not_recom,385748
76,6,138,Nursery,10368,5,not_recom,1,select_coverage_CBA_M1,,DAC,1116,4862,,,695,3175,priority,32888
76,6,138,Nursery,10368,5,not_recom,1,select_coverage_CBA_M1,,exact,1116,4862,695.0,3175.0,670,3044,priority,77724
76,6,138,Nursery,10368,5,not_recom,2,select_coverage,1.0,exact,1373,5985,905.0,4103.0,869,3920,not_recom,99512
76,6,138,Nursery,10368,5,not_recom,2,select_coverage,2.0,exact,2785,12421,1797.0,8316.0,1727,7967,not_recom,201112
76,6,138,Nursery,10368,5,not_recom,2,select_coverage,3.0,exact,4266,19025,2672.0,12394.0,2584,11954,not_recom,301788
76,6,138,Nursery,10368,5,not_recom,2,select_coverage,4.0,exact,5561,24829,3396.0,15795.0,3280,15223,not_recom,386436
76,6,138,Nursery,10368,5,not_recom,2,select_coverage_CBA_M1,,exact,1102,4786,686.0,3123.0,660,2988,priority,76556
76,6,148,Nursery,10368,5,not_recom,1,select_coverage,1.0,DAC,1345,5891,,,923,4211,recommend,39752
76,6,148,Nursery,10368,5,not_recom,1,select_coverage,1.0,exact,1345,5891,922.0,4206.0,893,4064,not_recom,100940
76,6,148,Nursery,10368,5,not_recom,1,select_coverage,2.0,DAC,2767,12372,,,1849,8577,recommend,82740
76,6,148,Nursery,10368,5,not_recom,1,select_coverage,2.0,exact,2767,12372,1844.0,8554.0,1773,8198,not_recom,205048
76,6,148,Nursery,10368,5,not_recom,1,select_coverage,3.0,DAC,4233,18854,,,2675,12409,recommend,126260
76,6,148,Nursery,10368,5,not_recom,1,select_coverage,3.0,exact,4233,18854,2669.0,12381.0,2570,11889,not_recom,300648
76,6,148,Nursery,10368,5,not_recom,1,select_coverage,4.0,DAC,5498,24459,,,3338,15488,recommend,163860
76,6,148,Nursery,10368,5,not_recom,1,select_coverage,4.0,exact,5498,24459,3327.0,15437.0,3205,14835,not_recom,378660
76,6,148,Nursery,10368,5,not_recom,1,select_coverage_CBA_M1,,DAC,1137,4984,,,747,3435,priority,33628
76,6,148,Nursery,10368,5,not_recom,1,select_coverage_CBA_M1,,exact,1137,4984,747.0,3435.0,727,3331,spec_prior,82896
76,6,148,Nursery,10368,5,not_recom,2,select_coverage,1.0,exact,1345,5891,922.0,4206.0,893,4064,not_recom,100940
76,6,148,Nursery,10368,5,not_recom,2,select_coverage,2.0,exact,2767,12372,1844.0,8554.0,1773,8198,not_recom,205048
76,6,148,Nursery,10368,5,not_recom,2,select_coverage,3.0,exact,4235,18864,2671.0,12390.0,2572,11898,not_recom,300856
76,6,148,Nursery,10368,5,not_recom,2,select_coverage,4.0,exact,5506,24500,3331.0,15459.0,3208,14852,not_recom,379172
76,6,148,Nursery,10368,5,not_recom,2,select_coverage_CBA_M1,,exact,1084,4729,701.0,3213.0,684,3124,priority,77952
76,7,5,Nursery,10368,5,not_recom,1,select_coverage,1.0,DAC,1454,6347,,,997,4541,recommend,42892
76,7,5,Nursery,10368,5,not_recom,1,select_coverage,1.0,exact,1454,6347,995.0,4532.0,966,4379,not_recom,108832
76,7,5,Nursery,10368,5,not_recom,1,select_coverage,2.0,DAC,3014,13471,,,1954,9092,recommend,90108
76,7,5,Nursery,10368,5,not_recom,1,select_coverage,2.0,exact,3014,13471,1946.0,9053.0,1885,8738,not_recom,218496
76,7,5,Nursery,10368,5,not_recom,1,select_coverage,3.0,DAC,4711,21058,,,2897,13521,very_recom,140820
76,7,5,Nursery,10368,5,not_recom,1,select_coverage,3.0,exact,4711,21058,2878.0,13428.0,2786,12967,not_recom,327996
76,7,5,Nursery,10368,5,not_recom,1,select_coverage,4.0,DAC,6233,27923,,,3744,17514,recommend,186544
76,7,5,Nursery,10368,5,not_recom,1,select_coverage,4.0,exact,6233,27923,3720.0,17398.0,3581,16711,not_recom,426728
76,7,5,Nursery,10368,5,not_recom,1,select_coverage_CBA_M1,,DAC,1304,5698,,,872,3994,priority,38496
76,7,5,Nursery,10368,5,not_recom,1,select_coverage_CBA_M1,,exact,1304,5698,871.0,3989.0,845,3849,not_recom,95992
76,7,5,Nursery,10368,5,not_recom,2,select_coverage,1.0,exact,1454,6347,995.0,4532.0,966,4379,not_recom,108832
76,7,5,Nursery,10368,5,not_recom,2,select_coverage,2.0,exact,3013,13468,1945.0,9050.0,1885,8739,not_recom,218428
76,7,5,Nursery,10368,5,not_recom,2,select_coverage,3.0,exact,4712,21065,2881.0,13443.0,2788,12977,not_recom,328268
76,7,5,Nursery,10368,5,not_recom,2,select_coverage,4.0,exact,6234,27928,3723.0,17412.0,3584,16725,not_recom,427004
76,7,5,Nursery,10368,5,not_recom,2,select_coverage_CBA_M1,,exact,1247,5418,819.0,3733.0,796,3608,not_recom,90388
76,7,14,Nursery,10368,5,priority,1,select_coverage,1.0,DAC,1455,6350,,,978,4449,recommend,42916
76,7,14,Nursery,10368,5,priority,1,select_coverage,1.0,exact,1455,6350,978.0,4449.0,942,4271,priority,107264
76,7,14,Nursery,10368,5,priority,1,select_coverage,2.0,DAC,3010,13436,,,1962,9101,recommend,89920
76,7,14,Nursery,10368,5,priority,1,select_coverage,2.0,exact,3010,13436,1959.0,9086.0,1893,8758,priority,219192
76,7,14,Nursery,10368,5,priority,1,select_coverage,3.0,DAC,4714,21069,,,2919,13599,very_recom,140900
76,7,14,Nursery,10368,5,priority,1,select_coverage,3.0,exact,4714,21069,2907.0,13538.0,2802,13026,priority,330108
76,7,14,Nursery,10368,5,priority,1,select_coverage,4.0,DAC,6208,27824,,,3739,17475,very_recom,185848
76,7,14,Nursery,10368,5,priority,1,select_coverage,4.0,exact,6208,27824,3719.0,17379.0,3584,16717,priority,426232
76,7,14,Nursery,10368,5,priority,1,select_coverage_CBA_M1,,DAC,1283,5603,,,845,3867,priority,37864
76,7,14,Nursery,10368,5,priority,1,select_coverage_CBA_M1,,exact,1283,5603,845.0,3867.0,819,3733,priority,93412
76,7,14,Nursery,10368,5,priority,2,select_coverage,1.0,exact,1455,6350,978.0,4449.0,942,4271,priority,107264
76,7,14,Nursery,10368,5,priority,2,select_coverage,2.0,exact,3011,13443,1960.0,9093.0,1894,8765,priority,219324
76,7,14,Nursery,10368,5,priority,2,select_coverage,3.0,exact,4718,21089,2908.0,13544.0,2803,13032,priority,330284
76,7,14,Nursery,10368,5,priority,2,select_coverage,4.0,exact,6213,27851,3722.0,17395.0,3586,16728,priority,426592
76,7,14,Nursery,10368,5,priority,2,select_coverage_CBA_M1,,exact,1238,5381,808.0,3686.0,784,3561,priority,89336
76,7,17,Nursery,10368,5,priority,1,select_coverage,1.0,DAC,1490,6477,,,1002,4543,recommend,43844
76,7,17,Nursery,10368,5,priority,1,select_coverage,1.0,exact,1490,6477,1000.0,4534.0,965,4353,priority,109496
76,7,17,Nursery,10368,5,priority,1,select_coverage,2.0,DAC,3036,13487,,,1950,9010,priority,90436
76,7,17,Nursery,10368,5,priority,1,select_coverage,2.0,exact,3036,13487,1945.0,8986.0,1870,8605,priority,217712
76,7,17,Nursery,10368,5,priority,1,select_coverage,3.0,DAC,4700,20899,,,2862,13273,priority,140052
76,7,17,Nursery,10368,5,priority,1,select_coverage,3.0,exact,4700,20899,2853.0,13229.0,2743,12671,priority,324180
76,7,17,Nursery,10368,5,priority,1,select_coverage,4.0,DAC,6198,27592,,,3661,16983,priority,184800
76,7,17,Nursery,10368,5,priority,1,select_coverage,4.0,exact,6198,27592,3649.0,16924.0,3509,16224,priority,418152
76,7,17,Nursery,10368,5,priority,1,select_coverage_CBA_M1,,DAC,1329,5784,,,863,3943,priority,39140
76,7,17,Nursery,10368,5,priority,1,select_coverage_CBA_M1,,exact,1329,5784,862.0,3938.0,831,3774,spec_prior,95400
76,7,17,Nursery,10368,5,priority,2,select_coverage,1.0,exact,1490,6477,1000.0,4534.0,965,4353,priority,109496
76,7,17,Nursery,10368,5,priority,2,select_coverage,2.0,exact,3036,13488,1945.0,8986.0,1870,8605,priority,217716
76,7,17,Nursery,10368,5,priority,2,select_coverage,3.0,exact,4701,20904,2854.0,13234.0,2744,12676,priority,324288
76,7,17,Nursery,10368,5,priority,2,select_coverage,4.0,exact,6200,27602,3649.0,16924.0,3509,16224,priority,418192
76,7,17,Nursery,10368,5,priority,2,select_coverage_CBA_M1,,exact,1265,5471,804.0,3653.0,775,3499,priority,89124
76,7,19,Nursery,10368,5,not_recom,1,select_coverage,1.0,DAC,1485,6456,,,978,4434,not_recom,43700
76,7,19,Nursery,10368,5,not_recom,1,select_coverage,1.0,exact,1485,6456,978.0,4434.0,944,4260,not_recom,107584
76,7,19,Nursery,10368,5,not_recom,1,select_coverage,2.0,DAC,3044,13519,,,1954,9009,not_recom,90660
76,7,19,Nursery,10368,5,not_recom,1,select_coverage,2.0,exact,3044,13519,1948.0,8981.0,1889,8681,not_recom,218268
76,7,19,Nursery,10368,5,not_recom,1,select_coverage,3.0,DAC,4654,20681,,,2875,13309,not_recom,138628
76,7,19,Nursery,10368,5,not_recom,1,select_coverage,3.0,exact,4654,20681,2863.0,13254.0,2775,12802,not_recom,324412
76,7,19,Nursery,10368,5,not_recom,1,select_coverage,4.0,DAC,6147,27376,,,3670,17029,very_recom,183324
76,7,19,Nursery,10368,5,not_recom,1,select_coverage,4.0,exact,6147,27376,3649.0,16932.0,3531,16337,not_recom,417772
76,7,19,Nursery,10368,5,not_recom,1,select_coverage_CBA_M1,,DAC,1320,5747,,,849,3874,priority,38884
76,7,19,Nursery,10368,5,not_recom,1,select_coverage_CBA_M1,,exact,1320,5747,849.0,3874.0,823,3734,priority,94212
76,7,19,Nursery,10368,5,not_recom,2,select_coverage,1.0,exact,1485,6456,978.0,4434.0,944,4260,not_recom,107584
76,7,19,Nursery,10368,5,not_recom,2,select_coverage,2.0,exact,3044,13521,1947.0,8978.0,1888,8678,not_recom,218204
76,7,19,Nursery,10368,5,not_recom,2,select_coverage,3.0,exact,4651,20671,2862.0,13251.0,2774,12799,not_recom,324300
76,7,19,Nursery,10368,5,not_recom,2,select_coverage,4.0,exact,6149,27386,3650.0,16936.0,3532,16341,not_recom,417892
76,7,19,Nursery,10368,5,not_recom,2,select_coverage_CBA_M1,,exact,1255,5435,801.0,3642.0,776,3507,priority,88824
76,7,29,Nursery,10368,5,not_recom,1,select_coverage,1.0,DAC,1474,6375,,,968,4367,recommend,43244
76,7,29,Nursery,10368,5,not_recom,1,select_coverage,1.0,exact,1474,6375,967.0,4362.0,936,4205,not_recom,106224
76,7,29,Nursery,10368,5,not_recom,1,select_coverage,2.0,DAC,3016,13356,,,1951,8989,recommend,89672
76,7,29,Nursery,10368,5,not_recom,1,select_coverage,2.0,exact,3016,13356,1947.0,8969.0,1888,8678,not_recom,217508
76,7,29,Nursery,10368,5,not_recom,1,select_coverage,3.0,DAC,4641,20597,,,2886,13391,priority,138136
76,7,29,Nursery,10368,5,not_recom,1,select_coverage,3.0,exact,4641,20597,2876.0,13345.0,2777,12859,not_recom,325292
76,7,29,Nursery,10368,5,not_recom,1,select_coverage,4.0,DAC,6110,27179,,,3723,17285,priority,182092
76,7,29,Nursery,10368,5,not_recom,1,select_coverage,4.0,exact,6110,27179,3707.0,17212.0,3574,16572,not_recom,421828
76,7,29,Nursery,10368,5,not_recom,1,select_coverage_CBA_M1,,DAC,1311,5673,,,834,3785,priority,38480
76,7,29,Nursery,10368,5,not_recom,1,select_coverage_CBA_M1,,exact,1311,5673,833.0,3780.0,811,3664,priority,92492
76,7,29,Nursery,10368,5,not_recom,2,select_coverage,1.0,exact,1474,6375,967.0,4362.0,936,4205,not_recom,106224
76,7,29,Nursery,10368,5,not_recom,2,select_coverage,2.0,exact,3017,13361,1948.0,8974.0,1889,8683,not_recom,217616
76,7,29,Nursery,10368,5,not_recom,2,select_coverage,3.0,exact,4647,20628,2879.0,13360.0,2780,12874,not_recom,325680
76,7,29,Nursery,10368,5,not_recom,2,select_coverage,4.0,exact,6113,27198,3708.0,17220.0,3574,16575,not_recom,421996
76,7,29,Nursery,10368,5,not_recom,2,select_coverage_CBA_M1,,exact,1251,5381,786.0,3552.0,767,3451,priority,87304
76,7,31,Nursery,10368,4,not_recom,1,select_coverage,1.0,DAC,1462,6343,,,962,4358,not_recom,42972
76,7,31,Nursery,10368,4,not_recom,1,select_coverage,1.0,exact,1462,6343,962.0,4358.0,929,4186,not_recom,98060
76,7,31,Nursery,10368,4,not_recom,1,select_coverage,2.0,DAC,3040,13519,,,1949,9017,not_recom,90612
76,7,31,Nursery,10368,4,not_recom,1,select_coverage,2.0,exact,3040,13519,1946.0,9003.0,1872,8625,not_recom,202460
76,7,31,Nursery,10368,4,not_recom,1,select_coverage,3.0,DAC,4723,21063,,,2895,13477,not_recom,140984
76,7,31,Nursery,10368,4,not_recom,1,select_coverage,3.0,exact,4723,21063,2886.0,13436.0,2789,12951,not_recom,305272
76,7,31,Nursery,10368,4,not_recom,1,select_coverage,4.0,DAC,6196,27724,,,3687,17236,not_recom,185304
76,7,31,Nursery,10368,4,not_recom,1,select_coverage,4.0,exact,6196,27724,3673.0,17170.0,3544,16538,not_recom,392680
76,7,31,Nursery,10368,4,not_recom,1,select_coverage_CBA_M1,,DAC,1313,5715,,,853,3896,priority,38672
76,7,31,Nursery,10368,4,not_recom,1,select_coverage_CBA_M1,,exact,1313,5715,853.0,3896.0,824,3741,not_recom,87560
76,7,31,Nursery,10368,4,not_recom,2,select_coverage,1.0,exact,1462,6343,962.0,4358.0,929,4186,not_recom,98060
76,7,31,Nursery,10368,4,not_recom,2,select_coverage,2.0,exact,3042,13530,1948.0,9014.0,1874,8636,not_recom,202672
76,7,31,Nursery,10368,4,not_recom,2,select_coverage,3.0,exact,4724,21071,2887.0,13443.0,2790,12958,not_recom,305400
76,7,31,Nursery,10368,4,not_recom,2,select_coverage,4.0,exact,6203,27762,3677.0,17192.0,3547,16555,not_recom,393148
76,7,31,Nursery,10368,4,not_recom,2,select_coverage_CBA_M1,,exact,1263,5471,817.0,3717.0,791,3577,not_recom,83772
76,7,34,Nursery,10368,5,not_recom,1,select_coverage,1.0,DAC,1439,6269,,,960,4359,recommend,42400
76,7,34,Nursery,10368,5,not_recom,1,select_coverage,1.0,exact,1439,6269,957.0,4344.0,932,4225,not_recom,105328
76,7,34,Nursery,10368,5,not_recom,1,select_coverage,2.0,DAC,2984,13320,,,1954,9062,very_recom,89144
76,7,34,Nursery,10368,5,not_recom,1,select_coverage,2.0,exact,2984,13320,1948.0,9032.0,1893,8764,not_recom,218008
76,7,34,Nursery,10368,5,not_recom,1,select_coverage,3.0,DAC,4619,20607,,,2892,13458,very_recom,137912
76,7,34,Nursery,10368,5,not_recom,1,select_coverage,3.0,exact,4619,20607,2880.0,13400.0,2794,12975,not_recom,326208
76,7,34,Nursery,10368,5,not_recom,1,select_coverage,4.0,DAC,6077,27162,,,3683,17179,very_recom,181628
76,7,34,Nursery,10368,5,not_recom,1,select_coverage,4.0,exact,6077,27162,3664.0,17089.0,3550,16527,not_recom,419024
76,7,34,Nursery,10368,5,not_recom,1,select_coverage_CBA_M1,,DAC,1274,5543,,,829,3773,priority,37516
76,7,34,Nursery,10368,5,not_recom,1,select_coverage_CBA_M1,,exact,1274,5543,827.0,3763.0,809,3672,not_recom,91648
76,7,34,Nursery,10368,5,not_recom,2,select_coverage,1.0,exact,1438,6265,956.0,4340.0,931,4221,not_recom,105232
76,7,34,Nursery,10368,5,not_recom,2,select_coverage,2.0,exact,2983,13316,1947.0,9028.0,1892,8760,not_recom,217912
76,7,34,Nursery,10368,5,not_recom,2,select_coverage,3.0,exact,4620,20613,2881.0,13405.0,2795,12980,not_recom,326320
76,7,34,Nursery,10368,5,not_recom,2,select_coverage,4.0,exact,6083,27190,3668.0,17107.0,3553,16541,not_recom,419456
76,7,34,Nursery,10368,5,not_recom,2,select_coverage_CBA_M1,,exact,1223,5287,789.0,3572.0,774,3496,priority,87332
76,7,42,Nursery,10368,4,not_recom,1,select_coverage,1.0,DAC,1422,6189,,,950,4318,not_recom,41876
76,7,42,Nursery,10368,4,not_recom,1,select_coverage,1.0,exact,1422,6189,949.0,4314.0,910,4117,not_recom,96472
76,7,42,Nursery,10368,4,not_recom,1,select_coverage,2.0,DAC,2965,13215,,,1904,8820,very_recom,88496
76,7,42,Nursery,10368,4,not_recom,1,select_coverage,2.0,exact,2965,13215,1902.0,8812.0,1826,8433,not_recom,197952
76,7,42,Nursery,10368,4,not_recom,1,select_coverage,3.0,DAC,4596,20513,,,2826,13175,very_recom,137260
76,7,42,Nursery,10368,4,not_recom,1,select_coverage,3.0,exact,4596,20513,2817.0,13135.0,2707,12597,not_recom,297692
76,7,42,Nursery,10368,4,not_recom,1,select_coverage,4.0,DAC,6074,27189,,,3644,17038,very_recom,181700
76,7,42,Nursery,10368,4,not_recom,1,select_coverage,4.0,exact,6074,27189,3625.0,16950.0,3476,16235,not_recom,386528
76,7,42,Nursery,10368,4,not_recom,1,select_coverage_CBA_M1,,DAC,1266,5506,,,813,3716,priority,37272
76,7,42,Nursery,10368,4,not_recom,1,select_coverage_CBA_M1,,exact,1266,5506,812.0,3712.0,784,3562,priority,83632
76,7,42,Nursery,10368,4,not_recom,2,select_coverage,1.0,exact,1420,6181,947.0,4306.0,909,4113,not_recom,96312
76,7,42,Nursery,10368,4,not_recom,2,select_coverage,2.0,exact,2966,13219,1901.0,8808.0,1824,8424,not_recom,197876
76,7,42,Nursery,10368,4,not_recom,2,select_coverage,3.0,exact,4595,20509,2816.0,13131.0,2706,12593,not_recom,297604
76,7,42,Nursery,10368,4,not_recom,2,select_coverage,4.0,exact,6075,27193,3624.0,16946.0,3476,16235,not_recom,386488
76,7,42,Nursery,10368,4,not_recom,2,select_coverage_CBA_M1,,exact,1195,5164,758.0,3451.0,735,3326,priority,78116
76,7,49,Nursery,10368,5,not_recom,1,select_coverage,1.0,DAC,1456,6330,,,981,4432,recommend,42848
76,7,49,Nursery,10368,5,not_recom,1,select_coverage,1.0,exact,1456,6330,979.0,4422.0,956,4312,not_recom,107288
76,7,49,Nursery,10368,5,not_recom,1,select_coverage,2.0,DAC,2985,13252,,,1922,8847,very_recom,88884
76,7,49,Nursery,10368,5,not_recom,1,select_coverage,2.0,exact,2985,13252,1915.0,8814.0,1854,8516,not_recom,214288
76,7,49,Nursery,10368,5,not_recom,1,select_coverage,3.0,DAC,4654,20719,,,2875,13353,very_recom,138780
76,7,49,Nursery,10368,5,not_recom,1,select_coverage,3.0,exact,4654,20719,2865.0,13305.0,2768,12822,not_recom,324944
76,7,49,Nursery,10368,5,not_recom,1,select_coverage,4.0,DAC,6135,27371,,,3667,17063,very_recom,183160
76,7,49,Nursery,10368,5,not_recom,1,select_coverage,4.0,exact,6135,27371,3650.0,16980.0,3511,16302,not_recom,417852
76,7,49,Nursery,10368,5,not_recom,1,select_coverage_CBA_M1,,DAC,1272,5534,,,834,3785,priority,37456
76,7,49,Nursery,10368,5,not_recom,1,select_coverage_CBA_M1,,exact,1272,5534,833.0,3780.0,815,3691,priority,92044
76,7,49,Nursery,10368,5,not_recom,2,select_coverage,1.0,exact,1454,6322,979.0,4423.0,957,4317,not_recom,107280
76,7,49,Nursery,10368,5,not_recom,2,select_coverage,2.0,exact,2985,13252,1915.0,8814.0,1854,8516,not_recom,214288
76,7,49,Nursery,10368,5,not_recom,2,select_coverage,3.0,exact,4655,20725,2866.0,13311.0,2769,12828,not_recom,325064
76,7,49,Nursery,10368,5,not_recom,2,select_coverage,4.0,exact,6136,27376,3651.0,16985.0,3511,16302,not_recom,417940
76,7,49,Nursery,10368,5,not_recom,2,select_coverage_CBA_M1,,exact,1222,5294,796.0,3601.0,780,3521,priority,87912
76,7,63,Nursery,10368,5,not_recom,1,select_coverage,1.0,DAC,1493,6480,,,990,4497,very_recom,43892
76,7,63,Nursery,10368,5,not_recom,1,select_coverage,1.0,exact,1493,6480,989.0,4492.0,953,4316,not_recom,108664
76,7,63,Nursery,10368,5,not_recom,1,select_coverage,2.0,DAC,3075,13661,,,1967,9085,very_recom,91600
76,7,63,Nursery,10368,5,not_recom,1,select_coverage,2.0,exact,3075,13661,1960.0,9051.0,1880,8663,not_recom,219620
76,7,63,Nursery,10368,5,not_recom,1,select_coverage,3.0,DAC,4719,20991,,,2900,13440,very_recom,140648
76,7,63,Nursery,10368,5,not_recom,1,select_coverage,3.0,exact,4719,20991,2885.0,13367.0,2771,12804,not_recom,327168
76,7,63,Nursery,10368,5,not_recom,1,select_coverage,4.0,DAC,6240,27866,,,3720,17313,very_recom,186400
76,7,63,Nursery,10368,5,not_recom,1,select_coverage,4.0,exact,6240,27866,3702.0,17227.0,3560,16531,not_recom,424232
76,7,63,Nursery,10368,5,not_recom,1,select_coverage_CBA_M1,,DAC,1306,5661,,,835,3815,priority,38372
76,7,63,Nursery,10368,5,not_recom,1,select_coverage_CBA_M1,,exact,1306,5661,834.0,3810.0,807,3674,priority,92652
76,7,63,Nursery,10368,5,not_recom,2,select_coverage,1.0,exact,1493,6480,989.0,4492.0,953,4316,not_recom,108664
76,7,63,Nursery,10368,5,not_recom,2,select_coverage,2.0,exact,3075,13662,1959.0,9047.0,1880,8663,not_recom,219560
76,7,63,Nursery,10368,5,not_recom,2,select_coverage,3.0,exact,4720,20996,2885.0,13367.0,2771,12804,not_recom,327188
76,7,63,Nursery,10368,5,not_recom,2,select_coverage,4.0,exact,6241,27876,3704.0,17239.0,3562,16543,not_recom,424464
76,7,63,Nursery,10368,5,not_recom,2,select_coverage_CBA_M1,,exact,1250,5390,790.0,3597.0,765,3470,priority,87788
76,7,64,Nursery,10368,5,not_recom,1,select_coverage,1.0,DAC,1500,6488,,,974,4412,recommend,44008
76,7,64,Nursery,10368,5,not_recom,1,select_coverage,1.0,exact,1500,6488,973.0,4407.0,944,4266,not_recom,107388
76,7,64,Nursery,10368,5,not_recom,1,select_coverage,2.0,DAC,3099,13757,,,1934,8950,recommend,92272
76,7,64,Nursery,10368,5,not_recom,1,select_coverage,2.0,exact,3099,13757,1928.0,8921.0,1873,8653,not_recom,217908
76,7,64,Nursery,10368,5,not_recom,1,select_coverage,3.0,DAC,4713,20955,,,2840,13172,very_recom,140432
76,7,64,Nursery,10368,5,not_recom,1,select_coverage,3.0,exact,4713,20955,2832.0,13133.0,2742,12697,not_recom,323116
76,7,64,Nursery,10368,5,not_recom,1,select_coverage,4.0,DAC,6231,27795,,,3690,17170,recommend,186008
76,7,64,Nursery,10368,5,not_recom,1,select_coverage,4.0,exact,6231,27795,3672.0,17083.0,3542,16459,not_recom,421644
76,7,64,Nursery,10368,5,not_recom,1,select_coverage_CBA_M1,,DAC,1340,5799,,,848,3864,priority,39332
76,7,64,Nursery,10368,5,not_recom,1,select_coverage_CBA_M1,,exact,1340,5799,847.0,3859.0,821,3731,spec_prior,94252
76,7,64,Nursery,10368,5,not_recom,2,select_coverage,1.0,exact,1500,6488,973.0,4407.0,944,4266,not_recom,107388
76,7,64,Nursery,10368,5,not_recom,2,select_coverage,2.0,exact,3099,13758,1928.0,8922.0,1873,8654,not_recom,217920
76,7,64,Nursery,10368,5,not_recom,2,select_coverage,3.0,exact,4717,20974,2834.0,13143.0,2744,12707,not_recom,323368
76,7,64,Nursery,10368,5,not_recom,2,select_coverage,4.0,exact,6233,27806,3671.0,17078.0,3541,16454,not_recom,421600
76,7,64,Nursery,10368,5,not_recom,2,select_coverage_CBA_M1,,exact,1271,5463,790.0,3579.0,770,3480,priority,88048
76,7,65,Nursery,10368,5,not_recom,1,select_coverage,1.0,DAC,1485,6418,,,1007,4535,not_recom,43548
76,7,65,Nursery,10368,5,not_recom,1,select_coverage,1.0,exact,1485,6418,1004.0,4520.0,980,4406,priority,109608
76,7,65,Nursery,10368,5,not_recom,1,select_coverage,2.0,DAC,3015,13358,,,1946,8957,recommend,89668
76,7,65,Nursery,10368,5,not_recom,1,select_coverage,2.0,exact,3015,13358,1940.0,8927.0,1885,8653,not_recom,216912
76,7,65,Nursery,10368,5,not_recom,1,select_coverage,3.0,DAC,4652,20666,,,2883,13348,very_recom,138544
76,7,65,Nursery,10368,5,not_recom,1,select_coverage,3.0,exact,4652,20666,2864.0,13259.0,2769,12781,not_recom,324336
76,7,65,Nursery,10368,5,not_recom,1,select_coverage,4.0,DAC,6047,26886,,,3636,16858,recommend,180164
76,7,65,Nursery,10368,5,not_recom,1,select_coverage,4.0,exact,6047,26886,3605.0,16712.0,3485,16120,not_recom,411952
76,7,65,Nursery,10368,5,not_recom,1,select_coverage_CBA_M1,,DAC,1289,5570,,,847,3836,priority,37804
76,7,65,Nursery,10368,5,not_recom,1,select_coverage_CBA_M1,,exact,1289,5570,844.0,3821.0,830,3751,spec_prior,93120
76,7,65,Nursery,10368,5,not_recom,2,select_coverage,1.0,exact,1486,6422,1004.0,4520.0,980,4406,priority,109624
76,7,65,Nursery,10368,5,not_recom,2,select_coverage,2.0,exact,3016,13364,1941.0,8933.0,1885,8653,not_recom,217008
76,7,65,Nursery,10368,5,not_recom,2,select_coverage,3.0,exact,4655,20685,2866.0,13271.0,2770,12787,not_recom,324580
76,7,65,Nursery,10368,5,not_recom,2,select_coverage,4.0,exact,6049,26902,3606.0,16721.0,3485,16123,not_recom,412112
76,7,65,Nursery,10368,5,not_recom,2,select_coverage_CBA_M1,,exact,1203,5149,777.0,3494.0,768,3449,priority,85704
76,7,68,Nursery,10368,5,not_recom,1,select_coverage,1.0,DAC,1436,6244,,,962,4360,very_recom,42264
76,7,68,Nursery,10368,5,not_recom,1,select_coverage,1.0,exact,1436,6244,959.0,4345.0,925,4170,not_recom,105108
76,7,68,Nursery,10368,5,not_recom,1,select_coverage,2.0,DAC,2965,13121,,,1933,8892,very_recom,88120
76,7,68,Nursery,10368,5,not_recom,1,select_coverage,2.0,exact,2965,13121,1927.0,8862.0,1858,8509,not_recom,214504
76,7,68,Nursery,10368,5,not_recom,1,select_coverage,3.0,DAC,4645,20544,,,2885,13298,recommend,137972
76,7,68,Nursery,10368,5,not_recom,1,select_coverage,3.0,exact,4645,20544,2877.0,13260.0,2778,12767,not_recom,324420
76,7,68,Nursery,10368,5,not_recom,1,select_coverage,4.0,DAC,6085,26960,,,3667,16944,priority,180916
76,7,68,Nursery,10368,5,not_recom,1,select_coverage,4.0,exact,6085,26960,3644.0,16836.0,3522,16234,not_recom,415072
76,7,68,Nursery,10368,5,not_recom,1,select_coverage_CBA_M1,,DAC,1267,5521,,,823,3761,priority,37344
76,7,68,Nursery,10368,5,not_recom,1,select_coverage_CBA_M1,,exact,1267,5521,820.0,3746.0,797,3620,priority,90948
76,7,68,Nursery,10368,5,not_recom,2,select_coverage,1.0,exact,1435,6240,958.0,4341.0,924,4166,not_recom,105012
76,7,68,Nursery,10368,5,not_recom,2,select_coverage,2.0,exact,2967,13131,1928.0,8868.0,1858,8509,not_recom,214616
76,7,68,Nursery,10368,5,not_recom,2,select_coverage,3.0,exact,4647,20555,2879.0,13271.0,2779,12772,not_recom,324624
76,7,68,Nursery,10368,5,not_recom,2,select_coverage,4.0,exact,6088,26980,3646.0,16851.0,3523,16241,not_recom,415336
76,7,68,Nursery,10368,5,not_recom,2,select_coverage_CBA_M1,,exact,1214,5263,779.0,3544.0,758,3427,priority,86368
76,7,74,Nursery,10368,5,not_recom,1,select_coverage,1.0,DAC,1488,6471,,,1006,4566,recommend,43796
76,7,74,Nursery,10368,5,not_recom,1,select_coverage,1.0,exact,1488,6471,1003.0,4551.0,978,4415,not_recom,109932
76,7,74,Nursery,10368,5,not_recom,1,select_coverage,2.0,DAC,3082,13754,,,2002,9313,very_recom,92056
76,7,74,Nursery,10368,5,not_recom,1,select_coverage,2.0,exact,3082,13754,1993.0,9268.0,1936,8968,not_recom,223664
76,7,74,Nursery,10368,5,not_recom,1,select_coverage,3.0,DAC,4725,21060,,,2950,13722,very_recom,140996
76,7,74,Nursery,10368,5,not_recom,1,select_coverage,3.0,exact,4725,21060,2934.0,13643.0,2850,13210,not_recom,332524
76,7,74,Nursery,10368,5,not_recom,1,select_coverage,4.0,DAC,6192,27658,,,3711,17308,recommend,184992
76,7,74,Nursery,10368,5,not_recom,1,select_coverage,4.0,exact,6192,27658,3683.0,17169.0,3565,16570,not_recom,422412
76,7,74,Nursery,10368,5,not_recom,1,select_coverage_CBA_M1,,DAC,1334,5803,,,879,4011,priority,39276
76,7,74,Nursery,10368,5,not_recom,1,select_coverage_CBA_M1,,exact,1334,5803,877.0,4001.0,856,3883,spec_prior,96884
76,7,74,Nursery,10368,5,not_recom,2,select_coverage,1.0,exact,1488,6471,1003.0,4551.0,978,4415,not_recom,109932
76,7,74,Nursery,10368,5,not_recom,2,select_coverage,2.0,exact,3082,13754,1993.0,9268.0,1936,8968,not_recom,223664
76,7,74,Nursery,10368,5,not_recom,2,select_coverage,3.0,exact,4727,21070,2934.0,13645.0,2850,13212,not_recom,332580
76,7,74,Nursery,10368,5,not_recom,2,select_coverage,4.0,exact,6198,27690,3686.0,17186.0,3566,16577,not_recom,422780
76,7,74,Nursery,10368,5,not_recom,2,select_coverage_CBA_M1,,exact,1269,5491,828.0,3763.0,811,3665,priority,91460
76,7,76,Nursery,10368,5,not_recom,1,select_coverage,1.0,DAC,1444,6281,,,943,4285,recommend,42508
76,7,76,Nursery,10368,5,not_recom,1,select_coverage,1.0,exact,1444,6281,941.0,4275.0,911,4113,not_recom,103884
76,7,76,Nursery,10368,5,not_recom,1,select_coverage,2.0,DAC,2988,13350,,,1904,8836,recommend,89312
76,7,76,Nursery,10368,5,not_recom,1,select_coverage,2.0,exact,2988,13350,1898.0,8807.0,1827,8437,not_recom,213520
76,7,76,Nursery,10368,5,not_recom,1,select_coverage,3.0,DAC,4614,20573,,,2816,13107,recommend,137716
76,7,76,Nursery,10368,5,not_recom,1,select_coverage,3.0,exact,4614,20573,2806.0,13058.0,2711,12563,not_recom,319504
76,7,76,Nursery,10368,5,not_recom,1,select_coverage,4.0,DAC,6090,27231,,,3616,16872,very_recom,182060
76,7,76,Nursery,10368,5,not_recom,1,select_coverage,4.0,exact,6090,27231,3598.0,16787.0,3470,16129,not_recom,413332
76,7,76,Nursery,10368,5,not_recom,1,select_coverage_CBA_M1,,DAC,1299,5650,,,829,3781,priority,38244
76,7,76,Nursery,10368,5,not_recom,1,select_coverage_CBA_M1,,exact,1299,5650,828.0,3776.0,802,3631,priority,92012
76,7,76,Nursery,10368,5,not_recom,2,select_coverage,1.0,exact,1444,6281,941.0,4275.0,911,4113,not_recom,103884
76,7,76,Nursery,10368,5,not_recom,2,select_coverage,2.0,exact,2988,13350,1899.0,8811.0,1828,8441,not_recom,213600
76,7,76,Nursery,10368,5,not_recom,2,select_coverage,3.0,exact,4615,20578,2808.0,13067.0,2713,12571,not_recom,319688
76,7,76,Nursery,10368,5,not_recom,2,select_coverage,4.0,exact,6094,27250,3602.0,16805.0,3474,16147,not_recom,413744
76,7,76,Nursery,10368,5,not_recom,2,select_coverage_CBA_M1,,exact,1245,5386,784.0,3559.0,760,3423,priority,87144
76,7,100,Nursery,10368,5,not_recom,1,select_coverage,1.0,DAC,1458,6333,,,980,4445,priority,42884
76,7,100,Nursery,10368,5,not_recom,1,select_coverage,1.0,exact,1458,6333,979.0,4440.0,943,4257,not_recom,107152
76,7,100,Nursery,10368,5,not_recom,1,select_coverage,2.0,DAC,3020,13419,,,1957,9037,priority,89972
76,7,100,Nursery,10368,5,not_recom,1,select_coverage,2.0,exact,3020,13419,1954.0,9023.0,1878,8641,not_recom,218164
76,7,100,Nursery,10368,5,not_recom,1,select_coverage,3.0,DAC,4718,21016,,,2954,13724,priority,140736
76,7,100,Nursery,10368,5,not_recom,1,select_coverage,3.0,exact,4718,21016,2944.0,13675.0,2834,13116,not_recom,332580
76,7,100,Nursery,10368,5,not_recom,1,select_coverage,4.0,DAC,6246,27892,,,3761,17508,priority,186576
76,7,100,Nursery,10368,5,not_recom,1,select_coverage,4.0,exact,6246,27892,3746.0,17435.0,3611,16759,not_recom,428192
76,7,100,Nursery,10368,5,not_recom,1,select_coverage_CBA_M1,,DAC,1251,5434,,,809,3694,priority,36804
76,7,100,Nursery,10368,5,not_recom,1,select_coverage_CBA_M1,,exact,1251,5434,809.0,3694.0,780,3542,not_recom,89552
76,7,100,Nursery,10368,5,not_recom,2,select_coverage,1.0,exact,1458,6333,979.0,4440.0,943,4257,not_recom,107152
76,7,100,Nursery,10368,5,not_recom,2,select_coverage,2.0,exact,3019,13415,1953.0,9019.0,1877,8637,not_recom,218068
76,7,100,Nursery,10368,5,not_recom,2,select_coverage,3.0,exact,4721,21031,2944.0,13676.0,2833,13112,not_recom,332628
76,7,100,Nursery,10368,5,not_recom,2,select_coverage,4.0,exact,6247,27897,3747.0,17439.0,3612,16763,not_recom,428292
76,7,100,Nursery,10368,5,not_recom,2,select_coverage_CBA_M1,,exact,1209,5223,774.0,3519.0,746,3372,priority,85648
76,7,114,Nursery,10368,5,not_recom,1,select_coverage,1.0,DAC,1475,6388,,,961,4361,recommend,43308
76,7,114,Nursery,10368,5,not_recom,1,select_coverage,1.0,exact,1475,6388,959.0,4351.0,919,4147,not_recom,105616
76,7,114,Nursery,10368,5,not_recom,1,select_coverage,2.0,DAC,3008,13338,,,1932,8940,very_recom,89504
76,7,114,Nursery,10368,5,not_recom,1,select_coverage,2.0,exact,3008,13338,1925.0,8906.0,1850,8526,not_recom,215520
76,7,114,Nursery,10368,5,not_recom,1,select_coverage,3.0,DAC,4643,20609,,,2832,13130,very_recom,138208
76,7,114,Nursery,10368,5,not_recom,1,select_coverage,3.0,exact,4643,20609,2814.0,13045.0,2710,12518,not_recom,319800
76,7,114,Nursery,10368,5,not_recom,1,select_coverage,4.0,DAC,6132,27335,,,3599,16739,very_recom,182980
76,7,114,Nursery,10368,5,not_recom,1,select_coverage,4.0,exact,6132,27335,3579.0,16644.0,3447,15992,not_recom,411716
76,7,114,Nursery,10368,5,not_recom,1,select_coverage_CBA_M1,,DAC,1320,5705,,,843,3834,priority,38716
76,7,114,Nursery,10368,5,not_recom,1,select_coverage_CBA_M1,,exact,1320,5705,842.0,3829.0,812,3672,priority,93280
76,7,114,Nursery,10368,5,not_recom,2,select_coverage,1.0,exact,1474,6384,958.0,4347.0,918,4143,not_recom,105520
76,7,114,Nursery,10368,5,not_recom,2,select_coverage,2.0,exact,3007,13333,1924.0,8901.0,1849,8521,not_recom,215412
76,7,114,Nursery,10368,5,not_recom,2,select_coverage,3.0,exact,4646,20625,2817.0,13060.0,2713,12533,not_recom,320128
76,7,114,Nursery,10368,5,not_recom,2,select_coverage,4.0,exact,6134,27345,3579.0,16644.0,3447,15992,not_recom,411756
76,7,114,Nursery,10368,5,not_recom,2,select_coverage_CBA_M1,,exact,1268,5447,791.0,3579.0,768,3457,spec_prior,87940
76,7,133,Nursery,10368,5,not_recom,1,select_coverage,1.0,DAC,1454,6322,,,960,4362,recommend,42792
76,7,133,Nursery,10368,5,not_recom,1,select_coverage,1.0,exact,1454,6322,957.0,4348.0,927,4195,not_recom,105436
76,7,133,Nursery,10368,5,not_recom,1,select_coverage,2.0,DAC,3007,13354,,,1925,8897,very_recom,89556
76,7,133,Nursery,10368,5,not_recom,1,select_coverage,2.0,exact,3007,13354,1915.0,8848.0,1843,8484,not_recom,214704
76,7,133,Nursery,10368,5,not_recom,1,select_coverage,3.0,DAC,4626,20581,,,2844,13171,very_recom,137892
76,7,133,Nursery,10368,5,not_recom,1,select_coverage,3.0,exact,4626,20581,2830.0,13105.0,2726,12592,not_recom,320992
76,7,133,Nursery,10368,5,not_recom,1,select_coverage,4.0,DAC,6113,27240,,,3639,16881,recommend,182372
76,7,133,Nursery,10368,5,not_recom,1,select_coverage,4.0,exact,6113,27240,3621.0,16796.0,3481,16119,not_recom,414468
76,7,133,Nursery,10368,5,not_recom,1,select_coverage_CBA_M1,,DAC,1288,5594,,,825,3763,priority,37888
76,7,133,Nursery,10368,5,not_recom,1,select_coverage_CBA_M1,,exact,1288,5594,823.0,3753.0,795,3609,priority,91368
76,7,133,Nursery,10368,5,not_recom,2,select_coverage,1.0,exact,1454,6322,957.0,4348.0,927,4195,not_recom,105436
76,7,133,Nursery,10368,5,not_recom,2,select_coverage,2.0,exact,3008,13359,1916.0,8853.0,1844,8489,not_recom,214812
76,7,133,Nursery,10368,5,not_recom,2,select_coverage,3.0,exact,4629,20599,2833.0,13122.0,2728,12604,not_recom,321324
76,7,133,Nursery,10368,5,not_recom,2,select_coverage,4.0,exact,6118,27267,3624.0,16813.0,3484,16136,not_recom,414856
76,7,133,Nursery,10368,5,not_recom,2,select_coverage_CBA_M1,,exact,1213,5226,760.0,3442.0,742,3346,priority,84576
76,7,138,Nursery,10368,5,not_recom,1,select_coverage,1.0,DAC,1467,6341,,,979,4400,very_recom,43024
76,7,138,Nursery,10368,5,not_recom,1,select_coverage,1.0,exact,1467,6341,978.0,4396.0,941,4216,not_recom,106796
76,7,138,Nursery,10368,5,not_recom,1,select_coverage,2.0,DAC,3043,13517,,,1973,9077,very_recom,90640
76,7,138,Nursery,10368,5,not_recom,1,select_coverage,2.0,exact,3043,13517,1971.0,9069.0,1894,8691,not_recom,219756
76,7,138,Nursery,10368,5,not_recom,1,select_coverage,3.0,DAC,4734,21121,,,2951,13718,very_recom,141348
76,7,138,Nursery,10368,5,not_recom,1,select_coverage,3.0,exact,4734,21121,2941.0,13672.0,2834,13146,not_recom,332964
76,7,138,Nursery,10368,5,not_recom,1,select_coverage,4.0,DAC,6217,27725,,,3755,17463,very_recom,185560
76,7,138,Nursery,10368,5,not_recom,1,select_coverage,4.0,exact,6217,27725,3737.0,17378.0,3599,16705,not_recom,426648
76,7,138,Nursery,10368,5,not_recom,1,select_coverage_CBA_M1,,DAC,1278,5529,,,829,3750,priority,37508
76,7,138,Nursery,10368,5,not_recom,1,select_coverage_CBA_M1,,exact,1278,5529,828.0,3746.0,799,3602,priority,91292
76,7,138,Nursery,10368,5,not_recom,2,select_coverage,1.0,exact,1469,6351,980.0,4406.0,943,4226,not_recom,107012
76,7,138,Nursery,10368,5,not_recom,2,select_coverage,2.0,exact,3043,13517,1971.0,9069.0,1894,8691,not_recom,219756
76,7,138,Nursery,10368,5,not_recom,2,select_coverage,3.0,exact,4733,21117,2940.0,13667.0,2833,13141,not_recom,332860
76,7,138,Nursery,10368,5,not_recom,2,select_coverage,4.0,exact,6220,27741,3739.0,17389.0,3601,16716,not_recom,426896
76,7,138,Nursery,10368,5,not_recom,2,select_coverage_CBA_M1,,exact,1190,5112,754.0,3394.0,728,3262,priority,83304
76,7,148,Nursery,10368,5,not_recom,1,select_coverage,1.0,DAC,1455,6307,,,973,4408,not_recom,42744
76,7,148,Nursery,10368,5,not_recom,1,select_coverage,1.0,exact,1455,6307,973.0,4408.0,936,4227,priority,106512
76,7,148,Nursery,10368,5,not_recom,1,select_coverage,2.0,DAC,3024,13480,,,1977,9169,not_recom,90264
76,7,148,Nursery,10368,5,not_recom,1,select_coverage,2.0,exact,3024,13480,1973.0,9149.0,1896,8755,not_recom,220280
76,7,148,Nursery,10368,5,not_recom,1,select_coverage,3.0,DAC,4659,20753,,,2914,13544,priority,138976
76,7,148,Nursery,10368,5,not_recom,1,select_coverage,3.0,exact,4659,20753,2902.0,13485.0,2784,12894,not_recom,327864
76,7,148,Nursery,10368,5,not_recom,1,select_coverage,4.0,DAC,6150,27451,,,3722,17345,not_recom,183660
76,7,148,Nursery,10368,5,not_recom,1,select_coverage,4.0,exact,6150,27451,3703.0,17253.0,3541,16456,not_recom,422424
76,7,148,Nursery,10368,5,not_recom,1,select_coverage_CBA_M1,,DAC,1297,5629,,,842,3844,priority,38136
76,7,148,Nursery,10368,5,not_recom,1,select_coverage_CBA_M1,,exact,1297,5629,842.0,3844.0,816,3710,priority,93188
76,7,148,Nursery,10368,5,not_recom,2,select_coverage,1.0,exact,1455,6307,973.0,4408.0,936,4227,priority,106512
76,7,148,Nursery,10368,5,not_recom,2,select_coverage,2.0,exact,3023,13479,1972.0,9148.0,1894,8748,not_recom,220196
76,7,148,Nursery,10368,5,not_recom,2,select_coverage,3.0,exact,4661,20766,2904.0,13498.0,2785,12900,not_recom,328088
76,7,148,Nursery,10368,5,not_recom,2,select_coverage,4.0,exact,6156,27484,3708.0,17280.0,3546,16483,not_recom,423012
76,7,148,Nursery,10368,5,not_recom,2,select_coverage_CBA_M1,,exact,1231,5310,787.0,3575.0,765,3461,priority,87200
76,8,5,Nursery,10368,5,not_recom,1,select_coverage,1.0,DAC,1535,6544,,,1005,4471,recommend,44660
76,8,5,Nursery,10368,5,not_recom,1,select_coverage,1.0,exact,1535,6544,1002.0,4456.0,959,4247,not_recom,109124
76,8,5,Nursery,10368,5,not_recom,1,select_coverage,2.0,DAC,3180,13886,,,1985,9052,very_recom,93768
76,8,5,Nursery,10368,5,not_recom,1,select_coverage,2.0,exact,3180,13886,1978.0,9017.0,1896,8631,not_recom,221120
76,8,5,Nursery,10368,5,not_recom,1,select_coverage,3.0,DAC,4838,21102,,,2894,13227,very_recom,142528
76,8,5,Nursery,10368,5,not_recom,1,select_coverage,3.0,exact,4838,21102,2877.0,13146.0,2760,12583,not_recom,325460
76,8,5,Nursery,10368,5,not_recom,1,select_coverage,4.0,DAC,6376,27882,,,3686,16893,very_recom,188104
76,8,5,Nursery,10368,5,not_recom,1,select_coverage,4.0,exact,6376,27882,3661.0,16774.0,3505,16035,not_recom,418532
76,8,5,Nursery,10368,5,not_recom,1,select_coverage_CBA_M1,,DAC,1332,5693,,,845,3794,priority,38820
76,8,5,Nursery,10368,5,not_recom,1,select_coverage_CBA_M1,,exact,1332,5693,843.0,3784.0,814,3634,priority,92948
76,8,5,Nursery,10368,5,not_recom,2,select_coverage,1.0,exact,1535,6544,1002.0,4456.0,959,4247,not_recom,109124
76,8,5,Nursery,10368,5,not_recom,2,select_coverage,2.0,exact,3179,13883,1979.0,9022.0,1897,8636,not_recom,221196
76,8,5,Nursery,10368,5,not_recom,2,select_coverage,3.0,exact,4837,21102,2880.0,13163.0,2763,12600,not_recom,325740
76,8,5,Nursery,10368,5,not_recom,2,select_coverage,4.0,exact,6375,27880,3663.0,16785.0,3507,16046,not_recom,418708
76,8,5,Nursery,10368,5,not_recom,2,select_coverage_CBA_M1,,exact,1274,5416,796.0,3555.0,769,3414,priority,87788
76,8,14,Nursery,10368,5,priority,1,select_coverage,1.0,DAC,1532,6600,,,1006,4528,recommend,44848
76,8,14,Nursery,10368,5,priority,1,select_coverage,1.0,exact,1532,6600,1005.0,4523.0,971,4355,priority,110192
76,8,14,Nursery,10368,5,priority,1,select_coverage,2.0,DAC,3169,13913,,,2020,9244,very_recom,93744
76,8,14,Nursery,10368,5,priority,1,select_coverage,2.0,exact,3169,13913,2008.0,9189.0,1937,8836,priority,224176
76,8,14,Nursery,10368,5,priority,1,select_coverage,3.0,DAC,4870,21325,,,2935,13452,priority,143804
76,8,14,Nursery,10368,5,priority,1,select_coverage,3.0,exact,4870,21325,2919.0,13379.0,2820,12895,priority,330548
76,8,14,Nursery,10368,5,priority,1,select_coverage,4.0,DAC,6352,27834,,,3726,17093,very_recom,187624
76,8,14,Nursery,10368,5,priority,1,select_coverage,4.0,exact,6352,27834,3702.0,16985.0,3566,16335,priority,422352
76,8,14,Nursery,10368,5,priority,1,select_coverage_CBA_M1,,DAC,1363,5875,,,868,3933,priority,39920
76,8,14,Nursery,10368,5,priority,1,select_coverage_CBA_M1,,exact,1363,5875,867.0,3928.0,843,3806,spec_prior,96092
76,8,14,Nursery,10368,5,priority,2,select_coverage,1.0,exact,1532,6601,1005.0,4523.0,971,4355,priority,110196
76,8,14,Nursery,10368,5,priority,2,select_coverage,2.0,exact,3171,13926,2009.0,9197.0,1938,8844,priority,224340
76,8,14,Nursery,10368,5,priority,2,select_coverage,3.0,exact,4874,21351,2925.0,13414.0,2825,12924,priority,331196
76,8,14,Nursery,10368,5,priority,2,select_coverage,4.0,exact,6357,27866,3708.0,17020.0,3572,16369,priority,423044
76,8,14,Nursery,10368,5,priority,2,select_coverage_CBA_M1,,exact,1300,5574,821.0,3706.0,801,3603,spec_prior,90980
76,8,17,Nursery,10368,5,priority,1,select_coverage,1.0,DAC,1533,6558,,,1017,4546,recommend,44692
76,8,17,Nursery,10368,5,priority,1,select_coverage,1.0,exact,1533,6558,1016.0,4541.0,976,4347,priority,110592
76,8,17,Nursery,10368,5,priority,1,select_coverage,2.0,DAC,3174,13849,,,1998,9071,recommend,93548
76,8,17,Nursery,10368,5,priority,1,select_coverage,2.0,exact,3174,13849,1989.0,9029.0,1903,8621,priority,221508
76,8,17,Nursery,10368,5,priority,1,select_coverage,3.0,DAC,4830,21064,,,2891,13180,recommend,142280
76,8,17,Nursery,10368,5,priority,1,select_coverage,3.0,exact,4830,21064,2873.0,13097.0,2742,12479,priority,324504
76,8,17,Nursery,10368,5,priority,1,select_coverage,4.0,DAC,6354,27813,,,3713,16982,priority,187564
76,8,17,Nursery,10368,5,priority,1,select_coverage,4.0,exact,6354,27813,3688.0,16867.0,3520,16074,priority,420080
76,8,17,Nursery,10368,5,priority,1,select_coverage_CBA_M1,,DAC,1351,5790,,,876,3947,priority,39436
76,8,17,Nursery,10368,5,priority,1,select_coverage_CBA_M1,,exact,1351,5790,875.0,3942.0,843,3782,priority,96096
76,8,17,Nursery,10368,5,priority,2,select_coverage,1.0,exact,1533,6558,1016.0,4541.0,976,4347,priority,110592
76,8,17,Nursery,10368,5,priority,2,select_coverage,2.0,exact,3173,13846,1988.0,9025.0,1902,8617,priority,221416
76,8,17,Nursery,10368,5,priority,2,select_coverage,3.0,exact,4830,21064,2873.0,13097.0,2742,12479,priority,324504
76,8,17,Nursery,10368,5,priority,2,select_coverage,4.0,exact,6358,27838,3690.0,16882.0,3521,16084,priority,420376
76,8,17,Nursery,10368,5,priority,2,select_coverage_CBA_M1,,exact,1290,5501,827.0,3716.0,802,3588,priority,90956
76,8,19,Nursery,10368,5,not_recom,1,select_coverage,1.0,DAC,1541,6592,,,1007,4490,not_recom,44924
76,8,19,Nursery,10368,5,not_recom,1,select_coverage,1.0,exact,1541,6592,1006.0,4486.0,970,4310,not_recom,109880
76,8,19,Nursery,10368,5,not_recom,1,select_coverage,2.0,DAC,3153,13775,,,1950,8874,not_recom,93000
76,8,19,Nursery,10368,5,not_recom,1,select_coverage,2.0,exact,3153,13775,1944.0,8846.0,1869,8475,not_recom,217736
76,8,19,Nursery,10368,5,not_recom,1,select_coverage,3.0,DAC,4863,21228,,,2869,13082,recommend,143332
76,8,19,Nursery,10368,5,not_recom,1,select_coverage,3.0,exact,4863,21228,2858.0,13029.0,2747,12491,not_recom,324216
76,8,19,Nursery,10368,5,not_recom,1,select_coverage,4.0,DAC,6369,27850,,,3649,16683,spec_prior,187892
76,8,19,Nursery,10368,5,not_recom,1,select_coverage,4.0,exact,6369,27850,3633.0,16609.0,3486,15915,not_recom,415920
76,8,19,Nursery,10368,5,not_recom,1,select_coverage_CBA_M1,,DAC,1358,5820,,,864,3884,priority,39640
76,8,19,Nursery,10368,5,not_recom,1,select_coverage_CBA_M1,,exact,1358,5820,864.0,3884.0,835,3738,priority,95280
76,8,19,Nursery,10368,5,not_recom,2,select_coverage,1.0,exact,1540,6588,1005.0,4482.0,969,4306,not_recom,109784
76,8,19,Nursery,10368,5,not_recom,2,select_coverage,2.0,exact,3153,13776,1944.0,8847.0,1869,8476,not_recom,217748
76,8,19,Nursery,10368,5,not_recom,2,select_coverage,3.0,exact,4863,21232,2859.0,13035.0,2748,12497,not_recom,324328
76,8,19,Nursery,10368,5,not_recom,2,select_coverage,4.0,exact,6375,27880,3636.0,16623.0,3488,15924,not_recom,416276
76,8,19,Nursery,10368,5,not_recom,2,select_coverage_CBA_M1,,exact,1307,5575,820.0,3672.0,794,3540,priority,90548
76,8,29,Nursery,10368,5,not_recom,1,select_coverage,1.0,DAC,1567,6715,,,1015,4558,very_recom,45728
76,8,29,Nursery,10368,5,not_recom,1,select_coverage,1.0,exact,1567,6715,1013.0,4548.0,979,4370,not_recom,111196
76,8,29,Nursery,10368,5,not_recom,1,select_coverage,2.0,DAC,3189,13906,,,2007,9121,very_recom,93956
76,8,29,Nursery,10368,5,not_recom,1,select_coverage,2.0,exact,3189,13906,1998.0,9078.0,1926,8716,not_recom,222744
76,8,29,Nursery,10368,5,not_recom,1,select_coverage,3.0,DAC,4855,21162,,,2906,13268,recommend,142972
76,8,29,Nursery,10368,5,not_recom,1,select_coverage,3.0,exact,4855,21162,2887.0,13182.0,2772,12624,not_recom,326488
76,8,29,Nursery,10368,5,not_recom,1,select_coverage,4.0,DAC,6351,27742,,,3731,17081,recommend,187244
76,8,29,Nursery,10368,5,not_recom,1,select_coverage,4.0,exact,6351,27742,3701.0,16949.0,3555,16254,not_recom,421468
76,8,29,Nursery,10368,5,not_recom,1,select_coverage_CBA_M1,,DAC,1380,5920,,,870,3936,priority,40304
76,8,29,Nursery,10368,5,not_recom,1,select_coverage_CBA_M1,,exact,1380,5920,868.0,3926.0,841,3779,priority,96204
76,8,29,Nursery,10368,5,not_recom,2,select_coverage,1.0,exact,1567,6715,1013.0,4548.0,979,4370,not_recom,111196
76,8,29,Nursery,10368,5,not_recom,2,select_coverage,2.0,exact,3191,13916,1999.0,9083.0,1926,8717,not_recom,222856
76,8,29,Nursery,10368,5,not_recom,2,select_coverage,3.0,exact,4857,21175,2889.0,13193.0,2775,12639,not_recom,326740
76,8,29,Nursery,10368,5,not_recom,2,select_coverage,4.0,exact,6354,27758,3704.0,16964.0,3558,16269,not_recom,421796
76,8,29,Nursery,10368,5,not_recom,2,select_coverage_CBA_M1,,exact,1307,5574,817.0,3682.0,792,3545,priority,90460
76,8,31,Nursery,10368,4,not_recom,1,select_coverage,1.0,DAC,1589,6811,,,1008,4511,not_recom,46376
76,8,31,Nursery,10368,4,not_recom,1,select_coverage,1.0,exact,1589,6811,1006.0,4502.0,971,4339,not_recom,102880
76,8,31,Nursery,10368,4,not_recom,1,select_coverage,2.0,DAC,3235,14184,,,2038,9312,not_recom,95620
76,8,31,Nursery,10368,4,not_recom,1,select_coverage,2.0,exact,3235,14184,2034.0,9293.0,1961,8943,not_recom,211072
76,8,31,Nursery,10368,4,not_recom,1,select_coverage,3.0,DAC,4943,21631,,,2953,13497,very_recom,145904
76,8,31,Nursery,10368,4,not_recom,1,select_coverage,3.0,exact,4943,21631,2941.0,13438.0,2832,12921,not_recom,309632
76,8,31,Nursery,10368,4,not_recom,1,select_coverage,4.0,DAC,6436,28211,,,3712,17010,not_recom,190140
76,8,31,Nursery,10368,4,not_recom,1,select_coverage,4.0,exact,6436,28211,3695.0,16929.0,3559,16289,not_recom,393548
76,8,31,Nursery,10368,4,not_recom,1,select_coverage_CBA_M1,,DAC,1410,6063,,,884,3987,priority,41236
76,8,31,Nursery,10368,4,not_recom,1,select_coverage_CBA_M1,,exact,1410,6063,883.0,3982.0,858,3861,priority,90976
76,8,31,Nursery,10368,4,not_recom,2,select_coverage,1.0,exact,1589,6811,1006.0,4502.0,971,4339,not_recom,102880
76,8,31,Nursery,10368,4,not_recom,2,select_coverage,2.0,exact,3238,14199,2036.0,9303.0,1963,8953,not_recom,211292
76,8,31,Nursery,10368,4,not_recom,2,select_coverage,3.0,exact,4944,21637,2941.0,13439.0,2832,12922,not_recom,309664
76,8,31,Nursery,10368,4,not_recom,2,select_coverage,4.0,exact,6440,28232,3698.0,16944.0,3562,16304,not_recom,393872
76,8,31,Nursery,10368,4,not_recom,2,select_coverage_CBA_M1,,exact,1334,5704,828.0,3722.0,807,3618,priority,85328
76,8,34,Nursery,10368,5,not_recom,1,select_coverage,1.0,DAC,1490,6356,,,993,4412,not_recom,43368
76,8,34,Nursery,10368,5,not_recom,1,select_coverage,1.0,exact,1490,6356,992.0,4407.0,960,4256,not_recom,107732
76,8,34,Nursery,10368,5,not_recom,1,select_coverage,2.0,DAC,3090,13555,,,1969,8984,very_recom,91364
76,8,34,Nursery,10368,5,not_recom,1,select_coverage,2.0,exact,3090,13555,1964.0,8960.0,1901,8655,not_recom,218992
76,8,34,Nursery,10368,5,not_recom,1,select_coverage,3.0,DAC,4804,21080,,,2927,13434,very_recom,142032
76,8,34,Nursery,10368,5,not_recom,1,select_coverage,3.0,exact,4804,21080,2919.0,13397.0,2818,12911,not_recom,329704
76,8,34,Nursery,10368,5,not_recom,1,select_coverage,4.0,DAC,6305,27737,,,3695,17025,very_recom,186672
76,8,34,Nursery,10368,5,not_recom,1,select_coverage,4.0,exact,6305,27737,3681.0,16961.0,3530,16235,not_recom,420460
76,8,34,Nursery,10368,5,not_recom,1,select_coverage_CBA_M1,,DAC,1315,5612,,,862,3851,priority,38292
76,8,34,Nursery,10368,5,not_recom,1,select_coverage_CBA_M1,,exact,1315,5612,862.0,3851.0,836,3724,not_recom,94164
76,8,34,Nursery,10368,5,not_recom,2,select_coverage,1.0,exact,1490,6356,992.0,4407.0,960,4256,not_recom,107732
76,8,34,Nursery,10368,5,not_recom,2,select_coverage,2.0,exact,3090,13556,1965.0,8965.0,1902,8660,not_recom,219084
76,8,34,Nursery,10368,5,not_recom,2,select_coverage,3.0,exact,4809,21103,2921.0,13408.0,2820,12922,not_recom,329980
76,8,34,Nursery,10368,5,not_recom,2,select_coverage,4.0,exact,6305,27740,3682.0,16968.0,3530,16237,not_recom,420556
76,8,34,Nursery,10368,5,not_recom,2,select_coverage_CBA_M1,,exact,1259,5346,815.0,3624.0,790,3502,priority,89048
76,8,42,Nursery,10368,4,not_recom,1,select_coverage,1.0,DAC,1532,6556,,,996,4460,not_recom,44672
76,8,42,Nursery,10368,4,not_recom,1,select_coverage,1.0,exact,1532,6556,994.0,4450.0,965,4308,not_recom,101048
76,8,42,Nursery,10368,4,not_recom,1,select_coverage,2.0,DAC,3160,13761,,,1997,9076,not_recom,93028
76,8,42,Nursery,10368,4,not_recom,1,select_coverage,2.0,exact,3160,13761,1990.0,9043.0,1929,8755,not_recom,205868
76,8,42,Nursery,10368,4,not_recom,1,select_coverage,3.0,DAC,4859,21181,,,2916,13297,not_recom,143096
76,8,42,Nursery,10368,4,not_recom,1,select_coverage,3.0,exact,4859,21181,2903.0,13236.0,2808,12793,not_recom,304992
76,8,42,Nursery,10368,4,not_recom,1,select_coverage,4.0,DAC,6355,27765,,,3702,16918,very_recom,187384
76,8,42,Nursery,10368,4,not_recom,1,select_coverage,4.0,exact,6355,27765,3678.0,16808.0,3553,16236,not_recom,390388
76,8,42,Nursery,10368,4,not_recom,1,select_coverage_CBA_M1,,DAC,1334,5710,,,831,3749,priority,38912
76,8,42,Nursery,10368,4,not_recom,1,select_coverage_CBA_M1,,exact,1334,5710,829.0,3739.0,807,3627,priority,85496
76,8,42,Nursery,10368,4,not_recom,2,select_coverage,1.0,exact,1533,6562,995.0,4456.0,965,4308,not_recom,101136
76,8,42,Nursery,10368,4,not_recom,2,select_coverage,2.0,exact,3163,13776,1992.0,9053.0,1930,8759,not_recom,206064
76,8,42,Nursery,10368,4,not_recom,2,select_coverage,3.0,exact,4863,21202,2905.0,13248.0,2810,12805,not_recom,305252
76,8,42,Nursery,10368,4,not_recom,2,select_coverage,4.0,exact,6362,27799,3683.0,16832.0,3558,16260,not_recom,390916
76,8,42,Nursery,10368,4,not_recom,2,select_coverage_CBA_M1,,exact,1251,5319,768.0,3443.0,748,3340,priority,79160
76,8,49,Nursery,10368,5,not_recom,1,select_coverage,1.0,DAC,1524,6489,,,983,4365,very_recom,44308
76,8,49,Nursery,10368,5,not_recom,1,select_coverage,1.0,exact,1524,6489,983.0,4365.0,936,4144,not_recom,107216
76,8,49,Nursery,10368,5,not_recom,1,select_coverage,2.0,DAC,3113,13563,,,1933,8778,very_recom,91672
76,8,49,Nursery,10368,5,not_recom,1,select_coverage,2.0,exact,3113,13563,1930.0,8764.0,1832,8295,not_recom,215168
76,8,49,Nursery,10368,5,not_recom,1,select_coverage,3.0,DAC,4771,20759,,,2829,12874,very_recom,140352
76,8,49,Nursery,10368,5,not_recom,1,select_coverage,3.0,exact,4771,20759,2819.0,12827.0,2687,12195,not_recom,318476
76,8,49,Nursery,10368,5,not_recom,1,select_coverage,4.0,DAC,6303,27512,,,3648,16634,very_recom,185748
76,8,49,Nursery,10368,5,not_recom,1,select_coverage,4.0,exact,6303,27512,3627.0,16538.0,3462,15749,not_recom,413332
76,8,49,Nursery,10368,5,not_recom,1,select_coverage_CBA_M1,,DAC,1353,5768,,,857,3827,priority,39372
76,8,49,Nursery,10368,5,not_recom,1,select_coverage_CBA_M1,,exact,1353,5768,857.0,3827.0,816,3630,priority,94076
76,8,49,Nursery,10368,5,not_recom,2,select_coverage,1.0,exact,1524,6489,983.0,4365.0,936,4144,not_recom,107216
76,8,49,Nursery,10368,5,not_recom,2,select_coverage,2.0,exact,3113,13563,1930.0,8764.0,1832,8295,not_recom,215168
76,8,49,Nursery,10368,5,not_recom,2,select_coverage,3.0,exact,4769,20753,2818.0,12825.0,2686,12193,not_recom,318388
76,8,49,Nursery,10368,5,not_recom,2,select_coverage,4.0,exact,6312,27559,3630.0,16556.0,3464,15761,not_recom,413784
76,8,49,Nursery,10368,5,not_recom,2,select_coverage_CBA_M1,,exact,1275,5400,793.0,3523.0,757,3348,priority,87188
76,8,63,Nursery,10368,5,not_recom,1,select_coverage,1.0,DAC,1533,6539,,,1019,4542,recommend,44616
76,8,63,Nursery,10368,5,not_recom,1,select_coverage,1.0,exact,1533,6539,1018.0,4538.0,974,4321,not_recom,110496
76,8,63,Nursery,10368,5,not_recom,1,select_coverage,2.0,DAC,3193,13920,,,2030,9235,very_recom,94060
76,8,63,Nursery,10368,5,not_recom,1,select_coverage,2.0,exact,3193,13920,2024.0,9208.0,1945,8821,not_recom,224988
76,8,63,Nursery,10368,5,not_recom,1,select_coverage,3.0,DAC,4874,21249,,,2896,13204,very_recom,143548
76,8,63,Nursery,10368,5,not_recom,1,select_coverage,3.0,exact,4874,21249,2876.0,13113.0,2761,12563,not_recom,325788
76,8,63,Nursery,10368,5,not_recom,1,select_coverage,4.0,DAC,6362,27800,,,3683,16834,very_recom,187608
76,8,63,Nursery,10368,5,not_recom,1,select_coverage,4.0,exact,6362,27800,3649.0,16679.0,3498,15973,not_recom,417000
76,8,63,Nursery,10368,5,not_recom,1,select_coverage_CBA_M1,,DAC,1365,5821,,,885,3967,priority,39728
76,8,63,Nursery,10368,5,not_recom,1,select_coverage_CBA_M1,,exact,1365,5821,884.0,3963.0,847,3776,priority,96712
76,8,63,Nursery,10368,5,not_recom,2,select_coverage,1.0,exact,1533,6539,1018.0,4538.0,974,4321,not_recom,110496
76,8,63,Nursery,10368,5,not_recom,2,select_coverage,2.0,exact,3191,13912,2024.0,9208.0,1945,8821,not_recom,224956
76,8,63,Nursery,10368,5,not_recom,2,select_coverage,3.0,exact,4876,21259,2876.0,13114.0,2761,12564,not_recom,325836
76,8,63,Nursery,10368,5,not_recom,2,select_coverage,4.0,exact,6366,27823,3655.0,16708.0,3503,15997,not_recom,417592
76,8,63,Nursery,10368,5,not_recom,2,select_coverage_CBA_M1,,exact,1290,5467,827.0,3690.0,794,3521,priority,90448
76,8,64,Nursery,10368,5,not_recom,1,select_coverage,1.0,DAC,1544,6595,,,996,4453,recommend,44972
76,8,64,Nursery,10368,5,not_recom,1,select_coverage,1.0,exact,1544,6595,994.0,4443.0,961,4287,not_recom,109052
76,8,64,Nursery,10368,5,not_recom,1,select_coverage,2.0,DAC,3192,13929,,,1967,8965,very_recom,94084
76,8,64,Nursery,10368,5,not_recom,1,select_coverage,2.0,exact,3192,13929,1958.0,8922.0,1890,8600,not_recom,219828
76,8,64,Nursery,10368,5,not_recom,1,select_coverage,3.0,DAC,4888,21321,,,2896,13215,very_recom,144004
76,8,64,Nursery,10368,5,not_recom,1,select_coverage,3.0,exact,4888,21321,2877.0,13123.0,2759,12562,not_recom,326160
76,8,64,Nursery,10368,5,not_recom,1,select_coverage,4.0,DAC,6403,28002,,,3692,16895,very_recom,188908
76,8,64,Nursery,10368,5,not_recom,1,select_coverage,4.0,exact,6403,28002,3656.0,16723.0,3501,15990,not_recom,418388
76,8,64,Nursery,10368,5,not_recom,1,select_coverage_CBA_M1,,DAC,1396,5966,,,886,3977,priority,40680
76,8,64,Nursery,10368,5,not_recom,1,select_coverage_CBA_M1,,exact,1396,5966,885.0,3972.0,857,3838,priority,97624
76,8,64,Nursery,10368,5,not_recom,2,select_coverage,1.0,exact,1545,6599,994.0,4443.0,961,4287,not_recom,109068
76,8,64,Nursery,10368,5,not_recom,2,select_coverage,2.0,exact,3192,13929,1958.0,8922.0,1890,8600,not_recom,219828
76,8,64,Nursery,10368,5,not_recom,2,select_coverage,3.0,exact,4890,21333,2877.0,13125.0,2759,12564,not_recom,326224
76,8,64,Nursery,10368,5,not_recom,2,select_coverage,4.0,exact,6407,28028,3659.0,16742.0,3504,16008,not_recom,418784
76,8,64,Nursery,10368,5,not_recom,2,select_coverage_CBA_M1,,exact,1352,5761,851.0,3814.0,825,3690,priority,93948
76,8,65,Nursery,10368,5,not_recom,1,select_coverage,1.0,DAC,1525,6506,,,1003,4448,very_recom,44388
76,8,65,Nursery,10368,5,not_recom,1,select_coverage,1.0,exact,1525,6506,1000.0,4433.0,975,4314,not_recom,109052
76,8,65,Nursery,10368,5,not_recom,1,select_coverage,2.0,DAC,3152,13753,,,1985,9003,very_recom,92900
76,8,65,Nursery,10368,5,not_recom,1,select_coverage,2.0,exact,3152,13753,1978.0,8969.0,1912,8651,not_recom,220476
76,8,65,Nursery,10368,5,not_recom,1,select_coverage,3.0,DAC,4848,21150,,,2903,13222,very_recom,142840
76,8,65,Nursery,10368,5,not_recom,1,select_coverage,3.0,exact,4848,21150,2891.0,13164.0,2786,12656,not_recom,326688
76,8,65,Nursery,10368,5,not_recom,1,select_coverage,4.0,DAC,6369,27795,,,3694,16829,very_recom,187672
76,8,65,Nursery,10368,5,not_recom,1,select_coverage,4.0,exact,6369,27795,3666.0,16699.0,3524,16017,not_recom,418052
76,8,65,Nursery,10368,5,not_recom,1,select_coverage_CBA_M1,,DAC,1312,5603,,,831,3717,priority,38220
76,8,65,Nursery,10368,5,not_recom,1,select_coverage_CBA_M1,,exact,1312,5603,830.0,3712.0,811,3619,priority,91616
76,8,65,Nursery,10368,5,not_recom,2,select_coverage,1.0,exact,1525,6507,1000.0,4434.0,975,4315,not_recom,109064
76,8,65,Nursery,10368,5,not_recom,2,select_coverage,2.0,exact,3149,13741,1977.0,8965.0,1911,8647,not_recom,220348
76,8,65,Nursery,10368,5,not_recom,2,select_coverage,3.0,exact,4850,21161,2894.0,13179.0,2788,12666,not_recom,326976
76,8,65,Nursery,10368,5,not_recom,2,select_coverage,4.0,exact,6371,27805,3668.0,16709.0,3526,16027,not_recom,418268
76,8,65,Nursery,10368,5,not_recom,2,select_coverage_CBA_M1,,exact,1215,5148,766.0,3408.0,752,3340,priority,84392
76,8,68,Nursery,10368,5,not_recom,1,select_coverage,1.0,DAC,1514,6417,,,982,4342,recommend,43900
76,8,68,Nursery,10368,5,not_recom,1,select_coverage,1.0,exact,1514,6417,978.0,4322.0,946,4171,not_recom,106624
76,8,68,Nursery,10368,5,not_recom,1,select_coverage,2.0,DAC,3126,13559,,,1996,9010,very_recom,91812
76,8,68,Nursery,10368,5,not_recom,1,select_coverage,2.0,exact,3126,13559,1985.0,8958.0,1909,8595,not_recom,219768
76,8,68,Nursery,10368,5,not_recom,1,select_coverage,3.0,DAC,4817,20866,,,2908,13164,very_recom,141332
76,8,68,Nursery,10368,5,not_recom,1,select_coverage,3.0,exact,4817,20866,2895.0,13102.0,2783,12571,not_recom,325156
76,8,68,Nursery,10368,5,not_recom,1,select_coverage,4.0,DAC,6277,27273,,,3656,16611,very_recom,184480
76,8,68,Nursery,10368,5,not_recom,1,select_coverage,4.0,exact,6277,27273,3629.0,16488.0,3483,15799,not_recom,412472
76,8,68,Nursery,10368,5,not_recom,1,select_coverage_CBA_M1,,DAC,1322,5612,,,836,3726,priority,38376
76,8,68,Nursery,10368,5,not_recom,1,select_coverage_CBA_M1,,exact,1322,5612,834.0,3716.0,810,3596,priority,91768
76,8,68,Nursery,10368,5,not_recom,2,select_coverage,1.0,exact,1513,6413,978.0,4322.0,946,4171,not_recom,106608
76,8,68,Nursery,10368,5,not_recom,2,select_coverage,2.0,exact,3126,13560,1985.0,8959.0,1908,8591,not_recom,219760
76,8,68,Nursery,10368,5,not_recom,2,select_coverage,3.0,exact,4823,20895,2897.0,13114.0,2785,12583,not_recom,325464
76,8,68,Nursery,10368,5,not_recom,2,select_coverage,4.0,exact,6285,27309,3634.0,16511.0,3487,15817,not_recom,413020
76,8,68,Nursery,10368,5,not_recom,2,select_coverage_CBA_M1,,exact,1258,5300,789.0,3495.0,766,3380,priority,86612
76,8,74,Nursery,10368,5,not_recom,1,select_coverage,1.0,DAC,1557,6622,,,1016,4507,recommend,45236
76,8,74,Nursery,10368,5,not_recom,1,select_coverage,1.0,exact,1557,6622,1014.0,4499.0,994,4407,not_recom,110824
76,8,74,Nursery,10368,5,not_recom,1,select_coverage,2.0,DAC,3211,14002,,,2011,9163,very_recom,94604
76,8,74,Nursery,10368,5,not_recom,1,select_coverage,2.0,exact,3211,14002,2002.0,9121.0,1944,8828,not_recom,223940
76,8,74,Nursery,10368,5,not_recom,1,select_coverage,3.0,DAC,4941,21569,,,2977,13609,very_recom,145632
76,8,74,Nursery,10368,5,not_recom,1,select_coverage,3.0,exact,4941,21569,2962.0,13539.0,2869,13079,not_recom,334964
76,8,74,Nursery,10368,5,not_recom,1,select_coverage,4.0,DAC,6530,28615,,,3774,17318,very_recom,192884
76,8,74,Nursery,10368,5,not_recom,1,select_coverage,4.0,exact,6530,28615,3748.0,17194.0,3621,16572,not_recom,429468
76,8,74,Nursery,10368,5,not_recom,1,select_coverage_CBA_M1,,DAC,1381,5884,,,877,3919,priority,40172
76,8,74,Nursery,10368,5,not_recom,1,select_coverage_CBA_M1,,exact,1381,5884,877.0,3919.0,862,3847,not_recom,96736
76,8,74,Nursery,10368,5,not_recom,2,select_coverage,1.0,exact,1557,6622,1013.0,4495.0,993,4403,not_recom,110744
76,8,74,Nursery,10368,5,not_recom,2,select_coverage,2.0,exact,3211,14002,2002.0,9121.0,1944,8828,not_recom,223940
76,8,74,Nursery,10368,5,not_recom,2,select_coverage,3.0,exact,4940,21567,2962.0,13542.0,2869,13082,not_recom,334980
76,8,74,Nursery,10368,5,not_recom,2,select_coverage,4.0,exact,6533,28631,3749.0,17200.0,3622,16578,not_recom,429628
76,8,74,Nursery,10368,5,not_recom,2,select_coverage_CBA_M1,,exact,1311,5558,828.0,3688.0,816,3631,not_recom,91292
76,8,76,Nursery,10368,5,not_recom,1,select_coverage,1.0,DAC,1518,6526,,,993,4472,recommend,44384
76,8,76,Nursery,10368,5,not_recom,1,select_coverage,1.0,exact,1518,6526,993.0,4472.0,965,4321,not_recom,108980
76,8,76,Nursery,10368,5,not_recom,1,select_coverage,2.0,DAC,3135,13734,,,1963,8975,recommend,92620
76,8,76,Nursery,10368,5,not_recom,1,select_coverage,2.0,exact,3135,13734,1954.0,8933.0,1887,8581,not_recom,218824
76,8,76,Nursery,10368,5,not_recom,1,select_coverage,3.0,DAC,4823,21100,,,2817,12919,very_recom,142340
76,8,76,Nursery,10368,5,not_recom,1,select_coverage,3.0,exact,4823,21100,2801.0,12844.0,2702,12346,not_recom,319648
76,8,76,Nursery,10368,5,not_recom,1,select_coverage,4.0,DAC,6352,27836,,,3608,16578,very_recom,187632
76,8,76,Nursery,10368,5,not_recom,1,select_coverage,4.0,exact,6352,27836,3583.0,16461.0,3449,15795,not_recom,412392
76,8,76,Nursery,10368,5,not_recom,1,select_coverage_CBA_M1,,DAC,1361,5856,,,865,3921,priority,39820
76,8,76,Nursery,10368,5,not_recom,1,select_coverage_CBA_M1,,exact,1361,5856,865.0,3921.0,843,3796,not_recom,95852
76,8,76,Nursery,10368,5,not_recom,2,select_coverage,1.0,exact,1518,6526,993.0,4472.0,965,4321,not_recom,108980
76,8,76,Nursery,10368,5,not_recom,2,select_coverage,2.0,exact,3135,13734,1953.0,8928.0,1886,8576,not_recom,218736
76,8,76,Nursery,10368,5,not_recom,2,select_coverage,3.0,exact,4826,21116,2805.0,12864.0,2705,12360,not_recom,320040
76,8,76,Nursery,10368,5,not_recom,2,select_coverage,4.0,exact,6356,27855,3583.0,16462.0,3449,15796,not_recom,412476
76,8,76,Nursery,10368,5,not_recom,2,select_coverage_CBA_M1,,exact,1293,5534,811.0,3659.0,790,3539,not_recom,89896
76,8,100,Nursery,10368,5,not_recom,1,select_coverage,1.0,DAC,1546,6604,,,1008,4494,recommend,45032
76,8,100,Nursery,10368,5,not_recom,1,select_coverage,1.0,exact,1546,6604,1006.0,4484.0,972,4312,not_recom,109928
76,8,100,Nursery,10368,5,not_recom,1,select_coverage,2.0,DAC,3188,13925,,,2030,9235,not_recom,94020
76,8,100,Nursery,10368,5,not_recom,1,select_coverage,2.0,exact,3188,13925,2025.0,9210.0,1942,8793,not_recom,224952
76,8,100,Nursery,10368,5,not_recom,1,select_coverage,3.0,DAC,4886,21336,,,2950,13488,not_recom,144040
76,8,100,Nursery,10368,5,not_recom,1,select_coverage,3.0,exact,4886,21336,2936.0,13421.0,2804,12771,not_recom,331080
76,8,100,Nursery,10368,5,not_recom,1,select_coverage,4.0,DAC,6416,28065,,,3765,17236,very_recom,189316
76,8,100,Nursery,10368,5,not_recom,1,select_coverage,4.0,exact,6416,28065,3745.0,17142.0,3573,16305,not_recom,425848
76,8,100,Nursery,10368,5,not_recom,1,select_coverage_CBA_M1,,DAC,1342,5731,,,847,3801,priority,39092
76,8,100,Nursery,10368,5,not_recom,1,select_coverage_CBA_M1,,exact,1342,5731,846.0,3796.0,822,3669,priority,93432
76,8,100,Nursery,10368,5,not_recom,2,select_coverage,1.0,exact,1546,6604,1005.0,4479.0,972,4312,not_recom,109860
76,8,100,Nursery,10368,5,not_recom,2,select_coverage,2.0,exact,3189,13931,2026.0,9216.0,1943,8799,not_recom,225072
76,8,100,Nursery,10368,5,not_recom,2,select_coverage,3.0,exact,4892,21366,2938.0,13432.0,2806,12781,not_recom,331380
76,8,100,Nursery,10368,5,not_recom,2,select_coverage,4.0,exact,6420,28084,3746.0,17147.0,3574,16310,not_recom,426012
76,8,100,Nursery,10368,5,not_recom,2,select_coverage_CBA_M1,,exact,1288,5465,800.0,3569.0,778,3452,priority,88384
76,8,114,Nursery,10368,5,not_recom,1,select_coverage,1.0,DAC,1536,6551,,,998,4460,recommend,44700
76,8,114,Nursery,10368,5,not_recom,1,select_coverage,1.0,exact,1536,6551,997.0,4455.0,963,4289,not_recom,109076
76,8,114,Nursery,10368,5,not_recom,1,select_coverage,2.0,DAC,3134,13668,,,1973,8998,recommend,92344
76,8,114,Nursery,10368,5,not_recom,1,select_coverage,2.0,exact,3134,13668,1964.0,8955.0,1895,8619,not_recom,219280
76,8,114,Nursery,10368,5,not_recom,1,select_coverage,3.0,DAC,4831,21062,,,2878,13170,recommend,142284
76,8,114,Nursery,10368,5,not_recom,1,select_coverage,3.0,exact,4831,21062,2859.0,13078.0,2753,12560,not_recom,324072
76,8,114,Nursery,10368,5,not_recom,1,select_coverage,4.0,DAC,6326,27648,,,3639,16670,recommend,186568
76,8,114,Nursery,10368,5,not_recom,1,select_coverage,4.0,exact,6326,27648,3613.0,16546.0,3470,15862,not_recom,413688
76,8,114,Nursery,10368,5,not_recom,1,select_coverage_CBA_M1,,DAC,1359,5789,,,851,3820,priority,39528
76,8,114,Nursery,10368,5,not_recom,1,select_coverage_CBA_M1,,exact,1359,5789,850.0,3815.0,823,3680,not_recom,93976
76,8,114,Nursery,10368,5,not_recom,2,select_coverage,1.0,exact,1536,6551,997.0,4455.0,963,4289,not_recom,109076
76,8,114,Nursery,10368,5,not_recom,2,select_coverage,2.0,exact,3135,13673,1964.0,8955.0,1895,8619,not_recom,219300
76,8,114,Nursery,10368,5,not_recom,2,select_coverage,3.0,exact,4833,21074,2862.0,13094.0,2757,12581,not_recom,324412
76,8,114,Nursery,10368,5,not_recom,2,select_coverage,4.0,exact,6328,27656,3614.0,16550.0,3471,15866,not_recom,413800
76,8,114,Nursery,10368,5,not_recom,2,select_coverage_CBA_M1,,exact,1280,5408,793.0,3534.0,770,3418,priority,87544
76,8,133,Nursery,10368,5,not_recom,1,select_coverage,1.0,DAC,1495,6406,,,974,4372,recommend,43628
76,8,133,Nursery,10368,5,not_recom,1,select_coverage,1.0,exact,1495,6406,971.0,4358.0,931,4161,not_recom,106348
76,8,133,Nursery,10368,5,not_recom,1,select_coverage,2.0,DAC,3121,13666,,,1958,8938,very_recom,92180
76,8,133,Nursery,10368,5,not_recom,1,select_coverage,2.0,exact,3121,13666,1952.0,8909.0,1860,8464,not_recom,217892
76,8,133,Nursery,10368,5,not_recom,1,select_coverage,3.0,DAC,4804,21003,,,2871,13127,recommend,141724
76,8,133,Nursery,10368,5,not_recom,1,select_coverage,3.0,exact,4804,21003,2861.0,13080.0,2721,12404,not_recom,323316
76,8,133,Nursery,10368,5,not_recom,1,select_coverage,4.0,DAC,6341,27767,,,3641,16693,recommend,187224
76,8,133,Nursery,10368,5,not_recom,1,select_coverage,4.0,exact,6341,27767,3628.0,16631.0,3445,15762,not_recom,414824
76,8,133,Nursery,10368,5,not_recom,1,select_coverage_CBA_M1,,DAC,1323,5672,,,834,3771,priority,38628
76,8,133,Nursery,10368,5,not_recom,1,select_coverage_CBA_M1,,exact,1323,5672,831.0,3757.0,798,3588,priority,91996
76,8,133,Nursery,10368,5,not_recom,2,select_coverage,1.0,exact,1495,6406,971.0,4358.0,931,4161,not_recom,106348
76,8,133,Nursery,10368,5,not_recom,2,select_coverage,2.0,exact,3121,13666,1952.0,8909.0,1860,8464,not_recom,217892
76,8,133,Nursery,10368,5,not_recom,2,select_coverage,3.0,exact,4808,21025,2861.0,13084.0,2720,12403,not_recom,323416
76,8,133,Nursery,10368,5,not_recom,2,select_coverage,4.0,exact,6346,27794,3630.0,16641.0,3446,15767,not_recom,415088
76,8,133,Nursery,10368,5,not_recom,2,select_coverage_CBA_M1,,exact,1252,5338,774.0,3486.0,749,3354,priority,85904
76,8,138,Nursery,10368,5,not_recom,1,select_coverage,1.0,DAC,1547,6602,,,1004,4486,very_recom,45036
76,8,138,Nursery,10368,5,not_recom,1,select_coverage,1.0,exact,1547,6602,1003.0,4481.0,969,4313,not_recom,109768
76,8,138,Nursery,10368,5,not_recom,1,select_coverage,2.0,DAC,3192,13886,,,2021,9153,very_recom,93912
76,8,138,Nursery,10368,5,not_recom,1,select_coverage,2.0,exact,3192,13886,2015.0,9124.0,1936,8744,not_recom,223776
76,8,138,Nursery,10368,5,not_recom,1,select_coverage,3.0,DAC,4844,21100,,,2904,13231,very_recom,142592
76,8,138,Nursery,10368,5,not_recom,1,select_coverage,3.0,exact,4844,21100,2891.0,13168.0,2777,12611,not_recom,326324
76,8,138,Nursery,10368,5,not_recom,1,select_coverage,4.0,DAC,6391,27887,,,3739,17080,very_recom,188304
76,8,138,Nursery,10368,5,not_recom,1,select_coverage,4.0,exact,6391,27887,3716.0,16973.0,3566,16250,not_recom,422848
76,8,138,Nursery,10368,5,not_recom,1,select_coverage_CBA_M1,,DAC,1356,5803,,,855,3858,priority,39548
76,8,138,Nursery,10368,5,not_recom,1,select_coverage_CBA_M1,,exact,1356,5803,855.0,3858.0,831,3735,priority,94664
76,8,138,Nursery,10368,5,not_recom,2,select_coverage,1.0,exact,1547,6602,1003.0,4481.0,969,4313,not_recom,109768
76,8,138,Nursery,10368,5,not_recom,2,select_coverage,2.0,exact,3193,13892,2015.0,9125.0,1936,8745,not_recom,223808
76,8,138,Nursery,10368,5,not_recom,2,select_coverage,3.0,exact,4848,21118,2892.0,13172.0,2778,12615,not_recom,326476
76,8,138,Nursery,10368,5,not_recom,2,select_coverage,4.0,exact,6395,27907,3719.0,16987.0,3569,16264,not_recom,423184
76,8,138,Nursery,10368,5,not_recom,2,select_coverage_CBA_M1,,exact,1291,5498,808.0,3632.0,787,3523,priority,89436
76,8,148,Nursery,10368,5,not_recom,1,select_coverage,1.0,DAC,1525,6489,,,965,4312,recommend,44320
76,8,148,Nursery,10368,5,not_recom,1,select_coverage,1.0,exact,1525,6489,964.0,4308.0,929,4139,not_recom,106056
76,8,148,Nursery,10368,5,not_recom,1,select_coverage,2.0,DAC,3148,13735,,,1984,9032,recommend,92780
76,8,148,Nursery,10368,5,not_recom,1,select_coverage,2.0,exact,3148,13735,1973.0,8982.0,1896,8600,not_recom,220012
76,8,148,Nursery,10368,5,not_recom,1,select_coverage,3.0,DAC,4849,21191,,,2911,13337,very_recom,143016
76,8,148,Nursery,10368,5,not_recom,1,select_coverage,3.0,exact,4849,21191,2889.0,13235.0,2772,12655,not_recom,327036
76,8,148,Nursery,10368,5,not_recom,1,select_coverage,4.0,DAC,6407,28022,,,3722,17055,very_recom,189036
76,8,148,Nursery,10368,5,not_recom,1,select_coverage,4.0,exact,6407,28022,3692.0,16916.0,3536,16160,not_recom,421648
76,8,148,Nursery,10368,5,not_recom,1,select_coverage_CBA_M1,,DAC,1359,5788,,,839,3770,priority,39524
76,8,148,Nursery,10368,5,not_recom,1,select_coverage_CBA_M1,,exact,1359,5788,839.0,3770.0,814,3646,not_recom,93128
76,8,148,Nursery,10368,5,not_recom,2,select_coverage,1.0,exact,1525,6489,964.0,4308.0,929,4139,not_recom,106056
76,8,148,Nursery,10368,5,not_recom,2,select_coverage,2.0,exact,3148,13736,1973.0,8983.0,1896,8601,not_recom,220024
76,8,148,Nursery,10368,5,not_recom,2,select_coverage,3.0,exact,4851,21200,2890.0,13240.0,2773,12660,not_recom,327160
76,8,148,Nursery,10368,5,not_recom,2,select_coverage,4.0,exact,6414,28058,3694.0,16928.0,3538,16172,not_recom,421984
76,8,148,Nursery,10368,5,not_recom,2,select_coverage_CBA_M1,,exact,1308,5543,800.0,3579.0,779,3475,not_recom,88828
76,9,5,Nursery,10368,5,not_recom,1,select_coverage,1.0,DAC,1633,6875,,,1061,4660,recommend,47168
76,9,5,Nursery,10368,5,not_recom,1,select_coverage,1.0,exact,1633,6875,1059.0,4651.0,1025,4486,not_recom,114920
76,9,5,Nursery,10368,5,not_recom,1,select_coverage,2.0,DAC,3287,14107,,,2008,9007,very_recom,95944
76,9,5,Nursery,10368,5,not_recom,1,select_coverage,2.0,exact,3287,14107,1996.0,8953.0,1916,8562,not_recom,222336
76,9,5,Nursery,10368,5,not_recom,1,select_coverage,3.0,DAC,5011,21454,,,2896,13013,very_recom,146020
76,9,5,Nursery,10368,5,not_recom,1,select_coverage,3.0,exact,5011,21454,2875.0,12921.0,2760,12377,not_recom,325048
76,9,5,Nursery,10368,5,not_recom,1,select_coverage,4.0,DAC,6559,28163,,,3646,16440,very_recom,191432
76,9,5,Nursery,10368,5,not_recom,1,select_coverage,4.0,exact,6559,28163,3617.0,16315.0,3473,15648,not_recom,414160
76,9,5,Nursery,10368,5,not_recom,1,select_coverage_CBA_M1,,DAC,1409,5942,,,895,3962,priority,40748
76,9,5,Nursery,10368,5,not_recom,1,select_coverage_CBA_M1,,exact,1409,5942,894.0,3957.0,871,3840,not_recom,97908
76,9,5,Nursery,10368,5,not_recom,2,select_coverage,1.0,exact,1633,6875,1059.0,4651.0,1025,4486,not_recom,114920
76,9,5,Nursery,10368,5,not_recom,2,select_coverage,2.0,exact,3285,14102,1995.0,8952.0,1916,8565,not_recom,222276
76,9,5,Nursery,10368,5,not_recom,2,select_coverage,3.0,exact,5011,21455,2874.0,12917.0,2760,12377,not_recom,324988
76,9,5,Nursery,10368,5,not_recom,2,select_coverage,4.0,exact,6564,28188,3618.0,16323.0,3474,15656,not_recom,414372
76,9,5,Nursery,10368,5,not_recom,2,select_coverage_CBA_M1,,exact,1371,5764,865.0,3820.0,842,3703,priority,94708
76,9,14,Nursery,10368,5,priority,1,select_coverage,1.0,DAC,1592,6707,,,1028,4525,recommend,46004
76,9,14,Nursery,10368,5,priority,1,select_coverage,1.0,exact,1592,6707,1024.0,4506.0,989,4348,priority,111436
76,9,14,Nursery,10368,5,priority,1,select_coverage,2.0,DAC,3310,14204,,,2025,9073,very_recom,96608
76,9,14,Nursery,10368,5,priority,1,select_coverage,2.0,exact,3310,14204,2013.0,9015.0,1942,8690,priority,224300
76,9,14,Nursery,10368,5,priority,1,select_coverage,3.0,DAC,5026,21536,,,2911,13104,very_recom,146528
76,9,14,Nursery,10368,5,priority,1,select_coverage,3.0,exact,5026,21536,2891.0,13009.0,2763,12431,priority,326712
76,9,14,Nursery,10368,5,priority,1,select_coverage,4.0,DAC,6528,28024,,,3685,16639,priority,190504
76,9,14,Nursery,10368,5,priority,1,select_coverage,4.0,exact,6528,28024,3653.0,16490.0,3474,15677,priority,416148
76,9,14,Nursery,10368,5,priority,1,select_coverage_CBA_M1,,DAC,1392,5872,,,873,3869,priority,40264
76,9,14,Nursery,10368,5,priority,1,select_coverage_CBA_M1,,exact,1392,5872,872.0,3864.0,853,3777,priority,95948
76,9,14,Nursery,10368,5,priority,2,select_coverage,1.0,exact,1593,6711,1025.0,4510.0,990,4352,priority,111532
76,9,14,Nursery,10368,5,priority,2,select_coverage,2.0,exact,3310,14204,2013.0,9015.0,1942,8690,priority,224300
76,9,14,Nursery,10368,5,priority,2,select_coverage,3.0,exact,5026,21537,2889.0,13001.0,2761,12423,priority,326556
76,9,14,Nursery,10368,5,priority,2,select_coverage,4.0,exact,6535,28059,3654.0,16497.0,3476,15688,priority,416408
76,9,14,Nursery,10368,5,priority,2,select_coverage_CBA_M1,,exact,1327,5576,823.0,3639.0,805,3556,priority,90628
76,9,17,Nursery,10368,5,priority,1,select_coverage,1.0,DAC,1597,6710,,,1037,4549,recommend,46076
76,9,17,Nursery,10368,5,priority,1,select_coverage,1.0,exact,1597,6710,1035.0,4541.0,981,4283,priority,111856
76,9,17,Nursery,10368,5,priority,1,select_coverage,2.0,DAC,3286,14100,,,2016,9031,very_recom,95904
76,9,17,Nursery,10368,5,priority,1,select_coverage,2.0,exact,3286,14100,2007.0,8992.0,1901,8485,priority,222684
76,9,17,Nursery,10368,5,priority,1,select_coverage,3.0,DAC,5009,21454,,,2923,13109,very_recom,145996
76,9,17,Nursery,10368,5,priority,1,select_coverage,3.0,exact,5009,21454,2907.0,13035.0,2759,12337,priority,326880
76,9,17,Nursery,10368,5,priority,1,select_coverage,4.0,DAC,6562,28113,,,3696,16586,priority,191268
76,9,17,Nursery,10368,5,priority,1,select_coverage,4.0,exact,6562,28113,3672.0,16478.0,3490,15629,priority,417176
76,9,17,Nursery,10368,5,priority,1,select_coverage_CBA_M1,,DAC,1413,5950,,,899,3972,priority,40828
76,9,17,Nursery,10368,5,priority,1,select_coverage_CBA_M1,,exact,1413,5950,898.0,3968.0,857,3763,priority,97868
76,9,17,Nursery,10368,5,priority,2,select_coverage,1.0,exact,1597,6710,1035.0,4541.0,981,4283,priority,111856
76,9,17,Nursery,10368,5,priority,2,select_coverage,2.0,exact,3285,14097,2006.0,8989.0,1901,8486,priority,222616
76,9,17,Nursery,10368,5,priority,2,select_coverage,3.0,exact,5010,21460,2908.0,13041.0,2760,12343,priority,327000
76,9,17,Nursery,10368,5,priority,2,select_coverage,4.0,exact,6565,28128,3672.0,16478.0,3490,15629,priority,417236
76,9,17,Nursery,10368,5,priority,2,select_coverage_CBA_M1,,exact,1336,5590,842.0,3703.0,806,3522,priority,91716
76,9,19,Nursery,10368,5,not_recom,1,select_coverage,1.0,DAC,1615,6804,,,1050,4606,not_recom,46668
76,9,19,Nursery,10368,5,not_recom,1,select_coverage,1.0,exact,1615,6804,1048.0,4598.0,1007,4397,not_recom,113540
76,9,19,Nursery,10368,5,not_recom,1,select_coverage,2.0,DAC,3281,14092,,,2007,8968,not_recom,95812
76,9,19,Nursery,10368,5,not_recom,1,select_coverage,2.0,exact,3281,14092,2000.0,8937.0,1912,8517,not_recom,222224
76,9,19,Nursery,10368,5,not_recom,1,select_coverage,3.0,DAC,4959,21261,,,2879,12931,not_recom,144624
76,9,19,Nursery,10368,5,not_recom,1,select_coverage,3.0,exact,4959,21261,2867.0,12877.0,2744,12288,not_recom,323360
76,9,19,Nursery,10368,5,not_recom,1,select_coverage,4.0,DAC,6543,28169,,,3716,16772,not_recom,191264
76,9,19,Nursery,10368,5,not_recom,1,select_coverage,4.0,exact,6543,28169,3691.0,16661.0,3538,15947,not_recom,420316
76,9,19,Nursery,10368,5,not_recom,1,select_coverage_CBA_M1,,DAC,1418,5994,,,904,4001,priority,41064
76,9,19,Nursery,10368,5,not_recom,1,select_coverage_CBA_M1,,exact,1418,5994,903.0,3997.0,872,3838,priority,98700
76,9,19,Nursery,10368,5,not_recom,2,select_coverage,1.0,exact,1614,6800,1047.0,4594.0,1006,4393,not_recom,113444
76,9,19,Nursery,10368,5,not_recom,2,select_coverage,2.0,exact,3281,14093,2000.0,8938.0,1912,8518,not_recom,222236
76,9,19,Nursery,10368,5,not_recom,2,select_coverage,3.0,exact,4962,21276,2868.0,12882.0,2745,12293,not_recom,323508
76,9,19,Nursery,10368,5,not_recom,2,select_coverage,4.0,exact,6546,28186,3693.0,16672.0,3539,15952,not_recom,420544
76,9,19,Nursery,10368,5,not_recom,2,select_coverage_CBA_M1,,exact,1348,5666,847.0,3733.0,822,3601,priority,92696
76,9,29,Nursery,10368,5,not_recom,1,select_coverage,1.0,DAC,1634,6899,,,1061,4692,very_recom,47276
76,9,29,Nursery,10368,5,not_recom,1,select_coverage,1.0,exact,1634,6899,1058.0,4678.0,1016,4473,not_recom,115024
76,9,29,Nursery,10368,5,not_recom,1,select_coverage,2.0,DAC,3337,14299,,,2060,9225,very_recom,97312
76,9,29,Nursery,10368,5,not_recom,1,select_coverage,2.0,exact,3337,14299,2050.0,9180.0,1964,8778,not_recom,227468
76,9,29,Nursery,10368,5,not_recom,1,select_coverage,3.0,DAC,5080,21743,,,2991,13447,very_recom,148004
76,9,29,Nursery,10368,5,not_recom,1,select_coverage,3.0,exact,5080,21743,2972.0,13360.0,2837,12728,not_recom,334020
76,9,29,Nursery,10368,5,not_recom,1,select_coverage,4.0,DAC,6579,28218,,,3718,16745,very_recom,191892
76,9,29,Nursery,10368,5,not_recom,1,select_coverage,4.0,exact,6579,28218,3681.0,16579.0,3504,15758,not_recom,418948
76,9,29,Nursery,10368,5,not_recom,1,select_coverage_CBA_M1,,DAC,1408,5954,,,894,3990,priority,40784
76,9,29,Nursery,10368,5,not_recom,1,select_coverage_CBA_M1,,exact,1408,5954,893.0,3985.0,862,3825,priority,97960
76,9,29,Nursery,10368,5,not_recom,2,select_coverage,1.0,exact,1635,6904,1059.0,4683.0,1017,4478,not_recom,115132
76,9,29,Nursery,10368,5,not_recom,2,select_coverage,2.0,exact,3335,14292,2047.0,9169.0,1962,8771,not_recom,227224
76,9,29,Nursery,10368,5,not_recom,2,select_coverage,3.0,exact,5084,21766,2974.0,13372.0,2840,12744,not_recom,334320
76,9,29,Nursery,10368,5,not_recom,2,select_coverage,4.0,exact,6582,28236,3684.0,16595.0,3508,15778,not_recom,419308
76,9,29,Nursery,10368,5,not_recom,2,select_coverage_CBA_M1,,exact,1313,5512,821.0,3642.0,796,3511,priority,90108
76,9,31,Nursery,10368,4,not_recom,1,select_coverage,1.0,DAC,1626,6917,,,1029,4588,very_recom,47252
76,9,31,Nursery,10368,4,not_recom,1,select_coverage,1.0,exact,1626,6917,1025.0,4569.0,996,4429,not_recom,104692
76,9,31,Nursery,10368,4,not_recom,1,select_coverage,2.0,DAC,3436,15052,,,2174,9946,very_recom,101512
76,9,31,Nursery,10368,4,not_recom,1,select_coverage,2.0,exact,3436,15052,2166.0,9907.0,2092,9547,not_recom,224696
76,9,31,Nursery,10368,4,not_recom,1,select_coverage,3.0,DAC,5345,23545,,,3226,14897,very_recom,158392
76,9,31,Nursery,10368,4,not_recom,1,select_coverage,3.0,exact,5345,23545,3204.0,14792.0,3083,14213,not_recom,338392
76,9,31,Nursery,10368,4,not_recom,1,select_coverage,4.0,DAC,7103,31455,,,4142,19219,very_recom,211128
76,9,31,Nursery,10368,4,not_recom,1,select_coverage,4.0,exact,7103,31455,4106.0,19046.0,3939,18250,not_recom,439276
76,9,31,Nursery,10368,4,not_recom,1,select_coverage_CBA_M1,,DAC,1523,6485,,,957,4286,priority,44288
76,9,31,Nursery,10368,4,not_recom,1,select_coverage_CBA_M1,,exact,1523,6485,955.0,4276.0,928,4145,not_recom,97856
76,9,31,Nursery,10368,4,not_recom,2,select_coverage,1.0,exact,1626,6917,1025.0,4569.0,996,4429,not_recom,104692
76,9,31,Nursery,10368,4,not_recom,2,select_coverage,2.0,exact,3434,15044,2164.0,9899.0,2090,9539,not_recom,224520
76,9,31,Nursery,10368,4,not_recom,2,select_coverage,3.0,exact,5348,23560,3204.0,14793.0,3082,14209,not_recom,338440
76,9,31,Nursery,10368,4,not_recom,2,select_coverage,4.0,exact,7103,31456,4105.0,19043.0,3938,18247,not_recom,439216
76,9,31,Nursery,10368,4,not_recom,2,select_coverage_CBA_M1,,exact,1468,6222,911.0,4066.0,887,3948,not_recom,93416
76,9,34,Nursery,10368,5,not_recom,1,select_coverage,1.0,DAC,1607,6760,,,1048,4586,not_recom,46396
76,9,34,Nursery,10368,5,not_recom,1,select_coverage,1.0,exact,1607,6760,1046.0,4577.0,1007,4394,not_recom,113172
76,9,34,Nursery,10368,5,not_recom,1,select_coverage,2.0,DAC,3241,13915,,,2022,9047,not_recom,94624
76,9,34,Nursery,10368,5,not_recom,1,select_coverage,2.0,exact,3241,13915,2011.0,8994.0,1931,8622,not_recom,222692
76,9,34,Nursery,10368,5,not_recom,1,select_coverage,3.0,DAC,4923,21159,,,2903,13088,very_recom,143784
76,9,34,Nursery,10368,5,not_recom,1,select_coverage,3.0,exact,4923,21159,2884.0,12998.0,2761,12428,not_recom,324812
76,9,34,Nursery,10368,5,not_recom,1,select_coverage,4.0,DAC,6475,27888,,,3690,16705,not_recom,189324
76,9,34,Nursery,10368,5,not_recom,1,select_coverage,4.0,exact,6475,27888,3653.0,16535.0,3489,15775,not_recom,416176
76,9,34,Nursery,10368,5,not_recom,1,select_coverage_CBA_M1,,DAC,1437,6049,,,909,3999,priority,41512
76,9,34,Nursery,10368,5,not_recom,1,select_coverage_CBA_M1,,exact,1437,6049,909.0,3999.0,878,3849,not_recom,99260
76,9,34,Nursery,10368,5,not_recom,2,select_coverage,1.0,exact,1607,6760,1046.0,4577.0,1007,4394,not_recom,113172
76,9,34,Nursery,10368,5,not_recom,2,select_coverage,2.0,exact,3237,13899,2009.0,8986.0,1929,8614,not_recom,222468
76,9,34,Nursery,10368,5,not_recom,2,select_coverage,3.0,exact,4923,21162,2885.0,13005.0,2762,12435,not_recom,324928
76,9,34,Nursery,10368,5,not_recom,2,select_coverage,4.0,exact,6481,27919,3659.0,16564.0,3493,15793,not_recom,416776
76,9,34,Nursery,10368,5,not_recom,2,select_coverage_CBA_M1,,exact,1376,5768,863.0,3785.0,834,3643,not_recom,94248
76,9,42,Nursery,10368,4,not_recom,1,select_coverage,1.0,DAC,1606,6864,,,1026,4609,not_recom,46800
76,9,42,Nursery,10368,4,not_recom,1,select_coverage,1.0,exact,1606,6864,1024.0,4599.0,980,4389,not_recom,104400
76,9,42,Nursery,10368,4,not_recom,1,select_coverage,2.0,DAC,3351,14655,,,2106,9624,very_recom,98904
76,9,42,Nursery,10368,4,not_recom,1,select_coverage,2.0,exact,3351,14655,2099.0,9589.0,2006,9143,not_recom,217540
76,9,42,Nursery,10368,4,not_recom,1,select_coverage,3.0,DAC,5209,22905,,,3161,14557,very_recom,154200
76,9,42,Nursery,10368,4,not_recom,1,select_coverage,3.0,exact,5209,22905,3141.0,14464.0,2995,13768,not_recom,330220
76,9,42,Nursery,10368,4,not_recom,1,select_coverage,4.0,DAC,6959,30798,,,4110,19025,very_recom,206772
76,9,42,Nursery,10368,4,not_recom,1,select_coverage,4.0,exact,6959,30798,4075.0,18861.0,3880,17927,not_recom,433376
76,9,42,Nursery,10368,4,not_recom,1,select_coverage_CBA_M1,,DAC,1498,6392,,,936,4217,priority,43616
76,9,42,Nursery,10368,4,not_recom,1,select_coverage_CBA_M1,,exact,1498,6392,934.0,4207.0,897,4030,not_recom,95908
76,9,42,Nursery,10368,4,not_recom,2,select_coverage,1.0,exact,1606,6864,1024.0,4599.0,980,4389,not_recom,104400
76,9,42,Nursery,10368,4,not_recom,2,select_coverage,2.0,exact,3351,14655,2099.0,9589.0,2006,9143,not_recom,217540
76,9,42,Nursery,10368,4,not_recom,2,select_coverage,3.0,exact,5210,22909,3141.0,14464.0,2995,13768,not_recom,330236
76,9,42,Nursery,10368,4,not_recom,2,select_coverage,4.0,exact,6963,30817,4077.0,18869.0,3881,17931,not_recom,433580
76,9,42,Nursery,10368,4,not_recom,2,select_coverage_CBA_M1,,exact,1443,6134,889.0,3995.0,856,3836,not_recom,91452
76,9,49,Nursery,10368,5,not_recom,1,select_coverage,1.0,DAC,1596,6688,,,1010,4417,recommend,45976
76,9,49,Nursery,10368,5,not_recom,1,select_coverage,1.0,exact,1596,6688,1008.0,4407.0,977,4260,not_recom,109844
76,9,49,Nursery,10368,5,not_recom,1,select_coverage,2.0,DAC,3274,13992,,,2009,8928,recommend,95328
76,9,49,Nursery,10368,5,not_recom,1,select_coverage,2.0,exact,3274,13992,2003.0,8899.0,1911,8468,not_recom,221620
76,9,49,Nursery,10368,5,not_recom,1,select_coverage,3.0,DAC,4974,21240,,,2902,12975,recommend,144720
76,9,49,Nursery,10368,5,not_recom,1,select_coverage,3.0,exact,4974,21240,2892.0,12927.0,2756,12295,not_recom,324704
76,9,49,Nursery,10368,5,not_recom,1,select_coverage,4.0,DAC,6523,27937,,,3677,16504,very_recom,190096
76,9,49,Nursery,10368,5,not_recom,1,select_coverage,4.0,exact,6523,27937,3655.0,16399.0,3486,15620,not_recom,415304
76,9,49,Nursery,10368,5,not_recom,1,select_coverage_CBA_M1,,DAC,1397,5866,,,873,3848,priority,40300
76,9,49,Nursery,10368,5,not_recom,1,select_coverage_CBA_M1,,exact,1397,5866,872.0,3843.0,845,3714,not_recom,95588
76,9,49,Nursery,10368,5,not_recom,2,select_coverage,1.0,exact,1595,6684,1007.0,4403.0,976,4256,not_recom,109748
76,9,49,Nursery,10368,5,not_recom,2,select_coverage,2.0,exact,3275,13998,2004.0,8905.0,1912,8474,not_recom,221740
76,9,49,Nursery,10368,5,not_recom,2,select_coverage,3.0,exact,4975,21247,2892.0,12927.0,2756,12295,not_recom,324732
76,9,49,Nursery,10368,5,not_recom,2,select_coverage,4.0,exact,6528,27961,3657.0,16408.0,3488,15629,not_recom,415568
76,9,49,Nursery,10368,5,not_recom,2,select_coverage_CBA_M1,,exact,1315,5486,814.0,3571.0,791,3460,priority,89180
76,9,63,Nursery,10368,5,not_recom,1,select_coverage,1.0,DAC,1617,6778,,,1072,4679,recommend,46588
76,9,63,Nursery,10368,5,not_recom,1,select_coverage,1.0,exact,1617,6778,1070.0,4670.0,1026,4469,not_recom,115068
76,9,63,Nursery,10368,5,not_recom,1,select_coverage,2.0,DAC,3310,14198,,,2074,9263,very_recom,96584
76,9,63,Nursery,10368,5,not_recom,1,select_coverage,2.0,exact,3310,14198,2068.0,9236.0,1992,8883,not_recom,228572
76,9,63,Nursery,10368,5,not_recom,1,select_coverage,3.0,DAC,4997,21394,,,2912,13062,very_recom,145612
76,9,63,Nursery,10368,5,not_recom,1,select_coverage,3.0,exact,4997,21394,2897.0,12994.0,2780,12455,not_recom,326468
76,9,63,Nursery,10368,5,not_recom,1,select_coverage,4.0,DAC,6536,28053,,,3677,16558,very_recom,190716
76,9,63,Nursery,10368,5,not_recom,1,select_coverage,4.0,exact,6536,28053,3648.0,16429.0,3483,15679,not_recom,415788
76,9,63,Nursery,10368,5,not_recom,1,select_coverage_CBA_M1,,DAC,1410,5921,,,907,3988,priority,40676
76,9,63,Nursery,10368,5,not_recom,1,select_coverage_CBA_M1,,exact,1410,5921,905.0,3979.0,872,3823,not_recom,98372
76,9,63,Nursery,10368,5,not_recom,2,select_coverage,1.0,exact,1616,6774,1070.0,4670.0,1026,4469,not_recom,115052
76,9,63,Nursery,10368,5,not_recom,2,select_coverage,2.0,exact,3310,14198,2068.0,9236.0,1992,8883,not_recom,228572
76,9,63,Nursery,10368,5,not_recom,2,select_coverage,3.0,exact,4997,21396,2900.0,13009.0,2782,12465,not_recom,326720
76,9,63,Nursery,10368,5,not_recom,2,select_coverage,4.0,exact,6539,28067,3650.0,16439.0,3484,15684,not_recom,416000
76,9,63,Nursery,10368,5,not_recom,2,select_coverage_CBA_M1,,exact,1339,5595,854.0,3744.0,826,3610,not_recom,92828
76,9,64,Nursery,10368,5,not_recom,1,select_coverage,1.0,DAC,1641,6886,,,1034,4553,priority,47308
76,9,64,Nursery,10368,5,not_recom,1,select_coverage,1.0,exact,1641,6886,1033.0,4548.0,996,4382,not_recom,112888
76,9,64,Nursery,10368,5,not_recom,1,select_coverage,2.0,DAC,3351,14364,,,2026,9086,very_recom,97740
76,9,64,Nursery,10368,5,not_recom,1,select_coverage,2.0,exact,3351,14364,2017.0,9042.0,1938,8680,not_recom,225200
76,9,64,Nursery,10368,5,not_recom,1,select_coverage,3.0,DAC,5093,21788,,,2950,13253,very_recom,148340
76,9,64,Nursery,10368,5,not_recom,1,select_coverage,3.0,exact,5093,21788,2926.0,13141.0,2786,12503,not_recom,330216
76,9,64,Nursery,10368,5,not_recom,1,select_coverage,4.0,DAC,6669,28571,,,3758,16885,very_recom,194384
76,9,64,Nursery,10368,5,not_recom,1,select_coverage,4.0,exact,6669,28571,3714.0,16685.0,3532,15860,not_recom,422776
76,9,64,Nursery,10368,5,not_recom,1,select_coverage_CBA_M1,,DAC,1448,6079,,,899,3980,priority,41764
76,9,64,Nursery,10368,5,not_recom,1,select_coverage_CBA_M1,,exact,1448,6079,898.0,3975.0,871,3849,not_recom,98756
76,9,64,Nursery,10368,5,not_recom,2,select_coverage,1.0,exact,1641,6886,1033.0,4548.0,996,4382,not_recom,112888
76,9,64,Nursery,10368,5,not_recom,2,select_coverage,2.0,exact,3351,14364,2017.0,9042.0,1938,8680,not_recom,225200
76,9,64,Nursery,10368,5,not_recom,2,select_coverage,3.0,exact,5094,21795,2927.0,13147.0,2787,12508,not_recom,330336
76,9,64,Nursery,10368,5,not_recom,2,select_coverage,4.0,exact,6668,28572,3710.0,16672.0,3528,15845,not_recom,422476
76,9,64,Nursery,10368,5,not_recom,2,select_coverage_CBA_M1,,exact,1380,5770,842.0,3721.0,819,3612,not_recom,92868
76,9,65,Nursery,10368,5,not_recom,1,select_coverage,1.0,DAC,1579,6597,,,1015,4424,very_recom,45408
76,9,65,Nursery,10368,5,not_recom,1,select_coverage,1.0,exact,1579,6597,1013.0,4415.0,977,4243,not_recom,109684
76,9,65,Nursery,10368,5,not_recom,1,select_coverage,2.0,DAC,3282,14005,,,2020,8984,very_recom,95476
76,9,65,Nursery,10368,5,not_recom,1,select_coverage,2.0,exact,3282,14005,2006.0,8917.0,1923,8519,not_recom,222092
76,9,65,Nursery,10368,5,not_recom,1,select_coverage,3.0,DAC,5007,21360,,,2950,13187,very_recom,145596
76,9,65,Nursery,10368,5,not_recom,1,select_coverage,3.0,exact,5007,21360,2927.0,13078.0,2811,12530,not_recom,328408
76,9,65,Nursery,10368,5,not_recom,1,select_coverage,4.0,DAC,6561,28016,,,3690,16542,very_recom,190868
76,9,65,Nursery,10368,5,not_recom,1,select_coverage,4.0,exact,6561,28016,3657.0,16390.0,3504,15680,not_recom,415920
76,9,65,Nursery,10368,5,not_recom,1,select_coverage_CBA_M1,,DAC,1356,5668,,,846,3712,priority,39016
76,9,65,Nursery,10368,5,not_recom,1,select_coverage_CBA_M1,,exact,1356,5668,845.0,3707.0,817,3570,not_recom,92380
76,9,65,Nursery,10368,5,not_recom,2,select_coverage,1.0,exact,1578,6592,1012.0,4410.0,976,4238,not_recom,109576
76,9,65,Nursery,10368,5,not_recom,2,select_coverage,2.0,exact,3284,14015,2008.0,8927.0,1925,8529,not_recom,222308
76,9,65,Nursery,10368,5,not_recom,2,select_coverage,3.0,exact,5010,21377,2930.0,13094.0,2813,12542,not_recom,328732
76,9,65,Nursery,10368,5,not_recom,2,select_coverage,4.0,exact,6563,28031,3660.0,16409.0,3508,15703,not_recom,416292
76,9,65,Nursery,10368,5,not_recom,2,select_coverage_CBA_M1,,exact,1285,5340,794.0,3469.0,766,3332,not_recom,86716
76,9,68,Nursery,10368,5,not_recom,1,select_coverage,1.0,DAC,1609,6706,,,1021,4438,very_recom,46204
76,9,68,Nursery,10368,5,not_recom,1,select_coverage,1.0,exact,1609,6706,1018.0,4424.0,976,4223,not_recom,110316
76,9,68,Nursery,10368,5,not_recom,1,select_coverage,2.0,DAC,3267,13954,,,2009,8946,very_recom,95092
76,9,68,Nursery,10368,5,not_recom,1,select_coverage,2.0,exact,3267,13954,1997.0,8888.0,1911,8473,not_recom,221156
76,9,68,Nursery,10368,5,not_recom,1,select_coverage,3.0,DAC,4980,21230,,,2900,12950,recommend,144752
76,9,68,Nursery,10368,5,not_recom,1,select_coverage,3.0,exact,4980,21230,2879.0,12852.0,2755,12269,not_recom,323636
76,9,68,Nursery,10368,5,not_recom,1,select_coverage,4.0,DAC,6481,27685,,,3661,16421,recommend,188584
76,9,68,Nursery,10368,5,not_recom,1,select_coverage,4.0,exact,6481,27685,3627.0,16269.0,3465,15507,not_recom,411980
76,9,68,Nursery,10368,5,not_recom,1,select_coverage_CBA_M1,,DAC,1407,5867,,,855,3747,priority,40424
76,9,68,Nursery,10368,5,not_recom,1,select_coverage_CBA_M1,,exact,1407,5867,853.0,3737.0,817,3560,priority,93640
76,9,68,Nursery,10368,5,not_recom,2,select_coverage,1.0,exact,1609,6706,1018.0,4424.0,976,4223,not_recom,110316
76,9,68,Nursery,10368,5,not_recom,2,select_coverage,2.0,exact,3266,13950,1997.0,8888.0,1911,8473,not_recom,221140
76,9,68,Nursery,10368,5,not_recom,2,select_coverage,3.0,exact,4979,21228,2879.0,12853.0,2755,12270,not_recom,323636
76,9,68,Nursery,10368,5,not_recom,2,select_coverage,4.0,exact,6484,27704,3632.0,16296.0,3468,15524,not_recom,412472
76,9,68,Nursery,10368,5,not_recom,2,select_coverage_CBA_M1,,exact,1355,5625,820.0,3582.0,786,3414,priority,89884
76,9,74,Nursery,10368,5,not_recom,1,select_coverage,1.0,DAC,1648,6925,,,1057,4645,recommend,47548
76,9,74,Nursery,10368,5,not_recom,1,select_coverage,1.0,exact,1648,6925,1057.0,4645.0,1021,4470,not_recom,114936
76,9,74,Nursery,10368,5,not_recom,1,select_coverage,2.0,DAC,3348,14393,,,2073,9323,priority,97820
76,9,74,Nursery,10368,5,not_recom,1,select_coverage,2.0,exact,3348,14393,2066.0,9290.0,1985,8906,not_recom,229564
76,9,74,Nursery,10368,5,not_recom,1,select_coverage,3.0,DAC,5074,21735,,,2955,13288,priority,147900
76,9,74,Nursery,10368,5,not_recom,1,select_coverage,3.0,exact,5074,21735,2942.0,13228.0,2824,12670,not_recom,331788
76,9,74,Nursery,10368,5,not_recom,1,select_coverage,4.0,DAC,6621,28419,,,3693,16663,priority,193200
76,9,74,Nursery,10368,5,not_recom,1,select_coverage,4.0,exact,6621,28419,3670.0,16557.0,3513,15814,not_recom,419360
76,9,74,Nursery,10368,5,not_recom,1,select_coverage_CBA_M1,,DAC,1455,6142,,,906,4031,priority,42100
76,9,74,Nursery,10368,5,not_recom,1,select_coverage_CBA_M1,,exact,1455,6142,906.0,4031.0,875,3876,priority,99724
76,9,74,Nursery,10368,5,not_recom,2,select_coverage,1.0,exact,1648,6925,1057.0,4645.0,1021,4470,not_recom,114936
76,9,74,Nursery,10368,5,not_recom,2,select_coverage,2.0,exact,3347,14389,2066.0,9290.0,1985,8906,not_recom,229548
76,9,74,Nursery,10368,5,not_recom,2,select_coverage,3.0,exact,5078,21754,2943.0,13233.0,2825,12675,not_recom,331952
76,9,74,Nursery,10368,5,not_recom,2,select_coverage,4.0,exact,6626,28439,3674.0,16574.0,3517,15831,not_recom,419768
76,9,74,Nursery,10368,5,not_recom,2,select_coverage_CBA_M1,,exact,1350,5651,826.0,3653.0,799,3516,priority,90968
76,9,76,Nursery,10368,5,not_recom,1,select_coverage,1.0,DAC,1566,6593,,,994,4373,recommend,45236
76,9,76,Nursery,10368,5,not_recom,1,select_coverage,1.0,exact,1566,6593,994.0,4373.0,953,4177,not_recom,108324
76,9,76,Nursery,10368,5,not_recom,1,select_coverage,2.0,DAC,3226,13877,,,1961,8809,very_recom,94292
76,9,76,Nursery,10368,5,not_recom,1,select_coverage,2.0,exact,3226,13877,1950.0,8757.0,1859,8316,not_recom,217440
76,9,76,Nursery,10368,5,not_recom,1,select_coverage,3.0,DAC,4965,21357,,,2869,12948,very_recom,145080
76,9,76,Nursery,10368,5,not_recom,1,select_coverage,3.0,exact,4965,21357,2847.0,12845.0,2715,12217,not_recom,322372
76,9,76,Nursery,10368,5,not_recom,1,select_coverage,4.0,DAC,6535,28178,,,3638,16468,very_recom,191204
76,9,76,Nursery,10368,5,not_recom,1,select_coverage,4.0,exact,6535,28178,3604.0,16311.0,3439,15529,not_recom,413104
76,9,76,Nursery,10368,5,not_recom,1,select_coverage_CBA_M1,,DAC,1406,5916,,,872,3850,priority,40608
76,9,76,Nursery,10368,5,not_recom,1,select_coverage_CBA_M1,,exact,1406,5916,872.0,3850.0,842,3700,not_recom,95760
76,9,76,Nursery,10368,5,not_recom,2,select_coverage,1.0,exact,1566,6593,994.0,4373.0,953,4177,not_recom,108324
76,9,76,Nursery,10368,5,not_recom,2,select_coverage,2.0,exact,3227,13883,1952.0,8767.0,1861,8326,not_recom,217640
76,9,76,Nursery,10368,5,not_recom,2,select_coverage,3.0,exact,4970,21379,2849.0,12854.0,2717,12226,not_recom,322628
76,9,76,Nursery,10368,5,not_recom,2,select_coverage,4.0,exact,6535,28179,3607.0,16324.0,3441,15538,not_recom,413340
76,9,76,Nursery,10368,5,not_recom,2,select_coverage_CBA_M1,,exact,1349,5646,825.0,3628.0,797,3487,not_recom,90684
76,9,100,Nursery,10368,5,not_recom,1,select_coverage,1.0,DAC,1582,6700,,,1033,4586,priority,45856
76,9,100,Nursery,10368,5,not_recom,1,select_coverage,1.0,exact,1582,6700,1031.0,4576.0,998,4410,not_recom,112272
76,9,100,Nursery,10368,5,not_recom,1,select_coverage,2.0,DAC,3259,14013,,,2007,9016,priority,95232
76,9,100,Nursery,10368,5,not_recom,1,select_coverage,2.0,exact,3259,14013,2000.0,8985.0,1925,8618,not_recom,222504
76,9,100,Nursery,10368,5,not_recom,1,select_coverage,3.0,DAC,5008,21476,,,2951,13270,priority,146072
76,9,100,Nursery,10368,5,not_recom,1,select_coverage,3.0,exact,5008,21476,2935.0,13199.0,2822,12656,not_recom,330244
76,9,100,Nursery,10368,5,not_recom,1,select_coverage,4.0,DAC,6533,28079,,,3713,16752,priority,190784
76,9,100,Nursery,10368,5,not_recom,1,select_coverage,4.0,exact,6533,28079,3687.0,16635.0,3545,15962,not_recom,419720
76,9,100,Nursery,10368,5,not_recom,1,select_coverage_CBA_M1,,DAC,1372,5822,,,868,3890,priority,39824
76,9,100,Nursery,10368,5,not_recom,1,select_coverage_CBA_M1,,exact,1372,5822,866.0,3880.0,838,3740,not_recom,95376
76,9,100,Nursery,10368,5,not_recom,2,select_coverage,1.0,exact,1584,6710,1033.0,4586.0,1000,4420,not_recom,112488
76,9,100,Nursery,10368,5,not_recom,2,select_coverage,2.0,exact,3258,14010,2000.0,8985.0,1925,8618,not_recom,222492
76,9,100,Nursery,10368,5,not_recom,2,select_coverage,3.0,exact,5008,21477,2933.0,13191.0,2821,12652,not_recom,330104
76,9,100,Nursery,10368,5,not_recom,2,select_coverage,4.0,exact,6538,28103,3689.0,16645.0,3547,15972,not_recom,419992
76,9,100,Nursery,10368,5,not_recom,2,select_coverage_CBA_M1,,exact,1281,5402,797.0,3561.0,775,3449,not_recom,87944
76,9,114,Nursery,10368,5,not_recom,1,select_coverage,1.0,DAC,1610,6780,,,1037,4584,recommend,46512
76,9,114,Nursery,10368,5,not_recom,1,select_coverage,1.0,exact,1610,6780,1032.0,4561.0,991,4364,not_recom,112396
76,9,114,Nursery,10368,5,not_recom,1,select_coverage,2.0,DAC,3248,13909,,,2033,9088,recommend,94684
76,9,114,Nursery,10368,5,not_recom,1,select_coverage,2.0,exact,3248,13909,2020.0,9029.0,1946,8678,not_recom,223464
76,9,114,Nursery,10368,5,not_recom,1,select_coverage,3.0,DAC,4971,21274,,,2913,13092,recommend,144820
76,9,114,Nursery,10368,5,not_recom,1,select_coverage,3.0,exact,4971,21274,2888.0,12977.0,2757,12354,not_recom,325084
76,9,114,Nursery,10368,5,not_recom,1,select_coverage,4.0,DAC,6513,27939,,,3648,16422,recommend,189984
76,9,114,Nursery,10368,5,not_recom,1,select_coverage,4.0,exact,6513,27939,3611.0,16251.0,3450,15492,not_recom,412096
76,9,114,Nursery,10368,5,not_recom,1,select_coverage_CBA_M1,,DAC,1416,5987,,,877,3927,priority,41012
76,9,114,Nursery,10368,5,not_recom,1,select_coverage_CBA_M1,,exact,1416,5987,873.0,3908.0,846,3772,not_recom,96612
76,9,114,Nursery,10368,5,not_recom,2,select_coverage,1.0,exact,1610,6780,1031.0,4557.0,990,4360,not_recom,112316
76,9,114,Nursery,10368,5,not_recom,2,select_coverage,2.0,exact,3248,13909,2020.0,9029.0,1946,8678,not_recom,223464
76,9,114,Nursery,10368,5,not_recom,2,select_coverage,3.0,exact,4973,21283,2890.0,12986.0,2759,12363,not_recom,325288
76,9,114,Nursery,10368,5,not_recom,2,select_coverage,4.0,exact,6516,27954,3613.0,16262.0,3452,15503,not_recom,412340
76,9,114,Nursery,10368,5,not_recom,2,select_coverage_CBA_M1,,exact,1332,5590,807.0,3594.0,786,3487,not_recom,89460
76,9,133,Nursery,10368,5,not_recom,1,select_coverage,1.0,DAC,1608,6755,,,1013,4453,recommend,46388
76,9,133,Nursery,10368,5,not_recom,1,select_coverage,1.0,exact,1608,6755,1011.0,4444.0,970,4260,not_recom,110404
76,9,133,Nursery,10368,5,not_recom,1,select_coverage,2.0,DAC,3297,14127,,,2018,9015,very_recom,96144
76,9,133,Nursery,10368,5,not_recom,1,select_coverage,2.0,exact,3297,14127,2009.0,8975.0,1919,8565,not_recom,223140
76,9,133,Nursery,10368,5,not_recom,1,select_coverage,3.0,DAC,5045,21573,,,2929,13143,very_recom,146904
76,9,133,Nursery,10368,5,not_recom,1,select_coverage,3.0,exact,5045,21573,2910.0,13058.0,2773,12434,not_recom,327980
76,9,133,Nursery,10368,5,not_recom,1,select_coverage,4.0,DAC,6577,28135,,,3689,16569,very_recom,191536
76,9,133,Nursery,10368,5,not_recom,1,select_coverage,4.0,exact,6577,28135,3664.0,16458.0,3482,15632,not_recom,416812
76,9,133,Nursery,10368,5,not_recom,1,select_coverage_CBA_M1,,DAC,1396,5869,,,848,3757,priority,40300
76,9,133,Nursery,10368,5,not_recom,1,select_coverage_CBA_M1,,exact,1396,5869,847.0,3752.0,818,3617,not_recom,93648
76,9,133,Nursery,10368,5,not_recom,2,select_coverage,1.0,exact,1608,6755,1011.0,4444.0,970,4260,not_recom,110404
76,9,133,Nursery,10368,5,not_recom,2,select_coverage,2.0,exact,3298,14133,2010.0,8981.0,1919,8567,not_recom,223244
76,9,133,Nursery,10368,5,not_recom,2,select_coverage,3.0,exact,5046,21578,2911.0,13063.0,2774,12439,not_recom,328088
76,9,133,Nursery,10368,5,not_recom,2,select_coverage,4.0,exact,6574,28126,3663.0,16456.0,3481,15629,not_recom,416708
76,9,133,Nursery,10368,5,not_recom,2,select_coverage_CBA_M1,,exact,1318,5509,789.0,3480.0,765,3366,not_recom,87332
76,9,138,Nursery,10368,5,not_recom,1,select_coverage,1.0,DAC,1595,6714,,,1028,4529,very_recom,46068
76,9,138,Nursery,10368,5,not_recom,1,select_coverage,1.0,exact,1595,6714,1026.0,4521.0,988,4331,not_recom,111552
76,9,138,Nursery,10368,5,not_recom,1,select_coverage,2.0,DAC,3246,13926,,,2000,8960,very_recom,94728
76,9,138,Nursery,10368,5,not_recom,1,select_coverage,2.0,exact,3246,13926,1996.0,8942.0,1908,8514,not_recom,221376
76,9,138,Nursery,10368,5,not_recom,1,select_coverage,3.0,DAC,5001,21419,,,2918,13112,very_recom,145760
76,9,138,Nursery,10368,5,not_recom,1,select_coverage,3.0,exact,5001,21419,2904.0,13049.0,2770,12411,not_recom,326948
76,9,138,Nursery,10368,5,not_recom,1,select_coverage,4.0,DAC,6530,28019,,,3683,16598,priority,190508
76,9,138,Nursery,10368,5,not_recom,1,select_coverage,4.0,exact,6530,28019,3657.0,16480.0,3494,15702,not_recom,416380
76,9,138,Nursery,10368,5,not_recom,1,select_coverage_CBA_M1,,DAC,1395,5885,,,878,3903,priority,40352
76,9,138,Nursery,10368,5,not_recom,1,select_coverage_CBA_M1,,exact,1395,5885,877.0,3899.0,843,3726,spec_prior,96176
76,9,138,Nursery,10368,5,not_recom,2,select_coverage,1.0,exact,1596,6720,1027.0,4527.0,989,4337,not_recom,111672
76,9,138,Nursery,10368,5,not_recom,2,select_coverage,2.0,exact,3244,13920,1996.0,8943.0,1908,8515,not_recom,221360
76,9,138,Nursery,10368,5,not_recom,2,select_coverage,3.0,exact,5001,21421,2904.0,13050.0,2770,12412,not_recom,326964
76,9,138,Nursery,10368,5,not_recom,2,select_coverage,4.0,exact,6535,28043,3662.0,16504.0,3498,15721,not_recom,416888
76,9,138,Nursery,10368,5,not_recom,2,select_coverage_CBA_M1,,exact,1281,5364,795.0,3518.0,767,3370,spec_prior,87208
76,9,148,Nursery,10368,5,not_recom,1,select_coverage,1.0,DAC,1565,6582,,,999,4400,recommend,45180
76,9,148,Nursery,10368,5,not_recom,1,select_coverage,1.0,exact,1565,6582,996.0,4386.0,963,4229,not_recom,108636
76,9,148,Nursery,10368,5,not_recom,1,select_coverage,2.0,DAC,3249,13943,,,2015,9025,recommend,94832
76,9,148,Nursery,10368,5,not_recom,1,select_coverage,2.0,exact,3249,13943,2007.0,8989.0,1930,8625,not_recom,222604
76,9,148,Nursery,10368,5,not_recom,1,select_coverage,3.0,DAC,4989,21392,,,2925,13164,recommend,145508
76,9,148,Nursery,10368,5,not_recom,1,select_coverage,3.0,exact,4989,21392,2911.0,13102.0,2790,12532,not_recom,327872
76,9,148,Nursery,10368,5,not_recom,1,select_coverage,4.0,DAC,6554,28180,,,3694,16700,very_recom,191440
76,9,148,Nursery,10368,5,not_recom,1,select_coverage,4.0,exact,6554,28180,3665.0,16571.0,3501,15802,not_recom,418172
76,9,148,Nursery,10368,5,not_recom,1,select_coverage_CBA_M1,,DAC,1389,5852,,,867,3852,priority,40148
76,9,148,Nursery,10368,5,not_recom,1,select_coverage_CBA_M1,,exact,1389,5852,865.0,3842.0,837,3705,not_recom,95156
76,9,148,Nursery,10368,5,not_recom,2,select_coverage,1.0,exact,1565,6582,996.0,4386.0,963,4229,not_recom,108636
76,9,148,Nursery,10368,5,not_recom,2,select_coverage,2.0,exact,3247,13936,2006.0,8986.0,1929,8622,not_recom,222504
76,9,148,Nursery,10368,5,not_recom,2,select_coverage,3.0,exact,4993,21412,2916.0,13126.0,2795,12556,not_recom,328384
76,9,148,Nursery,10368,5,not_recom,2,select_coverage,4.0,exact,6556,28194,3668.0,16589.0,3504,15820,not_recom,418516
76,9,148,Nursery,10368,5,not_recom,2,select_coverage_CBA_M1,,exact,1295,5416,794.0,3509.0,772,3398,not_recom,87444
76,10,5,Nursery,10368,5,not_recom,1,select_coverage,1.0,DAC,1682,6994,,,1075,4679,recommend,48240
76,10,5,Nursery,10368,5,not_recom,1,select_coverage,1.0,exact,1682,6994,1072.0,4665.0,1026,4439,not_recom,115888
76,10,5,Nursery,10368,5,not_recom,1,select_coverage,2.0,DAC,3436,14571,,,2085,9272,recommend,99596
76,10,5,Nursery,10368,5,not_recom,1,select_coverage,2.0,exact,3436,14571,2078.0,9240.0,1982,8785,not_recom,230168
76,10,5,Nursery,10368,5,not_recom,1,select_coverage,3.0,DAC,5167,21853,,,2958,13157,very_recom,149496
76,10,5,Nursery,10368,5,not_recom,1,select_coverage,3.0,exact,5167,21853,2941.0,13080.0,2804,12439,not_recom,330696
76,10,5,Nursery,10368,5,not_recom,1,select_coverage,4.0,DAC,6793,28734,,,3734,16631,very_recom,196532
76,10,5,Nursery,10368,5,not_recom,1,select_coverage,4.0,exact,6793,28734,3705.0,16499.0,3527,15682,not_recom,421540
76,10,5,Nursery,10368,5,not_recom,1,select_coverage_CBA_M1,,DAC,1442,6011,,,907,3986,priority,41428
76,10,5,Nursery,10368,5,not_recom,1,select_coverage_CBA_M1,,exact,1442,6011,904.0,3972.0,870,3798,not_recom,98556
76,10,5,Nursery,10368,5,not_recom,2,select_coverage,1.0,exact,1682,6994,1072.0,4665.0,1026,4439,not_recom,115888
76,10,5,Nursery,10368,5,not_recom,2,select_coverage,2.0,exact,3435,14567,2077.0,9236.0,1981,8781,not_recom,230072
76,10,5,Nursery,10368,5,not_recom,2,select_coverage,3.0,exact,5167,21854,2942.0,13085.0,2805,12444,not_recom,330788
76,10,5,Nursery,10368,5,not_recom,2,select_coverage,4.0,exact,6796,28756,3709.0,16524.0,3531,15704,not_recom,422008
76,10,5,Nursery,10368,5,not_recom,2,select_coverage_CBA_M1,,exact,1379,5727,858.0,3762.0,827,3603,priority,93592
76,10,14,Nursery,10368,5,priority,1,select_coverage,1.0,DAC,1661,6950,,,1058,4637,recommend,47812
76,10,14,Nursery,10368,5,priority,1,select_coverage,1.0,exact,1661,6950,1055.0,4622.0,1022,4467,priority,114836
76,10,14,Nursery,10368,5,priority,1,select_coverage,2.0,DAC,3447,14639,,,2083,9249,very_recom,100000
76,10,14,Nursery,10368,5,priority,1,select_coverage,2.0,exact,3447,14639,2074.0,9206.0,1993,8833,priority,230304
76,10,14,Nursery,10368,5,priority,1,select_coverage,3.0,DAC,5180,21879,,,2925,13014,very_recom,149756
76,10,14,Nursery,10368,5,priority,1,select_coverage,3.0,exact,5180,21879,2905.0,12923.0,2778,12345,priority,328068
76,10,14,Nursery,10368,5,priority,1,select_coverage,4.0,DAC,6742,28522,,,3678,16399,priority,195072
76,10,14,Nursery,10368,5,priority,1,select_coverage,4.0,exact,6742,28522,3644.0,16245.0,3478,15497,priority,416008
76,10,14,Nursery,10368,5,priority,1,select_coverage_CBA_M1,,DAC,1434,6026,,,882,3917,priority,41392
76,10,14,Nursery,10368,5,priority,1,select_coverage_CBA_M1,,exact,1434,6026,880.0,3907.0,852,3771,priority,97096
76,10,14,Nursery,10368,5,priority,2,select_coverage,1.0,exact,1661,6950,1055.0,4622.0,1022,4467,priority,114836
76,10,14,Nursery,10368,5,priority,2,select_coverage,2.0,exact,3447,14641,2074.0,9208.0,1993,8835,priority,230328
76,10,14,Nursery,10368,5,priority,2,select_coverage,3.0,exact,5183,21895,2906.0,12929.0,2779,12351,priority,328228
76,10,14,Nursery,10368,5,priority,2,select_coverage,4.0,exact,6744,28535,3643.0,16244.0,3477,15496,priority,416004
76,10,14,Nursery,10368,5,priority,2,select_coverage_CBA_M1,,exact,1354,5661,819.0,3623.0,795,3505,priority,90508
76,10,17,Nursery,10368,5,priority,1,select_coverage,1.0,DAC,1658,6880,,,1065,4608,recommend,47496
76,10,17,Nursery,10368,5,priority,1,select_coverage,1.0,exact,1658,6880,1062.0,4594.0,1007,4347,priority,114300
76,10,17,Nursery,10368,5,priority,1,select_coverage,2.0,DAC,3324,14006,,,2018,8856,recommend,95992
76,10,17,Nursery,10368,5,priority,1,select_coverage,2.0,exact,3324,14006,2010.0,8819.0,1896,8309,priority,221056
76,10,17,Nursery,10368,5,priority,1,select_coverage,3.0,DAC,5086,21363,,,2869,12643,recommend,146564
76,10,17,Nursery,10368,5,priority,1,select_coverage,3.0,exact,5086,21363,2855.0,12581.0,2702,11899,priority,320452
76,10,17,Nursery,10368,5,priority,1,select_coverage,4.0,DAC,6668,28023,,,3630,16002,very_recom,192188
76,10,17,Nursery,10368,5,priority,1,select_coverage,4.0,exact,6668,28023,3604.0,15889.0,3411,15030,priority,408800
76,10,17,Nursery,10368,5,priority,1,select_coverage_CBA_M1,,DAC,1448,6021,,,907,3957,priority,41540
76,10,17,Nursery,10368,5,priority,1,select_coverage_CBA_M1,,exact,1448,6021,905.0,3948.0,861,3746,priority,98340
76,10,17,Nursery,10368,5,priority,2,select_coverage,1.0,exact,1659,6885,1063.0,4599.0,1008,4352,priority,114408
76,10,17,Nursery,10368,5,priority,2,select_coverage,2.0,exact,3324,14007,2010.0,8820.0,1896,8310,priority,221068
76,10,17,Nursery,10368,5,priority,2,select_coverage,3.0,exact,5091,21390,2861.0,12612.0,2708,11930,priority,321096
76,10,17,Nursery,10368,5,priority,2,select_coverage,4.0,exact,6670,28037,3607.0,15905.0,3413,15041,priority,409108
76,10,17,Nursery,10368,5,priority,2,select_coverage_CBA_M1,,exact,1351,5579,836.0,3632.0,799,3462,priority,90860
76,10,19,Nursery,10368,5,not_recom,1,select_coverage,1.0,DAC,1668,6913,,,1059,4582,very_recom,47748
76,10,19,Nursery,10368,5,not_recom,1,select_coverage,1.0,exact,1668,6913,1059.0,4582.0,1021,4409,not_recom,114488
76,10,19,Nursery,10368,5,not_recom,1,select_coverage,2.0,DAC,3390,14292,,,2023,8885,very_recom,97928
76,10,19,Nursery,10368,5,not_recom,1,select_coverage,2.0,exact,3390,14292,2011.0,8832.0,1931,8470,not_recom,222944
76,10,19,Nursery,10368,5,not_recom,1,select_coverage,3.0,DAC,5160,21765,,,2902,12842,very_recom,149060
76,10,19,Nursery,10368,5,not_recom,1,select_coverage,3.0,exact,5160,21765,2883.0,12759.0,2764,12219,not_recom,325396
76,10,19,Nursery,10368,5,not_recom,1,select_coverage,4.0,DAC,6763,28565,,,3664,16237,priority,195496
76,10,19,Nursery,10368,5,not_recom,1,select_coverage,4.0,exact,6763,28565,3632.0,16099.0,3470,15359,not_recom,414468
76,10,19,Nursery,10368,5,not_recom,1,select_coverage_CBA_M1,,DAC,1453,6033,,,900,3926,priority,41648
76,10,19,Nursery,10368,5,not_recom,1,select_coverage_CBA_M1,,exact,1453,6033,900.0,3926.0,874,3802,priority,98284
76,10,19,Nursery,10368,5,not_recom,2,select_coverage,1.0,exact,1668,6913,1059.0,4582.0,1021,4409,not_recom,114488
76,10,19,Nursery,10368,5,not_recom,2,select_coverage,2.0,exact,3391,14297,2013.0,8841.0,1933,8479,not_recom,223132
76,10,19,Nursery,10368,5,not_recom,2,select_coverage,3.0,exact,5162,21778,2884.0,12766.0,2765,12226,not_recom,325552
76,10,19,Nursery,10368,5,not_recom,2,select_coverage,4.0,exact,6767,28586,3633.0,16106.0,3471,15365,not_recom,414652
76,10,19,Nursery,10368,5,not_recom,2,select_coverage_CBA_M1,,exact,1359,5603,829.0,3600.0,810,3507,priority,90672
76,10,29,Nursery,10368,5,not_recom,1,select_coverage,1.0,DAC,1726,7191,,,1124,4900,recommend,49556
76,10,29,Nursery,10368,5,not_recom,1,select_coverage,1.0,exact,1726,7191,1123.0,4895.0,1081,4705,not_recom,121108
76,10,29,Nursery,10368,5,not_recom,1,select_coverage,2.0,DAC,3452,14597,,,2099,9287,recommend,99892
76,10,29,Nursery,10368,5,not_recom,1,select_coverage,2.0,exact,3452,14597,2092.0,9255.0,2014,8899,not_recom,231460
76,10,29,Nursery,10368,5,not_recom,1,select_coverage,3.0,DAC,5225,22074,,,3004,13345,recommend,151076
76,10,29,Nursery,10368,5,not_recom,1,select_coverage,3.0,exact,5225,22074,2980.0,13237.0,2857,12680,not_recom,335044
76,10,29,Nursery,10368,5,not_recom,1,select_coverage,4.0,DAC,6797,28705,,,3753,16681,priority,196464
76,10,29,Nursery,10368,5,not_recom,1,select_coverage,4.0,exact,6797,28705,3715.0,16514.0,3542,15744,not_recom,422212
76,10,29,Nursery,10368,5,not_recom,1,select_coverage_CBA_M1,,DAC,1487,6204,,,946,4156,priority,42740
76,10,29,Nursery,10368,5,not_recom,1,select_coverage_CBA_M1,,exact,1487,6204,945.0,4151.0,919,4026,not_recom,102924
76,10,29,Nursery,10368,5,not_recom,2,select_coverage,1.0,exact,1727,7196,1124.0,4900.0,1082,4710,not_recom,121216
76,10,29,Nursery,10368,5,not_recom,2,select_coverage,2.0,exact,3452,14597,2092.0,9255.0,2014,8899,not_recom,231460
76,10,29,Nursery,10368,5,not_recom,2,select_coverage,3.0,exact,5230,22098,2980.0,13238.0,2857,12681,not_recom,335148
76,10,29,Nursery,10368,5,not_recom,2,select_coverage,4.0,exact,6802,28735,3717.0,16527.0,3544,15757,not_recom,422532
76,10,29,Nursery,10368,5,not_recom,2,select_coverage_CBA_M1,,exact,1413,5866,892.0,3907.0,868,3789,not_recom,97104
76,10,31,Nursery,10368,4,not_recom,1,select_coverage,1.0,DAC,1696,7134,,,1073,4735,very_recom,48968
76,10,31,Nursery,10368,4,not_recom,1,select_coverage,1.0,exact,1696,7134,1070.0,4720.0,1023,4498,not_recom,108240
76,10,31,Nursery,10368,4,not_recom,1,select_coverage,2.0,DAC,3488,15068,,,2175,9816,very_recom,102208
76,10,31,Nursery,10368,4,not_recom,1,select_coverage,2.0,exact,3488,15068,2166.0,9773.0,2066,9300,not_recom,223236
76,10,31,Nursery,10368,4,not_recom,1,select_coverage,3.0,DAC,5455,23647,,,3268,14843,very_recom,160128
76,10,31,Nursery,10368,4,not_recom,1,select_coverage,3.0,exact,5455,23647,3236.0,14691.0,3076,13939,not_recom,338580
76,10,31,Nursery,10368,4,not_recom,1,select_coverage,4.0,DAC,7287,31816,,,4227,19341,very_recom,214788
76,10,31,Nursery,10368,4,not_recom,1,select_coverage,4.0,exact,7287,31816,4175.0,19098.0,3953,18064,not_recom,442944
76,10,31,Nursery,10368,4,not_recom,1,select_coverage_CBA_M1,,DAC,1610,6779,,,1009,4468,priority,46516
76,10,31,Nursery,10368,4,not_recom,1,select_coverage_CBA_M1,,exact,1610,6779,1008.0,4463.0,966,4262,not_recom,102368
76,10,31,Nursery,10368,4,not_recom,2,select_coverage,1.0,exact,1696,7134,1070.0,4720.0,1023,4498,not_recom,108240
76,10,31,Nursery,10368,4,not_recom,2,select_coverage,2.0,exact,3491,15082,2168.0,9782.0,2068,9309,not_recom,223444
76,10,31,Nursery,10368,4,not_recom,2,select_coverage,3.0,exact,5458,23663,3239.0,14706.0,3079,13954,not_recom,338884
76,10,31,Nursery,10368,4,not_recom,2,select_coverage,4.0,exact,7294,31849,4179.0,19118.0,3957,18084,not_recom,443396
76,10,31,Nursery,10368,4,not_recom,2,select_coverage_CBA_M1,,exact,1549,6497,966.0,4265.0,926,4072,not_recom,98008
76,10,34,Nursery,10368,5,not_recom,1,select_coverage,1.0,DAC,1651,6819,,,1066,4579,not_recom,47168
76,10,34,Nursery,10368,5,not_recom,1,select_coverage,1.0,exact,1651,6819,1064.0,4569.0,1021,4378,not_recom,114176
76,10,34,Nursery,10368,5,not_recom,1,select_coverage,2.0,DAC,3405,14380,,,2059,9084,not_recom,98460
76,10,34,Nursery,10368,5,not_recom,1,select_coverage,2.0,exact,3405,14380,2047.0,9028.0,1956,8611,not_recom,226372
76,10,34,Nursery,10368,5,not_recom,1,select_coverage,3.0,DAC,5167,21848,,,2949,13117,not_recom,149476
76,10,34,Nursery,10368,5,not_recom,1,select_coverage,3.0,exact,5167,21848,2927.0,13016.0,2782,12357,not_recom,329420
76,10,34,Nursery,10368,5,not_recom,1,select_coverage,4.0,DAC,6753,28604,,,3698,16473,not_recom,195532
76,10,34,Nursery,10368,5,not_recom,1,select_coverage,4.0,exact,6753,28604,3656.0,16283.0,3467,15426,not_recom,416780
76,10,34,Nursery,10368,5,not_recom,1,select_coverage_CBA_M1,,DAC,1440,5956,,,914,3954,priority,41184
76,10,34,Nursery,10368,5,not_recom,1,select_coverage_CBA_M1,,exact,1440,5956,914.0,3954.0,881,3803,not_recom,98764
76,10,34,Nursery,10368,5,not_recom,2,select_coverage,1.0,exact,1651,6819,1064.0,4569.0,1021,4378,not_recom,114176
76,10,34,Nursery,10368,5,not_recom,2,select_coverage,2.0,exact,3405,14380,2047.0,9028.0,1956,8611,not_recom,226372
76,10,34,Nursery,10368,5,not_recom,2,select_coverage,3.0,exact,5169,21856,2927.0,13016.0,2782,12357,not_recom,329452
76,10,34,Nursery,10368,5,not_recom,2,select_coverage,4.0,exact,6751,28599,3655.0,16280.0,3467,15428,not_recom,416708
76,10,34,Nursery,10368,5,not_recom,2,select_coverage_CBA_M1,,exact,1366,5623,862.0,3717.0,838,3605,not_recom,93196
76,10,42,Nursery,10368,4,not_recom,1,select_coverage,1.0,DAC,1670,7026,,,1067,4713,very_recom,48224
76,10,42,Nursery,10368,4,not_recom,1,select_coverage,1.0,exact,1670,7026,1063.0,4692.0,1023,4508,not_recom,107456
76,10,42,Nursery,10368,4,not_recom,1,select_coverage,2.0,DAC,3465,14951,,,2149,9705,very_recom,101464
76,10,42,Nursery,10368,4,not_recom,1,select_coverage,2.0,exact,3465,14951,2135.0,9637.0,2048,9241,not_recom,220748
76,10,42,Nursery,10368,4,not_recom,1,select_coverage,3.0,DAC,5356,23180,,,3198,14523,very_recom,157072
76,10,42,Nursery,10368,4,not_recom,1,select_coverage,3.0,exact,5356,23180,3171.0,14394.0,3019,13707,not_recom,331996
76,10,42,Nursery,10368,4,not_recom,1,select_coverage,4.0,DAC,7181,31274,,,4147,18935,very_recom,211348
76,10,42,Nursery,10368,4,not_recom,1,select_coverage,4.0,exact,7181,31274,4098.0,18703.0,3888,17744,not_recom,434836
76,10,42,Nursery,10368,4,not_recom,1,select_coverage_CBA_M1,,DAC,1534,6405,,,954,4201,very_recom,44108
76,10,42,Nursery,10368,4,not_recom,1,select_coverage_CBA_M1,,exact,1534,6405,951.0,4185.0,917,4028,not_recom,96544
76,10,42,Nursery,10368,4,not_recom,2,select_coverage,1.0,exact,1669,7022,1062.0,4688.0,1022,4504,not_recom,107368
76,10,42,Nursery,10368,4,not_recom,2,select_coverage,2.0,exact,3465,14951,2135.0,9637.0,2048,9241,not_recom,220748
76,10,42,Nursery,10368,4,not_recom,2,select_coverage,3.0,exact,5359,23199,3173.0,14406.0,3020,13713,not_recom,332224
76,10,42,Nursery,10368,4,not_recom,2,select_coverage,4.0,exact,7185,31299,4101.0,18723.0,3888,17748,not_recom,435152
76,10,42,Nursery,10368,4,not_recom,2,select_coverage_CBA_M1,,exact,1523,6381,938.0,4143.0,910,4015,not_recom,95708
76,10,49,Nursery,10368,5,not_recom,1,select_coverage,1.0,DAC,1640,6772,,,1049,4506,very_recom,46848
76,10,49,Nursery,10368,5,not_recom,1,select_coverage,1.0,exact,1640,6772,1045.0,4489.0,1009,4328,not_recom,112556
76,10,49,Nursery,10368,5,not_recom,1,select_coverage,2.0,DAC,3397,14325,,,2041,8958,very_recom,98144
76,10,49,Nursery,10368,5,not_recom,1,select_coverage,2.0,exact,3397,14325,2027.0,8897.0,1954,8564,not_recom,224480
76,10,49,Nursery,10368,5,not_recom,1,select_coverage,3.0,DAC,5161,21720,,,2925,12911,very_recom,148892
76,10,49,Nursery,10368,5,not_recom,1,select_coverage,3.0,exact,5161,21720,2907.0,12831.0,2788,12289,not_recom,326936
76,10,49,Nursery,10368,5,not_recom,1,select_coverage,4.0,DAC,6746,28450,,,3682,16312,very_recom,194832
76,10,49,Nursery,10368,5,not_recom,1,select_coverage,4.0,exact,6746,28450,3641.0,16132.0,3482,15413,not_recom,414788
76,10,49,Nursery,10368,5,not_recom,1,select_coverage_CBA_M1,,DAC,1427,5911,,,894,3878,priority,40848
76,10,49,Nursery,10368,5,not_recom,1,select_coverage_CBA_M1,,exact,1427,5911,891.0,3865.0,862,3731,not_recom,96836
76,10,49,Nursery,10368,5,not_recom,2,select_coverage,1.0,exact,1640,6772,1045.0,4489.0,1009,4328,not_recom,112556
76,10,49,Nursery,10368,5,not_recom,2,select_coverage,2.0,exact,3398,14330,2027.0,8897.0,1954,8564,not_recom,224500
76,10,49,Nursery,10368,5,not_recom,2,select_coverage,3.0,exact,5160,21718,2909.0,12840.0,2790,12298,not_recom,327096
76,10,49,Nursery,10368,5,not_recom,2,select_coverage,4.0,exact,6747,28455,3642.0,16136.0,3483,15417,not_recom,414888
76,10,49,Nursery,10368,5,not_recom,2,select_coverage_CBA_M1,,exact,1322,5437,816.0,3521.0,793,3410,not_recom,88680
76,10,63,Nursery,10368,5,not_recom,1,select_coverage,1.0,DAC,1658,6864,,,1095,4733,recommend,47432
76,10,63,Nursery,10368,5,not_recom,1,select_coverage,1.0,exact,1658,6864,1094.0,4728.0,1050,4531,not_recom,117044
76,10,63,Nursery,10368,5,not_recom,1,select_coverage,2.0,DAC,3424,14477,,,2120,9350,very_recom,99076
76,10,63,Nursery,10368,5,not_recom,1,select_coverage,2.0,exact,3424,14477,2115.0,9329.0,2016,8883,not_recom,232316
76,10,63,Nursery,10368,5,not_recom,1,select_coverage,3.0,DAC,5177,21822,,,2979,13165,very_recom,149492
76,10,63,Nursery,10368,5,not_recom,1,select_coverage,3.0,exact,5177,21822,2959.0,13081.0,2815,12429,not_recom,331400
76,10,63,Nursery,10368,5,not_recom,1,select_coverage,4.0,DAC,6785,28664,,,3720,16491,very_recom,196156
76,10,63,Nursery,10368,5,not_recom,1,select_coverage,4.0,exact,6785,28664,3685.0,16339.0,3502,15509,not_recom,418968
76,10,63,Nursery,10368,5,not_recom,1,select_coverage_CBA_M1,,DAC,1452,6023,,,932,4064,priority,41596
76,10,63,Nursery,10368,5,not_recom,1,select_coverage_CBA_M1,,exact,1452,6023,932.0,4064.0,894,3891,not_recom,100688
76,10,63,Nursery,10368,5,not_recom,2,select_coverage,1.0,exact,1658,6864,1094.0,4728.0,1050,4531,not_recom,117044
76,10,63,Nursery,10368,5,not_recom,2,select_coverage,2.0,exact,3424,14480,2116.0,9336.0,2017,8890,not_recom,232432
76,10,63,Nursery,10368,5,not_recom,2,select_coverage,3.0,exact,5179,21834,2961.0,13092.0,2816,12435,not_recom,331612
76,10,63,Nursery,10368,5,not_recom,2,select_coverage,4.0,exact,6795,28714,3691.0,16371.0,3507,15536,not_recom,419692
76,10,63,Nursery,10368,5,not_recom,2,select_coverage_CBA_M1,,exact,1383,5705,874.0,3797.0,839,3637,not_recom,94548
76,10,64,Nursery,10368,5,not_recom,1,select_coverage,1.0,DAC,1704,7052,,,1070,4637,not_recom,48736
76,10,64,Nursery,10368,5,not_recom,1,select_coverage,1.0,exact,1704,7052,1067.0,4624.0,1028,4449,not_recom,115756
76,10,64,Nursery,10368,5,not_recom,1,select_coverage,2.0,DAC,3465,14638,,,2077,9188,very_recom,100212
76,10,64,Nursery,10368,5,not_recom,1,select_coverage,2.0,exact,3465,14638,2063.0,9127.0,1967,8687,not_recom,228872
76,10,64,Nursery,10368,5,not_recom,1,select_coverage,3.0,DAC,5223,21992,,,2963,13133,very_recom,150724
76,10,64,Nursery,10368,5,not_recom,1,select_coverage,3.0,exact,5223,21992,2938.0,13023.0,2797,12385,not_recom,330664
76,10,64,Nursery,10368,5,not_recom,1,select_coverage,4.0,DAC,6843,28900,,,3739,16621,not_recom,197796
76,10,64,Nursery,10368,5,not_recom,1,select_coverage,4.0,exact,6843,28900,3698.0,16441.0,3512,15600,not_recom,421308
76,10,64,Nursery,10368,5,not_recom,1,select_coverage_CBA_M1,,DAC,1490,6181,,,918,4013,priority,42684
76,10,64,Nursery,10368,5,not_recom,1,select_coverage_CBA_M1,,exact,1490,6181,915.0,4000.0,890,3883,not_recom,100216
76,10,64,Nursery,10368,5,not_recom,2,select_coverage,1.0,exact,1703,7048,1067.0,4624.0,1028,4449,not_recom,115740
76,10,64,Nursery,10368,5,not_recom,2,select_coverage,2.0,exact,3465,14639,2062.0,9123.0,1966,8683,not_recom,228796
76,10,64,Nursery,10368,5,not_recom,2,select_coverage,3.0,exact,5223,21995,2938.0,13025.0,2798,12390,not_recom,330704
76,10,64,Nursery,10368,5,not_recom,2,select_coverage,4.0,exact,6842,28899,3699.0,16448.0,3513,15607,not_recom,421408
76,10,64,Nursery,10368,5,not_recom,2,select_coverage_CBA_M1,,exact,1415,5833,864.0,3764.0,842,3660,not_recom,94540
76,10,65,Nursery,10368,5,not_recom,1,select_coverage,1.0,DAC,1689,7020,,,1094,4757,very_recom,48428
76,10,65,Nursery,10368,5,not_recom,1,select_coverage,1.0,exact,1689,7020,1092.0,4747.0,1040,4510,not_recom,117564
76,10,65,Nursery,10368,5,not_recom,1,select_coverage,2.0,DAC,3429,14492,,,2081,9181,recommend,99196
76,10,65,Nursery,10368,5,not_recom,1,select_coverage,2.0,exact,3429,14492,2069.0,9126.0,1977,8699,not_recom,228620
76,10,65,Nursery,10368,5,not_recom,1,select_coverage,3.0,DAC,5168,21758,,,2944,13012,recommend,149128
76,10,65,Nursery,10368,5,not_recom,1,select_coverage,3.0,exact,5168,21758,2922.0,12913.0,2790,12305,not_recom,328200
76,10,65,Nursery,10368,5,not_recom,1,select_coverage,4.0,DAC,6739,28356,,,3680,16281,recommend,194372
76,10,65,Nursery,10368,5,not_recom,1,select_coverage,4.0,exact,6739,28356,3648.0,16139.0,3481,15380,not_recom,414644
76,10,65,Nursery,10368,5,not_recom,1,select_coverage_CBA_M1,,DAC,1467,6100,,,925,4049,priority,42084
76,10,65,Nursery,10368,5,not_recom,1,select_coverage_CBA_M1,,exact,1467,6100,923.0,4039.0,887,3870,spec_prior,100380
76,10,65,Nursery,10368,5,not_recom,2,select_coverage,1.0,exact,1690,7025,1093.0,4752.0,1041,4515,not_recom,117672
76,10,65,Nursery,10368,5,not_recom,2,select_coverage,2.0,exact,3429,14492,2068.0,9122.0,1977,8699,not_recom,228556
76,10,65,Nursery,10368,5,not_recom,2,select_coverage,3.0,exact,5172,21774,2926.0,12929.0,2794,12321,not_recom,328584
76,10,65,Nursery,10368,5,not_recom,2,select_coverage,4.0,exact,6741,28370,3648.0,16142.0,3480,15379,not_recom,414708
76,10,65,Nursery,10368,5,not_recom,2,select_coverage_CBA_M1,,exact,1371,5677,860.0,3757.0,829,3609,spec_prior,93492
76,10,68,Nursery,10368,5,not_recom,1,select_coverage,1.0,DAC,1669,6890,,,1066,4575,very_recom,47668
76,10,68,Nursery,10368,5,not_recom,1,select_coverage,1.0,exact,1669,6890,1063.0,4560.0,1016,4343,not_recom,114236
76,10,68,Nursery,10368,5,not_recom,1,select_coverage,2.0,DAC,3431,14458,,,2082,9131,very_recom,99084
76,10,68,Nursery,10368,5,not_recom,1,select_coverage,2.0,exact,3431,14458,2073.0,9089.0,1977,8638,not_recom,228284
76,10,68,Nursery,10368,5,not_recom,1,select_coverage,3.0,DAC,5186,21770,,,2975,13091,very_recom,149392
76,10,68,Nursery,10368,5,not_recom,1,select_coverage,3.0,exact,5186,21770,2952.0,12987.0,2808,12322,not_recom,330052
76,10,68,Nursery,10368,5,not_recom,1,select_coverage,4.0,DAC,6714,28199,,,3696,16300,very_recom,193444
76,10,68,Nursery,10368,5,not_recom,1,select_coverage,4.0,exact,6714,28199,3659.0,16134.0,3478,15306,not_recom,414228
76,10,68,Nursery,10368,5,not_recom,1,select_coverage_CBA_M1,,DAC,1449,5986,,,892,3860,priority,41412
76,10,68,Nursery,10368,5,not_recom,1,select_coverage_CBA_M1,,exact,1449,5986,889.0,3845.0,851,3666,priority,96700
76,10,68,Nursery,10368,5,not_recom,2,select_coverage,1.0,exact,1669,6890,1063.0,4560.0,1016,4343,not_recom,114236
76,10,68,Nursery,10368,5,not_recom,2,select_coverage,2.0,exact,3431,14458,2072.0,9085.0,1976,8634,not_recom,228204
76,10,68,Nursery,10368,5,not_recom,2,select_coverage,3.0,exact,5185,21768,2953.0,12993.0,2809,12328,not_recom,330140
76,10,68,Nursery,10368,5,not_recom,2,select_coverage,4.0,exact,6715,28210,3662.0,16150.0,3482,15326,not_recom,414560
76,10,68,Nursery,10368,5,not_recom,2,select_coverage_CBA_M1,,exact,1364,5599,831.0,3579.0,797,3420,priority,90320
76,10,74,Nursery,10368,5,not_recom,1,select_coverage,1.0,DAC,1695,7037,,,1106,4793,recommend,48568
76,10,74,Nursery,10368,5,not_recom,1,select_coverage,1.0,exact,1695,7037,1104.0,4784.0,1070,4629,not_recom,118832
76,10,74,Nursery,10368,5,not_recom,1,select_coverage,2.0,DAC,3432,14518,,,2078,9196,very_recom,99336
76,10,74,Nursery,10368,5,not_recom,1,select_coverage,2.0,exact,3432,14518,2072.0,9167.0,1997,8823,not_recom,229528
76,10,74,Nursery,10368,5,not_recom,1,select_coverage,3.0,DAC,5209,21978,,,2955,13116,very_recom,150500
76,10,74,Nursery,10368,5,not_recom,1,select_coverage,3.0,exact,5209,21978,2942.0,13059.0,2817,12493,not_recom,331376
76,10,74,Nursery,10368,5,not_recom,1,select_coverage,4.0,DAC,6776,28623,,,3685,16381,very_recom,195884
76,10,74,Nursery,10368,5,not_recom,1,select_coverage,4.0,exact,6776,28623,3659.0,16269.0,3501,15559,not_recom,417476
76,10,74,Nursery,10368,5,not_recom,1,select_coverage_CBA_M1,,DAC,1473,6124,,,941,4109,priority,42252
76,10,74,Nursery,10368,5,not_recom,1,select_coverage_CBA_M1,,exact,1473,6124,940.0,4105.0,915,3989,not_recom,102032
76,10,74,Nursery,10368,5,not_recom,2,select_coverage,1.0,exact,1695,7037,1104.0,4784.0,1070,4629,not_recom,118832
76,10,74,Nursery,10368,5,not_recom,2,select_coverage,2.0,exact,3431,14515,2071.0,9164.0,1996,8820,not_recom,229444
76,10,74,Nursery,10368,5,not_recom,2,select_coverage,3.0,exact,5208,21975,2943.0,13064.0,2818,12498,not_recom,331452
76,10,74,Nursery,10368,5,not_recom,2,select_coverage,4.0,exact,6778,28635,3659.0,16272.0,3501,15562,not_recom,417548
76,10,74,Nursery,10368,5,not_recom,2,select_coverage_CBA_M1,,exact,1347,5554,846.0,3676.0,825,3578,not_recom,91880
76,10,76,Nursery,10368,5,not_recom,1,select_coverage,1.0,DAC,1662,6904,,,1046,4539,recommend,47640
76,10,76,Nursery,10368,5,not_recom,1,select_coverage,1.0,exact,1662,6904,1046.0,4539.0,1006,4346,not_recom,113404
76,10,76,Nursery,10368,5,not_recom,1,select_coverage,2.0,DAC,3376,14296,,,2013,8891,recommend,97776
76,10,76,Nursery,10368,5,not_recom,1,select_coverage,2.0,exact,3376,14296,2004.0,8849.0,1926,8471,not_recom,222696
76,10,76,Nursery,10368,5,not_recom,1,select_coverage,3.0,DAC,5159,21774,,,2850,12666,recommend,149084
76,10,76,Nursery,10368,5,not_recom,1,select_coverage,3.0,exact,5159,21774,2836.0,12601.0,2716,12022,not_recom,321756
76,10,76,Nursery,10368,5,not_recom,1,select_coverage,4.0,DAC,6725,28424,,,3594,15997,recommend,194476
76,10,76,Nursery,10368,5,not_recom,1,select_coverage,4.0,exact,6725,28424,3564.0,15861.0,3396,15071,not_recom,408536
76,10,76,Nursery,10368,5,not_recom,1,select_coverage_CBA_M1,,DAC,1477,6149,,,903,3951,priority,42400
76,10,76,Nursery,10368,5,not_recom,1,select_coverage_CBA_M1,,exact,1477,6149,903.0,3951.0,873,3802,not_recom,98992
76,10,76,Nursery,10368,5,not_recom,2,select_coverage,1.0,exact,1662,6905,1046.0,4540.0,1006,4347,not_recom,113416
76,10,76,Nursery,10368,5,not_recom,2,select_coverage,2.0,exact,3376,14296,2004.0,8849.0,1926,8471,not_recom,222696
76,10,76,Nursery,10368,5,not_recom,2,select_coverage,3.0,exact,5162,21786,2837.0,12605.0,2717,12026,not_recom,321884
76,10,76,Nursery,10368,5,not_recom,2,select_coverage,4.0,exact,6728,28437,3564.0,15861.0,3396,15071,not_recom,408588
76,10,76,Nursery,10368,5,not_recom,2,select_coverage_CBA_M1,,exact,1366,5652,819.0,3569.0,794,3441,not_recom,90000
76,10,100,Nursery,10368,5,not_recom,1,select_coverage,1.0,DAC,1702,7079,,,1104,4814,very_recom,48820
76,10,100,Nursery,10368,5,not_recom,1,select_coverage,1.0,exact,1702,7079,1098.0,4787.0,1041,4530,not_recom,118328
76,10,100,Nursery,10368,5,not_recom,1,select_coverage,2.0,DAC,3445,14553,,,2120,9347,very_recom,99632
76,10,100,Nursery,10368,5,not_recom,1,select_coverage,2.0,exact,3445,14553,2110.0,9303.0,2002,8806,not_recom,231968
76,10,100,Nursery,10368,5,not_recom,1,select_coverage,3.0,DAC,5205,21935,,,2996,13272,very_recom,150280
76,10,100,Nursery,10368,5,not_recom,1,select_coverage,3.0,exact,5205,21935,2973.0,13171.0,2821,12480,not_recom,333088
76,10,100,Nursery,10368,5,not_recom,1,select_coverage,4.0,DAC,6760,28541,,,3732,16570,recommend,195364
76,10,100,Nursery,10368,5,not_recom,1,select_coverage,4.0,exact,6760,28541,3700.0,16429.0,3519,15605,not_recom,419940
76,10,100,Nursery,10368,5,not_recom,1,select_coverage_CBA_M1,,DAC,1475,6140,,,929,4082,priority,42340
76,10,100,Nursery,10368,5,not_recom,1,select_coverage_CBA_M1,,exact,1475,6140,927.0,4073.0,882,3866,priority,100852
76,10,100,Nursery,10368,5,not_recom,2,select_coverage,1.0,exact,1702,7079,1099.0,4791.0,1042,4534,not_recom,118408
76,10,100,Nursery,10368,5,not_recom,2,select_coverage,2.0,exact,3444,14549,2109.0,9298.0,2001,8801,not_recom,231864
76,10,100,Nursery,10368,5,not_recom,2,select_coverage,3.0,exact,5208,21949,2974.0,13175.0,2822,12484,not_recom,333224
76,10,100,Nursery,10368,5,not_recom,2,select_coverage,4.0,exact,6768,28579,3706.0,16459.0,3523,15626,not_recom,420584
76,10,100,Nursery,10368,5,not_recom,2,select_coverage_CBA_M1,,exact,1374,5678,850.0,3718.0,812,3542,priority,92592
76,10,114,Nursery,10368,5,not_recom,1,select_coverage,1.0,DAC,1680,6961,,,1091,4717,very_recom,48084
76,10,114,Nursery,10368,5,not_recom,1,select_coverage,1.0,exact,1680,6961,1088.0,4704.0,1047,4515,not_recom,116984
76,10,114,Nursery,10368,5,not_recom,1,select_coverage,2.0,DAC,3401,14354,,,2036,8970,recommend,98308
76,10,114,Nursery,10368,5,not_recom,1,select_coverage,2.0,exact,3401,14354,2028.0,8934.0,1945,8544,not_recom,224712
76,10,114,Nursery,10368,5,not_recom,1,select_coverage,3.0,DAC,5143,21624,,,2911,12873,very_recom,148292
76,10,114,Nursery,10368,5,not_recom,1,select_coverage,3.0,exact,5143,21624,2891.0,12783.0,2767,12201,not_recom,325240
76,10,114,Nursery,10368,5,not_recom,1,select_coverage,4.0,DAC,6717,28230,,,3629,16063,very_recom,193604
76,10,114,Nursery,10368,5,not_recom,1,select_coverage,4.0,exact,6717,28230,3598.0,15927.0,3434,15175,not_recom,410072
76,10,114,Nursery,10368,5,not_recom,1,select_coverage_CBA_M1,,DAC,1460,6065,,,921,4026,priority,41860
76,10,114,Nursery,10368,5,not_recom,1,select_coverage_CBA_M1,,exact,1460,6065,919.0,4017.0,889,3875,spec_prior,99980
76,10,114,Nursery,10368,5,not_recom,2,select_coverage,1.0,exact,1678,6953,1087.0,4700.0,1046,4511,not_recom,116872
76,10,114,Nursery,10368,5,not_recom,2,select_coverage,2.0,exact,3402,14359,2028.0,8934.0,1945,8544,not_recom,224732
76,10,114,Nursery,10368,5,not_recom,2,select_coverage,3.0,exact,5145,21634,2893.0,12793.0,2769,12211,not_recom,325456
76,10,114,Nursery,10368,5,not_recom,2,select_coverage,4.0,exact,6718,28236,3599.0,15932.0,3435,15180,not_recom,410184
76,10,114,Nursery,10368,5,not_recom,2,select_coverage_CBA_M1,,exact,1397,5777,872.0,3801.0,846,3677,priority,94916
76,10,133,Nursery,10368,5,not_recom,1,select_coverage,1.0,DAC,1622,6733,,,1022,4438,recommend,46476
76,10,133,Nursery,10368,5,not_recom,1,select_coverage,1.0,exact,1622,6733,1018.0,4419.0,972,4205,not_recom,110332
76,10,133,Nursery,10368,5,not_recom,1,select_coverage,2.0,DAC,3339,14114,,,1995,8804,recommend,96604
76,10,133,Nursery,10368,5,not_recom,1,select_coverage,2.0,exact,3339,14114,1987.0,8769.0,1889,8325,not_recom,220248
76,10,133,Nursery,10368,5,not_recom,1,select_coverage,3.0,DAC,5080,21397,,,2866,12658,recommend,146628
76,10,133,Nursery,10368,5,not_recom,1,select_coverage,3.0,exact,5080,21397,2849.0,12586.0,2710,11954,not_recom,320540
76,10,133,Nursery,10368,5,not_recom,1,select_coverage,4.0,DAC,6648,28072,,,3618,16034,recommend,192144
76,10,133,Nursery,10368,5,not_recom,1,select_coverage,4.0,exact,6648,28072,3594.0,15930.0,3405,15088,not_recom,408912
76,10,133,Nursery,10368,5,not_recom,1,select_coverage_CBA_M1,,DAC,1430,5939,,,880,3850,priority,40996
76,10,133,Nursery,10368,5,not_recom,1,select_coverage_CBA_M1,,exact,1430,5939,878.0,3841.0,842,3667,not_recom,95972
76,10,133,Nursery,10368,5,not_recom,2,select_coverage,1.0,exact,1622,6733,1018.0,4419.0,972,4205,not_recom,110332
76,10,133,Nursery,10368,5,not_recom,2,select_coverage,2.0,exact,3340,14119,1987.0,8769.0,1889,8325,not_recom,220268
76,10,133,Nursery,10368,5,not_recom,2,select_coverage,3.0,exact,5085,21420,2850.0,12592.0,2711,11960,not_recom,320728
76,10,133,Nursery,10368,5,not_recom,2,select_coverage,4.0,exact,6653,28096,3596.0,15940.0,3407,15098,not_recom,409184
76,10,133,Nursery,10368,5,not_recom,2,select_coverage_CBA_M1,,exact,1378,5700,840.0,3662.0,808,3506,not_recom,91832
76,10,138,Nursery,10368,5,not_recom,1,select_coverage,1.0,DAC,1665,6900,,,1062,4606,very_recom,47660
76,10,138,Nursery,10368,5,not_recom,1,select_coverage,1.0,exact,1665,6900,1059.0,4592.0,1010,4359,not_recom,114276
76,10,138,Nursery,10368,5,not_recom,1,select_coverage,2.0,DAC,3396,14326,,,2038,8988,recommend,98136
76,10,138,Nursery,10368,5,not_recom,1,select_coverage,2.0,exact,3396,14326,2027.0,8938.0,1935,8509,not_recom,224428
76,10,138,Nursery,10368,5,not_recom,1,select_coverage,3.0,DAC,5110,21469,,,2874,12708,very_recom,147276
76,10,138,Nursery,10368,5,not_recom,1,select_coverage,3.0,exact,5110,21469,2854.0,12615.0,2713,11965,not_recom,321228
76,10,138,Nursery,10368,5,not_recom,1,select_coverage,4.0,DAC,6746,28412,,,3712,16448,very_recom,194680
76,10,138,Nursery,10368,5,not_recom,1,select_coverage,4.0,exact,6746,28412,3682.0,16313.0,3502,15489,not_recom,417632
76,10,138,Nursery,10368,5,not_recom,1,select_coverage_CBA_M1,,DAC,1440,5974,,,895,3915,priority,41256
76,10,138,Nursery,10368,5,not_recom,1,select_coverage_CBA_M1,,exact,1440,5974,893.0,3906.0,860,3740,not_recom,97384
76,10,138,Nursery,10368,5,not_recom,2,select_coverage,1.0,exact,1666,6905,1060.0,4597.0,1011,4364,not_recom,114384
76,10,138,Nursery,10368,5,not_recom,2,select_coverage,2.0,exact,3395,14323,2027.0,8939.0,1935,8510,not_recom,224424
76,10,138,Nursery,10368,5,not_recom,2,select_coverage,3.0,exact,5114,21487,2858.0,12632.0,2716,11978,not_recom,321612
76,10,138,Nursery,10368,5,not_recom,2,select_coverage,4.0,exact,6748,28422,3682.0,16314.0,3503,15494,not_recom,417696
76,10,138,Nursery,10368,5,not_recom,2,select_coverage_CBA_M1,,exact,1372,5668,844.0,3682.0,816,3538,not_recom,92104
76,10,148,Nursery,10368,5,not_recom,1,select_coverage,1.0,DAC,1670,6938,,,1066,4640,not_recom,47872
76,10,148,Nursery,10368,5,not_recom,1,select_coverage,1.0,exact,1670,6938,1064.0,4630.0,1029,4470,not_recom,115264
76,10,148,Nursery,10368,5,not_recom,1,select_coverage,2.0,DAC,3378,14269,,,2046,9030,recommend,97692
76,10,148,Nursery,10368,5,not_recom,1,select_coverage,2.0,exact,3378,14269,2036.0,8984.0,1953,8598,not_recom,225172
76,10,148,Nursery,10368,5,not_recom,1,select_coverage,3.0,DAC,5196,21895,,,2947,13072,very_recom,150012
76,10,148,Nursery,10368,5,not_recom,1,select_coverage,3.0,exact,5196,21895,2929.0,12992.0,2794,12363,not_recom,329632
76,10,148,Nursery,10368,5,not_recom,1,select_coverage,4.0,DAC,6727,28387,,,3661,16289,very_recom,194352
76,10,148,Nursery,10368,5,not_recom,1,select_coverage,4.0,exact,6727,28387,3634.0,16169.0,3470,15418,not_recom,414368
76,10,148,Nursery,10368,5,not_recom,1,select_coverage_CBA_M1,,DAC,1466,6095,,,911,3993,priority,42052
76,10,148,Nursery,10368,5,not_recom,1,select_coverage_CBA_M1,,exact,1466,6095,909.0,3983.0,884,3864,not_recom,99440
76,10,148,Nursery,10368,5,not_recom,2,select_coverage,1.0,exact,1670,6939,1065.0,4635.0,1030,4475,not_recom,115356
76,10,148,Nursery,10368,5,not_recom,2,select_coverage,2.0,exact,3380,14279,2036.0,8986.0,1954,8604,not_recom,225244
76,10,148,Nursery,10368,5,not_recom,2,select_coverage,3.0,exact,5199,21910,2931.0,13003.0,2796,12374,not_recom,329876
76,10,148,Nursery,10368,5,not_recom,2,select_coverage,4.0,exact,6731,28415,3642.0,16210.0,3474,15438,not_recom,415108
76,10,148,Nursery,10368,5,not_recom,2,select_coverage_CBA_M1,,exact,1361,5620,835.0,3647.0,812,3537,not_recom,91336
