ranking,selection,param,strategy,acc_train,bacc_train,f1_train,mcc_train,erros_train,acc_test,bacc_test,f1_test,mcc_test,erros_test,seed
1,select_coverage,1.0,majority,0.9992163009404388,0.9989228563274796,0.9992075072421672,0.998730616130796,2,0.9529780564263324,0.9538501782936132,0.947863902428063,0.9233583255789192,30,5
1,select_coverage,1.0,cmar,0.9992163009404388,0.9989228563274796,0.9992075072421672,0.998730616130796,2,0.945141065830721,0.9501356132887256,0.940177106430319,0.9115804856856318,35,5
1,select_coverage,1.0,top_k_avg,0.9992163009404388,0.9989228563274796,0.9992075072421672,0.998730616130796,2,0.945141065830721,0.94582903088128,0.937903293325488,0.9110071562622506,35,5
1,select_coverage,1.0,list,0.9992163009404388,0.9989228563274796,0.9992075072421672,0.998730616130796,2,0.9467084639498432,0.9468065479878292,0.939419871411085,0.9134174013806294,34,5
1,select_coverage,2.0,majority,0.9992163009404388,0.9989228563274796,0.9992075072421672,0.998730616130796,2,0.9608150470219436,0.9624537056159048,0.956418201281215,0.936167897706347,25,5
1,select_coverage,2.0,cmar,0.9992163009404388,0.9989228563274796,0.9992075072421672,0.998730616130796,2,0.9420062695924764,0.950723500337312,0.937843420912941,0.907350720593888,37,5
1,select_coverage,2.0,top_k_avg,0.9992163009404388,0.9989228563274796,0.9992075072421672,0.998730616130796,2,0.9341692789968652,0.9417262126030868,0.9276133506592812,0.8952080904786951,42,5
1,select_coverage,2.0,list,0.9992163009404388,0.9989228563274796,0.9992075072421672,0.998730616130796,2,0.9420062695924764,0.9466137981358336,0.9352210370553056,0.9069135651708778,37,5
1,select_coverage,3.0,majority,0.9992163009404388,0.9992138403009776,0.999062885255202,0.9987312367953975,2,0.957680250783699,0.9577588699351534,0.9518774469301596,0.9309942855624472,27,5
1,select_coverage,3.0,cmar,0.9992163009404388,0.9992138403009776,0.999062885255202,0.9987312367953975,2,0.938871473354232,0.9473985653903872,0.933090703589016,0.9028432706373302,39,5
1,select_coverage,3.0,top_k_avg,0.9992163009404388,0.9992138403009776,0.999062885255202,0.9987312367953975,2,0.926332288401254,0.93683862707034,0.919116897725508,0.8842422709257343,47,5
1,select_coverage,3.0,list,0.9992163009404388,0.9992138403009776,0.999062885255202,0.9987312367953975,2,0.9373040752351096,0.9436812468161856,0.9296427773462422,0.9002943188985773,40,5
1,select_coverage,4.0,majority,0.9992163009404388,0.9992138403009776,0.999062885255202,0.9987312367953975,2,0.9608150470219436,0.9610838048820785,0.9557173798348324,0.9360290413261716,25,5
1,select_coverage,4.0,cmar,0.9992163009404388,0.9992138403009776,0.999062885255202,0.9987312367953975,2,0.9404388714733544,0.9497459832307628,0.935275287657658,0.9054189536892776,38,5
1,select_coverage,4.0,top_k_avg,0.9992163009404388,0.9992138403009776,0.999062885255202,0.9987312367953975,2,0.926332288401254,0.9380116475981992,0.9196621466181484,0.8845167513264038,47,5
1,select_coverage,4.0,list,0.9992163009404388,0.9992138403009776,0.999062885255202,0.9987312367953975,2,0.9357366771159876,0.942703729709636,0.9281112173866836,0.8979782036950187,41,5
1,select_coverage_CBA_M1,,majority,0.9992163009404388,0.9992016593547616,0.999068926609208,0.9987312217451424,2,0.9435736677115988,0.9520947778557955,0.9391787784545153,0.9102615323070083,36,5
1,select_coverage_CBA_M1,,cmar,0.9992163009404388,0.9992016593547616,0.999068926609208,0.9987312217451424,2,0.9357366771159876,0.948380212850908,0.9316386853970204,0.8991353335292491,41,5
1,select_coverage_CBA_M1,,top_k_avg,0.9992163009404388,0.9992016593547616,0.999068926609208,0.9987312217451424,2,0.9357366771159876,0.9440736304434624,0.9293061662846708,0.8980588557417875,41,5
1,select_coverage_CBA_M1,,list,0.9992163009404388,0.9992016593547616,0.999068926609208,0.9987312217451424,2,0.9373040752351096,0.9450511475500116,0.9308372008426709,0.9003946887976636,40,5
2,select_coverage,1.0,majority,0.9992163009404388,0.9989228563274796,0.9992075072421672,0.998730616130796,2,0.9498432601880876,0.9518951440805145,0.9447662770674397,0.918519219503166,32,5
2,select_coverage,1.0,cmar,0.9992163009404388,0.9989228563274796,0.9992075072421672,0.998730616130796,2,0.945141065830721,0.9501356132887256,0.940177106430319,0.9115804856856318,35,5
2,select_coverage,1.0,top_k_avg,0.9992163009404388,0.9989228563274796,0.9992075072421672,0.998730616130796,2,0.945141065830721,0.94582903088128,0.937903293325488,0.9110071562622506,35,5
2,select_coverage,1.0,list,0.9992163009404388,0.9989228563274796,0.9992075072421672,0.998730616130796,2,0.9373040752351096,0.9409414453485332,0.930204949749218,0.8990676177859718,40,5
2,select_coverage,2.0,majority,0.9992163009404388,0.9989228563274796,0.9992075072421672,0.998730616130796,2,0.9608150470219436,0.9624537056159048,0.956418201281215,0.936167897706347,25,5
2,select_coverage,2.0,cmar,0.9992163009404388,0.9989228563274796,0.9992075072421672,0.998730616130796,2,0.9420062695924764,0.950723500337312,0.937843420912941,0.907350720593888,37,5
2,select_coverage,2.0,top_k_avg,0.9992163009404388,0.9989228563274796,0.9992075072421672,0.998730616130796,2,0.9341692789968652,0.9417262126030868,0.9276133506592812,0.8952080904786951,42,5
2,select_coverage,2.0,list,0.9992163009404388,0.9989228563274796,0.9992075072421672,0.998730616130796,2,0.926332288401254,0.9354687263365136,0.9193058947452196,0.8834598966569206,47,5
2,select_coverage,3.0,majority,0.9992163009404388,0.9992138403009776,0.999062885255202,0.9987312367953975,2,0.957680250783699,0.9577588699351534,0.9518774469301596,0.9309942855624472,27,5
2,select_coverage,3.0,cmar,0.9992163009404388,0.9992138403009776,0.999062885255202,0.9987312367953975,2,0.938871473354232,0.9473985653903872,0.933090703589016,0.9028432706373302,39,5
2,select_coverage,3.0,top_k_avg,0.9992163009404388,0.9992138403009776,0.999062885255202,0.9987312367953975,2,0.926332288401254,0.93683862707034,0.919116897725508,0.8842422709257343,47,5
2,select_coverage,3.0,list,0.9992163009404388,0.9992138403009776,0.999062885255202,0.9987312367953975,2,0.9184952978056428,0.9305811408037667,0.9108753166338304,0.8727167990725506,52,5
2,select_coverage,4.0,majority,0.9992163009404388,0.9992138403009776,0.999062885255202,0.9987312367953975,2,0.9608150470219436,0.9610838048820785,0.9557173798348324,0.9360290413261716,25,5
2,select_coverage,4.0,cmar,0.9992163009404388,0.9992138403009776,0.999062885255202,0.9987312367953975,2,0.9404388714733544,0.9497459832307628,0.935275287657658,0.9054189536892776,38,5
2,select_coverage,4.0,top_k_avg,0.9992163009404388,0.9992138403009776,0.999062885255202,0.9987312367953975,2,0.926332288401254,0.9380116475981992,0.9196621466181484,0.8845167513264038,47,5
2,select_coverage,4.0,list,0.9992163009404388,0.9992138403009776,0.999062885255202,0.9987312367953975,2,0.9169278996865204,0.9296036236972176,0.9093593744756536,0.8704860774746171,53,5
2,select_coverage_CBA_M1,,majority,0.9992163009404388,0.9989228563274796,0.9992075072421672,0.998730616130796,2,0.945141065830721,0.9501356132887256,0.9401920221786536,0.911621738973972,35,5
2,select_coverage_CBA_M1,,cmar,0.9992163009404388,0.9989228563274796,0.9992075072421672,0.998730616130796,2,0.9435736677115988,0.9491580961821762,0.9386438585530942,0.9092178983600904,36,5
2,select_coverage_CBA_M1,,top_k_avg,0.9992163009404388,0.9989228563274796,0.9992075072421672,0.998730616130796,2,0.945141065830721,0.94582903088128,0.937903293325488,0.9110071562622506,35,5
2,select_coverage_CBA_M1,,list,0.9992163009404388,0.9989228563274796,0.9992075072421672,0.998730616130796,2,0.9373040752351096,0.9409414453485332,0.930204949749218,0.8990676177859718,40,5
1,select_coverage,1.0,majority,0.9992163009404388,0.9989088808349652,0.9992035553271836,0.9987234467307632,2,0.9357366771159876,0.9272177298592392,0.929976396538159,0.8961585482674239,41,14
1,select_coverage,1.0,cmar,0.9992163009404388,0.9989088808349652,0.9992035553271836,0.9987234467307632,2,0.9357366771159876,0.931705108308882,0.9299629555591312,0.8968193549782736,41,14
1,select_coverage,1.0,top_k_avg,0.9992163009404388,0.9989088808349652,0.9992035553271836,0.9987234467307632,2,0.9341692789968652,0.9273990160782614,0.9286197127082806,0.8940710286038422,42,14
1,select_coverage,1.0,list,0.9992163009404388,0.9989088808349652,0.9992035553271836,0.9987234467307632,2,0.938871473354232,0.9315467341882436,0.933773355976946,0.9014452396450082,39,14
1,select_coverage,2.0,majority,0.9992163009404388,0.9992055996434804,0.9990560826578486,0.9987240887691204,2,0.9561128526645768,0.9536048019066886,0.9520449302889196,0.9294080747221362,28,14
1,select_coverage,2.0,cmar,0.9992163009404388,0.9992055996434804,0.9990560826578486,0.9987240887691204,2,0.9435736677115988,0.948748191012342,0.9401347242821156,0.9109331482483506,36,14
1,select_coverage,2.0,top_k_avg,0.9992163009404388,0.9992055996434804,0.9990560826578486,0.9987240887691204,2,0.938871473354232,0.9403853588759248,0.9338306250073016,0.903243267299308,39,14
1,select_coverage,2.0,list,0.9992163009404388,0.9992055996434804,0.9990560826578486,0.9987240887691204,2,0.9482758620689656,0.9474738678512264,0.9433943663334144,0.9173604626717636,33,14
1,select_coverage,3.0,majority,0.9992163009404388,0.9992020280586524,0.9990578538614682,0.9987240844025024,2,0.9592476489028212,0.9557241500637726,0.9556497807301666,0.9343218663009814,26,14
1,select_coverage,3.0,cmar,0.9992163009404388,0.9992020280586524,0.9990578538614682,0.9987240844025024,2,0.945141065830721,0.9497738320379828,0.942109924687927,0.9131075267141622,35,14
1,select_coverage,3.0,top_k_avg,0.9992163009404388,0.9992020280586524,0.9990578538614682,0.9987240844025024,2,0.938871473354232,0.9405214910875288,0.9333176631811848,0.903612950453988,39,14
1,select_coverage,3.0,list,0.9992163009404388,0.9992020280586524,0.9990578538614682,0.9987240844025024,2,0.9435736677115988,0.9423234208139868,0.9377201488551674,0.9101250000010244,36,14
1,select_coverage,4.0,majority,0.9992163009404388,0.9992020280586524,0.9990578538614682,0.9987240844025024,2,0.957680250783699,0.9546304429323298,0.954081827302594,0.931832079068609,27,14
1,select_coverage,4.0,cmar,0.9992163009404388,0.9992020280586524,0.9990578538614682,0.9987240844025024,2,0.938871473354232,0.9446004729023596,0.9355033152501508,0.9036086887821574,39,14
1,select_coverage,4.0,top_k_avg,0.9992163009404388,0.9992020280586524,0.9990578538614682,0.9987240844025024,2,0.9404388714733544,0.942617927146229,0.934966875048966,0.9062142551654038,38,14
1,select_coverage,4.0,list,0.9992163009404388,0.9992020280586524,0.9990578538614682,0.9987240844025024,2,0.9435736677115988,0.943462281952848,0.938294322479286,0.9102745905898694,36,14
1,select_coverage_CBA_M1,,majority,0.9992163009404388,0.9992055996434804,0.9990560826578486,0.9987240887691204,2,0.9310344827586208,0.929494781947612,0.9256761836703552,0.8895695025333422,44,14
1,select_coverage_CBA_M1,,cmar,0.9992163009404388,0.9992055996434804,0.9990560826578486,0.9987240887691204,2,0.9310344827586208,0.9339821603972548,0.9256594684628652,0.8908436184123572,44,14
1,select_coverage_CBA_M1,,top_k_avg,0.9992163009404388,0.9992055996434804,0.9990560826578486,0.9987240887691204,2,0.9294670846394985,0.9296760681666344,0.924184471826872,0.8874796680485924,45,14
1,select_coverage_CBA_M1,,list,0.9992163009404388,0.9992055996434804,0.9990560826578486,0.9987240887691204,2,0.9341692789968652,0.9338237862766164,0.9293242233886032,0.8947182804777879,42,14
2,select_coverage,1.0,majority,0.9992163009404388,0.9989088808349652,0.9992035553271836,0.9987234467307632,2,0.9341692789968652,0.9261920888335984,0.9284538335929065,0.8936798909088469,42,14
2,select_coverage,1.0,cmar,0.9992163009404388,0.9989088808349652,0.9992035553271836,0.9987234467307632,2,0.9357366771159876,0.931705108308882,0.9299629555591312,0.8968193549782736,41,14
2,select_coverage,1.0,top_k_avg,0.9992163009404388,0.9989088808349652,0.9992035553271836,0.9987234467307632,2,0.9341692789968652,0.9273990160782614,0.9286197127082806,0.8940710286038422,42,14
2,select_coverage,1.0,list,0.9992163009404388,0.9989088808349652,0.9992035553271836,0.9987234467307632,2,0.9341692789968652,0.931818328422102,0.9295663554046406,0.8945464327332114,42,14
2,select_coverage,2.0,majority,0.9992163009404388,0.9992055996434804,0.9990560826578486,0.9987240887691204,2,0.9545454545454546,0.9537180220199089,0.950609925464014,0.9271375977159138,29,14
2,select_coverage,2.0,cmar,0.9992163009404388,0.9992055996434804,0.9990560826578486,0.9987240887691204,2,0.9435736677115988,0.948748191012342,0.9401347242821156,0.9109331482483506,36,14
2,select_coverage,2.0,top_k_avg,0.9992163009404388,0.9992055996434804,0.9990560826578486,0.9987240887691204,2,0.938871473354232,0.9403853588759248,0.9338306250073016,0.903243267299308,39,14
2,select_coverage,2.0,list,0.9992163009404388,0.9992055996434804,0.9990560826578486,0.9987240887691204,2,0.9357366771159876,0.9415464619238204,0.9315635376375648,0.8991575879584142,41,14
2,select_coverage,3.0,majority,0.9992163009404388,0.9992020280586524,0.9990578538614682,0.9987240844025024,2,0.957680250783699,0.9546985090381316,0.9541103905510684,0.931855560109973,27,14
2,select_coverage,3.0,cmar,0.9992163009404388,0.9992020280586524,0.9990578538614682,0.9987240844025024,2,0.945141065830721,0.9497738320379828,0.942109924687927,0.9131075267141622,35,14
2,select_coverage,3.0,top_k_avg,0.9992163009404388,0.9992020280586524,0.9990578538614682,0.9987240844025024,2,0.938871473354232,0.9405214910875288,0.9333176631811848,0.903612950453988,39,14
2,select_coverage,3.0,list,0.9992163009404388,0.9992020280586524,0.9990578538614682,0.9987240844025024,2,0.9310344827586208,0.936396014886581,0.925976938284236,0.892116678289823,44,14
2,select_coverage,4.0,majority,0.9992163009404388,0.9992020280586524,0.9990578538614682,0.9987240844025024,2,0.957680250783699,0.9546304429323298,0.954081827302594,0.931832079068609,27,14
2,select_coverage,4.0,cmar,0.9992163009404388,0.9992020280586524,0.9990578538614682,0.9987240844025024,2,0.938871473354232,0.9446004729023596,0.9355033152501508,0.9036086887821574,39,14
2,select_coverage,4.0,top_k_avg,0.9992163009404388,0.9992020280586524,0.9990578538614682,0.9987240844025024,2,0.9404388714733544,0.942617927146229,0.934966875048966,0.9062142551654038,38,14
2,select_coverage,4.0,list,0.9992163009404388,0.9992020280586524,0.9990578538614682,0.9987240844025024,2,0.9310344827586208,0.9375348760254422,0.9265836355008328,0.8924467080054671,44,14
2,select_coverage_CBA_M1,,majority,0.9992163009404388,0.9989088808349652,0.9992035553271836,0.9987234467307632,2,0.9341692789968652,0.929404473932776,0.9288180432248228,0.8939688155404968,42,14
2,select_coverage_CBA_M1,,cmar,0.9992163009404388,0.9989088808349652,0.9992035553271836,0.9987234467307632,2,0.9357366771159876,0.931705108308882,0.9299629555591312,0.8968193549782736,41,14
2,select_coverage_CBA_M1,,top_k_avg,0.9992163009404388,0.9989088808349652,0.9992035553271836,0.9987234467307632,2,0.9341692789968652,0.9273990160782614,0.9286197127082806,0.8940710286038422,42,14
2,select_coverage_CBA_M1,,list,0.9992163009404388,0.9989088808349652,0.9992035553271836,0.9987234467307632,2,0.9341692789968652,0.931818328422102,0.9295663554046406,0.8945464327332114,42,14
1,select_coverage,1.0,majority,1.0,1.0,1.0,1.0,0,0.9404388714733544,0.9344701608376323,0.9334437556370402,0.9018326830583108,38,17
1,select_coverage,1.0,cmar,1.0,1.0,1.0,1.0,0,0.932601880877743,0.9282726747853368,0.9250091108498188,0.8893811865317978,43,17
1,select_coverage,1.0,top_k_avg,1.0,1.0,1.0,1.0,0,0.9310344827586208,0.9272066708599924,0.9233712741367888,0.8870066611013285,44,17
1,select_coverage,1.0,list,1.0,1.0,1.0,1.0,0,0.9341692789968652,0.9291559885987838,0.9264417129789264,0.8919234805593953,42,17
1,select_coverage,2.0,majority,1.0,1.0,1.0,1.0,0,0.95141065830721,0.9451740029834044,0.9457705484112632,0.9196428486477942,31,17
1,select_coverage,2.0,cmar,1.0,1.0,1.0,1.0,0,0.932601880877743,0.933295406438758,0.9259575907579664,0.8903971315929295,43,17
1,select_coverage,2.0,top_k_avg,1.0,1.0,1.0,1.0,0,0.9231974921630094,0.9236575682183308,0.9149062101344914,0.8755602454374587,49,17
1,select_coverage,2.0,list,1.0,1.0,1.0,1.0,0,0.9294670846394985,0.9262320119905968,0.9206702213374046,0.8847695148214358,45,17
1,select_coverage,3.0,majority,1.0,1.0,1.0,1.0,0,0.957680250783699,0.95181236692757,0.9524138350542376,0.9299959118572304,27,17
1,select_coverage,3.0,cmar,1.0,1.0,1.0,1.0,0,0.9231974921630094,0.9288629899836496,0.9170624726386464,0.8764270886835739,49,17
1,select_coverage,3.0,top_k_avg,1.0,1.0,1.0,1.0,0,0.9200626959247648,0.9228497520729584,0.9108466638293616,0.8717973089010782,51,17
1,select_coverage,3.0,list,1.0,1.0,1.0,1.0,0,0.9231974921630094,0.9223333765130136,0.9135531229215011,0.8755113395914347,49,17
1,select_coverage,4.0,majority,1.0,1.0,1.0,1.0,0,0.9608150470219436,0.9562273779650976,0.9568464784434648,0.9351877708663526,25,17
1,select_coverage,4.0,cmar,1.0,1.0,1.0,1.0,0,0.927899686520376,0.9343440049465216,0.9230164142644252,0.8839286087113518,46,17
1,select_coverage,4.0,top_k_avg,1.0,1.0,1.0,1.0,0,0.9169278996865204,0.922224626039484,0.9082039536923104,0.8677066674137263,53,17
1,select_coverage,4.0,list,1.0,1.0,1.0,1.0,0,0.9169278996865204,0.918343395979482,0.9074228635646095,0.8661892345367921,53,17
1,select_coverage_CBA_M1,,majority,1.0,1.0,1.0,1.0,0,0.9404388714733544,0.9344701608376323,0.9334437556370402,0.9018326830583108,38,17
1,select_coverage_CBA_M1,,cmar,1.0,1.0,1.0,1.0,0,0.932601880877743,0.9282726747853368,0.9250091108498188,0.8893811865317978,43,17
1,select_coverage_CBA_M1,,top_k_avg,1.0,1.0,1.0,1.0,0,0.9310344827586208,0.9272066708599924,0.9233712741367888,0.8870066611013285,44,17
1,select_coverage_CBA_M1,,list,1.0,1.0,1.0,1.0,0,0.9341692789968652,0.9291559885987838,0.9264417129789264,0.8919234805593953,42,17
2,select_coverage,1.0,majority,1.0,1.0,1.0,1.0,0,0.9404388714733544,0.9344701608376323,0.9334437556370402,0.9018326830583108,38,17
2,select_coverage,1.0,cmar,1.0,1.0,1.0,1.0,0,0.932601880877743,0.9282726747853368,0.9250091108498188,0.8893811865317978,43,17
2,select_coverage,1.0,top_k_avg,1.0,1.0,1.0,1.0,0,0.9310344827586208,0.9272066708599924,0.9233712741367888,0.8870066611013285,44,17
2,select_coverage,1.0,list,1.0,1.0,1.0,1.0,0,0.932601880877743,0.928181329729388,0.9249426123532496,0.8894902689230102,43,17
2,select_coverage,2.0,majority,1.0,1.0,1.0,1.0,0,0.9498432601880876,0.9441993441140086,0.944222867800805,0.917121198559266,32,17
2,select_coverage,2.0,cmar,1.0,1.0,1.0,1.0,0,0.932601880877743,0.933295406438758,0.9259575907579664,0.8903971315929295,43,17
2,select_coverage,2.0,top_k_avg,1.0,1.0,1.0,1.0,0,0.9231974921630094,0.9236575682183308,0.9149062101344914,0.8755602454374587,49,17
2,select_coverage,2.0,list,1.0,1.0,1.0,1.0,0,0.9231974921630094,0.923566223162382,0.914762474270472,0.8756161200779002,49,17
2,select_coverage,3.0,majority,1.0,1.0,1.0,1.0,0,0.957680250783699,0.95181236692757,0.9524138350542376,0.9299959118572304,27,17
2,select_coverage,3.0,cmar,1.0,1.0,1.0,1.0,0,0.9231974921630094,0.9288629899836496,0.9170624726386464,0.8764270886835739,49,17
2,select_coverage,3.0,top_k_avg,1.0,1.0,1.0,1.0,0,0.9200626959247648,0.9228497520729584,0.9108466638293616,0.8717973089010782,51,17
2,select_coverage,3.0,list,1.0,1.0,1.0,1.0,0,0.915360501567398,0.9200171205207204,0.9064534367376852,0.8647581564100612,54,17
2,select_coverage,4.0,majority,1.0,1.0,1.0,1.0,0,0.9608150470219436,0.9562273779650976,0.9568464784434648,0.9351877708663526,25,17
2,select_coverage,4.0,cmar,1.0,1.0,1.0,1.0,0,0.927899686520376,0.9343440049465216,0.9230164142644252,0.8839286087113518,46,17
2,select_coverage,4.0,top_k_avg,1.0,1.0,1.0,1.0,0,0.9169278996865204,0.922224626039484,0.9082039536923104,0.8677066674137263,53,17
2,select_coverage,4.0,list,1.0,1.0,1.0,1.0,0,0.9075235109717869,0.9150524811177928,0.8989177904323511,0.8534933138761036,59,17
2,select_coverage_CBA_M1,,majority,1.0,1.0,1.0,1.0,0,0.9357366771159876,0.9315461842294454,0.9287849064532736,0.8943620542175457,41,17
2,select_coverage_CBA_M1,,cmar,1.0,1.0,1.0,1.0,0,0.9310344827586208,0.9272980159159412,0.9234443187680208,0.8869053595038644,44,17
2,select_coverage_CBA_M1,,top_k_avg,1.0,1.0,1.0,1.0,0,0.9341692789968652,0.9291559885987838,0.9264417129789264,0.8919234805593953,42,17
2,select_coverage_CBA_M1,,list,1.0,1.0,1.0,1.0,0,0.932601880877743,0.928181329729388,0.9249426123532496,0.8894902689230102,43,17
1,select_coverage,1.0,majority,0.9992163009404388,0.9992104930221696,0.9990549265706252,0.9987249797402346,2,0.9357366771159876,0.93113374853005,0.9271045034093714,0.8968334449271071,41,19
1,select_coverage,1.0,cmar,0.9992163009404388,0.9992104930221696,0.9990549265706252,0.9987249797402346,2,0.927899686520376,0.9295106906946627,0.9201653439945344,0.8858965590943866,46,19
1,select_coverage,1.0,top_k_avg,0.9992163009404388,0.9992104930221696,0.9990549265706252,0.9987249797402346,2,0.926332288401254,0.9218639104456208,0.9161492992447116,0.8825640401547009,47,19
1,select_coverage,1.0,list,0.9992163009404388,0.9992104930221696,0.9990549265706252,0.9987249797402346,2,0.926332288401254,0.9208256652687412,0.915517681475325,0.8823445715636687,47,19
1,select_coverage,2.0,majority,0.9992163009404388,0.9992104930221696,0.9990549265706252,0.9987249797402346,2,0.9498432601880876,0.946396902824052,0.942889508358392,0.9195802948530972,32,19
1,select_coverage,2.0,cmar,0.9992163009404388,0.9992104930221696,0.9990549265706252,0.9987249797402346,2,0.9341692789968652,0.9372414680824808,0.926615243175666,0.8963610606459439,42,19
1,select_coverage,2.0,top_k_avg,0.9992163009404388,0.9992104930221696,0.9990549265706252,0.9987249797402346,2,0.9169278996865204,0.9169654709680296,0.907456316066014,0.8688691602670569,53,19
1,select_coverage,2.0,list,0.9992163009404388,0.9992104930221696,0.9990549265706252,0.9987249797402346,2,0.9310344827586208,0.9271780280715144,0.921146835521454,0.8899835770004715,44,19
1,select_coverage,3.0,majority,0.9988244514106585,0.99864706760928,0.9985167725694536,0.9980880547825024,3,0.95141065830721,0.950031331059456,0.9447385103257931,0.9227483149595904,31,19
1,select_coverage,3.0,cmar,0.9988244514106585,0.99864706760928,0.9985167725694536,0.9980880547825024,3,0.938871473354232,0.9451706459519332,0.9334597499436544,0.9042258312694712,39,19
1,select_coverage,3.0,top_k_avg,0.9988244514106585,0.99864706760928,0.9985167725694536,0.9980880547825024,3,0.926332288401254,0.9310674883436548,0.9192415027380592,0.8846680884487607,47,19
1,select_coverage,3.0,list,0.9988244514106585,0.99864706760928,0.9985167725694536,0.9980880547825024,3,0.9341692789968652,0.9328700694756424,0.9256117681803376,0.8952379718045174,42,19
1,select_coverage,4.0,majority,0.9988244514106585,0.99864706760928,0.9985167725694536,0.9980880547825024,3,0.9545454545454546,0.952070067043146,0.9477601435496332,0.9275049659152168,29,19
1,select_coverage,4.0,cmar,0.9988244514106585,0.99864706760928,0.9985167725694536,0.9980880547825024,3,0.938871473354232,0.9451706459519332,0.9334597499436544,0.9042258312694712,39,19
1,select_coverage,4.0,top_k_avg,0.9988244514106585,0.99864706760928,0.9985167725694536,0.9980880547825024,3,0.9200626959247648,0.9236957575490372,0.9121013676757028,0.8746733877279523,51,19
1,select_coverage,4.0,list,0.9988244514106585,0.99864706760928,0.9985167725694536,0.9980880547825024,3,0.9341692789968652,0.9328700694756424,0.9256597667863268,0.8952461502200689,42,19
1,select_coverage_CBA_M1,,majority,0.9992163009404388,0.9992104930221696,0.9990549265706252,0.9987249797402346,2,0.9357366771159876,0.93113374853005,0.9271045034093714,0.8968334449271071,41,19
1,select_coverage_CBA_M1,,cmar,0.9992163009404388,0.9992104930221696,0.9990549265706252,0.9987249797402346,2,0.927899686520376,0.9295106906946627,0.9201653439945344,0.8858965590943866,46,19
1,select_coverage_CBA_M1,,top_k_avg,0.9992163009404388,0.9992104930221696,0.9990549265706252,0.9987249797402346,2,0.926332288401254,0.9218639104456208,0.9161492992447116,0.8825640401547009,47,19
1,select_coverage_CBA_M1,,list,0.9992163009404388,0.9992104930221696,0.9990549265706252,0.9987249797402346,2,0.926332288401254,0.9208256652687412,0.915517681475325,0.8823445715636687,47,19
2,select_coverage,1.0,majority,0.9992163009404388,0.9992104930221696,0.9990549265706252,0.9987249797402346,2,0.932601880877743,0.9301332577232392,0.9242845324866968,0.8922825055251231,43,19
2,select_coverage,1.0,cmar,0.9992163009404388,0.9992104930221696,0.9990549265706252,0.9987249797402346,2,0.927899686520376,0.9295106906946627,0.9201653439945344,0.8858965590943866,46,19
2,select_coverage,1.0,top_k_avg,0.9992163009404388,0.9992104930221696,0.9990549265706252,0.9987249797402346,2,0.926332288401254,0.9218639104456208,0.9161492992447116,0.8825640401547009,47,19
2,select_coverage,1.0,list,0.9992163009404388,0.9992104930221696,0.9990549265706252,0.9987249797402346,2,0.9216300940438872,0.9200235749435648,0.9115696804988505,0.8760449689672372,50,19
2,select_coverage,2.0,majority,0.9992163009404388,0.9992104930221696,0.9990549265706252,0.9987249797402346,2,0.945141065830721,0.9443770440253964,0.93847426254596,0.9124169072947652,35,19
2,select_coverage,2.0,cmar,0.9992163009404388,0.9992104930221696,0.9990549265706252,0.9987249797402346,2,0.9341692789968652,0.9372414680824808,0.926615243175666,0.8963610606459439,42,19
2,select_coverage,2.0,top_k_avg,0.9992163009404388,0.9992104930221696,0.9990549265706252,0.9987249797402346,2,0.9169278996865204,0.9169654709680296,0.907456316066014,0.8688691602670569,53,19
2,select_coverage,2.0,list,0.9992163009404388,0.9992104930221696,0.9990549265706252,0.9987249797402346,2,0.9216300940438872,0.9255738474211612,0.9132282583474546,0.8777597390231687,50,19
2,select_coverage,3.0,majority,0.9988244514106585,0.99864706760928,0.9985167725694536,0.9980880547825024,3,0.95141065830721,0.9522873447098146,0.944949439579107,0.9231221639450404,31,19
2,select_coverage,3.0,cmar,0.9988244514106585,0.99864706760928,0.9985167725694536,0.9980880547825024,3,0.938871473354232,0.9451706459519332,0.9334597499436544,0.9042258312694712,39,19
2,select_coverage,3.0,top_k_avg,0.9988244514106585,0.99864706760928,0.9985167725694536,0.9980880547825024,3,0.926332288401254,0.9310674883436548,0.9192415027380592,0.8846680884487607,47,19
2,select_coverage,3.0,list,0.9988244514106585,0.99864706760928,0.9985167725694536,0.9980880547825024,3,0.9200626959247648,0.9269900163762748,0.9129036773545444,0.8758518557243109,51,19
2,select_coverage,4.0,majority,0.9988244514106585,0.99864706760928,0.9985167725694536,0.9980880547825024,3,0.9545454545454546,0.9532878355166255,0.9478809360226158,0.9276972879976748,29,19
2,select_coverage,4.0,cmar,0.9988244514106585,0.99864706760928,0.9985167725694536,0.9980880547825024,3,0.938871473354232,0.9451706459519332,0.9334597499436544,0.9042258312694712,39,19
2,select_coverage,4.0,top_k_avg,0.9988244514106585,0.99864706760928,0.9985167725694536,0.9980880547825024,3,0.9200626959247648,0.9236957575490372,0.9121013676757028,0.8746733877279523,51,19
2,select_coverage,4.0,list,0.9988244514106585,0.99864706760928,0.9985167725694536,0.9980880547825024,3,0.9200626959247648,0.9269900163762748,0.913003368814301,0.8758952798884814,51,19
2,select_coverage_CBA_M1,,majority,0.9992163009404388,0.9992104930221696,0.9990549265706252,0.9987249797402346,2,0.932601880877743,0.9301332577232392,0.9242845324866968,0.8922825055251231,43,19
2,select_coverage_CBA_M1,,cmar,0.9992163009404388,0.9992104930221696,0.9990549265706252,0.9987249797402346,2,0.927899686520376,0.9295106906946627,0.9201653439945344,0.8858965590943866,46,19
2,select_coverage_CBA_M1,,top_k_avg,0.9992163009404388,0.9992104930221696,0.9990549265706252,0.9987249797402346,2,0.926332288401254,0.9218639104456208,0.9161492992447116,0.8825640401547009,47,19
2,select_coverage_CBA_M1,,list,0.9992163009404388,0.9992104930221696,0.9990549265706252,0.9987249797402346,2,0.9216300940438872,0.9200235749435648,0.9115696804988505,0.8760449689672372,50,19
1,select_coverage,1.0,majority,1.0,1.0,1.0,1.0,0,0.9420062695924764,0.9333266078668744,0.9318181769618024,0.9061948652936852,37,29
1,select_coverage,1.0,cmar,1.0,1.0,1.0,1.0,0,0.945141065830721,0.940005064688007,0.9369528741362582,0.9117699648511284,35,29
1,select_coverage,1.0,top_k_avg,1.0,1.0,1.0,1.0,0,0.9420062695924764,0.933298127575236,0.9324217958036322,0.9064211596879074,37,29
1,select_coverage,1.0,list,1.0,1.0,1.0,1.0,0,0.945141065830721,0.9364666458039952,0.935492828637182,0.9115224872922272,35,29
1,select_coverage,2.0,majority,1.0,1.0,1.0,1.0,0,0.9545454545454546,0.9484925347322304,0.9474464501379632,0.9261665661672626,29,29
1,select_coverage,2.0,cmar,1.0,1.0,1.0,1.0,0,0.9498432601880876,0.9478014587399496,0.9436217505901822,0.919163902410394,32,29
1,select_coverage,2.0,top_k_avg,1.0,1.0,1.0,1.0,0,0.9404388714733544,0.9358325303949908,0.9326420469788932,0.903894550015886,38,29
1,select_coverage,2.0,list,1.0,1.0,1.0,1.0,0,0.9482758620689656,0.940852610716276,0.9402874725969482,0.9162437623614924,33,29
1,select_coverage,3.0,majority,1.0,1.0,1.0,1.0,0,0.957680250783699,0.9528500193528728,0.9517570752422092,0.9312203619132592,27,29
1,select_coverage,3.0,cmar,1.0,1.0,1.0,1.0,0,0.9482758620689656,0.9479579287759377,0.942651690058124,0.9168493457485162,33,29
1,select_coverage,3.0,top_k_avg,1.0,1.0,1.0,1.0,0,0.9404388714733544,0.9369360559119594,0.933493439403605,0.904139923871734,38,29
1,select_coverage,3.0,list,1.0,1.0,1.0,1.0,0,0.945141065830721,0.9388445785877618,0.9377232466166516,0.9111758968365248,35,29
1,select_coverage,4.0,majority,1.0,1.0,1.0,1.0,0,0.957680250783699,0.9528500193528728,0.9517570752422092,0.9312203619132592,27,29
1,select_coverage,4.0,cmar,1.0,1.0,1.0,1.0,0,0.95141065830721,0.9499659609044516,0.9457655826558266,0.921756591595627,31,29
1,select_coverage,4.0,top_k_avg,1.0,1.0,1.0,1.0,0,0.9404388714733544,0.938125022303843,0.9337990121481284,0.9044530292841952,38,29
1,select_coverage,4.0,list,1.0,1.0,1.0,1.0,0,0.945141065830721,0.9388445785877618,0.9377232466166516,0.9111758968365248,35,29
1,select_coverage_CBA_M1,,majority,1.0,1.0,1.0,1.0,0,0.9420062695924764,0.9333266078668744,0.9318181769618024,0.9061948652936852,37,29
1,select_coverage_CBA_M1,,cmar,1.0,1.0,1.0,1.0,0,0.945141065830721,0.940005064688007,0.9369528741362582,0.9117699648511284,35,29
1,select_coverage_CBA_M1,,top_k_avg,1.0,1.0,1.0,1.0,0,0.9420062695924764,0.933298127575236,0.9324217958036322,0.9064211596879074,37,29
1,select_coverage_CBA_M1,,list,1.0,1.0,1.0,1.0,0,0.945141065830721,0.9364666458039952,0.935492828637182,0.9115224872922272,35,29
2,select_coverage,1.0,majority,1.0,1.0,1.0,1.0,0,0.9420062695924764,0.9333266078668744,0.9318181769618024,0.9061948652936852,37,29
2,select_coverage,1.0,cmar,1.0,1.0,1.0,1.0,0,0.945141065830721,0.940005064688007,0.9369528741362582,0.9117699648511284,35,29
2,select_coverage,1.0,top_k_avg,1.0,1.0,1.0,1.0,0,0.9420062695924764,0.933298127575236,0.9324217958036322,0.9064211596879074,37,29
2,select_coverage,1.0,list,1.0,1.0,1.0,1.0,0,0.938871473354232,0.9336110676472122,0.929565218719476,0.902015653970731,39,29
2,select_coverage,2.0,majority,1.0,1.0,1.0,1.0,0,0.9545454545454546,0.9484925347322304,0.9474464501379632,0.9261665661672626,29,29
2,select_coverage,2.0,cmar,1.0,1.0,1.0,1.0,0,0.9498432601880876,0.9478014587399496,0.9436217505901822,0.919163902410394,32,29
2,select_coverage,2.0,top_k_avg,1.0,1.0,1.0,1.0,0,0.9404388714733544,0.9358325303949908,0.9326420469788932,0.903894550015886,38,29
2,select_coverage,2.0,list,1.0,1.0,1.0,1.0,0,0.9373040752351096,0.9373629171504886,0.9300996677740864,0.8998407943011117,40,29
2,select_coverage,3.0,majority,1.0,1.0,1.0,1.0,0,0.9561128526645768,0.951846003288616,0.9502222304157568,0.928745920668094,28,29
2,select_coverage,3.0,cmar,1.0,1.0,1.0,1.0,0,0.9482758620689656,0.9479579287759377,0.942651690058124,0.9168493457485162,33,29
2,select_coverage,3.0,top_k_avg,1.0,1.0,1.0,1.0,0,0.9404388714733544,0.9369360559119594,0.933493439403605,0.904139923871734,38,29
2,select_coverage,3.0,list,1.0,1.0,1.0,1.0,0,0.9373040752351096,0.9385234032507336,0.9306650806635088,0.9000302815837868,40,29
2,select_coverage,4.0,majority,1.0,1.0,1.0,1.0,0,0.957680250783699,0.9528500193528728,0.9517570752422092,0.9312203619132592,27,29
2,select_coverage,4.0,cmar,1.0,1.0,1.0,1.0,0,0.95141065830721,0.9499659609044516,0.9457655826558266,0.921756591595627,31,29
2,select_coverage,4.0,top_k_avg,1.0,1.0,1.0,1.0,0,0.9404388714733544,0.938125022303843,0.9337990121481284,0.9044530292841952,38,29
2,select_coverage,4.0,list,1.0,1.0,1.0,1.0,0,0.9341692789968652,0.9365153711222196,0.9277057546541206,0.8953803207264902,42,29
2,select_coverage_CBA_M1,,majority,1.0,1.0,1.0,1.0,0,0.9420062695924764,0.9333266078668744,0.9318181769618024,0.9061948652936852,37,29
2,select_coverage_CBA_M1,,cmar,1.0,1.0,1.0,1.0,0,0.945141065830721,0.940005064688007,0.9369528741362582,0.9117699648511284,35,29
2,select_coverage_CBA_M1,,top_k_avg,1.0,1.0,1.0,1.0,0,0.9420062695924764,0.933298127575236,0.9324217958036322,0.9064211596879074,37,29
2,select_coverage_CBA_M1,,list,1.0,1.0,1.0,1.0,0,0.938871473354232,0.9336110676472122,0.929565218719476,0.902015653970731,39,29
1,select_coverage,1.0,majority,1.0,1.0,1.0,1.0,0,0.9420062695924764,0.939842980090658,0.9356343087041314,0.9048330578242494,37,31
1,select_coverage,1.0,cmar,1.0,1.0,1.0,1.0,0,0.9341692789968652,0.9387340099414404,0.9282591832927404,0.8936845746440437,42,31
1,select_coverage,1.0,top_k_avg,1.0,1.0,1.0,1.0,0,0.9247648902821316,0.9267137517911512,0.9158966548203306,0.8785871411631758,48,31
1,select_coverage,1.0,list,1.0,1.0,1.0,1.0,0,0.9310344827586208,0.9319687307303406,0.9226478907842224,0.8882656318363987,44,31
1,select_coverage,2.0,majority,1.0,1.0,1.0,1.0,0,0.945141065830721,0.9404359543678428,0.9388364037010374,0.9095533422301008,35,31
1,select_coverage,2.0,cmar,1.0,1.0,1.0,1.0,0,0.932601880877743,0.9413713221762756,0.927636518441116,0.8923098731872228,43,31
1,select_coverage,2.0,top_k_avg,1.0,1.0,1.0,1.0,0,0.9216300940438872,0.9261207775139664,0.9130499573872202,0.874381647603004,50,31
1,select_coverage,2.0,list,1.0,1.0,1.0,1.0,0,0.932601880877743,0.9341473799678134,0.9243981026839596,0.8909288826594808,43,31
1,select_coverage,3.0,majority,1.0,1.0,1.0,1.0,0,0.9498432601880876,0.9445639213441072,0.944208364596534,0.9171660856497904,32,31
1,select_coverage,3.0,cmar,1.0,1.0,1.0,1.0,0,0.932601880877743,0.9415236752698052,0.9281542661754928,0.8921080226381515,43,31
1,select_coverage,3.0,top_k_avg,1.0,1.0,1.0,1.0,0,0.9122257053291536,0.9216291677591988,0.9046907316177796,0.8611287350386378,56,31
1,select_coverage,3.0,list,1.0,1.0,1.0,1.0,0,0.932601880877743,0.9341473799678134,0.9243981026839596,0.8909288826594808,43,31
1,select_coverage,4.0,majority,1.0,1.0,1.0,1.0,0,0.9529780564263324,0.9489212198190526,0.94735362873101,0.922491563477868,30,31
1,select_coverage,4.0,cmar,1.0,1.0,1.0,1.0,0,0.9341692789968652,0.9423459810456716,0.9290428892826652,0.8946573022764429,42,31
1,select_coverage,4.0,top_k_avg,1.0,1.0,1.0,1.0,0,0.9075235109717869,0.9175012007829344,0.9000401019144587,0.8538287531014658,59,31
1,select_coverage,4.0,list,1.0,1.0,1.0,1.0,0,0.9310344827586208,0.9331727210984178,0.922849927883485,0.8885697428570539,44,31
1,select_coverage_CBA_M1,,majority,1.0,1.0,1.0,1.0,0,0.9420062695924764,0.939842980090658,0.9356343087041314,0.9048330578242494,37,31
1,select_coverage_CBA_M1,,cmar,1.0,1.0,1.0,1.0,0,0.9341692789968652,0.9387340099414404,0.9282591832927404,0.8936845746440437,42,31
1,select_coverage_CBA_M1,,top_k_avg,1.0,1.0,1.0,1.0,0,0.9247648902821316,0.9267137517911512,0.9158966548203306,0.8785871411631758,48,31
1,select_coverage_CBA_M1,,list,1.0,1.0,1.0,1.0,0,0.9310344827586208,0.9319687307303406,0.9226478907842224,0.8882656318363987,44,31
2,select_coverage,1.0,majority,1.0,1.0,1.0,1.0,0,0.9404388714733544,0.9388683212212624,0.934068147161515,0.9023892739275317,38,31
2,select_coverage,1.0,cmar,1.0,1.0,1.0,1.0,0,0.9341692789968652,0.9387340099414404,0.9282591832927404,0.8936845746440437,42,31
2,select_coverage,1.0,top_k_avg,1.0,1.0,1.0,1.0,0,0.9247648902821316,0.9267137517911512,0.9158966548203306,0.8785871411631758,48,31
2,select_coverage,1.0,list,1.0,1.0,1.0,1.0,0,0.926332288401254,0.9290447541221536,0.9180598466740588,0.8812299181265392,47,31
2,select_coverage,2.0,majority,1.0,1.0,1.0,1.0,0,0.945141065830721,0.94163994473592,0.9394890372119974,0.9096501020658958,35,31
2,select_coverage,2.0,cmar,1.0,1.0,1.0,1.0,0,0.932601880877743,0.9413713221762756,0.927636518441116,0.8923098731872228,43,31
2,select_coverage,2.0,top_k_avg,1.0,1.0,1.0,1.0,0,0.9231974921630094,0.9282994267514392,0.9152149746193896,0.8768908515140742,49,31
2,select_coverage,2.0,list,1.0,1.0,1.0,1.0,0,0.927899686520376,0.9363440710189936,0.9213721169482704,0.8852064033472017,46,31
2,select_coverage,3.0,majority,1.0,1.0,1.0,1.0,0,0.9482758620689656,0.9447932528427884,0.943245186054996,0.9147352086682938,33,31
2,select_coverage,3.0,cmar,1.0,1.0,1.0,1.0,0,0.932601880877743,0.9415236752698052,0.9281542661754928,0.8921080226381515,43,31
2,select_coverage,3.0,top_k_avg,1.0,1.0,1.0,1.0,0,0.913793103448276,0.9238078169966716,0.906812944708772,0.8635972979045351,55,31
2,select_coverage,3.0,list,1.0,1.0,1.0,1.0,0,0.9169278996865204,0.9283174685651464,0.9101213338190552,0.869155853864768,53,31
2,select_coverage,4.0,majority,1.0,1.0,1.0,1.0,0,0.9545454545454546,0.9510998690565255,0.9495982874249556,0.9250963428510172,29,31
2,select_coverage,4.0,cmar,1.0,1.0,1.0,1.0,0,0.9341692789968652,0.9423459810456716,0.9290428892826652,0.8946573022764429,42,31
2,select_coverage,4.0,top_k_avg,1.0,1.0,1.0,1.0,0,0.9090909090909092,0.9196798500204072,0.9021631128799134,0.8562928794300041,58,31
2,select_coverage,4.0,list,1.0,1.0,1.0,1.0,0,0.913793103448276,0.9263681508263552,0.9071182669896496,0.8646554419551218,55,31
2,select_coverage_CBA_M1,,majority,1.0,1.0,1.0,1.0,0,0.9404388714733544,0.9388683212212624,0.934068147161515,0.9023892739275317,38,31
2,select_coverage_CBA_M1,,cmar,1.0,1.0,1.0,1.0,0,0.9341692789968652,0.9387340099414404,0.9282591832927404,0.8936845746440437,42,31
2,select_coverage_CBA_M1,,top_k_avg,1.0,1.0,1.0,1.0,0,0.9247648902821316,0.9267137517911512,0.9158966548203306,0.8785871411631758,48,31
2,select_coverage_CBA_M1,,list,1.0,1.0,1.0,1.0,0,0.926332288401254,0.9290447541221536,0.9180598466740588,0.8812299181265392,47,31
1,select_coverage,1.0,majority,0.9992163009404388,0.998932363656257,0.9992101302745292,0.9987353826110836,2,0.9561128526645768,0.9525259952465834,0.9497170768764552,0.9268749073366664,28,34
1,select_coverage,1.0,cmar,0.9992163009404388,0.998932363656257,0.9992101302745292,0.9987353826110836,2,0.9467084639498432,0.9483481877599526,0.9407153937492928,0.9119836611012188,34,34
1,select_coverage,1.0,top_k_avg,0.9992163009404388,0.998932363656257,0.9992101302745292,0.9987353826110836,2,0.9467084639498432,0.9445224301841948,0.9389480575197718,0.9113579020152888,34,34
1,select_coverage,1.0,list,0.9992163009404388,0.998932363656257,0.9992101302745292,0.9987353826110836,2,0.9498432601880876,0.9464163695781344,0.9422133536738446,0.9163475760661804,32,34
1,select_coverage,2.0,majority,0.9992163009404388,0.9992048057714294,0.999074709253496,0.9987359708276188,2,0.9561128526645768,0.9583132798573976,0.9507224057074936,0.927435139547276,28,34
1,select_coverage,2.0,cmar,0.9992163009404388,0.9992048057714294,0.999074709253496,0.9987359708276188,2,0.9420062695924764,0.9500193107546048,0.9360566133851004,0.905805272094966,37,34
1,select_coverage,2.0,top_k_avg,0.9992163009404388,0.9992048057714294,0.999074709253496,0.9987359708276188,2,0.9216300940438872,0.927277926322044,0.9109093390214976,0.8735410837227204,50,34
1,select_coverage,2.0,list,0.9992163009404388,0.9992048057714294,0.999074709253496,0.9987359708276188,2,0.9357366771159876,0.9358006535947712,0.9246465836955554,0.8947238135077956,41,34
1,select_coverage,3.0,majority,0.9992163009404388,0.9992048057714294,0.999074709253496,0.9987359708276188,2,0.963949843260188,0.9615441176470588,0.9581992357261524,0.9398747085399504,23,34
1,select_coverage,3.0,cmar,0.9992163009404388,0.9992048057714294,0.999074709253496,0.9987359708276188,2,0.945141065830721,0.9504092394533572,0.9387729028769763,0.9103826825518976,35,34
1,select_coverage,3.0,top_k_avg,0.9992163009404388,0.9992048057714294,0.999074709253496,0.9987359708276188,2,0.9294670846394985,0.934792038027332,0.9189382897421728,0.886034861406015,45,34
1,select_coverage,3.0,list,0.9992163009404388,0.9992048057714294,0.999074709253496,0.9987359708276188,2,0.9404388714733544,0.9386415626856804,0.9293900406560724,0.9018402639462172,38,34
1,select_coverage,4.0,majority,0.9992163009404388,0.9992048057714294,0.999074709253496,0.9987359708276188,2,0.9717868338557992,0.970562240047534,0.9677613876197668,0.9528969517179062,18,34
1,select_coverage,4.0,cmar,0.9992163009404388,0.9992048057714294,0.999074709253496,0.9987359708276188,2,0.9498432601880876,0.956029411764706,0.9442723772839148,0.9181702689402969,32,34
1,select_coverage,4.0,top_k_avg,0.9992163009404388,0.9992048057714294,0.999074709253496,0.9987359708276188,2,0.9357366771159876,0.9398551693404634,0.9251545515316516,0.8959101061192782,41,34
1,select_coverage,4.0,list,0.9992163009404388,0.9992048057714294,0.999074709253496,0.9987359708276188,2,0.9435736677115988,0.9418107546048722,0.932645307169504,0.9070032180308704,36,34
1,select_coverage_CBA_M1,,majority,0.9992163009404388,0.9992159180792508,0.9990691975146048,0.9987359846589862,2,0.9420062695924764,0.9452785204991088,0.9362724973182004,0.9055265305366192,37,34
1,select_coverage_CBA_M1,,cmar,0.9992163009404388,0.9992159180792508,0.9990691975146048,0.9987359846589862,2,0.932601880877743,0.9411007130124776,0.9272334381788486,0.8912662202585164,43,34
1,select_coverage_CBA_M1,,top_k_avg,0.9992163009404388,0.9992159180792508,0.9990691975146048,0.9987359846589862,2,0.932601880877743,0.93727495543672,0.9253520874094224,0.890140026742067,43,34
1,select_coverage_CBA_M1,,list,0.9992163009404388,0.9992159180792508,0.9990691975146048,0.9987359846589862,2,0.9357366771159876,0.9391688948306596,0.9286467567754264,0.8949533049404312,41,34
2,select_coverage,1.0,majority,0.9992163009404388,0.998932363656257,0.9992101302745292,0.9987353826110836,2,0.95141065830721,0.9496850861556744,0.9448895902927532,0.919330869451926,31,34
2,select_coverage,1.0,cmar,0.9992163009404388,0.998932363656257,0.9992101302745292,0.9987353826110836,2,0.9467084639498432,0.9483481877599526,0.9407153937492928,0.9119836611012188,34,34
2,select_coverage,1.0,top_k_avg,0.9992163009404388,0.998932363656257,0.9992101302745292,0.9987353826110836,2,0.9467084639498432,0.9445224301841948,0.9389480575197718,0.9113579020152888,34,34
2,select_coverage,1.0,list,0.9992163009404388,0.998932363656257,0.9992101302745292,0.9987353826110836,2,0.9435736677115988,0.9441325014854428,0.9360767032489492,0.9067179349993576,36,34
2,select_coverage,2.0,majority,0.9992163009404388,0.9992048057714294,0.999074709253496,0.9987359708276188,2,0.9545454545454546,0.9573663101604278,0.9492094054832094,0.9249704916308326,29,34
2,select_coverage,2.0,cmar,0.9992163009404388,0.9992048057714294,0.999074709253496,0.9987359708276188,2,0.9420062695924764,0.9500193107546048,0.9360566133851004,0.905805272094966,37,34
2,select_coverage,2.0,top_k_avg,0.9992163009404388,0.9992048057714294,0.999074709253496,0.9987359708276188,2,0.9216300940438872,0.927277926322044,0.9109093390214976,0.8735410837227204,50,34
2,select_coverage,2.0,list,0.9992163009404388,0.9992048057714294,0.999074709253496,0.9987359708276188,2,0.9247648902821316,0.9306758764111706,0.9141525101962724,0.8787057985418282,48,34
2,select_coverage,3.0,majority,0.9992163009404388,0.9992048057714294,0.999074709253496,0.9987359708276188,2,0.962382445141066,0.9605971479500892,0.9566947617528122,0.9373620432209416,24,34
2,select_coverage,3.0,cmar,0.9992163009404388,0.9992048057714294,0.999074709253496,0.9987359708276188,2,0.945141065830721,0.9504092394533572,0.9387729028769763,0.9103826825518976,35,34
2,select_coverage,3.0,top_k_avg,0.9992163009404388,0.9992048057714294,0.999074709253496,0.9987359708276188,2,0.9294670846394985,0.934792038027332,0.9189382897421728,0.886034861406015,45,34
2,select_coverage,3.0,list,0.9992163009404388,0.9992048057714294,0.999074709253496,0.9987359708276188,2,0.9310344827586208,0.935739007724302,0.9204865011747474,0.8883511747183657,44,34
2,select_coverage,4.0,majority,0.9992163009404388,0.9992048057714294,0.999074709253496,0.9987359708276188,2,0.9702194357366772,0.9696152703505644,0.9662459474244276,0.9503639779444756,19,34
2,select_coverage,4.0,cmar,0.9992163009404388,0.9992048057714294,0.999074709253496,0.9987359708276188,2,0.9498432601880876,0.956029411764706,0.9442723772839148,0.9181702689402969,32,34
2,select_coverage,4.0,top_k_avg,0.9992163009404388,0.9992048057714294,0.999074709253496,0.9987359708276188,2,0.9357366771159876,0.9398551693404634,0.9251545515316516,0.8959101061192782,41,34
2,select_coverage,4.0,list,0.9992163009404388,0.9992048057714294,0.999074709253496,0.9987359708276188,2,0.932601880877743,0.937961229946524,0.9221558039023168,0.8911461959724628,43,34
2,select_coverage_CBA_M1,,majority,0.9992163009404388,0.998932363656257,0.9992101302745292,0.9987353826110836,2,0.95141065830721,0.9496850861556744,0.9448895902927532,0.919330869451926,31,34
2,select_coverage_CBA_M1,,cmar,0.9992163009404388,0.998932363656257,0.9992101302745292,0.9987353826110836,2,0.9467084639498432,0.9483481877599526,0.9407153937492928,0.9119836611012188,34,34
2,select_coverage_CBA_M1,,top_k_avg,0.9992163009404388,0.998932363656257,0.9992101302745292,0.9987353826110836,2,0.9467084639498432,0.9445224301841948,0.9389480575197718,0.9113579020152888,34,34
2,select_coverage_CBA_M1,,list,0.9992163009404388,0.998932363656257,0.9992101302745292,0.9987353826110836,2,0.9435736677115988,0.9441325014854428,0.9360767032489492,0.9067179349993576,36,34
1,select_coverage,1.0,majority,0.9992163009404388,0.9989023210133312,0.9992013934216296,0.9987204087940036,2,0.957680250783699,0.9530042839713424,0.9532025852171108,0.9320786229615222,27,42
1,select_coverage,1.0,cmar,0.9992163009404388,0.9989023210133312,0.9992013934216296,0.9987204087940036,2,0.945141065830721,0.9459808476375612,0.9406908880593092,0.9129048696495946,35,42
1,select_coverage,1.0,top_k_avg,0.9992163009404388,0.9989023210133312,0.9992013934216296,0.9987204087940036,2,0.9435736677115988,0.9406293443280536,0.9381288777350844,0.9098757731405978,36,42
1,select_coverage,1.0,list,0.9992163009404388,0.9989023210133312,0.9992013934216296,0.9987204087940036,2,0.9435736677115988,0.9406293443280536,0.9381288777350844,0.9098757731405978,36,42
1,select_coverage,2.0,majority,0.9992163009404388,0.9989023210133312,0.9992013934216296,0.9987204087940036,2,0.9561128526645768,0.9543328821695224,0.9515562474836567,0.9298963567950548,28,42
1,select_coverage,2.0,cmar,0.9992163009404388,0.9989023210133312,0.9992013934216296,0.9987204087940036,2,0.9529780564263324,0.9565495892407856,0.9495538689964124,0.9256903899372162,30,42
1,select_coverage,2.0,top_k_avg,0.9992163009404388,0.9989023210133312,0.9992013934216296,0.9987204087940036,2,0.9467084639498432,0.9486603103439938,0.9423809673350396,0.9157709327159498,34,42
1,select_coverage,2.0,list,0.9992163009404388,0.9989023210133312,0.9992013934216296,0.9987204087940036,2,0.9467084639498432,0.947025779716976,0.9425221951558154,0.9152842636567304,34,42
1,select_coverage,3.0,majority,0.9992163009404388,0.9991836055779596,0.9990615731457826,0.9987210372645188,2,0.963949843260188,0.967872174701302,0.9602489617976876,0.9433146484339404,23,42
1,select_coverage,3.0,cmar,0.9992163009404388,0.9991836055779596,0.9990615731457826,0.9987210372645188,2,0.9467084639498432,0.9550419015262012,0.9430160187735946,0.9172210025039044,34,42
1,select_coverage,3.0,top_k_avg,0.9992163009404388,0.9991836055779596,0.9990615731457826,0.9987210372645188,2,0.9373040752351096,0.9437267381690422,0.932522523719402,0.9024552327680848,40,42
1,select_coverage,3.0,list,0.9992163009404388,0.9991836055779596,0.9990615731457826,0.9987210372645188,2,0.9420062695924764,0.946044269093778,0.93693719777058,0.9090353845479868,37,42
1,select_coverage,4.0,majority,0.9992163009404388,0.9991836055779596,0.9990615731457826,0.9987210372645188,2,0.9608150470219436,0.963629024927426,0.956797164694022,0.938123310170653,25,42
1,select_coverage,4.0,cmar,0.9992163009404388,0.9991836055779596,0.9990615731457826,0.9987210372645188,2,0.9467084639498432,0.9545231465381726,0.9429012671408772,0.9171218104620508,34,42
1,select_coverage,4.0,top_k_avg,0.9992163009404388,0.9991836055779596,0.9990615731457826,0.9987210372645188,2,0.9310344827586208,0.9376922345618164,0.925329300512042,0.893370505927131,44,42
1,select_coverage,4.0,list,0.9992163009404388,0.9991836055779596,0.9990615731457826,0.9987210372645188,2,0.9373040752351096,0.9415734525539956,0.9319769641204766,0.9019006928596842,40,42
1,select_coverage_CBA_M1,,majority,0.9992163009404388,0.9991836055779596,0.9990615731457826,0.9987210372645188,2,0.9482758620689656,0.9520787727010036,0.944112455318688,0.9184856604712878,33,42
1,select_coverage_CBA_M1,,cmar,0.9992163009404388,0.9991836055779596,0.9990615731457826,0.9987210372645188,2,0.9357366771159876,0.9450553363672224,0.9317562594390738,0.9004450336661931,41,42
1,select_coverage_CBA_M1,,top_k_avg,0.9992163009404388,0.9991836055779596,0.9990615731457826,0.9987210372645188,2,0.9341692789968652,0.9397038330577148,0.9291858250704572,0.8969441581661064,42,42
1,select_coverage_CBA_M1,,list,0.9992163009404388,0.9991836055779596,0.9990615731457826,0.9987210372645188,2,0.9341692789968652,0.9397038330577148,0.9291858250704572,0.8969441581661064,42,42
2,select_coverage,1.0,majority,0.9992163009404388,0.9989023210133312,0.9992013934216296,0.9987204087940036,2,0.957680250783699,0.9530042839713424,0.9532025852171108,0.9320786229615222,27,42
2,select_coverage,1.0,cmar,0.9992163009404388,0.9989023210133312,0.9992013934216296,0.9987204087940036,2,0.945141065830721,0.9459808476375612,0.9406908880593092,0.9129048696495946,35,42
2,select_coverage,1.0,top_k_avg,0.9992163009404388,0.9989023210133312,0.9992013934216296,0.9987204087940036,2,0.9435736677115988,0.9406293443280536,0.9381288777350844,0.9098757731405978,36,42
2,select_coverage,1.0,list,0.9992163009404388,0.9989023210133312,0.9992013934216296,0.9987204087940036,2,0.9435736677115988,0.9422638749550712,0.9380117011032392,0.9102850890275996,36,42
2,select_coverage,2.0,majority,0.9992163009404388,0.9989023210133312,0.9992013934216296,0.9987204087940036,2,0.957680250783699,0.956195079562446,0.9530297475655716,0.932453961049632,27,42
2,select_coverage,2.0,cmar,0.9992163009404388,0.9989023210133312,0.9992013934216296,0.9987204087940036,2,0.9529780564263324,0.9565495892407856,0.9495538689964124,0.9256903899372162,30,42
2,select_coverage,2.0,top_k_avg,0.9992163009404388,0.9989023210133312,0.9992013934216296,0.9987204087940036,2,0.9467084639498432,0.9486603103439938,0.9423809673350396,0.9157709327159498,34,42
2,select_coverage,2.0,list,0.9992163009404388,0.9989023210133312,0.9992013934216296,0.9987204087940036,2,0.9420062695924764,0.9455255141057493,0.9379041894678812,0.908717474537183,37,42
2,select_coverage,3.0,majority,0.9992163009404388,0.9991836055779596,0.9990615731457826,0.9987210372645188,2,0.962382445141066,0.966827242621887,0.9586472164032248,0.9409647490768904,24,42
2,select_coverage,3.0,cmar,0.9992163009404388,0.9991836055779596,0.9990615731457826,0.9987210372645188,2,0.9467084639498432,0.9550419015262012,0.9430160187735946,0.9172210025039044,34,42
2,select_coverage,3.0,top_k_avg,0.9992163009404388,0.9991836055779596,0.9990615731457826,0.9987210372645188,2,0.9373040752351096,0.9437267381690422,0.932522523719402,0.9024552327680848,40,42
2,select_coverage,3.0,list,0.9992163009404388,0.9991836055779596,0.9990615731457826,0.9987210372645188,2,0.932601880877743,0.9414092072443064,0.9277502506739124,0.8960536738367076,43,42
2,select_coverage,4.0,majority,0.9992163009404388,0.9991836055779596,0.9990615731457826,0.9987210372645188,2,0.9592476489028212,0.9625840928480112,0.955188812777362,0.9357635619013048,26,42
2,select_coverage,4.0,cmar,0.9992163009404388,0.9991836055779596,0.9990615731457826,0.9987210372645188,2,0.9467084639498432,0.9545231465381726,0.9429012671408772,0.9171218104620508,34,42
2,select_coverage,4.0,top_k_avg,0.9992163009404388,0.9991836055779596,0.9990615731457826,0.9987210372645188,2,0.9310344827586208,0.9376922345618164,0.925329300512042,0.893370505927131,44,42
2,select_coverage,4.0,list,0.9992163009404388,0.9991836055779596,0.9990615731457826,0.9987210372645188,2,0.927899686520376,0.9377556560180332,0.9226713102191436,0.889559028608498,46,42
2,select_coverage_CBA_M1,,majority,0.9992163009404388,0.9989023210133312,0.9992013934216296,0.9987204087940036,2,0.95141065830721,0.9501605759552204,0.9471925314518692,0.9224210319783486,31,42
2,select_coverage_CBA_M1,,cmar,0.9992163009404388,0.9989023210133312,0.9992013934216296,0.9987204087940036,2,0.945141065830721,0.9459808476375612,0.9406908880593092,0.9129048696495946,35,42
2,select_coverage_CBA_M1,,top_k_avg,0.9992163009404388,0.9989023210133312,0.9992013934216296,0.9987204087940036,2,0.9420062695924764,0.9395844122486388,0.9367093926540324,0.9074641129341596,37,42
2,select_coverage_CBA_M1,,list,0.9992163009404388,0.9989023210133312,0.9992013934216296,0.9987204087940036,2,0.9435736677115988,0.9422638749550712,0.9380117011032392,0.9102850890275996,36,42
1,select_coverage,1.0,majority,0.9992163009404388,0.9989316129562474,0.9992099502447402,0.9987349798624952,2,0.9545454545454546,0.9533057484092168,0.9509659127173326,0.9240888784036656,29,49
1,select_coverage,1.0,cmar,0.9992163009404388,0.9989316129562474,0.9992099502447402,0.9987349798624952,2,0.9482758620689656,0.9522549139278956,0.9449326731093924,0.9146105731784137,33,49
1,select_coverage,1.0,top_k_avg,0.9992163009404388,0.9989316129562474,0.9992099502447402,0.9987349798624952,2,0.9420062695924764,0.9417890564300744,0.9348712379699016,0.9040034262499936,37,49
1,select_coverage,1.0,list,0.9992163009404388,0.9989316129562474,0.9992099502447402,0.9987349798624952,2,0.945141065830721,0.94502182906924,0.9387878909942916,0.9090622032573538,35,49
1,select_coverage,2.0,majority,0.9992163009404388,0.9992084705975184,0.9990723385923048,0.998735574455416,2,0.9608150470219436,0.9653479268266016,0.9575142608875744,0.9354084938698556,25,49
1,select_coverage,2.0,cmar,0.9992163009404388,0.9992084705975184,0.9990723385923048,0.998735574455416,2,0.95141065830721,0.962397757112612,0.9482663705658864,0.921487454828145,31,49
1,select_coverage,2.0,top_k_avg,0.9992163009404388,0.9992084705975184,0.9990723385923048,0.998735574455416,2,0.932601880877743,0.9443345586841166,0.9262730463239488,0.8923124657898318,43,49
1,select_coverage,2.0,list,0.9992163009404388,0.9992084705975184,0.9990723385923048,0.998735574455416,2,0.945141065830721,0.9532653370212876,0.9393375728669846,0.9111810327945516,35,49
1,select_coverage,3.0,majority,0.9992163009404388,0.9992084705975184,0.9990723385923048,0.998735574455416,2,0.9670846394984326,0.9677321987144196,0.963876455377184,0.9451846845466464,21,49
1,select_coverage,3.0,cmar,0.9992163009404388,0.9992084705975184,0.9990723385923048,0.998735574455416,2,0.957680250783699,0.9661154664069268,0.9546783625730996,0.9311244060939586,27,49
1,select_coverage,3.0,top_k_avg,0.9992163009404388,0.9992084705975184,0.9990723385923048,0.998735574455416,2,0.932601880877743,0.9443345586841166,0.926274287036786,0.8922676536927271,43,49
1,select_coverage,3.0,list,0.9992163009404388,0.9992084705975184,0.9990723385923048,0.998735574455416,2,0.945141065830721,0.950598462208294,0.9385819163926344,0.9105730864058068,35,49
1,select_coverage,4.0,majority,0.9992163009404388,0.9992084705975184,0.9990723385923048,0.998735574455416,2,0.9655172413793104,0.9667825310980852,0.9623151841309712,0.9426631121476808,22,49
1,select_coverage,4.0,cmar,0.9992163009404388,0.9992084705975184,0.9990723385923048,0.998735574455416,2,0.9561128526645768,0.9651657987905924,0.9530678512129392,0.9286970700401228,28,49
1,select_coverage,4.0,top_k_avg,0.9992163009404388,0.9992084705975184,0.9990723385923048,0.998735574455416,2,0.926332288401254,0.9392024508122828,0.9194731726519024,0.8828190502968156,47,49
1,select_coverage,4.0,list,0.9992163009404388,0.9992084705975184,0.9990723385923048,0.998735574455416,2,0.9404388714733544,0.9464160219527944,0.9332628155670044,0.9032052950457428,38,49
1,select_coverage_CBA_M1,,majority,0.9992163009404388,0.9992118949149664,0.9990706401299162,0.9987355787150276,2,0.9482758620689656,0.95350739016337,0.9442197084064596,0.9154717051447778,33,49
1,select_coverage_CBA_M1,,cmar,0.9992163009404388,0.9992118949149664,0.9990706401299162,0.9987355787150276,2,0.9420062695924764,0.9524565556820488,0.9383358124937868,0.9067433320383405,37,49
1,select_coverage_CBA_M1,,top_k_avg,0.9992163009404388,0.9992118949149664,0.9990706401299162,0.9987355787150276,2,0.9357366771159876,0.9419906981842278,0.9283771615487808,0.8959144522592699,41,49
1,select_coverage_CBA_M1,,list,0.9992163009404388,0.9992118949149664,0.9990706401299162,0.9987355787150276,2,0.938871473354232,0.9452234708233932,0.9322738093579842,0.900917519127114,39,49
2,select_coverage,1.0,majority,0.9992163009404388,0.9989316129562474,0.9992099502447402,0.9987349798624952,2,0.9545454545454546,0.9533057484092168,0.9509659127173326,0.9240888784036656,29,49
2,select_coverage,1.0,cmar,0.9992163009404388,0.9989316129562474,0.9992099502447402,0.9987349798624952,2,0.9482758620689656,0.9522549139278956,0.9449326731093924,0.9146105731784137,33,49
2,select_coverage,1.0,top_k_avg,0.9992163009404388,0.9989316129562474,0.9992099502447402,0.9987349798624952,2,0.9420062695924764,0.9417890564300744,0.9348712379699016,0.9040034262499936,37,49
2,select_coverage,1.0,list,0.9992163009404388,0.9989316129562474,0.9992099502447402,0.9987349798624952,2,0.938871473354232,0.9412231586039028,0.9324865583440526,0.8992696961454492,39,49
2,select_coverage,2.0,majority,0.9992163009404388,0.9992084705975184,0.9990723385923048,0.998735574455416,2,0.9608150470219436,0.9653479268266016,0.9575142608875744,0.9354084938698556,25,49
2,select_coverage,2.0,cmar,0.9992163009404388,0.9992084705975184,0.9990723385923048,0.998735574455416,2,0.95141065830721,0.962397757112612,0.9482663705658864,0.921487454828145,31,49
2,select_coverage,2.0,top_k_avg,0.9992163009404388,0.9992084705975184,0.9990723385923048,0.998735574455416,2,0.932601880877743,0.9443345586841166,0.9262730463239488,0.8923124657898318,43,49
2,select_coverage,2.0,list,0.9992163009404388,0.9992084705975184,0.9990723385923048,0.998735574455416,2,0.9310344827586208,0.9447183284742792,0.9254191514037952,0.8902273836974948,44,49
2,select_coverage,3.0,majority,0.9992163009404388,0.9992084705975184,0.9990723385923048,0.998735574455416,2,0.9670846394984326,0.9677321987144196,0.963876455377184,0.9451846845466464,21,49
2,select_coverage,3.0,cmar,0.9992163009404388,0.9992084705975184,0.9990723385923048,0.998735574455416,2,0.957680250783699,0.9661154664069268,0.9546783625730996,0.9311244060939586,27,49
2,select_coverage,3.0,top_k_avg,0.9992163009404388,0.9992084705975184,0.9990723385923048,0.998735574455416,2,0.932601880877743,0.9443345586841166,0.926274287036786,0.8922676536927271,43,49
2,select_coverage,3.0,list,0.9992163009404388,0.9992084705975184,0.9990723385923048,0.998735574455416,2,0.9294670846394985,0.942435223451448,0.9232116458850316,0.8876578013219372,45,49
2,select_coverage,4.0,majority,0.9992163009404388,0.9992084705975184,0.9990723385923048,0.998735574455416,2,0.9655172413793104,0.9667825310980852,0.9623151841309712,0.9426631121476808,22,49
2,select_coverage,4.0,cmar,0.9992163009404388,0.9992084705975184,0.9990723385923048,0.998735574455416,2,0.9561128526645768,0.9651657987905924,0.9530678512129392,0.9286970700401228,28,49
2,select_coverage,4.0,top_k_avg,0.9992163009404388,0.9992084705975184,0.9990723385923048,0.998735574455416,2,0.926332288401254,0.9392024508122828,0.9194731726519024,0.8828190502968156,47,49
2,select_coverage,4.0,list,0.9992163009404388,0.9992084705975184,0.9990723385923048,0.998735574455416,2,0.9231974921630094,0.9373031155796142,0.9164283130973352,0.8782631214208793,49,49
2,select_coverage_CBA_M1,,majority,0.9992163009404388,0.9989316129562474,0.9992099502447402,0.9987349798624952,2,0.9498432601880876,0.9517901829667108,0.9462944096866358,0.9167955641335216,32,49
2,select_coverage_CBA_M1,,cmar,0.9992163009404388,0.9989316129562474,0.9992099502447402,0.9987349798624952,2,0.9467084639498432,0.9513052463115612,0.9433076743769444,0.9121446503871238,34,49
2,select_coverage_CBA_M1,,top_k_avg,0.9992163009404388,0.9989316129562474,0.9992099502447402,0.9987349798624952,2,0.9420062695924764,0.9417890564300744,0.9348712379699016,0.9040034262499936,37,49
2,select_coverage_CBA_M1,,list,0.9992163009404388,0.9989316129562474,0.9992099502447402,0.9987349798624952,2,0.938871473354232,0.9412231586039028,0.9324865583440526,0.8992696961454492,39,49
1,select_coverage,1.0,majority,0.9992163009404388,0.9992016506090042,0.9990594276184712,0.9987249943289946,2,0.9529780564263324,0.9547412505934504,0.9485254641748062,0.9250095603064248,30,63
1,select_coverage,1.0,cmar,0.9992163009404388,0.9992016506090042,0.9990594276184712,0.9987249943289946,2,0.9467084639498432,0.9529144611572206,0.942615604646304,0.9162000715442652,34,63
1,select_coverage,1.0,top_k_avg,0.9992163009404388,0.9992016506090042,0.9990594276184712,0.9987249943289946,2,0.945141065830721,0.947683367295395,0.9394131211266864,0.913233843733812,35,63
1,select_coverage,1.0,list,0.9992163009404388,0.9992016506090042,0.9990594276184712,0.9987249943289946,2,0.9482758620689656,0.9497221032790852,0.942420073375262,0.917912863881522,33,63
1,select_coverage,2.0,majority,0.9992163009404388,0.9992016506090042,0.9990594276184712,0.9987249943289946,2,0.9592476489028212,0.9609728586945409,0.9553322211504556,0.9349701009860026,26,63
1,select_coverage,2.0,cmar,0.9992163009404388,0.9992016506090042,0.9990594276184712,0.9987249943289946,2,0.9561128526645768,0.9623584197062964,0.9529786698447535,0.9308419239729177,28,63
1,select_coverage,2.0,top_k_avg,0.9992163009404388,0.9992016506090042,0.9990594276184712,0.9987249943289946,2,0.945141065830721,0.9498375034291054,0.940047581090158,0.9135439165389552,35,63
1,select_coverage,2.0,list,0.9992163009404388,0.9992016506090042,0.9990594276184712,0.9987249943289946,2,0.9498432601880876,0.9518185393377854,0.94451259086189,0.920299148489488,32,63
1,select_coverage,3.0,majority,0.9992163009404388,0.9992016506090042,0.9990594276184712,0.9987249943289946,2,0.9733542319749215,0.9745519892860072,0.9705753999905652,0.9574700288522706,17,63
1,select_coverage,3.0,cmar,0.9992163009404388,0.9992016506090042,0.9990594276184712,0.9987249943289946,2,0.963949843260188,0.9707830102635272,0.961964808317851,0.9432967270032544,23,63
1,select_coverage,3.0,top_k_avg,0.9992163009404388,0.9992016506090042,0.9990594276184712,0.9987249943289946,2,0.95141065830721,0.9575323651868116,0.9473696556037972,0.9236467362429364,31,63
1,select_coverage,3.0,list,0.9992163009404388,0.9992016506090042,0.9990594276184712,0.9987249943289946,2,0.957680250783699,0.9592626082256012,0.9528357342698972,0.9326154380706204,27,63
1,select_coverage,4.0,majority,0.9992163009404388,0.9992016506090042,0.9990594276184712,0.9987249943289946,2,0.9733542319749215,0.9746485356834472,0.9711314926829347,0.9573383416566073,17,63
1,select_coverage,4.0,cmar,0.9992163009404388,0.9992016506090042,0.9990594276184712,0.9987249943289946,2,0.9655172413793104,0.9729759927196676,0.9640499121775128,0.9457772766496896,22,63
1,select_coverage,4.0,top_k_avg,0.9992163009404388,0.9992016506090042,0.9990594276184712,0.9987249943289946,2,0.9467084639498432,0.9544742612112764,0.9428086589616584,0.9166766868099376,34,63
1,select_coverage,4.0,list,0.9992163009404388,0.9992016506090042,0.9990594276184712,0.9987249943289946,2,0.95141065830721,0.955185136258221,0.9467440782321316,0.9230887567436948,31,63
1,select_coverage_CBA_M1,,majority,0.9992163009404388,0.9992016506090042,0.9990594276184712,0.9987249943289946,2,0.9529780564263324,0.9547412505934504,0.9485254641748062,0.9250095603064248,30,63
1,select_coverage_CBA_M1,,cmar,0.9992163009404388,0.9992016506090042,0.9990594276184712,0.9987249943289946,2,0.9467084639498432,0.9529144611572206,0.942615604646304,0.9162000715442652,34,63
1,select_coverage_CBA_M1,,top_k_avg,0.9992163009404388,0.9992016506090042,0.9990594276184712,0.9987249943289946,2,0.945141065830721,0.947683367295395,0.9394131211266864,0.913233843733812,35,63
1,select_coverage_CBA_M1,,list,0.9992163009404388,0.9992016506090042,0.9990594276184712,0.9987249943289946,2,0.9482758620689656,0.9497221032790852,0.942420073375262,0.917912863881522,33,63
2,select_coverage,1.0,majority,0.9992163009404388,0.9992016506090042,0.9990594276184712,0.9987249943289946,2,0.9498432601880876,0.9527025146097602,0.945461997645872,0.9202512094577652,32,63
2,select_coverage,1.0,cmar,0.9992163009404388,0.9992016506090042,0.9990594276184712,0.9987249943289946,2,0.9467084639498432,0.9529144611572206,0.942615604646304,0.9162000715442652,34,63
2,select_coverage,1.0,top_k_avg,0.9992163009404388,0.9992016506090042,0.9990594276184712,0.9987249943289946,2,0.945141065830721,0.947683367295395,0.9394131211266864,0.913233843733812,35,63
2,select_coverage,1.0,list,0.9992163009404388,0.9992016506090042,0.9990594276184712,0.9987249943289946,2,0.938871473354232,0.94468296339487,0.9334974533500788,0.9042280476409204,39,63
2,select_coverage,2.0,majority,0.9992163009404388,0.9992016506090042,0.9990594276184712,0.9987249943289946,2,0.957680250783699,0.959953490702696,0.953309829442306,0.932685372532722,27,63
2,select_coverage,2.0,cmar,0.9992163009404388,0.9992016506090042,0.9990594276184712,0.9987249943289946,2,0.9561128526645768,0.9623584197062964,0.9529786698447535,0.9308419239729177,28,63
2,select_coverage,2.0,top_k_avg,0.9992163009404388,0.9992016506090042,0.9990594276184712,0.9987249943289946,2,0.9435736677115988,0.947644520972965,0.9379547777932128,0.9110081035293244,36,63
2,select_coverage,2.0,list,0.9992163009404388,0.9992016506090042,0.9990594276184712,0.9987249943289946,2,0.9404388714733544,0.94677939945357,0.9350638485919784,0.906754681844134,38,63
2,select_coverage,3.0,majority,0.9992163009404388,0.9992016506090042,0.9990594276184712,0.9987249943289946,2,0.974921630094044,0.9767449717421476,0.9722191334278067,0.9600495820088084,16,63
2,select_coverage,3.0,cmar,0.9992163009404388,0.9992016506090042,0.9990594276184712,0.9987249943289946,2,0.963949843260188,0.9707830102635272,0.961964808317851,0.9432967270032544,23,63
2,select_coverage,3.0,top_k_avg,0.9992163009404388,0.9992016506090042,0.9990594276184712,0.9987249943289946,2,0.95141065830721,0.9575323651868116,0.9473696556037972,0.9236467362429364,31,63
2,select_coverage,3.0,list,0.9992163009404388,0.9992016506090042,0.9990594276184712,0.9987249943289946,2,0.945141065830721,0.9533583468219912,0.940846789071088,0.9144615546361592,35,63
2,select_coverage,4.0,majority,0.9992163009404388,0.9992016506090042,0.9990594276184712,0.9987249943289946,2,0.974921630094044,0.9768415181395876,0.9727661810607356,0.9599190073976038,16,63
2,select_coverage,4.0,cmar,0.9992163009404388,0.9992016506090042,0.9990594276184712,0.9987249943289946,2,0.9655172413793104,0.9729759927196676,0.9640499121775128,0.9457772766496896,22,63
2,select_coverage,4.0,top_k_avg,0.9992163009404388,0.9992016506090042,0.9990594276184712,0.9987249943289946,2,0.9467084639498432,0.9544742612112764,0.9428086589616584,0.9166766868099376,34,63
2,select_coverage,4.0,list,0.9992163009404388,0.9992016506090042,0.9990594276184712,0.9987249943289946,2,0.938871473354232,0.949280874854611,0.9348055491957856,0.9053054685743384,39,63
2,select_coverage_CBA_M1,,majority,0.9992163009404388,0.9992016506090042,0.9990594276184712,0.9987249943289946,2,0.9498432601880876,0.9527025146097602,0.945461997645872,0.9202512094577652,32,63
2,select_coverage_CBA_M1,,cmar,0.9992163009404388,0.9992016506090042,0.9990594276184712,0.9987249943289946,2,0.9467084639498432,0.9529144611572206,0.942615604646304,0.9162000715442652,34,63
2,select_coverage_CBA_M1,,top_k_avg,0.9992163009404388,0.9992016506090042,0.9990594276184712,0.9987249943289946,2,0.945141065830721,0.947683367295395,0.9394131211266864,0.913233843733812,35,63
2,select_coverage_CBA_M1,,list,0.9992163009404388,0.9992016506090042,0.9990594276184712,0.9987249943289946,2,0.938871473354232,0.94468296339487,0.9334974533500788,0.9042280476409204,39,63
1,select_coverage,1.0,majority,0.9996081504702194,0.9994562262098966,0.9996026249658074,0.9993616973865712,1,0.9404388714733544,0.9344772853388617,0.9344872410028148,0.9039599725410564,38,64
1,select_coverage,1.0,cmar,0.9996081504702194,0.9994562262098966,0.9996026249658074,0.9993616973865712,1,0.9294670846394985,0.927256965166316,0.923400526249527,0.8870761856713831,45,64
1,select_coverage,1.0,top_k_avg,0.9996081504702194,0.9994562262098966,0.9996026249658074,0.9993616973865712,1,0.9294670846394985,0.9261320685575484,0.9232541683295552,0.8868706220117889,45,64
1,select_coverage,1.0,list,0.9996081504702194,0.9994562262098966,0.9996026249658074,0.9993616973865712,1,0.9341692789968652,0.9292089916344716,0.9277652808254144,0.8941243011986351,42,64
1,select_coverage,2.0,majority,0.9996081504702194,0.9994562262098966,0.9996026249658074,0.9993616973865712,1,0.945141065830721,0.9398040016333198,0.9378544400216228,0.9118573067074384,35,64
1,select_coverage,2.0,cmar,0.9996081504702194,0.9994562262098966,0.9996026249658074,0.9993616973865712,1,0.9373040752351096,0.9378871543591836,0.930599063665099,0.9005582139608297,40,64
1,select_coverage,2.0,top_k_avg,0.9996081504702194,0.9994562262098966,0.9996026249658074,0.9993616973865712,1,0.9294670846394985,0.9327181162379202,0.9230742179382664,0.888949246071628,45,64
1,select_coverage,2.0,list,0.9996081504702194,0.9994562262098966,0.9996026249658074,0.9993616973865712,1,0.9373040752351096,0.936762257750416,0.9308972882356158,0.9001413999850849,40,64
1,select_coverage,3.0,majority,0.9996081504702194,0.9994562262098966,0.9996026249658074,0.9993616973865712,1,0.9529780564263324,0.9504341908261876,0.9474334887035476,0.9246013415109045,30,64
1,select_coverage,3.0,cmar,0.9996081504702194,0.9994562262098966,0.9996026249658074,0.9993616973865712,1,0.9404388714733544,0.9443563568594192,0.9354341724893732,0.9060253076615152,38,64
1,select_coverage,3.0,top_k_avg,0.9996081504702194,0.9994562262098966,0.9996026249658074,0.9993616973865712,1,0.9247648902821316,0.9328933840081248,0.9198409426193858,0.8831081771673438,48,64
1,select_coverage,3.0,list,0.9996081504702194,0.9994562262098966,0.9996026249658074,0.9993616973865712,1,0.938871473354232,0.9410809226162432,0.9331969389637036,0.9032461454211312,39,64
1,select_coverage,4.0,majority,0.9996081504702194,0.999749373433584,0.9996029742804776,0.999361926244533,1,0.9498432601880876,0.9484645747610224,0.9435599392069208,0.92013185586386,32,64
1,select_coverage,4.0,cmar,0.9996081504702194,0.999749373433584,0.9996029742804776,0.999361926244533,1,0.938871473354232,0.9433715488268368,0.9330824600253972,0.9040334569829436,39,64
1,select_coverage,4.0,top_k_avg,0.9996081504702194,0.999749373433584,0.9996029742804776,0.999361926244533,1,0.9231974921630094,0.9318677429824836,0.9174781223228368,0.8812838590555387,49,64
1,select_coverage,4.0,list,0.9996081504702194,0.999749373433584,0.9996029742804776,0.999361926244533,1,0.932601880877743,0.9358534619049116,0.925688950814206,0.8940858002758302,43,64
1,select_coverage_CBA_M1,,majority,0.9996081504702194,0.999749373433584,0.9996029742804776,0.999361926244533,1,0.9357366771159876,0.9336501554794736,0.9275360883409944,0.8978560741447877,41,64
1,select_coverage_CBA_M1,,cmar,0.9996081504702194,0.999749373433584,0.9996029742804776,0.999361926244533,1,0.9247648902821316,0.926429835306928,0.9166133798056744,0.881615752069591,48,64
1,select_coverage_CBA_M1,,top_k_avg,0.9996081504702194,0.999749373433584,0.9996029742804776,0.999361926244533,1,0.9247648902821316,0.9253049386981604,0.9164226262333458,0.8812189494490612,48,64
1,select_coverage_CBA_M1,,list,0.9996081504702194,0.999749373433584,0.9996029742804776,0.999361926244533,1,0.9294670846394985,0.9283818617750836,0.920896514899876,0.8882139021259164,45,64
2,select_coverage,1.0,majority,0.9996081504702194,0.9994562262098966,0.9996026249658074,0.9993616973865712,1,0.9373040752351096,0.9324260032875796,0.9314758829600924,0.8990606942044388,40,64
2,select_coverage,1.0,cmar,0.9996081504702194,0.9994562262098966,0.9996026249658074,0.9993616973865712,1,0.9294670846394985,0.927256965166316,0.923400526249527,0.8870761856713831,45,64
2,select_coverage,1.0,top_k_avg,0.9996081504702194,0.9994562262098966,0.9996026249658074,0.9993616973865712,1,0.9294670846394985,0.9261320685575484,0.9232541683295552,0.8868706220117889,45,64
2,select_coverage,1.0,list,0.9996081504702194,0.9994562262098966,0.9996026249658074,0.9993616973865712,1,0.927899686520376,0.9261904911476164,0.9218857042248016,0.8847555335229673,46,64
2,select_coverage,2.0,majority,0.9996081504702194,0.9994562262098966,0.9996026249658074,0.9993616973865712,1,0.9435736677115988,0.9387783606076786,0.9363355154641584,0.9094123394602308,36,64
2,select_coverage,2.0,cmar,0.9996081504702194,0.9994562262098966,0.9996026249658074,0.9993616973865712,1,0.9373040752351096,0.9378871543591836,0.930599063665099,0.9005582139608297,40,64
2,select_coverage,2.0,top_k_avg,0.9996081504702194,0.9994562262098966,0.9996026249658074,0.9993616973865712,1,0.9294670846394985,0.9327181162379202,0.9230742179382664,0.888949246071628,45,64
2,select_coverage,2.0,list,0.9996081504702194,0.9994562262098966,0.9996026249658074,0.9993616973865712,1,0.927899686520376,0.9328173718210468,0.9221952714510384,0.886831350932164,46,64
2,select_coverage,3.0,majority,0.9996081504702194,0.9994562262098966,0.9996026249658074,0.9993616973865712,1,0.95141065830721,0.9494085498005465,0.9459069814596678,0.9221665538381842,31,64
2,select_coverage,3.0,cmar,0.9996081504702194,0.9994562262098966,0.9996026249658074,0.9993616973865712,1,0.9404388714733544,0.9443563568594192,0.9354341724893732,0.9060253076615152,38,64
2,select_coverage,3.0,top_k_avg,0.9996081504702194,0.9994562262098966,0.9996026249658074,0.9993616973865712,1,0.9247648902821316,0.9328933840081248,0.9198409426193858,0.8831081771673438,48,64
2,select_coverage,3.0,list,0.9996081504702194,0.9994562262098966,0.9996026249658074,0.9993616973865712,1,0.9231974921630094,0.9319085759755422,0.9184042157003708,0.8807591268238072,49,64
2,select_coverage,4.0,majority,0.9996081504702194,0.999749373433584,0.9996029742804776,0.999361926244533,1,0.9498432601880876,0.9484645747610224,0.9435599392069208,0.92013185586386,32,64
2,select_coverage,4.0,cmar,0.9996081504702194,0.999749373433584,0.9996029742804776,0.999361926244533,1,0.938871473354232,0.9433715488268368,0.9330824600253972,0.9040334569829436,39,64
2,select_coverage,4.0,top_k_avg,0.9996081504702194,0.999749373433584,0.9996029742804776,0.999361926244533,1,0.9231974921630094,0.9318677429824836,0.9174781223228368,0.8812838590555387,49,64
2,select_coverage,4.0,list,0.9996081504702194,0.999749373433584,0.9996029742804776,0.999361926244533,1,0.915360501567398,0.9256554742385692,0.9094824293353704,0.8697732988855578,54,64
2,select_coverage_CBA_M1,,majority,0.9996081504702194,0.9994562262098966,0.9996026249658074,0.9993616973865712,1,0.9294670846394985,0.928422694768142,0.9240281079497148,0.88717306924699,45,64
2,select_coverage_CBA_M1,,cmar,0.9996081504702194,0.9994562262098966,0.9996026249658074,0.9993616973865712,1,0.926332288401254,0.925205683115034,0.9203723783947748,0.8822873113069022,47,64
2,select_coverage_CBA_M1,,top_k_avg,0.9996081504702194,0.9994562262098966,0.9996026249658074,0.9993616973865712,1,0.9341692789968652,0.9292089916344716,0.9277652808254144,0.8941243011986351,42,64
2,select_coverage_CBA_M1,,list,0.9996081504702194,0.9994562262098966,0.9996026249658074,0.9993616973865712,1,0.927899686520376,0.9261904911476164,0.9218857042248016,0.8847555335229673,46,64
1,select_coverage,1.0,majority,1.0,1.0,1.0,1.0,0,0.926332288401254,0.9317887957914333,0.9187853391554364,0.8838874971698254,47,65
1,select_coverage,1.0,cmar,1.0,1.0,1.0,1.0,0,0.9247648902821316,0.9318511570376602,0.9169064267013436,0.8823018641135778,48,65
1,select_coverage,1.0,top_k_avg,1.0,1.0,1.0,1.0,0,0.915360501567398,0.9167632190789288,0.9044364441617256,0.8665223111922515,54,65
1,select_coverage,1.0,list,1.0,1.0,1.0,1.0,0,0.9169278996865204,0.9190620696536412,0.9065726022645793,0.869014076115268,53,65
1,select_coverage,2.0,majority,1.0,1.0,1.0,1.0,0,0.9373040752351096,0.9409496628622004,0.9302207371273004,0.9005753341256386,40,65
1,select_coverage,2.0,cmar,1.0,1.0,1.0,1.0,0,0.9341692789968652,0.9413028425546264,0.9270692473358886,0.8969177457155438,42,65
1,select_coverage,2.0,top_k_avg,1.0,1.0,1.0,1.0,0,0.9200626959247648,0.9216795646926966,0.9090579305516086,0.8740395098842374,51,65
1,select_coverage,2.0,list,1.0,1.0,1.0,1.0,0,0.9247648902821316,0.9275097391063504,0.91549313234492,0.8811083779631089,48,65
1,select_coverage,3.0,majority,1.0,1.0,1.0,1.0,0,0.9435736677115988,0.9475553961401398,0.937564499484004,0.910407628349515,36,65
1,select_coverage,3.0,cmar,1.0,1.0,1.0,1.0,0,0.9404388714733544,0.9502697876535054,0.9354441611977654,0.9072029592565162,38,65
1,select_coverage,3.0,top_k_avg,1.0,1.0,1.0,1.0,0,0.9169278996865204,0.9209663670746384,0.9063041085382092,0.8699661653449606,53,65
1,select_coverage,3.0,list,1.0,1.0,1.0,1.0,0,0.926332288401254,0.9298085896810632,0.9176042379012675,0.8836396017273266,47,65
1,select_coverage,4.0,majority,0.9996081504702194,0.9994499449944996,0.9994574371831234,0.9993633628518358,1,0.9498432601880876,0.9543895866180506,0.9440262073402912,0.920699256292422,32,65
1,select_coverage,4.0,cmar,0.9996081504702194,0.9994499449944996,0.9994574371831234,0.9993633628518358,1,0.9420062695924764,0.9515022609177338,0.937051134389462,0.9096063183939874,37,65
1,select_coverage,4.0,top_k_avg,0.9996081504702194,0.9994499449944996,0.9994574371831234,0.9993633628518358,1,0.915360501567398,0.9199623510103812,0.9053031746051252,0.8674666092526967,54,65
1,select_coverage,4.0,list,0.9996081504702194,0.9994499449944996,0.9994574371831234,0.9993633628518358,1,0.9294670846394985,0.934177833630517,0.921806459925272,0.8886687013339459,45,65
1,select_coverage_CBA_M1,,majority,1.0,1.0,1.0,1.0,0,0.926332288401254,0.9317887957914333,0.9187853391554364,0.8838874971698254,47,65
1,select_coverage_CBA_M1,,cmar,1.0,1.0,1.0,1.0,0,0.9247648902821316,0.9318511570376602,0.9169064267013436,0.8823018641135778,48,65
1,select_coverage_CBA_M1,,top_k_avg,1.0,1.0,1.0,1.0,0,0.915360501567398,0.9167632190789288,0.9044364441617256,0.8665223111922515,54,65
1,select_coverage_CBA_M1,,list,1.0,1.0,1.0,1.0,0,0.9169278996865204,0.9190620696536412,0.9065726022645793,0.869014076115268,53,65
2,select_coverage,1.0,majority,1.0,1.0,1.0,1.0,0,0.927899686520376,0.9338591891661744,0.9203722762795684,0.8866101333928433,46,65
2,select_coverage,1.0,cmar,1.0,1.0,1.0,1.0,0,0.9247648902821316,0.9318511570376602,0.9169064267013436,0.8823018641135778,48,65
2,select_coverage,1.0,top_k_avg,1.0,1.0,1.0,1.0,0,0.915360501567398,0.9167632190789288,0.9044364441617256,0.8665223111922515,54,65
2,select_coverage,1.0,list,1.0,1.0,1.0,1.0,0,0.9184952978056428,0.9224272975388382,0.9083693026743748,0.8722376365069953,52,65
2,select_coverage,2.0,majority,1.0,1.0,1.0,1.0,0,0.9341692789968652,0.9389416307336864,0.9272409563951408,0.895881196403757,42,65
2,select_coverage,2.0,cmar,1.0,1.0,1.0,1.0,0,0.9341692789968652,0.9413028425546264,0.9270692473358886,0.8969177457155438,42,65
2,select_coverage,2.0,top_k_avg,1.0,1.0,1.0,1.0,0,0.9200626959247648,0.9216795646926966,0.9090579305516086,0.8740395098842374,51,65
2,select_coverage,2.0,list,1.0,1.0,1.0,1.0,0,0.9200626959247648,0.9279252800450032,0.9113891720555412,0.8757564478708043,51,65
2,select_coverage,3.0,majority,1.0,1.0,1.0,1.0,0,0.9435736677115988,0.9488502306505956,0.9377393026649504,0.9107528276697489,36,65
2,select_coverage,3.0,cmar,1.0,1.0,1.0,1.0,0,0.9404388714733544,0.9502697876535054,0.9354441611977654,0.9072029592565162,38,65
2,select_coverage,3.0,top_k_avg,1.0,1.0,1.0,1.0,0,0.9169278996865204,0.9209663670746384,0.9063041085382092,0.8699661653449606,53,65
2,select_coverage,3.0,list,1.0,1.0,1.0,1.0,0,0.9184952978056428,0.928216098491202,0.91055344100633,0.8738072436168961,52,65
2,select_coverage,4.0,majority,0.9996081504702194,0.9994499449944996,0.9994574371831234,0.9993633628518358,1,0.9482758620689656,0.9533855705537936,0.9425114384286638,0.9183038692145732,33,65
2,select_coverage,4.0,cmar,0.9996081504702194,0.9994499449944996,0.9994574371831234,0.9993633628518358,1,0.9420062695924764,0.9515022609177338,0.937051134389462,0.9096063183939874,37,65
2,select_coverage,4.0,top_k_avg,0.9996081504702194,0.9994499449944996,0.9994574371831234,0.9993633628518358,1,0.915360501567398,0.9199623510103812,0.9053031746051252,0.8674666092526967,54,65
2,select_coverage,4.0,list,0.9996081504702194,0.9994499449944996,0.9994574371831234,0.9993633628518358,1,0.9184952978056428,0.9305773103121416,0.9117478446850265,0.8743627002746224,52,65
2,select_coverage_CBA_M1,,majority,1.0,1.0,1.0,1.0,0,0.927899686520376,0.9338591891661744,0.9203722762795684,0.8866101333928433,46,65
2,select_coverage_CBA_M1,,cmar,1.0,1.0,1.0,1.0,0,0.9247648902821316,0.9318511570376602,0.9169064267013436,0.8823018641135778,48,65
2,select_coverage_CBA_M1,,top_k_avg,1.0,1.0,1.0,1.0,0,0.915360501567398,0.9167632190789288,0.9044364441617256,0.8665223111922515,54,65
2,select_coverage_CBA_M1,,list,1.0,1.0,1.0,1.0,0,0.9184952978056428,0.9224272975388382,0.9083693026743748,0.8722376365069953,52,65
1,select_coverage,1.0,majority,1.0,1.0,1.0,1.0,0,0.932601880877743,0.928258301657692,0.9237485777561056,0.8930721646859177,43,68
1,select_coverage,1.0,cmar,1.0,1.0,1.0,1.0,0,0.926332288401254,0.9256104160067574,0.917137294581148,0.8844340538925637,47,68
1,select_coverage,1.0,top_k_avg,1.0,1.0,1.0,1.0,0,0.9169278996865204,0.9111696230598668,0.9043599500011864,0.8694400002155617,53,68
1,select_coverage,1.0,list,1.0,1.0,1.0,1.0,0,0.9169278996865204,0.9111696230598668,0.9043599500011864,0.8694400002155617,53,68
1,select_coverage,2.0,majority,1.0,1.0,1.0,1.0,0,0.9373040752351096,0.935610679970436,0.9310180210471464,0.9004659283483472,40,68
1,select_coverage,2.0,cmar,1.0,1.0,1.0,1.0,0,0.9341692789968652,0.9380186886284448,0.9281238645706048,0.8971413299499399,42,68
1,select_coverage,2.0,top_k_avg,1.0,1.0,1.0,1.0,0,0.9247648902821316,0.9248327130186887,0.9163483287879762,0.8821966611769754,48,68
1,select_coverage,2.0,list,1.0,1.0,1.0,1.0,0,0.9247648902821316,0.9248327130186887,0.9163483287879762,0.8821966611769754,48,68
1,select_coverage,3.0,majority,1.0,1.0,1.0,1.0,0,0.945141065830721,0.9447824279379158,0.9403857934102214,0.9128401860940244,35,68
1,select_coverage,3.0,cmar,1.0,1.0,1.0,1.0,0,0.938871473354232,0.9441162496040546,0.9334024029132194,0.9048502379276986,39,68
1,select_coverage,3.0,top_k_avg,1.0,1.0,1.0,1.0,0,0.927899686520376,0.9279069000105584,0.919910629487688,0.8868652451542045,46,68
1,select_coverage,3.0,list,1.0,1.0,1.0,1.0,0,0.9294670846394985,0.9309302739942984,0.921741581945454,0.8896958182277032,45,68
1,select_coverage,4.0,majority,1.0,1.0,1.0,1.0,0,0.9529780564263324,0.9519724685883224,0.9481323541488252,0.9252201044066868,30,68
1,select_coverage,4.0,cmar,1.0,1.0,1.0,1.0,0,0.938871473354232,0.9441162496040546,0.9334024029132194,0.9048502379276986,39,68
1,select_coverage,4.0,top_k_avg,1.0,1.0,1.0,1.0,0,0.9184952978056428,0.9216569000105586,0.9110267151013876,0.8730828484494112,52,68
1,select_coverage,4.0,list,1.0,1.0,1.0,1.0,0,0.9247648902821316,0.9278052739942982,0.917292161217205,0.882819564150587,48,68
1,select_coverage_CBA_M1,,majority,1.0,1.0,1.0,1.0,0,0.932601880877743,0.928258301657692,0.9237485777561056,0.8930721646859177,43,68
1,select_coverage_CBA_M1,,cmar,1.0,1.0,1.0,1.0,0,0.926332288401254,0.9256104160067574,0.917137294581148,0.8844340538925637,47,68
1,select_coverage_CBA_M1,,top_k_avg,1.0,1.0,1.0,1.0,0,0.9169278996865204,0.9111696230598668,0.9043599500011864,0.8694400002155617,53,68
1,select_coverage_CBA_M1,,list,1.0,1.0,1.0,1.0,0,0.9169278996865204,0.9111696230598668,0.9043599500011864,0.8694400002155617,53,68
2,select_coverage,1.0,majority,1.0,1.0,1.0,1.0,0,0.9341692789968652,0.9315456393200297,0.9255558028496204,0.8959711404514216,42,68
2,select_coverage,1.0,cmar,1.0,1.0,1.0,1.0,0,0.926332288401254,0.9256104160067574,0.917137294581148,0.8844340538925637,47,68
2,select_coverage,1.0,top_k_avg,1.0,1.0,1.0,1.0,0,0.9184952978056428,0.9133341252243692,0.9059857490120832,0.8721456593046139,52,68
2,select_coverage,1.0,list,1.0,1.0,1.0,1.0,0,0.9184952978056428,0.9154478143807412,0.9067650971216088,0.8724634569286192,52,68
2,select_coverage,2.0,majority,1.0,1.0,1.0,1.0,0,0.9404388714733544,0.9398077024601416,0.9342627349603058,0.9056927533860012,38,68
2,select_coverage,2.0,cmar,1.0,1.0,1.0,1.0,0,0.9341692789968652,0.9380186886284448,0.9281238645706048,0.8971413299499399,42,68
2,select_coverage,2.0,top_k_avg,1.0,1.0,1.0,1.0,0,0.9247648902821316,0.9248327130186887,0.9163483287879762,0.8821966611769754,48,68
2,select_coverage,2.0,list,1.0,1.0,1.0,1.0,0,0.9231974921630094,0.928018424664766,0.915929158509235,0.8808804825669372,49,68
2,select_coverage,3.0,majority,1.0,1.0,1.0,1.0,0,0.9467084639498432,0.9479377837609544,0.9420677145411446,0.9156846316593578,34,68
2,select_coverage,3.0,cmar,1.0,1.0,1.0,1.0,0,0.938871473354232,0.9441162496040546,0.9334024029132194,0.9048502379276986,39,68
2,select_coverage,3.0,top_k_avg,1.0,1.0,1.0,1.0,0,0.927899686520376,0.9279069000105584,0.919910629487688,0.8868652451542045,46,68
2,select_coverage,3.0,list,1.0,1.0,1.0,1.0,0,0.926332288401254,0.9330743189737092,0.919814168429582,0.8862687828804602,47,68
2,select_coverage,4.0,majority,1.0,1.0,1.0,1.0,0,0.9545454545454546,0.955127824411361,0.9498018063023684,0.9280225873593606,29,68
2,select_coverage,4.0,cmar,1.0,1.0,1.0,1.0,0,0.938871473354232,0.9441162496040546,0.9334024029132194,0.9048502379276986,39,68
2,select_coverage,4.0,top_k_avg,1.0,1.0,1.0,1.0,0,0.9184952978056428,0.9216569000105586,0.9110267151013876,0.8730828484494112,52,68
2,select_coverage,4.0,list,1.0,1.0,1.0,1.0,0,0.9169278996865204,0.9268243189737092,0.9109056126111152,0.8729206055579241,53,68
2,select_coverage_CBA_M1,,majority,1.0,1.0,1.0,1.0,0,0.9341692789968652,0.9315456393200297,0.9255558028496204,0.8959711404514216,42,68
2,select_coverage_CBA_M1,,cmar,1.0,1.0,1.0,1.0,0,0.926332288401254,0.9256104160067574,0.917137294581148,0.8844340538925637,47,68
2,select_coverage_CBA_M1,,top_k_avg,1.0,1.0,1.0,1.0,0,0.9184952978056428,0.9133341252243692,0.9059857490120832,0.8721456593046139,52,68
2,select_coverage_CBA_M1,,list,1.0,1.0,1.0,1.0,0,0.9184952978056428,0.9154478143807412,0.9067650971216088,0.8724634569286192,52,68
1,select_coverage,1.0,majority,0.9992163009404388,0.9989088896032,0.999203559722082,0.9987234486475473,2,0.95141065830721,0.95169917601114,0.9471706867957238,0.9223536744910488,31,74
1,select_coverage,1.0,cmar,0.9992163009404388,0.9989088896032,0.999203559722082,0.9987234486475473,2,0.9435736677115988,0.947655034498644,0.9396586589015612,0.9107055424629896,36,74
1,select_coverage,1.0,top_k_avg,0.9992163009404388,0.9989088896032,0.999203559722082,0.9987234486475473,2,0.938871473354232,0.9391577933431752,0.933564362280706,0.9025692784389412,39,74
1,select_coverage,1.0,list,0.9992163009404388,0.9989088896032,0.999203559722082,0.9987234486475473,2,0.9467084639498432,0.9475790223115662,0.9419675632620184,0.9150672357706542,34,74
1,select_coverage,2.0,majority,0.9992163009404388,0.9992047111242156,0.9990565320223932,0.9987240895914848,2,0.9467084639498432,0.949706316549926,0.9424469149725332,0.9156315462182096,34,74
1,select_coverage,2.0,cmar,0.9992163009404388,0.9992047111242156,0.9990565320223932,0.9987240895914848,2,0.9310344827586208,0.9405339699092252,0.9273937068274778,0.8928327689613456,44,74
1,select_coverage,2.0,top_k_avg,0.9992163009404388,0.9992047111242156,0.9990565320223932,0.9987240895914848,2,0.9247648902821316,0.9332608809456504,0.9195027565159756,0.8831735412291629,48,74
1,select_coverage,2.0,list,0.9992163009404388,0.9992047111242156,0.9990565320223932,0.9987240895914848,2,0.9357366771159876,0.940399535132079,0.9300624915970184,0.8990499129606317,41,74
1,select_coverage,3.0,majority,0.9992163009404388,0.9992047111242156,0.9990565320223932,0.9987240895914848,2,0.9561128526645768,0.9558601627037724,0.9513708367674694,0.9298990668926622,28,74
1,select_coverage,3.0,cmar,0.9992163009404388,0.9992047111242156,0.9990565320223932,0.9987240895914848,2,0.9341692789968652,0.9436693155762162,0.930459805769241,0.8978099837996317,42,74
1,select_coverage,3.0,top_k_avg,0.9992163009404388,0.9992047111242156,0.9990565320223932,0.9987240895914848,2,0.9247648902821316,0.9310927537142318,0.9184549382125926,0.8830233137643897,48,74
1,select_coverage,3.0,list,0.9992163009404388,0.9992047111242156,0.9990565320223932,0.9987240895914848,2,0.9357366771159876,0.9382314079006608,0.9288490281363604,0.8988395173584075,41,74
1,select_coverage,4.0,majority,0.9992163009404388,0.9992029253461522,0.999057417617145,0.9987240874081822,2,0.963949843260188,0.9664903518966402,0.9625773639601786,0.9424571287057631,23,74
1,select_coverage,4.0,cmar,0.9992163009404388,0.9992029253461522,0.999057417617145,0.9987240874081822,2,0.9404388714733544,0.9511465695050833,0.9375897174562084,0.9077053956173736,38,74
1,select_coverage,4.0,top_k_avg,0.9992163009404388,0.9992029253461522,0.999057417617145,0.9987240874081822,2,0.9231974921630094,0.9302304446608244,0.916782343748636,0.8813922282465757,49,74
1,select_coverage,4.0,list,0.9992163009404388,0.9992029253461522,0.999057417617145,0.9987240874081822,2,0.9341692789968652,0.9384531624629624,0.9273087464170264,0.8972463122502544,42,74
1,select_coverage_CBA_M1,,majority,0.9992163009404388,0.9992047111242156,0.9990565320223932,0.9987240895914848,2,0.945141065830721,0.9497647391399944,0.9410189535441492,0.9135964340431012,35,74
1,select_coverage_CBA_M1,,cmar,0.9992163009404388,0.9992047111242156,0.9990565320223932,0.9987240895914848,2,0.9373040752351096,0.9457205976274984,0.9335475774004044,0.9024041937585232,40,74
1,select_coverage_CBA_M1,,top_k_avg,0.9992163009404388,0.9992047111242156,0.9990565320223932,0.9987240895914848,2,0.9341692789968652,0.9393330611133796,0.9290547326873556,0.8965444011339453,42,74
1,select_coverage_CBA_M1,,list,0.9992163009404388,0.9992047111242156,0.9990565320223932,0.9987240895914848,2,0.9404388714733544,0.9456445854404206,0.9358294557788346,0.9063627128260602,38,74
2,select_coverage,1.0,majority,0.9992163009404388,0.9989088896032,0.999203559722082,0.9987234486475473,2,0.95141065830721,0.95169917601114,0.9471706867957238,0.9223536744910488,31,74
2,select_coverage,1.0,cmar,0.9992163009404388,0.9989088896032,0.999203559722082,0.9987234486475473,2,0.9435736677115988,0.947655034498644,0.9396586589015612,0.9107055424629896,36,74
2,select_coverage,1.0,top_k_avg,0.9992163009404388,0.9989088896032,0.999203559722082,0.9987234486475473,2,0.938871473354232,0.9391577933431752,0.933564362280706,0.9025692784389412,39,74
2,select_coverage,1.0,list,0.9992163009404388,0.9989088896032,0.999203559722082,0.9987234486475473,2,0.9420062695924764,0.9445020992346432,0.937394792021173,0.9079701069697356,37,74
2,select_coverage,2.0,majority,0.9992163009404388,0.9992047111242156,0.9990565320223932,0.9987240895914848,2,0.9435736677115988,0.947655034498644,0.9394148869649024,0.9109220478706658,36,74
2,select_coverage,2.0,cmar,0.9992163009404388,0.9992047111242156,0.9990565320223932,0.9987240895914848,2,0.9310344827586208,0.9405339699092252,0.9273937068274778,0.8928327689613456,44,74
2,select_coverage,2.0,top_k_avg,0.9992163009404388,0.9992047111242156,0.9990565320223932,0.9987240895914848,2,0.9247648902821316,0.9332608809456504,0.9195027565159756,0.8831735412291629,48,74
2,select_coverage,2.0,list,0.9992163009404388,0.9992047111242156,0.9990565320223932,0.9987240895914848,2,0.9216300940438872,0.9311687659013098,0.9165487831900532,0.8786000322148161,50,74
2,select_coverage,3.0,majority,0.9992163009404388,0.9992047111242156,0.9990565320223932,0.9987240895914848,2,0.9561128526645768,0.9569442263194816,0.9514804944789896,0.9301224609389472,28,74
2,select_coverage,3.0,cmar,0.9992163009404388,0.9992047111242156,0.9990565320223932,0.9987240895914848,2,0.9341692789968652,0.9436693155762162,0.930459805769241,0.8978099837996317,42,74
2,select_coverage,3.0,top_k_avg,0.9992163009404388,0.9992047111242156,0.9990565320223932,0.9987240895914848,2,0.9247648902821316,0.9310927537142318,0.9184549382125926,0.8830233137643897,48,74
2,select_coverage,3.0,list,0.9992163009404388,0.9992047111242156,0.9990565320223932,0.9987240895914848,2,0.9231974921630094,0.9311103433112417,0.9171241635009753,0.8810446234316864,49,74
2,select_coverage,4.0,majority,0.9992163009404388,0.9992029253461522,0.999057417617145,0.9987240874081822,2,0.9655172413793104,0.9686000565379904,0.964163456247782,0.9450781628044932,22,74
2,select_coverage,4.0,cmar,0.9992163009404388,0.9992029253461522,0.999057417617145,0.9987240874081822,2,0.9404388714733544,0.9511465695050833,0.9375897174562084,0.9077053956173736,38,74
2,select_coverage,4.0,top_k_avg,0.9992163009404388,0.9992029253461522,0.999057417617145,0.9987240874081822,2,0.9231974921630094,0.9302304446608244,0.916782343748636,0.8813922282465757,49,74
2,select_coverage,4.0,list,0.9992163009404388,0.9992029253461522,0.999057417617145,0.9987240874081822,2,0.9216300940438872,0.9313320978735432,0.9156669983130334,0.8797127803847498,50,74
2,select_coverage_CBA_M1,,majority,0.9992163009404388,0.9989088896032,0.999203559722082,0.9987234486475473,2,0.9420062695924764,0.945545329857294,0.9380127486984858,0.9080533970782452,37,74
2,select_coverage_CBA_M1,,cmar,0.9992163009404388,0.9989088896032,0.999203559722082,0.9987234486475473,2,0.9404388714733544,0.945603752447362,0.9366279875272068,0.9060159926732064,38,74
2,select_coverage_CBA_M1,,top_k_avg,0.9992163009404388,0.9989088896032,0.999203559722082,0.9987234486475473,2,0.9420062695924764,0.9412090753944572,0.936603910598104,0.9073229416300655,37,74
2,select_coverage_CBA_M1,,list,0.9992163009404388,0.9989088896032,0.999203559722082,0.9987234486475473,2,0.9420062695924764,0.9445020992346432,0.937394792021173,0.9079701069697356,37,74
1,select_coverage,1.0,majority,1.0,1.0,1.0,1.0,0,0.938871473354232,0.9299962333579612,0.9311767345430896,0.8981303763079149,39,76
1,select_coverage,1.0,cmar,1.0,1.0,1.0,1.0,0,0.926332288401254,0.9208715430193982,0.917541521536311,0.87812226895443,47,76
1,select_coverage,1.0,top_k_avg,1.0,1.0,1.0,1.0,0,0.927899686520376,0.919939661291958,0.9178434598882512,0.8804531831814008,46,76
1,select_coverage,1.0,list,1.0,1.0,1.0,1.0,0,0.926332288401254,0.9175587089110055,0.9156131484869556,0.8777971483948589,47,76
1,select_coverage,2.0,majority,1.0,1.0,1.0,1.0,0,0.9482758620689656,0.945801280658293,0.9416289530036228,0.9147591738956374,33,76
1,select_coverage,2.0,cmar,1.0,1.0,1.0,1.0,0,0.9357366771159876,0.9384700914135048,0.9286537184854206,0.895390301885277,41,76
1,select_coverage,2.0,top_k_avg,1.0,1.0,1.0,1.0,0,0.927899686520376,0.928734770452142,0.9179764715655758,0.8827942154957322,46,76
1,select_coverage,2.0,list,1.0,1.0,1.0,1.0,0,0.9310344827586208,0.9294319614064062,0.9210023421802488,0.8871707830806272,44,76
1,select_coverage,3.0,majority,1.0,1.0,1.0,1.0,0,0.9420062695924764,0.9393005635475972,0.934510349918552,0.9045028019628056,37,76
1,select_coverage,3.0,cmar,1.0,1.0,1.0,1.0,0,0.9294670846394985,0.9344285569414869,0.9224497369795244,0.8859086061721023,45,76
1,select_coverage,3.0,top_k_avg,1.0,1.0,1.0,1.0,0,0.9184952978056428,0.920495240992655,0.9078887022300742,0.8681737151347956,52,76
1,select_coverage,3.0,list,1.0,1.0,1.0,1.0,0,0.927899686520376,0.9262755878134644,0.9171655984772724,0.8822397386565423,46,76
1,select_coverage,4.0,majority,1.0,1.0,1.0,1.0,0,0.9467084639498432,0.9434203282773408,0.940403945065522,0.9119383534029316,34,76
1,select_coverage,4.0,cmar,1.0,1.0,1.0,1.0,0,0.927899686520376,0.9334651658046852,0.9213359407989804,0.8833327372522223,46,76
1,select_coverage,4.0,top_k_avg,1.0,1.0,1.0,1.0,0,0.915360501567398,0.9199860199632028,0.90550414558495,0.8639158080831272,54,76
1,select_coverage,4.0,list,1.0,1.0,1.0,1.0,0,0.927899686520376,0.9262755878134644,0.9171655984772724,0.8822397386565423,46,76
1,select_coverage_CBA_M1,,majority,1.0,1.0,1.0,1.0,0,0.9341692789968652,0.932024425224912,0.9265409191693946,0.8919122433267132,42,76
1,select_coverage_CBA_M1,,cmar,1.0,1.0,1.0,1.0,0,0.9216300940438872,0.9228997348863488,0.9130940823888444,0.872774311759411,50,76
1,select_coverage_CBA_M1,,top_k_avg,1.0,1.0,1.0,1.0,0,0.9231974921630094,0.9219678531589088,0.9133598810259485,0.8744093831882456,49,76
1,select_coverage_CBA_M1,,list,1.0,1.0,1.0,1.0,0,0.9216300940438872,0.9195869007779564,0.9111821906522344,0.871824332775207,50,76
2,select_coverage,1.0,majority,1.0,1.0,1.0,1.0,0,0.9357366771159876,0.9266518898402074,0.9273011463164264,0.892982395966128,41,76
2,select_coverage,1.0,cmar,1.0,1.0,1.0,1.0,0,0.926332288401254,0.9208715430193982,0.917541521536311,0.87812226895443,47,76
2,select_coverage,1.0,top_k_avg,1.0,1.0,1.0,1.0,0,0.926332288401254,0.9175587089110055,0.9156131484869556,0.8777971483948589,47,76
2,select_coverage,1.0,list,1.0,1.0,1.0,1.0,0,0.9216300940438872,0.9144805655757892,0.9111712313320685,0.8702660885300504,50,76
2,select_coverage,2.0,majority,1.0,1.0,1.0,1.0,0,0.945141065830721,0.9424569371405392,0.9377643015842247,0.9097158205039776,35,76
2,select_coverage,2.0,cmar,1.0,1.0,1.0,1.0,0,0.9357366771159876,0.9384700914135048,0.9286537184854206,0.895390301885277,41,76
2,select_coverage,2.0,top_k_avg,1.0,1.0,1.0,1.0,0,0.927899686520376,0.928734770452142,0.9179764715655758,0.8827942154957322,46,76
2,select_coverage,2.0,list,1.0,1.0,1.0,1.0,0,0.9247648902821316,0.9278496095730656,0.9152942536540012,0.8784199691301654,48,76
2,select_coverage,3.0,majority,1.0,1.0,1.0,1.0,0,0.9420062695924764,0.9393005635475972,0.934510349918552,0.9045028019628056,37,76
2,select_coverage,3.0,cmar,1.0,1.0,1.0,1.0,0,0.9294670846394985,0.9344285569414869,0.9224497369795244,0.8859086061721023,45,76
2,select_coverage,3.0,top_k_avg,1.0,1.0,1.0,1.0,0,0.9184952978056428,0.920495240992655,0.9078887022300742,0.8681737151347956,52,76
2,select_coverage,3.0,list,1.0,1.0,1.0,1.0,0,0.9169278996865204,0.9218030625697192,0.9068574944371124,0.8666128663749108,53,76
2,select_coverage,4.0,majority,1.0,1.0,1.0,1.0,0,0.9467084639498432,0.9434203282773408,0.940403945065522,0.9119383534029316,34,76
2,select_coverage,4.0,cmar,1.0,1.0,1.0,1.0,0,0.927899686520376,0.9334651658046852,0.9213359407989804,0.8833327372522223,46,76
2,select_coverage,4.0,top_k_avg,1.0,1.0,1.0,1.0,0,0.915360501567398,0.9199860199632028,0.90550414558495,0.8639158080831272,54,76
2,select_coverage,4.0,list,1.0,1.0,1.0,1.0,0,0.9075235109717869,0.9160227157489098,0.8977029756799446,0.8530386624407578,59,76
2,select_coverage_CBA_M1,,majority,1.0,1.0,1.0,1.0,0,0.932601880877743,0.9247251075666044,0.9242059443881464,0.8879451490321635,43,76
2,select_coverage_CBA_M1,,cmar,1.0,1.0,1.0,1.0,0,0.926332288401254,0.9208715430193982,0.917541521536311,0.87812226895443,47,76
2,select_coverage_CBA_M1,,top_k_avg,1.0,1.0,1.0,1.0,0,0.926332288401254,0.9175587089110055,0.9156131484869556,0.8777971483948589,47,76
2,select_coverage_CBA_M1,,list,1.0,1.0,1.0,1.0,0,0.9216300940438872,0.9144805655757892,0.9111712313320685,0.8702660885300504,50,76
1,select_coverage,1.0,majority,0.9992163009404388,0.9989050701186624,0.999202397124478,0.9987215467352574,2,0.945141065830721,0.9415100018032472,0.9421194861656114,0.9119324266559128,35,100
1,select_coverage,1.0,cmar,0.9992163009404388,0.9989050701186624,0.999202397124478,0.9987215467352574,2,0.9310344827586208,0.9305279783112904,0.92662881341393,0.890066020099838,44,100
1,select_coverage,1.0,top_k_avg,0.9992163009404388,0.9989050701186624,0.999202397124478,0.9987215467352574,2,0.9200626959247648,0.9166086518551682,0.9135709438508968,0.8724089420072576,51,100
1,select_coverage,1.0,list,0.9992163009404388,0.9989050701186624,0.999202397124478,0.9987215467352574,2,0.9373040752351096,0.9325402777000515,0.9321048941460144,0.8994394128663866,40,100
1,select_coverage,2.0,majority,0.9992163009404388,0.9989050701186624,0.999202397124478,0.9987215467352574,2,0.95141065830721,0.9523140634618612,0.9482069856731224,0.9227488454696796,31,100
1,select_coverage,2.0,cmar,0.9992163009404388,0.9989050701186624,0.999202397124478,0.9987215467352574,2,0.9420062695924764,0.946814906013518,0.9390851049448582,0.9085430307826592,37,100
1,select_coverage,2.0,top_k_avg,0.9992163009404388,0.9989050701186624,0.999202397124478,0.9987215467352574,2,0.9184952978056428,0.9203581621803122,0.9106793972069114,0.8723427814005359,52,100
1,select_coverage,2.0,list,0.9992163009404388,0.9989050701186624,0.999202397124478,0.9987215467352574,2,0.9357366771159876,0.9357846301167136,0.9300239346649078,0.8980595437791016,41,100
1,select_coverage,3.0,majority,0.9992163009404388,0.9989050701186624,0.999202397124478,0.9987215467352574,2,0.9561128526645768,0.9561607004060416,0.9532784413648026,0.929955986765774,28,100
1,select_coverage,3.0,cmar,0.9992163009404388,0.9989050701186624,0.999202397124478,0.9987215467352574,2,0.9420062695924764,0.946588691775328,0.9390305537457604,0.9084805367298404,37,100
1,select_coverage,3.0,top_k_avg,0.9992163009404388,0.9989050701186624,0.999202397124478,0.9987215467352574,2,0.9247648902821316,0.9252432207236616,0.9167070034635628,0.8820648865636705,48,100
1,select_coverage,3.0,list,0.9992163009404388,0.9989050701186624,0.999202397124478,0.9987215467352574,2,0.9357366771159876,0.9355584158785234,0.9299501016053104,0.8980451162733945,41,100
1,select_coverage,4.0,majority,0.9992163009404388,0.9991945693819756,0.9990585032089596,0.9987221835971728,2,0.9592476489028212,0.9603789306122956,0.9564828454592236,0.9351239220084036,26,100
1,select_coverage,4.0,cmar,0.9992163009404388,0.9991945693819756,0.9990585032089596,0.9987221835971728,2,0.95141065830721,0.9571019953861748,0.9494634341248306,0.9234190609425732,31,100
1,select_coverage,4.0,top_k_avg,0.9992163009404388,0.9991945693819756,0.9990585032089596,0.9987221835971728,2,0.9247648902821316,0.925974592870334,0.9164914299646096,0.882942679009104,48,100
1,select_coverage,4.0,list,0.9992163009404388,0.9991945693819756,0.9990585032089596,0.9987221835971728,2,0.938871473354232,0.9395504318465872,0.932721956406167,0.9034737514162824,39,100
1,select_coverage_CBA_M1,,majority,0.9992163009404388,0.9991945693819756,0.9990585032089596,0.9987221835971728,2,0.9482758620689656,0.9495058481168503,0.944230358359991,0.9180707151422084,33,100
1,select_coverage_CBA_M1,,cmar,0.9992163009404388,0.9991945693819756,0.9990585032089596,0.9987221835971728,2,0.9341692789968652,0.9385238246248936,0.9290182678148308,0.8968087629561546,42,100
1,select_coverage_CBA_M1,,top_k_avg,0.9992163009404388,0.9991945693819756,0.9990585032089596,0.9987221835971728,2,0.9231974921630094,0.9246044981687715,0.916101055806938,0.8790765458295812,49,100
1,select_coverage_CBA_M1,,list,0.9992163009404388,0.9991945693819756,0.9990585032089596,0.9987221835971728,2,0.9404388714733544,0.9405361240136548,0.9344189073516712,0.9056630946511148,38,100
2,select_coverage,1.0,majority,0.9992163009404388,0.9989050701186624,0.999202397124478,0.9987215467352574,2,0.9435736677115988,0.9402453659658876,0.9400607940209188,0.9094636640863416,36,100
2,select_coverage,1.0,cmar,0.9992163009404388,0.9989050701186624,0.999202397124478,0.9987215467352574,2,0.9310344827586208,0.9305279783112904,0.92662881341393,0.890066020099838,44,100
2,select_coverage,1.0,top_k_avg,0.9992163009404388,0.9989050701186624,0.999202397124478,0.9987215467352574,2,0.9184952978056428,0.914386429632946,0.91144675097431,0.8699151699496903,52,100
2,select_coverage,1.0,list,0.9992163009404388,0.9989050701186624,0.999202397124478,0.9987215467352574,2,0.9247648902821316,0.9228228900454544,0.918803010907728,0.8801655105292745,48,100
2,select_coverage,2.0,majority,0.9992163009404388,0.9989050701186624,0.999202397124478,0.9987215467352574,2,0.9498432601880876,0.951275641862692,0.946702301301887,0.920310017259917,32,100
2,select_coverage,2.0,cmar,0.9992163009404388,0.9989050701186624,0.999202397124478,0.9987215467352574,2,0.9420062695924764,0.946814906013518,0.9390851049448582,0.9085430307826592,37,100
2,select_coverage,2.0,top_k_avg,0.9992163009404388,0.9989050701186624,0.999202397124478,0.9987215467352574,2,0.9184952978056428,0.9203581621803122,0.9106793972069114,0.8723427814005359,52,100
2,select_coverage,2.0,list,0.9992163009404388,0.9989050701186624,0.999202397124478,0.9987215467352574,2,0.9216300940438872,0.9248026066247568,0.9147948617588164,0.8772692225405974,50,100
2,select_coverage,3.0,majority,0.9992163009404388,0.9989050701186624,0.999202397124478,0.9987215467352574,2,0.9561128526645768,0.9561607004060416,0.9532784413648026,0.929955986765774,28,100
2,select_coverage,3.0,cmar,0.9992163009404388,0.9989050701186624,0.999202397124478,0.9987215467352574,2,0.9420062695924764,0.946588691775328,0.9390305537457604,0.9084805367298404,37,100
2,select_coverage,3.0,top_k_avg,0.9992163009404388,0.9989050701186624,0.999202397124478,0.9987215467352574,2,0.9247648902821316,0.9252432207236616,0.9167070034635628,0.8820648865636705,48,100
2,select_coverage,3.0,list,0.9992163009404388,0.9989050701186624,0.999202397124478,0.9987215467352574,2,0.9231974921630094,0.9267986146087888,0.9164033917610952,0.8799659926193093,49,100
2,select_coverage,4.0,majority,0.9992163009404388,0.9991945693819756,0.9990585032089596,0.9987221835971728,2,0.9592476489028212,0.9603789306122956,0.9564828454592236,0.9351239220084036,26,100
2,select_coverage,4.0,cmar,0.9992163009404388,0.9991945693819756,0.9990585032089596,0.9987221835971728,2,0.95141065830721,0.9571019953861748,0.9494634341248306,0.9234190609425732,31,100
2,select_coverage,4.0,top_k_avg,0.9992163009404388,0.9991945693819756,0.9990585032089596,0.9987221835971728,2,0.9247648902821316,0.925974592870334,0.9164914299646096,0.882942679009104,48,100
2,select_coverage,4.0,list,0.9992163009404388,0.9991945693819756,0.9990585032089596,0.9987221835971728,2,0.9231974921630094,0.928713787378514,0.916309583887691,0.8811211687097208,49,100
2,select_coverage_CBA_M1,,majority,0.9992163009404388,0.9989050701186624,0.999202397124478,0.9987215467352574,2,0.9341692789968652,0.9349724227557346,0.9308610719049356,0.8951148646874845,42,100
2,select_coverage_CBA_M1,,cmar,0.9992163009404388,0.9989050701186624,0.999202397124478,0.9987215467352574,2,0.9294670846394985,0.929489556712121,0.9251534329604888,0.8876751210367582,45,100
2,select_coverage_CBA_M1,,top_k_avg,0.9992163009404388,0.9989050701186624,0.999202397124478,0.9987215467352574,2,0.927899686520376,0.9206169592279616,0.9204335332180446,0.884373183385672,46,100
2,select_coverage_CBA_M1,,list,0.9992163009404388,0.9989050701186624,0.999202397124478,0.9987215467352574,2,0.9247648902821316,0.9228228900454544,0.918803010907728,0.8801655105292745,48,100
1,select_coverage,1.0,majority,0.9992163009404388,0.9989168118543548,0.9992058223423128,0.9987275251851692,2,0.9529780564263324,0.9445291675830596,0.9442733178865113,0.923408322200404,30,114
1,select_coverage,1.0,cmar,0.9992163009404388,0.9989168118543548,0.9992058223423128,0.9987275251851692,2,0.9404388714733544,0.9376838837916682,0.9321162506055316,0.9039887828877876,38,114
1,select_coverage,1.0,top_k_avg,0.9992163009404388,0.9989168118543548,0.9992058223423128,0.9987275251851692,2,0.9357366771159876,0.9297883788901754,0.9268827297663924,0.8958153839703785,41,114
1,select_coverage,1.0,list,0.9992163009404388,0.9989168118543548,0.9992058223423128,0.9987275251851692,2,0.9420062695924764,0.9361733912632116,0.9331165178674248,0.905921144461003,37,114
1,select_coverage,2.0,majority,0.9992163009404388,0.9992100315010622,0.999060088705673,0.9987281547891698,2,0.9467084639498432,0.940421651499496,0.9382223142315416,0.9136625179258796,34,114
1,select_coverage,2.0,cmar,0.9992163009404388,0.9992100315010622,0.999060088705673,0.9987281547891698,2,0.9341692789968652,0.9373391124888132,0.926676085079418,0.8955407488955777,42,114
1,select_coverage,2.0,top_k_avg,0.9992163009404388,0.9992100315010622,0.999060088705673,0.9987281547891698,2,0.926332288401254,0.9259623511120516,0.9165952869473116,0.8828452728657065,47,114
1,select_coverage,2.0,list,0.9992163009404388,0.9992100315010622,0.999060088705673,0.9987281547891698,2,0.927899686520376,0.9246828588145952,0.9177848524541048,0.8843104857080597,46,114
1,select_coverage,3.0,majority,0.9992163009404388,0.9992100315010622,0.999060088705673,0.9987281547891698,2,0.9529780564263324,0.9469221639880324,0.9446236815129688,0.9237514530943924,30,114
1,select_coverage,3.0,cmar,0.9992163009404388,0.9992100315010622,0.999060088705673,0.9987281547891698,2,0.938871473354232,0.9403331244648612,0.930636634246642,0.9027035325480136,39,114
1,select_coverage,3.0,top_k_avg,0.9992163009404388,0.9992100315010622,0.999060088705673,0.9987281547891698,2,0.9231974921630094,0.925105091272756,0.9140523963589724,0.8783494383531752,49,114
1,select_coverage,3.0,list,0.9992163009404388,0.9992100315010622,0.999060088705673,0.9987281547891698,2,0.927899686520376,0.9258216069593316,0.9177589309879424,0.8845842153572014,46,114
1,select_coverage,4.0,majority,0.9992163009404388,0.9992100315010622,0.999060088705673,0.9987281547891698,2,0.9545454545454546,0.9492899163557844,0.9473237578732334,0.9260824707490368,29,114
1,select_coverage,4.0,cmar,0.9992163009404388,0.9992100315010622,0.999060088705673,0.9987281547891698,2,0.9435736677115988,0.9469743811061176,0.9364128891521633,0.9103589761822152,36,114
1,select_coverage,4.0,top_k_avg,0.9992163009404388,0.9992100315010622,0.999060088705673,0.9987281547891698,2,0.9184952978056428,0.9232498274414443,0.9096470566929384,0.8719448824452052,52,114
1,select_coverage,4.0,list,0.9992163009404388,0.9992100315010622,0.999060088705673,0.9987281547891698,2,0.927899686520376,0.9269603551040676,0.9177597291072468,0.884886589206199,46,114
1,select_coverage_CBA_M1,,majority,0.9992163009404388,0.9992021121726212,0.9990640162566696,0.9987281450493852,2,0.9435736677115988,0.9423038884116728,0.9349401881029608,0.9093555549278112,36,114
1,select_coverage_CBA_M1,,cmar,0.9992163009404388,0.9992021121726212,0.9990640162566696,0.9987281450493852,2,0.9310344827586208,0.9354586046202812,0.9229841548682128,0.8909380509308994,44,114
1,select_coverage_CBA_M1,,top_k_avg,0.9992163009404388,0.9992021121726212,0.9990640162566696,0.9987281450493852,2,0.926332288401254,0.9275630997187884,0.9177773696454496,0.8823576379048634,47,114
1,select_coverage_CBA_M1,,list,0.9992163009404388,0.9992021121726212,0.9990640162566696,0.9987281450493852,2,0.932601880877743,0.9339481120918248,0.9240827503329716,0.8924690725868318,43,114
2,select_coverage,1.0,majority,0.9992163009404388,0.9989168118543548,0.9992058223423128,0.9987275251851692,2,0.9529780564263324,0.945667915727796,0.944384486837461,0.9235927718911312,30,114
2,select_coverage,1.0,cmar,0.9992163009404388,0.9989168118543548,0.9992058223423128,0.9987275251851692,2,0.9404388714733544,0.9376838837916682,0.9321162506055316,0.9039887828877876,38,114
2,select_coverage,1.0,top_k_avg,0.9992163009404388,0.9989168118543548,0.9992058223423128,0.9987275251851692,2,0.9357366771159876,0.9297883788901754,0.9268827297663924,0.8958153839703785,41,114
2,select_coverage,1.0,list,0.9992163009404388,0.9989168118543548,0.9992058223423128,0.9987275251851692,2,0.9357366771159876,0.9345743717001204,0.927405187029772,0.8968267881969012,41,114
2,select_coverage,2.0,majority,0.9992163009404388,0.9992100315010622,0.999060088705673,0.9987281547891698,2,0.945141065830721,0.940677895767716,0.9370166654913852,0.9114515710139214,35,114
2,select_coverage,2.0,cmar,0.9992163009404388,0.9992100315010622,0.999060088705673,0.9987281547891698,2,0.9341692789968652,0.9373391124888132,0.926676085079418,0.8955407488955777,42,114
2,select_coverage,2.0,top_k_avg,0.9992163009404388,0.9992100315010622,0.999060088705673,0.9987281547891698,2,0.926332288401254,0.9259623511120516,0.9165952869473116,0.8828452728657065,47,114
2,select_coverage,2.0,list,0.9992163009404388,0.9992100315010622,0.999060088705673,0.9987281547891698,2,0.9200626959247648,0.9244788316644604,0.9110342881624168,0.8743160256274735,51,114
2,select_coverage,3.0,majority,0.9992163009404388,0.9992100315010622,0.999060088705673,0.9987281547891698,2,0.95141065830721,0.9459241599960164,0.9431457629598502,0.9213166919854912,31,114
2,select_coverage,3.0,cmar,0.9992163009404388,0.9992100315010622,0.999060088705673,0.9987281547891698,2,0.938871473354232,0.9403331244648612,0.930636634246642,0.9027035325480136,39,114
2,select_coverage,3.0,top_k_avg,0.9992163009404388,0.9992100315010622,0.999060088705673,0.9987281547891698,2,0.9231974921630094,0.925105091272756,0.9140523963589724,0.8783494383531752,49,114
2,select_coverage,3.0,list,0.9992163009404388,0.9992100315010622,0.999060088705673,0.9987281547891698,2,0.9184952978056428,0.9246195758171806,0.909486712952116,0.8724470945472919,52,114
2,select_coverage,4.0,majority,0.9992163009404388,0.9992100315010622,0.999060088705673,0.9987281547891698,2,0.9545454545454546,0.9492899163557844,0.9473237578732334,0.9260824707490368,29,114
2,select_coverage,4.0,cmar,0.9992163009404388,0.9992100315010622,0.999060088705673,0.9987281547891698,2,0.9435736677115988,0.9469743811061176,0.9364128891521633,0.9103589761822152,36,114
2,select_coverage,4.0,top_k_avg,0.9992163009404388,0.9992100315010622,0.999060088705673,0.9987281547891698,2,0.9184952978056428,0.9232498274414443,0.9096470566929384,0.8719448824452052,52,114
2,select_coverage,4.0,list,0.9992163009404388,0.9992100315010622,0.999060088705673,0.9987281547891698,2,0.915360501567398,0.9237623159778848,0.9065755825548416,0.8684893681327571,54,114
2,select_coverage_CBA_M1,,majority,0.9992163009404388,0.9989168118543548,0.9992058223423128,0.9987275251851692,2,0.945141065830721,0.940677895767716,0.9365735607300631,0.9111950517919876,35,114
2,select_coverage_CBA_M1,,cmar,0.9992163009404388,0.9989168118543548,0.9992058223423128,0.9987275251851692,2,0.9373040752351096,0.9356878758076362,0.9290204847456756,0.8991515229249998,40,114
2,select_coverage_CBA_M1,,top_k_avg,0.9992163009404388,0.9989168118543548,0.9992058223423128,0.9987275251851692,2,0.938871473354232,0.9317843868742072,0.9299191626217872,0.900713360933532,39,114
2,select_coverage_CBA_M1,,list,0.9992163009404388,0.9989168118543548,0.9992058223423128,0.9987275251851692,2,0.9357366771159876,0.9345743717001204,0.927405187029772,0.8968267881969012,41,114
1,select_coverage,1.0,majority,1.0,1.0,1.0,1.0,0,0.9498432601880876,0.9521447583947584,0.9437225815698298,0.9202844472772208,32,133
1,select_coverage,1.0,cmar,1.0,1.0,1.0,1.0,0,0.9357366771159876,0.9430538493038494,0.9301691657026632,0.899146023094423,41,133
1,select_coverage,1.0,top_k_avg,1.0,1.0,1.0,1.0,0,0.9357366771159876,0.9414141414141414,0.9298391350210972,0.898972718884804,41,133
1,select_coverage,1.0,list,1.0,1.0,1.0,1.0,0,0.9404388714733544,0.9465909090909091,0.9346283863681024,0.906547410566017,38,133
1,select_coverage,2.0,majority,1.0,1.0,1.0,1.0,0,0.957680250783699,0.9584374146874148,0.9528682270465676,0.932070652510688,27,133
1,select_coverage,2.0,cmar,1.0,1.0,1.0,1.0,0,0.95141065830721,0.955470242970243,0.9469996571492358,0.9227152025594956,31,133
1,select_coverage,2.0,top_k_avg,1.0,1.0,1.0,1.0,0,0.9404388714733544,0.943371212121212,0.9338911858702018,0.9054835528020894,38,133
1,select_coverage,2.0,list,1.0,1.0,1.0,1.0,0,0.9482758620689656,0.9505681818181818,0.941750239424658,0.9178257959373872,33,133
1,select_coverage,3.0,majority,1.0,1.0,1.0,1.0,0,0.9655172413793104,0.9633190008190008,0.960369273752462,0.9443016409400072,22,133
1,select_coverage,3.0,cmar,1.0,1.0,1.0,1.0,0,0.9529780564263324,0.956480343980344,0.94781262138832,0.9252569016257725,30,133
1,select_coverage,3.0,top_k_avg,1.0,1.0,1.0,1.0,0,0.9357366771159876,0.9412452224952224,0.9295236799217204,0.8986965916155172,41,133
1,select_coverage,3.0,list,1.0,1.0,1.0,1.0,0,0.9467084639498432,0.9495580808080808,0.9402054397887152,0.9154873283436864,34,133
1,select_coverage,4.0,majority,1.0,1.0,1.0,1.0,0,0.9670846394984326,0.9654023341523342,0.962543102423248,0.9468204839995882,21,133
1,select_coverage,4.0,cmar,1.0,1.0,1.0,1.0,0,0.9482758620689656,0.9534500409500408,0.9437293600790122,0.9180105261193344,33,133
1,select_coverage,4.0,top_k_avg,1.0,1.0,1.0,1.0,0,0.932601880877743,0.9381517881517882,0.9264099897290344,0.8936732130851974,43,133
1,select_coverage,4.0,list,1.0,1.0,1.0,1.0,0,0.945141065830721,0.9485479797979798,0.9387223573438538,0.91309030978355,35,133
1,select_coverage_CBA_M1,,majority,1.0,1.0,1.0,1.0,0,0.9498432601880876,0.9521447583947584,0.9437225815698298,0.9202844472772208,32,133
1,select_coverage_CBA_M1,,cmar,1.0,1.0,1.0,1.0,0,0.9357366771159876,0.9430538493038494,0.9301691657026632,0.899146023094423,41,133
1,select_coverage_CBA_M1,,top_k_avg,1.0,1.0,1.0,1.0,0,0.9357366771159876,0.9414141414141414,0.9298391350210972,0.898972718884804,41,133
1,select_coverage_CBA_M1,,list,1.0,1.0,1.0,1.0,0,0.9404388714733544,0.9465909090909091,0.9346283863681024,0.906547410566017,38,133
2,select_coverage,1.0,majority,1.0,1.0,1.0,1.0,0,0.9482758620689656,0.9511346573846574,0.9422211010728212,0.9178828605215996,33,133
2,select_coverage,1.0,cmar,1.0,1.0,1.0,1.0,0,0.9357366771159876,0.9430538493038494,0.9301691657026632,0.899146023094423,41,133
2,select_coverage,1.0,top_k_avg,1.0,1.0,1.0,1.0,0,0.9357366771159876,0.9414141414141414,0.9298391350210972,0.898972718884804,41,133
2,select_coverage,1.0,list,1.0,1.0,1.0,1.0,0,0.9357366771159876,0.9457070707070706,0.9308118416569257,0.9000649886074708,41,133
2,select_coverage,2.0,majority,1.0,1.0,1.0,1.0,0,0.957680250783699,0.9584374146874148,0.9528682270465676,0.932070652510688,27,133
2,select_coverage,2.0,cmar,1.0,1.0,1.0,1.0,0,0.95141065830721,0.955470242970243,0.9469996571492358,0.9227152025594956,31,133
2,select_coverage,2.0,top_k_avg,1.0,1.0,1.0,1.0,0,0.9404388714733544,0.943371212121212,0.9338911858702018,0.9054835528020894,38,133
2,select_coverage,2.0,list,1.0,1.0,1.0,1.0,0,0.9420062695924764,0.9486742424242424,0.9365166448255574,0.908788742696294,37,133
2,select_coverage,3.0,majority,1.0,1.0,1.0,1.0,0,0.963949843260188,0.9623088998089,0.9588759536417504,0.9418292371890894,23,133
2,select_coverage,3.0,cmar,1.0,1.0,1.0,1.0,0,0.9529780564263324,0.956480343980344,0.94781262138832,0.9252569016257725,30,133
2,select_coverage,3.0,top_k_avg,1.0,1.0,1.0,1.0,0,0.9357366771159876,0.9412452224952224,0.9295236799217204,0.8986965916155172,41,133
2,select_coverage,3.0,list,1.0,1.0,1.0,1.0,0,0.9373040752351096,0.9467171717171716,0.9319719390808062,0.9023646939275004,40,133
2,select_coverage,4.0,majority,1.0,1.0,1.0,1.0,0,0.9655172413793104,0.9643922331422332,0.9610493791985616,0.944350084196843,22,133
2,select_coverage,4.0,cmar,1.0,1.0,1.0,1.0,0,0.9482758620689656,0.9534500409500408,0.9437293600790122,0.9180105261193344,33,133
2,select_coverage,4.0,top_k_avg,1.0,1.0,1.0,1.0,0,0.932601880877743,0.9381517881517882,0.9264099897290344,0.8936732130851974,43,133
2,select_coverage,4.0,list,1.0,1.0,1.0,1.0,0,0.932601880877743,0.9426136363636364,0.9269239370666228,0.8953099271767114,43,133
2,select_coverage_CBA_M1,,majority,1.0,1.0,1.0,1.0,0,0.9482758620689656,0.9511346573846574,0.9422211010728212,0.9178828605215996,33,133
2,select_coverage_CBA_M1,,cmar,1.0,1.0,1.0,1.0,0,0.9357366771159876,0.9430538493038494,0.9301691657026632,0.899146023094423,41,133
2,select_coverage_CBA_M1,,top_k_avg,1.0,1.0,1.0,1.0,0,0.9357366771159876,0.9414141414141414,0.9298391350210972,0.898972718884804,41,133
2,select_coverage_CBA_M1,,list,1.0,1.0,1.0,1.0,0,0.9357366771159876,0.9457070707070706,0.9308118416569257,0.9000649886074708,41,133
1,select_coverage,1.0,majority,0.9996081504702194,0.9994640943194,0.9996065653995836,0.9993616610470654,1,0.9529780564263324,0.9536359525417026,0.9500498058486536,0.9246443294947412,30,138
1,select_coverage,1.0,cmar,0.9996081504702194,0.9994640943194,0.9996065653995836,0.9993616610470654,1,0.9435736677115988,0.9494228403046382,0.9413677089649048,0.9105518951037118,36,138
1,select_coverage,1.0,top_k_avg,0.9996081504702194,0.9994640943194,0.9996065653995836,0.9993616610470654,1,0.9404388714733544,0.9391435043506244,0.9355829309980612,0.9044681149113016,38,138
1,select_coverage,1.0,list,0.9996081504702194,0.9994640943194,0.9996065653995836,0.9993616610470654,1,0.9467084639498432,0.9445035324503784,0.9423781548781256,0.9142803396239144,34,138
1,select_coverage,2.0,majority,0.9996081504702194,0.9994640943194,0.9996065653995836,0.9993616610470654,1,0.9608150470219436,0.961279085664288,0.9576829576829576,0.937200601997722,25,138
1,select_coverage,2.0,cmar,0.9996081504702194,0.9994640943194,0.9996065653995836,0.9993616610470654,1,0.9498432601880876,0.9582681633571634,0.9480878203194896,0.921145321635742,32,138
1,select_coverage,2.0,top_k_avg,0.9996081504702194,0.9994640943194,0.9996065653995836,0.9993616610470654,1,0.9420062695924764,0.9458822712846172,0.9381235817847164,0.9081295081550192,37,138
1,select_coverage,2.0,list,0.9996081504702194,0.9994640943194,0.9996065653995836,0.9993616610470654,1,0.9435736677115988,0.9446800813546772,0.9387397644720596,0.9100667055245094,36,138
1,select_coverage,3.0,majority,0.9996081504702194,0.999749373433584,0.9996069019716826,0.999361887059078,1,0.957680250783699,0.960485267610196,0.9546265634446328,0.9326161908676212,27,138
1,select_coverage,3.0,cmar,0.9996081504702194,0.999749373433584,0.9996069019716826,0.999361887059078,1,0.9467084639498432,0.9562168813058814,0.9440966331090802,0.9168420711044682,34,138
1,select_coverage,3.0,top_k_avg,0.9996081504702194,0.999749373433584,0.9996069019716826,0.999361887059078,1,0.932601880877743,0.9409858891279612,0.9286418572891773,0.8947385226466579,43,138
1,select_coverage,3.0,list,0.9996081504702194,0.999749373433584,0.9996069019716826,0.999361887059078,1,0.9404388714733544,0.9438862633005852,0.9353352950201902,0.9057784074908176,38,138
1,select_coverage,4.0,majority,0.9996081504702194,0.999749373433584,0.9996069019716826,0.999361887059078,1,0.9592476489028212,0.960540541677446,0.9561543391672868,0.9348742837557298,26,138
1,select_coverage,4.0,cmar,0.9996081504702194,0.999749373433584,0.9996069019716826,0.999361887059078,1,0.9545454545454546,0.9638600144284664,0.9525776804566836,0.9289705659641329,29,138
1,select_coverage,4.0,top_k_avg,0.9996081504702194,0.999749373433584,0.9996069019716826,0.999361887059078,1,0.9310344827586208,0.93618785611075,0.9249895818863731,0.892083376025649,44,138
1,select_coverage,4.0,list,0.9996081504702194,0.999749373433584,0.9996069019716826,0.999361887059078,1,0.9420062695924764,0.9449119043262264,0.936896587771567,0.908122618838265,37,138
1,select_coverage_CBA_M1,,majority,0.9996081504702194,0.999749373433584,0.9996069019716826,0.999361887059078,1,0.9498432601880876,0.9578719904763708,0.9470646645863566,0.9216611108727376,32,138
1,select_coverage_CBA_M1,,cmar,0.9996081504702194,0.999749373433584,0.9996069019716826,0.999361887059078,1,0.9404388714733544,0.9536588782393064,0.9384366357662912,0.9082714147491504,38,138
1,select_coverage_CBA_M1,,top_k_avg,0.9996081504702194,0.999749373433584,0.9996069019716826,0.999361887059078,1,0.938871473354232,0.9456626473081234,0.934498707965901,0.9042136095610414,39,138
1,select_coverage_CBA_M1,,list,0.9996081504702194,0.999749373433584,0.9996069019716826,0.999361887059078,1,0.9435736677115988,0.9487395703850464,0.9395004011966592,0.911040040409796,36,138
2,select_coverage,1.0,majority,0.9996081504702194,0.9994640943194,0.9996065653995836,0.9993616610470654,1,0.9498432601880876,0.9525550374488116,0.9474726954940492,0.9198768962932684,32,138
2,select_coverage,1.0,cmar,0.9996081504702194,0.9994640943194,0.9996065653995836,0.9993616610470654,1,0.9435736677115988,0.9494228403046382,0.9413677089649048,0.9105518951037118,36,138
2,select_coverage,1.0,top_k_avg,0.9996081504702194,0.9994640943194,0.9996065653995836,0.9993616610470654,1,0.9404388714733544,0.9391435043506244,0.9355829309980612,0.9044681149113016,38,138
2,select_coverage,1.0,list,0.9996081504702194,0.9994640943194,0.9996065653995836,0.9993616610470654,1,0.9420062695924764,0.9458822712846172,0.9385789167676116,0.9078613517747214,37,138
2,select_coverage,2.0,majority,0.9996081504702194,0.9994640943194,0.9996065653995836,0.9993616610470654,1,0.962382445141066,0.9632750936483198,0.9597748934995072,0.9396885273559727,24,138
2,select_coverage,2.0,cmar,0.9996081504702194,0.9994640943194,0.9996065653995836,0.9993616610470654,1,0.9498432601880876,0.9582681633571634,0.9480878203194896,0.921145321635742,32,138
2,select_coverage,2.0,top_k_avg,0.9996081504702194,0.9994640943194,0.9996065653995836,0.9993616610470654,1,0.9420062695924764,0.9458822712846172,0.9381235817847164,0.9081295081550192,37,138
2,select_coverage,2.0,list,0.9996081504702194,0.9994640943194,0.9996065653995836,0.9993616610470654,1,0.9373040752351096,0.9462906431604652,0.9338244527901066,0.9022180913607432,40,138
2,select_coverage,3.0,majority,0.9996081504702194,0.999749373433584,0.9996069019716826,0.999361887059078,1,0.957680250783699,0.960485267610196,0.9546265634446328,0.9326161908676212,27,138
2,select_coverage,3.0,cmar,0.9996081504702194,0.999749373433584,0.9996069019716826,0.999361887059078,1,0.9467084639498432,0.9562168813058814,0.9440966331090802,0.9168420711044682,34,138
2,select_coverage,3.0,top_k_avg,0.9996081504702194,0.999749373433584,0.9996069019716826,0.999361887059078,1,0.932601880877743,0.9409858891279612,0.9286418572891773,0.8947385226466579,43,138
2,select_coverage,3.0,list,0.9996081504702194,0.999749373433584,0.9996069019716826,0.999361887059078,1,0.932601880877743,0.943213720083542,0.9283621979257654,0.8958388234751266,43,138
2,select_coverage,4.0,majority,0.9996081504702194,0.999749373433584,0.9996069019716826,0.999361887059078,1,0.957680250783699,0.959514900651805,0.9546535878406656,0.9324204345442906,27,138
2,select_coverage,4.0,cmar,0.9996081504702194,0.999749373433584,0.9996069019716826,0.999361887059078,1,0.9545454545454546,0.9638600144284664,0.9525776804566836,0.9289705659641329,29,138
2,select_coverage,4.0,top_k_avg,0.9996081504702194,0.999749373433584,0.9996069019716826,0.999361887059078,1,0.9310344827586208,0.93618785611075,0.9249895818863731,0.892083376025649,44,138
2,select_coverage,4.0,list,0.9996081504702194,0.999749373433584,0.9996069019716826,0.999361887059078,1,0.9310344827586208,0.942188079057901,0.9270229874956564,0.893591402928753,44,138
2,select_coverage_CBA_M1,,majority,0.9996081504702194,0.9994640943194,0.9996065653995836,0.9993616610470654,1,0.9467084639498432,0.9517612193947196,0.9444796743594932,0.9154206428771934,34,138
2,select_coverage_CBA_M1,,cmar,0.9996081504702194,0.9994640943194,0.9996065653995836,0.9993616610470654,1,0.9435736677115988,0.9494228403046382,0.9413677089649048,0.9105518951037118,36,138
2,select_coverage_CBA_M1,,top_k_avg,0.9996081504702194,0.9994640943194,0.9996065653995836,0.9993616610470654,1,0.9435736677115988,0.9411947864019063,0.9387194272275652,0.9093068631809617,36,138
2,select_coverage_CBA_M1,,list,0.9996081504702194,0.9994640943194,0.9996065653995836,0.9993616610470654,1,0.9420062695924764,0.9458822712846172,0.9385789167676116,0.9078613517747214,37,138
1,select_coverage,1.0,majority,0.9992163009404388,0.9992101308663984,0.9990627956854418,0.9987299362840902,2,0.9294670846394985,0.9344040223913774,0.9233189662478974,0.8877144713271804,45,148
1,select_coverage,1.0,cmar,0.9992163009404388,0.9992101308663984,0.9990627956854418,0.9987299362840902,2,0.9357366771159876,0.9471899719528802,0.9313034412658284,0.8995374672818722,41,148
1,select_coverage,1.0,top_k_avg,0.9992163009404388,0.9992101308663984,0.9990627956854418,0.9987299362840902,2,0.9341692789968652,0.942550249188816,0.9289026698733688,0.8960201496445966,42,148
1,select_coverage,1.0,list,0.9992163009404388,0.9992101308663984,0.9990627956854418,0.9987299362840902,2,0.9341692789968652,0.9412533374598708,0.928676583411016,0.8955804422044662,42,148
1,select_coverage,2.0,majority,0.9988244514106585,0.9986611231890332,0.9985264150549084,0.9980955026027044,3,0.9341692789968652,0.9366587048357332,0.9255724777486924,0.8947254365655458,42,148
1,select_coverage,2.0,cmar,0.9988244514106585,0.9986611231890332,0.9985264150549084,0.9980955026027044,3,0.927899686520376,0.935189152259753,0.9193694369719814,0.8866423217705628,46,148
1,select_coverage,2.0,top_k_avg,0.9988244514106585,0.9986611231890332,0.9985264150549084,0.9980955026027044,3,0.9216300940438872,0.9277094524723608,0.9120364531511288,0.876866214890098,50,148
1,select_coverage,2.0,list,0.9988244514106585,0.9986611231890332,0.9985264150549084,0.9980955026027044,3,0.9294670846394985,0.93252181608346,0.9199190945927502,0.887843240149824,45,148
1,select_coverage,3.0,majority,0.9988244514106585,0.9986611231890332,0.9985264150549084,0.9980955026027044,3,0.9357366771159876,0.9362293835423444,0.9259675432892112,0.8969829538998885,41,148
1,select_coverage,3.0,cmar,0.9988244514106585,0.9986611231890332,0.9985264150549084,0.9980955026027044,3,0.932601880877743,0.9367322175541354,0.923241060754666,0.8931520770491556,43,148
1,select_coverage,3.0,top_k_avg,0.9988244514106585,0.9986611231890332,0.9985264150549084,0.9980955026027044,3,0.9184952978056428,0.92220213927274,0.9071592245203356,0.8717880212587203,52,148
1,select_coverage,3.0,list,0.9988244514106585,0.9986611231890332,0.9985264150549084,0.9980955026027044,3,0.927899686520376,0.9291790050483412,0.9171322117755976,0.8851872952850592,46,148
1,select_coverage,4.0,majority,0.9988244514106585,0.9986611231890332,0.9985264150549084,0.9980955026027044,3,0.9420062695924764,0.9435904804714078,0.9345424196905484,0.9068433004052376,37,148
1,select_coverage,4.0,cmar,0.9988244514106585,0.9986611231890332,0.9985264150549084,0.9980955026027044,3,0.938871473354232,0.9442119173415274,0.9313091525066222,0.9030572825638156,39,148
1,select_coverage,4.0,top_k_avg,0.9988244514106585,0.9986611231890332,0.9985264150549084,0.9980955026027044,3,0.9169278996865204,0.9200376371082376,0.904962907603982,0.8691634953621584,53,148
1,select_coverage,4.0,list,0.9988244514106585,0.9986611231890332,0.9985264150549084,0.9980955026027044,3,0.9247648902821316,0.9260283095899532,0.9135088381824936,0.8802379915320763,48,148
1,select_coverage_CBA_M1,,majority,0.9992163009404388,0.9992101308663984,0.9990627956854418,0.9987299362840902,2,0.9294670846394985,0.9344040223913774,0.9233189662478974,0.8877144713271804,45,148
1,select_coverage_CBA_M1,,cmar,0.9992163009404388,0.9992101308663984,0.9990627956854418,0.9987299362840902,2,0.9357366771159876,0.9471899719528802,0.9313034412658284,0.8995374672818722,41,148
1,select_coverage_CBA_M1,,top_k_avg,0.9992163009404388,0.9992101308663984,0.9990627956854418,0.9987299362840902,2,0.9341692789968652,0.942550249188816,0.9289026698733688,0.8960201496445966,42,148
1,select_coverage_CBA_M1,,list,0.9992163009404388,0.9992101308663984,0.9990627956854418,0.9987299362840902,2,0.9341692789968652,0.9412533374598708,0.928676583411016,0.8955804422044662,42,148
2,select_coverage,1.0,majority,0.9992163009404388,0.9992101308663984,0.9990627956854418,0.9987299362840902,2,0.9294670846394985,0.935700934120323,0.923427780444942,0.8880796516987168,45,148
2,select_coverage,1.0,cmar,0.9992163009404388,0.9992101308663984,0.9990627956854418,0.9987299362840902,2,0.9357366771159876,0.9471899719528802,0.9313034412658284,0.8995374672818722,41,148
2,select_coverage,1.0,top_k_avg,0.9992163009404388,0.9992101308663984,0.9990627956854418,0.9987299362840902,2,0.9341692789968652,0.942550249188816,0.9289026698733688,0.8960201496445966,42,148
2,select_coverage,1.0,list,0.9992163009404388,0.9992101308663984,0.9990627956854418,0.9987299362840902,2,0.932601880877743,0.945336188223438,0.9281906723023912,0.8949013178521822,43,148
2,select_coverage,2.0,majority,0.9988244514106585,0.9986611231890332,0.9985264150549084,0.9980955026027044,3,0.9341692789968652,0.9379556165646786,0.9257187154591032,0.8951652008647561,42,148
2,select_coverage,2.0,cmar,0.9988244514106585,0.9986611231890332,0.9985264150549084,0.9980955026027044,3,0.927899686520376,0.935189152259753,0.9193694369719814,0.8866423217705628,46,148
2,select_coverage,2.0,top_k_avg,0.9988244514106585,0.9986611231890332,0.9985264150549084,0.9980955026027044,3,0.9216300940438872,0.9277094524723608,0.9120364531511288,0.876866214890098,50,148
2,select_coverage,2.0,list,0.9988244514106585,0.9986611231890332,0.9985264150549084,0.9980955026027044,3,0.9216300940438872,0.9313629819425394,0.9134002941586402,0.8776984414011787,50,148
2,select_coverage,3.0,majority,0.9988244514106585,0.9986611231890332,0.9985264150549084,0.9980955026027044,3,0.9341692789968652,0.9352431902484588,0.9244412938799608,0.8946404392738566,42,148
2,select_coverage,3.0,cmar,0.9988244514106585,0.9986611231890332,0.9985264150549084,0.9980955026027044,3,0.932601880877743,0.9367322175541354,0.923241060754666,0.8931520770491556,43,148
2,select_coverage,3.0,top_k_avg,0.9988244514106585,0.9986611231890332,0.9985264150549084,0.9980955026027044,3,0.9184952978056428,0.92220213927274,0.9071592245203356,0.8717880212587203,52,148
2,select_coverage,3.0,list,0.9988244514106585,0.9986611231890332,0.9985264150549084,0.9980955026027044,3,0.9184952978056428,0.9270339776135352,0.9091794338427164,0.8727221976205537,52,148
2,select_coverage,4.0,majority,0.9988244514106585,0.9986611231890332,0.9985264150549084,0.9980955026027044,3,0.9404388714733544,0.942604287177522,0.9329776984048872,0.9044580326386245,38,148
2,select_coverage,4.0,cmar,0.9988244514106585,0.9986611231890332,0.9985264150549084,0.9980955026027044,3,0.938871473354232,0.9442119173415274,0.9313091525066222,0.9030572825638156,39,148
2,select_coverage,4.0,top_k_avg,0.9988244514106585,0.9986611231890332,0.9985264150549084,0.9980955026027044,3,0.9169278996865204,0.9200376371082376,0.904962907603982,0.8691634953621584,53,148
2,select_coverage,4.0,list,0.9988244514106585,0.9986611231890332,0.9985264150549084,0.9980955026027044,3,0.913793103448276,0.9228970888612616,0.9041301937377972,0.865604765838291,55,148
2,select_coverage_CBA_M1,,majority,0.9992163009404388,0.9992101308663984,0.9990627956854418,0.9987299362840902,2,0.9294670846394985,0.935700934120323,0.923427780444942,0.8880796516987168,45,148
2,select_coverage_CBA_M1,,cmar,0.9992163009404388,0.9992101308663984,0.9990627956854418,0.9987299362840902,2,0.9357366771159876,0.9471899719528802,0.9313034412658284,0.8995374672818722,41,148
2,select_coverage_CBA_M1,,top_k_avg,0.9992163009404388,0.9992101308663984,0.9990627956854418,0.9987299362840902,2,0.9341692789968652,0.942550249188816,0.9289026698733688,0.8960201496445966,42,148
2,select_coverage_CBA_M1,,list,0.9992163009404388,0.9992101308663984,0.9990627956854418,0.9987299362840902,2,0.932601880877743,0.945336188223438,0.9281906723023912,0.8949013178521822,43,148
