ranking,selection,param,strategy,acc_train,bacc_train,f1_train,mcc_train,erros_train,acc_test,bacc_test,f1_test,mcc_test,erros_test,seed
1,select_coverage,1.0,majority,0.9843505477308294,0.984984984984985,0.9843394635714846,0.9691618635479474,40,0.9578125,0.9584422833974792,0.9577480286081056,0.915876062716878,27,5
1,select_coverage,1.0,cmar,0.9843505477308294,0.984984984984985,0.9843394635714846,0.9691618635479474,40,0.9578125,0.9584422833974792,0.9577480286081056,0.915876062716878,27,5
1,select_coverage,1.0,top_k_avg,0.9843505477308294,0.984984984984985,0.9843394635714846,0.9691618635479474,40,0.95625,0.9569586038722566,0.9561883899233296,0.9128450694069856,28,5
1,select_coverage,1.0,list,0.9843505477308294,0.984984984984985,0.9843394635714846,0.9691618635479474,40,0.9578125,0.9584422833974792,0.9577480286081056,0.915876062716878,27,5
1,select_coverage,2.0,majority,0.9843505477308294,0.984984984984985,0.9843394635714846,0.9691618635479474,40,0.959375,0.9600924484139808,0.959317790643092,0.919105405713074,26,5
1,select_coverage,2.0,cmar,0.9843505477308294,0.984984984984985,0.9843394635714846,0.9691618635479474,40,0.959375,0.9600924484139808,0.959317790643092,0.919105405713074,26,5
1,select_coverage,2.0,top_k_avg,0.9843505477308294,0.984984984984985,0.9843394635714846,0.9691618635479474,40,0.95625,0.9569586038722566,0.9561883899233296,0.9128450694069856,28,5
1,select_coverage,2.0,list,0.9843505477308294,0.984984984984985,0.9843394635714846,0.9691618635479474,40,0.9578125,0.9584422833974792,0.9577480286081056,0.915876062716878,27,5
1,select_coverage,3.0,majority,0.9843505477308294,0.984984984984985,0.9843394635714846,0.9691618635479474,40,0.959375,0.9600924484139808,0.959317790643092,0.919105405713074,26,5
1,select_coverage,3.0,cmar,0.9843505477308294,0.984984984984985,0.9843394635714846,0.9691618635479474,40,0.959375,0.9600924484139808,0.959317790643092,0.919105405713074,26,5
1,select_coverage,3.0,top_k_avg,0.9843505477308294,0.984984984984985,0.9843394635714846,0.9691618635479474,40,0.95625,0.9569586038722566,0.9561883899233296,0.9128450694069856,28,5
1,select_coverage,3.0,list,0.9843505477308294,0.984984984984985,0.9843394635714846,0.9691618635479474,40,0.9578125,0.9584422833974792,0.9577480286081056,0.915876062716878,27,5
1,select_coverage,4.0,majority,0.9843505477308294,0.984984984984985,0.9843394635714846,0.9691618635479474,40,0.959375,0.9600924484139808,0.959317790643092,0.919105405713074,26,5
1,select_coverage,4.0,cmar,0.9843505477308294,0.984984984984985,0.9843394635714846,0.9691618635479474,40,0.959375,0.9600924484139808,0.959317790643092,0.919105405713074,26,5
1,select_coverage,4.0,top_k_avg,0.9843505477308294,0.984984984984985,0.9843394635714846,0.9691618635479474,40,0.95625,0.9569586038722566,0.9561883899233296,0.9128450694069856,28,5
1,select_coverage,4.0,list,0.9843505477308294,0.984984984984985,0.9843394635714846,0.9691618635479474,40,0.9578125,0.9584422833974792,0.9577480286081056,0.915876062716878,27,5
1,select_coverage_CBA_M1,,majority,0.9843505477308294,0.984984984984985,0.9843394635714846,0.9691618635479474,40,0.9578125,0.9584422833974792,0.9577480286081056,0.915876062716878,27,5
1,select_coverage_CBA_M1,,cmar,0.9843505477308294,0.984984984984985,0.9843394635714846,0.9691618635479474,40,0.9578125,0.9584422833974792,0.9577480286081056,0.915876062716878,27,5
1,select_coverage_CBA_M1,,top_k_avg,0.9843505477308294,0.984984984984985,0.9843394635714846,0.9691618635479474,40,0.95625,0.9569586038722566,0.9561883899233296,0.9128450694069856,28,5
1,select_coverage_CBA_M1,,list,0.9843505477308294,0.984984984984985,0.9843394635714846,0.9691618635479474,40,0.9578125,0.9584422833974792,0.9577480286081056,0.915876062716878,27,5
2,select_coverage,1.0,majority,0.9843505477308294,0.984984984984985,0.9843394635714846,0.9691618635479474,40,0.9578125,0.9584422833974792,0.9577480286081056,0.915876062716878,27,5
2,select_coverage,1.0,cmar,0.9843505477308294,0.984984984984985,0.9843394635714846,0.9691618635479474,40,0.9578125,0.9584422833974792,0.9577480286081056,0.915876062716878,27,5
2,select_coverage,1.0,top_k_avg,0.9843505477308294,0.984984984984985,0.9843394635714846,0.9691618635479474,40,0.95625,0.9569586038722566,0.9561883899233296,0.9128450694069856,28,5
2,select_coverage,1.0,list,0.9843505477308294,0.984984984984985,0.9843394635714846,0.9691618635479474,40,0.95625,0.9569586038722566,0.9561883899233296,0.9128450694069856,28,5
2,select_coverage,2.0,majority,0.9843505477308294,0.984984984984985,0.9843394635714846,0.9691618635479474,40,0.959375,0.9600924484139808,0.959317790643092,0.919105405713074,26,5
2,select_coverage,2.0,cmar,0.9843505477308294,0.984984984984985,0.9843394635714846,0.9691618635479474,40,0.959375,0.9600924484139808,0.959317790643092,0.919105405713074,26,5
2,select_coverage,2.0,top_k_avg,0.9843505477308294,0.984984984984985,0.9843394635714846,0.9691618635479474,40,0.95625,0.9569586038722566,0.9561883899233296,0.9128450694069856,28,5
2,select_coverage,2.0,list,0.9843505477308294,0.984984984984985,0.9843394635714846,0.9691618635479474,40,0.95625,0.9569586038722566,0.9561883899233296,0.9128450694069856,28,5
2,select_coverage,3.0,majority,0.9843505477308294,0.984984984984985,0.9843394635714846,0.9691618635479474,40,0.959375,0.9600924484139808,0.959317790643092,0.919105405713074,26,5
2,select_coverage,3.0,cmar,0.9843505477308294,0.984984984984985,0.9843394635714846,0.9691618635479474,40,0.959375,0.9600924484139808,0.959317790643092,0.919105405713074,26,5
2,select_coverage,3.0,top_k_avg,0.9843505477308294,0.984984984984985,0.9843394635714846,0.9691618635479474,40,0.95625,0.9569586038722566,0.9561883899233296,0.9128450694069856,28,5
2,select_coverage,3.0,list,0.9843505477308294,0.984984984984985,0.9843394635714846,0.9691618635479474,40,0.95625,0.9569586038722566,0.9561883899233296,0.9128450694069856,28,5
2,select_coverage,4.0,majority,0.9843505477308294,0.984984984984985,0.9843394635714846,0.9691618635479474,40,0.959375,0.9600924484139808,0.959317790643092,0.919105405713074,26,5
2,select_coverage,4.0,cmar,0.9843505477308294,0.984984984984985,0.9843394635714846,0.9691618635479474,40,0.959375,0.9600924484139808,0.959317790643092,0.919105405713074,26,5
2,select_coverage,4.0,top_k_avg,0.9843505477308294,0.984984984984985,0.9843394635714846,0.9691618635479474,40,0.95625,0.9569586038722566,0.9561883899233296,0.9128450694069856,28,5
2,select_coverage,4.0,list,0.9843505477308294,0.984984984984985,0.9843394635714846,0.9691618635479474,40,0.95625,0.9569586038722566,0.9561883899233296,0.9128450694069856,28,5
2,select_coverage_CBA_M1,,majority,0.9843505477308294,0.984984984984985,0.9843394635714846,0.9691618635479474,40,0.9578125,0.9584422833974792,0.9577480286081056,0.915876062716878,27,5
2,select_coverage_CBA_M1,,cmar,0.9843505477308294,0.984984984984985,0.9843394635714846,0.9691618635479474,40,0.9578125,0.9584422833974792,0.9577480286081056,0.915876062716878,27,5
2,select_coverage_CBA_M1,,top_k_avg,0.9843505477308294,0.984984984984985,0.9843394635714846,0.9691618635479474,40,0.95625,0.9569586038722566,0.9561883899233296,0.9128450694069856,28,5
2,select_coverage_CBA_M1,,list,0.9843505477308294,0.984984984984985,0.9843394635714846,0.9691618635479474,40,0.95625,0.9569586038722566,0.9561883899233296,0.9128450694069856,28,5
1,select_coverage,1.0,majority,0.976525821596244,0.9774774774774776,0.9765175401847728,0.954112619997924,60,0.9765625,0.9774118361391037,0.9765321912333068,0.9536429845438198,15,14
1,select_coverage,1.0,cmar,0.976525821596244,0.9774774774774776,0.9765175401847728,0.954112619997924,60,0.9765625,0.9774118361391037,0.9765321912333068,0.9536429845438198,15,14
1,select_coverage,1.0,top_k_avg,0.976525821596244,0.9774774774774776,0.9765175401847728,0.954112619997924,60,0.9765625,0.9774118361391037,0.9765321912333068,0.9536429845438198,15,14
1,select_coverage,1.0,list,0.976525821596244,0.9774774774774776,0.9765175401847728,0.954112619997924,60,0.9765625,0.9774118361391037,0.9765321912333068,0.9536429845438198,15,14
1,select_coverage,2.0,majority,0.976525821596244,0.9774774774774776,0.9765175401847728,0.954112619997924,60,0.9765625,0.9774118361391037,0.9765321912333068,0.9536429845438198,15,14
1,select_coverage,2.0,cmar,0.976525821596244,0.9774774774774776,0.9765175401847728,0.954112619997924,60,0.9765625,0.9774118361391037,0.9765321912333068,0.9536429845438198,15,14
1,select_coverage,2.0,top_k_avg,0.976525821596244,0.9774774774774776,0.9765175401847728,0.954112619997924,60,0.9765625,0.9774118361391037,0.9765321912333068,0.9536429845438198,15,14
1,select_coverage,2.0,list,0.976525821596244,0.9774774774774776,0.9765175401847728,0.954112619997924,60,0.9765625,0.9774118361391037,0.9765321912333068,0.9536429845438198,15,14
1,select_coverage,3.0,majority,0.976525821596244,0.9774774774774776,0.9765175401847728,0.954112619997924,60,0.9765625,0.9774118361391037,0.9765321912333068,0.9536429845438198,15,14
1,select_coverage,3.0,cmar,0.976525821596244,0.9774774774774776,0.9765175401847728,0.954112619997924,60,0.9765625,0.9774118361391037,0.9765321912333068,0.9536429845438198,15,14
1,select_coverage,3.0,top_k_avg,0.976525821596244,0.9774774774774776,0.9765175401847728,0.954112619997924,60,0.9765625,0.9774118361391037,0.9765321912333068,0.9536429845438198,15,14
1,select_coverage,3.0,list,0.976525821596244,0.9774774774774776,0.9765175401847728,0.954112619997924,60,0.9765625,0.9774118361391037,0.9765321912333068,0.9536429845438198,15,14
1,select_coverage,4.0,majority,0.976525821596244,0.9774774774774776,0.9765175401847728,0.954112619997924,60,0.9765625,0.9774118361391037,0.9765321912333068,0.9536429845438198,15,14
1,select_coverage,4.0,cmar,0.976525821596244,0.9774774774774776,0.9765175401847728,0.954112619997924,60,0.9765625,0.9774118361391037,0.9765321912333068,0.9536429845438198,15,14
1,select_coverage,4.0,top_k_avg,0.976525821596244,0.9774774774774776,0.9765175401847728,0.954112619997924,60,0.9765625,0.9774118361391037,0.9765321912333068,0.9536429845438198,15,14
1,select_coverage,4.0,list,0.976525821596244,0.9774774774774776,0.9765175401847728,0.954112619997924,60,0.9765625,0.9774118361391037,0.9765321912333068,0.9536429845438198,15,14
1,select_coverage_CBA_M1,,majority,0.976525821596244,0.9774774774774776,0.9765175401847728,0.954112619997924,60,0.9765625,0.9774118361391037,0.9765321912333068,0.9536429845438198,15,14
1,select_coverage_CBA_M1,,cmar,0.976525821596244,0.9774774774774776,0.9765175401847728,0.954112619997924,60,0.9765625,0.9774118361391037,0.9765321912333068,0.9536429845438198,15,14
1,select_coverage_CBA_M1,,top_k_avg,0.976525821596244,0.9774774774774776,0.9765175401847728,0.954112619997924,60,0.9765625,0.9774118361391037,0.9765321912333068,0.9536429845438198,15,14
1,select_coverage_CBA_M1,,list,0.976525821596244,0.9774774774774776,0.9765175401847728,0.954112619997924,60,0.9765625,0.9774118361391037,0.9765321912333068,0.9536429845438198,15,14
2,select_coverage,1.0,majority,0.976525821596244,0.9774774774774776,0.9765175401847728,0.954112619997924,60,0.9765625,0.9774118361391037,0.9765321912333068,0.9536429845438198,15,14
2,select_coverage,1.0,cmar,0.976525821596244,0.9774774774774776,0.9765175401847728,0.954112619997924,60,0.9765625,0.9774118361391037,0.9765321912333068,0.9536429845438198,15,14
2,select_coverage,1.0,top_k_avg,0.976525821596244,0.9774774774774776,0.9765175401847728,0.954112619997924,60,0.9765625,0.9774118361391037,0.9765321912333068,0.9536429845438198,15,14
2,select_coverage,1.0,list,0.976525821596244,0.9774774774774776,0.9765175401847728,0.954112619997924,60,0.9765625,0.9774118361391037,0.9765321912333068,0.9536429845438198,15,14
2,select_coverage,2.0,majority,0.976525821596244,0.9774774774774776,0.9765175401847728,0.954112619997924,60,0.9765625,0.9774118361391037,0.9765321912333068,0.9536429845438198,15,14
2,select_coverage,2.0,cmar,0.976525821596244,0.9774774774774776,0.9765175401847728,0.954112619997924,60,0.9765625,0.9774118361391037,0.9765321912333068,0.9536429845438198,15,14
2,select_coverage,2.0,top_k_avg,0.976525821596244,0.9774774774774776,0.9765175401847728,0.954112619997924,60,0.9765625,0.9774118361391037,0.9765321912333068,0.9536429845438198,15,14
2,select_coverage,2.0,list,0.976525821596244,0.9774774774774776,0.9765175401847728,0.954112619997924,60,0.9765625,0.9774118361391037,0.9765321912333068,0.9536429845438198,15,14
2,select_coverage,3.0,majority,0.976525821596244,0.9774774774774776,0.9765175401847728,0.954112619997924,60,0.9765625,0.9774118361391037,0.9765321912333068,0.9536429845438198,15,14
2,select_coverage,3.0,cmar,0.976525821596244,0.9774774774774776,0.9765175401847728,0.954112619997924,60,0.9765625,0.9774118361391037,0.9765321912333068,0.9536429845438198,15,14
2,select_coverage,3.0,top_k_avg,0.976525821596244,0.9774774774774776,0.9765175401847728,0.954112619997924,60,0.9765625,0.9774118361391037,0.9765321912333068,0.9536429845438198,15,14
2,select_coverage,3.0,list,0.976525821596244,0.9774774774774776,0.9765175401847728,0.954112619997924,60,0.9765625,0.9774118361391037,0.9765321912333068,0.9536429845438198,15,14
2,select_coverage,4.0,majority,0.976525821596244,0.9774774774774776,0.9765175401847728,0.954112619997924,60,0.9765625,0.9774118361391037,0.9765321912333068,0.9536429845438198,15,14
2,select_coverage,4.0,cmar,0.976525821596244,0.9774774774774776,0.9765175401847728,0.954112619997924,60,0.9765625,0.9774118361391037,0.9765321912333068,0.9536429845438198,15,14
2,select_coverage,4.0,top_k_avg,0.976525821596244,0.9774774774774776,0.9765175401847728,0.954112619997924,60,0.9765625,0.9774118361391037,0.9765321912333068,0.9536429845438198,15,14
2,select_coverage,4.0,list,0.976525821596244,0.9774774774774776,0.9765175401847728,0.954112619997924,60,0.9765625,0.9774118361391037,0.9765321912333068,0.9536429845438198,15,14
2,select_coverage_CBA_M1,,majority,0.976525821596244,0.9774774774774776,0.9765175401847728,0.954112619997924,60,0.9765625,0.9774118361391037,0.9765321912333068,0.9536429845438198,15,14
2,select_coverage_CBA_M1,,cmar,0.976525821596244,0.9774774774774776,0.9765175401847728,0.954112619997924,60,0.9765625,0.9774118361391037,0.9765321912333068,0.9536429845438198,15,14
2,select_coverage_CBA_M1,,top_k_avg,0.976525821596244,0.9774774774774776,0.9765175401847728,0.954112619997924,60,0.9765625,0.9774118361391037,0.9765321912333068,0.9536429845438198,15,14
2,select_coverage_CBA_M1,,list,0.976525821596244,0.9774774774774776,0.9765175401847728,0.954112619997924,60,0.9765625,0.9774118361391037,0.9765321912333068,0.9536429845438198,15,14
1,select_coverage,1.0,majority,0.9800469483568076,0.9809274495138368,0.9800332289370216,0.9608481825211108,51,0.9609375,0.9614105773744328,0.9609160305343512,0.9222125956607696,25,17
1,select_coverage,1.0,cmar,0.9800469483568076,0.9809274495138368,0.9800332289370216,0.9608481825211108,51,0.9625,0.9630339539978094,0.9624820470733064,0.9254346124910692,24,17
1,select_coverage,1.0,top_k_avg,0.9800469483568076,0.9809274495138368,0.9800332289370216,0.9608481825211108,51,0.9609375,0.9614105773744328,0.9609160305343512,0.9222125956607696,25,17
1,select_coverage,1.0,list,0.9800469483568076,0.9809274495138368,0.9800332289370216,0.9608481825211108,51,0.9609375,0.9614105773744328,0.9609160305343512,0.9222125956607696,25,17
1,select_coverage,2.0,majority,0.9800469483568076,0.9809274495138368,0.9800332289370216,0.9608481825211108,51,0.9609375,0.9614105773744328,0.9609160305343512,0.9222125956607696,25,17
1,select_coverage,2.0,cmar,0.9800469483568076,0.9809274495138368,0.9800332289370216,0.9608481825211108,51,0.9625,0.9630339539978094,0.9624820470733064,0.9254346124910692,24,17
1,select_coverage,2.0,top_k_avg,0.9800469483568076,0.9809274495138368,0.9800332289370216,0.9608481825211108,51,0.9609375,0.9614105773744328,0.9609160305343512,0.9222125956607696,25,17
1,select_coverage,2.0,list,0.9800469483568076,0.9809274495138368,0.9800332289370216,0.9608481825211108,51,0.9609375,0.9614105773744328,0.9609160305343512,0.9222125956607696,25,17
1,select_coverage,3.0,majority,0.9800469483568076,0.9809274495138368,0.9800332289370216,0.9608481825211108,51,0.9625,0.9630339539978094,0.9624820470733064,0.9254346124910692,24,17
1,select_coverage,3.0,cmar,0.9800469483568076,0.9809274495138368,0.9800332289370216,0.9608481825211108,51,0.9625,0.9630339539978094,0.9624820470733064,0.9254346124910692,24,17
1,select_coverage,3.0,top_k_avg,0.9800469483568076,0.9809274495138368,0.9800332289370216,0.9608481825211108,51,0.9609375,0.9614105773744328,0.9609160305343512,0.9222125956607696,25,17
1,select_coverage,3.0,list,0.9800469483568076,0.9809274495138368,0.9800332289370216,0.9608481825211108,51,0.9609375,0.9614105773744328,0.9609160305343512,0.9222125956607696,25,17
1,select_coverage,4.0,majority,0.9800469483568076,0.9809274495138368,0.9800332289370216,0.9608481825211108,51,0.9625,0.9630339539978094,0.9624820470733064,0.9254346124910692,24,17
1,select_coverage,4.0,cmar,0.9800469483568076,0.9809274495138368,0.9800332289370216,0.9608481825211108,51,0.9625,0.9630339539978094,0.9624820470733064,0.9254346124910692,24,17
1,select_coverage,4.0,top_k_avg,0.9800469483568076,0.9809274495138368,0.9800332289370216,0.9608481825211108,51,0.9609375,0.9614105773744328,0.9609160305343512,0.9222125956607696,25,17
1,select_coverage,4.0,list,0.9800469483568076,0.9809274495138368,0.9800332289370216,0.9608481825211108,51,0.9609375,0.9614105773744328,0.9609160305343512,0.9222125956607696,25,17
1,select_coverage_CBA_M1,,majority,0.9800469483568076,0.9809274495138368,0.9800332289370216,0.9608481825211108,51,0.9609375,0.9614105773744328,0.9609160305343512,0.9222125956607696,25,17
1,select_coverage_CBA_M1,,cmar,0.9800469483568076,0.9809274495138368,0.9800332289370216,0.9608481825211108,51,0.9609375,0.9614105773744328,0.9609160305343512,0.9222125956607696,25,17
1,select_coverage_CBA_M1,,top_k_avg,0.9800469483568076,0.9809274495138368,0.9800332289370216,0.9608481825211108,51,0.9609375,0.9614105773744328,0.9609160305343512,0.9222125956607696,25,17
1,select_coverage_CBA_M1,,list,0.9800469483568076,0.9809274495138368,0.9800332289370216,0.9608481825211108,51,0.9609375,0.9614105773744328,0.9609160305343512,0.9222125956607696,25,17
2,select_coverage,1.0,majority,0.9800469483568076,0.9809274495138368,0.9800332289370216,0.9608481825211108,51,0.9625,0.9630339539978094,0.9624820470733064,0.9254346124910692,24,17
2,select_coverage,1.0,cmar,0.9800469483568076,0.9809274495138368,0.9800332289370216,0.9608481825211108,51,0.9625,0.9630339539978094,0.9624820470733064,0.9254346124910692,24,17
2,select_coverage,1.0,top_k_avg,0.9800469483568076,0.9809274495138368,0.9800332289370216,0.9608481825211108,51,0.9609375,0.9614105773744328,0.9609160305343512,0.9222125956607696,25,17
2,select_coverage,1.0,list,0.9800469483568076,0.9809274495138368,0.9800332289370216,0.9608481825211108,51,0.9625,0.9630339539978094,0.9624820470733064,0.9254346124910692,24,17
2,select_coverage,2.0,majority,0.9800469483568076,0.9809274495138368,0.9800332289370216,0.9608481825211108,51,0.9625,0.9630339539978094,0.9624820470733064,0.9254346124910692,24,17
2,select_coverage,2.0,cmar,0.9800469483568076,0.9809274495138368,0.9800332289370216,0.9608481825211108,51,0.9625,0.9630339539978094,0.9624820470733064,0.9254346124910692,24,17
2,select_coverage,2.0,top_k_avg,0.9800469483568076,0.9809274495138368,0.9800332289370216,0.9608481825211108,51,0.9609375,0.9614105773744328,0.9609160305343512,0.9222125956607696,25,17
2,select_coverage,2.0,list,0.9800469483568076,0.9809274495138368,0.9800332289370216,0.9608481825211108,51,0.9625,0.9630339539978094,0.9624820470733064,0.9254346124910692,24,17
2,select_coverage,3.0,majority,0.9800469483568076,0.9809274495138368,0.9800332289370216,0.9608481825211108,51,0.9625,0.9630339539978094,0.9624820470733064,0.9254346124910692,24,17
2,select_coverage,3.0,cmar,0.9800469483568076,0.9809274495138368,0.9800332289370216,0.9608481825211108,51,0.9625,0.9630339539978094,0.9624820470733064,0.9254346124910692,24,17
2,select_coverage,3.0,top_k_avg,0.9800469483568076,0.9809274495138368,0.9800332289370216,0.9608481825211108,51,0.9609375,0.9614105773744328,0.9609160305343512,0.9222125956607696,25,17
2,select_coverage,3.0,list,0.9800469483568076,0.9809274495138368,0.9800332289370216,0.9608481825211108,51,0.9625,0.9630339539978094,0.9624820470733064,0.9254346124910692,24,17
2,select_coverage,4.0,majority,0.9800469483568076,0.9809274495138368,0.9800332289370216,0.9608481825211108,51,0.9625,0.9630339539978094,0.9624820470733064,0.9254346124910692,24,17
2,select_coverage,4.0,cmar,0.9800469483568076,0.9809274495138368,0.9800332289370216,0.9608481825211108,51,0.9625,0.9630339539978094,0.9624820470733064,0.9254346124910692,24,17
2,select_coverage,4.0,top_k_avg,0.9800469483568076,0.9809274495138368,0.9800332289370216,0.9608481825211108,51,0.9609375,0.9614105773744328,0.9609160305343512,0.9222125956607696,25,17
2,select_coverage,4.0,list,0.9800469483568076,0.9809274495138368,0.9800332289370216,0.9608481825211108,51,0.9625,0.9630339539978094,0.9624820470733064,0.9254346124910692,24,17
2,select_coverage_CBA_M1,,majority,0.9800469483568076,0.9809274495138368,0.9800332289370216,0.9608481825211108,51,0.9625,0.9630339539978094,0.9624820470733064,0.9254346124910692,24,17
2,select_coverage_CBA_M1,,cmar,0.9800469483568076,0.9809274495138368,0.9800332289370216,0.9608481825211108,51,0.9625,0.9630339539978094,0.9624820470733064,0.9254346124910692,24,17
2,select_coverage_CBA_M1,,top_k_avg,0.9800469483568076,0.9809274495138368,0.9800332289370216,0.9608481825211108,51,0.9609375,0.9614105773744328,0.9609160305343512,0.9222125956607696,25,17
2,select_coverage_CBA_M1,,list,0.9800469483568076,0.9809274495138368,0.9800332289370216,0.9608481825211108,51,0.9625,0.9630339539978094,0.9624820470733064,0.9254346124910692,24,17
1,select_coverage,1.0,majority,0.976525821596244,0.9772209567198178,0.9765246573757213,0.9541262162871303,60,0.9703125,0.972064393939394,0.9701227767144392,0.941056543466701,19,19
1,select_coverage,1.0,cmar,0.976525821596244,0.9772209567198178,0.9765246573757213,0.9541262162871303,60,0.9703125,0.972064393939394,0.9701227767144392,0.941056543466701,19,19
1,select_coverage,1.0,top_k_avg,0.976525821596244,0.9772209567198178,0.9765246573757213,0.9541262162871303,60,0.9703125,0.972064393939394,0.9701227767144392,0.941056543466701,19,19
1,select_coverage,1.0,list,0.976525821596244,0.9772209567198178,0.9765246573757213,0.9541262162871303,60,0.9703125,0.972064393939394,0.9701227767144392,0.941056543466701,19,19
1,select_coverage,2.0,majority,0.976525821596244,0.9772209567198178,0.9765246573757213,0.9541262162871303,60,0.9703125,0.972064393939394,0.9701227767144392,0.941056543466701,19,19
1,select_coverage,2.0,cmar,0.976525821596244,0.9772209567198178,0.9765246573757213,0.9541262162871303,60,0.9703125,0.972064393939394,0.9701227767144392,0.941056543466701,19,19
1,select_coverage,2.0,top_k_avg,0.976525821596244,0.9772209567198178,0.9765246573757213,0.9541262162871303,60,0.9703125,0.972064393939394,0.9701227767144392,0.941056543466701,19,19
1,select_coverage,2.0,list,0.976525821596244,0.9772209567198178,0.9765246573757213,0.9541262162871303,60,0.9703125,0.972064393939394,0.9701227767144392,0.941056543466701,19,19
1,select_coverage,3.0,majority,0.976525821596244,0.9772209567198178,0.9765246573757213,0.9541262162871303,60,0.9703125,0.972064393939394,0.9701227767144392,0.941056543466701,19,19
1,select_coverage,3.0,cmar,0.976525821596244,0.9772209567198178,0.9765246573757213,0.9541262162871303,60,0.9703125,0.972064393939394,0.9701227767144392,0.941056543466701,19,19
1,select_coverage,3.0,top_k_avg,0.976525821596244,0.9772209567198178,0.9765246573757213,0.9541262162871303,60,0.9703125,0.972064393939394,0.9701227767144392,0.941056543466701,19,19
1,select_coverage,3.0,list,0.976525821596244,0.9772209567198178,0.9765246573757213,0.9541262162871303,60,0.9703125,0.972064393939394,0.9701227767144392,0.941056543466701,19,19
1,select_coverage,4.0,majority,0.976525821596244,0.9772209567198178,0.9765246573757213,0.9541262162871303,60,0.9703125,0.972064393939394,0.9701227767144392,0.941056543466701,19,19
1,select_coverage,4.0,cmar,0.976525821596244,0.9772209567198178,0.9765246573757213,0.9541262162871303,60,0.9703125,0.972064393939394,0.9701227767144392,0.941056543466701,19,19
1,select_coverage,4.0,top_k_avg,0.976525821596244,0.9772209567198178,0.9765246573757213,0.9541262162871303,60,0.9703125,0.972064393939394,0.9701227767144392,0.941056543466701,19,19
1,select_coverage,4.0,list,0.976525821596244,0.9772209567198178,0.9765246573757213,0.9541262162871303,60,0.9703125,0.972064393939394,0.9701227767144392,0.941056543466701,19,19
1,select_coverage_CBA_M1,,majority,0.976525821596244,0.9772209567198178,0.9765246573757213,0.9541262162871303,60,0.9703125,0.972064393939394,0.9701227767144392,0.941056543466701,19,19
1,select_coverage_CBA_M1,,cmar,0.976525821596244,0.9772209567198178,0.9765246573757213,0.9541262162871303,60,0.9703125,0.972064393939394,0.9701227767144392,0.941056543466701,19,19
1,select_coverage_CBA_M1,,top_k_avg,0.976525821596244,0.9772209567198178,0.9765246573757213,0.9541262162871303,60,0.9703125,0.972064393939394,0.9701227767144392,0.941056543466701,19,19
1,select_coverage_CBA_M1,,list,0.976525821596244,0.9772209567198178,0.9765246573757213,0.9541262162871303,60,0.9703125,0.972064393939394,0.9701227767144392,0.941056543466701,19,19
2,select_coverage,1.0,majority,0.976525821596244,0.9772209567198178,0.9765246573757213,0.9541262162871303,60,0.9703125,0.972064393939394,0.9701227767144392,0.941056543466701,19,19
2,select_coverage,1.0,cmar,0.976525821596244,0.9772209567198178,0.9765246573757213,0.9541262162871303,60,0.9703125,0.972064393939394,0.9701227767144392,0.941056543466701,19,19
2,select_coverage,1.0,top_k_avg,0.976525821596244,0.9772209567198178,0.9765246573757213,0.9541262162871303,60,0.9703125,0.972064393939394,0.9701227767144392,0.941056543466701,19,19
2,select_coverage,1.0,list,0.976525821596244,0.9772209567198178,0.9765246573757213,0.9541262162871303,60,0.9703125,0.972064393939394,0.9701227767144392,0.941056543466701,19,19
2,select_coverage,2.0,majority,0.976525821596244,0.9772209567198178,0.9765246573757213,0.9541262162871303,60,0.9703125,0.972064393939394,0.9701227767144392,0.941056543466701,19,19
2,select_coverage,2.0,cmar,0.976525821596244,0.9772209567198178,0.9765246573757213,0.9541262162871303,60,0.9703125,0.972064393939394,0.9701227767144392,0.941056543466701,19,19
2,select_coverage,2.0,top_k_avg,0.976525821596244,0.9772209567198178,0.9765246573757213,0.9541262162871303,60,0.9703125,0.972064393939394,0.9701227767144392,0.941056543466701,19,19
2,select_coverage,2.0,list,0.976525821596244,0.9772209567198178,0.9765246573757213,0.9541262162871303,60,0.9703125,0.972064393939394,0.9701227767144392,0.941056543466701,19,19
2,select_coverage,3.0,majority,0.976525821596244,0.9772209567198178,0.9765246573757213,0.9541262162871303,60,0.9703125,0.972064393939394,0.9701227767144392,0.941056543466701,19,19
2,select_coverage,3.0,cmar,0.976525821596244,0.9772209567198178,0.9765246573757213,0.9541262162871303,60,0.9703125,0.972064393939394,0.9701227767144392,0.941056543466701,19,19
2,select_coverage,3.0,top_k_avg,0.976525821596244,0.9772209567198178,0.9765246573757213,0.9541262162871303,60,0.9703125,0.972064393939394,0.9701227767144392,0.941056543466701,19,19
2,select_coverage,3.0,list,0.976525821596244,0.9772209567198178,0.9765246573757213,0.9541262162871303,60,0.9703125,0.972064393939394,0.9701227767144392,0.941056543466701,19,19
2,select_coverage,4.0,majority,0.976525821596244,0.9772209567198178,0.9765246573757213,0.9541262162871303,60,0.9703125,0.972064393939394,0.9701227767144392,0.941056543466701,19,19
2,select_coverage,4.0,cmar,0.976525821596244,0.9772209567198178,0.9765246573757213,0.9541262162871303,60,0.9703125,0.972064393939394,0.9701227767144392,0.941056543466701,19,19
2,select_coverage,4.0,top_k_avg,0.976525821596244,0.9772209567198178,0.9765246573757213,0.9541262162871303,60,0.9703125,0.972064393939394,0.9701227767144392,0.941056543466701,19,19
2,select_coverage,4.0,list,0.976525821596244,0.9772209567198178,0.9765246573757213,0.9541262162871303,60,0.9703125,0.972064393939394,0.9701227767144392,0.941056543466701,19,19
2,select_coverage_CBA_M1,,majority,0.976525821596244,0.9772209567198178,0.9765246573757213,0.9541262162871303,60,0.9703125,0.972064393939394,0.9701227767144392,0.941056543466701,19,19
2,select_coverage_CBA_M1,,cmar,0.976525821596244,0.9772209567198178,0.9765246573757213,0.9541262162871303,60,0.9703125,0.972064393939394,0.9701227767144392,0.941056543466701,19,19
2,select_coverage_CBA_M1,,top_k_avg,0.976525821596244,0.9772209567198178,0.9765246573757213,0.9541262162871303,60,0.9703125,0.972064393939394,0.9701227767144392,0.941056543466701,19,19
2,select_coverage_CBA_M1,,list,0.976525821596244,0.9772209567198178,0.9765246573757213,0.9541262162871303,60,0.9703125,0.972064393939394,0.9701227767144392,0.941056543466701,19,19
1,select_coverage,1.0,majority,0.9823943661971832,0.9830954169797144,0.982384333052808,0.965378540091672,45,0.959375,0.9608331047454838,0.9593428395508166,0.920206949533542,26,29
1,select_coverage,1.0,cmar,0.9823943661971832,0.9830954169797144,0.982384333052808,0.965378540091672,45,0.959375,0.9608331047454838,0.9593428395508166,0.920206949533542,26,29
1,select_coverage,1.0,top_k_avg,0.9823943661971832,0.9830954169797144,0.982384333052808,0.965378540091672,45,0.959375,0.9608331047454838,0.9593428395508166,0.920206949533542,26,29
1,select_coverage,1.0,list,0.9823943661971832,0.9830954169797144,0.982384333052808,0.965378540091672,45,0.959375,0.9608331047454838,0.9593428395508166,0.920206949533542,26,29
1,select_coverage,2.0,majority,0.9823943661971832,0.9830954169797144,0.982384333052808,0.965378540091672,45,0.959375,0.9608331047454838,0.9593428395508166,0.920206949533542,26,29
1,select_coverage,2.0,cmar,0.9823943661971832,0.9830954169797144,0.982384333052808,0.965378540091672,45,0.959375,0.9608331047454838,0.9593428395508166,0.920206949533542,26,29
1,select_coverage,2.0,top_k_avg,0.9823943661971832,0.9830954169797144,0.982384333052808,0.965378540091672,45,0.959375,0.9608331047454838,0.9593428395508166,0.920206949533542,26,29
1,select_coverage,2.0,list,0.9823943661971832,0.9830954169797144,0.982384333052808,0.965378540091672,45,0.959375,0.9608331047454838,0.9593428395508166,0.920206949533542,26,29
1,select_coverage,3.0,majority,0.9823943661971832,0.9830954169797144,0.982384333052808,0.965378540091672,45,0.959375,0.9608331047454838,0.9593428395508166,0.920206949533542,26,29
1,select_coverage,3.0,cmar,0.9823943661971832,0.9830954169797144,0.982384333052808,0.965378540091672,45,0.959375,0.9608331047454838,0.9593428395508166,0.920206949533542,26,29
1,select_coverage,3.0,top_k_avg,0.9823943661971832,0.9830954169797144,0.982384333052808,0.965378540091672,45,0.959375,0.9608331047454838,0.9593428395508166,0.920206949533542,26,29
1,select_coverage,3.0,list,0.9823943661971832,0.9830954169797144,0.982384333052808,0.965378540091672,45,0.959375,0.9608331047454838,0.9593428395508166,0.920206949533542,26,29
1,select_coverage,4.0,majority,0.9823943661971832,0.9830954169797144,0.982384333052808,0.965378540091672,45,0.959375,0.9608331047454838,0.9593428395508166,0.920206949533542,26,29
1,select_coverage,4.0,cmar,0.9823943661971832,0.9830954169797144,0.982384333052808,0.965378540091672,45,0.959375,0.9608331047454838,0.9593428395508166,0.920206949533542,26,29
1,select_coverage,4.0,top_k_avg,0.9823943661971832,0.9830954169797144,0.982384333052808,0.965378540091672,45,0.959375,0.9608331047454838,0.9593428395508166,0.920206949533542,26,29
1,select_coverage,4.0,list,0.9823943661971832,0.9830954169797144,0.982384333052808,0.965378540091672,45,0.959375,0.9608331047454838,0.9593428395508166,0.920206949533542,26,29
1,select_coverage_CBA_M1,,majority,0.9823943661971832,0.9830954169797144,0.982384333052808,0.965378540091672,45,0.959375,0.9608331047454838,0.9593428395508166,0.920206949533542,26,29
1,select_coverage_CBA_M1,,cmar,0.9823943661971832,0.9830954169797144,0.982384333052808,0.965378540091672,45,0.959375,0.9608331047454838,0.9593428395508166,0.920206949533542,26,29
1,select_coverage_CBA_M1,,top_k_avg,0.9823943661971832,0.9830954169797144,0.982384333052808,0.965378540091672,45,0.959375,0.9608331047454838,0.9593428395508166,0.920206949533542,26,29
1,select_coverage_CBA_M1,,list,0.9823943661971832,0.9830954169797144,0.982384333052808,0.965378540091672,45,0.959375,0.9608331047454838,0.9593428395508166,0.920206949533542,26,29
2,select_coverage,1.0,majority,0.9823943661971832,0.9830954169797144,0.982384333052808,0.965378540091672,45,0.959375,0.9608331047454838,0.9593428395508166,0.920206949533542,26,29
2,select_coverage,1.0,cmar,0.9823943661971832,0.9830954169797144,0.982384333052808,0.965378540091672,45,0.959375,0.9608331047454838,0.9593428395508166,0.920206949533542,26,29
2,select_coverage,1.0,top_k_avg,0.9823943661971832,0.9830954169797144,0.982384333052808,0.965378540091672,45,0.959375,0.9608331047454838,0.9593428395508166,0.920206949533542,26,29
2,select_coverage,1.0,list,0.9823943661971832,0.9830954169797144,0.982384333052808,0.965378540091672,45,0.959375,0.9608331047454838,0.9593428395508166,0.920206949533542,26,29
2,select_coverage,2.0,majority,0.9823943661971832,0.9830954169797144,0.982384333052808,0.965378540091672,45,0.959375,0.9608331047454838,0.9593428395508166,0.920206949533542,26,29
2,select_coverage,2.0,cmar,0.9823943661971832,0.9830954169797144,0.982384333052808,0.965378540091672,45,0.959375,0.9608331047454838,0.9593428395508166,0.920206949533542,26,29
2,select_coverage,2.0,top_k_avg,0.9823943661971832,0.9830954169797144,0.982384333052808,0.965378540091672,45,0.959375,0.9608331047454838,0.9593428395508166,0.920206949533542,26,29
2,select_coverage,2.0,list,0.9823943661971832,0.9830954169797144,0.982384333052808,0.965378540091672,45,0.959375,0.9608331047454838,0.9593428395508166,0.920206949533542,26,29
2,select_coverage,3.0,majority,0.9823943661971832,0.9830954169797144,0.982384333052808,0.965378540091672,45,0.959375,0.9608331047454838,0.9593428395508166,0.920206949533542,26,29
2,select_coverage,3.0,cmar,0.9823943661971832,0.9830954169797144,0.982384333052808,0.965378540091672,45,0.959375,0.9608331047454838,0.9593428395508166,0.920206949533542,26,29
2,select_coverage,3.0,top_k_avg,0.9823943661971832,0.9830954169797144,0.982384333052808,0.965378540091672,45,0.959375,0.9608331047454838,0.9593428395508166,0.920206949533542,26,29
2,select_coverage,3.0,list,0.9823943661971832,0.9830954169797144,0.982384333052808,0.965378540091672,45,0.959375,0.9608331047454838,0.9593428395508166,0.920206949533542,26,29
2,select_coverage,4.0,majority,0.9823943661971832,0.9830954169797144,0.982384333052808,0.965378540091672,45,0.959375,0.9608331047454838,0.9593428395508166,0.920206949533542,26,29
2,select_coverage,4.0,cmar,0.9823943661971832,0.9830954169797144,0.982384333052808,0.965378540091672,45,0.959375,0.9608331047454838,0.9593428395508166,0.920206949533542,26,29
2,select_coverage,4.0,top_k_avg,0.9823943661971832,0.9830954169797144,0.982384333052808,0.965378540091672,45,0.959375,0.9608331047454838,0.9593428395508166,0.920206949533542,26,29
2,select_coverage,4.0,list,0.9823943661971832,0.9830954169797144,0.982384333052808,0.965378540091672,45,0.959375,0.9608331047454838,0.9593428395508166,0.920206949533542,26,29
2,select_coverage_CBA_M1,,majority,0.9823943661971832,0.9830954169797144,0.982384333052808,0.965378540091672,45,0.959375,0.9608331047454838,0.9593428395508166,0.920206949533542,26,29
2,select_coverage_CBA_M1,,cmar,0.9823943661971832,0.9830954169797144,0.982384333052808,0.965378540091672,45,0.959375,0.9608331047454838,0.9593428395508166,0.920206949533542,26,29
2,select_coverage_CBA_M1,,top_k_avg,0.9823943661971832,0.9830954169797144,0.982384333052808,0.965378540091672,45,0.959375,0.9608331047454838,0.9593428395508166,0.920206949533542,26,29
2,select_coverage_CBA_M1,,list,0.9823943661971832,0.9830954169797144,0.982384333052808,0.965378540091672,45,0.959375,0.9608331047454838,0.9593428395508166,0.920206949533542,26,29
1,select_coverage,1.0,majority,0.9859154929577464,0.9866071428571428,0.9858955965125262,0.972183520073909,36,0.9734375,0.9734065934065934,0.9734296508490056,0.9468640575552124,17,31
1,select_coverage,1.0,cmar,0.9859154929577464,0.9866071428571428,0.9858955965125262,0.972183520073909,36,0.971875,0.971868131868132,0.971868131868132,0.9437362637362636,18,31
1,select_coverage,1.0,top_k_avg,0.9859154929577464,0.9866071428571428,0.9858955965125262,0.972183520073909,36,0.971875,0.971868131868132,0.971868131868132,0.9437362637362636,18,31
1,select_coverage,1.0,list,0.9859154929577464,0.9866071428571428,0.9858955965125262,0.972183520073909,36,0.971875,0.971868131868132,0.971868131868132,0.9437362637362636,18,31
1,select_coverage,2.0,majority,0.9859154929577464,0.9866071428571428,0.9858955965125262,0.972183520073909,36,0.9734375,0.9734065934065934,0.9734296508490056,0.9468640575552124,17,31
1,select_coverage,2.0,cmar,0.9859154929577464,0.9866071428571428,0.9858955965125262,0.972183520073909,36,0.971875,0.971868131868132,0.971868131868132,0.9437362637362636,18,31
1,select_coverage,2.0,top_k_avg,0.9859154929577464,0.9866071428571428,0.9858955965125262,0.972183520073909,36,0.971875,0.971868131868132,0.971868131868132,0.9437362637362636,18,31
1,select_coverage,2.0,list,0.9859154929577464,0.9866071428571428,0.9858955965125262,0.972183520073909,36,0.971875,0.971868131868132,0.971868131868132,0.9437362637362636,18,31
1,select_coverage,3.0,majority,0.9859154929577464,0.9866071428571428,0.9858955965125262,0.972183520073909,36,0.9734375,0.9734065934065934,0.9734296508490056,0.9468640575552124,17,31
1,select_coverage,3.0,cmar,0.9859154929577464,0.9866071428571428,0.9858955965125262,0.972183520073909,36,0.971875,0.971868131868132,0.971868131868132,0.9437362637362636,18,31
1,select_coverage,3.0,top_k_avg,0.9859154929577464,0.9866071428571428,0.9858955965125262,0.972183520073909,36,0.971875,0.971868131868132,0.971868131868132,0.9437362637362636,18,31
1,select_coverage,3.0,list,0.9859154929577464,0.9866071428571428,0.9858955965125262,0.972183520073909,36,0.971875,0.971868131868132,0.971868131868132,0.9437362637362636,18,31
1,select_coverage,4.0,majority,0.9859154929577464,0.9866071428571428,0.9858955965125262,0.972183520073909,36,0.9734375,0.9734065934065934,0.9734296508490056,0.9468640575552124,17,31
1,select_coverage,4.0,cmar,0.9859154929577464,0.9866071428571428,0.9858955965125262,0.972183520073909,36,0.971875,0.971868131868132,0.971868131868132,0.9437362637362636,18,31
1,select_coverage,4.0,top_k_avg,0.9859154929577464,0.9866071428571428,0.9858955965125262,0.972183520073909,36,0.971875,0.971868131868132,0.971868131868132,0.9437362637362636,18,31
1,select_coverage,4.0,list,0.9859154929577464,0.9866071428571428,0.9858955965125262,0.972183520073909,36,0.971875,0.971868131868132,0.971868131868132,0.9437362637362636,18,31
1,select_coverage_CBA_M1,,majority,0.9859154929577464,0.9866071428571428,0.9858955965125262,0.972183520073909,36,0.9734375,0.9734065934065934,0.9734296508490056,0.9468640575552124,17,31
1,select_coverage_CBA_M1,,cmar,0.9859154929577464,0.9866071428571428,0.9858955965125262,0.972183520073909,36,0.971875,0.971868131868132,0.971868131868132,0.9437362637362636,18,31
1,select_coverage_CBA_M1,,top_k_avg,0.9859154929577464,0.9866071428571428,0.9858955965125262,0.972183520073909,36,0.971875,0.971868131868132,0.971868131868132,0.9437362637362636,18,31
1,select_coverage_CBA_M1,,list,0.9859154929577464,0.9866071428571428,0.9858955965125262,0.972183520073909,36,0.971875,0.971868131868132,0.971868131868132,0.9437362637362636,18,31
2,select_coverage,1.0,majority,0.9859154929577464,0.9866071428571428,0.9858955965125262,0.972183520073909,36,0.9734375,0.9734065934065934,0.9734296508490056,0.9468640575552124,17,31
2,select_coverage,1.0,cmar,0.9859154929577464,0.9866071428571428,0.9858955965125262,0.972183520073909,36,0.971875,0.971868131868132,0.971868131868132,0.9437362637362636,18,31
2,select_coverage,1.0,top_k_avg,0.9859154929577464,0.9866071428571428,0.9858955965125262,0.972183520073909,36,0.971875,0.971868131868132,0.971868131868132,0.9437362637362636,18,31
2,select_coverage,1.0,list,0.9859154929577464,0.9866071428571428,0.9858955965125262,0.972183520073909,36,0.971875,0.971868131868132,0.971868131868132,0.9437362637362636,18,31
2,select_coverage,2.0,majority,0.9859154929577464,0.9866071428571428,0.9858955965125262,0.972183520073909,36,0.9734375,0.9734065934065934,0.9734296508490056,0.9468640575552124,17,31
2,select_coverage,2.0,cmar,0.9859154929577464,0.9866071428571428,0.9858955965125262,0.972183520073909,36,0.971875,0.971868131868132,0.971868131868132,0.9437362637362636,18,31
2,select_coverage,2.0,top_k_avg,0.9859154929577464,0.9866071428571428,0.9858955965125262,0.972183520073909,36,0.971875,0.971868131868132,0.971868131868132,0.9437362637362636,18,31
2,select_coverage,2.0,list,0.9859154929577464,0.9866071428571428,0.9858955965125262,0.972183520073909,36,0.971875,0.971868131868132,0.971868131868132,0.9437362637362636,18,31
2,select_coverage,3.0,majority,0.9859154929577464,0.9866071428571428,0.9858955965125262,0.972183520073909,36,0.9734375,0.9734065934065934,0.9734296508490056,0.9468640575552124,17,31
2,select_coverage,3.0,cmar,0.9859154929577464,0.9866071428571428,0.9858955965125262,0.972183520073909,36,0.971875,0.971868131868132,0.971868131868132,0.9437362637362636,18,31
2,select_coverage,3.0,top_k_avg,0.9859154929577464,0.9866071428571428,0.9858955965125262,0.972183520073909,36,0.971875,0.971868131868132,0.971868131868132,0.9437362637362636,18,31
2,select_coverage,3.0,list,0.9859154929577464,0.9866071428571428,0.9858955965125262,0.972183520073909,36,0.971875,0.971868131868132,0.971868131868132,0.9437362637362636,18,31
2,select_coverage,4.0,majority,0.9859154929577464,0.9866071428571428,0.9858955965125262,0.972183520073909,36,0.9734375,0.9734065934065934,0.9734296508490056,0.9468640575552124,17,31
2,select_coverage,4.0,cmar,0.9859154929577464,0.9866071428571428,0.9858955965125262,0.972183520073909,36,0.971875,0.971868131868132,0.971868131868132,0.9437362637362636,18,31
2,select_coverage,4.0,top_k_avg,0.9859154929577464,0.9866071428571428,0.9858955965125262,0.972183520073909,36,0.971875,0.971868131868132,0.971868131868132,0.9437362637362636,18,31
2,select_coverage,4.0,list,0.9859154929577464,0.9866071428571428,0.9858955965125262,0.972183520073909,36,0.971875,0.971868131868132,0.971868131868132,0.9437362637362636,18,31
2,select_coverage_CBA_M1,,majority,0.9859154929577464,0.9866071428571428,0.9858955965125262,0.972183520073909,36,0.9734375,0.9734065934065934,0.9734296508490056,0.9468640575552124,17,31
2,select_coverage_CBA_M1,,cmar,0.9859154929577464,0.9866071428571428,0.9858955965125262,0.972183520073909,36,0.971875,0.971868131868132,0.971868131868132,0.9437362637362636,18,31
2,select_coverage_CBA_M1,,top_k_avg,0.9859154929577464,0.9866071428571428,0.9858955965125262,0.972183520073909,36,0.971875,0.971868131868132,0.971868131868132,0.9437362637362636,18,31
2,select_coverage_CBA_M1,,list,0.9859154929577464,0.9866071428571428,0.9858955965125262,0.972183520073909,36,0.971875,0.971868131868132,0.971868131868132,0.9437362637362636,18,31
1,select_coverage,1.0,majority,0.976525821596244,0.977238239757208,0.9765243842702354,0.954125694558144,60,0.96875,0.9712043691282446,0.9686015934691314,0.9387511444540956,20,34
1,select_coverage,1.0,cmar,0.976525821596244,0.977238239757208,0.9765243842702354,0.954125694558144,60,0.9703125,0.9729344729344728,0.9701778781658414,0.9420827392113112,19,34
1,select_coverage,1.0,top_k_avg,0.976525821596244,0.977238239757208,0.9765243842702354,0.954125694558144,60,0.96875,0.9715099715099716,0.9686148353750036,0.9391395282406598,20,34
1,select_coverage,1.0,list,0.976525821596244,0.977238239757208,0.9765243842702354,0.954125694558144,60,0.9703125,0.9729344729344728,0.9701778781658414,0.9420827392113112,19,34
1,select_coverage,2.0,majority,0.976525821596244,0.977238239757208,0.9765243842702354,0.954125694558144,60,0.96875,0.9712043691282446,0.9686015934691314,0.9387511444540956,20,34
1,select_coverage,2.0,cmar,0.976525821596244,0.977238239757208,0.9765243842702354,0.954125694558144,60,0.9703125,0.9729344729344728,0.9701778781658414,0.9420827392113112,19,34
1,select_coverage,2.0,top_k_avg,0.976525821596244,0.977238239757208,0.9765243842702354,0.954125694558144,60,0.9703125,0.9729344729344728,0.9701778781658414,0.9420827392113112,19,34
1,select_coverage,2.0,list,0.976525821596244,0.977238239757208,0.9765243842702354,0.954125694558144,60,0.9703125,0.9729344729344728,0.9701778781658414,0.9420827392113112,19,34
1,select_coverage,3.0,majority,0.976525821596244,0.977238239757208,0.9765243842702354,0.954125694558144,60,0.96875,0.9712043691282446,0.9686015934691314,0.9387511444540956,20,34
1,select_coverage,3.0,cmar,0.976525821596244,0.977238239757208,0.9765243842702354,0.954125694558144,60,0.9703125,0.9729344729344728,0.9701778781658414,0.9420827392113112,19,34
1,select_coverage,3.0,top_k_avg,0.976525821596244,0.977238239757208,0.9765243842702354,0.954125694558144,60,0.9703125,0.9729344729344728,0.9701778781658414,0.9420827392113112,19,34
1,select_coverage,3.0,list,0.976525821596244,0.977238239757208,0.9765243842702354,0.954125694558144,60,0.9703125,0.9729344729344728,0.9701778781658414,0.9420827392113112,19,34
1,select_coverage,4.0,majority,0.976525821596244,0.977238239757208,0.9765243842702354,0.954125694558144,60,0.9703125,0.9729344729344728,0.9701778781658414,0.9420827392113112,19,34
1,select_coverage,4.0,cmar,0.976525821596244,0.977238239757208,0.9765243842702354,0.954125694558144,60,0.96875,0.9715099715099716,0.9686148353750036,0.9391395282406598,20,34
1,select_coverage,4.0,top_k_avg,0.976525821596244,0.977238239757208,0.9765243842702354,0.954125694558144,60,0.9703125,0.9729344729344728,0.9701778781658414,0.9420827392113112,19,34
1,select_coverage,4.0,list,0.976525821596244,0.977238239757208,0.9765243842702354,0.954125694558144,60,0.9703125,0.9729344729344728,0.9701778781658414,0.9420827392113112,19,34
1,select_coverage_CBA_M1,,majority,0.976525821596244,0.977238239757208,0.9765243842702354,0.954125694558144,60,0.96875,0.9712043691282446,0.9686015934691314,0.9387511444540956,20,34
1,select_coverage_CBA_M1,,cmar,0.976525821596244,0.977238239757208,0.9765243842702354,0.954125694558144,60,0.9703125,0.9729344729344728,0.9701778781658414,0.9420827392113112,19,34
1,select_coverage_CBA_M1,,top_k_avg,0.976525821596244,0.977238239757208,0.9765243842702354,0.954125694558144,60,0.96875,0.9715099715099716,0.9686148353750036,0.9391395282406598,20,34
1,select_coverage_CBA_M1,,list,0.976525821596244,0.977238239757208,0.9765243842702354,0.954125694558144,60,0.9703125,0.9729344729344728,0.9701778781658414,0.9420827392113112,19,34
2,select_coverage,1.0,majority,0.976525821596244,0.977238239757208,0.9765243842702354,0.954125694558144,60,0.96875,0.9712043691282446,0.9686015934691314,0.9387511444540956,20,34
2,select_coverage,1.0,cmar,0.976525821596244,0.977238239757208,0.9765243842702354,0.954125694558144,60,0.9703125,0.9729344729344728,0.9701778781658414,0.9420827392113112,19,34
2,select_coverage,1.0,top_k_avg,0.976525821596244,0.977238239757208,0.9765243842702354,0.954125694558144,60,0.96875,0.9715099715099716,0.9686148353750036,0.9391395282406598,20,34
2,select_coverage,1.0,list,0.976525821596244,0.977238239757208,0.9765243842702354,0.954125694558144,60,0.9703125,0.9729344729344728,0.9701778781658414,0.9420827392113112,19,34
2,select_coverage,2.0,majority,0.976525821596244,0.977238239757208,0.9765243842702354,0.954125694558144,60,0.96875,0.9712043691282446,0.9686015934691314,0.9387511444540956,20,34
2,select_coverage,2.0,cmar,0.976525821596244,0.977238239757208,0.9765243842702354,0.954125694558144,60,0.9703125,0.9729344729344728,0.9701778781658414,0.9420827392113112,19,34
2,select_coverage,2.0,top_k_avg,0.976525821596244,0.977238239757208,0.9765243842702354,0.954125694558144,60,0.9703125,0.9729344729344728,0.9701778781658414,0.9420827392113112,19,34
2,select_coverage,2.0,list,0.976525821596244,0.977238239757208,0.9765243842702354,0.954125694558144,60,0.9703125,0.9729344729344728,0.9701778781658414,0.9420827392113112,19,34
2,select_coverage,3.0,majority,0.976525821596244,0.977238239757208,0.9765243842702354,0.954125694558144,60,0.96875,0.9712043691282446,0.9686015934691314,0.9387511444540956,20,34
2,select_coverage,3.0,cmar,0.976525821596244,0.977238239757208,0.9765243842702354,0.954125694558144,60,0.9703125,0.9729344729344728,0.9701778781658414,0.9420827392113112,19,34
2,select_coverage,3.0,top_k_avg,0.976525821596244,0.977238239757208,0.9765243842702354,0.954125694558144,60,0.9703125,0.9729344729344728,0.9701778781658414,0.9420827392113112,19,34
2,select_coverage,3.0,list,0.976525821596244,0.977238239757208,0.9765243842702354,0.954125694558144,60,0.9703125,0.9729344729344728,0.9701778781658414,0.9420827392113112,19,34
2,select_coverage,4.0,majority,0.976525821596244,0.977238239757208,0.9765243842702354,0.954125694558144,60,0.9703125,0.9729344729344728,0.9701778781658414,0.9420827392113112,19,34
2,select_coverage,4.0,cmar,0.976525821596244,0.977238239757208,0.9765243842702354,0.954125694558144,60,0.96875,0.9715099715099716,0.9686148353750036,0.9391395282406598,20,34
2,select_coverage,4.0,top_k_avg,0.976525821596244,0.977238239757208,0.9765243842702354,0.954125694558144,60,0.9703125,0.9729344729344728,0.9701778781658414,0.9420827392113112,19,34
2,select_coverage,4.0,list,0.976525821596244,0.977238239757208,0.9765243842702354,0.954125694558144,60,0.9703125,0.9729344729344728,0.9701778781658414,0.9420827392113112,19,34
2,select_coverage_CBA_M1,,majority,0.976525821596244,0.977238239757208,0.9765243842702354,0.954125694558144,60,0.96875,0.9712043691282446,0.9686015934691314,0.9387511444540956,20,34
2,select_coverage_CBA_M1,,cmar,0.976525821596244,0.977238239757208,0.9765243842702354,0.954125694558144,60,0.9703125,0.9729344729344728,0.9701778781658414,0.9420827392113112,19,34
2,select_coverage_CBA_M1,,top_k_avg,0.976525821596244,0.977238239757208,0.9765243842702354,0.954125694558144,60,0.96875,0.9715099715099716,0.9686148353750036,0.9391395282406598,20,34
2,select_coverage_CBA_M1,,list,0.976525821596244,0.977238239757208,0.9765243842702354,0.954125694558144,60,0.9703125,0.9729344729344728,0.9701778781658414,0.9420827392113112,19,34
1,select_coverage,1.0,majority,0.9773082942097028,0.9781790820165538,0.9773015678588928,0.9556106965296516,58,0.9609375,0.9618627450980392,0.9608571309744862,0.92228441638732,25,42
1,select_coverage,1.0,cmar,0.9773082942097028,0.9781790820165538,0.9773015678588928,0.9556106965296516,58,0.9640625,0.9651960784313725,0.9639984249310908,0.9287954547839554,23,42
1,select_coverage,1.0,top_k_avg,0.9773082942097028,0.9781790820165538,0.9773015678588928,0.9556106965296516,58,0.959375,0.96078431372549,0.959317790643092,0.9198387927443412,26,42
1,select_coverage,1.0,list,0.9773082942097028,0.9781790820165538,0.9773015678588928,0.9556106965296516,58,0.9640625,0.9651960784313725,0.9639984249310908,0.9287954547839554,23,42
1,select_coverage,2.0,majority,0.9773082942097028,0.9781790820165538,0.9773015678588928,0.9556106965296516,58,0.9625,0.9633333333333334,0.962417421091265,0.9253069202751192,24,42
1,select_coverage,2.0,cmar,0.9773082942097028,0.9781790820165538,0.9773015678588928,0.9556106965296516,58,0.965625,0.9666666666666666,0.9655590779225862,0.9317998659595362,22,42
1,select_coverage,2.0,top_k_avg,0.9773082942097028,0.9781790820165538,0.9773015678588928,0.9556106965296516,58,0.9609375,0.9622549019607842,0.9608778042667644,0.9228150090886612,25,42
1,select_coverage,2.0,list,0.9773082942097028,0.9781790820165538,0.9773015678588928,0.9556106965296516,58,0.965625,0.9666666666666666,0.9655590779225862,0.9317998659595362,22,42
1,select_coverage,3.0,majority,0.9773082942097028,0.9781790820165538,0.9773015678588928,0.9556106965296516,58,0.9625,0.9633333333333334,0.962417421091265,0.9253069202751192,24,42
1,select_coverage,3.0,cmar,0.9773082942097028,0.9781790820165538,0.9773015678588928,0.9556106965296516,58,0.965625,0.9666666666666666,0.9655590779225862,0.9317998659595362,22,42
1,select_coverage,3.0,top_k_avg,0.9773082942097028,0.9781790820165538,0.9773015678588928,0.9556106965296516,58,0.965625,0.9666666666666666,0.9655590779225862,0.9317998659595362,22,42
1,select_coverage,3.0,list,0.9773082942097028,0.9781790820165538,0.9773015678588928,0.9556106965296516,58,0.965625,0.9666666666666666,0.9655590779225862,0.9317998659595362,22,42
1,select_coverage,4.0,majority,0.9773082942097028,0.9781790820165538,0.9773015678588928,0.9556106965296516,58,0.9625,0.9633333333333334,0.962417421091265,0.9253069202751192,24,42
1,select_coverage,4.0,cmar,0.9773082942097028,0.9781790820165538,0.9773015678588928,0.9556106965296516,58,0.965625,0.9666666666666666,0.9655590779225862,0.9317998659595362,22,42
1,select_coverage,4.0,top_k_avg,0.9773082942097028,0.9781790820165538,0.9773015678588928,0.9556106965296516,58,0.965625,0.9666666666666666,0.9655590779225862,0.9317998659595362,22,42
1,select_coverage,4.0,list,0.9773082942097028,0.9781790820165538,0.9773015678588928,0.9556106965296516,58,0.965625,0.9666666666666666,0.9655590779225862,0.9317998659595362,22,42
1,select_coverage_CBA_M1,,majority,0.9773082942097028,0.9781790820165538,0.9773015678588928,0.9556106965296516,58,0.9609375,0.9618627450980392,0.9608571309744862,0.92228441638732,25,42
1,select_coverage_CBA_M1,,cmar,0.9773082942097028,0.9781790820165538,0.9773015678588928,0.9556106965296516,58,0.9640625,0.9651960784313725,0.9639984249310908,0.9287954547839554,23,42
1,select_coverage_CBA_M1,,top_k_avg,0.9773082942097028,0.9781790820165538,0.9773015678588928,0.9556106965296516,58,0.959375,0.96078431372549,0.959317790643092,0.9198387927443412,26,42
1,select_coverage_CBA_M1,,list,0.9773082942097028,0.9781790820165538,0.9773015678588928,0.9556106965296516,58,0.9640625,0.9651960784313725,0.9639984249310908,0.9287954547839554,23,42
2,select_coverage,1.0,majority,0.9773082942097028,0.9781790820165538,0.9773015678588928,0.9556106965296516,58,0.9609375,0.9618627450980392,0.9608571309744862,0.92228441638732,25,42
2,select_coverage,1.0,cmar,0.9773082942097028,0.9781790820165538,0.9773015678588928,0.9556106965296516,58,0.9640625,0.9651960784313725,0.9639984249310908,0.9287954547839554,23,42
2,select_coverage,1.0,top_k_avg,0.9773082942097028,0.9781790820165538,0.9773015678588928,0.9556106965296516,58,0.959375,0.96078431372549,0.959317790643092,0.9198387927443412,26,42
2,select_coverage,1.0,list,0.9773082942097028,0.9781790820165538,0.9773015678588928,0.9556106965296516,58,0.9578125,0.959313725490196,0.957757944219952,0.9168717942697392,27,42
2,select_coverage,2.0,majority,0.9773082942097028,0.9781790820165538,0.9773015678588928,0.9556106965296516,58,0.9625,0.9633333333333334,0.962417421091265,0.9253069202751192,24,42
2,select_coverage,2.0,cmar,0.9773082942097028,0.9781790820165538,0.9773015678588928,0.9556106965296516,58,0.965625,0.9666666666666666,0.9655590779225862,0.9317998659595362,22,42
2,select_coverage,2.0,top_k_avg,0.9773082942097028,0.9781790820165538,0.9773015678588928,0.9556106965296516,58,0.9609375,0.9622549019607842,0.9608778042667644,0.9228150090886612,25,42
2,select_coverage,2.0,list,0.9773082942097028,0.9781790820165538,0.9773015678588928,0.9556106965296516,58,0.959375,0.96078431372549,0.959317790643092,0.9198387927443412,26,42
2,select_coverage,3.0,majority,0.9773082942097028,0.9781790820165538,0.9773015678588928,0.9556106965296516,58,0.9625,0.9633333333333334,0.962417421091265,0.9253069202751192,24,42
2,select_coverage,3.0,cmar,0.9773082942097028,0.9781790820165538,0.9773015678588928,0.9556106965296516,58,0.965625,0.9666666666666666,0.9655590779225862,0.9317998659595362,22,42
2,select_coverage,3.0,top_k_avg,0.9773082942097028,0.9781790820165538,0.9773015678588928,0.9556106965296516,58,0.965625,0.9666666666666666,0.9655590779225862,0.9317998659595362,22,42
2,select_coverage,3.0,list,0.9773082942097028,0.9781790820165538,0.9773015678588928,0.9556106965296516,58,0.959375,0.96078431372549,0.959317790643092,0.9198387927443412,26,42
2,select_coverage,4.0,majority,0.9773082942097028,0.9781790820165538,0.9773015678588928,0.9556106965296516,58,0.9625,0.9633333333333334,0.962417421091265,0.9253069202751192,24,42
2,select_coverage,4.0,cmar,0.9773082942097028,0.9781790820165538,0.9773015678588928,0.9556106965296516,58,0.965625,0.9666666666666666,0.9655590779225862,0.9317998659595362,22,42
2,select_coverage,4.0,top_k_avg,0.9773082942097028,0.9781790820165538,0.9773015678588928,0.9556106965296516,58,0.965625,0.9666666666666666,0.9655590779225862,0.9317998659595362,22,42
2,select_coverage,4.0,list,0.9773082942097028,0.9781790820165538,0.9773015678588928,0.9556106965296516,58,0.959375,0.96078431372549,0.959317790643092,0.9198387927443412,26,42
2,select_coverage_CBA_M1,,majority,0.9773082942097028,0.9781790820165538,0.9773015678588928,0.9556106965296516,58,0.9609375,0.9618627450980392,0.9608571309744862,0.92228441638732,25,42
2,select_coverage_CBA_M1,,cmar,0.9773082942097028,0.9781790820165538,0.9773015678588928,0.9556106965296516,58,0.9640625,0.9651960784313725,0.9639984249310908,0.9287954547839554,23,42
2,select_coverage_CBA_M1,,top_k_avg,0.9773082942097028,0.9781790820165538,0.9773015678588928,0.9556106965296516,58,0.959375,0.96078431372549,0.959317790643092,0.9198387927443412,26,42
2,select_coverage_CBA_M1,,list,0.9773082942097028,0.9781790820165538,0.9773015678588928,0.9556106965296516,58,0.9578125,0.959313725490196,0.957757944219952,0.9168717942697392,27,42
1,select_coverage,1.0,majority,0.9800469483568076,0.9809701492537312,0.9800306596074302,0.9608432411197904,51,0.959375,0.9602224415797652,0.95937460326761,0.9206248526365918,26,49
1,select_coverage,1.0,cmar,0.9800469483568076,0.9809701492537312,0.9800306596074302,0.9608432411197904,51,0.959375,0.9602224415797652,0.95937460326761,0.9206248526365918,26,49
1,select_coverage,1.0,top_k_avg,0.9800469483568076,0.9809701492537312,0.9800306596074302,0.9608432411197904,51,0.959375,0.9602224415797652,0.95937460326761,0.9206248526365918,26,49
1,select_coverage,1.0,list,0.9800469483568076,0.9809701492537312,0.9800306596074302,0.9608432411197904,51,0.959375,0.9602224415797652,0.95937460326761,0.9206248526365918,26,49
1,select_coverage,2.0,majority,0.9800469483568076,0.9809701492537312,0.9800306596074302,0.9608432411197904,51,0.959375,0.9602224415797652,0.95937460326761,0.9206248526365918,26,49
1,select_coverage,2.0,cmar,0.9800469483568076,0.9809701492537312,0.9800306596074302,0.9608432411197904,51,0.959375,0.9602224415797652,0.95937460326761,0.9206248526365918,26,49
1,select_coverage,2.0,top_k_avg,0.9800469483568076,0.9809701492537312,0.9800306596074302,0.9608432411197904,51,0.959375,0.9602224415797652,0.95937460326761,0.9206248526365918,26,49
1,select_coverage,2.0,list,0.9800469483568076,0.9809701492537312,0.9800306596074302,0.9608432411197904,51,0.959375,0.9602224415797652,0.95937460326761,0.9206248526365918,26,49
1,select_coverage,3.0,majority,0.9800469483568076,0.9809701492537312,0.9800306596074302,0.9608432411197904,51,0.959375,0.9602224415797652,0.95937460326761,0.9206248526365918,26,49
1,select_coverage,3.0,cmar,0.9800469483568076,0.9809701492537312,0.9800306596074302,0.9608432411197904,51,0.959375,0.9602224415797652,0.95937460326761,0.9206248526365918,26,49
1,select_coverage,3.0,top_k_avg,0.9800469483568076,0.9809701492537312,0.9800306596074302,0.9608432411197904,51,0.959375,0.9602224415797652,0.95937460326761,0.9206248526365918,26,49
1,select_coverage,3.0,list,0.9800469483568076,0.9809701492537312,0.9800306596074302,0.9608432411197904,51,0.959375,0.9602224415797652,0.95937460326761,0.9206248526365918,26,49
1,select_coverage,4.0,majority,0.9800469483568076,0.9809701492537312,0.9800306596074302,0.9608432411197904,51,0.959375,0.9602224415797652,0.95937460326761,0.9206248526365918,26,49
1,select_coverage,4.0,cmar,0.9800469483568076,0.9809701492537312,0.9800306596074302,0.9608432411197904,51,0.959375,0.9602224415797652,0.95937460326761,0.9206248526365918,26,49
1,select_coverage,4.0,top_k_avg,0.9800469483568076,0.9809701492537312,0.9800306596074302,0.9608432411197904,51,0.959375,0.9602224415797652,0.95937460326761,0.9206248526365918,26,49
1,select_coverage,4.0,list,0.9800469483568076,0.9809701492537312,0.9800306596074302,0.9608432411197904,51,0.959375,0.9602224415797652,0.95937460326761,0.9206248526365918,26,49
1,select_coverage_CBA_M1,,majority,0.9800469483568076,0.9809701492537312,0.9800306596074302,0.9608432411197904,51,0.959375,0.9602224415797652,0.95937460326761,0.9206248526365918,26,49
1,select_coverage_CBA_M1,,cmar,0.9800469483568076,0.9809701492537312,0.9800306596074302,0.9608432411197904,51,0.959375,0.9602224415797652,0.95937460326761,0.9206248526365918,26,49
1,select_coverage_CBA_M1,,top_k_avg,0.9800469483568076,0.9809701492537312,0.9800306596074302,0.9608432411197904,51,0.959375,0.9602224415797652,0.95937460326761,0.9206248526365918,26,49
1,select_coverage_CBA_M1,,list,0.9800469483568076,0.9809701492537312,0.9800306596074302,0.9608432411197904,51,0.959375,0.9602224415797652,0.95937460326761,0.9206248526365918,26,49
2,select_coverage,1.0,majority,0.9800469483568076,0.9809701492537312,0.9800306596074302,0.9608432411197904,51,0.959375,0.9602224415797652,0.95937460326761,0.9206248526365918,26,49
2,select_coverage,1.0,cmar,0.9800469483568076,0.9809701492537312,0.9800306596074302,0.9608432411197904,51,0.959375,0.9602224415797652,0.95937460326761,0.9206248526365918,26,49
2,select_coverage,1.0,top_k_avg,0.9800469483568076,0.9809701492537312,0.9800306596074302,0.9608432411197904,51,0.959375,0.9602224415797652,0.95937460326761,0.9206248526365918,26,49
2,select_coverage,1.0,list,0.9800469483568076,0.9809701492537312,0.9800306596074302,0.9608432411197904,51,0.959375,0.9602224415797652,0.95937460326761,0.9206248526365918,26,49
2,select_coverage,2.0,majority,0.9800469483568076,0.9809701492537312,0.9800306596074302,0.9608432411197904,51,0.959375,0.9602224415797652,0.95937460326761,0.9206248526365918,26,49
2,select_coverage,2.0,cmar,0.9800469483568076,0.9809701492537312,0.9800306596074302,0.9608432411197904,51,0.959375,0.9602224415797652,0.95937460326761,0.9206248526365918,26,49
2,select_coverage,2.0,top_k_avg,0.9800469483568076,0.9809701492537312,0.9800306596074302,0.9608432411197904,51,0.959375,0.9602224415797652,0.95937460326761,0.9206248526365918,26,49
2,select_coverage,2.0,list,0.9800469483568076,0.9809701492537312,0.9800306596074302,0.9608432411197904,51,0.959375,0.9602224415797652,0.95937460326761,0.9206248526365918,26,49
2,select_coverage,3.0,majority,0.9800469483568076,0.9809701492537312,0.9800306596074302,0.9608432411197904,51,0.959375,0.9602224415797652,0.95937460326761,0.9206248526365918,26,49
2,select_coverage,3.0,cmar,0.9800469483568076,0.9809701492537312,0.9800306596074302,0.9608432411197904,51,0.959375,0.9602224415797652,0.95937460326761,0.9206248526365918,26,49
2,select_coverage,3.0,top_k_avg,0.9800469483568076,0.9809701492537312,0.9800306596074302,0.9608432411197904,51,0.959375,0.9602224415797652,0.95937460326761,0.9206248526365918,26,49
2,select_coverage,3.0,list,0.9800469483568076,0.9809701492537312,0.9800306596074302,0.9608432411197904,51,0.959375,0.9602224415797652,0.95937460326761,0.9206248526365918,26,49
2,select_coverage,4.0,majority,0.9800469483568076,0.9809701492537312,0.9800306596074302,0.9608432411197904,51,0.959375,0.9602224415797652,0.95937460326761,0.9206248526365918,26,49
2,select_coverage,4.0,cmar,0.9800469483568076,0.9809701492537312,0.9800306596074302,0.9608432411197904,51,0.959375,0.9602224415797652,0.95937460326761,0.9206248526365918,26,49
2,select_coverage,4.0,top_k_avg,0.9800469483568076,0.9809701492537312,0.9800306596074302,0.9608432411197904,51,0.959375,0.9602224415797652,0.95937460326761,0.9206248526365918,26,49
2,select_coverage,4.0,list,0.9800469483568076,0.9809701492537312,0.9800306596074302,0.9608432411197904,51,0.959375,0.9602224415797652,0.95937460326761,0.9206248526365918,26,49
2,select_coverage_CBA_M1,,majority,0.9800469483568076,0.9809701492537312,0.9800306596074302,0.9608432411197904,51,0.959375,0.9602224415797652,0.95937460326761,0.9206248526365918,26,49
2,select_coverage_CBA_M1,,cmar,0.9800469483568076,0.9809701492537312,0.9800306596074302,0.9608432411197904,51,0.959375,0.9602224415797652,0.95937460326761,0.9206248526365918,26,49
2,select_coverage_CBA_M1,,top_k_avg,0.9800469483568076,0.9809701492537312,0.9800306596074302,0.9608432411197904,51,0.959375,0.9602224415797652,0.95937460326761,0.9206248526365918,26,49
2,select_coverage_CBA_M1,,list,0.9800469483568076,0.9809701492537312,0.9800306596074302,0.9608432411197904,51,0.959375,0.9602224415797652,0.95937460326761,0.9206248526365918,26,49
1,select_coverage,1.0,majority,0.9761345852895148,0.9771877337322364,0.9761227108524236,0.9533590675045364,61,0.9734375,0.9741628853074636,0.9734296508490056,0.9476633717474404,17,63
1,select_coverage,1.0,cmar,0.9761345852895148,0.9771877337322364,0.9761227108524236,0.9533590675045364,61,0.9734375,0.9741628853074636,0.9734296508490056,0.9476633717474404,17,63
1,select_coverage,1.0,top_k_avg,0.9761345852895148,0.9771877337322364,0.9761227108524236,0.9533590675045364,61,0.9734375,0.9741628853074636,0.9734296508490056,0.9476633717474404,17,63
1,select_coverage,1.0,list,0.9761345852895148,0.9771877337322364,0.9761227108524236,0.9533590675045364,61,0.9734375,0.9741628853074636,0.9734296508490056,0.9476633717474404,17,63
1,select_coverage,2.0,majority,0.9761345852895148,0.9771877337322364,0.9761227108524236,0.9533590675045364,61,0.9734375,0.9741628853074636,0.9734296508490056,0.9476633717474404,17,63
1,select_coverage,2.0,cmar,0.9761345852895148,0.9771877337322364,0.9761227108524236,0.9533590675045364,61,0.9734375,0.9741628853074636,0.9734296508490056,0.9476633717474404,17,63
1,select_coverage,2.0,top_k_avg,0.9761345852895148,0.9771877337322364,0.9761227108524236,0.9533590675045364,61,0.9734375,0.9741628853074636,0.9734296508490056,0.9476633717474404,17,63
1,select_coverage,2.0,list,0.9761345852895148,0.9771877337322364,0.9761227108524236,0.9533590675045364,61,0.9734375,0.9741628853074636,0.9734296508490056,0.9476633717474404,17,63
1,select_coverage,3.0,majority,0.9761345852895148,0.9771877337322364,0.9761227108524236,0.9533590675045364,61,0.9734375,0.9741628853074636,0.9734296508490056,0.9476633717474404,17,63
1,select_coverage,3.0,cmar,0.9761345852895148,0.9771877337322364,0.9761227108524236,0.9533590675045364,61,0.9734375,0.9741628853074636,0.9734296508490056,0.9476633717474404,17,63
1,select_coverage,3.0,top_k_avg,0.9761345852895148,0.9771877337322364,0.9761227108524236,0.9533590675045364,61,0.9734375,0.9741628853074636,0.9734296508490056,0.9476633717474404,17,63
1,select_coverage,3.0,list,0.9761345852895148,0.9771877337322364,0.9761227108524236,0.9533590675045364,61,0.9734375,0.9741628853074636,0.9734296508490056,0.9476633717474404,17,63
1,select_coverage,4.0,majority,0.9761345852895148,0.9771877337322364,0.9761227108524236,0.9533590675045364,61,0.9734375,0.9741628853074636,0.9734296508490056,0.9476633717474404,17,63
1,select_coverage,4.0,cmar,0.9761345852895148,0.9771877337322364,0.9761227108524236,0.9533590675045364,61,0.9734375,0.9741628853074636,0.9734296508490056,0.9476633717474404,17,63
1,select_coverage,4.0,top_k_avg,0.9761345852895148,0.9771877337322364,0.9761227108524236,0.9533590675045364,61,0.9734375,0.9741628853074636,0.9734296508490056,0.9476633717474404,17,63
1,select_coverage,4.0,list,0.9761345852895148,0.9771877337322364,0.9761227108524236,0.9533590675045364,61,0.9734375,0.9741628853074636,0.9734296508490056,0.9476633717474404,17,63
1,select_coverage_CBA_M1,,majority,0.9761345852895148,0.9771877337322364,0.9761227108524236,0.9533590675045364,61,0.9734375,0.9741628853074636,0.9734296508490056,0.9476633717474404,17,63
1,select_coverage_CBA_M1,,cmar,0.9761345852895148,0.9771877337322364,0.9761227108524236,0.9533590675045364,61,0.9734375,0.9741628853074636,0.9734296508490056,0.9476633717474404,17,63
1,select_coverage_CBA_M1,,top_k_avg,0.9761345852895148,0.9771877337322364,0.9761227108524236,0.9533590675045364,61,0.9734375,0.9741628853074636,0.9734296508490056,0.9476633717474404,17,63
1,select_coverage_CBA_M1,,list,0.9761345852895148,0.9771877337322364,0.9761227108524236,0.9533590675045364,61,0.9734375,0.9741628853074636,0.9734296508490056,0.9476633717474404,17,63
2,select_coverage,1.0,majority,0.9761345852895148,0.9771877337322364,0.9761227108524236,0.9533590675045364,61,0.9734375,0.9741628853074636,0.9734296508490056,0.9476633717474404,17,63
2,select_coverage,1.0,cmar,0.9761345852895148,0.9771877337322364,0.9761227108524236,0.9533590675045364,61,0.9734375,0.9741628853074636,0.9734296508490056,0.9476633717474404,17,63
2,select_coverage,1.0,top_k_avg,0.9761345852895148,0.9771877337322364,0.9761227108524236,0.9533590675045364,61,0.9734375,0.9741628853074636,0.9734296508490056,0.9476633717474404,17,63
2,select_coverage,1.0,list,0.9761345852895148,0.9771877337322364,0.9761227108524236,0.9533590675045364,61,0.9734375,0.9741628853074636,0.9734296508490056,0.9476633717474404,17,63
2,select_coverage,2.0,majority,0.9761345852895148,0.9771877337322364,0.9761227108524236,0.9533590675045364,61,0.9734375,0.9741628853074636,0.9734296508490056,0.9476633717474404,17,63
2,select_coverage,2.0,cmar,0.9761345852895148,0.9771877337322364,0.9761227108524236,0.9533590675045364,61,0.9734375,0.9741628853074636,0.9734296508490056,0.9476633717474404,17,63
2,select_coverage,2.0,top_k_avg,0.9761345852895148,0.9771877337322364,0.9761227108524236,0.9533590675045364,61,0.9734375,0.9741628853074636,0.9734296508490056,0.9476633717474404,17,63
2,select_coverage,2.0,list,0.9761345852895148,0.9771877337322364,0.9761227108524236,0.9533590675045364,61,0.9734375,0.9741628853074636,0.9734296508490056,0.9476633717474404,17,63
2,select_coverage,3.0,majority,0.9761345852895148,0.9771877337322364,0.9761227108524236,0.9533590675045364,61,0.9734375,0.9741628853074636,0.9734296508490056,0.9476633717474404,17,63
2,select_coverage,3.0,cmar,0.9761345852895148,0.9771877337322364,0.9761227108524236,0.9533590675045364,61,0.9734375,0.9741628853074636,0.9734296508490056,0.9476633717474404,17,63
2,select_coverage,3.0,top_k_avg,0.9761345852895148,0.9771877337322364,0.9761227108524236,0.9533590675045364,61,0.9734375,0.9741628853074636,0.9734296508490056,0.9476633717474404,17,63
2,select_coverage,3.0,list,0.9761345852895148,0.9771877337322364,0.9761227108524236,0.9533590675045364,61,0.9734375,0.9741628853074636,0.9734296508490056,0.9476633717474404,17,63
2,select_coverage,4.0,majority,0.9761345852895148,0.9771877337322364,0.9761227108524236,0.9533590675045364,61,0.9734375,0.9741628853074636,0.9734296508490056,0.9476633717474404,17,63
2,select_coverage,4.0,cmar,0.9761345852895148,0.9771877337322364,0.9761227108524236,0.9533590675045364,61,0.9734375,0.9741628853074636,0.9734296508490056,0.9476633717474404,17,63
2,select_coverage,4.0,top_k_avg,0.9761345852895148,0.9771877337322364,0.9761227108524236,0.9533590675045364,61,0.9734375,0.9741628853074636,0.9734296508490056,0.9476633717474404,17,63
2,select_coverage,4.0,list,0.9761345852895148,0.9771877337322364,0.9761227108524236,0.9533590675045364,61,0.9734375,0.9741628853074636,0.9734296508490056,0.9476633717474404,17,63
2,select_coverage_CBA_M1,,majority,0.9761345852895148,0.9771877337322364,0.9761227108524236,0.9533590675045364,61,0.9734375,0.9741628853074636,0.9734296508490056,0.9476633717474404,17,63
2,select_coverage_CBA_M1,,cmar,0.9761345852895148,0.9771877337322364,0.9761227108524236,0.9533590675045364,61,0.9734375,0.9741628853074636,0.9734296508490056,0.9476633717474404,17,63
2,select_coverage_CBA_M1,,top_k_avg,0.9761345852895148,0.9771877337322364,0.9761227108524236,0.9533590675045364,61,0.9734375,0.9741628853074636,0.9734296508490056,0.9476633717474404,17,63
2,select_coverage_CBA_M1,,list,0.9761345852895148,0.9771877337322364,0.9761227108524236,0.9533590675045364,61,0.9734375,0.9741628853074636,0.9734296508490056,0.9476633717474404,17,63
1,select_coverage,1.0,majority,0.9745696400625978,0.975691847419596,0.974558701271774,0.9503797912784876,65,0.975,0.9754342043498668,0.9749843652282676,0.9502738371807882,16,64
1,select_coverage,1.0,cmar,0.9745696400625978,0.975691847419596,0.974558701271774,0.9503797912784876,65,0.975,0.9754342043498668,0.9749843652282676,0.9502738371807882,16,64
1,select_coverage,1.0,top_k_avg,0.9745696400625978,0.975691847419596,0.974558701271774,0.9503797912784876,65,0.9734375,0.9739281802534814,0.9734229007633588,0.9472312918255312,17,64
1,select_coverage,1.0,list,0.9745696400625978,0.975691847419596,0.974558701271774,0.9503797912784876,65,0.9734375,0.9739281802534814,0.9734229007633588,0.9472312918255312,17,64
1,select_coverage,2.0,majority,0.9745696400625978,0.975691847419596,0.974558701271774,0.9503797912784876,65,0.975,0.9754342043498668,0.9749843652282676,0.9502738371807882,16,64
1,select_coverage,2.0,cmar,0.9745696400625978,0.975691847419596,0.974558701271774,0.9503797912784876,65,0.975,0.9754342043498668,0.9749843652282676,0.9502738371807882,16,64
1,select_coverage,2.0,top_k_avg,0.9745696400625978,0.975691847419596,0.974558701271774,0.9503797912784876,65,0.9734375,0.9739281802534814,0.9734229007633588,0.9472312918255312,17,64
1,select_coverage,2.0,list,0.9745696400625978,0.975691847419596,0.974558701271774,0.9503797912784876,65,0.9734375,0.9739281802534814,0.9734229007633588,0.9472312918255312,17,64
1,select_coverage,3.0,majority,0.9745696400625978,0.975691847419596,0.974558701271774,0.9503797912784876,65,0.975,0.9754342043498668,0.9749843652282676,0.9502738371807882,16,64
1,select_coverage,3.0,cmar,0.9745696400625978,0.975691847419596,0.974558701271774,0.9503797912784876,65,0.975,0.9754342043498668,0.9749843652282676,0.9502738371807882,16,64
1,select_coverage,3.0,top_k_avg,0.9745696400625978,0.975691847419596,0.974558701271774,0.9503797912784876,65,0.9734375,0.9739281802534814,0.9734229007633588,0.9472312918255312,17,64
1,select_coverage,3.0,list,0.9745696400625978,0.975691847419596,0.974558701271774,0.9503797912784876,65,0.9734375,0.9739281802534814,0.9734229007633588,0.9472312918255312,17,64
1,select_coverage,4.0,majority,0.9745696400625978,0.975691847419596,0.974558701271774,0.9503797912784876,65,0.975,0.9754342043498668,0.9749843652282676,0.9502738371807882,16,64
1,select_coverage,4.0,cmar,0.9745696400625978,0.975691847419596,0.974558701271774,0.9503797912784876,65,0.975,0.9754342043498668,0.9749843652282676,0.9502738371807882,16,64
1,select_coverage,4.0,top_k_avg,0.9745696400625978,0.975691847419596,0.974558701271774,0.9503797912784876,65,0.9734375,0.9739281802534814,0.9734229007633588,0.9472312918255312,17,64
1,select_coverage,4.0,list,0.9745696400625978,0.975691847419596,0.974558701271774,0.9503797912784876,65,0.9734375,0.9739281802534814,0.9734229007633588,0.9472312918255312,17,64
1,select_coverage_CBA_M1,,majority,0.9745696400625978,0.975691847419596,0.974558701271774,0.9503797912784876,65,0.975,0.9754342043498668,0.9749843652282676,0.9502738371807882,16,64
1,select_coverage_CBA_M1,,cmar,0.9745696400625978,0.975691847419596,0.974558701271774,0.9503797912784876,65,0.975,0.9754342043498668,0.9749843652282676,0.9502738371807882,16,64
1,select_coverage_CBA_M1,,top_k_avg,0.9745696400625978,0.975691847419596,0.974558701271774,0.9503797912784876,65,0.9734375,0.9739281802534814,0.9734229007633588,0.9472312918255312,17,64
1,select_coverage_CBA_M1,,list,0.9745696400625978,0.975691847419596,0.974558701271774,0.9503797912784876,65,0.9734375,0.9739281802534814,0.9734229007633588,0.9472312918255312,17,64
2,select_coverage,1.0,majority,0.9745696400625978,0.975691847419596,0.974558701271774,0.9503797912784876,65,0.975,0.9754342043498668,0.9749843652282676,0.9502738371807882,16,64
2,select_coverage,1.0,cmar,0.9745696400625978,0.975691847419596,0.974558701271774,0.9503797912784876,65,0.975,0.9754342043498668,0.9749843652282676,0.9502738371807882,16,64
2,select_coverage,1.0,top_k_avg,0.9745696400625978,0.975691847419596,0.974558701271774,0.9503797912784876,65,0.9734375,0.9739281802534814,0.9734229007633588,0.9472312918255312,17,64
2,select_coverage,1.0,list,0.9745696400625978,0.975691847419596,0.974558701271774,0.9503797912784876,65,0.9734375,0.9739281802534814,0.9734229007633588,0.9472312918255312,17,64
2,select_coverage,2.0,majority,0.9745696400625978,0.975691847419596,0.974558701271774,0.9503797912784876,65,0.975,0.9754342043498668,0.9749843652282676,0.9502738371807882,16,64
2,select_coverage,2.0,cmar,0.9745696400625978,0.975691847419596,0.974558701271774,0.9503797912784876,65,0.975,0.9754342043498668,0.9749843652282676,0.9502738371807882,16,64
2,select_coverage,2.0,top_k_avg,0.9745696400625978,0.975691847419596,0.974558701271774,0.9503797912784876,65,0.9734375,0.9739281802534814,0.9734229007633588,0.9472312918255312,17,64
2,select_coverage,2.0,list,0.9745696400625978,0.975691847419596,0.974558701271774,0.9503797912784876,65,0.9734375,0.9739281802534814,0.9734229007633588,0.9472312918255312,17,64
2,select_coverage,3.0,majority,0.9745696400625978,0.975691847419596,0.974558701271774,0.9503797912784876,65,0.975,0.9754342043498668,0.9749843652282676,0.9502738371807882,16,64
2,select_coverage,3.0,cmar,0.9745696400625978,0.975691847419596,0.974558701271774,0.9503797912784876,65,0.975,0.9754342043498668,0.9749843652282676,0.9502738371807882,16,64
2,select_coverage,3.0,top_k_avg,0.9745696400625978,0.975691847419596,0.974558701271774,0.9503797912784876,65,0.9734375,0.9739281802534814,0.9734229007633588,0.9472312918255312,17,64
2,select_coverage,3.0,list,0.9745696400625978,0.975691847419596,0.974558701271774,0.9503797912784876,65,0.9734375,0.9739281802534814,0.9734229007633588,0.9472312918255312,17,64
2,select_coverage,4.0,majority,0.9745696400625978,0.975691847419596,0.974558701271774,0.9503797912784876,65,0.975,0.9754342043498668,0.9749843652282676,0.9502738371807882,16,64
2,select_coverage,4.0,cmar,0.9745696400625978,0.975691847419596,0.974558701271774,0.9503797912784876,65,0.975,0.9754342043498668,0.9749843652282676,0.9502738371807882,16,64
2,select_coverage,4.0,top_k_avg,0.9745696400625978,0.975691847419596,0.974558701271774,0.9503797912784876,65,0.9734375,0.9739281802534814,0.9734229007633588,0.9472312918255312,17,64
2,select_coverage,4.0,list,0.9745696400625978,0.975691847419596,0.974558701271774,0.9503797912784876,65,0.9734375,0.9739281802534814,0.9734229007633588,0.9472312918255312,17,64
2,select_coverage_CBA_M1,,majority,0.9745696400625978,0.975691847419596,0.974558701271774,0.9503797912784876,65,0.975,0.9754342043498668,0.9749843652282676,0.9502738371807882,16,64
2,select_coverage_CBA_M1,,cmar,0.9745696400625978,0.975691847419596,0.974558701271774,0.9503797912784876,65,0.975,0.9754342043498668,0.9749843652282676,0.9502738371807882,16,64
2,select_coverage_CBA_M1,,top_k_avg,0.9745696400625978,0.975691847419596,0.974558701271774,0.9503797912784876,65,0.9734375,0.9739281802534814,0.9734229007633588,0.9472312918255312,17,64
2,select_coverage_CBA_M1,,list,0.9745696400625978,0.975691847419596,0.974558701271774,0.9503797912784876,65,0.9734375,0.9739281802534814,0.9734229007633588,0.9472312918255312,17,64
1,select_coverage,1.0,majority,0.9788732394366196,0.9798356982823002,0.9788582758215042,0.9585919755687496,54,0.9640625,0.9643695014662756,0.9640476661513172,0.9283262028043772,23,65
1,select_coverage,1.0,cmar,0.9788732394366196,0.9798356982823002,0.9788582758215042,0.9585919755687496,54,0.9640625,0.9643695014662756,0.9640476661513172,0.9283262028043772,23,65
1,select_coverage,1.0,top_k_avg,0.9788732394366196,0.9798356982823002,0.9788582758215042,0.9585919755687496,54,0.9609375,0.9613391984359728,0.9609259571308908,0.922232263363614,25,65
1,select_coverage,1.0,list,0.9788732394366196,0.9798356982823002,0.9788582758215042,0.9585919755687496,54,0.9640625,0.9643695014662756,0.9640476661513172,0.9283262028043772,23,65
1,select_coverage,2.0,majority,0.9788732394366196,0.9798356982823002,0.9788582758215042,0.9585919755687496,54,0.9640625,0.9643695014662756,0.9640476661513172,0.9283262028043772,23,65
1,select_coverage,2.0,cmar,0.9788732394366196,0.9798356982823002,0.9788582758215042,0.9585919755687496,54,0.9640625,0.9643695014662756,0.9640476661513172,0.9283262028043772,23,65
1,select_coverage,2.0,top_k_avg,0.9788732394366196,0.9798356982823002,0.9788582758215042,0.9585919755687496,54,0.9609375,0.9613391984359728,0.9609259571308908,0.922232263363614,25,65
1,select_coverage,2.0,list,0.9788732394366196,0.9798356982823002,0.9788582758215042,0.9585919755687496,54,0.9640625,0.9643695014662756,0.9640476661513172,0.9283262028043772,23,65
1,select_coverage,3.0,majority,0.9788732394366196,0.9798356982823002,0.9788582758215042,0.9585919755687496,54,0.9640625,0.9643695014662756,0.9640476661513172,0.9283262028043772,23,65
1,select_coverage,3.0,cmar,0.9788732394366196,0.9798356982823002,0.9788582758215042,0.9585919755687496,54,0.9640625,0.9643695014662756,0.9640476661513172,0.9283262028043772,23,65
1,select_coverage,3.0,top_k_avg,0.9788732394366196,0.9798356982823002,0.9788582758215042,0.9585919755687496,54,0.9609375,0.9613391984359728,0.9609259571308908,0.922232263363614,25,65
1,select_coverage,3.0,list,0.9788732394366196,0.9798356982823002,0.9788582758215042,0.9585919755687496,54,0.9640625,0.9643695014662756,0.9640476661513172,0.9283262028043772,23,65
1,select_coverage,4.0,majority,0.9788732394366196,0.9798356982823002,0.9788582758215042,0.9585919755687496,54,0.9640625,0.9643695014662756,0.9640476661513172,0.9283262028043772,23,65
1,select_coverage,4.0,cmar,0.9788732394366196,0.9798356982823002,0.9788582758215042,0.9585919755687496,54,0.9640625,0.9643695014662756,0.9640476661513172,0.9283262028043772,23,65
1,select_coverage,4.0,top_k_avg,0.9788732394366196,0.9798356982823002,0.9788582758215042,0.9585919755687496,54,0.9609375,0.9613391984359728,0.9609259571308908,0.922232263363614,25,65
1,select_coverage,4.0,list,0.9788732394366196,0.9798356982823002,0.9788582758215042,0.9585919755687496,54,0.9640625,0.9643695014662756,0.9640476661513172,0.9283262028043772,23,65
1,select_coverage_CBA_M1,,majority,0.9788732394366196,0.9798356982823002,0.9788582758215042,0.9585919755687496,54,0.9640625,0.9643695014662756,0.9640476661513172,0.9283262028043772,23,65
1,select_coverage_CBA_M1,,cmar,0.9788732394366196,0.9798356982823002,0.9788582758215042,0.9585919755687496,54,0.9640625,0.9643695014662756,0.9640476661513172,0.9283262028043772,23,65
1,select_coverage_CBA_M1,,top_k_avg,0.9788732394366196,0.9798356982823002,0.9788582758215042,0.9585919755687496,54,0.9609375,0.9613391984359728,0.9609259571308908,0.922232263363614,25,65
1,select_coverage_CBA_M1,,list,0.9788732394366196,0.9798356982823002,0.9788582758215042,0.9585919755687496,54,0.9640625,0.9643695014662756,0.9640476661513172,0.9283262028043772,23,65
2,select_coverage,1.0,majority,0.9788732394366196,0.9798356982823002,0.9788582758215042,0.9585919755687496,54,0.9640625,0.9643695014662756,0.9640476661513172,0.9283262028043772,23,65
2,select_coverage,1.0,cmar,0.9788732394366196,0.9798356982823002,0.9788582758215042,0.9585919755687496,54,0.9640625,0.9643695014662756,0.9640476661513172,0.9283262028043772,23,65
2,select_coverage,1.0,top_k_avg,0.9788732394366196,0.9798356982823002,0.9788582758215042,0.9585919755687496,54,0.9609375,0.9613391984359728,0.9609259571308908,0.922232263363614,25,65
2,select_coverage,1.0,list,0.9788732394366196,0.9798356982823002,0.9788582758215042,0.9585919755687496,54,0.9609375,0.9613391984359728,0.9609259571308908,0.922232263363614,25,65
2,select_coverage,2.0,majority,0.9788732394366196,0.9798356982823002,0.9788582758215042,0.9585919755687496,54,0.9640625,0.9643695014662756,0.9640476661513172,0.9283262028043772,23,65
2,select_coverage,2.0,cmar,0.9788732394366196,0.9798356982823002,0.9788582758215042,0.9585919755687496,54,0.9640625,0.9643695014662756,0.9640476661513172,0.9283262028043772,23,65
2,select_coverage,2.0,top_k_avg,0.9788732394366196,0.9798356982823002,0.9788582758215042,0.9585919755687496,54,0.9609375,0.9613391984359728,0.9609259571308908,0.922232263363614,25,65
2,select_coverage,2.0,list,0.9788732394366196,0.9798356982823002,0.9788582758215042,0.9585919755687496,54,0.9609375,0.9613391984359728,0.9609259571308908,0.922232263363614,25,65
2,select_coverage,3.0,majority,0.9788732394366196,0.9798356982823002,0.9788582758215042,0.9585919755687496,54,0.9640625,0.9643695014662756,0.9640476661513172,0.9283262028043772,23,65
2,select_coverage,3.0,cmar,0.9788732394366196,0.9798356982823002,0.9788582758215042,0.9585919755687496,54,0.9640625,0.9643695014662756,0.9640476661513172,0.9283262028043772,23,65
2,select_coverage,3.0,top_k_avg,0.9788732394366196,0.9798356982823002,0.9788582758215042,0.9585919755687496,54,0.9609375,0.9613391984359728,0.9609259571308908,0.922232263363614,25,65
2,select_coverage,3.0,list,0.9788732394366196,0.9798356982823002,0.9788582758215042,0.9585919755687496,54,0.9609375,0.9613391984359728,0.9609259571308908,0.922232263363614,25,65
2,select_coverage,4.0,majority,0.9788732394366196,0.9798356982823002,0.9788582758215042,0.9585919755687496,54,0.9640625,0.9643695014662756,0.9640476661513172,0.9283262028043772,23,65
2,select_coverage,4.0,cmar,0.9788732394366196,0.9798356982823002,0.9788582758215042,0.9585919755687496,54,0.9640625,0.9643695014662756,0.9640476661513172,0.9283262028043772,23,65
2,select_coverage,4.0,top_k_avg,0.9788732394366196,0.9798356982823002,0.9788582758215042,0.9585919755687496,54,0.9609375,0.9613391984359728,0.9609259571308908,0.922232263363614,25,65
2,select_coverage,4.0,list,0.9788732394366196,0.9798356982823002,0.9788582758215042,0.9585919755687496,54,0.9609375,0.9613391984359728,0.9609259571308908,0.922232263363614,25,65
2,select_coverage_CBA_M1,,majority,0.9788732394366196,0.9798356982823002,0.9788582758215042,0.9585919755687496,54,0.9640625,0.9643695014662756,0.9640476661513172,0.9283262028043772,23,65
2,select_coverage_CBA_M1,,cmar,0.9788732394366196,0.9798356982823002,0.9788582758215042,0.9585919755687496,54,0.9640625,0.9643695014662756,0.9640476661513172,0.9283262028043772,23,65
2,select_coverage_CBA_M1,,top_k_avg,0.9788732394366196,0.9798356982823002,0.9788582758215042,0.9585919755687496,54,0.9609375,0.9613391984359728,0.9609259571308908,0.922232263363614,25,65
2,select_coverage_CBA_M1,,list,0.9788732394366196,0.9798356982823002,0.9788582758215042,0.9585919755687496,54,0.9609375,0.9613391984359728,0.9609259571308908,0.922232263363614,25,65
1,select_coverage,1.0,majority,0.9780907668231612,0.9792746113989635,0.9780635693044452,0.9570688687680892,56,0.9734375,0.9733681003164186,0.9734296508490056,0.94709236604522,17,68
1,select_coverage,1.0,cmar,0.9780907668231612,0.9792746113989635,0.9780635693044452,0.9570688687680892,56,0.9734375,0.9733681003164186,0.9734296508490056,0.94709236604522,17,68
1,select_coverage,1.0,top_k_avg,0.9780907668231612,0.9792746113989635,0.9780635693044452,0.9570688687680892,56,0.9703125,0.9702234462283684,0.9703002459510882,0.940984641345066,19,68
1,select_coverage,1.0,list,0.9780907668231612,0.9792746113989635,0.9780635693044452,0.9570688687680892,56,0.9734375,0.9733681003164186,0.9734296508490056,0.94709236604522,17,68
1,select_coverage,2.0,majority,0.9780907668231612,0.9792746113989635,0.9780635693044452,0.9570688687680892,56,0.9734375,0.9733681003164186,0.9734296508490056,0.94709236604522,17,68
1,select_coverage,2.0,cmar,0.9780907668231612,0.9792746113989635,0.9780635693044452,0.9570688687680892,56,0.9734375,0.9733681003164186,0.9734296508490056,0.94709236604522,17,68
1,select_coverage,2.0,top_k_avg,0.9780907668231612,0.9792746113989635,0.9780635693044452,0.9570688687680892,56,0.9734375,0.9733681003164186,0.9734296508490056,0.94709236604522,17,68
1,select_coverage,2.0,list,0.9780907668231612,0.9792746113989635,0.9780635693044452,0.9570688687680892,56,0.9734375,0.9733681003164186,0.9734296508490056,0.94709236604522,17,68
1,select_coverage,3.0,majority,0.9780907668231612,0.9792746113989635,0.9780635693044452,0.9570688687680892,56,0.9734375,0.9733681003164186,0.9734296508490056,0.94709236604522,17,68
1,select_coverage,3.0,cmar,0.9780907668231612,0.9792746113989635,0.9780635693044452,0.9570688687680892,56,0.9734375,0.9733681003164186,0.9734296508490056,0.94709236604522,17,68
1,select_coverage,3.0,top_k_avg,0.9780907668231612,0.9792746113989635,0.9780635693044452,0.9570688687680892,56,0.9734375,0.9733681003164186,0.9734296508490056,0.94709236604522,17,68
1,select_coverage,3.0,list,0.9780907668231612,0.9792746113989635,0.9780635693044452,0.9570688687680892,56,0.9734375,0.9733681003164186,0.9734296508490056,0.94709236604522,17,68
1,select_coverage,4.0,majority,0.9780907668231612,0.9792746113989635,0.9780635693044452,0.9570688687680892,56,0.9734375,0.9733681003164186,0.9734296508490056,0.94709236604522,17,68
1,select_coverage,4.0,cmar,0.9780907668231612,0.9792746113989635,0.9780635693044452,0.9570688687680892,56,0.9734375,0.9733681003164186,0.9734296508490056,0.94709236604522,17,68
1,select_coverage,4.0,top_k_avg,0.9780907668231612,0.9792746113989635,0.9780635693044452,0.9570688687680892,56,0.9734375,0.9733681003164186,0.9734296508490056,0.94709236604522,17,68
1,select_coverage,4.0,list,0.9780907668231612,0.9792746113989635,0.9780635693044452,0.9570688687680892,56,0.9734375,0.9733681003164186,0.9734296508490056,0.94709236604522,17,68
1,select_coverage_CBA_M1,,majority,0.9780907668231612,0.9792746113989635,0.9780635693044452,0.9570688687680892,56,0.9734375,0.9733681003164186,0.9734296508490056,0.94709236604522,17,68
1,select_coverage_CBA_M1,,cmar,0.9780907668231612,0.9792746113989635,0.9780635693044452,0.9570688687680892,56,0.9734375,0.9733681003164186,0.9734296508490056,0.94709236604522,17,68
1,select_coverage_CBA_M1,,top_k_avg,0.9780907668231612,0.9792746113989635,0.9780635693044452,0.9570688687680892,56,0.9703125,0.9702234462283684,0.9703002459510882,0.940984641345066,19,68
1,select_coverage_CBA_M1,,list,0.9780907668231612,0.9792746113989635,0.9780635693044452,0.9570688687680892,56,0.9734375,0.9733681003164186,0.9734296508490056,0.94709236604522,17,68
2,select_coverage,1.0,majority,0.9780907668231612,0.9792746113989635,0.9780635693044452,0.9570688687680892,56,0.9734375,0.9733681003164186,0.9734296508490056,0.94709236604522,17,68
2,select_coverage,1.0,cmar,0.9780907668231612,0.9792746113989635,0.9780635693044452,0.9570688687680892,56,0.9734375,0.9733681003164186,0.9734296508490056,0.94709236604522,17,68
2,select_coverage,1.0,top_k_avg,0.9780907668231612,0.9792746113989635,0.9780635693044452,0.9570688687680892,56,0.9703125,0.9702234462283684,0.9703002459510882,0.940984641345066,19,68
2,select_coverage,1.0,list,0.9780907668231612,0.9792746113989635,0.9780635693044452,0.9570688687680892,56,0.9703125,0.9702234462283684,0.9703002459510882,0.940984641345066,19,68
2,select_coverage,2.0,majority,0.9780907668231612,0.9792746113989635,0.9780635693044452,0.9570688687680892,56,0.9734375,0.9733681003164186,0.9734296508490056,0.94709236604522,17,68
2,select_coverage,2.0,cmar,0.9780907668231612,0.9792746113989635,0.9780635693044452,0.9570688687680892,56,0.9734375,0.9733681003164186,0.9734296508490056,0.94709236604522,17,68
2,select_coverage,2.0,top_k_avg,0.9780907668231612,0.9792746113989635,0.9780635693044452,0.9570688687680892,56,0.9734375,0.9733681003164186,0.9734296508490056,0.94709236604522,17,68
2,select_coverage,2.0,list,0.9780907668231612,0.9792746113989635,0.9780635693044452,0.9570688687680892,56,0.9703125,0.9702234462283684,0.9703002459510882,0.940984641345066,19,68
2,select_coverage,3.0,majority,0.9780907668231612,0.9792746113989635,0.9780635693044452,0.9570688687680892,56,0.9734375,0.9733681003164186,0.9734296508490056,0.94709236604522,17,68
2,select_coverage,3.0,cmar,0.9780907668231612,0.9792746113989635,0.9780635693044452,0.9570688687680892,56,0.9734375,0.9733681003164186,0.9734296508490056,0.94709236604522,17,68
2,select_coverage,3.0,top_k_avg,0.9780907668231612,0.9792746113989635,0.9780635693044452,0.9570688687680892,56,0.9734375,0.9733681003164186,0.9734296508490056,0.94709236604522,17,68
2,select_coverage,3.0,list,0.9780907668231612,0.9792746113989635,0.9780635693044452,0.9570688687680892,56,0.9703125,0.9702234462283684,0.9703002459510882,0.940984641345066,19,68
2,select_coverage,4.0,majority,0.9780907668231612,0.9792746113989635,0.9780635693044452,0.9570688687680892,56,0.9734375,0.9733681003164186,0.9734296508490056,0.94709236604522,17,68
2,select_coverage,4.0,cmar,0.9780907668231612,0.9792746113989635,0.9780635693044452,0.9570688687680892,56,0.9734375,0.9733681003164186,0.9734296508490056,0.94709236604522,17,68
2,select_coverage,4.0,top_k_avg,0.9780907668231612,0.9792746113989635,0.9780635693044452,0.9570688687680892,56,0.9734375,0.9733681003164186,0.9734296508490056,0.94709236604522,17,68
2,select_coverage,4.0,list,0.9780907668231612,0.9792746113989635,0.9780635693044452,0.9570688687680892,56,0.9703125,0.9702234462283684,0.9703002459510882,0.940984641345066,19,68
2,select_coverage_CBA_M1,,majority,0.9780907668231612,0.9792746113989635,0.9780635693044452,0.9570688687680892,56,0.9734375,0.9733681003164186,0.9734296508490056,0.94709236604522,17,68
2,select_coverage_CBA_M1,,cmar,0.9780907668231612,0.9792746113989635,0.9780635693044452,0.9570688687680892,56,0.9734375,0.9733681003164186,0.9734296508490056,0.94709236604522,17,68
2,select_coverage_CBA_M1,,top_k_avg,0.9780907668231612,0.9792746113989635,0.9780635693044452,0.9570688687680892,56,0.9703125,0.9702234462283684,0.9703002459510882,0.940984641345066,19,68
2,select_coverage_CBA_M1,,list,0.9780907668231612,0.9792746113989635,0.9780635693044452,0.9570688687680892,56,0.9703125,0.9702234462283684,0.9703002459510882,0.940984641345066,19,68
1,select_coverage,1.0,majority,0.9796557120500784,0.9806835066864784,0.9796337157987643,0.9600804270742592,52,0.9640625,0.9642497875789864,0.964058200321816,0.9289124523798772,23,74
1,select_coverage,1.0,cmar,0.9796557120500784,0.9806835066864784,0.9796337157987643,0.9600804270742592,52,0.965625,0.9658270746452324,0.9656196280668854,0.9321641108401844,22,74
1,select_coverage,1.0,top_k_avg,0.9796557120500784,0.9806835066864784,0.9796337157987643,0.9600804270742592,52,0.9625,0.9627017999628872,0.9624941397093296,0.9259101400987492,24,74
1,select_coverage,1.0,list,0.9796557120500784,0.9806835066864784,0.9796337157987643,0.9600804270742592,52,0.9640625,0.9642790870291332,0.9640553918133226,0.929170920531594,23,74
1,select_coverage,2.0,majority,0.9796557120500784,0.9806835066864784,0.9796337157987643,0.9600804270742592,52,0.9640625,0.9642497875789864,0.964058200321816,0.9289124523798772,23,74
1,select_coverage,2.0,cmar,0.9796557120500784,0.9806835066864784,0.9796337157987643,0.9600804270742592,52,0.965625,0.9658270746452324,0.9656196280668854,0.9321641108401844,22,74
1,select_coverage,2.0,top_k_avg,0.9796557120500784,0.9806835066864784,0.9796337157987643,0.9600804270742592,52,0.9625,0.9627017999628872,0.9624941397093296,0.9259101400987492,24,74
1,select_coverage,2.0,list,0.9796557120500784,0.9806835066864784,0.9796337157987643,0.9600804270742592,52,0.9640625,0.9642790870291332,0.9640553918133226,0.929170920531594,23,74
1,select_coverage,3.0,majority,0.9796557120500784,0.9806835066864784,0.9796337157987643,0.9600804270742592,52,0.9640625,0.9642497875789864,0.964058200321816,0.9289124523798772,23,74
1,select_coverage,3.0,cmar,0.9796557120500784,0.9806835066864784,0.9796337157987643,0.9600804270742592,52,0.965625,0.9658270746452324,0.9656196280668854,0.9321641108401844,22,74
1,select_coverage,3.0,top_k_avg,0.9796557120500784,0.9806835066864784,0.9796337157987643,0.9600804270742592,52,0.9640625,0.9642790870291332,0.9640553918133226,0.929170920531594,23,74
1,select_coverage,3.0,list,0.9796557120500784,0.9806835066864784,0.9796337157987643,0.9600804270742592,52,0.9640625,0.9642790870291332,0.9640553918133226,0.929170920531594,23,74
1,select_coverage,4.0,majority,0.9796557120500784,0.9806835066864784,0.9796337157987643,0.9600804270742592,52,0.9640625,0.9642497875789864,0.964058200321816,0.9289124523798772,23,74
1,select_coverage,4.0,cmar,0.9796557120500784,0.9806835066864784,0.9796337157987643,0.9600804270742592,52,0.965625,0.9658270746452324,0.9656196280668854,0.9321641108401844,22,74
1,select_coverage,4.0,top_k_avg,0.9796557120500784,0.9806835066864784,0.9796337157987643,0.9600804270742592,52,0.9640625,0.9642790870291332,0.9640553918133226,0.929170920531594,23,74
1,select_coverage,4.0,list,0.9796557120500784,0.9806835066864784,0.9796337157987643,0.9600804270742592,52,0.9640625,0.9642790870291332,0.9640553918133226,0.929170920531594,23,74
1,select_coverage_CBA_M1,,majority,0.9796557120500784,0.9806835066864784,0.9796337157987643,0.9600804270742592,52,0.9640625,0.9642497875789864,0.964058200321816,0.9289124523798772,23,74
1,select_coverage_CBA_M1,,cmar,0.9796557120500784,0.9806835066864784,0.9796337157987643,0.9600804270742592,52,0.965625,0.9658270746452324,0.9656196280668854,0.9321641108401844,22,74
1,select_coverage_CBA_M1,,top_k_avg,0.9796557120500784,0.9806835066864784,0.9796337157987643,0.9600804270742592,52,0.9640625,0.9642790870291332,0.9640553918133226,0.929170920531594,23,74
1,select_coverage_CBA_M1,,list,0.9796557120500784,0.9806835066864784,0.9796337157987643,0.9600804270742592,52,0.9640625,0.9642790870291332,0.9640553918133226,0.929170920531594,23,74
2,select_coverage,1.0,majority,0.9796557120500784,0.9806835066864784,0.9796337157987643,0.9600804270742592,52,0.9640625,0.9642497875789864,0.964058200321816,0.9289124523798772,23,74
2,select_coverage,1.0,cmar,0.9796557120500784,0.9806835066864784,0.9796337157987643,0.9600804270742592,52,0.965625,0.9658270746452324,0.9656196280668854,0.9321641108401844,22,74
2,select_coverage,1.0,top_k_avg,0.9796557120500784,0.9806835066864784,0.9796337157987643,0.9600804270742592,52,0.9625,0.9627017999628872,0.9624941397093296,0.9259101400987492,24,74
2,select_coverage,1.0,list,0.9796557120500784,0.9806835066864784,0.9796337157987643,0.9600804270742592,52,0.9640625,0.9642790870291332,0.9640553918133226,0.929170920531594,23,74
2,select_coverage,2.0,majority,0.9796557120500784,0.9806835066864784,0.9796337157987643,0.9600804270742592,52,0.9640625,0.9642497875789864,0.964058200321816,0.9289124523798772,23,74
2,select_coverage,2.0,cmar,0.9796557120500784,0.9806835066864784,0.9796337157987643,0.9600804270742592,52,0.965625,0.9658270746452324,0.9656196280668854,0.9321641108401844,22,74
2,select_coverage,2.0,top_k_avg,0.9796557120500784,0.9806835066864784,0.9796337157987643,0.9600804270742592,52,0.9625,0.9627017999628872,0.9624941397093296,0.9259101400987492,24,74
2,select_coverage,2.0,list,0.9796557120500784,0.9806835066864784,0.9796337157987643,0.9600804270742592,52,0.9640625,0.9642790870291332,0.9640553918133226,0.929170920531594,23,74
2,select_coverage,3.0,majority,0.9796557120500784,0.9806835066864784,0.9796337157987643,0.9600804270742592,52,0.9640625,0.9642497875789864,0.964058200321816,0.9289124523798772,23,74
2,select_coverage,3.0,cmar,0.9796557120500784,0.9806835066864784,0.9796337157987643,0.9600804270742592,52,0.965625,0.9658270746452324,0.9656196280668854,0.9321641108401844,22,74
2,select_coverage,3.0,top_k_avg,0.9796557120500784,0.9806835066864784,0.9796337157987643,0.9600804270742592,52,0.9640625,0.9642790870291332,0.9640553918133226,0.929170920531594,23,74
2,select_coverage,3.0,list,0.9796557120500784,0.9806835066864784,0.9796337157987643,0.9600804270742592,52,0.9640625,0.9642790870291332,0.9640553918133226,0.929170920531594,23,74
2,select_coverage,4.0,majority,0.9796557120500784,0.9806835066864784,0.9796337157987643,0.9600804270742592,52,0.9640625,0.9642497875789864,0.964058200321816,0.9289124523798772,23,74
2,select_coverage,4.0,cmar,0.9796557120500784,0.9806835066864784,0.9796337157987643,0.9600804270742592,52,0.965625,0.9658270746452324,0.9656196280668854,0.9321641108401844,22,74
2,select_coverage,4.0,top_k_avg,0.9796557120500784,0.9806835066864784,0.9796337157987643,0.9600804270742592,52,0.9640625,0.9642790870291332,0.9640553918133226,0.929170920531594,23,74
2,select_coverage,4.0,list,0.9796557120500784,0.9806835066864784,0.9796337157987643,0.9600804270742592,52,0.9640625,0.9642790870291332,0.9640553918133226,0.929170920531594,23,74
2,select_coverage_CBA_M1,,majority,0.9796557120500784,0.9806835066864784,0.9796337157987643,0.9600804270742592,52,0.9640625,0.9642497875789864,0.964058200321816,0.9289124523798772,23,74
2,select_coverage_CBA_M1,,cmar,0.9796557120500784,0.9806835066864784,0.9796337157987643,0.9600804270742592,52,0.965625,0.9658270746452324,0.9656196280668854,0.9321641108401844,22,74
2,select_coverage_CBA_M1,,top_k_avg,0.9796557120500784,0.9806835066864784,0.9796337157987643,0.9600804270742592,52,0.9625,0.9627017999628872,0.9624941397093296,0.9259101400987492,24,74
2,select_coverage_CBA_M1,,list,0.9796557120500784,0.9806835066864784,0.9796337157987643,0.9600804270742592,52,0.9640625,0.9642790870291332,0.9640553918133226,0.929170920531594,23,74
1,select_coverage,1.0,majority,0.9780907668231612,0.9790419161676648,0.978078687367678,0.95709783513805,56,0.9703125,0.9708356565034088,0.9702915387077308,0.940967445327791,19,76
1,select_coverage,1.0,cmar,0.9780907668231612,0.9790419161676648,0.978078687367678,0.95709783513805,56,0.9703125,0.9708356565034088,0.9702915387077308,0.940967445327791,19,76
1,select_coverage,1.0,top_k_avg,0.9780907668231612,0.9790419161676648,0.978078687367678,0.95709783513805,56,0.9703125,0.9708356565034088,0.9702915387077308,0.940967445327791,19,76
1,select_coverage,1.0,list,0.9780907668231612,0.9790419161676648,0.978078687367678,0.95709783513805,56,0.9703125,0.9708356565034088,0.9702915387077308,0.940967445327791,19,76
1,select_coverage,2.0,majority,0.9780907668231612,0.9790419161676648,0.978078687367678,0.95709783513805,56,0.9703125,0.9708356565034088,0.9702915387077308,0.940967445327791,19,76
1,select_coverage,2.0,cmar,0.9780907668231612,0.9790419161676648,0.978078687367678,0.95709783513805,56,0.9703125,0.9708356565034088,0.9702915387077308,0.940967445327791,19,76
1,select_coverage,2.0,top_k_avg,0.9780907668231612,0.9790419161676648,0.978078687367678,0.95709783513805,56,0.9703125,0.9708356565034088,0.9702915387077308,0.940967445327791,19,76
1,select_coverage,2.0,list,0.9780907668231612,0.9790419161676648,0.978078687367678,0.95709783513805,56,0.9703125,0.9708356565034088,0.9702915387077308,0.940967445327791,19,76
1,select_coverage,3.0,majority,0.9780907668231612,0.9790419161676648,0.978078687367678,0.95709783513805,56,0.9703125,0.9708356565034088,0.9702915387077308,0.940967445327791,19,76
1,select_coverage,3.0,cmar,0.9780907668231612,0.9790419161676648,0.978078687367678,0.95709783513805,56,0.9703125,0.9708356565034088,0.9702915387077308,0.940967445327791,19,76
1,select_coverage,3.0,top_k_avg,0.9780907668231612,0.9790419161676648,0.978078687367678,0.95709783513805,56,0.9703125,0.9708356565034088,0.9702915387077308,0.940967445327791,19,76
1,select_coverage,3.0,list,0.9780907668231612,0.9790419161676648,0.978078687367678,0.95709783513805,56,0.9703125,0.9708356565034088,0.9702915387077308,0.940967445327791,19,76
1,select_coverage,4.0,majority,0.9780907668231612,0.9790419161676648,0.978078687367678,0.95709783513805,56,0.9703125,0.9708356565034088,0.9702915387077308,0.940967445327791,19,76
1,select_coverage,4.0,cmar,0.9780907668231612,0.9790419161676648,0.978078687367678,0.95709783513805,56,0.9703125,0.9708356565034088,0.9702915387077308,0.940967445327791,19,76
1,select_coverage,4.0,top_k_avg,0.9780907668231612,0.9790419161676648,0.978078687367678,0.95709783513805,56,0.9703125,0.9708356565034088,0.9702915387077308,0.940967445327791,19,76
1,select_coverage,4.0,list,0.9780907668231612,0.9790419161676648,0.978078687367678,0.95709783513805,56,0.9703125,0.9708356565034088,0.9702915387077308,0.940967445327791,19,76
1,select_coverage_CBA_M1,,majority,0.9780907668231612,0.9790419161676648,0.978078687367678,0.95709783513805,56,0.9703125,0.9708356565034088,0.9702915387077308,0.940967445327791,19,76
1,select_coverage_CBA_M1,,cmar,0.9780907668231612,0.9790419161676648,0.978078687367678,0.95709783513805,56,0.9703125,0.9708356565034088,0.9702915387077308,0.940967445327791,19,76
1,select_coverage_CBA_M1,,top_k_avg,0.9780907668231612,0.9790419161676648,0.978078687367678,0.95709783513805,56,0.9703125,0.9708356565034088,0.9702915387077308,0.940967445327791,19,76
1,select_coverage_CBA_M1,,list,0.9780907668231612,0.9790419161676648,0.978078687367678,0.95709783513805,56,0.9703125,0.9708356565034088,0.9702915387077308,0.940967445327791,19,76
2,select_coverage,1.0,majority,0.9780907668231612,0.9790419161676648,0.978078687367678,0.95709783513805,56,0.9703125,0.9708356565034088,0.9702915387077308,0.940967445327791,19,76
2,select_coverage,1.0,cmar,0.9780907668231612,0.9790419161676648,0.978078687367678,0.95709783513805,56,0.9703125,0.9708356565034088,0.9702915387077308,0.940967445327791,19,76
2,select_coverage,1.0,top_k_avg,0.9780907668231612,0.9790419161676648,0.978078687367678,0.95709783513805,56,0.9703125,0.9708356565034088,0.9702915387077308,0.940967445327791,19,76
2,select_coverage,1.0,list,0.9780907668231612,0.9790419161676648,0.978078687367678,0.95709783513805,56,0.9703125,0.9708356565034088,0.9702915387077308,0.940967445327791,19,76
2,select_coverage,2.0,majority,0.9780907668231612,0.9790419161676648,0.978078687367678,0.95709783513805,56,0.9703125,0.9708356565034088,0.9702915387077308,0.940967445327791,19,76
2,select_coverage,2.0,cmar,0.9780907668231612,0.9790419161676648,0.978078687367678,0.95709783513805,56,0.9703125,0.9708356565034088,0.9702915387077308,0.940967445327791,19,76
2,select_coverage,2.0,top_k_avg,0.9780907668231612,0.9790419161676648,0.978078687367678,0.95709783513805,56,0.9703125,0.9708356565034088,0.9702915387077308,0.940967445327791,19,76
2,select_coverage,2.0,list,0.9780907668231612,0.9790419161676648,0.978078687367678,0.95709783513805,56,0.9703125,0.9708356565034088,0.9702915387077308,0.940967445327791,19,76
2,select_coverage,3.0,majority,0.9780907668231612,0.9790419161676648,0.978078687367678,0.95709783513805,56,0.9703125,0.9708356565034088,0.9702915387077308,0.940967445327791,19,76
2,select_coverage,3.0,cmar,0.9780907668231612,0.9790419161676648,0.978078687367678,0.95709783513805,56,0.9703125,0.9708356565034088,0.9702915387077308,0.940967445327791,19,76
2,select_coverage,3.0,top_k_avg,0.9780907668231612,0.9790419161676648,0.978078687367678,0.95709783513805,56,0.9703125,0.9708356565034088,0.9702915387077308,0.940967445327791,19,76
2,select_coverage,3.0,list,0.9780907668231612,0.9790419161676648,0.978078687367678,0.95709783513805,56,0.9703125,0.9708356565034088,0.9702915387077308,0.940967445327791,19,76
2,select_coverage,4.0,majority,0.9780907668231612,0.9790419161676648,0.978078687367678,0.95709783513805,56,0.9703125,0.9708356565034088,0.9702915387077308,0.940967445327791,19,76
2,select_coverage,4.0,cmar,0.9780907668231612,0.9790419161676648,0.978078687367678,0.95709783513805,56,0.9703125,0.9708356565034088,0.9702915387077308,0.940967445327791,19,76
2,select_coverage,4.0,top_k_avg,0.9780907668231612,0.9790419161676648,0.978078687367678,0.95709783513805,56,0.9703125,0.9708356565034088,0.9702915387077308,0.940967445327791,19,76
2,select_coverage,4.0,list,0.9780907668231612,0.9790419161676648,0.978078687367678,0.95709783513805,56,0.9703125,0.9708356565034088,0.9702915387077308,0.940967445327791,19,76
2,select_coverage_CBA_M1,,majority,0.9780907668231612,0.9790419161676648,0.978078687367678,0.95709783513805,56,0.9703125,0.9708356565034088,0.9702915387077308,0.940967445327791,19,76
2,select_coverage_CBA_M1,,cmar,0.9780907668231612,0.9790419161676648,0.978078687367678,0.95709783513805,56,0.9703125,0.9708356565034088,0.9702915387077308,0.940967445327791,19,76
2,select_coverage_CBA_M1,,top_k_avg,0.9780907668231612,0.9790419161676648,0.978078687367678,0.95709783513805,56,0.9703125,0.9708356565034088,0.9702915387077308,0.940967445327791,19,76
2,select_coverage_CBA_M1,,list,0.9780907668231612,0.9790419161676648,0.978078687367678,0.95709783513805,56,0.9703125,0.9708356565034088,0.9702915387077308,0.940967445327791,19,76
1,select_coverage,1.0,majority,0.9796557120500784,0.9803625377643505,0.9796507284044672,0.9601131216821758,52,0.971875,0.9726848440186686,0.9717533518375032,0.9438130195541378,18,100
1,select_coverage,1.0,cmar,0.9796557120500784,0.9803625377643505,0.9796507284044672,0.9601131216821758,52,0.971875,0.9726848440186686,0.9717533518375032,0.9438130195541378,18,100
1,select_coverage,1.0,top_k_avg,0.9796557120500784,0.9803625377643505,0.9796507284044672,0.9601131216821758,52,0.9703125,0.9709899287644314,0.9701778781658414,0.9405899849468106,19,100
1,select_coverage,1.0,list,0.9796557120500784,0.9803625377643505,0.9796507284044672,0.9601131216821758,52,0.971875,0.9726848440186686,0.9717533518375032,0.9438130195541378,18,100
1,select_coverage,2.0,majority,0.9796557120500784,0.9803625377643505,0.9796507284044672,0.9601131216821758,52,0.971875,0.9726848440186686,0.9717533518375032,0.9438130195541378,18,100
1,select_coverage,2.0,cmar,0.9796557120500784,0.9803625377643505,0.9796507284044672,0.9601131216821758,52,0.971875,0.9726848440186686,0.9717533518375032,0.9438130195541378,18,100
1,select_coverage,2.0,top_k_avg,0.9796557120500784,0.9803625377643505,0.9796507284044672,0.9601131216821758,52,0.971875,0.9726848440186686,0.9717533518375032,0.9438130195541378,18,100
1,select_coverage,2.0,list,0.9796557120500784,0.9803625377643505,0.9796507284044672,0.9601131216821758,52,0.971875,0.9726848440186686,0.9717533518375032,0.9438130195541378,18,100
1,select_coverage,3.0,majority,0.9796557120500784,0.9803625377643505,0.9796507284044672,0.9601131216821758,52,0.971875,0.9726848440186686,0.9717533518375032,0.9438130195541378,18,100
1,select_coverage,3.0,cmar,0.9796557120500784,0.9803625377643505,0.9796507284044672,0.9601131216821758,52,0.971875,0.9726848440186686,0.9717533518375032,0.9438130195541378,18,100
1,select_coverage,3.0,top_k_avg,0.9796557120500784,0.9803625377643505,0.9796507284044672,0.9601131216821758,52,0.971875,0.9726848440186686,0.9717533518375032,0.9438130195541378,18,100
1,select_coverage,3.0,list,0.9796557120500784,0.9803625377643505,0.9796507284044672,0.9601131216821758,52,0.971875,0.9726848440186686,0.9717533518375032,0.9438130195541378,18,100
1,select_coverage,4.0,majority,0.9796557120500784,0.9803625377643505,0.9796507284044672,0.9601131216821758,52,0.971875,0.9726848440186686,0.9717533518375032,0.9438130195541378,18,100
1,select_coverage,4.0,cmar,0.9796557120500784,0.9803625377643505,0.9796507284044672,0.9601131216821758,52,0.971875,0.9726848440186686,0.9717533518375032,0.9438130195541378,18,100
1,select_coverage,4.0,top_k_avg,0.9796557120500784,0.9803625377643505,0.9796507284044672,0.9601131216821758,52,0.971875,0.9726848440186686,0.9717533518375032,0.9438130195541378,18,100
1,select_coverage,4.0,list,0.9796557120500784,0.9803625377643505,0.9796507284044672,0.9601131216821758,52,0.971875,0.9726848440186686,0.9717533518375032,0.9438130195541378,18,100
1,select_coverage_CBA_M1,,majority,0.9796557120500784,0.9803625377643505,0.9796507284044672,0.9601131216821758,52,0.971875,0.9726848440186686,0.9717533518375032,0.9438130195541378,18,100
1,select_coverage_CBA_M1,,cmar,0.9796557120500784,0.9803625377643505,0.9796507284044672,0.9601131216821758,52,0.971875,0.9726848440186686,0.9717533518375032,0.9438130195541378,18,100
1,select_coverage_CBA_M1,,top_k_avg,0.9796557120500784,0.9803625377643505,0.9796507284044672,0.9601131216821758,52,0.971875,0.9726848440186686,0.9717533518375032,0.9438130195541378,18,100
1,select_coverage_CBA_M1,,list,0.9796557120500784,0.9803625377643505,0.9796507284044672,0.9601131216821758,52,0.971875,0.9726848440186686,0.9717533518375032,0.9438130195541378,18,100
2,select_coverage,1.0,majority,0.9796557120500784,0.9803625377643505,0.9796507284044672,0.9601131216821758,52,0.971875,0.9726848440186686,0.9717533518375032,0.9438130195541378,18,100
2,select_coverage,1.0,cmar,0.9796557120500784,0.9803625377643505,0.9796507284044672,0.9601131216821758,52,0.971875,0.9726848440186686,0.9717533518375032,0.9438130195541378,18,100
2,select_coverage,1.0,top_k_avg,0.9796557120500784,0.9803625377643505,0.9796507284044672,0.9601131216821758,52,0.9703125,0.9709899287644314,0.9701778781658414,0.9405899849468106,19,100
2,select_coverage,1.0,list,0.9796557120500784,0.9803625377643505,0.9796507284044672,0.9601131216821758,52,0.971875,0.9726848440186686,0.9717533518375032,0.9438130195541378,18,100
2,select_coverage,2.0,majority,0.9796557120500784,0.9803625377643505,0.9796507284044672,0.9601131216821758,52,0.971875,0.9726848440186686,0.9717533518375032,0.9438130195541378,18,100
2,select_coverage,2.0,cmar,0.9796557120500784,0.9803625377643505,0.9796507284044672,0.9601131216821758,52,0.971875,0.9726848440186686,0.9717533518375032,0.9438130195541378,18,100
2,select_coverage,2.0,top_k_avg,0.9796557120500784,0.9803625377643505,0.9796507284044672,0.9601131216821758,52,0.971875,0.9726848440186686,0.9717533518375032,0.9438130195541378,18,100
2,select_coverage,2.0,list,0.9796557120500784,0.9803625377643505,0.9796507284044672,0.9601131216821758,52,0.971875,0.9726848440186686,0.9717533518375032,0.9438130195541378,18,100
2,select_coverage,3.0,majority,0.9796557120500784,0.9803625377643505,0.9796507284044672,0.9601131216821758,52,0.971875,0.9726848440186686,0.9717533518375032,0.9438130195541378,18,100
2,select_coverage,3.0,cmar,0.9796557120500784,0.9803625377643505,0.9796507284044672,0.9601131216821758,52,0.971875,0.9726848440186686,0.9717533518375032,0.9438130195541378,18,100
2,select_coverage,3.0,top_k_avg,0.9796557120500784,0.9803625377643505,0.9796507284044672,0.9601131216821758,52,0.971875,0.9726848440186686,0.9717533518375032,0.9438130195541378,18,100
2,select_coverage,3.0,list,0.9796557120500784,0.9803625377643505,0.9796507284044672,0.9601131216821758,52,0.971875,0.9726848440186686,0.9717533518375032,0.9438130195541378,18,100
2,select_coverage,4.0,majority,0.9796557120500784,0.9803625377643505,0.9796507284044672,0.9601131216821758,52,0.971875,0.9726848440186686,0.9717533518375032,0.9438130195541378,18,100
2,select_coverage,4.0,cmar,0.9796557120500784,0.9803625377643505,0.9796507284044672,0.9601131216821758,52,0.971875,0.9726848440186686,0.9717533518375032,0.9438130195541378,18,100
2,select_coverage,4.0,top_k_avg,0.9796557120500784,0.9803625377643505,0.9796507284044672,0.9601131216821758,52,0.971875,0.9726848440186686,0.9717533518375032,0.9438130195541378,18,100
2,select_coverage,4.0,list,0.9796557120500784,0.9803625377643505,0.9796507284044672,0.9601131216821758,52,0.971875,0.9726848440186686,0.9717533518375032,0.9438130195541378,18,100
2,select_coverage_CBA_M1,,majority,0.9796557120500784,0.9803625377643505,0.9796507284044672,0.9601131216821758,52,0.971875,0.9726848440186686,0.9717533518375032,0.9438130195541378,18,100
2,select_coverage_CBA_M1,,cmar,0.9796557120500784,0.9803625377643505,0.9796507284044672,0.9601131216821758,52,0.971875,0.9726848440186686,0.9717533518375032,0.9438130195541378,18,100
2,select_coverage_CBA_M1,,top_k_avg,0.9796557120500784,0.9803625377643505,0.9796507284044672,0.9601131216821758,52,0.9703125,0.9709899287644314,0.9701778781658414,0.9405899849468106,19,100
2,select_coverage_CBA_M1,,list,0.9796557120500784,0.9803625377643505,0.9796507284044672,0.9601131216821758,52,0.971875,0.9726848440186686,0.9717533518375032,0.9438130195541378,18,100
1,select_coverage,1.0,majority,0.9757433489827856,0.976882923191648,0.97572813154767,0.9526065726149886,62,0.9671875,0.9676751094434022,0.9671867790063746,0.9351720399693124,21,114
1,select_coverage,1.0,cmar,0.9757433489827856,0.976882923191648,0.97572813154767,0.9526065726149886,62,0.9703125,0.9708802376485304,0.970312427520575,0.9416914631489648,19,114
1,select_coverage,1.0,top_k_avg,0.9757433489827856,0.976882923191648,0.97572813154767,0.9526065726149886,62,0.965625,0.9661507191994996,0.9656246643033624,0.9321739217640976,22,114
1,select_coverage,1.0,list,0.9757433489827856,0.976882923191648,0.97572813154767,0.9526065726149886,62,0.965625,0.9661507191994996,0.9656246643033624,0.9321739217640976,22,114
1,select_coverage,2.0,majority,0.9757433489827856,0.976882923191648,0.97572813154767,0.9526065726149886,62,0.9703125,0.9708802376485304,0.970312427520575,0.9416914631489648,19,114
1,select_coverage,2.0,cmar,0.9757433489827856,0.976882923191648,0.97572813154767,0.9526065726149886,62,0.9703125,0.9708802376485304,0.970312427520575,0.9416914631489648,19,114
1,select_coverage,2.0,top_k_avg,0.9757433489827856,0.976882923191648,0.97572813154767,0.9526065726149886,62,0.965625,0.9661507191994996,0.9656246643033624,0.9321739217640976,22,114
1,select_coverage,2.0,list,0.9757433489827856,0.976882923191648,0.97572813154767,0.9526065726149886,62,0.965625,0.9661507191994996,0.9656246643033624,0.9321739217640976,22,114
1,select_coverage,3.0,majority,0.9757433489827856,0.976882923191648,0.97572813154767,0.9526065726149886,62,0.9703125,0.9708802376485304,0.970312427520575,0.9416914631489648,19,114
1,select_coverage,3.0,cmar,0.9757433489827856,0.976882923191648,0.97572813154767,0.9526065726149886,62,0.9703125,0.9708802376485304,0.970312427520575,0.9416914631489648,19,114
1,select_coverage,3.0,top_k_avg,0.9757433489827856,0.976882923191648,0.97572813154767,0.9526065726149886,62,0.965625,0.9661507191994996,0.9656246643033624,0.9321739217640976,22,114
1,select_coverage,3.0,list,0.9757433489827856,0.976882923191648,0.97572813154767,0.9526065726149886,62,0.965625,0.9661507191994996,0.9656246643033624,0.9321739217640976,22,114
1,select_coverage,4.0,majority,0.9757433489827856,0.976882923191648,0.97572813154767,0.9526065726149886,62,0.9703125,0.9708802376485304,0.970312427520575,0.9416914631489648,19,114
1,select_coverage,4.0,cmar,0.9757433489827856,0.976882923191648,0.97572813154767,0.9526065726149886,62,0.9703125,0.9708802376485304,0.970312427520575,0.9416914631489648,19,114
1,select_coverage,4.0,top_k_avg,0.9757433489827856,0.976882923191648,0.97572813154767,0.9526065726149886,62,0.965625,0.9661507191994996,0.9656246643033624,0.9321739217640976,22,114
1,select_coverage,4.0,list,0.9757433489827856,0.976882923191648,0.97572813154767,0.9526065726149886,62,0.965625,0.9661507191994996,0.9656246643033624,0.9321739217640976,22,114
1,select_coverage_CBA_M1,,majority,0.9757433489827856,0.976882923191648,0.97572813154767,0.9526065726149886,62,0.9671875,0.9676751094434022,0.9671867790063746,0.9351720399693124,21,114
1,select_coverage_CBA_M1,,cmar,0.9757433489827856,0.976882923191648,0.97572813154767,0.9526065726149886,62,0.9671875,0.9676751094434022,0.9671867790063746,0.9351720399693124,21,114
1,select_coverage_CBA_M1,,top_k_avg,0.9757433489827856,0.976882923191648,0.97572813154767,0.9526065726149886,62,0.965625,0.9661507191994996,0.9656246643033624,0.9321739217640976,22,114
1,select_coverage_CBA_M1,,list,0.9757433489827856,0.976882923191648,0.97572813154767,0.9526065726149886,62,0.965625,0.9661507191994996,0.9656246643033624,0.9321739217640976,22,114
2,select_coverage,1.0,majority,0.9757433489827856,0.976882923191648,0.97572813154767,0.9526065726149886,62,0.9703125,0.9708802376485304,0.970312427520575,0.9416914631489648,19,114
2,select_coverage,1.0,cmar,0.9757433489827856,0.976882923191648,0.97572813154767,0.9526065726149886,62,0.9703125,0.9708802376485304,0.970312427520575,0.9416914631489648,19,114
2,select_coverage,1.0,top_k_avg,0.9757433489827856,0.976882923191648,0.97572813154767,0.9526065726149886,62,0.96875,0.969355847404628,0.96875,0.9387116948092558,20,114
2,select_coverage,1.0,list,0.9757433489827856,0.976882923191648,0.97572813154767,0.9526065726149886,62,0.96875,0.969355847404628,0.96875,0.9387116948092558,20,114
2,select_coverage,2.0,majority,0.9757433489827856,0.976882923191648,0.97572813154767,0.9526065726149886,62,0.9703125,0.9708802376485304,0.970312427520575,0.9416914631489648,19,114
2,select_coverage,2.0,cmar,0.9757433489827856,0.976882923191648,0.97572813154767,0.9526065726149886,62,0.9703125,0.9708802376485304,0.970312427520575,0.9416914631489648,19,114
2,select_coverage,2.0,top_k_avg,0.9757433489827856,0.976882923191648,0.97572813154767,0.9526065726149886,62,0.965625,0.9661507191994996,0.9656246643033624,0.9321739217640976,22,114
2,select_coverage,2.0,list,0.9757433489827856,0.976882923191648,0.97572813154767,0.9526065726149886,62,0.96875,0.969355847404628,0.96875,0.9387116948092558,20,114
2,select_coverage,3.0,majority,0.9757433489827856,0.976882923191648,0.97572813154767,0.9526065726149886,62,0.9703125,0.9708802376485304,0.970312427520575,0.9416914631489648,19,114
2,select_coverage,3.0,cmar,0.9757433489827856,0.976882923191648,0.97572813154767,0.9526065726149886,62,0.9703125,0.9708802376485304,0.970312427520575,0.9416914631489648,19,114
2,select_coverage,3.0,top_k_avg,0.9757433489827856,0.976882923191648,0.97572813154767,0.9526065726149886,62,0.965625,0.9661507191994996,0.9656246643033624,0.9321739217640976,22,114
2,select_coverage,3.0,list,0.9757433489827856,0.976882923191648,0.97572813154767,0.9526065726149886,62,0.96875,0.969355847404628,0.96875,0.9387116948092558,20,114
2,select_coverage,4.0,majority,0.9757433489827856,0.976882923191648,0.97572813154767,0.9526065726149886,62,0.9703125,0.9708802376485304,0.970312427520575,0.9416914631489648,19,114
2,select_coverage,4.0,cmar,0.9757433489827856,0.976882923191648,0.97572813154767,0.9526065726149886,62,0.9703125,0.9708802376485304,0.970312427520575,0.9416914631489648,19,114
2,select_coverage,4.0,top_k_avg,0.9757433489827856,0.976882923191648,0.97572813154767,0.9526065726149886,62,0.965625,0.9661507191994996,0.9656246643033624,0.9321739217640976,22,114
2,select_coverage,4.0,list,0.9757433489827856,0.976882923191648,0.97572813154767,0.9526065726149886,62,0.96875,0.969355847404628,0.96875,0.9387116948092558,20,114
2,select_coverage_CBA_M1,,majority,0.9757433489827856,0.976882923191648,0.97572813154767,0.9526065726149886,62,0.9703125,0.9708802376485304,0.970312427520575,0.9416914631489648,19,114
2,select_coverage_CBA_M1,,cmar,0.9757433489827856,0.976882923191648,0.97572813154767,0.9526065726149886,62,0.9703125,0.9708802376485304,0.970312427520575,0.9416914631489648,19,114
2,select_coverage_CBA_M1,,top_k_avg,0.9757433489827856,0.976882923191648,0.97572813154767,0.9526065726149886,62,0.96875,0.969355847404628,0.96875,0.9387116948092558,20,114
2,select_coverage_CBA_M1,,list,0.9757433489827856,0.976882923191648,0.97572813154767,0.9526065726149886,62,0.96875,0.969355847404628,0.96875,0.9387116948092558,20,114
1,select_coverage,1.0,majority,0.9773082942097028,0.9787234042553192,0.9772646410019212,0.9555400507627422,58,0.971875,0.9712731399945208,0.9717857282808888,0.9438770907894808,18,133
1,select_coverage,1.0,cmar,0.9773082942097028,0.9787234042553192,0.9772646410019212,0.9555400507627422,58,0.971875,0.9712731399945208,0.9717857282808888,0.9438770907894808,18,133
1,select_coverage,1.0,top_k_avg,0.9773082942097028,0.9787234042553192,0.9772646410019212,0.9555400507627422,58,0.9703125,0.9696391530664162,0.9702129431620824,0.9408122288693328,19,133
1,select_coverage,1.0,list,0.9773082942097028,0.9787234042553192,0.9772646410019212,0.9555400507627422,58,0.971875,0.9712731399945208,0.9717857282808888,0.9438770907894808,18,133
1,select_coverage,2.0,majority,0.9773082942097028,0.9787234042553192,0.9772646410019212,0.9555400507627422,58,0.971875,0.9712731399945208,0.9717857282808888,0.9438770907894808,18,133
1,select_coverage,2.0,cmar,0.9773082942097028,0.9787234042553192,0.9772646410019212,0.9555400507627422,58,0.971875,0.9712731399945208,0.9717857282808888,0.9438770907894808,18,133
1,select_coverage,2.0,top_k_avg,0.9773082942097028,0.9787234042553192,0.9772646410019212,0.9555400507627422,58,0.9703125,0.9696391530664162,0.9702129431620824,0.9408122288693328,19,133
1,select_coverage,2.0,list,0.9773082942097028,0.9787234042553192,0.9772646410019212,0.9555400507627422,58,0.971875,0.9712731399945208,0.9717857282808888,0.9438770907894808,18,133
1,select_coverage,3.0,majority,0.9773082942097028,0.9787234042553192,0.9772646410019212,0.9555400507627422,58,0.971875,0.9712731399945208,0.9717857282808888,0.9438770907894808,18,133
1,select_coverage,3.0,cmar,0.9773082942097028,0.9787234042553192,0.9772646410019212,0.9555400507627422,58,0.9703125,0.9696391530664162,0.9702129431620824,0.9408122288693328,19,133
1,select_coverage,3.0,top_k_avg,0.9773082942097028,0.9787234042553192,0.9772646410019212,0.9555400507627422,58,0.9703125,0.9696391530664162,0.9702129431620824,0.9408122288693328,19,133
1,select_coverage,3.0,list,0.9773082942097028,0.9787234042553192,0.9772646410019212,0.9555400507627422,58,0.971875,0.9712731399945208,0.9717857282808888,0.9438770907894808,18,133
1,select_coverage,4.0,majority,0.9773082942097028,0.9787234042553192,0.9772646410019212,0.9555400507627422,58,0.971875,0.9712731399945208,0.9717857282808888,0.9438770907894808,18,133
1,select_coverage,4.0,cmar,0.9773082942097028,0.9787234042553192,0.9772646410019212,0.9555400507627422,58,0.9703125,0.9696391530664162,0.9702129431620824,0.9408122288693328,19,133
1,select_coverage,4.0,top_k_avg,0.9773082942097028,0.9787234042553192,0.9772646410019212,0.9555400507627422,58,0.9703125,0.9696391530664162,0.9702129431620824,0.9408122288693328,19,133
1,select_coverage,4.0,list,0.9773082942097028,0.9787234042553192,0.9772646410019212,0.9555400507627422,58,0.971875,0.9712731399945208,0.9717857282808888,0.9438770907894808,18,133
1,select_coverage_CBA_M1,,majority,0.9773082942097028,0.9787234042553192,0.9772646410019212,0.9555400507627422,58,0.971875,0.9712731399945208,0.9717857282808888,0.9438770907894808,18,133
1,select_coverage_CBA_M1,,cmar,0.9773082942097028,0.9787234042553192,0.9772646410019212,0.9555400507627422,58,0.971875,0.9712731399945208,0.9717857282808888,0.9438770907894808,18,133
1,select_coverage_CBA_M1,,top_k_avg,0.9773082942097028,0.9787234042553192,0.9772646410019212,0.9555400507627422,58,0.9703125,0.9696391530664162,0.9702129431620824,0.9408122288693328,19,133
1,select_coverage_CBA_M1,,list,0.9773082942097028,0.9787234042553192,0.9772646410019212,0.9555400507627422,58,0.971875,0.9712731399945208,0.9717857282808888,0.9438770907894808,18,133
2,select_coverage,1.0,majority,0.9773082942097028,0.9787234042553192,0.9772646410019212,0.9555400507627422,58,0.971875,0.9712731399945208,0.9717857282808888,0.9438770907894808,18,133
2,select_coverage,1.0,cmar,0.9773082942097028,0.9787234042553192,0.9772646410019212,0.9555400507627422,58,0.971875,0.9712731399945208,0.9717857282808888,0.9438770907894808,18,133
2,select_coverage,1.0,top_k_avg,0.9773082942097028,0.9787234042553192,0.9772646410019212,0.9555400507627422,58,0.9703125,0.9696391530664162,0.9702129431620824,0.9408122288693328,19,133
2,select_coverage,1.0,list,0.9773082942097028,0.9787234042553192,0.9772646410019212,0.9555400507627422,58,0.9703125,0.9696391530664162,0.9702129431620824,0.9408122288693328,19,133
2,select_coverage,2.0,majority,0.9773082942097028,0.9787234042553192,0.9772646410019212,0.9555400507627422,58,0.971875,0.9712731399945208,0.9717857282808888,0.9438770907894808,18,133
2,select_coverage,2.0,cmar,0.9773082942097028,0.9787234042553192,0.9772646410019212,0.9555400507627422,58,0.971875,0.9712731399945208,0.9717857282808888,0.9438770907894808,18,133
2,select_coverage,2.0,top_k_avg,0.9773082942097028,0.9787234042553192,0.9772646410019212,0.9555400507627422,58,0.9703125,0.9696391530664162,0.9702129431620824,0.9408122288693328,19,133
2,select_coverage,2.0,list,0.9773082942097028,0.9787234042553192,0.9772646410019212,0.9555400507627422,58,0.9703125,0.9696391530664162,0.9702129431620824,0.9408122288693328,19,133
2,select_coverage,3.0,majority,0.9773082942097028,0.9787234042553192,0.9772646410019212,0.9555400507627422,58,0.971875,0.9712731399945208,0.9717857282808888,0.9438770907894808,18,133
2,select_coverage,3.0,cmar,0.9773082942097028,0.9787234042553192,0.9772646410019212,0.9555400507627422,58,0.9703125,0.9696391530664162,0.9702129431620824,0.9408122288693328,19,133
2,select_coverage,3.0,top_k_avg,0.9773082942097028,0.9787234042553192,0.9772646410019212,0.9555400507627422,58,0.9703125,0.9696391530664162,0.9702129431620824,0.9408122288693328,19,133
2,select_coverage,3.0,list,0.9773082942097028,0.9787234042553192,0.9772646410019212,0.9555400507627422,58,0.9703125,0.9696391530664162,0.9702129431620824,0.9408122288693328,19,133
2,select_coverage,4.0,majority,0.9773082942097028,0.9787234042553192,0.9772646410019212,0.9555400507627422,58,0.971875,0.9712731399945208,0.9717857282808888,0.9438770907894808,18,133
2,select_coverage,4.0,cmar,0.9773082942097028,0.9787234042553192,0.9772646410019212,0.9555400507627422,58,0.9703125,0.9696391530664162,0.9702129431620824,0.9408122288693328,19,133
2,select_coverage,4.0,top_k_avg,0.9773082942097028,0.9787234042553192,0.9772646410019212,0.9555400507627422,58,0.9703125,0.9696391530664162,0.9702129431620824,0.9408122288693328,19,133
2,select_coverage,4.0,list,0.9773082942097028,0.9787234042553192,0.9772646410019212,0.9555400507627422,58,0.9703125,0.9696391530664162,0.9702129431620824,0.9408122288693328,19,133
2,select_coverage_CBA_M1,,majority,0.9773082942097028,0.9787234042553192,0.9772646410019212,0.9555400507627422,58,0.971875,0.9712731399945208,0.9717857282808888,0.9438770907894808,18,133
2,select_coverage_CBA_M1,,cmar,0.9773082942097028,0.9787234042553192,0.9772646410019212,0.9555400507627422,58,0.971875,0.9712731399945208,0.9717857282808888,0.9438770907894808,18,133
2,select_coverage_CBA_M1,,top_k_avg,0.9773082942097028,0.9787234042553192,0.9772646410019212,0.9555400507627422,58,0.9703125,0.9696391530664162,0.9702129431620824,0.9408122288693328,19,133
2,select_coverage_CBA_M1,,list,0.9773082942097028,0.9787234042553192,0.9772646410019212,0.9555400507627422,58,0.9703125,0.9696391530664162,0.9702129431620824,0.9408122288693328,19,133
1,select_coverage,1.0,majority,0.9769170579029736,0.9779850746268656,0.9769021204301912,0.9548471601307892,59,0.965625,0.9659496281238088,0.9656166056166056,0.9315351584182512,22,138
1,select_coverage,1.0,cmar,0.9769170579029736,0.9779850746268656,0.9769021204301912,0.9548471601307892,59,0.965625,0.9659496281238088,0.9656166056166056,0.9315351584182512,22,138
1,select_coverage,1.0,top_k_avg,0.9769170579029736,0.9779850746268656,0.9769021204301912,0.9548471601307892,59,0.9625,0.9629101144459972,0.9624941397093296,0.925458506169862,24,138
1,select_coverage,1.0,list,0.9769170579029736,0.9779850746268656,0.9769021204301912,0.9548471601307892,59,0.9625,0.9629101144459972,0.9624941397093296,0.925458506169862,24,138
1,select_coverage,2.0,majority,0.9769170579029736,0.9779850746268656,0.9769021204301912,0.9548471601307892,59,0.965625,0.9659496281238088,0.9656166056166056,0.9315351584182512,22,138
1,select_coverage,2.0,cmar,0.9769170579029736,0.9779850746268656,0.9769021204301912,0.9548471601307892,59,0.965625,0.9659496281238088,0.9656166056166056,0.9315351584182512,22,138
1,select_coverage,2.0,top_k_avg,0.9769170579029736,0.9779850746268656,0.9769021204301912,0.9548471601307892,59,0.9625,0.9629101144459972,0.9624941397093296,0.925458506169862,24,138
1,select_coverage,2.0,list,0.9769170579029736,0.9779850746268656,0.9769021204301912,0.9548471601307892,59,0.9625,0.9629101144459972,0.9624941397093296,0.925458506169862,24,138
1,select_coverage,3.0,majority,0.9769170579029736,0.9779850746268656,0.9769021204301912,0.9548471601307892,59,0.965625,0.9659496281238088,0.9656166056166056,0.9315351584182512,22,138
1,select_coverage,3.0,cmar,0.9769170579029736,0.9779850746268656,0.9769021204301912,0.9548471601307892,59,0.965625,0.9659496281238088,0.9656166056166056,0.9315351584182512,22,138
1,select_coverage,3.0,top_k_avg,0.9769170579029736,0.9779850746268656,0.9769021204301912,0.9548471601307892,59,0.9625,0.9629101144459972,0.9624941397093296,0.925458506169862,24,138
1,select_coverage,3.0,list,0.9769170579029736,0.9779850746268656,0.9769021204301912,0.9548471601307892,59,0.9625,0.9629101144459972,0.9624941397093296,0.925458506169862,24,138
1,select_coverage,4.0,majority,0.9769170579029736,0.9779850746268656,0.9769021204301912,0.9548471601307892,59,0.965625,0.9659496281238088,0.9656166056166056,0.9315351584182512,22,138
1,select_coverage,4.0,cmar,0.9769170579029736,0.9779850746268656,0.9769021204301912,0.9548471601307892,59,0.9625,0.9629101144459972,0.9624941397093296,0.925458506169862,24,138
1,select_coverage,4.0,top_k_avg,0.9769170579029736,0.9779850746268656,0.9769021204301912,0.9548471601307892,59,0.9625,0.9629101144459972,0.9624941397093296,0.925458506169862,24,138
1,select_coverage,4.0,list,0.9769170579029736,0.9779850746268656,0.9769021204301912,0.9548471601307892,59,0.9625,0.9629101144459972,0.9624941397093296,0.925458506169862,24,138
1,select_coverage_CBA_M1,,majority,0.9769170579029736,0.9779850746268656,0.9769021204301912,0.9548471601307892,59,0.965625,0.9659496281238088,0.9656166056166056,0.9315351584182512,22,138
1,select_coverage_CBA_M1,,cmar,0.9769170579029736,0.9779850746268656,0.9769021204301912,0.9548471601307892,59,0.965625,0.9659496281238088,0.9656166056166056,0.9315351584182512,22,138
1,select_coverage_CBA_M1,,top_k_avg,0.9769170579029736,0.9779850746268656,0.9769021204301912,0.9548471601307892,59,0.9625,0.9629101144459972,0.9624941397093296,0.925458506169862,24,138
1,select_coverage_CBA_M1,,list,0.9769170579029736,0.9779850746268656,0.9769021204301912,0.9548471601307892,59,0.9625,0.9629101144459972,0.9624941397093296,0.925458506169862,24,138
2,select_coverage,1.0,majority,0.9769170579029736,0.9779850746268656,0.9769021204301912,0.9548471601307892,59,0.965625,0.9659496281238088,0.9656166056166056,0.9315351584182512,22,138
2,select_coverage,1.0,cmar,0.9769170579029736,0.9779850746268656,0.9769021204301912,0.9548471601307892,59,0.965625,0.9659496281238088,0.9656166056166056,0.9315351584182512,22,138
2,select_coverage,1.0,top_k_avg,0.9769170579029736,0.9779850746268656,0.9769021204301912,0.9548471601307892,59,0.9625,0.9629101144459972,0.9624941397093296,0.925458506169862,24,138
2,select_coverage,1.0,list,0.9769170579029736,0.9779850746268656,0.9769021204301912,0.9548471601307892,59,0.9625,0.9629101144459972,0.9624941397093296,0.925458506169862,24,138
2,select_coverage,2.0,majority,0.9769170579029736,0.9779850746268656,0.9769021204301912,0.9548471601307892,59,0.965625,0.9659496281238088,0.9656166056166056,0.9315351584182512,22,138
2,select_coverage,2.0,cmar,0.9769170579029736,0.9779850746268656,0.9769021204301912,0.9548471601307892,59,0.965625,0.9659496281238088,0.9656166056166056,0.9315351584182512,22,138
2,select_coverage,2.0,top_k_avg,0.9769170579029736,0.9779850746268656,0.9769021204301912,0.9548471601307892,59,0.9625,0.9629101144459972,0.9624941397093296,0.925458506169862,24,138
2,select_coverage,2.0,list,0.9769170579029736,0.9779850746268656,0.9769021204301912,0.9548471601307892,59,0.9625,0.9629101144459972,0.9624941397093296,0.925458506169862,24,138
2,select_coverage,3.0,majority,0.9769170579029736,0.9779850746268656,0.9769021204301912,0.9548471601307892,59,0.965625,0.9659496281238088,0.9656166056166056,0.9315351584182512,22,138
2,select_coverage,3.0,cmar,0.9769170579029736,0.9779850746268656,0.9769021204301912,0.9548471601307892,59,0.965625,0.9659496281238088,0.9656166056166056,0.9315351584182512,22,138
2,select_coverage,3.0,top_k_avg,0.9769170579029736,0.9779850746268656,0.9769021204301912,0.9548471601307892,59,0.9625,0.9629101144459972,0.9624941397093296,0.925458506169862,24,138
2,select_coverage,3.0,list,0.9769170579029736,0.9779850746268656,0.9769021204301912,0.9548471601307892,59,0.9625,0.9629101144459972,0.9624941397093296,0.925458506169862,24,138
2,select_coverage,4.0,majority,0.9769170579029736,0.9779850746268656,0.9769021204301912,0.9548471601307892,59,0.965625,0.9659496281238088,0.9656166056166056,0.9315351584182512,22,138
2,select_coverage,4.0,cmar,0.9769170579029736,0.9779850746268656,0.9769021204301912,0.9548471601307892,59,0.9625,0.9629101144459972,0.9624941397093296,0.925458506169862,24,138
2,select_coverage,4.0,top_k_avg,0.9769170579029736,0.9779850746268656,0.9769021204301912,0.9548471601307892,59,0.9625,0.9629101144459972,0.9624941397093296,0.925458506169862,24,138
2,select_coverage,4.0,list,0.9769170579029736,0.9779850746268656,0.9769021204301912,0.9548471601307892,59,0.9625,0.9629101144459972,0.9624941397093296,0.925458506169862,24,138
2,select_coverage_CBA_M1,,majority,0.9769170579029736,0.9779850746268656,0.9769021204301912,0.9548471601307892,59,0.965625,0.9659496281238088,0.9656166056166056,0.9315351584182512,22,138
2,select_coverage_CBA_M1,,cmar,0.9769170579029736,0.9779850746268656,0.9769021204301912,0.9548471601307892,59,0.965625,0.9659496281238088,0.9656166056166056,0.9315351584182512,22,138
2,select_coverage_CBA_M1,,top_k_avg,0.9769170579029736,0.9779850746268656,0.9769021204301912,0.9548471601307892,59,0.9625,0.9629101144459972,0.9624941397093296,0.925458506169862,24,138
2,select_coverage_CBA_M1,,list,0.9769170579029736,0.9779850746268656,0.9769021204301912,0.9548471601307892,59,0.9625,0.9629101144459972,0.9624941397093296,0.925458506169862,24,138
1,select_coverage,1.0,majority,0.977699530516432,0.9785229841748304,0.9776937910465584,0.9563609972179924,57,0.971875,0.9728207543467168,0.971795399124482,0.9440680762337776,18,148
1,select_coverage,1.0,cmar,0.977699530516432,0.9785229841748304,0.9776937910465584,0.9563609972179924,57,0.971875,0.9728207543467168,0.971795399124482,0.9440680762337776,18,148
1,select_coverage,1.0,top_k_avg,0.977699530516432,0.9785229841748304,0.9776937910465584,0.9563609972179924,57,0.971875,0.9728207543467168,0.971795399124482,0.9440680762337776,18,148
1,select_coverage,1.0,list,0.977699530516432,0.9785229841748304,0.9776937910465584,0.9563609972179924,57,0.971875,0.9728207543467168,0.971795399124482,0.9440680762337776,18,148
1,select_coverage,2.0,majority,0.977699530516432,0.9785229841748304,0.9776937910465584,0.9563609972179924,57,0.971875,0.9728207543467168,0.971795399124482,0.9440680762337776,18,148
1,select_coverage,2.0,cmar,0.977699530516432,0.9785229841748304,0.9776937910465584,0.9563609972179924,57,0.971875,0.9728207543467168,0.971795399124482,0.9440680762337776,18,148
1,select_coverage,2.0,top_k_avg,0.977699530516432,0.9785229841748304,0.9776937910465584,0.9563609972179924,57,0.971875,0.9728207543467168,0.971795399124482,0.9440680762337776,18,148
1,select_coverage,2.0,list,0.977699530516432,0.9785229841748304,0.9776937910465584,0.9563609972179924,57,0.971875,0.9728207543467168,0.971795399124482,0.9440680762337776,18,148
1,select_coverage,3.0,majority,0.977699530516432,0.9785229841748304,0.9776937910465584,0.9563609972179924,57,0.971875,0.9728207543467168,0.971795399124482,0.9440680762337776,18,148
1,select_coverage,3.0,cmar,0.977699530516432,0.9785229841748304,0.9776937910465584,0.9563609972179924,57,0.971875,0.9728207543467168,0.971795399124482,0.9440680762337776,18,148
1,select_coverage,3.0,top_k_avg,0.977699530516432,0.9785229841748304,0.9776937910465584,0.9563609972179924,57,0.971875,0.9728207543467168,0.971795399124482,0.9440680762337776,18,148
1,select_coverage,3.0,list,0.977699530516432,0.9785229841748304,0.9776937910465584,0.9563609972179924,57,0.971875,0.9728207543467168,0.971795399124482,0.9440680762337776,18,148
1,select_coverage,4.0,majority,0.977699530516432,0.9785229841748304,0.9776937910465584,0.9563609972179924,57,0.971875,0.9728207543467168,0.971795399124482,0.9440680762337776,18,148
1,select_coverage,4.0,cmar,0.977699530516432,0.9785229841748304,0.9776937910465584,0.9563609972179924,57,0.971875,0.9728207543467168,0.971795399124482,0.9440680762337776,18,148
1,select_coverage,4.0,top_k_avg,0.977699530516432,0.9785229841748304,0.9776937910465584,0.9563609972179924,57,0.971875,0.9728207543467168,0.971795399124482,0.9440680762337776,18,148
1,select_coverage,4.0,list,0.977699530516432,0.9785229841748304,0.9776937910465584,0.9563609972179924,57,0.971875,0.9728207543467168,0.971795399124482,0.9440680762337776,18,148
1,select_coverage_CBA_M1,,majority,0.977699530516432,0.9785229841748304,0.9776937910465584,0.9563609972179924,57,0.971875,0.9728207543467168,0.971795399124482,0.9440680762337776,18,148
1,select_coverage_CBA_M1,,cmar,0.977699530516432,0.9785229841748304,0.9776937910465584,0.9563609972179924,57,0.971875,0.9728207543467168,0.971795399124482,0.9440680762337776,18,148
1,select_coverage_CBA_M1,,top_k_avg,0.977699530516432,0.9785229841748304,0.9776937910465584,0.9563609972179924,57,0.971875,0.9728207543467168,0.971795399124482,0.9440680762337776,18,148
1,select_coverage_CBA_M1,,list,0.977699530516432,0.9785229841748304,0.9776937910465584,0.9563609972179924,57,0.971875,0.9728207543467168,0.971795399124482,0.9440680762337776,18,148
2,select_coverage,1.0,majority,0.977699530516432,0.9785229841748304,0.9776937910465584,0.9563609972179924,57,0.971875,0.9728207543467168,0.971795399124482,0.9440680762337776,18,148
2,select_coverage,1.0,cmar,0.977699530516432,0.9785229841748304,0.9776937910465584,0.9563609972179924,57,0.971875,0.9728207543467168,0.971795399124482,0.9440680762337776,18,148
2,select_coverage,1.0,top_k_avg,0.977699530516432,0.9785229841748304,0.9776937910465584,0.9563609972179924,57,0.971875,0.9728207543467168,0.971795399124482,0.9440680762337776,18,148
2,select_coverage,1.0,list,0.977699530516432,0.9785229841748304,0.9776937910465584,0.9563609972179924,57,0.971875,0.9728207543467168,0.971795399124482,0.9440680762337776,18,148
2,select_coverage,2.0,majority,0.977699530516432,0.9785229841748304,0.9776937910465584,0.9563609972179924,57,0.971875,0.9728207543467168,0.971795399124482,0.9440680762337776,18,148
2,select_coverage,2.0,cmar,0.977699530516432,0.9785229841748304,0.9776937910465584,0.9563609972179924,57,0.971875,0.9728207543467168,0.971795399124482,0.9440680762337776,18,148
2,select_coverage,2.0,top_k_avg,0.977699530516432,0.9785229841748304,0.9776937910465584,0.9563609972179924,57,0.971875,0.9728207543467168,0.971795399124482,0.9440680762337776,18,148
2,select_coverage,2.0,list,0.977699530516432,0.9785229841748304,0.9776937910465584,0.9563609972179924,57,0.971875,0.9728207543467168,0.971795399124482,0.9440680762337776,18,148
2,select_coverage,3.0,majority,0.977699530516432,0.9785229841748304,0.9776937910465584,0.9563609972179924,57,0.971875,0.9728207543467168,0.971795399124482,0.9440680762337776,18,148
2,select_coverage,3.0,cmar,0.977699530516432,0.9785229841748304,0.9776937910465584,0.9563609972179924,57,0.971875,0.9728207543467168,0.971795399124482,0.9440680762337776,18,148
2,select_coverage,3.0,top_k_avg,0.977699530516432,0.9785229841748304,0.9776937910465584,0.9563609972179924,57,0.971875,0.9728207543467168,0.971795399124482,0.9440680762337776,18,148
2,select_coverage,3.0,list,0.977699530516432,0.9785229841748304,0.9776937910465584,0.9563609972179924,57,0.971875,0.9728207543467168,0.971795399124482,0.9440680762337776,18,148
2,select_coverage,4.0,majority,0.977699530516432,0.9785229841748304,0.9776937910465584,0.9563609972179924,57,0.971875,0.9728207543467168,0.971795399124482,0.9440680762337776,18,148
2,select_coverage,4.0,cmar,0.977699530516432,0.9785229841748304,0.9776937910465584,0.9563609972179924,57,0.971875,0.9728207543467168,0.971795399124482,0.9440680762337776,18,148
2,select_coverage,4.0,top_k_avg,0.977699530516432,0.9785229841748304,0.9776937910465584,0.9563609972179924,57,0.971875,0.9728207543467168,0.971795399124482,0.9440680762337776,18,148
2,select_coverage,4.0,list,0.977699530516432,0.9785229841748304,0.9776937910465584,0.9563609972179924,57,0.971875,0.9728207543467168,0.971795399124482,0.9440680762337776,18,148
2,select_coverage_CBA_M1,,majority,0.977699530516432,0.9785229841748304,0.9776937910465584,0.9563609972179924,57,0.971875,0.9728207543467168,0.971795399124482,0.9440680762337776,18,148
2,select_coverage_CBA_M1,,cmar,0.977699530516432,0.9785229841748304,0.9776937910465584,0.9563609972179924,57,0.971875,0.9728207543467168,0.971795399124482,0.9440680762337776,18,148
2,select_coverage_CBA_M1,,top_k_avg,0.977699530516432,0.9785229841748304,0.9776937910465584,0.9563609972179924,57,0.971875,0.9728207543467168,0.971795399124482,0.9440680762337776,18,148
2,select_coverage_CBA_M1,,list,0.977699530516432,0.9785229841748304,0.9776937910465584,0.9563609972179924,57,0.971875,0.9728207543467168,0.971795399124482,0.9440680762337776,18,148
