seed,ranking,selection,param,consolidation,strategy,majority_class,no_matches_test,acc_test,bacc_test,f1_test,mcc_test,erros_test,acc_test_maj,bacc_test_maj,f1_test_maj,mcc_test_maj,erros_test_maj,nclients
5,1,select_coverage,1.0,DAC,list,e,0,0.9987692307692309,0.9987468671679198,0.998768782693555,0.9975405934496614,2,,,,,,2
5,1,select_coverage,1.0,exact,majority,e,0,0.9987692307692309,0.9987468671679198,0.998768782693555,0.9975405934496614,2,,,,,,2
5,1,select_coverage,1.0,exact,cmar,e,0,0.9987692307692309,0.9987468671679198,0.998768782693555,0.9975405934496614,2,,,,,,2
5,1,select_coverage,1.0,exact,top_k_avg,e,0,0.9987692307692309,0.9987468671679198,0.998768782693555,0.9975405934496614,2,,,,,,2
5,1,select_coverage,1.0,exact,list,e,0,0.9987692307692309,0.9987468671679198,0.998768782693555,0.9975405934496614,2,,,,,,2
5,1,select_coverage,2.0,DAC,list,e,0,0.9987692307692309,0.9987468671679198,0.998768782693555,0.9975405934496614,2,,,,,,2
5,1,select_coverage,2.0,exact,majority,e,0,0.9987692307692309,0.9987468671679198,0.998768782693555,0.9975405934496614,2,,,,,,2
5,1,select_coverage,2.0,exact,cmar,e,0,0.9987692307692309,0.9987468671679198,0.998768782693555,0.9975405934496614,2,,,,,,2
5,1,select_coverage,2.0,exact,top_k_avg,e,0,0.9987692307692309,0.9987468671679198,0.998768782693555,0.9975405934496614,2,,,,,,2
5,1,select_coverage,2.0,exact,list,e,0,0.9987692307692309,0.9987468671679198,0.998768782693555,0.9975405934496614,2,,,,,,2
5,1,select_coverage,3.0,DAC,list,e,0,0.9987692307692309,0.9987468671679198,0.998768782693555,0.9975405934496614,2,,,,,,2
5,1,select_coverage,3.0,exact,majority,e,0,1.0,1.0,1.0,1.0,0,,,,,,2
5,1,select_coverage,3.0,exact,cmar,e,0,1.0,1.0,1.0,1.0,0,,,,,,2
5,1,select_coverage,3.0,exact,top_k_avg,e,0,0.9987692307692309,0.9987468671679198,0.998768782693555,0.9975405934496614,2,,,,,,2
5,1,select_coverage,3.0,exact,list,e,0,0.9987692307692309,0.9987468671679198,0.998768782693555,0.9975405934496614,2,,,,,,2
5,1,select_coverage,4.0,DAC,list,e,0,0.9987692307692309,0.9987468671679198,0.998768782693555,0.9975405934496614,2,,,,,,2
5,1,select_coverage,4.0,exact,majority,e,0,1.0,1.0,1.0,1.0,0,,,,,,2
5,1,select_coverage,4.0,exact,cmar,e,0,0.9987692307692309,0.9987468671679198,0.998768782693555,0.9975405934496614,2,,,,,,2
5,1,select_coverage,4.0,exact,top_k_avg,e,0,0.9987692307692309,0.9987468671679198,0.998768782693555,0.9975405934496614,2,,,,,,2
5,1,select_coverage,4.0,exact,list,e,0,0.9987692307692309,0.9987468671679198,0.998768782693555,0.9975405934496614,2,,,,,,2
5,1,select_coverage_CBA_M1,,DAC,list,e,6,0.9987692307692309,0.9987468671679198,0.998768782693555,0.9975405934496614,2,0.9950769230769232,0.9949874686716792,0.9950743694435098,0.9901970245988924,8.0,2
5,1,select_coverage_CBA_M1,,exact,majority,e,6,0.9987692307692309,0.9987468671679198,0.998768782693555,0.9975405934496614,2,0.9950769230769232,0.9949874686716792,0.9950743694435098,0.9901970245988924,8.0,2
5,1,select_coverage_CBA_M1,,exact,cmar,e,6,0.9987692307692309,0.9987468671679198,0.998768782693555,0.9975405934496614,2,0.9950769230769232,0.9949874686716792,0.9950743694435098,0.9901970245988924,8.0,2
5,1,select_coverage_CBA_M1,,exact,top_k_avg,e,6,0.9987692307692309,0.9987468671679198,0.998768782693555,0.9975405934496614,2,0.9950769230769232,0.9949874686716792,0.9950743694435098,0.9901970245988924,8.0,2
5,1,select_coverage_CBA_M1,,exact,list,e,6,0.9987692307692309,0.9987468671679198,0.998768782693555,0.9975405934496614,2,0.9950769230769232,0.9949874686716792,0.9950743694435098,0.9901970245988924,8.0,2
5,2,select_coverage,1.0,exact,majority,e,0,0.9987692307692309,0.9987468671679198,0.998768782693555,0.9975405934496614,2,,,,,,2
5,2,select_coverage,1.0,exact,cmar,e,0,0.9987692307692309,0.9987468671679198,0.998768782693555,0.9975405934496614,2,,,,,,2
5,2,select_coverage,1.0,exact,top_k_avg,e,0,0.9987692307692309,0.9987468671679198,0.998768782693555,0.9975405934496614,2,,,,,,2
5,2,select_coverage,1.0,exact,list,e,0,0.9987692307692309,0.9987468671679198,0.998768782693555,0.9975405934496614,2,,,,,,2
5,2,select_coverage,2.0,exact,majority,e,0,0.9987692307692309,0.9987468671679198,0.998768782693555,0.9975405934496614,2,,,,,,2
5,2,select_coverage,2.0,exact,cmar,e,0,0.9987692307692309,0.9987468671679198,0.998768782693555,0.9975405934496614,2,,,,,,2
5,2,select_coverage,2.0,exact,top_k_avg,e,0,0.9987692307692309,0.9987468671679198,0.998768782693555,0.9975405934496614,2,,,,,,2
5,2,select_coverage,2.0,exact,list,e,0,0.9987692307692309,0.9987468671679198,0.998768782693555,0.9975405934496614,2,,,,,,2
5,2,select_coverage,3.0,exact,majority,e,0,1.0,1.0,1.0,1.0,0,,,,,,2
5,2,select_coverage,3.0,exact,cmar,e,0,1.0,1.0,1.0,1.0,0,,,,,,2
5,2,select_coverage,3.0,exact,top_k_avg,e,0,0.9987692307692309,0.9987468671679198,0.998768782693555,0.9975405934496614,2,,,,,,2
5,2,select_coverage,3.0,exact,list,e,0,0.9987692307692309,0.9987468671679198,0.998768782693555,0.9975405934496614,2,,,,,,2
5,2,select_coverage,4.0,exact,majority,e,0,1.0,1.0,1.0,1.0,0,,,,,,2
5,2,select_coverage,4.0,exact,cmar,e,0,0.9987692307692309,0.9987468671679198,0.998768782693555,0.9975405934496614,2,,,,,,2
5,2,select_coverage,4.0,exact,top_k_avg,e,0,0.9987692307692309,0.9987468671679198,0.998768782693555,0.9975405934496614,2,,,,,,2
5,2,select_coverage,4.0,exact,list,e,0,0.9987692307692309,0.9987468671679198,0.998768782693555,0.9975405934496614,2,,,,,,2
5,2,select_coverage_CBA_M1,,exact,majority,e,4,0.9987692307692309,0.9987468671679198,0.998768782693555,0.9975405934496614,2,0.9963076923076924,0.9962406015037594,0.9963059786315072,0.9926391483596664,6.0,2
5,2,select_coverage_CBA_M1,,exact,cmar,e,4,0.9987692307692309,0.9987468671679198,0.998768782693555,0.9975405934496614,2,0.9963076923076924,0.9962406015037594,0.9963059786315072,0.9926391483596664,6.0,2
5,2,select_coverage_CBA_M1,,exact,top_k_avg,e,4,0.9987692307692309,0.9987468671679198,0.998768782693555,0.9975405934496614,2,0.9963076923076924,0.9962406015037594,0.9963059786315072,0.9926391483596664,6.0,2
5,2,select_coverage_CBA_M1,,exact,list,e,4,0.9987692307692309,0.9987468671679198,0.998768782693555,0.9975405934496614,2,0.9963076923076924,0.9962406015037594,0.9963059786315072,0.9926391483596664,6.0,2
14,1,select_coverage,1.0,DAC,list,e,0,1.0,1.0,1.0,1.0,0,,,,,,2
14,1,select_coverage,1.0,exact,majority,e,0,1.0,1.0,1.0,1.0,0,,,,,,2
14,1,select_coverage,1.0,exact,cmar,e,0,1.0,1.0,1.0,1.0,0,,,,,,2
14,1,select_coverage,1.0,exact,top_k_avg,e,0,1.0,1.0,1.0,1.0,0,,,,,,2
14,1,select_coverage,1.0,exact,list,e,0,1.0,1.0,1.0,1.0,0,,,,,,2
14,1,select_coverage,2.0,DAC,list,e,0,1.0,1.0,1.0,1.0,0,,,,,,2
14,1,select_coverage,2.0,exact,majority,e,0,1.0,1.0,1.0,1.0,0,,,,,,2
14,1,select_coverage,2.0,exact,cmar,e,0,1.0,1.0,1.0,1.0,0,,,,,,2
14,1,select_coverage,2.0,exact,top_k_avg,e,0,1.0,1.0,1.0,1.0,0,,,,,,2
14,1,select_coverage,2.0,exact,list,e,0,1.0,1.0,1.0,1.0,0,,,,,,2
14,1,select_coverage,3.0,DAC,list,e,0,1.0,1.0,1.0,1.0,0,,,,,,2
14,1,select_coverage,3.0,exact,majority,e,0,1.0,1.0,1.0,1.0,0,,,,,,2
14,1,select_coverage,3.0,exact,cmar,e,0,1.0,1.0,1.0,1.0,0,,,,,,2
14,1,select_coverage,3.0,exact,top_k_avg,e,0,1.0,1.0,1.0,1.0,0,,,,,,2
14,1,select_coverage,3.0,exact,list,e,0,1.0,1.0,1.0,1.0,0,,,,,,2
14,1,select_coverage,4.0,DAC,list,e,0,1.0,1.0,1.0,1.0,0,,,,,,2
14,1,select_coverage,4.0,exact,majority,e,0,1.0,1.0,1.0,1.0,0,,,,,,2
14,1,select_coverage,4.0,exact,cmar,e,0,1.0,1.0,1.0,1.0,0,,,,,,2
14,1,select_coverage,4.0,exact,top_k_avg,e,0,1.0,1.0,1.0,1.0,0,,,,,,2
14,1,select_coverage,4.0,exact,list,e,0,1.0,1.0,1.0,1.0,0,,,,,,2
14,1,select_coverage_CBA_M1,,DAC,list,e,10,1.0,1.0,1.0,1.0,0,0.9938461538461538,0.9933598937583,0.9938071268727248,0.987690482053162,10.0,2
14,1,select_coverage_CBA_M1,,exact,majority,e,10,1.0,1.0,1.0,1.0,0,0.9938461538461538,0.9933598937583,0.9938071268727248,0.987690482053162,10.0,2
14,1,select_coverage_CBA_M1,,exact,cmar,e,10,1.0,1.0,1.0,1.0,0,0.9938461538461538,0.9933598937583,0.9938071268727248,0.987690482053162,10.0,2
14,1,select_coverage_CBA_M1,,exact,top_k_avg,e,10,1.0,1.0,1.0,1.0,0,0.9938461538461538,0.9933598937583,0.9938071268727248,0.987690482053162,10.0,2
14,1,select_coverage_CBA_M1,,exact,list,e,10,1.0,1.0,1.0,1.0,0,0.9938461538461538,0.9933598937583,0.9938071268727248,0.987690482053162,10.0,2
14,2,select_coverage,1.0,exact,majority,e,0,1.0,1.0,1.0,1.0,0,,,,,,2
14,2,select_coverage,1.0,exact,cmar,e,0,1.0,1.0,1.0,1.0,0,,,,,,2
14,2,select_coverage,1.0,exact,top_k_avg,e,0,1.0,1.0,1.0,1.0,0,,,,,,2
14,2,select_coverage,1.0,exact,list,e,0,1.0,1.0,1.0,1.0,0,,,,,,2
14,2,select_coverage,2.0,exact,majority,e,0,1.0,1.0,1.0,1.0,0,,,,,,2
14,2,select_coverage,2.0,exact,cmar,e,0,1.0,1.0,1.0,1.0,0,,,,,,2
14,2,select_coverage,2.0,exact,top_k_avg,e,0,1.0,1.0,1.0,1.0,0,,,,,,2
14,2,select_coverage,2.0,exact,list,e,0,1.0,1.0,1.0,1.0,0,,,,,,2
14,2,select_coverage,3.0,exact,majority,e,0,1.0,1.0,1.0,1.0,0,,,,,,2
14,2,select_coverage,3.0,exact,cmar,e,0,1.0,1.0,1.0,1.0,0,,,,,,2
14,2,select_coverage,3.0,exact,top_k_avg,e,0,1.0,1.0,1.0,1.0,0,,,,,,2
14,2,select_coverage,3.0,exact,list,e,0,1.0,1.0,1.0,1.0,0,,,,,,2
14,2,select_coverage,4.0,exact,majority,e,0,1.0,1.0,1.0,1.0,0,,,,,,2
14,2,select_coverage,4.0,exact,cmar,e,0,1.0,1.0,1.0,1.0,0,,,,,,2
14,2,select_coverage,4.0,exact,top_k_avg,e,0,1.0,1.0,1.0,1.0,0,,,,,,2
14,2,select_coverage,4.0,exact,list,e,0,1.0,1.0,1.0,1.0,0,,,,,,2
14,2,select_coverage_CBA_M1,,exact,majority,e,10,1.0,1.0,1.0,1.0,0,0.9938461538461538,0.9933598937583,0.9938071268727248,0.987690482053162,10.0,2
14,2,select_coverage_CBA_M1,,exact,cmar,e,10,1.0,1.0,1.0,1.0,0,0.9938461538461538,0.9933598937583,0.9938071268727248,0.987690482053162,10.0,2
14,2,select_coverage_CBA_M1,,exact,top_k_avg,e,10,1.0,1.0,1.0,1.0,0,0.9938461538461538,0.9933598937583,0.9938071268727248,0.987690482053162,10.0,2
14,2,select_coverage_CBA_M1,,exact,list,e,10,1.0,1.0,1.0,1.0,0,0.9938461538461538,0.9933598937583,0.9938071268727248,0.987690482053162,10.0,2
17,1,select_coverage,1.0,DAC,list,e,0,1.0,1.0,1.0,1.0,0,,,,,,2
17,1,select_coverage,1.0,exact,majority,e,0,1.0,1.0,1.0,1.0,0,,,,,,2
17,1,select_coverage,1.0,exact,cmar,e,0,1.0,1.0,1.0,1.0,0,,,,,,2
17,1,select_coverage,1.0,exact,top_k_avg,e,0,1.0,1.0,1.0,1.0,0,,,,,,2
17,1,select_coverage,1.0,exact,list,e,0,1.0,1.0,1.0,1.0,0,,,,,,2
17,1,select_coverage,2.0,DAC,list,e,0,1.0,1.0,1.0,1.0,0,,,,,,2
17,1,select_coverage,2.0,exact,majority,e,0,1.0,1.0,1.0,1.0,0,,,,,,2
17,1,select_coverage,2.0,exact,cmar,e,0,1.0,1.0,1.0,1.0,0,,,,,,2
17,1,select_coverage,2.0,exact,top_k_avg,e,0,1.0,1.0,1.0,1.0,0,,,,,,2
17,1,select_coverage,2.0,exact,list,e,0,1.0,1.0,1.0,1.0,0,,,,,,2
17,1,select_coverage,3.0,DAC,list,e,0,1.0,1.0,1.0,1.0,0,,,,,,2
17,1,select_coverage,3.0,exact,majority,e,0,1.0,1.0,1.0,1.0,0,,,,,,2
17,1,select_coverage,3.0,exact,cmar,e,0,1.0,1.0,1.0,1.0,0,,,,,,2
17,1,select_coverage,3.0,exact,top_k_avg,e,0,1.0,1.0,1.0,1.0,0,,,,,,2
17,1,select_coverage,3.0,exact,list,e,0,1.0,1.0,1.0,1.0,0,,,,,,2
17,1,select_coverage,4.0,DAC,list,e,0,1.0,1.0,1.0,1.0,0,,,,,,2
17,1,select_coverage,4.0,exact,majority,e,0,1.0,1.0,1.0,1.0,0,,,,,,2
17,1,select_coverage,4.0,exact,cmar,e,0,0.9993846153846154,0.9993946731234866,0.9993844578058136,0.9987696729297324,1,,,,,,2
17,1,select_coverage,4.0,exact,top_k_avg,e,0,1.0,1.0,1.0,1.0,0,,,,,,2
17,1,select_coverage,4.0,exact,list,e,0,1.0,1.0,1.0,1.0,0,,,,,,2
17,1,select_coverage_CBA_M1,,DAC,list,e,4,1.0,1.0,1.0,1.0,0,0.9975384615384616,0.9974968710888612,0.99753756538711,0.995087228142845,4.0,2
17,1,select_coverage_CBA_M1,,exact,majority,e,4,1.0,1.0,1.0,1.0,0,0.9975384615384616,0.9974968710888612,0.99753756538711,0.995087228142845,4.0,2
17,1,select_coverage_CBA_M1,,exact,cmar,e,4,1.0,1.0,1.0,1.0,0,0.9975384615384616,0.9974968710888612,0.99753756538711,0.995087228142845,4.0,2
17,1,select_coverage_CBA_M1,,exact,top_k_avg,e,4,1.0,1.0,1.0,1.0,0,0.9975384615384616,0.9974968710888612,0.99753756538711,0.995087228142845,4.0,2
17,1,select_coverage_CBA_M1,,exact,list,e,4,1.0,1.0,1.0,1.0,0,0.9975384615384616,0.9974968710888612,0.99753756538711,0.995087228142845,4.0,2
17,2,select_coverage,1.0,exact,majority,e,0,1.0,1.0,1.0,1.0,0,,,,,,2
17,2,select_coverage,1.0,exact,cmar,e,0,1.0,1.0,1.0,1.0,0,,,,,,2
17,2,select_coverage,1.0,exact,top_k_avg,e,0,1.0,1.0,1.0,1.0,0,,,,,,2
17,2,select_coverage,1.0,exact,list,e,0,1.0,1.0,1.0,1.0,0,,,,,,2
17,2,select_coverage,2.0,exact,majority,e,0,1.0,1.0,1.0,1.0,0,,,,,,2
17,2,select_coverage,2.0,exact,cmar,e,0,1.0,1.0,1.0,1.0,0,,,,,,2
17,2,select_coverage,2.0,exact,top_k_avg,e,0,1.0,1.0,1.0,1.0,0,,,,,,2
17,2,select_coverage,2.0,exact,list,e,0,1.0,1.0,1.0,1.0,0,,,,,,2
17,2,select_coverage,3.0,exact,majority,e,0,1.0,1.0,1.0,1.0,0,,,,,,2
17,2,select_coverage,3.0,exact,cmar,e,0,1.0,1.0,1.0,1.0,0,,,,,,2
17,2,select_coverage,3.0,exact,top_k_avg,e,0,1.0,1.0,1.0,1.0,0,,,,,,2
17,2,select_coverage,3.0,exact,list,e,0,1.0,1.0,1.0,1.0,0,,,,,,2
17,2,select_coverage,4.0,exact,majority,e,0,1.0,1.0,1.0,1.0,0,,,,,,2
17,2,select_coverage,4.0,exact,cmar,e,0,0.9993846153846154,0.9993946731234866,0.9993844578058136,0.9987696729297324,1,,,,,,2
17,2,select_coverage,4.0,exact,top_k_avg,e,0,1.0,1.0,1.0,1.0,0,,,,,,2
17,2,select_coverage,4.0,exact,list,e,0,1.0,1.0,1.0,1.0,0,,,,,,2
17,2,select_coverage_CBA_M1,,exact,majority,e,4,1.0,1.0,1.0,1.0,0,0.9975384615384616,0.9974968710888612,0.99753756538711,0.995087228142845,4.0,2
17,2,select_coverage_CBA_M1,,exact,cmar,e,4,1.0,1.0,1.0,1.0,0,0.9975384615384616,0.9974968710888612,0.99753756538711,0.995087228142845,4.0,2
17,2,select_coverage_CBA_M1,,exact,top_k_avg,e,4,1.0,1.0,1.0,1.0,0,0.9975384615384616,0.9974968710888612,0.99753756538711,0.995087228142845,4.0,2
17,2,select_coverage_CBA_M1,,exact,list,e,4,1.0,1.0,1.0,1.0,0,0.9975384615384616,0.9974968710888612,0.99753756538711,0.995087228142845,4.0,2
19,1,select_coverage,1.0,DAC,list,e,0,1.0,1.0,1.0,1.0,0,,,,,,2
19,1,select_coverage,1.0,exact,majority,e,0,1.0,1.0,1.0,1.0,0,,,,,,2
19,1,select_coverage,1.0,exact,cmar,e,0,1.0,1.0,1.0,1.0,0,,,,,,2
19,1,select_coverage,1.0,exact,top_k_avg,e,0,1.0,1.0,1.0,1.0,0,,,,,,2
19,1,select_coverage,1.0,exact,list,e,0,1.0,1.0,1.0,1.0,0,,,,,,2
19,1,select_coverage,2.0,DAC,list,e,0,1.0,1.0,1.0,1.0,0,,,,,,2
19,1,select_coverage,2.0,exact,majority,e,0,1.0,1.0,1.0,1.0,0,,,,,,2
19,1,select_coverage,2.0,exact,cmar,e,0,1.0,1.0,1.0,1.0,0,,,,,,2
19,1,select_coverage,2.0,exact,top_k_avg,e,0,1.0,1.0,1.0,1.0,0,,,,,,2
19,1,select_coverage,2.0,exact,list,e,0,1.0,1.0,1.0,1.0,0,,,,,,2
19,1,select_coverage,3.0,DAC,list,e,0,1.0,1.0,1.0,1.0,0,,,,,,2
19,1,select_coverage,3.0,exact,majority,e,0,1.0,1.0,1.0,1.0,0,,,,,,2
19,1,select_coverage,3.0,exact,cmar,e,0,1.0,1.0,1.0,1.0,0,,,,,,2
19,1,select_coverage,3.0,exact,top_k_avg,e,0,1.0,1.0,1.0,1.0,0,,,,,,2
19,1,select_coverage,3.0,exact,list,e,0,1.0,1.0,1.0,1.0,0,,,,,,2
19,1,select_coverage,4.0,DAC,list,e,0,1.0,1.0,1.0,1.0,0,,,,,,2
19,1,select_coverage,4.0,exact,majority,e,0,1.0,1.0,1.0,1.0,0,,,,,,2
19,1,select_coverage,4.0,exact,cmar,e,0,1.0,1.0,1.0,1.0,0,,,,,,2
19,1,select_coverage,4.0,exact,top_k_avg,e,0,1.0,1.0,1.0,1.0,0,,,,,,2
19,1,select_coverage,4.0,exact,list,e,0,1.0,1.0,1.0,1.0,0,,,,,,2
19,1,select_coverage_CBA_M1,,DAC,list,e,5,1.0,1.0,1.0,1.0,0,0.9969230769230768,0.9968905472636816,0.9969225128506394,0.9938639094305018,5.0,2
19,1,select_coverage_CBA_M1,,exact,majority,e,5,1.0,1.0,1.0,1.0,0,0.9969230769230768,0.9968905472636816,0.9969225128506394,0.9938639094305018,5.0,2
19,1,select_coverage_CBA_M1,,exact,cmar,e,5,1.0,1.0,1.0,1.0,0,0.9969230769230768,0.9968905472636816,0.9969225128506394,0.9938639094305018,5.0,2
19,1,select_coverage_CBA_M1,,exact,top_k_avg,e,5,1.0,1.0,1.0,1.0,0,0.9969230769230768,0.9968905472636816,0.9969225128506394,0.9938639094305018,5.0,2
19,1,select_coverage_CBA_M1,,exact,list,e,5,1.0,1.0,1.0,1.0,0,0.9969230769230768,0.9968905472636816,0.9969225128506394,0.9938639094305018,5.0,2
19,2,select_coverage,1.0,exact,majority,e,0,1.0,1.0,1.0,1.0,0,,,,,,2
19,2,select_coverage,1.0,exact,cmar,e,0,1.0,1.0,1.0,1.0,0,,,,,,2
19,2,select_coverage,1.0,exact,top_k_avg,e,0,1.0,1.0,1.0,1.0,0,,,,,,2
19,2,select_coverage,1.0,exact,list,e,0,1.0,1.0,1.0,1.0,0,,,,,,2
19,2,select_coverage,2.0,exact,majority,e,0,1.0,1.0,1.0,1.0,0,,,,,,2
19,2,select_coverage,2.0,exact,cmar,e,0,1.0,1.0,1.0,1.0,0,,,,,,2
19,2,select_coverage,2.0,exact,top_k_avg,e,0,1.0,1.0,1.0,1.0,0,,,,,,2
19,2,select_coverage,2.0,exact,list,e,0,1.0,1.0,1.0,1.0,0,,,,,,2
19,2,select_coverage,3.0,exact,majority,e,0,1.0,1.0,1.0,1.0,0,,,,,,2
19,2,select_coverage,3.0,exact,cmar,e,0,1.0,1.0,1.0,1.0,0,,,,,,2
19,2,select_coverage,3.0,exact,top_k_avg,e,0,1.0,1.0,1.0,1.0,0,,,,,,2
19,2,select_coverage,3.0,exact,list,e,0,1.0,1.0,1.0,1.0,0,,,,,,2
19,2,select_coverage,4.0,exact,majority,e,0,1.0,1.0,1.0,1.0,0,,,,,,2
19,2,select_coverage,4.0,exact,cmar,e,0,1.0,1.0,1.0,1.0,0,,,,,,2
19,2,select_coverage,4.0,exact,top_k_avg,e,0,1.0,1.0,1.0,1.0,0,,,,,,2
19,2,select_coverage,4.0,exact,list,e,0,1.0,1.0,1.0,1.0,0,,,,,,2
19,2,select_coverage_CBA_M1,,exact,majority,e,5,1.0,1.0,1.0,1.0,0,0.9969230769230768,0.9968905472636816,0.9969225128506394,0.9938639094305018,5.0,2
19,2,select_coverage_CBA_M1,,exact,cmar,e,5,1.0,1.0,1.0,1.0,0,0.9969230769230768,0.9968905472636816,0.9969225128506394,0.9938639094305018,5.0,2
19,2,select_coverage_CBA_M1,,exact,top_k_avg,e,5,1.0,1.0,1.0,1.0,0,0.9969230769230768,0.9968905472636816,0.9969225128506394,0.9938639094305018,5.0,2
19,2,select_coverage_CBA_M1,,exact,list,e,5,1.0,1.0,1.0,1.0,0,0.9969230769230768,0.9968905472636816,0.9969225128506394,0.9938639094305018,5.0,2
29,1,select_coverage,1.0,DAC,list,e,0,1.0,1.0,1.0,1.0,0,,,,,,2
29,1,select_coverage,1.0,exact,majority,e,0,1.0,1.0,1.0,1.0,0,,,,,,2
29,1,select_coverage,1.0,exact,cmar,e,0,1.0,1.0,1.0,1.0,0,,,,,,2
29,1,select_coverage,1.0,exact,top_k_avg,e,0,1.0,1.0,1.0,1.0,0,,,,,,2
29,1,select_coverage,1.0,exact,list,e,0,1.0,1.0,1.0,1.0,0,,,,,,2
29,1,select_coverage,2.0,DAC,list,e,0,1.0,1.0,1.0,1.0,0,,,,,,2
29,1,select_coverage,2.0,exact,majority,e,0,1.0,1.0,1.0,1.0,0,,,,,,2
29,1,select_coverage,2.0,exact,cmar,e,0,1.0,1.0,1.0,1.0,0,,,,,,2
29,1,select_coverage,2.0,exact,top_k_avg,e,0,1.0,1.0,1.0,1.0,0,,,,,,2
29,1,select_coverage,2.0,exact,list,e,0,1.0,1.0,1.0,1.0,0,,,,,,2
29,1,select_coverage,3.0,DAC,list,e,0,1.0,1.0,1.0,1.0,0,,,,,,2
29,1,select_coverage,3.0,exact,majority,e,0,0.9987692307692309,0.9987775061124696,0.9987691930147728,0.9975414120766212,2,,,,,,2
29,1,select_coverage,3.0,exact,cmar,e,0,0.9987692307692309,0.9987775061124696,0.9987691930147728,0.9975414120766212,2,,,,,,2
29,1,select_coverage,3.0,exact,top_k_avg,e,0,1.0,1.0,1.0,1.0,0,,,,,,2
29,1,select_coverage,3.0,exact,list,e,0,1.0,1.0,1.0,1.0,0,,,,,,2
29,1,select_coverage,4.0,DAC,list,e,0,1.0,1.0,1.0,1.0,0,,,,,,2
29,1,select_coverage,4.0,exact,majority,e,0,0.9993846153846154,0.9993887530562346,0.9993845920792268,0.9987699411463972,1,,,,,,2
29,1,select_coverage,4.0,exact,cmar,e,0,0.9987692307692309,0.9987775061124696,0.9987691930147728,0.9975414120766212,2,,,,,,2
29,1,select_coverage,4.0,exact,top_k_avg,e,0,1.0,1.0,1.0,1.0,0,,,,,,2
29,1,select_coverage,4.0,exact,list,e,0,1.0,1.0,1.0,1.0,0,,,,,,2
29,1,select_coverage_CBA_M1,,DAC,list,e,6,1.0,1.0,1.0,1.0,0,0.9963076923076924,0.9962825278810408,0.9963072881633248,0.9926417482191162,6.0,2
29,1,select_coverage_CBA_M1,,exact,majority,e,6,1.0,1.0,1.0,1.0,0,0.9963076923076924,0.9962825278810408,0.9963072881633248,0.9926417482191162,6.0,2
29,1,select_coverage_CBA_M1,,exact,cmar,e,6,1.0,1.0,1.0,1.0,0,0.9963076923076924,0.9962825278810408,0.9963072881633248,0.9926417482191162,6.0,2
29,1,select_coverage_CBA_M1,,exact,top_k_avg,e,6,1.0,1.0,1.0,1.0,0,0.9963076923076924,0.9962825278810408,0.9963072881633248,0.9926417482191162,6.0,2
29,1,select_coverage_CBA_M1,,exact,list,e,6,1.0,1.0,1.0,1.0,0,0.9963076923076924,0.9962825278810408,0.9963072881633248,0.9926417482191162,6.0,2
29,2,select_coverage,1.0,exact,majority,e,0,1.0,1.0,1.0,1.0,0,,,,,,2
29,2,select_coverage,1.0,exact,cmar,e,0,1.0,1.0,1.0,1.0,0,,,,,,2
29,2,select_coverage,1.0,exact,top_k_avg,e,0,1.0,1.0,1.0,1.0,0,,,,,,2
29,2,select_coverage,1.0,exact,list,e,0,1.0,1.0,1.0,1.0,0,,,,,,2
29,2,select_coverage,2.0,exact,majority,e,0,1.0,1.0,1.0,1.0,0,,,,,,2
29,2,select_coverage,2.0,exact,cmar,e,0,1.0,1.0,1.0,1.0,0,,,,,,2
29,2,select_coverage,2.0,exact,top_k_avg,e,0,1.0,1.0,1.0,1.0,0,,,,,,2
29,2,select_coverage,2.0,exact,list,e,0,1.0,1.0,1.0,1.0,0,,,,,,2
29,2,select_coverage,3.0,exact,majority,e,0,0.9987692307692309,0.9987775061124696,0.9987691930147728,0.9975414120766212,2,,,,,,2
29,2,select_coverage,3.0,exact,cmar,e,0,0.9987692307692309,0.9987775061124696,0.9987691930147728,0.9975414120766212,2,,,,,,2
29,2,select_coverage,3.0,exact,top_k_avg,e,0,1.0,1.0,1.0,1.0,0,,,,,,2
29,2,select_coverage,3.0,exact,list,e,0,1.0,1.0,1.0,1.0,0,,,,,,2
29,2,select_coverage,4.0,exact,majority,e,0,0.9993846153846154,0.9993887530562346,0.9993845920792268,0.9987699411463972,1,,,,,,2
29,2,select_coverage,4.0,exact,cmar,e,0,0.9987692307692309,0.9987775061124696,0.9987691930147728,0.9975414120766212,2,,,,,,2
29,2,select_coverage,4.0,exact,top_k_avg,e,0,1.0,1.0,1.0,1.0,0,,,,,,2
29,2,select_coverage,4.0,exact,list,e,0,1.0,1.0,1.0,1.0,0,,,,,,2
29,2,select_coverage_CBA_M1,,exact,majority,e,6,1.0,1.0,1.0,1.0,0,0.9963076923076924,0.9962825278810408,0.9963072881633248,0.9926417482191162,6.0,2
29,2,select_coverage_CBA_M1,,exact,cmar,e,6,1.0,1.0,1.0,1.0,0,0.9963076923076924,0.9962825278810408,0.9963072881633248,0.9926417482191162,6.0,2
29,2,select_coverage_CBA_M1,,exact,top_k_avg,e,6,1.0,1.0,1.0,1.0,0,0.9963076923076924,0.9962825278810408,0.9963072881633248,0.9926417482191162,6.0,2
29,2,select_coverage_CBA_M1,,exact,list,e,6,1.0,1.0,1.0,1.0,0,0.9963076923076924,0.9962825278810408,0.9963072881633248,0.9926417482191162,6.0,2
31,1,select_coverage,1.0,DAC,list,e,0,0.9987692307692309,0.998706338939198,0.9987661651349398,0.9975353712054932,2,,,,,,2
31,1,select_coverage,1.0,exact,majority,e,0,0.9987692307692309,0.998706338939198,0.9987661651349398,0.9975353712054932,2,,,,,,2
31,1,select_coverage,1.0,exact,cmar,e,0,0.9987692307692309,0.998706338939198,0.9987661651349398,0.9975353712054932,2,,,,,,2
31,1,select_coverage,1.0,exact,top_k_avg,e,0,0.9987692307692309,0.998706338939198,0.9987661651349398,0.9975353712054932,2,,,,,,2
31,1,select_coverage,1.0,exact,list,e,0,0.9987692307692309,0.998706338939198,0.9987661651349398,0.9975353712054932,2,,,,,,2
31,1,select_coverage,2.0,DAC,list,e,0,0.9987692307692309,0.998706338939198,0.9987661651349398,0.9975353712054932,2,,,,,,2
31,1,select_coverage,2.0,exact,majority,e,0,1.0,1.0,1.0,1.0,0,,,,,,2
31,1,select_coverage,2.0,exact,cmar,e,0,0.9993846153846154,0.999353169469599,0.999383120272566,0.9987670011559856,1,,,,,,2
31,1,select_coverage,2.0,exact,top_k_avg,e,0,0.9987692307692309,0.998706338939198,0.9987661651349398,0.9975353712054932,2,,,,,,2
31,1,select_coverage,2.0,exact,list,e,0,0.9987692307692309,0.998706338939198,0.9987661651349398,0.9975353712054932,2,,,,,,2
31,1,select_coverage,3.0,DAC,list,e,0,0.9987692307692309,0.998706338939198,0.9987661651349398,0.9975353712054932,2,,,,,,2
31,1,select_coverage,3.0,exact,majority,e,0,1.0,1.0,1.0,1.0,0,,,,,,2
31,1,select_coverage,3.0,exact,cmar,e,0,0.9987692307692309,0.9987663150095052,0.9987663150095052,0.9975326300190102,2,,,,,,2
31,1,select_coverage,3.0,exact,top_k_avg,e,0,0.9987692307692309,0.998706338939198,0.9987661651349398,0.9975353712054932,2,,,,,,2
31,1,select_coverage,3.0,exact,list,e,0,0.9987692307692309,0.998706338939198,0.9987661651349398,0.9975353712054932,2,,,,,,2
31,1,select_coverage,4.0,DAC,list,e,0,0.9987692307692309,0.998706338939198,0.9987661651349398,0.9975353712054932,2,,,,,,2
31,1,select_coverage,4.0,exact,majority,e,0,0.9987692307692309,0.9987663150095052,0.9987663150095052,0.9975326300190102,2,,,,,,2
31,1,select_coverage,4.0,exact,cmar,e,0,0.9981538461538462,0.998119484479104,0.998149360817698,0.996299481304982,3,,,,,,2
31,1,select_coverage,4.0,exact,top_k_avg,e,0,0.9987692307692309,0.998706338939198,0.9987661651349398,0.9975353712054932,2,,,,,,2
31,1,select_coverage,4.0,exact,list,e,0,0.9987692307692309,0.998706338939198,0.9987661651349398,0.9975353712054932,2,,,,,,2
31,1,select_coverage_CBA_M1,,DAC,list,e,2,0.9987692307692309,0.998706338939198,0.9987661651349398,0.9975353712054932,2,0.9975384615384616,0.9974126778783958,0.9975320229514272,0.9950761976557904,4.0,2
31,1,select_coverage_CBA_M1,,exact,majority,e,2,0.9987692307692309,0.998706338939198,0.9987661651349398,0.9975353712054932,2,0.9975384615384616,0.9974126778783958,0.9975320229514272,0.9950761976557904,4.0,2
31,1,select_coverage_CBA_M1,,exact,cmar,e,2,0.9987692307692309,0.998706338939198,0.9987661651349398,0.9975353712054932,2,0.9975384615384616,0.9974126778783958,0.9975320229514272,0.9950761976557904,4.0,2
31,1,select_coverage_CBA_M1,,exact,top_k_avg,e,2,0.9987692307692309,0.998706338939198,0.9987661651349398,0.9975353712054932,2,0.9975384615384616,0.9974126778783958,0.9975320229514272,0.9950761976557904,4.0,2
31,1,select_coverage_CBA_M1,,exact,list,e,2,0.9987692307692309,0.998706338939198,0.9987661651349398,0.9975353712054932,2,0.9975384615384616,0.9974126778783958,0.9975320229514272,0.9950761976557904,4.0,2
31,2,select_coverage,1.0,exact,majority,e,0,0.9987692307692309,0.998706338939198,0.9987661651349398,0.9975353712054932,2,,,,,,2
31,2,select_coverage,1.0,exact,cmar,e,0,0.9987692307692309,0.998706338939198,0.9987661651349398,0.9975353712054932,2,,,,,,2
31,2,select_coverage,1.0,exact,top_k_avg,e,0,0.9987692307692309,0.998706338939198,0.9987661651349398,0.9975353712054932,2,,,,,,2
31,2,select_coverage,1.0,exact,list,e,0,0.9987692307692309,0.998706338939198,0.9987661651349398,0.9975353712054932,2,,,,,,2
31,2,select_coverage,2.0,exact,majority,e,0,1.0,1.0,1.0,1.0,0,,,,,,2
31,2,select_coverage,2.0,exact,cmar,e,0,0.9993846153846154,0.999353169469599,0.999383120272566,0.9987670011559856,1,,,,,,2
31,2,select_coverage,2.0,exact,top_k_avg,e,0,0.9987692307692309,0.998706338939198,0.9987661651349398,0.9975353712054932,2,,,,,,2
31,2,select_coverage,2.0,exact,list,e,0,0.9987692307692309,0.998706338939198,0.9987661651349398,0.9975353712054932,2,,,,,,2
31,2,select_coverage,3.0,exact,majority,e,0,1.0,1.0,1.0,1.0,0,,,,,,2
31,2,select_coverage,3.0,exact,cmar,e,0,0.9987692307692309,0.9987663150095052,0.9987663150095052,0.9975326300190102,2,,,,,,2
31,2,select_coverage,3.0,exact,top_k_avg,e,0,0.9987692307692309,0.998706338939198,0.9987661651349398,0.9975353712054932,2,,,,,,2
31,2,select_coverage,3.0,exact,list,e,0,0.9987692307692309,0.998706338939198,0.9987661651349398,0.9975353712054932,2,,,,,,2
31,2,select_coverage,4.0,exact,majority,e,0,0.9987692307692309,0.9987663150095052,0.9987663150095052,0.9975326300190102,2,,,,,,2
31,2,select_coverage,4.0,exact,cmar,e,0,0.9981538461538462,0.998119484479104,0.998149360817698,0.996299481304982,3,,,,,,2
31,2,select_coverage,4.0,exact,top_k_avg,e,0,0.9987692307692309,0.998706338939198,0.9987661651349398,0.9975353712054932,2,,,,,,2
31,2,select_coverage,4.0,exact,list,e,0,0.9987692307692309,0.998706338939198,0.9987661651349398,0.9975353712054932,2,,,,,,2
31,2,select_coverage_CBA_M1,,exact,majority,e,2,0.9987692307692309,0.998706338939198,0.9987661651349398,0.9975353712054932,2,0.9975384615384616,0.9974126778783958,0.9975320229514272,0.9950761976557904,4.0,2
31,2,select_coverage_CBA_M1,,exact,cmar,e,2,0.9987692307692309,0.998706338939198,0.9987661651349398,0.9975353712054932,2,0.9975384615384616,0.9974126778783958,0.9975320229514272,0.9950761976557904,4.0,2
31,2,select_coverage_CBA_M1,,exact,top_k_avg,e,2,0.9987692307692309,0.998706338939198,0.9987661651349398,0.9975353712054932,2,0.9975384615384616,0.9974126778783958,0.9975320229514272,0.9950761976557904,4.0,2
31,2,select_coverage_CBA_M1,,exact,list,e,2,0.9987692307692309,0.998706338939198,0.9987661651349398,0.9975353712054932,2,0.9975384615384616,0.9974126778783958,0.9975320229514272,0.9950761976557904,4.0,2
34,1,select_coverage,1.0,DAC,list,e,0,0.9993846153846154,0.9993662864385298,0.999384077979897,0.998768914212232,1,,,,,,2
34,1,select_coverage,1.0,exact,majority,e,0,1.0,1.0,1.0,1.0,0,,,,,,2
34,1,select_coverage,1.0,exact,cmar,e,0,0.9993846153846154,0.9993662864385298,0.999384077979897,0.998768914212232,1,,,,,,2
34,1,select_coverage,1.0,exact,top_k_avg,e,0,1.0,1.0,1.0,1.0,0,,,,,,2
34,1,select_coverage,1.0,exact,list,e,0,1.0,1.0,1.0,1.0,0,,,,,,2
34,1,select_coverage,2.0,DAC,list,e,0,0.9993846153846154,0.9993662864385298,0.999384077979897,0.998768914212232,1,,,,,,2
34,1,select_coverage,2.0,exact,majority,e,0,1.0,1.0,1.0,1.0,0,,,,,,2
34,1,select_coverage,2.0,exact,cmar,e,0,0.9993846153846154,0.9993662864385298,0.999384077979897,0.998768914212232,1,,,,,,2
34,1,select_coverage,2.0,exact,top_k_avg,e,0,0.9993846153846154,0.9993662864385298,0.999384077979897,0.998768914212232,1,,,,,,2
34,1,select_coverage,2.0,exact,list,e,0,1.0,1.0,1.0,1.0,0,,,,,,2
34,1,select_coverage,3.0,DAC,list,e,0,0.9987692307692309,0.9987325728770596,0.998768110668389,0.9975392527017272,2,,,,,,2
34,1,select_coverage,3.0,exact,majority,e,0,1.0,1.0,1.0,1.0,0,,,,,,2
34,1,select_coverage,3.0,exact,cmar,e,0,0.9993846153846154,0.9993662864385298,0.999384077979897,0.998768914212232,1,,,,,,2
34,1,select_coverage,3.0,exact,top_k_avg,e,0,0.9993846153846154,0.9993662864385298,0.999384077979897,0.998768914212232,1,,,,,,2
34,1,select_coverage,3.0,exact,list,e,0,1.0,1.0,1.0,1.0,0,,,,,,2
34,1,select_coverage,4.0,DAC,list,e,0,0.9987692307692309,0.9987325728770596,0.998768110668389,0.9975392527017272,2,,,,,,2
34,1,select_coverage,4.0,exact,majority,e,0,1.0,1.0,1.0,1.0,0,,,,,,2
34,1,select_coverage,4.0,exact,cmar,e,0,0.9981538461538462,0.9982057416267942,0.9981524916350506,0.9963117972463106,3,,,,,,2
34,1,select_coverage,4.0,exact,top_k_avg,e,0,0.9993846153846154,0.9993662864385298,0.999384077979897,0.998768914212232,1,,,,,,2
34,1,select_coverage,4.0,exact,list,e,0,1.0,1.0,1.0,1.0,0,,,,,,2
34,1,select_coverage_CBA_M1,,DAC,list,e,6,0.9993846153846154,0.9993662864385298,0.999384077979897,0.998768914212232,1,0.9956923076923077,0.9955640050697084,0.99568754551772,0.9914121256761916,7.0,2
34,1,select_coverage_CBA_M1,,exact,majority,e,6,1.0,1.0,1.0,1.0,0,0.9963076923076924,0.9961977186311788,0.99630376038359,0.992634744409635,6.0,2
34,1,select_coverage_CBA_M1,,exact,cmar,e,6,0.9993846153846154,0.9993662864385298,0.999384077979897,0.998768914212232,1,0.9956923076923077,0.9955640050697084,0.99568754551772,0.9914121256761916,7.0,2
34,1,select_coverage_CBA_M1,,exact,top_k_avg,e,6,1.0,1.0,1.0,1.0,0,0.9963076923076924,0.9961977186311788,0.99630376038359,0.992634744409635,6.0,2
34,1,select_coverage_CBA_M1,,exact,list,e,6,1.0,1.0,1.0,1.0,0,0.9963076923076924,0.9961977186311788,0.99630376038359,0.992634744409635,6.0,2
34,2,select_coverage,1.0,exact,majority,e,0,1.0,1.0,1.0,1.0,0,,,,,,2
34,2,select_coverage,1.0,exact,cmar,e,0,0.9993846153846154,0.9993662864385298,0.999384077979897,0.998768914212232,1,,,,,,2
34,2,select_coverage,1.0,exact,top_k_avg,e,0,1.0,1.0,1.0,1.0,0,,,,,,2
34,2,select_coverage,1.0,exact,list,e,0,1.0,1.0,1.0,1.0,0,,,,,,2
34,2,select_coverage,2.0,exact,majority,e,0,1.0,1.0,1.0,1.0,0,,,,,,2
34,2,select_coverage,2.0,exact,cmar,e,0,0.9993846153846154,0.9993662864385298,0.999384077979897,0.998768914212232,1,,,,,,2
34,2,select_coverage,2.0,exact,top_k_avg,e,0,0.9993846153846154,0.9993662864385298,0.999384077979897,0.998768914212232,1,,,,,,2
34,2,select_coverage,2.0,exact,list,e,0,1.0,1.0,1.0,1.0,0,,,,,,2
34,2,select_coverage,3.0,exact,majority,e,0,1.0,1.0,1.0,1.0,0,,,,,,2
34,2,select_coverage,3.0,exact,cmar,e,0,0.9993846153846154,0.9993662864385298,0.999384077979897,0.998768914212232,1,,,,,,2
34,2,select_coverage,3.0,exact,top_k_avg,e,0,0.9993846153846154,0.9993662864385298,0.999384077979897,0.998768914212232,1,,,,,,2
34,2,select_coverage,3.0,exact,list,e,0,1.0,1.0,1.0,1.0,0,,,,,,2
34,2,select_coverage,4.0,exact,majority,e,0,1.0,1.0,1.0,1.0,0,,,,,,2
34,2,select_coverage,4.0,exact,cmar,e,0,0.9981538461538462,0.9982057416267942,0.9981524916350506,0.9963117972463106,3,,,,,,2
34,2,select_coverage,4.0,exact,top_k_avg,e,0,0.9993846153846154,0.9993662864385298,0.999384077979897,0.998768914212232,1,,,,,,2
34,2,select_coverage,4.0,exact,list,e,0,1.0,1.0,1.0,1.0,0,,,,,,2
34,2,select_coverage_CBA_M1,,exact,majority,e,2,1.0,1.0,1.0,1.0,0,0.9987692307692309,0.9987325728770596,0.998768110668389,0.9975392527017272,2.0,2
34,2,select_coverage_CBA_M1,,exact,cmar,e,2,0.9993846153846154,0.9993662864385298,0.999384077979897,0.998768914212232,1,0.9981538461538462,0.9980988593155892,0.9981520966595594,0.9963110102037598,3.0,2
34,2,select_coverage_CBA_M1,,exact,top_k_avg,e,2,1.0,1.0,1.0,1.0,0,0.9987692307692309,0.9987325728770596,0.998768110668389,0.9975392527017272,2.0,2
34,2,select_coverage_CBA_M1,,exact,list,e,2,1.0,1.0,1.0,1.0,0,0.9987692307692309,0.9987325728770596,0.998768110668389,0.9975392527017272,2.0,2
42,1,select_coverage,1.0,DAC,list,e,0,1.0,1.0,1.0,1.0,0,,,,,,2
42,1,select_coverage,1.0,exact,majority,e,0,1.0,1.0,1.0,1.0,0,,,,,,2
42,1,select_coverage,1.0,exact,cmar,e,0,1.0,1.0,1.0,1.0,0,,,,,,2
42,1,select_coverage,1.0,exact,top_k_avg,e,0,1.0,1.0,1.0,1.0,0,,,,,,2
42,1,select_coverage,1.0,exact,list,e,0,1.0,1.0,1.0,1.0,0,,,,,,2
42,1,select_coverage,2.0,DAC,list,e,0,1.0,1.0,1.0,1.0,0,,,,,,2
42,1,select_coverage,2.0,exact,majority,e,0,1.0,1.0,1.0,1.0,0,,,,,,2
42,1,select_coverage,2.0,exact,cmar,e,0,1.0,1.0,1.0,1.0,0,,,,,,2
42,1,select_coverage,2.0,exact,top_k_avg,e,0,1.0,1.0,1.0,1.0,0,,,,,,2
42,1,select_coverage,2.0,exact,list,e,0,1.0,1.0,1.0,1.0,0,,,,,,2
42,1,select_coverage,3.0,DAC,list,e,0,1.0,1.0,1.0,1.0,0,,,,,,2
42,1,select_coverage,3.0,exact,majority,e,0,1.0,1.0,1.0,1.0,0,,,,,,2
42,1,select_coverage,3.0,exact,cmar,e,0,1.0,1.0,1.0,1.0,0,,,,,,2
42,1,select_coverage,3.0,exact,top_k_avg,e,0,1.0,1.0,1.0,1.0,0,,,,,,2
42,1,select_coverage,3.0,exact,list,e,0,1.0,1.0,1.0,1.0,0,,,,,,2
42,1,select_coverage,4.0,DAC,list,e,0,1.0,1.0,1.0,1.0,0,,,,,,2
42,1,select_coverage,4.0,exact,majority,e,0,1.0,1.0,1.0,1.0,0,,,,,,2
42,1,select_coverage,4.0,exact,cmar,e,0,1.0,1.0,1.0,1.0,0,,,,,,2
42,1,select_coverage,4.0,exact,top_k_avg,e,0,1.0,1.0,1.0,1.0,0,,,,,,2
42,1,select_coverage,4.0,exact,list,e,0,1.0,1.0,1.0,1.0,0,,,,,,2
42,1,select_coverage_CBA_M1,,DAC,list,e,7,1.0,1.0,1.0,1.0,0,0.9956923076923077,0.9955242966751918,0.9956847512576816,0.9914065849585944,7.0,2
42,1,select_coverage_CBA_M1,,exact,majority,e,7,1.0,1.0,1.0,1.0,0,0.9956923076923077,0.9955242966751918,0.9956847512576816,0.9914065849585944,7.0,2
42,1,select_coverage_CBA_M1,,exact,cmar,e,7,1.0,1.0,1.0,1.0,0,0.9956923076923077,0.9955242966751918,0.9956847512576816,0.9914065849585944,7.0,2
42,1,select_coverage_CBA_M1,,exact,top_k_avg,e,7,1.0,1.0,1.0,1.0,0,0.9956923076923077,0.9955242966751918,0.9956847512576816,0.9914065849585944,7.0,2
42,1,select_coverage_CBA_M1,,exact,list,e,7,1.0,1.0,1.0,1.0,0,0.9956923076923077,0.9955242966751918,0.9956847512576816,0.9914065849585944,7.0,2
42,2,select_coverage,1.0,exact,majority,e,0,1.0,1.0,1.0,1.0,0,,,,,,2
42,2,select_coverage,1.0,exact,cmar,e,0,1.0,1.0,1.0,1.0,0,,,,,,2
42,2,select_coverage,1.0,exact,top_k_avg,e,0,1.0,1.0,1.0,1.0,0,,,,,,2
42,2,select_coverage,1.0,exact,list,e,0,1.0,1.0,1.0,1.0,0,,,,,,2
42,2,select_coverage,2.0,exact,majority,e,0,1.0,1.0,1.0,1.0,0,,,,,,2
42,2,select_coverage,2.0,exact,cmar,e,0,1.0,1.0,1.0,1.0,0,,,,,,2
42,2,select_coverage,2.0,exact,top_k_avg,e,0,1.0,1.0,1.0,1.0,0,,,,,,2
42,2,select_coverage,2.0,exact,list,e,0,1.0,1.0,1.0,1.0,0,,,,,,2
42,2,select_coverage,3.0,exact,majority,e,0,1.0,1.0,1.0,1.0,0,,,,,,2
42,2,select_coverage,3.0,exact,cmar,e,0,1.0,1.0,1.0,1.0,0,,,,,,2
42,2,select_coverage,3.0,exact,top_k_avg,e,0,1.0,1.0,1.0,1.0,0,,,,,,2
42,2,select_coverage,3.0,exact,list,e,0,1.0,1.0,1.0,1.0,0,,,,,,2
42,2,select_coverage,4.0,exact,majority,e,0,1.0,1.0,1.0,1.0,0,,,,,,2
42,2,select_coverage,4.0,exact,cmar,e,0,1.0,1.0,1.0,1.0,0,,,,,,2
42,2,select_coverage,4.0,exact,top_k_avg,e,0,1.0,1.0,1.0,1.0,0,,,,,,2
42,2,select_coverage,4.0,exact,list,e,0,1.0,1.0,1.0,1.0,0,,,,,,2
42,2,select_coverage_CBA_M1,,exact,majority,e,5,1.0,1.0,1.0,1.0,0,0.9969230769230768,0.9968030690537084,0.9969179928148456,0.9938549246996304,5.0,2
42,2,select_coverage_CBA_M1,,exact,cmar,e,5,1.0,1.0,1.0,1.0,0,0.9969230769230768,0.9968030690537084,0.9969179928148456,0.9938549246996304,5.0,2
42,2,select_coverage_CBA_M1,,exact,top_k_avg,e,5,1.0,1.0,1.0,1.0,0,0.9969230769230768,0.9968030690537084,0.9969179928148456,0.9938549246996304,5.0,2
42,2,select_coverage_CBA_M1,,exact,list,e,5,1.0,1.0,1.0,1.0,0,0.9969230769230768,0.9968030690537084,0.9969179928148456,0.9938549246996304,5.0,2
49,1,select_coverage,1.0,DAC,list,e,0,1.0,1.0,1.0,1.0,0,,,,,,2
49,1,select_coverage,1.0,exact,majority,e,0,1.0,1.0,1.0,1.0,0,,,,,,2
49,1,select_coverage,1.0,exact,cmar,e,0,1.0,1.0,1.0,1.0,0,,,,,,2
49,1,select_coverage,1.0,exact,top_k_avg,e,0,1.0,1.0,1.0,1.0,0,,,,,,2
49,1,select_coverage,1.0,exact,list,e,0,1.0,1.0,1.0,1.0,0,,,,,,2
49,1,select_coverage,2.0,DAC,list,e,0,0.9993846153846154,0.9993880048959608,0.99938460046937,0.9987699579060558,1,,,,,,2
49,1,select_coverage,2.0,exact,majority,e,0,1.0,1.0,1.0,1.0,0,,,,,,2
49,1,select_coverage,2.0,exact,cmar,e,0,1.0,1.0,1.0,1.0,0,,,,,,2
49,1,select_coverage,2.0,exact,top_k_avg,e,0,1.0,1.0,1.0,1.0,0,,,,,,2
49,1,select_coverage,2.0,exact,list,e,0,1.0,1.0,1.0,1.0,0,,,,,,2
49,1,select_coverage,3.0,DAC,list,e,0,0.9993846153846154,0.9993880048959608,0.99938460046937,0.9987699579060558,1,,,,,,2
49,1,select_coverage,3.0,exact,majority,e,0,0.9987692307692309,0.9987623762376238,0.9987691743697416,0.9975413748781276,2,,,,,,2
49,1,select_coverage,3.0,exact,cmar,e,0,0.9987692307692309,0.9987623762376238,0.9987691743697416,0.9975413748781276,2,,,,,,2
49,1,select_coverage,3.0,exact,top_k_avg,e,0,1.0,1.0,1.0,1.0,0,,,,,,2
49,1,select_coverage,3.0,exact,list,e,0,1.0,1.0,1.0,1.0,0,,,,,,2
49,1,select_coverage,4.0,DAC,list,e,0,0.9993846153846154,0.9993880048959608,0.99938460046937,0.9987699579060558,1,,,,,,2
49,1,select_coverage,4.0,exact,majority,e,0,0.9987692307692309,0.9987623762376238,0.9987691743697416,0.9975413748781276,2,,,,,,2
49,1,select_coverage,4.0,exact,cmar,e,0,0.9987692307692309,0.9987623762376238,0.9987691743697416,0.9975413748781276,2,,,,,,2
49,1,select_coverage,4.0,exact,top_k_avg,e,0,1.0,1.0,1.0,1.0,0,,,,,,2
49,1,select_coverage,4.0,exact,list,e,0,1.0,1.0,1.0,1.0,0,,,,,,2
49,1,select_coverage_CBA_M1,,DAC,list,e,11,1.0,1.0,1.0,1.0,0,0.9932307692307693,0.9932680538555692,0.993230758976771,0.9865525470030932,11.0,2
49,1,select_coverage_CBA_M1,,exact,majority,e,11,1.0,1.0,1.0,1.0,0,0.9932307692307693,0.9932680538555692,0.993230758976771,0.9865525470030932,11.0,2
49,1,select_coverage_CBA_M1,,exact,cmar,e,11,1.0,1.0,1.0,1.0,0,0.9932307692307693,0.9932680538555692,0.993230758976771,0.9865525470030932,11.0,2
49,1,select_coverage_CBA_M1,,exact,top_k_avg,e,11,1.0,1.0,1.0,1.0,0,0.9932307692307693,0.9932680538555692,0.993230758976771,0.9865525470030932,11.0,2
49,1,select_coverage_CBA_M1,,exact,list,e,11,1.0,1.0,1.0,1.0,0,0.9932307692307693,0.9932680538555692,0.993230758976771,0.9865525470030932,11.0,2
49,2,select_coverage,1.0,exact,majority,e,0,1.0,1.0,1.0,1.0,0,,,,,,2
49,2,select_coverage,1.0,exact,cmar,e,0,1.0,1.0,1.0,1.0,0,,,,,,2
49,2,select_coverage,1.0,exact,top_k_avg,e,0,1.0,1.0,1.0,1.0,0,,,,,,2
49,2,select_coverage,1.0,exact,list,e,0,1.0,1.0,1.0,1.0,0,,,,,,2
49,2,select_coverage,2.0,exact,majority,e,0,1.0,1.0,1.0,1.0,0,,,,,,2
49,2,select_coverage,2.0,exact,cmar,e,0,1.0,1.0,1.0,1.0,0,,,,,,2
49,2,select_coverage,2.0,exact,top_k_avg,e,0,1.0,1.0,1.0,1.0,0,,,,,,2
49,2,select_coverage,2.0,exact,list,e,0,1.0,1.0,1.0,1.0,0,,,,,,2
49,2,select_coverage,3.0,exact,majority,e,0,0.9987692307692309,0.9987623762376238,0.9987691743697416,0.9975413748781276,2,,,,,,2
49,2,select_coverage,3.0,exact,cmar,e,0,0.9987692307692309,0.9987623762376238,0.9987691743697416,0.9975413748781276,2,,,,,,2
49,2,select_coverage,3.0,exact,top_k_avg,e,0,1.0,1.0,1.0,1.0,0,,,,,,2
49,2,select_coverage,3.0,exact,list,e,0,1.0,1.0,1.0,1.0,0,,,,,,2
49,2,select_coverage,4.0,exact,majority,e,0,0.9987692307692309,0.9987623762376238,0.9987691743697416,0.9975413748781276,2,,,,,,2
49,2,select_coverage,4.0,exact,cmar,e,0,0.9987692307692309,0.9987623762376238,0.9987691743697416,0.9975413748781276,2,,,,,,2
49,2,select_coverage,4.0,exact,top_k_avg,e,0,1.0,1.0,1.0,1.0,0,,,,,,2
49,2,select_coverage,4.0,exact,list,e,0,1.0,1.0,1.0,1.0,0,,,,,,2
49,2,select_coverage_CBA_M1,,exact,majority,e,7,1.0,1.0,1.0,1.0,0,0.9956923076923077,0.9957160342717258,0.995692301167036,0.9914215556883808,7.0,2
49,2,select_coverage_CBA_M1,,exact,cmar,e,7,1.0,1.0,1.0,1.0,0,0.9956923076923077,0.9957160342717258,0.995692301167036,0.9914215556883808,7.0,2
49,2,select_coverage_CBA_M1,,exact,top_k_avg,e,7,1.0,1.0,1.0,1.0,0,0.9956923076923077,0.9957160342717258,0.995692301167036,0.9914215556883808,7.0,2
49,2,select_coverage_CBA_M1,,exact,list,e,7,1.0,1.0,1.0,1.0,0,0.9956923076923077,0.9957160342717258,0.995692301167036,0.9914215556883808,7.0,2
63,1,select_coverage,1.0,DAC,list,e,0,1.0,1.0,1.0,1.0,0,,,,,,2
63,1,select_coverage,1.0,exact,majority,e,0,1.0,1.0,1.0,1.0,0,,,,,,2
63,1,select_coverage,1.0,exact,cmar,e,0,1.0,1.0,1.0,1.0,0,,,,,,2
63,1,select_coverage,1.0,exact,top_k_avg,e,0,1.0,1.0,1.0,1.0,0,,,,,,2
63,1,select_coverage,1.0,exact,list,e,0,1.0,1.0,1.0,1.0,0,,,,,,2
63,1,select_coverage,2.0,DAC,list,e,0,1.0,1.0,1.0,1.0,0,,,,,,2
63,1,select_coverage,2.0,exact,majority,e,0,1.0,1.0,1.0,1.0,0,,,,,,2
63,1,select_coverage,2.0,exact,cmar,e,0,1.0,1.0,1.0,1.0,0,,,,,,2
63,1,select_coverage,2.0,exact,top_k_avg,e,0,1.0,1.0,1.0,1.0,0,,,,,,2
63,1,select_coverage,2.0,exact,list,e,0,1.0,1.0,1.0,1.0,0,,,,,,2
63,1,select_coverage,3.0,DAC,list,e,0,1.0,1.0,1.0,1.0,0,,,,,,2
63,1,select_coverage,3.0,exact,majority,e,0,1.0,1.0,1.0,1.0,0,,,,,,2
63,1,select_coverage,3.0,exact,cmar,e,0,1.0,1.0,1.0,1.0,0,,,,,,2
63,1,select_coverage,3.0,exact,top_k_avg,e,0,1.0,1.0,1.0,1.0,0,,,,,,2
63,1,select_coverage,3.0,exact,list,e,0,1.0,1.0,1.0,1.0,0,,,,,,2
63,1,select_coverage,4.0,DAC,list,e,0,1.0,1.0,1.0,1.0,0,,,,,,2
63,1,select_coverage,4.0,exact,majority,e,0,1.0,1.0,1.0,1.0,0,,,,,,2
63,1,select_coverage,4.0,exact,cmar,e,0,0.9993846153846154,0.9993990384615384,0.9993842786834248,0.998769315125506,1,,,,,,2
63,1,select_coverage,4.0,exact,top_k_avg,e,0,1.0,1.0,1.0,1.0,0,,,,,,2
63,1,select_coverage,4.0,exact,list,e,0,1.0,1.0,1.0,1.0,0,,,,,,2
63,1,select_coverage_CBA_M1,,DAC,list,e,8,1.0,1.0,1.0,1.0,0,0.9950769230769232,0.9949558638083228,0.9950728012565117,0.9901939188247116,8.0,2
63,1,select_coverage_CBA_M1,,exact,majority,e,8,1.0,1.0,1.0,1.0,0,0.9950769230769232,0.9949558638083228,0.9950728012565117,0.9901939188247116,8.0,2
63,1,select_coverage_CBA_M1,,exact,cmar,e,8,1.0,1.0,1.0,1.0,0,0.9950769230769232,0.9949558638083228,0.9950728012565117,0.9901939188247116,8.0,2
63,1,select_coverage_CBA_M1,,exact,top_k_avg,e,8,1.0,1.0,1.0,1.0,0,0.9950769230769232,0.9949558638083228,0.9950728012565117,0.9901939188247116,8.0,2
63,1,select_coverage_CBA_M1,,exact,list,e,8,1.0,1.0,1.0,1.0,0,0.9950769230769232,0.9949558638083228,0.9950728012565117,0.9901939188247116,8.0,2
63,2,select_coverage,1.0,exact,majority,e,0,1.0,1.0,1.0,1.0,0,,,,,,2
63,2,select_coverage,1.0,exact,cmar,e,0,1.0,1.0,1.0,1.0,0,,,,,,2
63,2,select_coverage,1.0,exact,top_k_avg,e,0,1.0,1.0,1.0,1.0,0,,,,,,2
63,2,select_coverage,1.0,exact,list,e,0,1.0,1.0,1.0,1.0,0,,,,,,2
63,2,select_coverage,2.0,exact,majority,e,0,1.0,1.0,1.0,1.0,0,,,,,,2
63,2,select_coverage,2.0,exact,cmar,e,0,1.0,1.0,1.0,1.0,0,,,,,,2
63,2,select_coverage,2.0,exact,top_k_avg,e,0,1.0,1.0,1.0,1.0,0,,,,,,2
63,2,select_coverage,2.0,exact,list,e,0,1.0,1.0,1.0,1.0,0,,,,,,2
63,2,select_coverage,3.0,exact,majority,e,0,1.0,1.0,1.0,1.0,0,,,,,,2
63,2,select_coverage,3.0,exact,cmar,e,0,1.0,1.0,1.0,1.0,0,,,,,,2
63,2,select_coverage,3.0,exact,top_k_avg,e,0,1.0,1.0,1.0,1.0,0,,,,,,2
63,2,select_coverage,3.0,exact,list,e,0,1.0,1.0,1.0,1.0,0,,,,,,2
63,2,select_coverage,4.0,exact,majority,e,0,1.0,1.0,1.0,1.0,0,,,,,,2
63,2,select_coverage,4.0,exact,cmar,e,0,0.9993846153846154,0.9993990384615384,0.9993842786834248,0.998769315125506,1,,,,,,2
63,2,select_coverage,4.0,exact,top_k_avg,e,0,1.0,1.0,1.0,1.0,0,,,,,,2
63,2,select_coverage,4.0,exact,list,e,0,1.0,1.0,1.0,1.0,0,,,,,,2
63,2,select_coverage_CBA_M1,,exact,majority,e,7,1.0,1.0,1.0,1.0,0,0.9956923076923077,0.9955863808322823,0.9956888530605732,0.9914147184037576,7.0,2
63,2,select_coverage_CBA_M1,,exact,cmar,e,7,1.0,1.0,1.0,1.0,0,0.9956923076923077,0.9955863808322823,0.9956888530605732,0.9914147184037576,7.0,2
63,2,select_coverage_CBA_M1,,exact,top_k_avg,e,7,1.0,1.0,1.0,1.0,0,0.9956923076923077,0.9955863808322823,0.9956888530605732,0.9914147184037576,7.0,2
63,2,select_coverage_CBA_M1,,exact,list,e,7,1.0,1.0,1.0,1.0,0,0.9956923076923077,0.9955863808322823,0.9956888530605732,0.9914147184037576,7.0,2
64,1,select_coverage,1.0,DAC,list,e,0,0.9993846153846154,0.9993506493506494,0.9993828869422294,0.9987665350704577,1,,,,,,2
64,1,select_coverage,1.0,exact,majority,e,0,0.9993846153846154,0.9993506493506494,0.9993828869422294,0.9987665350704577,1,,,,,,2
64,1,select_coverage,1.0,exact,cmar,e,0,0.9993846153846154,0.9993506493506494,0.9993828869422294,0.9987665350704577,1,,,,,,2
64,1,select_coverage,1.0,exact,top_k_avg,e,0,1.0,1.0,1.0,1.0,0,,,,,,2
64,1,select_coverage,1.0,exact,list,e,0,1.0,1.0,1.0,1.0,0,,,,,,2
64,1,select_coverage,2.0,DAC,list,e,0,0.9993846153846154,0.9993506493506494,0.9993828869422294,0.9987665350704577,1,,,,,,2
64,1,select_coverage,2.0,exact,majority,e,0,1.0,1.0,1.0,1.0,0,,,,,,2
64,1,select_coverage,2.0,exact,cmar,e,0,0.9993846153846154,0.9993506493506494,0.9993828869422294,0.9987665350704577,1,,,,,,2
64,1,select_coverage,2.0,exact,top_k_avg,e,0,0.9993846153846154,0.9993506493506494,0.9993828869422294,0.9987665350704577,1,,,,,,2
64,1,select_coverage,2.0,exact,list,e,0,1.0,1.0,1.0,1.0,0,,,,,,2
64,1,select_coverage,3.0,DAC,list,e,0,0.9993846153846154,0.9993506493506494,0.9993828869422294,0.9987665350704577,1,,,,,,2
64,1,select_coverage,3.0,exact,majority,e,0,1.0,1.0,1.0,1.0,0,,,,,,2
64,1,select_coverage,3.0,exact,cmar,e,0,0.9993846153846154,0.9993506493506494,0.9993828869422294,0.9987665350704577,1,,,,,,2
64,1,select_coverage,3.0,exact,top_k_avg,e,0,0.9987692307692309,0.9987012987012986,0.9987656927919496,0.9975344288453806,2,,,,,,2
64,1,select_coverage,3.0,exact,list,e,0,1.0,1.0,1.0,1.0,0,,,,,,2
64,1,select_coverage,4.0,DAC,list,e,0,0.9993846153846154,0.9993506493506494,0.9993828869422294,0.9987665350704577,1,,,,,,2
64,1,select_coverage,4.0,exact,majority,e,0,0.9993846153846154,0.9994152046783626,0.999382966612988,0.9987666942155664,1,,,,,,2
64,1,select_coverage,4.0,exact,cmar,e,0,0.9987692307692309,0.998765854029012,0.998765854029012,0.9975317080580238,2,,,,,,2
64,1,select_coverage,4.0,exact,top_k_avg,e,0,0.9993846153846154,0.9993506493506494,0.9993828869422294,0.9987665350704577,1,,,,,,2
64,1,select_coverage,4.0,exact,list,e,0,1.0,1.0,1.0,1.0,0,,,,,,2
64,1,select_coverage_CBA_M1,,DAC,list,e,40,0.9993846153846154,0.9993506493506494,0.9993828869422294,0.9987665350704577,1,0.9747692307692308,0.9733766233766236,0.974616620484473,0.9504897856159724,41.0,2
64,1,select_coverage_CBA_M1,,exact,majority,e,40,0.9993846153846154,0.9993506493506494,0.9993828869422294,0.9987665350704577,1,0.9747692307692308,0.9733766233766236,0.974616620484473,0.9504897856159724,41.0,2
64,1,select_coverage_CBA_M1,,exact,cmar,e,40,0.9993846153846154,0.9993506493506494,0.9993828869422294,0.9987665350704577,1,0.9747692307692308,0.9733766233766236,0.974616620484473,0.9504897856159724,41.0,2
64,1,select_coverage_CBA_M1,,exact,top_k_avg,e,40,1.0,1.0,1.0,1.0,0,0.9753846153846154,0.974025974025974,0.9752380952380952,0.9516726912481536,40.0,2
64,1,select_coverage_CBA_M1,,exact,list,e,40,1.0,1.0,1.0,1.0,0,0.9753846153846154,0.974025974025974,0.9752380952380952,0.9516726912481536,40.0,2
64,2,select_coverage,1.0,exact,majority,e,0,0.9993846153846154,0.9993506493506494,0.9993828869422294,0.9987665350704577,1,,,,,,2
64,2,select_coverage,1.0,exact,cmar,e,0,0.9993846153846154,0.9993506493506494,0.9993828869422294,0.9987665350704577,1,,,,,,2
64,2,select_coverage,1.0,exact,top_k_avg,e,0,1.0,1.0,1.0,1.0,0,,,,,,2
64,2,select_coverage,1.0,exact,list,e,0,1.0,1.0,1.0,1.0,0,,,,,,2
64,2,select_coverage,2.0,exact,majority,e,0,1.0,1.0,1.0,1.0,0,,,,,,2
64,2,select_coverage,2.0,exact,cmar,e,0,0.9993846153846154,0.9993506493506494,0.9993828869422294,0.9987665350704577,1,,,,,,2
64,2,select_coverage,2.0,exact,top_k_avg,e,0,0.9993846153846154,0.9993506493506494,0.9993828869422294,0.9987665350704577,1,,,,,,2
64,2,select_coverage,2.0,exact,list,e,0,1.0,1.0,1.0,1.0,0,,,,,,2
64,2,select_coverage,3.0,exact,majority,e,0,1.0,1.0,1.0,1.0,0,,,,,,2
64,2,select_coverage,3.0,exact,cmar,e,0,0.9993846153846154,0.9993506493506494,0.9993828869422294,0.9987665350704577,1,,,,,,2
64,2,select_coverage,3.0,exact,top_k_avg,e,0,0.9987692307692309,0.9987012987012986,0.9987656927919496,0.9975344288453806,2,,,,,,2
64,2,select_coverage,3.0,exact,list,e,0,1.0,1.0,1.0,1.0,0,,,,,,2
64,2,select_coverage,4.0,exact,majority,e,0,0.9993846153846154,0.9994152046783626,0.999382966612988,0.9987666942155664,1,,,,,,2
64,2,select_coverage,4.0,exact,cmar,e,0,0.9987692307692309,0.998765854029012,0.998765854029012,0.9975317080580238,2,,,,,,2
64,2,select_coverage,4.0,exact,top_k_avg,e,0,0.9993846153846154,0.9993506493506494,0.9993828869422294,0.9987665350704577,1,,,,,,2
64,2,select_coverage,4.0,exact,list,e,0,1.0,1.0,1.0,1.0,0,,,,,,2
64,2,select_coverage_CBA_M1,,exact,majority,e,33,0.9993846153846154,0.9993506493506494,0.9993828869422294,0.9987665350704577,1,0.9790769230769232,0.977922077922078,0.9789641129670918,0.9587949136503552,34.0,2
64,2,select_coverage_CBA_M1,,exact,cmar,e,33,0.9993846153846154,0.9993506493506494,0.9993828869422294,0.9987665350704577,1,0.9790769230769232,0.977922077922078,0.9789641129670918,0.9587949136503552,34.0,2
64,2,select_coverage_CBA_M1,,exact,top_k_avg,e,33,1.0,1.0,1.0,1.0,0,0.9796923076923076,0.9785714285714286,0.9795846577132304,0.9599861244170976,33.0,2
64,2,select_coverage_CBA_M1,,exact,list,e,33,1.0,1.0,1.0,1.0,0,0.9796923076923076,0.9785714285714286,0.9795846577132304,0.9599861244170976,33.0,2
65,1,select_coverage,1.0,DAC,list,e,0,1.0,1.0,1.0,1.0,0,,,,,,2
65,1,select_coverage,1.0,exact,majority,e,0,1.0,1.0,1.0,1.0,0,,,,,,2
65,1,select_coverage,1.0,exact,cmar,e,0,1.0,1.0,1.0,1.0,0,,,,,,2
65,1,select_coverage,1.0,exact,top_k_avg,e,0,1.0,1.0,1.0,1.0,0,,,,,,2
65,1,select_coverage,1.0,exact,list,e,0,1.0,1.0,1.0,1.0,0,,,,,,2
65,1,select_coverage,2.0,DAC,list,e,0,1.0,1.0,1.0,1.0,0,,,,,,2
65,1,select_coverage,2.0,exact,majority,e,0,1.0,1.0,1.0,1.0,0,,,,,,2
65,1,select_coverage,2.0,exact,cmar,e,0,1.0,1.0,1.0,1.0,0,,,,,,2
65,1,select_coverage,2.0,exact,top_k_avg,e,0,1.0,1.0,1.0,1.0,0,,,,,,2
65,1,select_coverage,2.0,exact,list,e,0,1.0,1.0,1.0,1.0,0,,,,,,2
65,1,select_coverage,3.0,DAC,list,e,0,1.0,1.0,1.0,1.0,0,,,,,,2
65,1,select_coverage,3.0,exact,majority,e,0,1.0,1.0,1.0,1.0,0,,,,,,2
65,1,select_coverage,3.0,exact,cmar,e,0,1.0,1.0,1.0,1.0,0,,,,,,2
65,1,select_coverage,3.0,exact,top_k_avg,e,0,1.0,1.0,1.0,1.0,0,,,,,,2
65,1,select_coverage,3.0,exact,list,e,0,1.0,1.0,1.0,1.0,0,,,,,,2
65,1,select_coverage,4.0,DAC,list,e,0,1.0,1.0,1.0,1.0,0,,,,,,2
65,1,select_coverage,4.0,exact,majority,e,0,1.0,1.0,1.0,1.0,0,,,,,,2
65,1,select_coverage,4.0,exact,cmar,e,0,1.0,1.0,1.0,1.0,0,,,,,,2
65,1,select_coverage,4.0,exact,top_k_avg,e,0,1.0,1.0,1.0,1.0,0,,,,,,2
65,1,select_coverage,4.0,exact,list,e,0,1.0,1.0,1.0,1.0,0,,,,,,2
65,1,select_coverage_CBA_M1,,DAC,list,e,5,1.0,1.0,1.0,1.0,0,0.9969230769230768,0.996761658031088,0.9969144347111474,0.9938478521122138,5.0,2
65,1,select_coverage_CBA_M1,,exact,majority,e,5,1.0,1.0,1.0,1.0,0,0.9969230769230768,0.996761658031088,0.9969144347111474,0.9938478521122138,5.0,2
65,1,select_coverage_CBA_M1,,exact,cmar,e,5,1.0,1.0,1.0,1.0,0,0.9969230769230768,0.996761658031088,0.9969144347111474,0.9938478521122138,5.0,2
65,1,select_coverage_CBA_M1,,exact,top_k_avg,e,5,1.0,1.0,1.0,1.0,0,0.9969230769230768,0.996761658031088,0.9969144347111474,0.9938478521122138,5.0,2
65,1,select_coverage_CBA_M1,,exact,list,e,5,1.0,1.0,1.0,1.0,0,0.9969230769230768,0.996761658031088,0.9969144347111474,0.9938478521122138,5.0,2
65,2,select_coverage,1.0,exact,majority,e,0,1.0,1.0,1.0,1.0,0,,,,,,2
65,2,select_coverage,1.0,exact,cmar,e,0,1.0,1.0,1.0,1.0,0,,,,,,2
65,2,select_coverage,1.0,exact,top_k_avg,e,0,1.0,1.0,1.0,1.0,0,,,,,,2
65,2,select_coverage,1.0,exact,list,e,0,1.0,1.0,1.0,1.0,0,,,,,,2
65,2,select_coverage,2.0,exact,majority,e,0,1.0,1.0,1.0,1.0,0,,,,,,2
65,2,select_coverage,2.0,exact,cmar,e,0,1.0,1.0,1.0,1.0,0,,,,,,2
65,2,select_coverage,2.0,exact,top_k_avg,e,0,1.0,1.0,1.0,1.0,0,,,,,,2
65,2,select_coverage,2.0,exact,list,e,0,1.0,1.0,1.0,1.0,0,,,,,,2
65,2,select_coverage,3.0,exact,majority,e,0,1.0,1.0,1.0,1.0,0,,,,,,2
65,2,select_coverage,3.0,exact,cmar,e,0,1.0,1.0,1.0,1.0,0,,,,,,2
65,2,select_coverage,3.0,exact,top_k_avg,e,0,1.0,1.0,1.0,1.0,0,,,,,,2
65,2,select_coverage,3.0,exact,list,e,0,1.0,1.0,1.0,1.0,0,,,,,,2
65,2,select_coverage,4.0,exact,majority,e,0,1.0,1.0,1.0,1.0,0,,,,,,2
65,2,select_coverage,4.0,exact,cmar,e,0,1.0,1.0,1.0,1.0,0,,,,,,2
65,2,select_coverage,4.0,exact,top_k_avg,e,0,1.0,1.0,1.0,1.0,0,,,,,,2
65,2,select_coverage,4.0,exact,list,e,0,1.0,1.0,1.0,1.0,0,,,,,,2
65,2,select_coverage_CBA_M1,,exact,majority,e,5,1.0,1.0,1.0,1.0,0,0.9969230769230768,0.996761658031088,0.9969144347111474,0.9938478521122138,5.0,2
65,2,select_coverage_CBA_M1,,exact,cmar,e,5,1.0,1.0,1.0,1.0,0,0.9969230769230768,0.996761658031088,0.9969144347111474,0.9938478521122138,5.0,2
65,2,select_coverage_CBA_M1,,exact,top_k_avg,e,5,1.0,1.0,1.0,1.0,0,0.9969230769230768,0.996761658031088,0.9969144347111474,0.9938478521122138,5.0,2
65,2,select_coverage_CBA_M1,,exact,list,e,5,1.0,1.0,1.0,1.0,0,0.9969230769230768,0.996761658031088,0.9969144347111474,0.9938478521122138,5.0,2
68,1,select_coverage,1.0,DAC,list,e,0,1.0,1.0,1.0,1.0,0,,,,,,2
68,1,select_coverage,1.0,exact,majority,e,0,1.0,1.0,1.0,1.0,0,,,,,,2
68,1,select_coverage,1.0,exact,cmar,e,0,1.0,1.0,1.0,1.0,0,,,,,,2
68,1,select_coverage,1.0,exact,top_k_avg,e,0,1.0,1.0,1.0,1.0,0,,,,,,2
68,1,select_coverage,1.0,exact,list,e,0,1.0,1.0,1.0,1.0,0,,,,,,2
68,1,select_coverage,2.0,DAC,list,e,0,1.0,1.0,1.0,1.0,0,,,,,,2
68,1,select_coverage,2.0,exact,majority,e,0,1.0,1.0,1.0,1.0,0,,,,,,2
68,1,select_coverage,2.0,exact,cmar,e,0,1.0,1.0,1.0,1.0,0,,,,,,2
68,1,select_coverage,2.0,exact,top_k_avg,e,0,1.0,1.0,1.0,1.0,0,,,,,,2
68,1,select_coverage,2.0,exact,list,e,0,1.0,1.0,1.0,1.0,0,,,,,,2
68,1,select_coverage,3.0,DAC,list,e,0,1.0,1.0,1.0,1.0,0,,,,,,2
68,1,select_coverage,3.0,exact,majority,e,0,1.0,1.0,1.0,1.0,0,,,,,,2
68,1,select_coverage,3.0,exact,cmar,e,0,1.0,1.0,1.0,1.0,0,,,,,,2
68,1,select_coverage,3.0,exact,top_k_avg,e,0,1.0,1.0,1.0,1.0,0,,,,,,2
68,1,select_coverage,3.0,exact,list,e,0,1.0,1.0,1.0,1.0,0,,,,,,2
68,1,select_coverage,4.0,DAC,list,e,0,1.0,1.0,1.0,1.0,0,,,,,,2
68,1,select_coverage,4.0,exact,majority,e,0,1.0,1.0,1.0,1.0,0,,,,,,2
68,1,select_coverage,4.0,exact,cmar,e,0,1.0,1.0,1.0,1.0,0,,,,,,2
68,1,select_coverage,4.0,exact,top_k_avg,e,0,1.0,1.0,1.0,1.0,0,,,,,,2
68,1,select_coverage,4.0,exact,list,e,0,1.0,1.0,1.0,1.0,0,,,,,,2
68,1,select_coverage_CBA_M1,,DAC,list,e,3,1.0,1.0,1.0,1.0,0,0.9981538461538462,0.9981412639405204,0.9981537091131782,0.996314223241464,3.0,2
68,1,select_coverage_CBA_M1,,exact,majority,e,3,1.0,1.0,1.0,1.0,0,0.9981538461538462,0.9981412639405204,0.9981537091131782,0.996314223241464,3.0,2
68,1,select_coverage_CBA_M1,,exact,cmar,e,3,1.0,1.0,1.0,1.0,0,0.9981538461538462,0.9981412639405204,0.9981537091131782,0.996314223241464,3.0,2
68,1,select_coverage_CBA_M1,,exact,top_k_avg,e,3,1.0,1.0,1.0,1.0,0,0.9981538461538462,0.9981412639405204,0.9981537091131782,0.996314223241464,3.0,2
68,1,select_coverage_CBA_M1,,exact,list,e,3,1.0,1.0,1.0,1.0,0,0.9981538461538462,0.9981412639405204,0.9981537091131782,0.996314223241464,3.0,2
68,2,select_coverage,1.0,exact,majority,e,0,1.0,1.0,1.0,1.0,0,,,,,,2
68,2,select_coverage,1.0,exact,cmar,e,0,1.0,1.0,1.0,1.0,0,,,,,,2
68,2,select_coverage,1.0,exact,top_k_avg,e,0,1.0,1.0,1.0,1.0,0,,,,,,2
68,2,select_coverage,1.0,exact,list,e,0,1.0,1.0,1.0,1.0,0,,,,,,2
68,2,select_coverage,2.0,exact,majority,e,0,1.0,1.0,1.0,1.0,0,,,,,,2
68,2,select_coverage,2.0,exact,cmar,e,0,1.0,1.0,1.0,1.0,0,,,,,,2
68,2,select_coverage,2.0,exact,top_k_avg,e,0,1.0,1.0,1.0,1.0,0,,,,,,2
68,2,select_coverage,2.0,exact,list,e,0,1.0,1.0,1.0,1.0,0,,,,,,2
68,2,select_coverage,3.0,exact,majority,e,0,1.0,1.0,1.0,1.0,0,,,,,,2
68,2,select_coverage,3.0,exact,cmar,e,0,1.0,1.0,1.0,1.0,0,,,,,,2
68,2,select_coverage,3.0,exact,top_k_avg,e,0,1.0,1.0,1.0,1.0,0,,,,,,2
68,2,select_coverage,3.0,exact,list,e,0,1.0,1.0,1.0,1.0,0,,,,,,2
68,2,select_coverage,4.0,exact,majority,e,0,1.0,1.0,1.0,1.0,0,,,,,,2
68,2,select_coverage,4.0,exact,cmar,e,0,1.0,1.0,1.0,1.0,0,,,,,,2
68,2,select_coverage,4.0,exact,top_k_avg,e,0,1.0,1.0,1.0,1.0,0,,,,,,2
68,2,select_coverage,4.0,exact,list,e,0,1.0,1.0,1.0,1.0,0,,,,,,2
68,2,select_coverage_CBA_M1,,exact,majority,e,3,1.0,1.0,1.0,1.0,0,0.9981538461538462,0.9981412639405204,0.9981537091131782,0.996314223241464,3.0,2
68,2,select_coverage_CBA_M1,,exact,cmar,e,3,1.0,1.0,1.0,1.0,0,0.9981538461538462,0.9981412639405204,0.9981537091131782,0.996314223241464,3.0,2
68,2,select_coverage_CBA_M1,,exact,top_k_avg,e,3,1.0,1.0,1.0,1.0,0,0.9981538461538462,0.9981412639405204,0.9981537091131782,0.996314223241464,3.0,2
68,2,select_coverage_CBA_M1,,exact,list,e,3,1.0,1.0,1.0,1.0,0,0.9981538461538462,0.9981412639405204,0.9981537091131782,0.996314223241464,3.0,2
74,1,select_coverage,1.0,DAC,list,e,0,0.9993846153846154,0.9993742177722152,0.9993844326230256,0.998769622626085,1,,,,,,2
74,1,select_coverage,1.0,exact,majority,e,0,0.9993846153846154,0.9993742177722152,0.9993844326230256,0.998769622626085,1,,,,,,2
74,1,select_coverage,1.0,exact,cmar,e,0,0.9993846153846154,0.9993742177722152,0.9993844326230256,0.998769622626085,1,,,,,,2
74,1,select_coverage,1.0,exact,top_k_avg,e,0,1.0,1.0,1.0,1.0,0,,,,,,2
74,1,select_coverage,1.0,exact,list,e,0,1.0,1.0,1.0,1.0,0,,,,,,2
74,1,select_coverage,2.0,DAC,list,e,0,0.9993846153846154,0.9993742177722152,0.9993844326230256,0.998769622626085,1,,,,,,2
74,1,select_coverage,2.0,exact,majority,e,0,0.9993846153846154,0.9993742177722152,0.9993844326230256,0.998769622626085,1,,,,,,2
74,1,select_coverage,2.0,exact,cmar,e,0,0.9993846153846154,0.9993742177722152,0.9993844326230256,0.998769622626085,1,,,,,,2
74,1,select_coverage,2.0,exact,top_k_avg,e,0,0.9993846153846154,0.9993742177722152,0.9993844326230256,0.998769622626085,1,,,,,,2
74,1,select_coverage,2.0,exact,list,e,0,1.0,1.0,1.0,1.0,0,,,,,,2
74,1,select_coverage,3.0,DAC,list,e,0,0.9981538461538462,0.9981226533166458,0.9981532167176506,0.9963132420739192,3,,,,,,2
74,1,select_coverage,3.0,exact,majority,e,0,0.9993846153846154,0.9993742177722152,0.9993844326230256,0.998769622626085,1,,,,,,2
74,1,select_coverage,3.0,exact,cmar,e,0,0.9993846153846154,0.9993742177722152,0.9993844326230256,0.998769622626085,1,,,,,,2
74,1,select_coverage,3.0,exact,top_k_avg,e,0,0.9993846153846154,0.9993742177722152,0.9993844326230256,0.998769622626085,1,,,,,,2
74,1,select_coverage,3.0,exact,list,e,0,1.0,1.0,1.0,1.0,0,,,,,,2
74,1,select_coverage,4.0,DAC,list,e,0,0.9981538461538462,0.9981226533166458,0.9981532167176506,0.9963132420739192,3,,,,,,2
74,1,select_coverage,4.0,exact,majority,e,0,1.0,1.0,1.0,1.0,0,,,,,,2
74,1,select_coverage,4.0,exact,cmar,e,0,0.9981538461538462,0.9981635640191886,0.998153373417441,0.9963075032198516,3,,,,,,2
74,1,select_coverage,4.0,exact,top_k_avg,e,0,0.9993846153846154,0.9993742177722152,0.9993844326230256,0.998769622626085,1,,,,,,2
74,1,select_coverage,4.0,exact,list,e,0,1.0,1.0,1.0,1.0,0,,,,,,2
74,1,select_coverage_CBA_M1,,DAC,list,e,8,0.9993846153846154,0.9993742177722152,0.9993844326230256,0.998769622626085,1,0.9944615384615384,0.9943679599499374,0.994458818889195,0.9889787085841084,9.0,2
74,1,select_coverage_CBA_M1,,exact,majority,e,8,0.9993846153846154,0.9993742177722152,0.9993844326230256,0.998769622626085,1,0.9944615384615384,0.9943679599499374,0.994458818889195,0.9889787085841084,9.0,2
74,1,select_coverage_CBA_M1,,exact,cmar,e,8,0.9993846153846154,0.9993742177722152,0.9993844326230256,0.998769622626085,1,0.9944615384615384,0.9943679599499374,0.994458818889195,0.9889787085841084,9.0,2
74,1,select_coverage_CBA_M1,,exact,top_k_avg,e,8,1.0,1.0,1.0,1.0,0,0.9950769230769232,0.9949937421777222,0.9950746381753428,0.9901975568197948,8.0,2
74,1,select_coverage_CBA_M1,,exact,list,e,8,1.0,1.0,1.0,1.0,0,0.9950769230769232,0.9949937421777222,0.9950746381753428,0.9901975568197948,8.0,2
74,2,select_coverage,1.0,exact,majority,e,0,0.9993846153846154,0.9993742177722152,0.9993844326230256,0.998769622626085,1,,,,,,2
74,2,select_coverage,1.0,exact,cmar,e,0,0.9993846153846154,0.9993742177722152,0.9993844326230256,0.998769622626085,1,,,,,,2
74,2,select_coverage,1.0,exact,top_k_avg,e,0,1.0,1.0,1.0,1.0,0,,,,,,2
74,2,select_coverage,1.0,exact,list,e,0,1.0,1.0,1.0,1.0,0,,,,,,2
74,2,select_coverage,2.0,exact,majority,e,0,0.9993846153846154,0.9993742177722152,0.9993844326230256,0.998769622626085,1,,,,,,2
74,2,select_coverage,2.0,exact,cmar,e,0,0.9993846153846154,0.9993742177722152,0.9993844326230256,0.998769622626085,1,,,,,,2
74,2,select_coverage,2.0,exact,top_k_avg,e,0,0.9993846153846154,0.9993742177722152,0.9993844326230256,0.998769622626085,1,,,,,,2
74,2,select_coverage,2.0,exact,list,e,0,1.0,1.0,1.0,1.0,0,,,,,,2
74,2,select_coverage,3.0,exact,majority,e,0,0.9993846153846154,0.9993742177722152,0.9993844326230256,0.998769622626085,1,,,,,,2
74,2,select_coverage,3.0,exact,cmar,e,0,0.9993846153846154,0.9993742177722152,0.9993844326230256,0.998769622626085,1,,,,,,2
74,2,select_coverage,3.0,exact,top_k_avg,e,0,0.9993846153846154,0.9993742177722152,0.9993844326230256,0.998769622626085,1,,,,,,2
74,2,select_coverage,3.0,exact,list,e,0,1.0,1.0,1.0,1.0,0,,,,,,2
74,2,select_coverage,4.0,exact,majority,e,0,1.0,1.0,1.0,1.0,0,,,,,,2
74,2,select_coverage,4.0,exact,cmar,e,0,0.9981538461538462,0.9981635640191886,0.998153373417441,0.9963075032198516,3,,,,,,2
74,2,select_coverage,4.0,exact,top_k_avg,e,0,0.9993846153846154,0.9993742177722152,0.9993844326230256,0.998769622626085,1,,,,,,2
74,2,select_coverage,4.0,exact,list,e,0,1.0,1.0,1.0,1.0,0,,,,,,2
74,2,select_coverage_CBA_M1,,exact,majority,e,8,0.9993846153846154,0.9993742177722152,0.9993844326230256,0.998769622626085,1,0.9944615384615384,0.9943679599499374,0.994458818889195,0.9889787085841084,9.0,2
74,2,select_coverage_CBA_M1,,exact,cmar,e,8,0.9993846153846154,0.9993742177722152,0.9993844326230256,0.998769622626085,1,0.9944615384615384,0.9943679599499374,0.994458818889195,0.9889787085841084,9.0,2
74,2,select_coverage_CBA_M1,,exact,top_k_avg,e,8,1.0,1.0,1.0,1.0,0,0.9950769230769232,0.9949937421777222,0.9950746381753428,0.9901975568197948,8.0,2
74,2,select_coverage_CBA_M1,,exact,list,e,8,1.0,1.0,1.0,1.0,0,0.9950769230769232,0.9949937421777222,0.9950746381753428,0.9901975568197948,8.0,2
76,1,select_coverage,1.0,DAC,list,e,0,1.0,1.0,1.0,1.0,0,,,,,,2
76,1,select_coverage,1.0,exact,majority,e,0,0.9993846153846154,0.9994089834515368,0.9993835985629692,0.9987679565585138,1,,,,,,2
76,1,select_coverage,1.0,exact,cmar,e,0,0.9993846153846154,0.9994089834515368,0.9993835985629692,0.9987679565585138,1,,,,,,2
76,1,select_coverage,1.0,exact,top_k_avg,e,0,1.0,1.0,1.0,1.0,0,,,,,,2
76,1,select_coverage,1.0,exact,list,e,0,1.0,1.0,1.0,1.0,0,,,,,,2
76,1,select_coverage,2.0,DAC,list,e,0,1.0,1.0,1.0,1.0,0,,,,,,2
76,1,select_coverage,2.0,exact,majority,e,0,0.9981538461538462,0.99822695035461,0.9981509780472736,0.9963087812195291,3,,,,,,2
76,1,select_coverage,2.0,exact,cmar,e,0,0.9981538461538462,0.99822695035461,0.9981509780472736,0.9963087812195291,3,,,,,,2
76,1,select_coverage,2.0,exact,top_k_avg,e,0,1.0,1.0,1.0,1.0,0,,,,,,2
76,1,select_coverage,2.0,exact,list,e,0,1.0,1.0,1.0,1.0,0,,,,,,2
76,1,select_coverage,3.0,DAC,list,e,0,1.0,1.0,1.0,1.0,0,,,,,,2
76,1,select_coverage,3.0,exact,majority,e,0,0.9993846153846154,0.9994089834515368,0.9993835985629692,0.9987679565585138,1,,,,,,2
76,1,select_coverage,3.0,exact,cmar,e,0,0.9993846153846154,0.9994089834515368,0.9993835985629692,0.9987679565585138,1,,,,,,2
76,1,select_coverage,3.0,exact,top_k_avg,e,0,1.0,1.0,1.0,1.0,0,,,,,,2
76,1,select_coverage,3.0,exact,list,e,0,1.0,1.0,1.0,1.0,0,,,,,,2
76,1,select_coverage,4.0,DAC,list,e,0,1.0,1.0,1.0,1.0,0,,,,,,2
76,1,select_coverage,4.0,exact,majority,e,0,0.9981538461538462,0.99822695035461,0.9981509780472736,0.9963087812195291,3,,,,,,2
76,1,select_coverage,4.0,exact,cmar,e,0,0.9981538461538462,0.99822695035461,0.9981509780472736,0.9963087812195291,3,,,,,,2
76,1,select_coverage,4.0,exact,top_k_avg,e,0,1.0,1.0,1.0,1.0,0,,,,,,2
76,1,select_coverage,4.0,exact,list,e,0,1.0,1.0,1.0,1.0,0,,,,,,2
76,1,select_coverage_CBA_M1,,DAC,list,e,4,1.0,1.0,1.0,1.0,0,0.9975384615384616,0.9974326059050064,0.99753375342998,0.9950796416198056,4.0,2
76,1,select_coverage_CBA_M1,,exact,majority,e,4,1.0,1.0,1.0,1.0,0,0.9975384615384616,0.9974326059050064,0.99753375342998,0.9950796416198056,4.0,2
76,1,select_coverage_CBA_M1,,exact,cmar,e,4,1.0,1.0,1.0,1.0,0,0.9975384615384616,0.9974326059050064,0.99753375342998,0.9950796416198056,4.0,2
76,1,select_coverage_CBA_M1,,exact,top_k_avg,e,4,1.0,1.0,1.0,1.0,0,0.9975384615384616,0.9974326059050064,0.99753375342998,0.9950796416198056,4.0,2
76,1,select_coverage_CBA_M1,,exact,list,e,4,1.0,1.0,1.0,1.0,0,0.9975384615384616,0.9974326059050064,0.99753375342998,0.9950796416198056,4.0,2
76,2,select_coverage,1.0,exact,majority,e,0,0.9993846153846154,0.9994089834515368,0.9993835985629692,0.9987679565585138,1,,,,,,2
76,2,select_coverage,1.0,exact,cmar,e,0,0.9993846153846154,0.9994089834515368,0.9993835985629692,0.9987679565585138,1,,,,,,2
76,2,select_coverage,1.0,exact,top_k_avg,e,0,1.0,1.0,1.0,1.0,0,,,,,,2
76,2,select_coverage,1.0,exact,list,e,0,1.0,1.0,1.0,1.0,0,,,,,,2
76,2,select_coverage,2.0,exact,majority,e,0,0.9981538461538462,0.99822695035461,0.9981509780472736,0.9963087812195291,3,,,,,,2
76,2,select_coverage,2.0,exact,cmar,e,0,0.9981538461538462,0.99822695035461,0.9981509780472736,0.9963087812195291,3,,,,,,2
76,2,select_coverage,2.0,exact,top_k_avg,e,0,1.0,1.0,1.0,1.0,0,,,,,,2
76,2,select_coverage,2.0,exact,list,e,0,1.0,1.0,1.0,1.0,0,,,,,,2
76,2,select_coverage,3.0,exact,majority,e,0,0.9993846153846154,0.9994089834515368,0.9993835985629692,0.9987679565585138,1,,,,,,2
76,2,select_coverage,3.0,exact,cmar,e,0,0.9993846153846154,0.9994089834515368,0.9993835985629692,0.9987679565585138,1,,,,,,2
76,2,select_coverage,3.0,exact,top_k_avg,e,0,1.0,1.0,1.0,1.0,0,,,,,,2
76,2,select_coverage,3.0,exact,list,e,0,1.0,1.0,1.0,1.0,0,,,,,,2
76,2,select_coverage,4.0,exact,majority,e,0,0.9981538461538462,0.99822695035461,0.9981509780472736,0.9963087812195291,3,,,,,,2
76,2,select_coverage,4.0,exact,cmar,e,0,0.9981538461538462,0.99822695035461,0.9981509780472736,0.9963087812195291,3,,,,,,2
76,2,select_coverage,4.0,exact,top_k_avg,e,0,1.0,1.0,1.0,1.0,0,,,,,,2
76,2,select_coverage,4.0,exact,list,e,0,1.0,1.0,1.0,1.0,0,,,,,,2
76,2,select_coverage_CBA_M1,,exact,majority,e,4,1.0,1.0,1.0,1.0,0,0.9975384615384616,0.9974326059050064,0.99753375342998,0.9950796416198056,4.0,2
76,2,select_coverage_CBA_M1,,exact,cmar,e,4,1.0,1.0,1.0,1.0,0,0.9975384615384616,0.9974326059050064,0.99753375342998,0.9950796416198056,4.0,2
76,2,select_coverage_CBA_M1,,exact,top_k_avg,e,4,1.0,1.0,1.0,1.0,0,0.9975384615384616,0.9974326059050064,0.99753375342998,0.9950796416198056,4.0,2
76,2,select_coverage_CBA_M1,,exact,list,e,4,1.0,1.0,1.0,1.0,0,0.9975384615384616,0.9974326059050064,0.99753375342998,0.9950796416198056,4.0,2
100,1,select_coverage,1.0,DAC,list,e,0,0.9987692307692309,0.9987484355444304,0.9987688386625572,0.99754070511271,2,,,,,,2
100,1,select_coverage,1.0,exact,majority,e,0,0.9987692307692309,0.9987484355444304,0.9987688386625572,0.99754070511271,2,,,,,,2
100,1,select_coverage,1.0,exact,cmar,e,0,0.9987692307692309,0.9987484355444304,0.9987688386625572,0.99754070511271,2,,,,,,2
100,1,select_coverage,1.0,exact,top_k_avg,e,0,1.0,1.0,1.0,1.0,0,,,,,,2
100,1,select_coverage,1.0,exact,list,e,0,1.0,1.0,1.0,1.0,0,,,,,,2
100,1,select_coverage,2.0,DAC,list,e,0,0.9987692307692309,0.9987484355444304,0.9987688386625572,0.99754070511271,2,,,,,,2
100,1,select_coverage,2.0,exact,majority,e,0,0.9987692307692309,0.9987484355444304,0.9987688386625572,0.99754070511271,2,,,,,,2
100,1,select_coverage,2.0,exact,cmar,e,0,0.9987692307692309,0.9987484355444304,0.9987688386625572,0.99754070511271,2,,,,,,2
100,1,select_coverage,2.0,exact,top_k_avg,e,0,1.0,1.0,1.0,1.0,0,,,,,,2
100,1,select_coverage,2.0,exact,list,e,0,1.0,1.0,1.0,1.0,0,,,,,,2
100,1,select_coverage,3.0,DAC,list,e,0,0.9987692307692309,0.9987484355444304,0.9987688386625572,0.99754070511271,2,,,,,,2
100,1,select_coverage,3.0,exact,majority,e,0,0.9987692307692309,0.9987484355444304,0.9987688386625572,0.99754070511271,2,,,,,,2
100,1,select_coverage,3.0,exact,cmar,e,0,0.9987692307692309,0.9987484355444304,0.9987688386625572,0.99754070511271,2,,,,,,2
100,1,select_coverage,3.0,exact,top_k_avg,e,0,1.0,1.0,1.0,1.0,0,,,,,,2
100,1,select_coverage,3.0,exact,list,e,0,1.0,1.0,1.0,1.0,0,,,,,,2
100,1,select_coverage,4.0,DAC,list,e,0,0.9987692307692309,0.9987484355444304,0.9987688386625572,0.99754070511271,2,,,,,,2
100,1,select_coverage,4.0,exact,majority,e,0,0.9987692307692309,0.9987484355444304,0.9987688386625572,0.99754070511271,2,,,,,,2
100,1,select_coverage,4.0,exact,cmar,e,0,0.9987692307692309,0.9987484355444304,0.9987688386625572,0.99754070511271,2,,,,,,2
100,1,select_coverage,4.0,exact,top_k_avg,e,0,1.0,1.0,1.0,1.0,0,,,,,,2
100,1,select_coverage,4.0,exact,list,e,0,1.0,1.0,1.0,1.0,0,,,,,,2
100,1,select_coverage_CBA_M1,,DAC,list,e,12,0.9987692307692309,0.9987484355444304,0.9987688386625572,0.99754070511271,2,0.9913846153846154,0.9912390488110138,0.9913791274085392,0.9829056224590744,14.0,2
100,1,select_coverage_CBA_M1,,exact,majority,e,12,0.9987692307692309,0.9987484355444304,0.9987688386625572,0.99754070511271,2,0.9913846153846154,0.9912390488110138,0.9913791274085392,0.9829056224590744,14.0,2
100,1,select_coverage_CBA_M1,,exact,cmar,e,12,0.9987692307692309,0.9987484355444304,0.9987688386625572,0.99754070511271,2,0.9913846153846154,0.9912390488110138,0.9913791274085392,0.9829056224590744,14.0,2
100,1,select_coverage_CBA_M1,,exact,top_k_avg,e,12,1.0,1.0,1.0,1.0,0,0.9926153846153846,0.9924906132665832,0.9926111286254728,0.9853306467538968,12.0,2
100,1,select_coverage_CBA_M1,,exact,list,e,12,1.0,1.0,1.0,1.0,0,0.9926153846153846,0.9924906132665832,0.9926111286254728,0.9853306467538968,12.0,2
100,2,select_coverage,1.0,exact,majority,e,0,0.9987692307692309,0.9987484355444304,0.9987688386625572,0.99754070511271,2,,,,,,2
100,2,select_coverage,1.0,exact,cmar,e,0,0.9987692307692309,0.9987484355444304,0.9987688386625572,0.99754070511271,2,,,,,,2
100,2,select_coverage,1.0,exact,top_k_avg,e,0,1.0,1.0,1.0,1.0,0,,,,,,2
100,2,select_coverage,1.0,exact,list,e,0,1.0,1.0,1.0,1.0,0,,,,,,2
100,2,select_coverage,2.0,exact,majority,e,0,0.9987692307692309,0.9987484355444304,0.9987688386625572,0.99754070511271,2,,,,,,2
100,2,select_coverage,2.0,exact,cmar,e,0,0.9987692307692309,0.9987484355444304,0.9987688386625572,0.99754070511271,2,,,,,,2
100,2,select_coverage,2.0,exact,top_k_avg,e,0,1.0,1.0,1.0,1.0,0,,,,,,2
100,2,select_coverage,2.0,exact,list,e,0,1.0,1.0,1.0,1.0,0,,,,,,2
100,2,select_coverage,3.0,exact,majority,e,0,0.9987692307692309,0.9987484355444304,0.9987688386625572,0.99754070511271,2,,,,,,2
100,2,select_coverage,3.0,exact,cmar,e,0,0.9987692307692309,0.9987484355444304,0.9987688386625572,0.99754070511271,2,,,,,,2
100,2,select_coverage,3.0,exact,top_k_avg,e,0,1.0,1.0,1.0,1.0,0,,,,,,2
100,2,select_coverage,3.0,exact,list,e,0,1.0,1.0,1.0,1.0,0,,,,,,2
100,2,select_coverage,4.0,exact,majority,e,0,0.9987692307692309,0.9987484355444304,0.9987688386625572,0.99754070511271,2,,,,,,2
100,2,select_coverage,4.0,exact,cmar,e,0,0.9987692307692309,0.9987484355444304,0.9987688386625572,0.99754070511271,2,,,,,,2
100,2,select_coverage,4.0,exact,top_k_avg,e,0,1.0,1.0,1.0,1.0,0,,,,,,2
100,2,select_coverage,4.0,exact,list,e,0,1.0,1.0,1.0,1.0,0,,,,,,2
100,2,select_coverage_CBA_M1,,exact,majority,e,8,0.9987692307692309,0.9987484355444304,0.9987688386625572,0.99754070511271,2,0.9938461538461538,0.9937421777221528,0.9938429618043874,0.9877612776492108,10.0,2
100,2,select_coverage_CBA_M1,,exact,cmar,e,8,0.9987692307692309,0.9987484355444304,0.9987688386625572,0.99754070511271,2,0.9938461538461538,0.9937421777221528,0.9938429618043874,0.9877612776492108,10.0,2
100,2,select_coverage_CBA_M1,,exact,top_k_avg,e,8,1.0,1.0,1.0,1.0,0,0.9950769230769232,0.9949937421777222,0.9950746381753428,0.9901975568197948,8.0,2
100,2,select_coverage_CBA_M1,,exact,list,e,8,1.0,1.0,1.0,1.0,0,0.9950769230769232,0.9949937421777222,0.9950746381753428,0.9901975568197948,8.0,2
114,1,select_coverage,1.0,DAC,list,e,0,1.0,1.0,1.0,1.0,0,,,,,,2
114,1,select_coverage,1.0,exact,majority,e,0,1.0,1.0,1.0,1.0,0,,,,,,2
114,1,select_coverage,1.0,exact,cmar,e,0,1.0,1.0,1.0,1.0,0,,,,,,2
114,1,select_coverage,1.0,exact,top_k_avg,e,0,1.0,1.0,1.0,1.0,0,,,,,,2
114,1,select_coverage,1.0,exact,list,e,0,1.0,1.0,1.0,1.0,0,,,,,,2
114,1,select_coverage,2.0,DAC,list,e,0,1.0,1.0,1.0,1.0,0,,,,,,2
114,1,select_coverage,2.0,exact,majority,e,0,1.0,1.0,1.0,1.0,0,,,,,,2
114,1,select_coverage,2.0,exact,cmar,e,0,1.0,1.0,1.0,1.0,0,,,,,,2
114,1,select_coverage,2.0,exact,top_k_avg,e,0,1.0,1.0,1.0,1.0,0,,,,,,2
114,1,select_coverage,2.0,exact,list,e,0,1.0,1.0,1.0,1.0,0,,,,,,2
114,1,select_coverage,3.0,DAC,list,e,0,1.0,1.0,1.0,1.0,0,,,,,,2
114,1,select_coverage,3.0,exact,majority,e,0,1.0,1.0,1.0,1.0,0,,,,,,2
114,1,select_coverage,3.0,exact,cmar,e,0,1.0,1.0,1.0,1.0,0,,,,,,2
114,1,select_coverage,3.0,exact,top_k_avg,e,0,1.0,1.0,1.0,1.0,0,,,,,,2
114,1,select_coverage,3.0,exact,list,e,0,1.0,1.0,1.0,1.0,0,,,,,,2
114,1,select_coverage,4.0,DAC,list,e,0,1.0,1.0,1.0,1.0,0,,,,,,2
114,1,select_coverage,4.0,exact,majority,e,0,1.0,1.0,1.0,1.0,0,,,,,,2
114,1,select_coverage,4.0,exact,cmar,e,0,1.0,1.0,1.0,1.0,0,,,,,,2
114,1,select_coverage,4.0,exact,top_k_avg,e,0,1.0,1.0,1.0,1.0,0,,,,,,2
114,1,select_coverage,4.0,exact,list,e,0,1.0,1.0,1.0,1.0,0,,,,,,2
114,1,select_coverage_CBA_M1,,DAC,list,e,3,1.0,1.0,1.0,1.0,0,0.9981538461538462,0.9980392156862744,0.998147107149658,0.996301067977826,3.0,2
114,1,select_coverage_CBA_M1,,exact,majority,e,3,1.0,1.0,1.0,1.0,0,0.9981538461538462,0.9980392156862744,0.998147107149658,0.996301067977826,3.0,2
114,1,select_coverage_CBA_M1,,exact,cmar,e,3,1.0,1.0,1.0,1.0,0,0.9981538461538462,0.9980392156862744,0.998147107149658,0.996301067977826,3.0,2
114,1,select_coverage_CBA_M1,,exact,top_k_avg,e,3,1.0,1.0,1.0,1.0,0,0.9981538461538462,0.9980392156862744,0.998147107149658,0.996301067977826,3.0,2
114,1,select_coverage_CBA_M1,,exact,list,e,3,1.0,1.0,1.0,1.0,0,0.9981538461538462,0.9980392156862744,0.998147107149658,0.996301067977826,3.0,2
114,2,select_coverage,1.0,exact,majority,e,0,1.0,1.0,1.0,1.0,0,,,,,,2
114,2,select_coverage,1.0,exact,cmar,e,0,1.0,1.0,1.0,1.0,0,,,,,,2
114,2,select_coverage,1.0,exact,top_k_avg,e,0,1.0,1.0,1.0,1.0,0,,,,,,2
114,2,select_coverage,1.0,exact,list,e,0,1.0,1.0,1.0,1.0,0,,,,,,2
114,2,select_coverage,2.0,exact,majority,e,0,1.0,1.0,1.0,1.0,0,,,,,,2
114,2,select_coverage,2.0,exact,cmar,e,0,1.0,1.0,1.0,1.0,0,,,,,,2
114,2,select_coverage,2.0,exact,top_k_avg,e,0,1.0,1.0,1.0,1.0,0,,,,,,2
114,2,select_coverage,2.0,exact,list,e,0,1.0,1.0,1.0,1.0,0,,,,,,2
114,2,select_coverage,3.0,exact,majority,e,0,1.0,1.0,1.0,1.0,0,,,,,,2
114,2,select_coverage,3.0,exact,cmar,e,0,1.0,1.0,1.0,1.0,0,,,,,,2
114,2,select_coverage,3.0,exact,top_k_avg,e,0,1.0,1.0,1.0,1.0,0,,,,,,2
114,2,select_coverage,3.0,exact,list,e,0,1.0,1.0,1.0,1.0,0,,,,,,2
114,2,select_coverage,4.0,exact,majority,e,0,1.0,1.0,1.0,1.0,0,,,,,,2
114,2,select_coverage,4.0,exact,cmar,e,0,1.0,1.0,1.0,1.0,0,,,,,,2
114,2,select_coverage,4.0,exact,top_k_avg,e,0,1.0,1.0,1.0,1.0,0,,,,,,2
114,2,select_coverage,4.0,exact,list,e,0,1.0,1.0,1.0,1.0,0,,,,,,2
114,2,select_coverage_CBA_M1,,exact,majority,e,3,1.0,1.0,1.0,1.0,0,0.9981538461538462,0.9980392156862744,0.998147107149658,0.996301067977826,3.0,2
114,2,select_coverage_CBA_M1,,exact,cmar,e,3,1.0,1.0,1.0,1.0,0,0.9981538461538462,0.9980392156862744,0.998147107149658,0.996301067977826,3.0,2
114,2,select_coverage_CBA_M1,,exact,top_k_avg,e,3,1.0,1.0,1.0,1.0,0,0.9981538461538462,0.9980392156862744,0.998147107149658,0.996301067977826,3.0,2
114,2,select_coverage_CBA_M1,,exact,list,e,3,1.0,1.0,1.0,1.0,0,0.9981538461538462,0.9980392156862744,0.998147107149658,0.996301067977826,3.0,2
133,1,select_coverage,1.0,DAC,list,e,0,1.0,1.0,1.0,1.0,0,,,,,,2
133,1,select_coverage,1.0,exact,majority,e,0,1.0,1.0,1.0,1.0,0,,,,,,2
133,1,select_coverage,1.0,exact,cmar,e,0,1.0,1.0,1.0,1.0,0,,,,,,2
133,1,select_coverage,1.0,exact,top_k_avg,e,0,1.0,1.0,1.0,1.0,0,,,,,,2
133,1,select_coverage,1.0,exact,list,e,0,1.0,1.0,1.0,1.0,0,,,,,,2
133,1,select_coverage,2.0,DAC,list,e,0,1.0,1.0,1.0,1.0,0,,,,,,2
133,1,select_coverage,2.0,exact,majority,e,0,0.9993846153846154,0.9993997599039616,0.9993842422864504,0.9987692424210908,1,,,,,,2
133,1,select_coverage,2.0,exact,cmar,e,0,0.9993846153846154,0.9993997599039616,0.9993842422864504,0.9987692424210908,1,,,,,,2
133,1,select_coverage,2.0,exact,top_k_avg,e,0,1.0,1.0,1.0,1.0,0,,,,,,2
133,1,select_coverage,2.0,exact,list,e,0,1.0,1.0,1.0,1.0,0,,,,,,2
133,1,select_coverage,3.0,DAC,list,e,0,1.0,1.0,1.0,1.0,0,,,,,,2
133,1,select_coverage,3.0,exact,majority,e,0,0.9993846153846154,0.9993997599039616,0.9993842422864504,0.9987692424210908,1,,,,,,2
133,1,select_coverage,3.0,exact,cmar,e,0,0.9993846153846154,0.9993997599039616,0.9993842422864504,0.9987692424210908,1,,,,,,2
133,1,select_coverage,3.0,exact,top_k_avg,e,0,1.0,1.0,1.0,1.0,0,,,,,,2
133,1,select_coverage,3.0,exact,list,e,0,1.0,1.0,1.0,1.0,0,,,,,,2
133,1,select_coverage,4.0,DAC,list,e,0,1.0,1.0,1.0,1.0,0,,,,,,2
133,1,select_coverage,4.0,exact,majority,e,0,0.9993846153846154,0.9993997599039616,0.9993842422864504,0.9987692424210908,1,,,,,,2
133,1,select_coverage,4.0,exact,cmar,e,0,0.9993846153846154,0.9993997599039616,0.9993842422864504,0.9987692424210908,1,,,,,,2
133,1,select_coverage,4.0,exact,top_k_avg,e,0,1.0,1.0,1.0,1.0,0,,,,,,2
133,1,select_coverage,4.0,exact,list,e,0,1.0,1.0,1.0,1.0,0,,,,,,2
133,1,select_coverage_CBA_M1,,DAC,list,e,4,1.0,1.0,1.0,1.0,0,0.9975384615384616,0.9974747474747474,0.9975365724247708,0.9950852519525348,4.0,2
133,1,select_coverage_CBA_M1,,exact,majority,e,4,1.0,1.0,1.0,1.0,0,0.9975384615384616,0.9974747474747474,0.9975365724247708,0.9950852519525348,4.0,2
133,1,select_coverage_CBA_M1,,exact,cmar,e,4,1.0,1.0,1.0,1.0,0,0.9975384615384616,0.9974747474747474,0.9975365724247708,0.9950852519525348,4.0,2
133,1,select_coverage_CBA_M1,,exact,top_k_avg,e,4,1.0,1.0,1.0,1.0,0,0.9975384615384616,0.9974747474747474,0.9975365724247708,0.9950852519525348,4.0,2
133,1,select_coverage_CBA_M1,,exact,list,e,4,1.0,1.0,1.0,1.0,0,0.9975384615384616,0.9974747474747474,0.9975365724247708,0.9950852519525348,4.0,2
133,2,select_coverage,1.0,exact,majority,e,0,1.0,1.0,1.0,1.0,0,,,,,,2
133,2,select_coverage,1.0,exact,cmar,e,0,1.0,1.0,1.0,1.0,0,,,,,,2
133,2,select_coverage,1.0,exact,top_k_avg,e,0,1.0,1.0,1.0,1.0,0,,,,,,2
133,2,select_coverage,1.0,exact,list,e,0,1.0,1.0,1.0,1.0,0,,,,,,2
133,2,select_coverage,2.0,exact,majority,e,0,0.9993846153846154,0.9993997599039616,0.9993842422864504,0.9987692424210908,1,,,,,,2
133,2,select_coverage,2.0,exact,cmar,e,0,0.9993846153846154,0.9993997599039616,0.9993842422864504,0.9987692424210908,1,,,,,,2
133,2,select_coverage,2.0,exact,top_k_avg,e,0,1.0,1.0,1.0,1.0,0,,,,,,2
133,2,select_coverage,2.0,exact,list,e,0,1.0,1.0,1.0,1.0,0,,,,,,2
133,2,select_coverage,3.0,exact,majority,e,0,0.9993846153846154,0.9993997599039616,0.9993842422864504,0.9987692424210908,1,,,,,,2
133,2,select_coverage,3.0,exact,cmar,e,0,0.9993846153846154,0.9993997599039616,0.9993842422864504,0.9987692424210908,1,,,,,,2
133,2,select_coverage,3.0,exact,top_k_avg,e,0,1.0,1.0,1.0,1.0,0,,,,,,2
133,2,select_coverage,3.0,exact,list,e,0,1.0,1.0,1.0,1.0,0,,,,,,2
133,2,select_coverage,4.0,exact,majority,e,0,0.9993846153846154,0.9993997599039616,0.9993842422864504,0.9987692424210908,1,,,,,,2
133,2,select_coverage,4.0,exact,cmar,e,0,0.9993846153846154,0.9993997599039616,0.9993842422864504,0.9987692424210908,1,,,,,,2
133,2,select_coverage,4.0,exact,top_k_avg,e,0,1.0,1.0,1.0,1.0,0,,,,,,2
133,2,select_coverage,4.0,exact,list,e,0,1.0,1.0,1.0,1.0,0,,,,,,2
133,2,select_coverage_CBA_M1,,exact,majority,e,2,1.0,1.0,1.0,1.0,0,0.9987692307692309,0.9987373737373736,0.9987683683647266,0.9975397668278452,2.0,2
133,2,select_coverage_CBA_M1,,exact,cmar,e,2,1.0,1.0,1.0,1.0,0,0.9987692307692309,0.9987373737373736,0.9987683683647266,0.9975397668278452,2.0,2
133,2,select_coverage_CBA_M1,,exact,top_k_avg,e,2,1.0,1.0,1.0,1.0,0,0.9987692307692309,0.9987373737373736,0.9987683683647266,0.9975397668278452,2.0,2
133,2,select_coverage_CBA_M1,,exact,list,e,2,1.0,1.0,1.0,1.0,0,0.9987692307692309,0.9987373737373736,0.9987683683647266,0.9975397668278452,2.0,2
138,1,select_coverage,1.0,DAC,list,e,0,1.0,1.0,1.0,1.0,0,,,,,,2
138,1,select_coverage,1.0,exact,majority,e,0,1.0,1.0,1.0,1.0,0,,,,,,2
138,1,select_coverage,1.0,exact,cmar,e,0,1.0,1.0,1.0,1.0,0,,,,,,2
138,1,select_coverage,1.0,exact,top_k_avg,e,0,1.0,1.0,1.0,1.0,0,,,,,,2
138,1,select_coverage,1.0,exact,list,e,0,1.0,1.0,1.0,1.0,0,,,,,,2
138,1,select_coverage,2.0,DAC,list,e,0,1.0,1.0,1.0,1.0,0,,,,,,2
138,1,select_coverage,2.0,exact,majority,e,0,1.0,1.0,1.0,1.0,0,,,,,,2
138,1,select_coverage,2.0,exact,cmar,e,0,1.0,1.0,1.0,1.0,0,,,,,,2
138,1,select_coverage,2.0,exact,top_k_avg,e,0,1.0,1.0,1.0,1.0,0,,,,,,2
138,1,select_coverage,2.0,exact,list,e,0,1.0,1.0,1.0,1.0,0,,,,,,2
138,1,select_coverage,3.0,DAC,list,e,0,1.0,1.0,1.0,1.0,0,,,,,,2
138,1,select_coverage,3.0,exact,majority,e,0,1.0,1.0,1.0,1.0,0,,,,,,2
138,1,select_coverage,3.0,exact,cmar,e,0,1.0,1.0,1.0,1.0,0,,,,,,2
138,1,select_coverage,3.0,exact,top_k_avg,e,0,1.0,1.0,1.0,1.0,0,,,,,,2
138,1,select_coverage,3.0,exact,list,e,0,1.0,1.0,1.0,1.0,0,,,,,,2
138,1,select_coverage,4.0,DAC,list,e,0,1.0,1.0,1.0,1.0,0,,,,,,2
138,1,select_coverage,4.0,exact,majority,e,0,1.0,1.0,1.0,1.0,0,,,,,,2
138,1,select_coverage,4.0,exact,cmar,e,0,1.0,1.0,1.0,1.0,0,,,,,,2
138,1,select_coverage,4.0,exact,top_k_avg,e,0,1.0,1.0,1.0,1.0,0,,,,,,2
138,1,select_coverage,4.0,exact,list,e,0,1.0,1.0,1.0,1.0,0,,,,,,2
138,1,select_coverage_CBA_M1,,DAC,list,e,6,1.0,1.0,1.0,1.0,0,0.9963076923076924,0.9961139896373056,0.9962970783758492,0.9926214785483372,6.0,2
138,1,select_coverage_CBA_M1,,exact,majority,e,6,1.0,1.0,1.0,1.0,0,0.9963076923076924,0.9961139896373056,0.9962970783758492,0.9926214785483372,6.0,2
138,1,select_coverage_CBA_M1,,exact,cmar,e,6,1.0,1.0,1.0,1.0,0,0.9963076923076924,0.9961139896373056,0.9962970783758492,0.9926214785483372,6.0,2
138,1,select_coverage_CBA_M1,,exact,top_k_avg,e,6,1.0,1.0,1.0,1.0,0,0.9963076923076924,0.9961139896373056,0.9962970783758492,0.9926214785483372,6.0,2
138,1,select_coverage_CBA_M1,,exact,list,e,6,1.0,1.0,1.0,1.0,0,0.9963076923076924,0.9961139896373056,0.9962970783758492,0.9926214785483372,6.0,2
138,2,select_coverage,1.0,exact,majority,e,0,1.0,1.0,1.0,1.0,0,,,,,,2
138,2,select_coverage,1.0,exact,cmar,e,0,1.0,1.0,1.0,1.0,0,,,,,,2
138,2,select_coverage,1.0,exact,top_k_avg,e,0,1.0,1.0,1.0,1.0,0,,,,,,2
138,2,select_coverage,1.0,exact,list,e,0,1.0,1.0,1.0,1.0,0,,,,,,2
138,2,select_coverage,2.0,exact,majority,e,0,1.0,1.0,1.0,1.0,0,,,,,,2
138,2,select_coverage,2.0,exact,cmar,e,0,1.0,1.0,1.0,1.0,0,,,,,,2
138,2,select_coverage,2.0,exact,top_k_avg,e,0,1.0,1.0,1.0,1.0,0,,,,,,2
138,2,select_coverage,2.0,exact,list,e,0,1.0,1.0,1.0,1.0,0,,,,,,2
138,2,select_coverage,3.0,exact,majority,e,0,1.0,1.0,1.0,1.0,0,,,,,,2
138,2,select_coverage,3.0,exact,cmar,e,0,1.0,1.0,1.0,1.0,0,,,,,,2
138,2,select_coverage,3.0,exact,top_k_avg,e,0,1.0,1.0,1.0,1.0,0,,,,,,2
138,2,select_coverage,3.0,exact,list,e,0,1.0,1.0,1.0,1.0,0,,,,,,2
138,2,select_coverage,4.0,exact,majority,e,0,1.0,1.0,1.0,1.0,0,,,,,,2
138,2,select_coverage,4.0,exact,cmar,e,0,1.0,1.0,1.0,1.0,0,,,,,,2
138,2,select_coverage,4.0,exact,top_k_avg,e,0,1.0,1.0,1.0,1.0,0,,,,,,2
138,2,select_coverage,4.0,exact,list,e,0,1.0,1.0,1.0,1.0,0,,,,,,2
138,2,select_coverage_CBA_M1,,exact,majority,e,4,1.0,1.0,1.0,1.0,0,0.9975384615384616,0.9974093264248703,0.9975317080580238,0.9950755709624712,4.0,2
138,2,select_coverage_CBA_M1,,exact,cmar,e,4,1.0,1.0,1.0,1.0,0,0.9975384615384616,0.9974093264248703,0.9975317080580238,0.9950755709624712,4.0,2
138,2,select_coverage_CBA_M1,,exact,top_k_avg,e,4,1.0,1.0,1.0,1.0,0,0.9975384615384616,0.9974093264248703,0.9975317080580238,0.9950755709624712,4.0,2
138,2,select_coverage_CBA_M1,,exact,list,e,4,1.0,1.0,1.0,1.0,0,0.9975384615384616,0.9974093264248703,0.9975317080580238,0.9950755709624712,4.0,2
148,1,select_coverage,1.0,DAC,list,e,0,1.0,1.0,1.0,1.0,0,,,,,,2
148,1,select_coverage,1.0,exact,majority,e,0,1.0,1.0,1.0,1.0,0,,,,,,2
148,1,select_coverage,1.0,exact,cmar,e,0,1.0,1.0,1.0,1.0,0,,,,,,2
148,1,select_coverage,1.0,exact,top_k_avg,e,0,1.0,1.0,1.0,1.0,0,,,,,,2
148,1,select_coverage,1.0,exact,list,e,0,1.0,1.0,1.0,1.0,0,,,,,,2
148,1,select_coverage,2.0,DAC,list,e,0,1.0,1.0,1.0,1.0,0,,,,,,2
148,1,select_coverage,2.0,exact,majority,e,0,1.0,1.0,1.0,1.0,0,,,,,,2
148,1,select_coverage,2.0,exact,cmar,e,0,1.0,1.0,1.0,1.0,0,,,,,,2
148,1,select_coverage,2.0,exact,top_k_avg,e,0,1.0,1.0,1.0,1.0,0,,,,,,2
148,1,select_coverage,2.0,exact,list,e,0,1.0,1.0,1.0,1.0,0,,,,,,2
148,1,select_coverage,3.0,DAC,list,e,0,1.0,1.0,1.0,1.0,0,,,,,,2
148,1,select_coverage,3.0,exact,majority,e,0,1.0,1.0,1.0,1.0,0,,,,,,2
148,1,select_coverage,3.0,exact,cmar,e,0,1.0,1.0,1.0,1.0,0,,,,,,2
148,1,select_coverage,3.0,exact,top_k_avg,e,0,1.0,1.0,1.0,1.0,0,,,,,,2
148,1,select_coverage,3.0,exact,list,e,0,1.0,1.0,1.0,1.0,0,,,,,,2
148,1,select_coverage,4.0,DAC,list,e,0,1.0,1.0,1.0,1.0,0,,,,,,2
148,1,select_coverage,4.0,exact,majority,e,0,1.0,1.0,1.0,1.0,0,,,,,,2
148,1,select_coverage,4.0,exact,cmar,e,0,0.9993846153846154,0.9994089834515368,0.9993835985629692,0.9987679565585138,1,,,,,,2
148,1,select_coverage,4.0,exact,top_k_avg,e,0,1.0,1.0,1.0,1.0,0,,,,,,2
148,1,select_coverage,4.0,exact,list,e,0,1.0,1.0,1.0,1.0,0,,,,,,2
148,1,select_coverage_CBA_M1,,DAC,list,e,2,1.0,1.0,1.0,1.0,0,0.9987692307692309,0.9987163029525032,0.9987670077060122,0.99753705220093,2.0,2
148,1,select_coverage_CBA_M1,,exact,majority,e,2,1.0,1.0,1.0,1.0,0,0.9987692307692309,0.9987163029525032,0.9987670077060122,0.99753705220093,2.0,2
148,1,select_coverage_CBA_M1,,exact,cmar,e,2,1.0,1.0,1.0,1.0,0,0.9987692307692309,0.9987163029525032,0.9987670077060122,0.99753705220093,2.0,2
148,1,select_coverage_CBA_M1,,exact,top_k_avg,e,2,1.0,1.0,1.0,1.0,0,0.9987692307692309,0.9987163029525032,0.9987670077060122,0.99753705220093,2.0,2
148,1,select_coverage_CBA_M1,,exact,list,e,2,1.0,1.0,1.0,1.0,0,0.9987692307692309,0.9987163029525032,0.9987670077060122,0.99753705220093,2.0,2
148,2,select_coverage,1.0,exact,majority,e,0,1.0,1.0,1.0,1.0,0,,,,,,2
148,2,select_coverage,1.0,exact,cmar,e,0,1.0,1.0,1.0,1.0,0,,,,,,2
148,2,select_coverage,1.0,exact,top_k_avg,e,0,1.0,1.0,1.0,1.0,0,,,,,,2
148,2,select_coverage,1.0,exact,list,e,0,1.0,1.0,1.0,1.0,0,,,,,,2
148,2,select_coverage,2.0,exact,majority,e,0,1.0,1.0,1.0,1.0,0,,,,,,2
148,2,select_coverage,2.0,exact,cmar,e,0,1.0,1.0,1.0,1.0,0,,,,,,2
148,2,select_coverage,2.0,exact,top_k_avg,e,0,1.0,1.0,1.0,1.0,0,,,,,,2
148,2,select_coverage,2.0,exact,list,e,0,1.0,1.0,1.0,1.0,0,,,,,,2
148,2,select_coverage,3.0,exact,majority,e,0,1.0,1.0,1.0,1.0,0,,,,,,2
148,2,select_coverage,3.0,exact,cmar,e,0,1.0,1.0,1.0,1.0,0,,,,,,2
148,2,select_coverage,3.0,exact,top_k_avg,e,0,1.0,1.0,1.0,1.0,0,,,,,,2
148,2,select_coverage,3.0,exact,list,e,0,1.0,1.0,1.0,1.0,0,,,,,,2
148,2,select_coverage,4.0,exact,majority,e,0,1.0,1.0,1.0,1.0,0,,,,,,2
148,2,select_coverage,4.0,exact,cmar,e,0,0.9993846153846154,0.9994089834515368,0.9993835985629692,0.9987679565585138,1,,,,,,2
148,2,select_coverage,4.0,exact,top_k_avg,e,0,1.0,1.0,1.0,1.0,0,,,,,,2
148,2,select_coverage,4.0,exact,list,e,0,1.0,1.0,1.0,1.0,0,,,,,,2
148,2,select_coverage_CBA_M1,,exact,majority,e,2,1.0,1.0,1.0,1.0,0,0.9987692307692309,0.9987163029525032,0.9987670077060122,0.99753705220093,2.0,2
148,2,select_coverage_CBA_M1,,exact,cmar,e,2,1.0,1.0,1.0,1.0,0,0.9987692307692309,0.9987163029525032,0.9987670077060122,0.99753705220093,2.0,2
148,2,select_coverage_CBA_M1,,exact,top_k_avg,e,2,1.0,1.0,1.0,1.0,0,0.9987692307692309,0.9987163029525032,0.9987670077060122,0.99753705220093,2.0,2
148,2,select_coverage_CBA_M1,,exact,list,e,2,1.0,1.0,1.0,1.0,0,0.9987692307692309,0.9987163029525032,0.9987670077060122,0.99753705220093,2.0,2
5,1,select_coverage,1.0,DAC,list,e,0,0.9975384615384616,0.9974937343358397,0.9975374459753532,0.995086990489762,4,,,,,,3
5,1,select_coverage,1.0,exact,majority,e,0,0.9981538461538462,0.9981203007518796,0.9981531299616874,0.9963130692005248,3,,,,,,3
5,1,select_coverage,1.0,exact,cmar,e,0,0.9975384615384616,0.9974937343358397,0.9975374459753532,0.995086990489762,4,,,,,,3
5,1,select_coverage,1.0,exact,top_k_avg,e,0,1.0,1.0,1.0,1.0,0,,,,,,3
5,1,select_coverage,1.0,exact,list,e,0,0.9987692307692309,0.9987468671679198,0.998768782693555,0.9975405934496614,2,,,,,,3
5,1,select_coverage,2.0,DAC,list,e,0,0.9975384615384616,0.9974937343358397,0.9975374459753532,0.995086990489762,4,,,,,,3
5,1,select_coverage,2.0,exact,majority,e,0,0.9981538461538462,0.9981203007518796,0.9981531299616874,0.9963130692005248,3,,,,,,3
5,1,select_coverage,2.0,exact,cmar,e,0,0.9975384615384616,0.9974937343358397,0.9975374459753532,0.995086990489762,4,,,,,,3
5,1,select_coverage,2.0,exact,top_k_avg,e,0,0.9987692307692309,0.9987468671679198,0.998768782693555,0.9975405934496614,2,,,,,,3
5,1,select_coverage,2.0,exact,list,e,0,0.9987692307692309,0.9987468671679198,0.998768782693555,0.9975405934496614,2,,,,,,3
5,1,select_coverage,3.0,DAC,list,e,0,0.9969230769230768,0.996889139414437,0.996921883269479,0.9938505674134324,5,,,,,,3
5,1,select_coverage,3.0,exact,majority,e,0,0.9987692307692309,0.9987468671679198,0.998768782693555,0.9975405934496614,2,,,,,,3
5,1,select_coverage,3.0,exact,cmar,e,0,0.9981538461538462,0.9981203007518796,0.9981531299616874,0.9963130692005248,3,,,,,,3
5,1,select_coverage,3.0,exact,top_k_avg,e,0,0.9981538461538462,0.9981203007518796,0.9981531299616874,0.9963130692005248,3,,,,,,3
5,1,select_coverage,3.0,exact,list,e,0,0.9987692307692309,0.9987468671679198,0.998768782693555,0.9975405934496614,2,,,,,,3
5,1,select_coverage,4.0,DAC,list,e,0,0.9969230769230768,0.996889139414437,0.996921883269479,0.9938505674134324,5,,,,,,3
5,1,select_coverage,4.0,exact,majority,e,0,0.9981538461538462,0.9981203007518796,0.9981531299616874,0.9963130692005248,3,,,,,,3
5,1,select_coverage,4.0,exact,cmar,e,0,0.9981538461538462,0.9981203007518796,0.9981531299616874,0.9963130692005248,3,,,,,,3
5,1,select_coverage,4.0,exact,top_k_avg,e,0,0.9981538461538462,0.9981203007518796,0.9981531299616874,0.9963130692005248,3,,,,,,3
5,1,select_coverage,4.0,exact,list,e,0,0.9987692307692309,0.9987468671679198,0.998768782693555,0.9975405934496614,2,,,,,,3
5,1,select_coverage_CBA_M1,,DAC,list,e,1,0.9975384615384616,0.9974937343358397,0.9975374459753532,0.995086990489762,4,0.9969230769230768,0.9968671679197996,0.9969217293326802,0.9938623519817604,5.0,3
5,1,select_coverage_CBA_M1,,exact,majority,e,1,0.9981538461538462,0.9981203007518796,0.9981531299616874,0.9963130692005248,3,0.9975384615384616,0.9974937343358397,0.9975374459753532,0.995086990489762,4.0,3
5,1,select_coverage_CBA_M1,,exact,cmar,e,1,0.9975384615384616,0.9974937343358397,0.9975374459753532,0.995086990489762,4,0.9969230769230768,0.9968671679197996,0.9969217293326802,0.9938623519817604,5.0,3
5,1,select_coverage_CBA_M1,,exact,top_k_avg,e,1,1.0,1.0,1.0,1.0,0,0.9993846153846154,0.99937343358396,0.9993844055725504,0.9987695685916596,1.0,3
5,1,select_coverage_CBA_M1,,exact,list,e,1,0.9987692307692309,0.9987468671679198,0.998768782693555,0.9975405934496614,2,0.9981538461538462,0.9981203007518796,0.9981531299616874,0.9963130692005248,3.0,3
5,2,select_coverage,1.0,exact,majority,e,0,0.9981538461538462,0.9981203007518796,0.9981531299616874,0.9963130692005248,3,,,,,,3
5,2,select_coverage,1.0,exact,cmar,e,0,0.9975384615384616,0.9974937343358397,0.9975374459753532,0.995086990489762,4,,,,,,3
5,2,select_coverage,1.0,exact,top_k_avg,e,0,1.0,1.0,1.0,1.0,0,,,,,,3
5,2,select_coverage,1.0,exact,list,e,0,0.9987692307692309,0.9987468671679198,0.998768782693555,0.9975405934496614,2,,,,,,3
5,2,select_coverage,2.0,exact,majority,e,0,0.9981538461538462,0.9981203007518796,0.9981531299616874,0.9963130692005248,3,,,,,,3
5,2,select_coverage,2.0,exact,cmar,e,0,0.9975384615384616,0.9974937343358397,0.9975374459753532,0.995086990489762,4,,,,,,3
5,2,select_coverage,2.0,exact,top_k_avg,e,0,0.9987692307692309,0.9987468671679198,0.998768782693555,0.9975405934496614,2,,,,,,3
5,2,select_coverage,2.0,exact,list,e,0,0.9987692307692309,0.9987468671679198,0.998768782693555,0.9975405934496614,2,,,,,,3
5,2,select_coverage,3.0,exact,majority,e,0,0.9987692307692309,0.9987468671679198,0.998768782693555,0.9975405934496614,2,,,,,,3
5,2,select_coverage,3.0,exact,cmar,e,0,0.9981538461538462,0.9981203007518796,0.9981531299616874,0.9963130692005248,3,,,,,,3
5,2,select_coverage,3.0,exact,top_k_avg,e,0,0.9981538461538462,0.9981203007518796,0.9981531299616874,0.9963130692005248,3,,,,,,3
5,2,select_coverage,3.0,exact,list,e,0,0.9987692307692309,0.9987468671679198,0.998768782693555,0.9975405934496614,2,,,,,,3
5,2,select_coverage,4.0,exact,majority,e,0,0.9981538461538462,0.9981203007518796,0.9981531299616874,0.9963130692005248,3,,,,,,3
5,2,select_coverage,4.0,exact,cmar,e,0,0.9981538461538462,0.9981203007518796,0.9981531299616874,0.9963130692005248,3,,,,,,3
5,2,select_coverage,4.0,exact,top_k_avg,e,0,0.9981538461538462,0.9981203007518796,0.9981531299616874,0.9963130692005248,3,,,,,,3
5,2,select_coverage,4.0,exact,list,e,0,0.9987692307692309,0.9987468671679198,0.998768782693555,0.9975405934496614,2,,,,,,3
5,2,select_coverage_CBA_M1,,exact,majority,e,1,0.9981538461538462,0.9981203007518796,0.9981531299616874,0.9963130692005248,3,0.9975384615384616,0.9974937343358397,0.9975374459753532,0.995086990489762,4.0,3
5,2,select_coverage_CBA_M1,,exact,cmar,e,1,0.9975384615384616,0.9974937343358397,0.9975374459753532,0.995086990489762,4,0.9969230769230768,0.9968671679197996,0.9969217293326802,0.9938623519817604,5.0,3
5,2,select_coverage_CBA_M1,,exact,top_k_avg,e,1,1.0,1.0,1.0,1.0,0,0.9993846153846154,0.99937343358396,0.9993844055725504,0.9987695685916596,1.0,3
5,2,select_coverage_CBA_M1,,exact,list,e,1,0.9987692307692309,0.9987468671679198,0.998768782693555,0.9975405934496614,2,0.9981538461538462,0.9981203007518796,0.9981531299616874,0.9963130692005248,3.0,3
14,1,select_coverage,1.0,DAC,list,e,0,0.9993846153846154,0.9994266055045872,0.9993813532640372,0.9987634714998996,1,,,,,,3
14,1,select_coverage,1.0,exact,majority,e,0,1.0,1.0,1.0,1.0,0,,,,,,3
14,1,select_coverage,1.0,exact,cmar,e,0,1.0,1.0,1.0,1.0,0,,,,,,3
14,1,select_coverage,1.0,exact,top_k_avg,e,0,1.0,1.0,1.0,1.0,0,,,,,,3
14,1,select_coverage,1.0,exact,list,e,0,1.0,1.0,1.0,1.0,0,,,,,,3
14,1,select_coverage,2.0,DAC,list,e,0,0.9993846153846154,0.9994266055045872,0.9993813532640372,0.9987634714998996,1,,,,,,3
14,1,select_coverage,2.0,exact,majority,e,0,1.0,1.0,1.0,1.0,0,,,,,,3
14,1,select_coverage,2.0,exact,cmar,e,0,1.0,1.0,1.0,1.0,0,,,,,,3
14,1,select_coverage,2.0,exact,top_k_avg,e,0,1.0,1.0,1.0,1.0,0,,,,,,3
14,1,select_coverage,2.0,exact,list,e,0,1.0,1.0,1.0,1.0,0,,,,,,3
14,1,select_coverage,3.0,DAC,list,e,0,0.9993846153846154,0.9994266055045872,0.9993813532640372,0.9987634714998996,1,,,,,,3
14,1,select_coverage,3.0,exact,majority,e,0,1.0,1.0,1.0,1.0,0,,,,,,3
14,1,select_coverage,3.0,exact,cmar,e,0,1.0,1.0,1.0,1.0,0,,,,,,3
14,1,select_coverage,3.0,exact,top_k_avg,e,0,1.0,1.0,1.0,1.0,0,,,,,,3
14,1,select_coverage,3.0,exact,list,e,0,1.0,1.0,1.0,1.0,0,,,,,,3
14,1,select_coverage,4.0,DAC,list,e,0,0.9993846153846154,0.9994266055045872,0.9993813532640372,0.9987634714998996,1,,,,,,3
14,1,select_coverage,4.0,exact,majority,e,0,1.0,1.0,1.0,1.0,0,,,,,,3
14,1,select_coverage,4.0,exact,cmar,e,0,1.0,1.0,1.0,1.0,0,,,,,,3
14,1,select_coverage,4.0,exact,top_k_avg,e,0,1.0,1.0,1.0,1.0,0,,,,,,3
14,1,select_coverage,4.0,exact,list,e,0,1.0,1.0,1.0,1.0,0,,,,,,3
14,1,select_coverage_CBA_M1,,DAC,list,e,5,0.9993846153846154,0.9994266055045872,0.9993813532640372,0.9987634714998996,1,0.9963076923076924,0.9961065523837372,0.9962864159762574,0.9925850446503932,6.0,3
14,1,select_coverage_CBA_M1,,exact,majority,e,5,1.0,1.0,1.0,1.0,0,0.9969230769230768,0.99667994687915,0.9969050554823562,0.9938292088766876,5.0,3
14,1,select_coverage_CBA_M1,,exact,cmar,e,5,1.0,1.0,1.0,1.0,0,0.9969230769230768,0.99667994687915,0.9969050554823562,0.9938292088766876,5.0,3
14,1,select_coverage_CBA_M1,,exact,top_k_avg,e,5,1.0,1.0,1.0,1.0,0,0.9969230769230768,0.99667994687915,0.9969050554823562,0.9938292088766876,5.0,3
14,1,select_coverage_CBA_M1,,exact,list,e,5,1.0,1.0,1.0,1.0,0,0.9969230769230768,0.99667994687915,0.9969050554823562,0.9938292088766876,5.0,3
14,2,select_coverage,1.0,exact,majority,e,0,1.0,1.0,1.0,1.0,0,,,,,,3
14,2,select_coverage,1.0,exact,cmar,e,0,1.0,1.0,1.0,1.0,0,,,,,,3
14,2,select_coverage,1.0,exact,top_k_avg,e,0,1.0,1.0,1.0,1.0,0,,,,,,3
14,2,select_coverage,1.0,exact,list,e,0,1.0,1.0,1.0,1.0,0,,,,,,3
14,2,select_coverage,2.0,exact,majority,e,0,1.0,1.0,1.0,1.0,0,,,,,,3
14,2,select_coverage,2.0,exact,cmar,e,0,1.0,1.0,1.0,1.0,0,,,,,,3
14,2,select_coverage,2.0,exact,top_k_avg,e,0,1.0,1.0,1.0,1.0,0,,,,,,3
14,2,select_coverage,2.0,exact,list,e,0,1.0,1.0,1.0,1.0,0,,,,,,3
14,2,select_coverage,3.0,exact,majority,e,0,1.0,1.0,1.0,1.0,0,,,,,,3
14,2,select_coverage,3.0,exact,cmar,e,0,1.0,1.0,1.0,1.0,0,,,,,,3
14,2,select_coverage,3.0,exact,top_k_avg,e,0,1.0,1.0,1.0,1.0,0,,,,,,3
14,2,select_coverage,3.0,exact,list,e,0,1.0,1.0,1.0,1.0,0,,,,,,3
14,2,select_coverage,4.0,exact,majority,e,0,1.0,1.0,1.0,1.0,0,,,,,,3
14,2,select_coverage,4.0,exact,cmar,e,0,1.0,1.0,1.0,1.0,0,,,,,,3
14,2,select_coverage,4.0,exact,top_k_avg,e,0,1.0,1.0,1.0,1.0,0,,,,,,3
14,2,select_coverage,4.0,exact,list,e,0,1.0,1.0,1.0,1.0,0,,,,,,3
14,2,select_coverage_CBA_M1,,exact,majority,e,5,1.0,1.0,1.0,1.0,0,0.9969230769230768,0.99667994687915,0.9969050554823562,0.9938292088766876,5.0,3
14,2,select_coverage_CBA_M1,,exact,cmar,e,5,1.0,1.0,1.0,1.0,0,0.9969230769230768,0.99667994687915,0.9969050554823562,0.9938292088766876,5.0,3
14,2,select_coverage_CBA_M1,,exact,top_k_avg,e,5,1.0,1.0,1.0,1.0,0,0.9969230769230768,0.99667994687915,0.9969050554823562,0.9938292088766876,5.0,3
14,2,select_coverage_CBA_M1,,exact,list,e,5,1.0,1.0,1.0,1.0,0,0.9969230769230768,0.99667994687915,0.9969050554823562,0.9938292088766876,5.0,3
17,1,select_coverage,1.0,DAC,list,e,0,0.9975384615384616,0.9975786924939468,0.9975379683163036,0.9950880300522832,4,,,,,,3
17,1,select_coverage,1.0,exact,majority,e,0,1.0,1.0,1.0,1.0,0,,,,,,3
17,1,select_coverage,1.0,exact,cmar,e,0,1.0,1.0,1.0,1.0,0,,,,,,3
17,1,select_coverage,1.0,exact,top_k_avg,e,0,0.9963076923076924,0.9962453066332916,0.99630616896303,0.9926395262310964,6,,,,,,3
17,1,select_coverage,1.0,exact,list,e,0,1.0,1.0,1.0,1.0,0,,,,,,3
17,1,select_coverage,2.0,DAC,list,e,0,0.9975384615384616,0.9975786924939468,0.9975379683163036,0.9950880300522832,4,,,,,,3
17,1,select_coverage,2.0,exact,majority,e,0,1.0,1.0,1.0,1.0,0,,,,,,3
17,1,select_coverage,2.0,exact,cmar,e,0,1.0,1.0,1.0,1.0,0,,,,,,3
17,1,select_coverage,2.0,exact,top_k_avg,e,0,1.0,1.0,1.0,1.0,0,,,,,,3
17,1,select_coverage,2.0,exact,list,e,0,1.0,1.0,1.0,1.0,0,,,,,,3
17,1,select_coverage,3.0,DAC,list,e,0,0.9975384615384616,0.9975786924939468,0.9975379683163036,0.9950880300522832,4,,,,,,3
17,1,select_coverage,3.0,exact,majority,e,0,1.0,1.0,1.0,1.0,0,,,,,,3
17,1,select_coverage,3.0,exact,cmar,e,0,0.9987692307692309,0.9987893462469734,0.9987689393939394,0.9975409060806474,2,,,,,,3
17,1,select_coverage,3.0,exact,top_k_avg,e,0,1.0,1.0,1.0,1.0,0,,,,,,3
17,1,select_coverage,3.0,exact,list,e,0,1.0,1.0,1.0,1.0,0,,,,,,3
17,1,select_coverage,4.0,DAC,list,e,0,0.9975384615384616,0.9975786924939468,0.9975379683163036,0.9950880300522832,4,,,,,,3
17,1,select_coverage,4.0,exact,majority,e,0,1.0,1.0,1.0,1.0,0,,,,,,3
17,1,select_coverage,4.0,exact,cmar,e,0,0.9987692307692309,0.9987893462469734,0.9987689393939394,0.9975409060806474,2,,,,,,3
17,1,select_coverage,4.0,exact,top_k_avg,e,0,1.0,1.0,1.0,1.0,0,,,,,,3
17,1,select_coverage,4.0,exact,list,e,0,1.0,1.0,1.0,1.0,0,,,,,,3
17,1,select_coverage_CBA_M1,,DAC,list,e,4,0.9975384615384616,0.9975786924939468,0.9975379683163036,0.9950880300522832,4,0.9950769230769232,0.9950755635828078,0.9950755635828078,0.9901511271656156,8.0,3
17,1,select_coverage_CBA_M1,,exact,majority,e,4,1.0,1.0,1.0,1.0,0,0.9975384615384616,0.9974968710888612,0.99753756538711,0.995087228142845,4.0,3
17,1,select_coverage_CBA_M1,,exact,cmar,e,4,1.0,1.0,1.0,1.0,0,0.9975384615384616,0.9974968710888612,0.99753756538711,0.995087228142845,4.0,3
17,1,select_coverage_CBA_M1,,exact,top_k_avg,e,4,0.9963076923076924,0.9962453066332916,0.99630616896303,0.9926395262310964,6,0.9938461538461538,0.9937421777221528,0.9938429618043874,0.9877612776492108,10.0,3
17,1,select_coverage_CBA_M1,,exact,list,e,4,1.0,1.0,1.0,1.0,0,0.9975384615384616,0.9974968710888612,0.99753756538711,0.995087228142845,4.0,3
17,2,select_coverage,1.0,exact,majority,e,0,1.0,1.0,1.0,1.0,0,,,,,,3
17,2,select_coverage,1.0,exact,cmar,e,0,1.0,1.0,1.0,1.0,0,,,,,,3
17,2,select_coverage,1.0,exact,top_k_avg,e,0,0.9963076923076924,0.9962453066332916,0.99630616896303,0.9926395262310964,6,,,,,,3
17,2,select_coverage,1.0,exact,list,e,0,1.0,1.0,1.0,1.0,0,,,,,,3
17,2,select_coverage,2.0,exact,majority,e,0,1.0,1.0,1.0,1.0,0,,,,,,3
17,2,select_coverage,2.0,exact,cmar,e,0,1.0,1.0,1.0,1.0,0,,,,,,3
17,2,select_coverage,2.0,exact,top_k_avg,e,0,1.0,1.0,1.0,1.0,0,,,,,,3
17,2,select_coverage,2.0,exact,list,e,0,1.0,1.0,1.0,1.0,0,,,,,,3
17,2,select_coverage,3.0,exact,majority,e,0,1.0,1.0,1.0,1.0,0,,,,,,3
17,2,select_coverage,3.0,exact,cmar,e,0,0.9987692307692309,0.9987893462469734,0.9987689393939394,0.9975409060806474,2,,,,,,3
17,2,select_coverage,3.0,exact,top_k_avg,e,0,1.0,1.0,1.0,1.0,0,,,,,,3
17,2,select_coverage,3.0,exact,list,e,0,1.0,1.0,1.0,1.0,0,,,,,,3
17,2,select_coverage,4.0,exact,majority,e,0,1.0,1.0,1.0,1.0,0,,,,,,3
17,2,select_coverage,4.0,exact,cmar,e,0,0.9987692307692309,0.9987893462469734,0.9987689393939394,0.9975409060806474,2,,,,,,3
17,2,select_coverage,4.0,exact,top_k_avg,e,0,1.0,1.0,1.0,1.0,0,,,,,,3
17,2,select_coverage,4.0,exact,list,e,0,1.0,1.0,1.0,1.0,0,,,,,,3
17,2,select_coverage_CBA_M1,,exact,majority,e,4,1.0,1.0,1.0,1.0,0,0.9975384615384616,0.9974968710888612,0.99753756538711,0.995087228142845,4.0,3
17,2,select_coverage_CBA_M1,,exact,cmar,e,4,1.0,1.0,1.0,1.0,0,0.9975384615384616,0.9974968710888612,0.99753756538711,0.995087228142845,4.0,3
17,2,select_coverage_CBA_M1,,exact,top_k_avg,e,4,0.9963076923076924,0.9962453066332916,0.99630616896303,0.9926395262310964,6,0.9938461538461538,0.9937421777221528,0.9938429618043874,0.9877612776492108,10.0,3
17,2,select_coverage_CBA_M1,,exact,list,e,4,1.0,1.0,1.0,1.0,0,0.9975384615384616,0.9974968710888612,0.99753756538711,0.995087228142845,4.0,3
19,1,select_coverage,1.0,DAC,list,e,0,0.9993846153846154,0.9993781094527364,0.9993845398687498,0.998769836853814,1,,,,,,3
19,1,select_coverage,1.0,exact,majority,e,0,0.9987692307692309,0.9987690960544416,0.9987690960544416,0.9975381921088832,2,,,,,,3
19,1,select_coverage,1.0,exact,cmar,e,0,0.9993846153846154,0.9993781094527364,0.9993845398687498,0.998769836853814,1,,,,,,3
19,1,select_coverage,1.0,exact,top_k_avg,e,0,1.0,1.0,1.0,1.0,0,,,,,,3
19,1,select_coverage,1.0,exact,list,e,0,1.0,1.0,1.0,1.0,0,,,,,,3
19,1,select_coverage,2.0,DAC,list,e,0,0.9993846153846154,0.9993781094527364,0.9993845398687498,0.998769836853814,1,,,,,,3
19,1,select_coverage,2.0,exact,majority,e,0,0.9987692307692309,0.9987690960544416,0.9987690960544416,0.9975381921088832,2,,,,,,3
19,1,select_coverage,2.0,exact,cmar,e,0,0.9993846153846154,0.9993781094527364,0.9993845398687498,0.998769836853814,1,,,,,,3
19,1,select_coverage,2.0,exact,top_k_avg,e,0,1.0,1.0,1.0,1.0,0,,,,,,3
19,1,select_coverage,2.0,exact,list,e,0,1.0,1.0,1.0,1.0,0,,,,,,3
19,1,select_coverage,3.0,DAC,list,e,0,0.9993846153846154,0.9993781094527364,0.9993845398687498,0.998769836853814,1,,,,,,3
19,1,select_coverage,3.0,exact,majority,e,0,0.9993846153846154,0.9993909866017052,0.9993845557192952,0.998769868515932,1,,,,,,3
19,1,select_coverage,3.0,exact,cmar,e,0,0.9993846153846154,0.9993781094527364,0.9993845398687498,0.998769836853814,1,,,,,,3
19,1,select_coverage,3.0,exact,top_k_avg,e,0,1.0,1.0,1.0,1.0,0,,,,,,3
19,1,select_coverage,3.0,exact,list,e,0,1.0,1.0,1.0,1.0,0,,,,,,3
19,1,select_coverage,4.0,DAC,list,e,0,0.9993846153846154,0.9993781094527364,0.9993845398687498,0.998769836853814,1,,,,,,3
19,1,select_coverage,4.0,exact,majority,e,0,0.9993846153846154,0.9993781094527364,0.9993845398687498,0.998769836853814,1,,,,,,3
19,1,select_coverage,4.0,exact,cmar,e,0,0.9993846153846154,0.9993781094527364,0.9993845398687498,0.998769836853814,1,,,,,,3
19,1,select_coverage,4.0,exact,top_k_avg,e,0,1.0,1.0,1.0,1.0,0,,,,,,3
19,1,select_coverage,4.0,exact,list,e,0,1.0,1.0,1.0,1.0,0,,,,,,3
19,1,select_coverage_CBA_M1,,DAC,list,e,5,0.9993846153846154,0.9993781094527364,0.9993845398687498,0.998769836853814,1,0.9963076923076924,0.9962686567164178,0.9963069524744554,0.992641081763588,6.0,3
19,1,select_coverage_CBA_M1,,exact,majority,e,5,0.9993846153846154,0.9993781094527364,0.9993845398687498,0.998769836853814,1,0.9963076923076924,0.9962686567164178,0.9963069524744554,0.992641081763588,6.0,3
19,1,select_coverage_CBA_M1,,exact,cmar,e,5,0.9993846153846154,0.9993781094527364,0.9993845398687498,0.998769836853814,1,0.9963076923076924,0.9962686567164178,0.9963069524744554,0.992641081763588,6.0,3
19,1,select_coverage_CBA_M1,,exact,top_k_avg,e,5,1.0,1.0,1.0,1.0,0,0.9969230769230768,0.9968905472636816,0.9969225128506394,0.9938639094305018,5.0,3
19,1,select_coverage_CBA_M1,,exact,list,e,5,1.0,1.0,1.0,1.0,0,0.9969230769230768,0.9968905472636816,0.9969225128506394,0.9938639094305018,5.0,3
19,2,select_coverage,1.0,exact,majority,e,0,0.9987692307692309,0.9987690960544416,0.9987690960544416,0.9975381921088832,2,,,,,,3
19,2,select_coverage,1.0,exact,cmar,e,0,0.9993846153846154,0.9993781094527364,0.9993845398687498,0.998769836853814,1,,,,,,3
19,2,select_coverage,1.0,exact,top_k_avg,e,0,1.0,1.0,1.0,1.0,0,,,,,,3
19,2,select_coverage,1.0,exact,list,e,0,1.0,1.0,1.0,1.0,0,,,,,,3
19,2,select_coverage,2.0,exact,majority,e,0,0.9987692307692309,0.9987690960544416,0.9987690960544416,0.9975381921088832,2,,,,,,3
19,2,select_coverage,2.0,exact,cmar,e,0,0.9993846153846154,0.9993781094527364,0.9993845398687498,0.998769836853814,1,,,,,,3
19,2,select_coverage,2.0,exact,top_k_avg,e,0,1.0,1.0,1.0,1.0,0,,,,,,3
19,2,select_coverage,2.0,exact,list,e,0,1.0,1.0,1.0,1.0,0,,,,,,3
19,2,select_coverage,3.0,exact,majority,e,0,0.9993846153846154,0.9993909866017052,0.9993845557192952,0.998769868515932,1,,,,,,3
19,2,select_coverage,3.0,exact,cmar,e,0,0.9993846153846154,0.9993781094527364,0.9993845398687498,0.998769836853814,1,,,,,,3
19,2,select_coverage,3.0,exact,top_k_avg,e,0,1.0,1.0,1.0,1.0,0,,,,,,3
19,2,select_coverage,3.0,exact,list,e,0,1.0,1.0,1.0,1.0,0,,,,,,3
19,2,select_coverage,4.0,exact,majority,e,0,0.9993846153846154,0.9993781094527364,0.9993845398687498,0.998769836853814,1,,,,,,3
19,2,select_coverage,4.0,exact,cmar,e,0,0.9993846153846154,0.9993781094527364,0.9993845398687498,0.998769836853814,1,,,,,,3
19,2,select_coverage,4.0,exact,top_k_avg,e,0,1.0,1.0,1.0,1.0,0,,,,,,3
19,2,select_coverage,4.0,exact,list,e,0,1.0,1.0,1.0,1.0,0,,,,,,3
19,2,select_coverage_CBA_M1,,exact,majority,e,5,0.9993846153846154,0.9993781094527364,0.9993845398687498,0.998769836853814,1,0.9963076923076924,0.9962686567164178,0.9963069524744554,0.992641081763588,6.0,3
19,2,select_coverage_CBA_M1,,exact,cmar,e,5,0.9993846153846154,0.9993781094527364,0.9993845398687498,0.998769836853814,1,0.9963076923076924,0.9962686567164178,0.9963069524744554,0.992641081763588,6.0,3
19,2,select_coverage_CBA_M1,,exact,top_k_avg,e,5,1.0,1.0,1.0,1.0,0,0.9969230769230768,0.9968905472636816,0.9969225128506394,0.9938639094305018,5.0,3
19,2,select_coverage_CBA_M1,,exact,list,e,5,1.0,1.0,1.0,1.0,0,0.9969230769230768,0.9968905472636816,0.9969225128506394,0.9938639094305018,5.0,3
29,1,select_coverage,1.0,DAC,list,e,0,1.0,1.0,1.0,1.0,0,,,,,,3
29,1,select_coverage,1.0,exact,majority,e,0,1.0,1.0,1.0,1.0,0,,,,,,3
29,1,select_coverage,1.0,exact,cmar,e,0,1.0,1.0,1.0,1.0,0,,,,,,3
29,1,select_coverage,1.0,exact,top_k_avg,e,0,1.0,1.0,1.0,1.0,0,,,,,,3
29,1,select_coverage,1.0,exact,list,e,0,1.0,1.0,1.0,1.0,0,,,,,,3
29,1,select_coverage,2.0,DAC,list,e,0,1.0,1.0,1.0,1.0,0,,,,,,3
29,1,select_coverage,2.0,exact,majority,e,0,0.9993846153846154,0.9993887530562346,0.9993845920792268,0.9987699411463972,1,,,,,,3
29,1,select_coverage,2.0,exact,cmar,e,0,0.9987692307692309,0.9987775061124696,0.9987691930147728,0.9975414120766212,2,,,,,,3
29,1,select_coverage,2.0,exact,top_k_avg,e,0,1.0,1.0,1.0,1.0,0,,,,,,3
29,1,select_coverage,2.0,exact,list,e,0,1.0,1.0,1.0,1.0,0,,,,,,3
29,1,select_coverage,3.0,DAC,list,e,0,1.0,1.0,1.0,1.0,0,,,,,,3
29,1,select_coverage,3.0,exact,majority,e,0,0.9987692307692309,0.9987775061124696,0.9987691930147728,0.9975414120766212,2,,,,,,3
29,1,select_coverage,3.0,exact,cmar,e,0,0.9987692307692309,0.9987775061124696,0.9987691930147728,0.9975414120766212,2,,,,,,3
29,1,select_coverage,3.0,exact,top_k_avg,e,0,1.0,1.0,1.0,1.0,0,,,,,,3
29,1,select_coverage,3.0,exact,list,e,0,1.0,1.0,1.0,1.0,0,,,,,,3
29,1,select_coverage,4.0,DAC,list,e,0,0.9993846153846154,0.9993804213135068,0.9993845818242963,0.9987699206617496,1,,,,,,3
29,1,select_coverage,4.0,exact,majority,e,0,0.9987692307692309,0.9987775061124696,0.9987691930147728,0.9975414120766212,2,,,,,,3
29,1,select_coverage,4.0,exact,cmar,e,0,0.9987692307692309,0.9987775061124696,0.9987691930147728,0.9975414120766212,2,,,,,,3
29,1,select_coverage,4.0,exact,top_k_avg,e,0,1.0,1.0,1.0,1.0,0,,,,,,3
29,1,select_coverage,4.0,exact,list,e,0,1.0,1.0,1.0,1.0,0,,,,,,3
29,1,select_coverage_CBA_M1,,DAC,list,e,6,1.0,1.0,1.0,1.0,0,0.9963076923076924,0.9962825278810408,0.9963072881633248,0.9926417482191162,6.0,3
29,1,select_coverage_CBA_M1,,exact,majority,e,6,1.0,1.0,1.0,1.0,0,0.9963076923076924,0.9962825278810408,0.9963072881633248,0.9926417482191162,6.0,3
29,1,select_coverage_CBA_M1,,exact,cmar,e,6,1.0,1.0,1.0,1.0,0,0.9963076923076924,0.9962825278810408,0.9963072881633248,0.9926417482191162,6.0,3
29,1,select_coverage_CBA_M1,,exact,top_k_avg,e,6,1.0,1.0,1.0,1.0,0,0.9963076923076924,0.9962825278810408,0.9963072881633248,0.9926417482191162,6.0,3
29,1,select_coverage_CBA_M1,,exact,list,e,6,1.0,1.0,1.0,1.0,0,0.9963076923076924,0.9962825278810408,0.9963072881633248,0.9926417482191162,6.0,3
29,2,select_coverage,1.0,exact,majority,e,0,1.0,1.0,1.0,1.0,0,,,,,,3
29,2,select_coverage,1.0,exact,cmar,e,0,1.0,1.0,1.0,1.0,0,,,,,,3
29,2,select_coverage,1.0,exact,top_k_avg,e,0,1.0,1.0,1.0,1.0,0,,,,,,3
29,2,select_coverage,1.0,exact,list,e,0,1.0,1.0,1.0,1.0,0,,,,,,3
29,2,select_coverage,2.0,exact,majority,e,0,0.9993846153846154,0.9993887530562346,0.9993845920792268,0.9987699411463972,1,,,,,,3
29,2,select_coverage,2.0,exact,cmar,e,0,0.9987692307692309,0.9987775061124696,0.9987691930147728,0.9975414120766212,2,,,,,,3
29,2,select_coverage,2.0,exact,top_k_avg,e,0,1.0,1.0,1.0,1.0,0,,,,,,3
29,2,select_coverage,2.0,exact,list,e,0,1.0,1.0,1.0,1.0,0,,,,,,3
29,2,select_coverage,3.0,exact,majority,e,0,0.9987692307692309,0.9987775061124696,0.9987691930147728,0.9975414120766212,2,,,,,,3
29,2,select_coverage,3.0,exact,cmar,e,0,0.9987692307692309,0.9987775061124696,0.9987691930147728,0.9975414120766212,2,,,,,,3
29,2,select_coverage,3.0,exact,top_k_avg,e,0,1.0,1.0,1.0,1.0,0,,,,,,3
29,2,select_coverage,3.0,exact,list,e,0,1.0,1.0,1.0,1.0,0,,,,,,3
29,2,select_coverage,4.0,exact,majority,e,0,0.9987692307692309,0.9987775061124696,0.9987691930147728,0.9975414120766212,2,,,,,,3
29,2,select_coverage,4.0,exact,cmar,e,0,0.9987692307692309,0.9987775061124696,0.9987691930147728,0.9975414120766212,2,,,,,,3
29,2,select_coverage,4.0,exact,top_k_avg,e,0,1.0,1.0,1.0,1.0,0,,,,,,3
29,2,select_coverage,4.0,exact,list,e,0,1.0,1.0,1.0,1.0,0,,,,,,3
29,2,select_coverage_CBA_M1,,exact,majority,e,6,1.0,1.0,1.0,1.0,0,0.9963076923076924,0.9962825278810408,0.9963072881633248,0.9926417482191162,6.0,3
29,2,select_coverage_CBA_M1,,exact,cmar,e,6,1.0,1.0,1.0,1.0,0,0.9963076923076924,0.9962825278810408,0.9963072881633248,0.9926417482191162,6.0,3
29,2,select_coverage_CBA_M1,,exact,top_k_avg,e,6,1.0,1.0,1.0,1.0,0,0.9963076923076924,0.9962825278810408,0.9963072881633248,0.9926417482191162,6.0,3
29,2,select_coverage_CBA_M1,,exact,list,e,6,1.0,1.0,1.0,1.0,0,0.9963076923076924,0.9962825278810408,0.9963072881633248,0.9926417482191162,6.0,3
31,1,select_coverage,1.0,DAC,list,e,0,0.9987692307692309,0.998706338939198,0.9987661651349398,0.9975353712054932,2,,,,,,3
31,1,select_coverage,1.0,exact,majority,e,0,0.9987692307692309,0.998706338939198,0.9987661651349398,0.9975353712054932,2,,,,,,3
31,1,select_coverage,1.0,exact,cmar,e,0,0.9987692307692309,0.998706338939198,0.9987661651349398,0.9975353712054932,2,,,,,,3
31,1,select_coverage,1.0,exact,top_k_avg,e,0,0.9987692307692309,0.998706338939198,0.9987661651349398,0.9975353712054932,2,,,,,,3
31,1,select_coverage,1.0,exact,list,e,0,0.9987692307692309,0.998706338939198,0.9987661651349398,0.9975353712054932,2,,,,,,3
31,1,select_coverage,2.0,DAC,list,e,0,0.9987692307692309,0.998706338939198,0.9987661651349398,0.9975353712054932,2,,,,,,3
31,1,select_coverage,2.0,exact,majority,e,0,0.9993846153846154,0.999353169469599,0.999383120272566,0.9987670011559856,1,,,,,,3
31,1,select_coverage,2.0,exact,cmar,e,0,0.9987692307692309,0.998706338939198,0.9987661651349398,0.9975353712054932,2,,,,,,3
31,1,select_coverage,2.0,exact,top_k_avg,e,0,0.9987692307692309,0.998706338939198,0.9987661651349398,0.9975353712054932,2,,,,,,3
31,1,select_coverage,2.0,exact,list,e,0,0.9987692307692309,0.998706338939198,0.9987661651349398,0.9975353712054932,2,,,,,,3
31,1,select_coverage,3.0,DAC,list,e,0,0.9987692307692309,0.998706338939198,0.9987661651349398,0.9975353712054932,2,,,,,,3
31,1,select_coverage,3.0,exact,majority,e,0,0.9993846153846154,0.999413145539906,0.9993831942642,0.9987671489569144,1,,,,,,3
31,1,select_coverage,3.0,exact,cmar,e,0,0.9981538461538462,0.998119484479104,0.998149360817698,0.996299481304982,3,,,,,,3
31,1,select_coverage,3.0,exact,top_k_avg,e,0,0.9987692307692309,0.998706338939198,0.9987661651349398,0.9975353712054932,2,,,,,,3
31,1,select_coverage,3.0,exact,list,e,0,0.9987692307692309,0.998706338939198,0.9987661651349398,0.9975353712054932,2,,,,,,3
31,1,select_coverage,4.0,DAC,list,e,0,0.9987692307692309,0.998706338939198,0.9987661651349398,0.9975353712054932,2,,,,,,3
31,1,select_coverage,4.0,exact,majority,e,0,0.9993846153846154,0.999413145539906,0.9993831942642,0.9987671489569144,1,,,,,,3
31,1,select_coverage,4.0,exact,cmar,e,0,0.9981538461538462,0.998119484479104,0.998149360817698,0.996299481304982,3,,,,,,3
31,1,select_coverage,4.0,exact,top_k_avg,e,0,0.9987692307692309,0.998706338939198,0.9987661651349398,0.9975353712054932,2,,,,,,3
31,1,select_coverage,4.0,exact,list,e,0,0.9987692307692309,0.998706338939198,0.9987661651349398,0.9975353712054932,2,,,,,,3
31,1,select_coverage_CBA_M1,,DAC,list,e,2,0.9987692307692309,0.998706338939198,0.9987661651349398,0.9975353712054932,2,0.9975384615384616,0.9974126778783958,0.9975320229514272,0.9950761976557904,4.0,3
31,1,select_coverage_CBA_M1,,exact,majority,e,2,0.9987692307692309,0.998706338939198,0.9987661651349398,0.9975353712054932,2,0.9975384615384616,0.9974126778783958,0.9975320229514272,0.9950761976557904,4.0,3
31,1,select_coverage_CBA_M1,,exact,cmar,e,2,0.9987692307692309,0.998706338939198,0.9987661651349398,0.9975353712054932,2,0.9975384615384616,0.9974126778783958,0.9975320229514272,0.9950761976557904,4.0,3
31,1,select_coverage_CBA_M1,,exact,top_k_avg,e,2,0.9987692307692309,0.998706338939198,0.9987661651349398,0.9975353712054932,2,0.9975384615384616,0.9974126778783958,0.9975320229514272,0.9950761976557904,4.0,3
31,1,select_coverage_CBA_M1,,exact,list,e,2,0.9987692307692309,0.998706338939198,0.9987661651349398,0.9975353712054932,2,0.9975384615384616,0.9974126778783958,0.9975320229514272,0.9950761976557904,4.0,3
31,2,select_coverage,1.0,exact,majority,e,0,0.9987692307692309,0.998706338939198,0.9987661651349398,0.9975353712054932,2,,,,,,3
31,2,select_coverage,1.0,exact,cmar,e,0,0.9987692307692309,0.998706338939198,0.9987661651349398,0.9975353712054932,2,,,,,,3
31,2,select_coverage,1.0,exact,top_k_avg,e,0,0.9987692307692309,0.998706338939198,0.9987661651349398,0.9975353712054932,2,,,,,,3
31,2,select_coverage,1.0,exact,list,e,0,0.9987692307692309,0.998706338939198,0.9987661651349398,0.9975353712054932,2,,,,,,3
31,2,select_coverage,2.0,exact,majority,e,0,0.9993846153846154,0.999353169469599,0.999383120272566,0.9987670011559856,1,,,,,,3
31,2,select_coverage,2.0,exact,cmar,e,0,0.9987692307692309,0.998706338939198,0.9987661651349398,0.9975353712054932,2,,,,,,3
31,2,select_coverage,2.0,exact,top_k_avg,e,0,0.9987692307692309,0.998706338939198,0.9987661651349398,0.9975353712054932,2,,,,,,3
31,2,select_coverage,2.0,exact,list,e,0,0.9987692307692309,0.998706338939198,0.9987661651349398,0.9975353712054932,2,,,,,,3
31,2,select_coverage,3.0,exact,majority,e,0,0.9993846153846154,0.999413145539906,0.9993831942642,0.9987671489569144,1,,,,,,3
31,2,select_coverage,3.0,exact,cmar,e,0,0.9981538461538462,0.998119484479104,0.998149360817698,0.996299481304982,3,,,,,,3
31,2,select_coverage,3.0,exact,top_k_avg,e,0,0.9987692307692309,0.998706338939198,0.9987661651349398,0.9975353712054932,2,,,,,,3
31,2,select_coverage,3.0,exact,list,e,0,0.9987692307692309,0.998706338939198,0.9987661651349398,0.9975353712054932,2,,,,,,3
31,2,select_coverage,4.0,exact,majority,e,0,0.9993846153846154,0.999413145539906,0.9993831942642,0.9987671489569144,1,,,,,,3
31,2,select_coverage,4.0,exact,cmar,e,0,0.9981538461538462,0.998119484479104,0.998149360817698,0.996299481304982,3,,,,,,3
31,2,select_coverage,4.0,exact,top_k_avg,e,0,0.9987692307692309,0.998706338939198,0.9987661651349398,0.9975353712054932,2,,,,,,3
31,2,select_coverage,4.0,exact,list,e,0,0.9987692307692309,0.998706338939198,0.9987661651349398,0.9975353712054932,2,,,,,,3
31,2,select_coverage_CBA_M1,,exact,majority,e,2,0.9987692307692309,0.998706338939198,0.9987661651349398,0.9975353712054932,2,0.9975384615384616,0.9974126778783958,0.9975320229514272,0.9950761976557904,4.0,3
31,2,select_coverage_CBA_M1,,exact,cmar,e,2,0.9987692307692309,0.998706338939198,0.9987661651349398,0.9975353712054932,2,0.9975384615384616,0.9974126778783958,0.9975320229514272,0.9950761976557904,4.0,3
31,2,select_coverage_CBA_M1,,exact,top_k_avg,e,2,0.9987692307692309,0.998706338939198,0.9987661651349398,0.9975353712054932,2,0.9975384615384616,0.9974126778783958,0.9975320229514272,0.9950761976557904,4.0,3
31,2,select_coverage_CBA_M1,,exact,list,e,2,0.9987692307692309,0.998706338939198,0.9987661651349398,0.9975353712054932,2,0.9975384615384616,0.9974126778783958,0.9975320229514272,0.9950761976557904,4.0,3
34,1,select_coverage,1.0,DAC,list,e,0,0.9993846153846154,0.9993662864385298,0.999384077979897,0.998768914212232,1,,,,,,3
34,1,select_coverage,1.0,exact,majority,e,0,0.9993846153846154,0.999401913875598,0.9993841218657962,0.998769001876046,1,,,,,,3
34,1,select_coverage,1.0,exact,cmar,e,0,0.9987692307692309,0.9987682003141278,0.9987682003141278,0.9975364006282558,2,,,,,,3
34,1,select_coverage,1.0,exact,top_k_avg,e,0,1.0,1.0,1.0,1.0,0,,,,,,3
34,1,select_coverage,1.0,exact,list,e,0,1.0,1.0,1.0,1.0,0,,,,,,3
34,1,select_coverage,2.0,DAC,list,e,0,0.9993846153846154,0.9993662864385298,0.999384077979897,0.998768914212232,1,,,,,,3
34,1,select_coverage,2.0,exact,majority,e,0,0.9993846153846154,0.999401913875598,0.9993841218657962,0.998769001876046,1,,,,,,3
34,1,select_coverage,2.0,exact,cmar,e,0,0.9987692307692309,0.9987682003141278,0.9987682003141278,0.9975364006282558,2,,,,,,3
34,1,select_coverage,2.0,exact,top_k_avg,e,0,0.9993846153846154,0.9993662864385298,0.999384077979897,0.998768914212232,1,,,,,,3
34,1,select_coverage,2.0,exact,list,e,0,1.0,1.0,1.0,1.0,0,,,,,,3
34,1,select_coverage,3.0,DAC,list,e,0,0.9987692307692309,0.9987325728770596,0.998768110668389,0.9975392527017272,2,,,,,,3
34,1,select_coverage,3.0,exact,majority,e,0,0.9993846153846154,0.999401913875598,0.9993841218657962,0.998769001876046,1,,,,,,3
34,1,select_coverage,3.0,exact,cmar,e,0,0.9993846153846154,0.999401913875598,0.9993841218657962,0.998769001876046,1,,,,,,3
34,1,select_coverage,3.0,exact,top_k_avg,e,0,0.9975384615384616,0.9974651457541192,0.99753603454707,0.9950841814717698,4,,,,,,3
34,1,select_coverage,3.0,exact,list,e,0,1.0,1.0,1.0,1.0,0,,,,,,3
34,1,select_coverage,4.0,DAC,list,e,0,0.9987692307692309,0.9987325728770596,0.998768110668389,0.9975392527017272,2,,,,,,3
34,1,select_coverage,4.0,exact,majority,e,0,0.9993846153846154,0.999401913875598,0.9993841218657962,0.998769001876046,1,,,,,,3
34,1,select_coverage,4.0,exact,cmar,e,0,0.9981538461538462,0.9982057416267942,0.9981524916350506,0.9963117972463106,3,,,,,,3
34,1,select_coverage,4.0,exact,top_k_avg,e,0,0.9993846153846154,0.9993662864385298,0.999384077979897,0.998768914212232,1,,,,,,3
34,1,select_coverage,4.0,exact,list,e,0,1.0,1.0,1.0,1.0,0,,,,,,3
34,1,select_coverage_CBA_M1,,DAC,list,e,14,0.9993846153846154,0.9993662864385298,0.999384077979897,0.998768914212232,1,0.9907692307692308,0.9904942965779469,0.9907557738014648,0.9816808913083525,15.0,3
34,1,select_coverage_CBA_M1,,exact,majority,e,14,1.0,1.0,1.0,1.0,0,0.9913846153846154,0.991128010139417,0.9913724580037802,0.982892509803174,14.0,3
34,1,select_coverage_CBA_M1,,exact,cmar,e,14,0.9993846153846154,0.9993662864385298,0.999384077979897,0.998768914212232,1,0.9907692307692308,0.9904942965779469,0.9907557738014648,0.9816808913083525,15.0,3
34,1,select_coverage_CBA_M1,,exact,top_k_avg,e,14,1.0,1.0,1.0,1.0,0,0.9913846153846154,0.991128010139417,0.9913724580037802,0.982892509803174,14.0,3
34,1,select_coverage_CBA_M1,,exact,list,e,14,1.0,1.0,1.0,1.0,0,0.9913846153846154,0.991128010139417,0.9913724580037802,0.982892509803174,14.0,3
34,2,select_coverage,1.0,exact,majority,e,0,0.9993846153846154,0.999401913875598,0.9993841218657962,0.998769001876046,1,,,,,,3
34,2,select_coverage,1.0,exact,cmar,e,0,0.9987692307692309,0.9987682003141278,0.9987682003141278,0.9975364006282558,2,,,,,,3
34,2,select_coverage,1.0,exact,top_k_avg,e,0,1.0,1.0,1.0,1.0,0,,,,,,3
34,2,select_coverage,1.0,exact,list,e,0,1.0,1.0,1.0,1.0,0,,,,,,3
34,2,select_coverage,2.0,exact,majority,e,0,0.9993846153846154,0.999401913875598,0.9993841218657962,0.998769001876046,1,,,,,,3
34,2,select_coverage,2.0,exact,cmar,e,0,0.9987692307692309,0.9987682003141278,0.9987682003141278,0.9975364006282558,2,,,,,,3
34,2,select_coverage,2.0,exact,top_k_avg,e,0,0.9993846153846154,0.9993662864385298,0.999384077979897,0.998768914212232,1,,,,,,3
34,2,select_coverage,2.0,exact,list,e,0,1.0,1.0,1.0,1.0,0,,,,,,3
34,2,select_coverage,3.0,exact,majority,e,0,0.9993846153846154,0.999401913875598,0.9993841218657962,0.998769001876046,1,,,,,,3
34,2,select_coverage,3.0,exact,cmar,e,0,0.9993846153846154,0.999401913875598,0.9993841218657962,0.998769001876046,1,,,,,,3
34,2,select_coverage,3.0,exact,top_k_avg,e,0,0.9975384615384616,0.9974651457541192,0.99753603454707,0.9950841814717698,4,,,,,,3
34,2,select_coverage,3.0,exact,list,e,0,1.0,1.0,1.0,1.0,0,,,,,,3
34,2,select_coverage,4.0,exact,majority,e,0,0.9993846153846154,0.999401913875598,0.9993841218657962,0.998769001876046,1,,,,,,3
34,2,select_coverage,4.0,exact,cmar,e,0,0.9981538461538462,0.9982057416267942,0.9981524916350506,0.9963117972463106,3,,,,,,3
34,2,select_coverage,4.0,exact,top_k_avg,e,0,0.9993846153846154,0.9993662864385298,0.999384077979897,0.998768914212232,1,,,,,,3
34,2,select_coverage,4.0,exact,list,e,0,1.0,1.0,1.0,1.0,0,,,,,,3
34,2,select_coverage_CBA_M1,,exact,majority,e,6,1.0,1.0,1.0,1.0,0,0.9963076923076924,0.9961977186311788,0.99630376038359,0.992634744409635,6.0,3
34,2,select_coverage_CBA_M1,,exact,cmar,e,6,0.9993846153846154,0.9993662864385298,0.999384077979897,0.998768914212232,1,0.9956923076923077,0.9955640050697084,0.99568754551772,0.9914121256761916,7.0,3
34,2,select_coverage_CBA_M1,,exact,top_k_avg,e,6,1.0,1.0,1.0,1.0,0,0.9963076923076924,0.9961977186311788,0.99630376038359,0.992634744409635,6.0,3
34,2,select_coverage_CBA_M1,,exact,list,e,6,1.0,1.0,1.0,1.0,0,0.9963076923076924,0.9961977186311788,0.99630376038359,0.992634744409635,6.0,3
42,1,select_coverage,1.0,DAC,list,e,0,1.0,1.0,1.0,1.0,0,,,,,,3
42,1,select_coverage,1.0,exact,majority,e,0,1.0,1.0,1.0,1.0,0,,,,,,3
42,1,select_coverage,1.0,exact,cmar,e,0,1.0,1.0,1.0,1.0,0,,,,,,3
42,1,select_coverage,1.0,exact,top_k_avg,e,0,1.0,1.0,1.0,1.0,0,,,,,,3
42,1,select_coverage,1.0,exact,list,e,0,1.0,1.0,1.0,1.0,0,,,,,,3
42,1,select_coverage,2.0,DAC,list,e,0,1.0,1.0,1.0,1.0,0,,,,,,3
42,1,select_coverage,2.0,exact,majority,e,0,1.0,1.0,1.0,1.0,0,,,,,,3
42,1,select_coverage,2.0,exact,cmar,e,0,1.0,1.0,1.0,1.0,0,,,,,,3
42,1,select_coverage,2.0,exact,top_k_avg,e,0,1.0,1.0,1.0,1.0,0,,,,,,3
42,1,select_coverage,2.0,exact,list,e,0,1.0,1.0,1.0,1.0,0,,,,,,3
42,1,select_coverage,3.0,DAC,list,e,0,1.0,1.0,1.0,1.0,0,,,,,,3
42,1,select_coverage,3.0,exact,majority,e,0,1.0,1.0,1.0,1.0,0,,,,,,3
42,1,select_coverage,3.0,exact,cmar,e,0,1.0,1.0,1.0,1.0,0,,,,,,3
42,1,select_coverage,3.0,exact,top_k_avg,e,0,1.0,1.0,1.0,1.0,0,,,,,,3
42,1,select_coverage,3.0,exact,list,e,0,1.0,1.0,1.0,1.0,0,,,,,,3
42,1,select_coverage,4.0,DAC,list,e,0,1.0,1.0,1.0,1.0,0,,,,,,3
42,1,select_coverage,4.0,exact,majority,e,0,1.0,1.0,1.0,1.0,0,,,,,,3
42,1,select_coverage,4.0,exact,cmar,e,0,1.0,1.0,1.0,1.0,0,,,,,,3
42,1,select_coverage,4.0,exact,top_k_avg,e,0,1.0,1.0,1.0,1.0,0,,,,,,3
42,1,select_coverage,4.0,exact,list,e,0,1.0,1.0,1.0,1.0,0,,,,,,3
42,1,select_coverage_CBA_M1,,DAC,list,e,5,1.0,1.0,1.0,1.0,0,0.9969230769230768,0.9968030690537084,0.9969179928148456,0.9938549246996304,5.0,3
42,1,select_coverage_CBA_M1,,exact,majority,e,5,1.0,1.0,1.0,1.0,0,0.9969230769230768,0.9968030690537084,0.9969179928148456,0.9938549246996304,5.0,3
42,1,select_coverage_CBA_M1,,exact,cmar,e,5,1.0,1.0,1.0,1.0,0,0.9969230769230768,0.9968030690537084,0.9969179928148456,0.9938549246996304,5.0,3
42,1,select_coverage_CBA_M1,,exact,top_k_avg,e,5,1.0,1.0,1.0,1.0,0,0.9969230769230768,0.9968030690537084,0.9969179928148456,0.9938549246996304,5.0,3
42,1,select_coverage_CBA_M1,,exact,list,e,5,1.0,1.0,1.0,1.0,0,0.9969230769230768,0.9968030690537084,0.9969179928148456,0.9938549246996304,5.0,3
42,2,select_coverage,1.0,exact,majority,e,0,1.0,1.0,1.0,1.0,0,,,,,,3
42,2,select_coverage,1.0,exact,cmar,e,0,1.0,1.0,1.0,1.0,0,,,,,,3
42,2,select_coverage,1.0,exact,top_k_avg,e,0,1.0,1.0,1.0,1.0,0,,,,,,3
42,2,select_coverage,1.0,exact,list,e,0,1.0,1.0,1.0,1.0,0,,,,,,3
42,2,select_coverage,2.0,exact,majority,e,0,1.0,1.0,1.0,1.0,0,,,,,,3
42,2,select_coverage,2.0,exact,cmar,e,0,1.0,1.0,1.0,1.0,0,,,,,,3
42,2,select_coverage,2.0,exact,top_k_avg,e,0,1.0,1.0,1.0,1.0,0,,,,,,3
42,2,select_coverage,2.0,exact,list,e,0,1.0,1.0,1.0,1.0,0,,,,,,3
42,2,select_coverage,3.0,exact,majority,e,0,1.0,1.0,1.0,1.0,0,,,,,,3
42,2,select_coverage,3.0,exact,cmar,e,0,1.0,1.0,1.0,1.0,0,,,,,,3
42,2,select_coverage,3.0,exact,top_k_avg,e,0,1.0,1.0,1.0,1.0,0,,,,,,3
42,2,select_coverage,3.0,exact,list,e,0,1.0,1.0,1.0,1.0,0,,,,,,3
42,2,select_coverage,4.0,exact,majority,e,0,1.0,1.0,1.0,1.0,0,,,,,,3
42,2,select_coverage,4.0,exact,cmar,e,0,1.0,1.0,1.0,1.0,0,,,,,,3
42,2,select_coverage,4.0,exact,top_k_avg,e,0,1.0,1.0,1.0,1.0,0,,,,,,3
42,2,select_coverage,4.0,exact,list,e,0,1.0,1.0,1.0,1.0,0,,,,,,3
42,2,select_coverage_CBA_M1,,exact,majority,e,5,1.0,1.0,1.0,1.0,0,0.9969230769230768,0.9968030690537084,0.9969179928148456,0.9938549246996304,5.0,3
42,2,select_coverage_CBA_M1,,exact,cmar,e,5,1.0,1.0,1.0,1.0,0,0.9969230769230768,0.9968030690537084,0.9969179928148456,0.9938549246996304,5.0,3
42,2,select_coverage_CBA_M1,,exact,top_k_avg,e,5,1.0,1.0,1.0,1.0,0,0.9969230769230768,0.9968030690537084,0.9969179928148456,0.9938549246996304,5.0,3
42,2,select_coverage_CBA_M1,,exact,list,e,5,1.0,1.0,1.0,1.0,0,0.9969230769230768,0.9968030690537084,0.9969179928148456,0.9938549246996304,5.0,3
49,1,select_coverage,1.0,DAC,list,e,0,1.0,1.0,1.0,1.0,0,,,,,,3
49,1,select_coverage,1.0,exact,majority,e,0,1.0,1.0,1.0,1.0,0,,,,,,3
49,1,select_coverage,1.0,exact,cmar,e,0,1.0,1.0,1.0,1.0,0,,,,,,3
49,1,select_coverage,1.0,exact,top_k_avg,e,0,1.0,1.0,1.0,1.0,0,,,,,,3
49,1,select_coverage,1.0,exact,list,e,0,1.0,1.0,1.0,1.0,0,,,,,,3
49,1,select_coverage,2.0,DAC,list,e,0,1.0,1.0,1.0,1.0,0,,,,,,3
49,1,select_coverage,2.0,exact,majority,e,0,1.0,1.0,1.0,1.0,0,,,,,,3
49,1,select_coverage,2.0,exact,cmar,e,0,1.0,1.0,1.0,1.0,0,,,,,,3
49,1,select_coverage,2.0,exact,top_k_avg,e,0,1.0,1.0,1.0,1.0,0,,,,,,3
49,1,select_coverage,2.0,exact,list,e,0,1.0,1.0,1.0,1.0,0,,,,,,3
49,1,select_coverage,3.0,DAC,list,e,0,0.9993846153846154,0.9993880048959608,0.99938460046937,0.9987699579060558,1,,,,,,3
49,1,select_coverage,3.0,exact,majority,e,0,1.0,1.0,1.0,1.0,0,,,,,,3
49,1,select_coverage,3.0,exact,cmar,e,0,1.0,1.0,1.0,1.0,0,,,,,,3
49,1,select_coverage,3.0,exact,top_k_avg,e,0,1.0,1.0,1.0,1.0,0,,,,,,3
49,1,select_coverage,3.0,exact,list,e,0,1.0,1.0,1.0,1.0,0,,,,,,3
49,1,select_coverage,4.0,DAC,list,e,0,0.9993846153846154,0.9993880048959608,0.99938460046937,0.9987699579060558,1,,,,,,3
49,1,select_coverage,4.0,exact,majority,e,0,1.0,1.0,1.0,1.0,0,,,,,,3
49,1,select_coverage,4.0,exact,cmar,e,0,1.0,1.0,1.0,1.0,0,,,,,,3
49,1,select_coverage,4.0,exact,top_k_avg,e,0,1.0,1.0,1.0,1.0,0,,,,,,3
49,1,select_coverage,4.0,exact,list,e,0,1.0,1.0,1.0,1.0,0,,,,,,3
49,1,select_coverage_CBA_M1,,DAC,list,e,11,1.0,1.0,1.0,1.0,0,0.9932307692307693,0.9932680538555692,0.993230758976771,0.9865525470030932,11.0,3
49,1,select_coverage_CBA_M1,,exact,majority,e,11,1.0,1.0,1.0,1.0,0,0.9932307692307693,0.9932680538555692,0.993230758976771,0.9865525470030932,11.0,3
49,1,select_coverage_CBA_M1,,exact,cmar,e,11,1.0,1.0,1.0,1.0,0,0.9932307692307693,0.9932680538555692,0.993230758976771,0.9865525470030932,11.0,3
49,1,select_coverage_CBA_M1,,exact,top_k_avg,e,11,1.0,1.0,1.0,1.0,0,0.9932307692307693,0.9932680538555692,0.993230758976771,0.9865525470030932,11.0,3
49,1,select_coverage_CBA_M1,,exact,list,e,11,1.0,1.0,1.0,1.0,0,0.9932307692307693,0.9932680538555692,0.993230758976771,0.9865525470030932,11.0,3
49,2,select_coverage,1.0,exact,majority,e,0,1.0,1.0,1.0,1.0,0,,,,,,3
49,2,select_coverage,1.0,exact,cmar,e,0,1.0,1.0,1.0,1.0,0,,,,,,3
49,2,select_coverage,1.0,exact,top_k_avg,e,0,1.0,1.0,1.0,1.0,0,,,,,,3
49,2,select_coverage,1.0,exact,list,e,0,1.0,1.0,1.0,1.0,0,,,,,,3
49,2,select_coverage,2.0,exact,majority,e,0,1.0,1.0,1.0,1.0,0,,,,,,3
49,2,select_coverage,2.0,exact,cmar,e,0,1.0,1.0,1.0,1.0,0,,,,,,3
49,2,select_coverage,2.0,exact,top_k_avg,e,0,1.0,1.0,1.0,1.0,0,,,,,,3
49,2,select_coverage,2.0,exact,list,e,0,1.0,1.0,1.0,1.0,0,,,,,,3
49,2,select_coverage,3.0,exact,majority,e,0,1.0,1.0,1.0,1.0,0,,,,,,3
49,2,select_coverage,3.0,exact,cmar,e,0,1.0,1.0,1.0,1.0,0,,,,,,3
49,2,select_coverage,3.0,exact,top_k_avg,e,0,1.0,1.0,1.0,1.0,0,,,,,,3
49,2,select_coverage,3.0,exact,list,e,0,1.0,1.0,1.0,1.0,0,,,,,,3
49,2,select_coverage,4.0,exact,majority,e,0,1.0,1.0,1.0,1.0,0,,,,,,3
49,2,select_coverage,4.0,exact,cmar,e,0,1.0,1.0,1.0,1.0,0,,,,,,3
49,2,select_coverage,4.0,exact,top_k_avg,e,0,1.0,1.0,1.0,1.0,0,,,,,,3
49,2,select_coverage,4.0,exact,list,e,0,1.0,1.0,1.0,1.0,0,,,,,,3
49,2,select_coverage_CBA_M1,,exact,majority,e,7,1.0,1.0,1.0,1.0,0,0.9956923076923077,0.9957160342717258,0.995692301167036,0.9914215556883808,7.0,3
49,2,select_coverage_CBA_M1,,exact,cmar,e,7,1.0,1.0,1.0,1.0,0,0.9956923076923077,0.9957160342717258,0.995692301167036,0.9914215556883808,7.0,3
49,2,select_coverage_CBA_M1,,exact,top_k_avg,e,7,1.0,1.0,1.0,1.0,0,0.9956923076923077,0.9957160342717258,0.995692301167036,0.9914215556883808,7.0,3
49,2,select_coverage_CBA_M1,,exact,list,e,7,1.0,1.0,1.0,1.0,0,0.9956923076923077,0.9957160342717258,0.995692301167036,0.9914215556883808,7.0,3
63,1,select_coverage,1.0,DAC,list,e,0,1.0,1.0,1.0,1.0,0,,,,,,3
63,1,select_coverage,1.0,exact,majority,e,0,1.0,1.0,1.0,1.0,0,,,,,,3
63,1,select_coverage,1.0,exact,cmar,e,0,1.0,1.0,1.0,1.0,0,,,,,,3
63,1,select_coverage,1.0,exact,top_k_avg,e,0,1.0,1.0,1.0,1.0,0,,,,,,3
63,1,select_coverage,1.0,exact,list,e,0,1.0,1.0,1.0,1.0,0,,,,,,3
63,1,select_coverage,2.0,DAC,list,e,0,1.0,1.0,1.0,1.0,0,,,,,,3
63,1,select_coverage,2.0,exact,majority,e,0,1.0,1.0,1.0,1.0,0,,,,,,3
63,1,select_coverage,2.0,exact,cmar,e,0,1.0,1.0,1.0,1.0,0,,,,,,3
63,1,select_coverage,2.0,exact,top_k_avg,e,0,1.0,1.0,1.0,1.0,0,,,,,,3
63,1,select_coverage,2.0,exact,list,e,0,1.0,1.0,1.0,1.0,0,,,,,,3
63,1,select_coverage,3.0,DAC,list,e,0,1.0,1.0,1.0,1.0,0,,,,,,3
63,1,select_coverage,3.0,exact,majority,e,0,1.0,1.0,1.0,1.0,0,,,,,,3
63,1,select_coverage,3.0,exact,cmar,e,0,0.9993846153846154,0.9993990384615384,0.9993842786834248,0.998769315125506,1,,,,,,3
63,1,select_coverage,3.0,exact,top_k_avg,e,0,0.9981538461538462,0.9981084489281212,0.9981526120549736,0.9963120371995586,3,,,,,,3
63,1,select_coverage,3.0,exact,list,e,0,1.0,1.0,1.0,1.0,0,,,,,,3
63,1,select_coverage,4.0,DAC,list,e,0,0.9993846153846154,0.9993990384615384,0.9993842786834248,0.998769315125506,1,,,,,,3
63,1,select_coverage,4.0,exact,majority,e,0,1.0,1.0,1.0,1.0,0,,,,,,3
63,1,select_coverage,4.0,exact,cmar,e,0,0.9993846153846154,0.9993990384615384,0.9993842786834248,0.998769315125506,1,,,,,,3
63,1,select_coverage,4.0,exact,top_k_avg,e,0,1.0,1.0,1.0,1.0,0,,,,,,3
63,1,select_coverage,4.0,exact,list,e,0,1.0,1.0,1.0,1.0,0,,,,,,3
63,1,select_coverage_CBA_M1,,DAC,list,e,3,1.0,1.0,1.0,1.0,0,0.9981538461538462,0.9981084489281212,0.9981526120549736,0.9963120371995586,3.0,3
63,1,select_coverage_CBA_M1,,exact,majority,e,3,1.0,1.0,1.0,1.0,0,0.9981538461538462,0.9981084489281212,0.9981526120549736,0.9963120371995586,3.0,3
63,1,select_coverage_CBA_M1,,exact,cmar,e,3,1.0,1.0,1.0,1.0,0,0.9981538461538462,0.9981084489281212,0.9981526120549736,0.9963120371995586,3.0,3
63,1,select_coverage_CBA_M1,,exact,top_k_avg,e,3,1.0,1.0,1.0,1.0,0,0.9981538461538462,0.9981084489281212,0.9981526120549736,0.9963120371995586,3.0,3
63,1,select_coverage_CBA_M1,,exact,list,e,3,1.0,1.0,1.0,1.0,0,0.9981538461538462,0.9981084489281212,0.9981526120549736,0.9963120371995586,3.0,3
63,2,select_coverage,1.0,exact,majority,e,0,1.0,1.0,1.0,1.0,0,,,,,,3
63,2,select_coverage,1.0,exact,cmar,e,0,1.0,1.0,1.0,1.0,0,,,,,,3
63,2,select_coverage,1.0,exact,top_k_avg,e,0,1.0,1.0,1.0,1.0,0,,,,,,3
63,2,select_coverage,1.0,exact,list,e,0,1.0,1.0,1.0,1.0,0,,,,,,3
63,2,select_coverage,2.0,exact,majority,e,0,1.0,1.0,1.0,1.0,0,,,,,,3
63,2,select_coverage,2.0,exact,cmar,e,0,1.0,1.0,1.0,1.0,0,,,,,,3
63,2,select_coverage,2.0,exact,top_k_avg,e,0,1.0,1.0,1.0,1.0,0,,,,,,3
63,2,select_coverage,2.0,exact,list,e,0,1.0,1.0,1.0,1.0,0,,,,,,3
63,2,select_coverage,3.0,exact,majority,e,0,1.0,1.0,1.0,1.0,0,,,,,,3
63,2,select_coverage,3.0,exact,cmar,e,0,0.9993846153846154,0.9993990384615384,0.9993842786834248,0.998769315125506,1,,,,,,3
63,2,select_coverage,3.0,exact,top_k_avg,e,0,0.9981538461538462,0.9981084489281212,0.9981526120549736,0.9963120371995586,3,,,,,,3
63,2,select_coverage,3.0,exact,list,e,0,1.0,1.0,1.0,1.0,0,,,,,,3
63,2,select_coverage,4.0,exact,majority,e,0,1.0,1.0,1.0,1.0,0,,,,,,3
63,2,select_coverage,4.0,exact,cmar,e,0,0.9993846153846154,0.9993990384615384,0.9993842786834248,0.998769315125506,1,,,,,,3
63,2,select_coverage,4.0,exact,top_k_avg,e,0,1.0,1.0,1.0,1.0,0,,,,,,3
63,2,select_coverage,4.0,exact,list,e,0,1.0,1.0,1.0,1.0,0,,,,,,3
63,2,select_coverage_CBA_M1,,exact,majority,e,3,1.0,1.0,1.0,1.0,0,0.9981538461538462,0.9981084489281212,0.9981526120549736,0.9963120371995586,3.0,3
63,2,select_coverage_CBA_M1,,exact,cmar,e,3,1.0,1.0,1.0,1.0,0,0.9981538461538462,0.9981084489281212,0.9981526120549736,0.9963120371995586,3.0,3
63,2,select_coverage_CBA_M1,,exact,top_k_avg,e,3,1.0,1.0,1.0,1.0,0,0.9981538461538462,0.9981084489281212,0.9981526120549736,0.9963120371995586,3.0,3
63,2,select_coverage_CBA_M1,,exact,list,e,3,1.0,1.0,1.0,1.0,0,0.9981538461538462,0.9981084489281212,0.9981526120549736,0.9963120371995586,3.0,3
64,1,select_coverage,1.0,DAC,list,e,0,0.9993846153846154,0.9993506493506494,0.9993828869422294,0.9987665350704577,1,,,,,,3
64,1,select_coverage,1.0,exact,majority,e,0,1.0,1.0,1.0,1.0,0,,,,,,3
64,1,select_coverage,1.0,exact,cmar,e,0,0.9993846153846154,0.9993506493506494,0.9993828869422294,0.9987665350704577,1,,,,,,3
64,1,select_coverage,1.0,exact,top_k_avg,e,0,1.0,1.0,1.0,1.0,0,,,,,,3
64,1,select_coverage,1.0,exact,list,e,0,1.0,1.0,1.0,1.0,0,,,,,,3
64,1,select_coverage,2.0,DAC,list,e,0,0.9993846153846154,0.9993506493506494,0.9993828869422294,0.9987665350704577,1,,,,,,3
64,1,select_coverage,2.0,exact,majority,e,0,1.0,1.0,1.0,1.0,0,,,,,,3
64,1,select_coverage,2.0,exact,cmar,e,0,0.9993846153846154,0.9993506493506494,0.9993828869422294,0.9987665350704577,1,,,,,,3
64,1,select_coverage,2.0,exact,top_k_avg,e,0,0.9993846153846154,0.9993506493506494,0.9993828869422294,0.9987665350704577,1,,,,,,3
64,1,select_coverage,2.0,exact,list,e,0,1.0,1.0,1.0,1.0,0,,,,,,3
64,1,select_coverage,3.0,DAC,list,e,0,0.9993846153846154,0.9993506493506494,0.9993828869422294,0.9987665350704577,1,,,,,,3
64,1,select_coverage,3.0,exact,majority,e,0,0.9993846153846154,0.9994152046783626,0.999382966612988,0.9987666942155664,1,,,,,,3
64,1,select_coverage,3.0,exact,cmar,e,0,0.9987692307692309,0.998765854029012,0.998765854029012,0.9975317080580238,2,,,,,,3
64,1,select_coverage,3.0,exact,top_k_avg,e,0,1.0,1.0,1.0,1.0,0,,,,,,3
64,1,select_coverage,3.0,exact,list,e,0,1.0,1.0,1.0,1.0,0,,,,,,3
64,1,select_coverage,4.0,DAC,list,e,0,0.9993846153846154,0.9993506493506494,0.9993828869422294,0.9987665350704577,1,,,,,,3
64,1,select_coverage,4.0,exact,majority,e,0,0.9987692307692309,0.9988304093567252,0.9987660114757136,0.997535064643578,2,,,,,,3
64,1,select_coverage,4.0,exact,cmar,e,0,0.9981538461538462,0.9981810587073744,0.9981488998389638,0.996298559725314,3,,,,,,3
64,1,select_coverage,4.0,exact,top_k_avg,e,0,0.9993846153846154,0.9993506493506494,0.9993828869422294,0.9987665350704577,1,,,,,,3
64,1,select_coverage,4.0,exact,list,e,0,1.0,1.0,1.0,1.0,0,,,,,,3
64,1,select_coverage_CBA_M1,,DAC,list,e,33,0.9993846153846154,0.9993506493506494,0.9993828869422294,0.9987665350704577,1,0.9790769230769232,0.977922077922078,0.9789641129670918,0.9587949136503552,34.0,3
64,1,select_coverage_CBA_M1,,exact,majority,e,33,1.0,1.0,1.0,1.0,0,0.9796923076923076,0.9785714285714286,0.9795846577132304,0.9599861244170976,33.0,3
64,1,select_coverage_CBA_M1,,exact,cmar,e,33,0.9993846153846154,0.9993506493506494,0.9993828869422294,0.9987665350704577,1,0.9790769230769232,0.977922077922078,0.9789641129670918,0.9587949136503552,34.0,3
64,1,select_coverage_CBA_M1,,exact,top_k_avg,e,33,1.0,1.0,1.0,1.0,0,0.9796923076923076,0.9785714285714286,0.9795846577132304,0.9599861244170976,33.0,3
64,1,select_coverage_CBA_M1,,exact,list,e,33,1.0,1.0,1.0,1.0,0,0.9796923076923076,0.9785714285714286,0.9795846577132304,0.9599861244170976,33.0,3
64,2,select_coverage,1.0,exact,majority,e,0,1.0,1.0,1.0,1.0,0,,,,,,3
64,2,select_coverage,1.0,exact,cmar,e,0,0.9993846153846154,0.9993506493506494,0.9993828869422294,0.9987665350704577,1,,,,,,3
64,2,select_coverage,1.0,exact,top_k_avg,e,0,1.0,1.0,1.0,1.0,0,,,,,,3
64,2,select_coverage,1.0,exact,list,e,0,1.0,1.0,1.0,1.0,0,,,,,,3
64,2,select_coverage,2.0,exact,majority,e,0,1.0,1.0,1.0,1.0,0,,,,,,3
64,2,select_coverage,2.0,exact,cmar,e,0,0.9993846153846154,0.9993506493506494,0.9993828869422294,0.9987665350704577,1,,,,,,3
64,2,select_coverage,2.0,exact,top_k_avg,e,0,0.9993846153846154,0.9993506493506494,0.9993828869422294,0.9987665350704577,1,,,,,,3
64,2,select_coverage,2.0,exact,list,e,0,1.0,1.0,1.0,1.0,0,,,,,,3
64,2,select_coverage,3.0,exact,majority,e,0,0.9993846153846154,0.9994152046783626,0.999382966612988,0.9987666942155664,1,,,,,,3
64,2,select_coverage,3.0,exact,cmar,e,0,0.9987692307692309,0.998765854029012,0.998765854029012,0.9975317080580238,2,,,,,,3
64,2,select_coverage,3.0,exact,top_k_avg,e,0,1.0,1.0,1.0,1.0,0,,,,,,3
64,2,select_coverage,3.0,exact,list,e,0,1.0,1.0,1.0,1.0,0,,,,,,3
64,2,select_coverage,4.0,exact,majority,e,0,0.9987692307692309,0.9988304093567252,0.9987660114757136,0.997535064643578,2,,,,,,3
64,2,select_coverage,4.0,exact,cmar,e,0,0.9981538461538462,0.9981810587073744,0.9981488998389638,0.996298559725314,3,,,,,,3
64,2,select_coverage,4.0,exact,top_k_avg,e,0,0.9993846153846154,0.9993506493506494,0.9993828869422294,0.9987665350704577,1,,,,,,3
64,2,select_coverage,4.0,exact,list,e,0,1.0,1.0,1.0,1.0,0,,,,,,3
64,2,select_coverage_CBA_M1,,exact,majority,e,6,1.0,1.0,1.0,1.0,0,0.9963076923076924,0.9961038961038962,0.9962960768045512,0.9926194901332568,6.0,3
64,2,select_coverage_CBA_M1,,exact,cmar,e,6,0.9993846153846154,0.9993506493506494,0.9993828869422294,0.9987665350704577,1,0.9956923076923077,0.9954545454545456,0.9956784558391376,0.9913941019316506,7.0,3
64,2,select_coverage_CBA_M1,,exact,top_k_avg,e,6,1.0,1.0,1.0,1.0,0,0.9963076923076924,0.9961038961038962,0.9962960768045512,0.9926194901332568,6.0,3
64,2,select_coverage_CBA_M1,,exact,list,e,6,1.0,1.0,1.0,1.0,0,0.9963076923076924,0.9961038961038962,0.9962960768045512,0.9926194901332568,6.0,3
65,1,select_coverage,1.0,DAC,list,e,0,0.9975384615384616,0.9976553341148886,0.9975329222043074,0.99507798732952,4,,,,,,3
65,1,select_coverage,1.0,exact,majority,e,0,1.0,1.0,1.0,1.0,0,,,,,,3
65,1,select_coverage,1.0,exact,cmar,e,0,1.0,1.0,1.0,1.0,0,,,,,,3
65,1,select_coverage,1.0,exact,top_k_avg,e,0,1.0,1.0,1.0,1.0,0,,,,,,3
65,1,select_coverage,1.0,exact,list,e,0,1.0,1.0,1.0,1.0,0,,,,,,3
65,1,select_coverage,2.0,DAC,list,e,0,0.9975384615384616,0.9976553341148886,0.9975329222043074,0.99507798732952,4,,,,,,3
65,1,select_coverage,2.0,exact,majority,e,0,1.0,1.0,1.0,1.0,0,,,,,,3
65,1,select_coverage,2.0,exact,cmar,e,0,1.0,1.0,1.0,1.0,0,,,,,,3
65,1,select_coverage,2.0,exact,top_k_avg,e,0,1.0,1.0,1.0,1.0,0,,,,,,3
65,1,select_coverage,2.0,exact,list,e,0,1.0,1.0,1.0,1.0,0,,,,,,3
65,1,select_coverage,3.0,DAC,list,e,0,0.9975384615384616,0.9976553341148886,0.9975329222043074,0.99507798732952,4,,,,,,3
65,1,select_coverage,3.0,exact,majority,e,0,1.0,1.0,1.0,1.0,0,,,,,,3
65,1,select_coverage,3.0,exact,cmar,e,0,1.0,1.0,1.0,1.0,0,,,,,,3
65,1,select_coverage,3.0,exact,top_k_avg,e,0,1.0,1.0,1.0,1.0,0,,,,,,3
65,1,select_coverage,3.0,exact,list,e,0,1.0,1.0,1.0,1.0,0,,,,,,3
65,1,select_coverage,4.0,DAC,list,e,0,0.9975384615384616,0.9976553341148886,0.9975329222043074,0.99507798732952,4,,,,,,3
65,1,select_coverage,4.0,exact,majority,e,0,1.0,1.0,1.0,1.0,0,,,,,,3
65,1,select_coverage,4.0,exact,cmar,e,0,1.0,1.0,1.0,1.0,0,,,,,,3
65,1,select_coverage,4.0,exact,top_k_avg,e,0,1.0,1.0,1.0,1.0,0,,,,,,3
65,1,select_coverage,4.0,exact,list,e,0,1.0,1.0,1.0,1.0,0,,,,,,3
65,1,select_coverage_CBA_M1,,DAC,list,e,5,0.9975384615384616,0.9976553341148886,0.9975329222043074,0.99507798732952,4,0.9944615384615384,0.9944169921459768,0.994447399503626,0.9888955560382096,9.0,3
65,1,select_coverage_CBA_M1,,exact,majority,e,5,1.0,1.0,1.0,1.0,0,0.9969230769230768,0.996761658031088,0.9969144347111474,0.9938478521122138,5.0,3
65,1,select_coverage_CBA_M1,,exact,cmar,e,5,1.0,1.0,1.0,1.0,0,0.9969230769230768,0.996761658031088,0.9969144347111474,0.9938478521122138,5.0,3
65,1,select_coverage_CBA_M1,,exact,top_k_avg,e,5,1.0,1.0,1.0,1.0,0,0.9969230769230768,0.996761658031088,0.9969144347111474,0.9938478521122138,5.0,3
65,1,select_coverage_CBA_M1,,exact,list,e,5,1.0,1.0,1.0,1.0,0,0.9969230769230768,0.996761658031088,0.9969144347111474,0.9938478521122138,5.0,3
65,2,select_coverage,1.0,exact,majority,e,0,1.0,1.0,1.0,1.0,0,,,,,,3
65,2,select_coverage,1.0,exact,cmar,e,0,1.0,1.0,1.0,1.0,0,,,,,,3
65,2,select_coverage,1.0,exact,top_k_avg,e,0,1.0,1.0,1.0,1.0,0,,,,,,3
65,2,select_coverage,1.0,exact,list,e,0,1.0,1.0,1.0,1.0,0,,,,,,3
65,2,select_coverage,2.0,exact,majority,e,0,1.0,1.0,1.0,1.0,0,,,,,,3
65,2,select_coverage,2.0,exact,cmar,e,0,1.0,1.0,1.0,1.0,0,,,,,,3
65,2,select_coverage,2.0,exact,top_k_avg,e,0,1.0,1.0,1.0,1.0,0,,,,,,3
65,2,select_coverage,2.0,exact,list,e,0,1.0,1.0,1.0,1.0,0,,,,,,3
65,2,select_coverage,3.0,exact,majority,e,0,1.0,1.0,1.0,1.0,0,,,,,,3
65,2,select_coverage,3.0,exact,cmar,e,0,1.0,1.0,1.0,1.0,0,,,,,,3
65,2,select_coverage,3.0,exact,top_k_avg,e,0,1.0,1.0,1.0,1.0,0,,,,,,3
65,2,select_coverage,3.0,exact,list,e,0,1.0,1.0,1.0,1.0,0,,,,,,3
65,2,select_coverage,4.0,exact,majority,e,0,1.0,1.0,1.0,1.0,0,,,,,,3
65,2,select_coverage,4.0,exact,cmar,e,0,1.0,1.0,1.0,1.0,0,,,,,,3
65,2,select_coverage,4.0,exact,top_k_avg,e,0,1.0,1.0,1.0,1.0,0,,,,,,3
65,2,select_coverage,4.0,exact,list,e,0,1.0,1.0,1.0,1.0,0,,,,,,3
65,2,select_coverage_CBA_M1,,exact,majority,e,5,1.0,1.0,1.0,1.0,0,0.9969230769230768,0.996761658031088,0.9969144347111474,0.9938478521122138,5.0,3
65,2,select_coverage_CBA_M1,,exact,cmar,e,5,1.0,1.0,1.0,1.0,0,0.9969230769230768,0.996761658031088,0.9969144347111474,0.9938478521122138,5.0,3
65,2,select_coverage_CBA_M1,,exact,top_k_avg,e,5,1.0,1.0,1.0,1.0,0,0.9969230769230768,0.996761658031088,0.9969144347111474,0.9938478521122138,5.0,3
65,2,select_coverage_CBA_M1,,exact,list,e,5,1.0,1.0,1.0,1.0,0,0.9969230769230768,0.996761658031088,0.9969144347111474,0.9938478521122138,5.0,3
68,1,select_coverage,1.0,DAC,list,e,0,1.0,1.0,1.0,1.0,0,,,,,,3
68,1,select_coverage,1.0,exact,majority,e,0,1.0,1.0,1.0,1.0,0,,,,,,3
68,1,select_coverage,1.0,exact,cmar,e,0,1.0,1.0,1.0,1.0,0,,,,,,3
68,1,select_coverage,1.0,exact,top_k_avg,e,0,1.0,1.0,1.0,1.0,0,,,,,,3
68,1,select_coverage,1.0,exact,list,e,0,1.0,1.0,1.0,1.0,0,,,,,,3
68,1,select_coverage,2.0,DAC,list,e,0,1.0,1.0,1.0,1.0,0,,,,,,3
68,1,select_coverage,2.0,exact,majority,e,0,1.0,1.0,1.0,1.0,0,,,,,,3
68,1,select_coverage,2.0,exact,cmar,e,0,1.0,1.0,1.0,1.0,0,,,,,,3
68,1,select_coverage,2.0,exact,top_k_avg,e,0,1.0,1.0,1.0,1.0,0,,,,,,3
68,1,select_coverage,2.0,exact,list,e,0,1.0,1.0,1.0,1.0,0,,,,,,3
68,1,select_coverage,3.0,DAC,list,e,0,1.0,1.0,1.0,1.0,0,,,,,,3
68,1,select_coverage,3.0,exact,majority,e,0,1.0,1.0,1.0,1.0,0,,,,,,3
68,1,select_coverage,3.0,exact,cmar,e,0,0.9993846153846154,0.9993887530562346,0.9993845920792268,0.9987699411463972,1,,,,,,3
68,1,select_coverage,3.0,exact,top_k_avg,e,0,1.0,1.0,1.0,1.0,0,,,,,,3
68,1,select_coverage,3.0,exact,list,e,0,1.0,1.0,1.0,1.0,0,,,,,,3
68,1,select_coverage,4.0,DAC,list,e,0,1.0,1.0,1.0,1.0,0,,,,,,3
68,1,select_coverage,4.0,exact,majority,e,0,1.0,1.0,1.0,1.0,0,,,,,,3
68,1,select_coverage,4.0,exact,cmar,e,0,0.9993846153846154,0.9993887530562346,0.9993845920792268,0.9987699411463972,1,,,,,,3
68,1,select_coverage,4.0,exact,top_k_avg,e,0,1.0,1.0,1.0,1.0,0,,,,,,3
68,1,select_coverage,4.0,exact,list,e,0,1.0,1.0,1.0,1.0,0,,,,,,3
68,1,select_coverage_CBA_M1,,DAC,list,e,7,1.0,1.0,1.0,1.0,0,0.9956923076923077,0.9956629491945476,0.9956917790812488,0.9914205204362868,7.0,3
68,1,select_coverage_CBA_M1,,exact,majority,e,7,1.0,1.0,1.0,1.0,0,0.9956923076923077,0.9956629491945476,0.9956917790812488,0.9914205204362868,7.0,3
68,1,select_coverage_CBA_M1,,exact,cmar,e,7,1.0,1.0,1.0,1.0,0,0.9956923076923077,0.9956629491945476,0.9956917790812488,0.9914205204362868,7.0,3
68,1,select_coverage_CBA_M1,,exact,top_k_avg,e,7,1.0,1.0,1.0,1.0,0,0.9956923076923077,0.9956629491945476,0.9956917790812488,0.9914205204362868,7.0,3
68,1,select_coverage_CBA_M1,,exact,list,e,7,1.0,1.0,1.0,1.0,0,0.9956923076923077,0.9956629491945476,0.9956917790812488,0.9914205204362868,7.0,3
68,2,select_coverage,1.0,exact,majority,e,0,1.0,1.0,1.0,1.0,0,,,,,,3
68,2,select_coverage,1.0,exact,cmar,e,0,1.0,1.0,1.0,1.0,0,,,,,,3
68,2,select_coverage,1.0,exact,top_k_avg,e,0,1.0,1.0,1.0,1.0,0,,,,,,3
68,2,select_coverage,1.0,exact,list,e,0,1.0,1.0,1.0,1.0,0,,,,,,3
68,2,select_coverage,2.0,exact,majority,e,0,1.0,1.0,1.0,1.0,0,,,,,,3
68,2,select_coverage,2.0,exact,cmar,e,0,1.0,1.0,1.0,1.0,0,,,,,,3
68,2,select_coverage,2.0,exact,top_k_avg,e,0,1.0,1.0,1.0,1.0,0,,,,,,3
68,2,select_coverage,2.0,exact,list,e,0,1.0,1.0,1.0,1.0,0,,,,,,3
68,2,select_coverage,3.0,exact,majority,e,0,1.0,1.0,1.0,1.0,0,,,,,,3
68,2,select_coverage,3.0,exact,cmar,e,0,0.9993846153846154,0.9993887530562346,0.9993845920792268,0.9987699411463972,1,,,,,,3
68,2,select_coverage,3.0,exact,top_k_avg,e,0,1.0,1.0,1.0,1.0,0,,,,,,3
68,2,select_coverage,3.0,exact,list,e,0,1.0,1.0,1.0,1.0,0,,,,,,3
68,2,select_coverage,4.0,exact,majority,e,0,1.0,1.0,1.0,1.0,0,,,,,,3
68,2,select_coverage,4.0,exact,cmar,e,0,0.9993846153846154,0.9993887530562346,0.9993845920792268,0.9987699411463972,1,,,,,,3
68,2,select_coverage,4.0,exact,top_k_avg,e,0,1.0,1.0,1.0,1.0,0,,,,,,3
68,2,select_coverage,4.0,exact,list,e,0,1.0,1.0,1.0,1.0,0,,,,,,3
68,2,select_coverage_CBA_M1,,exact,majority,e,3,1.0,1.0,1.0,1.0,0,0.9981538461538462,0.9981412639405204,0.9981537091131782,0.996314223241464,3.0,3
68,2,select_coverage_CBA_M1,,exact,cmar,e,3,1.0,1.0,1.0,1.0,0,0.9981538461538462,0.9981412639405204,0.9981537091131782,0.996314223241464,3.0,3
68,2,select_coverage_CBA_M1,,exact,top_k_avg,e,3,1.0,1.0,1.0,1.0,0,0.9981538461538462,0.9981412639405204,0.9981537091131782,0.996314223241464,3.0,3
68,2,select_coverage_CBA_M1,,exact,list,e,3,1.0,1.0,1.0,1.0,0,0.9981538461538462,0.9981412639405204,0.9981537091131782,0.996314223241464,3.0,3
74,1,select_coverage,1.0,DAC,list,e,0,0.9981538461538462,0.9981226533166458,0.9981532167176506,0.9963132420739192,3,,,,,,3
74,1,select_coverage,1.0,exact,majority,e,0,0.9975384615384616,0.9975173264401324,0.9975376773251144,0.9950783787043442,4,,,,,,3
74,1,select_coverage,1.0,exact,cmar,e,0,0.9981538461538462,0.9981226533166458,0.9981532167176506,0.9963132420739192,3,,,,,,3
74,1,select_coverage,1.0,exact,top_k_avg,e,0,1.0,1.0,1.0,1.0,0,,,,,,3
74,1,select_coverage,1.0,exact,list,e,0,1.0,1.0,1.0,1.0,0,,,,,,3
74,1,select_coverage,2.0,DAC,list,e,0,0.9981538461538462,0.9981226533166458,0.9981532167176506,0.9963132420739192,3,,,,,,3
74,1,select_coverage,2.0,exact,majority,e,0,0.9981538461538462,0.9981226533166458,0.9981532167176506,0.9963132420739192,3,,,,,,3
74,1,select_coverage,2.0,exact,cmar,e,0,0.9981538461538462,0.9981226533166458,0.9981532167176506,0.9963132420739192,3,,,,,,3
74,1,select_coverage,2.0,exact,top_k_avg,e,0,1.0,1.0,1.0,1.0,0,,,,,,3
74,1,select_coverage,2.0,exact,list,e,0,1.0,1.0,1.0,1.0,0,,,,,,3
74,1,select_coverage,3.0,DAC,list,e,0,0.9981538461538462,0.9981226533166458,0.9981532167176506,0.9963132420739192,3,,,,,,3
74,1,select_coverage,3.0,exact,majority,e,0,0.9975384615384616,0.9975173264401324,0.9975376773251144,0.9950783787043442,4,,,,,,3
74,1,select_coverage,3.0,exact,cmar,e,0,0.9981538461538462,0.9981226533166458,0.9981532167176506,0.9963132420739192,3,,,,,,3
74,1,select_coverage,3.0,exact,top_k_avg,e,0,0.9993846153846154,0.9993742177722152,0.9993844326230256,0.998769622626085,1,,,,,,3
74,1,select_coverage,3.0,exact,list,e,0,1.0,1.0,1.0,1.0,0,,,,,,3
74,1,select_coverage,4.0,DAC,list,e,0,0.9981538461538462,0.9981226533166458,0.9981532167176506,0.9963132420739192,3,,,,,,3
74,1,select_coverage,4.0,exact,majority,e,0,0.9975384615384616,0.9975173264401324,0.9975376773251144,0.9950783787043442,4,,,,,,3
74,1,select_coverage,4.0,exact,cmar,e,0,0.9981538461538462,0.9981226533166458,0.9981532167176506,0.9963132420739192,3,,,,,,3
74,1,select_coverage,4.0,exact,top_k_avg,e,0,0.9993846153846154,0.9993742177722152,0.9993844326230256,0.998769622626085,1,,,,,,3
74,1,select_coverage,4.0,exact,list,e,0,1.0,1.0,1.0,1.0,0,,,,,,3
74,1,select_coverage_CBA_M1,,DAC,list,e,30,0.9981538461538462,0.9981226533166458,0.9981532167176506,0.9963132420739192,3,0.9796923076923076,0.979349186483104,0.979664584143116,0.9601397211514658,33.0,3
74,1,select_coverage_CBA_M1,,exact,majority,e,30,0.9981538461538462,0.9981226533166458,0.9981532167176506,0.9963132420739192,3,0.9796923076923076,0.979349186483104,0.979664584143116,0.9601397211514658,33.0,3
74,1,select_coverage_CBA_M1,,exact,cmar,e,30,0.9981538461538462,0.9981226533166458,0.9981532167176506,0.9963132420739192,3,0.9796923076923076,0.979349186483104,0.979664584143116,0.9601397211514658,33.0,3
74,1,select_coverage_CBA_M1,,exact,top_k_avg,e,30,0.9981538461538462,0.9981226533166458,0.9981532167176506,0.9963132420739192,3,0.9796923076923076,0.979349186483104,0.979664584143116,0.9601397211514658,33.0,3
74,1,select_coverage_CBA_M1,,exact,list,e,30,0.9981538461538462,0.9981226533166458,0.9981532167176506,0.9963132420739192,3,0.9796923076923076,0.979349186483104,0.979664584143116,0.9601397211514658,33.0,3
74,2,select_coverage,1.0,exact,majority,e,0,0.9975384615384616,0.9975173264401324,0.9975376773251144,0.9950783787043442,4,,,,,,3
74,2,select_coverage,1.0,exact,cmar,e,0,0.9981538461538462,0.9981226533166458,0.9981532167176506,0.9963132420739192,3,,,,,,3
74,2,select_coverage,1.0,exact,top_k_avg,e,0,1.0,1.0,1.0,1.0,0,,,,,,3
74,2,select_coverage,1.0,exact,list,e,0,1.0,1.0,1.0,1.0,0,,,,,,3
74,2,select_coverage,2.0,exact,majority,e,0,0.9981538461538462,0.9981226533166458,0.9981532167176506,0.9963132420739192,3,,,,,,3
74,2,select_coverage,2.0,exact,cmar,e,0,0.9981538461538462,0.9981226533166458,0.9981532167176506,0.9963132420739192,3,,,,,,3
74,2,select_coverage,2.0,exact,top_k_avg,e,0,1.0,1.0,1.0,1.0,0,,,,,,3
74,2,select_coverage,2.0,exact,list,e,0,1.0,1.0,1.0,1.0,0,,,,,,3
74,2,select_coverage,3.0,exact,majority,e,0,0.9975384615384616,0.9975173264401324,0.9975376773251144,0.9950783787043442,4,,,,,,3
74,2,select_coverage,3.0,exact,cmar,e,0,0.9981538461538462,0.9981226533166458,0.9981532167176506,0.9963132420739192,3,,,,,,3
74,2,select_coverage,3.0,exact,top_k_avg,e,0,0.9993846153846154,0.9993742177722152,0.9993844326230256,0.998769622626085,1,,,,,,3
74,2,select_coverage,3.0,exact,list,e,0,1.0,1.0,1.0,1.0,0,,,,,,3
74,2,select_coverage,4.0,exact,majority,e,0,0.9975384615384616,0.9975173264401324,0.9975376773251144,0.9950783787043442,4,,,,,,3
74,2,select_coverage,4.0,exact,cmar,e,0,0.9981538461538462,0.9981226533166458,0.9981532167176506,0.9963132420739192,3,,,,,,3
74,2,select_coverage,4.0,exact,top_k_avg,e,0,0.9993846153846154,0.9993742177722152,0.9993844326230256,0.998769622626085,1,,,,,,3
74,2,select_coverage,4.0,exact,list,e,0,1.0,1.0,1.0,1.0,0,,,,,,3
74,2,select_coverage_CBA_M1,,exact,majority,e,8,0.9981538461538462,0.9981226533166458,0.9981532167176506,0.9963132420739192,3,0.9932307692307693,0.993116395494368,0.9932270655176738,0.9865452587785892,11.0,3
74,2,select_coverage_CBA_M1,,exact,cmar,e,8,0.9981538461538462,0.9981226533166458,0.9981532167176506,0.9963132420739192,3,0.9932307692307693,0.993116395494368,0.9932270655176738,0.9865452587785892,11.0,3
74,2,select_coverage_CBA_M1,,exact,top_k_avg,e,8,0.9981538461538462,0.9981226533166458,0.9981532167176506,0.9963132420739192,3,0.9932307692307693,0.993116395494368,0.9932270655176738,0.9865452587785892,11.0,3
74,2,select_coverage_CBA_M1,,exact,list,e,8,0.9981538461538462,0.9981226533166458,0.9981532167176506,0.9963132420739192,3,0.9932307692307693,0.993116395494368,0.9932270655176738,0.9865452587785892,11.0,3
76,1,select_coverage,1.0,DAC,list,e,0,0.9993846153846154,0.9994089834515368,0.9993835985629692,0.9987679565585138,1,,,,,,3
76,1,select_coverage,1.0,exact,majority,e,0,0.9975384615384616,0.9976359338061466,0.9975347561456632,0.9950816372100398,4,,,,,,3
76,1,select_coverage,1.0,exact,cmar,e,0,0.9975384615384616,0.9976359338061466,0.9975347561456632,0.9950816372100398,4,,,,,,3
76,1,select_coverage,1.0,exact,top_k_avg,e,0,1.0,1.0,1.0,1.0,0,,,,,,3
76,1,select_coverage,1.0,exact,list,e,0,1.0,1.0,1.0,1.0,0,,,,,,3
76,1,select_coverage,2.0,DAC,list,e,0,0.9993846153846154,0.9994089834515368,0.9993835985629692,0.9987679565585138,1,,,,,,3
76,1,select_coverage,2.0,exact,majority,e,0,0.9987692307692309,0.9988179669030732,0.998767258382643,0.997537552321033,2,,,,,,3
76,1,select_coverage,2.0,exact,cmar,e,0,0.9993846153846154,0.9994089834515368,0.9993835985629692,0.9987679565585138,1,,,,,,3
76,1,select_coverage,2.0,exact,top_k_avg,e,0,1.0,1.0,1.0,1.0,0,,,,,,3
76,1,select_coverage,2.0,exact,list,e,0,1.0,1.0,1.0,1.0,0,,,,,,3
76,1,select_coverage,3.0,DAC,list,e,0,0.9993846153846154,0.9994089834515368,0.9993835985629692,0.9987679565585138,1,,,,,,3
76,1,select_coverage,3.0,exact,majority,e,0,0.9987692307692309,0.9988179669030732,0.998767258382643,0.997537552321033,2,,,,,,3
76,1,select_coverage,3.0,exact,cmar,e,0,0.9993846153846154,0.9994089834515368,0.9993835985629692,0.9987679565585138,1,,,,,,3
76,1,select_coverage,3.0,exact,top_k_avg,e,0,1.0,1.0,1.0,1.0,0,,,,,,3
76,1,select_coverage,3.0,exact,list,e,0,1.0,1.0,1.0,1.0,0,,,,,,3
76,1,select_coverage,4.0,DAC,list,e,0,0.9993846153846154,0.9994089834515368,0.9993835985629692,0.9987679565585138,1,,,,,,3
76,1,select_coverage,4.0,exact,majority,e,0,0.9987692307692309,0.9988179669030732,0.998767258382643,0.997537552321033,2,,,,,,3
76,1,select_coverage,4.0,exact,cmar,e,0,0.9993846153846154,0.9994089834515368,0.9993835985629692,0.9987679565585138,1,,,,,,3
76,1,select_coverage,4.0,exact,top_k_avg,e,0,1.0,1.0,1.0,1.0,0,,,,,,3
76,1,select_coverage,4.0,exact,list,e,0,1.0,1.0,1.0,1.0,0,,,,,,3
76,1,select_coverage_CBA_M1,,DAC,list,e,30,0.9993846153846154,0.9994089834515368,0.9993835985629692,0.9987679565585138,1,0.9809230769230768,0.9801535277390848,0.9808562636975096,0.9623418481704852,31.0,3
76,1,select_coverage_CBA_M1,,exact,majority,e,30,1.0,1.0,1.0,1.0,0,0.9815384615384616,0.9807445442875482,0.9814724446795702,0.9636188977299328,30.0,3
76,1,select_coverage_CBA_M1,,exact,cmar,e,30,0.9993846153846154,0.9994089834515368,0.9993835985629692,0.9987679565585138,1,0.9809230769230768,0.9801535277390848,0.9808562636975096,0.9623418481704852,31.0,3
76,1,select_coverage_CBA_M1,,exact,top_k_avg,e,30,1.0,1.0,1.0,1.0,0,0.9815384615384616,0.9807445442875482,0.9814724446795702,0.9636188977299328,30.0,3
76,1,select_coverage_CBA_M1,,exact,list,e,30,1.0,1.0,1.0,1.0,0,0.9815384615384616,0.9807445442875482,0.9814724446795702,0.9636188977299328,30.0,3
76,2,select_coverage,1.0,exact,majority,e,0,0.9975384615384616,0.9976359338061466,0.9975347561456632,0.9950816372100398,4,,,,,,3
76,2,select_coverage,1.0,exact,cmar,e,0,0.9975384615384616,0.9976359338061466,0.9975347561456632,0.9950816372100398,4,,,,,,3
76,2,select_coverage,1.0,exact,top_k_avg,e,0,1.0,1.0,1.0,1.0,0,,,,,,3
76,2,select_coverage,1.0,exact,list,e,0,1.0,1.0,1.0,1.0,0,,,,,,3
76,2,select_coverage,2.0,exact,majority,e,0,0.9987692307692309,0.9988179669030732,0.998767258382643,0.997537552321033,2,,,,,,3
76,2,select_coverage,2.0,exact,cmar,e,0,0.9993846153846154,0.9994089834515368,0.9993835985629692,0.9987679565585138,1,,,,,,3
76,2,select_coverage,2.0,exact,top_k_avg,e,0,1.0,1.0,1.0,1.0,0,,,,,,3
76,2,select_coverage,2.0,exact,list,e,0,1.0,1.0,1.0,1.0,0,,,,,,3
76,2,select_coverage,3.0,exact,majority,e,0,0.9987692307692309,0.9988179669030732,0.998767258382643,0.997537552321033,2,,,,,,3
76,2,select_coverage,3.0,exact,cmar,e,0,0.9993846153846154,0.9994089834515368,0.9993835985629692,0.9987679565585138,1,,,,,,3
76,2,select_coverage,3.0,exact,top_k_avg,e,0,1.0,1.0,1.0,1.0,0,,,,,,3
76,2,select_coverage,3.0,exact,list,e,0,1.0,1.0,1.0,1.0,0,,,,,,3
76,2,select_coverage,4.0,exact,majority,e,0,0.9987692307692309,0.9988179669030732,0.998767258382643,0.997537552321033,2,,,,,,3
76,2,select_coverage,4.0,exact,cmar,e,0,0.9993846153846154,0.9994089834515368,0.9993835985629692,0.9987679565585138,1,,,,,,3
76,2,select_coverage,4.0,exact,top_k_avg,e,0,1.0,1.0,1.0,1.0,0,,,,,,3
76,2,select_coverage,4.0,exact,list,e,0,1.0,1.0,1.0,1.0,0,,,,,,3
76,2,select_coverage_CBA_M1,,exact,majority,e,4,1.0,1.0,1.0,1.0,0,0.9975384615384616,0.9974326059050064,0.99753375342998,0.9950796416198056,4.0,3
76,2,select_coverage_CBA_M1,,exact,cmar,e,4,0.9993846153846154,0.9994089834515368,0.9993835985629692,0.9987679565585138,1,0.9969230769230768,0.9968415893565432,0.996917356704512,0.993841534238632,5.0,3
76,2,select_coverage_CBA_M1,,exact,top_k_avg,e,4,1.0,1.0,1.0,1.0,0,0.9975384615384616,0.9974326059050064,0.99753375342998,0.9950796416198056,4.0,3
76,2,select_coverage_CBA_M1,,exact,list,e,4,1.0,1.0,1.0,1.0,0,0.9975384615384616,0.9974326059050064,0.99753375342998,0.9950796416198056,4.0,3
100,1,select_coverage,1.0,DAC,list,e,0,0.9987692307692309,0.9987484355444304,0.9987688386625572,0.99754070511271,2,,,,,,3
100,1,select_coverage,1.0,exact,majority,e,0,0.9987692307692309,0.9987484355444304,0.9987688386625572,0.99754070511271,2,,,,,,3
100,1,select_coverage,1.0,exact,cmar,e,0,0.9987692307692309,0.9987484355444304,0.9987688386625572,0.99754070511271,2,,,,,,3
100,1,select_coverage,1.0,exact,top_k_avg,e,0,1.0,1.0,1.0,1.0,0,,,,,,3
100,1,select_coverage,1.0,exact,list,e,0,1.0,1.0,1.0,1.0,0,,,,,,3
100,1,select_coverage,2.0,DAC,list,e,0,0.9987692307692309,0.9987484355444304,0.9987688386625572,0.99754070511271,2,,,,,,3
100,1,select_coverage,2.0,exact,majority,e,0,0.9987692307692309,0.9987484355444304,0.9987688386625572,0.99754070511271,2,,,,,,3
100,1,select_coverage,2.0,exact,cmar,e,0,0.9987692307692309,0.9987484355444304,0.9987688386625572,0.99754070511271,2,,,,,,3
100,1,select_coverage,2.0,exact,top_k_avg,e,0,1.0,1.0,1.0,1.0,0,,,,,,3
100,1,select_coverage,2.0,exact,list,e,0,1.0,1.0,1.0,1.0,0,,,,,,3
100,1,select_coverage,3.0,DAC,list,e,0,0.9987692307692309,0.9987484355444304,0.9987688386625572,0.99754070511271,2,,,,,,3
100,1,select_coverage,3.0,exact,majority,e,0,0.9987692307692309,0.9987484355444304,0.9987688386625572,0.99754070511271,2,,,,,,3
100,1,select_coverage,3.0,exact,cmar,e,0,0.9987692307692309,0.9987484355444304,0.9987688386625572,0.99754070511271,2,,,,,,3
100,1,select_coverage,3.0,exact,top_k_avg,e,0,0.9993846153846154,0.9993742177722152,0.9993844326230256,0.998769622626085,1,,,,,,3
100,1,select_coverage,3.0,exact,list,e,0,1.0,1.0,1.0,1.0,0,,,,,,3
100,1,select_coverage,4.0,DAC,list,e,0,0.9987692307692309,0.9987484355444304,0.9987688386625572,0.99754070511271,2,,,,,,3
100,1,select_coverage,4.0,exact,majority,e,0,0.9987692307692309,0.9987484355444304,0.9987688386625572,0.99754070511271,2,,,,,,3
100,1,select_coverage,4.0,exact,cmar,e,0,0.9987692307692309,0.9987484355444304,0.9987688386625572,0.99754070511271,2,,,,,,3
100,1,select_coverage,4.0,exact,top_k_avg,e,0,0.9993846153846154,0.9993742177722152,0.9993844326230256,0.998769622626085,1,,,,,,3
100,1,select_coverage,4.0,exact,list,e,0,1.0,1.0,1.0,1.0,0,,,,,,3
100,1,select_coverage_CBA_M1,,DAC,list,e,5,0.9987692307692309,0.9987484355444304,0.9987688386625572,0.99754070511271,2,0.9956923076923077,0.9956195244055068,0.9956904210657522,0.9914178276110628,7.0,3
100,1,select_coverage_CBA_M1,,exact,majority,e,5,0.9987692307692309,0.9987484355444304,0.9987688386625572,0.99754070511271,2,0.9956923076923077,0.9956195244055068,0.9956904210657522,0.9914178276110628,7.0,3
100,1,select_coverage_CBA_M1,,exact,cmar,e,5,0.9987692307692309,0.9987484355444304,0.9987688386625572,0.99754070511271,2,0.9956923076923077,0.9956195244055068,0.9956904210657522,0.9914178276110628,7.0,3
100,1,select_coverage_CBA_M1,,exact,top_k_avg,e,5,1.0,1.0,1.0,1.0,0,0.9969230769230768,0.9968710888610764,0.996921883269479,0.9938626579715863,5.0,3
100,1,select_coverage_CBA_M1,,exact,list,e,5,1.0,1.0,1.0,1.0,0,0.9969230769230768,0.9968710888610764,0.996921883269479,0.9938626579715863,5.0,3
100,2,select_coverage,1.0,exact,majority,e,0,0.9987692307692309,0.9987484355444304,0.9987688386625572,0.99754070511271,2,,,,,,3
100,2,select_coverage,1.0,exact,cmar,e,0,0.9987692307692309,0.9987484355444304,0.9987688386625572,0.99754070511271,2,,,,,,3
100,2,select_coverage,1.0,exact,top_k_avg,e,0,1.0,1.0,1.0,1.0,0,,,,,,3
100,2,select_coverage,1.0,exact,list,e,0,1.0,1.0,1.0,1.0,0,,,,,,3
100,2,select_coverage,2.0,exact,majority,e,0,0.9987692307692309,0.9987484355444304,0.9987688386625572,0.99754070511271,2,,,,,,3
100,2,select_coverage,2.0,exact,cmar,e,0,0.9987692307692309,0.9987484355444304,0.9987688386625572,0.99754070511271,2,,,,,,3
100,2,select_coverage,2.0,exact,top_k_avg,e,0,1.0,1.0,1.0,1.0,0,,,,,,3
100,2,select_coverage,2.0,exact,list,e,0,1.0,1.0,1.0,1.0,0,,,,,,3
100,2,select_coverage,3.0,exact,majority,e,0,0.9987692307692309,0.9987484355444304,0.9987688386625572,0.99754070511271,2,,,,,,3
100,2,select_coverage,3.0,exact,cmar,e,0,0.9987692307692309,0.9987484355444304,0.9987688386625572,0.99754070511271,2,,,,,,3
100,2,select_coverage,3.0,exact,top_k_avg,e,0,0.9993846153846154,0.9993742177722152,0.9993844326230256,0.998769622626085,1,,,,,,3
100,2,select_coverage,3.0,exact,list,e,0,1.0,1.0,1.0,1.0,0,,,,,,3
100,2,select_coverage,4.0,exact,majority,e,0,0.9987692307692309,0.9987484355444304,0.9987688386625572,0.99754070511271,2,,,,,,3
100,2,select_coverage,4.0,exact,cmar,e,0,0.9987692307692309,0.9987484355444304,0.9987688386625572,0.99754070511271,2,,,,,,3
100,2,select_coverage,4.0,exact,top_k_avg,e,0,0.9993846153846154,0.9993742177722152,0.9993844326230256,0.998769622626085,1,,,,,,3
100,2,select_coverage,4.0,exact,list,e,0,1.0,1.0,1.0,1.0,0,,,,,,3
100,2,select_coverage_CBA_M1,,exact,majority,e,3,0.9987692307692309,0.9987484355444304,0.9987688386625572,0.99754070511271,2,0.9969230769230768,0.9968710888610764,0.996921883269479,0.9938626579715863,5.0,3
100,2,select_coverage_CBA_M1,,exact,cmar,e,3,0.9987692307692309,0.9987484355444304,0.9987688386625572,0.99754070511271,2,0.9969230769230768,0.9968710888610764,0.996921883269479,0.9938626579715863,5.0,3
100,2,select_coverage_CBA_M1,,exact,top_k_avg,e,3,1.0,1.0,1.0,1.0,0,0.9981538461538462,0.9981226533166458,0.9981532167176506,0.9963132420739192,3.0,3
100,2,select_coverage_CBA_M1,,exact,list,e,3,1.0,1.0,1.0,1.0,0,0.9981538461538462,0.9981226533166458,0.9981532167176506,0.9963132420739192,3.0,3
114,1,select_coverage,1.0,DAC,list,e,0,1.0,1.0,1.0,1.0,0,,,,,,3
114,1,select_coverage,1.0,exact,majority,e,0,1.0,1.0,1.0,1.0,0,,,,,,3
114,1,select_coverage,1.0,exact,cmar,e,0,1.0,1.0,1.0,1.0,0,,,,,,3
114,1,select_coverage,1.0,exact,top_k_avg,e,0,1.0,1.0,1.0,1.0,0,,,,,,3
114,1,select_coverage,1.0,exact,list,e,0,1.0,1.0,1.0,1.0,0,,,,,,3
114,1,select_coverage,2.0,DAC,list,e,0,1.0,1.0,1.0,1.0,0,,,,,,3
114,1,select_coverage,2.0,exact,majority,e,0,1.0,1.0,1.0,1.0,0,,,,,,3
114,1,select_coverage,2.0,exact,cmar,e,0,1.0,1.0,1.0,1.0,0,,,,,,3
114,1,select_coverage,2.0,exact,top_k_avg,e,0,1.0,1.0,1.0,1.0,0,,,,,,3
114,1,select_coverage,2.0,exact,list,e,0,1.0,1.0,1.0,1.0,0,,,,,,3
114,1,select_coverage,3.0,DAC,list,e,0,1.0,1.0,1.0,1.0,0,,,,,,3
114,1,select_coverage,3.0,exact,majority,e,0,1.0,1.0,1.0,1.0,0,,,,,,3
114,1,select_coverage,3.0,exact,cmar,e,0,1.0,1.0,1.0,1.0,0,,,,,,3
114,1,select_coverage,3.0,exact,top_k_avg,e,0,1.0,1.0,1.0,1.0,0,,,,,,3
114,1,select_coverage,3.0,exact,list,e,0,1.0,1.0,1.0,1.0,0,,,,,,3
114,1,select_coverage,4.0,DAC,list,e,0,1.0,1.0,1.0,1.0,0,,,,,,3
114,1,select_coverage,4.0,exact,majority,e,0,1.0,1.0,1.0,1.0,0,,,,,,3
114,1,select_coverage,4.0,exact,cmar,e,0,1.0,1.0,1.0,1.0,0,,,,,,3
114,1,select_coverage,4.0,exact,top_k_avg,e,0,1.0,1.0,1.0,1.0,0,,,,,,3
114,1,select_coverage,4.0,exact,list,e,0,1.0,1.0,1.0,1.0,0,,,,,,3
114,1,select_coverage_CBA_M1,,DAC,list,e,3,1.0,1.0,1.0,1.0,0,0.9981538461538462,0.9980392156862744,0.998147107149658,0.996301067977826,3.0,3
114,1,select_coverage_CBA_M1,,exact,majority,e,3,1.0,1.0,1.0,1.0,0,0.9981538461538462,0.9980392156862744,0.998147107149658,0.996301067977826,3.0,3
114,1,select_coverage_CBA_M1,,exact,cmar,e,3,1.0,1.0,1.0,1.0,0,0.9981538461538462,0.9980392156862744,0.998147107149658,0.996301067977826,3.0,3
114,1,select_coverage_CBA_M1,,exact,top_k_avg,e,3,1.0,1.0,1.0,1.0,0,0.9981538461538462,0.9980392156862744,0.998147107149658,0.996301067977826,3.0,3
114,1,select_coverage_CBA_M1,,exact,list,e,3,1.0,1.0,1.0,1.0,0,0.9981538461538462,0.9980392156862744,0.998147107149658,0.996301067977826,3.0,3
114,2,select_coverage,1.0,exact,majority,e,0,1.0,1.0,1.0,1.0,0,,,,,,3
114,2,select_coverage,1.0,exact,cmar,e,0,1.0,1.0,1.0,1.0,0,,,,,,3
114,2,select_coverage,1.0,exact,top_k_avg,e,0,1.0,1.0,1.0,1.0,0,,,,,,3
114,2,select_coverage,1.0,exact,list,e,0,1.0,1.0,1.0,1.0,0,,,,,,3
114,2,select_coverage,2.0,exact,majority,e,0,1.0,1.0,1.0,1.0,0,,,,,,3
114,2,select_coverage,2.0,exact,cmar,e,0,1.0,1.0,1.0,1.0,0,,,,,,3
114,2,select_coverage,2.0,exact,top_k_avg,e,0,1.0,1.0,1.0,1.0,0,,,,,,3
114,2,select_coverage,2.0,exact,list,e,0,1.0,1.0,1.0,1.0,0,,,,,,3
114,2,select_coverage,3.0,exact,majority,e,0,1.0,1.0,1.0,1.0,0,,,,,,3
114,2,select_coverage,3.0,exact,cmar,e,0,1.0,1.0,1.0,1.0,0,,,,,,3
114,2,select_coverage,3.0,exact,top_k_avg,e,0,1.0,1.0,1.0,1.0,0,,,,,,3
114,2,select_coverage,3.0,exact,list,e,0,1.0,1.0,1.0,1.0,0,,,,,,3
114,2,select_coverage,4.0,exact,majority,e,0,1.0,1.0,1.0,1.0,0,,,,,,3
114,2,select_coverage,4.0,exact,cmar,e,0,1.0,1.0,1.0,1.0,0,,,,,,3
114,2,select_coverage,4.0,exact,top_k_avg,e,0,1.0,1.0,1.0,1.0,0,,,,,,3
114,2,select_coverage,4.0,exact,list,e,0,1.0,1.0,1.0,1.0,0,,,,,,3
114,2,select_coverage_CBA_M1,,exact,majority,e,3,1.0,1.0,1.0,1.0,0,0.9981538461538462,0.9980392156862744,0.998147107149658,0.996301067977826,3.0,3
114,2,select_coverage_CBA_M1,,exact,cmar,e,3,1.0,1.0,1.0,1.0,0,0.9981538461538462,0.9980392156862744,0.998147107149658,0.996301067977826,3.0,3
114,2,select_coverage_CBA_M1,,exact,top_k_avg,e,3,1.0,1.0,1.0,1.0,0,0.9981538461538462,0.9980392156862744,0.998147107149658,0.996301067977826,3.0,3
114,2,select_coverage_CBA_M1,,exact,list,e,3,1.0,1.0,1.0,1.0,0,0.9981538461538462,0.9980392156862744,0.998147107149658,0.996301067977826,3.0,3
133,1,select_coverage,1.0,DAC,list,e,0,0.9987692307692309,0.9987373737373736,0.9987683683647266,0.9975397668278452,2,,,,,,3
133,1,select_coverage,1.0,exact,majority,e,0,0.9987692307692309,0.9987373737373736,0.9987683683647266,0.9975397668278452,2,,,,,,3
133,1,select_coverage,1.0,exact,cmar,e,0,0.9987692307692309,0.9987373737373736,0.9987683683647266,0.9975397668278452,2,,,,,,3
133,1,select_coverage,1.0,exact,top_k_avg,e,0,1.0,1.0,1.0,1.0,0,,,,,,3
133,1,select_coverage,1.0,exact,list,e,0,1.0,1.0,1.0,1.0,0,,,,,,3
133,1,select_coverage,2.0,DAC,list,e,0,0.9987692307692309,0.9987373737373736,0.9987683683647266,0.9975397668278452,2,,,,,,3
133,1,select_coverage,2.0,exact,majority,e,0,0.9987692307692309,0.9987684467726484,0.9987684467726484,0.997536893545297,2,,,,,,3
133,1,select_coverage,2.0,exact,cmar,e,0,0.9981538461538462,0.9981371336413354,0.9981526120549736,0.9963059811176048,3,,,,,,3
133,1,select_coverage,2.0,exact,top_k_avg,e,0,1.0,1.0,1.0,1.0,0,,,,,,3
133,1,select_coverage,2.0,exact,list,e,0,1.0,1.0,1.0,1.0,0,,,,,,3
133,1,select_coverage,3.0,DAC,list,e,0,0.9987692307692309,0.9987373737373736,0.9987683683647266,0.9975397668278452,2,,,,,,3
133,1,select_coverage,3.0,exact,majority,e,0,0.9987692307692309,0.9987684467726484,0.9987684467726484,0.997536893545297,2,,,,,,3
133,1,select_coverage,3.0,exact,cmar,e,0,0.9981538461538462,0.9981371336413354,0.9981526120549736,0.9963059811176048,3,,,,,,3
133,1,select_coverage,3.0,exact,top_k_avg,e,0,1.0,1.0,1.0,1.0,0,,,,,,3
133,1,select_coverage,3.0,exact,list,e,0,1.0,1.0,1.0,1.0,0,,,,,,3
133,1,select_coverage,4.0,DAC,list,e,0,0.9987692307692309,0.9987373737373736,0.9987683683647266,0.9975397668278452,2,,,,,,3
133,1,select_coverage,4.0,exact,majority,e,0,0.9981538461538462,0.9981371336413354,0.9981526120549736,0.9963059811176048,3,,,,,,3
133,1,select_coverage,4.0,exact,cmar,e,0,0.9981538461538462,0.9981371336413354,0.9981526120549736,0.9963059811176048,3,,,,,,3
133,1,select_coverage,4.0,exact,top_k_avg,e,0,1.0,1.0,1.0,1.0,0,,,,,,3
133,1,select_coverage,4.0,exact,list,e,0,1.0,1.0,1.0,1.0,0,,,,,,3
133,1,select_coverage_CBA_M1,,DAC,list,e,2,0.9987692307692309,0.9987373737373736,0.9987683683647266,0.9975397668278452,2,0.9975384615384616,0.9974747474747474,0.9975365724247708,0.9950852519525348,4.0,3
133,1,select_coverage_CBA_M1,,exact,majority,e,2,0.9987692307692309,0.9987373737373736,0.9987683683647266,0.9975397668278452,2,0.9975384615384616,0.9974747474747474,0.9975365724247708,0.9950852519525348,4.0,3
133,1,select_coverage_CBA_M1,,exact,cmar,e,2,0.9987692307692309,0.9987373737373736,0.9987683683647266,0.9975397668278452,2,0.9975384615384616,0.9974747474747474,0.9975365724247708,0.9950852519525348,4.0,3
133,1,select_coverage_CBA_M1,,exact,top_k_avg,e,2,1.0,1.0,1.0,1.0,0,0.9987692307692309,0.9987373737373736,0.9987683683647266,0.9975397668278452,2.0,3
133,1,select_coverage_CBA_M1,,exact,list,e,2,1.0,1.0,1.0,1.0,0,0.9987692307692309,0.9987373737373736,0.9987683683647266,0.9975397668278452,2.0,3
133,2,select_coverage,1.0,exact,majority,e,0,0.9987692307692309,0.9987373737373736,0.9987683683647266,0.9975397668278452,2,,,,,,3
133,2,select_coverage,1.0,exact,cmar,e,0,0.9987692307692309,0.9987373737373736,0.9987683683647266,0.9975397668278452,2,,,,,,3
133,2,select_coverage,1.0,exact,top_k_avg,e,0,1.0,1.0,1.0,1.0,0,,,,,,3
133,2,select_coverage,1.0,exact,list,e,0,1.0,1.0,1.0,1.0,0,,,,,,3
133,2,select_coverage,2.0,exact,majority,e,0,0.9987692307692309,0.9987684467726484,0.9987684467726484,0.997536893545297,2,,,,,,3
133,2,select_coverage,2.0,exact,cmar,e,0,0.9981538461538462,0.9981371336413354,0.9981526120549736,0.9963059811176048,3,,,,,,3
133,2,select_coverage,2.0,exact,top_k_avg,e,0,1.0,1.0,1.0,1.0,0,,,,,,3
133,2,select_coverage,2.0,exact,list,e,0,1.0,1.0,1.0,1.0,0,,,,,,3
133,2,select_coverage,3.0,exact,majority,e,0,0.9987692307692309,0.9987684467726484,0.9987684467726484,0.997536893545297,2,,,,,,3
133,2,select_coverage,3.0,exact,cmar,e,0,0.9981538461538462,0.9981371336413354,0.9981526120549736,0.9963059811176048,3,,,,,,3
133,2,select_coverage,3.0,exact,top_k_avg,e,0,1.0,1.0,1.0,1.0,0,,,,,,3
133,2,select_coverage,3.0,exact,list,e,0,1.0,1.0,1.0,1.0,0,,,,,,3
133,2,select_coverage,4.0,exact,majority,e,0,0.9981538461538462,0.9981371336413354,0.9981526120549736,0.9963059811176048,3,,,,,,3
133,2,select_coverage,4.0,exact,cmar,e,0,0.9981538461538462,0.9981371336413354,0.9981526120549736,0.9963059811176048,3,,,,,,3
133,2,select_coverage,4.0,exact,top_k_avg,e,0,1.0,1.0,1.0,1.0,0,,,,,,3
133,2,select_coverage,4.0,exact,list,e,0,1.0,1.0,1.0,1.0,0,,,,,,3
133,2,select_coverage_CBA_M1,,exact,majority,e,2,0.9987692307692309,0.9987373737373736,0.9987683683647266,0.9975397668278452,2,0.9975384615384616,0.9974747474747474,0.9975365724247708,0.9950852519525348,4.0,3
133,2,select_coverage_CBA_M1,,exact,cmar,e,2,0.9987692307692309,0.9987373737373736,0.9987683683647266,0.9975397668278452,2,0.9975384615384616,0.9974747474747474,0.9975365724247708,0.9950852519525348,4.0,3
133,2,select_coverage_CBA_M1,,exact,top_k_avg,e,2,1.0,1.0,1.0,1.0,0,0.9987692307692309,0.9987373737373736,0.9987683683647266,0.9975397668278452,2.0,3
133,2,select_coverage_CBA_M1,,exact,list,e,2,1.0,1.0,1.0,1.0,0,0.9987692307692309,0.9987373737373736,0.9987683683647266,0.9975397668278452,2.0,3
138,1,select_coverage,1.0,DAC,list,e,0,0.9981538461538462,0.9980569948186528,0.9981488998389638,0.9963046401253514,3,,,,,,3
138,1,select_coverage,1.0,exact,majority,e,0,0.9975384615384616,0.997470828347375,0.9975320229514272,0.9950670838271384,4,,,,,,3
138,1,select_coverage,1.0,exact,cmar,e,0,0.9975384615384616,0.997470828347375,0.9975320229514272,0.9950670838271384,4,,,,,,3
138,1,select_coverage,1.0,exact,top_k_avg,e,0,0.9987692307692309,0.9987046632124352,0.9987660114757136,0.997535064643578,2,,,,,,3
138,1,select_coverage,1.0,exact,list,e,0,1.0,1.0,1.0,1.0,0,,,,,,3
138,1,select_coverage,2.0,DAC,list,e,0,0.9981538461538462,0.9980569948186528,0.9981488998389638,0.9963046401253514,3,,,,,,3
138,1,select_coverage,2.0,exact,majority,e,0,0.9975384615384616,0.997470828347375,0.9975320229514272,0.9950670838271384,4,,,,,,3
138,1,select_coverage,2.0,exact,cmar,e,0,0.9981538461538462,0.9980569948186528,0.9981488998389638,0.9963046401253514,3,,,,,,3
138,1,select_coverage,2.0,exact,top_k_avg,e,0,0.9987692307692309,0.9987046632124352,0.9987660114757136,0.997535064643578,2,,,,,,3
138,1,select_coverage,2.0,exact,list,e,0,1.0,1.0,1.0,1.0,0,,,,,,3
138,1,select_coverage,3.0,DAC,list,e,0,0.9981538461538462,0.9980569948186528,0.9981488998389638,0.9963046401253514,3,,,,,,3
138,1,select_coverage,3.0,exact,majority,e,0,0.9993846153846154,0.9994138335287222,0.999383120272566,0.9987670011559856,1,,,,,,3
138,1,select_coverage,3.0,exact,cmar,e,0,0.9981538461538462,0.9980569948186528,0.9981488998389638,0.9963046401253514,3,,,,,,3
138,1,select_coverage,3.0,exact,top_k_avg,e,0,0.9993846153846154,0.9993523316062176,0.9993830443892916,0.998766849576461,1,,,,,,3
138,1,select_coverage,3.0,exact,list,e,0,1.0,1.0,1.0,1.0,0,,,,,,3
138,1,select_coverage,4.0,DAC,list,e,0,0.9981538461538462,0.9980569948186528,0.9981488998389638,0.9963046401253514,3,,,,,,3
138,1,select_coverage,4.0,exact,majority,e,0,0.9987692307692309,0.9987661651349398,0.9987661651349398,0.9975323302698796,2,,,,,,3
138,1,select_coverage,4.0,exact,cmar,e,0,0.9981538461538462,0.9980569948186528,0.9981488998389638,0.9963046401253514,3,,,,,,3
138,1,select_coverage,4.0,exact,top_k_avg,e,0,1.0,1.0,1.0,1.0,0,,,,,,3
138,1,select_coverage,4.0,exact,list,e,0,1.0,1.0,1.0,1.0,0,,,,,,3
138,1,select_coverage_CBA_M1,,DAC,list,e,4,0.9981538461538462,0.9980569948186528,0.9981488998389638,0.9963046401253514,3,0.9956923076923077,0.9954663212435232,0.995679637628894,0.9913964452609793,7.0,3
138,1,select_coverage_CBA_M1,,exact,majority,e,4,0.9981538461538462,0.9980569948186528,0.9981488998389638,0.9963046401253514,3,0.9956923076923077,0.9954663212435232,0.995679637628894,0.9913964452609793,7.0,3
138,1,select_coverage_CBA_M1,,exact,cmar,e,4,0.9981538461538462,0.9980569948186528,0.9981488998389638,0.9963046401253514,3,0.9956923076923077,0.9954663212435232,0.995679637628894,0.9913964452609793,7.0,3
138,1,select_coverage_CBA_M1,,exact,top_k_avg,e,4,0.9987692307692309,0.9987046632124352,0.9987660114757136,0.997535064643578,2,0.9963076923076924,0.9961139896373056,0.9962970783758492,0.9926214785483372,6.0,3
138,1,select_coverage_CBA_M1,,exact,list,e,4,1.0,1.0,1.0,1.0,0,0.9975384615384616,0.9974093264248703,0.9975317080580238,0.9950755709624712,4.0,3
138,2,select_coverage,1.0,exact,majority,e,0,0.9975384615384616,0.997470828347375,0.9975320229514272,0.9950670838271384,4,,,,,,3
138,2,select_coverage,1.0,exact,cmar,e,0,0.9975384615384616,0.997470828347375,0.9975320229514272,0.9950670838271384,4,,,,,,3
138,2,select_coverage,1.0,exact,top_k_avg,e,0,0.9987692307692309,0.9987046632124352,0.9987660114757136,0.997535064643578,2,,,,,,3
138,2,select_coverage,1.0,exact,list,e,0,1.0,1.0,1.0,1.0,0,,,,,,3
138,2,select_coverage,2.0,exact,majority,e,0,0.9975384615384616,0.997470828347375,0.9975320229514272,0.9950670838271384,4,,,,,,3
138,2,select_coverage,2.0,exact,cmar,e,0,0.9981538461538462,0.9980569948186528,0.9981488998389638,0.9963046401253514,3,,,,,,3
138,2,select_coverage,2.0,exact,top_k_avg,e,0,0.9987692307692309,0.9987046632124352,0.9987660114757136,0.997535064643578,2,,,,,,3
138,2,select_coverage,2.0,exact,list,e,0,1.0,1.0,1.0,1.0,0,,,,,,3
138,2,select_coverage,3.0,exact,majority,e,0,0.9993846153846154,0.9994138335287222,0.999383120272566,0.9987670011559856,1,,,,,,3
138,2,select_coverage,3.0,exact,cmar,e,0,0.9981538461538462,0.9980569948186528,0.9981488998389638,0.9963046401253514,3,,,,,,3
138,2,select_coverage,3.0,exact,top_k_avg,e,0,0.9993846153846154,0.9993523316062176,0.9993830443892916,0.998766849576461,1,,,,,,3
138,2,select_coverage,3.0,exact,list,e,0,1.0,1.0,1.0,1.0,0,,,,,,3
138,2,select_coverage,4.0,exact,majority,e,0,0.9987692307692309,0.9987661651349398,0.9987661651349398,0.9975323302698796,2,,,,,,3
138,2,select_coverage,4.0,exact,cmar,e,0,0.9981538461538462,0.9980569948186528,0.9981488998389638,0.9963046401253514,3,,,,,,3
138,2,select_coverage,4.0,exact,top_k_avg,e,0,1.0,1.0,1.0,1.0,0,,,,,,3
138,2,select_coverage,4.0,exact,list,e,0,1.0,1.0,1.0,1.0,0,,,,,,3
138,2,select_coverage_CBA_M1,,exact,majority,e,4,0.9981538461538462,0.9980569948186528,0.9981488998389638,0.9963046401253514,3,0.9956923076923077,0.9954663212435232,0.995679637628894,0.9913964452609793,7.0,3
138,2,select_coverage_CBA_M1,,exact,cmar,e,4,0.9981538461538462,0.9980569948186528,0.9981488998389638,0.9963046401253514,3,0.9956923076923077,0.9954663212435232,0.995679637628894,0.9913964452609793,7.0,3
138,2,select_coverage_CBA_M1,,exact,top_k_avg,e,4,0.9987692307692309,0.9987046632124352,0.9987660114757136,0.997535064643578,2,0.9963076923076924,0.9961139896373056,0.9962970783758492,0.9926214785483372,6.0,3
138,2,select_coverage_CBA_M1,,exact,list,e,4,1.0,1.0,1.0,1.0,0,0.9975384615384616,0.9974093264248703,0.9975317080580238,0.9950755709624712,4.0,3
148,1,select_coverage,1.0,DAC,list,e,0,1.0,1.0,1.0,1.0,0,,,,,,3
148,1,select_coverage,1.0,exact,majority,e,0,1.0,1.0,1.0,1.0,0,,,,,,3
148,1,select_coverage,1.0,exact,cmar,e,0,1.0,1.0,1.0,1.0,0,,,,,,3
148,1,select_coverage,1.0,exact,top_k_avg,e,0,1.0,1.0,1.0,1.0,0,,,,,,3
148,1,select_coverage,1.0,exact,list,e,0,1.0,1.0,1.0,1.0,0,,,,,,3
148,1,select_coverage,2.0,DAC,list,e,0,1.0,1.0,1.0,1.0,0,,,,,,3
148,1,select_coverage,2.0,exact,majority,e,0,1.0,1.0,1.0,1.0,0,,,,,,3
148,1,select_coverage,2.0,exact,cmar,e,0,1.0,1.0,1.0,1.0,0,,,,,,3
148,1,select_coverage,2.0,exact,top_k_avg,e,0,1.0,1.0,1.0,1.0,0,,,,,,3
148,1,select_coverage,2.0,exact,list,e,0,1.0,1.0,1.0,1.0,0,,,,,,3
148,1,select_coverage,3.0,DAC,list,e,0,1.0,1.0,1.0,1.0,0,,,,,,3
148,1,select_coverage,3.0,exact,majority,e,0,1.0,1.0,1.0,1.0,0,,,,,,3
148,1,select_coverage,3.0,exact,cmar,e,0,1.0,1.0,1.0,1.0,0,,,,,,3
148,1,select_coverage,3.0,exact,top_k_avg,e,0,1.0,1.0,1.0,1.0,0,,,,,,3
148,1,select_coverage,3.0,exact,list,e,0,1.0,1.0,1.0,1.0,0,,,,,,3
148,1,select_coverage,4.0,DAC,list,e,0,1.0,1.0,1.0,1.0,0,,,,,,3
148,1,select_coverage,4.0,exact,majority,e,0,1.0,1.0,1.0,1.0,0,,,,,,3
148,1,select_coverage,4.0,exact,cmar,e,0,1.0,1.0,1.0,1.0,0,,,,,,3
148,1,select_coverage,4.0,exact,top_k_avg,e,0,1.0,1.0,1.0,1.0,0,,,,,,3
148,1,select_coverage,4.0,exact,list,e,0,1.0,1.0,1.0,1.0,0,,,,,,3
148,1,select_coverage_CBA_M1,,DAC,list,e,2,1.0,1.0,1.0,1.0,0,0.9987692307692309,0.9987163029525032,0.9987670077060122,0.99753705220093,2.0,3
148,1,select_coverage_CBA_M1,,exact,majority,e,2,1.0,1.0,1.0,1.0,0,0.9987692307692309,0.9987163029525032,0.9987670077060122,0.99753705220093,2.0,3
148,1,select_coverage_CBA_M1,,exact,cmar,e,2,1.0,1.0,1.0,1.0,0,0.9987692307692309,0.9987163029525032,0.9987670077060122,0.99753705220093,2.0,3
148,1,select_coverage_CBA_M1,,exact,top_k_avg,e,2,1.0,1.0,1.0,1.0,0,0.9987692307692309,0.9987163029525032,0.9987670077060122,0.99753705220093,2.0,3
148,1,select_coverage_CBA_M1,,exact,list,e,2,1.0,1.0,1.0,1.0,0,0.9987692307692309,0.9987163029525032,0.9987670077060122,0.99753705220093,2.0,3
148,2,select_coverage,1.0,exact,majority,e,0,1.0,1.0,1.0,1.0,0,,,,,,3
148,2,select_coverage,1.0,exact,cmar,e,0,1.0,1.0,1.0,1.0,0,,,,,,3
148,2,select_coverage,1.0,exact,top_k_avg,e,0,1.0,1.0,1.0,1.0,0,,,,,,3
148,2,select_coverage,1.0,exact,list,e,0,1.0,1.0,1.0,1.0,0,,,,,,3
148,2,select_coverage,2.0,exact,majority,e,0,1.0,1.0,1.0,1.0,0,,,,,,3
148,2,select_coverage,2.0,exact,cmar,e,0,1.0,1.0,1.0,1.0,0,,,,,,3
148,2,select_coverage,2.0,exact,top_k_avg,e,0,1.0,1.0,1.0,1.0,0,,,,,,3
148,2,select_coverage,2.0,exact,list,e,0,1.0,1.0,1.0,1.0,0,,,,,,3
148,2,select_coverage,3.0,exact,majority,e,0,1.0,1.0,1.0,1.0,0,,,,,,3
148,2,select_coverage,3.0,exact,cmar,e,0,1.0,1.0,1.0,1.0,0,,,,,,3
148,2,select_coverage,3.0,exact,top_k_avg,e,0,1.0,1.0,1.0,1.0,0,,,,,,3
148,2,select_coverage,3.0,exact,list,e,0,1.0,1.0,1.0,1.0,0,,,,,,3
148,2,select_coverage,4.0,exact,majority,e,0,1.0,1.0,1.0,1.0,0,,,,,,3
148,2,select_coverage,4.0,exact,cmar,e,0,1.0,1.0,1.0,1.0,0,,,,,,3
148,2,select_coverage,4.0,exact,top_k_avg,e,0,1.0,1.0,1.0,1.0,0,,,,,,3
148,2,select_coverage,4.0,exact,list,e,0,1.0,1.0,1.0,1.0,0,,,,,,3
148,2,select_coverage_CBA_M1,,exact,majority,e,2,1.0,1.0,1.0,1.0,0,0.9987692307692309,0.9987163029525032,0.9987670077060122,0.99753705220093,2.0,3
148,2,select_coverage_CBA_M1,,exact,cmar,e,2,1.0,1.0,1.0,1.0,0,0.9987692307692309,0.9987163029525032,0.9987670077060122,0.99753705220093,2.0,3
148,2,select_coverage_CBA_M1,,exact,top_k_avg,e,2,1.0,1.0,1.0,1.0,0,0.9987692307692309,0.9987163029525032,0.9987670077060122,0.99753705220093,2.0,3
148,2,select_coverage_CBA_M1,,exact,list,e,2,1.0,1.0,1.0,1.0,0,0.9987692307692309,0.9987163029525032,0.9987670077060122,0.99753705220093,2.0,3
5,1,select_coverage,1.0,DAC,list,e,0,0.9969230769230768,0.996889139414437,0.996921883269479,0.9938505674134324,5,,,,,,4
5,1,select_coverage,1.0,exact,majority,e,0,0.9975384615384616,0.9975157058304772,0.99753756538711,0.9950781551026122,4,,,,,,4
5,1,select_coverage,1.0,exact,cmar,e,0,0.9963076923076924,0.9962845444930344,0.9963063480806648,0.992615716755563,6,,,,,,4
5,1,select_coverage,1.0,exact,top_k_avg,e,0,1.0,1.0,1.0,1.0,0,,,,,,4
5,1,select_coverage,1.0,exact,list,e,0,0.9987692307692309,0.9987468671679198,0.998768782693555,0.9975405934496614,2,,,,,,4
5,1,select_coverage,2.0,DAC,list,e,0,0.9969230769230768,0.996889139414437,0.996921883269479,0.9938505674134324,5,,,,,,4
5,1,select_coverage,2.0,exact,majority,e,0,0.9981538461538462,0.9981203007518796,0.9981531299616874,0.9963130692005248,3,,,,,,4
5,1,select_coverage,2.0,exact,cmar,e,0,0.9981538461538462,0.9981203007518796,0.9981531299616874,0.9963130692005248,3,,,,,,4
5,1,select_coverage,2.0,exact,top_k_avg,e,0,0.9993846153846154,0.99937343358396,0.9993844055725504,0.9987695685916596,1,,,,,,4
5,1,select_coverage,2.0,exact,list,e,0,0.9987692307692309,0.9987468671679198,0.998768782693555,0.9975405934496614,2,,,,,,4
5,1,select_coverage,3.0,DAC,list,e,0,0.9963076923076924,0.9962845444930344,0.9963063480806648,0.992615716755563,6,,,,,,4
5,1,select_coverage,3.0,exact,majority,e,0,0.9987692307692309,0.9987468671679198,0.998768782693555,0.9975405934496614,2,,,,,,4
5,1,select_coverage,3.0,exact,cmar,e,0,0.9981538461538462,0.9981203007518796,0.9981531299616874,0.9963130692005248,3,,,,,,4
5,1,select_coverage,3.0,exact,top_k_avg,e,0,0.9981538461538462,0.9981203007518796,0.9981531299616874,0.9963130692005248,3,,,,,,4
5,1,select_coverage,3.0,exact,list,e,0,0.9987692307692309,0.9987468671679198,0.998768782693555,0.9975405934496614,2,,,,,,4
5,1,select_coverage,4.0,DAC,list,e,0,0.9963076923076924,0.9962845444930344,0.9963063480806648,0.992615716755563,6,,,,,,4
5,1,select_coverage,4.0,exact,majority,e,0,0.9981538461538462,0.9981203007518796,0.9981531299616874,0.9963130692005248,3,,,,,,4
5,1,select_coverage,4.0,exact,cmar,e,0,0.9981538461538462,0.9981203007518796,0.9981531299616874,0.9963130692005248,3,,,,,,4
5,1,select_coverage,4.0,exact,top_k_avg,e,0,0.9981538461538462,0.9981203007518796,0.9981531299616874,0.9963130692005248,3,,,,,,4
5,1,select_coverage,4.0,exact,list,e,0,0.9987692307692309,0.9987468671679198,0.998768782693555,0.9975405934496614,2,,,,,,4
5,1,select_coverage_CBA_M1,,DAC,list,e,2,0.9975384615384616,0.9974937343358397,0.9975374459753532,0.995086990489762,4,0.9963076923076924,0.9962406015037594,0.9963059786315072,0.9926391483596664,6.0,4
5,1,select_coverage_CBA_M1,,exact,majority,e,2,0.9981538461538462,0.9981203007518796,0.9981531299616874,0.9963130692005248,3,0.9969230769230768,0.9968671679197996,0.9969217293326802,0.9938623519817604,5.0,4
5,1,select_coverage_CBA_M1,,exact,cmar,e,2,0.9975384615384616,0.9974937343358397,0.9975374459753532,0.995086990489762,4,0.9963076923076924,0.9962406015037594,0.9963059786315072,0.9926391483596664,6.0,4
5,1,select_coverage_CBA_M1,,exact,top_k_avg,e,2,1.0,1.0,1.0,1.0,0,0.9987692307692309,0.9987468671679198,0.998768782693555,0.9975405934496614,2.0,4
5,1,select_coverage_CBA_M1,,exact,list,e,2,0.9987692307692309,0.9987468671679198,0.998768782693555,0.9975405934496614,2,0.9975384615384616,0.9974937343358397,0.9975374459753532,0.995086990489762,4.0,4
5,2,select_coverage,1.0,exact,majority,e,0,0.9975384615384616,0.9975157058304772,0.99753756538711,0.9950781551026122,4,,,,,,4
5,2,select_coverage,1.0,exact,cmar,e,0,0.9963076923076924,0.9962845444930344,0.9963063480806648,0.992615716755563,6,,,,,,4
5,2,select_coverage,1.0,exact,top_k_avg,e,0,1.0,1.0,1.0,1.0,0,,,,,,4
5,2,select_coverage,1.0,exact,list,e,0,0.9987692307692309,0.9987468671679198,0.998768782693555,0.9975405934496614,2,,,,,,4
5,2,select_coverage,2.0,exact,majority,e,0,0.9981538461538462,0.9981203007518796,0.9981531299616874,0.9963130692005248,3,,,,,,4
5,2,select_coverage,2.0,exact,cmar,e,0,0.9981538461538462,0.9981203007518796,0.9981531299616874,0.9963130692005248,3,,,,,,4
5,2,select_coverage,2.0,exact,top_k_avg,e,0,0.9993846153846154,0.99937343358396,0.9993844055725504,0.9987695685916596,1,,,,,,4
5,2,select_coverage,2.0,exact,list,e,0,0.9987692307692309,0.9987468671679198,0.998768782693555,0.9975405934496614,2,,,,,,4
5,2,select_coverage,3.0,exact,majority,e,0,0.9987692307692309,0.9987468671679198,0.998768782693555,0.9975405934496614,2,,,,,,4
5,2,select_coverage,3.0,exact,cmar,e,0,0.9981538461538462,0.9981203007518796,0.9981531299616874,0.9963130692005248,3,,,,,,4
5,2,select_coverage,3.0,exact,top_k_avg,e,0,0.9981538461538462,0.9981203007518796,0.9981531299616874,0.9963130692005248,3,,,,,,4
5,2,select_coverage,3.0,exact,list,e,0,0.9987692307692309,0.9987468671679198,0.998768782693555,0.9975405934496614,2,,,,,,4
5,2,select_coverage,4.0,exact,majority,e,0,0.9981538461538462,0.9981203007518796,0.9981531299616874,0.9963130692005248,3,,,,,,4
5,2,select_coverage,4.0,exact,cmar,e,0,0.9981538461538462,0.9981203007518796,0.9981531299616874,0.9963130692005248,3,,,,,,4
5,2,select_coverage,4.0,exact,top_k_avg,e,0,0.9981538461538462,0.9981203007518796,0.9981531299616874,0.9963130692005248,3,,,,,,4
5,2,select_coverage,4.0,exact,list,e,0,0.9987692307692309,0.9987468671679198,0.998768782693555,0.9975405934496614,2,,,,,,4
5,2,select_coverage_CBA_M1,,exact,majority,e,1,0.9981538461538462,0.9981203007518796,0.9981531299616874,0.9963130692005248,3,0.9975384615384616,0.9974937343358397,0.9975374459753532,0.995086990489762,4.0,4
5,2,select_coverage_CBA_M1,,exact,cmar,e,1,0.9975384615384616,0.9974937343358397,0.9975374459753532,0.995086990489762,4,0.9969230769230768,0.9968671679197996,0.9969217293326802,0.9938623519817604,5.0,4
5,2,select_coverage_CBA_M1,,exact,top_k_avg,e,1,1.0,1.0,1.0,1.0,0,0.9993846153846154,0.99937343358396,0.9993844055725504,0.9987695685916596,1.0,4
5,2,select_coverage_CBA_M1,,exact,list,e,1,0.9987692307692309,0.9987468671679198,0.998768782693555,0.9975405934496614,2,0.9981538461538462,0.9981203007518796,0.9981531299616874,0.9963130692005248,3.0,4
14,1,select_coverage,1.0,DAC,list,e,0,0.9981538461538462,0.9980985842562472,0.998143723405268,0.9962882111067488,3,,,,,,4
14,1,select_coverage,1.0,exact,majority,e,0,0.9987692307692309,0.99867197875166,0.998762368696839,0.9975277970484429,2,,,,,,4
14,1,select_coverage,1.0,exact,cmar,e,0,0.9987692307692309,0.99867197875166,0.998762368696839,0.9975277970484429,2,,,,,,4
14,1,select_coverage,1.0,exact,top_k_avg,e,0,1.0,1.0,1.0,1.0,0,,,,,,4
14,1,select_coverage,1.0,exact,list,e,0,1.0,1.0,1.0,1.0,0,,,,,,4
14,1,select_coverage,2.0,DAC,list,e,0,0.9981538461538462,0.9980985842562472,0.998143723405268,0.9962882111067488,3,,,,,,4
14,1,select_coverage,2.0,exact,majority,e,0,0.9993846153846154,0.99933598937583,0.9993812411350892,0.9987632475191576,1,,,,,,4
14,1,select_coverage,2.0,exact,cmar,e,0,0.9987692307692309,0.99867197875166,0.998762368696839,0.9975277970484429,2,,,,,,4
14,1,select_coverage,2.0,exact,top_k_avg,e,0,1.0,1.0,1.0,1.0,0,,,,,,4
14,1,select_coverage,2.0,exact,list,e,0,1.0,1.0,1.0,1.0,0,,,,,,4
14,1,select_coverage,3.0,DAC,list,e,0,0.9981538461538462,0.9980985842562472,0.998143723405268,0.9962882111067488,3,,,,,,4
14,1,select_coverage,3.0,exact,majority,e,0,1.0,1.0,1.0,1.0,0,,,,,,4
14,1,select_coverage,3.0,exact,cmar,e,0,0.9987692307692309,0.99867197875166,0.998762368696839,0.9975277970484429,2,,,,,,4
14,1,select_coverage,3.0,exact,top_k_avg,e,0,1.0,1.0,1.0,1.0,0,,,,,,4
14,1,select_coverage,3.0,exact,list,e,0,1.0,1.0,1.0,1.0,0,,,,,,4
14,1,select_coverage,4.0,DAC,list,e,0,0.9981538461538462,0.9980985842562472,0.998143723405268,0.9962882111067488,3,,,,,,4
14,1,select_coverage,4.0,exact,majority,e,0,0.9987692307692309,0.99867197875166,0.998762368696839,0.9975277970484429,2,,,,,,4
14,1,select_coverage,4.0,exact,cmar,e,0,0.9987692307692309,0.99867197875166,0.998762368696839,0.9975277970484429,2,,,,,,4
14,1,select_coverage,4.0,exact,top_k_avg,e,0,1.0,1.0,1.0,1.0,0,,,,,,4
14,1,select_coverage,4.0,exact,list,e,0,1.0,1.0,1.0,1.0,0,,,,,,4
14,1,select_coverage_CBA_M1,,DAC,list,e,5,0.9981538461538462,0.9980985842562472,0.998143723405268,0.9962882111067488,3,0.9950769230769232,0.9947785311353972,0.9950476190476192,0.9901226928613692,8.0,4
14,1,select_coverage_CBA_M1,,exact,majority,e,5,0.9987692307692309,0.99867197875166,0.998762368696839,0.9975277970484429,2,0.9956923076923077,0.99535192563081,0.9956662522778368,0.991369904239012,7.0,4
14,1,select_coverage_CBA_M1,,exact,cmar,e,5,0.9987692307692309,0.99867197875166,0.998762368696839,0.9975277970484429,2,0.9956923076923077,0.99535192563081,0.9956662522778368,0.991369904239012,7.0,4
14,1,select_coverage_CBA_M1,,exact,top_k_avg,e,5,1.0,1.0,1.0,1.0,0,0.9969230769230768,0.99667994687915,0.9969050554823562,0.9938292088766876,5.0,4
14,1,select_coverage_CBA_M1,,exact,list,e,5,1.0,1.0,1.0,1.0,0,0.9969230769230768,0.99667994687915,0.9969050554823562,0.9938292088766876,5.0,4
14,2,select_coverage,1.0,exact,majority,e,0,0.9987692307692309,0.99867197875166,0.998762368696839,0.9975277970484429,2,,,,,,4
14,2,select_coverage,1.0,exact,cmar,e,0,0.9987692307692309,0.99867197875166,0.998762368696839,0.9975277970484429,2,,,,,,4
14,2,select_coverage,1.0,exact,top_k_avg,e,0,1.0,1.0,1.0,1.0,0,,,,,,4
14,2,select_coverage,1.0,exact,list,e,0,1.0,1.0,1.0,1.0,0,,,,,,4
14,2,select_coverage,2.0,exact,majority,e,0,0.9993846153846154,0.99933598937583,0.9993812411350892,0.9987632475191576,1,,,,,,4
14,2,select_coverage,2.0,exact,cmar,e,0,0.9987692307692309,0.99867197875166,0.998762368696839,0.9975277970484429,2,,,,,,4
14,2,select_coverage,2.0,exact,top_k_avg,e,0,1.0,1.0,1.0,1.0,0,,,,,,4
14,2,select_coverage,2.0,exact,list,e,0,1.0,1.0,1.0,1.0,0,,,,,,4
14,2,select_coverage,3.0,exact,majority,e,0,1.0,1.0,1.0,1.0,0,,,,,,4
14,2,select_coverage,3.0,exact,cmar,e,0,0.9987692307692309,0.99867197875166,0.998762368696839,0.9975277970484429,2,,,,,,4
14,2,select_coverage,3.0,exact,top_k_avg,e,0,1.0,1.0,1.0,1.0,0,,,,,,4
14,2,select_coverage,3.0,exact,list,e,0,1.0,1.0,1.0,1.0,0,,,,,,4
14,2,select_coverage,4.0,exact,majority,e,0,0.9987692307692309,0.99867197875166,0.998762368696839,0.9975277970484429,2,,,,,,4
14,2,select_coverage,4.0,exact,cmar,e,0,0.9987692307692309,0.99867197875166,0.998762368696839,0.9975277970484429,2,,,,,,4
14,2,select_coverage,4.0,exact,top_k_avg,e,0,1.0,1.0,1.0,1.0,0,,,,,,4
14,2,select_coverage,4.0,exact,list,e,0,1.0,1.0,1.0,1.0,0,,,,,,4
14,2,select_coverage_CBA_M1,,exact,majority,e,5,0.9987692307692309,0.99867197875166,0.998762368696839,0.9975277970484429,2,0.9956923076923077,0.99535192563081,0.9956662522778368,0.991369904239012,7.0,4
14,2,select_coverage_CBA_M1,,exact,cmar,e,5,0.9987692307692309,0.99867197875166,0.998762368696839,0.9975277970484429,2,0.9956923076923077,0.99535192563081,0.9956662522778368,0.991369904239012,7.0,4
14,2,select_coverage_CBA_M1,,exact,top_k_avg,e,5,1.0,1.0,1.0,1.0,0,0.9969230769230768,0.99667994687915,0.9969050554823562,0.9938292088766876,5.0,4
14,2,select_coverage_CBA_M1,,exact,list,e,5,1.0,1.0,1.0,1.0,0,0.9969230769230768,0.99667994687915,0.9969050554823562,0.9938292088766876,5.0,4
17,1,select_coverage,1.0,DAC,list,e,0,0.9969230769230768,0.996952910266162,0.9969224056068656,0.9938516097873772,5,,,,,,4
17,1,select_coverage,1.0,exact,majority,e,0,0.9993846153846154,0.9993742177722152,0.9993844326230256,0.998769622626085,1,,,,,,4
17,1,select_coverage,1.0,exact,cmar,e,0,0.9993846153846154,0.9993742177722152,0.9993844326230256,0.998769622626085,1,,,,,,4
17,1,select_coverage,1.0,exact,top_k_avg,e,0,0.9963076923076924,0.9962453066332916,0.99630616896303,0.9926395262310964,6,,,,,,4
17,1,select_coverage,1.0,exact,list,e,0,1.0,1.0,1.0,1.0,0,,,,,,4
17,1,select_coverage,2.0,DAC,list,e,0,0.9969230769230768,0.996952910266162,0.9969224056068656,0.9938516097873772,5,,,,,,4
17,1,select_coverage,2.0,exact,majority,e,0,0.9993846153846154,0.9993742177722152,0.9993844326230256,0.998769622626085,1,,,,,,4
17,1,select_coverage,2.0,exact,cmar,e,0,0.9993846153846154,0.9993742177722152,0.9993844326230256,0.998769622626085,1,,,,,,4
17,1,select_coverage,2.0,exact,top_k_avg,e,0,1.0,1.0,1.0,1.0,0,,,,,,4
17,1,select_coverage,2.0,exact,list,e,0,1.0,1.0,1.0,1.0,0,,,,,,4
17,1,select_coverage,3.0,DAC,list,e,0,0.9969230769230768,0.996952910266162,0.9969224056068656,0.9938516097873772,5,,,,,,4
17,1,select_coverage,3.0,exact,majority,e,0,1.0,1.0,1.0,1.0,0,,,,,,4
17,1,select_coverage,3.0,exact,cmar,e,0,0.9993846153846154,0.9993742177722152,0.9993844326230256,0.998769622626085,1,,,,,,4
17,1,select_coverage,3.0,exact,top_k_avg,e,0,1.0,1.0,1.0,1.0,0,,,,,,4
17,1,select_coverage,3.0,exact,list,e,0,1.0,1.0,1.0,1.0,0,,,,,,4
17,1,select_coverage,4.0,DAC,list,e,0,0.9969230769230768,0.996952910266162,0.9969224056068656,0.9938516097873772,5,,,,,,4
17,1,select_coverage,4.0,exact,majority,e,0,0.9993846153846154,0.9993742177722152,0.9993844326230256,0.998769622626085,1,,,,,,4
17,1,select_coverage,4.0,exact,cmar,e,0,0.9993846153846154,0.9993742177722152,0.9993844326230256,0.998769622626085,1,,,,,,4
17,1,select_coverage,4.0,exact,top_k_avg,e,0,1.0,1.0,1.0,1.0,0,,,,,,4
17,1,select_coverage,4.0,exact,list,e,0,1.0,1.0,1.0,1.0,0,,,,,,4
17,1,select_coverage_CBA_M1,,DAC,list,e,4,0.9969230769230768,0.996952910266162,0.9969224056068656,0.9938516097873772,5,0.9944615384615384,0.994449781355023,0.9944598936072286,0.988920540861338,9.0,4
17,1,select_coverage_CBA_M1,,exact,majority,e,4,0.9993846153846154,0.9993742177722152,0.9993844326230256,0.998769622626085,1,0.9969230769230768,0.9968710888610764,0.996921883269479,0.9938626579715863,5.0,4
17,1,select_coverage_CBA_M1,,exact,cmar,e,4,0.9993846153846154,0.9993742177722152,0.9993844326230256,0.998769622626085,1,0.9969230769230768,0.9968710888610764,0.996921883269479,0.9938626579715863,5.0,4
17,1,select_coverage_CBA_M1,,exact,top_k_avg,e,4,0.9963076923076924,0.9962453066332916,0.99630616896303,0.9926395262310964,6,0.9938461538461538,0.9937421777221528,0.9938429618043874,0.9877612776492108,10.0,4
17,1,select_coverage_CBA_M1,,exact,list,e,4,1.0,1.0,1.0,1.0,0,0.9975384615384616,0.9974968710888612,0.99753756538711,0.995087228142845,4.0,4
17,2,select_coverage,1.0,exact,majority,e,0,0.9993846153846154,0.9993742177722152,0.9993844326230256,0.998769622626085,1,,,,,,4
17,2,select_coverage,1.0,exact,cmar,e,0,0.9993846153846154,0.9993742177722152,0.9993844326230256,0.998769622626085,1,,,,,,4
17,2,select_coverage,1.0,exact,top_k_avg,e,0,0.9963076923076924,0.9962453066332916,0.99630616896303,0.9926395262310964,6,,,,,,4
17,2,select_coverage,1.0,exact,list,e,0,1.0,1.0,1.0,1.0,0,,,,,,4
17,2,select_coverage,2.0,exact,majority,e,0,0.9993846153846154,0.9993742177722152,0.9993844326230256,0.998769622626085,1,,,,,,4
17,2,select_coverage,2.0,exact,cmar,e,0,0.9993846153846154,0.9993742177722152,0.9993844326230256,0.998769622626085,1,,,,,,4
17,2,select_coverage,2.0,exact,top_k_avg,e,0,1.0,1.0,1.0,1.0,0,,,,,,4
17,2,select_coverage,2.0,exact,list,e,0,1.0,1.0,1.0,1.0,0,,,,,,4
17,2,select_coverage,3.0,exact,majority,e,0,1.0,1.0,1.0,1.0,0,,,,,,4
17,2,select_coverage,3.0,exact,cmar,e,0,0.9993846153846154,0.9993742177722152,0.9993844326230256,0.998769622626085,1,,,,,,4
17,2,select_coverage,3.0,exact,top_k_avg,e,0,1.0,1.0,1.0,1.0,0,,,,,,4
17,2,select_coverage,3.0,exact,list,e,0,1.0,1.0,1.0,1.0,0,,,,,,4
17,2,select_coverage,4.0,exact,majority,e,0,0.9993846153846154,0.9993742177722152,0.9993844326230256,0.998769622626085,1,,,,,,4
17,2,select_coverage,4.0,exact,cmar,e,0,0.9993846153846154,0.9993742177722152,0.9993844326230256,0.998769622626085,1,,,,,,4
17,2,select_coverage,4.0,exact,top_k_avg,e,0,1.0,1.0,1.0,1.0,0,,,,,,4
17,2,select_coverage,4.0,exact,list,e,0,1.0,1.0,1.0,1.0,0,,,,,,4
17,2,select_coverage_CBA_M1,,exact,majority,e,4,0.9993846153846154,0.9993742177722152,0.9993844326230256,0.998769622626085,1,0.9969230769230768,0.9968710888610764,0.996921883269479,0.9938626579715863,5.0,4
17,2,select_coverage_CBA_M1,,exact,cmar,e,4,0.9993846153846154,0.9993742177722152,0.9993844326230256,0.998769622626085,1,0.9969230769230768,0.9968710888610764,0.996921883269479,0.9938626579715863,5.0,4
17,2,select_coverage_CBA_M1,,exact,top_k_avg,e,4,0.9963076923076924,0.9962453066332916,0.99630616896303,0.9926395262310964,6,0.9938461538461538,0.9937421777221528,0.9938429618043874,0.9877612776492108,10.0,4
17,2,select_coverage_CBA_M1,,exact,list,e,4,1.0,1.0,1.0,1.0,0,0.9975384615384616,0.9974968710888612,0.99753756538711,0.995087228142845,4.0,4
19,1,select_coverage,1.0,DAC,list,e,0,0.9987692307692309,0.9987690960544416,0.9987690960544416,0.9975381921088832,2,,,,,,4
19,1,select_coverage,1.0,exact,majority,e,0,0.9987692307692309,0.9987690960544416,0.9987690960544416,0.9975381921088832,2,,,,,,4
19,1,select_coverage,1.0,exact,cmar,e,0,0.9987692307692309,0.9987690960544416,0.9987690960544416,0.9975381921088832,2,,,,,,4
19,1,select_coverage,1.0,exact,top_k_avg,e,0,1.0,1.0,1.0,1.0,0,,,,,,4
19,1,select_coverage,1.0,exact,list,e,0,1.0,1.0,1.0,1.0,0,,,,,,4
19,1,select_coverage,2.0,DAC,list,e,0,0.9987692307692309,0.9987690960544416,0.9987690960544416,0.9975381921088832,2,,,,,,4
19,1,select_coverage,2.0,exact,majority,e,0,1.0,1.0,1.0,1.0,0,,,,,,4
19,1,select_coverage,2.0,exact,cmar,e,0,0.9987692307692309,0.9987690960544416,0.9987690960544416,0.9975381921088832,2,,,,,,4
19,1,select_coverage,2.0,exact,top_k_avg,e,0,1.0,1.0,1.0,1.0,0,,,,,,4
19,1,select_coverage,2.0,exact,list,e,0,1.0,1.0,1.0,1.0,0,,,,,,4
19,1,select_coverage,3.0,DAC,list,e,0,0.9987692307692309,0.9987690960544416,0.9987690960544416,0.9975381921088832,2,,,,,,4
19,1,select_coverage,3.0,exact,majority,e,0,0.9993846153846154,0.9993909866017052,0.9993845557192952,0.998769868515932,1,,,,,,4
19,1,select_coverage,3.0,exact,cmar,e,0,0.9987692307692309,0.9987690960544416,0.9987690960544416,0.9975381921088832,2,,,,,,4
19,1,select_coverage,3.0,exact,top_k_avg,e,0,1.0,1.0,1.0,1.0,0,,,,,,4
19,1,select_coverage,3.0,exact,list,e,0,1.0,1.0,1.0,1.0,0,,,,,,4
19,1,select_coverage,4.0,DAC,list,e,0,0.9987692307692309,0.9987690960544416,0.9987690960544416,0.9975381921088832,2,,,,,,4
19,1,select_coverage,4.0,exact,majority,e,0,0.9987692307692309,0.9987690960544416,0.9987690960544416,0.9975381921088832,2,,,,,,4
19,1,select_coverage,4.0,exact,cmar,e,0,0.9987692307692309,0.9987690960544416,0.9987690960544416,0.9975381921088832,2,,,,,,4
19,1,select_coverage,4.0,exact,top_k_avg,e,0,1.0,1.0,1.0,1.0,0,,,,,,4
19,1,select_coverage,4.0,exact,list,e,0,1.0,1.0,1.0,1.0,0,,,,,,4
19,1,select_coverage_CBA_M1,,DAC,list,e,1,0.9993846153846154,0.9993781094527364,0.9993845398687498,0.998769836853814,1,0.9987692307692309,0.9987562189054726,0.9987690624876906,0.9975411516635264,2.0,4
19,1,select_coverage_CBA_M1,,exact,majority,e,1,0.9993846153846154,0.9993781094527364,0.9993845398687498,0.998769836853814,1,0.9987692307692309,0.9987562189054726,0.9987690624876906,0.9975411516635264,2.0,4
19,1,select_coverage_CBA_M1,,exact,cmar,e,1,0.9993846153846154,0.9993781094527364,0.9993845398687498,0.998769836853814,1,0.9987692307692309,0.9987562189054726,0.9987690624876906,0.9975411516635264,2.0,4
19,1,select_coverage_CBA_M1,,exact,top_k_avg,e,1,1.0,1.0,1.0,1.0,0,0.9993846153846154,0.9993781094527364,0.9993845398687498,0.998769836853814,1.0,4
19,1,select_coverage_CBA_M1,,exact,list,e,1,1.0,1.0,1.0,1.0,0,0.9993846153846154,0.9993781094527364,0.9993845398687498,0.998769836853814,1.0,4
19,2,select_coverage,1.0,exact,majority,e,0,0.9987692307692309,0.9987690960544416,0.9987690960544416,0.9975381921088832,2,,,,,,4
19,2,select_coverage,1.0,exact,cmar,e,0,0.9987692307692309,0.9987690960544416,0.9987690960544416,0.9975381921088832,2,,,,,,4
19,2,select_coverage,1.0,exact,top_k_avg,e,0,1.0,1.0,1.0,1.0,0,,,,,,4
19,2,select_coverage,1.0,exact,list,e,0,1.0,1.0,1.0,1.0,0,,,,,,4
19,2,select_coverage,2.0,exact,majority,e,0,1.0,1.0,1.0,1.0,0,,,,,,4
19,2,select_coverage,2.0,exact,cmar,e,0,0.9987692307692309,0.9987690960544416,0.9987690960544416,0.9975381921088832,2,,,,,,4
19,2,select_coverage,2.0,exact,top_k_avg,e,0,1.0,1.0,1.0,1.0,0,,,,,,4
19,2,select_coverage,2.0,exact,list,e,0,1.0,1.0,1.0,1.0,0,,,,,,4
19,2,select_coverage,3.0,exact,majority,e,0,0.9993846153846154,0.9993909866017052,0.9993845557192952,0.998769868515932,1,,,,,,4
19,2,select_coverage,3.0,exact,cmar,e,0,0.9987692307692309,0.9987690960544416,0.9987690960544416,0.9975381921088832,2,,,,,,4
19,2,select_coverage,3.0,exact,top_k_avg,e,0,1.0,1.0,1.0,1.0,0,,,,,,4
19,2,select_coverage,3.0,exact,list,e,0,1.0,1.0,1.0,1.0,0,,,,,,4
19,2,select_coverage,4.0,exact,majority,e,0,0.9987692307692309,0.9987690960544416,0.9987690960544416,0.9975381921088832,2,,,,,,4
19,2,select_coverage,4.0,exact,cmar,e,0,0.9987692307692309,0.9987690960544416,0.9987690960544416,0.9975381921088832,2,,,,,,4
19,2,select_coverage,4.0,exact,top_k_avg,e,0,1.0,1.0,1.0,1.0,0,,,,,,4
19,2,select_coverage,4.0,exact,list,e,0,1.0,1.0,1.0,1.0,0,,,,,,4
19,2,select_coverage_CBA_M1,,exact,majority,e,1,0.9993846153846154,0.9993781094527364,0.9993845398687498,0.998769836853814,1,0.9987692307692309,0.9987562189054726,0.9987690624876906,0.9975411516635264,2.0,4
19,2,select_coverage_CBA_M1,,exact,cmar,e,1,0.9993846153846154,0.9993781094527364,0.9993845398687498,0.998769836853814,1,0.9987692307692309,0.9987562189054726,0.9987690624876906,0.9975411516635264,2.0,4
19,2,select_coverage_CBA_M1,,exact,top_k_avg,e,1,1.0,1.0,1.0,1.0,0,0.9993846153846154,0.9993781094527364,0.9993845398687498,0.998769836853814,1.0,4
19,2,select_coverage_CBA_M1,,exact,list,e,1,1.0,1.0,1.0,1.0,0,0.9993846153846154,0.9993781094527364,0.9993845398687498,0.998769836853814,1.0,4
29,1,select_coverage,1.0,DAC,list,e,0,0.9987692307692309,0.9987775061124696,0.9987691930147728,0.9975414120766212,2,,,,,,4
29,1,select_coverage,1.0,exact,majority,e,0,0.9993846153846154,0.9993887530562346,0.9993845920792268,0.9987699411463972,1,,,,,,4
29,1,select_coverage,1.0,exact,cmar,e,0,0.9993846153846154,0.9993887530562346,0.9993845920792268,0.9987699411463972,1,,,,,,4
29,1,select_coverage,1.0,exact,top_k_avg,e,0,1.0,1.0,1.0,1.0,0,,,,,,4
29,1,select_coverage,1.0,exact,list,e,0,1.0,1.0,1.0,1.0,0,,,,,,4
29,1,select_coverage,2.0,DAC,list,e,0,0.9987692307692309,0.9987775061124696,0.9987691930147728,0.9975414120766212,2,,,,,,4
29,1,select_coverage,2.0,exact,majority,e,0,0.9993846153846154,0.9993887530562346,0.9993845920792268,0.9987699411463972,1,,,,,,4
29,1,select_coverage,2.0,exact,cmar,e,0,0.9993846153846154,0.9993887530562346,0.9993845920792268,0.9987699411463972,1,,,,,,4
29,1,select_coverage,2.0,exact,top_k_avg,e,0,1.0,1.0,1.0,1.0,0,,,,,,4
29,1,select_coverage,2.0,exact,list,e,0,1.0,1.0,1.0,1.0,0,,,,,,4
29,1,select_coverage,3.0,DAC,list,e,0,0.9987692307692309,0.9987775061124696,0.9987691930147728,0.9975414120766212,2,,,,,,4
29,1,select_coverage,3.0,exact,majority,e,0,0.9993846153846154,0.9993887530562346,0.9993845920792268,0.9987699411463972,1,,,,,,4
29,1,select_coverage,3.0,exact,cmar,e,0,0.9993846153846154,0.9993887530562346,0.9993845920792268,0.9987699411463972,1,,,,,,4
29,1,select_coverage,3.0,exact,top_k_avg,e,0,1.0,1.0,1.0,1.0,0,,,,,,4
29,1,select_coverage,3.0,exact,list,e,0,1.0,1.0,1.0,1.0,0,,,,,,4
29,1,select_coverage,4.0,DAC,list,e,0,0.9987692307692309,0.9987775061124696,0.9987691930147728,0.9975414120766212,2,,,,,,4
29,1,select_coverage,4.0,exact,majority,e,0,0.9993846153846154,0.9993887530562346,0.9993845920792268,0.9987699411463972,1,,,,,,4
29,1,select_coverage,4.0,exact,cmar,e,0,0.9987692307692309,0.9987775061124696,0.9987691930147728,0.9975414120766212,2,,,,,,4
29,1,select_coverage,4.0,exact,top_k_avg,e,0,1.0,1.0,1.0,1.0,0,,,,,,4
29,1,select_coverage,4.0,exact,list,e,0,1.0,1.0,1.0,1.0,0,,,,,,4
29,1,select_coverage_CBA_M1,,DAC,list,e,3,0.9987692307692309,0.9987775061124696,0.9987691930147728,0.9975414120766212,2,0.9969230769230768,0.99691877005299,0.996922909121482,0.993846573391353,5.0,4
29,1,select_coverage_CBA_M1,,exact,majority,e,3,1.0,1.0,1.0,1.0,0,0.9981538461538462,0.9981412639405204,0.9981537091131782,0.996314223241464,3.0,4
29,1,select_coverage_CBA_M1,,exact,cmar,e,3,0.9993846153846154,0.9993887530562346,0.9993845920792268,0.9987699411463972,1,0.9975384615384616,0.9975300169967553,0.9975383039899168,0.9950796304986852,4.0,4
29,1,select_coverage_CBA_M1,,exact,top_k_avg,e,3,1.0,1.0,1.0,1.0,0,0.9981538461538462,0.9981412639405204,0.9981537091131782,0.996314223241464,3.0,4
29,1,select_coverage_CBA_M1,,exact,list,e,3,1.0,1.0,1.0,1.0,0,0.9981538461538462,0.9981412639405204,0.9981537091131782,0.996314223241464,3.0,4
29,2,select_coverage,1.0,exact,majority,e,0,0.9993846153846154,0.9993887530562346,0.9993845920792268,0.9987699411463972,1,,,,,,4
29,2,select_coverage,1.0,exact,cmar,e,0,0.9993846153846154,0.9993887530562346,0.9993845920792268,0.9987699411463972,1,,,,,,4
29,2,select_coverage,1.0,exact,top_k_avg,e,0,1.0,1.0,1.0,1.0,0,,,,,,4
29,2,select_coverage,1.0,exact,list,e,0,1.0,1.0,1.0,1.0,0,,,,,,4
29,2,select_coverage,2.0,exact,majority,e,0,0.9993846153846154,0.9993887530562346,0.9993845920792268,0.9987699411463972,1,,,,,,4
29,2,select_coverage,2.0,exact,cmar,e,0,0.9993846153846154,0.9993887530562346,0.9993845920792268,0.9987699411463972,1,,,,,,4
29,2,select_coverage,2.0,exact,top_k_avg,e,0,1.0,1.0,1.0,1.0,0,,,,,,4
29,2,select_coverage,2.0,exact,list,e,0,1.0,1.0,1.0,1.0,0,,,,,,4
29,2,select_coverage,3.0,exact,majority,e,0,0.9993846153846154,0.9993887530562346,0.9993845920792268,0.9987699411463972,1,,,,,,4
29,2,select_coverage,3.0,exact,cmar,e,0,0.9993846153846154,0.9993887530562346,0.9993845920792268,0.9987699411463972,1,,,,,,4
29,2,select_coverage,3.0,exact,top_k_avg,e,0,1.0,1.0,1.0,1.0,0,,,,,,4
29,2,select_coverage,3.0,exact,list,e,0,1.0,1.0,1.0,1.0,0,,,,,,4
29,2,select_coverage,4.0,exact,majority,e,0,0.9993846153846154,0.9993887530562346,0.9993845920792268,0.9987699411463972,1,,,,,,4
29,2,select_coverage,4.0,exact,cmar,e,0,0.9987692307692309,0.9987775061124696,0.9987691930147728,0.9975414120766212,2,,,,,,4
29,2,select_coverage,4.0,exact,top_k_avg,e,0,1.0,1.0,1.0,1.0,0,,,,,,4
29,2,select_coverage,4.0,exact,list,e,0,1.0,1.0,1.0,1.0,0,,,,,,4
29,2,select_coverage_CBA_M1,,exact,majority,e,3,1.0,1.0,1.0,1.0,0,0.9981538461538462,0.9981412639405204,0.9981537091131782,0.996314223241464,3.0,4
29,2,select_coverage_CBA_M1,,exact,cmar,e,3,0.9993846153846154,0.9993887530562346,0.9993845920792268,0.9987699411463972,1,0.9975384615384616,0.9975300169967553,0.9975383039899168,0.9950796304986852,4.0,4
29,2,select_coverage_CBA_M1,,exact,top_k_avg,e,3,1.0,1.0,1.0,1.0,0,0.9981538461538462,0.9981412639405204,0.9981537091131782,0.996314223241464,3.0,4
29,2,select_coverage_CBA_M1,,exact,list,e,3,1.0,1.0,1.0,1.0,0,0.9981538461538462,0.9981412639405204,0.9981537091131782,0.996314223241464,3.0,4
31,1,select_coverage,1.0,DAC,list,e,0,0.9975384615384616,0.997472653948703,0.9975323302698796,0.9950676977093798,4,,,,,,4
31,1,select_coverage,1.0,exact,majority,e,0,0.9975384615384616,0.997472653948703,0.9975323302698796,0.9950676977093798,4,,,,,,4
31,1,select_coverage,1.0,exact,cmar,e,0,0.9975384615384616,0.997472653948703,0.9975323302698796,0.9950676977093798,4,,,,,,4
31,1,select_coverage,1.0,exact,top_k_avg,e,0,1.0,1.0,1.0,1.0,0,,,,,,4
31,1,select_coverage,1.0,exact,list,e,0,0.9987692307692309,0.998706338939198,0.9987661651349398,0.9975353712054932,2,,,,,,4
31,1,select_coverage,2.0,DAC,list,e,0,0.9975384615384616,0.997472653948703,0.9975323302698796,0.9950676977093798,4,,,,,,4
31,1,select_coverage,2.0,exact,majority,e,0,0.9975384615384616,0.997472653948703,0.9975323302698796,0.9950676977093798,4,,,,,,4
31,1,select_coverage,2.0,exact,cmar,e,0,0.9975384615384616,0.997472653948703,0.9975323302698796,0.9950676977093798,4,,,,,,4
31,1,select_coverage,2.0,exact,top_k_avg,e,0,0.9981538461538462,0.9980595084087968,0.9981491331678752,0.9963051050620084,3,,,,,,4
31,1,select_coverage,2.0,exact,list,e,0,0.9987692307692309,0.998706338939198,0.9987661651349398,0.9975353712054932,2,,,,,,4
31,1,select_coverage,3.0,DAC,list,e,0,0.9981538461538462,0.9980595084087968,0.9981491331678752,0.9963051050620084,3,,,,,,4
31,1,select_coverage,3.0,exact,majority,e,0,0.9981538461538462,0.998119484479104,0.998149360817698,0.996299481304982,3,,,,,,4
31,1,select_coverage,3.0,exact,cmar,e,0,0.9975384615384616,0.997472653948703,0.9975323302698796,0.9950676977093798,4,,,,,,4
31,1,select_coverage,3.0,exact,top_k_avg,e,0,0.9987692307692309,0.998706338939198,0.9987661651349398,0.9975353712054932,2,,,,,,4
31,1,select_coverage,3.0,exact,list,e,0,0.9987692307692309,0.998706338939198,0.9987661651349398,0.9975353712054932,2,,,,,,4
31,1,select_coverage,4.0,DAC,list,e,0,0.9975384615384616,0.997472653948703,0.9975323302698796,0.9950676977093798,4,,,,,,4
31,1,select_coverage,4.0,exact,majority,e,0,0.9981538461538462,0.998119484479104,0.998149360817698,0.996299481304982,3,,,,,,4
31,1,select_coverage,4.0,exact,cmar,e,0,0.9975384615384616,0.997472653948703,0.9975323302698796,0.9950676977093798,4,,,,,,4
31,1,select_coverage,4.0,exact,top_k_avg,e,0,0.9987692307692309,0.998706338939198,0.9987661651349398,0.9975353712054932,2,,,,,,4
31,1,select_coverage,4.0,exact,list,e,0,0.9987692307692309,0.998706338939198,0.9987661651349398,0.9975353712054932,2,,,,,,4
31,1,select_coverage_CBA_M1,,DAC,list,e,1,0.9975384615384616,0.997472653948703,0.9975323302698796,0.9950676977093798,4,0.9969230769230768,0.996825823418302,0.9969152219464588,0.99383727414358,5.0,4
31,1,select_coverage_CBA_M1,,exact,majority,e,1,0.9981538461538462,0.9980595084087968,0.9981491331678752,0.9963051050620084,3,0.9975384615384616,0.9974126778783958,0.9975320229514272,0.9950761976557904,4.0,4
31,1,select_coverage_CBA_M1,,exact,cmar,e,1,0.9981538461538462,0.9980595084087968,0.9981491331678752,0.9963051050620084,3,0.9975384615384616,0.9974126778783958,0.9975320229514272,0.9950761976557904,4.0,4
31,1,select_coverage_CBA_M1,,exact,top_k_avg,e,1,1.0,1.0,1.0,1.0,0,0.9993846153846154,0.999353169469599,0.999383120272566,0.9987670011559856,1.0,4
31,1,select_coverage_CBA_M1,,exact,list,e,1,0.9987692307692309,0.998706338939198,0.9987661651349398,0.9975353712054932,2,0.9981538461538462,0.9980595084087968,0.9981491331678752,0.9963051050620084,3.0,4
31,2,select_coverage,1.0,exact,majority,e,0,0.9975384615384616,0.997472653948703,0.9975323302698796,0.9950676977093798,4,,,,,,4
31,2,select_coverage,1.0,exact,cmar,e,0,0.9975384615384616,0.997472653948703,0.9975323302698796,0.9950676977093798,4,,,,,,4
31,2,select_coverage,1.0,exact,top_k_avg,e,0,1.0,1.0,1.0,1.0,0,,,,,,4
31,2,select_coverage,1.0,exact,list,e,0,0.9987692307692309,0.998706338939198,0.9987661651349398,0.9975353712054932,2,,,,,,4
31,2,select_coverage,2.0,exact,majority,e,0,0.9975384615384616,0.997472653948703,0.9975323302698796,0.9950676977093798,4,,,,,,4
31,2,select_coverage,2.0,exact,cmar,e,0,0.9975384615384616,0.997472653948703,0.9975323302698796,0.9950676977093798,4,,,,,,4
31,2,select_coverage,2.0,exact,top_k_avg,e,0,0.9981538461538462,0.9980595084087968,0.9981491331678752,0.9963051050620084,3,,,,,,4
31,2,select_coverage,2.0,exact,list,e,0,0.9987692307692309,0.998706338939198,0.9987661651349398,0.9975353712054932,2,,,,,,4
31,2,select_coverage,3.0,exact,majority,e,0,0.9981538461538462,0.998119484479104,0.998149360817698,0.996299481304982,3,,,,,,4
31,2,select_coverage,3.0,exact,cmar,e,0,0.9975384615384616,0.997472653948703,0.9975323302698796,0.9950676977093798,4,,,,,,4
31,2,select_coverage,3.0,exact,top_k_avg,e,0,0.9987692307692309,0.998706338939198,0.9987661651349398,0.9975353712054932,2,,,,,,4
31,2,select_coverage,3.0,exact,list,e,0,0.9987692307692309,0.998706338939198,0.9987661651349398,0.9975353712054932,2,,,,,,4
31,2,select_coverage,4.0,exact,majority,e,0,0.9981538461538462,0.998119484479104,0.998149360817698,0.996299481304982,3,,,,,,4
31,2,select_coverage,4.0,exact,cmar,e,0,0.9975384615384616,0.997472653948703,0.9975323302698796,0.9950676977093798,4,,,,,,4
31,2,select_coverage,4.0,exact,top_k_avg,e,0,0.9987692307692309,0.998706338939198,0.9987661651349398,0.9975353712054932,2,,,,,,4
31,2,select_coverage,4.0,exact,list,e,0,0.9987692307692309,0.998706338939198,0.9987661651349398,0.9975353712054932,2,,,,,,4
31,2,select_coverage_CBA_M1,,exact,majority,e,1,0.9981538461538462,0.9980595084087968,0.9981491331678752,0.9963051050620084,3,0.9975384615384616,0.9974126778783958,0.9975320229514272,0.9950761976557904,4.0,4
31,2,select_coverage_CBA_M1,,exact,cmar,e,1,0.9981538461538462,0.9980595084087968,0.9981491331678752,0.9963051050620084,3,0.9975384615384616,0.9974126778783958,0.9975320229514272,0.9950761976557904,4.0,4
31,2,select_coverage_CBA_M1,,exact,top_k_avg,e,1,1.0,1.0,1.0,1.0,0,0.9993846153846154,0.999353169469599,0.999383120272566,0.9987670011559856,1.0,4
31,2,select_coverage_CBA_M1,,exact,list,e,1,0.9987692307692309,0.998706338939198,0.9987661651349398,0.9975353712054932,2,0.9981538461538462,0.9980595084087968,0.9981491331678752,0.9963051050620084,3.0,4
34,1,select_coverage,1.0,DAC,list,e,0,0.9963076923076924,0.9963758558165202,0.99630510509418,0.9926223007235312,6,,,,,,4
34,1,select_coverage,1.0,exact,majority,e,0,0.9987692307692309,0.9987682003141278,0.9987682003141278,0.9975364006282558,2,,,,,,4
34,1,select_coverage,1.0,exact,cmar,e,0,0.9987692307692309,0.9987682003141278,0.9987682003141278,0.9975364006282558,2,,,,,,4
34,1,select_coverage,1.0,exact,top_k_avg,e,0,1.0,1.0,1.0,1.0,0,,,,,,4
34,1,select_coverage,1.0,exact,list,e,0,1.0,1.0,1.0,1.0,0,,,,,,4
34,1,select_coverage,2.0,DAC,list,e,0,0.9963076923076924,0.9963758558165202,0.99630510509418,0.9926223007235312,6,,,,,,4
34,1,select_coverage,2.0,exact,majority,e,0,0.9993846153846154,0.999401913875598,0.9993841218657962,0.998769001876046,1,,,,,,4
34,1,select_coverage,2.0,exact,cmar,e,0,0.9987692307692309,0.9987682003141278,0.9987682003141278,0.9975364006282558,2,,,,,,4
34,1,select_coverage,2.0,exact,top_k_avg,e,0,0.9993846153846154,0.9993662864385298,0.999384077979897,0.998768914212232,1,,,,,,4
34,1,select_coverage,2.0,exact,list,e,0,1.0,1.0,1.0,1.0,0,,,,,,4
34,1,select_coverage,3.0,DAC,list,e,0,0.9963076923076924,0.9963758558165202,0.99630510509418,0.9926223007235312,6,,,,,,4
34,1,select_coverage,3.0,exact,majority,e,0,0.9993846153846154,0.999401913875598,0.9993841218657962,0.998769001876046,1,,,,,,4
34,1,select_coverage,3.0,exact,cmar,e,0,0.9987692307692309,0.9987682003141278,0.9987682003141278,0.9975364006282558,2,,,,,,4
34,1,select_coverage,3.0,exact,top_k_avg,e,0,0.9975384615384616,0.9974651457541192,0.99753603454707,0.9950841814717698,4,,,,,,4
34,1,select_coverage,3.0,exact,list,e,0,1.0,1.0,1.0,1.0,0,,,,,,4
34,1,select_coverage,4.0,DAC,list,e,0,0.9963076923076924,0.9963758558165202,0.99630510509418,0.9926223007235312,6,,,,,,4
34,1,select_coverage,4.0,exact,majority,e,0,0.9993846153846154,0.999401913875598,0.9993841218657962,0.998769001876046,1,,,,,,4
34,1,select_coverage,4.0,exact,cmar,e,0,0.9987692307692309,0.9987682003141278,0.9987682003141278,0.9975364006282558,2,,,,,,4
34,1,select_coverage,4.0,exact,top_k_avg,e,0,0.9993846153846154,0.9993662864385298,0.999384077979897,0.998768914212232,1,,,,,,4
34,1,select_coverage,4.0,exact,list,e,0,1.0,1.0,1.0,1.0,0,,,,,,4
34,1,select_coverage_CBA_M1,,DAC,list,e,3,0.9963076923076924,0.9963758558165202,0.99630510509418,0.9926223007235312,6,0.9944615384615384,0.9944747151321096,0.9944570967921657,0.9889149479880892,9.0,4
34,1,select_coverage_CBA_M1,,exact,majority,e,3,0.9993846153846154,0.9993662864385298,0.999384077979897,0.998768914212232,1,0.9975384615384616,0.9974651457541192,0.99753603454707,0.9950841814717698,4.0,4
34,1,select_coverage_CBA_M1,,exact,cmar,e,3,0.9987692307692309,0.9987682003141278,0.9987682003141278,0.9975364006282558,2,0.9969230769230768,0.9968670596297172,0.9969201610992656,0.993847130661682,5.0,4
34,1,select_coverage_CBA_M1,,exact,top_k_avg,e,3,1.0,1.0,1.0,1.0,0,0.9981538461538462,0.9980988593155892,0.9981520966595594,0.9963110102037598,3.0,4
34,1,select_coverage_CBA_M1,,exact,list,e,3,1.0,1.0,1.0,1.0,0,0.9981538461538462,0.9980988593155892,0.9981520966595594,0.9963110102037598,3.0,4
34,2,select_coverage,1.0,exact,majority,e,0,0.9987692307692309,0.9987682003141278,0.9987682003141278,0.9975364006282558,2,,,,,,4
34,2,select_coverage,1.0,exact,cmar,e,0,0.9987692307692309,0.9987682003141278,0.9987682003141278,0.9975364006282558,2,,,,,,4
34,2,select_coverage,1.0,exact,top_k_avg,e,0,1.0,1.0,1.0,1.0,0,,,,,,4
34,2,select_coverage,1.0,exact,list,e,0,1.0,1.0,1.0,1.0,0,,,,,,4
34,2,select_coverage,2.0,exact,majority,e,0,0.9993846153846154,0.999401913875598,0.9993841218657962,0.998769001876046,1,,,,,,4
34,2,select_coverage,2.0,exact,cmar,e,0,0.9987692307692309,0.9987682003141278,0.9987682003141278,0.9975364006282558,2,,,,,,4
34,2,select_coverage,2.0,exact,top_k_avg,e,0,0.9993846153846154,0.9993662864385298,0.999384077979897,0.998768914212232,1,,,,,,4
34,2,select_coverage,2.0,exact,list,e,0,1.0,1.0,1.0,1.0,0,,,,,,4
34,2,select_coverage,3.0,exact,majority,e,0,0.9993846153846154,0.999401913875598,0.9993841218657962,0.998769001876046,1,,,,,,4
34,2,select_coverage,3.0,exact,cmar,e,0,0.9987692307692309,0.9987682003141278,0.9987682003141278,0.9975364006282558,2,,,,,,4
34,2,select_coverage,3.0,exact,top_k_avg,e,0,0.9975384615384616,0.9974651457541192,0.99753603454707,0.9950841814717698,4,,,,,,4
34,2,select_coverage,3.0,exact,list,e,0,1.0,1.0,1.0,1.0,0,,,,,,4
34,2,select_coverage,4.0,exact,majority,e,0,0.9993846153846154,0.999401913875598,0.9993841218657962,0.998769001876046,1,,,,,,4
34,2,select_coverage,4.0,exact,cmar,e,0,0.9987692307692309,0.9987682003141278,0.9987682003141278,0.9975364006282558,2,,,,,,4
34,2,select_coverage,4.0,exact,top_k_avg,e,0,0.9993846153846154,0.9993662864385298,0.999384077979897,0.998768914212232,1,,,,,,4
34,2,select_coverage,4.0,exact,list,e,0,1.0,1.0,1.0,1.0,0,,,,,,4
34,2,select_coverage_CBA_M1,,exact,majority,e,1,0.9993846153846154,0.9993662864385298,0.999384077979897,0.998768914212232,1,0.9987692307692309,0.9987325728770596,0.998768110668389,0.9975392527017272,2.0,4
34,2,select_coverage_CBA_M1,,exact,cmar,e,1,0.9987692307692309,0.9987682003141278,0.9987682003141278,0.9975364006282558,2,0.9981538461538462,0.9981344867526576,0.9981522339396912,0.99630522519638,3.0,4
34,2,select_coverage_CBA_M1,,exact,top_k_avg,e,1,1.0,1.0,1.0,1.0,0,0.9993846153846154,0.9993662864385298,0.999384077979897,0.998768914212232,1.0,4
34,2,select_coverage_CBA_M1,,exact,list,e,1,1.0,1.0,1.0,1.0,0,0.9993846153846154,0.9993662864385298,0.999384077979897,0.998768914212232,1.0,4
42,1,select_coverage,1.0,DAC,list,e,0,0.9993846153846154,0.9993606138107416,0.999383718253431,0.9987681956447204,1,,,,,,4
42,1,select_coverage,1.0,exact,majority,e,0,0.9993846153846154,0.9993606138107416,0.999383718253431,0.9987681956447204,1,,,,,,4
42,1,select_coverage,1.0,exact,cmar,e,0,0.9993846153846154,0.9993606138107416,0.999383718253431,0.9987681956447204,1,,,,,,4
42,1,select_coverage,1.0,exact,top_k_avg,e,0,1.0,1.0,1.0,1.0,0,,,,,,4
42,1,select_coverage,1.0,exact,list,e,0,1.0,1.0,1.0,1.0,0,,,,,,4
42,1,select_coverage,2.0,DAC,list,e,0,0.9993846153846154,0.9993606138107416,0.999383718253431,0.9987681956447204,1,,,,,,4
42,1,select_coverage,2.0,exact,majority,e,0,0.9993846153846154,0.9993606138107416,0.999383718253431,0.9987681956447204,1,,,,,,4
42,1,select_coverage,2.0,exact,cmar,e,0,0.9993846153846154,0.9993606138107416,0.999383718253431,0.9987681956447204,1,,,,,,4
42,1,select_coverage,2.0,exact,top_k_avg,e,0,0.9993846153846154,0.9993606138107416,0.999383718253431,0.9987681956447204,1,,,,,,4
42,1,select_coverage,2.0,exact,list,e,0,1.0,1.0,1.0,1.0,0,,,,,,4
42,1,select_coverage,3.0,DAC,list,e,0,0.9993846153846154,0.9993606138107416,0.999383718253431,0.9987681956447204,1,,,,,,4
42,1,select_coverage,3.0,exact,majority,e,0,0.9993846153846154,0.9993606138107416,0.999383718253431,0.9987681956447204,1,,,,,,4
42,1,select_coverage,3.0,exact,cmar,e,0,0.9993846153846154,0.9993606138107416,0.999383718253431,0.9987681956447204,1,,,,,,4
42,1,select_coverage,3.0,exact,top_k_avg,e,0,1.0,1.0,1.0,1.0,0,,,,,,4
42,1,select_coverage,3.0,exact,list,e,0,1.0,1.0,1.0,1.0,0,,,,,,4
42,1,select_coverage,4.0,DAC,list,e,0,0.9993846153846154,0.9993606138107416,0.999383718253431,0.9987681956447204,1,,,,,,4
42,1,select_coverage,4.0,exact,majority,e,0,0.9993846153846154,0.9993606138107416,0.999383718253431,0.9987681956447204,1,,,,,,4
42,1,select_coverage,4.0,exact,cmar,e,0,0.9993846153846154,0.9993606138107416,0.999383718253431,0.9987681956447204,1,,,,,,4
42,1,select_coverage,4.0,exact,top_k_avg,e,0,1.0,1.0,1.0,1.0,0,,,,,,4
42,1,select_coverage,4.0,exact,list,e,0,1.0,1.0,1.0,1.0,0,,,,,,4
42,1,select_coverage_CBA_M1,,DAC,list,e,5,0.9993846153846154,0.9993606138107416,0.999383718253431,0.9987681956447204,1,0.9963076923076924,0.99616368286445,0.9963014047833648,0.9926300677913532,6.0,4
42,1,select_coverage_CBA_M1,,exact,majority,e,5,0.9993846153846154,0.9993606138107416,0.999383718253431,0.9987681956447204,1,0.9963076923076924,0.99616368286445,0.9963014047833648,0.9926300677913532,6.0,4
42,1,select_coverage_CBA_M1,,exact,cmar,e,5,0.9993846153846154,0.9993606138107416,0.999383718253431,0.9987681956447204,1,0.9963076923076924,0.99616368286445,0.9963014047833648,0.9926300677913532,6.0,4
42,1,select_coverage_CBA_M1,,exact,top_k_avg,e,5,1.0,1.0,1.0,1.0,0,0.9969230769230768,0.9968030690537084,0.9969179928148456,0.9938549246996304,5.0,4
42,1,select_coverage_CBA_M1,,exact,list,e,5,1.0,1.0,1.0,1.0,0,0.9969230769230768,0.9968030690537084,0.9969179928148456,0.9938549246996304,5.0,4
42,2,select_coverage,1.0,exact,majority,e,0,0.9993846153846154,0.9993606138107416,0.999383718253431,0.9987681956447204,1,,,,,,4
42,2,select_coverage,1.0,exact,cmar,e,0,0.9993846153846154,0.9993606138107416,0.999383718253431,0.9987681956447204,1,,,,,,4
42,2,select_coverage,1.0,exact,top_k_avg,e,0,1.0,1.0,1.0,1.0,0,,,,,,4
42,2,select_coverage,1.0,exact,list,e,0,1.0,1.0,1.0,1.0,0,,,,,,4
42,2,select_coverage,2.0,exact,majority,e,0,0.9993846153846154,0.9993606138107416,0.999383718253431,0.9987681956447204,1,,,,,,4
42,2,select_coverage,2.0,exact,cmar,e,0,0.9993846153846154,0.9993606138107416,0.999383718253431,0.9987681956447204,1,,,,,,4
42,2,select_coverage,2.0,exact,top_k_avg,e,0,0.9993846153846154,0.9993606138107416,0.999383718253431,0.9987681956447204,1,,,,,,4
42,2,select_coverage,2.0,exact,list,e,0,1.0,1.0,1.0,1.0,0,,,,,,4
42,2,select_coverage,3.0,exact,majority,e,0,0.9993846153846154,0.9993606138107416,0.999383718253431,0.9987681956447204,1,,,,,,4
42,2,select_coverage,3.0,exact,cmar,e,0,0.9993846153846154,0.9993606138107416,0.999383718253431,0.9987681956447204,1,,,,,,4
42,2,select_coverage,3.0,exact,top_k_avg,e,0,1.0,1.0,1.0,1.0,0,,,,,,4
42,2,select_coverage,3.0,exact,list,e,0,1.0,1.0,1.0,1.0,0,,,,,,4
42,2,select_coverage,4.0,exact,majority,e,0,0.9993846153846154,0.9993606138107416,0.999383718253431,0.9987681956447204,1,,,,,,4
42,2,select_coverage,4.0,exact,cmar,e,0,0.9993846153846154,0.9993606138107416,0.999383718253431,0.9987681956447204,1,,,,,,4
42,2,select_coverage,4.0,exact,top_k_avg,e,0,1.0,1.0,1.0,1.0,0,,,,,,4
42,2,select_coverage,4.0,exact,list,e,0,1.0,1.0,1.0,1.0,0,,,,,,4
42,2,select_coverage_CBA_M1,,exact,majority,e,5,0.9993846153846154,0.9993606138107416,0.999383718253431,0.9987681956447204,1,0.9963076923076924,0.99616368286445,0.9963014047833648,0.9926300677913532,6.0,4
42,2,select_coverage_CBA_M1,,exact,cmar,e,5,0.9993846153846154,0.9993606138107416,0.999383718253431,0.9987681956447204,1,0.9963076923076924,0.99616368286445,0.9963014047833648,0.9926300677913532,6.0,4
42,2,select_coverage_CBA_M1,,exact,top_k_avg,e,5,1.0,1.0,1.0,1.0,0,0.9969230769230768,0.9968030690537084,0.9969179928148456,0.9938549246996304,5.0,4
42,2,select_coverage_CBA_M1,,exact,list,e,5,1.0,1.0,1.0,1.0,0,0.9969230769230768,0.9968030690537084,0.9969179928148456,0.9938549246996304,5.0,4
49,1,select_coverage,1.0,DAC,list,e,0,1.0,1.0,1.0,1.0,0,,,,,,4
49,1,select_coverage,1.0,exact,majority,e,0,0.9981538461538462,0.9981435643564356,0.9981537454728892,0.9963142956933552,3,,,,,,4
49,1,select_coverage,1.0,exact,cmar,e,0,0.9987692307692309,0.9987623762376238,0.9987691743697416,0.9975413748781276,2,,,,,,4
49,1,select_coverage,1.0,exact,top_k_avg,e,0,0.9993846153846154,0.9993880048959608,0.99938460046937,0.9987699579060558,1,,,,,,4
49,1,select_coverage,1.0,exact,list,e,0,1.0,1.0,1.0,1.0,0,,,,,,4
49,1,select_coverage,2.0,DAC,list,e,0,0.9993846153846154,0.9993880048959608,0.99938460046937,0.9987699579060558,1,,,,,,4
49,1,select_coverage,2.0,exact,majority,e,0,1.0,1.0,1.0,1.0,0,,,,,,4
49,1,select_coverage,2.0,exact,cmar,e,0,1.0,1.0,1.0,1.0,0,,,,,,4
49,1,select_coverage,2.0,exact,top_k_avg,e,0,1.0,1.0,1.0,1.0,0,,,,,,4
49,1,select_coverage,2.0,exact,list,e,0,1.0,1.0,1.0,1.0,0,,,,,,4
49,1,select_coverage,3.0,DAC,list,e,0,0.9993846153846154,0.9993880048959608,0.99938460046937,0.9987699579060558,1,,,,,,4
49,1,select_coverage,3.0,exact,majority,e,0,0.9987692307692309,0.9987623762376238,0.9987691743697416,0.9975413748781276,2,,,,,,4
49,1,select_coverage,3.0,exact,cmar,e,0,0.9987692307692309,0.9987623762376238,0.9987691743697416,0.9975413748781276,2,,,,,,4
49,1,select_coverage,3.0,exact,top_k_avg,e,0,1.0,1.0,1.0,1.0,0,,,,,,4
49,1,select_coverage,3.0,exact,list,e,0,1.0,1.0,1.0,1.0,0,,,,,,4
49,1,select_coverage,4.0,DAC,list,e,0,0.9993846153846154,0.9993880048959608,0.99938460046937,0.9987699579060558,1,,,,,,4
49,1,select_coverage,4.0,exact,majority,e,0,0.9987692307692309,0.9987623762376238,0.9987691743697416,0.9975413748781276,2,,,,,,4
49,1,select_coverage,4.0,exact,cmar,e,0,0.9987692307692309,0.9987623762376238,0.9987691743697416,0.9975413748781276,2,,,,,,4
49,1,select_coverage,4.0,exact,top_k_avg,e,0,1.0,1.0,1.0,1.0,0,,,,,,4
49,1,select_coverage,4.0,exact,list,e,0,1.0,1.0,1.0,1.0,0,,,,,,4
49,1,select_coverage_CBA_M1,,DAC,list,e,33,1.0,1.0,1.0,1.0,0,0.9796923076923076,0.9798041615667076,0.9796878770053132,0.9601844880026704,33.0,4
49,1,select_coverage_CBA_M1,,exact,majority,e,33,1.0,1.0,1.0,1.0,0,0.9796923076923076,0.9798041615667076,0.9796878770053132,0.9601844880026704,33.0,4
49,1,select_coverage_CBA_M1,,exact,cmar,e,33,1.0,1.0,1.0,1.0,0,0.9796923076923076,0.9798041615667076,0.9796878770053132,0.9601844880026704,33.0,4
49,1,select_coverage_CBA_M1,,exact,top_k_avg,e,33,1.0,1.0,1.0,1.0,0,0.9796923076923076,0.9798041615667076,0.9796878770053132,0.9601844880026704,33.0,4
49,1,select_coverage_CBA_M1,,exact,list,e,33,1.0,1.0,1.0,1.0,0,0.9796923076923076,0.9798041615667076,0.9796878770053132,0.9601844880026704,33.0,4
49,2,select_coverage,1.0,exact,majority,e,0,0.9981538461538462,0.9981435643564356,0.9981537454728892,0.9963142956933552,3,,,,,,4
49,2,select_coverage,1.0,exact,cmar,e,0,0.9987692307692309,0.9987623762376238,0.9987691743697416,0.9975413748781276,2,,,,,,4
49,2,select_coverage,1.0,exact,top_k_avg,e,0,0.9993846153846154,0.9993880048959608,0.99938460046937,0.9987699579060558,1,,,,,,4
49,2,select_coverage,1.0,exact,list,e,0,1.0,1.0,1.0,1.0,0,,,,,,4
49,2,select_coverage,2.0,exact,majority,e,0,1.0,1.0,1.0,1.0,0,,,,,,4
49,2,select_coverage,2.0,exact,cmar,e,0,1.0,1.0,1.0,1.0,0,,,,,,4
49,2,select_coverage,2.0,exact,top_k_avg,e,0,1.0,1.0,1.0,1.0,0,,,,,,4
49,2,select_coverage,2.0,exact,list,e,0,1.0,1.0,1.0,1.0,0,,,,,,4
49,2,select_coverage,3.0,exact,majority,e,0,0.9987692307692309,0.9987623762376238,0.9987691743697416,0.9975413748781276,2,,,,,,4
49,2,select_coverage,3.0,exact,cmar,e,0,0.9987692307692309,0.9987623762376238,0.9987691743697416,0.9975413748781276,2,,,,,,4
49,2,select_coverage,3.0,exact,top_k_avg,e,0,1.0,1.0,1.0,1.0,0,,,,,,4
49,2,select_coverage,3.0,exact,list,e,0,1.0,1.0,1.0,1.0,0,,,,,,4
49,2,select_coverage,4.0,exact,majority,e,0,0.9987692307692309,0.9987623762376238,0.9987691743697416,0.9975413748781276,2,,,,,,4
49,2,select_coverage,4.0,exact,cmar,e,0,0.9987692307692309,0.9987623762376238,0.9987691743697416,0.9975413748781276,2,,,,,,4
49,2,select_coverage,4.0,exact,top_k_avg,e,0,1.0,1.0,1.0,1.0,0,,,,,,4
49,2,select_coverage,4.0,exact,list,e,0,1.0,1.0,1.0,1.0,0,,,,,,4
49,2,select_coverage_CBA_M1,,exact,majority,e,2,1.0,1.0,1.0,1.0,0,0.9987692307692309,0.9987760097919216,0.9987692079303908,0.9975414418346056,2.0,4
49,2,select_coverage_CBA_M1,,exact,cmar,e,2,1.0,1.0,1.0,1.0,0,0.9987692307692309,0.9987760097919216,0.9987692079303908,0.9975414418346056,2.0,4
49,2,select_coverage_CBA_M1,,exact,top_k_avg,e,2,1.0,1.0,1.0,1.0,0,0.9987692307692309,0.9987760097919216,0.9987692079303908,0.9975414418346056,2.0,4
49,2,select_coverage_CBA_M1,,exact,list,e,2,1.0,1.0,1.0,1.0,0,0.9987692307692309,0.9987760097919216,0.9987692079303908,0.9975414418346056,2.0,4
63,1,select_coverage,1.0,DAC,list,e,0,1.0,1.0,1.0,1.0,0,,,,,,4
63,1,select_coverage,1.0,exact,majority,e,0,1.0,1.0,1.0,1.0,0,,,,,,4
63,1,select_coverage,1.0,exact,cmar,e,0,1.0,1.0,1.0,1.0,0,,,,,,4
63,1,select_coverage,1.0,exact,top_k_avg,e,0,1.0,1.0,1.0,1.0,0,,,,,,4
63,1,select_coverage,1.0,exact,list,e,0,1.0,1.0,1.0,1.0,0,,,,,,4
63,1,select_coverage,2.0,DAC,list,e,0,1.0,1.0,1.0,1.0,0,,,,,,4
63,1,select_coverage,2.0,exact,majority,e,0,1.0,1.0,1.0,1.0,0,,,,,,4
63,1,select_coverage,2.0,exact,cmar,e,0,1.0,1.0,1.0,1.0,0,,,,,,4
63,1,select_coverage,2.0,exact,top_k_avg,e,0,1.0,1.0,1.0,1.0,0,,,,,,4
63,1,select_coverage,2.0,exact,list,e,0,1.0,1.0,1.0,1.0,0,,,,,,4
63,1,select_coverage,3.0,DAC,list,e,0,0.9993846153846154,0.9993694829760404,0.9993842422864504,0.9987692424210908,1,,,,,,4
63,1,select_coverage,3.0,exact,majority,e,0,1.0,1.0,1.0,1.0,0,,,,,,4
63,1,select_coverage,3.0,exact,cmar,e,0,1.0,1.0,1.0,1.0,0,,,,,,4
63,1,select_coverage,3.0,exact,top_k_avg,e,0,0.9975384615384616,0.9974779319041612,0.9975367367294534,0.9950855789508932,4,,,,,,4
63,1,select_coverage,3.0,exact,list,e,0,1.0,1.0,1.0,1.0,0,,,,,,4
63,1,select_coverage,4.0,DAC,list,e,0,0.9993846153846154,0.9993694829760404,0.9993842422864504,0.9987692424210908,1,,,,,,4
63,1,select_coverage,4.0,exact,majority,e,0,1.0,1.0,1.0,1.0,0,,,,,,4
63,1,select_coverage,4.0,exact,cmar,e,0,1.0,1.0,1.0,1.0,0,,,,,,4
63,1,select_coverage,4.0,exact,top_k_avg,e,0,1.0,1.0,1.0,1.0,0,,,,,,4
63,1,select_coverage,4.0,exact,list,e,0,1.0,1.0,1.0,1.0,0,,,,,,4
63,1,select_coverage_CBA_M1,,DAC,list,e,7,1.0,1.0,1.0,1.0,0,0.9956923076923077,0.9955863808322823,0.9956888530605732,0.9914147184037576,7.0,4
63,1,select_coverage_CBA_M1,,exact,majority,e,7,1.0,1.0,1.0,1.0,0,0.9956923076923077,0.9955863808322823,0.9956888530605732,0.9914147184037576,7.0,4
63,1,select_coverage_CBA_M1,,exact,cmar,e,7,1.0,1.0,1.0,1.0,0,0.9956923076923077,0.9955863808322823,0.9956888530605732,0.9914147184037576,7.0,4
63,1,select_coverage_CBA_M1,,exact,top_k_avg,e,7,1.0,1.0,1.0,1.0,0,0.9956923076923077,0.9955863808322823,0.9956888530605732,0.9914147184037576,7.0,4
63,1,select_coverage_CBA_M1,,exact,list,e,7,1.0,1.0,1.0,1.0,0,0.9956923076923077,0.9955863808322823,0.9956888530605732,0.9914147184037576,7.0,4
63,2,select_coverage,1.0,exact,majority,e,0,1.0,1.0,1.0,1.0,0,,,,,,4
63,2,select_coverage,1.0,exact,cmar,e,0,1.0,1.0,1.0,1.0,0,,,,,,4
63,2,select_coverage,1.0,exact,top_k_avg,e,0,1.0,1.0,1.0,1.0,0,,,,,,4
63,2,select_coverage,1.0,exact,list,e,0,1.0,1.0,1.0,1.0,0,,,,,,4
63,2,select_coverage,2.0,exact,majority,e,0,1.0,1.0,1.0,1.0,0,,,,,,4
63,2,select_coverage,2.0,exact,cmar,e,0,1.0,1.0,1.0,1.0,0,,,,,,4
63,2,select_coverage,2.0,exact,top_k_avg,e,0,1.0,1.0,1.0,1.0,0,,,,,,4
63,2,select_coverage,2.0,exact,list,e,0,1.0,1.0,1.0,1.0,0,,,,,,4
63,2,select_coverage,3.0,exact,majority,e,0,1.0,1.0,1.0,1.0,0,,,,,,4
63,2,select_coverage,3.0,exact,cmar,e,0,1.0,1.0,1.0,1.0,0,,,,,,4
63,2,select_coverage,3.0,exact,top_k_avg,e,0,0.9975384615384616,0.9974779319041612,0.9975367367294534,0.9950855789508932,4,,,,,,4
63,2,select_coverage,3.0,exact,list,e,0,1.0,1.0,1.0,1.0,0,,,,,,4
63,2,select_coverage,4.0,exact,majority,e,0,1.0,1.0,1.0,1.0,0,,,,,,4
63,2,select_coverage,4.0,exact,cmar,e,0,1.0,1.0,1.0,1.0,0,,,,,,4
63,2,select_coverage,4.0,exact,top_k_avg,e,0,1.0,1.0,1.0,1.0,0,,,,,,4
63,2,select_coverage,4.0,exact,list,e,0,1.0,1.0,1.0,1.0,0,,,,,,4
63,2,select_coverage_CBA_M1,,exact,majority,e,7,1.0,1.0,1.0,1.0,0,0.9956923076923077,0.9955863808322823,0.9956888530605732,0.9914147184037576,7.0,4
63,2,select_coverage_CBA_M1,,exact,cmar,e,7,1.0,1.0,1.0,1.0,0,0.9956923076923077,0.9955863808322823,0.9956888530605732,0.9914147184037576,7.0,4
63,2,select_coverage_CBA_M1,,exact,top_k_avg,e,7,1.0,1.0,1.0,1.0,0,0.9956923076923077,0.9955863808322823,0.9956888530605732,0.9914147184037576,7.0,4
63,2,select_coverage_CBA_M1,,exact,list,e,7,1.0,1.0,1.0,1.0,0,0.9956923076923077,0.9955863808322823,0.9956888530605732,0.9914147184037576,7.0,4
64,1,select_coverage,1.0,DAC,list,e,0,0.9969230769230768,0.9970114680640996,0.9969152219464588,0.99383727414358,5,,,,,,4
64,1,select_coverage,1.0,exact,majority,e,0,0.9987692307692309,0.998765854029012,0.998765854029012,0.9975317080580238,2,,,,,,4
64,1,select_coverage,1.0,exact,cmar,e,0,0.9987692307692309,0.998765854029012,0.998765854029012,0.9975317080580238,2,,,,,,4
64,1,select_coverage,1.0,exact,top_k_avg,e,0,1.0,1.0,1.0,1.0,0,,,,,,4
64,1,select_coverage,1.0,exact,list,e,0,1.0,1.0,1.0,1.0,0,,,,,,4
64,1,select_coverage,2.0,DAC,list,e,0,0.9969230769230768,0.9970114680640996,0.9969152219464588,0.99383727414358,5,,,,,,4
64,1,select_coverage,2.0,exact,majority,e,0,0.9987692307692309,0.998765854029012,0.998765854029012,0.9975317080580238,2,,,,,,4
64,1,select_coverage,2.0,exact,cmar,e,0,0.9987692307692309,0.998765854029012,0.998765854029012,0.9975317080580238,2,,,,,,4
64,1,select_coverage,2.0,exact,top_k_avg,e,0,0.9993846153846154,0.9993506493506494,0.9993828869422294,0.9987665350704577,1,,,,,,4
64,1,select_coverage,2.0,exact,list,e,0,1.0,1.0,1.0,1.0,0,,,,,,4
64,1,select_coverage,3.0,DAC,list,e,0,0.9969230769230768,0.9970114680640996,0.9969152219464588,0.99383727414358,5,,,,,,4
64,1,select_coverage,3.0,exact,majority,e,0,0.9987692307692309,0.998765854029012,0.998765854029012,0.9975317080580238,2,,,,,,4
64,1,select_coverage,3.0,exact,cmar,e,0,0.9987692307692309,0.998765854029012,0.998765854029012,0.9975317080580238,2,,,,,,4
64,1,select_coverage,3.0,exact,top_k_avg,e,0,1.0,1.0,1.0,1.0,0,,,,,,4
64,1,select_coverage,3.0,exact,list,e,0,1.0,1.0,1.0,1.0,0,,,,,,4
64,1,select_coverage,4.0,DAC,list,e,0,0.9969230769230768,0.9970114680640996,0.9969152219464588,0.99383727414358,5,,,,,,4
64,1,select_coverage,4.0,exact,majority,e,0,0.9987692307692309,0.998765854029012,0.998765854029012,0.9975317080580238,2,,,,,,4
64,1,select_coverage,4.0,exact,cmar,e,0,0.9987692307692309,0.998765854029012,0.998765854029012,0.9975317080580238,2,,,,,,4
64,1,select_coverage,4.0,exact,top_k_avg,e,0,0.9993846153846154,0.9993506493506494,0.9993828869422294,0.9987665350704577,1,,,,,,4
64,1,select_coverage,4.0,exact,list,e,0,1.0,1.0,1.0,1.0,0,,,,,,4
64,1,select_coverage_CBA_M1,,DAC,list,e,30,0.9969230769230768,0.9970114680640996,0.9969152219464588,0.99383727414358,5,0.9784615384615384,0.97753094858358,0.9783587339964026,0.957262926160039,35.0,4
64,1,select_coverage_CBA_M1,,exact,majority,e,30,0.9993846153846154,0.9993506493506494,0.9993828869422294,0.9987665350704577,1,0.9809230769230768,0.97987012987013,0.9808253675344067,0.9623721644624764,31.0,4
64,1,select_coverage_CBA_M1,,exact,cmar,e,30,0.9987692307692309,0.998765854029012,0.998765854029012,0.9975317080580238,2,0.9803076923076924,0.9792853345484924,0.9802085712110832,0.9610922180738184,32.0,4
64,1,select_coverage_CBA_M1,,exact,top_k_avg,e,30,1.0,1.0,1.0,1.0,0,0.9815384615384616,0.9805194805194806,0.9814455355103904,0.9635670029319888,30.0,4
64,1,select_coverage_CBA_M1,,exact,list,e,30,1.0,1.0,1.0,1.0,0,0.9815384615384616,0.9805194805194806,0.9814455355103904,0.9635670029319888,30.0,4
64,2,select_coverage,1.0,exact,majority,e,0,0.9987692307692309,0.998765854029012,0.998765854029012,0.9975317080580238,2,,,,,,4
64,2,select_coverage,1.0,exact,cmar,e,0,0.9987692307692309,0.998765854029012,0.998765854029012,0.9975317080580238,2,,,,,,4
64,2,select_coverage,1.0,exact,top_k_avg,e,0,1.0,1.0,1.0,1.0,0,,,,,,4
64,2,select_coverage,1.0,exact,list,e,0,1.0,1.0,1.0,1.0,0,,,,,,4
64,2,select_coverage,2.0,exact,majority,e,0,0.9987692307692309,0.998765854029012,0.998765854029012,0.9975317080580238,2,,,,,,4
64,2,select_coverage,2.0,exact,cmar,e,0,0.9987692307692309,0.998765854029012,0.998765854029012,0.9975317080580238,2,,,,,,4
64,2,select_coverage,2.0,exact,top_k_avg,e,0,0.9993846153846154,0.9993506493506494,0.9993828869422294,0.9987665350704577,1,,,,,,4
64,2,select_coverage,2.0,exact,list,e,0,1.0,1.0,1.0,1.0,0,,,,,,4
64,2,select_coverage,3.0,exact,majority,e,0,0.9987692307692309,0.998765854029012,0.998765854029012,0.9975317080580238,2,,,,,,4
64,2,select_coverage,3.0,exact,cmar,e,0,0.9987692307692309,0.998765854029012,0.998765854029012,0.9975317080580238,2,,,,,,4
64,2,select_coverage,3.0,exact,top_k_avg,e,0,1.0,1.0,1.0,1.0,0,,,,,,4
64,2,select_coverage,3.0,exact,list,e,0,1.0,1.0,1.0,1.0,0,,,,,,4
64,2,select_coverage,4.0,exact,majority,e,0,0.9987692307692309,0.998765854029012,0.998765854029012,0.9975317080580238,2,,,,,,4
64,2,select_coverage,4.0,exact,cmar,e,0,0.9987692307692309,0.998765854029012,0.998765854029012,0.9975317080580238,2,,,,,,4
64,2,select_coverage,4.0,exact,top_k_avg,e,0,0.9993846153846154,0.9993506493506494,0.9993828869422294,0.9987665350704577,1,,,,,,4
64,2,select_coverage,4.0,exact,list,e,0,1.0,1.0,1.0,1.0,0,,,,,,4
64,2,select_coverage_CBA_M1,,exact,majority,e,30,0.9993846153846154,0.9993506493506494,0.9993828869422294,0.9987665350704577,1,0.9809230769230768,0.97987012987013,0.9808253675344067,0.9623721644624764,31.0,4
64,2,select_coverage_CBA_M1,,exact,cmar,e,30,0.9987692307692309,0.998765854029012,0.998765854029012,0.9975317080580238,2,0.9803076923076924,0.9792853345484924,0.9802085712110832,0.9610922180738184,32.0,4
64,2,select_coverage_CBA_M1,,exact,top_k_avg,e,30,1.0,1.0,1.0,1.0,0,0.9815384615384616,0.9805194805194806,0.9814455355103904,0.9635670029319888,30.0,4
64,2,select_coverage_CBA_M1,,exact,list,e,30,1.0,1.0,1.0,1.0,0,0.9815384615384616,0.9805194805194806,0.9814455355103904,0.9635670029319888,30.0,4
65,1,select_coverage,1.0,DAC,list,e,0,0.9975384615384616,0.9976553341148886,0.9975329222043074,0.99507798732952,4,,,,,,4
65,1,select_coverage,1.0,exact,majority,e,0,1.0,1.0,1.0,1.0,0,,,,,,4
65,1,select_coverage,1.0,exact,cmar,e,0,1.0,1.0,1.0,1.0,0,,,,,,4
65,1,select_coverage,1.0,exact,top_k_avg,e,0,1.0,1.0,1.0,1.0,0,,,,,,4
65,1,select_coverage,1.0,exact,list,e,0,1.0,1.0,1.0,1.0,0,,,,,,4
65,1,select_coverage,2.0,DAC,list,e,0,0.9969230769230768,0.9970076657211062,0.9969159713210004,0.9938387695848088,5,,,,,,4
65,1,select_coverage,2.0,exact,majority,e,0,1.0,1.0,1.0,1.0,0,,,,,,4
65,1,select_coverage,2.0,exact,cmar,e,0,1.0,1.0,1.0,1.0,0,,,,,,4
65,1,select_coverage,2.0,exact,top_k_avg,e,0,1.0,1.0,1.0,1.0,0,,,,,,4
65,1,select_coverage,2.0,exact,list,e,0,1.0,1.0,1.0,1.0,0,,,,,,4
65,1,select_coverage,3.0,DAC,list,e,0,0.9969230769230768,0.9970076657211062,0.9969159713210004,0.9938387695848088,5,,,,,,4
65,1,select_coverage,3.0,exact,majority,e,0,1.0,1.0,1.0,1.0,0,,,,,,4
65,1,select_coverage,3.0,exact,cmar,e,0,1.0,1.0,1.0,1.0,0,,,,,,4
65,1,select_coverage,3.0,exact,top_k_avg,e,0,1.0,1.0,1.0,1.0,0,,,,,,4
65,1,select_coverage,3.0,exact,list,e,0,1.0,1.0,1.0,1.0,0,,,,,,4
65,1,select_coverage,4.0,DAC,list,e,0,0.9969230769230768,0.9970076657211062,0.9969159713210004,0.9938387695848088,5,,,,,,4
65,1,select_coverage,4.0,exact,majority,e,0,0.9981538461538462,0.9982415005861665,0.9981495827926004,0.9963060009953808,3,,,,,,4
65,1,select_coverage,4.0,exact,cmar,e,0,1.0,1.0,1.0,1.0,0,,,,,,4
65,1,select_coverage,4.0,exact,top_k_avg,e,0,1.0,1.0,1.0,1.0,0,,,,,,4
65,1,select_coverage,4.0,exact,list,e,0,1.0,1.0,1.0,1.0,0,,,,,,4
65,1,select_coverage_CBA_M1,,DAC,list,e,5,0.9975384615384616,0.9976553341148886,0.9975329222043074,0.99507798732952,4,0.9944615384615384,0.9944169921459768,0.994447399503626,0.9888955560382096,9.0,4
65,1,select_coverage_CBA_M1,,exact,majority,e,5,1.0,1.0,1.0,1.0,0,0.9969230769230768,0.996761658031088,0.9969144347111474,0.9938478521122138,5.0,4
65,1,select_coverage_CBA_M1,,exact,cmar,e,5,1.0,1.0,1.0,1.0,0,0.9969230769230768,0.996761658031088,0.9969144347111474,0.9938478521122138,5.0,4
65,1,select_coverage_CBA_M1,,exact,top_k_avg,e,5,1.0,1.0,1.0,1.0,0,0.9969230769230768,0.996761658031088,0.9969144347111474,0.9938478521122138,5.0,4
65,1,select_coverage_CBA_M1,,exact,list,e,5,1.0,1.0,1.0,1.0,0,0.9969230769230768,0.996761658031088,0.9969144347111474,0.9938478521122138,5.0,4
65,2,select_coverage,1.0,exact,majority,e,0,1.0,1.0,1.0,1.0,0,,,,,,4
65,2,select_coverage,1.0,exact,cmar,e,0,1.0,1.0,1.0,1.0,0,,,,,,4
65,2,select_coverage,1.0,exact,top_k_avg,e,0,1.0,1.0,1.0,1.0,0,,,,,,4
65,2,select_coverage,1.0,exact,list,e,0,1.0,1.0,1.0,1.0,0,,,,,,4
65,2,select_coverage,2.0,exact,majority,e,0,1.0,1.0,1.0,1.0,0,,,,,,4
65,2,select_coverage,2.0,exact,cmar,e,0,1.0,1.0,1.0,1.0,0,,,,,,4
65,2,select_coverage,2.0,exact,top_k_avg,e,0,1.0,1.0,1.0,1.0,0,,,,,,4
65,2,select_coverage,2.0,exact,list,e,0,1.0,1.0,1.0,1.0,0,,,,,,4
65,2,select_coverage,3.0,exact,majority,e,0,1.0,1.0,1.0,1.0,0,,,,,,4
65,2,select_coverage,3.0,exact,cmar,e,0,1.0,1.0,1.0,1.0,0,,,,,,4
65,2,select_coverage,3.0,exact,top_k_avg,e,0,1.0,1.0,1.0,1.0,0,,,,,,4
65,2,select_coverage,3.0,exact,list,e,0,1.0,1.0,1.0,1.0,0,,,,,,4
65,2,select_coverage,4.0,exact,majority,e,0,0.9981538461538462,0.9982415005861665,0.9981495827926004,0.9963060009953808,3,,,,,,4
65,2,select_coverage,4.0,exact,cmar,e,0,1.0,1.0,1.0,1.0,0,,,,,,4
65,2,select_coverage,4.0,exact,top_k_avg,e,0,1.0,1.0,1.0,1.0,0,,,,,,4
65,2,select_coverage,4.0,exact,list,e,0,1.0,1.0,1.0,1.0,0,,,,,,4
65,2,select_coverage_CBA_M1,,exact,majority,e,5,1.0,1.0,1.0,1.0,0,0.9969230769230768,0.996761658031088,0.9969144347111474,0.9938478521122138,5.0,4
65,2,select_coverage_CBA_M1,,exact,cmar,e,5,1.0,1.0,1.0,1.0,0,0.9969230769230768,0.996761658031088,0.9969144347111474,0.9938478521122138,5.0,4
65,2,select_coverage_CBA_M1,,exact,top_k_avg,e,5,1.0,1.0,1.0,1.0,0,0.9969230769230768,0.996761658031088,0.9969144347111474,0.9938478521122138,5.0,4
65,2,select_coverage_CBA_M1,,exact,list,e,5,1.0,1.0,1.0,1.0,0,0.9969230769230768,0.996761658031088,0.9969144347111474,0.9938478521122138,5.0,4
68,1,select_coverage,1.0,DAC,list,e,0,1.0,1.0,1.0,1.0,0,,,,,,4
68,1,select_coverage,1.0,exact,majority,e,0,1.0,1.0,1.0,1.0,0,,,,,,4
68,1,select_coverage,1.0,exact,cmar,e,0,1.0,1.0,1.0,1.0,0,,,,,,4
68,1,select_coverage,1.0,exact,top_k_avg,e,0,1.0,1.0,1.0,1.0,0,,,,,,4
68,1,select_coverage,1.0,exact,list,e,0,1.0,1.0,1.0,1.0,0,,,,,,4
68,1,select_coverage,2.0,DAC,list,e,0,1.0,1.0,1.0,1.0,0,,,,,,4
68,1,select_coverage,2.0,exact,majority,e,0,1.0,1.0,1.0,1.0,0,,,,,,4
68,1,select_coverage,2.0,exact,cmar,e,0,1.0,1.0,1.0,1.0,0,,,,,,4
68,1,select_coverage,2.0,exact,top_k_avg,e,0,1.0,1.0,1.0,1.0,0,,,,,,4
68,1,select_coverage,2.0,exact,list,e,0,1.0,1.0,1.0,1.0,0,,,,,,4
68,1,select_coverage,3.0,DAC,list,e,0,1.0,1.0,1.0,1.0,0,,,,,,4
68,1,select_coverage,3.0,exact,majority,e,0,1.0,1.0,1.0,1.0,0,,,,,,4
68,1,select_coverage,3.0,exact,cmar,e,0,1.0,1.0,1.0,1.0,0,,,,,,4
68,1,select_coverage,3.0,exact,top_k_avg,e,0,1.0,1.0,1.0,1.0,0,,,,,,4
68,1,select_coverage,3.0,exact,list,e,0,1.0,1.0,1.0,1.0,0,,,,,,4
68,1,select_coverage,4.0,DAC,list,e,0,1.0,1.0,1.0,1.0,0,,,,,,4
68,1,select_coverage,4.0,exact,majority,e,0,1.0,1.0,1.0,1.0,0,,,,,,4
68,1,select_coverage,4.0,exact,cmar,e,0,1.0,1.0,1.0,1.0,0,,,,,,4
68,1,select_coverage,4.0,exact,top_k_avg,e,0,1.0,1.0,1.0,1.0,0,,,,,,4
68,1,select_coverage,4.0,exact,list,e,0,1.0,1.0,1.0,1.0,0,,,,,,4
68,1,select_coverage_CBA_M1,,DAC,list,e,3,1.0,1.0,1.0,1.0,0,0.9981538461538462,0.9981412639405204,0.9981537091131782,0.996314223241464,3.0,4
68,1,select_coverage_CBA_M1,,exact,majority,e,3,1.0,1.0,1.0,1.0,0,0.9981538461538462,0.9981412639405204,0.9981537091131782,0.996314223241464,3.0,4
68,1,select_coverage_CBA_M1,,exact,cmar,e,3,1.0,1.0,1.0,1.0,0,0.9981538461538462,0.9981412639405204,0.9981537091131782,0.996314223241464,3.0,4
68,1,select_coverage_CBA_M1,,exact,top_k_avg,e,3,1.0,1.0,1.0,1.0,0,0.9981538461538462,0.9981412639405204,0.9981537091131782,0.996314223241464,3.0,4
68,1,select_coverage_CBA_M1,,exact,list,e,3,1.0,1.0,1.0,1.0,0,0.9981538461538462,0.9981412639405204,0.9981537091131782,0.996314223241464,3.0,4
68,2,select_coverage,1.0,exact,majority,e,0,1.0,1.0,1.0,1.0,0,,,,,,4
68,2,select_coverage,1.0,exact,cmar,e,0,1.0,1.0,1.0,1.0,0,,,,,,4
68,2,select_coverage,1.0,exact,top_k_avg,e,0,1.0,1.0,1.0,1.0,0,,,,,,4
68,2,select_coverage,1.0,exact,list,e,0,1.0,1.0,1.0,1.0,0,,,,,,4
68,2,select_coverage,2.0,exact,majority,e,0,1.0,1.0,1.0,1.0,0,,,,,,4
68,2,select_coverage,2.0,exact,cmar,e,0,1.0,1.0,1.0,1.0,0,,,,,,4
68,2,select_coverage,2.0,exact,top_k_avg,e,0,1.0,1.0,1.0,1.0,0,,,,,,4
68,2,select_coverage,2.0,exact,list,e,0,1.0,1.0,1.0,1.0,0,,,,,,4
68,2,select_coverage,3.0,exact,majority,e,0,1.0,1.0,1.0,1.0,0,,,,,,4
68,2,select_coverage,3.0,exact,cmar,e,0,1.0,1.0,1.0,1.0,0,,,,,,4
68,2,select_coverage,3.0,exact,top_k_avg,e,0,1.0,1.0,1.0,1.0,0,,,,,,4
68,2,select_coverage,3.0,exact,list,e,0,1.0,1.0,1.0,1.0,0,,,,,,4
68,2,select_coverage,4.0,exact,majority,e,0,1.0,1.0,1.0,1.0,0,,,,,,4
68,2,select_coverage,4.0,exact,cmar,e,0,1.0,1.0,1.0,1.0,0,,,,,,4
68,2,select_coverage,4.0,exact,top_k_avg,e,0,1.0,1.0,1.0,1.0,0,,,,,,4
68,2,select_coverage,4.0,exact,list,e,0,1.0,1.0,1.0,1.0,0,,,,,,4
68,2,select_coverage_CBA_M1,,exact,majority,e,3,1.0,1.0,1.0,1.0,0,0.9981538461538462,0.9981412639405204,0.9981537091131782,0.996314223241464,3.0,4
68,2,select_coverage_CBA_M1,,exact,cmar,e,3,1.0,1.0,1.0,1.0,0,0.9981538461538462,0.9981412639405204,0.9981537091131782,0.996314223241464,3.0,4
68,2,select_coverage_CBA_M1,,exact,top_k_avg,e,3,1.0,1.0,1.0,1.0,0,0.9981538461538462,0.9981412639405204,0.9981537091131782,0.996314223241464,3.0,4
68,2,select_coverage_CBA_M1,,exact,list,e,3,1.0,1.0,1.0,1.0,0,0.9981538461538462,0.9981412639405204,0.9981537091131782,0.996314223241464,3.0,4
74,1,select_coverage,1.0,DAC,list,e,0,0.9981538461538462,0.9981226533166458,0.9981532167176506,0.9963132420739192,3,,,,,,4
74,1,select_coverage,1.0,exact,majority,e,0,0.9975384615384616,0.9975173264401324,0.9975376773251144,0.9950783787043442,4,,,,,,4
74,1,select_coverage,1.0,exact,cmar,e,0,0.9981538461538462,0.9981226533166458,0.9981532167176506,0.9963132420739192,3,,,,,,4
74,1,select_coverage,1.0,exact,top_k_avg,e,0,1.0,1.0,1.0,1.0,0,,,,,,4
74,1,select_coverage,1.0,exact,list,e,0,1.0,1.0,1.0,1.0,0,,,,,,4
74,1,select_coverage,2.0,DAC,list,e,0,0.9981538461538462,0.9981226533166458,0.9981532167176506,0.9963132420739192,3,,,,,,4
74,1,select_coverage,2.0,exact,majority,e,0,0.9987692307692309,0.998768890895702,0.998768890895702,0.997537781791404,2,,,,,,4
74,1,select_coverage,2.0,exact,cmar,e,0,0.9981538461538462,0.9981226533166458,0.9981532167176506,0.9963132420739192,3,,,,,,4
74,1,select_coverage,2.0,exact,top_k_avg,e,0,0.9981538461538462,0.9981226533166458,0.9981532167176506,0.9963132420739192,3,,,,,,4
74,1,select_coverage,2.0,exact,list,e,0,1.0,1.0,1.0,1.0,0,,,,,,4
74,1,select_coverage,3.0,DAC,list,e,0,0.9981538461538462,0.9981226533166458,0.9981532167176506,0.9963132420739192,3,,,,,,4
74,1,select_coverage,3.0,exact,majority,e,0,0.9987692307692309,0.998768890895702,0.998768890895702,0.997537781791404,2,,,,,,4
74,1,select_coverage,3.0,exact,cmar,e,0,0.9981538461538462,0.9981226533166458,0.9981532167176506,0.9963132420739192,3,,,,,,4
74,1,select_coverage,3.0,exact,top_k_avg,e,0,0.9993846153846154,0.9993742177722152,0.9993844326230256,0.998769622626085,1,,,,,,4
74,1,select_coverage,3.0,exact,list,e,0,1.0,1.0,1.0,1.0,0,,,,,,4
74,1,select_coverage,4.0,DAC,list,e,0,0.9981538461538462,0.9981226533166458,0.9981532167176506,0.9963132420739192,3,,,,,,4
74,1,select_coverage,4.0,exact,majority,e,0,0.9975384615384616,0.9975173264401324,0.9975376773251144,0.9950783787043442,4,,,,,,4
74,1,select_coverage,4.0,exact,cmar,e,0,0.9981538461538462,0.9981226533166458,0.9981532167176506,0.9963132420739192,3,,,,,,4
74,1,select_coverage,4.0,exact,top_k_avg,e,0,0.9993846153846154,0.9993742177722152,0.9993844326230256,0.998769622626085,1,,,,,,4
74,1,select_coverage,4.0,exact,list,e,0,1.0,1.0,1.0,1.0,0,,,,,,4
74,1,select_coverage_CBA_M1,,DAC,list,e,8,0.9981538461538462,0.9981226533166458,0.9981532167176506,0.9963132420739192,3,0.9932307692307693,0.993116395494368,0.9932270655176738,0.9865452587785892,11.0,4
74,1,select_coverage_CBA_M1,,exact,majority,e,8,0.9981538461538462,0.9981226533166458,0.9981532167176506,0.9963132420739192,3,0.9932307692307693,0.993116395494368,0.9932270655176738,0.9865452587785892,11.0,4
74,1,select_coverage_CBA_M1,,exact,cmar,e,8,0.9981538461538462,0.9981226533166458,0.9981532167176506,0.9963132420739192,3,0.9932307692307693,0.993116395494368,0.9932270655176738,0.9865452587785892,11.0,4
74,1,select_coverage_CBA_M1,,exact,top_k_avg,e,8,0.9981538461538462,0.9981226533166458,0.9981532167176506,0.9963132420739192,3,0.9932307692307693,0.993116395494368,0.9932270655176738,0.9865452587785892,11.0,4
74,1,select_coverage_CBA_M1,,exact,list,e,8,0.9981538461538462,0.9981226533166458,0.9981532167176506,0.9963132420739192,3,0.9932307692307693,0.993116395494368,0.9932270655176738,0.9865452587785892,11.0,4
74,2,select_coverage,1.0,exact,majority,e,0,0.9975384615384616,0.9975173264401324,0.9975376773251144,0.9950783787043442,4,,,,,,4
74,2,select_coverage,1.0,exact,cmar,e,0,0.9981538461538462,0.9981226533166458,0.9981532167176506,0.9963132420739192,3,,,,,,4
74,2,select_coverage,1.0,exact,top_k_avg,e,0,1.0,1.0,1.0,1.0,0,,,,,,4
74,2,select_coverage,1.0,exact,list,e,0,1.0,1.0,1.0,1.0,0,,,,,,4
74,2,select_coverage,2.0,exact,majority,e,0,0.9987692307692309,0.998768890895702,0.998768890895702,0.997537781791404,2,,,,,,4
74,2,select_coverage,2.0,exact,cmar,e,0,0.9981538461538462,0.9981226533166458,0.9981532167176506,0.9963132420739192,3,,,,,,4
74,2,select_coverage,2.0,exact,top_k_avg,e,0,0.9981538461538462,0.9981226533166458,0.9981532167176506,0.9963132420739192,3,,,,,,4
74,2,select_coverage,2.0,exact,list,e,0,1.0,1.0,1.0,1.0,0,,,,,,4
74,2,select_coverage,3.0,exact,majority,e,0,0.9987692307692309,0.998768890895702,0.998768890895702,0.997537781791404,2,,,,,,4
74,2,select_coverage,3.0,exact,cmar,e,0,0.9981538461538462,0.9981226533166458,0.9981532167176506,0.9963132420739192,3,,,,,,4
74,2,select_coverage,3.0,exact,top_k_avg,e,0,0.9993846153846154,0.9993742177722152,0.9993844326230256,0.998769622626085,1,,,,,,4
74,2,select_coverage,3.0,exact,list,e,0,1.0,1.0,1.0,1.0,0,,,,,,4
74,2,select_coverage,4.0,exact,majority,e,0,0.9975384615384616,0.9975173264401324,0.9975376773251144,0.9950783787043442,4,,,,,,4
74,2,select_coverage,4.0,exact,cmar,e,0,0.9981538461538462,0.9981226533166458,0.9981532167176506,0.9963132420739192,3,,,,,,4
74,2,select_coverage,4.0,exact,top_k_avg,e,0,0.9993846153846154,0.9993742177722152,0.9993844326230256,0.998769622626085,1,,,,,,4
74,2,select_coverage,4.0,exact,list,e,0,1.0,1.0,1.0,1.0,0,,,,,,4
74,2,select_coverage_CBA_M1,,exact,majority,e,8,0.9981538461538462,0.9981226533166458,0.9981532167176506,0.9963132420739192,3,0.9932307692307693,0.993116395494368,0.9932270655176738,0.9865452587785892,11.0,4
74,2,select_coverage_CBA_M1,,exact,cmar,e,8,0.9981538461538462,0.9981226533166458,0.9981532167176506,0.9963132420739192,3,0.9932307692307693,0.993116395494368,0.9932270655176738,0.9865452587785892,11.0,4
74,2,select_coverage_CBA_M1,,exact,top_k_avg,e,8,1.0,1.0,1.0,1.0,0,0.9950769230769232,0.9949937421777222,0.9950746381753428,0.9901975568197948,8.0,4
74,2,select_coverage_CBA_M1,,exact,list,e,8,1.0,1.0,1.0,1.0,0,0.9950769230769232,0.9949937421777222,0.9950746381753428,0.9901975568197948,8.0,4
76,1,select_coverage,1.0,DAC,list,e,0,0.9993846153846154,0.9994089834515368,0.9993835985629692,0.9987679565585138,1,,,,,,4
76,1,select_coverage,1.0,exact,majority,e,0,0.9975384615384616,0.9976359338061466,0.9975347561456632,0.9950816372100398,4,,,,,,4
76,1,select_coverage,1.0,exact,cmar,e,0,0.9975384615384616,0.9976359338061466,0.9975347561456632,0.9950816372100398,4,,,,,,4
76,1,select_coverage,1.0,exact,top_k_avg,e,0,1.0,1.0,1.0,1.0,0,,,,,,4
76,1,select_coverage,1.0,exact,list,e,0,1.0,1.0,1.0,1.0,0,,,,,,4
76,1,select_coverage,2.0,DAC,list,e,0,0.9993846153846154,0.9994089834515368,0.9993835985629692,0.9987679565585138,1,,,,,,4
76,1,select_coverage,2.0,exact,majority,e,0,0.9975384615384616,0.9976359338061466,0.9975347561456632,0.9950816372100398,4,,,,,,4
76,1,select_coverage,2.0,exact,cmar,e,0,0.9993846153846154,0.9994089834515368,0.9993835985629692,0.9987679565585138,1,,,,,,4
76,1,select_coverage,2.0,exact,top_k_avg,e,0,1.0,1.0,1.0,1.0,0,,,,,,4
76,1,select_coverage,2.0,exact,list,e,0,1.0,1.0,1.0,1.0,0,,,,,,4
76,1,select_coverage,3.0,DAC,list,e,0,0.9993846153846154,0.9994089834515368,0.9993835985629692,0.9987679565585138,1,,,,,,4
76,1,select_coverage,3.0,exact,majority,e,0,0.9981538461538462,0.99822695035461,0.9981509780472736,0.9963087812195291,3,,,,,,4
76,1,select_coverage,3.0,exact,cmar,e,0,0.9993846153846154,0.9994089834515368,0.9993835985629692,0.9987679565585138,1,,,,,,4
76,1,select_coverage,3.0,exact,top_k_avg,e,0,1.0,1.0,1.0,1.0,0,,,,,,4
76,1,select_coverage,3.0,exact,list,e,0,1.0,1.0,1.0,1.0,0,,,,,,4
76,1,select_coverage,4.0,DAC,list,e,0,0.9993846153846154,0.9994089834515368,0.9993835985629692,0.9987679565585138,1,,,,,,4
76,1,select_coverage,4.0,exact,majority,e,0,0.9975384615384616,0.9976359338061466,0.9975347561456632,0.9950816372100398,4,,,,,,4
76,1,select_coverage,4.0,exact,cmar,e,0,0.9981538461538462,0.99822695035461,0.9981509780472736,0.9963087812195291,3,,,,,,4
76,1,select_coverage,4.0,exact,top_k_avg,e,0,1.0,1.0,1.0,1.0,0,,,,,,4
76,1,select_coverage,4.0,exact,list,e,0,1.0,1.0,1.0,1.0,0,,,,,,4
76,1,select_coverage_CBA_M1,,DAC,list,e,30,0.9993846153846154,0.9994089834515368,0.9993835985629692,0.9987679565585138,1,0.9809230769230768,0.9801535277390848,0.9808562636975096,0.9623418481704852,31.0,4
76,1,select_coverage_CBA_M1,,exact,majority,e,30,1.0,1.0,1.0,1.0,0,0.9815384615384616,0.9807445442875482,0.9814724446795702,0.9636188977299328,30.0,4
76,1,select_coverage_CBA_M1,,exact,cmar,e,30,0.9993846153846154,0.9994089834515368,0.9993835985629692,0.9987679565585138,1,0.9809230769230768,0.9801535277390848,0.9808562636975096,0.9623418481704852,31.0,4
76,1,select_coverage_CBA_M1,,exact,top_k_avg,e,30,1.0,1.0,1.0,1.0,0,0.9815384615384616,0.9807445442875482,0.9814724446795702,0.9636188977299328,30.0,4
76,1,select_coverage_CBA_M1,,exact,list,e,30,1.0,1.0,1.0,1.0,0,0.9815384615384616,0.9807445442875482,0.9814724446795702,0.9636188977299328,30.0,4
76,2,select_coverage,1.0,exact,majority,e,0,0.9975384615384616,0.9976359338061466,0.9975347561456632,0.9950816372100398,4,,,,,,4
76,2,select_coverage,1.0,exact,cmar,e,0,0.9975384615384616,0.9976359338061466,0.9975347561456632,0.9950816372100398,4,,,,,,4
76,2,select_coverage,1.0,exact,top_k_avg,e,0,1.0,1.0,1.0,1.0,0,,,,,,4
76,2,select_coverage,1.0,exact,list,e,0,1.0,1.0,1.0,1.0,0,,,,,,4
76,2,select_coverage,2.0,exact,majority,e,0,0.9975384615384616,0.9976359338061466,0.9975347561456632,0.9950816372100398,4,,,,,,4
76,2,select_coverage,2.0,exact,cmar,e,0,0.9993846153846154,0.9994089834515368,0.9993835985629692,0.9987679565585138,1,,,,,,4
76,2,select_coverage,2.0,exact,top_k_avg,e,0,1.0,1.0,1.0,1.0,0,,,,,,4
76,2,select_coverage,2.0,exact,list,e,0,1.0,1.0,1.0,1.0,0,,,,,,4
76,2,select_coverage,3.0,exact,majority,e,0,0.9981538461538462,0.99822695035461,0.9981509780472736,0.9963087812195291,3,,,,,,4
76,2,select_coverage,3.0,exact,cmar,e,0,0.9993846153846154,0.9994089834515368,0.9993835985629692,0.9987679565585138,1,,,,,,4
76,2,select_coverage,3.0,exact,top_k_avg,e,0,1.0,1.0,1.0,1.0,0,,,,,,4
76,2,select_coverage,3.0,exact,list,e,0,1.0,1.0,1.0,1.0,0,,,,,,4
76,2,select_coverage,4.0,exact,majority,e,0,0.9975384615384616,0.9976359338061466,0.9975347561456632,0.9950816372100398,4,,,,,,4
76,2,select_coverage,4.0,exact,cmar,e,0,0.9981538461538462,0.99822695035461,0.9981509780472736,0.9963087812195291,3,,,,,,4
76,2,select_coverage,4.0,exact,top_k_avg,e,0,1.0,1.0,1.0,1.0,0,,,,,,4
76,2,select_coverage,4.0,exact,list,e,0,1.0,1.0,1.0,1.0,0,,,,,,4
76,2,select_coverage_CBA_M1,,exact,majority,e,4,1.0,1.0,1.0,1.0,0,0.9975384615384616,0.9974326059050064,0.99753375342998,0.9950796416198056,4.0,4
76,2,select_coverage_CBA_M1,,exact,cmar,e,4,0.9993846153846154,0.9994089834515368,0.9993835985629692,0.9987679565585138,1,0.9969230769230768,0.9968415893565432,0.996917356704512,0.993841534238632,5.0,4
76,2,select_coverage_CBA_M1,,exact,top_k_avg,e,4,1.0,1.0,1.0,1.0,0,0.9975384615384616,0.9974326059050064,0.99753375342998,0.9950796416198056,4.0,4
76,2,select_coverage_CBA_M1,,exact,list,e,4,1.0,1.0,1.0,1.0,0,0.9975384615384616,0.9974326059050064,0.99753375342998,0.9950796416198056,4.0,4
100,1,select_coverage,1.0,DAC,list,e,0,0.9987692307692309,0.9987484355444304,0.9987688386625572,0.99754070511271,2,,,,,,4
100,1,select_coverage,1.0,exact,majority,e,0,0.9987692307692309,0.9987484355444304,0.9987688386625572,0.99754070511271,2,,,,,,4
100,1,select_coverage,1.0,exact,cmar,e,0,0.9987692307692309,0.9987484355444304,0.9987688386625572,0.99754070511271,2,,,,,,4
100,1,select_coverage,1.0,exact,top_k_avg,e,0,1.0,1.0,1.0,1.0,0,,,,,,4
100,1,select_coverage,1.0,exact,list,e,0,1.0,1.0,1.0,1.0,0,,,,,,4
100,1,select_coverage,2.0,DAC,list,e,0,0.9987692307692309,0.9987484355444304,0.9987688386625572,0.99754070511271,2,,,,,,4
100,1,select_coverage,2.0,exact,majority,e,0,0.9987692307692309,0.9987484355444304,0.9987688386625572,0.99754070511271,2,,,,,,4
100,1,select_coverage,2.0,exact,cmar,e,0,0.9987692307692309,0.9987484355444304,0.9987688386625572,0.99754070511271,2,,,,,,4
100,1,select_coverage,2.0,exact,top_k_avg,e,0,1.0,1.0,1.0,1.0,0,,,,,,4
100,1,select_coverage,2.0,exact,list,e,0,1.0,1.0,1.0,1.0,0,,,,,,4
100,1,select_coverage,3.0,DAC,list,e,0,0.9987692307692309,0.9987484355444304,0.9987688386625572,0.99754070511271,2,,,,,,4
100,1,select_coverage,3.0,exact,majority,e,0,0.9987692307692309,0.9987484355444304,0.9987688386625572,0.99754070511271,2,,,,,,4
100,1,select_coverage,3.0,exact,cmar,e,0,0.9987692307692309,0.9987484355444304,0.9987688386625572,0.99754070511271,2,,,,,,4
100,1,select_coverage,3.0,exact,top_k_avg,e,0,1.0,1.0,1.0,1.0,0,,,,,,4
100,1,select_coverage,3.0,exact,list,e,0,1.0,1.0,1.0,1.0,0,,,,,,4
100,1,select_coverage,4.0,DAC,list,e,0,0.9987692307692309,0.9987484355444304,0.9987688386625572,0.99754070511271,2,,,,,,4
100,1,select_coverage,4.0,exact,majority,e,0,0.9987692307692309,0.9987484355444304,0.9987688386625572,0.99754070511271,2,,,,,,4
100,1,select_coverage,4.0,exact,cmar,e,0,0.9987692307692309,0.9987484355444304,0.9987688386625572,0.99754070511271,2,,,,,,4
100,1,select_coverage,4.0,exact,top_k_avg,e,0,1.0,1.0,1.0,1.0,0,,,,,,4
100,1,select_coverage,4.0,exact,list,e,0,1.0,1.0,1.0,1.0,0,,,,,,4
100,1,select_coverage_CBA_M1,,DAC,list,e,8,0.9987692307692309,0.9987484355444304,0.9987688386625572,0.99754070511271,2,0.9938461538461538,0.9937421777221528,0.9938429618043874,0.9877612776492108,10.0,4
100,1,select_coverage_CBA_M1,,exact,majority,e,8,0.9987692307692309,0.9987484355444304,0.9987688386625572,0.99754070511271,2,0.9938461538461538,0.9937421777221528,0.9938429618043874,0.9877612776492108,10.0,4
100,1,select_coverage_CBA_M1,,exact,cmar,e,8,0.9987692307692309,0.9987484355444304,0.9987688386625572,0.99754070511271,2,0.9938461538461538,0.9937421777221528,0.9938429618043874,0.9877612776492108,10.0,4
100,1,select_coverage_CBA_M1,,exact,top_k_avg,e,8,1.0,1.0,1.0,1.0,0,0.9950769230769232,0.9949937421777222,0.9950746381753428,0.9901975568197948,8.0,4
100,1,select_coverage_CBA_M1,,exact,list,e,8,1.0,1.0,1.0,1.0,0,0.9950769230769232,0.9949937421777222,0.9950746381753428,0.9901975568197948,8.0,4
100,2,select_coverage,1.0,exact,majority,e,0,0.9987692307692309,0.9987484355444304,0.9987688386625572,0.99754070511271,2,,,,,,4
100,2,select_coverage,1.0,exact,cmar,e,0,0.9987692307692309,0.9987484355444304,0.9987688386625572,0.99754070511271,2,,,,,,4
100,2,select_coverage,1.0,exact,top_k_avg,e,0,1.0,1.0,1.0,1.0,0,,,,,,4
100,2,select_coverage,1.0,exact,list,e,0,1.0,1.0,1.0,1.0,0,,,,,,4
100,2,select_coverage,2.0,exact,majority,e,0,0.9987692307692309,0.9987484355444304,0.9987688386625572,0.99754070511271,2,,,,,,4
100,2,select_coverage,2.0,exact,cmar,e,0,0.9987692307692309,0.9987484355444304,0.9987688386625572,0.99754070511271,2,,,,,,4
100,2,select_coverage,2.0,exact,top_k_avg,e,0,1.0,1.0,1.0,1.0,0,,,,,,4
100,2,select_coverage,2.0,exact,list,e,0,1.0,1.0,1.0,1.0,0,,,,,,4
100,2,select_coverage,3.0,exact,majority,e,0,0.9987692307692309,0.9987484355444304,0.9987688386625572,0.99754070511271,2,,,,,,4
100,2,select_coverage,3.0,exact,cmar,e,0,0.9987692307692309,0.9987484355444304,0.9987688386625572,0.99754070511271,2,,,,,,4
100,2,select_coverage,3.0,exact,top_k_avg,e,0,1.0,1.0,1.0,1.0,0,,,,,,4
100,2,select_coverage,3.0,exact,list,e,0,1.0,1.0,1.0,1.0,0,,,,,,4
100,2,select_coverage,4.0,exact,majority,e,0,0.9987692307692309,0.9987484355444304,0.9987688386625572,0.99754070511271,2,,,,,,4
100,2,select_coverage,4.0,exact,cmar,e,0,0.9987692307692309,0.9987484355444304,0.9987688386625572,0.99754070511271,2,,,,,,4
100,2,select_coverage,4.0,exact,top_k_avg,e,0,1.0,1.0,1.0,1.0,0,,,,,,4
100,2,select_coverage,4.0,exact,list,e,0,1.0,1.0,1.0,1.0,0,,,,,,4
100,2,select_coverage_CBA_M1,,exact,majority,e,8,0.9987692307692309,0.9987484355444304,0.9987688386625572,0.99754070511271,2,0.9938461538461538,0.9937421777221528,0.9938429618043874,0.9877612776492108,10.0,4
100,2,select_coverage_CBA_M1,,exact,cmar,e,8,0.9987692307692309,0.9987484355444304,0.9987688386625572,0.99754070511271,2,0.9938461538461538,0.9937421777221528,0.9938429618043874,0.9877612776492108,10.0,4
100,2,select_coverage_CBA_M1,,exact,top_k_avg,e,8,1.0,1.0,1.0,1.0,0,0.9950769230769232,0.9949937421777222,0.9950746381753428,0.9901975568197948,8.0,4
100,2,select_coverage_CBA_M1,,exact,list,e,8,1.0,1.0,1.0,1.0,0,0.9950769230769232,0.9949937421777222,0.9950746381753428,0.9901975568197948,8.0,4
114,1,select_coverage,1.0,DAC,list,e,0,1.0,1.0,1.0,1.0,0,,,,,,4
114,1,select_coverage,1.0,exact,majority,e,0,1.0,1.0,1.0,1.0,0,,,,,,4
114,1,select_coverage,1.0,exact,cmar,e,0,1.0,1.0,1.0,1.0,0,,,,,,4
114,1,select_coverage,1.0,exact,top_k_avg,e,0,1.0,1.0,1.0,1.0,0,,,,,,4
114,1,select_coverage,1.0,exact,list,e,0,1.0,1.0,1.0,1.0,0,,,,,,4
114,1,select_coverage,2.0,DAC,list,e,0,1.0,1.0,1.0,1.0,0,,,,,,4
114,1,select_coverage,2.0,exact,majority,e,0,1.0,1.0,1.0,1.0,0,,,,,,4
114,1,select_coverage,2.0,exact,cmar,e,0,1.0,1.0,1.0,1.0,0,,,,,,4
114,1,select_coverage,2.0,exact,top_k_avg,e,0,1.0,1.0,1.0,1.0,0,,,,,,4
114,1,select_coverage,2.0,exact,list,e,0,1.0,1.0,1.0,1.0,0,,,,,,4
114,1,select_coverage,3.0,DAC,list,e,0,1.0,1.0,1.0,1.0,0,,,,,,4
114,1,select_coverage,3.0,exact,majority,e,0,1.0,1.0,1.0,1.0,0,,,,,,4
114,1,select_coverage,3.0,exact,cmar,e,0,1.0,1.0,1.0,1.0,0,,,,,,4
114,1,select_coverage,3.0,exact,top_k_avg,e,0,1.0,1.0,1.0,1.0,0,,,,,,4
114,1,select_coverage,3.0,exact,list,e,0,1.0,1.0,1.0,1.0,0,,,,,,4
114,1,select_coverage,4.0,DAC,list,e,0,1.0,1.0,1.0,1.0,0,,,,,,4
114,1,select_coverage,4.0,exact,majority,e,0,1.0,1.0,1.0,1.0,0,,,,,,4
114,1,select_coverage,4.0,exact,cmar,e,0,1.0,1.0,1.0,1.0,0,,,,,,4
114,1,select_coverage,4.0,exact,top_k_avg,e,0,1.0,1.0,1.0,1.0,0,,,,,,4
114,1,select_coverage,4.0,exact,list,e,0,1.0,1.0,1.0,1.0,0,,,,,,4
114,1,select_coverage_CBA_M1,,DAC,list,e,1,1.0,1.0,1.0,1.0,0,0.9993846153846154,0.9993464052287582,0.9993824601192745,0.998765682477202,1.0,4
114,1,select_coverage_CBA_M1,,exact,majority,e,1,1.0,1.0,1.0,1.0,0,0.9993846153846154,0.9993464052287582,0.9993824601192745,0.998765682477202,1.0,4
114,1,select_coverage_CBA_M1,,exact,cmar,e,1,1.0,1.0,1.0,1.0,0,0.9993846153846154,0.9993464052287582,0.9993824601192745,0.998765682477202,1.0,4
114,1,select_coverage_CBA_M1,,exact,top_k_avg,e,1,1.0,1.0,1.0,1.0,0,0.9993846153846154,0.9993464052287582,0.9993824601192745,0.998765682477202,1.0,4
114,1,select_coverage_CBA_M1,,exact,list,e,1,1.0,1.0,1.0,1.0,0,0.9993846153846154,0.9993464052287582,0.9993824601192745,0.998765682477202,1.0,4
114,2,select_coverage,1.0,exact,majority,e,0,1.0,1.0,1.0,1.0,0,,,,,,4
114,2,select_coverage,1.0,exact,cmar,e,0,1.0,1.0,1.0,1.0,0,,,,,,4
114,2,select_coverage,1.0,exact,top_k_avg,e,0,1.0,1.0,1.0,1.0,0,,,,,,4
114,2,select_coverage,1.0,exact,list,e,0,1.0,1.0,1.0,1.0,0,,,,,,4
114,2,select_coverage,2.0,exact,majority,e,0,1.0,1.0,1.0,1.0,0,,,,,,4
114,2,select_coverage,2.0,exact,cmar,e,0,1.0,1.0,1.0,1.0,0,,,,,,4
114,2,select_coverage,2.0,exact,top_k_avg,e,0,1.0,1.0,1.0,1.0,0,,,,,,4
114,2,select_coverage,2.0,exact,list,e,0,1.0,1.0,1.0,1.0,0,,,,,,4
114,2,select_coverage,3.0,exact,majority,e,0,1.0,1.0,1.0,1.0,0,,,,,,4
114,2,select_coverage,3.0,exact,cmar,e,0,1.0,1.0,1.0,1.0,0,,,,,,4
114,2,select_coverage,3.0,exact,top_k_avg,e,0,1.0,1.0,1.0,1.0,0,,,,,,4
114,2,select_coverage,3.0,exact,list,e,0,1.0,1.0,1.0,1.0,0,,,,,,4
114,2,select_coverage,4.0,exact,majority,e,0,1.0,1.0,1.0,1.0,0,,,,,,4
114,2,select_coverage,4.0,exact,cmar,e,0,1.0,1.0,1.0,1.0,0,,,,,,4
114,2,select_coverage,4.0,exact,top_k_avg,e,0,1.0,1.0,1.0,1.0,0,,,,,,4
114,2,select_coverage,4.0,exact,list,e,0,1.0,1.0,1.0,1.0,0,,,,,,4
114,2,select_coverage_CBA_M1,,exact,majority,e,1,1.0,1.0,1.0,1.0,0,0.9993846153846154,0.9993464052287582,0.9993824601192745,0.998765682477202,1.0,4
114,2,select_coverage_CBA_M1,,exact,cmar,e,1,1.0,1.0,1.0,1.0,0,0.9993846153846154,0.9993464052287582,0.9993824601192745,0.998765682477202,1.0,4
114,2,select_coverage_CBA_M1,,exact,top_k_avg,e,1,1.0,1.0,1.0,1.0,0,0.9993846153846154,0.9993464052287582,0.9993824601192745,0.998765682477202,1.0,4
114,2,select_coverage_CBA_M1,,exact,list,e,1,1.0,1.0,1.0,1.0,0,0.9993846153846154,0.9993464052287582,0.9993824601192745,0.998765682477202,1.0,4
133,1,select_coverage,1.0,DAC,list,e,0,0.9987692307692309,0.9987373737373736,0.9987683683647266,0.9975397668278452,2,,,,,,4
133,1,select_coverage,1.0,exact,majority,e,0,0.9981538461538462,0.9981371336413354,0.9981526120549736,0.9963059811176048,3,,,,,,4
133,1,select_coverage,1.0,exact,cmar,e,0,0.9987692307692309,0.9987373737373736,0.9987683683647266,0.9975397668278452,2,,,,,,4
133,1,select_coverage,1.0,exact,top_k_avg,e,0,1.0,1.0,1.0,1.0,0,,,,,,4
133,1,select_coverage,1.0,exact,list,e,0,1.0,1.0,1.0,1.0,0,,,,,,4
133,1,select_coverage,2.0,DAC,list,e,0,0.9987692307692309,0.9987373737373736,0.9987683683647266,0.9975397668278452,2,,,,,,4
133,1,select_coverage,2.0,exact,majority,e,0,0.9987692307692309,0.9987684467726484,0.9987684467726484,0.997536893545297,2,,,,,,4
133,1,select_coverage,2.0,exact,cmar,e,0,0.9981538461538462,0.9981371336413354,0.9981526120549736,0.9963059811176048,3,,,,,,4
133,1,select_coverage,2.0,exact,top_k_avg,e,0,0.9987692307692309,0.9987373737373736,0.9987683683647266,0.9975397668278452,2,,,,,,4
133,1,select_coverage,2.0,exact,list,e,0,1.0,1.0,1.0,1.0,0,,,,,,4
133,1,select_coverage,3.0,DAC,list,e,0,0.9987692307692309,0.9987373737373736,0.9987683683647266,0.9975397668278452,2,,,,,,4
133,1,select_coverage,3.0,exact,majority,e,0,0.9993846153846154,0.9993997599039616,0.9993842422864504,0.9987692424210908,1,,,,,,4
133,1,select_coverage,3.0,exact,cmar,e,0,0.9981538461538462,0.9981371336413354,0.9981526120549736,0.9963059811176048,3,,,,,,4
133,1,select_coverage,3.0,exact,top_k_avg,e,0,0.9993846153846154,0.9993686868686869,0.9993842040183244,0.9987691659789816,1,,,,,,4
133,1,select_coverage,3.0,exact,list,e,0,1.0,1.0,1.0,1.0,0,,,,,,4
133,1,select_coverage,4.0,DAC,list,e,0,0.9987692307692309,0.9987373737373736,0.9987683683647266,0.9975397668278452,2,,,,,,4
133,1,select_coverage,4.0,exact,majority,e,0,0.9981538461538462,0.9981371336413354,0.9981526120549736,0.9963059811176048,3,,,,,,4
133,1,select_coverage,4.0,exact,cmar,e,0,0.9981538461538462,0.9981371336413354,0.9981526120549736,0.9963059811176048,3,,,,,,4
133,1,select_coverage,4.0,exact,top_k_avg,e,0,0.9993846153846154,0.9993686868686869,0.9993842040183244,0.9987691659789816,1,,,,,,4
133,1,select_coverage,4.0,exact,list,e,0,1.0,1.0,1.0,1.0,0,,,,,,4
133,1,select_coverage_CBA_M1,,DAC,list,e,4,0.9987692307692309,0.9987373737373736,0.9987683683647266,0.9975397668278452,2,0.9963076923076924,0.9962121212121212,0.9963046009423836,0.9926364131923952,6.0,4
133,1,select_coverage_CBA_M1,,exact,majority,e,4,0.9987692307692309,0.9987373737373736,0.9987683683647266,0.9975397668278452,2,0.9963076923076924,0.9962121212121212,0.9963046009423836,0.9926364131923952,6.0,4
133,1,select_coverage_CBA_M1,,exact,cmar,e,4,0.9987692307692309,0.9987373737373736,0.9987683683647266,0.9975397668278452,2,0.9963076923076924,0.9962121212121212,0.9963046009423836,0.9926364131923952,6.0,4
133,1,select_coverage_CBA_M1,,exact,top_k_avg,e,4,1.0,1.0,1.0,1.0,0,0.9975384615384616,0.9974747474747474,0.9975365724247708,0.9950852519525348,4.0,4
133,1,select_coverage_CBA_M1,,exact,list,e,4,1.0,1.0,1.0,1.0,0,0.9975384615384616,0.9974747474747474,0.9975365724247708,0.9950852519525348,4.0,4
133,2,select_coverage,1.0,exact,majority,e,0,0.9981538461538462,0.9981371336413354,0.9981526120549736,0.9963059811176048,3,,,,,,4
133,2,select_coverage,1.0,exact,cmar,e,0,0.9987692307692309,0.9987373737373736,0.9987683683647266,0.9975397668278452,2,,,,,,4
133,2,select_coverage,1.0,exact,top_k_avg,e,0,1.0,1.0,1.0,1.0,0,,,,,,4
133,2,select_coverage,1.0,exact,list,e,0,1.0,1.0,1.0,1.0,0,,,,,,4
133,2,select_coverage,2.0,exact,majority,e,0,0.9987692307692309,0.9987684467726484,0.9987684467726484,0.997536893545297,2,,,,,,4
133,2,select_coverage,2.0,exact,cmar,e,0,0.9981538461538462,0.9981371336413354,0.9981526120549736,0.9963059811176048,3,,,,,,4
133,2,select_coverage,2.0,exact,top_k_avg,e,0,0.9987692307692309,0.9987373737373736,0.9987683683647266,0.9975397668278452,2,,,,,,4
133,2,select_coverage,2.0,exact,list,e,0,1.0,1.0,1.0,1.0,0,,,,,,4
133,2,select_coverage,3.0,exact,majority,e,0,0.9993846153846154,0.9993997599039616,0.9993842422864504,0.9987692424210908,1,,,,,,4
133,2,select_coverage,3.0,exact,cmar,e,0,0.9981538461538462,0.9981371336413354,0.9981526120549736,0.9963059811176048,3,,,,,,4
133,2,select_coverage,3.0,exact,top_k_avg,e,0,0.9993846153846154,0.9993686868686869,0.9993842040183244,0.9987691659789816,1,,,,,,4
133,2,select_coverage,3.0,exact,list,e,0,1.0,1.0,1.0,1.0,0,,,,,,4
133,2,select_coverage,4.0,exact,majority,e,0,0.9981538461538462,0.9981371336413354,0.9981526120549736,0.9963059811176048,3,,,,,,4
133,2,select_coverage,4.0,exact,cmar,e,0,0.9981538461538462,0.9981371336413354,0.9981526120549736,0.9963059811176048,3,,,,,,4
133,2,select_coverage,4.0,exact,top_k_avg,e,0,0.9993846153846154,0.9993686868686869,0.9993842040183244,0.9987691659789816,1,,,,,,4
133,2,select_coverage,4.0,exact,list,e,0,1.0,1.0,1.0,1.0,0,,,,,,4
133,2,select_coverage_CBA_M1,,exact,majority,e,2,0.9987692307692309,0.9987373737373736,0.9987683683647266,0.9975397668278452,2,0.9975384615384616,0.9974747474747474,0.9975365724247708,0.9950852519525348,4.0,4
133,2,select_coverage_CBA_M1,,exact,cmar,e,2,0.9987692307692309,0.9987373737373736,0.9987683683647266,0.9975397668278452,2,0.9975384615384616,0.9974747474747474,0.9975365724247708,0.9950852519525348,4.0,4
133,2,select_coverage_CBA_M1,,exact,top_k_avg,e,2,1.0,1.0,1.0,1.0,0,0.9987692307692309,0.9987373737373736,0.9987683683647266,0.9975397668278452,2.0,4
133,2,select_coverage_CBA_M1,,exact,list,e,2,1.0,1.0,1.0,1.0,0,0.9987692307692309,0.9987373737373736,0.9987683683647266,0.9975397668278452,2.0,4
138,1,select_coverage,1.0,DAC,list,e,0,0.9981538461538462,0.9980569948186528,0.9981488998389638,0.9963046401253514,3,,,,,,4
138,1,select_coverage,1.0,exact,majority,e,0,0.9987692307692309,0.9987661651349398,0.9987661651349398,0.9975323302698796,2,,,,,,4
138,1,select_coverage,1.0,exact,cmar,e,0,0.9975384615384616,0.997470828347375,0.9975320229514272,0.9950670838271384,4,,,,,,4
138,1,select_coverage,1.0,exact,top_k_avg,e,0,0.9987692307692309,0.9987046632124352,0.9987660114757136,0.997535064643578,2,,,,,,4
138,1,select_coverage,1.0,exact,list,e,0,1.0,1.0,1.0,1.0,0,,,,,,4
138,1,select_coverage,2.0,DAC,list,e,0,0.9981538461538462,0.9980569948186528,0.9981488998389638,0.9963046401253514,3,,,,,,4
138,1,select_coverage,2.0,exact,majority,e,0,0.9987692307692309,0.9987661651349398,0.9987661651349398,0.9975323302698796,2,,,,,,4
138,1,select_coverage,2.0,exact,cmar,e,0,0.9981538461538462,0.9980569948186528,0.9981488998389638,0.9963046401253514,3,,,,,,4
138,1,select_coverage,2.0,exact,top_k_avg,e,0,0.9987692307692309,0.9987046632124352,0.9987660114757136,0.997535064643578,2,,,,,,4
138,1,select_coverage,2.0,exact,list,e,0,1.0,1.0,1.0,1.0,0,,,,,,4
138,1,select_coverage,3.0,DAC,list,e,0,0.9981538461538462,0.9980569948186528,0.9981488998389638,0.9963046401253514,3,,,,,,4
138,1,select_coverage,3.0,exact,majority,e,0,0.9993846153846154,0.9994138335287222,0.999383120272566,0.9987670011559856,1,,,,,,4
138,1,select_coverage,3.0,exact,cmar,e,0,0.9981538461538462,0.9980569948186528,0.9981488998389638,0.9963046401253514,3,,,,,,4
138,1,select_coverage,3.0,exact,top_k_avg,e,0,1.0,1.0,1.0,1.0,0,,,,,,4
138,1,select_coverage,3.0,exact,list,e,0,1.0,1.0,1.0,1.0,0,,,,,,4
138,1,select_coverage,4.0,DAC,list,e,0,0.9981538461538462,0.9980569948186528,0.9981488998389638,0.9963046401253514,3,,,,,,4
138,1,select_coverage,4.0,exact,majority,e,0,0.9987692307692309,0.9987661651349398,0.9987661651349398,0.9975323302698796,2,,,,,,4
138,1,select_coverage,4.0,exact,cmar,e,0,0.9981538461538462,0.9980569948186528,0.9981488998389638,0.9963046401253514,3,,,,,,4
138,1,select_coverage,4.0,exact,top_k_avg,e,0,1.0,1.0,1.0,1.0,0,,,,,,4
138,1,select_coverage,4.0,exact,list,e,0,1.0,1.0,1.0,1.0,0,,,,,,4
138,1,select_coverage_CBA_M1,,DAC,list,e,2,0.9981538461538462,0.9980569948186528,0.9981488998389638,0.9963046401253514,3,0.9969230769230768,0.996761658031088,0.9969144347111474,0.9938478521122138,5.0,4
138,1,select_coverage_CBA_M1,,exact,majority,e,2,0.9993846153846154,0.9993523316062176,0.9993830443892916,0.998766849576461,1,0.9981538461538462,0.9980569948186528,0.9981488998389638,0.9963046401253514,3.0,4
138,1,select_coverage_CBA_M1,,exact,cmar,e,2,0.9981538461538462,0.9980569948186528,0.9981488998389638,0.9963046401253514,3,0.9969230769230768,0.996761658031088,0.9969144347111474,0.9938478521122138,5.0,4
138,1,select_coverage_CBA_M1,,exact,top_k_avg,e,2,0.9987692307692309,0.9987046632124352,0.9987660114757136,0.997535064643578,2,0.9975384615384616,0.9974093264248703,0.9975317080580238,0.9950755709624712,4.0,4
138,1,select_coverage_CBA_M1,,exact,list,e,2,1.0,1.0,1.0,1.0,0,0.9987692307692309,0.9987046632124352,0.9987660114757136,0.997535064643578,2.0,4
138,2,select_coverage,1.0,exact,majority,e,0,0.9987692307692309,0.9987661651349398,0.9987661651349398,0.9975323302698796,2,,,,,,4
138,2,select_coverage,1.0,exact,cmar,e,0,0.9975384615384616,0.997470828347375,0.9975320229514272,0.9950670838271384,4,,,,,,4
138,2,select_coverage,1.0,exact,top_k_avg,e,0,0.9987692307692309,0.9987046632124352,0.9987660114757136,0.997535064643578,2,,,,,,4
138,2,select_coverage,1.0,exact,list,e,0,1.0,1.0,1.0,1.0,0,,,,,,4
138,2,select_coverage,2.0,exact,majority,e,0,0.9987692307692309,0.9987661651349398,0.9987661651349398,0.9975323302698796,2,,,,,,4
138,2,select_coverage,2.0,exact,cmar,e,0,0.9981538461538462,0.9980569948186528,0.9981488998389638,0.9963046401253514,3,,,,,,4
138,2,select_coverage,2.0,exact,top_k_avg,e,0,0.9987692307692309,0.9987046632124352,0.9987660114757136,0.997535064643578,2,,,,,,4
138,2,select_coverage,2.0,exact,list,e,0,1.0,1.0,1.0,1.0,0,,,,,,4
138,2,select_coverage,3.0,exact,majority,e,0,0.9993846153846154,0.9994138335287222,0.999383120272566,0.9987670011559856,1,,,,,,4
138,2,select_coverage,3.0,exact,cmar,e,0,0.9981538461538462,0.9980569948186528,0.9981488998389638,0.9963046401253514,3,,,,,,4
138,2,select_coverage,3.0,exact,top_k_avg,e,0,1.0,1.0,1.0,1.0,0,,,,,,4
138,2,select_coverage,3.0,exact,list,e,0,1.0,1.0,1.0,1.0,0,,,,,,4
138,2,select_coverage,4.0,exact,majority,e,0,0.9987692307692309,0.9987661651349398,0.9987661651349398,0.9975323302698796,2,,,,,,4
138,2,select_coverage,4.0,exact,cmar,e,0,0.9981538461538462,0.9980569948186528,0.9981488998389638,0.9963046401253514,3,,,,,,4
138,2,select_coverage,4.0,exact,top_k_avg,e,0,1.0,1.0,1.0,1.0,0,,,,,,4
138,2,select_coverage,4.0,exact,list,e,0,1.0,1.0,1.0,1.0,0,,,,,,4
138,2,select_coverage_CBA_M1,,exact,majority,e,2,0.9993846153846154,0.9993523316062176,0.9993830443892916,0.998766849576461,1,0.9981538461538462,0.9980569948186528,0.9981488998389638,0.9963046401253514,3.0,4
138,2,select_coverage_CBA_M1,,exact,cmar,e,2,0.9981538461538462,0.9980569948186528,0.9981488998389638,0.9963046401253514,3,0.9969230769230768,0.996761658031088,0.9969144347111474,0.9938478521122138,5.0,4
138,2,select_coverage_CBA_M1,,exact,top_k_avg,e,2,0.9987692307692309,0.9987046632124352,0.9987660114757136,0.997535064643578,2,0.9975384615384616,0.9974093264248703,0.9975317080580238,0.9950755709624712,4.0,4
138,2,select_coverage_CBA_M1,,exact,list,e,2,1.0,1.0,1.0,1.0,0,0.9987692307692309,0.9987046632124352,0.9987660114757136,0.997535064643578,2.0,4
148,1,select_coverage,1.0,DAC,list,e,0,0.9987692307692309,0.9987163029525032,0.9987670077060122,0.99753705220093,2,,,,,,4
148,1,select_coverage,1.0,exact,majority,e,0,1.0,1.0,1.0,1.0,0,,,,,,4
148,1,select_coverage,1.0,exact,cmar,e,0,1.0,1.0,1.0,1.0,0,,,,,,4
148,1,select_coverage,1.0,exact,top_k_avg,e,0,1.0,1.0,1.0,1.0,0,,,,,,4
148,1,select_coverage,1.0,exact,list,e,0,1.0,1.0,1.0,1.0,0,,,,,,4
148,1,select_coverage,2.0,DAC,list,e,0,0.9987692307692309,0.9987163029525032,0.9987670077060122,0.99753705220093,2,,,,,,4
148,1,select_coverage,2.0,exact,majority,e,0,1.0,1.0,1.0,1.0,0,,,,,,4
148,1,select_coverage,2.0,exact,cmar,e,0,0.9993846153846154,0.9993581514762516,0.9993835358939543,0.9987678313748192,1,,,,,,4
148,1,select_coverage,2.0,exact,top_k_avg,e,0,1.0,1.0,1.0,1.0,0,,,,,,4
148,1,select_coverage,2.0,exact,list,e,0,1.0,1.0,1.0,1.0,0,,,,,,4
148,1,select_coverage,3.0,DAC,list,e,0,0.9987692307692309,0.9987163029525032,0.9987670077060122,0.99753705220093,2,,,,,,4
148,1,select_coverage,3.0,exact,majority,e,0,1.0,1.0,1.0,1.0,0,,,,,,4
148,1,select_coverage,3.0,exact,cmar,e,0,1.0,1.0,1.0,1.0,0,,,,,,4
148,1,select_coverage,3.0,exact,top_k_avg,e,0,1.0,1.0,1.0,1.0,0,,,,,,4
148,1,select_coverage,3.0,exact,list,e,0,1.0,1.0,1.0,1.0,0,,,,,,4
148,1,select_coverage,4.0,DAC,list,e,0,0.9987692307692309,0.9987163029525032,0.9987670077060122,0.99753705220093,2,,,,,,4
148,1,select_coverage,4.0,exact,majority,e,0,0.9993846153846154,0.9994089834515368,0.9993835985629692,0.9987679565585138,1,,,,,,4
148,1,select_coverage,4.0,exact,cmar,e,0,0.9993846153846154,0.9994089834515368,0.9993835985629692,0.9987679565585138,1,,,,,,4
148,1,select_coverage,4.0,exact,top_k_avg,e,0,1.0,1.0,1.0,1.0,0,,,,,,4
148,1,select_coverage,4.0,exact,list,e,0,1.0,1.0,1.0,1.0,0,,,,,,4
148,1,select_coverage_CBA_M1,,DAC,list,e,0,0.9987692307692309,0.9987163029525032,0.9987670077060122,0.99753705220093,2,,,,,,4
148,1,select_coverage_CBA_M1,,exact,majority,e,0,0.9987692307692309,0.9987163029525032,0.9987670077060122,0.99753705220093,2,,,,,,4
148,1,select_coverage_CBA_M1,,exact,cmar,e,0,0.9987692307692309,0.9987163029525032,0.9987670077060122,0.99753705220093,2,,,,,,4
148,1,select_coverage_CBA_M1,,exact,top_k_avg,e,0,0.9987692307692309,0.9987163029525032,0.9987670077060122,0.99753705220093,2,,,,,,4
148,1,select_coverage_CBA_M1,,exact,list,e,0,0.9987692307692309,0.9987163029525032,0.9987670077060122,0.99753705220093,2,,,,,,4
148,2,select_coverage,1.0,exact,majority,e,0,1.0,1.0,1.0,1.0,0,,,,,,4
148,2,select_coverage,1.0,exact,cmar,e,0,1.0,1.0,1.0,1.0,0,,,,,,4
148,2,select_coverage,1.0,exact,top_k_avg,e,0,1.0,1.0,1.0,1.0,0,,,,,,4
148,2,select_coverage,1.0,exact,list,e,0,1.0,1.0,1.0,1.0,0,,,,,,4
148,2,select_coverage,2.0,exact,majority,e,0,1.0,1.0,1.0,1.0,0,,,,,,4
148,2,select_coverage,2.0,exact,cmar,e,0,0.9993846153846154,0.9993581514762516,0.9993835358939543,0.9987678313748192,1,,,,,,4
148,2,select_coverage,2.0,exact,top_k_avg,e,0,1.0,1.0,1.0,1.0,0,,,,,,4
148,2,select_coverage,2.0,exact,list,e,0,1.0,1.0,1.0,1.0,0,,,,,,4
148,2,select_coverage,3.0,exact,majority,e,0,1.0,1.0,1.0,1.0,0,,,,,,4
148,2,select_coverage,3.0,exact,cmar,e,0,1.0,1.0,1.0,1.0,0,,,,,,4
148,2,select_coverage,3.0,exact,top_k_avg,e,0,1.0,1.0,1.0,1.0,0,,,,,,4
148,2,select_coverage,3.0,exact,list,e,0,1.0,1.0,1.0,1.0,0,,,,,,4
148,2,select_coverage,4.0,exact,majority,e,0,0.9993846153846154,0.9994089834515368,0.9993835985629692,0.9987679565585138,1,,,,,,4
148,2,select_coverage,4.0,exact,cmar,e,0,0.9993846153846154,0.9994089834515368,0.9993835985629692,0.9987679565585138,1,,,,,,4
148,2,select_coverage,4.0,exact,top_k_avg,e,0,1.0,1.0,1.0,1.0,0,,,,,,4
148,2,select_coverage,4.0,exact,list,e,0,1.0,1.0,1.0,1.0,0,,,,,,4
148,2,select_coverage_CBA_M1,,exact,majority,e,0,0.9987692307692309,0.9987163029525032,0.9987670077060122,0.99753705220093,2,,,,,,4
148,2,select_coverage_CBA_M1,,exact,cmar,e,0,0.9987692307692309,0.9987163029525032,0.9987670077060122,0.99753705220093,2,,,,,,4
148,2,select_coverage_CBA_M1,,exact,top_k_avg,e,0,0.9987692307692309,0.9987163029525032,0.9987670077060122,0.99753705220093,2,,,,,,4
148,2,select_coverage_CBA_M1,,exact,list,e,0,0.9987692307692309,0.9987163029525032,0.9987670077060122,0.99753705220093,2,,,,,,4
5,1,select_coverage,1.0,DAC,list,e,0,0.9969230769230768,0.996889139414437,0.996921883269479,0.9938505674134324,5,,,,,,5
5,1,select_coverage,1.0,exact,majority,e,0,0.9975384615384616,0.9975157058304772,0.99753756538711,0.9950781551026122,4,,,,,,5
5,1,select_coverage,1.0,exact,cmar,e,0,0.9963076923076924,0.9962845444930344,0.9963063480806648,0.992615716755563,6,,,,,,5
5,1,select_coverage,1.0,exact,top_k_avg,e,0,1.0,1.0,1.0,1.0,0,,,,,,5
5,1,select_coverage,1.0,exact,list,e,0,0.9987692307692309,0.9987468671679198,0.998768782693555,0.9975405934496614,2,,,,,,5
5,1,select_coverage,2.0,DAC,list,e,0,0.9969230769230768,0.996889139414437,0.996921883269479,0.9938505674134324,5,,,,,,5
5,1,select_coverage,2.0,exact,majority,e,0,0.9975384615384616,0.9975157058304772,0.99753756538711,0.9950781551026122,4,,,,,,5
5,1,select_coverage,2.0,exact,cmar,e,0,0.9981538461538462,0.9981203007518796,0.9981531299616874,0.9963130692005248,3,,,,,,5
5,1,select_coverage,2.0,exact,top_k_avg,e,0,1.0,1.0,1.0,1.0,0,,,,,,5
5,1,select_coverage,2.0,exact,list,e,0,0.9987692307692309,0.9987468671679198,0.998768782693555,0.9975405934496614,2,,,,,,5
5,1,select_coverage,3.0,DAC,list,e,0,0.9963076923076924,0.9962845444930344,0.9963063480806648,0.992615716755563,6,,,,,,5
5,1,select_coverage,3.0,exact,majority,e,0,0.9981538461538462,0.9981422722465172,0.9981532167176506,0.996307189948408,3,,,,,,5
5,1,select_coverage,3.0,exact,cmar,e,0,0.9975384615384616,0.9975157058304772,0.99753756538711,0.9950781551026122,4,,,,,,5
5,1,select_coverage,3.0,exact,top_k_avg,e,0,0.9981538461538462,0.9981203007518796,0.9981531299616874,0.9963130692005248,3,,,,,,5
5,1,select_coverage,3.0,exact,list,e,0,0.9987692307692309,0.9987468671679198,0.998768782693555,0.9975405934496614,2,,,,,,5
5,1,select_coverage,4.0,DAC,list,e,0,0.9963076923076924,0.9962845444930344,0.9963063480806648,0.992615716755563,6,,,,,,5
5,1,select_coverage,4.0,exact,majority,e,0,0.9975384615384616,0.9975157058304772,0.99753756538711,0.9950781551026122,4,,,,,,5
5,1,select_coverage,4.0,exact,cmar,e,0,0.9975384615384616,0.9975157058304772,0.99753756538711,0.9950781551026122,4,,,,,,5
5,1,select_coverage,4.0,exact,top_k_avg,e,0,0.9981538461538462,0.9981203007518796,0.9981531299616874,0.9963130692005248,3,,,,,,5
5,1,select_coverage,4.0,exact,list,e,0,0.9987692307692309,0.9987468671679198,0.998768782693555,0.9975405934496614,2,,,,,,5
5,1,select_coverage_CBA_M1,,DAC,list,e,2,0.9975384615384616,0.9974937343358397,0.9975374459753532,0.995086990489762,4,0.9963076923076924,0.9962406015037594,0.9963059786315072,0.9926391483596664,6.0,5
5,1,select_coverage_CBA_M1,,exact,majority,e,2,0.9981538461538462,0.9981203007518796,0.9981531299616874,0.9963130692005248,3,0.9969230769230768,0.9968671679197996,0.9969217293326802,0.9938623519817604,5.0,5
5,1,select_coverage_CBA_M1,,exact,cmar,e,2,0.9975384615384616,0.9974937343358397,0.9975374459753532,0.995086990489762,4,0.9963076923076924,0.9962406015037594,0.9963059786315072,0.9926391483596664,6.0,5
5,1,select_coverage_CBA_M1,,exact,top_k_avg,e,2,1.0,1.0,1.0,1.0,0,0.9987692307692309,0.9987468671679198,0.998768782693555,0.9975405934496614,2.0,5
5,1,select_coverage_CBA_M1,,exact,list,e,2,0.9987692307692309,0.9987468671679198,0.998768782693555,0.9975405934496614,2,0.9975384615384616,0.9974937343358397,0.9975374459753532,0.995086990489762,4.0,5
5,2,select_coverage,1.0,exact,majority,e,0,0.9975384615384616,0.9975157058304772,0.99753756538711,0.9950781551026122,4,,,,,,5
5,2,select_coverage,1.0,exact,cmar,e,0,0.9963076923076924,0.9962845444930344,0.9963063480806648,0.992615716755563,6,,,,,,5
5,2,select_coverage,1.0,exact,top_k_avg,e,0,1.0,1.0,1.0,1.0,0,,,,,,5
5,2,select_coverage,1.0,exact,list,e,0,0.9987692307692309,0.9987468671679198,0.998768782693555,0.9975405934496614,2,,,,,,5
5,2,select_coverage,2.0,exact,majority,e,0,0.9975384615384616,0.9975157058304772,0.99753756538711,0.9950781551026122,4,,,,,,5
5,2,select_coverage,2.0,exact,cmar,e,0,0.9981538461538462,0.9981203007518796,0.9981531299616874,0.9963130692005248,3,,,,,,5
5,2,select_coverage,2.0,exact,top_k_avg,e,0,1.0,1.0,1.0,1.0,0,,,,,,5
5,2,select_coverage,2.0,exact,list,e,0,0.9987692307692309,0.9987468671679198,0.998768782693555,0.9975405934496614,2,,,,,,5
5,2,select_coverage,3.0,exact,majority,e,0,0.9981538461538462,0.9981422722465172,0.9981532167176506,0.996307189948408,3,,,,,,5
5,2,select_coverage,3.0,exact,cmar,e,0,0.9975384615384616,0.9975157058304772,0.99753756538711,0.9950781551026122,4,,,,,,5
5,2,select_coverage,3.0,exact,top_k_avg,e,0,0.9981538461538462,0.9981203007518796,0.9981531299616874,0.9963130692005248,3,,,,,,5
5,2,select_coverage,3.0,exact,list,e,0,0.9987692307692309,0.9987468671679198,0.998768782693555,0.9975405934496614,2,,,,,,5
5,2,select_coverage,4.0,exact,majority,e,0,0.9975384615384616,0.9975157058304772,0.99753756538711,0.9950781551026122,4,,,,,,5
5,2,select_coverage,4.0,exact,cmar,e,0,0.9975384615384616,0.9975157058304772,0.99753756538711,0.9950781551026122,4,,,,,,5
5,2,select_coverage,4.0,exact,top_k_avg,e,0,0.9981538461538462,0.9981203007518796,0.9981531299616874,0.9963130692005248,3,,,,,,5
5,2,select_coverage,4.0,exact,list,e,0,0.9987692307692309,0.9987468671679198,0.998768782693555,0.9975405934496614,2,,,,,,5
5,2,select_coverage_CBA_M1,,exact,majority,e,1,0.9981538461538462,0.9981203007518796,0.9981531299616874,0.9963130692005248,3,0.9975384615384616,0.9974937343358397,0.9975374459753532,0.995086990489762,4.0,5
5,2,select_coverage_CBA_M1,,exact,cmar,e,1,0.9975384615384616,0.9974937343358397,0.9975374459753532,0.995086990489762,4,0.9969230769230768,0.9968671679197996,0.9969217293326802,0.9938623519817604,5.0,5
5,2,select_coverage_CBA_M1,,exact,top_k_avg,e,1,1.0,1.0,1.0,1.0,0,0.9993846153846154,0.99937343358396,0.9993844055725504,0.9987695685916596,1.0,5
5,2,select_coverage_CBA_M1,,exact,list,e,1,0.9987692307692309,0.9987468671679198,0.998768782693555,0.9975405934496614,2,0.9981538461538462,0.9981203007518796,0.9981531299616874,0.9963130692005248,3.0,5
14,1,select_coverage,1.0,DAC,list,e,0,0.9981538461538462,0.9980985842562472,0.998143723405268,0.9962882111067488,3,,,,,,5
14,1,select_coverage,1.0,exact,majority,e,0,0.9993846153846154,0.99933598937583,0.9993812411350892,0.9987632475191576,1,,,,,,5
14,1,select_coverage,1.0,exact,cmar,e,0,0.9987692307692309,0.99867197875166,0.998762368696839,0.9975277970484429,2,,,,,,5
14,1,select_coverage,1.0,exact,top_k_avg,e,0,0.9987692307692309,0.99867197875166,0.998762368696839,0.9975277970484429,2,,,,,,5
14,1,select_coverage,1.0,exact,list,e,0,1.0,1.0,1.0,1.0,0,,,,,,5
14,1,select_coverage,2.0,DAC,list,e,0,0.9981538461538462,0.9980985842562472,0.998143723405268,0.9962882111067488,3,,,,,,5
14,1,select_coverage,2.0,exact,majority,e,0,0.9993846153846154,0.99933598937583,0.9993812411350892,0.9987632475191576,1,,,,,,5
14,1,select_coverage,2.0,exact,cmar,e,0,0.9987692307692309,0.99867197875166,0.998762368696839,0.9975277970484429,2,,,,,,5
14,1,select_coverage,2.0,exact,top_k_avg,e,0,1.0,1.0,1.0,1.0,0,,,,,,5
14,1,select_coverage,2.0,exact,list,e,0,1.0,1.0,1.0,1.0,0,,,,,,5
14,1,select_coverage,3.0,DAC,list,e,0,0.9981538461538462,0.9980985842562472,0.998143723405268,0.9962882111067488,3,,,,,,5
14,1,select_coverage,3.0,exact,majority,e,0,0.9993846153846154,0.99933598937583,0.9993812411350892,0.9987632475191576,1,,,,,,5
14,1,select_coverage,3.0,exact,cmar,e,0,0.9987692307692309,0.99867197875166,0.998762368696839,0.9975277970484429,2,,,,,,5
14,1,select_coverage,3.0,exact,top_k_avg,e,0,1.0,1.0,1.0,1.0,0,,,,,,5
14,1,select_coverage,3.0,exact,list,e,0,1.0,1.0,1.0,1.0,0,,,,,,5
14,1,select_coverage,4.0,DAC,list,e,0,0.9981538461538462,0.9980985842562472,0.998143723405268,0.9962882111067488,3,,,,,,5
14,1,select_coverage,4.0,exact,majority,e,0,0.9993846153846154,0.99933598937583,0.9993812411350892,0.9987632475191576,1,,,,,,5
14,1,select_coverage,4.0,exact,cmar,e,0,0.9987692307692309,0.99867197875166,0.998762368696839,0.9975277970484429,2,,,,,,5
14,1,select_coverage,4.0,exact,top_k_avg,e,0,1.0,1.0,1.0,1.0,0,,,,,,5
14,1,select_coverage,4.0,exact,list,e,0,1.0,1.0,1.0,1.0,0,,,,,,5
14,1,select_coverage_CBA_M1,,DAC,list,e,15,0.9981538461538462,0.9980985842562472,0.998143723405268,0.9962882111067488,3,0.9889230769230768,0.9881384248936974,0.9888460951799878,0.977886599639044,18.0,5
14,1,select_coverage_CBA_M1,,exact,majority,e,15,0.9987692307692309,0.99867197875166,0.998762368696839,0.9975277970484429,2,0.9895384615384616,0.9887118193891102,0.9894646678328946,0.9791489917514742,17.0,5
14,1,select_coverage_CBA_M1,,exact,cmar,e,15,0.9987692307692309,0.99867197875166,0.998762368696839,0.9975277970484429,2,0.9895384615384616,0.9887118193891102,0.9894646678328946,0.9791489917514742,17.0,5
14,1,select_coverage_CBA_M1,,exact,top_k_avg,e,15,1.0,1.0,1.0,1.0,0,0.9907692307692308,0.9900398406374502,0.990706032671298,0.9815832194808068,15.0,5
14,1,select_coverage_CBA_M1,,exact,list,e,15,1.0,1.0,1.0,1.0,0,0.9907692307692308,0.9900398406374502,0.990706032671298,0.9815832194808068,15.0,5
14,2,select_coverage,1.0,exact,majority,e,0,0.9993846153846154,0.99933598937583,0.9993812411350892,0.9987632475191576,1,,,,,,5
14,2,select_coverage,1.0,exact,cmar,e,0,0.9987692307692309,0.99867197875166,0.998762368696839,0.9975277970484429,2,,,,,,5
14,2,select_coverage,1.0,exact,top_k_avg,e,0,0.9987692307692309,0.99867197875166,0.998762368696839,0.9975277970484429,2,,,,,,5
14,2,select_coverage,1.0,exact,list,e,0,1.0,1.0,1.0,1.0,0,,,,,,5
14,2,select_coverage,2.0,exact,majority,e,0,0.9993846153846154,0.99933598937583,0.9993812411350892,0.9987632475191576,1,,,,,,5
14,2,select_coverage,2.0,exact,cmar,e,0,0.9987692307692309,0.99867197875166,0.998762368696839,0.9975277970484429,2,,,,,,5
14,2,select_coverage,2.0,exact,top_k_avg,e,0,1.0,1.0,1.0,1.0,0,,,,,,5
14,2,select_coverage,2.0,exact,list,e,0,1.0,1.0,1.0,1.0,0,,,,,,5
14,2,select_coverage,3.0,exact,majority,e,0,0.9993846153846154,0.99933598937583,0.9993812411350892,0.9987632475191576,1,,,,,,5
14,2,select_coverage,3.0,exact,cmar,e,0,0.9987692307692309,0.99867197875166,0.998762368696839,0.9975277970484429,2,,,,,,5
14,2,select_coverage,3.0,exact,top_k_avg,e,0,1.0,1.0,1.0,1.0,0,,,,,,5
14,2,select_coverage,3.0,exact,list,e,0,1.0,1.0,1.0,1.0,0,,,,,,5
14,2,select_coverage,4.0,exact,majority,e,0,0.9993846153846154,0.99933598937583,0.9993812411350892,0.9987632475191576,1,,,,,,5
14,2,select_coverage,4.0,exact,cmar,e,0,0.9987692307692309,0.99867197875166,0.998762368696839,0.9975277970484429,2,,,,,,5
14,2,select_coverage,4.0,exact,top_k_avg,e,0,1.0,1.0,1.0,1.0,0,,,,,,5
14,2,select_coverage,4.0,exact,list,e,0,1.0,1.0,1.0,1.0,0,,,,,,5
14,2,select_coverage_CBA_M1,,exact,majority,e,0,0.9987692307692309,0.99867197875166,0.998762368696839,0.9975277970484429,2,,,,,,5
14,2,select_coverage_CBA_M1,,exact,cmar,e,0,0.9987692307692309,0.99867197875166,0.998762368696839,0.9975277970484429,2,,,,,,5
14,2,select_coverage_CBA_M1,,exact,top_k_avg,e,0,0.9987692307692309,0.99867197875166,0.998762368696839,0.9975277970484429,2,,,,,,5
14,2,select_coverage_CBA_M1,,exact,list,e,0,1.0,1.0,1.0,1.0,0,,,,,,5
17,1,select_coverage,1.0,DAC,list,e,0,0.9975384615384616,0.9975582371426752,0.9975378787878788,0.9950787811362676,4,,,,,,5
17,1,select_coverage,1.0,exact,majority,e,0,0.9987692307692309,0.998768890895702,0.998768890895702,0.997537781791404,2,,,,,,5
17,1,select_coverage,1.0,exact,cmar,e,0,0.9987692307692309,0.998768890895702,0.998768890895702,0.997537781791404,2,,,,,,5
17,1,select_coverage,1.0,exact,top_k_avg,e,0,0.9975384615384616,0.9974968710888612,0.99753756538711,0.995087228142845,4,,,,,,5
17,1,select_coverage,1.0,exact,list,e,0,1.0,1.0,1.0,1.0,0,,,,,,5
17,1,select_coverage,2.0,DAC,list,e,0,0.9969230769230768,0.9969324549148906,0.9969222890290684,0.9938453335099704,5,,,,,,5
17,1,select_coverage,2.0,exact,majority,e,0,0.9993846153846154,0.9993742177722152,0.9993844326230256,0.998769622626085,1,,,,,,5
17,1,select_coverage,2.0,exact,cmar,e,0,0.9987692307692309,0.998768890895702,0.998768890895702,0.997537781791404,2,,,,,,5
17,1,select_coverage,2.0,exact,top_k_avg,e,0,0.9993846153846154,0.9993742177722152,0.9993844326230256,0.998769622626085,1,,,,,,5
17,1,select_coverage,2.0,exact,list,e,0,1.0,1.0,1.0,1.0,0,,,,,,5
17,1,select_coverage,3.0,DAC,list,e,0,0.9969230769230768,0.9969324549148906,0.9969222890290684,0.9938453335099704,5,,,,,,5
17,1,select_coverage,3.0,exact,majority,e,0,0.9993846153846154,0.9993946731234866,0.9993844578058136,0.9987696729297324,1,,,,,,5
17,1,select_coverage,3.0,exact,cmar,e,0,0.9987692307692309,0.998768890895702,0.998768890895702,0.997537781791404,2,,,,,,5
17,1,select_coverage,3.0,exact,top_k_avg,e,0,0.9993846153846154,0.9993742177722152,0.9993844326230256,0.998769622626085,1,,,,,,5
17,1,select_coverage,3.0,exact,list,e,0,1.0,1.0,1.0,1.0,0,,,,,,5
17,1,select_coverage,4.0,DAC,list,e,0,0.9975384615384616,0.997537781791404,0.997537781791404,0.9950755635828078,4,,,,,,5
17,1,select_coverage,4.0,exact,majority,e,0,0.9993846153846154,0.9993946731234866,0.9993844578058136,0.9987696729297324,1,,,,,,5
17,1,select_coverage,4.0,exact,cmar,e,0,0.9981538461538462,0.9981635640191886,0.998153373417441,0.9963075032198516,3,,,,,,5
17,1,select_coverage,4.0,exact,top_k_avg,e,0,0.9993846153846154,0.9993742177722152,0.9993844326230256,0.998769622626085,1,,,,,,5
17,1,select_coverage,4.0,exact,list,e,0,1.0,1.0,1.0,1.0,0,,,,,,5
17,1,select_coverage_CBA_M1,,DAC,list,e,2,0.9975384615384616,0.9975582371426752,0.9975378787878788,0.9950787811362676,4,0.9963076923076924,0.9963066726871058,0.9963066726871058,0.9926133453742118,6.0,5
17,1,select_coverage_CBA_M1,,exact,majority,e,2,0.9993846153846154,0.9993742177722152,0.9993844326230256,0.998769622626085,1,0.9981538461538462,0.9981226533166458,0.9981532167176506,0.9963132420739192,3.0,5
17,1,select_coverage_CBA_M1,,exact,cmar,e,2,0.9993846153846154,0.9993742177722152,0.9993844326230256,0.998769622626085,1,0.9981538461538462,0.9981226533166458,0.9981532167176506,0.9963132420739192,3.0,5
17,1,select_coverage_CBA_M1,,exact,top_k_avg,e,2,0.9975384615384616,0.9974968710888612,0.99753756538711,0.995087228142845,4,0.9963076923076924,0.9962453066332916,0.99630616896303,0.9926395262310964,6.0,5
17,1,select_coverage_CBA_M1,,exact,list,e,2,1.0,1.0,1.0,1.0,0,0.9987692307692309,0.9987484355444304,0.9987688386625572,0.99754070511271,2.0,5
17,2,select_coverage,1.0,exact,majority,e,0,0.9987692307692309,0.998768890895702,0.998768890895702,0.997537781791404,2,,,,,,5
17,2,select_coverage,1.0,exact,cmar,e,0,0.9987692307692309,0.998768890895702,0.998768890895702,0.997537781791404,2,,,,,,5
17,2,select_coverage,1.0,exact,top_k_avg,e,0,0.9975384615384616,0.9974968710888612,0.99753756538711,0.995087228142845,4,,,,,,5
17,2,select_coverage,1.0,exact,list,e,0,1.0,1.0,1.0,1.0,0,,,,,,5
17,2,select_coverage,2.0,exact,majority,e,0,0.9993846153846154,0.9993742177722152,0.9993844326230256,0.998769622626085,1,,,,,,5
17,2,select_coverage,2.0,exact,cmar,e,0,0.9987692307692309,0.998768890895702,0.998768890895702,0.997537781791404,2,,,,,,5
17,2,select_coverage,2.0,exact,top_k_avg,e,0,0.9993846153846154,0.9993742177722152,0.9993844326230256,0.998769622626085,1,,,,,,5
17,2,select_coverage,2.0,exact,list,e,0,1.0,1.0,1.0,1.0,0,,,,,,5
17,2,select_coverage,3.0,exact,majority,e,0,0.9993846153846154,0.9993946731234866,0.9993844578058136,0.9987696729297324,1,,,,,,5
17,2,select_coverage,3.0,exact,cmar,e,0,0.9987692307692309,0.998768890895702,0.998768890895702,0.997537781791404,2,,,,,,5
17,2,select_coverage,3.0,exact,top_k_avg,e,0,0.9993846153846154,0.9993742177722152,0.9993844326230256,0.998769622626085,1,,,,,,5
17,2,select_coverage,3.0,exact,list,e,0,1.0,1.0,1.0,1.0,0,,,,,,5
17,2,select_coverage,4.0,exact,majority,e,0,0.9993846153846154,0.9993946731234866,0.9993844578058136,0.9987696729297324,1,,,,,,5
17,2,select_coverage,4.0,exact,cmar,e,0,0.9981538461538462,0.9981635640191886,0.998153373417441,0.9963075032198516,3,,,,,,5
17,2,select_coverage,4.0,exact,top_k_avg,e,0,0.9993846153846154,0.9993742177722152,0.9993844326230256,0.998769622626085,1,,,,,,5
17,2,select_coverage,4.0,exact,list,e,0,1.0,1.0,1.0,1.0,0,,,,,,5
17,2,select_coverage_CBA_M1,,exact,majority,e,2,0.9993846153846154,0.9993742177722152,0.9993844326230256,0.998769622626085,1,0.9981538461538462,0.9981226533166458,0.9981532167176506,0.9963132420739192,3.0,5
17,2,select_coverage_CBA_M1,,exact,cmar,e,2,0.9993846153846154,0.9993742177722152,0.9993844326230256,0.998769622626085,1,0.9981538461538462,0.9981226533166458,0.9981532167176506,0.9963132420739192,3.0,5
17,2,select_coverage_CBA_M1,,exact,top_k_avg,e,2,0.9975384615384616,0.9974968710888612,0.99753756538711,0.995087228142845,4,0.9963076923076924,0.9962453066332916,0.99630616896303,0.9926395262310964,6.0,5
17,2,select_coverage_CBA_M1,,exact,list,e,2,1.0,1.0,1.0,1.0,0,0.9987692307692309,0.9987484355444304,0.9987688386625572,0.99754070511271,2.0,5
19,1,select_coverage,1.0,DAC,list,e,0,0.9987692307692309,0.9987690960544416,0.9987690960544416,0.9975381921088832,2,,,,,,5
19,1,select_coverage,1.0,exact,majority,e,0,0.9993846153846154,0.9993909866017052,0.9993845557192952,0.998769868515932,1,,,,,,5
19,1,select_coverage,1.0,exact,cmar,e,0,0.9987692307692309,0.9987690960544416,0.9987690960544416,0.9975381921088832,2,,,,,,5
19,1,select_coverage,1.0,exact,top_k_avg,e,0,0.9993846153846154,0.9993781094527364,0.9993845398687498,0.998769836853814,1,,,,,,5
19,1,select_coverage,1.0,exact,list,e,0,1.0,1.0,1.0,1.0,0,,,,,,5
19,1,select_coverage,2.0,DAC,list,e,0,0.9987692307692309,0.9987690960544416,0.9987690960544416,0.9975381921088832,2,,,,,,5
19,1,select_coverage,2.0,exact,majority,e,0,0.9993846153846154,0.9993909866017052,0.9993845557192952,0.998769868515932,1,,,,,,5
19,1,select_coverage,2.0,exact,cmar,e,0,0.9987692307692309,0.9987690960544416,0.9987690960544416,0.9975381921088832,2,,,,,,5
19,1,select_coverage,2.0,exact,top_k_avg,e,0,0.9993846153846154,0.9993781094527364,0.9993845398687498,0.998769836853814,1,,,,,,5
19,1,select_coverage,2.0,exact,list,e,0,1.0,1.0,1.0,1.0,0,,,,,,5
19,1,select_coverage,3.0,DAC,list,e,0,0.9987692307692309,0.9987690960544416,0.9987690960544416,0.9975381921088832,2,,,,,,5
19,1,select_coverage,3.0,exact,majority,e,0,0.9993846153846154,0.9993909866017052,0.9993845557192952,0.998769868515932,1,,,,,,5
19,1,select_coverage,3.0,exact,cmar,e,0,0.9987692307692309,0.9987690960544416,0.9987690960544416,0.9975381921088832,2,,,,,,5
19,1,select_coverage,3.0,exact,top_k_avg,e,0,1.0,1.0,1.0,1.0,0,,,,,,5
19,1,select_coverage,3.0,exact,list,e,0,1.0,1.0,1.0,1.0,0,,,,,,5
19,1,select_coverage,4.0,DAC,list,e,0,0.9987692307692309,0.9987690960544416,0.9987690960544416,0.9975381921088832,2,,,,,,5
19,1,select_coverage,4.0,exact,majority,e,0,0.9993846153846154,0.9993909866017052,0.9993845557192952,0.998769868515932,1,,,,,,5
19,1,select_coverage,4.0,exact,cmar,e,0,0.9987692307692309,0.9987690960544416,0.9987690960544416,0.9975381921088832,2,,,,,,5
19,1,select_coverage,4.0,exact,top_k_avg,e,0,1.0,1.0,1.0,1.0,0,,,,,,5
19,1,select_coverage,4.0,exact,list,e,0,1.0,1.0,1.0,1.0,0,,,,,,5
19,1,select_coverage_CBA_M1,,DAC,list,e,1,0.9993846153846154,0.9993781094527364,0.9993845398687498,0.998769836853814,1,0.9987692307692309,0.9987562189054726,0.9987690624876906,0.9975411516635264,2.0,5
19,1,select_coverage_CBA_M1,,exact,majority,e,1,1.0,1.0,1.0,1.0,0,0.9993846153846154,0.9993781094527364,0.9993845398687498,0.998769836853814,1.0,5
19,1,select_coverage_CBA_M1,,exact,cmar,e,1,0.9993846153846154,0.9993781094527364,0.9993845398687498,0.998769836853814,1,0.9987692307692309,0.9987562189054726,0.9987690624876906,0.9975411516635264,2.0,5
19,1,select_coverage_CBA_M1,,exact,top_k_avg,e,1,0.9993846153846154,0.9993781094527364,0.9993845398687498,0.998769836853814,1,0.9987692307692309,0.9987562189054726,0.9987690624876906,0.9975411516635264,2.0,5
19,1,select_coverage_CBA_M1,,exact,list,e,1,1.0,1.0,1.0,1.0,0,0.9993846153846154,0.9993781094527364,0.9993845398687498,0.998769836853814,1.0,5
19,2,select_coverage,1.0,exact,majority,e,0,0.9993846153846154,0.9993909866017052,0.9993845557192952,0.998769868515932,1,,,,,,5
19,2,select_coverage,1.0,exact,cmar,e,0,0.9987692307692309,0.9987690960544416,0.9987690960544416,0.9975381921088832,2,,,,,,5
19,2,select_coverage,1.0,exact,top_k_avg,e,0,0.9993846153846154,0.9993781094527364,0.9993845398687498,0.998769836853814,1,,,,,,5
19,2,select_coverage,1.0,exact,list,e,0,1.0,1.0,1.0,1.0,0,,,,,,5
19,2,select_coverage,2.0,exact,majority,e,0,0.9993846153846154,0.9993909866017052,0.9993845557192952,0.998769868515932,1,,,,,,5
19,2,select_coverage,2.0,exact,cmar,e,0,0.9987692307692309,0.9987690960544416,0.9987690960544416,0.9975381921088832,2,,,,,,5
19,2,select_coverage,2.0,exact,top_k_avg,e,0,0.9993846153846154,0.9993781094527364,0.9993845398687498,0.998769836853814,1,,,,,,5
19,2,select_coverage,2.0,exact,list,e,0,1.0,1.0,1.0,1.0,0,,,,,,5
19,2,select_coverage,3.0,exact,majority,e,0,0.9993846153846154,0.9993909866017052,0.9993845557192952,0.998769868515932,1,,,,,,5
19,2,select_coverage,3.0,exact,cmar,e,0,0.9987692307692309,0.9987690960544416,0.9987690960544416,0.9975381921088832,2,,,,,,5
19,2,select_coverage,3.0,exact,top_k_avg,e,0,1.0,1.0,1.0,1.0,0,,,,,,5
19,2,select_coverage,3.0,exact,list,e,0,1.0,1.0,1.0,1.0,0,,,,,,5
19,2,select_coverage,4.0,exact,majority,e,0,0.9993846153846154,0.9993909866017052,0.9993845557192952,0.998769868515932,1,,,,,,5
19,2,select_coverage,4.0,exact,cmar,e,0,0.9987692307692309,0.9987690960544416,0.9987690960544416,0.9975381921088832,2,,,,,,5
19,2,select_coverage,4.0,exact,top_k_avg,e,0,1.0,1.0,1.0,1.0,0,,,,,,5
19,2,select_coverage,4.0,exact,list,e,0,1.0,1.0,1.0,1.0,0,,,,,,5
19,2,select_coverage_CBA_M1,,exact,majority,e,1,1.0,1.0,1.0,1.0,0,0.9993846153846154,0.9993781094527364,0.9993845398687498,0.998769836853814,1.0,5
19,2,select_coverage_CBA_M1,,exact,cmar,e,1,0.9993846153846154,0.9993781094527364,0.9993845398687498,0.998769836853814,1,0.9987692307692309,0.9987562189054726,0.9987690624876906,0.9975411516635264,2.0,5
19,2,select_coverage_CBA_M1,,exact,top_k_avg,e,1,0.9993846153846154,0.9993781094527364,0.9993845398687498,0.998769836853814,1,0.9987692307692309,0.9987562189054726,0.9987690624876906,0.9975411516635264,2.0,5
19,2,select_coverage_CBA_M1,,exact,list,e,1,1.0,1.0,1.0,1.0,0,0.9993846153846154,0.9993781094527364,0.9993845398687498,0.998769836853814,1.0,5
29,1,select_coverage,1.0,DAC,list,e,0,0.9981538461538462,0.9981495956832483,0.9981537454728892,0.9963082470265512,3,,,,,,5
29,1,select_coverage,1.0,exact,majority,e,0,0.9975384615384616,0.9975383487394832,0.9975383487394832,0.995076697478966,4,,,,,,5
29,1,select_coverage,1.0,exact,cmar,e,0,0.9975384615384616,0.9975383487394832,0.9975383487394832,0.995076697478966,4,,,,,,5
29,1,select_coverage,1.0,exact,top_k_avg,e,0,0.9993846153846154,0.9993804213135068,0.9993845818242963,0.9987699206617496,1,,,,,,5
29,1,select_coverage,1.0,exact,list,e,0,1.0,1.0,1.0,1.0,0,,,,,,5
29,1,select_coverage,2.0,DAC,list,e,0,0.9981538461538462,0.9981495956832483,0.9981537454728892,0.9963082470265512,3,,,,,,5
29,1,select_coverage,2.0,exact,majority,e,0,0.9987692307692309,0.9987691743697416,0.9987691743697416,0.9975383487394832,2,,,,,,5
29,1,select_coverage,2.0,exact,cmar,e,0,0.9981538461538462,0.9981495956832483,0.9981537454728892,0.9963082470265512,3,,,,,,5
29,1,select_coverage,2.0,exact,top_k_avg,e,0,0.9987692307692309,0.9987608426270136,0.9987691519949584,0.9975413302384496,2,,,,,,5
29,1,select_coverage,2.0,exact,list,e,0,1.0,1.0,1.0,1.0,0,,,,,,5
29,1,select_coverage,3.0,DAC,list,e,0,0.9981538461538462,0.9981495956832483,0.9981537454728892,0.9963082470265512,3,,,,,,5
29,1,select_coverage,3.0,exact,majority,e,0,0.9993846153846154,0.9993887530562346,0.9993845920792268,0.9987699411463972,1,,,,,,5
29,1,select_coverage,3.0,exact,cmar,e,0,0.9981538461538462,0.9981495956832483,0.9981537454728892,0.9963082470265512,3,,,,,,5
29,1,select_coverage,3.0,exact,top_k_avg,e,0,1.0,1.0,1.0,1.0,0,,,,,,5
29,1,select_coverage,3.0,exact,list,e,0,1.0,1.0,1.0,1.0,0,,,,,,5
29,1,select_coverage,4.0,DAC,list,e,0,0.9981538461538462,0.9981495956832483,0.9981537454728892,0.9963082470265512,3,,,,,,5
29,1,select_coverage,4.0,exact,majority,e,0,0.9981538461538462,0.9981579274259762,0.99815377623768,0.996308308530982,3,,,,,,5
29,1,select_coverage,4.0,exact,cmar,e,0,0.9975384615384616,0.9975383487394832,0.9975383487394832,0.995076697478966,4,,,,,,5
29,1,select_coverage,4.0,exact,top_k_avg,e,0,1.0,1.0,1.0,1.0,0,,,,,,5
29,1,select_coverage,4.0,exact,list,e,0,1.0,1.0,1.0,1.0,0,,,,,,5
29,1,select_coverage_CBA_M1,,DAC,list,e,3,0.9981538461538462,0.9981495956832483,0.9981537454728892,0.9963082470265512,3,0.9963076923076924,0.9962908596237688,0.99630737767005,0.992626831061986,6.0,5
29,1,select_coverage_CBA_M1,,exact,majority,e,3,0.9987692307692309,0.9987608426270136,0.9987691519949584,0.9975413302384496,2,0.9969230769230768,0.996902106567534,0.9969227785964764,0.9938644376710416,5.0,5
29,1,select_coverage_CBA_M1,,exact,cmar,e,3,0.9981538461538462,0.9981495956832483,0.9981537454728892,0.9963082470265512,3,0.9963076923076924,0.9962908596237688,0.99630737767005,0.992626831061986,6.0,5
29,1,select_coverage_CBA_M1,,exact,top_k_avg,e,3,0.9987692307692309,0.9987608426270136,0.9987691519949584,0.9975413302384496,2,0.9969230769230768,0.996902106567534,0.9969227785964764,0.9938644376710416,5.0,5
29,1,select_coverage_CBA_M1,,exact,list,e,3,0.9987692307692309,0.9987608426270136,0.9987691519949584,0.9975413302384496,2,0.9969230769230768,0.996902106567534,0.9969227785964764,0.9938644376710416,5.0,5
29,2,select_coverage,1.0,exact,majority,e,0,0.9975384615384616,0.9975383487394832,0.9975383487394832,0.995076697478966,4,,,,,,5
29,2,select_coverage,1.0,exact,cmar,e,0,0.9975384615384616,0.9975383487394832,0.9975383487394832,0.995076697478966,4,,,,,,5
29,2,select_coverage,1.0,exact,top_k_avg,e,0,0.9993846153846154,0.9993804213135068,0.9993845818242963,0.9987699206617496,1,,,,,,5
29,2,select_coverage,1.0,exact,list,e,0,1.0,1.0,1.0,1.0,0,,,,,,5
29,2,select_coverage,2.0,exact,majority,e,0,0.9987692307692309,0.9987691743697416,0.9987691743697416,0.9975383487394832,2,,,,,,5
29,2,select_coverage,2.0,exact,cmar,e,0,0.9981538461538462,0.9981495956832483,0.9981537454728892,0.9963082470265512,3,,,,,,5
29,2,select_coverage,2.0,exact,top_k_avg,e,0,0.9987692307692309,0.9987608426270136,0.9987691519949584,0.9975413302384496,2,,,,,,5
29,2,select_coverage,2.0,exact,list,e,0,1.0,1.0,1.0,1.0,0,,,,,,5
29,2,select_coverage,3.0,exact,majority,e,0,0.9993846153846154,0.9993887530562346,0.9993845920792268,0.9987699411463972,1,,,,,,5
29,2,select_coverage,3.0,exact,cmar,e,0,0.9981538461538462,0.9981495956832483,0.9981537454728892,0.9963082470265512,3,,,,,,5
29,2,select_coverage,3.0,exact,top_k_avg,e,0,1.0,1.0,1.0,1.0,0,,,,,,5
29,2,select_coverage,3.0,exact,list,e,0,1.0,1.0,1.0,1.0,0,,,,,,5
29,2,select_coverage,4.0,exact,majority,e,0,0.9981538461538462,0.9981579274259762,0.99815377623768,0.996308308530982,3,,,,,,5
29,2,select_coverage,4.0,exact,cmar,e,0,0.9975384615384616,0.9975383487394832,0.9975383487394832,0.995076697478966,4,,,,,,5
29,2,select_coverage,4.0,exact,top_k_avg,e,0,1.0,1.0,1.0,1.0,0,,,,,,5
29,2,select_coverage,4.0,exact,list,e,0,1.0,1.0,1.0,1.0,0,,,,,,5
29,2,select_coverage_CBA_M1,,exact,majority,e,3,0.9987692307692309,0.9987608426270136,0.9987691519949584,0.9975413302384496,2,0.9969230769230768,0.996902106567534,0.9969227785964764,0.9938644376710416,5.0,5
29,2,select_coverage_CBA_M1,,exact,cmar,e,3,0.9981538461538462,0.9981495956832483,0.9981537454728892,0.9963082470265512,3,0.9963076923076924,0.9962908596237688,0.99630737767005,0.992626831061986,6.0,5
29,2,select_coverage_CBA_M1,,exact,top_k_avg,e,3,1.0,1.0,1.0,1.0,0,0.9981538461538462,0.9981412639405204,0.9981537091131782,0.996314223241464,3.0,5
29,2,select_coverage_CBA_M1,,exact,list,e,3,1.0,1.0,1.0,1.0,0,0.9981538461538462,0.9981412639405204,0.9981537091131782,0.996314223241464,3.0,5
31,1,select_coverage,1.0,DAC,list,e,0,0.9975384615384616,0.997472653948703,0.9975323302698796,0.9950676977093798,4,,,,,,5
31,1,select_coverage,1.0,exact,majority,e,0,0.9975384615384616,0.997472653948703,0.9975323302698796,0.9950676977093798,4,,,,,,5
31,1,select_coverage,1.0,exact,cmar,e,0,0.9975384615384616,0.997472653948703,0.9975323302698796,0.9950676977093798,4,,,,,,5
31,1,select_coverage,1.0,exact,top_k_avg,e,0,1.0,1.0,1.0,1.0,0,,,,,,5
31,1,select_coverage,1.0,exact,list,e,0,0.9987692307692309,0.998706338939198,0.9987661651349398,0.9975353712054932,2,,,,,,5
31,1,select_coverage,2.0,DAC,list,e,0,0.9975384615384616,0.997472653948703,0.9975323302698796,0.9950676977093798,4,,,,,,5
31,1,select_coverage,2.0,exact,majority,e,0,0.9975384615384616,0.997472653948703,0.9975323302698796,0.9950676977093798,4,,,,,,5
31,1,select_coverage,2.0,exact,cmar,e,0,0.9975384615384616,0.997472653948703,0.9975323302698796,0.9950676977093798,4,,,,,,5
31,1,select_coverage,2.0,exact,top_k_avg,e,0,0.9987692307692309,0.998706338939198,0.9987661651349398,0.9975353712054932,2,,,,,,5
31,1,select_coverage,2.0,exact,list,e,0,0.9987692307692309,0.998706338939198,0.9987661651349398,0.9975353712054932,2,,,,,,5
31,1,select_coverage,3.0,DAC,list,e,0,0.9975384615384616,0.997472653948703,0.9975323302698796,0.9950676977093798,4,,,,,,5
31,1,select_coverage,3.0,exact,majority,e,0,0.9981538461538462,0.998119484479104,0.998149360817698,0.996299481304982,3,,,,,,5
31,1,select_coverage,3.0,exact,cmar,e,0,0.9975384615384616,0.997472653948703,0.9975323302698796,0.9950676977093798,4,,,,,,5
31,1,select_coverage,3.0,exact,top_k_avg,e,0,0.9987692307692309,0.998706338939198,0.9987661651349398,0.9975353712054932,2,,,,,,5
31,1,select_coverage,3.0,exact,list,e,0,0.9987692307692309,0.998706338939198,0.9987661651349398,0.9975353712054932,2,,,,,,5
31,1,select_coverage,4.0,DAC,list,e,0,0.9975384615384616,0.997472653948703,0.9975323302698796,0.9950676977093798,4,,,,,,5
31,1,select_coverage,4.0,exact,majority,e,0,0.9981538461538462,0.998119484479104,0.998149360817698,0.996299481304982,3,,,,,,5
31,1,select_coverage,4.0,exact,cmar,e,0,0.9975384615384616,0.997472653948703,0.9975323302698796,0.9950676977093798,4,,,,,,5
31,1,select_coverage,4.0,exact,top_k_avg,e,0,0.9987692307692309,0.998706338939198,0.9987661651349398,0.9975353712054932,2,,,,,,5
31,1,select_coverage,4.0,exact,list,e,0,0.9987692307692309,0.998706338939198,0.9987661651349398,0.9975353712054932,2,,,,,,5
31,1,select_coverage_CBA_M1,,DAC,list,e,0,0.9963076923076924,0.996178992887901,0.9962980344271408,0.9926082055356804,6,,,,,,5
31,1,select_coverage_CBA_M1,,exact,majority,e,0,0.9975384615384616,0.9974126778783958,0.9975320229514272,0.9950761976557904,4,,,,,,5
31,1,select_coverage_CBA_M1,,exact,cmar,e,0,0.9975384615384616,0.9974126778783958,0.9975320229514272,0.9950761976557904,4,,,,,,5
31,1,select_coverage_CBA_M1,,exact,top_k_avg,e,0,0.9987692307692309,0.9987663150095052,0.9987663150095052,0.9975326300190102,2,,,,,,5
31,1,select_coverage_CBA_M1,,exact,list,e,0,0.9981538461538462,0.9980595084087968,0.9981491331678752,0.9963051050620084,3,,,,,,5
31,2,select_coverage,1.0,exact,majority,e,0,0.9975384615384616,0.997472653948703,0.9975323302698796,0.9950676977093798,4,,,,,,5
31,2,select_coverage,1.0,exact,cmar,e,0,0.9975384615384616,0.997472653948703,0.9975323302698796,0.9950676977093798,4,,,,,,5
31,2,select_coverage,1.0,exact,top_k_avg,e,0,1.0,1.0,1.0,1.0,0,,,,,,5
31,2,select_coverage,1.0,exact,list,e,0,0.9987692307692309,0.998706338939198,0.9987661651349398,0.9975353712054932,2,,,,,,5
31,2,select_coverage,2.0,exact,majority,e,0,0.9975384615384616,0.997472653948703,0.9975323302698796,0.9950676977093798,4,,,,,,5
31,2,select_coverage,2.0,exact,cmar,e,0,0.9975384615384616,0.997472653948703,0.9975323302698796,0.9950676977093798,4,,,,,,5
31,2,select_coverage,2.0,exact,top_k_avg,e,0,0.9987692307692309,0.998706338939198,0.9987661651349398,0.9975353712054932,2,,,,,,5
31,2,select_coverage,2.0,exact,list,e,0,0.9987692307692309,0.998706338939198,0.9987661651349398,0.9975353712054932,2,,,,,,5
31,2,select_coverage,3.0,exact,majority,e,0,0.9981538461538462,0.998119484479104,0.998149360817698,0.996299481304982,3,,,,,,5
31,2,select_coverage,3.0,exact,cmar,e,0,0.9975384615384616,0.997472653948703,0.9975323302698796,0.9950676977093798,4,,,,,,5
31,2,select_coverage,3.0,exact,top_k_avg,e,0,0.9987692307692309,0.998706338939198,0.9987661651349398,0.9975353712054932,2,,,,,,5
31,2,select_coverage,3.0,exact,list,e,0,0.9987692307692309,0.998706338939198,0.9987661651349398,0.9975353712054932,2,,,,,,5
31,2,select_coverage,4.0,exact,majority,e,0,0.9981538461538462,0.998119484479104,0.998149360817698,0.996299481304982,3,,,,,,5
31,2,select_coverage,4.0,exact,cmar,e,0,0.9975384615384616,0.997472653948703,0.9975323302698796,0.9950676977093798,4,,,,,,5
31,2,select_coverage,4.0,exact,top_k_avg,e,0,0.9987692307692309,0.998706338939198,0.9987661651349398,0.9975353712054932,2,,,,,,5
31,2,select_coverage,4.0,exact,list,e,0,0.9987692307692309,0.998706338939198,0.9987661651349398,0.9975353712054932,2,,,,,,5
31,2,select_coverage_CBA_M1,,exact,majority,e,0,0.9975384615384616,0.9974126778783958,0.9975320229514272,0.9950761976557904,4,,,,,,5
31,2,select_coverage_CBA_M1,,exact,cmar,e,0,0.9975384615384616,0.9974126778783958,0.9975320229514272,0.9950761976557904,4,,,,,,5
31,2,select_coverage_CBA_M1,,exact,top_k_avg,e,0,0.9987692307692309,0.9987663150095052,0.9987663150095052,0.9975326300190102,2,,,,,,5
31,2,select_coverage_CBA_M1,,exact,list,e,0,0.9981538461538462,0.9980595084087968,0.9981491331678752,0.9963051050620084,3,,,,,,5
34,1,select_coverage,1.0,DAC,list,e,0,0.9950769230769232,0.9951084286935798,0.9950731448495412,0.990149308980666,8,,,,,,5
34,1,select_coverage,1.0,exact,majority,e,0,0.9975384615384616,0.9975007731911874,0.997536221336778,0.9950754702961891,4,,,,,,5
34,1,select_coverage,1.0,exact,cmar,e,0,0.9975384615384616,0.9975007731911874,0.997536221336778,0.9950754702961891,4,,,,,,5
34,1,select_coverage,1.0,exact,top_k_avg,e,0,1.0,1.0,1.0,1.0,0,,,,,,5
34,1,select_coverage,1.0,exact,list,e,0,1.0,1.0,1.0,1.0,0,,,,,,5
34,1,select_coverage,2.0,DAC,list,e,0,0.9950769230769232,0.9951084286935798,0.9950731448495412,0.990149308980666,8,,,,,,5
34,1,select_coverage,2.0,exact,majority,e,0,0.9975384615384616,0.9975007731911874,0.997536221336778,0.9950754702961891,4,,,,,,5
34,1,select_coverage,2.0,exact,cmar,e,0,0.9975384615384616,0.9975007731911874,0.997536221336778,0.9950754702961891,4,,,,,,5
34,1,select_coverage,2.0,exact,top_k_avg,e,0,0.9987692307692309,0.9987325728770596,0.998768110668389,0.9975392527017272,2,,,,,,5
34,1,select_coverage,2.0,exact,list,e,0,1.0,1.0,1.0,1.0,0,,,,,,5
34,1,select_coverage,3.0,DAC,list,e,0,0.9950769230769232,0.9951084286935798,0.9950731448495412,0.990149308980666,8,,,,,,5
34,1,select_coverage,3.0,exact,majority,e,0,0.9987692307692309,0.9987682003141278,0.9987682003141278,0.9975364006282558,2,,,,,,5
34,1,select_coverage,3.0,exact,cmar,e,0,0.9975384615384616,0.9975007731911874,0.997536221336778,0.9950754702961891,4,,,,,,5
34,1,select_coverage,3.0,exact,top_k_avg,e,0,0.9975384615384616,0.9974651457541192,0.99753603454707,0.9950841814717698,4,,,,,,5
34,1,select_coverage,3.0,exact,list,e,0,1.0,1.0,1.0,1.0,0,,,,,,5
34,1,select_coverage,4.0,DAC,list,e,0,0.9950769230769232,0.9951084286935798,0.9950731448495412,0.990149308980666,8,,,,,,5
34,1,select_coverage,4.0,exact,majority,e,0,0.9981538461538462,0.9981344867526576,0.9981522339396912,0.99630522519638,3,,,,,,5
34,1,select_coverage,4.0,exact,cmar,e,0,0.9975384615384616,0.9975007731911874,0.997536221336778,0.9950754702961891,4,,,,,,5
34,1,select_coverage,4.0,exact,top_k_avg,e,0,0.9993846153846154,0.9993662864385298,0.999384077979897,0.998768914212232,1,,,,,,5
34,1,select_coverage,4.0,exact,list,e,0,1.0,1.0,1.0,1.0,0,,,,,,5
34,1,select_coverage_CBA_M1,,DAC,list,e,3,0.9950769230769232,0.9951084286935798,0.9950731448495412,0.990149308980666,8,0.9932307692307693,0.9932072880091692,0.9932248577788676,0.9864504691329712,11.0,5
34,1,select_coverage_CBA_M1,,exact,majority,e,3,0.9981538461538462,0.9980988593155892,0.9981520966595594,0.9963110102037598,3,0.9963076923076924,0.9961977186311788,0.99630376038359,0.992634744409635,6.0,5
34,1,select_coverage_CBA_M1,,exact,cmar,e,3,0.9975384615384616,0.9975007731911874,0.997536221336778,0.9950754702961891,4,0.9956923076923077,0.9955996325067769,0.9956878920938116,0.9913946762161664,7.0,5
34,1,select_coverage_CBA_M1,,exact,top_k_avg,e,3,1.0,1.0,1.0,1.0,0,0.9981538461538462,0.9980988593155892,0.9981520966595594,0.9963110102037598,3.0,5
34,1,select_coverage_CBA_M1,,exact,list,e,3,1.0,1.0,1.0,1.0,0,0.9981538461538462,0.9980988593155892,0.9981520966595594,0.9963110102037598,3.0,5
34,2,select_coverage,1.0,exact,majority,e,0,0.9975384615384616,0.9975007731911874,0.997536221336778,0.9950754702961891,4,,,,,,5
34,2,select_coverage,1.0,exact,cmar,e,0,0.9975384615384616,0.9975007731911874,0.997536221336778,0.9950754702961891,4,,,,,,5
34,2,select_coverage,1.0,exact,top_k_avg,e,0,1.0,1.0,1.0,1.0,0,,,,,,5
34,2,select_coverage,1.0,exact,list,e,0,1.0,1.0,1.0,1.0,0,,,,,,5
34,2,select_coverage,2.0,exact,majority,e,0,0.9975384615384616,0.9975007731911874,0.997536221336778,0.9950754702961891,4,,,,,,5
34,2,select_coverage,2.0,exact,cmar,e,0,0.9975384615384616,0.9975007731911874,0.997536221336778,0.9950754702961891,4,,,,,,5
34,2,select_coverage,2.0,exact,top_k_avg,e,0,0.9987692307692309,0.9987325728770596,0.998768110668389,0.9975392527017272,2,,,,,,5
34,2,select_coverage,2.0,exact,list,e,0,1.0,1.0,1.0,1.0,0,,,,,,5
34,2,select_coverage,3.0,exact,majority,e,0,0.9987692307692309,0.9987682003141278,0.9987682003141278,0.9975364006282558,2,,,,,,5
34,2,select_coverage,3.0,exact,cmar,e,0,0.9975384615384616,0.9975007731911874,0.997536221336778,0.9950754702961891,4,,,,,,5
34,2,select_coverage,3.0,exact,top_k_avg,e,0,0.9975384615384616,0.9974651457541192,0.99753603454707,0.9950841814717698,4,,,,,,5
34,2,select_coverage,3.0,exact,list,e,0,1.0,1.0,1.0,1.0,0,,,,,,5
34,2,select_coverage,4.0,exact,majority,e,0,0.9981538461538462,0.9981344867526576,0.9981522339396912,0.99630522519638,3,,,,,,5
34,2,select_coverage,4.0,exact,cmar,e,0,0.9975384615384616,0.9975007731911874,0.997536221336778,0.9950754702961891,4,,,,,,5
34,2,select_coverage,4.0,exact,top_k_avg,e,0,0.9993846153846154,0.9993662864385298,0.999384077979897,0.998768914212232,1,,,,,,5
34,2,select_coverage,4.0,exact,list,e,0,1.0,1.0,1.0,1.0,0,,,,,,5
34,2,select_coverage_CBA_M1,,exact,majority,e,3,0.9981538461538462,0.9980988593155892,0.9981520966595594,0.9963110102037598,3,0.9963076923076924,0.9961977186311788,0.99630376038359,0.992634744409635,6.0,5
34,2,select_coverage_CBA_M1,,exact,cmar,e,3,0.9975384615384616,0.9975007731911874,0.997536221336778,0.9950754702961891,4,0.9956923076923077,0.9955996325067769,0.9956878920938116,0.9913946762161664,7.0,5
34,2,select_coverage_CBA_M1,,exact,top_k_avg,e,3,1.0,1.0,1.0,1.0,0,0.9981538461538462,0.9980988593155892,0.9981520966595594,0.9963110102037598,3.0,5
34,2,select_coverage_CBA_M1,,exact,list,e,3,1.0,1.0,1.0,1.0,0,0.9981538461538462,0.9980988593155892,0.9981520966595594,0.9963110102037598,3.0,5
42,1,select_coverage,1.0,DAC,list,e,0,0.9987692307692309,0.99876749400054,0.99876749400054,0.99753498800108,2,,,,,,5
42,1,select_coverage,1.0,exact,majority,e,0,0.9993846153846154,0.9993606138107416,0.999383718253431,0.9987681956447204,1,,,,,,5
42,1,select_coverage,1.0,exact,cmar,e,0,0.9993846153846154,0.9993606138107416,0.999383718253431,0.9987681956447204,1,,,,,,5
42,1,select_coverage,1.0,exact,top_k_avg,e,0,1.0,1.0,1.0,1.0,0,,,,,,5
42,1,select_coverage,1.0,exact,list,e,0,1.0,1.0,1.0,1.0,0,,,,,,5
42,1,select_coverage,2.0,DAC,list,e,0,0.9987692307692309,0.99876749400054,0.99876749400054,0.99753498800108,2,,,,,,5
42,1,select_coverage,2.0,exact,majority,e,0,0.9993846153846154,0.9993606138107416,0.999383718253431,0.9987681956447204,1,,,,,,5
42,1,select_coverage,2.0,exact,cmar,e,0,0.9993846153846154,0.9993606138107416,0.999383718253431,0.9987681956447204,1,,,,,,5
42,1,select_coverage,2.0,exact,top_k_avg,e,0,0.9993846153846154,0.9993606138107416,0.999383718253431,0.9987681956447204,1,,,,,,5
42,1,select_coverage,2.0,exact,list,e,0,1.0,1.0,1.0,1.0,0,,,,,,5
42,1,select_coverage,3.0,DAC,list,e,0,0.9987692307692309,0.99876749400054,0.99876749400054,0.99753498800108,2,,,,,,5
42,1,select_coverage,3.0,exact,majority,e,0,1.0,1.0,1.0,1.0,0,,,,,,5
42,1,select_coverage,3.0,exact,cmar,e,0,0.9993846153846154,0.9993606138107416,0.999383718253431,0.9987681956447204,1,,,,,,5
42,1,select_coverage,3.0,exact,top_k_avg,e,0,1.0,1.0,1.0,1.0,0,,,,,,5
42,1,select_coverage,3.0,exact,list,e,0,1.0,1.0,1.0,1.0,0,,,,,,5
42,1,select_coverage,4.0,DAC,list,e,0,0.9987692307692309,0.99876749400054,0.99876749400054,0.99753498800108,2,,,,,,5
42,1,select_coverage,4.0,exact,majority,e,0,0.9993846153846154,0.9993606138107416,0.999383718253431,0.9987681956447204,1,,,,,,5
42,1,select_coverage,4.0,exact,cmar,e,0,0.9993846153846154,0.9993606138107416,0.999383718253431,0.9987681956447204,1,,,,,,5
42,1,select_coverage,4.0,exact,top_k_avg,e,0,1.0,1.0,1.0,1.0,0,,,,,,5
42,1,select_coverage,4.0,exact,list,e,0,1.0,1.0,1.0,1.0,0,,,,,,5
42,1,select_coverage_CBA_M1,,DAC,list,e,2,0.9987692307692309,0.99876749400054,0.99876749400054,0.99753498800108,2,0.9975384615384616,0.9974887216220234,0.9975347561456632,0.9950725435071468,4.0,5
42,1,select_coverage_CBA_M1,,exact,majority,e,2,0.9993846153846154,0.9993606138107416,0.999383718253431,0.9987681956447204,1,0.9981538461538462,0.998081841432225,0.9981509780472736,0.9963087812195291,3.0,5
42,1,select_coverage_CBA_M1,,exact,cmar,e,2,0.9993846153846154,0.9993606138107416,0.999383718253431,0.9987681956447204,1,0.9981538461538462,0.998081841432225,0.9981509780472736,0.9963087812195291,3.0,5
42,1,select_coverage_CBA_M1,,exact,top_k_avg,e,2,1.0,1.0,1.0,1.0,0,0.9987692307692309,0.9987212276214834,0.9987673780728316,0.997537791112704,2.0,5
42,1,select_coverage_CBA_M1,,exact,list,e,2,1.0,1.0,1.0,1.0,0,0.9987692307692309,0.9987212276214834,0.9987673780728316,0.997537791112704,2.0,5
42,2,select_coverage,1.0,exact,majority,e,0,0.9993846153846154,0.9993606138107416,0.999383718253431,0.9987681956447204,1,,,,,,5
42,2,select_coverage,1.0,exact,cmar,e,0,0.9993846153846154,0.9993606138107416,0.999383718253431,0.9987681956447204,1,,,,,,5
42,2,select_coverage,1.0,exact,top_k_avg,e,0,1.0,1.0,1.0,1.0,0,,,,,,5
42,2,select_coverage,1.0,exact,list,e,0,1.0,1.0,1.0,1.0,0,,,,,,5
42,2,select_coverage,2.0,exact,majority,e,0,0.9993846153846154,0.9993606138107416,0.999383718253431,0.9987681956447204,1,,,,,,5
42,2,select_coverage,2.0,exact,cmar,e,0,0.9993846153846154,0.9993606138107416,0.999383718253431,0.9987681956447204,1,,,,,,5
42,2,select_coverage,2.0,exact,top_k_avg,e,0,0.9993846153846154,0.9993606138107416,0.999383718253431,0.9987681956447204,1,,,,,,5
42,2,select_coverage,2.0,exact,list,e,0,1.0,1.0,1.0,1.0,0,,,,,,5
42,2,select_coverage,3.0,exact,majority,e,0,1.0,1.0,1.0,1.0,0,,,,,,5
42,2,select_coverage,3.0,exact,cmar,e,0,0.9993846153846154,0.9993606138107416,0.999383718253431,0.9987681956447204,1,,,,,,5
42,2,select_coverage,3.0,exact,top_k_avg,e,0,1.0,1.0,1.0,1.0,0,,,,,,5
42,2,select_coverage,3.0,exact,list,e,0,1.0,1.0,1.0,1.0,0,,,,,,5
42,2,select_coverage,4.0,exact,majority,e,0,0.9993846153846154,0.9993606138107416,0.999383718253431,0.9987681956447204,1,,,,,,5
42,2,select_coverage,4.0,exact,cmar,e,0,0.9993846153846154,0.9993606138107416,0.999383718253431,0.9987681956447204,1,,,,,,5
42,2,select_coverage,4.0,exact,top_k_avg,e,0,1.0,1.0,1.0,1.0,0,,,,,,5
42,2,select_coverage,4.0,exact,list,e,0,1.0,1.0,1.0,1.0,0,,,,,,5
42,2,select_coverage_CBA_M1,,exact,majority,e,2,0.9993846153846154,0.9993606138107416,0.999383718253431,0.9987681956447204,1,0.9981538461538462,0.998081841432225,0.9981509780472736,0.9963087812195291,3.0,5
42,2,select_coverage_CBA_M1,,exact,cmar,e,2,0.9993846153846154,0.9993606138107416,0.999383718253431,0.9987681956447204,1,0.9981538461538462,0.998081841432225,0.9981509780472736,0.9963087812195291,3.0,5
42,2,select_coverage_CBA_M1,,exact,top_k_avg,e,2,1.0,1.0,1.0,1.0,0,0.9987692307692309,0.9987212276214834,0.9987673780728316,0.997537791112704,2.0,5
42,2,select_coverage_CBA_M1,,exact,list,e,2,1.0,1.0,1.0,1.0,0,0.9987692307692309,0.9987212276214834,0.9987673780728316,0.997537791112704,2.0,5
49,1,select_coverage,1.0,DAC,list,e,0,0.9981538461538462,0.9981435643564356,0.9981537454728892,0.9963142956933552,3,,,,,,5
49,1,select_coverage,1.0,exact,majority,e,0,0.9981538461538462,0.9981435643564356,0.9981537454728892,0.9963142956933552,3,,,,,,5
49,1,select_coverage,1.0,exact,cmar,e,0,0.9981538461538462,0.9981435643564356,0.9981537454728892,0.9963142956933552,3,,,,,,5
49,1,select_coverage,1.0,exact,top_k_avg,e,0,0.9993846153846154,0.9993880048959608,0.99938460046937,0.9987699579060558,1,,,,,,5
49,1,select_coverage,1.0,exact,list,e,0,1.0,1.0,1.0,1.0,0,,,,,,5
49,1,select_coverage,2.0,DAC,list,e,0,0.9981538461538462,0.9981435643564356,0.9981537454728892,0.9963142956933552,3,,,,,,5
49,1,select_coverage,2.0,exact,majority,e,0,0.9981538461538462,0.9981435643564356,0.9981537454728892,0.9963142956933552,3,,,,,,5
49,1,select_coverage,2.0,exact,cmar,e,0,0.9987692307692309,0.9987623762376238,0.9987691743697416,0.9975413748781276,2,,,,,,5
49,1,select_coverage,2.0,exact,top_k_avg,e,0,1.0,1.0,1.0,1.0,0,,,,,,5
49,1,select_coverage,2.0,exact,list,e,0,1.0,1.0,1.0,1.0,0,,,,,,5
49,1,select_coverage,3.0,DAC,list,e,0,0.9981538461538462,0.9981435643564356,0.9981537454728892,0.9963142956933552,3,,,,,,5
49,1,select_coverage,3.0,exact,majority,e,0,0.9981538461538462,0.9981435643564356,0.9981537454728892,0.9963142956933552,3,,,,,,5
49,1,select_coverage,3.0,exact,cmar,e,0,0.9987692307692309,0.9987623762376238,0.9987691743697416,0.9975413748781276,2,,,,,,5
49,1,select_coverage,3.0,exact,top_k_avg,e,0,1.0,1.0,1.0,1.0,0,,,,,,5
49,1,select_coverage,3.0,exact,list,e,0,1.0,1.0,1.0,1.0,0,,,,,,5
49,1,select_coverage,4.0,DAC,list,e,0,0.9981538461538462,0.9981435643564356,0.9981537454728892,0.9963142956933552,3,,,,,,5
49,1,select_coverage,4.0,exact,majority,e,0,0.9981538461538462,0.9981435643564356,0.9981537454728892,0.9963142956933552,3,,,,,,5
49,1,select_coverage,4.0,exact,cmar,e,0,0.9987692307692309,0.9987623762376238,0.9987691743697416,0.9975413748781276,2,,,,,,5
49,1,select_coverage,4.0,exact,top_k_avg,e,0,1.0,1.0,1.0,1.0,0,,,,,,5
49,1,select_coverage,4.0,exact,list,e,0,1.0,1.0,1.0,1.0,0,,,,,,5
49,1,select_coverage_CBA_M1,,DAC,list,e,7,0.9993846153846154,0.999381188118812,0.9993845920792268,0.9987699411463972,1,0.9950769230769232,0.9950972223905376,0.9950769062976216,0.9901809451874176,8.0,5
49,1,select_coverage_CBA_M1,,exact,majority,e,7,1.0,1.0,1.0,1.0,0,0.9956923076923077,0.9957160342717258,0.995692301167036,0.9914215556883808,7.0,5
49,1,select_coverage_CBA_M1,,exact,cmar,e,7,1.0,1.0,1.0,1.0,0,0.9956923076923077,0.9957160342717258,0.995692301167036,0.9914215556883808,7.0,5
49,1,select_coverage_CBA_M1,,exact,top_k_avg,e,7,1.0,1.0,1.0,1.0,0,0.9956923076923077,0.9957160342717258,0.995692301167036,0.9914215556883808,7.0,5
49,1,select_coverage_CBA_M1,,exact,list,e,7,1.0,1.0,1.0,1.0,0,0.9956923076923077,0.9957160342717258,0.995692301167036,0.9914215556883808,7.0,5
49,2,select_coverage,1.0,exact,majority,e,0,0.9981538461538462,0.9981435643564356,0.9981537454728892,0.9963142956933552,3,,,,,,5
49,2,select_coverage,1.0,exact,cmar,e,0,0.9981538461538462,0.9981435643564356,0.9981537454728892,0.9963142956933552,3,,,,,,5
49,2,select_coverage,1.0,exact,top_k_avg,e,0,0.9993846153846154,0.9993880048959608,0.99938460046937,0.9987699579060558,1,,,,,,5
49,2,select_coverage,1.0,exact,list,e,0,1.0,1.0,1.0,1.0,0,,,,,,5
49,2,select_coverage,2.0,exact,majority,e,0,0.9981538461538462,0.9981435643564356,0.9981537454728892,0.9963142956933552,3,,,,,,5
49,2,select_coverage,2.0,exact,cmar,e,0,0.9987692307692309,0.9987623762376238,0.9987691743697416,0.9975413748781276,2,,,,,,5
49,2,select_coverage,2.0,exact,top_k_avg,e,0,1.0,1.0,1.0,1.0,0,,,,,,5
49,2,select_coverage,2.0,exact,list,e,0,1.0,1.0,1.0,1.0,0,,,,,,5
49,2,select_coverage,3.0,exact,majority,e,0,0.9981538461538462,0.9981435643564356,0.9981537454728892,0.9963142956933552,3,,,,,,5
49,2,select_coverage,3.0,exact,cmar,e,0,0.9987692307692309,0.9987623762376238,0.9987691743697416,0.9975413748781276,2,,,,,,5
49,2,select_coverage,3.0,exact,top_k_avg,e,0,1.0,1.0,1.0,1.0,0,,,,,,5
49,2,select_coverage,3.0,exact,list,e,0,1.0,1.0,1.0,1.0,0,,,,,,5
49,2,select_coverage,4.0,exact,majority,e,0,0.9981538461538462,0.9981435643564356,0.9981537454728892,0.9963142956933552,3,,,,,,5
49,2,select_coverage,4.0,exact,cmar,e,0,0.9987692307692309,0.9987623762376238,0.9987691743697416,0.9975413748781276,2,,,,,,5
49,2,select_coverage,4.0,exact,top_k_avg,e,0,1.0,1.0,1.0,1.0,0,,,,,,5
49,2,select_coverage,4.0,exact,list,e,0,1.0,1.0,1.0,1.0,0,,,,,,5
49,2,select_coverage_CBA_M1,,exact,majority,e,4,1.0,1.0,1.0,1.0,0,0.9975384615384616,0.9975520195838432,0.9975384382337348,0.9950889652824813,4.0,5
49,2,select_coverage_CBA_M1,,exact,cmar,e,4,1.0,1.0,1.0,1.0,0,0.9975384615384616,0.9975520195838432,0.9975384382337348,0.9950889652824813,4.0,5
49,2,select_coverage_CBA_M1,,exact,top_k_avg,e,4,1.0,1.0,1.0,1.0,0,0.9975384615384616,0.9975520195838432,0.9975384382337348,0.9950889652824813,4.0,5
49,2,select_coverage_CBA_M1,,exact,list,e,4,1.0,1.0,1.0,1.0,0,0.9975384615384616,0.9975520195838432,0.9975384382337348,0.9950889652824813,4.0,5
63,1,select_coverage,1.0,DAC,list,e,0,1.0,1.0,1.0,1.0,0,,,,,,5
63,1,select_coverage,1.0,exact,majority,e,0,0.9993846153846154,0.9993990384615384,0.9993842786834248,0.998769315125506,1,,,,,,5
63,1,select_coverage,1.0,exact,cmar,e,0,0.9993846153846154,0.9993990384615384,0.9993842786834248,0.998769315125506,1,,,,,,5
63,1,select_coverage,1.0,exact,top_k_avg,e,0,1.0,1.0,1.0,1.0,0,,,,,,5
63,1,select_coverage,1.0,exact,list,e,0,1.0,1.0,1.0,1.0,0,,,,,,5
63,1,select_coverage,2.0,DAC,list,e,0,1.0,1.0,1.0,1.0,0,,,,,,5
63,1,select_coverage,2.0,exact,majority,e,0,1.0,1.0,1.0,1.0,0,,,,,,5
63,1,select_coverage,2.0,exact,cmar,e,0,0.9993846153846154,0.9993990384615384,0.9993842786834248,0.998769315125506,1,,,,,,5
63,1,select_coverage,2.0,exact,top_k_avg,e,0,1.0,1.0,1.0,1.0,0,,,,,,5
63,1,select_coverage,2.0,exact,list,e,0,1.0,1.0,1.0,1.0,0,,,,,,5
63,1,select_coverage,3.0,DAC,list,e,0,0.9993846153846154,0.9993694829760404,0.9993842422864504,0.9987692424210908,1,,,,,,5
63,1,select_coverage,3.0,exact,majority,e,0,1.0,1.0,1.0,1.0,0,,,,,,5
63,1,select_coverage,3.0,exact,cmar,e,0,0.9993846153846154,0.9993990384615384,0.9993842786834248,0.998769315125506,1,,,,,,5
63,1,select_coverage,3.0,exact,top_k_avg,e,0,0.9993846153846154,0.9993694829760404,0.9993842422864504,0.9987692424210908,1,,,,,,5
63,1,select_coverage,3.0,exact,list,e,0,1.0,1.0,1.0,1.0,0,,,,,,5
63,1,select_coverage,4.0,DAC,list,e,0,0.9993846153846154,0.9993694829760404,0.9993842422864504,0.9987692424210908,1,,,,,,5
63,1,select_coverage,4.0,exact,majority,e,0,0.9993846153846154,0.9993990384615384,0.9993842786834248,0.998769315125506,1,,,,,,5
63,1,select_coverage,4.0,exact,cmar,e,0,0.9993846153846154,0.9993990384615384,0.9993842786834248,0.998769315125506,1,,,,,,5
63,1,select_coverage,4.0,exact,top_k_avg,e,0,0.9993846153846154,0.9993694829760404,0.9993842422864504,0.9987692424210908,1,,,,,,5
63,1,select_coverage,4.0,exact,list,e,0,1.0,1.0,1.0,1.0,0,,,,,,5
63,1,select_coverage_CBA_M1,,DAC,list,e,3,1.0,1.0,1.0,1.0,0,0.9981538461538462,0.9981084489281212,0.9981526120549736,0.9963120371995586,3.0,5
63,1,select_coverage_CBA_M1,,exact,majority,e,3,1.0,1.0,1.0,1.0,0,0.9981538461538462,0.9981084489281212,0.9981526120549736,0.9963120371995586,3.0,5
63,1,select_coverage_CBA_M1,,exact,cmar,e,3,1.0,1.0,1.0,1.0,0,0.9981538461538462,0.9981084489281212,0.9981526120549736,0.9963120371995586,3.0,5
63,1,select_coverage_CBA_M1,,exact,top_k_avg,e,3,1.0,1.0,1.0,1.0,0,0.9981538461538462,0.9981084489281212,0.9981526120549736,0.9963120371995586,3.0,5
63,1,select_coverage_CBA_M1,,exact,list,e,3,1.0,1.0,1.0,1.0,0,0.9981538461538462,0.9981084489281212,0.9981526120549736,0.9963120371995586,3.0,5
63,2,select_coverage,1.0,exact,majority,e,0,0.9993846153846154,0.9993990384615384,0.9993842786834248,0.998769315125506,1,,,,,,5
63,2,select_coverage,1.0,exact,cmar,e,0,0.9993846153846154,0.9993990384615384,0.9993842786834248,0.998769315125506,1,,,,,,5
63,2,select_coverage,1.0,exact,top_k_avg,e,0,1.0,1.0,1.0,1.0,0,,,,,,5
63,2,select_coverage,1.0,exact,list,e,0,1.0,1.0,1.0,1.0,0,,,,,,5
63,2,select_coverage,2.0,exact,majority,e,0,1.0,1.0,1.0,1.0,0,,,,,,5
63,2,select_coverage,2.0,exact,cmar,e,0,0.9993846153846154,0.9993990384615384,0.9993842786834248,0.998769315125506,1,,,,,,5
63,2,select_coverage,2.0,exact,top_k_avg,e,0,1.0,1.0,1.0,1.0,0,,,,,,5
63,2,select_coverage,2.0,exact,list,e,0,1.0,1.0,1.0,1.0,0,,,,,,5
63,2,select_coverage,3.0,exact,majority,e,0,1.0,1.0,1.0,1.0,0,,,,,,5
63,2,select_coverage,3.0,exact,cmar,e,0,0.9993846153846154,0.9993990384615384,0.9993842786834248,0.998769315125506,1,,,,,,5
63,2,select_coverage,3.0,exact,top_k_avg,e,0,0.9993846153846154,0.9993694829760404,0.9993842422864504,0.9987692424210908,1,,,,,,5
63,2,select_coverage,3.0,exact,list,e,0,1.0,1.0,1.0,1.0,0,,,,,,5
63,2,select_coverage,4.0,exact,majority,e,0,0.9993846153846154,0.9993990384615384,0.9993842786834248,0.998769315125506,1,,,,,,5
63,2,select_coverage,4.0,exact,cmar,e,0,0.9993846153846154,0.9993990384615384,0.9993842786834248,0.998769315125506,1,,,,,,5
63,2,select_coverage,4.0,exact,top_k_avg,e,0,0.9993846153846154,0.9993694829760404,0.9993842422864504,0.9987692424210908,1,,,,,,5
63,2,select_coverage,4.0,exact,list,e,0,1.0,1.0,1.0,1.0,0,,,,,,5
63,2,select_coverage_CBA_M1,,exact,majority,e,3,1.0,1.0,1.0,1.0,0,0.9981538461538462,0.9981084489281212,0.9981526120549736,0.9963120371995586,3.0,5
63,2,select_coverage_CBA_M1,,exact,cmar,e,3,1.0,1.0,1.0,1.0,0,0.9981538461538462,0.9981084489281212,0.9981526120549736,0.9963120371995586,3.0,5
63,2,select_coverage_CBA_M1,,exact,top_k_avg,e,3,1.0,1.0,1.0,1.0,0,0.9981538461538462,0.9981084489281212,0.9981526120549736,0.9963120371995586,3.0,5
63,2,select_coverage_CBA_M1,,exact,list,e,3,1.0,1.0,1.0,1.0,0,0.9981538461538462,0.9981084489281212,0.9981526120549736,0.9963120371995586,3.0,5
64,1,select_coverage,1.0,DAC,list,e,0,0.9969230769230768,0.9970114680640996,0.9969152219464588,0.99383727414358,5,,,,,,5
64,1,select_coverage,1.0,exact,majority,e,0,0.9993846153846154,0.9994152046783626,0.999382966612988,0.9987666942155664,1,,,,,,5
64,1,select_coverage,1.0,exact,cmar,e,0,0.9987692307692309,0.998765854029012,0.998765854029012,0.9975317080580238,2,,,,,,5
64,1,select_coverage,1.0,exact,top_k_avg,e,0,0.9993846153846154,0.9993506493506494,0.9993828869422294,0.9987665350704577,1,,,,,,5
64,1,select_coverage,1.0,exact,list,e,0,1.0,1.0,1.0,1.0,0,,,,,,5
64,1,select_coverage,2.0,DAC,list,e,0,0.9969230769230768,0.9970114680640996,0.9969152219464588,0.99383727414358,5,,,,,,5
64,1,select_coverage,2.0,exact,majority,e,0,0.9993846153846154,0.9994152046783626,0.999382966612988,0.9987666942155664,1,,,,,,5
64,1,select_coverage,2.0,exact,cmar,e,0,0.9987692307692309,0.998765854029012,0.998765854029012,0.9975317080580238,2,,,,,,5
64,1,select_coverage,2.0,exact,top_k_avg,e,0,0.9993846153846154,0.9993506493506494,0.9993828869422294,0.9987665350704577,1,,,,,,5
64,1,select_coverage,2.0,exact,list,e,0,1.0,1.0,1.0,1.0,0,,,,,,5
64,1,select_coverage,3.0,DAC,list,e,0,0.9969230769230768,0.9970114680640996,0.9969152219464588,0.99383727414358,5,,,,,,5
64,1,select_coverage,3.0,exact,majority,e,0,0.9993846153846154,0.9994152046783626,0.999382966612988,0.9987666942155664,1,,,,,,5
64,1,select_coverage,3.0,exact,cmar,e,0,0.9987692307692309,0.998765854029012,0.998765854029012,0.9975317080580238,2,,,,,,5
64,1,select_coverage,3.0,exact,top_k_avg,e,0,0.9993846153846154,0.9993506493506494,0.9993828869422294,0.9987665350704577,1,,,,,,5
64,1,select_coverage,3.0,exact,list,e,0,1.0,1.0,1.0,1.0,0,,,,,,5
64,1,select_coverage,4.0,DAC,list,e,0,0.9969230769230768,0.9970114680640996,0.9969152219464588,0.99383727414358,5,,,,,,5
64,1,select_coverage,4.0,exact,majority,e,0,0.9993846153846154,0.9994152046783626,0.999382966612988,0.9987666942155664,1,,,,,,5
64,1,select_coverage,4.0,exact,cmar,e,0,0.9987692307692309,0.998765854029012,0.998765854029012,0.9975317080580238,2,,,,,,5
64,1,select_coverage,4.0,exact,top_k_avg,e,0,0.9993846153846154,0.9993506493506494,0.9993828869422294,0.9987665350704577,1,,,,,,5
64,1,select_coverage,4.0,exact,list,e,0,1.0,1.0,1.0,1.0,0,,,,,,5
64,1,select_coverage_CBA_M1,,DAC,list,e,3,0.9969230769230768,0.9970114680640996,0.9969152219464588,0.99383727414358,5,0.9950769230769232,0.9950634161160476,0.9950634161160476,0.9901268322320954,8.0,5
64,1,select_coverage_CBA_M1,,exact,majority,e,3,1.0,1.0,1.0,1.0,0,0.9981538461538462,0.998051948051948,0.9981484161266688,0.996303676269584,3.0,5
64,1,select_coverage_CBA_M1,,exact,cmar,e,3,0.9987692307692309,0.998765854029012,0.998765854029012,0.9975317080580238,2,0.9969230769230768,0.99681780208096,0.9969140268777814,0.9938348892830898,5.0,5
64,1,select_coverage_CBA_M1,,exact,top_k_avg,e,3,0.9993846153846154,0.9993506493506494,0.9993828869422294,0.9987665350704577,1,0.9975384615384616,0.9974025974025974,0.9975310555231428,0.9950742723044064,4.0,5
64,1,select_coverage_CBA_M1,,exact,list,e,3,1.0,1.0,1.0,1.0,0,0.9981538461538462,0.998051948051948,0.9981484161266688,0.996303676269584,3.0,5
64,2,select_coverage,1.0,exact,majority,e,0,0.9993846153846154,0.9994152046783626,0.999382966612988,0.9987666942155664,1,,,,,,5
64,2,select_coverage,1.0,exact,cmar,e,0,0.9987692307692309,0.998765854029012,0.998765854029012,0.9975317080580238,2,,,,,,5
64,2,select_coverage,1.0,exact,top_k_avg,e,0,0.9993846153846154,0.9993506493506494,0.9993828869422294,0.9987665350704577,1,,,,,,5
64,2,select_coverage,1.0,exact,list,e,0,1.0,1.0,1.0,1.0,0,,,,,,5
64,2,select_coverage,2.0,exact,majority,e,0,0.9993846153846154,0.9994152046783626,0.999382966612988,0.9987666942155664,1,,,,,,5
64,2,select_coverage,2.0,exact,cmar,e,0,0.9987692307692309,0.998765854029012,0.998765854029012,0.9975317080580238,2,,,,,,5
64,2,select_coverage,2.0,exact,top_k_avg,e,0,0.9993846153846154,0.9993506493506494,0.9993828869422294,0.9987665350704577,1,,,,,,5
64,2,select_coverage,2.0,exact,list,e,0,1.0,1.0,1.0,1.0,0,,,,,,5
64,2,select_coverage,3.0,exact,majority,e,0,0.9993846153846154,0.9994152046783626,0.999382966612988,0.9987666942155664,1,,,,,,5
64,2,select_coverage,3.0,exact,cmar,e,0,0.9987692307692309,0.998765854029012,0.998765854029012,0.9975317080580238,2,,,,,,5
64,2,select_coverage,3.0,exact,top_k_avg,e,0,0.9993846153846154,0.9993506493506494,0.9993828869422294,0.9987665350704577,1,,,,,,5
64,2,select_coverage,3.0,exact,list,e,0,1.0,1.0,1.0,1.0,0,,,,,,5
64,2,select_coverage,4.0,exact,majority,e,0,0.9993846153846154,0.9994152046783626,0.999382966612988,0.9987666942155664,1,,,,,,5
64,2,select_coverage,4.0,exact,cmar,e,0,0.9987692307692309,0.998765854029012,0.998765854029012,0.9975317080580238,2,,,,,,5
64,2,select_coverage,4.0,exact,top_k_avg,e,0,0.9993846153846154,0.9993506493506494,0.9993828869422294,0.9987665350704577,1,,,,,,5
64,2,select_coverage,4.0,exact,list,e,0,1.0,1.0,1.0,1.0,0,,,,,,5
64,2,select_coverage_CBA_M1,,exact,majority,e,3,1.0,1.0,1.0,1.0,0,0.9981538461538462,0.998051948051948,0.9981484161266688,0.996303676269584,3.0,5
64,2,select_coverage_CBA_M1,,exact,cmar,e,3,0.9987692307692309,0.998765854029012,0.998765854029012,0.9975317080580238,2,0.9969230769230768,0.99681780208096,0.9969140268777814,0.9938348892830898,5.0,5
64,2,select_coverage_CBA_M1,,exact,top_k_avg,e,3,0.9993846153846154,0.9993506493506494,0.9993828869422294,0.9987665350704577,1,0.9975384615384616,0.9974025974025974,0.9975310555231428,0.9950742723044064,4.0,5
64,2,select_coverage_CBA_M1,,exact,list,e,3,1.0,1.0,1.0,1.0,0,0.9981538461538462,0.998051948051948,0.9981484161266688,0.996303676269584,3.0,5
65,1,select_coverage,1.0,DAC,list,e,0,0.9975384615384616,0.9976553341148886,0.9975329222043074,0.99507798732952,4,,,,,,5
65,1,select_coverage,1.0,exact,majority,e,0,1.0,1.0,1.0,1.0,0,,,,,,5
65,1,select_coverage,1.0,exact,cmar,e,0,1.0,1.0,1.0,1.0,0,,,,,,5
65,1,select_coverage,1.0,exact,top_k_avg,e,0,1.0,1.0,1.0,1.0,0,,,,,,5
65,1,select_coverage,1.0,exact,list,e,0,1.0,1.0,1.0,1.0,0,,,,,,5
65,1,select_coverage,2.0,DAC,list,e,0,0.9975384615384616,0.9976553341148886,0.9975329222043074,0.99507798732952,4,,,,,,5
65,1,select_coverage,2.0,exact,majority,e,0,1.0,1.0,1.0,1.0,0,,,,,,5
65,1,select_coverage,2.0,exact,cmar,e,0,1.0,1.0,1.0,1.0,0,,,,,,5
65,1,select_coverage,2.0,exact,top_k_avg,e,0,0.9993846153846154,0.9993523316062176,0.9993830443892916,0.998766849576461,1,,,,,,5
65,1,select_coverage,2.0,exact,list,e,0,1.0,1.0,1.0,1.0,0,,,,,,5
65,1,select_coverage,3.0,DAC,list,e,0,0.9975384615384616,0.9976553341148886,0.9975329222043074,0.99507798732952,4,,,,,,5
65,1,select_coverage,3.0,exact,majority,e,0,1.0,1.0,1.0,1.0,0,,,,,,5
65,1,select_coverage,3.0,exact,cmar,e,0,1.0,1.0,1.0,1.0,0,,,,,,5
65,1,select_coverage,3.0,exact,top_k_avg,e,0,1.0,1.0,1.0,1.0,0,,,,,,5
65,1,select_coverage,3.0,exact,list,e,0,1.0,1.0,1.0,1.0,0,,,,,,5
65,1,select_coverage,4.0,DAC,list,e,0,0.9975384615384616,0.9976553341148886,0.9975329222043074,0.99507798732952,4,,,,,,5
65,1,select_coverage,4.0,exact,majority,e,0,1.0,1.0,1.0,1.0,0,,,,,,5
65,1,select_coverage,4.0,exact,cmar,e,0,1.0,1.0,1.0,1.0,0,,,,,,5
65,1,select_coverage,4.0,exact,top_k_avg,e,0,1.0,1.0,1.0,1.0,0,,,,,,5
65,1,select_coverage,4.0,exact,list,e,0,1.0,1.0,1.0,1.0,0,,,,,,5
65,1,select_coverage_CBA_M1,,DAC,list,e,2,0.9975384615384616,0.9976553341148886,0.9975329222043074,0.99507798732952,4,0.9963076923076924,0.9963599973273238,0.9962989450285152,0.9926009227264996,6.0,5
65,1,select_coverage_CBA_M1,,exact,majority,e,2,1.0,1.0,1.0,1.0,0,0.9987692307692309,0.9987046632124352,0.9987660114757136,0.997535064643578,2.0,5
65,1,select_coverage_CBA_M1,,exact,cmar,e,2,1.0,1.0,1.0,1.0,0,0.9987692307692309,0.9987046632124352,0.9987660114757136,0.997535064643578,2.0,5
65,1,select_coverage_CBA_M1,,exact,top_k_avg,e,2,1.0,1.0,1.0,1.0,0,0.9987692307692309,0.9987046632124352,0.9987660114757136,0.997535064643578,2.0,5
65,1,select_coverage_CBA_M1,,exact,list,e,2,1.0,1.0,1.0,1.0,0,0.9987692307692309,0.9987046632124352,0.9987660114757136,0.997535064643578,2.0,5
65,2,select_coverage,1.0,exact,majority,e,0,1.0,1.0,1.0,1.0,0,,,,,,5
65,2,select_coverage,1.0,exact,cmar,e,0,1.0,1.0,1.0,1.0,0,,,,,,5
65,2,select_coverage,1.0,exact,top_k_avg,e,0,1.0,1.0,1.0,1.0,0,,,,,,5
65,2,select_coverage,1.0,exact,list,e,0,1.0,1.0,1.0,1.0,0,,,,,,5
65,2,select_coverage,2.0,exact,majority,e,0,1.0,1.0,1.0,1.0,0,,,,,,5
65,2,select_coverage,2.0,exact,cmar,e,0,1.0,1.0,1.0,1.0,0,,,,,,5
65,2,select_coverage,2.0,exact,top_k_avg,e,0,0.9993846153846154,0.9993523316062176,0.9993830443892916,0.998766849576461,1,,,,,,5
65,2,select_coverage,2.0,exact,list,e,0,1.0,1.0,1.0,1.0,0,,,,,,5
65,2,select_coverage,3.0,exact,majority,e,0,1.0,1.0,1.0,1.0,0,,,,,,5
65,2,select_coverage,3.0,exact,cmar,e,0,1.0,1.0,1.0,1.0,0,,,,,,5
65,2,select_coverage,3.0,exact,top_k_avg,e,0,1.0,1.0,1.0,1.0,0,,,,,,5
65,2,select_coverage,3.0,exact,list,e,0,1.0,1.0,1.0,1.0,0,,,,,,5
65,2,select_coverage,4.0,exact,majority,e,0,1.0,1.0,1.0,1.0,0,,,,,,5
65,2,select_coverage,4.0,exact,cmar,e,0,1.0,1.0,1.0,1.0,0,,,,,,5
65,2,select_coverage,4.0,exact,top_k_avg,e,0,1.0,1.0,1.0,1.0,0,,,,,,5
65,2,select_coverage,4.0,exact,list,e,0,1.0,1.0,1.0,1.0,0,,,,,,5
65,2,select_coverage_CBA_M1,,exact,majority,e,2,1.0,1.0,1.0,1.0,0,0.9987692307692309,0.9987046632124352,0.9987660114757136,0.997535064643578,2.0,5
65,2,select_coverage_CBA_M1,,exact,cmar,e,2,1.0,1.0,1.0,1.0,0,0.9987692307692309,0.9987046632124352,0.9987660114757136,0.997535064643578,2.0,5
65,2,select_coverage_CBA_M1,,exact,top_k_avg,e,2,1.0,1.0,1.0,1.0,0,0.9987692307692309,0.9987046632124352,0.9987660114757136,0.997535064643578,2.0,5
65,2,select_coverage_CBA_M1,,exact,list,e,2,1.0,1.0,1.0,1.0,0,0.9987692307692309,0.9987046632124352,0.9987660114757136,0.997535064643578,2.0,5
68,1,select_coverage,1.0,DAC,list,e,0,0.9993846153846154,0.9993887530562346,0.9993845920792268,0.9987699411463972,1,,,,,,5
68,1,select_coverage,1.0,exact,majority,e,0,1.0,1.0,1.0,1.0,0,,,,,,5
68,1,select_coverage,1.0,exact,cmar,e,0,0.9993846153846154,0.9993887530562346,0.9993845920792268,0.9987699411463972,1,,,,,,5
68,1,select_coverage,1.0,exact,top_k_avg,e,0,1.0,1.0,1.0,1.0,0,,,,,,5
68,1,select_coverage,1.0,exact,list,e,0,1.0,1.0,1.0,1.0,0,,,,,,5
68,1,select_coverage,2.0,DAC,list,e,0,0.9993846153846154,0.9993887530562346,0.9993845920792268,0.9987699411463972,1,,,,,,5
68,1,select_coverage,2.0,exact,majority,e,0,1.0,1.0,1.0,1.0,0,,,,,,5
68,1,select_coverage,2.0,exact,cmar,e,0,0.9993846153846154,0.9993887530562346,0.9993845920792268,0.9987699411463972,1,,,,,,5
68,1,select_coverage,2.0,exact,top_k_avg,e,0,1.0,1.0,1.0,1.0,0,,,,,,5
68,1,select_coverage,2.0,exact,list,e,0,1.0,1.0,1.0,1.0,0,,,,,,5
68,1,select_coverage,3.0,DAC,list,e,0,0.9993846153846154,0.9993887530562346,0.9993845920792268,0.9987699411463972,1,,,,,,5
68,1,select_coverage,3.0,exact,majority,e,0,0.9993846153846154,0.9993887530562346,0.9993845920792268,0.9987699411463972,1,,,,,,5
68,1,select_coverage,3.0,exact,cmar,e,0,0.9993846153846154,0.9993887530562346,0.9993845920792268,0.9987699411463972,1,,,,,,5
68,1,select_coverage,3.0,exact,top_k_avg,e,0,1.0,1.0,1.0,1.0,0,,,,,,5
68,1,select_coverage,3.0,exact,list,e,0,1.0,1.0,1.0,1.0,0,,,,,,5
68,1,select_coverage,4.0,DAC,list,e,0,1.0,1.0,1.0,1.0,0,,,,,,5
68,1,select_coverage,4.0,exact,majority,e,0,0.9993846153846154,0.9993887530562346,0.9993845920792268,0.9987699411463972,1,,,,,,5
68,1,select_coverage,4.0,exact,cmar,e,0,0.9993846153846154,0.9993887530562346,0.9993845920792268,0.9987699411463972,1,,,,,,5
68,1,select_coverage,4.0,exact,top_k_avg,e,0,1.0,1.0,1.0,1.0,0,,,,,,5
68,1,select_coverage,4.0,exact,list,e,0,1.0,1.0,1.0,1.0,0,,,,,,5
68,1,select_coverage_CBA_M1,,DAC,list,e,2,0.9993846153846154,0.9993887530562346,0.9993845920792268,0.9987699411463972,1,0.9981538461538462,0.9981495956832483,0.9981537454728892,0.9963082470265512,3.0,5
68,1,select_coverage_CBA_M1,,exact,majority,e,2,1.0,1.0,1.0,1.0,0,0.9987692307692309,0.9987608426270136,0.9987691519949584,0.9975413302384496,2.0,5
68,1,select_coverage_CBA_M1,,exact,cmar,e,2,1.0,1.0,1.0,1.0,0,0.9987692307692309,0.9987608426270136,0.9987691519949584,0.9975413302384496,2.0,5
68,1,select_coverage_CBA_M1,,exact,top_k_avg,e,2,1.0,1.0,1.0,1.0,0,0.9987692307692309,0.9987608426270136,0.9987691519949584,0.9975413302384496,2.0,5
68,1,select_coverage_CBA_M1,,exact,list,e,2,1.0,1.0,1.0,1.0,0,0.9987692307692309,0.9987608426270136,0.9987691519949584,0.9975413302384496,2.0,5
68,2,select_coverage,1.0,exact,majority,e,0,1.0,1.0,1.0,1.0,0,,,,,,5
68,2,select_coverage,1.0,exact,cmar,e,0,0.9993846153846154,0.9993887530562346,0.9993845920792268,0.9987699411463972,1,,,,,,5
68,2,select_coverage,1.0,exact,top_k_avg,e,0,1.0,1.0,1.0,1.0,0,,,,,,5
68,2,select_coverage,1.0,exact,list,e,0,1.0,1.0,1.0,1.0,0,,,,,,5
68,2,select_coverage,2.0,exact,majority,e,0,1.0,1.0,1.0,1.0,0,,,,,,5
68,2,select_coverage,2.0,exact,cmar,e,0,0.9993846153846154,0.9993887530562346,0.9993845920792268,0.9987699411463972,1,,,,,,5
68,2,select_coverage,2.0,exact,top_k_avg,e,0,1.0,1.0,1.0,1.0,0,,,,,,5
68,2,select_coverage,2.0,exact,list,e,0,1.0,1.0,1.0,1.0,0,,,,,,5
68,2,select_coverage,3.0,exact,majority,e,0,0.9993846153846154,0.9993887530562346,0.9993845920792268,0.9987699411463972,1,,,,,,5
68,2,select_coverage,3.0,exact,cmar,e,0,0.9993846153846154,0.9993887530562346,0.9993845920792268,0.9987699411463972,1,,,,,,5
68,2,select_coverage,3.0,exact,top_k_avg,e,0,1.0,1.0,1.0,1.0,0,,,,,,5
68,2,select_coverage,3.0,exact,list,e,0,1.0,1.0,1.0,1.0,0,,,,,,5
68,2,select_coverage,4.0,exact,majority,e,0,0.9993846153846154,0.9993887530562346,0.9993845920792268,0.9987699411463972,1,,,,,,5
68,2,select_coverage,4.0,exact,cmar,e,0,0.9993846153846154,0.9993887530562346,0.9993845920792268,0.9987699411463972,1,,,,,,5
68,2,select_coverage,4.0,exact,top_k_avg,e,0,1.0,1.0,1.0,1.0,0,,,,,,5
68,2,select_coverage,4.0,exact,list,e,0,1.0,1.0,1.0,1.0,0,,,,,,5
68,2,select_coverage_CBA_M1,,exact,majority,e,2,1.0,1.0,1.0,1.0,0,0.9987692307692309,0.9987608426270136,0.9987691519949584,0.9975413302384496,2.0,5
68,2,select_coverage_CBA_M1,,exact,cmar,e,2,1.0,1.0,1.0,1.0,0,0.9987692307692309,0.9987608426270136,0.9987691519949584,0.9975413302384496,2.0,5
68,2,select_coverage_CBA_M1,,exact,top_k_avg,e,2,1.0,1.0,1.0,1.0,0,0.9987692307692309,0.9987608426270136,0.9987691519949584,0.9975413302384496,2.0,5
68,2,select_coverage_CBA_M1,,exact,list,e,2,1.0,1.0,1.0,1.0,0,0.9987692307692309,0.9987608426270136,0.9987691519949584,0.9975413302384496,2.0,5
74,1,select_coverage,1.0,DAC,list,e,0,0.9981538461538462,0.9981226533166458,0.9981532167176506,0.9963132420739192,3,,,,,,5
74,1,select_coverage,1.0,exact,majority,e,0,0.9975384615384616,0.9975173264401324,0.9975376773251144,0.9950783787043442,4,,,,,,5
74,1,select_coverage,1.0,exact,cmar,e,0,0.9981538461538462,0.9981226533166458,0.9981532167176506,0.9963132420739192,3,,,,,,5
74,1,select_coverage,1.0,exact,top_k_avg,e,0,1.0,1.0,1.0,1.0,0,,,,,,5
74,1,select_coverage,1.0,exact,list,e,0,1.0,1.0,1.0,1.0,0,,,,,,5
74,1,select_coverage,2.0,DAC,list,e,0,0.9981538461538462,0.9981226533166458,0.9981532167176506,0.9963132420739192,3,,,,,,5
74,1,select_coverage,2.0,exact,majority,e,0,0.9987692307692309,0.9987893462469734,0.9987689393939394,0.9975409060806474,2,,,,,,5
74,1,select_coverage,2.0,exact,cmar,e,0,0.9981538461538462,0.9981226533166458,0.9981532167176506,0.9963132420739192,3,,,,,,5
74,1,select_coverage,2.0,exact,top_k_avg,e,0,0.9981538461538462,0.9981226533166458,0.9981532167176506,0.9963132420739192,3,,,,,,5
74,1,select_coverage,2.0,exact,list,e,0,1.0,1.0,1.0,1.0,0,,,,,,5
74,1,select_coverage,3.0,DAC,list,e,0,0.9981538461538462,0.9981226533166458,0.9981532167176506,0.9963132420739192,3,,,,,,5
74,1,select_coverage,3.0,exact,majority,e,0,0.9987692307692309,0.998768890895702,0.998768890895702,0.997537781791404,2,,,,,,5
74,1,select_coverage,3.0,exact,cmar,e,0,0.9981538461538462,0.9981226533166458,0.9981532167176506,0.9963132420739192,3,,,,,,5
74,1,select_coverage,3.0,exact,top_k_avg,e,0,0.9993846153846154,0.9993742177722152,0.9993844326230256,0.998769622626085,1,,,,,,5
74,1,select_coverage,3.0,exact,list,e,0,1.0,1.0,1.0,1.0,0,,,,,,5
74,1,select_coverage,4.0,DAC,list,e,0,0.9981538461538462,0.9981226533166458,0.9981532167176506,0.9963132420739192,3,,,,,,5
74,1,select_coverage,4.0,exact,majority,e,0,0.9981538461538462,0.9981431086679172,0.998153297869076,0.9963073521848984,3,,,,,,5
74,1,select_coverage,4.0,exact,cmar,e,0,0.9981538461538462,0.9981226533166458,0.9981532167176506,0.9963132420739192,3,,,,,,5
74,1,select_coverage,4.0,exact,top_k_avg,e,0,0.9993846153846154,0.9993742177722152,0.9993844326230256,0.998769622626085,1,,,,,,5
74,1,select_coverage,4.0,exact,list,e,0,1.0,1.0,1.0,1.0,0,,,,,,5
74,1,select_coverage_CBA_M1,,DAC,list,e,4,0.9981538461538462,0.9981226533166458,0.9981532167176506,0.9963132420739192,3,0.9956923076923077,0.9956195244055068,0.9956904210657522,0.9914178276110628,7.0,5
74,1,select_coverage_CBA_M1,,exact,majority,e,4,0.9981538461538462,0.9981226533166458,0.9981532167176506,0.9963132420739192,3,0.9956923076923077,0.9956195244055068,0.9956904210657522,0.9914178276110628,7.0,5
74,1,select_coverage_CBA_M1,,exact,cmar,e,4,0.9981538461538462,0.9981226533166458,0.9981532167176506,0.9963132420739192,3,0.9956923076923077,0.9956195244055068,0.9956904210657522,0.9914178276110628,7.0,5
74,1,select_coverage_CBA_M1,,exact,top_k_avg,e,4,1.0,1.0,1.0,1.0,0,0.9975384615384616,0.9974968710888612,0.99753756538711,0.995087228142845,4.0,5
74,1,select_coverage_CBA_M1,,exact,list,e,4,1.0,1.0,1.0,1.0,0,0.9975384615384616,0.9974968710888612,0.99753756538711,0.995087228142845,4.0,5
74,2,select_coverage,1.0,exact,majority,e,0,0.9975384615384616,0.9975173264401324,0.9975376773251144,0.9950783787043442,4,,,,,,5
74,2,select_coverage,1.0,exact,cmar,e,0,0.9981538461538462,0.9981226533166458,0.9981532167176506,0.9963132420739192,3,,,,,,5
74,2,select_coverage,1.0,exact,top_k_avg,e,0,1.0,1.0,1.0,1.0,0,,,,,,5
74,2,select_coverage,1.0,exact,list,e,0,1.0,1.0,1.0,1.0,0,,,,,,5
74,2,select_coverage,2.0,exact,majority,e,0,0.9987692307692309,0.9987893462469734,0.9987689393939394,0.9975409060806474,2,,,,,,5
74,2,select_coverage,2.0,exact,cmar,e,0,0.9981538461538462,0.9981226533166458,0.9981532167176506,0.9963132420739192,3,,,,,,5
74,2,select_coverage,2.0,exact,top_k_avg,e,0,0.9981538461538462,0.9981226533166458,0.9981532167176506,0.9963132420739192,3,,,,,,5
74,2,select_coverage,2.0,exact,list,e,0,1.0,1.0,1.0,1.0,0,,,,,,5
74,2,select_coverage,3.0,exact,majority,e,0,0.9987692307692309,0.998768890895702,0.998768890895702,0.997537781791404,2,,,,,,5
74,2,select_coverage,3.0,exact,cmar,e,0,0.9981538461538462,0.9981226533166458,0.9981532167176506,0.9963132420739192,3,,,,,,5
74,2,select_coverage,3.0,exact,top_k_avg,e,0,0.9993846153846154,0.9993742177722152,0.9993844326230256,0.998769622626085,1,,,,,,5
74,2,select_coverage,3.0,exact,list,e,0,1.0,1.0,1.0,1.0,0,,,,,,5
74,2,select_coverage,4.0,exact,majority,e,0,0.9981538461538462,0.9981431086679172,0.998153297869076,0.9963073521848984,3,,,,,,5
74,2,select_coverage,4.0,exact,cmar,e,0,0.9981538461538462,0.9981226533166458,0.9981532167176506,0.9963132420739192,3,,,,,,5
74,2,select_coverage,4.0,exact,top_k_avg,e,0,0.9993846153846154,0.9993742177722152,0.9993844326230256,0.998769622626085,1,,,,,,5
74,2,select_coverage,4.0,exact,list,e,0,1.0,1.0,1.0,1.0,0,,,,,,5
74,2,select_coverage_CBA_M1,,exact,majority,e,3,0.9981538461538462,0.9981226533166458,0.9981532167176506,0.9963132420739192,3,0.9963076923076924,0.9962453066332916,0.99630616896303,0.9926395262310964,6.0,5
74,2,select_coverage_CBA_M1,,exact,cmar,e,3,0.9981538461538462,0.9981226533166458,0.9981532167176506,0.9963132420739192,3,0.9963076923076924,0.9962453066332916,0.99630616896303,0.9926395262310964,6.0,5
74,2,select_coverage_CBA_M1,,exact,top_k_avg,e,3,1.0,1.0,1.0,1.0,0,0.9981538461538462,0.9981226533166458,0.9981532167176506,0.9963132420739192,3.0,5
74,2,select_coverage_CBA_M1,,exact,list,e,3,1.0,1.0,1.0,1.0,0,0.9981538461538462,0.9981226533166458,0.9981532167176506,0.9963132420739192,3.0,5
76,1,select_coverage,1.0,DAC,list,e,0,0.9987692307692309,0.9987671349277882,0.9987671349277882,0.9975342698555764,2,,,,,,5
76,1,select_coverage,1.0,exact,majority,e,0,0.9969230769230768,0.9969940852823982,0.996918296745456,0.9938434101740062,5,,,,,,5
76,1,select_coverage,1.0,exact,cmar,e,0,0.9975384615384616,0.9975851018308616,0.997534516765286,0.9950720653336425,4,,,,,,5
76,1,select_coverage,1.0,exact,top_k_avg,e,0,1.0,1.0,1.0,1.0,0,,,,,,5
76,1,select_coverage,1.0,exact,list,e,0,1.0,1.0,1.0,1.0,0,,,,,,5
76,1,select_coverage,2.0,DAC,list,e,0,0.9987692307692309,0.9987671349277882,0.9987671349277882,0.9975342698555764,2,,,,,,5
76,1,select_coverage,2.0,exact,majority,e,0,0.9969230769230768,0.9969940852823982,0.996918296745456,0.9938434101740062,5,,,,,,5
76,1,select_coverage,2.0,exact,cmar,e,0,0.9975384615384616,0.9975851018308616,0.997534516765286,0.9950720653336425,4,,,,,,5
76,1,select_coverage,2.0,exact,top_k_avg,e,0,0.9987692307692309,0.9987163029525032,0.9987670077060122,0.99753705220093,2,,,,,,5
76,1,select_coverage,2.0,exact,list,e,0,1.0,1.0,1.0,1.0,0,,,,,,5
76,1,select_coverage,3.0,DAC,list,e,0,0.9987692307692309,0.9987671349277882,0.9987671349277882,0.9975342698555764,2,,,,,,5
76,1,select_coverage,3.0,exact,majority,e,0,0.9975384615384616,0.9976359338061466,0.9975347561456632,0.9950816372100398,4,,,,,,5
76,1,select_coverage,3.0,exact,cmar,e,0,0.9975384615384616,0.9975851018308616,0.997534516765286,0.9950720653336425,4,,,,,,5
76,1,select_coverage,3.0,exact,top_k_avg,e,0,1.0,1.0,1.0,1.0,0,,,,,,5
76,1,select_coverage,3.0,exact,list,e,0,1.0,1.0,1.0,1.0,0,,,,,,5
76,1,select_coverage,4.0,DAC,list,e,0,0.9987692307692309,0.9987671349277882,0.9987671349277882,0.9975342698555764,2,,,,,,5
76,1,select_coverage,4.0,exact,majority,e,0,0.9969230769230768,0.9969940852823982,0.996918296745456,0.9938434101740062,5,,,,,,5
76,1,select_coverage,4.0,exact,cmar,e,0,0.9981538461538462,0.998176118379325,0.9981507956889072,0.9963023498720358,3,,,,,,5
76,1,select_coverage,4.0,exact,top_k_avg,e,0,1.0,1.0,1.0,1.0,0,,,,,,5
76,1,select_coverage,4.0,exact,list,e,0,1.0,1.0,1.0,1.0,0,,,,,,5
76,1,select_coverage_CBA_M1,,DAC,list,e,4,0.9987692307692309,0.9987671349277882,0.9987671349277882,0.9975342698555764,2,0.9963076923076924,0.9961997408327948,0.9963006301449696,0.9926133800204278,6.0,5
76,1,select_coverage_CBA_M1,,exact,majority,e,4,0.9993846153846154,0.9993581514762516,0.9993835358939543,0.9987678313748192,1,0.9969230769230768,0.996790757381258,0.996917024513165,0.9938529999620638,5.0,5
76,1,select_coverage_CBA_M1,,exact,cmar,e,4,0.9993846153846154,0.9993581514762516,0.9993835358939543,0.9987678313748192,1,0.9969230769230768,0.996790757381258,0.996917024513165,0.9938529999620638,5.0,5
76,1,select_coverage_CBA_M1,,exact,top_k_avg,e,4,1.0,1.0,1.0,1.0,0,0.9975384615384616,0.9974326059050064,0.99753375342998,0.9950796416198056,4.0,5
76,1,select_coverage_CBA_M1,,exact,list,e,4,1.0,1.0,1.0,1.0,0,0.9975384615384616,0.9974326059050064,0.99753375342998,0.9950796416198056,4.0,5
76,2,select_coverage,1.0,exact,majority,e,0,0.9969230769230768,0.9969940852823982,0.996918296745456,0.9938434101740062,5,,,,,,5
76,2,select_coverage,1.0,exact,cmar,e,0,0.9975384615384616,0.9975851018308616,0.997534516765286,0.9950720653336425,4,,,,,,5
76,2,select_coverage,1.0,exact,top_k_avg,e,0,1.0,1.0,1.0,1.0,0,,,,,,5
76,2,select_coverage,1.0,exact,list,e,0,1.0,1.0,1.0,1.0,0,,,,,,5
76,2,select_coverage,2.0,exact,majority,e,0,0.9969230769230768,0.9969940852823982,0.996918296745456,0.9938434101740062,5,,,,,,5
76,2,select_coverage,2.0,exact,cmar,e,0,0.9975384615384616,0.9975851018308616,0.997534516765286,0.9950720653336425,4,,,,,,5
76,2,select_coverage,2.0,exact,top_k_avg,e,0,0.9987692307692309,0.9987163029525032,0.9987670077060122,0.99753705220093,2,,,,,,5
76,2,select_coverage,2.0,exact,list,e,0,1.0,1.0,1.0,1.0,0,,,,,,5
76,2,select_coverage,3.0,exact,majority,e,0,0.9975384615384616,0.9976359338061466,0.9975347561456632,0.9950816372100398,4,,,,,,5
76,2,select_coverage,3.0,exact,cmar,e,0,0.9975384615384616,0.9975851018308616,0.997534516765286,0.9950720653336425,4,,,,,,5
76,2,select_coverage,3.0,exact,top_k_avg,e,0,1.0,1.0,1.0,1.0,0,,,,,,5
76,2,select_coverage,3.0,exact,list,e,0,1.0,1.0,1.0,1.0,0,,,,,,5
76,2,select_coverage,4.0,exact,majority,e,0,0.9969230769230768,0.9969940852823982,0.996918296745456,0.9938434101740062,5,,,,,,5
76,2,select_coverage,4.0,exact,cmar,e,0,0.9981538461538462,0.998176118379325,0.9981507956889072,0.9963023498720358,3,,,,,,5
76,2,select_coverage,4.0,exact,top_k_avg,e,0,1.0,1.0,1.0,1.0,0,,,,,,5
76,2,select_coverage,4.0,exact,list,e,0,1.0,1.0,1.0,1.0,0,,,,,,5
76,2,select_coverage_CBA_M1,,exact,majority,e,4,0.9993846153846154,0.9993581514762516,0.9993835358939543,0.9987678313748192,1,0.9969230769230768,0.996790757381258,0.996917024513165,0.9938529999620638,5.0,5
76,2,select_coverage_CBA_M1,,exact,cmar,e,4,0.9993846153846154,0.9993581514762516,0.9993835358939543,0.9987678313748192,1,0.9969230769230768,0.996790757381258,0.996917024513165,0.9938529999620638,5.0,5
76,2,select_coverage_CBA_M1,,exact,top_k_avg,e,4,1.0,1.0,1.0,1.0,0,0.9975384615384616,0.9974326059050064,0.99753375342998,0.9950796416198056,4.0,5
76,2,select_coverage_CBA_M1,,exact,list,e,4,1.0,1.0,1.0,1.0,0,0.9975384615384616,0.9974326059050064,0.99753375342998,0.9950796416198056,4.0,5
100,1,select_coverage,1.0,DAC,list,e,0,0.9987692307692309,0.9987484355444304,0.9987688386625572,0.99754070511271,2,,,,,,5
100,1,select_coverage,1.0,exact,majority,e,0,0.9987692307692309,0.9987484355444304,0.9987688386625572,0.99754070511271,2,,,,,,5
100,1,select_coverage,1.0,exact,cmar,e,0,0.9987692307692309,0.9987484355444304,0.9987688386625572,0.99754070511271,2,,,,,,5
100,1,select_coverage,1.0,exact,top_k_avg,e,0,1.0,1.0,1.0,1.0,0,,,,,,5
100,1,select_coverage,1.0,exact,list,e,0,1.0,1.0,1.0,1.0,0,,,,,,5
100,1,select_coverage,2.0,DAC,list,e,0,0.9987692307692309,0.9987484355444304,0.9987688386625572,0.99754070511271,2,,,,,,5
100,1,select_coverage,2.0,exact,majority,e,0,0.9987692307692309,0.9987484355444304,0.9987688386625572,0.99754070511271,2,,,,,,5
100,1,select_coverage,2.0,exact,cmar,e,0,0.9987692307692309,0.9987484355444304,0.9987688386625572,0.99754070511271,2,,,,,,5
100,1,select_coverage,2.0,exact,top_k_avg,e,0,1.0,1.0,1.0,1.0,0,,,,,,5
100,1,select_coverage,2.0,exact,list,e,0,1.0,1.0,1.0,1.0,0,,,,,,5
100,1,select_coverage,3.0,DAC,list,e,0,0.9987692307692309,0.9987484355444304,0.9987688386625572,0.99754070511271,2,,,,,,5
100,1,select_coverage,3.0,exact,majority,e,0,0.9987692307692309,0.9987484355444304,0.9987688386625572,0.99754070511271,2,,,,,,5
100,1,select_coverage,3.0,exact,cmar,e,0,0.9987692307692309,0.9987484355444304,0.9987688386625572,0.99754070511271,2,,,,,,5
100,1,select_coverage,3.0,exact,top_k_avg,e,0,1.0,1.0,1.0,1.0,0,,,,,,5
100,1,select_coverage,3.0,exact,list,e,0,1.0,1.0,1.0,1.0,0,,,,,,5
100,1,select_coverage,4.0,DAC,list,e,0,0.9987692307692309,0.9987484355444304,0.9987688386625572,0.99754070511271,2,,,,,,5
100,1,select_coverage,4.0,exact,majority,e,0,0.9987692307692309,0.9987484355444304,0.9987688386625572,0.99754070511271,2,,,,,,5
100,1,select_coverage,4.0,exact,cmar,e,0,0.9987692307692309,0.9987484355444304,0.9987688386625572,0.99754070511271,2,,,,,,5
100,1,select_coverage,4.0,exact,top_k_avg,e,0,0.9993846153846154,0.9993742177722152,0.9993844326230256,0.998769622626085,1,,,,,,5
100,1,select_coverage,4.0,exact,list,e,0,1.0,1.0,1.0,1.0,0,,,,,,5
100,1,select_coverage_CBA_M1,,DAC,list,e,3,0.9987692307692309,0.9987484355444304,0.9987688386625572,0.99754070511271,2,0.9969230769230768,0.9968710888610764,0.996921883269479,0.9938626579715863,5.0,5
100,1,select_coverage_CBA_M1,,exact,majority,e,3,0.9987692307692309,0.9987484355444304,0.9987688386625572,0.99754070511271,2,0.9969230769230768,0.9968710888610764,0.996921883269479,0.9938626579715863,5.0,5
100,1,select_coverage_CBA_M1,,exact,cmar,e,3,0.9987692307692309,0.9987484355444304,0.9987688386625572,0.99754070511271,2,0.9969230769230768,0.9968710888610764,0.996921883269479,0.9938626579715863,5.0,5
100,1,select_coverage_CBA_M1,,exact,top_k_avg,e,3,1.0,1.0,1.0,1.0,0,0.9981538461538462,0.9981226533166458,0.9981532167176506,0.9963132420739192,3.0,5
100,1,select_coverage_CBA_M1,,exact,list,e,3,1.0,1.0,1.0,1.0,0,0.9981538461538462,0.9981226533166458,0.9981532167176506,0.9963132420739192,3.0,5
100,2,select_coverage,1.0,exact,majority,e,0,0.9987692307692309,0.9987484355444304,0.9987688386625572,0.99754070511271,2,,,,,,5
100,2,select_coverage,1.0,exact,cmar,e,0,0.9987692307692309,0.9987484355444304,0.9987688386625572,0.99754070511271,2,,,,,,5
100,2,select_coverage,1.0,exact,top_k_avg,e,0,1.0,1.0,1.0,1.0,0,,,,,,5
100,2,select_coverage,1.0,exact,list,e,0,1.0,1.0,1.0,1.0,0,,,,,,5
100,2,select_coverage,2.0,exact,majority,e,0,0.9987692307692309,0.9987484355444304,0.9987688386625572,0.99754070511271,2,,,,,,5
100,2,select_coverage,2.0,exact,cmar,e,0,0.9987692307692309,0.9987484355444304,0.9987688386625572,0.99754070511271,2,,,,,,5
100,2,select_coverage,2.0,exact,top_k_avg,e,0,1.0,1.0,1.0,1.0,0,,,,,,5
100,2,select_coverage,2.0,exact,list,e,0,1.0,1.0,1.0,1.0,0,,,,,,5
100,2,select_coverage,3.0,exact,majority,e,0,0.9987692307692309,0.9987484355444304,0.9987688386625572,0.99754070511271,2,,,,,,5
100,2,select_coverage,3.0,exact,cmar,e,0,0.9987692307692309,0.9987484355444304,0.9987688386625572,0.99754070511271,2,,,,,,5
100,2,select_coverage,3.0,exact,top_k_avg,e,0,1.0,1.0,1.0,1.0,0,,,,,,5
100,2,select_coverage,3.0,exact,list,e,0,1.0,1.0,1.0,1.0,0,,,,,,5
100,2,select_coverage,4.0,exact,majority,e,0,0.9987692307692309,0.9987484355444304,0.9987688386625572,0.99754070511271,2,,,,,,5
100,2,select_coverage,4.0,exact,cmar,e,0,0.9987692307692309,0.9987484355444304,0.9987688386625572,0.99754070511271,2,,,,,,5
100,2,select_coverage,4.0,exact,top_k_avg,e,0,0.9993846153846154,0.9993742177722152,0.9993844326230256,0.998769622626085,1,,,,,,5
100,2,select_coverage,4.0,exact,list,e,0,1.0,1.0,1.0,1.0,0,,,,,,5
100,2,select_coverage_CBA_M1,,exact,majority,e,3,0.9987692307692309,0.9987484355444304,0.9987688386625572,0.99754070511271,2,0.9969230769230768,0.9968710888610764,0.996921883269479,0.9938626579715863,5.0,5
100,2,select_coverage_CBA_M1,,exact,cmar,e,3,0.9987692307692309,0.9987484355444304,0.9987688386625572,0.99754070511271,2,0.9969230769230768,0.9968710888610764,0.996921883269479,0.9938626579715863,5.0,5
100,2,select_coverage_CBA_M1,,exact,top_k_avg,e,3,1.0,1.0,1.0,1.0,0,0.9981538461538462,0.9981226533166458,0.9981532167176506,0.9963132420739192,3.0,5
100,2,select_coverage_CBA_M1,,exact,list,e,3,1.0,1.0,1.0,1.0,0,0.9981538461538462,0.9981226533166458,0.9981532167176506,0.9963132420739192,3.0,5
114,1,select_coverage,1.0,DAC,list,e,0,0.9987692307692309,0.9986928104575163,0.9987648296453048,0.997532706804608,2,,,,,,5
114,1,select_coverage,1.0,exact,majority,e,0,0.9987692307692309,0.9986928104575163,0.9987648296453048,0.997532706804608,2,,,,,,5
114,1,select_coverage,1.0,exact,cmar,e,0,0.9987692307692309,0.9986928104575163,0.9987648296453048,0.997532706804608,2,,,,,,5
114,1,select_coverage,1.0,exact,top_k_avg,e,0,1.0,1.0,1.0,1.0,0,,,,,,5
114,1,select_coverage,1.0,exact,list,e,0,1.0,1.0,1.0,1.0,0,,,,,,5
114,1,select_coverage,2.0,DAC,list,e,0,0.9987692307692309,0.9986928104575163,0.9987648296453048,0.997532706804608,2,,,,,,5
114,1,select_coverage,2.0,exact,majority,e,0,1.0,1.0,1.0,1.0,0,,,,,,5
114,1,select_coverage,2.0,exact,cmar,e,0,0.9987692307692309,0.9986928104575163,0.9987648296453048,0.997532706804608,2,,,,,,5
114,1,select_coverage,2.0,exact,top_k_avg,e,0,1.0,1.0,1.0,1.0,0,,,,,,5
114,1,select_coverage,2.0,exact,list,e,0,1.0,1.0,1.0,1.0,0,,,,,,5
114,1,select_coverage,3.0,DAC,list,e,0,0.9987692307692309,0.9986928104575163,0.9987648296453048,0.997532706804608,2,,,,,,5
114,1,select_coverage,3.0,exact,majority,e,0,1.0,1.0,1.0,1.0,0,,,,,,5
114,1,select_coverage,3.0,exact,cmar,e,0,0.9987692307692309,0.9986928104575163,0.9987648296453048,0.997532706804608,2,,,,,,5
114,1,select_coverage,3.0,exact,top_k_avg,e,0,1.0,1.0,1.0,1.0,0,,,,,,5
114,1,select_coverage,3.0,exact,list,e,0,1.0,1.0,1.0,1.0,0,,,,,,5
114,1,select_coverage,4.0,DAC,list,e,0,0.9987692307692309,0.9986928104575163,0.9987648296453048,0.997532706804608,2,,,,,,5
114,1,select_coverage,4.0,exact,majority,e,0,0.9987692307692309,0.9986928104575163,0.9987648296453048,0.997532706804608,2,,,,,,5
114,1,select_coverage,4.0,exact,cmar,e,0,0.9987692307692309,0.9986928104575163,0.9987648296453048,0.997532706804608,2,,,,,,5
114,1,select_coverage,4.0,exact,top_k_avg,e,0,1.0,1.0,1.0,1.0,0,,,,,,5
114,1,select_coverage,4.0,exact,list,e,0,1.0,1.0,1.0,1.0,0,,,,,,5
114,1,select_coverage_CBA_M1,,DAC,list,e,1,0.9987692307692309,0.9986928104575163,0.9987648296453048,0.997532706804608,2,0.9981538461538462,0.9980392156862744,0.998147107149658,0.996301067977826,3.0,5
114,1,select_coverage_CBA_M1,,exact,majority,e,1,0.9987692307692309,0.9986928104575163,0.9987648296453048,0.997532706804608,2,0.9981538461538462,0.9980392156862744,0.998147107149658,0.996301067977826,3.0,5
114,1,select_coverage_CBA_M1,,exact,cmar,e,1,0.9987692307692309,0.9986928104575163,0.9987648296453048,0.997532706804608,2,0.9981538461538462,0.9980392156862744,0.998147107149658,0.996301067977826,3.0,5
114,1,select_coverage_CBA_M1,,exact,top_k_avg,e,1,1.0,1.0,1.0,1.0,0,0.9993846153846154,0.9993464052287582,0.9993824601192745,0.998765682477202,1.0,5
114,1,select_coverage_CBA_M1,,exact,list,e,1,1.0,1.0,1.0,1.0,0,0.9993846153846154,0.9993464052287582,0.9993824601192745,0.998765682477202,1.0,5
114,2,select_coverage,1.0,exact,majority,e,0,0.9987692307692309,0.9986928104575163,0.9987648296453048,0.997532706804608,2,,,,,,5
114,2,select_coverage,1.0,exact,cmar,e,0,0.9987692307692309,0.9986928104575163,0.9987648296453048,0.997532706804608,2,,,,,,5
114,2,select_coverage,1.0,exact,top_k_avg,e,0,1.0,1.0,1.0,1.0,0,,,,,,5
114,2,select_coverage,1.0,exact,list,e,0,1.0,1.0,1.0,1.0,0,,,,,,5
114,2,select_coverage,2.0,exact,majority,e,0,1.0,1.0,1.0,1.0,0,,,,,,5
114,2,select_coverage,2.0,exact,cmar,e,0,0.9987692307692309,0.9986928104575163,0.9987648296453048,0.997532706804608,2,,,,,,5
114,2,select_coverage,2.0,exact,top_k_avg,e,0,1.0,1.0,1.0,1.0,0,,,,,,5
114,2,select_coverage,2.0,exact,list,e,0,1.0,1.0,1.0,1.0,0,,,,,,5
114,2,select_coverage,3.0,exact,majority,e,0,1.0,1.0,1.0,1.0,0,,,,,,5
114,2,select_coverage,3.0,exact,cmar,e,0,0.9987692307692309,0.9986928104575163,0.9987648296453048,0.997532706804608,2,,,,,,5
114,2,select_coverage,3.0,exact,top_k_avg,e,0,1.0,1.0,1.0,1.0,0,,,,,,5
114,2,select_coverage,3.0,exact,list,e,0,1.0,1.0,1.0,1.0,0,,,,,,5
114,2,select_coverage,4.0,exact,majority,e,0,0.9987692307692309,0.9986928104575163,0.9987648296453048,0.997532706804608,2,,,,,,5
114,2,select_coverage,4.0,exact,cmar,e,0,0.9987692307692309,0.9986928104575163,0.9987648296453048,0.997532706804608,2,,,,,,5
114,2,select_coverage,4.0,exact,top_k_avg,e,0,1.0,1.0,1.0,1.0,0,,,,,,5
114,2,select_coverage,4.0,exact,list,e,0,1.0,1.0,1.0,1.0,0,,,,,,5
114,2,select_coverage_CBA_M1,,exact,majority,e,1,0.9987692307692309,0.9986928104575163,0.9987648296453048,0.997532706804608,2,0.9981538461538462,0.9980392156862744,0.998147107149658,0.996301067977826,3.0,5
114,2,select_coverage_CBA_M1,,exact,cmar,e,1,0.9987692307692309,0.9986928104575163,0.9987648296453048,0.997532706804608,2,0.9981538461538462,0.9980392156862744,0.998147107149658,0.996301067977826,3.0,5
114,2,select_coverage_CBA_M1,,exact,top_k_avg,e,1,1.0,1.0,1.0,1.0,0,0.9993846153846154,0.9993464052287582,0.9993824601192745,0.998765682477202,1.0,5
114,2,select_coverage_CBA_M1,,exact,list,e,1,1.0,1.0,1.0,1.0,0,0.9993846153846154,0.9993464052287582,0.9993824601192745,0.998765682477202,1.0,5
133,1,select_coverage,1.0,DAC,list,e,0,0.9981538461538462,0.9981371336413354,0.9981526120549736,0.9963059811176048,3,,,,,,5
133,1,select_coverage,1.0,exact,majority,e,0,0.9987692307692309,0.9987684467726484,0.9987684467726484,0.997536893545297,2,,,,,,5
133,1,select_coverage,1.0,exact,cmar,e,0,0.9981538461538462,0.9981371336413354,0.9981526120549736,0.9963059811176048,3,,,,,,5
133,1,select_coverage,1.0,exact,top_k_avg,e,0,0.9993846153846154,0.9993686868686869,0.9993842040183244,0.9987691659789816,1,,,,,,5
133,1,select_coverage,1.0,exact,list,e,0,1.0,1.0,1.0,1.0,0,,,,,,5
133,1,select_coverage,2.0,DAC,list,e,0,0.9981538461538462,0.9981371336413354,0.9981526120549736,0.9963059811176048,3,,,,,,5
133,1,select_coverage,2.0,exact,majority,e,0,0.9987692307692309,0.9987684467726484,0.9987684467726484,0.997536893545297,2,,,,,,5
133,1,select_coverage,2.0,exact,cmar,e,0,0.9981538461538462,0.9981371336413354,0.9981526120549736,0.9963059811176048,3,,,,,,5
133,1,select_coverage,2.0,exact,top_k_avg,e,0,0.9987692307692309,0.9987373737373736,0.9987683683647266,0.9975397668278452,2,,,,,,5
133,1,select_coverage,2.0,exact,list,e,0,1.0,1.0,1.0,1.0,0,,,,,,5
133,1,select_coverage,3.0,DAC,list,e,0,0.9981538461538462,0.9981371336413354,0.9981526120549736,0.9963059811176048,3,,,,,,5
133,1,select_coverage,3.0,exact,majority,e,0,0.9987692307692309,0.9987684467726484,0.9987684467726484,0.997536893545297,2,,,,,,5
133,1,select_coverage,3.0,exact,cmar,e,0,0.9981538461538462,0.9981371336413354,0.9981526120549736,0.9963059811176048,3,,,,,,5
133,1,select_coverage,3.0,exact,top_k_avg,e,0,1.0,1.0,1.0,1.0,0,,,,,,5
133,1,select_coverage,3.0,exact,list,e,0,1.0,1.0,1.0,1.0,0,,,,,,5
133,1,select_coverage,4.0,DAC,list,e,0,0.9981538461538462,0.9981371336413354,0.9981526120549736,0.9963059811176048,3,,,,,,5
133,1,select_coverage,4.0,exact,majority,e,0,0.9981538461538462,0.9981371336413354,0.9981526120549736,0.9963059811176048,3,,,,,,5
133,1,select_coverage,4.0,exact,cmar,e,0,0.9975384615384616,0.9975368935452968,0.9975368935452968,0.9950737870905938,4,,,,,,5
133,1,select_coverage,4.0,exact,top_k_avg,e,0,1.0,1.0,1.0,1.0,0,,,,,,5
133,1,select_coverage,4.0,exact,list,e,0,1.0,1.0,1.0,1.0,0,,,,,,5
133,1,select_coverage_CBA_M1,,DAC,list,e,0,0.9981538461538462,0.9981371336413354,0.9981526120549736,0.9963059811176048,3,,,,,,5
133,1,select_coverage_CBA_M1,,exact,majority,e,0,0.9981538461538462,0.9981371336413354,0.9981526120549736,0.9963059811176048,3,,,,,,5
133,1,select_coverage_CBA_M1,,exact,cmar,e,0,0.9981538461538462,0.9981371336413354,0.9981526120549736,0.9963059811176048,3,,,,,,5
133,1,select_coverage_CBA_M1,,exact,top_k_avg,e,0,0.9987692307692309,0.9987373737373736,0.9987683683647266,0.9975397668278452,2,,,,,,5
133,1,select_coverage_CBA_M1,,exact,list,e,0,0.9987692307692309,0.9987373737373736,0.9987683683647266,0.9975397668278452,2,,,,,,5
133,2,select_coverage,1.0,exact,majority,e,0,0.9987692307692309,0.9987684467726484,0.9987684467726484,0.997536893545297,2,,,,,,5
133,2,select_coverage,1.0,exact,cmar,e,0,0.9981538461538462,0.9981371336413354,0.9981526120549736,0.9963059811176048,3,,,,,,5
133,2,select_coverage,1.0,exact,top_k_avg,e,0,0.9993846153846154,0.9993686868686869,0.9993842040183244,0.9987691659789816,1,,,,,,5
133,2,select_coverage,1.0,exact,list,e,0,1.0,1.0,1.0,1.0,0,,,,,,5
133,2,select_coverage,2.0,exact,majority,e,0,0.9987692307692309,0.9987684467726484,0.9987684467726484,0.997536893545297,2,,,,,,5
133,2,select_coverage,2.0,exact,cmar,e,0,0.9981538461538462,0.9981371336413354,0.9981526120549736,0.9963059811176048,3,,,,,,5
133,2,select_coverage,2.0,exact,top_k_avg,e,0,0.9987692307692309,0.9987373737373736,0.9987683683647266,0.9975397668278452,2,,,,,,5
133,2,select_coverage,2.0,exact,list,e,0,1.0,1.0,1.0,1.0,0,,,,,,5
133,2,select_coverage,3.0,exact,majority,e,0,0.9987692307692309,0.9987684467726484,0.9987684467726484,0.997536893545297,2,,,,,,5
133,2,select_coverage,3.0,exact,cmar,e,0,0.9981538461538462,0.9981371336413354,0.9981526120549736,0.9963059811176048,3,,,,,,5
133,2,select_coverage,3.0,exact,top_k_avg,e,0,1.0,1.0,1.0,1.0,0,,,,,,5
133,2,select_coverage,3.0,exact,list,e,0,1.0,1.0,1.0,1.0,0,,,,,,5
133,2,select_coverage,4.0,exact,majority,e,0,0.9981538461538462,0.9981371336413354,0.9981526120549736,0.9963059811176048,3,,,,,,5
133,2,select_coverage,4.0,exact,cmar,e,0,0.9975384615384616,0.9975368935452968,0.9975368935452968,0.9950737870905938,4,,,,,,5
133,2,select_coverage,4.0,exact,top_k_avg,e,0,1.0,1.0,1.0,1.0,0,,,,,,5
133,2,select_coverage,4.0,exact,list,e,0,1.0,1.0,1.0,1.0,0,,,,,,5
133,2,select_coverage_CBA_M1,,exact,majority,e,0,0.9987692307692309,0.9987684467726484,0.9987684467726484,0.997536893545297,2,,,,,,5
133,2,select_coverage_CBA_M1,,exact,cmar,e,0,0.9981538461538462,0.9981371336413354,0.9981526120549736,0.9963059811176048,3,,,,,,5
133,2,select_coverage_CBA_M1,,exact,top_k_avg,e,0,0.9993846153846154,0.9993686868686869,0.9993842040183244,0.9987691659789816,1,,,,,,5
133,2,select_coverage_CBA_M1,,exact,list,e,0,1.0,1.0,1.0,1.0,0,,,,,,5
138,1,select_coverage,1.0,DAC,list,e,0,0.9975384615384616,0.9974093264248703,0.9975317080580238,0.9950755709624712,4,,,,,,5
138,1,select_coverage,1.0,exact,majority,e,0,0.9987692307692309,0.9987661651349398,0.9987661651349398,0.9975323302698796,2,,,,,,5
138,1,select_coverage,1.0,exact,cmar,e,0,0.9969230769230768,0.9968231599535926,0.9969148330649396,0.9938364980974383,5,,,,,,5
138,1,select_coverage,1.0,exact,top_k_avg,e,0,0.9987692307692309,0.9987046632124352,0.9987660114757136,0.997535064643578,2,,,,,,5
138,1,select_coverage,1.0,exact,list,e,0,1.0,1.0,1.0,1.0,0,,,,,,5
138,1,select_coverage,2.0,DAC,list,e,0,0.9975384615384616,0.9974093264248703,0.9975317080580238,0.9950755709624712,4,,,,,,5
138,1,select_coverage,2.0,exact,majority,e,0,0.9987692307692309,0.9987661651349398,0.9987661651349398,0.9975323302698796,2,,,,,,5
138,1,select_coverage,2.0,exact,cmar,e,0,0.9975384615384616,0.997470828347375,0.9975320229514272,0.9950670838271384,4,,,,,,5
138,1,select_coverage,2.0,exact,top_k_avg,e,0,0.9987692307692309,0.9987046632124352,0.9987660114757136,0.997535064643578,2,,,,,,5
138,1,select_coverage,2.0,exact,list,e,0,1.0,1.0,1.0,1.0,0,,,,,,5
138,1,select_coverage,3.0,DAC,list,e,0,0.9975384615384616,0.9974093264248703,0.9975317080580238,0.9950755709624712,4,,,,,,5
138,1,select_coverage,3.0,exact,majority,e,0,0.9987692307692309,0.9987661651349398,0.9987661651349398,0.9975323302698796,2,,,,,,5
138,1,select_coverage,3.0,exact,cmar,e,0,0.9975384615384616,0.997470828347375,0.9975320229514272,0.9950670838271384,4,,,,,,5
138,1,select_coverage,3.0,exact,top_k_avg,e,0,0.9993846153846154,0.9993523316062176,0.9993830443892916,0.998766849576461,1,,,,,,5
138,1,select_coverage,3.0,exact,list,e,0,1.0,1.0,1.0,1.0,0,,,,,,5
138,1,select_coverage,4.0,DAC,list,e,0,0.9975384615384616,0.9974093264248703,0.9975317080580238,0.9950755709624712,4,,,,,,5
138,1,select_coverage,4.0,exact,majority,e,0,0.9987692307692309,0.9987661651349398,0.9987661651349398,0.9975323302698796,2,,,,,,5
138,1,select_coverage,4.0,exact,cmar,e,0,0.9975384615384616,0.997470828347375,0.9975320229514272,0.9950670838271384,4,,,,,,5
138,1,select_coverage,4.0,exact,top_k_avg,e,0,1.0,1.0,1.0,1.0,0,,,,,,5
138,1,select_coverage,4.0,exact,list,e,0,1.0,1.0,1.0,1.0,0,,,,,,5
138,1,select_coverage_CBA_M1,,DAC,list,e,6,0.9975384615384616,0.9974093264248703,0.9975317080580238,0.9950755709624712,4,0.9938461538461538,0.993523316062176,0.9938267946742524,0.9877293372029338,10.0,5
138,1,select_coverage_CBA_M1,,exact,majority,e,6,0.9993846153846154,0.9993523316062176,0.9993830443892916,0.998766849576461,1,0.9956923076923077,0.9954663212435232,0.995679637628894,0.9913964452609793,7.0,5
138,1,select_coverage_CBA_M1,,exact,cmar,e,6,0.9975384615384616,0.9974093264248703,0.9975317080580238,0.9950755709624712,4,0.9938461538461538,0.993523316062176,0.9938267946742524,0.9877293372029338,10.0,5
138,1,select_coverage_CBA_M1,,exact,top_k_avg,e,6,0.9987692307692309,0.9987046632124352,0.9987660114757136,0.997535064643578,2,0.9950769230769232,0.9948186528497408,0.9950621110462854,0.9901727472565538,8.0,5
138,1,select_coverage_CBA_M1,,exact,list,e,6,1.0,1.0,1.0,1.0,0,0.9963076923076924,0.9961139896373056,0.9962970783758492,0.9926214785483372,6.0,5
138,2,select_coverage,1.0,exact,majority,e,0,0.9987692307692309,0.9987661651349398,0.9987661651349398,0.9975323302698796,2,,,,,,5
138,2,select_coverage,1.0,exact,cmar,e,0,0.9969230769230768,0.9968231599535926,0.9969148330649396,0.9938364980974383,5,,,,,,5
138,2,select_coverage,1.0,exact,top_k_avg,e,0,0.9987692307692309,0.9987046632124352,0.9987660114757136,0.997535064643578,2,,,,,,5
138,2,select_coverage,1.0,exact,list,e,0,1.0,1.0,1.0,1.0,0,,,,,,5
138,2,select_coverage,2.0,exact,majority,e,0,0.9987692307692309,0.9987661651349398,0.9987661651349398,0.9975323302698796,2,,,,,,5
138,2,select_coverage,2.0,exact,cmar,e,0,0.9975384615384616,0.997470828347375,0.9975320229514272,0.9950670838271384,4,,,,,,5
138,2,select_coverage,2.0,exact,top_k_avg,e,0,0.9987692307692309,0.9987046632124352,0.9987660114757136,0.997535064643578,2,,,,,,5
138,2,select_coverage,2.0,exact,list,e,0,1.0,1.0,1.0,1.0,0,,,,,,5
138,2,select_coverage,3.0,exact,majority,e,0,0.9987692307692309,0.9987661651349398,0.9987661651349398,0.9975323302698796,2,,,,,,5
138,2,select_coverage,3.0,exact,cmar,e,0,0.9975384615384616,0.997470828347375,0.9975320229514272,0.9950670838271384,4,,,,,,5
138,2,select_coverage,3.0,exact,top_k_avg,e,0,0.9993846153846154,0.9993523316062176,0.9993830443892916,0.998766849576461,1,,,,,,5
138,2,select_coverage,3.0,exact,list,e,0,1.0,1.0,1.0,1.0,0,,,,,,5
138,2,select_coverage,4.0,exact,majority,e,0,0.9987692307692309,0.9987661651349398,0.9987661651349398,0.9975323302698796,2,,,,,,5
138,2,select_coverage,4.0,exact,cmar,e,0,0.9975384615384616,0.997470828347375,0.9975320229514272,0.9950670838271384,4,,,,,,5
138,2,select_coverage,4.0,exact,top_k_avg,e,0,1.0,1.0,1.0,1.0,0,,,,,,5
138,2,select_coverage,4.0,exact,list,e,0,1.0,1.0,1.0,1.0,0,,,,,,5
138,2,select_coverage_CBA_M1,,exact,majority,e,4,0.9993846153846154,0.9993523316062176,0.9993830443892916,0.998766849576461,1,0.9969230769230768,0.996761658031088,0.9969144347111474,0.9938478521122138,5.0,5
138,2,select_coverage_CBA_M1,,exact,cmar,e,4,0.9975384615384616,0.9974093264248703,0.9975317080580238,0.9950755709624712,4,0.9950769230769232,0.9948186528497408,0.9950621110462854,0.9901727472565538,8.0,5
138,2,select_coverage_CBA_M1,,exact,top_k_avg,e,4,0.9987692307692309,0.9987046632124352,0.9987660114757136,0.997535064643578,2,0.9963076923076924,0.9961139896373056,0.9962970783758492,0.9926214785483372,6.0,5
138,2,select_coverage_CBA_M1,,exact,list,e,4,1.0,1.0,1.0,1.0,0,0.9975384615384616,0.9974093264248703,0.9975317080580238,0.9950755709624712,4.0,5
148,1,select_coverage,1.0,DAC,list,e,0,0.9969230769230768,0.9969940852823982,0.996918296745456,0.9938434101740062,5,,,,,,5
148,1,select_coverage,1.0,exact,majority,e,0,0.9993846153846154,0.9994089834515368,0.9993835985629692,0.9987679565585138,1,,,,,,5
148,1,select_coverage,1.0,exact,cmar,e,0,0.9987692307692309,0.9987671349277882,0.9987671349277882,0.9975342698555764,2,,,,,,5
148,1,select_coverage,1.0,exact,top_k_avg,e,0,1.0,1.0,1.0,1.0,0,,,,,,5
148,1,select_coverage,1.0,exact,list,e,0,1.0,1.0,1.0,1.0,0,,,,,,5
148,1,select_coverage,2.0,DAC,list,e,0,0.9969230769230768,0.9969940852823982,0.996918296745456,0.9938434101740062,5,,,,,,5
148,1,select_coverage,2.0,exact,majority,e,0,0.9993846153846154,0.9994089834515368,0.9993835985629692,0.9987679565585138,1,,,,,,5
148,1,select_coverage,2.0,exact,cmar,e,0,0.9987692307692309,0.9987671349277882,0.9987671349277882,0.9975342698555764,2,,,,,,5
148,1,select_coverage,2.0,exact,top_k_avg,e,0,1.0,1.0,1.0,1.0,0,,,,,,5
148,1,select_coverage,2.0,exact,list,e,0,1.0,1.0,1.0,1.0,0,,,,,,5
148,1,select_coverage,3.0,DAC,list,e,0,0.9969230769230768,0.9969940852823982,0.996918296745456,0.9938434101740062,5,,,,,,5
148,1,select_coverage,3.0,exact,majority,e,0,0.9993846153846154,0.9994089834515368,0.9993835985629692,0.9987679565585138,1,,,,,,5
148,1,select_coverage,3.0,exact,cmar,e,0,1.0,1.0,1.0,1.0,0,,,,,,5
148,1,select_coverage,3.0,exact,top_k_avg,e,0,0.9993846153846154,0.9993581514762516,0.9993835358939543,0.9987678313748192,1,,,,,,5
148,1,select_coverage,3.0,exact,list,e,0,1.0,1.0,1.0,1.0,0,,,,,,5
148,1,select_coverage,4.0,DAC,list,e,0,0.9969230769230768,0.9969940852823982,0.996918296745456,0.9938434101740062,5,,,,,,5
148,1,select_coverage,4.0,exact,majority,e,0,0.9993846153846154,0.9994089834515368,0.9993835985629692,0.9987679565585138,1,,,,,,5
148,1,select_coverage,4.0,exact,cmar,e,0,0.9993846153846154,0.9994089834515368,0.9993835985629692,0.9987679565585138,1,,,,,,5
148,1,select_coverage,4.0,exact,top_k_avg,e,0,0.9993846153846154,0.9993581514762516,0.9993835358939543,0.9987678313748192,1,,,,,,5
148,1,select_coverage,4.0,exact,list,e,0,1.0,1.0,1.0,1.0,0,,,,,,5
148,1,select_coverage_CBA_M1,,DAC,list,e,0,0.9963076923076924,0.9963014047833648,0.9963014047833648,0.9926028095667296,6,,,,,,5
148,1,select_coverage_CBA_M1,,exact,majority,e,0,0.9987692307692309,0.9987163029525032,0.9987670077060122,0.99753705220093,2,,,,,,5
148,1,select_coverage_CBA_M1,,exact,cmar,e,0,0.9981538461538462,0.9980744544287548,0.9981504140227072,0.9963076573272062,3,,,,,,5
148,1,select_coverage_CBA_M1,,exact,top_k_avg,e,0,0.9987692307692309,0.9987163029525032,0.9987670077060122,0.99753705220093,2,,,,,,5
148,1,select_coverage_CBA_M1,,exact,list,e,0,0.9987692307692309,0.9987163029525032,0.9987670077060122,0.99753705220093,2,,,,,,5
148,2,select_coverage,1.0,exact,majority,e,0,0.9993846153846154,0.9994089834515368,0.9993835985629692,0.9987679565585138,1,,,,,,5
148,2,select_coverage,1.0,exact,cmar,e,0,0.9987692307692309,0.9987671349277882,0.9987671349277882,0.9975342698555764,2,,,,,,5
148,2,select_coverage,1.0,exact,top_k_avg,e,0,1.0,1.0,1.0,1.0,0,,,,,,5
148,2,select_coverage,1.0,exact,list,e,0,1.0,1.0,1.0,1.0,0,,,,,,5
148,2,select_coverage,2.0,exact,majority,e,0,0.9993846153846154,0.9994089834515368,0.9993835985629692,0.9987679565585138,1,,,,,,5
148,2,select_coverage,2.0,exact,cmar,e,0,0.9987692307692309,0.9987671349277882,0.9987671349277882,0.9975342698555764,2,,,,,,5
148,2,select_coverage,2.0,exact,top_k_avg,e,0,1.0,1.0,1.0,1.0,0,,,,,,5
148,2,select_coverage,2.0,exact,list,e,0,1.0,1.0,1.0,1.0,0,,,,,,5
148,2,select_coverage,3.0,exact,majority,e,0,0.9993846153846154,0.9994089834515368,0.9993835985629692,0.9987679565585138,1,,,,,,5
148,2,select_coverage,3.0,exact,cmar,e,0,1.0,1.0,1.0,1.0,0,,,,,,5
148,2,select_coverage,3.0,exact,top_k_avg,e,0,0.9993846153846154,0.9993581514762516,0.9993835358939543,0.9987678313748192,1,,,,,,5
148,2,select_coverage,3.0,exact,list,e,0,1.0,1.0,1.0,1.0,0,,,,,,5
148,2,select_coverage,4.0,exact,majority,e,0,0.9993846153846154,0.9994089834515368,0.9993835985629692,0.9987679565585138,1,,,,,,5
148,2,select_coverage,4.0,exact,cmar,e,0,0.9993846153846154,0.9994089834515368,0.9993835985629692,0.9987679565585138,1,,,,,,5
148,2,select_coverage,4.0,exact,top_k_avg,e,0,0.9993846153846154,0.9993581514762516,0.9993835358939543,0.9987678313748192,1,,,,,,5
148,2,select_coverage,4.0,exact,list,e,0,1.0,1.0,1.0,1.0,0,,,,,,5
148,2,select_coverage_CBA_M1,,exact,majority,e,0,0.9987692307692309,0.9987163029525032,0.9987670077060122,0.99753705220093,2,,,,,,5
148,2,select_coverage_CBA_M1,,exact,cmar,e,0,0.9981538461538462,0.9980744544287548,0.9981504140227072,0.9963076573272062,3,,,,,,5
148,2,select_coverage_CBA_M1,,exact,top_k_avg,e,0,0.9987692307692309,0.9987163029525032,0.9987670077060122,0.99753705220093,2,,,,,,5
148,2,select_coverage_CBA_M1,,exact,list,e,0,0.9987692307692309,0.9987163029525032,0.9987670077060122,0.99753705220093,2,,,,,,5
5,1,select_coverage,1.0,DAC,list,e,0,0.9956923076923077,0.9956799495716316,0.9956908390078512,0.9913824326619044,7,,,,,,6
5,1,select_coverage,1.0,exact,majority,e,0,0.9975384615384616,0.9975157058304772,0.99753756538711,0.9950781551026122,4,,,,,,6
5,1,select_coverage,1.0,exact,cmar,e,0,0.9969230769230768,0.996889139414437,0.996921883269479,0.9938505674134324,5,,,,,,6
5,1,select_coverage,1.0,exact,top_k_avg,e,0,1.0,1.0,1.0,1.0,0,,,,,,6
5,1,select_coverage,1.0,exact,list,e,0,1.0,1.0,1.0,1.0,0,,,,,,6
5,1,select_coverage,2.0,DAC,list,e,0,0.9956923076923077,0.9956799495716316,0.9956908390078512,0.9913824326619044,7,,,,,,6
5,1,select_coverage,2.0,exact,majority,e,0,0.9975384615384616,0.9975157058304772,0.99753756538711,0.9950781551026122,4,,,,,,6
5,1,select_coverage,2.0,exact,cmar,e,0,0.9975384615384616,0.9975157058304772,0.99753756538711,0.9950781551026122,4,,,,,,6
5,1,select_coverage,2.0,exact,top_k_avg,e,0,1.0,1.0,1.0,1.0,0,,,,,,6
5,1,select_coverage,2.0,exact,list,e,0,1.0,1.0,1.0,1.0,0,,,,,,6
5,1,select_coverage,3.0,DAC,list,e,0,0.9956923076923077,0.9956799495716316,0.9956908390078512,0.9913824326619044,7,,,,,,6
5,1,select_coverage,3.0,exact,majority,e,0,0.9975384615384616,0.9975157058304772,0.99753756538711,0.9950781551026122,4,,,,,,6
5,1,select_coverage,3.0,exact,cmar,e,0,0.9975384615384616,0.9975157058304772,0.99753756538711,0.9950781551026122,4,,,,,,6
5,1,select_coverage,3.0,exact,top_k_avg,e,0,0.9981538461538462,0.9981203007518796,0.9981531299616874,0.9963130692005248,3,,,,,,6
5,1,select_coverage,3.0,exact,list,e,0,0.9987692307692309,0.9987468671679198,0.998768782693555,0.9975405934496614,2,,,,,,6
5,1,select_coverage,4.0,DAC,list,e,0,0.9956923076923077,0.9956799495716316,0.9956908390078512,0.9913824326619044,7,,,,,,6
5,1,select_coverage,4.0,exact,majority,e,0,0.9975384615384616,0.9975157058304772,0.99753756538711,0.9950781551026122,4,,,,,,6
5,1,select_coverage,4.0,exact,cmar,e,0,0.9975384615384616,0.9975157058304772,0.99753756538711,0.9950781551026122,4,,,,,,6
5,1,select_coverage,4.0,exact,top_k_avg,e,0,0.9981538461538462,0.9981203007518796,0.9981531299616874,0.9963130692005248,3,,,,,,6
5,1,select_coverage,4.0,exact,list,e,0,0.9987692307692309,0.9987468671679198,0.998768782693555,0.9975405934496614,2,,,,,,6
5,1,select_coverage_CBA_M1,,DAC,list,e,1,0.9963076923076924,0.9962845444930344,0.9963063480806648,0.992615716755563,6,0.9956923076923077,0.9956579780769942,0.9956906365772706,0.9913880656263396,7.0,6
5,1,select_coverage_CBA_M1,,exact,majority,e,1,0.9981538461538462,0.9981203007518796,0.9981531299616874,0.9963130692005248,3,0.9975384615384616,0.9974937343358397,0.9975374459753532,0.995086990489762,4.0,6
5,1,select_coverage_CBA_M1,,exact,cmar,e,1,0.9975384615384616,0.9974937343358397,0.9975374459753532,0.995086990489762,4,0.9969230769230768,0.9968671679197996,0.9969217293326802,0.9938623519817604,5.0,6
5,1,select_coverage_CBA_M1,,exact,top_k_avg,e,1,1.0,1.0,1.0,1.0,0,0.9993846153846154,0.99937343358396,0.9993844055725504,0.9987695685916596,1.0,6
5,1,select_coverage_CBA_M1,,exact,list,e,1,1.0,1.0,1.0,1.0,0,0.9993846153846154,0.99937343358396,0.9993844055725504,0.9987695685916596,1.0,6
5,2,select_coverage,1.0,exact,majority,e,0,0.9975384615384616,0.9975157058304772,0.99753756538711,0.9950781551026122,4,,,,,,6
5,2,select_coverage,1.0,exact,cmar,e,0,0.9969230769230768,0.996889139414437,0.996921883269479,0.9938505674134324,5,,,,,,6
5,2,select_coverage,1.0,exact,top_k_avg,e,0,1.0,1.0,1.0,1.0,0,,,,,,6
5,2,select_coverage,1.0,exact,list,e,0,1.0,1.0,1.0,1.0,0,,,,,,6
5,2,select_coverage,2.0,exact,majority,e,0,0.9975384615384616,0.9975157058304772,0.99753756538711,0.9950781551026122,4,,,,,,6
5,2,select_coverage,2.0,exact,cmar,e,0,0.9975384615384616,0.9975157058304772,0.99753756538711,0.9950781551026122,4,,,,,,6
5,2,select_coverage,2.0,exact,top_k_avg,e,0,1.0,1.0,1.0,1.0,0,,,,,,6
5,2,select_coverage,2.0,exact,list,e,0,1.0,1.0,1.0,1.0,0,,,,,,6
5,2,select_coverage,3.0,exact,majority,e,0,0.9975384615384616,0.9975157058304772,0.99753756538711,0.9950781551026122,4,,,,,,6
5,2,select_coverage,3.0,exact,cmar,e,0,0.9975384615384616,0.9975157058304772,0.99753756538711,0.9950781551026122,4,,,,,,6
5,2,select_coverage,3.0,exact,top_k_avg,e,0,0.9981538461538462,0.9981203007518796,0.9981531299616874,0.9963130692005248,3,,,,,,6
5,2,select_coverage,3.0,exact,list,e,0,0.9987692307692309,0.9987468671679198,0.998768782693555,0.9975405934496614,2,,,,,,6
5,2,select_coverage,4.0,exact,majority,e,0,0.9975384615384616,0.9975157058304772,0.99753756538711,0.9950781551026122,4,,,,,,6
5,2,select_coverage,4.0,exact,cmar,e,0,0.9975384615384616,0.9975157058304772,0.99753756538711,0.9950781551026122,4,,,,,,6
5,2,select_coverage,4.0,exact,top_k_avg,e,0,0.9981538461538462,0.9981203007518796,0.9981531299616874,0.9963130692005248,3,,,,,,6
5,2,select_coverage,4.0,exact,list,e,0,0.9987692307692309,0.9987468671679198,0.998768782693555,0.9975405934496614,2,,,,,,6
5,2,select_coverage_CBA_M1,,exact,majority,e,1,0.9981538461538462,0.9981203007518796,0.9981531299616874,0.9963130692005248,3,0.9975384615384616,0.9974937343358397,0.9975374459753532,0.995086990489762,4.0,6
5,2,select_coverage_CBA_M1,,exact,cmar,e,1,0.9975384615384616,0.9974937343358397,0.9975374459753532,0.995086990489762,4,0.9969230769230768,0.9968671679197996,0.9969217293326802,0.9938623519817604,5.0,6
5,2,select_coverage_CBA_M1,,exact,top_k_avg,e,1,1.0,1.0,1.0,1.0,0,0.9993846153846154,0.99937343358396,0.9993844055725504,0.9987695685916596,1.0,6
5,2,select_coverage_CBA_M1,,exact,list,e,1,1.0,1.0,1.0,1.0,0,0.9993846153846154,0.99937343358396,0.9993844055725504,0.9987695685916596,1.0,6
14,1,select_coverage,1.0,DAC,list,e,0,0.9963076923076924,0.9963784007700088,0.9962884516409992,0.9925799531083588,6,,,,,,6
14,1,select_coverage,1.0,exact,majority,e,0,0.9987692307692309,0.99867197875166,0.998762368696839,0.9975277970484429,2,,,,,,6
14,1,select_coverage,1.0,exact,cmar,e,0,0.9987692307692309,0.99867197875166,0.998762368696839,0.9975277970484429,2,,,,,,6
14,1,select_coverage,1.0,exact,top_k_avg,e,0,0.9993846153846154,0.99933598937583,0.9993812411350892,0.9987632475191576,1,,,,,,6
14,1,select_coverage,1.0,exact,list,e,0,1.0,1.0,1.0,1.0,0,,,,,,6
14,1,select_coverage,2.0,DAC,list,e,0,0.9963076923076924,0.9963784007700088,0.9962884516409992,0.9925799531083588,6,,,,,,6
14,1,select_coverage,2.0,exact,majority,e,0,0.9993846153846154,0.99933598937583,0.9993812411350892,0.9987632475191576,1,,,,,,6
14,1,select_coverage,2.0,exact,cmar,e,0,0.9987692307692309,0.99867197875166,0.998762368696839,0.9975277970484429,2,,,,,,6
14,1,select_coverage,2.0,exact,top_k_avg,e,0,1.0,1.0,1.0,1.0,0,,,,,,6
14,1,select_coverage,2.0,exact,list,e,0,1.0,1.0,1.0,1.0,0,,,,,,6
14,1,select_coverage,3.0,DAC,list,e,0,0.9963076923076924,0.9963784007700088,0.9962884516409992,0.9925799531083588,6,,,,,,6
14,1,select_coverage,3.0,exact,majority,e,0,0.9993846153846154,0.99933598937583,0.9993812411350892,0.9987632475191576,1,,,,,,6
14,1,select_coverage,3.0,exact,cmar,e,0,0.9987692307692309,0.99867197875166,0.998762368696839,0.9975277970484429,2,,,,,,6
14,1,select_coverage,3.0,exact,top_k_avg,e,0,1.0,1.0,1.0,1.0,0,,,,,,6
14,1,select_coverage,3.0,exact,list,e,0,1.0,1.0,1.0,1.0,0,,,,,,6
14,1,select_coverage,4.0,DAC,list,e,0,0.9963076923076924,0.9963784007700088,0.9962884516409992,0.9925799531083588,6,,,,,,6
14,1,select_coverage,4.0,exact,majority,e,0,0.9987692307692309,0.99867197875166,0.998762368696839,0.9975277970484429,2,,,,,,6
14,1,select_coverage,4.0,exact,cmar,e,0,0.9987692307692309,0.99867197875166,0.998762368696839,0.9975277970484429,2,,,,,,6
14,1,select_coverage,4.0,exact,top_k_avg,e,0,1.0,1.0,1.0,1.0,0,,,,,,6
14,1,select_coverage,4.0,exact,list,e,0,1.0,1.0,1.0,1.0,0,,,,,,6
14,1,select_coverage_CBA_M1,,DAC,list,e,7,0.9963076923076924,0.9963784007700088,0.9962884516409992,0.9925799531083588,6,0.992,0.9917303264008188,0.991953144254126,0.9839252910013464,13.0,6
14,1,select_coverage_CBA_M1,,exact,majority,e,7,0.9987692307692309,0.99867197875166,0.998762368696839,0.9975277970484429,2,0.9944615384615384,0.99402390438247,0.9944269600238698,0.9889156912076568,9.0,6
14,1,select_coverage_CBA_M1,,exact,cmar,e,7,0.9987692307692309,0.99867197875166,0.998762368696839,0.9975277970484429,2,0.9944615384615384,0.99402390438247,0.9944269600238698,0.9889156912076568,9.0,6
14,1,select_coverage_CBA_M1,,exact,top_k_avg,e,7,1.0,1.0,1.0,1.0,0,0.9956923076923077,0.99535192563081,0.9956662522778368,0.991369904239012,7.0,6
14,1,select_coverage_CBA_M1,,exact,list,e,7,1.0,1.0,1.0,1.0,0,0.9956923076923077,0.99535192563081,0.9956662522778368,0.991369904239012,7.0,6
14,2,select_coverage,1.0,exact,majority,e,0,0.9987692307692309,0.99867197875166,0.998762368696839,0.9975277970484429,2,,,,,,6
14,2,select_coverage,1.0,exact,cmar,e,0,0.9987692307692309,0.99867197875166,0.998762368696839,0.9975277970484429,2,,,,,,6
14,2,select_coverage,1.0,exact,top_k_avg,e,0,0.9993846153846154,0.99933598937583,0.9993812411350892,0.9987632475191576,1,,,,,,6
14,2,select_coverage,1.0,exact,list,e,0,1.0,1.0,1.0,1.0,0,,,,,,6
14,2,select_coverage,2.0,exact,majority,e,0,0.9993846153846154,0.99933598937583,0.9993812411350892,0.9987632475191576,1,,,,,,6
14,2,select_coverage,2.0,exact,cmar,e,0,0.9987692307692309,0.99867197875166,0.998762368696839,0.9975277970484429,2,,,,,,6
14,2,select_coverage,2.0,exact,top_k_avg,e,0,1.0,1.0,1.0,1.0,0,,,,,,6
14,2,select_coverage,2.0,exact,list,e,0,1.0,1.0,1.0,1.0,0,,,,,,6
14,2,select_coverage,3.0,exact,majority,e,0,0.9993846153846154,0.99933598937583,0.9993812411350892,0.9987632475191576,1,,,,,,6
14,2,select_coverage,3.0,exact,cmar,e,0,0.9987692307692309,0.99867197875166,0.998762368696839,0.9975277970484429,2,,,,,,6
14,2,select_coverage,3.0,exact,top_k_avg,e,0,1.0,1.0,1.0,1.0,0,,,,,,6
14,2,select_coverage,3.0,exact,list,e,0,1.0,1.0,1.0,1.0,0,,,,,,6
14,2,select_coverage,4.0,exact,majority,e,0,0.9987692307692309,0.99867197875166,0.998762368696839,0.9975277970484429,2,,,,,,6
14,2,select_coverage,4.0,exact,cmar,e,0,0.9987692307692309,0.99867197875166,0.998762368696839,0.9975277970484429,2,,,,,,6
14,2,select_coverage,4.0,exact,top_k_avg,e,0,1.0,1.0,1.0,1.0,0,,,,,,6
14,2,select_coverage,4.0,exact,list,e,0,1.0,1.0,1.0,1.0,0,,,,,,6
14,2,select_coverage_CBA_M1,,exact,majority,e,7,0.9987692307692309,0.99867197875166,0.998762368696839,0.9975277970484429,2,0.9944615384615384,0.99402390438247,0.9944269600238698,0.9889156912076568,9.0,6
14,2,select_coverage_CBA_M1,,exact,cmar,e,7,0.9987692307692309,0.99867197875166,0.998762368696839,0.9975277970484429,2,0.9944615384615384,0.99402390438247,0.9944269600238698,0.9889156912076568,9.0,6
14,2,select_coverage_CBA_M1,,exact,top_k_avg,e,7,1.0,1.0,1.0,1.0,0,0.9956923076923077,0.99535192563081,0.9956662522778368,0.991369904239012,7.0,6
14,2,select_coverage_CBA_M1,,exact,list,e,7,1.0,1.0,1.0,1.0,0,0.9956923076923077,0.99535192563081,0.9956662522778368,0.991369904239012,7.0,6
17,1,select_coverage,1.0,DAC,list,e,0,0.9956923076923077,0.995721801161864,0.995691367849612,0.991389525875895,7,,,,,,6
17,1,select_coverage,1.0,exact,majority,e,0,0.9987692307692309,0.998768890895702,0.998768890895702,0.997537781791404,2,,,,,,6
17,1,select_coverage,1.0,exact,cmar,e,0,0.9981538461538462,0.9981431086679172,0.998153297869076,0.9963073521848984,3,,,,,,6
17,1,select_coverage,1.0,exact,top_k_avg,e,0,0.9975384615384616,0.9974968710888612,0.99753756538711,0.995087228142845,4,,,,,,6
17,1,select_coverage,1.0,exact,list,e,0,1.0,1.0,1.0,1.0,0,,,,,,6
17,1,select_coverage,2.0,DAC,list,e,0,0.9956923076923077,0.995721801161864,0.995691367849612,0.991389525875895,7,,,,,,6
17,1,select_coverage,2.0,exact,majority,e,0,0.9993846153846154,0.9993946731234866,0.9993844578058136,0.9987696729297324,1,,,,,,6
17,1,select_coverage,2.0,exact,cmar,e,0,0.9987692307692309,0.998768890895702,0.998768890895702,0.997537781791404,2,,,,,,6
17,1,select_coverage,2.0,exact,top_k_avg,e,0,1.0,1.0,1.0,1.0,0,,,,,,6
17,1,select_coverage,2.0,exact,list,e,0,1.0,1.0,1.0,1.0,0,,,,,,6
17,1,select_coverage,3.0,DAC,list,e,0,0.9956923076923077,0.995721801161864,0.995691367849612,0.991389525875895,7,,,,,,6
17,1,select_coverage,3.0,exact,majority,e,0,0.9993846153846154,0.9993946731234866,0.9993844578058136,0.9987696729297324,1,,,,,,6
17,1,select_coverage,3.0,exact,cmar,e,0,0.9981538461538462,0.9981635640191886,0.998153373417441,0.9963075032198516,3,,,,,,6
17,1,select_coverage,3.0,exact,top_k_avg,e,0,0.9993846153846154,0.9993742177722152,0.9993844326230256,0.998769622626085,1,,,,,,6
17,1,select_coverage,3.0,exact,list,e,0,1.0,1.0,1.0,1.0,0,,,,,,6
17,1,select_coverage,4.0,DAC,list,e,0,0.9956923076923077,0.995721801161864,0.995691367849612,0.991389525875895,7,,,,,,6
17,1,select_coverage,4.0,exact,majority,e,0,0.9981538461538462,0.9981635640191886,0.998153373417441,0.9963075032198516,3,,,,,,6
17,1,select_coverage,4.0,exact,cmar,e,0,0.9987692307692309,0.998768890895702,0.998768890895702,0.997537781791404,2,,,,,,6
17,1,select_coverage,4.0,exact,top_k_avg,e,0,0.9993846153846154,0.9993742177722152,0.9993844326230256,0.998769622626085,1,,,,,,6
17,1,select_coverage,4.0,exact,list,e,0,1.0,1.0,1.0,1.0,0,,,,,,6
17,1,select_coverage_CBA_M1,,DAC,list,e,2,0.9956923076923077,0.995721801161864,0.995691367849612,0.991389525875895,7,0.9944615384615384,0.9944702367062944,0.9944601202523232,0.9889209940902084,9.0,6
17,1,select_coverage_CBA_M1,,exact,majority,e,2,0.9993846153846154,0.9993742177722152,0.9993844326230256,0.998769622626085,1,0.9981538461538462,0.9981226533166458,0.9981532167176506,0.9963132420739192,3.0,6
17,1,select_coverage_CBA_M1,,exact,cmar,e,2,0.9987692307692309,0.9987484355444304,0.9987688386625572,0.99754070511271,2,0.9975384615384616,0.9974968710888612,0.99753756538711,0.995087228142845,4.0,6
17,1,select_coverage_CBA_M1,,exact,top_k_avg,e,2,0.9975384615384616,0.9974968710888612,0.99753756538711,0.995087228142845,4,0.9963076923076924,0.9962453066332916,0.99630616896303,0.9926395262310964,6.0,6
17,1,select_coverage_CBA_M1,,exact,list,e,2,1.0,1.0,1.0,1.0,0,0.9987692307692309,0.9987484355444304,0.9987688386625572,0.99754070511271,2.0,6
17,2,select_coverage,1.0,exact,majority,e,0,0.9987692307692309,0.998768890895702,0.998768890895702,0.997537781791404,2,,,,,,6
17,2,select_coverage,1.0,exact,cmar,e,0,0.9981538461538462,0.9981431086679172,0.998153297869076,0.9963073521848984,3,,,,,,6
17,2,select_coverage,1.0,exact,top_k_avg,e,0,0.9975384615384616,0.9974968710888612,0.99753756538711,0.995087228142845,4,,,,,,6
17,2,select_coverage,1.0,exact,list,e,0,1.0,1.0,1.0,1.0,0,,,,,,6
17,2,select_coverage,2.0,exact,majority,e,0,0.9993846153846154,0.9993946731234866,0.9993844578058136,0.9987696729297324,1,,,,,,6
17,2,select_coverage,2.0,exact,cmar,e,0,0.9987692307692309,0.998768890895702,0.998768890895702,0.997537781791404,2,,,,,,6
17,2,select_coverage,2.0,exact,top_k_avg,e,0,1.0,1.0,1.0,1.0,0,,,,,,6
17,2,select_coverage,2.0,exact,list,e,0,1.0,1.0,1.0,1.0,0,,,,,,6
17,2,select_coverage,3.0,exact,majority,e,0,0.9993846153846154,0.9993946731234866,0.9993844578058136,0.9987696729297324,1,,,,,,6
17,2,select_coverage,3.0,exact,cmar,e,0,0.9981538461538462,0.9981635640191886,0.998153373417441,0.9963075032198516,3,,,,,,6
17,2,select_coverage,3.0,exact,top_k_avg,e,0,0.9993846153846154,0.9993742177722152,0.9993844326230256,0.998769622626085,1,,,,,,6
17,2,select_coverage,3.0,exact,list,e,0,1.0,1.0,1.0,1.0,0,,,,,,6
17,2,select_coverage,4.0,exact,majority,e,0,0.9981538461538462,0.9981635640191886,0.998153373417441,0.9963075032198516,3,,,,,,6
17,2,select_coverage,4.0,exact,cmar,e,0,0.9987692307692309,0.998768890895702,0.998768890895702,0.997537781791404,2,,,,,,6
17,2,select_coverage,4.0,exact,top_k_avg,e,0,0.9993846153846154,0.9993742177722152,0.9993844326230256,0.998769622626085,1,,,,,,6
17,2,select_coverage,4.0,exact,list,e,0,1.0,1.0,1.0,1.0,0,,,,,,6
17,2,select_coverage_CBA_M1,,exact,majority,e,2,0.9993846153846154,0.9993742177722152,0.9993844326230256,0.998769622626085,1,0.9981538461538462,0.9981226533166458,0.9981532167176506,0.9963132420739192,3.0,6
17,2,select_coverage_CBA_M1,,exact,cmar,e,2,0.9987692307692309,0.9987484355444304,0.9987688386625572,0.99754070511271,2,0.9975384615384616,0.9974968710888612,0.99753756538711,0.995087228142845,4.0,6
17,2,select_coverage_CBA_M1,,exact,top_k_avg,e,2,0.9975384615384616,0.9974968710888612,0.99753756538711,0.995087228142845,4,0.9963076923076924,0.9962453066332916,0.99630616896303,0.9926395262310964,6.0,6
17,2,select_coverage_CBA_M1,,exact,list,e,2,1.0,1.0,1.0,1.0,0,0.9987692307692309,0.9987484355444304,0.9987688386625572,0.99754070511271,2.0,6
19,1,select_coverage,1.0,DAC,list,e,0,0.9987692307692309,0.9987690960544416,0.9987690960544416,0.9975381921088832,2,,,,,,6
19,1,select_coverage,1.0,exact,majority,e,0,0.9987692307692309,0.9987690960544416,0.9987690960544416,0.9975381921088832,2,,,,,,6
19,1,select_coverage,1.0,exact,cmar,e,0,0.9987692307692309,0.9987690960544416,0.9987690960544416,0.9975381921088832,2,,,,,,6
19,1,select_coverage,1.0,exact,top_k_avg,e,0,1.0,1.0,1.0,1.0,0,,,,,,6
19,1,select_coverage,1.0,exact,list,e,0,1.0,1.0,1.0,1.0,0,,,,,,6
19,1,select_coverage,2.0,DAC,list,e,0,0.9987692307692309,0.9987690960544416,0.9987690960544416,0.9975381921088832,2,,,,,,6
19,1,select_coverage,2.0,exact,majority,e,0,0.9993846153846154,0.9993909866017052,0.9993845557192952,0.998769868515932,1,,,,,,6
19,1,select_coverage,2.0,exact,cmar,e,0,0.9987692307692309,0.9987690960544416,0.9987690960544416,0.9975381921088832,2,,,,,,6
19,1,select_coverage,2.0,exact,top_k_avg,e,0,1.0,1.0,1.0,1.0,0,,,,,,6
19,1,select_coverage,2.0,exact,list,e,0,1.0,1.0,1.0,1.0,0,,,,,,6
19,1,select_coverage,3.0,DAC,list,e,0,0.9987692307692309,0.9987690960544416,0.9987690960544416,0.9975381921088832,2,,,,,,6
19,1,select_coverage,3.0,exact,majority,e,0,0.9993846153846154,0.9993909866017052,0.9993845557192952,0.998769868515932,1,,,,,,6
19,1,select_coverage,3.0,exact,cmar,e,0,0.9987692307692309,0.9987690960544416,0.9987690960544416,0.9975381921088832,2,,,,,,6
19,1,select_coverage,3.0,exact,top_k_avg,e,0,1.0,1.0,1.0,1.0,0,,,,,,6
19,1,select_coverage,3.0,exact,list,e,0,1.0,1.0,1.0,1.0,0,,,,,,6
19,1,select_coverage,4.0,DAC,list,e,0,0.9987692307692309,0.9987690960544416,0.9987690960544416,0.9975381921088832,2,,,,,,6
19,1,select_coverage,4.0,exact,majority,e,0,0.9987692307692309,0.9987690960544416,0.9987690960544416,0.9975381921088832,2,,,,,,6
19,1,select_coverage,4.0,exact,cmar,e,0,0.9987692307692309,0.9987690960544416,0.9987690960544416,0.9975381921088832,2,,,,,,6
19,1,select_coverage,4.0,exact,top_k_avg,e,0,1.0,1.0,1.0,1.0,0,,,,,,6
19,1,select_coverage,4.0,exact,list,e,0,1.0,1.0,1.0,1.0,0,,,,,,6
19,1,select_coverage_CBA_M1,,DAC,list,e,1,0.9993846153846154,0.9993781094527364,0.9993845398687498,0.998769836853814,1,0.9987692307692309,0.9987562189054726,0.9987690624876906,0.9975411516635264,2.0,6
19,1,select_coverage_CBA_M1,,exact,majority,e,1,0.9993846153846154,0.9993781094527364,0.9993845398687498,0.998769836853814,1,0.9987692307692309,0.9987562189054726,0.9987690624876906,0.9975411516635264,2.0,6
19,1,select_coverage_CBA_M1,,exact,cmar,e,1,0.9993846153846154,0.9993781094527364,0.9993845398687498,0.998769836853814,1,0.9987692307692309,0.9987562189054726,0.9987690624876906,0.9975411516635264,2.0,6
19,1,select_coverage_CBA_M1,,exact,top_k_avg,e,1,1.0,1.0,1.0,1.0,0,0.9993846153846154,0.9993781094527364,0.9993845398687498,0.998769836853814,1.0,6
19,1,select_coverage_CBA_M1,,exact,list,e,1,1.0,1.0,1.0,1.0,0,0.9993846153846154,0.9993781094527364,0.9993845398687498,0.998769836853814,1.0,6
19,2,select_coverage,1.0,exact,majority,e,0,0.9987692307692309,0.9987690960544416,0.9987690960544416,0.9975381921088832,2,,,,,,6
19,2,select_coverage,1.0,exact,cmar,e,0,0.9987692307692309,0.9987690960544416,0.9987690960544416,0.9975381921088832,2,,,,,,6
19,2,select_coverage,1.0,exact,top_k_avg,e,0,1.0,1.0,1.0,1.0,0,,,,,,6
19,2,select_coverage,1.0,exact,list,e,0,1.0,1.0,1.0,1.0,0,,,,,,6
19,2,select_coverage,2.0,exact,majority,e,0,0.9993846153846154,0.9993909866017052,0.9993845557192952,0.998769868515932,1,,,,,,6
19,2,select_coverage,2.0,exact,cmar,e,0,0.9987692307692309,0.9987690960544416,0.9987690960544416,0.9975381921088832,2,,,,,,6
19,2,select_coverage,2.0,exact,top_k_avg,e,0,1.0,1.0,1.0,1.0,0,,,,,,6
19,2,select_coverage,2.0,exact,list,e,0,1.0,1.0,1.0,1.0,0,,,,,,6
19,2,select_coverage,3.0,exact,majority,e,0,0.9993846153846154,0.9993909866017052,0.9993845557192952,0.998769868515932,1,,,,,,6
19,2,select_coverage,3.0,exact,cmar,e,0,0.9987692307692309,0.9987690960544416,0.9987690960544416,0.9975381921088832,2,,,,,,6
19,2,select_coverage,3.0,exact,top_k_avg,e,0,1.0,1.0,1.0,1.0,0,,,,,,6
19,2,select_coverage,3.0,exact,list,e,0,1.0,1.0,1.0,1.0,0,,,,,,6
19,2,select_coverage,4.0,exact,majority,e,0,0.9987692307692309,0.9987690960544416,0.9987690960544416,0.9975381921088832,2,,,,,,6
19,2,select_coverage,4.0,exact,cmar,e,0,0.9987692307692309,0.9987690960544416,0.9987690960544416,0.9975381921088832,2,,,,,,6
19,2,select_coverage,4.0,exact,top_k_avg,e,0,1.0,1.0,1.0,1.0,0,,,,,,6
19,2,select_coverage,4.0,exact,list,e,0,1.0,1.0,1.0,1.0,0,,,,,,6
19,2,select_coverage_CBA_M1,,exact,majority,e,1,0.9993846153846154,0.9993781094527364,0.9993845398687498,0.998769836853814,1,0.9987692307692309,0.9987562189054726,0.9987690624876906,0.9975411516635264,2.0,6
19,2,select_coverage_CBA_M1,,exact,cmar,e,1,0.9993846153846154,0.9993781094527364,0.9993845398687498,0.998769836853814,1,0.9987692307692309,0.9987562189054726,0.9987690624876906,0.9975411516635264,2.0,6
19,2,select_coverage_CBA_M1,,exact,top_k_avg,e,1,1.0,1.0,1.0,1.0,0,0.9993846153846154,0.9993781094527364,0.9993845398687498,0.998769836853814,1.0,6
19,2,select_coverage_CBA_M1,,exact,list,e,1,1.0,1.0,1.0,1.0,0,0.9993846153846154,0.9993781094527364,0.9993845398687498,0.998769836853814,1.0,6
29,1,select_coverage,1.0,DAC,list,e,0,0.9975384615384616,0.9975383487394832,0.9975383487394832,0.995076697478966,4,,,,,,6
29,1,select_coverage,1.0,exact,majority,e,0,0.9981538461538462,0.9981579274259762,0.99815377623768,0.996308308530982,3,,,,,,6
29,1,select_coverage,1.0,exact,cmar,e,0,0.9975384615384616,0.9975383487394832,0.9975383487394832,0.995076697478966,4,,,,,,6
29,1,select_coverage,1.0,exact,top_k_avg,e,0,0.9993846153846154,0.9993804213135068,0.9993845818242963,0.9987699206617496,1,,,,,,6
29,1,select_coverage,1.0,exact,list,e,0,1.0,1.0,1.0,1.0,0,,,,,,6
29,1,select_coverage,2.0,DAC,list,e,0,0.9975384615384616,0.9975383487394832,0.9975383487394832,0.995076697478966,4,,,,,,6
29,1,select_coverage,2.0,exact,majority,e,0,0.9981538461538462,0.9981579274259762,0.99815377623768,0.996308308530982,3,,,,,,6
29,1,select_coverage,2.0,exact,cmar,e,0,0.9975384615384616,0.9975383487394832,0.9975383487394832,0.995076697478966,4,,,,,,6
29,1,select_coverage,2.0,exact,top_k_avg,e,0,0.9987692307692309,0.9987608426270136,0.9987691519949584,0.9975413302384496,2,,,,,,6
29,1,select_coverage,2.0,exact,list,e,0,1.0,1.0,1.0,1.0,0,,,,,,6
29,1,select_coverage,3.0,DAC,list,e,0,0.9975384615384616,0.9975383487394832,0.9975383487394832,0.995076697478966,4,,,,,,6
29,1,select_coverage,3.0,exact,majority,e,0,0.9981538461538462,0.9981579274259762,0.99815377623768,0.996308308530982,3,,,,,,6
29,1,select_coverage,3.0,exact,cmar,e,0,0.9975384615384616,0.9975383487394832,0.9975383487394832,0.995076697478966,4,,,,,,6
29,1,select_coverage,3.0,exact,top_k_avg,e,0,0.9993846153846154,0.9993887530562346,0.9993845920792268,0.9987699411463972,1,,,,,,6
29,1,select_coverage,3.0,exact,list,e,0,1.0,1.0,1.0,1.0,0,,,,,,6
29,1,select_coverage,4.0,DAC,list,e,0,0.9975384615384616,0.9975383487394832,0.9975383487394832,0.995076697478966,4,,,,,,6
29,1,select_coverage,4.0,exact,majority,e,0,0.9969230769230768,0.9969271017957178,0.9969229603961334,0.993846675915567,5,,,,,,6
29,1,select_coverage,4.0,exact,cmar,e,0,0.9969230769230768,0.9969271017957178,0.9969229603961334,0.993846675915567,5,,,,,,6
29,1,select_coverage,4.0,exact,top_k_avg,e,0,0.9993846153846154,0.9993887530562346,0.9993845920792268,0.9987699411463972,1,,,,,,6
29,1,select_coverage,4.0,exact,list,e,0,1.0,1.0,1.0,1.0,0,,,,,,6
29,1,select_coverage_CBA_M1,,DAC,list,e,3,0.9981538461538462,0.9981495956832483,0.9981537454728892,0.9963082470265512,3,0.9963076923076924,0.9962908596237688,0.99630737767005,0.992626831061986,6.0,6
29,1,select_coverage_CBA_M1,,exact,majority,e,3,0.9987692307692309,0.9987608426270136,0.9987691519949584,0.9975413302384496,2,0.9969230769230768,0.996902106567534,0.9969227785964764,0.9938644376710416,5.0,6
29,1,select_coverage_CBA_M1,,exact,cmar,e,3,0.9981538461538462,0.9981495956832483,0.9981537454728892,0.9963082470265512,3,0.9963076923076924,0.9962908596237688,0.99630737767005,0.992626831061986,6.0,6
29,1,select_coverage_CBA_M1,,exact,top_k_avg,e,3,0.9987692307692309,0.9987608426270136,0.9987691519949584,0.9975413302384496,2,0.9969230769230768,0.996902106567534,0.9969227785964764,0.9938644376710416,5.0,6
29,1,select_coverage_CBA_M1,,exact,list,e,3,0.9987692307692309,0.9987608426270136,0.9987691519949584,0.9975413302384496,2,0.9969230769230768,0.996902106567534,0.9969227785964764,0.9938644376710416,5.0,6
29,2,select_coverage,1.0,exact,majority,e,0,0.9981538461538462,0.9981579274259762,0.99815377623768,0.996308308530982,3,,,,,,6
29,2,select_coverage,1.0,exact,cmar,e,0,0.9975384615384616,0.9975383487394832,0.9975383487394832,0.995076697478966,4,,,,,,6
29,2,select_coverage,1.0,exact,top_k_avg,e,0,0.9993846153846154,0.9993804213135068,0.9993845818242963,0.9987699206617496,1,,,,,,6
29,2,select_coverage,1.0,exact,list,e,0,1.0,1.0,1.0,1.0,0,,,,,,6
29,2,select_coverage,2.0,exact,majority,e,0,0.9981538461538462,0.9981579274259762,0.99815377623768,0.996308308530982,3,,,,,,6
29,2,select_coverage,2.0,exact,cmar,e,0,0.9975384615384616,0.9975383487394832,0.9975383487394832,0.995076697478966,4,,,,,,6
29,2,select_coverage,2.0,exact,top_k_avg,e,0,0.9987692307692309,0.9987608426270136,0.9987691519949584,0.9975413302384496,2,,,,,,6
29,2,select_coverage,2.0,exact,list,e,0,1.0,1.0,1.0,1.0,0,,,,,,6
29,2,select_coverage,3.0,exact,majority,e,0,0.9981538461538462,0.9981579274259762,0.99815377623768,0.996308308530982,3,,,,,,6
29,2,select_coverage,3.0,exact,cmar,e,0,0.9975384615384616,0.9975383487394832,0.9975383487394832,0.995076697478966,4,,,,,,6
29,2,select_coverage,3.0,exact,top_k_avg,e,0,0.9993846153846154,0.9993887530562346,0.9993845920792268,0.9987699411463972,1,,,,,,6
29,2,select_coverage,3.0,exact,list,e,0,1.0,1.0,1.0,1.0,0,,,,,,6
29,2,select_coverage,4.0,exact,majority,e,0,0.9969230769230768,0.9969271017957178,0.9969229603961334,0.993846675915567,5,,,,,,6
29,2,select_coverage,4.0,exact,cmar,e,0,0.9969230769230768,0.9969271017957178,0.9969229603961334,0.993846675915567,5,,,,,,6
29,2,select_coverage,4.0,exact,top_k_avg,e,0,0.9993846153846154,0.9993887530562346,0.9993845920792268,0.9987699411463972,1,,,,,,6
29,2,select_coverage,4.0,exact,list,e,0,1.0,1.0,1.0,1.0,0,,,,,,6
29,2,select_coverage_CBA_M1,,exact,majority,e,3,0.9987692307692309,0.9987608426270136,0.9987691519949584,0.9975413302384496,2,0.9969230769230768,0.996902106567534,0.9969227785964764,0.9938644376710416,5.0,6
29,2,select_coverage_CBA_M1,,exact,cmar,e,3,0.9981538461538462,0.9981495956832483,0.9981537454728892,0.9963082470265512,3,0.9963076923076924,0.9962908596237688,0.99630737767005,0.992626831061986,6.0,6
29,2,select_coverage_CBA_M1,,exact,top_k_avg,e,3,1.0,1.0,1.0,1.0,0,0.9981538461538462,0.9981412639405204,0.9981537091131782,0.996314223241464,3.0,6
29,2,select_coverage_CBA_M1,,exact,list,e,3,1.0,1.0,1.0,1.0,0,0.9981538461538462,0.9981412639405204,0.9981537091131782,0.996314223241464,3.0,6
31,1,select_coverage,1.0,DAC,list,e,0,0.9938461538461538,0.9935916707662968,0.9938284639597488,0.9877053798244336,10,,,,,,6
31,1,select_coverage,1.0,exact,majority,e,0,0.9956923076923077,0.9955321623575,0.9956807662909156,0.991380486830395,7,,,,,,6
31,1,select_coverage,1.0,exact,cmar,e,0,0.9956923076923077,0.9955321623575,0.9956807662909156,0.991380486830395,7,,,,,,6
31,1,select_coverage,1.0,exact,top_k_avg,e,0,0.9987692307692309,0.998706338939198,0.9987661651349398,0.9975353712054932,2,,,,,,6
31,1,select_coverage,1.0,exact,list,e,0,1.0,1.0,1.0,1.0,0,,,,,,6
31,1,select_coverage,2.0,DAC,list,e,0,0.9938461538461538,0.9935916707662968,0.9938284639597488,0.9877053798244336,10,,,,,,6
31,1,select_coverage,2.0,exact,majority,e,0,0.9963076923076924,0.996178992887901,0.9962980344271408,0.9926082055356804,6,,,,,,6
31,1,select_coverage,2.0,exact,cmar,e,0,0.9975384615384616,0.997472653948703,0.9975323302698796,0.9950676977093798,4,,,,,,6
31,1,select_coverage,2.0,exact,top_k_avg,e,0,0.9981538461538462,0.9980595084087968,0.9981491331678752,0.9963051050620084,3,,,,,,6
31,1,select_coverage,2.0,exact,list,e,0,0.9987692307692309,0.998706338939198,0.9987661651349398,0.9975353712054932,2,,,,,,6
31,1,select_coverage,3.0,DAC,list,e,0,0.9938461538461538,0.9935916707662968,0.9938284639597488,0.9877053798244336,10,,,,,,6
31,1,select_coverage,3.0,exact,majority,e,0,0.9981538461538462,0.998119484479104,0.998149360817698,0.996299481304982,3,,,,,,6
31,1,select_coverage,3.0,exact,cmar,e,0,0.9975384615384616,0.997472653948703,0.9975323302698796,0.9950676977093798,4,,,,,,6
31,1,select_coverage,3.0,exact,top_k_avg,e,0,0.9987692307692309,0.998706338939198,0.9987661651349398,0.9975353712054932,2,,,,,,6
31,1,select_coverage,3.0,exact,list,e,0,0.9987692307692309,0.998706338939198,0.9987661651349398,0.9975353712054932,2,,,,,,6
31,1,select_coverage,4.0,DAC,list,e,0,0.9932307692307693,0.9929448402358958,0.9932108591311192,0.9864830105054496,11,,,,,,6
31,1,select_coverage,4.0,exact,majority,e,0,0.9981538461538462,0.998119484479104,0.998149360817698,0.996299481304982,3,,,,,,6
31,1,select_coverage,4.0,exact,cmar,e,0,0.9975384615384616,0.997472653948703,0.9975323302698796,0.9950676977093798,4,,,,,,6
31,1,select_coverage,4.0,exact,top_k_avg,e,0,0.9981538461538462,0.9980595084087968,0.9981491331678752,0.9963051050620084,3,,,,,,6
31,1,select_coverage,4.0,exact,list,e,0,0.9987692307692309,0.998706338939198,0.9987661651349398,0.9975353712054932,2,,,,,,6
31,1,select_coverage_CBA_M1,,DAC,list,e,0,0.9932307692307693,0.9929448402358958,0.9932108591311192,0.9864830105054496,11,,,,,,6
31,1,select_coverage_CBA_M1,,exact,majority,e,0,0.9956923076923077,0.9954721862871928,0.9956802085956064,0.9913975774127431,7,,,,,,6
31,1,select_coverage_CBA_M1,,exact,cmar,e,0,0.9956923076923077,0.9954721862871928,0.9956802085956064,0.9913975774127431,7,,,,,,6
31,1,select_coverage_CBA_M1,,exact,top_k_avg,e,0,0.9969230769230768,0.9968857994886092,0.9969156013628298,0.9938319614539785,5,,,,,,6
31,1,select_coverage_CBA_M1,,exact,list,e,0,0.9993846153846154,0.999353169469599,0.999383120272566,0.9987670011559856,1,,,,,,6
31,2,select_coverage,1.0,exact,majority,e,0,0.9956923076923077,0.9955321623575,0.9956807662909156,0.991380486830395,7,,,,,,6
31,2,select_coverage,1.0,exact,cmar,e,0,0.9956923076923077,0.9955321623575,0.9956807662909156,0.991380486830395,7,,,,,,6
31,2,select_coverage,1.0,exact,top_k_avg,e,0,0.9987692307692309,0.998706338939198,0.9987661651349398,0.9975353712054932,2,,,,,,6
31,2,select_coverage,1.0,exact,list,e,0,1.0,1.0,1.0,1.0,0,,,,,,6
31,2,select_coverage,2.0,exact,majority,e,0,0.9963076923076924,0.996178992887901,0.9962980344271408,0.9926082055356804,6,,,,,,6
31,2,select_coverage,2.0,exact,cmar,e,0,0.9975384615384616,0.997472653948703,0.9975323302698796,0.9950676977093798,4,,,,,,6
31,2,select_coverage,2.0,exact,top_k_avg,e,0,0.9981538461538462,0.9980595084087968,0.9981491331678752,0.9963051050620084,3,,,,,,6
31,2,select_coverage,2.0,exact,list,e,0,0.9987692307692309,0.998706338939198,0.9987661651349398,0.9975353712054932,2,,,,,,6
31,2,select_coverage,3.0,exact,majority,e,0,0.9981538461538462,0.998119484479104,0.998149360817698,0.996299481304982,3,,,,,,6
31,2,select_coverage,3.0,exact,cmar,e,0,0.9975384615384616,0.997472653948703,0.9975323302698796,0.9950676977093798,4,,,,,,6
31,2,select_coverage,3.0,exact,top_k_avg,e,0,0.9987692307692309,0.998706338939198,0.9987661651349398,0.9975353712054932,2,,,,,,6
31,2,select_coverage,3.0,exact,list,e,0,0.9987692307692309,0.998706338939198,0.9987661651349398,0.9975353712054932,2,,,,,,6
31,2,select_coverage,4.0,exact,majority,e,0,0.9981538461538462,0.998119484479104,0.998149360817698,0.996299481304982,3,,,,,,6
31,2,select_coverage,4.0,exact,cmar,e,0,0.9975384615384616,0.997472653948703,0.9975323302698796,0.9950676977093798,4,,,,,,6
31,2,select_coverage,4.0,exact,top_k_avg,e,0,0.9981538461538462,0.9980595084087968,0.9981491331678752,0.9963051050620084,3,,,,,,6
31,2,select_coverage,4.0,exact,list,e,0,0.9987692307692309,0.998706338939198,0.9987661651349398,0.9975353712054932,2,,,,,,6
31,2,select_coverage_CBA_M1,,exact,majority,e,0,0.9956923076923077,0.9954721862871928,0.9956802085956064,0.9913975774127431,7,,,,,,6
31,2,select_coverage_CBA_M1,,exact,cmar,e,0,0.9956923076923077,0.9954721862871928,0.9956802085956064,0.9913975774127431,7,,,,,,6
31,2,select_coverage_CBA_M1,,exact,top_k_avg,e,0,0.9969230769230768,0.9968857994886092,0.9969156013628298,0.9938319614539785,5,,,,,,6
31,2,select_coverage_CBA_M1,,exact,list,e,0,0.9993846153846154,0.999353169469599,0.999383120272566,0.9987670011559856,1,,,,,,6
34,1,select_coverage,1.0,DAC,list,e,0,0.9950769230769232,0.9951084286935798,0.9950731448495412,0.990149308980666,8,,,,,,6
34,1,select_coverage,1.0,exact,majority,e,0,0.9975384615384616,0.9975007731911874,0.997536221336778,0.9950754702961891,4,,,,,,6
34,1,select_coverage,1.0,exact,cmar,e,0,0.9975384615384616,0.9975007731911874,0.997536221336778,0.9950754702961891,4,,,,,,6
34,1,select_coverage,1.0,exact,top_k_avg,e,0,0.9981538461538462,0.9980988593155892,0.9981520966595594,0.9963110102037598,3,,,,,,6
34,1,select_coverage,1.0,exact,list,e,0,1.0,1.0,1.0,1.0,0,,,,,,6
34,1,select_coverage,2.0,DAC,list,e,0,0.9950769230769232,0.9951084286935798,0.9950731448495412,0.990149308980666,8,,,,,,6
34,1,select_coverage,2.0,exact,majority,e,0,0.9987692307692309,0.9987682003141278,0.9987682003141278,0.9975364006282558,2,,,,,,6
34,1,select_coverage,2.0,exact,cmar,e,0,0.9975384615384616,0.9975007731911874,0.997536221336778,0.9950754702961891,4,,,,,,6
34,1,select_coverage,2.0,exact,top_k_avg,e,0,0.9987692307692309,0.9987325728770596,0.998768110668389,0.9975392527017272,2,,,,,,6
34,1,select_coverage,2.0,exact,list,e,0,1.0,1.0,1.0,1.0,0,,,,,,6
34,1,select_coverage,3.0,DAC,list,e,0,0.9950769230769232,0.9951084286935798,0.9950731448495412,0.990149308980666,8,,,,,,6
34,1,select_coverage,3.0,exact,majority,e,0,0.9987692307692309,0.9987682003141278,0.9987682003141278,0.9975364006282558,2,,,,,,6
34,1,select_coverage,3.0,exact,cmar,e,0,0.9975384615384616,0.9975007731911874,0.997536221336778,0.9950754702961891,4,,,,,,6
34,1,select_coverage,3.0,exact,top_k_avg,e,0,0.9975384615384616,0.9974651457541192,0.99753603454707,0.9950841814717698,4,,,,,,6
34,1,select_coverage,3.0,exact,list,e,0,1.0,1.0,1.0,1.0,0,,,,,,6
34,1,select_coverage,4.0,DAC,list,e,0,0.9950769230769232,0.9951084286935798,0.9950731448495412,0.990149308980666,8,,,,,,6
34,1,select_coverage,4.0,exact,majority,e,0,0.9987692307692309,0.9987682003141278,0.9987682003141278,0.9975364006282558,2,,,,,,6
34,1,select_coverage,4.0,exact,cmar,e,0,0.9975384615384616,0.9975007731911874,0.997536221336778,0.9950754702961891,4,,,,,,6
34,1,select_coverage,4.0,exact,top_k_avg,e,0,0.9993846153846154,0.9993662864385298,0.999384077979897,0.998768914212232,1,,,,,,6
34,1,select_coverage,4.0,exact,list,e,0,1.0,1.0,1.0,1.0,0,,,,,,6
34,1,select_coverage_CBA_M1,,DAC,list,e,3,0.9926153846153846,0.9925735744476988,0.9926086640103342,0.985220340674038,12,0.9907692307692308,0.9906724337632884,0.990759768772454,0.9815383359718328,15.0,6
34,1,select_coverage_CBA_M1,,exact,majority,e,3,0.9956923076923077,0.9955640050697084,0.99568754551772,0.9914121256761916,7,0.9938461538461538,0.9936628643852978,0.993838572884564,0.9877526066187092,10.0,6
34,1,select_coverage_CBA_M1,,exact,cmar,e,3,0.9950769230769232,0.9949659189453066,0.9950716805114534,0.9901705509632752,8,0.9932307692307693,0.993064778260896,0.993222720549735,0.9865065208061496,11.0,6
34,1,select_coverage_CBA_M1,,exact,top_k_avg,e,3,0.9944615384615384,0.994296577946768,0.994454953177056,0.9889710619293788,9,0.9926153846153846,0.9923954372623572,0.992605637007308,0.985319823510212,12.0,6
34,1,select_coverage_CBA_M1,,exact,list,e,3,0.9975384615384616,0.9974651457541192,0.99753603454707,0.9950841814717698,4,0.9956923076923077,0.9955640050697084,0.99568754551772,0.9914121256761916,7.0,6
34,2,select_coverage,1.0,exact,majority,e,0,0.9975384615384616,0.9975007731911874,0.997536221336778,0.9950754702961891,4,,,,,,6
34,2,select_coverage,1.0,exact,cmar,e,0,0.9975384615384616,0.9975007731911874,0.997536221336778,0.9950754702961891,4,,,,,,6
34,2,select_coverage,1.0,exact,top_k_avg,e,0,0.9981538461538462,0.9980988593155892,0.9981520966595594,0.9963110102037598,3,,,,,,6
34,2,select_coverage,1.0,exact,list,e,0,1.0,1.0,1.0,1.0,0,,,,,,6
34,2,select_coverage,2.0,exact,majority,e,0,0.9987692307692309,0.9987682003141278,0.9987682003141278,0.9975364006282558,2,,,,,,6
34,2,select_coverage,2.0,exact,cmar,e,0,0.9975384615384616,0.9975007731911874,0.997536221336778,0.9950754702961891,4,,,,,,6
34,2,select_coverage,2.0,exact,top_k_avg,e,0,0.9987692307692309,0.9987325728770596,0.998768110668389,0.9975392527017272,2,,,,,,6
34,2,select_coverage,2.0,exact,list,e,0,1.0,1.0,1.0,1.0,0,,,,,,6
34,2,select_coverage,3.0,exact,majority,e,0,0.9987692307692309,0.9987682003141278,0.9987682003141278,0.9975364006282558,2,,,,,,6
34,2,select_coverage,3.0,exact,cmar,e,0,0.9975384615384616,0.9975007731911874,0.997536221336778,0.9950754702961891,4,,,,,,6
34,2,select_coverage,3.0,exact,top_k_avg,e,0,0.9975384615384616,0.9974651457541192,0.99753603454707,0.9950841814717698,4,,,,,,6
34,2,select_coverage,3.0,exact,list,e,0,1.0,1.0,1.0,1.0,0,,,,,,6
34,2,select_coverage,4.0,exact,majority,e,0,0.9987692307692309,0.9987682003141278,0.9987682003141278,0.9975364006282558,2,,,,,,6
34,2,select_coverage,4.0,exact,cmar,e,0,0.9975384615384616,0.9975007731911874,0.997536221336778,0.9950754702961891,4,,,,,,6
34,2,select_coverage,4.0,exact,top_k_avg,e,0,0.9993846153846154,0.9993662864385298,0.999384077979897,0.998768914212232,1,,,,,,6
34,2,select_coverage,4.0,exact,list,e,0,1.0,1.0,1.0,1.0,0,,,,,,6
34,2,select_coverage_CBA_M1,,exact,majority,e,3,0.9956923076923077,0.9955640050697084,0.99568754551772,0.9914121256761916,7,0.9938461538461538,0.9936628643852978,0.993838572884564,0.9877526066187092,10.0,6
34,2,select_coverage_CBA_M1,,exact,cmar,e,3,0.9950769230769232,0.9949659189453066,0.9950716805114534,0.9901705509632752,8,0.9932307692307693,0.993064778260896,0.993222720549735,0.9865065208061496,11.0,6
34,2,select_coverage_CBA_M1,,exact,top_k_avg,e,3,0.9944615384615384,0.994296577946768,0.994454953177056,0.9889710619293788,9,0.9926153846153846,0.9923954372623572,0.992605637007308,0.985319823510212,12.0,6
34,2,select_coverage_CBA_M1,,exact,list,e,3,0.9975384615384616,0.9974651457541192,0.99753603454707,0.9950841814717698,4,0.9956923076923077,0.9955640050697084,0.99568754551772,0.9914121256761916,7.0,6
42,1,select_coverage,1.0,DAC,list,e,0,0.9993846153846154,0.9993606138107416,0.999383718253431,0.9987681956447204,1,,,,,,6
42,1,select_coverage,1.0,exact,majority,e,0,0.9987692307692309,0.99876749400054,0.99876749400054,0.99753498800108,2,,,,,,6
42,1,select_coverage,1.0,exact,cmar,e,0,0.9993846153846154,0.9993606138107416,0.999383718253431,0.9987681956447204,1,,,,,,6
42,1,select_coverage,1.0,exact,top_k_avg,e,0,0.9969230769230768,0.9968030690537084,0.9969179928148456,0.9938549246996304,5,,,,,,6
42,1,select_coverage,1.0,exact,list,e,0,1.0,1.0,1.0,1.0,0,,,,,,6
42,1,select_coverage,2.0,DAC,list,e,0,0.9975384615384616,0.9974424552429668,0.997534516765286,0.9950811607983182,4,,,,,,6
42,1,select_coverage,2.0,exact,majority,e,0,0.9993846153846154,0.9993606138107416,0.999383718253431,0.9987681956447204,1,,,,,,6
42,1,select_coverage,2.0,exact,cmar,e,0,0.9993846153846154,0.9993606138107416,0.999383718253431,0.9987681956447204,1,,,,,,6
42,1,select_coverage,2.0,exact,top_k_avg,e,0,0.9993846153846154,0.9993606138107416,0.999383718253431,0.9987681956447204,1,,,,,,6
42,1,select_coverage,2.0,exact,list,e,0,1.0,1.0,1.0,1.0,0,,,,,,6
42,1,select_coverage,3.0,DAC,list,e,0,0.9975384615384616,0.9974424552429668,0.997534516765286,0.9950811607983182,4,,,,,,6
42,1,select_coverage,3.0,exact,majority,e,0,0.9993846153846154,0.9993606138107416,0.999383718253431,0.9987681956447204,1,,,,,,6
42,1,select_coverage,3.0,exact,cmar,e,0,0.9993846153846154,0.9993606138107416,0.999383718253431,0.9987681956447204,1,,,,,,6
42,1,select_coverage,3.0,exact,top_k_avg,e,0,1.0,1.0,1.0,1.0,0,,,,,,6
42,1,select_coverage,3.0,exact,list,e,0,1.0,1.0,1.0,1.0,0,,,,,,6
42,1,select_coverage,4.0,DAC,list,e,0,0.9975384615384616,0.9974424552429668,0.997534516765286,0.9950811607983182,4,,,,,,6
42,1,select_coverage,4.0,exact,majority,e,0,0.9993846153846154,0.9993606138107416,0.999383718253431,0.9987681956447204,1,,,,,,6
42,1,select_coverage,4.0,exact,cmar,e,0,0.9993846153846154,0.9993606138107416,0.999383718253431,0.9987681956447204,1,,,,,,6
42,1,select_coverage,4.0,exact,top_k_avg,e,0,1.0,1.0,1.0,1.0,0,,,,,,6
42,1,select_coverage,4.0,exact,list,e,0,1.0,1.0,1.0,1.0,0,,,,,,6
42,1,select_coverage_CBA_M1,,DAC,list,e,21,0.9993846153846154,0.9993606138107416,0.999383718253431,0.9987681956447204,1,0.9864615384615384,0.9859335038363172,0.9864261262328496,0.9732158048722876,22.0,6
42,1,select_coverage_CBA_M1,,exact,majority,e,21,0.9993846153846154,0.9993606138107416,0.999383718253431,0.9987681956447204,1,0.9864615384615384,0.9859335038363172,0.9864261262328496,0.9732158048722876,22.0,6
42,1,select_coverage_CBA_M1,,exact,cmar,e,21,0.9993846153846154,0.9993606138107416,0.999383718253431,0.9987681956447204,1,0.9864615384615384,0.9859335038363172,0.9864261262328496,0.9732158048722876,22.0,6
42,1,select_coverage_CBA_M1,,exact,top_k_avg,e,21,0.9969230769230768,0.9968030690537084,0.9969179928148456,0.9938549246996304,5,0.984,0.983375959079284,0.9839540062953464,0.968414805112674,26.0,6
42,1,select_coverage_CBA_M1,,exact,list,e,21,1.0,1.0,1.0,1.0,0,0.9870769230769232,0.9865728900255756,0.9870439321751272,0.9744192789710512,21.0,6
42,2,select_coverage,1.0,exact,majority,e,0,0.9987692307692309,0.99876749400054,0.99876749400054,0.99753498800108,2,,,,,,6
42,2,select_coverage,1.0,exact,cmar,e,0,0.9993846153846154,0.9993606138107416,0.999383718253431,0.9987681956447204,1,,,,,,6
42,2,select_coverage,1.0,exact,top_k_avg,e,0,0.9969230769230768,0.9968030690537084,0.9969179928148456,0.9938549246996304,5,,,,,,6
42,2,select_coverage,1.0,exact,list,e,0,1.0,1.0,1.0,1.0,0,,,,,,6
42,2,select_coverage,2.0,exact,majority,e,0,0.9993846153846154,0.9993606138107416,0.999383718253431,0.9987681956447204,1,,,,,,6
42,2,select_coverage,2.0,exact,cmar,e,0,0.9993846153846154,0.9993606138107416,0.999383718253431,0.9987681956447204,1,,,,,,6
42,2,select_coverage,2.0,exact,top_k_avg,e,0,0.9993846153846154,0.9993606138107416,0.999383718253431,0.9987681956447204,1,,,,,,6
42,2,select_coverage,2.0,exact,list,e,0,1.0,1.0,1.0,1.0,0,,,,,,6
42,2,select_coverage,3.0,exact,majority,e,0,0.9993846153846154,0.9993606138107416,0.999383718253431,0.9987681956447204,1,,,,,,6
42,2,select_coverage,3.0,exact,cmar,e,0,0.9993846153846154,0.9993606138107416,0.999383718253431,0.9987681956447204,1,,,,,,6
42,2,select_coverage,3.0,exact,top_k_avg,e,0,1.0,1.0,1.0,1.0,0,,,,,,6
42,2,select_coverage,3.0,exact,list,e,0,1.0,1.0,1.0,1.0,0,,,,,,6
42,2,select_coverage,4.0,exact,majority,e,0,0.9993846153846154,0.9993606138107416,0.999383718253431,0.9987681956447204,1,,,,,,6
42,2,select_coverage,4.0,exact,cmar,e,0,0.9993846153846154,0.9993606138107416,0.999383718253431,0.9987681956447204,1,,,,,,6
42,2,select_coverage,4.0,exact,top_k_avg,e,0,1.0,1.0,1.0,1.0,0,,,,,,6
42,2,select_coverage,4.0,exact,list,e,0,1.0,1.0,1.0,1.0,0,,,,,,6
42,2,select_coverage_CBA_M1,,exact,majority,e,21,0.9993846153846154,0.9993606138107416,0.999383718253431,0.9987681956447204,1,0.9864615384615384,0.9859335038363172,0.9864261262328496,0.9732158048722876,22.0,6
42,2,select_coverage_CBA_M1,,exact,cmar,e,21,0.9993846153846154,0.9993606138107416,0.999383718253431,0.9987681956447204,1,0.9864615384615384,0.9859335038363172,0.9864261262328496,0.9732158048722876,22.0,6
42,2,select_coverage_CBA_M1,,exact,top_k_avg,e,21,0.9969230769230768,0.9968030690537084,0.9969179928148456,0.9938549246996304,5,0.984,0.983375959079284,0.9839540062953464,0.968414805112674,26.0,6
42,2,select_coverage_CBA_M1,,exact,list,e,21,1.0,1.0,1.0,1.0,0,0.9870769230769232,0.9865728900255756,0.9870439321751272,0.9744192789710512,21.0,6
49,1,select_coverage,1.0,DAC,list,e,0,0.9969230769230768,0.9969195741483572,0.9969229603961334,0.993846675915567,5,,,,,,6
49,1,select_coverage,1.0,exact,majority,e,0,0.9969230769230768,0.9969195741483572,0.9969229603961334,0.993846675915567,5,,,,,,6
49,1,select_coverage,1.0,exact,cmar,e,0,0.9969230769230768,0.9969195741483572,0.9969229603961334,0.993846675915567,5,,,,,,6
49,1,select_coverage,1.0,exact,top_k_avg,e,0,0.9993846153846154,0.9993880048959608,0.99938460046937,0.9987699579060558,1,,,,,,6
49,1,select_coverage,1.0,exact,list,e,0,1.0,1.0,1.0,1.0,0,,,,,,6
49,1,select_coverage,2.0,DAC,list,e,0,0.9969230769230768,0.9969195741483572,0.9969229603961334,0.993846675915567,5,,,,,,6
49,1,select_coverage,2.0,exact,majority,e,0,0.9975384615384616,0.9975315692523964,0.9975383487394832,0.9950797198882004,4,,,,,,6
49,1,select_coverage,2.0,exact,cmar,e,0,0.9969230769230768,0.9969195741483572,0.9969229603961334,0.993846675915567,5,,,,,,6
49,1,select_coverage,2.0,exact,top_k_avg,e,0,0.9987692307692309,0.9987760097919216,0.9987692079303908,0.9975414418346056,2,,,,,,6
49,1,select_coverage,2.0,exact,list,e,0,1.0,1.0,1.0,1.0,0,,,,,,6
49,1,select_coverage,3.0,DAC,list,e,0,0.9969230769230768,0.9969195741483572,0.9969229603961334,0.993846675915567,5,,,,,,6
49,1,select_coverage,3.0,exact,majority,e,0,0.9975384615384616,0.9975315692523964,0.9975383487394832,0.9950797198882004,4,,,,,,6
49,1,select_coverage,3.0,exact,cmar,e,0,0.9969230769230768,0.9969195741483572,0.9969229603961334,0.993846675915567,5,,,,,,6
49,1,select_coverage,3.0,exact,top_k_avg,e,0,1.0,1.0,1.0,1.0,0,,,,,,6
49,1,select_coverage,3.0,exact,list,e,0,1.0,1.0,1.0,1.0,0,,,,,,6
49,1,select_coverage,4.0,DAC,list,e,0,0.9963076923076924,0.996307579044318,0.996307579044318,0.9926151580886364,6,,,,,,6
49,1,select_coverage,4.0,exact,majority,e,0,0.9969230769230768,0.9969195741483572,0.9969229603961334,0.993846675915567,5,,,,,,6
49,1,select_coverage,4.0,exact,cmar,e,0,0.9975384615384616,0.9975383860295456,0.9975383860295456,0.9950767720590908,4,,,,,,6
49,1,select_coverage,4.0,exact,top_k_avg,e,0,1.0,1.0,1.0,1.0,0,,,,,,6
49,1,select_coverage,4.0,exact,list,e,0,1.0,1.0,1.0,1.0,0,,,,,,6
49,1,select_coverage_CBA_M1,,DAC,list,e,35,0.9981538461538462,0.9981571979107337,0.9981538014081098,0.9963083588512648,3,0.9766153846153848,0.9767373692693626,0.9766089270183372,0.954177474156994,38.0,6
49,1,select_coverage_CBA_M1,,exact,majority,e,35,0.9987692307692309,0.9987760097919216,0.9987692079303908,0.9975414418346056,2,0.9772307692307692,0.9773561811505508,0.9772240070519398,0.9554623954089352,37.0,6
49,1,select_coverage_CBA_M1,,exact,cmar,e,35,0.9987692307692309,0.9987760097919216,0.9987692079303908,0.9975414418346056,2,0.9772307692307692,0.9773561811505508,0.9772240070519398,0.9554623954089352,37.0,6
49,1,select_coverage_CBA_M1,,exact,top_k_avg,e,35,0.9981538461538462,0.9981571979107337,0.9981538014081098,0.9963083588512648,3,0.9766153846153848,0.9767373692693626,0.9766089270183372,0.954177474156994,38.0,6
49,1,select_coverage_CBA_M1,,exact,list,e,35,0.9987692307692309,0.9987760097919216,0.9987692079303908,0.9975414418346056,2,0.9772307692307692,0.9773561811505508,0.9772240070519398,0.9554623954089352,37.0,6
49,2,select_coverage,1.0,exact,majority,e,0,0.9969230769230768,0.9969195741483572,0.9969229603961334,0.993846675915567,5,,,,,,6
49,2,select_coverage,1.0,exact,cmar,e,0,0.9969230769230768,0.9969195741483572,0.9969229603961334,0.993846675915567,5,,,,,,6
49,2,select_coverage,1.0,exact,top_k_avg,e,0,0.9993846153846154,0.9993880048959608,0.99938460046937,0.9987699579060558,1,,,,,,6
49,2,select_coverage,1.0,exact,list,e,0,1.0,1.0,1.0,1.0,0,,,,,,6
49,2,select_coverage,2.0,exact,majority,e,0,0.9975384615384616,0.9975315692523964,0.9975383487394832,0.9950797198882004,4,,,,,,6
49,2,select_coverage,2.0,exact,cmar,e,0,0.9969230769230768,0.9969195741483572,0.9969229603961334,0.993846675915567,5,,,,,,6
49,2,select_coverage,2.0,exact,top_k_avg,e,0,0.9987692307692309,0.9987760097919216,0.9987692079303908,0.9975414418346056,2,,,,,,6
49,2,select_coverage,2.0,exact,list,e,0,1.0,1.0,1.0,1.0,0,,,,,,6
49,2,select_coverage,3.0,exact,majority,e,0,0.9975384615384616,0.9975315692523964,0.9975383487394832,0.9950797198882004,4,,,,,,6
49,2,select_coverage,3.0,exact,cmar,e,0,0.9969230769230768,0.9969195741483572,0.9969229603961334,0.993846675915567,5,,,,,,6
49,2,select_coverage,3.0,exact,top_k_avg,e,0,1.0,1.0,1.0,1.0,0,,,,,,6
49,2,select_coverage,3.0,exact,list,e,0,1.0,1.0,1.0,1.0,0,,,,,,6
49,2,select_coverage,4.0,exact,majority,e,0,0.9969230769230768,0.9969195741483572,0.9969229603961334,0.993846675915567,5,,,,,,6
49,2,select_coverage,4.0,exact,cmar,e,0,0.9975384615384616,0.9975383860295456,0.9975383860295456,0.9950767720590908,4,,,,,,6
49,2,select_coverage,4.0,exact,top_k_avg,e,0,1.0,1.0,1.0,1.0,0,,,,,,6
49,2,select_coverage,4.0,exact,list,e,0,1.0,1.0,1.0,1.0,0,,,,,,6
49,2,select_coverage_CBA_M1,,exact,majority,e,6,0.9987692307692309,0.9987760097919216,0.9987692079303908,0.9975414418346056,2,0.9950769230769232,0.9951040391676866,0.995076921212562,0.990202078365195,8.0,6
49,2,select_coverage_CBA_M1,,exact,cmar,e,6,0.9987692307692309,0.9987760097919216,0.9987692079303908,0.9975414418346056,2,0.9950769230769232,0.9951040391676866,0.995076921212562,0.990202078365195,8.0,6
49,2,select_coverage_CBA_M1,,exact,top_k_avg,e,6,0.9993846153846154,0.999381188118812,0.9993845920792268,0.9987699411463972,1,0.9956923076923077,0.9957092174945767,0.9956922815911028,0.9914034169336629,7.0,6
49,2,select_coverage_CBA_M1,,exact,list,e,6,1.0,1.0,1.0,1.0,0,0.9963076923076924,0.996328029375765,0.996307679723216,0.9926425255980108,6.0,6
63,1,select_coverage,1.0,DAC,list,e,0,0.9975384615384616,0.997596153846154,0.9975373190876716,0.9950867379581672,4,,,,,,6
63,1,select_coverage,1.0,exact,majority,e,0,0.9993846153846154,0.9993990384615384,0.9993842786834248,0.998769315125506,1,,,,,,6
63,1,select_coverage,1.0,exact,cmar,e,0,0.9993846153846154,0.9993990384615384,0.9993842786834248,0.998769315125506,1,,,,,,6
63,1,select_coverage,1.0,exact,top_k_avg,e,0,1.0,1.0,1.0,1.0,0,,,,,,6
63,1,select_coverage,1.0,exact,list,e,0,1.0,1.0,1.0,1.0,0,,,,,,6
63,1,select_coverage,2.0,DAC,list,e,0,0.9975384615384616,0.997596153846154,0.9975373190876716,0.9950867379581672,4,,,,,,6
63,1,select_coverage,2.0,exact,majority,e,0,0.9993846153846154,0.9993990384615384,0.9993842786834248,0.998769315125506,1,,,,,,6
63,1,select_coverage,2.0,exact,cmar,e,0,0.9993846153846154,0.9993990384615384,0.9993842786834248,0.998769315125506,1,,,,,,6
63,1,select_coverage,2.0,exact,top_k_avg,e,0,1.0,1.0,1.0,1.0,0,,,,,,6
63,1,select_coverage,2.0,exact,list,e,0,1.0,1.0,1.0,1.0,0,,,,,,6
63,1,select_coverage,3.0,DAC,list,e,0,0.9975384615384616,0.997596153846154,0.9975373190876716,0.9950867379581672,4,,,,,,6
63,1,select_coverage,3.0,exact,majority,e,0,0.9993846153846154,0.9993990384615384,0.9993842786834248,0.998769315125506,1,,,,,,6
63,1,select_coverage,3.0,exact,cmar,e,0,0.9993846153846154,0.9993990384615384,0.9993842786834248,0.998769315125506,1,,,,,,6
63,1,select_coverage,3.0,exact,top_k_avg,e,0,0.9981538461538462,0.9981084489281212,0.9981526120549736,0.9963120371995586,3,,,,,,6
63,1,select_coverage,3.0,exact,list,e,0,1.0,1.0,1.0,1.0,0,,,,,,6
63,1,select_coverage,4.0,DAC,list,e,0,0.9975384615384616,0.997596153846154,0.9975373190876716,0.9950867379581672,4,,,,,,6
63,1,select_coverage,4.0,exact,majority,e,0,0.9981538461538462,0.9981971153846154,0.9981529396297316,0.9963126899375784,3,,,,,,6
63,1,select_coverage,4.0,exact,cmar,e,0,0.9993846153846154,0.9993990384615384,0.9993842786834248,0.998769315125506,1,,,,,,6
63,1,select_coverage,4.0,exact,top_k_avg,e,0,1.0,1.0,1.0,1.0,0,,,,,,6
63,1,select_coverage,4.0,exact,list,e,0,1.0,1.0,1.0,1.0,0,,,,,,6
63,1,select_coverage_CBA_M1,,DAC,list,e,3,0.9975384615384616,0.997596153846154,0.9975373190876716,0.9950867379581672,4,0.9956923076923077,0.9957046027742747,0.9956899507839744,0.9913806565239384,7.0,6
63,1,select_coverage_CBA_M1,,exact,majority,e,3,1.0,1.0,1.0,1.0,0,0.9981538461538462,0.9981084489281212,0.9981526120549736,0.9963120371995586,3.0,6
63,1,select_coverage_CBA_M1,,exact,cmar,e,3,1.0,1.0,1.0,1.0,0,0.9981538461538462,0.9981084489281212,0.9981526120549736,0.9963120371995586,3.0,6
63,1,select_coverage_CBA_M1,,exact,top_k_avg,e,3,1.0,1.0,1.0,1.0,0,0.9981538461538462,0.9981084489281212,0.9981526120549736,0.9963120371995586,3.0,6
63,1,select_coverage_CBA_M1,,exact,list,e,3,1.0,1.0,1.0,1.0,0,0.9981538461538462,0.9981084489281212,0.9981526120549736,0.9963120371995586,3.0,6
63,2,select_coverage,1.0,exact,majority,e,0,0.9993846153846154,0.9993990384615384,0.9993842786834248,0.998769315125506,1,,,,,,6
63,2,select_coverage,1.0,exact,cmar,e,0,0.9993846153846154,0.9993990384615384,0.9993842786834248,0.998769315125506,1,,,,,,6
63,2,select_coverage,1.0,exact,top_k_avg,e,0,1.0,1.0,1.0,1.0,0,,,,,,6
63,2,select_coverage,1.0,exact,list,e,0,1.0,1.0,1.0,1.0,0,,,,,,6
63,2,select_coverage,2.0,exact,majority,e,0,0.9993846153846154,0.9993990384615384,0.9993842786834248,0.998769315125506,1,,,,,,6
63,2,select_coverage,2.0,exact,cmar,e,0,0.9993846153846154,0.9993990384615384,0.9993842786834248,0.998769315125506,1,,,,,,6
63,2,select_coverage,2.0,exact,top_k_avg,e,0,1.0,1.0,1.0,1.0,0,,,,,,6
63,2,select_coverage,2.0,exact,list,e,0,1.0,1.0,1.0,1.0,0,,,,,,6
63,2,select_coverage,3.0,exact,majority,e,0,0.9993846153846154,0.9993990384615384,0.9993842786834248,0.998769315125506,1,,,,,,6
63,2,select_coverage,3.0,exact,cmar,e,0,0.9993846153846154,0.9993990384615384,0.9993842786834248,0.998769315125506,1,,,,,,6
63,2,select_coverage,3.0,exact,top_k_avg,e,0,0.9981538461538462,0.9981084489281212,0.9981526120549736,0.9963120371995586,3,,,,,,6
63,2,select_coverage,3.0,exact,list,e,0,1.0,1.0,1.0,1.0,0,,,,,,6
63,2,select_coverage,4.0,exact,majority,e,0,0.9981538461538462,0.9981971153846154,0.9981529396297316,0.9963126899375784,3,,,,,,6
63,2,select_coverage,4.0,exact,cmar,e,0,0.9993846153846154,0.9993990384615384,0.9993842786834248,0.998769315125506,1,,,,,,6
63,2,select_coverage,4.0,exact,top_k_avg,e,0,1.0,1.0,1.0,1.0,0,,,,,,6
63,2,select_coverage,4.0,exact,list,e,0,1.0,1.0,1.0,1.0,0,,,,,,6
63,2,select_coverage_CBA_M1,,exact,majority,e,3,1.0,1.0,1.0,1.0,0,0.9981538461538462,0.9981084489281212,0.9981526120549736,0.9963120371995586,3.0,6
63,2,select_coverage_CBA_M1,,exact,cmar,e,3,1.0,1.0,1.0,1.0,0,0.9981538461538462,0.9981084489281212,0.9981526120549736,0.9963120371995586,3.0,6
63,2,select_coverage_CBA_M1,,exact,top_k_avg,e,3,1.0,1.0,1.0,1.0,0,0.9981538461538462,0.9981084489281212,0.9981526120549736,0.9963120371995586,3.0,6
63,2,select_coverage_CBA_M1,,exact,list,e,3,1.0,1.0,1.0,1.0,0,0.9981538461538462,0.9981084489281212,0.9981526120549736,0.9963120371995586,3.0,6
64,1,select_coverage,1.0,DAC,list,e,0,0.9913846153846154,0.9911673122199438,0.9913575125439532,0.9827422256804444,14,,,,,,6
64,1,select_coverage,1.0,exact,majority,e,0,0.9975384615384616,0.9974671527303108,0.9975313855838994,0.9950658106575246,4,,,,,,6
64,1,select_coverage,1.0,exact,cmar,e,0,0.9975384615384616,0.9974671527303108,0.9975313855838994,0.9950658106575246,4,,,,,,6
64,1,select_coverage,1.0,exact,top_k_avg,e,0,0.9963076923076924,0.9961038961038962,0.9962960768045512,0.9926194901332568,6,,,,,,6
64,1,select_coverage,1.0,exact,list,e,0,1.0,1.0,1.0,1.0,0,,,,,,6
64,1,select_coverage,2.0,DAC,list,e,0,0.9913846153846154,0.9911673122199438,0.9913575125439532,0.9827422256804444,14,,,,,,6
64,1,select_coverage,2.0,exact,majority,e,0,0.9975384615384616,0.9974671527303108,0.9975313855838994,0.9950658106575246,4,,,,,,6
64,1,select_coverage,2.0,exact,cmar,e,0,0.9987692307692309,0.998765854029012,0.998765854029012,0.9975317080580238,2,,,,,,6
64,1,select_coverage,2.0,exact,top_k_avg,e,0,0.9975384615384616,0.9974025974025974,0.9975310555231428,0.9950742723044064,4,,,,,,6
64,1,select_coverage,2.0,exact,list,e,0,1.0,1.0,1.0,1.0,0,,,,,,6
64,1,select_coverage,3.0,DAC,list,e,0,0.9913846153846154,0.9911673122199438,0.9913575125439532,0.9827422256804444,14,,,,,,6
64,1,select_coverage,3.0,exact,majority,e,0,0.9975384615384616,0.9974671527303108,0.9975313855838994,0.9950658106575246,4,,,,,,6
64,1,select_coverage,3.0,exact,cmar,e,0,0.9987692307692309,0.998765854029012,0.998765854029012,0.9975317080580238,2,,,,,,6
64,1,select_coverage,3.0,exact,top_k_avg,e,0,0.9993846153846154,0.9994152046783626,0.999382966612988,0.9987666942155664,1,,,,,,6
64,1,select_coverage,3.0,exact,list,e,0,1.0,1.0,1.0,1.0,0,,,,,,6
64,1,select_coverage,4.0,DAC,list,e,0,0.9913846153846154,0.9911673122199438,0.9913575125439532,0.9827422256804444,14,,,,,,6
64,1,select_coverage,4.0,exact,majority,e,0,0.9987692307692309,0.998765854029012,0.998765854029012,0.9975317080580238,2,,,,,,6
64,1,select_coverage,4.0,exact,cmar,e,0,0.9987692307692309,0.998765854029012,0.998765854029012,0.9975317080580238,2,,,,,,6
64,1,select_coverage,4.0,exact,top_k_avg,e,0,0.9993846153846154,0.9993506493506494,0.9993828869422294,0.9987665350704577,1,,,,,,6
64,1,select_coverage,4.0,exact,list,e,0,1.0,1.0,1.0,1.0,0,,,,,,6
64,1,select_coverage_CBA_M1,,DAC,list,e,6,0.992,0.9917521075415812,0.9919742751298268,0.9839856017102764,13,0.9883076923076924,0.9878560036454772,0.9882650119478332,0.9766574497831942,19.0,6
64,1,select_coverage_CBA_M1,,exact,majority,e,6,0.9975384615384616,0.9974025974025974,0.9975310555231428,0.9950742723044064,4,0.9938461538461538,0.9935064935064934,0.9938250493996048,0.9877258892272852,10.0,6
64,1,select_coverage_CBA_M1,,exact,cmar,e,6,0.9981538461538462,0.998051948051948,0.9981484161266688,0.996303676269584,3,0.9944615384615384,0.9941558441558442,0.9944429435642448,0.9889473064282924,9.0,6
64,1,select_coverage_CBA_M1,,exact,top_k_avg,e,6,0.9963076923076924,0.9961038961038962,0.9962960768045512,0.9926194901332568,6,0.9926153846153846,0.9922077922077922,0.992588977871828,0.9852869912972164,12.0,6
64,1,select_coverage_CBA_M1,,exact,list,e,6,1.0,1.0,1.0,1.0,0,0.9963076923076924,0.9961038961038962,0.9962960768045512,0.9926194901332568,6.0,6
64,2,select_coverage,1.0,exact,majority,e,0,0.9975384615384616,0.9974671527303108,0.9975313855838994,0.9950658106575246,4,,,,,,6
64,2,select_coverage,1.0,exact,cmar,e,0,0.9975384615384616,0.9974671527303108,0.9975313855838994,0.9950658106575246,4,,,,,,6
64,2,select_coverage,1.0,exact,top_k_avg,e,0,0.9963076923076924,0.9961038961038962,0.9962960768045512,0.9926194901332568,6,,,,,,6
64,2,select_coverage,1.0,exact,list,e,0,1.0,1.0,1.0,1.0,0,,,,,,6
64,2,select_coverage,2.0,exact,majority,e,0,0.9975384615384616,0.9974671527303108,0.9975313855838994,0.9950658106575246,4,,,,,,6
64,2,select_coverage,2.0,exact,cmar,e,0,0.9987692307692309,0.998765854029012,0.998765854029012,0.9975317080580238,2,,,,,,6
64,2,select_coverage,2.0,exact,top_k_avg,e,0,0.9975384615384616,0.9974025974025974,0.9975310555231428,0.9950742723044064,4,,,,,,6
64,2,select_coverage,2.0,exact,list,e,0,1.0,1.0,1.0,1.0,0,,,,,,6
64,2,select_coverage,3.0,exact,majority,e,0,0.9975384615384616,0.9974671527303108,0.9975313855838994,0.9950658106575246,4,,,,,,6
64,2,select_coverage,3.0,exact,cmar,e,0,0.9987692307692309,0.998765854029012,0.998765854029012,0.9975317080580238,2,,,,,,6
64,2,select_coverage,3.0,exact,top_k_avg,e,0,0.9993846153846154,0.9994152046783626,0.999382966612988,0.9987666942155664,1,,,,,,6
64,2,select_coverage,3.0,exact,list,e,0,1.0,1.0,1.0,1.0,0,,,,,,6
64,2,select_coverage,4.0,exact,majority,e,0,0.9987692307692309,0.998765854029012,0.998765854029012,0.9975317080580238,2,,,,,,6
64,2,select_coverage,4.0,exact,cmar,e,0,0.9987692307692309,0.998765854029012,0.998765854029012,0.9975317080580238,2,,,,,,6
64,2,select_coverage,4.0,exact,top_k_avg,e,0,0.9993846153846154,0.9993506493506494,0.9993828869422294,0.9987665350704577,1,,,,,,6
64,2,select_coverage,4.0,exact,list,e,0,1.0,1.0,1.0,1.0,0,,,,,,6
64,2,select_coverage_CBA_M1,,exact,majority,e,3,0.9975384615384616,0.9974025974025974,0.9975310555231428,0.9950742723044064,4,0.9956923076923077,0.9954545454545456,0.9956784558391376,0.9913941019316506,7.0,6
64,2,select_coverage_CBA_M1,,exact,cmar,e,3,0.9975384615384616,0.9974671527303108,0.9975313855838994,0.9950658106575246,4,0.9956923076923077,0.9955191007822588,0.9956790533803096,0.9913770759808374,7.0,6
64,2,select_coverage_CBA_M1,,exact,top_k_avg,e,3,0.9963076923076924,0.9961038961038962,0.9962960768045512,0.9926194901332568,6,0.9944615384615384,0.9941558441558442,0.9944429435642448,0.9889473064282924,9.0,6
64,2,select_coverage_CBA_M1,,exact,list,e,3,1.0,1.0,1.0,1.0,0,0.9981538461538462,0.998051948051948,0.9981484161266688,0.996303676269584,3.0,6
65,1,select_coverage,1.0,DAC,list,e,0,0.9956923076923077,0.9957123289335414,0.9956818419079616,0.9913644416029748,7,,,,,,6
65,1,select_coverage,1.0,exact,majority,e,0,0.9987692307692309,0.9987046632124352,0.9987660114757136,0.997535064643578,2,,,,,,6
65,1,select_coverage,1.0,exact,cmar,e,0,0.9987692307692309,0.9987046632124352,0.9987660114757136,0.997535064643578,2,,,,,,6
65,1,select_coverage,1.0,exact,top_k_avg,e,0,0.9987692307692309,0.9987046632124352,0.9987660114757136,0.997535064643578,2,,,,,,6
65,1,select_coverage,1.0,exact,list,e,0,1.0,1.0,1.0,1.0,0,,,,,,6
65,1,select_coverage,2.0,DAC,list,e,0,0.9956923076923077,0.9957123289335414,0.9956818419079616,0.9913644416029748,7,,,,,,6
65,1,select_coverage,2.0,exact,majority,e,0,0.9993846153846154,0.9993523316062176,0.9993830443892916,0.998766849576461,1,,,,,,6
65,1,select_coverage,2.0,exact,cmar,e,0,0.9981538461538462,0.9980569948186528,0.9981488998389638,0.9963046401253514,3,,,,,,6
65,1,select_coverage,2.0,exact,top_k_avg,e,0,1.0,1.0,1.0,1.0,0,,,,,,6
65,1,select_coverage,2.0,exact,list,e,0,1.0,1.0,1.0,1.0,0,,,,,,6
65,1,select_coverage,3.0,DAC,list,e,0,0.9956923076923077,0.9957123289335414,0.9956818419079616,0.9913644416029748,7,,,,,,6
65,1,select_coverage,3.0,exact,majority,e,0,1.0,1.0,1.0,1.0,0,,,,,,6
65,1,select_coverage,3.0,exact,cmar,e,0,0.9987692307692309,0.9987046632124352,0.9987660114757136,0.997535064643578,2,,,,,,6
65,1,select_coverage,3.0,exact,top_k_avg,e,0,1.0,1.0,1.0,1.0,0,,,,,,6
65,1,select_coverage,3.0,exact,list,e,0,1.0,1.0,1.0,1.0,0,,,,,,6
65,1,select_coverage,4.0,DAC,list,e,0,0.9956923076923077,0.9957123289335414,0.9956818419079616,0.9913644416029748,7,,,,,,6
65,1,select_coverage,4.0,exact,majority,e,0,0.9987692307692309,0.9987046632124352,0.9987660114757136,0.997535064643578,2,,,,,,6
65,1,select_coverage,4.0,exact,cmar,e,0,0.9987692307692309,0.9987046632124352,0.9987660114757136,0.997535064643578,2,,,,,,6
65,1,select_coverage,4.0,exact,top_k_avg,e,0,1.0,1.0,1.0,1.0,0,,,,,,6
65,1,select_coverage,4.0,exact,list,e,0,1.0,1.0,1.0,1.0,0,,,,,,6
65,1,select_coverage_CBA_M1,,DAC,list,e,1,0.9956923076923077,0.9957123289335414,0.9956818419079616,0.9913644416029748,7,0.9950769230769232,0.9950646605397592,0.9950646605397592,0.9901293210795182,8.0,6
65,1,select_coverage_CBA_M1,,exact,majority,e,1,0.9981538461538462,0.9980569948186528,0.9981488998389638,0.9963046401253514,3,0.9975384615384616,0.9974093264248703,0.9975317080580238,0.9950755709624712,4.0,6
65,1,select_coverage_CBA_M1,,exact,cmar,e,1,0.9981538461538462,0.9980569948186528,0.9981488998389638,0.9963046401253514,3,0.9975384615384616,0.9974093264248703,0.9975317080580238,0.9950755709624712,4.0,6
65,1,select_coverage_CBA_M1,,exact,top_k_avg,e,1,0.9987692307692309,0.9987046632124352,0.9987660114757136,0.997535064643578,2,0.9981538461538462,0.9980569948186528,0.9981488998389638,0.9963046401253514,3.0,6
65,1,select_coverage_CBA_M1,,exact,list,e,1,0.9993846153846154,0.9993523316062176,0.9993830443892916,0.998766849576461,1,0.9987692307692309,0.9987046632124352,0.9987660114757136,0.997535064643578,2.0,6
65,2,select_coverage,1.0,exact,majority,e,0,0.9987692307692309,0.9987046632124352,0.9987660114757136,0.997535064643578,2,,,,,,6
65,2,select_coverage,1.0,exact,cmar,e,0,0.9987692307692309,0.9987046632124352,0.9987660114757136,0.997535064643578,2,,,,,,6
65,2,select_coverage,1.0,exact,top_k_avg,e,0,0.9987692307692309,0.9987046632124352,0.9987660114757136,0.997535064643578,2,,,,,,6
65,2,select_coverage,1.0,exact,list,e,0,1.0,1.0,1.0,1.0,0,,,,,,6
65,2,select_coverage,2.0,exact,majority,e,0,0.9993846153846154,0.9993523316062176,0.9993830443892916,0.998766849576461,1,,,,,,6
65,2,select_coverage,2.0,exact,cmar,e,0,0.9981538461538462,0.9980569948186528,0.9981488998389638,0.9963046401253514,3,,,,,,6
65,2,select_coverage,2.0,exact,top_k_avg,e,0,1.0,1.0,1.0,1.0,0,,,,,,6
65,2,select_coverage,2.0,exact,list,e,0,1.0,1.0,1.0,1.0,0,,,,,,6
65,2,select_coverage,3.0,exact,majority,e,0,1.0,1.0,1.0,1.0,0,,,,,,6
65,2,select_coverage,3.0,exact,cmar,e,0,0.9987692307692309,0.9987046632124352,0.9987660114757136,0.997535064643578,2,,,,,,6
65,2,select_coverage,3.0,exact,top_k_avg,e,0,1.0,1.0,1.0,1.0,0,,,,,,6
65,2,select_coverage,3.0,exact,list,e,0,1.0,1.0,1.0,1.0,0,,,,,,6
65,2,select_coverage,4.0,exact,majority,e,0,0.9987692307692309,0.9987046632124352,0.9987660114757136,0.997535064643578,2,,,,,,6
65,2,select_coverage,4.0,exact,cmar,e,0,0.9987692307692309,0.9987046632124352,0.9987660114757136,0.997535064643578,2,,,,,,6
65,2,select_coverage,4.0,exact,top_k_avg,e,0,1.0,1.0,1.0,1.0,0,,,,,,6
65,2,select_coverage,4.0,exact,list,e,0,1.0,1.0,1.0,1.0,0,,,,,,6
65,2,select_coverage_CBA_M1,,exact,majority,e,1,0.9981538461538462,0.9980569948186528,0.9981488998389638,0.9963046401253514,3,0.9975384615384616,0.9974093264248703,0.9975317080580238,0.9950755709624712,4.0,6
65,2,select_coverage_CBA_M1,,exact,cmar,e,1,0.9981538461538462,0.9980569948186528,0.9981488998389638,0.9963046401253514,3,0.9975384615384616,0.9974093264248703,0.9975317080580238,0.9950755709624712,4.0,6
65,2,select_coverage_CBA_M1,,exact,top_k_avg,e,1,0.9987692307692309,0.9987046632124352,0.9987660114757136,0.997535064643578,2,0.9981538461538462,0.9980569948186528,0.9981488998389638,0.9963046401253514,3.0,6
65,2,select_coverage_CBA_M1,,exact,list,e,1,0.9993846153846154,0.9993523316062176,0.9993830443892916,0.998766849576461,1,0.9987692307692309,0.9987046632124352,0.9987660114757136,0.997535064643578,2.0,6
68,1,select_coverage,1.0,DAC,list,e,0,0.9993846153846154,0.9993887530562346,0.9993845920792268,0.9987699411463972,1,,,,,,6
68,1,select_coverage,1.0,exact,majority,e,0,1.0,1.0,1.0,1.0,0,,,,,,6
68,1,select_coverage,1.0,exact,cmar,e,0,0.9993846153846154,0.9993887530562346,0.9993845920792268,0.9987699411463972,1,,,,,,6
68,1,select_coverage,1.0,exact,top_k_avg,e,0,1.0,1.0,1.0,1.0,0,,,,,,6
68,1,select_coverage,1.0,exact,list,e,0,1.0,1.0,1.0,1.0,0,,,,,,6
68,1,select_coverage,2.0,DAC,list,e,0,0.9969230769230768,0.996910438310262,0.9969228485219636,0.9938524936668928,5,,,,,,6
68,1,select_coverage,2.0,exact,majority,e,0,1.0,1.0,1.0,1.0,0,,,,,,6
68,1,select_coverage,2.0,exact,cmar,e,0,0.9993846153846154,0.9993887530562346,0.9993845920792268,0.9987699411463972,1,,,,,,6
68,1,select_coverage,2.0,exact,top_k_avg,e,0,1.0,1.0,1.0,1.0,0,,,,,,6
68,1,select_coverage,2.0,exact,list,e,0,1.0,1.0,1.0,1.0,0,,,,,,6
68,1,select_coverage,3.0,DAC,list,e,0,0.9969230769230768,0.996910438310262,0.9969228485219636,0.9938524936668928,5,,,,,,6
68,1,select_coverage,3.0,exact,majority,e,0,0.9993846153846154,0.9993887530562346,0.9993845920792268,0.9987699411463972,1,,,,,,6
68,1,select_coverage,3.0,exact,cmar,e,0,0.9993846153846154,0.9993887530562346,0.9993845920792268,0.9987699411463972,1,,,,,,6
68,1,select_coverage,3.0,exact,top_k_avg,e,0,1.0,1.0,1.0,1.0,0,,,,,,6
68,1,select_coverage,3.0,exact,list,e,0,1.0,1.0,1.0,1.0,0,,,,,,6
68,1,select_coverage,4.0,DAC,list,e,0,0.9975384615384616,0.9975216852540272,0.9975382517800332,0.9950885942020112,4,,,,,,6
68,1,select_coverage,4.0,exact,majority,e,0,1.0,1.0,1.0,1.0,0,,,,,,6
68,1,select_coverage,4.0,exact,cmar,e,0,0.9993846153846154,0.9993887530562346,0.9993845920792268,0.9987699411463972,1,,,,,,6
68,1,select_coverage,4.0,exact,top_k_avg,e,0,1.0,1.0,1.0,1.0,0,,,,,,6
68,1,select_coverage,4.0,exact,list,e,0,1.0,1.0,1.0,1.0,0,,,,,,6
68,1,select_coverage_CBA_M1,,DAC,list,e,2,0.9993846153846154,0.9993887530562346,0.9993845920792268,0.9987699411463972,1,0.9981538461538462,0.9981495956832483,0.9981537454728892,0.9963082470265512,3.0,6
68,1,select_coverage_CBA_M1,,exact,majority,e,2,1.0,1.0,1.0,1.0,0,0.9987692307692309,0.9987608426270136,0.9987691519949584,0.9975413302384496,2.0,6
68,1,select_coverage_CBA_M1,,exact,cmar,e,2,1.0,1.0,1.0,1.0,0,0.9987692307692309,0.9987608426270136,0.9987691519949584,0.9975413302384496,2.0,6
68,1,select_coverage_CBA_M1,,exact,top_k_avg,e,2,1.0,1.0,1.0,1.0,0,0.9987692307692309,0.9987608426270136,0.9987691519949584,0.9975413302384496,2.0,6
68,1,select_coverage_CBA_M1,,exact,list,e,2,1.0,1.0,1.0,1.0,0,0.9987692307692309,0.9987608426270136,0.9987691519949584,0.9975413302384496,2.0,6
68,2,select_coverage,1.0,exact,majority,e,0,1.0,1.0,1.0,1.0,0,,,,,,6
68,2,select_coverage,1.0,exact,cmar,e,0,0.9993846153846154,0.9993887530562346,0.9993845920792268,0.9987699411463972,1,,,,,,6
68,2,select_coverage,1.0,exact,top_k_avg,e,0,1.0,1.0,1.0,1.0,0,,,,,,6
68,2,select_coverage,1.0,exact,list,e,0,1.0,1.0,1.0,1.0,0,,,,,,6
68,2,select_coverage,2.0,exact,majority,e,0,1.0,1.0,1.0,1.0,0,,,,,,6
68,2,select_coverage,2.0,exact,cmar,e,0,0.9993846153846154,0.9993887530562346,0.9993845920792268,0.9987699411463972,1,,,,,,6
68,2,select_coverage,2.0,exact,top_k_avg,e,0,1.0,1.0,1.0,1.0,0,,,,,,6
68,2,select_coverage,2.0,exact,list,e,0,1.0,1.0,1.0,1.0,0,,,,,,6
68,2,select_coverage,3.0,exact,majority,e,0,0.9993846153846154,0.9993887530562346,0.9993845920792268,0.9987699411463972,1,,,,,,6
68,2,select_coverage,3.0,exact,cmar,e,0,0.9993846153846154,0.9993887530562346,0.9993845920792268,0.9987699411463972,1,,,,,,6
68,2,select_coverage,3.0,exact,top_k_avg,e,0,1.0,1.0,1.0,1.0,0,,,,,,6
68,2,select_coverage,3.0,exact,list,e,0,1.0,1.0,1.0,1.0,0,,,,,,6
68,2,select_coverage,4.0,exact,majority,e,0,1.0,1.0,1.0,1.0,0,,,,,,6
68,2,select_coverage,4.0,exact,cmar,e,0,0.9993846153846154,0.9993887530562346,0.9993845920792268,0.9987699411463972,1,,,,,,6
68,2,select_coverage,4.0,exact,top_k_avg,e,0,1.0,1.0,1.0,1.0,0,,,,,,6
68,2,select_coverage,4.0,exact,list,e,0,1.0,1.0,1.0,1.0,0,,,,,,6
68,2,select_coverage_CBA_M1,,exact,majority,e,2,1.0,1.0,1.0,1.0,0,0.9987692307692309,0.9987608426270136,0.9987691519949584,0.9975413302384496,2.0,6
68,2,select_coverage_CBA_M1,,exact,cmar,e,2,1.0,1.0,1.0,1.0,0,0.9987692307692309,0.9987608426270136,0.9987691519949584,0.9975413302384496,2.0,6
68,2,select_coverage_CBA_M1,,exact,top_k_avg,e,2,1.0,1.0,1.0,1.0,0,0.9987692307692309,0.9987608426270136,0.9987691519949584,0.9975413302384496,2.0,6
68,2,select_coverage_CBA_M1,,exact,list,e,2,1.0,1.0,1.0,1.0,0,0.9987692307692309,0.9987608426270136,0.9987691519949584,0.9975413302384496,2.0,6
74,1,select_coverage,1.0,DAC,list,e,0,0.9969230769230768,0.9969119995636192,0.996922163115127,0.9938450817437114,5,,,,,,6
74,1,select_coverage,1.0,exact,majority,e,0,0.9969230769230768,0.9969119995636192,0.996922163115127,0.9938450817437114,5,,,,,,6
74,1,select_coverage,1.0,exact,cmar,e,0,0.9969230769230768,0.9969119995636192,0.996922163115127,0.9938450817437114,5,,,,,,6
74,1,select_coverage,1.0,exact,top_k_avg,e,0,0.9969230769230768,0.9968710888610764,0.996921883269479,0.9938626579715863,5,,,,,,6
74,1,select_coverage,1.0,exact,list,e,0,1.0,1.0,1.0,1.0,0,,,,,,6
74,1,select_coverage,2.0,DAC,list,e,0,0.9969230769230768,0.9969119995636192,0.996922163115127,0.9938450817437114,5,,,,,,6
74,1,select_coverage,2.0,exact,majority,e,0,0.9969230769230768,0.9969119995636192,0.996922163115127,0.9938450817437114,5,,,,,,6
74,1,select_coverage,2.0,exact,cmar,e,0,0.9969230769230768,0.9969119995636192,0.996922163115127,0.9938450817437114,5,,,,,,6
74,1,select_coverage,2.0,exact,top_k_avg,e,0,0.9981538461538462,0.9981226533166458,0.9981532167176506,0.9963132420739192,3,,,,,,6
74,1,select_coverage,2.0,exact,list,e,0,1.0,1.0,1.0,1.0,0,,,,,,6
74,1,select_coverage,3.0,DAC,list,e,0,0.9969230769230768,0.9969119995636192,0.996922163115127,0.9938450817437114,5,,,,,,6
74,1,select_coverage,3.0,exact,majority,e,0,0.9981538461538462,0.9981635640191886,0.998153373417441,0.9963075032198516,3,,,,,,6
74,1,select_coverage,3.0,exact,cmar,e,0,0.9969230769230768,0.9969119995636192,0.996922163115127,0.9938450817437114,5,,,,,,6
74,1,select_coverage,3.0,exact,top_k_avg,e,0,0.9993846153846154,0.9993742177722152,0.9993844326230256,0.998769622626085,1,,,,,,6
74,1,select_coverage,3.0,exact,list,e,0,1.0,1.0,1.0,1.0,0,,,,,,6
74,1,select_coverage,4.0,DAC,list,e,0,0.9969230769230768,0.9969119995636192,0.996922163115127,0.9938450817437114,5,,,,,,6
74,1,select_coverage,4.0,exact,majority,e,0,0.9975384615384616,0.997537781791404,0.997537781791404,0.9950755635828078,4,,,,,,6
74,1,select_coverage,4.0,exact,cmar,e,0,0.9969230769230768,0.9969119995636192,0.996922163115127,0.9938450817437114,5,,,,,,6
74,1,select_coverage,4.0,exact,top_k_avg,e,0,0.9993846153846154,0.9993742177722152,0.9993844326230256,0.998769622626085,1,,,,,,6
74,1,select_coverage,4.0,exact,list,e,0,1.0,1.0,1.0,1.0,0,,,,,,6
74,1,select_coverage_CBA_M1,,DAC,list,e,7,0.9981538461538462,0.9981226533166458,0.9981532167176506,0.9963132420739192,3,0.9938461538461538,0.9937421777221528,0.9938429618043874,0.9877612776492108,10.0,6
74,1,select_coverage_CBA_M1,,exact,majority,e,7,0.9981538461538462,0.9981226533166458,0.9981532167176506,0.9963132420739192,3,0.9938461538461538,0.9937421777221528,0.9938429618043874,0.9877612776492108,10.0,6
74,1,select_coverage_CBA_M1,,exact,cmar,e,7,0.9981538461538462,0.9981226533166458,0.9981532167176506,0.9963132420739192,3,0.9938461538461538,0.9937421777221528,0.9938429618043874,0.9877612776492108,10.0,6
74,1,select_coverage_CBA_M1,,exact,top_k_avg,e,7,0.9969230769230768,0.9968710888610764,0.996921883269479,0.9938626579715863,5,0.9926153846153846,0.9924906132665832,0.9926111286254728,0.9853306467538968,12.0,6
74,1,select_coverage_CBA_M1,,exact,list,e,7,0.9981538461538462,0.9981226533166458,0.9981532167176506,0.9963132420739192,3,0.9938461538461538,0.9937421777221528,0.9938429618043874,0.9877612776492108,10.0,6
74,2,select_coverage,1.0,exact,majority,e,0,0.9969230769230768,0.9969119995636192,0.996922163115127,0.9938450817437114,5,,,,,,6
74,2,select_coverage,1.0,exact,cmar,e,0,0.9969230769230768,0.9969119995636192,0.996922163115127,0.9938450817437114,5,,,,,,6
74,2,select_coverage,1.0,exact,top_k_avg,e,0,0.9969230769230768,0.9968710888610764,0.996921883269479,0.9938626579715863,5,,,,,,6
74,2,select_coverage,1.0,exact,list,e,0,1.0,1.0,1.0,1.0,0,,,,,,6
74,2,select_coverage,2.0,exact,majority,e,0,0.9969230769230768,0.9969119995636192,0.996922163115127,0.9938450817437114,5,,,,,,6
74,2,select_coverage,2.0,exact,cmar,e,0,0.9969230769230768,0.9969119995636192,0.996922163115127,0.9938450817437114,5,,,,,,6
74,2,select_coverage,2.0,exact,top_k_avg,e,0,0.9981538461538462,0.9981226533166458,0.9981532167176506,0.9963132420739192,3,,,,,,6
74,2,select_coverage,2.0,exact,list,e,0,1.0,1.0,1.0,1.0,0,,,,,,6
74,2,select_coverage,3.0,exact,majority,e,0,0.9981538461538462,0.9981635640191886,0.998153373417441,0.9963075032198516,3,,,,,,6
74,2,select_coverage,3.0,exact,cmar,e,0,0.9969230769230768,0.9969119995636192,0.996922163115127,0.9938450817437114,5,,,,,,6
74,2,select_coverage,3.0,exact,top_k_avg,e,0,0.9993846153846154,0.9993742177722152,0.9993844326230256,0.998769622626085,1,,,,,,6
74,2,select_coverage,3.0,exact,list,e,0,1.0,1.0,1.0,1.0,0,,,,,,6
74,2,select_coverage,4.0,exact,majority,e,0,0.9975384615384616,0.997537781791404,0.997537781791404,0.9950755635828078,4,,,,,,6
74,2,select_coverage,4.0,exact,cmar,e,0,0.9969230769230768,0.9969119995636192,0.996922163115127,0.9938450817437114,5,,,,,,6
74,2,select_coverage,4.0,exact,top_k_avg,e,0,0.9993846153846154,0.9993742177722152,0.9993844326230256,0.998769622626085,1,,,,,,6
74,2,select_coverage,4.0,exact,list,e,0,1.0,1.0,1.0,1.0,0,,,,,,6
74,2,select_coverage_CBA_M1,,exact,majority,e,3,0.9969230769230768,0.9969119995636192,0.996922163115127,0.9938450817437114,5,0.9950769230769232,0.9950346528802648,0.9950751307742196,0.9901623290436564,8.0,6
74,2,select_coverage_CBA_M1,,exact,cmar,e,3,0.9969230769230768,0.9969119995636192,0.996922163115127,0.9938450817437114,5,0.9950769230769232,0.9950346528802648,0.9950751307742196,0.9901623290436564,8.0,6
74,2,select_coverage_CBA_M1,,exact,top_k_avg,e,3,0.9956923076923077,0.9956604351080496,0.9956908390078512,0.991388469852126,7,0.9938461538461538,0.9937830884246954,0.9938436149383832,0.9877143509530872,10.0,6
74,2,select_coverage_CBA_M1,,exact,list,e,3,0.9969230769230768,0.9969119995636192,0.996922163115127,0.9938450817437114,5,0.9950769230769232,0.9950346528802648,0.9950751307742196,0.9901623290436564,8.0,6
76,1,select_coverage,1.0,DAC,list,e,0,0.9969230769230768,0.9969432533071132,0.9969179928148456,0.9938367431855576,5,,,,,,6
76,1,select_coverage,1.0,exact,majority,e,0,0.9969230769230768,0.9969940852823982,0.996918296745456,0.9938434101740062,5,,,,,,6
76,1,select_coverage,1.0,exact,cmar,e,0,0.9969230769230768,0.9969432533071132,0.9969179928148456,0.9938367431855576,5,,,,,,6
76,1,select_coverage,1.0,exact,top_k_avg,e,0,1.0,1.0,1.0,1.0,0,,,,,,6
76,1,select_coverage,1.0,exact,list,e,0,1.0,1.0,1.0,1.0,0,,,,,,6
76,1,select_coverage,2.0,DAC,list,e,0,0.9969230769230768,0.9969432533071132,0.9969179928148456,0.9938367431855576,5,,,,,,6
76,1,select_coverage,2.0,exact,majority,e,0,0.9969230769230768,0.9969940852823982,0.996918296745456,0.9938434101740062,5,,,,,,6
76,1,select_coverage,2.0,exact,cmar,e,0,0.9969230769230768,0.9969940852823982,0.996918296745456,0.9938434101740062,5,,,,,,6
76,1,select_coverage,2.0,exact,top_k_avg,e,0,1.0,1.0,1.0,1.0,0,,,,,,6
76,1,select_coverage,2.0,exact,list,e,0,1.0,1.0,1.0,1.0,0,,,,,,6
76,1,select_coverage,3.0,DAC,list,e,0,0.9969230769230768,0.9969432533071132,0.9969179928148456,0.9938367431855576,5,,,,,,6
76,1,select_coverage,3.0,exact,majority,e,0,0.9975384615384616,0.9976359338061466,0.9975347561456632,0.9950816372100398,4,,,,,,6
76,1,select_coverage,3.0,exact,cmar,e,0,0.9969230769230768,0.9969940852823982,0.996918296745456,0.9938434101740062,5,,,,,,6
76,1,select_coverage,3.0,exact,top_k_avg,e,0,0.9993846153846154,0.9993581514762516,0.9993835358939543,0.9987678313748192,1,,,,,,6
76,1,select_coverage,3.0,exact,list,e,0,1.0,1.0,1.0,1.0,0,,,,,,6
76,1,select_coverage,4.0,DAC,list,e,0,0.9969230769230768,0.9969432533071132,0.9969179928148456,0.9938367431855576,5,,,,,,6
76,1,select_coverage,4.0,exact,majority,e,0,0.9969230769230768,0.9969940852823982,0.996918296745456,0.9938434101740062,5,,,,,,6
76,1,select_coverage,4.0,exact,cmar,e,0,0.9969230769230768,0.9969940852823982,0.996918296745456,0.9938434101740062,5,,,,,,6
76,1,select_coverage,4.0,exact,top_k_avg,e,0,1.0,1.0,1.0,1.0,0,,,,,,6
76,1,select_coverage,4.0,exact,list,e,0,1.0,1.0,1.0,1.0,0,,,,,,6
76,1,select_coverage_CBA_M1,,DAC,list,e,4,0.9981538461538462,0.99812528640404,0.9981506076818636,0.9963019740119016,3,0.9956923076923077,0.9955578923090462,0.995683834318431,0.9913865960840508,7.0,6
76,1,select_coverage_CBA_M1,,exact,majority,e,4,0.9993846153846154,0.9993581514762516,0.9993835358939543,0.9987678313748192,1,0.9969230769230768,0.996790757381258,0.996917024513165,0.9938529999620638,5.0,6
76,1,select_coverage_CBA_M1,,exact,cmar,e,4,0.9987692307692309,0.9987163029525032,0.9987670077060122,0.99753705220093,2,0.9963076923076924,0.9961489088575096,0.9963002258569816,0.9926277272543867,6.0,6
76,1,select_coverage_CBA_M1,,exact,top_k_avg,e,4,1.0,1.0,1.0,1.0,0,0.9975384615384616,0.9974326059050064,0.99753375342998,0.9950796416198056,4.0,6
76,1,select_coverage_CBA_M1,,exact,list,e,4,1.0,1.0,1.0,1.0,0,0.9975384615384616,0.9974326059050064,0.99753375342998,0.9950796416198056,4.0,6
76,2,select_coverage,1.0,exact,majority,e,0,0.9969230769230768,0.9969940852823982,0.996918296745456,0.9938434101740062,5,,,,,,6
76,2,select_coverage,1.0,exact,cmar,e,0,0.9969230769230768,0.9969432533071132,0.9969179928148456,0.9938367431855576,5,,,,,,6
76,2,select_coverage,1.0,exact,top_k_avg,e,0,1.0,1.0,1.0,1.0,0,,,,,,6
76,2,select_coverage,1.0,exact,list,e,0,1.0,1.0,1.0,1.0,0,,,,,,6
76,2,select_coverage,2.0,exact,majority,e,0,0.9969230769230768,0.9969940852823982,0.996918296745456,0.9938434101740062,5,,,,,,6
76,2,select_coverage,2.0,exact,cmar,e,0,0.9969230769230768,0.9969940852823982,0.996918296745456,0.9938434101740062,5,,,,,,6
76,2,select_coverage,2.0,exact,top_k_avg,e,0,1.0,1.0,1.0,1.0,0,,,,,,6
76,2,select_coverage,2.0,exact,list,e,0,1.0,1.0,1.0,1.0,0,,,,,,6
76,2,select_coverage,3.0,exact,majority,e,0,0.9975384615384616,0.9976359338061466,0.9975347561456632,0.9950816372100398,4,,,,,,6
76,2,select_coverage,3.0,exact,cmar,e,0,0.9969230769230768,0.9969940852823982,0.996918296745456,0.9938434101740062,5,,,,,,6
76,2,select_coverage,3.0,exact,top_k_avg,e,0,0.9993846153846154,0.9993581514762516,0.9993835358939543,0.9987678313748192,1,,,,,,6
76,2,select_coverage,3.0,exact,list,e,0,1.0,1.0,1.0,1.0,0,,,,,,6
76,2,select_coverage,4.0,exact,majority,e,0,0.9969230769230768,0.9969940852823982,0.996918296745456,0.9938434101740062,5,,,,,,6
76,2,select_coverage,4.0,exact,cmar,e,0,0.9969230769230768,0.9969940852823982,0.996918296745456,0.9938434101740062,5,,,,,,6
76,2,select_coverage,4.0,exact,top_k_avg,e,0,1.0,1.0,1.0,1.0,0,,,,,,6
76,2,select_coverage,4.0,exact,list,e,0,1.0,1.0,1.0,1.0,0,,,,,,6
76,2,select_coverage_CBA_M1,,exact,majority,e,4,0.9993846153846154,0.9993581514762516,0.9993835358939543,0.9987678313748192,1,0.9969230769230768,0.996790757381258,0.996917024513165,0.9938529999620638,5.0,6
76,2,select_coverage_CBA_M1,,exact,cmar,e,4,0.9987692307692309,0.9987163029525032,0.9987670077060122,0.99753705220093,2,0.9963076923076924,0.9961489088575096,0.9963002258569816,0.9926277272543867,6.0,6
76,2,select_coverage_CBA_M1,,exact,top_k_avg,e,4,1.0,1.0,1.0,1.0,0,0.9975384615384616,0.9974326059050064,0.99753375342998,0.9950796416198056,4.0,6
76,2,select_coverage_CBA_M1,,exact,list,e,4,1.0,1.0,1.0,1.0,0,0.9975384615384616,0.9974326059050064,0.99753375342998,0.9950796416198056,4.0,6
100,1,select_coverage,1.0,DAC,list,e,0,0.9932307692307693,0.9931573061969108,0.9932278045318964,0.986492503027858,11,,,,,,6
100,1,select_coverage,1.0,exact,majority,e,0,0.9987692307692309,0.9987484355444304,0.9987688386625572,0.99754070511271,2,,,,,,6
100,1,select_coverage,1.0,exact,cmar,e,0,0.9950769230769232,0.9949937421777222,0.9950746381753428,0.9901975568197948,8,,,,,,6
100,1,select_coverage,1.0,exact,top_k_avg,e,0,1.0,1.0,1.0,1.0,0,,,,,,6
100,1,select_coverage,1.0,exact,list,e,0,1.0,1.0,1.0,1.0,0,,,,,,6
100,1,select_coverage,2.0,DAC,list,e,0,0.9932307692307693,0.9931573061969108,0.9932278045318964,0.986492503027858,11,,,,,,6
100,1,select_coverage,2.0,exact,majority,e,0,0.9987692307692309,0.9987484355444304,0.9987688386625572,0.99754070511271,2,,,,,,6
100,1,select_coverage,2.0,exact,cmar,e,0,0.9944615384615384,0.9943884153012088,0.9944591127988244,0.9889551653194604,9,,,,,,6
100,1,select_coverage,2.0,exact,top_k_avg,e,0,0.9981538461538462,0.9981226533166458,0.9981532167176506,0.9963132420739192,3,,,,,,6
100,1,select_coverage,2.0,exact,list,e,0,1.0,1.0,1.0,1.0,0,,,,,,6
100,1,select_coverage,3.0,DAC,list,e,0,0.9932307692307693,0.9931573061969108,0.9932278045318964,0.986492503027858,11,,,,,,6
100,1,select_coverage,3.0,exact,majority,e,0,0.9987692307692309,0.9987484355444304,0.9987688386625572,0.99754070511271,2,,,,,,6
100,1,select_coverage,3.0,exact,cmar,e,0,0.9950769230769232,0.9949937421777222,0.9950746381753428,0.9901975568197948,8,,,,,,6
100,1,select_coverage,3.0,exact,top_k_avg,e,0,0.9987692307692309,0.9987484355444304,0.9987688386625572,0.99754070511271,2,,,,,,6
100,1,select_coverage,3.0,exact,list,e,0,1.0,1.0,1.0,1.0,0,,,,,,6
100,1,select_coverage,4.0,DAC,list,e,0,0.9932307692307693,0.9931573061969108,0.9932278045318964,0.986492503027858,11,,,,,,6
100,1,select_coverage,4.0,exact,majority,e,0,0.9987692307692309,0.9987484355444304,0.9987688386625572,0.99754070511271,2,,,,,,6
100,1,select_coverage,4.0,exact,cmar,e,0,0.9950769230769232,0.9949937421777222,0.9950746381753428,0.9901975568197948,8,,,,,,6
100,1,select_coverage,4.0,exact,top_k_avg,e,0,0.9987692307692309,0.9987484355444304,0.9987688386625572,0.99754070511271,2,,,,,,6
100,1,select_coverage,4.0,exact,list,e,0,1.0,1.0,1.0,1.0,0,,,,,,6
100,1,select_coverage_CBA_M1,,DAC,list,e,0,0.9932307692307693,0.9931573061969108,0.9932278045318964,0.986492503027858,11,,,,,,6
100,1,select_coverage_CBA_M1,,exact,majority,e,0,0.9969230769230768,0.9968710888610764,0.996921883269479,0.9938626579715863,5,,,,,,6
100,1,select_coverage_CBA_M1,,exact,cmar,e,0,0.9944615384615384,0.9943679599499374,0.994458818889195,0.9889787085841084,9,,,,,,6
100,1,select_coverage_CBA_M1,,exact,top_k_avg,e,0,0.9981538461538462,0.9981226533166458,0.9981532167176506,0.9963132420739192,3,,,,,,6
100,1,select_coverage_CBA_M1,,exact,list,e,0,0.9981538461538462,0.9981226533166458,0.9981532167176506,0.9963132420739192,3,,,,,,6
100,2,select_coverage,1.0,exact,majority,e,0,0.9987692307692309,0.9987484355444304,0.9987688386625572,0.99754070511271,2,,,,,,6
100,2,select_coverage,1.0,exact,cmar,e,0,0.9950769230769232,0.9949937421777222,0.9950746381753428,0.9901975568197948,8,,,,,,6
100,2,select_coverage,1.0,exact,top_k_avg,e,0,1.0,1.0,1.0,1.0,0,,,,,,6
100,2,select_coverage,1.0,exact,list,e,0,1.0,1.0,1.0,1.0,0,,,,,,6
100,2,select_coverage,2.0,exact,majority,e,0,0.9987692307692309,0.9987484355444304,0.9987688386625572,0.99754070511271,2,,,,,,6
100,2,select_coverage,2.0,exact,cmar,e,0,0.9944615384615384,0.9943884153012088,0.9944591127988244,0.9889551653194604,9,,,,,,6
100,2,select_coverage,2.0,exact,top_k_avg,e,0,0.9981538461538462,0.9981226533166458,0.9981532167176506,0.9963132420739192,3,,,,,,6
100,2,select_coverage,2.0,exact,list,e,0,1.0,1.0,1.0,1.0,0,,,,,,6
100,2,select_coverage,3.0,exact,majority,e,0,0.9987692307692309,0.9987484355444304,0.9987688386625572,0.99754070511271,2,,,,,,6
100,2,select_coverage,3.0,exact,cmar,e,0,0.9950769230769232,0.9949937421777222,0.9950746381753428,0.9901975568197948,8,,,,,,6
100,2,select_coverage,3.0,exact,top_k_avg,e,0,0.9987692307692309,0.9987484355444304,0.9987688386625572,0.99754070511271,2,,,,,,6
100,2,select_coverage,3.0,exact,list,e,0,1.0,1.0,1.0,1.0,0,,,,,,6
100,2,select_coverage,4.0,exact,majority,e,0,0.9987692307692309,0.9987484355444304,0.9987688386625572,0.99754070511271,2,,,,,,6
100,2,select_coverage,4.0,exact,cmar,e,0,0.9950769230769232,0.9949937421777222,0.9950746381753428,0.9901975568197948,8,,,,,,6
100,2,select_coverage,4.0,exact,top_k_avg,e,0,0.9987692307692309,0.9987484355444304,0.9987688386625572,0.99754070511271,2,,,,,,6
100,2,select_coverage,4.0,exact,list,e,0,1.0,1.0,1.0,1.0,0,,,,,,6
100,2,select_coverage_CBA_M1,,exact,majority,e,0,0.9969230769230768,0.9968710888610764,0.996921883269479,0.9938626579715863,5,,,,,,6
100,2,select_coverage_CBA_M1,,exact,cmar,e,0,0.9944615384615384,0.9943679599499374,0.994458818889195,0.9889787085841084,9,,,,,,6
100,2,select_coverage_CBA_M1,,exact,top_k_avg,e,0,0.9981538461538462,0.9981226533166458,0.9981532167176506,0.9963132420739192,3,,,,,,6
100,2,select_coverage_CBA_M1,,exact,list,e,0,0.9981538461538462,0.9981226533166458,0.9981532167176506,0.9963132420739192,3,,,,,,6
114,1,select_coverage,1.0,DAC,list,e,0,0.9987692307692309,0.9986928104575163,0.9987648296453048,0.997532706804608,2,,,,,,6
114,1,select_coverage,1.0,exact,majority,e,0,0.9987692307692309,0.9986928104575163,0.9987648296453048,0.997532706804608,2,,,,,,6
114,1,select_coverage,1.0,exact,cmar,e,0,0.9987692307692309,0.9986928104575163,0.9987648296453048,0.997532706804608,2,,,,,,6
114,1,select_coverage,1.0,exact,top_k_avg,e,0,1.0,1.0,1.0,1.0,0,,,,,,6
114,1,select_coverage,1.0,exact,list,e,0,1.0,1.0,1.0,1.0,0,,,,,,6
114,1,select_coverage,2.0,DAC,list,e,0,0.9987692307692309,0.9986928104575163,0.9987648296453048,0.997532706804608,2,,,,,,6
114,1,select_coverage,2.0,exact,majority,e,0,1.0,1.0,1.0,1.0,0,,,,,,6
114,1,select_coverage,2.0,exact,cmar,e,0,0.9987692307692309,0.9986928104575163,0.9987648296453048,0.997532706804608,2,,,,,,6
114,1,select_coverage,2.0,exact,top_k_avg,e,0,0.9987692307692309,0.9986928104575163,0.9987648296453048,0.997532706804608,2,,,,,,6
114,1,select_coverage,2.0,exact,list,e,0,1.0,1.0,1.0,1.0,0,,,,,,6
114,1,select_coverage,3.0,DAC,list,e,0,0.9981538461538462,0.9980392156862744,0.998147107149658,0.996301067977826,3,,,,,,6
114,1,select_coverage,3.0,exact,majority,e,0,1.0,1.0,1.0,1.0,0,,,,,,6
114,1,select_coverage,3.0,exact,cmar,e,0,0.9987692307692309,0.9986928104575163,0.9987648296453048,0.997532706804608,2,,,,,,6
114,1,select_coverage,3.0,exact,top_k_avg,e,0,0.9993846153846154,0.9993464052287582,0.9993824601192745,0.998765682477202,1,,,,,,6
114,1,select_coverage,3.0,exact,list,e,0,1.0,1.0,1.0,1.0,0,,,,,,6
114,1,select_coverage,4.0,DAC,list,e,0,0.9981538461538462,0.9980392156862744,0.998147107149658,0.996301067977826,3,,,,,,6
114,1,select_coverage,4.0,exact,majority,e,0,0.9987692307692309,0.9986928104575163,0.9987648296453048,0.997532706804608,2,,,,,,6
114,1,select_coverage,4.0,exact,cmar,e,0,0.9987692307692309,0.9986928104575163,0.9987648296453048,0.997532706804608,2,,,,,,6
114,1,select_coverage,4.0,exact,top_k_avg,e,0,0.9993846153846154,0.9993464052287582,0.9993824601192745,0.998765682477202,1,,,,,,6
114,1,select_coverage,4.0,exact,list,e,0,1.0,1.0,1.0,1.0,0,,,,,,6
114,1,select_coverage_CBA_M1,,DAC,list,e,1,0.9987692307692309,0.9986928104575163,0.9987648296453048,0.997532706804608,2,0.9981538461538462,0.9980392156862744,0.998147107149658,0.996301067977826,3.0,6
114,1,select_coverage_CBA_M1,,exact,majority,e,1,0.9987692307692309,0.9986928104575163,0.9987648296453048,0.997532706804608,2,0.9981538461538462,0.9980392156862744,0.998147107149658,0.996301067977826,3.0,6
114,1,select_coverage_CBA_M1,,exact,cmar,e,1,0.9987692307692309,0.9986928104575163,0.9987648296453048,0.997532706804608,2,0.9981538461538462,0.9980392156862744,0.998147107149658,0.996301067977826,3.0,6
114,1,select_coverage_CBA_M1,,exact,top_k_avg,e,1,1.0,1.0,1.0,1.0,0,0.9993846153846154,0.9993464052287582,0.9993824601192745,0.998765682477202,1.0,6
114,1,select_coverage_CBA_M1,,exact,list,e,1,1.0,1.0,1.0,1.0,0,0.9993846153846154,0.9993464052287582,0.9993824601192745,0.998765682477202,1.0,6
114,2,select_coverage,1.0,exact,majority,e,0,0.9987692307692309,0.9986928104575163,0.9987648296453048,0.997532706804608,2,,,,,,6
114,2,select_coverage,1.0,exact,cmar,e,0,0.9987692307692309,0.9986928104575163,0.9987648296453048,0.997532706804608,2,,,,,,6
114,2,select_coverage,1.0,exact,top_k_avg,e,0,1.0,1.0,1.0,1.0,0,,,,,,6
114,2,select_coverage,1.0,exact,list,e,0,1.0,1.0,1.0,1.0,0,,,,,,6
114,2,select_coverage,2.0,exact,majority,e,0,1.0,1.0,1.0,1.0,0,,,,,,6
114,2,select_coverage,2.0,exact,cmar,e,0,0.9987692307692309,0.9986928104575163,0.9987648296453048,0.997532706804608,2,,,,,,6
114,2,select_coverage,2.0,exact,top_k_avg,e,0,0.9987692307692309,0.9986928104575163,0.9987648296453048,0.997532706804608,2,,,,,,6
114,2,select_coverage,2.0,exact,list,e,0,1.0,1.0,1.0,1.0,0,,,,,,6
114,2,select_coverage,3.0,exact,majority,e,0,1.0,1.0,1.0,1.0,0,,,,,,6
114,2,select_coverage,3.0,exact,cmar,e,0,0.9987692307692309,0.9986928104575163,0.9987648296453048,0.997532706804608,2,,,,,,6
114,2,select_coverage,3.0,exact,top_k_avg,e,0,0.9993846153846154,0.9993464052287582,0.9993824601192745,0.998765682477202,1,,,,,,6
114,2,select_coverage,3.0,exact,list,e,0,1.0,1.0,1.0,1.0,0,,,,,,6
114,2,select_coverage,4.0,exact,majority,e,0,0.9987692307692309,0.9986928104575163,0.9987648296453048,0.997532706804608,2,,,,,,6
114,2,select_coverage,4.0,exact,cmar,e,0,0.9987692307692309,0.9986928104575163,0.9987648296453048,0.997532706804608,2,,,,,,6
114,2,select_coverage,4.0,exact,top_k_avg,e,0,0.9993846153846154,0.9993464052287582,0.9993824601192745,0.998765682477202,1,,,,,,6
114,2,select_coverage,4.0,exact,list,e,0,1.0,1.0,1.0,1.0,0,,,,,,6
114,2,select_coverage_CBA_M1,,exact,majority,e,1,0.9987692307692309,0.9986928104575163,0.9987648296453048,0.997532706804608,2,0.9981538461538462,0.9980392156862744,0.998147107149658,0.996301067977826,3.0,6
114,2,select_coverage_CBA_M1,,exact,cmar,e,1,0.9987692307692309,0.9986928104575163,0.9987648296453048,0.997532706804608,2,0.9981538461538462,0.9980392156862744,0.998147107149658,0.996301067977826,3.0,6
114,2,select_coverage_CBA_M1,,exact,top_k_avg,e,1,1.0,1.0,1.0,1.0,0,0.9993846153846154,0.9993464052287582,0.9993824601192745,0.998765682477202,1.0,6
114,2,select_coverage_CBA_M1,,exact,list,e,1,1.0,1.0,1.0,1.0,0,0.9993846153846154,0.9993464052287582,0.9993824601192745,0.998765682477202,1.0,6
133,1,select_coverage,1.0,DAC,list,e,0,0.9981538461538462,0.9981371336413354,0.9981526120549736,0.9963059811176048,3,,,,,,6
133,1,select_coverage,1.0,exact,majority,e,0,0.9987692307692309,0.9987684467726484,0.9987684467726484,0.997536893545297,2,,,,,,6
133,1,select_coverage,1.0,exact,cmar,e,0,0.9981538461538462,0.9981371336413354,0.9981526120549736,0.9963059811176048,3,,,,,,6
133,1,select_coverage,1.0,exact,top_k_avg,e,0,0.9987692307692309,0.9987373737373736,0.9987683683647266,0.9975397668278452,2,,,,,,6
133,1,select_coverage,1.0,exact,list,e,0,1.0,1.0,1.0,1.0,0,,,,,,6
133,1,select_coverage,2.0,DAC,list,e,0,0.9981538461538462,0.9981371336413354,0.9981526120549736,0.9963059811176048,3,,,,,,6
133,1,select_coverage,2.0,exact,majority,e,0,0.9987692307692309,0.9987684467726484,0.9987684467726484,0.997536893545297,2,,,,,,6
133,1,select_coverage,2.0,exact,cmar,e,0,0.9981538461538462,0.9981371336413354,0.9981526120549736,0.9963059811176048,3,,,,,,6
133,1,select_coverage,2.0,exact,top_k_avg,e,0,0.9987692307692309,0.9987373737373736,0.9987683683647266,0.9975397668278452,2,,,,,,6
133,1,select_coverage,2.0,exact,list,e,0,1.0,1.0,1.0,1.0,0,,,,,,6
133,1,select_coverage,3.0,DAC,list,e,0,0.9981538461538462,0.9981371336413354,0.9981526120549736,0.9963059811176048,3,,,,,,6
133,1,select_coverage,3.0,exact,majority,e,0,0.9981538461538462,0.9981371336413354,0.9981526120549736,0.9963059811176048,3,,,,,,6
133,1,select_coverage,3.0,exact,cmar,e,0,0.9981538461538462,0.9981371336413354,0.9981526120549736,0.9963059811176048,3,,,,,,6
133,1,select_coverage,3.0,exact,top_k_avg,e,0,0.9987692307692309,0.9987373737373736,0.9987683683647266,0.9975397668278452,2,,,,,,6
133,1,select_coverage,3.0,exact,list,e,0,1.0,1.0,1.0,1.0,0,,,,,,6
133,1,select_coverage,4.0,DAC,list,e,0,0.9981538461538462,0.9981371336413354,0.9981526120549736,0.9963059811176048,3,,,,,,6
133,1,select_coverage,4.0,exact,majority,e,0,0.9981538461538462,0.9981371336413354,0.9981526120549736,0.9963059811176048,3,,,,,,6
133,1,select_coverage,4.0,exact,cmar,e,0,0.9981538461538462,0.9981371336413354,0.9981526120549736,0.9963059811176048,3,,,,,,6
133,1,select_coverage,4.0,exact,top_k_avg,e,0,0.9987692307692309,0.9987373737373736,0.9987683683647266,0.9975397668278452,2,,,,,,6
133,1,select_coverage,4.0,exact,list,e,0,1.0,1.0,1.0,1.0,0,,,,,,6
133,1,select_coverage_CBA_M1,,DAC,list,e,0,0.9981538461538462,0.9981371336413354,0.9981526120549736,0.9963059811176048,3,,,,,,6
133,1,select_coverage_CBA_M1,,exact,majority,e,0,0.9987692307692309,0.9987684467726484,0.9987684467726484,0.997536893545297,2,,,,,,6
133,1,select_coverage_CBA_M1,,exact,cmar,e,0,0.9981538461538462,0.9981371336413354,0.9981526120549736,0.9963059811176048,3,,,,,,6
133,1,select_coverage_CBA_M1,,exact,top_k_avg,e,0,0.9993846153846154,0.9993686868686869,0.9993842040183244,0.9987691659789816,1,,,,,,6
133,1,select_coverage_CBA_M1,,exact,list,e,0,1.0,1.0,1.0,1.0,0,,,,,,6
133,2,select_coverage,1.0,exact,majority,e,0,0.9987692307692309,0.9987684467726484,0.9987684467726484,0.997536893545297,2,,,,,,6
133,2,select_coverage,1.0,exact,cmar,e,0,0.9981538461538462,0.9981371336413354,0.9981526120549736,0.9963059811176048,3,,,,,,6
133,2,select_coverage,1.0,exact,top_k_avg,e,0,0.9987692307692309,0.9987373737373736,0.9987683683647266,0.9975397668278452,2,,,,,,6
133,2,select_coverage,1.0,exact,list,e,0,1.0,1.0,1.0,1.0,0,,,,,,6
133,2,select_coverage,2.0,exact,majority,e,0,0.9987692307692309,0.9987684467726484,0.9987684467726484,0.997536893545297,2,,,,,,6
133,2,select_coverage,2.0,exact,cmar,e,0,0.9981538461538462,0.9981371336413354,0.9981526120549736,0.9963059811176048,3,,,,,,6
133,2,select_coverage,2.0,exact,top_k_avg,e,0,0.9987692307692309,0.9987373737373736,0.9987683683647266,0.9975397668278452,2,,,,,,6
133,2,select_coverage,2.0,exact,list,e,0,1.0,1.0,1.0,1.0,0,,,,,,6
133,2,select_coverage,3.0,exact,majority,e,0,0.9981538461538462,0.9981371336413354,0.9981526120549736,0.9963059811176048,3,,,,,,6
133,2,select_coverage,3.0,exact,cmar,e,0,0.9981538461538462,0.9981371336413354,0.9981526120549736,0.9963059811176048,3,,,,,,6
133,2,select_coverage,3.0,exact,top_k_avg,e,0,0.9987692307692309,0.9987373737373736,0.9987683683647266,0.9975397668278452,2,,,,,,6
133,2,select_coverage,3.0,exact,list,e,0,1.0,1.0,1.0,1.0,0,,,,,,6
133,2,select_coverage,4.0,exact,majority,e,0,0.9981538461538462,0.9981371336413354,0.9981526120549736,0.9963059811176048,3,,,,,,6
133,2,select_coverage,4.0,exact,cmar,e,0,0.9981538461538462,0.9981371336413354,0.9981526120549736,0.9963059811176048,3,,,,,,6
133,2,select_coverage,4.0,exact,top_k_avg,e,0,0.9987692307692309,0.9987373737373736,0.9987683683647266,0.9975397668278452,2,,,,,,6
133,2,select_coverage,4.0,exact,list,e,0,1.0,1.0,1.0,1.0,0,,,,,,6
133,2,select_coverage_CBA_M1,,exact,majority,e,0,0.9987692307692309,0.9987684467726484,0.9987684467726484,0.997536893545297,2,,,,,,6
133,2,select_coverage_CBA_M1,,exact,cmar,e,0,0.9981538461538462,0.9981371336413354,0.9981526120549736,0.9963059811176048,3,,,,,,6
133,2,select_coverage_CBA_M1,,exact,top_k_avg,e,0,0.9987692307692309,0.9987373737373736,0.9987683683647266,0.9975397668278452,2,,,,,,6
133,2,select_coverage_CBA_M1,,exact,list,e,0,1.0,1.0,1.0,1.0,0,,,,,,6
138,1,select_coverage,1.0,DAC,list,e,0,0.9969230769230768,0.9968231599535926,0.9969148330649396,0.9938364980974383,5,,,,,,6
138,1,select_coverage,1.0,exact,majority,e,0,0.9987692307692309,0.9987661651349398,0.9987661651349398,0.9975323302698796,2,,,,,,6
138,1,select_coverage,1.0,exact,cmar,e,0,0.9969230769230768,0.9968231599535926,0.9969148330649396,0.9938364980974383,5,,,,,,6
138,1,select_coverage,1.0,exact,top_k_avg,e,0,0.9975384615384616,0.9974093264248703,0.9975317080580238,0.9950755709624712,4,,,,,,6
138,1,select_coverage,1.0,exact,list,e,0,1.0,1.0,1.0,1.0,0,,,,,,6
138,1,select_coverage,2.0,DAC,list,e,0,0.9969230769230768,0.9968231599535926,0.9969148330649396,0.9938364980974383,5,,,,,,6
138,1,select_coverage,2.0,exact,majority,e,0,0.9987692307692309,0.9987661651349398,0.9987661651349398,0.9975323302698796,2,,,,,,6
138,1,select_coverage,2.0,exact,cmar,e,0,0.9975384615384616,0.997470828347375,0.9975320229514272,0.9950670838271384,4,,,,,,6
138,1,select_coverage,2.0,exact,top_k_avg,e,0,0.9981538461538462,0.9980569948186528,0.9981488998389638,0.9963046401253514,3,,,,,,6
138,1,select_coverage,2.0,exact,list,e,0,1.0,1.0,1.0,1.0,0,,,,,,6
138,1,select_coverage,3.0,DAC,list,e,0,0.9969230769230768,0.9968231599535926,0.9969148330649396,0.9938364980974383,5,,,,,,6
138,1,select_coverage,3.0,exact,majority,e,0,0.9987692307692309,0.9987661651349398,0.9987661651349398,0.9975323302698796,2,,,,,,6
138,1,select_coverage,3.0,exact,cmar,e,0,0.9975384615384616,0.997470828347375,0.9975320229514272,0.9950670838271384,4,,,,,,6
138,1,select_coverage,3.0,exact,top_k_avg,e,0,0.9993846153846154,0.9993523316062176,0.9993830443892916,0.998766849576461,1,,,,,,6
138,1,select_coverage,3.0,exact,list,e,0,1.0,1.0,1.0,1.0,0,,,,,,6
138,1,select_coverage,4.0,DAC,list,e,0,0.9969230769230768,0.9968231599535926,0.9969148330649396,0.9938364980974383,5,,,,,,6
138,1,select_coverage,4.0,exact,majority,e,0,0.9987692307692309,0.9987661651349398,0.9987661651349398,0.9975323302698796,2,,,,,,6
138,1,select_coverage,4.0,exact,cmar,e,0,0.9975384615384616,0.997470828347375,0.9975320229514272,0.9950670838271384,4,,,,,,6
138,1,select_coverage,4.0,exact,top_k_avg,e,0,1.0,1.0,1.0,1.0,0,,,,,,6
138,1,select_coverage,4.0,exact,list,e,0,1.0,1.0,1.0,1.0,0,,,,,,6
138,1,select_coverage_CBA_M1,,DAC,list,e,3,0.9975384615384616,0.9974093264248703,0.9975317080580238,0.9950755709624712,4,0.9956923076923077,0.9954663212435232,0.995679637628894,0.9913964452609793,7.0,6
138,1,select_coverage_CBA_M1,,exact,majority,e,3,0.9993846153846154,0.9993523316062176,0.9993830443892916,0.998766849576461,1,0.9975384615384616,0.9974093264248703,0.9975317080580238,0.9950755709624712,4.0,6
138,1,select_coverage_CBA_M1,,exact,cmar,e,3,0.9975384615384616,0.9974093264248703,0.9975317080580238,0.9950755709624712,4,0.9956923076923077,0.9954663212435232,0.995679637628894,0.9913964452609793,7.0,6
138,1,select_coverage_CBA_M1,,exact,top_k_avg,e,3,0.9975384615384616,0.9974093264248703,0.9975317080580238,0.9950755709624712,4,0.9956923076923077,0.9954663212435232,0.995679637628894,0.9913964452609793,7.0,6
138,1,select_coverage_CBA_M1,,exact,list,e,3,1.0,1.0,1.0,1.0,0,0.9981538461538462,0.9980569948186528,0.9981488998389638,0.9963046401253514,3.0,6
138,2,select_coverage,1.0,exact,majority,e,0,0.9987692307692309,0.9987661651349398,0.9987661651349398,0.9975323302698796,2,,,,,,6
138,2,select_coverage,1.0,exact,cmar,e,0,0.9969230769230768,0.9968231599535926,0.9969148330649396,0.9938364980974383,5,,,,,,6
138,2,select_coverage,1.0,exact,top_k_avg,e,0,0.9975384615384616,0.9974093264248703,0.9975317080580238,0.9950755709624712,4,,,,,,6
138,2,select_coverage,1.0,exact,list,e,0,1.0,1.0,1.0,1.0,0,,,,,,6
138,2,select_coverage,2.0,exact,majority,e,0,0.9987692307692309,0.9987661651349398,0.9987661651349398,0.9975323302698796,2,,,,,,6
138,2,select_coverage,2.0,exact,cmar,e,0,0.9975384615384616,0.997470828347375,0.9975320229514272,0.9950670838271384,4,,,,,,6
138,2,select_coverage,2.0,exact,top_k_avg,e,0,0.9981538461538462,0.9980569948186528,0.9981488998389638,0.9963046401253514,3,,,,,,6
138,2,select_coverage,2.0,exact,list,e,0,1.0,1.0,1.0,1.0,0,,,,,,6
138,2,select_coverage,3.0,exact,majority,e,0,0.9987692307692309,0.9987661651349398,0.9987661651349398,0.9975323302698796,2,,,,,,6
138,2,select_coverage,3.0,exact,cmar,e,0,0.9975384615384616,0.997470828347375,0.9975320229514272,0.9950670838271384,4,,,,,,6
138,2,select_coverage,3.0,exact,top_k_avg,e,0,0.9993846153846154,0.9993523316062176,0.9993830443892916,0.998766849576461,1,,,,,,6
138,2,select_coverage,3.0,exact,list,e,0,1.0,1.0,1.0,1.0,0,,,,,,6
138,2,select_coverage,4.0,exact,majority,e,0,0.9987692307692309,0.9987661651349398,0.9987661651349398,0.9975323302698796,2,,,,,,6
138,2,select_coverage,4.0,exact,cmar,e,0,0.9975384615384616,0.997470828347375,0.9975320229514272,0.9950670838271384,4,,,,,,6
138,2,select_coverage,4.0,exact,top_k_avg,e,0,1.0,1.0,1.0,1.0,0,,,,,,6
138,2,select_coverage,4.0,exact,list,e,0,1.0,1.0,1.0,1.0,0,,,,,,6
138,2,select_coverage_CBA_M1,,exact,majority,e,2,0.9993846153846154,0.9993523316062176,0.9993830443892916,0.998766849576461,1,0.9981538461538462,0.9980569948186528,0.9981488998389638,0.9963046401253514,3.0,6
138,2,select_coverage_CBA_M1,,exact,cmar,e,2,0.9969230769230768,0.9968231599535926,0.9969148330649396,0.9938364980974383,5,0.9956923076923077,0.9955278231660278,0.9956802085956064,0.9913793763136558,7.0,6
138,2,select_coverage_CBA_M1,,exact,top_k_avg,e,2,0.9975384615384616,0.9974093264248703,0.9975317080580238,0.9950755709624712,4,0.9963076923076924,0.9961139896373056,0.9962970783758492,0.9926214785483372,6.0,6
138,2,select_coverage_CBA_M1,,exact,list,e,2,1.0,1.0,1.0,1.0,0,0.9987692307692309,0.9987046632124352,0.9987660114757136,0.997535064643578,2.0,6
148,1,select_coverage,1.0,DAC,list,e,0,0.9963076923076924,0.9964030687339348,0.996302134218495,0.992616378350752,6,,,,,,6
148,1,select_coverage,1.0,exact,majority,e,0,0.9987692307692309,0.9988179669030732,0.998767258382643,0.997537552321033,2,,,,,,6
148,1,select_coverage,1.0,exact,cmar,e,0,0.9993846153846154,0.9994089834515368,0.9993835985629692,0.9987679565585138,1,,,,,,6
148,1,select_coverage,1.0,exact,top_k_avg,e,0,0.9975384615384616,0.9974326059050064,0.99753375342998,0.9950796416198056,4,,,,,,6
148,1,select_coverage,1.0,exact,list,e,0,1.0,1.0,1.0,1.0,0,,,,,,6
148,1,select_coverage,2.0,DAC,list,e,0,0.9963076923076924,0.9964030687339348,0.996302134218495,0.992616378350752,6,,,,,,6
148,1,select_coverage,2.0,exact,majority,e,0,0.9987692307692309,0.9988179669030732,0.998767258382643,0.997537552321033,2,,,,,,6
148,1,select_coverage,2.0,exact,cmar,e,0,0.9981538461538462,0.99822695035461,0.9981509780472736,0.9963087812195291,3,,,,,,6
148,1,select_coverage,2.0,exact,top_k_avg,e,0,0.9993846153846154,0.9993581514762516,0.9993835358939543,0.9987678313748192,1,,,,,,6
148,1,select_coverage,2.0,exact,list,e,0,1.0,1.0,1.0,1.0,0,,,,,,6
148,1,select_coverage,3.0,DAC,list,e,0,0.9963076923076924,0.9964030687339348,0.996302134218495,0.992616378350752,6,,,,,,6
148,1,select_coverage,3.0,exact,majority,e,0,0.9993846153846154,0.9994089834515368,0.9993835985629692,0.9987679565585138,1,,,,,,6
148,1,select_coverage,3.0,exact,cmar,e,0,0.9993846153846154,0.9994089834515368,0.9993835985629692,0.9987679565585138,1,,,,,,6
148,1,select_coverage,3.0,exact,top_k_avg,e,0,0.9993846153846154,0.9993581514762516,0.9993835358939543,0.9987678313748192,1,,,,,,6
148,1,select_coverage,3.0,exact,list,e,0,1.0,1.0,1.0,1.0,0,,,,,,6
148,1,select_coverage,4.0,DAC,list,e,0,0.9963076923076924,0.9964030687339348,0.996302134218495,0.992616378350752,6,,,,,,6
148,1,select_coverage,4.0,exact,majority,e,0,0.9993846153846154,0.9994089834515368,0.9993835985629692,0.9987679565585138,1,,,,,,6
148,1,select_coverage,4.0,exact,cmar,e,0,0.9987692307692309,0.9988179669030732,0.998767258382643,0.997537552321033,2,,,,,,6
148,1,select_coverage,4.0,exact,top_k_avg,e,0,0.9993846153846154,0.9993581514762516,0.9993835358939543,0.9987678313748192,1,,,,,,6
148,1,select_coverage,4.0,exact,list,e,0,1.0,1.0,1.0,1.0,0,,,,,,6
148,1,select_coverage_CBA_M1,,DAC,list,e,0,0.9956923076923077,0.9957103882349014,0.9956851899407836,0.9913711364990796,7,,,,,,6
148,1,select_coverage_CBA_M1,,exact,majority,e,0,0.9981538461538462,0.99812528640404,0.9981506076818636,0.9963019740119016,3,,,,,,6
148,1,select_coverage_CBA_M1,,exact,cmar,e,0,0.9987692307692309,0.9987163029525032,0.9987670077060122,0.99753705220093,2,,,,,,6
148,1,select_coverage_CBA_M1,,exact,top_k_avg,e,0,0.9969230769230768,0.996790757381258,0.996917024513165,0.9938529999620638,5,,,,,,6
148,1,select_coverage_CBA_M1,,exact,list,e,0,0.9987692307692309,0.9987163029525032,0.9987670077060122,0.99753705220093,2,,,,,,6
148,2,select_coverage,1.0,exact,majority,e,0,0.9987692307692309,0.9988179669030732,0.998767258382643,0.997537552321033,2,,,,,,6
148,2,select_coverage,1.0,exact,cmar,e,0,0.9993846153846154,0.9994089834515368,0.9993835985629692,0.9987679565585138,1,,,,,,6
148,2,select_coverage,1.0,exact,top_k_avg,e,0,0.9975384615384616,0.9974326059050064,0.99753375342998,0.9950796416198056,4,,,,,,6
148,2,select_coverage,1.0,exact,list,e,0,1.0,1.0,1.0,1.0,0,,,,,,6
148,2,select_coverage,2.0,exact,majority,e,0,0.9987692307692309,0.9988179669030732,0.998767258382643,0.997537552321033,2,,,,,,6
148,2,select_coverage,2.0,exact,cmar,e,0,0.9981538461538462,0.99822695035461,0.9981509780472736,0.9963087812195291,3,,,,,,6
148,2,select_coverage,2.0,exact,top_k_avg,e,0,0.9993846153846154,0.9993581514762516,0.9993835358939543,0.9987678313748192,1,,,,,,6
148,2,select_coverage,2.0,exact,list,e,0,1.0,1.0,1.0,1.0,0,,,,,,6
148,2,select_coverage,3.0,exact,majority,e,0,0.9993846153846154,0.9994089834515368,0.9993835985629692,0.9987679565585138,1,,,,,,6
148,2,select_coverage,3.0,exact,cmar,e,0,0.9993846153846154,0.9994089834515368,0.9993835985629692,0.9987679565585138,1,,,,,,6
148,2,select_coverage,3.0,exact,top_k_avg,e,0,0.9993846153846154,0.9993581514762516,0.9993835358939543,0.9987678313748192,1,,,,,,6
148,2,select_coverage,3.0,exact,list,e,0,1.0,1.0,1.0,1.0,0,,,,,,6
148,2,select_coverage,4.0,exact,majority,e,0,0.9993846153846154,0.9994089834515368,0.9993835985629692,0.9987679565585138,1,,,,,,6
148,2,select_coverage,4.0,exact,cmar,e,0,0.9987692307692309,0.9988179669030732,0.998767258382643,0.997537552321033,2,,,,,,6
148,2,select_coverage,4.0,exact,top_k_avg,e,0,0.9993846153846154,0.9993581514762516,0.9993835358939543,0.9987678313748192,1,,,,,,6
148,2,select_coverage,4.0,exact,list,e,0,1.0,1.0,1.0,1.0,0,,,,,,6
148,2,select_coverage_CBA_M1,,exact,majority,e,0,0.9981538461538462,0.99812528640404,0.9981506076818636,0.9963019740119016,3,,,,,,6
148,2,select_coverage_CBA_M1,,exact,cmar,e,0,0.9987692307692309,0.9987163029525032,0.9987670077060122,0.99753705220093,2,,,,,,6
148,2,select_coverage_CBA_M1,,exact,top_k_avg,e,0,0.9969230769230768,0.996790757381258,0.996917024513165,0.9938529999620638,5,,,,,,6
148,2,select_coverage_CBA_M1,,exact,list,e,0,0.9987692307692309,0.9987163029525032,0.9987670077060122,0.99753705220093,2,,,,,,6
5,1,select_coverage,1.0,DAC,list,e,0,0.9956923076923077,0.9956799495716316,0.9956908390078512,0.9913824326619044,7,,,,,,7
5,1,select_coverage,1.0,exact,majority,e,0,0.9975384615384616,0.9975157058304772,0.99753756538711,0.9950781551026122,4,,,,,,7
5,1,select_coverage,1.0,exact,cmar,e,0,0.9969230769230768,0.996889139414437,0.996921883269479,0.9938505674134324,5,,,,,,7
5,1,select_coverage,1.0,exact,top_k_avg,e,0,0.9987692307692309,0.9987468671679198,0.998768782693555,0.9975405934496614,2,,,,,,7
5,1,select_coverage,1.0,exact,list,e,0,1.0,1.0,1.0,1.0,0,,,,,,7
5,1,select_coverage,2.0,DAC,list,e,0,0.9956923076923077,0.9956799495716316,0.9956908390078512,0.9913824326619044,7,,,,,,7
5,1,select_coverage,2.0,exact,majority,e,0,0.9975384615384616,0.9975157058304772,0.99753756538711,0.9950781551026122,4,,,,,,7
5,1,select_coverage,2.0,exact,cmar,e,0,0.9969230769230768,0.996889139414437,0.996921883269479,0.9938505674134324,5,,,,,,7
5,1,select_coverage,2.0,exact,top_k_avg,e,0,0.9981538461538462,0.9981203007518796,0.9981531299616874,0.9963130692005248,3,,,,,,7
5,1,select_coverage,2.0,exact,list,e,0,0.9987692307692309,0.9987468671679198,0.998768782693555,0.9975405934496614,2,,,,,,7
5,1,select_coverage,3.0,DAC,list,e,0,0.9956923076923077,0.9956799495716316,0.9956908390078512,0.9913824326619044,7,,,,,,7
5,1,select_coverage,3.0,exact,majority,e,0,0.9981538461538462,0.9981422722465172,0.9981532167176506,0.996307189948408,3,,,,,,7
5,1,select_coverage,3.0,exact,cmar,e,0,0.9975384615384616,0.9975157058304772,0.99753756538711,0.9950781551026122,4,,,,,,7
5,1,select_coverage,3.0,exact,top_k_avg,e,0,0.9981538461538462,0.9981203007518796,0.9981531299616874,0.9963130692005248,3,,,,,,7
5,1,select_coverage,3.0,exact,list,e,0,0.9987692307692309,0.9987468671679198,0.998768782693555,0.9975405934496614,2,,,,,,7
5,1,select_coverage,4.0,DAC,list,e,0,0.9956923076923077,0.9956799495716316,0.9956908390078512,0.9913824326619044,7,,,,,,7
5,1,select_coverage,4.0,exact,majority,e,0,0.9975384615384616,0.9975157058304772,0.99753756538711,0.9950781551026122,4,,,,,,7
5,1,select_coverage,4.0,exact,cmar,e,0,0.9975384615384616,0.9975157058304772,0.99753756538711,0.9950781551026122,4,,,,,,7
5,1,select_coverage,4.0,exact,top_k_avg,e,0,0.9981538461538462,0.9981203007518796,0.9981531299616874,0.9963130692005248,3,,,,,,7
5,1,select_coverage,4.0,exact,list,e,0,0.9987692307692309,0.9987468671679198,0.998768782693555,0.9975405934496614,2,,,,,,7
5,1,select_coverage_CBA_M1,,DAC,list,e,1,0.9963076923076924,0.9962845444930344,0.9963063480806648,0.992615716755563,6,0.9956923076923077,0.9956579780769942,0.9956906365772706,0.9913880656263396,7.0,7
5,1,select_coverage_CBA_M1,,exact,majority,e,1,0.9981538461538462,0.9981203007518796,0.9981531299616874,0.9963130692005248,3,0.9975384615384616,0.9974937343358397,0.9975374459753532,0.995086990489762,4.0,7
5,1,select_coverage_CBA_M1,,exact,cmar,e,1,0.9975384615384616,0.9974937343358397,0.9975374459753532,0.995086990489762,4,0.9969230769230768,0.9968671679197996,0.9969217293326802,0.9938623519817604,5.0,7
5,1,select_coverage_CBA_M1,,exact,top_k_avg,e,1,1.0,1.0,1.0,1.0,0,0.9993846153846154,0.99937343358396,0.9993844055725504,0.9987695685916596,1.0,7
5,1,select_coverage_CBA_M1,,exact,list,e,1,1.0,1.0,1.0,1.0,0,0.9993846153846154,0.99937343358396,0.9993844055725504,0.9987695685916596,1.0,7
5,2,select_coverage,1.0,exact,majority,e,0,0.9975384615384616,0.9975157058304772,0.99753756538711,0.9950781551026122,4,,,,,,7
5,2,select_coverage,1.0,exact,cmar,e,0,0.9969230769230768,0.996889139414437,0.996921883269479,0.9938505674134324,5,,,,,,7
5,2,select_coverage,1.0,exact,top_k_avg,e,0,0.9987692307692309,0.9987468671679198,0.998768782693555,0.9975405934496614,2,,,,,,7
5,2,select_coverage,1.0,exact,list,e,0,1.0,1.0,1.0,1.0,0,,,,,,7
5,2,select_coverage,2.0,exact,majority,e,0,0.9975384615384616,0.9975157058304772,0.99753756538711,0.9950781551026122,4,,,,,,7
5,2,select_coverage,2.0,exact,cmar,e,0,0.9969230769230768,0.996889139414437,0.996921883269479,0.9938505674134324,5,,,,,,7
5,2,select_coverage,2.0,exact,top_k_avg,e,0,0.9981538461538462,0.9981203007518796,0.9981531299616874,0.9963130692005248,3,,,,,,7
5,2,select_coverage,2.0,exact,list,e,0,0.9987692307692309,0.9987468671679198,0.998768782693555,0.9975405934496614,2,,,,,,7
5,2,select_coverage,3.0,exact,majority,e,0,0.9981538461538462,0.9981422722465172,0.9981532167176506,0.996307189948408,3,,,,,,7
5,2,select_coverage,3.0,exact,cmar,e,0,0.9975384615384616,0.9975157058304772,0.99753756538711,0.9950781551026122,4,,,,,,7
5,2,select_coverage,3.0,exact,top_k_avg,e,0,0.9981538461538462,0.9981203007518796,0.9981531299616874,0.9963130692005248,3,,,,,,7
5,2,select_coverage,3.0,exact,list,e,0,0.9987692307692309,0.9987468671679198,0.998768782693555,0.9975405934496614,2,,,,,,7
5,2,select_coverage,4.0,exact,majority,e,0,0.9975384615384616,0.9975157058304772,0.99753756538711,0.9950781551026122,4,,,,,,7
5,2,select_coverage,4.0,exact,cmar,e,0,0.9975384615384616,0.9975157058304772,0.99753756538711,0.9950781551026122,4,,,,,,7
5,2,select_coverage,4.0,exact,top_k_avg,e,0,0.9981538461538462,0.9981203007518796,0.9981531299616874,0.9963130692005248,3,,,,,,7
5,2,select_coverage,4.0,exact,list,e,0,0.9987692307692309,0.9987468671679198,0.998768782693555,0.9975405934496614,2,,,,,,7
5,2,select_coverage_CBA_M1,,exact,majority,e,1,0.9981538461538462,0.9981203007518796,0.9981531299616874,0.9963130692005248,3,0.9975384615384616,0.9974937343358397,0.9975374459753532,0.995086990489762,4.0,7
5,2,select_coverage_CBA_M1,,exact,cmar,e,1,0.9975384615384616,0.9974937343358397,0.9975374459753532,0.995086990489762,4,0.9969230769230768,0.9968671679197996,0.9969217293326802,0.9938623519817604,5.0,7
5,2,select_coverage_CBA_M1,,exact,top_k_avg,e,1,1.0,1.0,1.0,1.0,0,0.9993846153846154,0.99937343358396,0.9993844055725504,0.9987695685916596,1.0,7
5,2,select_coverage_CBA_M1,,exact,list,e,1,1.0,1.0,1.0,1.0,0,0.9993846153846154,0.99937343358396,0.9993844055725504,0.9987695685916596,1.0,7
14,1,select_coverage,1.0,DAC,list,e,0,0.9987692307692309,0.99867197875166,0.998762368696839,0.9975277970484429,2,,,,,,7
14,1,select_coverage,1.0,exact,majority,e,0,0.9987692307692309,0.99867197875166,0.998762368696839,0.9975277970484429,2,,,,,,7
14,1,select_coverage,1.0,exact,cmar,e,0,0.9987692307692309,0.99867197875166,0.998762368696839,0.9975277970484429,2,,,,,,7
14,1,select_coverage,1.0,exact,top_k_avg,e,0,0.9993846153846154,0.99933598937583,0.9993812411350892,0.9987632475191576,1,,,,,,7
14,1,select_coverage,1.0,exact,list,e,0,1.0,1.0,1.0,1.0,0,,,,,,7
14,1,select_coverage,2.0,DAC,list,e,0,0.9987692307692309,0.99867197875166,0.998762368696839,0.9975277970484429,2,,,,,,7
14,1,select_coverage,2.0,exact,majority,e,0,0.9993846153846154,0.99933598937583,0.9993812411350892,0.9987632475191576,1,,,,,,7
14,1,select_coverage,2.0,exact,cmar,e,0,0.9987692307692309,0.99867197875166,0.998762368696839,0.9975277970484429,2,,,,,,7
14,1,select_coverage,2.0,exact,top_k_avg,e,0,1.0,1.0,1.0,1.0,0,,,,,,7
14,1,select_coverage,2.0,exact,list,e,0,1.0,1.0,1.0,1.0,0,,,,,,7
14,1,select_coverage,3.0,DAC,list,e,0,0.9987692307692309,0.99867197875166,0.998762368696839,0.9975277970484429,2,,,,,,7
14,1,select_coverage,3.0,exact,majority,e,0,0.9993846153846154,0.99933598937583,0.9993812411350892,0.9987632475191576,1,,,,,,7
14,1,select_coverage,3.0,exact,cmar,e,0,0.9987692307692309,0.99867197875166,0.998762368696839,0.9975277970484429,2,,,,,,7
14,1,select_coverage,3.0,exact,top_k_avg,e,0,1.0,1.0,1.0,1.0,0,,,,,,7
14,1,select_coverage,3.0,exact,list,e,0,1.0,1.0,1.0,1.0,0,,,,,,7
14,1,select_coverage,4.0,DAC,list,e,0,0.9987692307692309,0.99867197875166,0.998762368696839,0.9975277970484429,2,,,,,,7
14,1,select_coverage,4.0,exact,majority,e,0,0.9987692307692309,0.99867197875166,0.998762368696839,0.9975277970484429,2,,,,,,7
14,1,select_coverage,4.0,exact,cmar,e,0,0.9987692307692309,0.99867197875166,0.998762368696839,0.9975277970484429,2,,,,,,7
14,1,select_coverage,4.0,exact,top_k_avg,e,0,1.0,1.0,1.0,1.0,0,,,,,,7
14,1,select_coverage,4.0,exact,list,e,0,1.0,1.0,1.0,1.0,0,,,,,,7
14,1,select_coverage_CBA_M1,,DAC,list,e,22,0.9987692307692309,0.99867197875166,0.998762368696839,0.9975277970484429,2,0.9852307692307692,0.9840637450199204,0.985115503691355,0.970667555705602,24.0,7
14,1,select_coverage_CBA_M1,,exact,majority,e,22,0.9987692307692309,0.99867197875166,0.998762368696839,0.9975277970484429,2,0.9852307692307692,0.9840637450199204,0.985115503691355,0.970667555705602,24.0,7
14,1,select_coverage_CBA_M1,,exact,cmar,e,22,0.9987692307692309,0.99867197875166,0.998762368696839,0.9975277970484429,2,0.9852307692307692,0.9840637450199204,0.985115503691355,0.970667555705602,24.0,7
14,1,select_coverage_CBA_M1,,exact,top_k_avg,e,22,1.0,1.0,1.0,1.0,0,0.9864615384615384,0.9853917662682604,0.9863588355062533,0.9730847881301034,22.0,7
14,1,select_coverage_CBA_M1,,exact,list,e,22,1.0,1.0,1.0,1.0,0,0.9864615384615384,0.9853917662682604,0.9863588355062533,0.9730847881301034,22.0,7
14,2,select_coverage,1.0,exact,majority,e,0,0.9987692307692309,0.99867197875166,0.998762368696839,0.9975277970484429,2,,,,,,7
14,2,select_coverage,1.0,exact,cmar,e,0,0.9987692307692309,0.99867197875166,0.998762368696839,0.9975277970484429,2,,,,,,7
14,2,select_coverage,1.0,exact,top_k_avg,e,0,0.9993846153846154,0.99933598937583,0.9993812411350892,0.9987632475191576,1,,,,,,7
14,2,select_coverage,1.0,exact,list,e,0,1.0,1.0,1.0,1.0,0,,,,,,7
14,2,select_coverage,2.0,exact,majority,e,0,0.9993846153846154,0.99933598937583,0.9993812411350892,0.9987632475191576,1,,,,,,7
14,2,select_coverage,2.0,exact,cmar,e,0,0.9987692307692309,0.99867197875166,0.998762368696839,0.9975277970484429,2,,,,,,7
14,2,select_coverage,2.0,exact,top_k_avg,e,0,1.0,1.0,1.0,1.0,0,,,,,,7
14,2,select_coverage,2.0,exact,list,e,0,1.0,1.0,1.0,1.0,0,,,,,,7
14,2,select_coverage,3.0,exact,majority,e,0,0.9993846153846154,0.99933598937583,0.9993812411350892,0.9987632475191576,1,,,,,,7
14,2,select_coverage,3.0,exact,cmar,e,0,0.9987692307692309,0.99867197875166,0.998762368696839,0.9975277970484429,2,,,,,,7
14,2,select_coverage,3.0,exact,top_k_avg,e,0,1.0,1.0,1.0,1.0,0,,,,,,7
14,2,select_coverage,3.0,exact,list,e,0,1.0,1.0,1.0,1.0,0,,,,,,7
14,2,select_coverage,4.0,exact,majority,e,0,0.9987692307692309,0.99867197875166,0.998762368696839,0.9975277970484429,2,,,,,,7
14,2,select_coverage,4.0,exact,cmar,e,0,0.9987692307692309,0.99867197875166,0.998762368696839,0.9975277970484429,2,,,,,,7
14,2,select_coverage,4.0,exact,top_k_avg,e,0,1.0,1.0,1.0,1.0,0,,,,,,7
14,2,select_coverage,4.0,exact,list,e,0,1.0,1.0,1.0,1.0,0,,,,,,7
14,2,select_coverage_CBA_M1,,exact,majority,e,7,0.9987692307692309,0.99867197875166,0.998762368696839,0.9975277970484429,2,0.9944615384615384,0.99402390438247,0.9944269600238698,0.9889156912076568,9.0,7
14,2,select_coverage_CBA_M1,,exact,cmar,e,7,0.9987692307692309,0.99867197875166,0.998762368696839,0.9975277970484429,2,0.9944615384615384,0.99402390438247,0.9944269600238698,0.9889156912076568,9.0,7
14,2,select_coverage_CBA_M1,,exact,top_k_avg,e,7,1.0,1.0,1.0,1.0,0,0.9956923076923077,0.99535192563081,0.9956662522778368,0.991369904239012,7.0,7
14,2,select_coverage_CBA_M1,,exact,list,e,7,1.0,1.0,1.0,1.0,0,0.9956923076923077,0.99535192563081,0.9956662522778368,0.991369904239012,7.0,7
17,1,select_coverage,1.0,DAC,list,e,0,0.9956923076923077,0.995721801161864,0.995691367849612,0.991389525875895,7,,,,,,7
17,1,select_coverage,1.0,exact,majority,e,0,0.9987692307692309,0.998768890895702,0.998768890895702,0.997537781791404,2,,,,,,7
17,1,select_coverage,1.0,exact,cmar,e,0,0.9981538461538462,0.9981431086679172,0.998153297869076,0.9963073521848984,3,,,,,,7
17,1,select_coverage,1.0,exact,top_k_avg,e,0,0.9981538461538462,0.9981226533166458,0.9981532167176506,0.9963132420739192,3,,,,,,7
17,1,select_coverage,1.0,exact,list,e,0,1.0,1.0,1.0,1.0,0,,,,,,7
17,1,select_coverage,2.0,DAC,list,e,0,0.9956923076923077,0.995721801161864,0.995691367849612,0.991389525875895,7,,,,,,7
17,1,select_coverage,2.0,exact,majority,e,0,0.9993846153846154,0.9993742177722152,0.9993844326230256,0.998769622626085,1,,,,,,7
17,1,select_coverage,2.0,exact,cmar,e,0,0.9987692307692309,0.998768890895702,0.998768890895702,0.997537781791404,2,,,,,,7
17,1,select_coverage,2.0,exact,top_k_avg,e,0,1.0,1.0,1.0,1.0,0,,,,,,7
17,1,select_coverage,2.0,exact,list,e,0,1.0,1.0,1.0,1.0,0,,,,,,7
17,1,select_coverage,3.0,DAC,list,e,0,0.9956923076923077,0.995721801161864,0.995691367849612,0.991389525875895,7,,,,,,7
17,1,select_coverage,3.0,exact,majority,e,0,0.9993846153846154,0.9993742177722152,0.9993844326230256,0.998769622626085,1,,,,,,7
17,1,select_coverage,3.0,exact,cmar,e,0,0.9987692307692309,0.998768890895702,0.998768890895702,0.997537781791404,2,,,,,,7
17,1,select_coverage,3.0,exact,top_k_avg,e,0,0.9993846153846154,0.9993742177722152,0.9993844326230256,0.998769622626085,1,,,,,,7
17,1,select_coverage,3.0,exact,list,e,0,1.0,1.0,1.0,1.0,0,,,,,,7
17,1,select_coverage,4.0,DAC,list,e,0,0.9956923076923077,0.995721801161864,0.995691367849612,0.991389525875895,7,,,,,,7
17,1,select_coverage,4.0,exact,majority,e,0,0.9987692307692309,0.998768890895702,0.998768890895702,0.997537781791404,2,,,,,,7
17,1,select_coverage,4.0,exact,cmar,e,0,0.9987692307692309,0.998768890895702,0.998768890895702,0.997537781791404,2,,,,,,7
17,1,select_coverage,4.0,exact,top_k_avg,e,0,0.9993846153846154,0.9993742177722152,0.9993844326230256,0.998769622626085,1,,,,,,7
17,1,select_coverage,4.0,exact,list,e,0,1.0,1.0,1.0,1.0,0,,,,,,7
17,1,select_coverage_CBA_M1,,DAC,list,e,2,0.9956923076923077,0.995721801161864,0.995691367849612,0.991389525875895,7,0.9944615384615384,0.9944702367062944,0.9944601202523232,0.9889209940902084,9.0,7
17,1,select_coverage_CBA_M1,,exact,majority,e,2,0.9993846153846154,0.9993742177722152,0.9993844326230256,0.998769622626085,1,0.9981538461538462,0.9981226533166458,0.9981532167176506,0.9963132420739192,3.0,7
17,1,select_coverage_CBA_M1,,exact,cmar,e,2,0.9987692307692309,0.9987484355444304,0.9987688386625572,0.99754070511271,2,0.9975384615384616,0.9974968710888612,0.99753756538711,0.995087228142845,4.0,7
17,1,select_coverage_CBA_M1,,exact,top_k_avg,e,2,0.9981538461538462,0.9981226533166458,0.9981532167176506,0.9963132420739192,3,0.9969230769230768,0.9968710888610764,0.996921883269479,0.9938626579715863,5.0,7
17,1,select_coverage_CBA_M1,,exact,list,e,2,1.0,1.0,1.0,1.0,0,0.9987692307692309,0.9987484355444304,0.9987688386625572,0.99754070511271,2.0,7
17,2,select_coverage,1.0,exact,majority,e,0,0.9987692307692309,0.998768890895702,0.998768890895702,0.997537781791404,2,,,,,,7
17,2,select_coverage,1.0,exact,cmar,e,0,0.9981538461538462,0.9981431086679172,0.998153297869076,0.9963073521848984,3,,,,,,7
17,2,select_coverage,1.0,exact,top_k_avg,e,0,0.9981538461538462,0.9981226533166458,0.9981532167176506,0.9963132420739192,3,,,,,,7
17,2,select_coverage,1.0,exact,list,e,0,1.0,1.0,1.0,1.0,0,,,,,,7
17,2,select_coverage,2.0,exact,majority,e,0,0.9993846153846154,0.9993742177722152,0.9993844326230256,0.998769622626085,1,,,,,,7
17,2,select_coverage,2.0,exact,cmar,e,0,0.9987692307692309,0.998768890895702,0.998768890895702,0.997537781791404,2,,,,,,7
17,2,select_coverage,2.0,exact,top_k_avg,e,0,1.0,1.0,1.0,1.0,0,,,,,,7
17,2,select_coverage,2.0,exact,list,e,0,1.0,1.0,1.0,1.0,0,,,,,,7
17,2,select_coverage,3.0,exact,majority,e,0,0.9993846153846154,0.9993742177722152,0.9993844326230256,0.998769622626085,1,,,,,,7
17,2,select_coverage,3.0,exact,cmar,e,0,0.9987692307692309,0.998768890895702,0.998768890895702,0.997537781791404,2,,,,,,7
17,2,select_coverage,3.0,exact,top_k_avg,e,0,0.9993846153846154,0.9993742177722152,0.9993844326230256,0.998769622626085,1,,,,,,7
17,2,select_coverage,3.0,exact,list,e,0,1.0,1.0,1.0,1.0,0,,,,,,7
17,2,select_coverage,4.0,exact,majority,e,0,0.9987692307692309,0.998768890895702,0.998768890895702,0.997537781791404,2,,,,,,7
17,2,select_coverage,4.0,exact,cmar,e,0,0.9987692307692309,0.998768890895702,0.998768890895702,0.997537781791404,2,,,,,,7
17,2,select_coverage,4.0,exact,top_k_avg,e,0,0.9993846153846154,0.9993742177722152,0.9993844326230256,0.998769622626085,1,,,,,,7
17,2,select_coverage,4.0,exact,list,e,0,1.0,1.0,1.0,1.0,0,,,,,,7
17,2,select_coverage_CBA_M1,,exact,majority,e,2,0.9993846153846154,0.9993742177722152,0.9993844326230256,0.998769622626085,1,0.9981538461538462,0.9981226533166458,0.9981532167176506,0.9963132420739192,3.0,7
17,2,select_coverage_CBA_M1,,exact,cmar,e,2,0.9987692307692309,0.9987484355444304,0.9987688386625572,0.99754070511271,2,0.9975384615384616,0.9974968710888612,0.99753756538711,0.995087228142845,4.0,7
17,2,select_coverage_CBA_M1,,exact,top_k_avg,e,2,0.9981538461538462,0.9981226533166458,0.9981532167176506,0.9963132420739192,3,0.9969230769230768,0.9968710888610764,0.996921883269479,0.9938626579715863,5.0,7
17,2,select_coverage_CBA_M1,,exact,list,e,2,1.0,1.0,1.0,1.0,0,0.9987692307692309,0.9987484355444304,0.9987688386625572,0.99754070511271,2.0,7
19,1,select_coverage,1.0,DAC,list,e,0,0.9987692307692309,0.9987690960544416,0.9987690960544416,0.9975381921088832,2,,,,,,7
19,1,select_coverage,1.0,exact,majority,e,0,0.9987692307692309,0.9987690960544416,0.9987690960544416,0.9975381921088832,2,,,,,,7
19,1,select_coverage,1.0,exact,cmar,e,0,0.9987692307692309,0.9987690960544416,0.9987690960544416,0.9975381921088832,2,,,,,,7
19,1,select_coverage,1.0,exact,top_k_avg,e,0,0.9993846153846154,0.9993781094527364,0.9993845398687498,0.998769836853814,1,,,,,,7
19,1,select_coverage,1.0,exact,list,e,0,1.0,1.0,1.0,1.0,0,,,,,,7
19,1,select_coverage,2.0,DAC,list,e,0,0.9987692307692309,0.9987690960544416,0.9987690960544416,0.9975381921088832,2,,,,,,7
19,1,select_coverage,2.0,exact,majority,e,0,0.9993846153846154,0.9993909866017052,0.9993845557192952,0.998769868515932,1,,,,,,7
19,1,select_coverage,2.0,exact,cmar,e,0,0.9987692307692309,0.9987690960544416,0.9987690960544416,0.9975381921088832,2,,,,,,7
19,1,select_coverage,2.0,exact,top_k_avg,e,0,0.9993846153846154,0.9993781094527364,0.9993845398687498,0.998769836853814,1,,,,,,7
19,1,select_coverage,2.0,exact,list,e,0,1.0,1.0,1.0,1.0,0,,,,,,7
19,1,select_coverage,3.0,DAC,list,e,0,0.9987692307692309,0.9987690960544416,0.9987690960544416,0.9975381921088832,2,,,,,,7
19,1,select_coverage,3.0,exact,majority,e,0,0.9993846153846154,0.9993909866017052,0.9993845557192952,0.998769868515932,1,,,,,,7
19,1,select_coverage,3.0,exact,cmar,e,0,0.9987692307692309,0.9987690960544416,0.9987690960544416,0.9975381921088832,2,,,,,,7
19,1,select_coverage,3.0,exact,top_k_avg,e,0,1.0,1.0,1.0,1.0,0,,,,,,7
19,1,select_coverage,3.0,exact,list,e,0,1.0,1.0,1.0,1.0,0,,,,,,7
19,1,select_coverage,4.0,DAC,list,e,0,0.9987692307692309,0.9987690960544416,0.9987690960544416,0.9975381921088832,2,,,,,,7
19,1,select_coverage,4.0,exact,majority,e,0,0.9993846153846154,0.9993909866017052,0.9993845557192952,0.998769868515932,1,,,,,,7
19,1,select_coverage,4.0,exact,cmar,e,0,0.9987692307692309,0.9987690960544416,0.9987690960544416,0.9975381921088832,2,,,,,,7
19,1,select_coverage,4.0,exact,top_k_avg,e,0,1.0,1.0,1.0,1.0,0,,,,,,7
19,1,select_coverage,4.0,exact,list,e,0,1.0,1.0,1.0,1.0,0,,,,,,7
19,1,select_coverage_CBA_M1,,DAC,list,e,1,0.9993846153846154,0.9993781094527364,0.9993845398687498,0.998769836853814,1,0.9987692307692309,0.9987562189054726,0.9987690624876906,0.9975411516635264,2.0,7
19,1,select_coverage_CBA_M1,,exact,majority,e,1,0.9993846153846154,0.9993781094527364,0.9993845398687498,0.998769836853814,1,0.9987692307692309,0.9987562189054726,0.9987690624876906,0.9975411516635264,2.0,7
19,1,select_coverage_CBA_M1,,exact,cmar,e,1,0.9993846153846154,0.9993781094527364,0.9993845398687498,0.998769836853814,1,0.9987692307692309,0.9987562189054726,0.9987690624876906,0.9975411516635264,2.0,7
19,1,select_coverage_CBA_M1,,exact,top_k_avg,e,1,1.0,1.0,1.0,1.0,0,0.9993846153846154,0.9993781094527364,0.9993845398687498,0.998769836853814,1.0,7
19,1,select_coverage_CBA_M1,,exact,list,e,1,1.0,1.0,1.0,1.0,0,0.9993846153846154,0.9993781094527364,0.9993845398687498,0.998769836853814,1.0,7
19,2,select_coverage,1.0,exact,majority,e,0,0.9987692307692309,0.9987690960544416,0.9987690960544416,0.9975381921088832,2,,,,,,7
19,2,select_coverage,1.0,exact,cmar,e,0,0.9987692307692309,0.9987690960544416,0.9987690960544416,0.9975381921088832,2,,,,,,7
19,2,select_coverage,1.0,exact,top_k_avg,e,0,0.9993846153846154,0.9993781094527364,0.9993845398687498,0.998769836853814,1,,,,,,7
19,2,select_coverage,1.0,exact,list,e,0,1.0,1.0,1.0,1.0,0,,,,,,7
19,2,select_coverage,2.0,exact,majority,e,0,0.9993846153846154,0.9993909866017052,0.9993845557192952,0.998769868515932,1,,,,,,7
19,2,select_coverage,2.0,exact,cmar,e,0,0.9987692307692309,0.9987690960544416,0.9987690960544416,0.9975381921088832,2,,,,,,7
19,2,select_coverage,2.0,exact,top_k_avg,e,0,0.9993846153846154,0.9993781094527364,0.9993845398687498,0.998769836853814,1,,,,,,7
19,2,select_coverage,2.0,exact,list,e,0,1.0,1.0,1.0,1.0,0,,,,,,7
19,2,select_coverage,3.0,exact,majority,e,0,0.9993846153846154,0.9993909866017052,0.9993845557192952,0.998769868515932,1,,,,,,7
19,2,select_coverage,3.0,exact,cmar,e,0,0.9987692307692309,0.9987690960544416,0.9987690960544416,0.9975381921088832,2,,,,,,7
19,2,select_coverage,3.0,exact,top_k_avg,e,0,1.0,1.0,1.0,1.0,0,,,,,,7
19,2,select_coverage,3.0,exact,list,e,0,1.0,1.0,1.0,1.0,0,,,,,,7
19,2,select_coverage,4.0,exact,majority,e,0,0.9993846153846154,0.9993909866017052,0.9993845557192952,0.998769868515932,1,,,,,,7
19,2,select_coverage,4.0,exact,cmar,e,0,0.9987692307692309,0.9987690960544416,0.9987690960544416,0.9975381921088832,2,,,,,,7
19,2,select_coverage,4.0,exact,top_k_avg,e,0,1.0,1.0,1.0,1.0,0,,,,,,7
19,2,select_coverage,4.0,exact,list,e,0,1.0,1.0,1.0,1.0,0,,,,,,7
19,2,select_coverage_CBA_M1,,exact,majority,e,1,0.9993846153846154,0.9993781094527364,0.9993845398687498,0.998769836853814,1,0.9987692307692309,0.9987562189054726,0.9987690624876906,0.9975411516635264,2.0,7
19,2,select_coverage_CBA_M1,,exact,cmar,e,1,0.9993846153846154,0.9993781094527364,0.9993845398687498,0.998769836853814,1,0.9987692307692309,0.9987562189054726,0.9987690624876906,0.9975411516635264,2.0,7
19,2,select_coverage_CBA_M1,,exact,top_k_avg,e,1,1.0,1.0,1.0,1.0,0,0.9993846153846154,0.9993781094527364,0.9993845398687498,0.998769836853814,1.0,7
19,2,select_coverage_CBA_M1,,exact,list,e,1,1.0,1.0,1.0,1.0,0,0.9993846153846154,0.9993781094527364,0.9993845398687498,0.998769836853814,1.0,7
29,1,select_coverage,1.0,DAC,list,e,0,0.9926153846153846,0.9925817192475376,0.9926143749261438,0.985276879495502,12,,,,,,7
29,1,select_coverage,1.0,exact,majority,e,0,0.9956923076923077,0.9956796126800036,0.9956919879307492,0.9913907640923216,7,,,,,,7
29,1,select_coverage,1.0,exact,cmar,e,0,0.9969230769230768,0.99691877005299,0.996922909121482,0.993846573391353,5,,,,,,7
29,1,select_coverage,1.0,exact,top_k_avg,e,0,0.9993846153846154,0.9993804213135068,0.9993845818242963,0.9987699206617496,1,,,,,,7
29,1,select_coverage,1.0,exact,list,e,0,1.0,1.0,1.0,1.0,0,,,,,,7
29,1,select_coverage,2.0,DAC,list,e,0,0.9926153846153846,0.9925817192475376,0.9926143749261438,0.985276879495502,12,,,,,,7
29,1,select_coverage,2.0,exact,majority,e,0,0.9969230769230768,0.99691877005299,0.996922909121482,0.993846573391353,5,,,,,,7
29,1,select_coverage,2.0,exact,cmar,e,0,0.9975384615384616,0.9975383487394832,0.9975383487394832,0.995076697478966,4,,,,,,7
29,1,select_coverage,2.0,exact,top_k_avg,e,0,0.9975384615384616,0.9975383487394832,0.9975383487394832,0.995076697478966,4,,,,,,7
29,1,select_coverage,2.0,exact,list,e,0,1.0,1.0,1.0,1.0,0,,,,,,7
29,1,select_coverage,3.0,DAC,list,e,0,0.9926153846153846,0.9925817192475376,0.9926143749261438,0.985276879495502,12,,,,,,7
29,1,select_coverage,3.0,exact,majority,e,0,0.9975384615384616,0.9975383487394832,0.9975383487394832,0.995076697478966,4,,,,,,7
29,1,select_coverage,3.0,exact,cmar,e,0,0.9975384615384616,0.9975383487394832,0.9975383487394832,0.995076697478966,4,,,,,,7
29,1,select_coverage,3.0,exact,top_k_avg,e,0,0.9993846153846154,0.9993887530562346,0.9993845920792268,0.9987699411463972,1,,,,,,7
29,1,select_coverage,3.0,exact,list,e,0,1.0,1.0,1.0,1.0,0,,,,,,7
29,1,select_coverage,4.0,DAC,list,e,0,0.9926153846153846,0.9925817192475376,0.9926143749261438,0.985276879495502,12,,,,,,7
29,1,select_coverage,4.0,exact,majority,e,0,0.9975384615384616,0.9975383487394832,0.9975383487394832,0.995076697478966,4,,,,,,7
29,1,select_coverage,4.0,exact,cmar,e,0,0.9975384615384616,0.9975383487394832,0.9975383487394832,0.995076697478966,4,,,,,,7
29,1,select_coverage,4.0,exact,top_k_avg,e,0,1.0,1.0,1.0,1.0,0,,,,,,7
29,1,select_coverage,4.0,exact,list,e,0,1.0,1.0,1.0,1.0,0,,,,,,7
29,1,select_coverage_CBA_M1,,DAC,list,e,0,0.9926153846153846,0.9925817192475376,0.9926143749261438,0.985276879495502,12,,,,,,7
29,1,select_coverage_CBA_M1,,exact,majority,e,0,0.9944615384615384,0.9944321235642892,0.9944608588187482,0.9889586342111812,9,,,,,,7
29,1,select_coverage_CBA_M1,,exact,cmar,e,0,0.9969230769230768,0.99691877005299,0.996922909121482,0.993846573391353,5,,,,,,7
29,1,select_coverage_CBA_M1,,exact,top_k_avg,e,0,0.9987692307692309,0.9987608426270136,0.9987691519949584,0.9975413302384496,2,,,,,,7
29,1,select_coverage_CBA_M1,,exact,list,e,0,0.9987692307692309,0.9987608426270136,0.9987691519949584,0.9975413302384496,2,,,,,,7
29,2,select_coverage,1.0,exact,majority,e,0,0.9956923076923077,0.9956796126800036,0.9956919879307492,0.9913907640923216,7,,,,,,7
29,2,select_coverage,1.0,exact,cmar,e,0,0.9969230769230768,0.99691877005299,0.996922909121482,0.993846573391353,5,,,,,,7
29,2,select_coverage,1.0,exact,top_k_avg,e,0,0.9993846153846154,0.9993804213135068,0.9993845818242963,0.9987699206617496,1,,,,,,7
29,2,select_coverage,1.0,exact,list,e,0,1.0,1.0,1.0,1.0,0,,,,,,7
29,2,select_coverage,2.0,exact,majority,e,0,0.9969230769230768,0.99691877005299,0.996922909121482,0.993846573391353,5,,,,,,7
29,2,select_coverage,2.0,exact,cmar,e,0,0.9975384615384616,0.9975383487394832,0.9975383487394832,0.995076697478966,4,,,,,,7
29,2,select_coverage,2.0,exact,top_k_avg,e,0,0.9975384615384616,0.9975383487394832,0.9975383487394832,0.995076697478966,4,,,,,,7
29,2,select_coverage,2.0,exact,list,e,0,1.0,1.0,1.0,1.0,0,,,,,,7
29,2,select_coverage,3.0,exact,majority,e,0,0.9975384615384616,0.9975383487394832,0.9975383487394832,0.995076697478966,4,,,,,,7
29,2,select_coverage,3.0,exact,cmar,e,0,0.9975384615384616,0.9975383487394832,0.9975383487394832,0.995076697478966,4,,,,,,7
29,2,select_coverage,3.0,exact,top_k_avg,e,0,0.9993846153846154,0.9993887530562346,0.9993845920792268,0.9987699411463972,1,,,,,,7
29,2,select_coverage,3.0,exact,list,e,0,1.0,1.0,1.0,1.0,0,,,,,,7
29,2,select_coverage,4.0,exact,majority,e,0,0.9975384615384616,0.9975383487394832,0.9975383487394832,0.995076697478966,4,,,,,,7
29,2,select_coverage,4.0,exact,cmar,e,0,0.9975384615384616,0.9975383487394832,0.9975383487394832,0.995076697478966,4,,,,,,7
29,2,select_coverage,4.0,exact,top_k_avg,e,0,1.0,1.0,1.0,1.0,0,,,,,,7
29,2,select_coverage,4.0,exact,list,e,0,1.0,1.0,1.0,1.0,0,,,,,,7
29,2,select_coverage_CBA_M1,,exact,majority,e,0,0.9963076923076924,0.9962908596237688,0.99630737767005,0.992626831061986,6,,,,,,7
29,2,select_coverage_CBA_M1,,exact,cmar,e,0,0.9969230769230768,0.99691877005299,0.996922909121482,0.993846573391353,5,,,,,,7
29,2,select_coverage_CBA_M1,,exact,top_k_avg,e,0,1.0,1.0,1.0,1.0,0,,,,,,7
29,2,select_coverage_CBA_M1,,exact,list,e,0,1.0,1.0,1.0,1.0,0,,,,,,7
31,1,select_coverage,1.0,DAC,list,e,0,0.9969230769230768,0.996825823418302,0.9969152219464588,0.99383727414358,5,,,,,,7
31,1,select_coverage,1.0,exact,majority,e,0,0.9975384615384616,0.997472653948703,0.9975323302698796,0.9950676977093798,4,,,,,,7
31,1,select_coverage,1.0,exact,cmar,e,0,0.9969230769230768,0.996825823418302,0.9969152219464588,0.99383727414358,5,,,,,,7
31,1,select_coverage,1.0,exact,top_k_avg,e,0,0.9993846153846154,0.999353169469599,0.999383120272566,0.9987670011559856,1,,,,,,7
31,1,select_coverage,1.0,exact,list,e,0,1.0,1.0,1.0,1.0,0,,,,,,7
31,1,select_coverage,2.0,DAC,list,e,0,0.9969230769230768,0.996825823418302,0.9969152219464588,0.99383727414358,5,,,,,,7
31,1,select_coverage,2.0,exact,majority,e,0,0.9975384615384616,0.997472653948703,0.9975323302698796,0.9950676977093798,4,,,,,,7
31,1,select_coverage,2.0,exact,cmar,e,0,0.9975384615384616,0.997472653948703,0.9975323302698796,0.9950676977093798,4,,,,,,7
31,1,select_coverage,2.0,exact,top_k_avg,e,0,0.9981538461538462,0.9980595084087968,0.9981491331678752,0.9963051050620084,3,,,,,,7
31,1,select_coverage,2.0,exact,list,e,0,0.9987692307692309,0.998706338939198,0.9987661651349398,0.9975353712054932,2,,,,,,7
31,1,select_coverage,3.0,DAC,list,e,0,0.9969230769230768,0.996825823418302,0.9969152219464588,0.99383727414358,5,,,,,,7
31,1,select_coverage,3.0,exact,majority,e,0,0.9981538461538462,0.998119484479104,0.998149360817698,0.996299481304982,3,,,,,,7
31,1,select_coverage,3.0,exact,cmar,e,0,0.9975384615384616,0.997472653948703,0.9975323302698796,0.9950676977093798,4,,,,,,7
31,1,select_coverage,3.0,exact,top_k_avg,e,0,0.9981538461538462,0.9980595084087968,0.9981491331678752,0.9963051050620084,3,,,,,,7
31,1,select_coverage,3.0,exact,list,e,0,0.9987692307692309,0.998706338939198,0.9987661651349398,0.9975353712054932,2,,,,,,7
31,1,select_coverage,4.0,DAC,list,e,0,0.9969230769230768,0.996825823418302,0.9969152219464588,0.99383727414358,5,,,,,,7
31,1,select_coverage,4.0,exact,majority,e,0,0.9981538461538462,0.998119484479104,0.998149360817698,0.996299481304982,3,,,,,,7
31,1,select_coverage,4.0,exact,cmar,e,0,0.9975384615384616,0.997472653948703,0.9975323302698796,0.9950676977093798,4,,,,,,7
31,1,select_coverage,4.0,exact,top_k_avg,e,0,0.9981538461538462,0.9980595084087968,0.9981491331678752,0.9963051050620084,3,,,,,,7
31,1,select_coverage,4.0,exact,list,e,0,0.9987692307692309,0.998706338939198,0.9987661651349398,0.9975353712054932,2,,,,,,7
31,1,select_coverage_CBA_M1,,DAC,list,e,0,0.9963076923076924,0.996178992887901,0.9962980344271408,0.9926082055356804,6,,,,,,7
31,1,select_coverage_CBA_M1,,exact,majority,e,0,0.9975384615384616,0.9974126778783958,0.9975320229514272,0.9950761976557904,4,,,,,,7
31,1,select_coverage_CBA_M1,,exact,cmar,e,0,0.9969230769230768,0.9967658473479948,0.9969148330649396,0.9938486439337676,5,,,,,,7
31,1,select_coverage_CBA_M1,,exact,top_k_avg,e,0,0.9975384615384616,0.9975326300190102,0.9975326300190102,0.9950652600380204,4,,,,,,7
31,1,select_coverage_CBA_M1,,exact,list,e,0,0.9993846153846154,0.999353169469599,0.999383120272566,0.9987670011559856,1,,,,,,7
31,2,select_coverage,1.0,exact,majority,e,0,0.9975384615384616,0.997472653948703,0.9975323302698796,0.9950676977093798,4,,,,,,7
31,2,select_coverage,1.0,exact,cmar,e,0,0.9969230769230768,0.996825823418302,0.9969152219464588,0.99383727414358,5,,,,,,7
31,2,select_coverage,1.0,exact,top_k_avg,e,0,0.9993846153846154,0.999353169469599,0.999383120272566,0.9987670011559856,1,,,,,,7
31,2,select_coverage,1.0,exact,list,e,0,1.0,1.0,1.0,1.0,0,,,,,,7
31,2,select_coverage,2.0,exact,majority,e,0,0.9975384615384616,0.997472653948703,0.9975323302698796,0.9950676977093798,4,,,,,,7
31,2,select_coverage,2.0,exact,cmar,e,0,0.9975384615384616,0.997472653948703,0.9975323302698796,0.9950676977093798,4,,,,,,7
31,2,select_coverage,2.0,exact,top_k_avg,e,0,0.9981538461538462,0.9980595084087968,0.9981491331678752,0.9963051050620084,3,,,,,,7
31,2,select_coverage,2.0,exact,list,e,0,0.9987692307692309,0.998706338939198,0.9987661651349398,0.9975353712054932,2,,,,,,7
31,2,select_coverage,3.0,exact,majority,e,0,0.9981538461538462,0.998119484479104,0.998149360817698,0.996299481304982,3,,,,,,7
31,2,select_coverage,3.0,exact,cmar,e,0,0.9975384615384616,0.997472653948703,0.9975323302698796,0.9950676977093798,4,,,,,,7
31,2,select_coverage,3.0,exact,top_k_avg,e,0,0.9981538461538462,0.9980595084087968,0.9981491331678752,0.9963051050620084,3,,,,,,7
31,2,select_coverage,3.0,exact,list,e,0,0.9987692307692309,0.998706338939198,0.9987661651349398,0.9975353712054932,2,,,,,,7
31,2,select_coverage,4.0,exact,majority,e,0,0.9981538461538462,0.998119484479104,0.998149360817698,0.996299481304982,3,,,,,,7
31,2,select_coverage,4.0,exact,cmar,e,0,0.9975384615384616,0.997472653948703,0.9975323302698796,0.9950676977093798,4,,,,,,7
31,2,select_coverage,4.0,exact,top_k_avg,e,0,0.9981538461538462,0.9980595084087968,0.9981491331678752,0.9963051050620084,3,,,,,,7
31,2,select_coverage,4.0,exact,list,e,0,0.9987692307692309,0.998706338939198,0.9987661651349398,0.9975353712054932,2,,,,,,7
31,2,select_coverage_CBA_M1,,exact,majority,e,0,0.9975384615384616,0.9974126778783958,0.9975320229514272,0.9950761976557904,4,,,,,,7
31,2,select_coverage_CBA_M1,,exact,cmar,e,0,0.9969230769230768,0.9967658473479948,0.9969148330649396,0.9938486439337676,5,,,,,,7
31,2,select_coverage_CBA_M1,,exact,top_k_avg,e,0,0.9975384615384616,0.9975326300190102,0.9975326300190102,0.9950652600380204,4,,,,,,7
31,2,select_coverage_CBA_M1,,exact,list,e,0,0.9993846153846154,0.999353169469599,0.999383120272566,0.9987670011559856,1,,,,,,7
34,1,select_coverage,1.0,DAC,list,e,0,0.9901538461538462,0.9900030927647496,0.9901425538368214,0.9803332139984176,16,,,,,,7
34,1,select_coverage,1.0,exact,majority,e,0,0.9975384615384616,0.9975007731911874,0.997536221336778,0.9950754702961891,4,,,,,,7
34,1,select_coverage,1.0,exact,cmar,e,0,0.9975384615384616,0.9975007731911874,0.997536221336778,0.9950754702961891,4,,,,,,7
34,1,select_coverage,1.0,exact,top_k_avg,e,0,1.0,1.0,1.0,1.0,0,,,,,,7
34,1,select_coverage,1.0,exact,list,e,0,1.0,1.0,1.0,1.0,0,,,,,,7
34,1,select_coverage,2.0,DAC,list,e,0,0.9901538461538462,0.9900030927647496,0.9901425538368214,0.9803332139984176,16,,,,,,7
34,1,select_coverage,2.0,exact,majority,e,0,0.9975384615384616,0.9975007731911874,0.997536221336778,0.9950754702961891,4,,,,,,7
34,1,select_coverage,2.0,exact,cmar,e,0,0.9975384615384616,0.9975007731911874,0.997536221336778,0.9950754702961891,4,,,,,,7
34,1,select_coverage,2.0,exact,top_k_avg,e,0,0.9969230769230768,0.9968670596297172,0.9969201610992656,0.993847130661682,5,,,,,,7
34,1,select_coverage,2.0,exact,list,e,0,1.0,1.0,1.0,1.0,0,,,,,,7
34,1,select_coverage,3.0,DAC,list,e,0,0.9901538461538462,0.9900030927647496,0.9901425538368214,0.9803332139984176,16,,,,,,7
34,1,select_coverage,3.0,exact,majority,e,0,0.9975384615384616,0.9975007731911874,0.997536221336778,0.9950754702961891,4,,,,,,7
34,1,select_coverage,3.0,exact,cmar,e,0,0.9975384615384616,0.9975007731911874,0.997536221336778,0.9950754702961891,4,,,,,,7
34,1,select_coverage,3.0,exact,top_k_avg,e,0,0.9993846153846154,0.9993662864385298,0.999384077979897,0.998768914212232,1,,,,,,7
34,1,select_coverage,3.0,exact,list,e,0,1.0,1.0,1.0,1.0,0,,,,,,7
34,1,select_coverage,4.0,DAC,list,e,0,0.9901538461538462,0.9900030927647496,0.9901425538368214,0.9803332139984176,16,,,,,,7
34,1,select_coverage,4.0,exact,majority,e,0,0.9975384615384616,0.9975007731911874,0.997536221336778,0.9950754702961891,4,,,,,,7
34,1,select_coverage,4.0,exact,cmar,e,0,0.9975384615384616,0.9975007731911874,0.997536221336778,0.9950754702961891,4,,,,,,7
34,1,select_coverage,4.0,exact,top_k_avg,e,0,0.9993846153846154,0.9993662864385298,0.999384077979897,0.998768914212232,1,,,,,,7
34,1,select_coverage,4.0,exact,list,e,0,1.0,1.0,1.0,1.0,0,,,,,,7
34,1,select_coverage_CBA_M1,,DAC,list,e,2,0.9901538461538462,0.9900030927647496,0.9901425538368214,0.9803332139984176,16,0.9889230769230768,0.9887356656418094,0.9889094311922152,0.9778939485074304,18.0,7
34,1,select_coverage_CBA_M1,,exact,majority,e,2,0.9975384615384616,0.9974651457541192,0.99753603454707,0.9950841814717698,4,0.9963076923076924,0.9961977186311788,0.99630376038359,0.992634744409635,6.0,7
34,1,select_coverage_CBA_M1,,exact,cmar,e,2,0.9956923076923077,0.9955640050697084,0.99568754551772,0.9914121256761916,7,0.9944615384615384,0.994296577946768,0.994454953177056,0.9889710619293788,9.0,7
34,1,select_coverage_CBA_M1,,exact,top_k_avg,e,2,0.9969230769230768,0.9968670596297172,0.9969201610992656,0.993847130661682,5,0.9956923076923077,0.9955996325067769,0.9956878920938116,0.9913946762161664,7.0,7
34,1,select_coverage_CBA_M1,,exact,list,e,2,0.9975384615384616,0.9974651457541192,0.99753603454707,0.9950841814717698,4,0.9963076923076924,0.9961977186311788,0.99630376038359,0.992634744409635,6.0,7
34,2,select_coverage,1.0,exact,majority,e,0,0.9975384615384616,0.9975007731911874,0.997536221336778,0.9950754702961891,4,,,,,,7
34,2,select_coverage,1.0,exact,cmar,e,0,0.9975384615384616,0.9975007731911874,0.997536221336778,0.9950754702961891,4,,,,,,7
34,2,select_coverage,1.0,exact,top_k_avg,e,0,1.0,1.0,1.0,1.0,0,,,,,,7
34,2,select_coverage,1.0,exact,list,e,0,1.0,1.0,1.0,1.0,0,,,,,,7
34,2,select_coverage,2.0,exact,majority,e,0,0.9975384615384616,0.9975007731911874,0.997536221336778,0.9950754702961891,4,,,,,,7
34,2,select_coverage,2.0,exact,cmar,e,0,0.9975384615384616,0.9975007731911874,0.997536221336778,0.9950754702961891,4,,,,,,7
34,2,select_coverage,2.0,exact,top_k_avg,e,0,0.9969230769230768,0.9968670596297172,0.9969201610992656,0.993847130661682,5,,,,,,7
34,2,select_coverage,2.0,exact,list,e,0,1.0,1.0,1.0,1.0,0,,,,,,7
34,2,select_coverage,3.0,exact,majority,e,0,0.9975384615384616,0.9975007731911874,0.997536221336778,0.9950754702961891,4,,,,,,7
34,2,select_coverage,3.0,exact,cmar,e,0,0.9975384615384616,0.9975007731911874,0.997536221336778,0.9950754702961891,4,,,,,,7
34,2,select_coverage,3.0,exact,top_k_avg,e,0,0.9993846153846154,0.9993662864385298,0.999384077979897,0.998768914212232,1,,,,,,7
34,2,select_coverage,3.0,exact,list,e,0,1.0,1.0,1.0,1.0,0,,,,,,7
34,2,select_coverage,4.0,exact,majority,e,0,0.9975384615384616,0.9975007731911874,0.997536221336778,0.9950754702961891,4,,,,,,7
34,2,select_coverage,4.0,exact,cmar,e,0,0.9975384615384616,0.9975007731911874,0.997536221336778,0.9950754702961891,4,,,,,,7
34,2,select_coverage,4.0,exact,top_k_avg,e,0,0.9993846153846154,0.9993662864385298,0.999384077979897,0.998768914212232,1,,,,,,7
34,2,select_coverage,4.0,exact,list,e,0,1.0,1.0,1.0,1.0,0,,,,,,7
34,2,select_coverage_CBA_M1,,exact,majority,e,2,0.9975384615384616,0.9974651457541192,0.99753603454707,0.9950841814717698,4,0.9963076923076924,0.9961977186311788,0.99630376038359,0.992634744409635,6.0,7
34,2,select_coverage_CBA_M1,,exact,cmar,e,2,0.9956923076923077,0.9955640050697084,0.99568754551772,0.9914121256761916,7,0.9944615384615384,0.994296577946768,0.994454953177056,0.9889710619293788,9.0,7
34,2,select_coverage_CBA_M1,,exact,top_k_avg,e,2,0.9987692307692309,0.9987682003141278,0.9987682003141278,0.9975364006282558,2,0.9975384615384616,0.9975007731911874,0.997536221336778,0.9950754702961891,4.0,7
34,2,select_coverage_CBA_M1,,exact,list,e,2,0.9993846153846154,0.9993662864385298,0.999384077979897,0.998768914212232,1,0.9981538461538462,0.9980988593155892,0.9981520966595594,0.9963110102037598,3.0,7
42,1,select_coverage,1.0,DAC,list,e,0,0.9981538461538462,0.9981743741903384,0.9981513258311924,0.9963034097225728,3,,,,,,7
42,1,select_coverage,1.0,exact,majority,e,0,0.9993846153846154,0.9993606138107416,0.999383718253431,0.9987681956447204,1,,,,,,7
42,1,select_coverage,1.0,exact,cmar,e,0,0.9993846153846154,0.9993606138107416,0.999383718253431,0.9987681956447204,1,,,,,,7
42,1,select_coverage,1.0,exact,top_k_avg,e,0,0.9981538461538462,0.998081841432225,0.9981509780472736,0.9963087812195291,3,,,,,,7
42,1,select_coverage,1.0,exact,list,e,0,1.0,1.0,1.0,1.0,0,,,,,,7
42,1,select_coverage,2.0,DAC,list,e,0,0.9981538461538462,0.9981743741903384,0.9981513258311924,0.9963034097225728,3,,,,,,7
42,1,select_coverage,2.0,exact,majority,e,0,0.9987692307692309,0.99876749400054,0.99876749400054,0.99753498800108,2,,,,,,7
42,1,select_coverage,2.0,exact,cmar,e,0,0.9993846153846154,0.9993606138107416,0.999383718253431,0.9987681956447204,1,,,,,,7
42,1,select_coverage,2.0,exact,top_k_avg,e,0,0.9993846153846154,0.9993606138107416,0.999383718253431,0.9987681956447204,1,,,,,,7
42,1,select_coverage,2.0,exact,list,e,0,1.0,1.0,1.0,1.0,0,,,,,,7
42,1,select_coverage,3.0,DAC,list,e,0,0.9975384615384616,0.9975812543801368,0.9975352123357693,0.9950734547683858,4,,,,,,7
42,1,select_coverage,3.0,exact,majority,e,0,0.9993846153846154,0.9993606138107416,0.999383718253431,0.9987681956447204,1,,,,,,7
42,1,select_coverage,3.0,exact,cmar,e,0,0.9993846153846154,0.9993606138107416,0.999383718253431,0.9987681956447204,1,,,,,,7
42,1,select_coverage,3.0,exact,top_k_avg,e,0,1.0,1.0,1.0,1.0,0,,,,,,7
42,1,select_coverage,3.0,exact,list,e,0,1.0,1.0,1.0,1.0,0,,,,,,7
42,1,select_coverage,4.0,DAC,list,e,0,0.9975384615384616,0.9975812543801368,0.9975352123357693,0.9950734547683858,4,,,,,,7
42,1,select_coverage,4.0,exact,majority,e,0,0.9993846153846154,0.9993606138107416,0.999383718253431,0.9987681956447204,1,,,,,,7
42,1,select_coverage,4.0,exact,cmar,e,0,0.9993846153846154,0.9993606138107416,0.999383718253431,0.9987681956447204,1,,,,,,7
42,1,select_coverage,4.0,exact,top_k_avg,e,0,1.0,1.0,1.0,1.0,0,,,,,,7
42,1,select_coverage,4.0,exact,list,e,0,1.0,1.0,1.0,1.0,0,,,,,,7
42,1,select_coverage_CBA_M1,,DAC,list,e,0,0.9963076923076924,0.9962562156225634,0.996302134218495,0.9926072959015896,6,,,,,,7
42,1,select_coverage_CBA_M1,,exact,majority,e,0,0.9981538461538462,0.998081841432225,0.9981509780472736,0.9963087812195291,3,,,,,,7
42,1,select_coverage_CBA_M1,,exact,cmar,e,0,0.9981538461538462,0.998081841432225,0.9981509780472736,0.9963087812195291,3,,,,,,7
42,1,select_coverage_CBA_M1,,exact,top_k_avg,e,0,0.9987692307692309,0.9987212276214834,0.9987673780728316,0.997537791112704,2,,,,,,7
42,1,select_coverage_CBA_M1,,exact,list,e,0,0.9987692307692309,0.9987212276214834,0.9987673780728316,0.997537791112704,2,,,,,,7
42,2,select_coverage,1.0,exact,majority,e,0,0.9993846153846154,0.9993606138107416,0.999383718253431,0.9987681956447204,1,,,,,,7
42,2,select_coverage,1.0,exact,cmar,e,0,0.9993846153846154,0.9993606138107416,0.999383718253431,0.9987681956447204,1,,,,,,7
42,2,select_coverage,1.0,exact,top_k_avg,e,0,0.9981538461538462,0.998081841432225,0.9981509780472736,0.9963087812195291,3,,,,,,7
42,2,select_coverage,1.0,exact,list,e,0,1.0,1.0,1.0,1.0,0,,,,,,7
42,2,select_coverage,2.0,exact,majority,e,0,0.9987692307692309,0.99876749400054,0.99876749400054,0.99753498800108,2,,,,,,7
42,2,select_coverage,2.0,exact,cmar,e,0,0.9993846153846154,0.9993606138107416,0.999383718253431,0.9987681956447204,1,,,,,,7
42,2,select_coverage,2.0,exact,top_k_avg,e,0,0.9993846153846154,0.9993606138107416,0.999383718253431,0.9987681956447204,1,,,,,,7
42,2,select_coverage,2.0,exact,list,e,0,1.0,1.0,1.0,1.0,0,,,,,,7
42,2,select_coverage,3.0,exact,majority,e,0,0.9993846153846154,0.9993606138107416,0.999383718253431,0.9987681956447204,1,,,,,,7
42,2,select_coverage,3.0,exact,cmar,e,0,0.9993846153846154,0.9993606138107416,0.999383718253431,0.9987681956447204,1,,,,,,7
42,2,select_coverage,3.0,exact,top_k_avg,e,0,1.0,1.0,1.0,1.0,0,,,,,,7
42,2,select_coverage,3.0,exact,list,e,0,1.0,1.0,1.0,1.0,0,,,,,,7
42,2,select_coverage,4.0,exact,majority,e,0,0.9993846153846154,0.9993606138107416,0.999383718253431,0.9987681956447204,1,,,,,,7
42,2,select_coverage,4.0,exact,cmar,e,0,0.9993846153846154,0.9993606138107416,0.999383718253431,0.9987681956447204,1,,,,,,7
42,2,select_coverage,4.0,exact,top_k_avg,e,0,1.0,1.0,1.0,1.0,0,,,,,,7
42,2,select_coverage,4.0,exact,list,e,0,1.0,1.0,1.0,1.0,0,,,,,,7
42,2,select_coverage_CBA_M1,,exact,majority,e,2,0.9993846153846154,0.9993606138107416,0.999383718253431,0.9987681956447204,1,0.9981538461538462,0.998081841432225,0.9981509780472736,0.9963087812195291,3.0,7
42,2,select_coverage_CBA_M1,,exact,cmar,e,2,0.9993846153846154,0.9993606138107416,0.999383718253431,0.9987681956447204,1,0.9981538461538462,0.998081841432225,0.9981509780472736,0.9963087812195291,3.0,7
42,2,select_coverage_CBA_M1,,exact,top_k_avg,e,2,0.9987692307692309,0.9987212276214834,0.9987673780728316,0.997537791112704,2,0.9975384615384616,0.9974424552429668,0.997534516765286,0.9950811607983182,4.0,7
42,2,select_coverage_CBA_M1,,exact,list,e,2,1.0,1.0,1.0,1.0,0,0.9987692307692309,0.9987212276214834,0.9987673780728316,0.997537791112704,2.0,7
49,1,select_coverage,1.0,DAC,list,e,0,0.9901538461538462,0.9902012615582244,0.990153752934939,0.9804545075825551,16,,,,,,7
49,1,select_coverage,1.0,exact,majority,e,0,0.9969230769230768,0.9969195741483572,0.9969229603961334,0.993846675915567,5,,,,,,7
49,1,select_coverage,1.0,exact,cmar,e,0,0.9975384615384616,0.9975383860295456,0.9975383860295456,0.9950767720590908,4,,,,,,7
49,1,select_coverage,1.0,exact,top_k_avg,e,0,0.9993846153846154,0.9993880048959608,0.99938460046937,0.9987699579060558,1,,,,,,7
49,1,select_coverage,1.0,exact,list,e,0,1.0,1.0,1.0,1.0,0,,,,,,7
49,1,select_coverage,2.0,DAC,list,e,0,0.9895384615384616,0.9895892664541852,0.9895383189129394,0.979245288152761,17,,,,,,7
49,1,select_coverage,2.0,exact,majority,e,0,0.9975384615384616,0.9975315692523964,0.9975383487394832,0.9950797198882004,4,,,,,,7
49,1,select_coverage,2.0,exact,cmar,e,0,0.9987692307692309,0.9987760097919216,0.9987692079303908,0.9975414418346056,2,,,,,,7
49,1,select_coverage,2.0,exact,top_k_avg,e,0,0.9993846153846154,0.9993880048959608,0.99938460046937,0.9987699579060558,1,,,,,,7
49,1,select_coverage,2.0,exact,list,e,0,1.0,1.0,1.0,1.0,0,,,,,,7
49,1,select_coverage,3.0,DAC,list,e,0,0.9895384615384616,0.9895892664541852,0.9895383189129394,0.979245288152761,17,,,,,,7
49,1,select_coverage,3.0,exact,majority,e,0,0.9981538461538462,0.9981435643564356,0.9981537454728892,0.9963142956933552,3,,,,,,7
49,1,select_coverage,3.0,exact,cmar,e,0,0.9981538461538462,0.9981640146878824,0.9981538209846365,0.9963144461612586,3,,,,,,7
49,1,select_coverage,3.0,exact,top_k_avg,e,0,0.9993846153846154,0.9993880048959608,0.99938460046937,0.9987699579060558,1,,,,,,7
49,1,select_coverage,3.0,exact,list,e,0,1.0,1.0,1.0,1.0,0,,,,,,7
49,1,select_coverage,4.0,DAC,list,e,0,0.9944615384615384,0.9944852272864986,0.9944615300719036,0.9889599678201594,9,,,,,,7
49,1,select_coverage,4.0,exact,majority,e,0,0.9981538461538462,0.9981571979107337,0.9981538014081098,0.9963083588512648,3,,,,,,7
49,1,select_coverage,4.0,exact,cmar,e,0,0.9981538461538462,0.9981640146878824,0.9981538209846365,0.9963144461612586,3,,,,,,7
49,1,select_coverage,4.0,exact,top_k_avg,e,0,1.0,1.0,1.0,1.0,0,,,,,,7
49,1,select_coverage,4.0,exact,list,e,0,1.0,1.0,1.0,1.0,0,,,,,,7
49,1,select_coverage_CBA_M1,,DAC,list,e,6,0.9901538461538462,0.9902012615582244,0.990153752934939,0.9804545075825551,16,0.9864615384615384,0.9865292909339892,0.9864609180671567,0.9732207654256636,22.0,7
49,1,select_coverage_CBA_M1,,exact,majority,e,6,0.9975384615384616,0.9975520195838432,0.9975384382337348,0.9950889652824813,4,0.9938461538461538,0.9938800489596082,0.9938461515157024,0.9877675794936216,10.0,7
49,1,select_coverage_CBA_M1,,exact,cmar,e,6,0.9956923076923077,0.9957160342717258,0.995692301167036,0.9914215556883808,7,0.992,0.9920440636474908,0.9919999515263336,0.9841268887062888,13.0,7
49,1,select_coverage_CBA_M1,,exact,top_k_avg,e,6,0.9975384615384616,0.9975520195838432,0.9975384382337348,0.9950889652824813,4,0.9938461538461538,0.9938800489596082,0.9938461515157024,0.9877675794936216,10.0,7
49,1,select_coverage_CBA_M1,,exact,list,e,6,0.9987692307692309,0.9987760097919216,0.9987692079303908,0.9975414418346056,2,0.9950769230769232,0.9951040391676866,0.995076921212562,0.990202078365195,8.0,7
49,2,select_coverage,1.0,exact,majority,e,0,0.9969230769230768,0.9969195741483572,0.9969229603961334,0.993846675915567,5,,,,,,7
49,2,select_coverage,1.0,exact,cmar,e,0,0.9975384615384616,0.9975383860295456,0.9975383860295456,0.9950767720590908,4,,,,,,7
49,2,select_coverage,1.0,exact,top_k_avg,e,0,0.9993846153846154,0.9993880048959608,0.99938460046937,0.9987699579060558,1,,,,,,7
49,2,select_coverage,1.0,exact,list,e,0,1.0,1.0,1.0,1.0,0,,,,,,7
49,2,select_coverage,2.0,exact,majority,e,0,0.9975384615384616,0.9975315692523964,0.9975383487394832,0.9950797198882004,4,,,,,,7
49,2,select_coverage,2.0,exact,cmar,e,0,0.9987692307692309,0.9987760097919216,0.9987692079303908,0.9975414418346056,2,,,,,,7
49,2,select_coverage,2.0,exact,top_k_avg,e,0,0.9993846153846154,0.9993880048959608,0.99938460046937,0.9987699579060558,1,,,,,,7
49,2,select_coverage,2.0,exact,list,e,0,1.0,1.0,1.0,1.0,0,,,,,,7
49,2,select_coverage,3.0,exact,majority,e,0,0.9981538461538462,0.9981435643564356,0.9981537454728892,0.9963142956933552,3,,,,,,7
49,2,select_coverage,3.0,exact,cmar,e,0,0.9981538461538462,0.9981640146878824,0.9981538209846365,0.9963144461612586,3,,,,,,7
49,2,select_coverage,3.0,exact,top_k_avg,e,0,0.9993846153846154,0.9993880048959608,0.99938460046937,0.9987699579060558,1,,,,,,7
49,2,select_coverage,3.0,exact,list,e,0,1.0,1.0,1.0,1.0,0,,,,,,7
49,2,select_coverage,4.0,exact,majority,e,0,0.9981538461538462,0.9981571979107337,0.9981538014081098,0.9963083588512648,3,,,,,,7
49,2,select_coverage,4.0,exact,cmar,e,0,0.9981538461538462,0.9981640146878824,0.9981538209846365,0.9963144461612586,3,,,,,,7
49,2,select_coverage,4.0,exact,top_k_avg,e,0,1.0,1.0,1.0,1.0,0,,,,,,7
49,2,select_coverage,4.0,exact,list,e,0,1.0,1.0,1.0,1.0,0,,,,,,7
49,2,select_coverage_CBA_M1,,exact,majority,e,4,0.9975384615384616,0.9975520195838432,0.9975384382337348,0.9950889652824813,4,0.9950769230769232,0.9951040391676866,0.995076921212562,0.990202078365195,8.0,7
49,2,select_coverage_CBA_M1,,exact,cmar,e,4,0.9956923076923077,0.9957160342717258,0.995692301167036,0.9914215556883808,7,0.9932307692307693,0.9932680538555692,0.993230758976771,0.9865525470030932,11.0,7
49,2,select_coverage_CBA_M1,,exact,top_k_avg,e,4,0.9975384615384616,0.9975520195838432,0.9975384382337348,0.9950889652824813,4,0.9950769230769232,0.9951040391676866,0.995076921212562,0.990202078365195,8.0,7
49,2,select_coverage_CBA_M1,,exact,list,e,4,0.9987692307692309,0.9987760097919216,0.9987692079303908,0.9975414418346056,2,0.9963076923076924,0.996328029375765,0.996307679723216,0.9926425255980108,6.0,7
63,1,select_coverage,1.0,DAC,list,e,0,0.9963076923076924,0.9963351197982346,0.9963057770826323,0.9926145756900112,6,,,,,,7
63,1,select_coverage,1.0,exact,majority,e,0,0.9987692307692309,0.9987685214375788,0.9987685214375788,0.9975370428751577,2,,,,,,7
63,1,select_coverage,1.0,exact,cmar,e,0,0.9981538461538462,0.9981380044136192,0.9981527268593516,0.9963062106324498,3,,,,,,7
63,1,select_coverage,1.0,exact,top_k_avg,e,0,1.0,1.0,1.0,1.0,0,,,,,,7
63,1,select_coverage,1.0,exact,list,e,0,1.0,1.0,1.0,1.0,0,,,,,,7
63,1,select_coverage,2.0,DAC,list,e,0,0.9963076923076924,0.9963351197982346,0.9963057770826323,0.9926145756900112,6,,,,,,7
63,1,select_coverage,2.0,exact,majority,e,0,1.0,1.0,1.0,1.0,0,,,,,,7
63,1,select_coverage,2.0,exact,cmar,e,0,0.9981538461538462,0.9981380044136192,0.9981527268593516,0.9963062106324498,3,,,,,,7
63,1,select_coverage,2.0,exact,top_k_avg,e,0,1.0,1.0,1.0,1.0,0,,,,,,7
63,1,select_coverage,2.0,exact,list,e,0,1.0,1.0,1.0,1.0,0,,,,,,7
63,1,select_coverage,3.0,DAC,list,e,0,0.9963076923076924,0.9963351197982346,0.9963057770826323,0.9926145756900112,6,,,,,,7
63,1,select_coverage,3.0,exact,majority,e,0,0.9993846153846154,0.9993990384615384,0.9993842786834248,0.998769315125506,1,,,,,,7
63,1,select_coverage,3.0,exact,cmar,e,0,0.9981538461538462,0.9981380044136192,0.9981527268593516,0.9963062106324498,3,,,,,,7
63,1,select_coverage,3.0,exact,top_k_avg,e,0,0.9987692307692309,0.9987389659520808,0.9987684467726484,0.9975399232583724,2,,,,,,7
63,1,select_coverage,3.0,exact,list,e,0,1.0,1.0,1.0,1.0,0,,,,,,7
63,1,select_coverage,4.0,DAC,list,e,0,0.9963076923076924,0.9963351197982346,0.9963057770826323,0.9926145756900112,6,,,,,,7
63,1,select_coverage,4.0,exact,majority,e,0,0.9993846153846154,0.9993990384615384,0.9993842786834248,0.998769315125506,1,,,,,,7
63,1,select_coverage,4.0,exact,cmar,e,0,0.9981538461538462,0.9981380044136192,0.9981527268593516,0.9963062106324498,3,,,,,,7
63,1,select_coverage,4.0,exact,top_k_avg,e,0,0.9993846153846154,0.9993694829760404,0.9993842422864504,0.9987692424210908,1,,,,,,7
63,1,select_coverage,4.0,exact,list,e,0,1.0,1.0,1.0,1.0,0,,,,,,7
63,1,select_coverage_CBA_M1,,DAC,list,e,3,0.9963076923076924,0.9963351197982346,0.9963057770826323,0.9926145756900112,6,0.9944615384615384,0.9944435687263556,0.9944581805780544,0.9889171152665268,9.0,7
63,1,select_coverage_CBA_M1,,exact,majority,e,3,0.9993846153846154,0.9993694829760404,0.9993842422864504,0.9987692424210908,1,0.9975384615384616,0.9974779319041612,0.9975367367294534,0.9950855789508932,4.0,7
63,1,select_coverage_CBA_M1,,exact,cmar,e,3,0.9987692307692309,0.9987389659520808,0.9987684467726484,0.9975399232583724,2,0.9969230769230768,0.9968474148802018,0.9969208193917508,0.993860543237034,5.0,7
63,1,select_coverage_CBA_M1,,exact,top_k_avg,e,3,1.0,1.0,1.0,1.0,0,0.9981538461538462,0.9981084489281212,0.9981526120549736,0.9963120371995586,3.0,7
63,1,select_coverage_CBA_M1,,exact,list,e,3,1.0,1.0,1.0,1.0,0,0.9981538461538462,0.9981084489281212,0.9981526120549736,0.9963120371995586,3.0,7
63,2,select_coverage,1.0,exact,majority,e,0,0.9987692307692309,0.9987685214375788,0.9987685214375788,0.9975370428751577,2,,,,,,7
63,2,select_coverage,1.0,exact,cmar,e,0,0.9981538461538462,0.9981380044136192,0.9981527268593516,0.9963062106324498,3,,,,,,7
63,2,select_coverage,1.0,exact,top_k_avg,e,0,1.0,1.0,1.0,1.0,0,,,,,,7
63,2,select_coverage,1.0,exact,list,e,0,1.0,1.0,1.0,1.0,0,,,,,,7
63,2,select_coverage,2.0,exact,majority,e,0,1.0,1.0,1.0,1.0,0,,,,,,7
63,2,select_coverage,2.0,exact,cmar,e,0,0.9981538461538462,0.9981380044136192,0.9981527268593516,0.9963062106324498,3,,,,,,7
63,2,select_coverage,2.0,exact,top_k_avg,e,0,1.0,1.0,1.0,1.0,0,,,,,,7
63,2,select_coverage,2.0,exact,list,e,0,1.0,1.0,1.0,1.0,0,,,,,,7
63,2,select_coverage,3.0,exact,majority,e,0,0.9993846153846154,0.9993990384615384,0.9993842786834248,0.998769315125506,1,,,,,,7
63,2,select_coverage,3.0,exact,cmar,e,0,0.9981538461538462,0.9981380044136192,0.9981527268593516,0.9963062106324498,3,,,,,,7
63,2,select_coverage,3.0,exact,top_k_avg,e,0,0.9987692307692309,0.9987389659520808,0.9987684467726484,0.9975399232583724,2,,,,,,7
63,2,select_coverage,3.0,exact,list,e,0,1.0,1.0,1.0,1.0,0,,,,,,7
63,2,select_coverage,4.0,exact,majority,e,0,0.9993846153846154,0.9993990384615384,0.9993842786834248,0.998769315125506,1,,,,,,7
63,2,select_coverage,4.0,exact,cmar,e,0,0.9981538461538462,0.9981380044136192,0.9981527268593516,0.9963062106324498,3,,,,,,7
63,2,select_coverage,4.0,exact,top_k_avg,e,0,0.9993846153846154,0.9993694829760404,0.9993842422864504,0.9987692424210908,1,,,,,,7
63,2,select_coverage,4.0,exact,list,e,0,1.0,1.0,1.0,1.0,0,,,,,,7
63,2,select_coverage_CBA_M1,,exact,majority,e,3,0.9993846153846154,0.9993694829760404,0.9993842422864504,0.9987692424210908,1,0.9975384615384616,0.9974779319041612,0.9975367367294534,0.9950855789508932,4.0,7
63,2,select_coverage_CBA_M1,,exact,cmar,e,3,0.9987692307692309,0.9987389659520808,0.9987684467726484,0.9975399232583724,2,0.9969230769230768,0.9968474148802018,0.9969208193917508,0.993860543237034,5.0,7
63,2,select_coverage_CBA_M1,,exact,top_k_avg,e,3,1.0,1.0,1.0,1.0,0,0.9981538461538462,0.9981084489281212,0.9981526120549736,0.9963120371995586,3.0,7
63,2,select_coverage_CBA_M1,,exact,list,e,3,1.0,1.0,1.0,1.0,0,0.9981538461538462,0.9981084489281212,0.9981526120549736,0.9963120371995586,3.0,7
64,1,select_coverage,1.0,DAC,list,e,0,0.9963076923076924,0.9964266727424622,0.9962984954048192,0.9926091244798396,6,,,,,,7
64,1,select_coverage,1.0,exact,majority,e,0,0.9987692307692309,0.998765854029012,0.998765854029012,0.9975317080580238,2,,,,,,7
64,1,select_coverage,1.0,exact,cmar,e,0,0.9987692307692309,0.998765854029012,0.998765854029012,0.9975317080580238,2,,,,,,7
64,1,select_coverage,1.0,exact,top_k_avg,e,0,0.9993846153846154,0.9993506493506494,0.9993828869422294,0.9987665350704577,1,,,,,,7
64,1,select_coverage,1.0,exact,list,e,0,1.0,1.0,1.0,1.0,0,,,,,,7
64,1,select_coverage,2.0,DAC,list,e,0,0.9963076923076924,0.9964266727424622,0.9962984954048192,0.9926091244798396,6,,,,,,7
64,1,select_coverage,2.0,exact,majority,e,0,0.9987692307692309,0.998765854029012,0.998765854029012,0.9975317080580238,2,,,,,,7
64,1,select_coverage,2.0,exact,cmar,e,0,0.9987692307692309,0.998765854029012,0.998765854029012,0.9975317080580238,2,,,,,,7
64,1,select_coverage,2.0,exact,top_k_avg,e,0,0.9993846153846154,0.9993506493506494,0.9993828869422294,0.9987665350704577,1,,,,,,7
64,1,select_coverage,2.0,exact,list,e,0,1.0,1.0,1.0,1.0,0,,,,,,7
64,1,select_coverage,3.0,DAC,list,e,0,0.9963076923076924,0.9964266727424622,0.9962984954048192,0.9926091244798396,6,,,,,,7
64,1,select_coverage,3.0,exact,majority,e,0,0.9993846153846154,0.9994152046783626,0.999382966612988,0.9987666942155664,1,,,,,,7
64,1,select_coverage,3.0,exact,cmar,e,0,0.9987692307692309,0.998765854029012,0.998765854029012,0.9975317080580238,2,,,,,,7
64,1,select_coverage,3.0,exact,top_k_avg,e,0,0.9993846153846154,0.9993506493506494,0.9993828869422294,0.9987665350704577,1,,,,,,7
64,1,select_coverage,3.0,exact,list,e,0,1.0,1.0,1.0,1.0,0,,,,,,7
64,1,select_coverage,4.0,DAC,list,e,0,0.9963076923076924,0.9964266727424622,0.9962984954048192,0.9926091244798396,6,,,,,,7
64,1,select_coverage,4.0,exact,majority,e,0,0.9987692307692309,0.998765854029012,0.998765854029012,0.9975317080580238,2,,,,,,7
64,1,select_coverage,4.0,exact,cmar,e,0,0.9987692307692309,0.998765854029012,0.998765854029012,0.9975317080580238,2,,,,,,7
64,1,select_coverage,4.0,exact,top_k_avg,e,0,0.9993846153846154,0.9993506493506494,0.9993828869422294,0.9987665350704577,1,,,,,,7
64,1,select_coverage,4.0,exact,list,e,0,1.0,1.0,1.0,1.0,0,,,,,,7
64,1,select_coverage_CBA_M1,,DAC,list,e,3,0.9963076923076924,0.9964266727424622,0.9962984954048192,0.9926091244798396,6,0.9944615384615384,0.9944786207944104,0.9944466995168912,0.988894156254556,9.0,7
64,1,select_coverage_CBA_M1,,exact,majority,e,3,0.9993846153846154,0.9993506493506494,0.9993828869422294,0.9987665350704577,1,0.9975384615384616,0.9974025974025974,0.9975310555231428,0.9950742723044064,4.0,7
64,1,select_coverage_CBA_M1,,exact,cmar,e,3,0.9987692307692309,0.998765854029012,0.998765854029012,0.9975317080580238,2,0.9969230769230768,0.99681780208096,0.9969140268777814,0.9938348892830898,5.0,7
64,1,select_coverage_CBA_M1,,exact,top_k_avg,e,3,0.9993846153846154,0.9993506493506494,0.9993828869422294,0.9987665350704577,1,0.9975384615384616,0.9974025974025974,0.9975310555231428,0.9950742723044064,4.0,7
64,1,select_coverage_CBA_M1,,exact,list,e,3,1.0,1.0,1.0,1.0,0,0.9981538461538462,0.998051948051948,0.9981484161266688,0.996303676269584,3.0,7
64,2,select_coverage,1.0,exact,majority,e,0,0.9987692307692309,0.998765854029012,0.998765854029012,0.9975317080580238,2,,,,,,7
64,2,select_coverage,1.0,exact,cmar,e,0,0.9987692307692309,0.998765854029012,0.998765854029012,0.9975317080580238,2,,,,,,7
64,2,select_coverage,1.0,exact,top_k_avg,e,0,0.9993846153846154,0.9993506493506494,0.9993828869422294,0.9987665350704577,1,,,,,,7
64,2,select_coverage,1.0,exact,list,e,0,1.0,1.0,1.0,1.0,0,,,,,,7
64,2,select_coverage,2.0,exact,majority,e,0,0.9987692307692309,0.998765854029012,0.998765854029012,0.9975317080580238,2,,,,,,7
64,2,select_coverage,2.0,exact,cmar,e,0,0.9987692307692309,0.998765854029012,0.998765854029012,0.9975317080580238,2,,,,,,7
64,2,select_coverage,2.0,exact,top_k_avg,e,0,0.9993846153846154,0.9993506493506494,0.9993828869422294,0.9987665350704577,1,,,,,,7
64,2,select_coverage,2.0,exact,list,e,0,1.0,1.0,1.0,1.0,0,,,,,,7
64,2,select_coverage,3.0,exact,majority,e,0,0.9993846153846154,0.9994152046783626,0.999382966612988,0.9987666942155664,1,,,,,,7
64,2,select_coverage,3.0,exact,cmar,e,0,0.9987692307692309,0.998765854029012,0.998765854029012,0.9975317080580238,2,,,,,,7
64,2,select_coverage,3.0,exact,top_k_avg,e,0,0.9993846153846154,0.9993506493506494,0.9993828869422294,0.9987665350704577,1,,,,,,7
64,2,select_coverage,3.0,exact,list,e,0,1.0,1.0,1.0,1.0,0,,,,,,7
64,2,select_coverage,4.0,exact,majority,e,0,0.9987692307692309,0.998765854029012,0.998765854029012,0.9975317080580238,2,,,,,,7
64,2,select_coverage,4.0,exact,cmar,e,0,0.9987692307692309,0.998765854029012,0.998765854029012,0.9975317080580238,2,,,,,,7
64,2,select_coverage,4.0,exact,top_k_avg,e,0,0.9993846153846154,0.9993506493506494,0.9993828869422294,0.9987665350704577,1,,,,,,7
64,2,select_coverage,4.0,exact,list,e,0,1.0,1.0,1.0,1.0,0,,,,,,7
64,2,select_coverage_CBA_M1,,exact,majority,e,3,0.9993846153846154,0.9993506493506494,0.9993828869422294,0.9987665350704577,1,0.9975384615384616,0.9974025974025974,0.9975310555231428,0.9950742723044064,4.0,7
64,2,select_coverage_CBA_M1,,exact,cmar,e,3,0.9987692307692309,0.998765854029012,0.998765854029012,0.9975317080580238,2,0.9969230769230768,0.99681780208096,0.9969140268777814,0.9938348892830898,5.0,7
64,2,select_coverage_CBA_M1,,exact,top_k_avg,e,3,0.9993846153846154,0.9993506493506494,0.9993828869422294,0.9987665350704577,1,0.9975384615384616,0.9974025974025974,0.9975310555231428,0.9950742723044064,4.0,7
64,2,select_coverage_CBA_M1,,exact,list,e,3,1.0,1.0,1.0,1.0,0,0.9981538461538462,0.998051948051948,0.9981484161266688,0.996303676269584,3.0,7
65,1,select_coverage,1.0,DAC,list,e,0,0.9963076923076924,0.9963599973273238,0.9962989450285152,0.9926009227264996,6,,,,,,7
65,1,select_coverage,1.0,exact,majority,e,0,0.9987692307692309,0.9987046632124352,0.9987660114757136,0.997535064643578,2,,,,,,7
65,1,select_coverage,1.0,exact,cmar,e,0,0.9987692307692309,0.9987046632124352,0.9987660114757136,0.997535064643578,2,,,,,,7
65,1,select_coverage,1.0,exact,top_k_avg,e,0,1.0,1.0,1.0,1.0,0,,,,,,7
65,1,select_coverage,1.0,exact,list,e,0,1.0,1.0,1.0,1.0,0,,,,,,7
65,1,select_coverage,2.0,DAC,list,e,0,0.9963076923076924,0.9963599973273238,0.9962989450285152,0.9926009227264996,6,,,,,,7
65,1,select_coverage,2.0,exact,majority,e,0,0.9987692307692309,0.9987046632124352,0.9987660114757136,0.997535064643578,2,,,,,,7
65,1,select_coverage,2.0,exact,cmar,e,0,0.9987692307692309,0.9987046632124352,0.9987660114757136,0.997535064643578,2,,,,,,7
65,1,select_coverage,2.0,exact,top_k_avg,e,0,1.0,1.0,1.0,1.0,0,,,,,,7
65,1,select_coverage,2.0,exact,list,e,0,1.0,1.0,1.0,1.0,0,,,,,,7
65,1,select_coverage,3.0,DAC,list,e,0,0.9963076923076924,0.9963599973273238,0.9962989450285152,0.9926009227264996,6,,,,,,7
65,1,select_coverage,3.0,exact,majority,e,0,0.9987692307692309,0.9987046632124352,0.9987660114757136,0.997535064643578,2,,,,,,7
65,1,select_coverage,3.0,exact,cmar,e,0,0.9987692307692309,0.9987046632124352,0.9987660114757136,0.997535064643578,2,,,,,,7
65,1,select_coverage,3.0,exact,top_k_avg,e,0,1.0,1.0,1.0,1.0,0,,,,,,7
65,1,select_coverage,3.0,exact,list,e,0,1.0,1.0,1.0,1.0,0,,,,,,7
65,1,select_coverage,4.0,DAC,list,e,0,0.9963076923076924,0.9963599973273238,0.9962989450285152,0.9926009227264996,6,,,,,,7
65,1,select_coverage,4.0,exact,majority,e,0,0.9987692307692309,0.9987046632124352,0.9987660114757136,0.997535064643578,2,,,,,,7
65,1,select_coverage,4.0,exact,cmar,e,0,0.9987692307692309,0.9987046632124352,0.9987660114757136,0.997535064643578,2,,,,,,7
65,1,select_coverage,4.0,exact,top_k_avg,e,0,1.0,1.0,1.0,1.0,0,,,,,,7
65,1,select_coverage,4.0,exact,list,e,0,1.0,1.0,1.0,1.0,0,,,,,,7
65,1,select_coverage_CBA_M1,,DAC,list,e,2,0.9963076923076924,0.9963599973273238,0.9962989450285152,0.9926009227264996,6,0.9950769230769232,0.9950646605397592,0.9950646605397592,0.9901293210795182,8.0,7
65,1,select_coverage_CBA_M1,,exact,majority,e,2,0.9987692307692309,0.9987046632124352,0.9987660114757136,0.997535064643578,2,0.9975384615384616,0.9974093264248703,0.9975317080580238,0.9950755709624712,4.0,7
65,1,select_coverage_CBA_M1,,exact,cmar,e,2,0.9987692307692309,0.9987046632124352,0.9987660114757136,0.997535064643578,2,0.9975384615384616,0.9974093264248703,0.9975317080580238,0.9950755709624712,4.0,7
65,1,select_coverage_CBA_M1,,exact,top_k_avg,e,2,1.0,1.0,1.0,1.0,0,0.9987692307692309,0.9987046632124352,0.9987660114757136,0.997535064643578,2.0,7
65,1,select_coverage_CBA_M1,,exact,list,e,2,1.0,1.0,1.0,1.0,0,0.9987692307692309,0.9987046632124352,0.9987660114757136,0.997535064643578,2.0,7
65,2,select_coverage,1.0,exact,majority,e,0,0.9987692307692309,0.9987046632124352,0.9987660114757136,0.997535064643578,2,,,,,,7
65,2,select_coverage,1.0,exact,cmar,e,0,0.9987692307692309,0.9987046632124352,0.9987660114757136,0.997535064643578,2,,,,,,7
65,2,select_coverage,1.0,exact,top_k_avg,e,0,1.0,1.0,1.0,1.0,0,,,,,,7
65,2,select_coverage,1.0,exact,list,e,0,1.0,1.0,1.0,1.0,0,,,,,,7
65,2,select_coverage,2.0,exact,majority,e,0,0.9987692307692309,0.9987046632124352,0.9987660114757136,0.997535064643578,2,,,,,,7
65,2,select_coverage,2.0,exact,cmar,e,0,0.9987692307692309,0.9987046632124352,0.9987660114757136,0.997535064643578,2,,,,,,7
65,2,select_coverage,2.0,exact,top_k_avg,e,0,1.0,1.0,1.0,1.0,0,,,,,,7
65,2,select_coverage,2.0,exact,list,e,0,1.0,1.0,1.0,1.0,0,,,,,,7
65,2,select_coverage,3.0,exact,majority,e,0,0.9987692307692309,0.9987046632124352,0.9987660114757136,0.997535064643578,2,,,,,,7
65,2,select_coverage,3.0,exact,cmar,e,0,0.9987692307692309,0.9987046632124352,0.9987660114757136,0.997535064643578,2,,,,,,7
65,2,select_coverage,3.0,exact,top_k_avg,e,0,1.0,1.0,1.0,1.0,0,,,,,,7
65,2,select_coverage,3.0,exact,list,e,0,1.0,1.0,1.0,1.0,0,,,,,,7
65,2,select_coverage,4.0,exact,majority,e,0,0.9987692307692309,0.9987046632124352,0.9987660114757136,0.997535064643578,2,,,,,,7
65,2,select_coverage,4.0,exact,cmar,e,0,0.9987692307692309,0.9987046632124352,0.9987660114757136,0.997535064643578,2,,,,,,7
65,2,select_coverage,4.0,exact,top_k_avg,e,0,1.0,1.0,1.0,1.0,0,,,,,,7
65,2,select_coverage,4.0,exact,list,e,0,1.0,1.0,1.0,1.0,0,,,,,,7
65,2,select_coverage_CBA_M1,,exact,majority,e,2,0.9987692307692309,0.9987046632124352,0.9987660114757136,0.997535064643578,2,0.9975384615384616,0.9974093264248703,0.9975317080580238,0.9950755709624712,4.0,7
65,2,select_coverage_CBA_M1,,exact,cmar,e,2,0.9987692307692309,0.9987046632124352,0.9987660114757136,0.997535064643578,2,0.9975384615384616,0.9974093264248703,0.9975317080580238,0.9950755709624712,4.0,7
65,2,select_coverage_CBA_M1,,exact,top_k_avg,e,2,1.0,1.0,1.0,1.0,0,0.9987692307692309,0.9987046632124352,0.9987660114757136,0.997535064643578,2.0,7
65,2,select_coverage_CBA_M1,,exact,list,e,2,1.0,1.0,1.0,1.0,0,0.9987692307692309,0.9987046632124352,0.9987660114757136,0.997535064643578,2.0,7
68,1,select_coverage,1.0,DAC,list,e,0,0.9987692307692309,0.9987775061124696,0.9987691930147728,0.9975414120766212,2,,,,,,7
68,1,select_coverage,1.0,exact,majority,e,0,1.0,1.0,1.0,1.0,0,,,,,,7
68,1,select_coverage,1.0,exact,cmar,e,0,0.9993846153846154,0.9993887530562346,0.9993845920792268,0.9987699411463972,1,,,,,,7
68,1,select_coverage,1.0,exact,top_k_avg,e,0,0.9993846153846154,0.9993804213135068,0.9993845818242963,0.9987699206617496,1,,,,,,7
68,1,select_coverage,1.0,exact,list,e,0,1.0,1.0,1.0,1.0,0,,,,,,7
68,1,select_coverage,2.0,DAC,list,e,0,0.9987692307692309,0.9987775061124696,0.9987691930147728,0.9975414120766212,2,,,,,,7
68,1,select_coverage,2.0,exact,majority,e,0,0.9993846153846154,0.9993887530562346,0.9993845920792268,0.9987699411463972,1,,,,,,7
68,1,select_coverage,2.0,exact,cmar,e,0,0.9993846153846154,0.9993887530562346,0.9993845920792268,0.9987699411463972,1,,,,,,7
68,1,select_coverage,2.0,exact,top_k_avg,e,0,0.9993846153846154,0.9993887530562346,0.9993845920792268,0.9987699411463972,1,,,,,,7
68,1,select_coverage,2.0,exact,list,e,0,1.0,1.0,1.0,1.0,0,,,,,,7
68,1,select_coverage,3.0,DAC,list,e,0,0.9987692307692309,0.9987775061124696,0.9987691930147728,0.9975414120766212,2,,,,,,7
68,1,select_coverage,3.0,exact,majority,e,0,0.9993846153846154,0.9993887530562346,0.9993845920792268,0.9987699411463972,1,,,,,,7
68,1,select_coverage,3.0,exact,cmar,e,0,0.9987692307692309,0.9987691743697416,0.9987691743697416,0.9975383487394832,2,,,,,,7
68,1,select_coverage,3.0,exact,top_k_avg,e,0,1.0,1.0,1.0,1.0,0,,,,,,7
68,1,select_coverage,3.0,exact,list,e,0,1.0,1.0,1.0,1.0,0,,,,,,7
68,1,select_coverage,4.0,DAC,list,e,0,0.9987692307692309,0.9987775061124696,0.9987691930147728,0.9975414120766212,2,,,,,,7
68,1,select_coverage,4.0,exact,majority,e,0,0.9993846153846154,0.9993887530562346,0.9993845920792268,0.9987699411463972,1,,,,,,7
68,1,select_coverage,4.0,exact,cmar,e,0,0.9987692307692309,0.9987691743697416,0.9987691743697416,0.9975383487394832,2,,,,,,7
68,1,select_coverage,4.0,exact,top_k_avg,e,0,1.0,1.0,1.0,1.0,0,,,,,,7
68,1,select_coverage,4.0,exact,list,e,0,1.0,1.0,1.0,1.0,0,,,,,,7
68,1,select_coverage_CBA_M1,,DAC,list,e,26,0.9975384615384616,0.9975383487394832,0.9975383487394832,0.995076697478966,4,0.9815384615384616,0.9814293028906602,0.981528885413162,0.9635609592699088,30.0,7
68,1,select_coverage_CBA_M1,,exact,majority,e,26,0.9975384615384616,0.9975216852540272,0.9975382517800332,0.9950885942020112,4,0.9815384615384616,0.9814126394052044,0.9815267015897268,0.9637235411455682,30.0,7
68,1,select_coverage_CBA_M1,,exact,cmar,e,26,0.9975384615384616,0.9975216852540272,0.9975382517800332,0.9950885942020112,4,0.9815384615384616,0.9814126394052044,0.9815267015897268,0.9637235411455682,30.0,7
68,1,select_coverage_CBA_M1,,exact,top_k_avg,e,26,0.9981538461538462,0.9981495956832483,0.9981537454728892,0.9963082470265512,3,0.9821538461538462,0.9820405498344256,0.982144081819322,0.9648311850611184,29.0,7
68,1,select_coverage_CBA_M1,,exact,list,e,26,0.9987692307692309,0.9987608426270136,0.9987691519949584,0.9975413302384496,2,0.9827692307692308,0.9826517967781908,0.9827593001261034,0.9661030024090264,28.0,7
68,2,select_coverage,1.0,exact,majority,e,0,1.0,1.0,1.0,1.0,0,,,,,,7
68,2,select_coverage,1.0,exact,cmar,e,0,0.9993846153846154,0.9993887530562346,0.9993845920792268,0.9987699411463972,1,,,,,,7
68,2,select_coverage,1.0,exact,top_k_avg,e,0,0.9993846153846154,0.9993804213135068,0.9993845818242963,0.9987699206617496,1,,,,,,7
68,2,select_coverage,1.0,exact,list,e,0,1.0,1.0,1.0,1.0,0,,,,,,7
68,2,select_coverage,2.0,exact,majority,e,0,0.9993846153846154,0.9993887530562346,0.9993845920792268,0.9987699411463972,1,,,,,,7
68,2,select_coverage,2.0,exact,cmar,e,0,0.9993846153846154,0.9993887530562346,0.9993845920792268,0.9987699411463972,1,,,,,,7
68,2,select_coverage,2.0,exact,top_k_avg,e,0,0.9993846153846154,0.9993887530562346,0.9993845920792268,0.9987699411463972,1,,,,,,7
68,2,select_coverage,2.0,exact,list,e,0,1.0,1.0,1.0,1.0,0,,,,,,7
68,2,select_coverage,3.0,exact,majority,e,0,0.9993846153846154,0.9993887530562346,0.9993845920792268,0.9987699411463972,1,,,,,,7
68,2,select_coverage,3.0,exact,cmar,e,0,0.9987692307692309,0.9987691743697416,0.9987691743697416,0.9975383487394832,2,,,,,,7
68,2,select_coverage,3.0,exact,top_k_avg,e,0,1.0,1.0,1.0,1.0,0,,,,,,7
68,2,select_coverage,3.0,exact,list,e,0,1.0,1.0,1.0,1.0,0,,,,,,7
68,2,select_coverage,4.0,exact,majority,e,0,0.9993846153846154,0.9993887530562346,0.9993845920792268,0.9987699411463972,1,,,,,,7
68,2,select_coverage,4.0,exact,cmar,e,0,0.9987692307692309,0.9987691743697416,0.9987691743697416,0.9975383487394832,2,,,,,,7
68,2,select_coverage,4.0,exact,top_k_avg,e,0,1.0,1.0,1.0,1.0,0,,,,,,7
68,2,select_coverage,4.0,exact,list,e,0,1.0,1.0,1.0,1.0,0,,,,,,7
68,2,select_coverage_CBA_M1,,exact,majority,e,1,0.9975384615384616,0.9975216852540272,0.9975382517800332,0.9950885942020112,4,0.9969230769230768,0.996902106567534,0.9969227785964764,0.9938644376710416,5.0,7
68,2,select_coverage_CBA_M1,,exact,cmar,e,1,0.9975384615384616,0.9975216852540272,0.9975382517800332,0.9950885942020112,4,0.9969230769230768,0.996902106567534,0.9969227785964764,0.9938644376710416,5.0,7
68,2,select_coverage_CBA_M1,,exact,top_k_avg,e,1,0.9981538461538462,0.9981495956832483,0.9981537454728892,0.9963082470265512,3,0.9975384615384616,0.9975300169967553,0.9975383039899168,0.9950796304986852,4.0,7
68,2,select_coverage_CBA_M1,,exact,list,e,1,0.9987692307692309,0.9987608426270136,0.9987691519949584,0.9975413302384496,2,0.9981538461538462,0.9981412639405204,0.9981537091131782,0.996314223241464,3.0,7
74,1,select_coverage,1.0,DAC,list,e,0,0.9969230769230768,0.9969119995636192,0.996922163115127,0.9938450817437114,5,,,,,,7
74,1,select_coverage,1.0,exact,majority,e,0,0.9969230769230768,0.9969119995636192,0.996922163115127,0.9938450817437114,5,,,,,,7
74,1,select_coverage,1.0,exact,cmar,e,0,0.9969230769230768,0.9969119995636192,0.996922163115127,0.9938450817437114,5,,,,,,7
74,1,select_coverage,1.0,exact,top_k_avg,e,0,0.9987692307692309,0.9987484355444304,0.9987688386625572,0.99754070511271,2,,,,,,7
74,1,select_coverage,1.0,exact,list,e,0,1.0,1.0,1.0,1.0,0,,,,,,7
74,1,select_coverage,2.0,DAC,list,e,0,0.9969230769230768,0.9969119995636192,0.996922163115127,0.9938450817437114,5,,,,,,7
74,1,select_coverage,2.0,exact,majority,e,0,0.9981538461538462,0.9981635640191886,0.998153373417441,0.9963075032198516,3,,,,,,7
74,1,select_coverage,2.0,exact,cmar,e,0,0.9969230769230768,0.9969119995636192,0.996922163115127,0.9938450817437114,5,,,,,,7
74,1,select_coverage,2.0,exact,top_k_avg,e,0,0.9993846153846154,0.9993742177722152,0.9993844326230256,0.998769622626085,1,,,,,,7
74,1,select_coverage,2.0,exact,list,e,0,1.0,1.0,1.0,1.0,0,,,,,,7
74,1,select_coverage,3.0,DAC,list,e,0,0.9969230769230768,0.9969119995636192,0.996922163115127,0.9938450817437114,5,,,,,,7
74,1,select_coverage,3.0,exact,majority,e,0,0.9981538461538462,0.9981635640191886,0.998153373417441,0.9963075032198516,3,,,,,,7
74,1,select_coverage,3.0,exact,cmar,e,0,0.9969230769230768,0.9969119995636192,0.996922163115127,0.9938450817437114,5,,,,,,7
74,1,select_coverage,3.0,exact,top_k_avg,e,0,0.9993846153846154,0.9993742177722152,0.9993844326230256,0.998769622626085,1,,,,,,7
74,1,select_coverage,3.0,exact,list,e,0,1.0,1.0,1.0,1.0,0,,,,,,7
74,1,select_coverage,4.0,DAC,list,e,0,0.9969230769230768,0.9969119995636192,0.996922163115127,0.9938450817437114,5,,,,,,7
74,1,select_coverage,4.0,exact,majority,e,0,0.9981538461538462,0.9981635640191886,0.998153373417441,0.9963075032198516,3,,,,,,7
74,1,select_coverage,4.0,exact,cmar,e,0,0.9969230769230768,0.9969119995636192,0.996922163115127,0.9938450817437114,5,,,,,,7
74,1,select_coverage,4.0,exact,top_k_avg,e,0,0.9993846153846154,0.9993742177722152,0.9993844326230256,0.998769622626085,1,,,,,,7
74,1,select_coverage,4.0,exact,list,e,0,1.0,1.0,1.0,1.0,0,,,,,,7
74,1,select_coverage_CBA_M1,,DAC,list,e,7,0.9981538461538462,0.9981226533166458,0.9981532167176506,0.9963132420739192,3,0.9938461538461538,0.9937421777221528,0.9938429618043874,0.9877612776492108,10.0,7
74,1,select_coverage_CBA_M1,,exact,majority,e,7,0.9981538461538462,0.9981226533166458,0.9981532167176506,0.9963132420739192,3,0.9938461538461538,0.9937421777221528,0.9938429618043874,0.9877612776492108,10.0,7
74,1,select_coverage_CBA_M1,,exact,cmar,e,7,0.9981538461538462,0.9981226533166458,0.9981532167176506,0.9963132420739192,3,0.9938461538461538,0.9937421777221528,0.9938429618043874,0.9877612776492108,10.0,7
74,1,select_coverage_CBA_M1,,exact,top_k_avg,e,7,0.9969230769230768,0.9968710888610764,0.996921883269479,0.9938626579715863,5,0.9926153846153846,0.9924906132665832,0.9926111286254728,0.9853306467538968,12.0,7
74,1,select_coverage_CBA_M1,,exact,list,e,7,0.9981538461538462,0.9981226533166458,0.9981532167176506,0.9963132420739192,3,0.9938461538461538,0.9937421777221528,0.9938429618043874,0.9877612776492108,10.0,7
74,2,select_coverage,1.0,exact,majority,e,0,0.9969230769230768,0.9969119995636192,0.996922163115127,0.9938450817437114,5,,,,,,7
74,2,select_coverage,1.0,exact,cmar,e,0,0.9969230769230768,0.9969119995636192,0.996922163115127,0.9938450817437114,5,,,,,,7
74,2,select_coverage,1.0,exact,top_k_avg,e,0,0.9987692307692309,0.9987484355444304,0.9987688386625572,0.99754070511271,2,,,,,,7
74,2,select_coverage,1.0,exact,list,e,0,1.0,1.0,1.0,1.0,0,,,,,,7
74,2,select_coverage,2.0,exact,majority,e,0,0.9981538461538462,0.9981635640191886,0.998153373417441,0.9963075032198516,3,,,,,,7
74,2,select_coverage,2.0,exact,cmar,e,0,0.9969230769230768,0.9969119995636192,0.996922163115127,0.9938450817437114,5,,,,,,7
74,2,select_coverage,2.0,exact,top_k_avg,e,0,0.9993846153846154,0.9993742177722152,0.9993844326230256,0.998769622626085,1,,,,,,7
74,2,select_coverage,2.0,exact,list,e,0,1.0,1.0,1.0,1.0,0,,,,,,7
74,2,select_coverage,3.0,exact,majority,e,0,0.9981538461538462,0.9981635640191886,0.998153373417441,0.9963075032198516,3,,,,,,7
74,2,select_coverage,3.0,exact,cmar,e,0,0.9969230769230768,0.9969119995636192,0.996922163115127,0.9938450817437114,5,,,,,,7
74,2,select_coverage,3.0,exact,top_k_avg,e,0,0.9993846153846154,0.9993742177722152,0.9993844326230256,0.998769622626085,1,,,,,,7
74,2,select_coverage,3.0,exact,list,e,0,1.0,1.0,1.0,1.0,0,,,,,,7
74,2,select_coverage,4.0,exact,majority,e,0,0.9981538461538462,0.9981635640191886,0.998153373417441,0.9963075032198516,3,,,,,,7
74,2,select_coverage,4.0,exact,cmar,e,0,0.9969230769230768,0.9969119995636192,0.996922163115127,0.9938450817437114,5,,,,,,7
74,2,select_coverage,4.0,exact,top_k_avg,e,0,0.9993846153846154,0.9993742177722152,0.9993844326230256,0.998769622626085,1,,,,,,7
74,2,select_coverage,4.0,exact,list,e,0,1.0,1.0,1.0,1.0,0,,,,,,7
74,2,select_coverage_CBA_M1,,exact,majority,e,3,0.9981538461538462,0.9981226533166458,0.9981532167176506,0.9963132420739192,3,0.9963076923076924,0.9962453066332916,0.99630616896303,0.9926395262310964,6.0,7
74,2,select_coverage_CBA_M1,,exact,cmar,e,3,0.9981538461538462,0.9981226533166458,0.9981532167176506,0.9963132420739192,3,0.9963076923076924,0.9962453066332916,0.99630616896303,0.9926395262310964,6.0,7
74,2,select_coverage_CBA_M1,,exact,top_k_avg,e,3,0.9987692307692309,0.9987484355444304,0.9987688386625572,0.99754070511271,2,0.9969230769230768,0.9968710888610764,0.996921883269479,0.9938626579715863,5.0,7
74,2,select_coverage_CBA_M1,,exact,list,e,3,1.0,1.0,1.0,1.0,0,0.9981538461538462,0.9981226533166458,0.9981532167176506,0.9963132420739192,3.0,7
76,1,select_coverage,1.0,DAC,list,e,0,0.9975384615384616,0.9975851018308616,0.997534516765286,0.9950720653336425,4,,,,,,7
76,1,select_coverage,1.0,exact,majority,e,0,0.9969230769230768,0.9969940852823982,0.996918296745456,0.9938434101740062,5,,,,,,7
76,1,select_coverage,1.0,exact,cmar,e,0,0.9969230769230768,0.9969940852823982,0.996918296745456,0.9938434101740062,5,,,,,,7
76,1,select_coverage,1.0,exact,top_k_avg,e,0,0.9987692307692309,0.9987163029525032,0.9987670077060122,0.99753705220093,2,,,,,,7
76,1,select_coverage,1.0,exact,list,e,0,1.0,1.0,1.0,1.0,0,,,,,,7
76,1,select_coverage,2.0,DAC,list,e,0,0.9975384615384616,0.9975851018308616,0.997534516765286,0.9950720653336425,4,,,,,,7
76,1,select_coverage,2.0,exact,majority,e,0,0.9975384615384616,0.9976359338061466,0.9975347561456632,0.9950816372100398,4,,,,,,7
76,1,select_coverage,2.0,exact,cmar,e,0,0.9969230769230768,0.9969940852823982,0.996918296745456,0.9938434101740062,5,,,,,,7
76,1,select_coverage,2.0,exact,top_k_avg,e,0,0.9993846153846154,0.9993581514762516,0.9993835358939543,0.9987678313748192,1,,,,,,7
76,1,select_coverage,2.0,exact,list,e,0,1.0,1.0,1.0,1.0,0,,,,,,7
76,1,select_coverage,3.0,DAC,list,e,0,0.9981538461538462,0.998176118379325,0.9981507956889072,0.9963023498720358,3,,,,,,7
76,1,select_coverage,3.0,exact,majority,e,0,0.9975384615384616,0.9976359338061466,0.9975347561456632,0.9950816372100398,4,,,,,,7
76,1,select_coverage,3.0,exact,cmar,e,0,0.9969230769230768,0.9969940852823982,0.996918296745456,0.9938434101740062,5,,,,,,7
76,1,select_coverage,3.0,exact,top_k_avg,e,0,1.0,1.0,1.0,1.0,0,,,,,,7
76,1,select_coverage,3.0,exact,list,e,0,1.0,1.0,1.0,1.0,0,,,,,,7
76,1,select_coverage,4.0,DAC,list,e,0,0.9975384615384616,0.9975851018308616,0.997534516765286,0.9950720653336425,4,,,,,,7
76,1,select_coverage,4.0,exact,majority,e,0,0.9975384615384616,0.9976359338061466,0.9975347561456632,0.9950816372100398,4,,,,,,7
76,1,select_coverage,4.0,exact,cmar,e,0,0.9969230769230768,0.9969940852823982,0.996918296745456,0.9938434101740062,5,,,,,,7
76,1,select_coverage,4.0,exact,top_k_avg,e,0,1.0,1.0,1.0,1.0,0,,,,,,7
76,1,select_coverage,4.0,exact,list,e,0,1.0,1.0,1.0,1.0,0,,,,,,7
76,1,select_coverage_CBA_M1,,DAC,list,e,4,0.9987692307692309,0.9987671349277882,0.9987671349277882,0.9975342698555764,2,0.9963076923076924,0.9961997408327948,0.9963006301449696,0.9926133800204278,6.0,7
76,1,select_coverage_CBA_M1,,exact,majority,e,4,0.9993846153846154,0.9993581514762516,0.9993835358939543,0.9987678313748192,1,0.9969230769230768,0.996790757381258,0.996917024513165,0.9938529999620638,5.0,7
76,1,select_coverage_CBA_M1,,exact,cmar,e,4,0.9993846153846154,0.9993581514762516,0.9993835358939543,0.9987678313748192,1,0.9969230769230768,0.996790757381258,0.996917024513165,0.9938529999620638,5.0,7
76,1,select_coverage_CBA_M1,,exact,top_k_avg,e,4,0.9987692307692309,0.9987163029525032,0.9987670077060122,0.99753705220093,2,0.9963076923076924,0.9961489088575096,0.9963002258569816,0.9926277272543867,6.0,7
76,1,select_coverage_CBA_M1,,exact,list,e,4,1.0,1.0,1.0,1.0,0,0.9975384615384616,0.9974326059050064,0.99753375342998,0.9950796416198056,4.0,7
76,2,select_coverage,1.0,exact,majority,e,0,0.9969230769230768,0.9969940852823982,0.996918296745456,0.9938434101740062,5,,,,,,7
76,2,select_coverage,1.0,exact,cmar,e,0,0.9969230769230768,0.9969940852823982,0.996918296745456,0.9938434101740062,5,,,,,,7
76,2,select_coverage,1.0,exact,top_k_avg,e,0,0.9987692307692309,0.9987163029525032,0.9987670077060122,0.99753705220093,2,,,,,,7
76,2,select_coverage,1.0,exact,list,e,0,1.0,1.0,1.0,1.0,0,,,,,,7
76,2,select_coverage,2.0,exact,majority,e,0,0.9975384615384616,0.9976359338061466,0.9975347561456632,0.9950816372100398,4,,,,,,7
76,2,select_coverage,2.0,exact,cmar,e,0,0.9969230769230768,0.9969940852823982,0.996918296745456,0.9938434101740062,5,,,,,,7
76,2,select_coverage,2.0,exact,top_k_avg,e,0,0.9993846153846154,0.9993581514762516,0.9993835358939543,0.9987678313748192,1,,,,,,7
76,2,select_coverage,2.0,exact,list,e,0,1.0,1.0,1.0,1.0,0,,,,,,7
76,2,select_coverage,3.0,exact,majority,e,0,0.9975384615384616,0.9976359338061466,0.9975347561456632,0.9950816372100398,4,,,,,,7
76,2,select_coverage,3.0,exact,cmar,e,0,0.9969230769230768,0.9969940852823982,0.996918296745456,0.9938434101740062,5,,,,,,7
76,2,select_coverage,3.0,exact,top_k_avg,e,0,1.0,1.0,1.0,1.0,0,,,,,,7
76,2,select_coverage,3.0,exact,list,e,0,1.0,1.0,1.0,1.0,0,,,,,,7
76,2,select_coverage,4.0,exact,majority,e,0,0.9975384615384616,0.9976359338061466,0.9975347561456632,0.9950816372100398,4,,,,,,7
76,2,select_coverage,4.0,exact,cmar,e,0,0.9969230769230768,0.9969940852823982,0.996918296745456,0.9938434101740062,5,,,,,,7
76,2,select_coverage,4.0,exact,top_k_avg,e,0,1.0,1.0,1.0,1.0,0,,,,,,7
76,2,select_coverage,4.0,exact,list,e,0,1.0,1.0,1.0,1.0,0,,,,,,7
76,2,select_coverage_CBA_M1,,exact,majority,e,4,0.9993846153846154,0.9993581514762516,0.9993835358939543,0.9987678313748192,1,0.9969230769230768,0.996790757381258,0.996917024513165,0.9938529999620638,5.0,7
76,2,select_coverage_CBA_M1,,exact,cmar,e,4,0.9993846153846154,0.9993581514762516,0.9993835358939543,0.9987678313748192,1,0.9969230769230768,0.996790757381258,0.996917024513165,0.9938529999620638,5.0,7
76,2,select_coverage_CBA_M1,,exact,top_k_avg,e,4,0.9987692307692309,0.9987163029525032,0.9987670077060122,0.99753705220093,2,0.9963076923076924,0.9961489088575096,0.9963002258569816,0.9926277272543867,6.0,7
76,2,select_coverage_CBA_M1,,exact,list,e,4,1.0,1.0,1.0,1.0,0,0.9975384615384616,0.9974326059050064,0.99753375342998,0.9950796416198056,4.0,7
100,1,select_coverage,1.0,DAC,list,e,0,0.9883076923076924,0.98811013767209,0.9882983154501274,0.97686731968946,19,,,,,,7
100,1,select_coverage,1.0,exact,majority,e,0,0.9987692307692309,0.9987484355444304,0.9987688386625572,0.99754070511271,2,,,,,,7
100,1,select_coverage,1.0,exact,cmar,e,0,0.9987692307692309,0.9987484355444304,0.9987688386625572,0.99754070511271,2,,,,,,7
100,1,select_coverage,1.0,exact,top_k_avg,e,0,1.0,1.0,1.0,1.0,0,,,,,,7
100,1,select_coverage,1.0,exact,list,e,0,1.0,1.0,1.0,1.0,0,,,,,,7
100,1,select_coverage,2.0,DAC,list,e,0,0.9883076923076924,0.98811013767209,0.9882983154501274,0.97686731968946,19,,,,,,7
100,1,select_coverage,2.0,exact,majority,e,0,0.9987692307692309,0.9987484355444304,0.9987688386625572,0.99754070511271,2,,,,,,7
100,1,select_coverage,2.0,exact,cmar,e,0,0.9981538461538462,0.9981226533166458,0.9981532167176506,0.9963132420739192,3,,,,,,7
100,1,select_coverage,2.0,exact,top_k_avg,e,0,1.0,1.0,1.0,1.0,0,,,,,,7
100,1,select_coverage,2.0,exact,list,e,0,1.0,1.0,1.0,1.0,0,,,,,,7
100,1,select_coverage,3.0,DAC,list,e,0,0.9883076923076924,0.98811013767209,0.9882983154501274,0.97686731968946,19,,,,,,7
100,1,select_coverage,3.0,exact,majority,e,0,0.9987692307692309,0.9987484355444304,0.9987688386625572,0.99754070511271,2,,,,,,7
100,1,select_coverage,3.0,exact,cmar,e,0,0.9987692307692309,0.9987484355444304,0.9987688386625572,0.99754070511271,2,,,,,,7
100,1,select_coverage,3.0,exact,top_k_avg,e,0,0.9993846153846154,0.9993742177722152,0.9993844326230256,0.998769622626085,1,,,,,,7
100,1,select_coverage,3.0,exact,list,e,0,1.0,1.0,1.0,1.0,0,,,,,,7
100,1,select_coverage,4.0,DAC,list,e,0,0.9883076923076924,0.98811013767209,0.9882983154501274,0.97686731968946,19,,,,,,7
100,1,select_coverage,4.0,exact,majority,e,0,0.9987692307692309,0.9987484355444304,0.9987688386625572,0.99754070511271,2,,,,,,7
100,1,select_coverage,4.0,exact,cmar,e,0,0.9987692307692309,0.9987484355444304,0.9987688386625572,0.99754070511271,2,,,,,,7
100,1,select_coverage,4.0,exact,top_k_avg,e,0,0.9993846153846154,0.9993742177722152,0.9993844326230256,0.998769622626085,1,,,,,,7
100,1,select_coverage,4.0,exact,list,e,0,1.0,1.0,1.0,1.0,0,,,,,,7
100,1,select_coverage_CBA_M1,,DAC,list,e,3,0.9883076923076924,0.98811013767209,0.9882983154501274,0.97686731968946,19,0.9864615384615384,0.9862327909887358,0.9864492173522794,0.973260767763542,22.0,7
100,1,select_coverage_CBA_M1,,exact,majority,e,3,0.9981538461538462,0.9981226533166458,0.9981532167176506,0.9963132420739192,3,0.9963076923076924,0.9962453066332916,0.99630616896303,0.9926395262310964,6.0,7
100,1,select_coverage_CBA_M1,,exact,cmar,e,3,0.9956923076923077,0.9956195244055068,0.9956904210657522,0.9914178276110628,7,0.9938461538461538,0.9937421777221528,0.9938429618043874,0.9877612776492108,10.0,7
100,1,select_coverage_CBA_M1,,exact,top_k_avg,e,3,0.9993846153846154,0.9993742177722152,0.9993844326230256,0.998769622626085,1,0.9975384615384616,0.9974968710888612,0.99753756538711,0.995087228142845,4.0,7
100,1,select_coverage_CBA_M1,,exact,list,e,3,0.9993846153846154,0.9993742177722152,0.9993844326230256,0.998769622626085,1,0.9975384615384616,0.9974968710888612,0.99753756538711,0.995087228142845,4.0,7
100,2,select_coverage,1.0,exact,majority,e,0,0.9987692307692309,0.9987484355444304,0.9987688386625572,0.99754070511271,2,,,,,,7
100,2,select_coverage,1.0,exact,cmar,e,0,0.9987692307692309,0.9987484355444304,0.9987688386625572,0.99754070511271,2,,,,,,7
100,2,select_coverage,1.0,exact,top_k_avg,e,0,1.0,1.0,1.0,1.0,0,,,,,,7
100,2,select_coverage,1.0,exact,list,e,0,1.0,1.0,1.0,1.0,0,,,,,,7
100,2,select_coverage,2.0,exact,majority,e,0,0.9987692307692309,0.9987484355444304,0.9987688386625572,0.99754070511271,2,,,,,,7
100,2,select_coverage,2.0,exact,cmar,e,0,0.9981538461538462,0.9981226533166458,0.9981532167176506,0.9963132420739192,3,,,,,,7
100,2,select_coverage,2.0,exact,top_k_avg,e,0,1.0,1.0,1.0,1.0,0,,,,,,7
100,2,select_coverage,2.0,exact,list,e,0,1.0,1.0,1.0,1.0,0,,,,,,7
100,2,select_coverage,3.0,exact,majority,e,0,0.9987692307692309,0.9987484355444304,0.9987688386625572,0.99754070511271,2,,,,,,7
100,2,select_coverage,3.0,exact,cmar,e,0,0.9987692307692309,0.9987484355444304,0.9987688386625572,0.99754070511271,2,,,,,,7
100,2,select_coverage,3.0,exact,top_k_avg,e,0,0.9993846153846154,0.9993742177722152,0.9993844326230256,0.998769622626085,1,,,,,,7
100,2,select_coverage,3.0,exact,list,e,0,1.0,1.0,1.0,1.0,0,,,,,,7
100,2,select_coverage,4.0,exact,majority,e,0,0.9987692307692309,0.9987484355444304,0.9987688386625572,0.99754070511271,2,,,,,,7
100,2,select_coverage,4.0,exact,cmar,e,0,0.9987692307692309,0.9987484355444304,0.9987688386625572,0.99754070511271,2,,,,,,7
100,2,select_coverage,4.0,exact,top_k_avg,e,0,0.9993846153846154,0.9993742177722152,0.9993844326230256,0.998769622626085,1,,,,,,7
100,2,select_coverage,4.0,exact,list,e,0,1.0,1.0,1.0,1.0,0,,,,,,7
100,2,select_coverage_CBA_M1,,exact,majority,e,3,0.9981538461538462,0.9981226533166458,0.9981532167176506,0.9963132420739192,3,0.9963076923076924,0.9962453066332916,0.99630616896303,0.9926395262310964,6.0,7
100,2,select_coverage_CBA_M1,,exact,cmar,e,3,0.9956923076923077,0.9956195244055068,0.9956904210657522,0.9914178276110628,7,0.9938461538461538,0.9937421777221528,0.9938429618043874,0.9877612776492108,10.0,7
100,2,select_coverage_CBA_M1,,exact,top_k_avg,e,3,0.9993846153846154,0.9993742177722152,0.9993844326230256,0.998769622626085,1,0.9975384615384616,0.9974968710888612,0.99753756538711,0.995087228142845,4.0,7
100,2,select_coverage_CBA_M1,,exact,list,e,3,0.9993846153846154,0.9993742177722152,0.9993844326230256,0.998769622626085,1,0.9975384615384616,0.9974968710888612,0.99753756538711,0.995087228142845,4.0,7
114,1,select_coverage,1.0,DAC,list,e,0,0.9987692307692309,0.9986928104575163,0.9987648296453048,0.997532706804608,2,,,,,,7
114,1,select_coverage,1.0,exact,majority,e,0,0.9987692307692309,0.9986928104575163,0.9987648296453048,0.997532706804608,2,,,,,,7
114,1,select_coverage,1.0,exact,cmar,e,0,0.9987692307692309,0.9986928104575163,0.9987648296453048,0.997532706804608,2,,,,,,7
114,1,select_coverage,1.0,exact,top_k_avg,e,0,1.0,1.0,1.0,1.0,0,,,,,,7
114,1,select_coverage,1.0,exact,list,e,0,1.0,1.0,1.0,1.0,0,,,,,,7
114,1,select_coverage,2.0,DAC,list,e,0,0.9987692307692309,0.9986928104575163,0.9987648296453048,0.997532706804608,2,,,,,,7
114,1,select_coverage,2.0,exact,majority,e,0,0.9993846153846154,0.9993464052287582,0.9993824601192745,0.998765682477202,1,,,,,,7
114,1,select_coverage,2.0,exact,cmar,e,0,0.9987692307692309,0.9986928104575163,0.9987648296453048,0.997532706804608,2,,,,,,7
114,1,select_coverage,2.0,exact,top_k_avg,e,0,0.9993846153846154,0.9993464052287582,0.9993824601192745,0.998765682477202,1,,,,,,7
114,1,select_coverage,2.0,exact,list,e,0,1.0,1.0,1.0,1.0,0,,,,,,7
114,1,select_coverage,3.0,DAC,list,e,0,0.9963076923076924,0.996078431372549,0.9962933732356456,0.992614122769498,6,,,,,,7
114,1,select_coverage,3.0,exact,majority,e,0,0.9993846153846154,0.9993464052287582,0.9993824601192745,0.998765682477202,1,,,,,,7
114,1,select_coverage,3.0,exact,cmar,e,0,0.9987692307692309,0.9986928104575163,0.9987648296453048,0.997532706804608,2,,,,,,7
114,1,select_coverage,3.0,exact,top_k_avg,e,0,0.9993846153846154,0.9993464052287582,0.9993824601192745,0.998765682477202,1,,,,,,7
114,1,select_coverage,3.0,exact,list,e,0,1.0,1.0,1.0,1.0,0,,,,,,7
114,1,select_coverage,4.0,DAC,list,e,0,0.9981538461538462,0.9980392156862744,0.998147107149658,0.996301067977826,3,,,,,,7
114,1,select_coverage,4.0,exact,majority,e,0,0.9987692307692309,0.9986928104575163,0.9987648296453048,0.997532706804608,2,,,,,,7
114,1,select_coverage,4.0,exact,cmar,e,0,0.9987692307692309,0.9986928104575163,0.9987648296453048,0.997532706804608,2,,,,,,7
114,1,select_coverage,4.0,exact,top_k_avg,e,0,0.9993846153846154,0.9993464052287582,0.9993824601192745,0.998765682477202,1,,,,,,7
114,1,select_coverage,4.0,exact,list,e,0,1.0,1.0,1.0,1.0,0,,,,,,7
114,1,select_coverage_CBA_M1,,DAC,list,e,16,0.9987692307692309,0.9986928104575163,0.9987648296453048,0.997532706804608,2,0.9889230769230768,0.9882352941176472,0.9888692531097596,0.9779835525320356,18.0,7
114,1,select_coverage_CBA_M1,,exact,majority,e,16,0.9987692307692309,0.9986928104575163,0.9987648296453048,0.997532706804608,2,0.9889230769230768,0.9882352941176472,0.9888692531097596,0.9779835525320356,18.0,7
114,1,select_coverage_CBA_M1,,exact,cmar,e,16,0.9987692307692309,0.9986928104575163,0.9987648296453048,0.997532706804608,2,0.9889230769230768,0.9882352941176472,0.9888692531097596,0.9779835525320356,18.0,7
114,1,select_coverage_CBA_M1,,exact,top_k_avg,e,16,1.0,1.0,1.0,1.0,0,0.9901538461538462,0.9895424836601308,0.9901076892170768,0.9804091680859188,16.0,7
114,1,select_coverage_CBA_M1,,exact,list,e,16,1.0,1.0,1.0,1.0,0,0.9901538461538462,0.9895424836601308,0.9901076892170768,0.9804091680859188,16.0,7
114,2,select_coverage,1.0,exact,majority,e,0,0.9987692307692309,0.9986928104575163,0.9987648296453048,0.997532706804608,2,,,,,,7
114,2,select_coverage,1.0,exact,cmar,e,0,0.9987692307692309,0.9986928104575163,0.9987648296453048,0.997532706804608,2,,,,,,7
114,2,select_coverage,1.0,exact,top_k_avg,e,0,1.0,1.0,1.0,1.0,0,,,,,,7
114,2,select_coverage,1.0,exact,list,e,0,1.0,1.0,1.0,1.0,0,,,,,,7
114,2,select_coverage,2.0,exact,majority,e,0,0.9993846153846154,0.9993464052287582,0.9993824601192745,0.998765682477202,1,,,,,,7
114,2,select_coverage,2.0,exact,cmar,e,0,0.9987692307692309,0.9986928104575163,0.9987648296453048,0.997532706804608,2,,,,,,7
114,2,select_coverage,2.0,exact,top_k_avg,e,0,0.9993846153846154,0.9993464052287582,0.9993824601192745,0.998765682477202,1,,,,,,7
114,2,select_coverage,2.0,exact,list,e,0,1.0,1.0,1.0,1.0,0,,,,,,7
114,2,select_coverage,3.0,exact,majority,e,0,0.9993846153846154,0.9993464052287582,0.9993824601192745,0.998765682477202,1,,,,,,7
114,2,select_coverage,3.0,exact,cmar,e,0,0.9987692307692309,0.9986928104575163,0.9987648296453048,0.997532706804608,2,,,,,,7
114,2,select_coverage,3.0,exact,top_k_avg,e,0,0.9993846153846154,0.9993464052287582,0.9993824601192745,0.998765682477202,1,,,,,,7
114,2,select_coverage,3.0,exact,list,e,0,1.0,1.0,1.0,1.0,0,,,,,,7
114,2,select_coverage,4.0,exact,majority,e,0,0.9987692307692309,0.9986928104575163,0.9987648296453048,0.997532706804608,2,,,,,,7
114,2,select_coverage,4.0,exact,cmar,e,0,0.9987692307692309,0.9986928104575163,0.9987648296453048,0.997532706804608,2,,,,,,7
114,2,select_coverage,4.0,exact,top_k_avg,e,0,0.9993846153846154,0.9993464052287582,0.9993824601192745,0.998765682477202,1,,,,,,7
114,2,select_coverage,4.0,exact,list,e,0,1.0,1.0,1.0,1.0,0,,,,,,7
114,2,select_coverage_CBA_M1,,exact,majority,e,1,0.9987692307692309,0.9986928104575163,0.9987648296453048,0.997532706804608,2,0.9981538461538462,0.9980392156862744,0.998147107149658,0.996301067977826,3.0,7
114,2,select_coverage_CBA_M1,,exact,cmar,e,1,0.9987692307692309,0.9986928104575163,0.9987648296453048,0.997532706804608,2,0.9981538461538462,0.9980392156862744,0.998147107149658,0.996301067977826,3.0,7
114,2,select_coverage_CBA_M1,,exact,top_k_avg,e,1,1.0,1.0,1.0,1.0,0,0.9993846153846154,0.9993464052287582,0.9993824601192745,0.998765682477202,1.0,7
114,2,select_coverage_CBA_M1,,exact,list,e,1,1.0,1.0,1.0,1.0,0,0.9993846153846154,0.9993464052287582,0.9993824601192745,0.998765682477202,1.0,7
133,1,select_coverage,1.0,DAC,list,e,0,0.9981538461538462,0.9981371336413354,0.9981526120549736,0.9963059811176048,3,,,,,,7
133,1,select_coverage,1.0,exact,majority,e,0,0.9981538461538462,0.99816820667661,0.9981527268593516,0.9963062106324498,3,,,,,,7
133,1,select_coverage,1.0,exact,cmar,e,0,0.9981538461538462,0.9981371336413354,0.9981526120549736,0.9963059811176048,3,,,,,,7
133,1,select_coverage,1.0,exact,top_k_avg,e,0,0.9993846153846154,0.9993686868686869,0.9993842040183244,0.9987691659789816,1,,,,,,7
133,1,select_coverage,1.0,exact,list,e,0,1.0,1.0,1.0,1.0,0,,,,,,7
133,1,select_coverage,2.0,DAC,list,e,0,0.9981538461538462,0.9981371336413354,0.9981526120549736,0.9963059811176048,3,,,,,,7
133,1,select_coverage,2.0,exact,majority,e,0,0.9975384615384616,0.9975368935452968,0.9975368935452968,0.9950737870905938,4,,,,,,7
133,1,select_coverage,2.0,exact,cmar,e,0,0.9981538461538462,0.9981371336413354,0.9981526120549736,0.9963059811176048,3,,,,,,7
133,1,select_coverage,2.0,exact,top_k_avg,e,0,0.9981538461538462,0.9981371336413354,0.9981526120549736,0.9963059811176048,3,,,,,,7
133,1,select_coverage,2.0,exact,list,e,0,1.0,1.0,1.0,1.0,0,,,,,,7
133,1,select_coverage,3.0,DAC,list,e,0,0.9981538461538462,0.9981371336413354,0.9981526120549736,0.9963059811176048,3,,,,,,7
133,1,select_coverage,3.0,exact,majority,e,0,0.9975384615384616,0.9975368935452968,0.9975368935452968,0.9950737870905938,4,,,,,,7
133,1,select_coverage,3.0,exact,cmar,e,0,0.9981538461538462,0.9981371336413354,0.9981526120549736,0.9963059811176048,3,,,,,,7
133,1,select_coverage,3.0,exact,top_k_avg,e,0,0.9987692307692309,0.9987373737373736,0.9987683683647266,0.9975397668278452,2,,,,,,7
133,1,select_coverage,3.0,exact,list,e,0,1.0,1.0,1.0,1.0,0,,,,,,7
133,1,select_coverage,4.0,DAC,list,e,0,0.9981538461538462,0.9981371336413354,0.9981526120549736,0.9963059811176048,3,,,,,,7
133,1,select_coverage,4.0,exact,majority,e,0,0.9975384615384616,0.9975368935452968,0.9975368935452968,0.9950737870905938,4,,,,,,7
133,1,select_coverage,4.0,exact,cmar,e,0,0.9981538461538462,0.9981371336413354,0.9981526120549736,0.9963059811176048,3,,,,,,7
133,1,select_coverage,4.0,exact,top_k_avg,e,0,0.9987692307692309,0.9987373737373736,0.9987683683647266,0.9975397668278452,2,,,,,,7
133,1,select_coverage,4.0,exact,list,e,0,1.0,1.0,1.0,1.0,0,,,,,,7
133,1,select_coverage_CBA_M1,,DAC,list,e,0,0.9981538461538462,0.9981371336413354,0.9981526120549736,0.9963059811176048,3,,,,,,7
133,1,select_coverage_CBA_M1,,exact,majority,e,0,0.9993846153846154,0.9993686868686869,0.9993842040183244,0.9987691659789816,1,,,,,,7
133,1,select_coverage_CBA_M1,,exact,cmar,e,0,0.9981538461538462,0.9981371336413354,0.9981526120549736,0.9963059811176048,3,,,,,,7
133,1,select_coverage_CBA_M1,,exact,top_k_avg,e,0,0.9993846153846154,0.9993686868686869,0.9993842040183244,0.9987691659789816,1,,,,,,7
133,1,select_coverage_CBA_M1,,exact,list,e,0,1.0,1.0,1.0,1.0,0,,,,,,7
133,2,select_coverage,1.0,exact,majority,e,0,0.9981538461538462,0.99816820667661,0.9981527268593516,0.9963062106324498,3,,,,,,7
133,2,select_coverage,1.0,exact,cmar,e,0,0.9981538461538462,0.9981371336413354,0.9981526120549736,0.9963059811176048,3,,,,,,7
133,2,select_coverage,1.0,exact,top_k_avg,e,0,0.9993846153846154,0.9993686868686869,0.9993842040183244,0.9987691659789816,1,,,,,,7
133,2,select_coverage,1.0,exact,list,e,0,1.0,1.0,1.0,1.0,0,,,,,,7
133,2,select_coverage,2.0,exact,majority,e,0,0.9975384615384616,0.9975368935452968,0.9975368935452968,0.9950737870905938,4,,,,,,7
133,2,select_coverage,2.0,exact,cmar,e,0,0.9981538461538462,0.9981371336413354,0.9981526120549736,0.9963059811176048,3,,,,,,7
133,2,select_coverage,2.0,exact,top_k_avg,e,0,0.9981538461538462,0.9981371336413354,0.9981526120549736,0.9963059811176048,3,,,,,,7
133,2,select_coverage,2.0,exact,list,e,0,1.0,1.0,1.0,1.0,0,,,,,,7
133,2,select_coverage,3.0,exact,majority,e,0,0.9975384615384616,0.9975368935452968,0.9975368935452968,0.9950737870905938,4,,,,,,7
133,2,select_coverage,3.0,exact,cmar,e,0,0.9981538461538462,0.9981371336413354,0.9981526120549736,0.9963059811176048,3,,,,,,7
133,2,select_coverage,3.0,exact,top_k_avg,e,0,0.9987692307692309,0.9987373737373736,0.9987683683647266,0.9975397668278452,2,,,,,,7
133,2,select_coverage,3.0,exact,list,e,0,1.0,1.0,1.0,1.0,0,,,,,,7
133,2,select_coverage,4.0,exact,majority,e,0,0.9975384615384616,0.9975368935452968,0.9975368935452968,0.9950737870905938,4,,,,,,7
133,2,select_coverage,4.0,exact,cmar,e,0,0.9981538461538462,0.9981371336413354,0.9981526120549736,0.9963059811176048,3,,,,,,7
133,2,select_coverage,4.0,exact,top_k_avg,e,0,0.9987692307692309,0.9987373737373736,0.9987683683647266,0.9975397668278452,2,,,,,,7
133,2,select_coverage,4.0,exact,list,e,0,1.0,1.0,1.0,1.0,0,,,,,,7
133,2,select_coverage_CBA_M1,,exact,majority,e,0,0.9993846153846154,0.9993686868686869,0.9993842040183244,0.9987691659789816,1,,,,,,7
133,2,select_coverage_CBA_M1,,exact,cmar,e,0,0.9981538461538462,0.9981371336413354,0.9981526120549736,0.9963059811176048,3,,,,,,7
133,2,select_coverage_CBA_M1,,exact,top_k_avg,e,0,0.9993846153846154,0.9993686868686869,0.9993842040183244,0.9987691659789816,1,,,,,,7
133,2,select_coverage_CBA_M1,,exact,list,e,0,1.0,1.0,1.0,1.0,0,,,,,,7
138,1,select_coverage,1.0,DAC,list,e,0,0.9969230769230768,0.9968231599535926,0.9969148330649396,0.9938364980974383,5,,,,,,7
138,1,select_coverage,1.0,exact,majority,e,0,0.9987692307692309,0.9987661651349398,0.9987661651349398,0.9975323302698796,2,,,,,,7
138,1,select_coverage,1.0,exact,cmar,e,0,0.9969230769230768,0.9968231599535926,0.9969148330649396,0.9938364980974383,5,,,,,,7
138,1,select_coverage,1.0,exact,top_k_avg,e,0,0.9981538461538462,0.9980569948186528,0.9981488998389638,0.9963046401253514,3,,,,,,7
138,1,select_coverage,1.0,exact,list,e,0,1.0,1.0,1.0,1.0,0,,,,,,7
138,1,select_coverage,2.0,DAC,list,e,0,0.9969230769230768,0.9968231599535926,0.9969148330649396,0.9938364980974383,5,,,,,,7
138,1,select_coverage,2.0,exact,majority,e,0,0.9987692307692309,0.9987661651349398,0.9987661651349398,0.9975323302698796,2,,,,,,7
138,1,select_coverage,2.0,exact,cmar,e,0,0.9975384615384616,0.997470828347375,0.9975320229514272,0.9950670838271384,4,,,,,,7
138,1,select_coverage,2.0,exact,top_k_avg,e,0,0.9981538461538462,0.9980569948186528,0.9981488998389638,0.9963046401253514,3,,,,,,7
138,1,select_coverage,2.0,exact,list,e,0,1.0,1.0,1.0,1.0,0,,,,,,7
138,1,select_coverage,3.0,DAC,list,e,0,0.9969230769230768,0.9968231599535926,0.9969148330649396,0.9938364980974383,5,,,,,,7
138,1,select_coverage,3.0,exact,majority,e,0,0.9987692307692309,0.9987661651349398,0.9987661651349398,0.9975323302698796,2,,,,,,7
138,1,select_coverage,3.0,exact,cmar,e,0,0.9975384615384616,0.997470828347375,0.9975320229514272,0.9950670838271384,4,,,,,,7
138,1,select_coverage,3.0,exact,top_k_avg,e,0,0.9993846153846154,0.9993523316062176,0.9993830443892916,0.998766849576461,1,,,,,,7
138,1,select_coverage,3.0,exact,list,e,0,1.0,1.0,1.0,1.0,0,,,,,,7
138,1,select_coverage,4.0,DAC,list,e,0,0.9969230769230768,0.9968231599535926,0.9969148330649396,0.9938364980974383,5,,,,,,7
138,1,select_coverage,4.0,exact,majority,e,0,0.9987692307692309,0.9987661651349398,0.9987661651349398,0.9975323302698796,2,,,,,,7
138,1,select_coverage,4.0,exact,cmar,e,0,0.9975384615384616,0.997470828347375,0.9975320229514272,0.9950670838271384,4,,,,,,7
138,1,select_coverage,4.0,exact,top_k_avg,e,0,1.0,1.0,1.0,1.0,0,,,,,,7
138,1,select_coverage,4.0,exact,list,e,0,1.0,1.0,1.0,1.0,0,,,,,,7
138,1,select_coverage_CBA_M1,,DAC,list,e,3,0.9975384615384616,0.9974093264248703,0.9975317080580238,0.9950755709624712,4,0.9956923076923077,0.9954663212435232,0.995679637628894,0.9913964452609793,7.0,7
138,1,select_coverage_CBA_M1,,exact,majority,e,3,0.9981538461538462,0.9980569948186528,0.9981488998389638,0.9963046401253514,3,0.9963076923076924,0.9961139896373056,0.9962970783758492,0.9926214785483372,6.0,7
138,1,select_coverage_CBA_M1,,exact,cmar,e,3,0.9975384615384616,0.9974093264248703,0.9975317080580238,0.9950755709624712,4,0.9956923076923077,0.9954663212435232,0.995679637628894,0.9913964452609793,7.0,7
138,1,select_coverage_CBA_M1,,exact,top_k_avg,e,3,0.9987692307692309,0.9987046632124352,0.9987660114757136,0.997535064643578,2,0.9969230769230768,0.996761658031088,0.9969144347111474,0.9938478521122138,5.0,7
138,1,select_coverage_CBA_M1,,exact,list,e,3,1.0,1.0,1.0,1.0,0,0.9981538461538462,0.9980569948186528,0.9981488998389638,0.9963046401253514,3.0,7
138,2,select_coverage,1.0,exact,majority,e,0,0.9987692307692309,0.9987661651349398,0.9987661651349398,0.9975323302698796,2,,,,,,7
138,2,select_coverage,1.0,exact,cmar,e,0,0.9969230769230768,0.9968231599535926,0.9969148330649396,0.9938364980974383,5,,,,,,7
138,2,select_coverage,1.0,exact,top_k_avg,e,0,0.9981538461538462,0.9980569948186528,0.9981488998389638,0.9963046401253514,3,,,,,,7
138,2,select_coverage,1.0,exact,list,e,0,1.0,1.0,1.0,1.0,0,,,,,,7
138,2,select_coverage,2.0,exact,majority,e,0,0.9987692307692309,0.9987661651349398,0.9987661651349398,0.9975323302698796,2,,,,,,7
138,2,select_coverage,2.0,exact,cmar,e,0,0.9975384615384616,0.997470828347375,0.9975320229514272,0.9950670838271384,4,,,,,,7
138,2,select_coverage,2.0,exact,top_k_avg,e,0,0.9981538461538462,0.9980569948186528,0.9981488998389638,0.9963046401253514,3,,,,,,7
138,2,select_coverage,2.0,exact,list,e,0,1.0,1.0,1.0,1.0,0,,,,,,7
138,2,select_coverage,3.0,exact,majority,e,0,0.9987692307692309,0.9987661651349398,0.9987661651349398,0.9975323302698796,2,,,,,,7
138,2,select_coverage,3.0,exact,cmar,e,0,0.9975384615384616,0.997470828347375,0.9975320229514272,0.9950670838271384,4,,,,,,7
138,2,select_coverage,3.0,exact,top_k_avg,e,0,0.9993846153846154,0.9993523316062176,0.9993830443892916,0.998766849576461,1,,,,,,7
138,2,select_coverage,3.0,exact,list,e,0,1.0,1.0,1.0,1.0,0,,,,,,7
138,2,select_coverage,4.0,exact,majority,e,0,0.9987692307692309,0.9987661651349398,0.9987661651349398,0.9975323302698796,2,,,,,,7
138,2,select_coverage,4.0,exact,cmar,e,0,0.9975384615384616,0.997470828347375,0.9975320229514272,0.9950670838271384,4,,,,,,7
138,2,select_coverage,4.0,exact,top_k_avg,e,0,1.0,1.0,1.0,1.0,0,,,,,,7
138,2,select_coverage,4.0,exact,list,e,0,1.0,1.0,1.0,1.0,0,,,,,,7
138,2,select_coverage_CBA_M1,,exact,majority,e,3,0.9993846153846154,0.9993523316062176,0.9993830443892916,0.998766849576461,1,0.9975384615384616,0.9974093264248703,0.9975317080580238,0.9950755709624712,4.0,7
138,2,select_coverage_CBA_M1,,exact,cmar,e,3,0.9975384615384616,0.9974093264248703,0.9975317080580238,0.9950755709624712,4,0.9956923076923077,0.9954663212435232,0.995679637628894,0.9913964452609793,7.0,7
138,2,select_coverage_CBA_M1,,exact,top_k_avg,e,3,0.9981538461538462,0.9980569948186528,0.9981488998389638,0.9963046401253514,3,0.9963076923076924,0.9961139896373056,0.9962970783758492,0.9926214785483372,6.0,7
138,2,select_coverage_CBA_M1,,exact,list,e,3,1.0,1.0,1.0,1.0,0,0.9981538461538462,0.9980569948186528,0.9981488998389638,0.9963046401253514,3.0,7
148,1,select_coverage,1.0,DAC,list,e,0,0.9858461538461538,0.985440811854927,0.9858100209537108,0.971788905118669,23,,,,,,7
148,1,select_coverage,1.0,exact,majority,e,0,0.9956923076923077,0.9955578923090462,0.995683834318431,0.9913865960840508,7,,,,,,7
148,1,select_coverage,1.0,exact,cmar,e,0,0.9956923076923077,0.9955578923090462,0.995683834318431,0.9913865960840508,7,,,,,,7
148,1,select_coverage,1.0,exact,top_k_avg,e,0,0.9981538461538462,0.9980744544287548,0.9981504140227072,0.9963076573272062,3,,,,,,7
148,1,select_coverage,1.0,exact,list,e,0,1.0,1.0,1.0,1.0,0,,,,,,7
148,1,select_coverage,2.0,DAC,list,e,0,0.9858461538461538,0.985440811854927,0.9858100209537108,0.971788905118669,23,,,,,,7
148,1,select_coverage,2.0,exact,majority,e,0,0.9987692307692309,0.9987671349277882,0.9987671349277882,0.9975342698555764,2,,,,,,7
148,1,select_coverage,2.0,exact,cmar,e,0,0.9987692307692309,0.9987163029525032,0.9987670077060122,0.99753705220093,2,,,,,,7
148,1,select_coverage,2.0,exact,top_k_avg,e,0,1.0,1.0,1.0,1.0,0,,,,,,7
148,1,select_coverage,2.0,exact,list,e,0,1.0,1.0,1.0,1.0,0,,,,,,7
148,1,select_coverage,3.0,DAC,list,e,0,0.9858461538461538,0.985440811854927,0.9858100209537108,0.971788905118669,23,,,,,,7
148,1,select_coverage,3.0,exact,majority,e,0,0.9993846153846154,0.9994089834515368,0.9993835985629692,0.9987679565585138,1,,,,,,7
148,1,select_coverage,3.0,exact,cmar,e,0,0.9975384615384616,0.9974326059050064,0.99753375342998,0.9950796416198056,4,,,,,,7
148,1,select_coverage,3.0,exact,top_k_avg,e,0,1.0,1.0,1.0,1.0,0,,,,,,7
148,1,select_coverage,3.0,exact,list,e,0,1.0,1.0,1.0,1.0,0,,,,,,7
148,1,select_coverage,4.0,DAC,list,e,0,0.9858461538461538,0.985440811854927,0.9858100209537108,0.971788905118669,23,,,,,,7
148,1,select_coverage,4.0,exact,majority,e,0,0.9993846153846154,0.9994089834515368,0.9993835985629692,0.9987679565585138,1,,,,,,7
148,1,select_coverage,4.0,exact,cmar,e,0,0.9987692307692309,0.9987163029525032,0.9987670077060122,0.99753705220093,2,,,,,,7
148,1,select_coverage,4.0,exact,top_k_avg,e,0,1.0,1.0,1.0,1.0,0,,,,,,7
148,1,select_coverage,4.0,exact,list,e,0,1.0,1.0,1.0,1.0,0,,,,,,7
148,1,select_coverage_CBA_M1,,DAC,list,e,21,0.9858461538461538,0.985440811854927,0.9858100209537108,0.971788905118669,23,0.9729230769230768,0.9719619928562108,0.9728138536039324,0.946590698941182,44.0,7
148,1,select_coverage_CBA_M1,,exact,majority,e,21,0.9944615384615384,0.9942233632862644,0.9944493972899396,0.9889600720896446,9,0.9815384615384616,0.9807445442875482,0.9814724446795702,0.9636188977299328,30.0,7
148,1,select_coverage_CBA_M1,,exact,cmar,e,21,0.9938461538461538,0.993581514762516,0.9938323055107686,0.987740224524004,10,0.9809230769230768,0.9801026957637996,0.9808534405464646,0.962426239222199,31.0,7
148,1,select_coverage_CBA_M1,,exact,top_k_avg,e,21,0.9975384615384616,0.9974326059050064,0.99753375342998,0.9950796416198056,4,0.9846153846153848,0.98395378690629,0.9845659137112052,0.9696009852232302,25.0,7
148,1,select_coverage_CBA_M1,,exact,list,e,21,0.9987692307692309,0.9987163029525032,0.9987670077060122,0.99753705220093,2,0.9858461538461538,0.985237483953787,0.985802603963875,0.9720026796584976,23.0,7
148,2,select_coverage,1.0,exact,majority,e,0,0.9956923076923077,0.9955578923090462,0.995683834318431,0.9913865960840508,7,,,,,,7
148,2,select_coverage,1.0,exact,cmar,e,0,0.9956923076923077,0.9955578923090462,0.995683834318431,0.9913865960840508,7,,,,,,7
148,2,select_coverage,1.0,exact,top_k_avg,e,0,0.9981538461538462,0.9980744544287548,0.9981504140227072,0.9963076573272062,3,,,,,,7
148,2,select_coverage,1.0,exact,list,e,0,1.0,1.0,1.0,1.0,0,,,,,,7
148,2,select_coverage,2.0,exact,majority,e,0,0.9987692307692309,0.9987671349277882,0.9987671349277882,0.9975342698555764,2,,,,,,7
148,2,select_coverage,2.0,exact,cmar,e,0,0.9987692307692309,0.9987163029525032,0.9987670077060122,0.99753705220093,2,,,,,,7
148,2,select_coverage,2.0,exact,top_k_avg,e,0,1.0,1.0,1.0,1.0,0,,,,,,7
148,2,select_coverage,2.0,exact,list,e,0,1.0,1.0,1.0,1.0,0,,,,,,7
148,2,select_coverage,3.0,exact,majority,e,0,0.9993846153846154,0.9994089834515368,0.9993835985629692,0.9987679565585138,1,,,,,,7
148,2,select_coverage,3.0,exact,cmar,e,0,0.9975384615384616,0.9974326059050064,0.99753375342998,0.9950796416198056,4,,,,,,7
148,2,select_coverage,3.0,exact,top_k_avg,e,0,1.0,1.0,1.0,1.0,0,,,,,,7
148,2,select_coverage,3.0,exact,list,e,0,1.0,1.0,1.0,1.0,0,,,,,,7
148,2,select_coverage,4.0,exact,majority,e,0,0.9993846153846154,0.9994089834515368,0.9993835985629692,0.9987679565585138,1,,,,,,7
148,2,select_coverage,4.0,exact,cmar,e,0,0.9987692307692309,0.9987163029525032,0.9987670077060122,0.99753705220093,2,,,,,,7
148,2,select_coverage,4.0,exact,top_k_avg,e,0,1.0,1.0,1.0,1.0,0,,,,,,7
148,2,select_coverage,4.0,exact,list,e,0,1.0,1.0,1.0,1.0,0,,,,,,7
148,2,select_coverage_CBA_M1,,exact,majority,e,0,0.9944615384615384,0.9942233632862644,0.9944493972899396,0.9889600720896446,9,,,,,,7
148,2,select_coverage_CBA_M1,,exact,cmar,e,0,0.9944615384615384,0.9942233632862644,0.9944493972899396,0.9889600720896446,9,,,,,,7
148,2,select_coverage_CBA_M1,,exact,top_k_avg,e,0,0.9975384615384616,0.9974326059050064,0.99753375342998,0.9950796416198056,4,,,,,,7
148,2,select_coverage_CBA_M1,,exact,list,e,0,0.9987692307692309,0.9987163029525032,0.9987670077060122,0.99753705220093,2,,,,,,7
5,1,select_coverage,1.0,DAC,list,e,0,0.9956923076923077,0.9956799495716316,0.9956908390078512,0.9913824326619044,7,,,,,,8
5,1,select_coverage,1.0,exact,majority,e,0,0.9963076923076924,0.9963065159876716,0.9963065159876716,0.9926130319753436,6,,,,,,8
5,1,select_coverage,1.0,exact,cmar,e,0,0.9969230769230768,0.996889139414437,0.996921883269479,0.9938505674134324,5,,,,,,8
5,1,select_coverage,1.0,exact,top_k_avg,e,0,0.9981538461538462,0.9981203007518796,0.9981531299616874,0.9963130692005248,3,,,,,,8
5,1,select_coverage,1.0,exact,list,e,0,0.9987692307692309,0.9987468671679198,0.998768782693555,0.9975405934496614,2,,,,,,8
5,1,select_coverage,2.0,DAC,list,e,0,0.9956923076923077,0.9956799495716316,0.9956908390078512,0.9913824326619044,7,,,,,,8
5,1,select_coverage,2.0,exact,majority,e,0,0.9969230769230768,0.9969111109090744,0.9969220278627507,0.9938448113051562,5,,,,,,8
5,1,select_coverage,2.0,exact,cmar,e,0,0.9975384615384616,0.9975157058304772,0.99753756538711,0.9950781551026122,4,,,,,,8
5,1,select_coverage,2.0,exact,top_k_avg,e,0,0.9993846153846154,0.99937343358396,0.9993844055725504,0.9987695685916596,1,,,,,,8
5,1,select_coverage,2.0,exact,list,e,0,0.9987692307692309,0.9987468671679198,0.998768782693555,0.9975405934496614,2,,,,,,8
5,1,select_coverage,3.0,DAC,list,e,0,0.9956923076923077,0.9956799495716316,0.9956908390078512,0.9913824326619044,7,,,,,,8
5,1,select_coverage,3.0,exact,majority,e,0,0.9975384615384616,0.9975157058304772,0.99753756538711,0.9950781551026122,4,,,,,,8
5,1,select_coverage,3.0,exact,cmar,e,0,0.9975384615384616,0.9975157058304772,0.99753756538711,0.9950781551026122,4,,,,,,8
5,1,select_coverage,3.0,exact,top_k_avg,e,0,0.9981538461538462,0.9981203007518796,0.9981531299616874,0.9963130692005248,3,,,,,,8
5,1,select_coverage,3.0,exact,list,e,0,0.9987692307692309,0.9987468671679198,0.998768782693555,0.9975405934496614,2,,,,,,8
5,1,select_coverage,4.0,DAC,list,e,0,0.9956923076923077,0.9956799495716316,0.9956908390078512,0.9913824326619044,7,,,,,,8
5,1,select_coverage,4.0,exact,majority,e,0,0.9975384615384616,0.9975157058304772,0.99753756538711,0.9950781551026122,4,,,,,,8
5,1,select_coverage,4.0,exact,cmar,e,0,0.9975384615384616,0.9975157058304772,0.99753756538711,0.9950781551026122,4,,,,,,8
5,1,select_coverage,4.0,exact,top_k_avg,e,0,0.9981538461538462,0.9981203007518796,0.9981531299616874,0.9963130692005248,3,,,,,,8
5,1,select_coverage,4.0,exact,list,e,0,0.9987692307692309,0.9987468671679198,0.998768782693555,0.9975405934496614,2,,,,,,8
5,1,select_coverage_CBA_M1,,DAC,list,e,1,0.9963076923076924,0.9962845444930344,0.9963063480806648,0.992615716755563,6,0.9956923076923077,0.9956579780769942,0.9956906365772706,0.9913880656263396,7.0,8
5,1,select_coverage_CBA_M1,,exact,majority,e,1,0.9981538461538462,0.9981203007518796,0.9981531299616874,0.9963130692005248,3,0.9975384615384616,0.9974937343358397,0.9975374459753532,0.995086990489762,4.0,8
5,1,select_coverage_CBA_M1,,exact,cmar,e,1,0.9975384615384616,0.9974937343358397,0.9975374459753532,0.995086990489762,4,0.9969230769230768,0.9968671679197996,0.9969217293326802,0.9938623519817604,5.0,8
5,1,select_coverage_CBA_M1,,exact,top_k_avg,e,1,1.0,1.0,1.0,1.0,0,0.9993846153846154,0.99937343358396,0.9993844055725504,0.9987695685916596,1.0,8
5,1,select_coverage_CBA_M1,,exact,list,e,1,0.9987692307692309,0.9987468671679198,0.998768782693555,0.9975405934496614,2,0.9981538461538462,0.9981203007518796,0.9981531299616874,0.9963130692005248,3.0,8
5,2,select_coverage,1.0,exact,majority,e,0,0.9963076923076924,0.9963065159876716,0.9963065159876716,0.9926130319753436,6,,,,,,8
5,2,select_coverage,1.0,exact,cmar,e,0,0.9969230769230768,0.996889139414437,0.996921883269479,0.9938505674134324,5,,,,,,8
5,2,select_coverage,1.0,exact,top_k_avg,e,0,0.9981538461538462,0.9981203007518796,0.9981531299616874,0.9963130692005248,3,,,,,,8
5,2,select_coverage,1.0,exact,list,e,0,0.9987692307692309,0.9987468671679198,0.998768782693555,0.9975405934496614,2,,,,,,8
5,2,select_coverage,2.0,exact,majority,e,0,0.9969230769230768,0.9969111109090744,0.9969220278627507,0.9938448113051562,5,,,,,,8
5,2,select_coverage,2.0,exact,cmar,e,0,0.9975384615384616,0.9975157058304772,0.99753756538711,0.9950781551026122,4,,,,,,8
5,2,select_coverage,2.0,exact,top_k_avg,e,0,0.9993846153846154,0.99937343358396,0.9993844055725504,0.9987695685916596,1,,,,,,8
5,2,select_coverage,2.0,exact,list,e,0,0.9987692307692309,0.9987468671679198,0.998768782693555,0.9975405934496614,2,,,,,,8
5,2,select_coverage,3.0,exact,majority,e,0,0.9975384615384616,0.9975157058304772,0.99753756538711,0.9950781551026122,4,,,,,,8
5,2,select_coverage,3.0,exact,cmar,e,0,0.9975384615384616,0.9975157058304772,0.99753756538711,0.9950781551026122,4,,,,,,8
5,2,select_coverage,3.0,exact,top_k_avg,e,0,0.9981538461538462,0.9981203007518796,0.9981531299616874,0.9963130692005248,3,,,,,,8
5,2,select_coverage,3.0,exact,list,e,0,0.9987692307692309,0.9987468671679198,0.998768782693555,0.9975405934496614,2,,,,,,8
5,2,select_coverage,4.0,exact,majority,e,0,0.9975384615384616,0.9975157058304772,0.99753756538711,0.9950781551026122,4,,,,,,8
5,2,select_coverage,4.0,exact,cmar,e,0,0.9975384615384616,0.9975157058304772,0.99753756538711,0.9950781551026122,4,,,,,,8
5,2,select_coverage,4.0,exact,top_k_avg,e,0,0.9981538461538462,0.9981203007518796,0.9981531299616874,0.9963130692005248,3,,,,,,8
5,2,select_coverage,4.0,exact,list,e,0,0.9987692307692309,0.9987468671679198,0.998768782693555,0.9975405934496614,2,,,,,,8
5,2,select_coverage_CBA_M1,,exact,majority,e,1,0.9981538461538462,0.9981203007518796,0.9981531299616874,0.9963130692005248,3,0.9975384615384616,0.9974937343358397,0.9975374459753532,0.995086990489762,4.0,8
5,2,select_coverage_CBA_M1,,exact,cmar,e,1,0.9975384615384616,0.9974937343358397,0.9975374459753532,0.995086990489762,4,0.9969230769230768,0.9968671679197996,0.9969217293326802,0.9938623519817604,5.0,8
5,2,select_coverage_CBA_M1,,exact,top_k_avg,e,1,1.0,1.0,1.0,1.0,0,0.9993846153846154,0.99937343358396,0.9993844055725504,0.9987695685916596,1.0,8
5,2,select_coverage_CBA_M1,,exact,list,e,1,0.9987692307692309,0.9987468671679198,0.998768782693555,0.9975405934496614,2,0.9981538461538462,0.9981203007518796,0.9981531299616874,0.9963130692005248,3.0,8
14,1,select_coverage,1.0,DAC,list,e,0,0.9969230769230768,0.9969517952654214,0.9969067663201864,0.9938142957080428,5,,,,,,8
14,1,select_coverage,1.0,exact,majority,e,0,0.9987692307692309,0.99867197875166,0.998762368696839,0.9975277970484429,2,,,,,,8
14,1,select_coverage,1.0,exact,cmar,e,0,0.9987692307692309,0.99867197875166,0.998762368696839,0.9975277970484429,2,,,,,,8
14,1,select_coverage,1.0,exact,top_k_avg,e,0,0.9993846153846154,0.99933598937583,0.9993812411350892,0.9987632475191576,1,,,,,,8
14,1,select_coverage,1.0,exact,list,e,0,1.0,1.0,1.0,1.0,0,,,,,,8
14,1,select_coverage,2.0,DAC,list,e,0,0.9969230769230768,0.9969517952654214,0.9969067663201864,0.9938142957080428,5,,,,,,8
14,1,select_coverage,2.0,exact,majority,e,0,0.9993846153846154,0.99933598937583,0.9993812411350892,0.9987632475191576,1,,,,,,8
14,1,select_coverage,2.0,exact,cmar,e,0,0.9987692307692309,0.99867197875166,0.998762368696839,0.9975277970484429,2,,,,,,8
14,1,select_coverage,2.0,exact,top_k_avg,e,0,0.9993846153846154,0.99933598937583,0.9993812411350892,0.9987632475191576,1,,,,,,8
14,1,select_coverage,2.0,exact,list,e,0,1.0,1.0,1.0,1.0,0,,,,,,8
14,1,select_coverage,3.0,DAC,list,e,0,0.9969230769230768,0.9969517952654214,0.9969067663201864,0.9938142957080428,5,,,,,,8
14,1,select_coverage,3.0,exact,majority,e,0,0.9993846153846154,0.99933598937583,0.9993812411350892,0.9987632475191576,1,,,,,,8
14,1,select_coverage,3.0,exact,cmar,e,0,0.9987692307692309,0.99867197875166,0.998762368696839,0.9975277970484429,2,,,,,,8
14,1,select_coverage,3.0,exact,top_k_avg,e,0,1.0,1.0,1.0,1.0,0,,,,,,8
14,1,select_coverage,3.0,exact,list,e,0,1.0,1.0,1.0,1.0,0,,,,,,8
14,1,select_coverage,4.0,DAC,list,e,0,0.9969230769230768,0.9969517952654214,0.9969067663201864,0.9938142957080428,5,,,,,,8
14,1,select_coverage,4.0,exact,majority,e,0,0.9987692307692309,0.99867197875166,0.998762368696839,0.9975277970484429,2,,,,,,8
14,1,select_coverage,4.0,exact,cmar,e,0,0.9987692307692309,0.99867197875166,0.998762368696839,0.9975277970484429,2,,,,,,8
14,1,select_coverage,4.0,exact,top_k_avg,e,0,1.0,1.0,1.0,1.0,0,,,,,,8
14,1,select_coverage,4.0,exact,list,e,0,1.0,1.0,1.0,1.0,0,,,,,,8
14,1,select_coverage_CBA_M1,,DAC,list,e,15,0.9969230769230768,0.9969517952654214,0.9969067663201864,0.9938142957080428,5,0.9876923076923076,0.9869916359028716,0.9876093049925732,0.9753672032720868,20.0,8
14,1,select_coverage_CBA_M1,,exact,majority,e,15,0.9963076923076924,0.99601593625498,0.9962857142857142,0.9925989177015018,6,0.9870769230769232,0.9860557768924304,0.9869802844307094,0.9742952056254888,21.0,8
14,1,select_coverage_CBA_M1,,exact,cmar,e,15,0.9987692307692309,0.99867197875166,0.998762368696839,0.9975277970484429,2,0.9895384615384616,0.9887118193891102,0.9894646678328946,0.9791489917514742,17.0,8
14,1,select_coverage_CBA_M1,,exact,top_k_avg,e,15,0.9969230769230768,0.99667994687915,0.9969050554823562,0.9938292088766876,5,0.9876923076923076,0.9867197875166004,0.987601590658695,0.9755068301108888,20.0,8
14,1,select_coverage_CBA_M1,,exact,list,e,15,0.9975384615384616,0.99734395750332,0.997524277317505,0.9950607825941278,4,0.9883076923076924,0.9873837981407704,0.98822275565775,0.9767196662039784,19.0,8
14,2,select_coverage,1.0,exact,majority,e,0,0.9987692307692309,0.99867197875166,0.998762368696839,0.9975277970484429,2,,,,,,8
14,2,select_coverage,1.0,exact,cmar,e,0,0.9987692307692309,0.99867197875166,0.998762368696839,0.9975277970484429,2,,,,,,8
14,2,select_coverage,1.0,exact,top_k_avg,e,0,0.9993846153846154,0.99933598937583,0.9993812411350892,0.9987632475191576,1,,,,,,8
14,2,select_coverage,1.0,exact,list,e,0,1.0,1.0,1.0,1.0,0,,,,,,8
14,2,select_coverage,2.0,exact,majority,e,0,0.9993846153846154,0.99933598937583,0.9993812411350892,0.9987632475191576,1,,,,,,8
14,2,select_coverage,2.0,exact,cmar,e,0,0.9987692307692309,0.99867197875166,0.998762368696839,0.9975277970484429,2,,,,,,8
14,2,select_coverage,2.0,exact,top_k_avg,e,0,0.9993846153846154,0.99933598937583,0.9993812411350892,0.9987632475191576,1,,,,,,8
14,2,select_coverage,2.0,exact,list,e,0,1.0,1.0,1.0,1.0,0,,,,,,8
14,2,select_coverage,3.0,exact,majority,e,0,0.9993846153846154,0.99933598937583,0.9993812411350892,0.9987632475191576,1,,,,,,8
14,2,select_coverage,3.0,exact,cmar,e,0,0.9987692307692309,0.99867197875166,0.998762368696839,0.9975277970484429,2,,,,,,8
14,2,select_coverage,3.0,exact,top_k_avg,e,0,1.0,1.0,1.0,1.0,0,,,,,,8
14,2,select_coverage,3.0,exact,list,e,0,1.0,1.0,1.0,1.0,0,,,,,,8
14,2,select_coverage,4.0,exact,majority,e,0,0.9987692307692309,0.99867197875166,0.998762368696839,0.9975277970484429,2,,,,,,8
14,2,select_coverage,4.0,exact,cmar,e,0,0.9987692307692309,0.99867197875166,0.998762368696839,0.9975277970484429,2,,,,,,8
14,2,select_coverage,4.0,exact,top_k_avg,e,0,1.0,1.0,1.0,1.0,0,,,,,,8
14,2,select_coverage,4.0,exact,list,e,0,1.0,1.0,1.0,1.0,0,,,,,,8
14,2,select_coverage_CBA_M1,,exact,majority,e,0,0.9963076923076924,0.99601593625498,0.9962857142857142,0.9925989177015018,6,,,,,,8
14,2,select_coverage_CBA_M1,,exact,cmar,e,0,0.9987692307692309,0.99867197875166,0.998762368696839,0.9975277970484429,2,,,,,,8
14,2,select_coverage_CBA_M1,,exact,top_k_avg,e,0,0.9969230769230768,0.99667994687915,0.9969050554823562,0.9938292088766876,5,,,,,,8
14,2,select_coverage_CBA_M1,,exact,list,e,0,0.9975384615384616,0.99734395750332,0.997524277317505,0.9950607825941278,4,,,,,,8
17,1,select_coverage,1.0,DAC,list,e,0,0.9956923076923077,0.995721801161864,0.995691367849612,0.991389525875895,7,,,,,,8
17,1,select_coverage,1.0,exact,majority,e,0,0.9987692307692309,0.998768890895702,0.998768890895702,0.997537781791404,2,,,,,,8
17,1,select_coverage,1.0,exact,cmar,e,0,0.9981538461538462,0.9981431086679172,0.998153297869076,0.9963073521848984,3,,,,,,8
17,1,select_coverage,1.0,exact,top_k_avg,e,0,0.9969230769230768,0.9968710888610764,0.996921883269479,0.9938626579715863,5,,,,,,8
17,1,select_coverage,1.0,exact,list,e,0,1.0,1.0,1.0,1.0,0,,,,,,8
17,1,select_coverage,2.0,DAC,list,e,0,0.9956923076923077,0.995721801161864,0.995691367849612,0.991389525875895,7,,,,,,8
17,1,select_coverage,2.0,exact,majority,e,0,0.9993846153846154,0.9993742177722152,0.9993844326230256,0.998769622626085,1,,,,,,8
17,1,select_coverage,2.0,exact,cmar,e,0,0.9987692307692309,0.998768890895702,0.998768890895702,0.997537781791404,2,,,,,,8
17,1,select_coverage,2.0,exact,top_k_avg,e,0,0.9993846153846154,0.9993742177722152,0.9993844326230256,0.998769622626085,1,,,,,,8
17,1,select_coverage,2.0,exact,list,e,0,1.0,1.0,1.0,1.0,0,,,,,,8
17,1,select_coverage,3.0,DAC,list,e,0,0.9956923076923077,0.995721801161864,0.995691367849612,0.991389525875895,7,,,,,,8
17,1,select_coverage,3.0,exact,majority,e,0,1.0,1.0,1.0,1.0,0,,,,,,8
17,1,select_coverage,3.0,exact,cmar,e,0,0.9987692307692309,0.998768890895702,0.998768890895702,0.997537781791404,2,,,,,,8
17,1,select_coverage,3.0,exact,top_k_avg,e,0,0.9993846153846154,0.9993742177722152,0.9993844326230256,0.998769622626085,1,,,,,,8
17,1,select_coverage,3.0,exact,list,e,0,1.0,1.0,1.0,1.0,0,,,,,,8
17,1,select_coverage,4.0,DAC,list,e,0,0.9956923076923077,0.995721801161864,0.995691367849612,0.991389525875895,7,,,,,,8
17,1,select_coverage,4.0,exact,majority,e,0,0.9993846153846154,0.9993946731234866,0.9993844578058136,0.9987696729297324,1,,,,,,8
17,1,select_coverage,4.0,exact,cmar,e,0,0.9987692307692309,0.998768890895702,0.998768890895702,0.997537781791404,2,,,,,,8
17,1,select_coverage,4.0,exact,top_k_avg,e,0,0.9993846153846154,0.9993742177722152,0.9993844326230256,0.998769622626085,1,,,,,,8
17,1,select_coverage,4.0,exact,list,e,0,1.0,1.0,1.0,1.0,0,,,,,,8
17,1,select_coverage_CBA_M1,,DAC,list,e,0,0.9944615384615384,0.9944702367062944,0.9944601202523232,0.9889209940902084,9,,,,,,8
17,1,select_coverage_CBA_M1,,exact,majority,e,0,0.9981538461538462,0.9981226533166458,0.9981532167176506,0.9963132420739192,3,,,,,,8
17,1,select_coverage_CBA_M1,,exact,cmar,e,0,0.9975384615384616,0.9974968710888612,0.99753756538711,0.995087228142845,4,,,,,,8
17,1,select_coverage_CBA_M1,,exact,top_k_avg,e,0,0.9969230769230768,0.9968710888610764,0.996921883269479,0.9938626579715863,5,,,,,,8
17,1,select_coverage_CBA_M1,,exact,list,e,0,0.9987692307692309,0.9987484355444304,0.9987688386625572,0.99754070511271,2,,,,,,8
17,2,select_coverage,1.0,exact,majority,e,0,0.9987692307692309,0.998768890895702,0.998768890895702,0.997537781791404,2,,,,,,8
17,2,select_coverage,1.0,exact,cmar,e,0,0.9981538461538462,0.9981431086679172,0.998153297869076,0.9963073521848984,3,,,,,,8
17,2,select_coverage,1.0,exact,top_k_avg,e,0,0.9969230769230768,0.9968710888610764,0.996921883269479,0.9938626579715863,5,,,,,,8
17,2,select_coverage,1.0,exact,list,e,0,1.0,1.0,1.0,1.0,0,,,,,,8
17,2,select_coverage,2.0,exact,majority,e,0,0.9993846153846154,0.9993742177722152,0.9993844326230256,0.998769622626085,1,,,,,,8
17,2,select_coverage,2.0,exact,cmar,e,0,0.9987692307692309,0.998768890895702,0.998768890895702,0.997537781791404,2,,,,,,8
17,2,select_coverage,2.0,exact,top_k_avg,e,0,0.9993846153846154,0.9993742177722152,0.9993844326230256,0.998769622626085,1,,,,,,8
17,2,select_coverage,2.0,exact,list,e,0,1.0,1.0,1.0,1.0,0,,,,,,8
17,2,select_coverage,3.0,exact,majority,e,0,1.0,1.0,1.0,1.0,0,,,,,,8
17,2,select_coverage,3.0,exact,cmar,e,0,0.9987692307692309,0.998768890895702,0.998768890895702,0.997537781791404,2,,,,,,8
17,2,select_coverage,3.0,exact,top_k_avg,e,0,0.9993846153846154,0.9993742177722152,0.9993844326230256,0.998769622626085,1,,,,,,8
17,2,select_coverage,3.0,exact,list,e,0,1.0,1.0,1.0,1.0,0,,,,,,8
17,2,select_coverage,4.0,exact,majority,e,0,0.9993846153846154,0.9993946731234866,0.9993844578058136,0.9987696729297324,1,,,,,,8
17,2,select_coverage,4.0,exact,cmar,e,0,0.9987692307692309,0.998768890895702,0.998768890895702,0.997537781791404,2,,,,,,8
17,2,select_coverage,4.0,exact,top_k_avg,e,0,0.9993846153846154,0.9993742177722152,0.9993844326230256,0.998769622626085,1,,,,,,8
17,2,select_coverage,4.0,exact,list,e,0,1.0,1.0,1.0,1.0,0,,,,,,8
17,2,select_coverage_CBA_M1,,exact,majority,e,0,0.9981538461538462,0.9981226533166458,0.9981532167176506,0.9963132420739192,3,,,,,,8
17,2,select_coverage_CBA_M1,,exact,cmar,e,0,0.9975384615384616,0.9974968710888612,0.99753756538711,0.995087228142845,4,,,,,,8
17,2,select_coverage_CBA_M1,,exact,top_k_avg,e,0,0.9963076923076924,0.9962453066332916,0.99630616896303,0.9926395262310964,6,,,,,,8
17,2,select_coverage_CBA_M1,,exact,list,e,0,0.9987692307692309,0.9987484355444304,0.9987688386625572,0.99754070511271,2,,,,,,8
19,1,select_coverage,1.0,DAC,list,e,0,0.9932307692307693,0.9931720811290684,0.9932290358639504,0.9865190384233794,11,,,,,,8
19,1,select_coverage,1.0,exact,majority,e,0,0.9932307692307693,0.9931720811290684,0.9932290358639504,0.9865190384233794,11,,,,,,8
19,1,select_coverage,1.0,exact,cmar,e,0,0.9932307692307693,0.9931720811290684,0.9932290358639504,0.9865190384233794,11,,,,,,8
19,1,select_coverage,1.0,exact,top_k_avg,e,0,1.0,1.0,1.0,1.0,0,,,,,,8
19,1,select_coverage,1.0,exact,list,e,0,1.0,1.0,1.0,1.0,0,,,,,,8
19,1,select_coverage,2.0,DAC,list,e,0,0.9932307692307693,0.9931720811290684,0.9932290358639504,0.9865190384233794,11,,,,,,8
19,1,select_coverage,2.0,exact,majority,e,0,0.9969230769230768,0.9969034244126505,0.9969226107623405,0.9938520191947492,5,,,,,,8
19,1,select_coverage,2.0,exact,cmar,e,0,0.9987692307692309,0.9987690960544416,0.9987690960544416,0.9975381921088832,2,,,,,,8
19,1,select_coverage,2.0,exact,top_k_avg,e,0,1.0,1.0,1.0,1.0,0,,,,,,8
19,1,select_coverage,2.0,exact,list,e,0,1.0,1.0,1.0,1.0,0,,,,,,8
19,1,select_coverage,3.0,DAC,list,e,0,0.9932307692307693,0.9931720811290684,0.9932290358639504,0.9865190384233794,11,,,,,,8
19,1,select_coverage,3.0,exact,majority,e,0,0.9975384615384616,0.997525314959914,0.9975381249753812,0.9950792729081414,4,,,,,,8
19,1,select_coverage,3.0,exact,cmar,e,0,0.9987692307692309,0.9987690960544416,0.9987690960544416,0.9975381921088832,2,,,,,,8
19,1,select_coverage,3.0,exact,top_k_avg,e,0,1.0,1.0,1.0,1.0,0,,,,,,8
19,1,select_coverage,3.0,exact,list,e,0,1.0,1.0,1.0,1.0,0,,,,,,8
19,1,select_coverage,4.0,DAC,list,e,0,0.9932307692307693,0.9931720811290684,0.9932290358639504,0.9865190384233794,11,,,,,,8
19,1,select_coverage,4.0,exact,majority,e,0,0.9987692307692309,0.9987690960544416,0.9987690960544416,0.9975381921088832,2,,,,,,8
19,1,select_coverage,4.0,exact,cmar,e,0,0.9987692307692309,0.9987690960544416,0.9987690960544416,0.9975381921088832,2,,,,,,8
19,1,select_coverage,4.0,exact,top_k_avg,e,0,1.0,1.0,1.0,1.0,0,,,,,,8
19,1,select_coverage,4.0,exact,list,e,0,1.0,1.0,1.0,1.0,0,,,,,,8
19,1,select_coverage_CBA_M1,,DAC,list,e,1,0.9938461538461538,0.9937810945273632,0.9938444544785098,0.9877642266886308,10,0.9932307692307693,0.9931592039800996,0.9932287588532794,0.9865486001952786,11.0,8
19,1,select_coverage_CBA_M1,,exact,majority,e,1,0.9938461538461538,0.9937810945273632,0.9938444544785098,0.9877642266886308,10,0.9932307692307693,0.9931592039800996,0.9932287588532794,0.9865486001952786,11.0,8
19,1,select_coverage_CBA_M1,,exact,cmar,e,1,0.9938461538461538,0.9937810945273632,0.9938444544785098,0.9877642266886308,10,0.9932307692307693,0.9931592039800996,0.9932287588532794,0.9865486001952786,11.0,8
19,1,select_coverage_CBA_M1,,exact,top_k_avg,e,1,1.0,1.0,1.0,1.0,0,0.9993846153846154,0.9993781094527364,0.9993845398687498,0.998769836853814,1.0,8
19,1,select_coverage_CBA_M1,,exact,list,e,1,1.0,1.0,1.0,1.0,0,0.9993846153846154,0.9993781094527364,0.9993845398687498,0.998769836853814,1.0,8
19,2,select_coverage,1.0,exact,majority,e,0,0.9932307692307693,0.9931720811290684,0.9932290358639504,0.9865190384233794,11,,,,,,8
19,2,select_coverage,1.0,exact,cmar,e,0,0.9932307692307693,0.9931720811290684,0.9932290358639504,0.9865190384233794,11,,,,,,8
19,2,select_coverage,1.0,exact,top_k_avg,e,0,1.0,1.0,1.0,1.0,0,,,,,,8
19,2,select_coverage,1.0,exact,list,e,0,1.0,1.0,1.0,1.0,0,,,,,,8
19,2,select_coverage,2.0,exact,majority,e,0,0.9969230769230768,0.9969034244126505,0.9969226107623405,0.9938520191947492,5,,,,,,8
19,2,select_coverage,2.0,exact,cmar,e,0,0.9987692307692309,0.9987690960544416,0.9987690960544416,0.9975381921088832,2,,,,,,8
19,2,select_coverage,2.0,exact,top_k_avg,e,0,1.0,1.0,1.0,1.0,0,,,,,,8
19,2,select_coverage,2.0,exact,list,e,0,1.0,1.0,1.0,1.0,0,,,,,,8
19,2,select_coverage,3.0,exact,majority,e,0,0.9975384615384616,0.997525314959914,0.9975381249753812,0.9950792729081414,4,,,,,,8
19,2,select_coverage,3.0,exact,cmar,e,0,0.9987692307692309,0.9987690960544416,0.9987690960544416,0.9975381921088832,2,,,,,,8
19,2,select_coverage,3.0,exact,top_k_avg,e,0,1.0,1.0,1.0,1.0,0,,,,,,8
19,2,select_coverage,3.0,exact,list,e,0,1.0,1.0,1.0,1.0,0,,,,,,8
19,2,select_coverage,4.0,exact,majority,e,0,0.9987692307692309,0.9987690960544416,0.9987690960544416,0.9975381921088832,2,,,,,,8
19,2,select_coverage,4.0,exact,cmar,e,0,0.9987692307692309,0.9987690960544416,0.9987690960544416,0.9975381921088832,2,,,,,,8
19,2,select_coverage,4.0,exact,top_k_avg,e,0,1.0,1.0,1.0,1.0,0,,,,,,8
19,2,select_coverage,4.0,exact,list,e,0,1.0,1.0,1.0,1.0,0,,,,,,8
19,2,select_coverage_CBA_M1,,exact,majority,e,1,0.9938461538461538,0.9937810945273632,0.9938444544785098,0.9877642266886308,10,0.9932307692307693,0.9931592039800996,0.9932287588532794,0.9865486001952786,11.0,8
19,2,select_coverage_CBA_M1,,exact,cmar,e,1,0.9938461538461538,0.9937810945273632,0.9938444544785098,0.9877642266886308,10,0.9932307692307693,0.9931592039800996,0.9932287588532794,0.9865486001952786,11.0,8
19,2,select_coverage_CBA_M1,,exact,top_k_avg,e,1,1.0,1.0,1.0,1.0,0,0.9993846153846154,0.9993781094527364,0.9993845398687498,0.998769836853814,1.0,8
19,2,select_coverage_CBA_M1,,exact,list,e,1,1.0,1.0,1.0,1.0,0,0.9993846153846154,0.9993781094527364,0.9993845398687498,0.998769836853814,1.0,8
29,1,select_coverage,1.0,DAC,list,e,0,0.9975384615384616,0.9975383487394832,0.9975383487394832,0.995076697478966,4,,,,,,8
29,1,select_coverage,1.0,exact,majority,e,0,0.9981538461538462,0.9981579274259762,0.99815377623768,0.996308308530982,3,,,,,,8
29,1,select_coverage,1.0,exact,cmar,e,0,0.9975384615384616,0.9975383487394832,0.9975383487394832,0.995076697478966,4,,,,,,8
29,1,select_coverage,1.0,exact,top_k_avg,e,0,0.9993846153846154,0.9993804213135068,0.9993845818242963,0.9987699206617496,1,,,,,,8
29,1,select_coverage,1.0,exact,list,e,0,1.0,1.0,1.0,1.0,0,,,,,,8
29,1,select_coverage,2.0,DAC,list,e,0,0.9975384615384616,0.9975383487394832,0.9975383487394832,0.995076697478966,4,,,,,,8
29,1,select_coverage,2.0,exact,majority,e,0,0.9975384615384616,0.997546680482211,0.9975383860295456,0.9950797943769824,4,,,,,,8
29,1,select_coverage,2.0,exact,cmar,e,0,0.9975384615384616,0.9975383487394832,0.9975383487394832,0.995076697478966,4,,,,,,8
29,1,select_coverage,2.0,exact,top_k_avg,e,0,0.9981538461538462,0.9981495956832483,0.9981537454728892,0.9963082470265512,3,,,,,,8
29,1,select_coverage,2.0,exact,list,e,0,1.0,1.0,1.0,1.0,0,,,,,,8
29,1,select_coverage,3.0,DAC,list,e,0,0.9975384615384616,0.9975383487394832,0.9975383487394832,0.995076697478966,4,,,,,,8
29,1,select_coverage,3.0,exact,majority,e,0,0.9981538461538462,0.9981579274259762,0.99815377623768,0.996308308530982,3,,,,,,8
29,1,select_coverage,3.0,exact,cmar,e,0,0.9975384615384616,0.9975383487394832,0.9975383487394832,0.995076697478966,4,,,,,,8
29,1,select_coverage,3.0,exact,top_k_avg,e,0,0.9981538461538462,0.9981495956832483,0.9981537454728892,0.9963082470265512,3,,,,,,8
29,1,select_coverage,3.0,exact,list,e,0,1.0,1.0,1.0,1.0,0,,,,,,8
29,1,select_coverage,4.0,DAC,list,e,0,0.9975384615384616,0.9975383487394832,0.9975383487394832,0.995076697478966,4,,,,,,8
29,1,select_coverage,4.0,exact,majority,e,0,0.9963076923076924,0.9963241865946804,0.9963076237911728,0.992627321700486,6,,,,,,8
29,1,select_coverage,4.0,exact,cmar,e,0,0.9975384615384616,0.9975383487394832,0.9975383487394832,0.995076697478966,4,,,,,,8
29,1,select_coverage,4.0,exact,top_k_avg,e,0,1.0,1.0,1.0,1.0,0,,,,,,8
29,1,select_coverage,4.0,exact,list,e,0,1.0,1.0,1.0,1.0,0,,,,,,8
29,1,select_coverage_CBA_M1,,DAC,list,e,3,0.9981538461538462,0.9981495956832483,0.9981537454728892,0.9963082470265512,3,0.9963076923076924,0.9962908596237688,0.99630737767005,0.992626831061986,6.0,8
29,1,select_coverage_CBA_M1,,exact,majority,e,3,0.9987692307692309,0.9987608426270136,0.9987691519949584,0.9975413302384496,2,0.9969230769230768,0.996902106567534,0.9969227785964764,0.9938644376710416,5.0,8
29,1,select_coverage_CBA_M1,,exact,cmar,e,3,0.9981538461538462,0.9981495956832483,0.9981537454728892,0.9963082470265512,3,0.9963076923076924,0.9962908596237688,0.99630737767005,0.992626831061986,6.0,8
29,1,select_coverage_CBA_M1,,exact,top_k_avg,e,3,1.0,1.0,1.0,1.0,0,0.9981538461538462,0.9981412639405204,0.9981537091131782,0.996314223241464,3.0,8
29,1,select_coverage_CBA_M1,,exact,list,e,3,1.0,1.0,1.0,1.0,0,0.9981538461538462,0.9981412639405204,0.9981537091131782,0.996314223241464,3.0,8
29,2,select_coverage,1.0,exact,majority,e,0,0.9981538461538462,0.9981579274259762,0.99815377623768,0.996308308530982,3,,,,,,8
29,2,select_coverage,1.0,exact,cmar,e,0,0.9975384615384616,0.9975383487394832,0.9975383487394832,0.995076697478966,4,,,,,,8
29,2,select_coverage,1.0,exact,top_k_avg,e,0,0.9993846153846154,0.9993804213135068,0.9993845818242963,0.9987699206617496,1,,,,,,8
29,2,select_coverage,1.0,exact,list,e,0,1.0,1.0,1.0,1.0,0,,,,,,8
29,2,select_coverage,2.0,exact,majority,e,0,0.9975384615384616,0.997546680482211,0.9975383860295456,0.9950797943769824,4,,,,,,8
29,2,select_coverage,2.0,exact,cmar,e,0,0.9975384615384616,0.9975383487394832,0.9975383487394832,0.995076697478966,4,,,,,,8
29,2,select_coverage,2.0,exact,top_k_avg,e,0,0.9981538461538462,0.9981495956832483,0.9981537454728892,0.9963082470265512,3,,,,,,8
29,2,select_coverage,2.0,exact,list,e,0,1.0,1.0,1.0,1.0,0,,,,,,8
29,2,select_coverage,3.0,exact,majority,e,0,0.9981538461538462,0.9981579274259762,0.99815377623768,0.996308308530982,3,,,,,,8
29,2,select_coverage,3.0,exact,cmar,e,0,0.9975384615384616,0.9975383487394832,0.9975383487394832,0.995076697478966,4,,,,,,8
29,2,select_coverage,3.0,exact,top_k_avg,e,0,0.9981538461538462,0.9981495956832483,0.9981537454728892,0.9963082470265512,3,,,,,,8
29,2,select_coverage,3.0,exact,list,e,0,1.0,1.0,1.0,1.0,0,,,,,,8
29,2,select_coverage,4.0,exact,majority,e,0,0.9963076923076924,0.9963241865946804,0.9963076237911728,0.992627321700486,6,,,,,,8
29,2,select_coverage,4.0,exact,cmar,e,0,0.9975384615384616,0.9975383487394832,0.9975383487394832,0.995076697478966,4,,,,,,8
29,2,select_coverage,4.0,exact,top_k_avg,e,0,1.0,1.0,1.0,1.0,0,,,,,,8
29,2,select_coverage,4.0,exact,list,e,0,1.0,1.0,1.0,1.0,0,,,,,,8
29,2,select_coverage_CBA_M1,,exact,majority,e,3,0.9987692307692309,0.9987608426270136,0.9987691519949584,0.9975413302384496,2,0.9969230769230768,0.996902106567534,0.9969227785964764,0.9938644376710416,5.0,8
29,2,select_coverage_CBA_M1,,exact,cmar,e,3,0.9981538461538462,0.9981495956832483,0.9981537454728892,0.9963082470265512,3,0.9963076923076924,0.9962908596237688,0.99630737767005,0.992626831061986,6.0,8
29,2,select_coverage_CBA_M1,,exact,top_k_avg,e,3,0.9993846153846154,0.9993804213135068,0.9993845818242963,0.9987699206617496,1,0.9975384615384616,0.9975216852540272,0.9975382517800332,0.9950885942020112,4.0,8
29,2,select_coverage_CBA_M1,,exact,list,e,3,1.0,1.0,1.0,1.0,0,0.9981538461538462,0.9981412639405204,0.9981537091131782,0.996314223241464,3.0,8
31,1,select_coverage,1.0,DAC,list,e,0,0.9926153846153846,0.9922380336351876,0.9925921536091028,0.9852932500318302,12,,,,,,8
31,1,select_coverage,1.0,exact,majority,e,0,0.9932307692307693,0.9928848641655886,0.9932099410262012,0.9865114680719635,11,,,,,,8
31,1,select_coverage,1.0,exact,cmar,e,0,0.9926153846153846,0.9922980097054948,0.9925931665694284,0.985261966058278,12,,,,,,8
31,1,select_coverage,1.0,exact,top_k_avg,e,0,0.9981538461538462,0.998119484479104,0.998149360817698,0.996299481304982,3,,,,,,8
31,1,select_coverage,1.0,exact,list,e,0,1.0,1.0,1.0,1.0,0,,,,,,8
31,1,select_coverage,2.0,DAC,list,e,0,0.9926153846153846,0.9922380336351876,0.9925921536091028,0.9852932500318302,12,,,,,,8
31,1,select_coverage,2.0,exact,majority,e,0,0.9975384615384616,0.9974126778783958,0.9975320229514272,0.9950761976557904,4,,,,,,8
31,1,select_coverage,2.0,exact,cmar,e,0,0.9956923076923077,0.9955321623575,0.9956807662909156,0.991380486830395,7,,,,,,8
31,1,select_coverage,2.0,exact,top_k_avg,e,0,0.9981538461538462,0.998119484479104,0.998149360817698,0.996299481304982,3,,,,,,8
31,1,select_coverage,2.0,exact,list,e,0,0.9987692307692309,0.998706338939198,0.9987661651349398,0.9975353712054932,2,,,,,,8
31,1,select_coverage,3.0,DAC,list,e,0,0.9926153846153846,0.9922380336351876,0.9925921536091028,0.9852932500318302,12,,,,,,8
31,1,select_coverage,3.0,exact,majority,e,0,0.9944615384615384,0.994238501296698,0.9944459824800652,0.9889290789889826,9,,,,,,8
31,1,select_coverage,3.0,exact,cmar,e,0,0.9956923076923077,0.9955321623575,0.9956807662909156,0.991380486830395,7,,,,,,8
31,1,select_coverage,3.0,exact,top_k_avg,e,0,0.9981538461538462,0.9980595084087968,0.9981491331678752,0.9963051050620084,3,,,,,,8
31,1,select_coverage,3.0,exact,list,e,0,0.9987692307692309,0.998706338939198,0.9987661651349398,0.9975353712054932,2,,,,,,8
31,1,select_coverage,4.0,DAC,list,e,0,0.9926153846153846,0.9922380336351876,0.9925921536091028,0.9852932500318302,12,,,,,,8
31,1,select_coverage,4.0,exact,majority,e,0,0.9975384615384616,0.997472653948703,0.9975323302698796,0.9950676977093798,4,,,,,,8
31,1,select_coverage,4.0,exact,cmar,e,0,0.9956923076923077,0.9955321623575,0.9956807662909156,0.991380486830395,7,,,,,,8
31,1,select_coverage,4.0,exact,top_k_avg,e,0,0.9987692307692309,0.998706338939198,0.9987661651349398,0.9975353712054932,2,,,,,,8
31,1,select_coverage,4.0,exact,list,e,0,0.9987692307692309,0.998706338939198,0.9987661651349398,0.9975353712054932,2,,,,,,8
31,1,select_coverage_CBA_M1,,DAC,list,e,0,0.9913846153846154,0.9909443725743856,0.9913563041608282,0.982860750585982,14,,,,,,8
31,1,select_coverage_CBA_M1,,exact,majority,e,0,0.992,0.9915912031047864,0.9919742751298268,0.984076345839056,13,,,,,,8
31,1,select_coverage_CBA_M1,,exact,cmar,e,0,0.9926153846153846,0.9922380336351876,0.9925921536091028,0.9852932500318302,12,,,,,,8
31,1,select_coverage_CBA_M1,,exact,top_k_avg,e,0,0.9987692307692309,0.9987663150095052,0.9987663150095052,0.9975326300190102,2,,,,,,8
31,1,select_coverage_CBA_M1,,exact,list,e,0,0.9993846153846154,0.999353169469599,0.999383120272566,0.9987670011559856,1,,,,,,8
31,2,select_coverage,1.0,exact,majority,e,0,0.9932307692307693,0.9928848641655886,0.9932099410262012,0.9865114680719635,11,,,,,,8
31,2,select_coverage,1.0,exact,cmar,e,0,0.9926153846153846,0.9922980097054948,0.9925931665694284,0.985261966058278,12,,,,,,8
31,2,select_coverage,1.0,exact,top_k_avg,e,0,0.9981538461538462,0.998119484479104,0.998149360817698,0.996299481304982,3,,,,,,8
31,2,select_coverage,1.0,exact,list,e,0,1.0,1.0,1.0,1.0,0,,,,,,8
31,2,select_coverage,2.0,exact,majority,e,0,0.9975384615384616,0.9974126778783958,0.9975320229514272,0.9950761976557904,4,,,,,,8
31,2,select_coverage,2.0,exact,cmar,e,0,0.9956923076923077,0.9955321623575,0.9956807662909156,0.991380486830395,7,,,,,,8
31,2,select_coverage,2.0,exact,top_k_avg,e,0,0.9981538461538462,0.998119484479104,0.998149360817698,0.996299481304982,3,,,,,,8
31,2,select_coverage,2.0,exact,list,e,0,0.9987692307692309,0.998706338939198,0.9987661651349398,0.9975353712054932,2,,,,,,8
31,2,select_coverage,3.0,exact,majority,e,0,0.9944615384615384,0.994238501296698,0.9944459824800652,0.9889290789889826,9,,,,,,8
31,2,select_coverage,3.0,exact,cmar,e,0,0.9956923076923077,0.9955321623575,0.9956807662909156,0.991380486830395,7,,,,,,8
31,2,select_coverage,3.0,exact,top_k_avg,e,0,0.9981538461538462,0.9980595084087968,0.9981491331678752,0.9963051050620084,3,,,,,,8
31,2,select_coverage,3.0,exact,list,e,0,0.9987692307692309,0.998706338939198,0.9987661651349398,0.9975353712054932,2,,,,,,8
31,2,select_coverage,4.0,exact,majority,e,0,0.9975384615384616,0.997472653948703,0.9975323302698796,0.9950676977093798,4,,,,,,8
31,2,select_coverage,4.0,exact,cmar,e,0,0.9956923076923077,0.9955321623575,0.9956807662909156,0.991380486830395,7,,,,,,8
31,2,select_coverage,4.0,exact,top_k_avg,e,0,0.9987692307692309,0.998706338939198,0.9987661651349398,0.9975353712054932,2,,,,,,8
31,2,select_coverage,4.0,exact,list,e,0,0.9987692307692309,0.998706338939198,0.9987661651349398,0.9975353712054932,2,,,,,,8
31,2,select_coverage_CBA_M1,,exact,majority,e,0,0.9926153846153846,0.9922380336351876,0.9925921536091028,0.9852932500318302,12,,,,,,8
31,2,select_coverage_CBA_M1,,exact,cmar,e,0,0.9932307692307693,0.9928848641655886,0.9932099410262012,0.9865114680719635,11,,,,,,8
31,2,select_coverage_CBA_M1,,exact,top_k_avg,e,0,0.9993846153846154,0.999413145539906,0.9993831942642,0.9987671489569144,1,,,,,,8
31,2,select_coverage_CBA_M1,,exact,list,e,0,1.0,1.0,1.0,1.0,0,,,,,,8
34,1,select_coverage,1.0,DAC,list,e,0,0.9876923076923076,0.9875038659559372,0.987677145769128,0.9754292839796108,20,,,,,,8
34,1,select_coverage,1.0,exact,majority,e,0,0.9975384615384616,0.9975007731911874,0.997536221336778,0.9950754702961891,4,,,,,,8
34,1,select_coverage,1.0,exact,cmar,e,0,0.9975384615384616,0.9975007731911874,0.997536221336778,0.9950754702961891,4,,,,,,8
34,1,select_coverage,1.0,exact,top_k_avg,e,0,0.9975384615384616,0.9974651457541192,0.99753603454707,0.9950841814717698,4,,,,,,8
34,1,select_coverage,1.0,exact,list,e,0,0.9993846153846154,0.999401913875598,0.9993841218657962,0.998769001876046,1,,,,,,8
34,1,select_coverage,2.0,DAC,list,e,0,0.9876923076923076,0.9875038659559372,0.987677145769128,0.9754292839796108,20,,,,,,8
34,1,select_coverage,2.0,exact,majority,e,0,0.9987692307692309,0.9987682003141278,0.9987682003141278,0.9975364006282558,2,,,,,,8
34,1,select_coverage,2.0,exact,cmar,e,0,0.9956923076923077,0.9955996325067769,0.9956878920938116,0.9913946762161664,7,,,,,,8
34,1,select_coverage,2.0,exact,top_k_avg,e,0,0.9975384615384616,0.9975007731911874,0.997536221336778,0.9950754702961891,4,,,,,,8
34,1,select_coverage,2.0,exact,list,e,0,1.0,1.0,1.0,1.0,0,,,,,,8
34,1,select_coverage,3.0,DAC,list,e,0,0.9876923076923076,0.9875038659559372,0.987677145769128,0.9754292839796108,20,,,,,,8
34,1,select_coverage,3.0,exact,majority,e,0,0.9987692307692309,0.9987682003141278,0.9987682003141278,0.9975364006282558,2,,,,,,8
34,1,select_coverage,3.0,exact,cmar,e,0,0.9944615384615384,0.9943322053838364,0.9944554156656402,0.9889478200920804,9,,,,,,8
34,1,select_coverage,3.0,exact,top_k_avg,e,0,0.9969230769230768,0.9968670596297172,0.9969201610992656,0.993847130661682,5,,,,,,8
34,1,select_coverage,3.0,exact,list,e,0,1.0,1.0,1.0,1.0,0,,,,,,8
34,1,select_coverage,4.0,DAC,list,e,0,0.9876923076923076,0.9875038659559372,0.987677145769128,0.9754292839796108,20,,,,,,8
34,1,select_coverage,4.0,exact,majority,e,0,0.9987692307692309,0.9987682003141278,0.9987682003141278,0.9975364006282558,2,,,,,,8
34,1,select_coverage,4.0,exact,cmar,e,0,0.9956923076923077,0.9955996325067769,0.9956878920938116,0.9913946762161664,7,,,,,,8
34,1,select_coverage,4.0,exact,top_k_avg,e,0,0.9987692307692309,0.9987682003141278,0.9987682003141278,0.9975364006282558,2,,,,,,8
34,1,select_coverage,4.0,exact,list,e,0,1.0,1.0,1.0,1.0,0,,,,,,8
34,1,select_coverage_CBA_M1,,DAC,list,e,0,0.9876923076923076,0.9875038659559372,0.987677145769128,0.9754292839796108,20,,,,,,8
34,1,select_coverage_CBA_M1,,exact,majority,e,0,0.9932307692307693,0.993064778260896,0.993222720549735,0.9865065208061496,11,,,,,,8
34,1,select_coverage_CBA_M1,,exact,cmar,e,0,0.9932307692307693,0.993064778260896,0.993222720549735,0.9865065208061496,11,,,,,,8
34,1,select_coverage_CBA_M1,,exact,top_k_avg,e,0,0.9938461538461538,0.9937697466965028,0.9938400863676752,0.9876922401913704,10,,,,,,8
34,1,select_coverage_CBA_M1,,exact,list,e,0,0.9975384615384616,0.9975007731911874,0.997536221336778,0.9950754702961891,4,,,,,,8
34,2,select_coverage,1.0,exact,majority,e,0,0.9975384615384616,0.9975007731911874,0.997536221336778,0.9950754702961891,4,,,,,,8
34,2,select_coverage,1.0,exact,cmar,e,0,0.9975384615384616,0.9975007731911874,0.997536221336778,0.9950754702961891,4,,,,,,8
34,2,select_coverage,1.0,exact,top_k_avg,e,0,0.9975384615384616,0.9974651457541192,0.99753603454707,0.9950841814717698,4,,,,,,8
34,2,select_coverage,1.0,exact,list,e,0,0.9993846153846154,0.999401913875598,0.9993841218657962,0.998769001876046,1,,,,,,8
34,2,select_coverage,2.0,exact,majority,e,0,0.9987692307692309,0.9987682003141278,0.9987682003141278,0.9975364006282558,2,,,,,,8
34,2,select_coverage,2.0,exact,cmar,e,0,0.9956923076923077,0.9955996325067769,0.9956878920938116,0.9913946762161664,7,,,,,,8
34,2,select_coverage,2.0,exact,top_k_avg,e,0,0.9975384615384616,0.9975007731911874,0.997536221336778,0.9950754702961891,4,,,,,,8
34,2,select_coverage,2.0,exact,list,e,0,1.0,1.0,1.0,1.0,0,,,,,,8
34,2,select_coverage,3.0,exact,majority,e,0,0.9987692307692309,0.9987682003141278,0.9987682003141278,0.9975364006282558,2,,,,,,8
34,2,select_coverage,3.0,exact,cmar,e,0,0.9944615384615384,0.9943322053838364,0.9944554156656402,0.9889478200920804,9,,,,,,8
34,2,select_coverage,3.0,exact,top_k_avg,e,0,0.9969230769230768,0.9968670596297172,0.9969201610992656,0.993847130661682,5,,,,,,8
34,2,select_coverage,3.0,exact,list,e,0,1.0,1.0,1.0,1.0,0,,,,,,8
34,2,select_coverage,4.0,exact,majority,e,0,0.9987692307692309,0.9987682003141278,0.9987682003141278,0.9975364006282558,2,,,,,,8
34,2,select_coverage,4.0,exact,cmar,e,0,0.9956923076923077,0.9955996325067769,0.9956878920938116,0.9913946762161664,7,,,,,,8
34,2,select_coverage,4.0,exact,top_k_avg,e,0,0.9987692307692309,0.9987682003141278,0.9987682003141278,0.9975364006282558,2,,,,,,8
34,2,select_coverage,4.0,exact,list,e,0,1.0,1.0,1.0,1.0,0,,,,,,8
34,2,select_coverage_CBA_M1,,exact,majority,e,0,0.9950769230769232,0.9949659189453066,0.9950716805114534,0.9901705509632752,8,,,,,,8
34,2,select_coverage_CBA_M1,,exact,cmar,e,0,0.9932307692307693,0.993064778260896,0.993222720549735,0.9865065208061496,11,,,,,,8
34,2,select_coverage_CBA_M1,,exact,top_k_avg,e,0,0.9950769230769232,0.9950371738194432,0.9950724426735562,0.9901479054851136,8,,,,,,8
34,2,select_coverage_CBA_M1,,exact,list,e,0,0.9987692307692309,0.9987682003141278,0.9987682003141278,0.9975364006282558,2,,,,,,8
42,1,select_coverage,1.0,DAC,list,e,0,0.9975384615384616,0.9975812543801368,0.9975352123357693,0.9950734547683858,4,,,,,,8
42,1,select_coverage,1.0,exact,majority,e,0,0.9987692307692309,0.99876749400054,0.99876749400054,0.99753498800108,2,,,,,,8
42,1,select_coverage,1.0,exact,cmar,e,0,0.9987692307692309,0.99876749400054,0.99876749400054,0.99753498800108,2,,,,,,8
42,1,select_coverage,1.0,exact,top_k_avg,e,0,0.9993846153846154,0.9993606138107416,0.999383718253431,0.9987681956447204,1,,,,,,8
42,1,select_coverage,1.0,exact,list,e,0,1.0,1.0,1.0,1.0,0,,,,,,8
42,1,select_coverage,2.0,DAC,list,e,0,0.9975384615384616,0.9975812543801368,0.9975352123357693,0.9950734547683858,4,,,,,,8
42,1,select_coverage,2.0,exact,majority,e,0,0.9987692307692309,0.99876749400054,0.99876749400054,0.99753498800108,2,,,,,,8
42,1,select_coverage,2.0,exact,cmar,e,0,0.9993846153846154,0.9993606138107416,0.999383718253431,0.9987681956447204,1,,,,,,8
42,1,select_coverage,2.0,exact,top_k_avg,e,0,0.9993846153846154,0.9993606138107416,0.999383718253431,0.9987681956447204,1,,,,,,8
42,1,select_coverage,2.0,exact,list,e,0,1.0,1.0,1.0,1.0,0,,,,,,8
42,1,select_coverage,3.0,DAC,list,e,0,0.9975384615384616,0.9975812543801368,0.9975352123357693,0.9950734547683858,4,,,,,,8
42,1,select_coverage,3.0,exact,majority,e,0,0.9993846153846154,0.9993606138107416,0.999383718253431,0.9987681956447204,1,,,,,,8
42,1,select_coverage,3.0,exact,cmar,e,0,0.9993846153846154,0.9993606138107416,0.999383718253431,0.9987681956447204,1,,,,,,8
42,1,select_coverage,3.0,exact,top_k_avg,e,0,1.0,1.0,1.0,1.0,0,,,,,,8
42,1,select_coverage,3.0,exact,list,e,0,1.0,1.0,1.0,1.0,0,,,,,,8
42,1,select_coverage,4.0,DAC,list,e,0,0.9975384615384616,0.9975812543801368,0.9975352123357693,0.9950734547683858,4,,,,,,8
42,1,select_coverage,4.0,exact,majority,e,0,0.9993846153846154,0.9993606138107416,0.999383718253431,0.9987681956447204,1,,,,,,8
42,1,select_coverage,4.0,exact,cmar,e,0,0.9993846153846154,0.9993606138107416,0.999383718253431,0.9987681956447204,1,,,,,,8
42,1,select_coverage,4.0,exact,top_k_avg,e,0,1.0,1.0,1.0,1.0,0,,,,,,8
42,1,select_coverage,4.0,exact,list,e,0,1.0,1.0,1.0,1.0,0,,,,,,8
42,1,select_coverage_CBA_M1,,DAC,list,e,21,0.9975384615384616,0.9975812543801368,0.9975352123357693,0.9950734547683858,4,0.9846153846153848,0.984154144405712,0.9845780068141484,0.9694265538174106,25.0,8
42,1,select_coverage_CBA_M1,,exact,majority,e,21,0.9993846153846154,0.9993606138107416,0.999383718253431,0.9987681956447204,1,0.9864615384615384,0.9859335038363172,0.9864261262328496,0.9732158048722876,22.0,8
42,1,select_coverage_CBA_M1,,exact,cmar,e,21,0.9993846153846154,0.9993606138107416,0.999383718253431,0.9987681956447204,1,0.9864615384615384,0.9859335038363172,0.9864261262328496,0.9732158048722876,22.0,8
42,1,select_coverage_CBA_M1,,exact,top_k_avg,e,21,0.9987692307692309,0.9987212276214834,0.9987673780728316,0.997537791112704,2,0.9858461538461538,0.9852941176470588,0.9858082320987224,0.9720136252674008,23.0,8
42,1,select_coverage_CBA_M1,,exact,list,e,21,1.0,1.0,1.0,1.0,0,0.9870769230769232,0.9865728900255756,0.9870439321751272,0.9744192789710512,21.0,8
42,2,select_coverage,1.0,exact,majority,e,0,0.9987692307692309,0.99876749400054,0.99876749400054,0.99753498800108,2,,,,,,8
42,2,select_coverage,1.0,exact,cmar,e,0,0.9987692307692309,0.99876749400054,0.99876749400054,0.99753498800108,2,,,,,,8
42,2,select_coverage,1.0,exact,top_k_avg,e,0,0.9993846153846154,0.9993606138107416,0.999383718253431,0.9987681956447204,1,,,,,,8
42,2,select_coverage,1.0,exact,list,e,0,1.0,1.0,1.0,1.0,0,,,,,,8
42,2,select_coverage,2.0,exact,majority,e,0,0.9987692307692309,0.99876749400054,0.99876749400054,0.99753498800108,2,,,,,,8
42,2,select_coverage,2.0,exact,cmar,e,0,0.9993846153846154,0.9993606138107416,0.999383718253431,0.9987681956447204,1,,,,,,8
42,2,select_coverage,2.0,exact,top_k_avg,e,0,0.9993846153846154,0.9993606138107416,0.999383718253431,0.9987681956447204,1,,,,,,8
42,2,select_coverage,2.0,exact,list,e,0,1.0,1.0,1.0,1.0,0,,,,,,8
42,2,select_coverage,3.0,exact,majority,e,0,0.9993846153846154,0.9993606138107416,0.999383718253431,0.9987681956447204,1,,,,,,8
42,2,select_coverage,3.0,exact,cmar,e,0,0.9993846153846154,0.9993606138107416,0.999383718253431,0.9987681956447204,1,,,,,,8
42,2,select_coverage,3.0,exact,top_k_avg,e,0,1.0,1.0,1.0,1.0,0,,,,,,8
42,2,select_coverage,3.0,exact,list,e,0,1.0,1.0,1.0,1.0,0,,,,,,8
42,2,select_coverage,4.0,exact,majority,e,0,0.9993846153846154,0.9993606138107416,0.999383718253431,0.9987681956447204,1,,,,,,8
42,2,select_coverage,4.0,exact,cmar,e,0,0.9993846153846154,0.9993606138107416,0.999383718253431,0.9987681956447204,1,,,,,,8
42,2,select_coverage,4.0,exact,top_k_avg,e,0,1.0,1.0,1.0,1.0,0,,,,,,8
42,2,select_coverage,4.0,exact,list,e,0,1.0,1.0,1.0,1.0,0,,,,,,8
42,2,select_coverage_CBA_M1,,exact,majority,e,2,0.9993846153846154,0.9993606138107416,0.999383718253431,0.9987681956447204,1,0.9981538461538462,0.998081841432225,0.9981509780472736,0.9963087812195291,3.0,8
42,2,select_coverage_CBA_M1,,exact,cmar,e,2,0.9993846153846154,0.9993606138107416,0.999383718253431,0.9987681956447204,1,0.9981538461538462,0.998081841432225,0.9981509780472736,0.9963087812195291,3.0,8
42,2,select_coverage_CBA_M1,,exact,top_k_avg,e,2,0.9987692307692309,0.9987212276214834,0.9987673780728316,0.997537791112704,2,0.9975384615384616,0.9974424552429668,0.997534516765286,0.9950811607983182,4.0,8
42,2,select_coverage_CBA_M1,,exact,list,e,2,1.0,1.0,1.0,1.0,0,0.9987692307692309,0.9987212276214834,0.9987673780728316,0.997537791112704,2.0,8
49,1,select_coverage,1.0,DAC,list,e,0,0.9876923076923076,0.9877532811420676,0.9876919301477272,0.9756262809143208,20,,,,,,8
49,1,select_coverage,1.0,exact,majority,e,0,0.9969230769230768,0.9969195741483572,0.9969229603961334,0.993846675915567,5,,,,,,8
49,1,select_coverage,1.0,exact,cmar,e,0,0.9975384615384616,0.9975520195838432,0.9975384382337348,0.9950889652824813,4,,,,,,8
49,1,select_coverage,1.0,exact,top_k_avg,e,0,1.0,1.0,1.0,1.0,0,,,,,,8
49,1,select_coverage,1.0,exact,list,e,0,1.0,1.0,1.0,1.0,0,,,,,,8
49,1,select_coverage,2.0,DAC,list,e,0,0.9870769230769232,0.9871412860380284,0.98707643366376,0.9744228111008756,21,,,,,,8
49,1,select_coverage,2.0,exact,majority,e,0,0.9981538461538462,0.9981503811335846,0.99815377623768,0.996308308530982,3,,,,,,8
49,1,select_coverage,2.0,exact,cmar,e,0,0.9975384615384616,0.9975520195838432,0.9975384382337348,0.9950889652824813,4,,,,,,8
49,1,select_coverage,2.0,exact,top_k_avg,e,0,0.9993846153846154,0.9993880048959608,0.99938460046937,0.9987699579060558,1,,,,,,8
49,1,select_coverage,2.0,exact,list,e,0,1.0,1.0,1.0,1.0,0,,,,,,8
49,1,select_coverage,3.0,DAC,list,e,0,0.9870769230769232,0.9871412860380284,0.98707643366376,0.9744228111008756,21,,,,,,8
49,1,select_coverage,3.0,exact,majority,e,0,0.9993846153846154,0.9993880048959608,0.99938460046937,0.9987699579060558,1,,,,,,8
49,1,select_coverage,3.0,exact,cmar,e,0,0.9950769230769232,0.9951040391676866,0.995076921212562,0.990202078365195,8,,,,,,8
49,1,select_coverage,3.0,exact,top_k_avg,e,0,0.9993846153846154,0.9993880048959608,0.99938460046937,0.9987699579060558,1,,,,,,8
49,1,select_coverage,3.0,exact,list,e,0,1.0,1.0,1.0,1.0,0,,,,,,8
49,1,select_coverage,4.0,DAC,list,e,0,0.9870769230769232,0.9871412860380284,0.98707643366376,0.9744228111008756,21,,,,,,8
49,1,select_coverage,4.0,exact,majority,e,0,0.9987692307692309,0.9987760097919216,0.9987692079303908,0.9975414418346056,2,,,,,,8
49,1,select_coverage,4.0,exact,cmar,e,0,0.9944615384615384,0.9944920440636476,0.9944615384615384,0.988984088127295,9,,,,,,8
49,1,select_coverage,4.0,exact,top_k_avg,e,0,1.0,1.0,1.0,1.0,0,,,,,,8
49,1,select_coverage,4.0,exact,list,e,0,1.0,1.0,1.0,1.0,0,,,,,,8
49,1,select_coverage_CBA_M1,,DAC,list,e,22,0.9876923076923076,0.9877532811420676,0.9876919301477272,0.9756262809143208,20,0.974153846153846,0.974289388853206,0.9741444365646535,0.9494709403569,42.0,8
49,1,select_coverage_CBA_M1,,exact,majority,e,22,0.9932307692307693,0.9932680538555692,0.993230758976771,0.9865525470030932,11,0.9796923076923076,0.9798041615667076,0.9796878770053132,0.9601844880026704,33.0,8
49,1,select_coverage_CBA_M1,,exact,cmar,e,22,0.9932307692307693,0.9932680538555692,0.993230758976771,0.9865525470030932,11,0.9796923076923076,0.9798041615667076,0.9796878770053132,0.9601844880026704,33.0,8
49,1,select_coverage_CBA_M1,,exact,top_k_avg,e,22,0.9932307692307693,0.9932680538555692,0.993230758976771,0.9865525470030932,11,0.9796923076923076,0.9798041615667076,0.9796878770053132,0.9601844880026704,33.0,8
49,1,select_coverage_CBA_M1,,exact,list,e,22,0.9944615384615384,0.9944920440636476,0.9944615384615384,0.988984088127295,9,0.9809230769230768,0.981028151774786,0.9809195796739644,0.962553648965673,31.0,8
49,2,select_coverage,1.0,exact,majority,e,0,0.9969230769230768,0.9969195741483572,0.9969229603961334,0.993846675915567,5,,,,,,8
49,2,select_coverage,1.0,exact,cmar,e,0,0.9975384615384616,0.9975520195838432,0.9975384382337348,0.9950889652824813,4,,,,,,8
49,2,select_coverage,1.0,exact,top_k_avg,e,0,1.0,1.0,1.0,1.0,0,,,,,,8
49,2,select_coverage,1.0,exact,list,e,0,1.0,1.0,1.0,1.0,0,,,,,,8
49,2,select_coverage,2.0,exact,majority,e,0,0.9981538461538462,0.9981503811335846,0.99815377623768,0.996308308530982,3,,,,,,8
49,2,select_coverage,2.0,exact,cmar,e,0,0.9975384615384616,0.9975520195838432,0.9975384382337348,0.9950889652824813,4,,,,,,8
49,2,select_coverage,2.0,exact,top_k_avg,e,0,0.9993846153846154,0.9993880048959608,0.99938460046937,0.9987699579060558,1,,,,,,8
49,2,select_coverage,2.0,exact,list,e,0,1.0,1.0,1.0,1.0,0,,,,,,8
49,2,select_coverage,3.0,exact,majority,e,0,0.9993846153846154,0.9993880048959608,0.99938460046937,0.9987699579060558,1,,,,,,8
49,2,select_coverage,3.0,exact,cmar,e,0,0.9950769230769232,0.9951040391676866,0.995076921212562,0.990202078365195,8,,,,,,8
49,2,select_coverage,3.0,exact,top_k_avg,e,0,0.9993846153846154,0.9993880048959608,0.99938460046937,0.9987699579060558,1,,,,,,8
49,2,select_coverage,3.0,exact,list,e,0,1.0,1.0,1.0,1.0,0,,,,,,8
49,2,select_coverage,4.0,exact,majority,e,0,0.9987692307692309,0.9987760097919216,0.9987692079303908,0.9975414418346056,2,,,,,,8
49,2,select_coverage,4.0,exact,cmar,e,0,0.9944615384615384,0.9944920440636476,0.9944615384615384,0.988984088127295,9,,,,,,8
49,2,select_coverage,4.0,exact,top_k_avg,e,0,1.0,1.0,1.0,1.0,0,,,,,,8
49,2,select_coverage,4.0,exact,list,e,0,1.0,1.0,1.0,1.0,0,,,,,,8
49,2,select_coverage_CBA_M1,,exact,majority,e,22,0.9944615384615384,0.9944920440636476,0.9944615384615384,0.988984088127295,9,0.9809230769230768,0.981028151774786,0.9809195796739644,0.962553648965673,31.0,8
49,2,select_coverage_CBA_M1,,exact,cmar,e,22,0.9932307692307693,0.9932680538555692,0.993230758976771,0.9865525470030932,11,0.9796923076923076,0.9798041615667076,0.9796878770053132,0.9601844880026704,33.0,8
49,2,select_coverage_CBA_M1,,exact,top_k_avg,e,22,0.9963076923076924,0.996328029375765,0.996307679723216,0.9926425255980108,6,0.9827692307692308,0.9828641370869032,0.9827668748276688,0.9661176471078212,28.0,8
49,2,select_coverage_CBA_M1,,exact,list,e,22,0.9975384615384616,0.9975520195838432,0.9975384382337348,0.9950889652824813,4,0.984,0.9840881272949816,0.9839982487077404,0.9685005430091308,26.0,8
63,1,select_coverage,1.0,DAC,list,e,0,0.9969230769230768,0.996936081336696,0.9969213934171244,0.9938435427244608,5,,,,,,8
63,1,select_coverage,1.0,exact,majority,e,0,0.9993846153846154,0.9993694829760404,0.9993842422864504,0.9987692424210908,1,,,,,,8
63,1,select_coverage,1.0,exact,cmar,e,0,1.0,1.0,1.0,1.0,0,,,,,,8
63,1,select_coverage,1.0,exact,top_k_avg,e,0,0.9950769230769232,0.9949854192938208,0.9950731448495412,0.9901734635636436,8,,,,,,8
63,1,select_coverage,1.0,exact,list,e,0,1.0,1.0,1.0,1.0,0,,,,,,8
63,1,select_coverage,2.0,DAC,list,e,0,0.9969230769230768,0.996936081336696,0.9969213934171244,0.9938435427244608,5,,,,,,8
63,1,select_coverage,2.0,exact,majority,e,0,1.0,1.0,1.0,1.0,0,,,,,,8
63,1,select_coverage,2.0,exact,cmar,e,0,1.0,1.0,1.0,1.0,0,,,,,,8
63,1,select_coverage,2.0,exact,top_k_avg,e,0,0.9981538461538462,0.9981084489281212,0.9981526120549736,0.9963120371995586,3,,,,,,8
63,1,select_coverage,2.0,exact,list,e,0,1.0,1.0,1.0,1.0,0,,,,,,8
63,1,select_coverage,3.0,DAC,list,e,0,0.9969230769230768,0.996936081336696,0.9969213934171244,0.9938435427244608,5,,,,,,8
63,1,select_coverage,3.0,exact,majority,e,0,1.0,1.0,1.0,1.0,0,,,,,,8
63,1,select_coverage,3.0,exact,cmar,e,0,0.9993846153846154,0.9993694829760404,0.9993842422864504,0.9987692424210908,1,,,,,,8
63,1,select_coverage,3.0,exact,top_k_avg,e,0,0.9993846153846154,0.9993694829760404,0.9993842422864504,0.9987692424210908,1,,,,,,8
63,1,select_coverage,3.0,exact,list,e,0,1.0,1.0,1.0,1.0,0,,,,,,8
63,1,select_coverage,4.0,DAC,list,e,0,0.9969230769230768,0.996936081336696,0.9969213934171244,0.9938435427244608,5,,,,,,8
63,1,select_coverage,4.0,exact,majority,e,0,1.0,1.0,1.0,1.0,0,,,,,,8
63,1,select_coverage,4.0,exact,cmar,e,0,0.9993846153846154,0.9993694829760404,0.9993842422864504,0.9987692424210908,1,,,,,,8
63,1,select_coverage,4.0,exact,top_k_avg,e,0,1.0,1.0,1.0,1.0,0,,,,,,8
63,1,select_coverage,4.0,exact,list,e,0,1.0,1.0,1.0,1.0,0,,,,,,8
63,1,select_coverage_CBA_M1,,DAC,list,e,1,0.9932307692307693,0.9931529791929382,0.993225802661852,0.9864704396576816,11,0.9926153846153846,0.9925224621689784,0.992609717274312,0.985246541089052,12.0,8
63,1,select_coverage_CBA_M1,,exact,majority,e,1,0.9969230769230768,0.9968474148802018,0.9969208193917508,0.993860543237034,5,0.9963076923076924,0.996216897856242,0.996304858637156,0.9926369248009392,6.0,8
63,1,select_coverage_CBA_M1,,exact,cmar,e,1,0.9975384615384616,0.9974779319041612,0.9975367367294534,0.9950855789508932,4,0.9969230769230768,0.9968474148802018,0.9969208193917508,0.993860543237034,5.0,8
63,1,select_coverage_CBA_M1,,exact,top_k_avg,e,1,0.9926153846153846,0.9925224621689784,0.992609717274312,0.985246541089052,12,0.992,0.9918919451450188,0.9919935842553502,0.9840240433202372,13.0,8
63,1,select_coverage_CBA_M1,,exact,list,e,1,0.9975384615384616,0.9974779319041612,0.9975367367294534,0.9950855789508932,4,0.9969230769230768,0.9968474148802018,0.9969208193917508,0.993860543237034,5.0,8
63,2,select_coverage,1.0,exact,majority,e,0,0.9993846153846154,0.9993694829760404,0.9993842422864504,0.9987692424210908,1,,,,,,8
63,2,select_coverage,1.0,exact,cmar,e,0,1.0,1.0,1.0,1.0,0,,,,,,8
63,2,select_coverage,1.0,exact,top_k_avg,e,0,0.9950769230769232,0.9949854192938208,0.9950731448495412,0.9901734635636436,8,,,,,,8
63,2,select_coverage,1.0,exact,list,e,0,1.0,1.0,1.0,1.0,0,,,,,,8
63,2,select_coverage,2.0,exact,majority,e,0,1.0,1.0,1.0,1.0,0,,,,,,8
63,2,select_coverage,2.0,exact,cmar,e,0,1.0,1.0,1.0,1.0,0,,,,,,8
63,2,select_coverage,2.0,exact,top_k_avg,e,0,0.9981538461538462,0.9981084489281212,0.9981526120549736,0.9963120371995586,3,,,,,,8
63,2,select_coverage,2.0,exact,list,e,0,1.0,1.0,1.0,1.0,0,,,,,,8
63,2,select_coverage,3.0,exact,majority,e,0,1.0,1.0,1.0,1.0,0,,,,,,8
63,2,select_coverage,3.0,exact,cmar,e,0,0.9993846153846154,0.9993694829760404,0.9993842422864504,0.9987692424210908,1,,,,,,8
63,2,select_coverage,3.0,exact,top_k_avg,e,0,0.9993846153846154,0.9993694829760404,0.9993842422864504,0.9987692424210908,1,,,,,,8
63,2,select_coverage,3.0,exact,list,e,0,1.0,1.0,1.0,1.0,0,,,,,,8
63,2,select_coverage,4.0,exact,majority,e,0,1.0,1.0,1.0,1.0,0,,,,,,8
63,2,select_coverage,4.0,exact,cmar,e,0,0.9993846153846154,0.9993694829760404,0.9993842422864504,0.9987692424210908,1,,,,,,8
63,2,select_coverage,4.0,exact,top_k_avg,e,0,1.0,1.0,1.0,1.0,0,,,,,,8
63,2,select_coverage,4.0,exact,list,e,0,1.0,1.0,1.0,1.0,0,,,,,,8
63,2,select_coverage_CBA_M1,,exact,majority,e,0,0.9993846153846154,0.9993694829760404,0.9993842422864504,0.9987692424210908,1,,,,,,8
63,2,select_coverage_CBA_M1,,exact,cmar,e,0,1.0,1.0,1.0,1.0,0,,,,,,8
63,2,select_coverage_CBA_M1,,exact,top_k_avg,e,0,0.9963076923076924,0.9962464533417402,0.99630510509418,0.9926223007235312,6,,,,,,8
63,2,select_coverage_CBA_M1,,exact,list,e,0,1.0,1.0,1.0,1.0,0,,,,,,8
64,1,select_coverage,1.0,DAC,list,e,0,0.9852307692307692,0.9847383610541504,0.985175747218362,0.9704988380717904,24,,,,,,8
64,1,select_coverage,1.0,exact,majority,e,0,0.9975384615384616,0.9974671527303108,0.9975313855838994,0.9950658106575246,4,,,,,,8
64,1,select_coverage,1.0,exact,cmar,e,0,0.9987692307692309,0.998765854029012,0.998765854029012,0.9975317080580238,2,,,,,,8
64,1,select_coverage,1.0,exact,top_k_avg,e,0,0.9987692307692309,0.9987012987012986,0.9987656927919496,0.9975344288453806,2,,,,,,8
64,1,select_coverage,1.0,exact,list,e,0,1.0,1.0,1.0,1.0,0,,,,,,8
64,1,select_coverage,2.0,DAC,list,e,0,0.9852307692307692,0.9847383610541504,0.985175747218362,0.9704988380717904,24,,,,,,8
64,1,select_coverage,2.0,exact,majority,e,0,0.9987692307692309,0.998765854029012,0.998765854029012,0.9975317080580238,2,,,,,,8
64,1,select_coverage,2.0,exact,cmar,e,0,0.9987692307692309,0.998765854029012,0.998765854029012,0.9975317080580238,2,,,,,,8
64,1,select_coverage,2.0,exact,top_k_avg,e,0,0.9993846153846154,0.9994152046783626,0.999382966612988,0.9987666942155664,1,,,,,,8
64,1,select_coverage,2.0,exact,list,e,0,1.0,1.0,1.0,1.0,0,,,,,,8
64,1,select_coverage,3.0,DAC,list,e,0,0.9852307692307692,0.9847383610541504,0.985175747218362,0.9704988380717904,24,,,,,,8
64,1,select_coverage,3.0,exact,majority,e,0,0.9987692307692309,0.998765854029012,0.998765854029012,0.9975317080580238,2,,,,,,8
64,1,select_coverage,3.0,exact,cmar,e,0,0.9975384615384616,0.9974671527303108,0.9975313855838994,0.9950658106575246,4,,,,,,8
64,1,select_coverage,3.0,exact,top_k_avg,e,0,0.9993846153846154,0.9994152046783626,0.999382966612988,0.9987666942155664,1,,,,,,8
64,1,select_coverage,3.0,exact,list,e,0,1.0,1.0,1.0,1.0,0,,,,,,8
64,1,select_coverage,4.0,DAC,list,e,0,0.9852307692307692,0.9847383610541504,0.985175747218362,0.9704988380717904,24,,,,,,8
64,1,select_coverage,4.0,exact,majority,e,0,0.9987692307692309,0.998765854029012,0.998765854029012,0.9975317080580238,2,,,,,,8
64,1,select_coverage,4.0,exact,cmar,e,0,0.9975384615384616,0.9974025974025974,0.9975310555231428,0.9950742723044064,4,,,,,,8
64,1,select_coverage,4.0,exact,top_k_avg,e,0,1.0,1.0,1.0,1.0,0,,,,,,8
64,1,select_coverage,4.0,exact,list,e,0,1.0,1.0,1.0,1.0,0,,,,,,8
64,1,select_coverage_CBA_M1,,DAC,list,e,0,0.9852307692307692,0.9847383610541504,0.985175747218362,0.9704988380717904,24,,,,,,8
64,1,select_coverage_CBA_M1,,exact,majority,e,0,0.9950769230769232,0.9948051948051948,0.995060745234759,0.9901700423491904,8,,,,,,8
64,1,select_coverage_CBA_M1,,exact,cmar,e,0,0.9969230769230768,0.9967532467532468,0.996913609557364,0.9938462119276056,5,,,,,,8
64,1,select_coverage_CBA_M1,,exact,top_k_avg,e,0,0.9975384615384616,0.9974671527303108,0.9975313855838994,0.9950658106575246,4,,,,,,8
64,1,select_coverage_CBA_M1,,exact,list,e,0,0.9981538461538462,0.998051948051948,0.9981484161266688,0.996303676269584,3,,,,,,8
64,2,select_coverage,1.0,exact,majority,e,0,0.9975384615384616,0.9974671527303108,0.9975313855838994,0.9950658106575246,4,,,,,,8
64,2,select_coverage,1.0,exact,cmar,e,0,0.9987692307692309,0.998765854029012,0.998765854029012,0.9975317080580238,2,,,,,,8
64,2,select_coverage,1.0,exact,top_k_avg,e,0,0.9987692307692309,0.9987012987012986,0.9987656927919496,0.9975344288453806,2,,,,,,8
64,2,select_coverage,1.0,exact,list,e,0,1.0,1.0,1.0,1.0,0,,,,,,8
64,2,select_coverage,2.0,exact,majority,e,0,0.9987692307692309,0.998765854029012,0.998765854029012,0.9975317080580238,2,,,,,,8
64,2,select_coverage,2.0,exact,cmar,e,0,0.9987692307692309,0.998765854029012,0.998765854029012,0.9975317080580238,2,,,,,,8
64,2,select_coverage,2.0,exact,top_k_avg,e,0,0.9993846153846154,0.9994152046783626,0.999382966612988,0.9987666942155664,1,,,,,,8
64,2,select_coverage,2.0,exact,list,e,0,1.0,1.0,1.0,1.0,0,,,,,,8
64,2,select_coverage,3.0,exact,majority,e,0,0.9987692307692309,0.998765854029012,0.998765854029012,0.9975317080580238,2,,,,,,8
64,2,select_coverage,3.0,exact,cmar,e,0,0.9975384615384616,0.9974671527303108,0.9975313855838994,0.9950658106575246,4,,,,,,8
64,2,select_coverage,3.0,exact,top_k_avg,e,0,0.9993846153846154,0.9994152046783626,0.999382966612988,0.9987666942155664,1,,,,,,8
64,2,select_coverage,3.0,exact,list,e,0,1.0,1.0,1.0,1.0,0,,,,,,8
64,2,select_coverage,4.0,exact,majority,e,0,0.9987692307692309,0.998765854029012,0.998765854029012,0.9975317080580238,2,,,,,,8
64,2,select_coverage,4.0,exact,cmar,e,0,0.9975384615384616,0.9974025974025974,0.9975310555231428,0.9950742723044064,4,,,,,,8
64,2,select_coverage,4.0,exact,top_k_avg,e,0,1.0,1.0,1.0,1.0,0,,,,,,8
64,2,select_coverage,4.0,exact,list,e,0,1.0,1.0,1.0,1.0,0,,,,,,8
64,2,select_coverage_CBA_M1,,exact,majority,e,0,0.9950769230769232,0.9948051948051948,0.995060745234759,0.9901700423491904,8,,,,,,8
64,2,select_coverage_CBA_M1,,exact,cmar,e,0,0.9969230769230768,0.9967532467532468,0.996913609557364,0.9938462119276056,5,,,,,,8
64,2,select_coverage_CBA_M1,,exact,top_k_avg,e,0,0.9975384615384616,0.9974671527303108,0.9975313855838994,0.9950658106575246,4,,,,,,8
64,2,select_coverage_CBA_M1,,exact,list,e,0,0.9981538461538462,0.998051948051948,0.9981484161266688,0.996303676269584,3,,,,,,8
65,1,select_coverage,1.0,DAC,list,e,0,0.9956923076923077,0.9957123289335414,0.9956818419079616,0.9913644416029748,7,,,,,,8
65,1,select_coverage,1.0,exact,majority,e,0,0.9975384615384616,0.9975323302698796,0.9975323302698796,0.9950646605397592,4,,,,,,8
65,1,select_coverage,1.0,exact,cmar,e,0,0.9987692307692309,0.9987046632124352,0.9987660114757136,0.997535064643578,2,,,,,,8
65,1,select_coverage,1.0,exact,top_k_avg,e,0,0.9981538461538462,0.9980569948186528,0.9981488998389638,0.9963046401253514,3,,,,,,8
65,1,select_coverage,1.0,exact,list,e,0,1.0,1.0,1.0,1.0,0,,,,,,8
65,1,select_coverage,2.0,DAC,list,e,0,0.9956923076923077,0.9957123289335414,0.9956818419079616,0.9913644416029748,7,,,,,,8
65,1,select_coverage,2.0,exact,majority,e,0,0.9993846153846154,0.9993523316062176,0.9993830443892916,0.998766849576461,1,,,,,,8
65,1,select_coverage,2.0,exact,cmar,e,0,0.9987692307692309,0.9987046632124352,0.9987660114757136,0.997535064643578,2,,,,,,8
65,1,select_coverage,2.0,exact,top_k_avg,e,0,1.0,1.0,1.0,1.0,0,,,,,,8
65,1,select_coverage,2.0,exact,list,e,0,1.0,1.0,1.0,1.0,0,,,,,,8
65,1,select_coverage,3.0,DAC,list,e,0,0.9956923076923077,0.9957123289335414,0.9956818419079616,0.9913644416029748,7,,,,,,8
65,1,select_coverage,3.0,exact,majority,e,0,0.9969230769230768,0.9970691676436108,0.9969163318277442,0.9938516230818168,5,,,,,,8
65,1,select_coverage,3.0,exact,cmar,e,0,0.9987692307692309,0.9987046632124352,0.9987660114757136,0.997535064643578,2,,,,,,8
65,1,select_coverage,3.0,exact,top_k_avg,e,0,1.0,1.0,1.0,1.0,0,,,,,,8
65,1,select_coverage,3.0,exact,list,e,0,1.0,1.0,1.0,1.0,0,,,,,,8
65,1,select_coverage,4.0,DAC,list,e,0,0.9956923076923077,0.9957123289335414,0.9956818419079616,0.9913644416029748,7,,,,,,8
65,1,select_coverage,4.0,exact,majority,e,0,0.9956923076923077,0.995773830856046,0.9956823598494008,0.9913715381742364,7,,,,,,8
65,1,select_coverage,4.0,exact,cmar,e,0,0.9987692307692309,0.9987046632124352,0.9987660114757136,0.997535064643578,2,,,,,,8
65,1,select_coverage,4.0,exact,top_k_avg,e,0,1.0,1.0,1.0,1.0,0,,,,,,8
65,1,select_coverage,4.0,exact,list,e,0,1.0,1.0,1.0,1.0,0,,,,,,8
65,1,select_coverage_CBA_M1,,DAC,list,e,1,0.9956923076923077,0.9957123289335414,0.9956818419079616,0.9913644416029748,7,0.9950769230769232,0.9950646605397592,0.9950646605397592,0.9901293210795182,8.0,8
65,1,select_coverage_CBA_M1,,exact,majority,e,1,0.9981538461538462,0.9980569948186528,0.9981488998389638,0.9963046401253514,3,0.9975384615384616,0.9974093264248703,0.9975317080580238,0.9950755709624712,4.0,8
65,1,select_coverage_CBA_M1,,exact,cmar,e,1,0.9981538461538462,0.9980569948186528,0.9981488998389638,0.9963046401253514,3,0.9975384615384616,0.9974093264248703,0.9975317080580238,0.9950755709624712,4.0,8
65,1,select_coverage_CBA_M1,,exact,top_k_avg,e,1,0.9987692307692309,0.9987046632124352,0.9987660114757136,0.997535064643578,2,0.9981538461538462,0.9980569948186528,0.9981488998389638,0.9963046401253514,3.0,8
65,1,select_coverage_CBA_M1,,exact,list,e,1,0.9993846153846154,0.9993523316062176,0.9993830443892916,0.998766849576461,1,0.9987692307692309,0.9987046632124352,0.9987660114757136,0.997535064643578,2.0,8
65,2,select_coverage,1.0,exact,majority,e,0,0.9975384615384616,0.9975323302698796,0.9975323302698796,0.9950646605397592,4,,,,,,8
65,2,select_coverage,1.0,exact,cmar,e,0,0.9987692307692309,0.9987046632124352,0.9987660114757136,0.997535064643578,2,,,,,,8
65,2,select_coverage,1.0,exact,top_k_avg,e,0,0.9981538461538462,0.9980569948186528,0.9981488998389638,0.9963046401253514,3,,,,,,8
65,2,select_coverage,1.0,exact,list,e,0,1.0,1.0,1.0,1.0,0,,,,,,8
65,2,select_coverage,2.0,exact,majority,e,0,0.9993846153846154,0.9993523316062176,0.9993830443892916,0.998766849576461,1,,,,,,8
65,2,select_coverage,2.0,exact,cmar,e,0,0.9987692307692309,0.9987046632124352,0.9987660114757136,0.997535064643578,2,,,,,,8
65,2,select_coverage,2.0,exact,top_k_avg,e,0,1.0,1.0,1.0,1.0,0,,,,,,8
65,2,select_coverage,2.0,exact,list,e,0,1.0,1.0,1.0,1.0,0,,,,,,8
65,2,select_coverage,3.0,exact,majority,e,0,0.9969230769230768,0.9970691676436108,0.9969163318277442,0.9938516230818168,5,,,,,,8
65,2,select_coverage,3.0,exact,cmar,e,0,0.9987692307692309,0.9987046632124352,0.9987660114757136,0.997535064643578,2,,,,,,8
65,2,select_coverage,3.0,exact,top_k_avg,e,0,1.0,1.0,1.0,1.0,0,,,,,,8
65,2,select_coverage,3.0,exact,list,e,0,1.0,1.0,1.0,1.0,0,,,,,,8
65,2,select_coverage,4.0,exact,majority,e,0,0.9956923076923077,0.995773830856046,0.9956823598494008,0.9913715381742364,7,,,,,,8
65,2,select_coverage,4.0,exact,cmar,e,0,0.9987692307692309,0.9987046632124352,0.9987660114757136,0.997535064643578,2,,,,,,8
65,2,select_coverage,4.0,exact,top_k_avg,e,0,1.0,1.0,1.0,1.0,0,,,,,,8
65,2,select_coverage,4.0,exact,list,e,0,1.0,1.0,1.0,1.0,0,,,,,,8
65,2,select_coverage_CBA_M1,,exact,majority,e,1,0.9981538461538462,0.9980569948186528,0.9981488998389638,0.9963046401253514,3,0.9975384615384616,0.9974093264248703,0.9975317080580238,0.9950755709624712,4.0,8
65,2,select_coverage_CBA_M1,,exact,cmar,e,1,0.9981538461538462,0.9980569948186528,0.9981488998389638,0.9963046401253514,3,0.9975384615384616,0.9974093264248703,0.9975317080580238,0.9950755709624712,4.0,8
65,2,select_coverage_CBA_M1,,exact,top_k_avg,e,1,0.9987692307692309,0.9987046632124352,0.9987660114757136,0.997535064643578,2,0.9981538461538462,0.9980569948186528,0.9981488998389638,0.9963046401253514,3.0,8
65,2,select_coverage_CBA_M1,,exact,list,e,1,0.9993846153846154,0.9993523316062176,0.9993830443892916,0.998766849576461,1,0.9987692307692309,0.9987046632124352,0.9987660114757136,0.997535064643578,2.0,8
68,1,select_coverage,1.0,DAC,list,e,0,0.9987692307692309,0.9987775061124696,0.9987691930147728,0.9975414120766212,2,,,,,,8
68,1,select_coverage,1.0,exact,majority,e,0,0.9993846153846154,0.9993887530562346,0.9993845920792268,0.9987699411463972,1,,,,,,8
68,1,select_coverage,1.0,exact,cmar,e,0,0.9993846153846154,0.9993887530562346,0.9993845920792268,0.9987699411463972,1,,,,,,8
68,1,select_coverage,1.0,exact,top_k_avg,e,0,0.9975384615384616,0.9975216852540272,0.9975382517800332,0.9950885942020112,4,,,,,,8
68,1,select_coverage,1.0,exact,list,e,0,1.0,1.0,1.0,1.0,0,,,,,,8
68,1,select_coverage,2.0,DAC,list,e,0,0.9963076923076924,0.9962991913664968,0.9963074559848754,0.9926179307589208,6,,,,,,8
68,1,select_coverage,2.0,exact,majority,e,0,1.0,1.0,1.0,1.0,0,,,,,,8
68,1,select_coverage,2.0,exact,cmar,e,0,1.0,1.0,1.0,1.0,0,,,,,,8
68,1,select_coverage,2.0,exact,top_k_avg,e,0,0.9993846153846154,0.9993804213135068,0.9993845818242963,0.9987699206617496,1,,,,,,8
68,1,select_coverage,2.0,exact,list,e,0,1.0,1.0,1.0,1.0,0,,,,,,8
68,1,select_coverage,3.0,DAC,list,e,0,0.9963076923076924,0.9962991913664968,0.9963074559848754,0.9926179307589208,6,,,,,,8
68,1,select_coverage,3.0,exact,majority,e,0,1.0,1.0,1.0,1.0,0,,,,,,8
68,1,select_coverage,3.0,exact,cmar,e,0,1.0,1.0,1.0,1.0,0,,,,,,8
68,1,select_coverage,3.0,exact,top_k_avg,e,0,1.0,1.0,1.0,1.0,0,,,,,,8
68,1,select_coverage,3.0,exact,list,e,0,1.0,1.0,1.0,1.0,0,,,,,,8
68,1,select_coverage,4.0,DAC,list,e,0,0.9963076923076924,0.9962991913664968,0.9963074559848754,0.9926179307589208,6,,,,,,8
68,1,select_coverage,4.0,exact,majority,e,0,1.0,1.0,1.0,1.0,0,,,,,,8
68,1,select_coverage,4.0,exact,cmar,e,0,1.0,1.0,1.0,1.0,0,,,,,,8
68,1,select_coverage,4.0,exact,top_k_avg,e,0,1.0,1.0,1.0,1.0,0,,,,,,8
68,1,select_coverage,4.0,exact,list,e,0,1.0,1.0,1.0,1.0,0,,,,,,8
68,1,select_coverage_CBA_M1,,DAC,list,e,0,0.9987692307692309,0.9987775061124696,0.9987691930147728,0.9975414120766212,2,,,,,,8
68,1,select_coverage_CBA_M1,,exact,majority,e,0,1.0,1.0,1.0,1.0,0,,,,,,8
68,1,select_coverage_CBA_M1,,exact,cmar,e,0,1.0,1.0,1.0,1.0,0,,,,,,8
68,1,select_coverage_CBA_M1,,exact,top_k_avg,e,0,0.9975384615384616,0.9975216852540272,0.9975382517800332,0.9950885942020112,4,,,,,,8
68,1,select_coverage_CBA_M1,,exact,list,e,0,1.0,1.0,1.0,1.0,0,,,,,,8
68,2,select_coverage,1.0,exact,majority,e,0,0.9993846153846154,0.9993887530562346,0.9993845920792268,0.9987699411463972,1,,,,,,8
68,2,select_coverage,1.0,exact,cmar,e,0,0.9993846153846154,0.9993887530562346,0.9993845920792268,0.9987699411463972,1,,,,,,8
68,2,select_coverage,1.0,exact,top_k_avg,e,0,0.9975384615384616,0.9975216852540272,0.9975382517800332,0.9950885942020112,4,,,,,,8
68,2,select_coverage,1.0,exact,list,e,0,1.0,1.0,1.0,1.0,0,,,,,,8
68,2,select_coverage,2.0,exact,majority,e,0,1.0,1.0,1.0,1.0,0,,,,,,8
68,2,select_coverage,2.0,exact,cmar,e,0,1.0,1.0,1.0,1.0,0,,,,,,8
68,2,select_coverage,2.0,exact,top_k_avg,e,0,0.9993846153846154,0.9993804213135068,0.9993845818242963,0.9987699206617496,1,,,,,,8
68,2,select_coverage,2.0,exact,list,e,0,1.0,1.0,1.0,1.0,0,,,,,,8
68,2,select_coverage,3.0,exact,majority,e,0,1.0,1.0,1.0,1.0,0,,,,,,8
68,2,select_coverage,3.0,exact,cmar,e,0,1.0,1.0,1.0,1.0,0,,,,,,8
68,2,select_coverage,3.0,exact,top_k_avg,e,0,1.0,1.0,1.0,1.0,0,,,,,,8
68,2,select_coverage,3.0,exact,list,e,0,1.0,1.0,1.0,1.0,0,,,,,,8
68,2,select_coverage,4.0,exact,majority,e,0,1.0,1.0,1.0,1.0,0,,,,,,8
68,2,select_coverage,4.0,exact,cmar,e,0,1.0,1.0,1.0,1.0,0,,,,,,8
68,2,select_coverage,4.0,exact,top_k_avg,e,0,1.0,1.0,1.0,1.0,0,,,,,,8
68,2,select_coverage,4.0,exact,list,e,0,1.0,1.0,1.0,1.0,0,,,,,,8
68,2,select_coverage_CBA_M1,,exact,majority,e,0,1.0,1.0,1.0,1.0,0,,,,,,8
68,2,select_coverage_CBA_M1,,exact,cmar,e,0,1.0,1.0,1.0,1.0,0,,,,,,8
68,2,select_coverage_CBA_M1,,exact,top_k_avg,e,0,0.9975384615384616,0.9975216852540272,0.9975382517800332,0.9950885942020112,4,,,,,,8
68,2,select_coverage_CBA_M1,,exact,list,e,0,1.0,1.0,1.0,1.0,0,,,,,,8
74,1,select_coverage,1.0,DAC,list,e,0,0.9926153846153846,0.9924906132665832,0.9926111286254728,0.9853306467538968,12,,,,,,8
74,1,select_coverage,1.0,exact,majority,e,0,0.9969230769230768,0.9969119995636192,0.996922163115127,0.9938450817437114,5,,,,,,8
74,1,select_coverage,1.0,exact,cmar,e,0,0.9969230769230768,0.9969119995636192,0.996922163115127,0.9938450817437114,5,,,,,,8
74,1,select_coverage,1.0,exact,top_k_avg,e,0,0.9969230769230768,0.9969119995636192,0.996922163115127,0.9938450817437114,5,,,,,,8
74,1,select_coverage,1.0,exact,list,e,0,0.9987692307692309,0.9987893462469734,0.9987689393939394,0.9975409060806474,2,,,,,,8
74,1,select_coverage,2.0,DAC,list,e,0,0.9926153846153846,0.9924906132665832,0.9926111286254728,0.9853306467538968,12,,,,,,8
74,1,select_coverage,2.0,exact,majority,e,0,0.9981538461538462,0.9981635640191886,0.998153373417441,0.9963075032198516,3,,,,,,8
74,1,select_coverage,2.0,exact,cmar,e,0,0.9975384615384616,0.9974968710888612,0.99753756538711,0.995087228142845,4,,,,,,8
74,1,select_coverage,2.0,exact,top_k_avg,e,0,0.9969230769230768,0.9969119995636192,0.996922163115127,0.9938450817437114,5,,,,,,8
74,1,select_coverage,2.0,exact,list,e,0,1.0,1.0,1.0,1.0,0,,,,,,8
74,1,select_coverage,3.0,DAC,list,e,0,0.9926153846153846,0.9924906132665832,0.9926111286254728,0.9853306467538968,12,,,,,,8
74,1,select_coverage,3.0,exact,majority,e,0,0.9981538461538462,0.9981635640191886,0.998153373417441,0.9963075032198516,3,,,,,,8
74,1,select_coverage,3.0,exact,cmar,e,0,0.9975384615384616,0.9974968710888612,0.99753756538711,0.995087228142845,4,,,,,,8
74,1,select_coverage,3.0,exact,top_k_avg,e,0,0.9993846153846154,0.9993742177722152,0.9993844326230256,0.998769622626085,1,,,,,,8
74,1,select_coverage,3.0,exact,list,e,0,1.0,1.0,1.0,1.0,0,,,,,,8
74,1,select_coverage,4.0,DAC,list,e,0,0.9926153846153846,0.9924906132665832,0.9926111286254728,0.9853306467538968,12,,,,,,8
74,1,select_coverage,4.0,exact,majority,e,0,0.9981538461538462,0.9981226533166458,0.9981532167176506,0.9963132420739192,3,,,,,,8
74,1,select_coverage,4.0,exact,cmar,e,0,0.9963076923076924,0.9962453066332916,0.99630616896303,0.9926395262310964,6,,,,,,8
74,1,select_coverage,4.0,exact,top_k_avg,e,0,0.9993846153846154,0.9993742177722152,0.9993844326230256,0.998769622626085,1,,,,,,8
74,1,select_coverage,4.0,exact,list,e,0,1.0,1.0,1.0,1.0,0,,,,,,8
74,1,select_coverage_CBA_M1,,DAC,list,e,26,0.9926153846153846,0.9924906132665832,0.9926111286254728,0.9853306467538968,12,0.9766153846153848,0.9762202753441802,0.9765779092702168,0.9542278576137088,38.0,8
74,1,select_coverage_CBA_M1,,exact,majority,e,26,0.9963076923076924,0.9962453066332916,0.99630616896303,0.9926395262310964,6,0.9803076923076924,0.9799749687108886,0.9802816986861544,0.9613259638402396,32.0,8
74,1,select_coverage_CBA_M1,,exact,cmar,e,26,0.9963076923076924,0.9962453066332916,0.99630616896303,0.9926395262310964,6,0.9803076923076924,0.9799749687108886,0.9802816986861544,0.9613259638402396,32.0,8
74,1,select_coverage_CBA_M1,,exact,top_k_avg,e,26,0.9963076923076924,0.9962453066332916,0.99630616896303,0.9926395262310964,6,0.9803076923076924,0.9799749687108886,0.9802816986861544,0.9613259638402396,32.0,8
74,1,select_coverage_CBA_M1,,exact,list,e,26,0.9963076923076924,0.9962453066332916,0.99630616896303,0.9926395262310964,6,0.9803076923076924,0.9799749687108886,0.9802816986861544,0.9613259638402396,32.0,8
74,2,select_coverage,1.0,exact,majority,e,0,0.9969230769230768,0.9969119995636192,0.996922163115127,0.9938450817437114,5,,,,,,8
74,2,select_coverage,1.0,exact,cmar,e,0,0.9969230769230768,0.9969119995636192,0.996922163115127,0.9938450817437114,5,,,,,,8
74,2,select_coverage,1.0,exact,top_k_avg,e,0,0.9969230769230768,0.9969119995636192,0.996922163115127,0.9938450817437114,5,,,,,,8
74,2,select_coverage,1.0,exact,list,e,0,0.9987692307692309,0.9987893462469734,0.9987689393939394,0.9975409060806474,2,,,,,,8
74,2,select_coverage,2.0,exact,majority,e,0,0.9981538461538462,0.9981635640191886,0.998153373417441,0.9963075032198516,3,,,,,,8
74,2,select_coverage,2.0,exact,cmar,e,0,0.9975384615384616,0.9974968710888612,0.99753756538711,0.995087228142845,4,,,,,,8
74,2,select_coverage,2.0,exact,top_k_avg,e,0,0.9969230769230768,0.9969119995636192,0.996922163115127,0.9938450817437114,5,,,,,,8
74,2,select_coverage,2.0,exact,list,e,0,1.0,1.0,1.0,1.0,0,,,,,,8
74,2,select_coverage,3.0,exact,majority,e,0,0.9981538461538462,0.9981635640191886,0.998153373417441,0.9963075032198516,3,,,,,,8
74,2,select_coverage,3.0,exact,cmar,e,0,0.9975384615384616,0.9974968710888612,0.99753756538711,0.995087228142845,4,,,,,,8
74,2,select_coverage,3.0,exact,top_k_avg,e,0,0.9993846153846154,0.9993742177722152,0.9993844326230256,0.998769622626085,1,,,,,,8
74,2,select_coverage,3.0,exact,list,e,0,1.0,1.0,1.0,1.0,0,,,,,,8
74,2,select_coverage,4.0,exact,majority,e,0,0.9981538461538462,0.9981226533166458,0.9981532167176506,0.9963132420739192,3,,,,,,8
74,2,select_coverage,4.0,exact,cmar,e,0,0.9963076923076924,0.9962453066332916,0.99630616896303,0.9926395262310964,6,,,,,,8
74,2,select_coverage,4.0,exact,top_k_avg,e,0,0.9993846153846154,0.9993742177722152,0.9993844326230256,0.998769622626085,1,,,,,,8
74,2,select_coverage,4.0,exact,list,e,0,1.0,1.0,1.0,1.0,0,,,,,,8
74,2,select_coverage_CBA_M1,,exact,majority,e,14,0.9969230769230768,0.9969119995636192,0.996922163115127,0.9938450817437114,5,0.9883076923076924,0.988151048374633,0.988299876348167,0.9767684113490228,19.0,8
74,2,select_coverage_CBA_M1,,exact,cmar,e,14,0.9963076923076924,0.9962453066332916,0.99630616896303,0.9926395262310964,6,0.9876923076923076,0.9874843554443054,0.9876820031412789,0.9756637767150343,20.0,8
74,2,select_coverage_CBA_M1,,exact,top_k_avg,e,14,0.9969230769230768,0.9969119995636192,0.996922163115127,0.9938450817437114,5,0.9883076923076924,0.988151048374633,0.988299876348167,0.9767684113490228,19.0,8
74,2,select_coverage_CBA_M1,,exact,list,e,14,0.9987692307692309,0.9987893462469734,0.9987689393939394,0.9975409060806474,2,0.9901538461538462,0.9900283950579872,0.9901481715006306,0.9804044634022318,16.0,8
76,1,select_coverage,1.0,DAC,list,e,0,0.992,0.991706801166556,0.9919815254346014,0.984054383875625,13,,,,,,8
76,1,select_coverage,1.0,exact,majority,e,0,0.9975384615384616,0.9975851018308616,0.997534516765286,0.9950720653336425,4,,,,,,8
76,1,select_coverage,1.0,exact,cmar,e,0,0.9987692307692309,0.9987671349277882,0.9987671349277882,0.9975342698555764,2,,,,,,8
76,1,select_coverage,1.0,exact,top_k_avg,e,0,0.9975384615384616,0.9974326059050064,0.99753375342998,0.9950796416198056,4,,,,,,8
76,1,select_coverage,1.0,exact,list,e,0,1.0,1.0,1.0,1.0,0,,,,,,8
76,1,select_coverage,2.0,DAC,list,e,0,0.992,0.991706801166556,0.9919815254346014,0.984054383875625,13,,,,,,8
76,1,select_coverage,2.0,exact,majority,e,0,0.9969230769230768,0.9969940852823982,0.996918296745456,0.9938434101740062,5,,,,,,8
76,1,select_coverage,2.0,exact,cmar,e,0,0.9987692307692309,0.9987671349277882,0.9987671349277882,0.9975342698555764,2,,,,,,8
76,1,select_coverage,2.0,exact,top_k_avg,e,0,0.9993846153846154,0.9993581514762516,0.9993835358939543,0.9987678313748192,1,,,,,,8
76,1,select_coverage,2.0,exact,list,e,0,1.0,1.0,1.0,1.0,0,,,,,,8
76,1,select_coverage,3.0,DAC,list,e,0,0.992,0.991706801166556,0.9919815254346014,0.984054383875625,13,,,,,,8
76,1,select_coverage,3.0,exact,majority,e,0,0.9975384615384616,0.9976359338061466,0.9975347561456632,0.9950816372100398,4,,,,,,8
76,1,select_coverage,3.0,exact,cmar,e,0,0.9981538461538462,0.99812528640404,0.9981506076818636,0.9963019740119016,3,,,,,,8
76,1,select_coverage,3.0,exact,top_k_avg,e,0,0.9993846153846154,0.9993581514762516,0.9993835358939543,0.9987678313748192,1,,,,,,8
76,1,select_coverage,3.0,exact,list,e,0,1.0,1.0,1.0,1.0,0,,,,,,8
76,1,select_coverage,4.0,DAC,list,e,0,0.992,0.991706801166556,0.9919815254346014,0.984054383875625,13,,,,,,8
76,1,select_coverage,4.0,exact,majority,e,0,0.9969230769230768,0.9969940852823982,0.996918296745456,0.9938434101740062,5,,,,,,8
76,1,select_coverage,4.0,exact,cmar,e,0,0.9963076923076924,0.9961997408327948,0.9963006301449696,0.9926133800204278,6,,,,,,8
76,1,select_coverage,4.0,exact,top_k_avg,e,0,0.9993846153846154,0.9993581514762516,0.9993835358939543,0.9987678313748192,1,,,,,,8
76,1,select_coverage,4.0,exact,list,e,0,1.0,1.0,1.0,1.0,0,,,,,,8
76,1,select_coverage_CBA_M1,,DAC,list,e,0,0.992,0.991706801166556,0.9919815254346014,0.984054383875625,13,,,,,,8
76,1,select_coverage_CBA_M1,,exact,majority,e,0,0.9969230769230768,0.996790757381258,0.996917024513165,0.9938529999620638,5,,,,,,8
76,1,select_coverage_CBA_M1,,exact,cmar,e,0,0.9926153846153846,0.9922978177150192,0.9925978900570304,0.9853045555067456,12,,,,,,8
76,1,select_coverage_CBA_M1,,exact,top_k_avg,e,0,0.9956923076923077,0.9955070603337612,0.9956833560455216,0.9914038184141454,7,,,,,,8
76,1,select_coverage_CBA_M1,,exact,list,e,0,0.9975384615384616,0.9974326059050064,0.99753375342998,0.9950796416198056,4,,,,,,8
76,2,select_coverage,1.0,exact,majority,e,0,0.9975384615384616,0.9975851018308616,0.997534516765286,0.9950720653336425,4,,,,,,8
76,2,select_coverage,1.0,exact,cmar,e,0,0.9987692307692309,0.9987671349277882,0.9987671349277882,0.9975342698555764,2,,,,,,8
76,2,select_coverage,1.0,exact,top_k_avg,e,0,0.9975384615384616,0.9974326059050064,0.99753375342998,0.9950796416198056,4,,,,,,8
76,2,select_coverage,1.0,exact,list,e,0,1.0,1.0,1.0,1.0,0,,,,,,8
76,2,select_coverage,2.0,exact,majority,e,0,0.9969230769230768,0.9969940852823982,0.996918296745456,0.9938434101740062,5,,,,,,8
76,2,select_coverage,2.0,exact,cmar,e,0,0.9987692307692309,0.9987671349277882,0.9987671349277882,0.9975342698555764,2,,,,,,8
76,2,select_coverage,2.0,exact,top_k_avg,e,0,0.9993846153846154,0.9993581514762516,0.9993835358939543,0.9987678313748192,1,,,,,,8
76,2,select_coverage,2.0,exact,list,e,0,1.0,1.0,1.0,1.0,0,,,,,,8
76,2,select_coverage,3.0,exact,majority,e,0,0.9975384615384616,0.9976359338061466,0.9975347561456632,0.9950816372100398,4,,,,,,8
76,2,select_coverage,3.0,exact,cmar,e,0,0.9981538461538462,0.99812528640404,0.9981506076818636,0.9963019740119016,3,,,,,,8
76,2,select_coverage,3.0,exact,top_k_avg,e,0,0.9993846153846154,0.9993581514762516,0.9993835358939543,0.9987678313748192,1,,,,,,8
76,2,select_coverage,3.0,exact,list,e,0,1.0,1.0,1.0,1.0,0,,,,,,8
76,2,select_coverage,4.0,exact,majority,e,0,0.9969230769230768,0.9969940852823982,0.996918296745456,0.9938434101740062,5,,,,,,8
76,2,select_coverage,4.0,exact,cmar,e,0,0.9963076923076924,0.9961997408327948,0.9963006301449696,0.9926133800204278,6,,,,,,8
76,2,select_coverage,4.0,exact,top_k_avg,e,0,0.9993846153846154,0.9993581514762516,0.9993835358939543,0.9987678313748192,1,,,,,,8
76,2,select_coverage,4.0,exact,list,e,0,1.0,1.0,1.0,1.0,0,,,,,,8
76,2,select_coverage_CBA_M1,,exact,majority,e,0,0.9969230769230768,0.996790757381258,0.996917024513165,0.9938529999620638,5,,,,,,8
76,2,select_coverage_CBA_M1,,exact,cmar,e,0,0.9932307692307693,0.9929396662387676,0.9932151369062012,0.98652172066283,11,,,,,,8
76,2,select_coverage_CBA_M1,,exact,top_k_avg,e,0,0.9950769230769232,0.9948652118100128,0.9950664136622392,0.99018126837557,8,,,,,,8
76,2,select_coverage_CBA_M1,,exact,list,e,0,0.9975384615384616,0.9974326059050064,0.99753375342998,0.9950796416198056,4,,,,,,8
100,1,select_coverage,1.0,DAC,list,e,0,0.9913846153846154,0.9912799595135566,0.9913801465261424,0.9828354602625043,14,,,,,,8
100,1,select_coverage,1.0,exact,majority,e,0,0.9987692307692309,0.9987484355444304,0.9987688386625572,0.99754070511271,2,,,,,,8
100,1,select_coverage,1.0,exact,cmar,e,0,0.9987692307692309,0.9987484355444304,0.9987688386625572,0.99754070511271,2,,,,,,8
100,1,select_coverage,1.0,exact,top_k_avg,e,0,0.9987692307692309,0.9987484355444304,0.9987688386625572,0.99754070511271,2,,,,,,8
100,1,select_coverage,1.0,exact,list,e,0,1.0,1.0,1.0,1.0,0,,,,,,8
100,1,select_coverage,2.0,DAC,list,e,0,0.9913846153846154,0.9912799595135566,0.9913801465261424,0.9828354602625043,14,,,,,,8
100,1,select_coverage,2.0,exact,majority,e,0,0.9987692307692309,0.9987484355444304,0.9987688386625572,0.99754070511271,2,,,,,,8
100,1,select_coverage,2.0,exact,cmar,e,0,0.9987692307692309,0.9987484355444304,0.9987688386625572,0.99754070511271,2,,,,,,8
100,1,select_coverage,2.0,exact,top_k_avg,e,0,0.9987692307692309,0.9987484355444304,0.9987688386625572,0.99754070511271,2,,,,,,8
100,1,select_coverage,2.0,exact,list,e,0,1.0,1.0,1.0,1.0,0,,,,,,8
100,1,select_coverage,3.0,DAC,list,e,0,0.9913846153846154,0.9912799595135566,0.9913801465261424,0.9828354602625043,14,,,,,,8
100,1,select_coverage,3.0,exact,majority,e,0,0.9993846153846154,0.9993742177722152,0.9993844326230256,0.998769622626085,1,,,,,,8
100,1,select_coverage,3.0,exact,cmar,e,0,0.9987692307692309,0.9987484355444304,0.9987688386625572,0.99754070511271,2,,,,,,8
100,1,select_coverage,3.0,exact,top_k_avg,e,0,0.9993846153846154,0.9993742177722152,0.9993844326230256,0.998769622626085,1,,,,,,8
100,1,select_coverage,3.0,exact,list,e,0,1.0,1.0,1.0,1.0,0,,,,,,8
100,1,select_coverage,4.0,DAC,list,e,0,0.9913846153846154,0.9912799595135566,0.9913801465261424,0.9828354602625043,14,,,,,,8
100,1,select_coverage,4.0,exact,majority,e,0,0.9987692307692309,0.9987484355444304,0.9987688386625572,0.99754070511271,2,,,,,,8
100,1,select_coverage,4.0,exact,cmar,e,0,0.9987692307692309,0.9987484355444304,0.9987688386625572,0.99754070511271,2,,,,,,8
100,1,select_coverage,4.0,exact,top_k_avg,e,0,0.9993846153846154,0.9993742177722152,0.9993844326230256,0.998769622626085,1,,,,,,8
100,1,select_coverage,4.0,exact,list,e,0,1.0,1.0,1.0,1.0,0,,,,,,8
100,1,select_coverage_CBA_M1,,DAC,list,e,3,0.9913846153846154,0.9912799595135566,0.9913801465261424,0.9828354602625043,14,0.9895384615384616,0.9894026128302024,0.9895321188696584,0.9791910588045616,17.0,8
100,1,select_coverage_CBA_M1,,exact,majority,e,3,0.9987692307692309,0.9987484355444304,0.9987688386625572,0.99754070511271,2,0.9969230769230768,0.9968710888610764,0.996921883269479,0.9938626579715863,5.0,8
100,1,select_coverage_CBA_M1,,exact,cmar,e,3,0.9987692307692309,0.9987484355444304,0.9987688386625572,0.99754070511271,2,0.9969230769230768,0.9968710888610764,0.996921883269479,0.9938626579715863,5.0,8
100,1,select_coverage_CBA_M1,,exact,top_k_avg,e,3,0.9987692307692309,0.9987484355444304,0.9987688386625572,0.99754070511271,2,0.9969230769230768,0.9968710888610764,0.996921883269479,0.9938626579715863,5.0,8
100,1,select_coverage_CBA_M1,,exact,list,e,3,1.0,1.0,1.0,1.0,0,0.9981538461538462,0.9981226533166458,0.9981532167176506,0.9963132420739192,3.0,8
100,2,select_coverage,1.0,exact,majority,e,0,0.9987692307692309,0.9987484355444304,0.9987688386625572,0.99754070511271,2,,,,,,8
100,2,select_coverage,1.0,exact,cmar,e,0,0.9987692307692309,0.9987484355444304,0.9987688386625572,0.99754070511271,2,,,,,,8
100,2,select_coverage,1.0,exact,top_k_avg,e,0,0.9987692307692309,0.9987484355444304,0.9987688386625572,0.99754070511271,2,,,,,,8
100,2,select_coverage,1.0,exact,list,e,0,1.0,1.0,1.0,1.0,0,,,,,,8
100,2,select_coverage,2.0,exact,majority,e,0,0.9987692307692309,0.9987484355444304,0.9987688386625572,0.99754070511271,2,,,,,,8
100,2,select_coverage,2.0,exact,cmar,e,0,0.9987692307692309,0.9987484355444304,0.9987688386625572,0.99754070511271,2,,,,,,8
100,2,select_coverage,2.0,exact,top_k_avg,e,0,0.9987692307692309,0.9987484355444304,0.9987688386625572,0.99754070511271,2,,,,,,8
100,2,select_coverage,2.0,exact,list,e,0,1.0,1.0,1.0,1.0,0,,,,,,8
100,2,select_coverage,3.0,exact,majority,e,0,0.9993846153846154,0.9993742177722152,0.9993844326230256,0.998769622626085,1,,,,,,8
100,2,select_coverage,3.0,exact,cmar,e,0,0.9987692307692309,0.9987484355444304,0.9987688386625572,0.99754070511271,2,,,,,,8
100,2,select_coverage,3.0,exact,top_k_avg,e,0,0.9993846153846154,0.9993742177722152,0.9993844326230256,0.998769622626085,1,,,,,,8
100,2,select_coverage,3.0,exact,list,e,0,1.0,1.0,1.0,1.0,0,,,,,,8
100,2,select_coverage,4.0,exact,majority,e,0,0.9987692307692309,0.9987484355444304,0.9987688386625572,0.99754070511271,2,,,,,,8
100,2,select_coverage,4.0,exact,cmar,e,0,0.9987692307692309,0.9987484355444304,0.9987688386625572,0.99754070511271,2,,,,,,8
100,2,select_coverage,4.0,exact,top_k_avg,e,0,0.9993846153846154,0.9993742177722152,0.9993844326230256,0.998769622626085,1,,,,,,8
100,2,select_coverage,4.0,exact,list,e,0,1.0,1.0,1.0,1.0,0,,,,,,8
100,2,select_coverage_CBA_M1,,exact,majority,e,3,0.9987692307692309,0.9987484355444304,0.9987688386625572,0.99754070511271,2,0.9969230769230768,0.9968710888610764,0.996921883269479,0.9938626579715863,5.0,8
100,2,select_coverage_CBA_M1,,exact,cmar,e,3,0.9987692307692309,0.9987484355444304,0.9987688386625572,0.99754070511271,2,0.9969230769230768,0.9968710888610764,0.996921883269479,0.9938626579715863,5.0,8
100,2,select_coverage_CBA_M1,,exact,top_k_avg,e,3,0.9987692307692309,0.9987484355444304,0.9987688386625572,0.99754070511271,2,0.9969230769230768,0.9968710888610764,0.996921883269479,0.9938626579715863,5.0,8
100,2,select_coverage_CBA_M1,,exact,list,e,3,1.0,1.0,1.0,1.0,0,0.9981538461538462,0.9981226533166458,0.9981532167176506,0.9963132420739192,3.0,8
114,1,select_coverage,1.0,DAC,list,e,0,0.9950769230769232,0.9947712418300654,0.995057064291624,0.9901627524995356,8,,,,,,8
114,1,select_coverage,1.0,exact,majority,e,0,0.9987692307692309,0.9986928104575163,0.9987648296453048,0.997532706804608,2,,,,,,8
114,1,select_coverage,1.0,exact,cmar,e,0,0.9950769230769232,0.9947712418300654,0.995057064291624,0.9901627524995356,8,,,,,,8
114,1,select_coverage,1.0,exact,top_k_avg,e,0,0.9993846153846154,0.9993464052287582,0.9993824601192745,0.998765682477202,1,,,,,,8
114,1,select_coverage,1.0,exact,list,e,0,1.0,1.0,1.0,1.0,0,,,,,,8
114,1,select_coverage,2.0,DAC,list,e,0,0.992,0.9915032679738562,0.9919645061299882,0.984057116653998,13,,,,,,8
114,1,select_coverage,2.0,exact,majority,e,0,0.9993846153846154,0.9993464052287582,0.9993824601192745,0.998765682477202,1,,,,,,8
114,1,select_coverage,2.0,exact,cmar,e,0,0.9963076923076924,0.996078431372549,0.9962933732356456,0.992614122769498,6,,,,,,8
114,1,select_coverage,2.0,exact,top_k_avg,e,0,0.9993846153846154,0.9993464052287582,0.9993824601192745,0.998765682477202,1,,,,,,8
114,1,select_coverage,2.0,exact,list,e,0,1.0,1.0,1.0,1.0,0,,,,,,8
114,1,select_coverage,3.0,DAC,list,e,0,0.9913846153846154,0.9908496732026144,0.9913456768707792,0.9828398573775874,14,,,,,,8
114,1,select_coverage,3.0,exact,majority,e,0,0.9993846153846154,0.9993464052287582,0.9993824601192745,0.998765682477202,1,,,,,,8
114,1,select_coverage,3.0,exact,cmar,e,0,0.9956923076923077,0.9954248366013072,0.995675268351975,0.9913877816027612,7,,,,,,8
114,1,select_coverage,3.0,exact,top_k_avg,e,0,0.9993846153846154,0.9993464052287582,0.9993824601192745,0.998765682477202,1,,,,,,8
114,1,select_coverage,3.0,exact,list,e,0,1.0,1.0,1.0,1.0,0,,,,,,8
114,1,select_coverage,4.0,DAC,list,e,0,0.9913846153846154,0.9908496732026144,0.9913456768707792,0.9828398573775874,14,,,,,,8
114,1,select_coverage,4.0,exact,majority,e,0,0.9987692307692309,0.9986928104575163,0.9987648296453048,0.997532706804608,2,,,,,,8
114,1,select_coverage,4.0,exact,cmar,e,0,0.9950769230769232,0.9947712418300654,0.995057064291624,0.9901627524995356,8,,,,,,8
114,1,select_coverage,4.0,exact,top_k_avg,e,0,0.9993846153846154,0.9993464052287582,0.9993824601192745,0.998765682477202,1,,,,,,8
114,1,select_coverage,4.0,exact,list,e,0,1.0,1.0,1.0,1.0,0,,,,,,8
114,1,select_coverage_CBA_M1,,DAC,list,e,0,0.9950769230769232,0.9947712418300654,0.995057064291624,0.9901627524995356,8,,,,,,8
114,1,select_coverage_CBA_M1,,exact,majority,e,0,0.9956923076923077,0.9954248366013072,0.995675268351975,0.9913877816027612,7,,,,,,8
114,1,select_coverage_CBA_M1,,exact,cmar,e,0,0.9950769230769232,0.9947712418300654,0.995057064291624,0.9901627524995356,8,,,,,,8
114,1,select_coverage_CBA_M1,,exact,top_k_avg,e,0,0.9993846153846154,0.9993464052287582,0.9993824601192745,0.998765682477202,1,,,,,,8
114,1,select_coverage_CBA_M1,,exact,list,e,0,0.9993846153846154,0.9993464052287582,0.9993824601192745,0.998765682477202,1,,,,,,8
114,2,select_coverage,1.0,exact,majority,e,0,0.9987692307692309,0.9986928104575163,0.9987648296453048,0.997532706804608,2,,,,,,8
114,2,select_coverage,1.0,exact,cmar,e,0,0.9950769230769232,0.9947712418300654,0.995057064291624,0.9901627524995356,8,,,,,,8
114,2,select_coverage,1.0,exact,top_k_avg,e,0,0.9993846153846154,0.9993464052287582,0.9993824601192745,0.998765682477202,1,,,,,,8
114,2,select_coverage,1.0,exact,list,e,0,1.0,1.0,1.0,1.0,0,,,,,,8
114,2,select_coverage,2.0,exact,majority,e,0,0.9993846153846154,0.9993464052287582,0.9993824601192745,0.998765682477202,1,,,,,,8
114,2,select_coverage,2.0,exact,cmar,e,0,0.9963076923076924,0.996078431372549,0.9962933732356456,0.992614122769498,6,,,,,,8
114,2,select_coverage,2.0,exact,top_k_avg,e,0,0.9993846153846154,0.9993464052287582,0.9993824601192745,0.998765682477202,1,,,,,,8
114,2,select_coverage,2.0,exact,list,e,0,1.0,1.0,1.0,1.0,0,,,,,,8
114,2,select_coverage,3.0,exact,majority,e,0,0.9993846153846154,0.9993464052287582,0.9993824601192745,0.998765682477202,1,,,,,,8
114,2,select_coverage,3.0,exact,cmar,e,0,0.9956923076923077,0.9954248366013072,0.995675268351975,0.9913877816027612,7,,,,,,8
114,2,select_coverage,3.0,exact,top_k_avg,e,0,0.9993846153846154,0.9993464052287582,0.9993824601192745,0.998765682477202,1,,,,,,8
114,2,select_coverage,3.0,exact,list,e,0,1.0,1.0,1.0,1.0,0,,,,,,8
114,2,select_coverage,4.0,exact,majority,e,0,0.9987692307692309,0.9986928104575163,0.9987648296453048,0.997532706804608,2,,,,,,8
114,2,select_coverage,4.0,exact,cmar,e,0,0.9950769230769232,0.9947712418300654,0.995057064291624,0.9901627524995356,8,,,,,,8
114,2,select_coverage,4.0,exact,top_k_avg,e,0,0.9993846153846154,0.9993464052287582,0.9993824601192745,0.998765682477202,1,,,,,,8
114,2,select_coverage,4.0,exact,list,e,0,1.0,1.0,1.0,1.0,0,,,,,,8
114,2,select_coverage_CBA_M1,,exact,majority,e,0,0.9956923076923077,0.9954248366013072,0.995675268351975,0.9913877816027612,7,,,,,,8
114,2,select_coverage_CBA_M1,,exact,cmar,e,0,0.9950769230769232,0.9947712418300654,0.995057064291624,0.9901627524995356,8,,,,,,8
114,2,select_coverage_CBA_M1,,exact,top_k_avg,e,0,0.9993846153846154,0.9993464052287582,0.9993824601192745,0.998765682477202,1,,,,,,8
114,2,select_coverage_CBA_M1,,exact,list,e,0,0.9993846153846154,0.9993464052287582,0.9993824601192745,0.998765682477202,1,,,,,,8
133,1,select_coverage,1.0,DAC,list,e,0,0.9981538461538462,0.9981371336413354,0.9981526120549736,0.9963059811176048,3,,,,,,8
133,1,select_coverage,1.0,exact,majority,e,0,0.9956923076923077,0.9957983193277312,0.9956904210657522,0.9914178276110628,7,,,,,,8
133,1,select_coverage,1.0,exact,cmar,e,0,0.9956923076923077,0.9957361732571816,0.9956899507839744,0.9913866961924858,7,,,,,,8
133,1,select_coverage,1.0,exact,top_k_avg,e,0,0.9987692307692309,0.9987373737373736,0.9987683683647266,0.9975397668278452,2,,,,,,8
133,1,select_coverage,1.0,exact,list,e,0,1.0,1.0,1.0,1.0,0,,,,,,8
133,1,select_coverage,2.0,DAC,list,e,0,0.9981538461538462,0.9981371336413354,0.9981526120549736,0.9963059811176048,3,,,,,,8
133,1,select_coverage,2.0,exact,majority,e,0,0.9913846153846154,0.9915966386554622,0.9913822362699136,0.9829117348213136,14,,,,,,8
133,1,select_coverage,2.0,exact,cmar,e,0,0.9926153846153846,0.9927349727769896,0.9926123379260596,0.9852728318515268,12,,,,,,8
133,1,select_coverage,2.0,exact,top_k_avg,e,0,0.9981538461538462,0.9981371336413354,0.9981526120549736,0.9963059811176048,3,,,,,,8
133,1,select_coverage,2.0,exact,list,e,0,1.0,1.0,1.0,1.0,0,,,,,,8
133,1,select_coverage,3.0,DAC,list,e,0,0.9981538461538462,0.9981371336413354,0.9981526120549736,0.9963059811176048,3,,,,,,8
133,1,select_coverage,3.0,exact,majority,e,0,0.9932307692307693,0.9933662859083028,0.9932281431928538,0.9865172690490814,11,,,,,,8
133,1,select_coverage,3.0,exact,cmar,e,0,0.9956923076923077,0.9957361732571816,0.9956899507839744,0.9913866961924858,7,,,,,,8
133,1,select_coverage,3.0,exact,top_k_avg,e,0,0.9987692307692309,0.9987373737373736,0.9987683683647266,0.9975397668278452,2,,,,,,8
133,1,select_coverage,3.0,exact,list,e,0,1.0,1.0,1.0,1.0,0,,,,,,8
133,1,select_coverage,4.0,DAC,list,e,0,0.9981538461538462,0.9981371336413354,0.9981526120549736,0.9963059811176048,3,,,,,,8
133,1,select_coverage,4.0,exact,majority,e,0,0.9969230769230768,0.9969677264845332,0.9969213934171244,0.9938495898668108,5,,,,,,8
133,1,select_coverage,4.0,exact,cmar,e,0,0.9956923076923077,0.9957361732571816,0.9956899507839744,0.9913866961924858,7,,,,,,8
133,1,select_coverage,4.0,exact,top_k_avg,e,0,0.9987692307692309,0.9987373737373736,0.9987683683647266,0.9975397668278452,2,,,,,,8
133,1,select_coverage,4.0,exact,list,e,0,1.0,1.0,1.0,1.0,0,,,,,,8
133,1,select_coverage_CBA_M1,,DAC,list,e,0,0.9981538461538462,0.9981371336413354,0.9981526120549736,0.9963059811176048,3,,,,,,8
133,1,select_coverage_CBA_M1,,exact,majority,e,0,0.9987692307692309,0.9987373737373736,0.9987683683647266,0.9975397668278452,2,,,,,,8
133,1,select_coverage_CBA_M1,,exact,cmar,e,0,0.9975384615384616,0.9975368935452968,0.9975368935452968,0.9950737870905938,4,,,,,,8
133,1,select_coverage_CBA_M1,,exact,top_k_avg,e,0,0.9987692307692309,0.9987373737373736,0.9987683683647266,0.9975397668278452,2,,,,,,8
133,1,select_coverage_CBA_M1,,exact,list,e,0,0.9987692307692309,0.9987373737373736,0.9987683683647266,0.9975397668278452,2,,,,,,8
133,2,select_coverage,1.0,exact,majority,e,0,0.9956923076923077,0.9957983193277312,0.9956904210657522,0.9914178276110628,7,,,,,,8
133,2,select_coverage,1.0,exact,cmar,e,0,0.9956923076923077,0.9957361732571816,0.9956899507839744,0.9913866961924858,7,,,,,,8
133,2,select_coverage,1.0,exact,top_k_avg,e,0,0.9987692307692309,0.9987373737373736,0.9987683683647266,0.9975397668278452,2,,,,,,8
133,2,select_coverage,1.0,exact,list,e,0,1.0,1.0,1.0,1.0,0,,,,,,8
133,2,select_coverage,2.0,exact,majority,e,0,0.9913846153846154,0.9915966386554622,0.9913822362699136,0.9829117348213136,14,,,,,,8
133,2,select_coverage,2.0,exact,cmar,e,0,0.9926153846153846,0.9927349727769896,0.9926123379260596,0.9852728318515268,12,,,,,,8
133,2,select_coverage,2.0,exact,top_k_avg,e,0,0.9981538461538462,0.9981371336413354,0.9981526120549736,0.9963059811176048,3,,,,,,8
133,2,select_coverage,2.0,exact,list,e,0,1.0,1.0,1.0,1.0,0,,,,,,8
133,2,select_coverage,3.0,exact,majority,e,0,0.9932307692307693,0.9933662859083028,0.9932281431928538,0.9865172690490814,11,,,,,,8
133,2,select_coverage,3.0,exact,cmar,e,0,0.9956923076923077,0.9957361732571816,0.9956899507839744,0.9913866961924858,7,,,,,,8
133,2,select_coverage,3.0,exact,top_k_avg,e,0,0.9987692307692309,0.9987373737373736,0.9987683683647266,0.9975397668278452,2,,,,,,8
133,2,select_coverage,3.0,exact,list,e,0,1.0,1.0,1.0,1.0,0,,,,,,8
133,2,select_coverage,4.0,exact,majority,e,0,0.9969230769230768,0.9969677264845332,0.9969213934171244,0.9938495898668108,5,,,,,,8
133,2,select_coverage,4.0,exact,cmar,e,0,0.9956923076923077,0.9957361732571816,0.9956899507839744,0.9913866961924858,7,,,,,,8
133,2,select_coverage,4.0,exact,top_k_avg,e,0,0.9987692307692309,0.9987373737373736,0.9987683683647266,0.9975397668278452,2,,,,,,8
133,2,select_coverage,4.0,exact,list,e,0,1.0,1.0,1.0,1.0,0,,,,,,8
133,2,select_coverage_CBA_M1,,exact,majority,e,0,0.9987692307692309,0.9987373737373736,0.9987683683647266,0.9975397668278452,2,,,,,,8
133,2,select_coverage_CBA_M1,,exact,cmar,e,0,0.9975384615384616,0.9975368935452968,0.9975368935452968,0.9950737870905938,4,,,,,,8
133,2,select_coverage_CBA_M1,,exact,top_k_avg,e,0,0.9987692307692309,0.9987373737373736,0.9987683683647266,0.9975397668278452,2,,,,,,8
133,2,select_coverage_CBA_M1,,exact,list,e,0,0.9987692307692309,0.9987373737373736,0.9987683683647266,0.9975397668278452,2,,,,,,8
138,1,select_coverage,1.0,DAC,list,e,0,0.9950769230769232,0.9950646605397592,0.9950646605397592,0.9901293210795182,8,,,,,,8
138,1,select_coverage,1.0,exact,majority,e,0,0.9987692307692309,0.9988276670574444,0.9987663150095052,0.9975356702168108,2,,,,,,8
138,1,select_coverage,1.0,exact,cmar,e,0,0.9975384615384616,0.997470828347375,0.9975320229514272,0.9950670838271384,4,,,,,,8
138,1,select_coverage,1.0,exact,top_k_avg,e,0,0.9975384615384616,0.9974093264248703,0.9975317080580238,0.9950755709624712,4,,,,,,8
138,1,select_coverage,1.0,exact,list,e,0,1.0,1.0,1.0,1.0,0,,,,,,8
138,1,select_coverage,2.0,DAC,list,e,0,0.9950769230769232,0.9950646605397592,0.9950646605397592,0.9901293210795182,8,,,,,,8
138,1,select_coverage,2.0,exact,majority,e,0,0.9993846153846154,0.9994138335287222,0.999383120272566,0.9987670011559856,1,,,,,,8
138,1,select_coverage,2.0,exact,cmar,e,0,0.9969230769230768,0.9968846618760971,0.9969152219464588,0.9938312028073352,5,,,,,,8
138,1,select_coverage,2.0,exact,top_k_avg,e,0,0.9975384615384616,0.9974093264248703,0.9975317080580238,0.9950755709624712,4,,,,,,8
138,1,select_coverage,2.0,exact,list,e,0,1.0,1.0,1.0,1.0,0,,,,,,8
138,1,select_coverage,3.0,DAC,list,e,0,0.9950769230769232,0.9950646605397592,0.9950646605397592,0.9901293210795182,8,,,,,,8
138,1,select_coverage,3.0,exact,majority,e,0,0.9993846153846154,0.9994138335287222,0.999383120272566,0.9987670011559856,1,,,,,,8
138,1,select_coverage,3.0,exact,cmar,e,0,0.9975384615384616,0.997470828347375,0.9975320229514272,0.9950670838271384,4,,,,,,8
138,1,select_coverage,3.0,exact,top_k_avg,e,0,0.9993846153846154,0.9993523316062176,0.9993830443892916,0.998766849576461,1,,,,,,8
138,1,select_coverage,3.0,exact,list,e,0,1.0,1.0,1.0,1.0,0,,,,,,8
138,1,select_coverage,4.0,DAC,list,e,0,0.9950769230769232,0.9950646605397592,0.9950646605397592,0.9901293210795182,8,,,,,,8
138,1,select_coverage,4.0,exact,majority,e,0,0.9993846153846154,0.9994138335287222,0.999383120272566,0.9987670011559856,1,,,,,,8
138,1,select_coverage,4.0,exact,cmar,e,0,0.9975384615384616,0.997470828347375,0.9975320229514272,0.9950670838271384,4,,,,,,8
138,1,select_coverage,4.0,exact,top_k_avg,e,0,1.0,1.0,1.0,1.0,0,,,,,,8
138,1,select_coverage,4.0,exact,list,e,0,1.0,1.0,1.0,1.0,0,,,,,,8
138,1,select_coverage_CBA_M1,,DAC,list,e,3,0.9956923076923077,0.9956508270110368,0.9956813107250424,0.9913633794227724,7,0.9938461538461538,0.9937078218296898,0.9938292701450596,0.9876706498988812,10.0,8
138,1,select_coverage_CBA_M1,,exact,majority,e,3,1.0,1.0,1.0,1.0,0,0.9981538461538462,0.9980569948186528,0.9981488998389638,0.9963046401253514,3.0,8
138,1,select_coverage_CBA_M1,,exact,cmar,e,3,0.9975384615384616,0.9974093264248703,0.9975317080580238,0.9950755709624712,4,0.9956923076923077,0.9954663212435232,0.995679637628894,0.9913964452609793,7.0,8
138,1,select_coverage_CBA_M1,,exact,top_k_avg,e,3,0.9981538461538462,0.9980569948186528,0.9981488998389638,0.9963046401253514,3,0.9963076923076924,0.9961139896373056,0.9962970783758492,0.9926214785483372,6.0,8
138,1,select_coverage_CBA_M1,,exact,list,e,3,1.0,1.0,1.0,1.0,0,0.9981538461538462,0.9980569948186528,0.9981488998389638,0.9963046401253514,3.0,8
138,2,select_coverage,1.0,exact,majority,e,0,0.9987692307692309,0.9988276670574444,0.9987663150095052,0.9975356702168108,2,,,,,,8
138,2,select_coverage,1.0,exact,cmar,e,0,0.9975384615384616,0.997470828347375,0.9975320229514272,0.9950670838271384,4,,,,,,8
138,2,select_coverage,1.0,exact,top_k_avg,e,0,0.9975384615384616,0.9974093264248703,0.9975317080580238,0.9950755709624712,4,,,,,,8
138,2,select_coverage,1.0,exact,list,e,0,1.0,1.0,1.0,1.0,0,,,,,,8
138,2,select_coverage,2.0,exact,majority,e,0,0.9993846153846154,0.9994138335287222,0.999383120272566,0.9987670011559856,1,,,,,,8
138,2,select_coverage,2.0,exact,cmar,e,0,0.9969230769230768,0.9968846618760971,0.9969152219464588,0.9938312028073352,5,,,,,,8
138,2,select_coverage,2.0,exact,top_k_avg,e,0,0.9975384615384616,0.9974093264248703,0.9975317080580238,0.9950755709624712,4,,,,,,8
138,2,select_coverage,2.0,exact,list,e,0,1.0,1.0,1.0,1.0,0,,,,,,8
138,2,select_coverage,3.0,exact,majority,e,0,0.9993846153846154,0.9994138335287222,0.999383120272566,0.9987670011559856,1,,,,,,8
138,2,select_coverage,3.0,exact,cmar,e,0,0.9975384615384616,0.997470828347375,0.9975320229514272,0.9950670838271384,4,,,,,,8
138,2,select_coverage,3.0,exact,top_k_avg,e,0,0.9993846153846154,0.9993523316062176,0.9993830443892916,0.998766849576461,1,,,,,,8
138,2,select_coverage,3.0,exact,list,e,0,1.0,1.0,1.0,1.0,0,,,,,,8
138,2,select_coverage,4.0,exact,majority,e,0,0.9993846153846154,0.9994138335287222,0.999383120272566,0.9987670011559856,1,,,,,,8
138,2,select_coverage,4.0,exact,cmar,e,0,0.9975384615384616,0.997470828347375,0.9975320229514272,0.9950670838271384,4,,,,,,8
138,2,select_coverage,4.0,exact,top_k_avg,e,0,1.0,1.0,1.0,1.0,0,,,,,,8
138,2,select_coverage,4.0,exact,list,e,0,1.0,1.0,1.0,1.0,0,,,,,,8
138,2,select_coverage_CBA_M1,,exact,majority,e,3,1.0,1.0,1.0,1.0,0,0.9981538461538462,0.9980569948186528,0.9981488998389638,0.9963046401253514,3.0,8
138,2,select_coverage_CBA_M1,,exact,cmar,e,3,0.9975384615384616,0.9974093264248703,0.9975317080580238,0.9950755709624712,4,0.9956923076923077,0.9954663212435232,0.995679637628894,0.9913964452609793,7.0,8
138,2,select_coverage_CBA_M1,,exact,top_k_avg,e,3,0.9981538461538462,0.9980569948186528,0.9981488998389638,0.9963046401253514,3,0.9963076923076924,0.9961139896373056,0.9962970783758492,0.9926214785483372,6.0,8
138,2,select_coverage_CBA_M1,,exact,list,e,3,1.0,1.0,1.0,1.0,0,0.9981538461538462,0.9980569948186528,0.9981488998389638,0.9963046401253514,3.0,8
148,1,select_coverage,1.0,DAC,list,e,0,0.9913846153846154,0.9911666165933776,0.9913662239089184,0.9827807083535376,14,,,,,,8
148,1,select_coverage,1.0,exact,majority,e,0,0.9993846153846154,0.9994089834515368,0.9993835985629692,0.9987679565585138,1,,,,,,8
148,1,select_coverage,1.0,exact,cmar,e,0,0.9993846153846154,0.9994089834515368,0.9993835985629692,0.9987679565585138,1,,,,,,8
148,1,select_coverage,1.0,exact,top_k_avg,e,0,0.9981538461538462,0.9980744544287548,0.9981504140227072,0.9963076573272062,3,,,,,,8
148,1,select_coverage,1.0,exact,list,e,0,1.0,1.0,1.0,1.0,0,,,,,,8
148,1,select_coverage,2.0,DAC,list,e,0,0.9913846153846154,0.9911666165933776,0.9913662239089184,0.9827807083535376,14,,,,,,8
148,1,select_coverage,2.0,exact,majority,e,0,0.9993846153846154,0.9994089834515368,0.9993835985629692,0.9987679565585138,1,,,,,,8
148,1,select_coverage,2.0,exact,cmar,e,0,1.0,1.0,1.0,1.0,0,,,,,,8
148,1,select_coverage,2.0,exact,top_k_avg,e,0,0.9993846153846154,0.9993581514762516,0.9993835358939543,0.9987678313748192,1,,,,,,8
148,1,select_coverage,2.0,exact,list,e,0,1.0,1.0,1.0,1.0,0,,,,,,8
148,1,select_coverage,3.0,DAC,list,e,0,0.9913846153846154,0.9911666165933776,0.9913662239089184,0.9827807083535376,14,,,,,,8
148,1,select_coverage,3.0,exact,majority,e,0,0.9993846153846154,0.9994089834515368,0.9993835985629692,0.9987679565585138,1,,,,,,8
148,1,select_coverage,3.0,exact,cmar,e,0,0.9987692307692309,0.9987163029525032,0.9987670077060122,0.99753705220093,2,,,,,,8
148,1,select_coverage,3.0,exact,top_k_avg,e,0,0.9993846153846154,0.9993581514762516,0.9993835358939543,0.9987678313748192,1,,,,,,8
148,1,select_coverage,3.0,exact,list,e,0,1.0,1.0,1.0,1.0,0,,,,,,8
148,1,select_coverage,4.0,DAC,list,e,0,0.9913846153846154,0.9911666165933776,0.9913662239089184,0.9827807083535376,14,,,,,,8
148,1,select_coverage,4.0,exact,majority,e,0,0.9993846153846154,0.9994089834515368,0.9993835985629692,0.9987679565585138,1,,,,,,8
148,1,select_coverage,4.0,exact,cmar,e,0,0.9987692307692309,0.9987163029525032,0.9987670077060122,0.99753705220093,2,,,,,,8
148,1,select_coverage,4.0,exact,top_k_avg,e,0,0.9993846153846154,0.9993581514762516,0.9993835358939543,0.9987678313748192,1,,,,,,8
148,1,select_coverage,4.0,exact,list,e,0,1.0,1.0,1.0,1.0,0,,,,,,8
148,1,select_coverage_CBA_M1,,DAC,list,e,0,0.9913846153846154,0.9911666165933776,0.9913662239089184,0.9827807083535376,14,,,,,,8
148,1,select_coverage_CBA_M1,,exact,majority,e,0,0.9981538461538462,0.9980744544287548,0.9981504140227072,0.9963076573272062,3,,,,,,8
148,1,select_coverage_CBA_M1,,exact,cmar,e,0,0.9975384615384616,0.9974326059050064,0.99753375342998,0.9950796416198056,4,,,,,,8
148,1,select_coverage_CBA_M1,,exact,top_k_avg,e,0,0.9963076923076924,0.9961489088575096,0.9963002258569816,0.9926277272543867,6,,,,,,8
148,1,select_coverage_CBA_M1,,exact,list,e,0,0.9981538461538462,0.9980744544287548,0.9981504140227072,0.9963076573272062,3,,,,,,8
148,2,select_coverage,1.0,exact,majority,e,0,0.9993846153846154,0.9994089834515368,0.9993835985629692,0.9987679565585138,1,,,,,,8
148,2,select_coverage,1.0,exact,cmar,e,0,0.9993846153846154,0.9994089834515368,0.9993835985629692,0.9987679565585138,1,,,,,,8
148,2,select_coverage,1.0,exact,top_k_avg,e,0,0.9981538461538462,0.9980744544287548,0.9981504140227072,0.9963076573272062,3,,,,,,8
148,2,select_coverage,1.0,exact,list,e,0,1.0,1.0,1.0,1.0,0,,,,,,8
148,2,select_coverage,2.0,exact,majority,e,0,0.9993846153846154,0.9994089834515368,0.9993835985629692,0.9987679565585138,1,,,,,,8
148,2,select_coverage,2.0,exact,cmar,e,0,1.0,1.0,1.0,1.0,0,,,,,,8
148,2,select_coverage,2.0,exact,top_k_avg,e,0,0.9993846153846154,0.9993581514762516,0.9993835358939543,0.9987678313748192,1,,,,,,8
148,2,select_coverage,2.0,exact,list,e,0,1.0,1.0,1.0,1.0,0,,,,,,8
148,2,select_coverage,3.0,exact,majority,e,0,0.9993846153846154,0.9994089834515368,0.9993835985629692,0.9987679565585138,1,,,,,,8
148,2,select_coverage,3.0,exact,cmar,e,0,0.9987692307692309,0.9987163029525032,0.9987670077060122,0.99753705220093,2,,,,,,8
148,2,select_coverage,3.0,exact,top_k_avg,e,0,0.9993846153846154,0.9993581514762516,0.9993835358939543,0.9987678313748192,1,,,,,,8
148,2,select_coverage,3.0,exact,list,e,0,1.0,1.0,1.0,1.0,0,,,,,,8
148,2,select_coverage,4.0,exact,majority,e,0,0.9993846153846154,0.9994089834515368,0.9993835985629692,0.9987679565585138,1,,,,,,8
148,2,select_coverage,4.0,exact,cmar,e,0,0.9987692307692309,0.9987163029525032,0.9987670077060122,0.99753705220093,2,,,,,,8
148,2,select_coverage,4.0,exact,top_k_avg,e,0,0.9993846153846154,0.9993581514762516,0.9993835358939543,0.9987678313748192,1,,,,,,8
148,2,select_coverage,4.0,exact,list,e,0,1.0,1.0,1.0,1.0,0,,,,,,8
148,2,select_coverage_CBA_M1,,exact,majority,e,0,0.9981538461538462,0.9980744544287548,0.9981504140227072,0.9963076573272062,3,,,,,,8
148,2,select_coverage_CBA_M1,,exact,cmar,e,0,0.9975384615384616,0.9974326059050064,0.99753375342998,0.9950796416198056,4,,,,,,8
148,2,select_coverage_CBA_M1,,exact,top_k_avg,e,0,0.9963076923076924,0.9961489088575096,0.9963002258569816,0.9926277272543867,6,,,,,,8
148,2,select_coverage_CBA_M1,,exact,list,e,0,0.9981538461538462,0.9980744544287548,0.9981504140227072,0.9963076573272062,3,,,,,,8
5,1,select_coverage,1.0,DAC,list,e,0,0.992,0.991920551075391,0.9919960717288372,0.9840289955418354,13,,,,,,9
5,1,select_coverage,1.0,exact,majority,e,0,0.9963076923076924,0.9963065159876716,0.9963065159876716,0.9926130319753436,6,,,,,,9
5,1,select_coverage,1.0,exact,cmar,e,0,0.9969230769230768,0.996889139414437,0.996921883269479,0.9938505674134324,5,,,,,,9
5,1,select_coverage,1.0,exact,top_k_avg,e,0,0.9981538461538462,0.9981203007518796,0.9981531299616874,0.9963130692005248,3,,,,,,9
5,1,select_coverage,1.0,exact,list,e,0,1.0,1.0,1.0,1.0,0,,,,,,9
5,1,select_coverage,2.0,DAC,list,e,0,0.992,0.991920551075391,0.9919960717288372,0.9840289955418354,13,,,,,,9
5,1,select_coverage,2.0,exact,majority,e,0,0.9975384615384616,0.9975157058304772,0.99753756538711,0.9950781551026122,4,,,,,,9
5,1,select_coverage,2.0,exact,cmar,e,0,0.9969230769230768,0.996889139414437,0.996921883269479,0.9938505674134324,5,,,,,,9
5,1,select_coverage,2.0,exact,top_k_avg,e,0,0.9993846153846154,0.99937343358396,0.9993844055725504,0.9987695685916596,1,,,,,,9
5,1,select_coverage,2.0,exact,list,e,0,1.0,1.0,1.0,1.0,0,,,,,,9
5,1,select_coverage,3.0,DAC,list,e,0,0.992,0.991920551075391,0.9919960717288372,0.9840289955418354,13,,,,,,9
5,1,select_coverage,3.0,exact,majority,e,0,0.9969230769230768,0.9969111109090744,0.9969220278627507,0.9938448113051562,5,,,,,,9
5,1,select_coverage,3.0,exact,cmar,e,0,0.9975384615384616,0.9975157058304772,0.99753756538711,0.9950781551026122,4,,,,,,9
5,1,select_coverage,3.0,exact,top_k_avg,e,0,0.9975384615384616,0.9974937343358397,0.9975374459753532,0.995086990489762,4,,,,,,9
5,1,select_coverage,3.0,exact,list,e,0,0.9987692307692309,0.9987468671679198,0.998768782693555,0.9975405934496614,2,,,,,,9
5,1,select_coverage,4.0,DAC,list,e,0,0.992,0.991920551075391,0.9919960717288372,0.9840289955418354,13,,,,,,9
5,1,select_coverage,4.0,exact,majority,e,0,0.9975384615384616,0.9975157058304772,0.99753756538711,0.9950781551026122,4,,,,,,9
5,1,select_coverage,4.0,exact,cmar,e,0,0.9975384615384616,0.9975157058304772,0.99753756538711,0.9950781551026122,4,,,,,,9
5,1,select_coverage,4.0,exact,top_k_avg,e,0,0.9981538461538462,0.9981203007518796,0.9981531299616874,0.9963130692005248,3,,,,,,9
5,1,select_coverage,4.0,exact,list,e,0,0.9987692307692309,0.9987468671679198,0.998768782693555,0.9975405934496614,2,,,,,,9
5,1,select_coverage_CBA_M1,,DAC,list,e,1,0.9926153846153846,0.9925251459967936,0.9926115541652648,0.9852712744726984,12,0.992,0.9918985795807536,0.9919956228845236,0.9840521720380836,13.0,9
5,1,select_coverage_CBA_M1,,exact,majority,e,1,0.9975384615384616,0.9974937343358397,0.9975374459753532,0.995086990489762,4,0.9969230769230768,0.9968671679197996,0.9969217293326802,0.9938623519817604,5.0,9
5,1,select_coverage_CBA_M1,,exact,cmar,e,1,0.9975384615384616,0.9974937343358397,0.9975374459753532,0.995086990489762,4,0.9969230769230768,0.9968671679197996,0.9969217293326802,0.9938623519817604,5.0,9
5,1,select_coverage_CBA_M1,,exact,top_k_avg,e,1,1.0,1.0,1.0,1.0,0,0.9993846153846154,0.99937343358396,0.9993844055725504,0.9987695685916596,1.0,9
5,1,select_coverage_CBA_M1,,exact,list,e,1,1.0,1.0,1.0,1.0,0,0.9993846153846154,0.99937343358396,0.9993844055725504,0.9987695685916596,1.0,9
5,2,select_coverage,1.0,exact,majority,e,0,0.9963076923076924,0.9963065159876716,0.9963065159876716,0.9926130319753436,6,,,,,,9
5,2,select_coverage,1.0,exact,cmar,e,0,0.9969230769230768,0.996889139414437,0.996921883269479,0.9938505674134324,5,,,,,,9
5,2,select_coverage,1.0,exact,top_k_avg,e,0,0.9981538461538462,0.9981203007518796,0.9981531299616874,0.9963130692005248,3,,,,,,9
5,2,select_coverage,1.0,exact,list,e,0,1.0,1.0,1.0,1.0,0,,,,,,9
5,2,select_coverage,2.0,exact,majority,e,0,0.9975384615384616,0.9975157058304772,0.99753756538711,0.9950781551026122,4,,,,,,9
5,2,select_coverage,2.0,exact,cmar,e,0,0.9969230769230768,0.996889139414437,0.996921883269479,0.9938505674134324,5,,,,,,9
5,2,select_coverage,2.0,exact,top_k_avg,e,0,0.9993846153846154,0.99937343358396,0.9993844055725504,0.9987695685916596,1,,,,,,9
5,2,select_coverage,2.0,exact,list,e,0,1.0,1.0,1.0,1.0,0,,,,,,9
5,2,select_coverage,3.0,exact,majority,e,0,0.9969230769230768,0.9969111109090744,0.9969220278627507,0.9938448113051562,5,,,,,,9
5,2,select_coverage,3.0,exact,cmar,e,0,0.9975384615384616,0.9975157058304772,0.99753756538711,0.9950781551026122,4,,,,,,9
5,2,select_coverage,3.0,exact,top_k_avg,e,0,0.9975384615384616,0.9974937343358397,0.9975374459753532,0.995086990489762,4,,,,,,9
5,2,select_coverage,3.0,exact,list,e,0,0.9987692307692309,0.9987468671679198,0.998768782693555,0.9975405934496614,2,,,,,,9
5,2,select_coverage,4.0,exact,majority,e,0,0.9975384615384616,0.9975157058304772,0.99753756538711,0.9950781551026122,4,,,,,,9
5,2,select_coverage,4.0,exact,cmar,e,0,0.9975384615384616,0.9975157058304772,0.99753756538711,0.9950781551026122,4,,,,,,9
5,2,select_coverage,4.0,exact,top_k_avg,e,0,0.9981538461538462,0.9981203007518796,0.9981531299616874,0.9963130692005248,3,,,,,,9
5,2,select_coverage,4.0,exact,list,e,0,0.9987692307692309,0.9987468671679198,0.998768782693555,0.9975405934496614,2,,,,,,9
5,2,select_coverage_CBA_M1,,exact,majority,e,1,0.9981538461538462,0.9981203007518796,0.9981531299616874,0.9963130692005248,3,0.9975384615384616,0.9974937343358397,0.9975374459753532,0.995086990489762,4.0,9
5,2,select_coverage_CBA_M1,,exact,cmar,e,1,0.9975384615384616,0.9974937343358397,0.9975374459753532,0.995086990489762,4,0.9969230769230768,0.9968671679197996,0.9969217293326802,0.9938623519817604,5.0,9
5,2,select_coverage_CBA_M1,,exact,top_k_avg,e,1,1.0,1.0,1.0,1.0,0,0.9993846153846154,0.99937343358396,0.9993844055725504,0.9987695685916596,1.0,9
5,2,select_coverage_CBA_M1,,exact,list,e,1,1.0,1.0,1.0,1.0,0,0.9993846153846154,0.99937343358396,0.9993844055725504,0.9987695685916596,1.0,9
14,1,select_coverage,1.0,DAC,list,e,0,0.9901538461538462,0.9897382945283087,0.9900933360157532,0.9802352551344968,16,,,,,,9
14,1,select_coverage,1.0,exact,majority,e,0,0.9981538461538462,0.9981892003850044,0.9981440597921118,0.9962888836039712,3,,,,,,9
14,1,select_coverage,1.0,exact,cmar,e,0,0.9987692307692309,0.99867197875166,0.998762368696839,0.9975277970484429,2,,,,,,9
14,1,select_coverage,1.0,exact,top_k_avg,e,0,0.9932307692307693,0.9926958831341302,0.9931871671002106,0.9864665314399176,11,,,,,,9
14,1,select_coverage,1.0,exact,list,e,0,1.0,1.0,1.0,1.0,0,,,,,,9
14,1,select_coverage,2.0,DAC,list,e,0,0.9901538461538462,0.9897382945283087,0.9900933360157532,0.9802352551344968,16,,,,,,9
14,1,select_coverage,2.0,exact,majority,e,0,1.0,1.0,1.0,1.0,0,,,,,,9
14,1,select_coverage,2.0,exact,cmar,e,0,0.9987692307692309,0.99867197875166,0.998762368696839,0.9975277970484429,2,,,,,,9
14,1,select_coverage,2.0,exact,top_k_avg,e,0,0.9981538461538462,0.99800796812749,0.99814338123981,0.9962936436982496,3,,,,,,9
14,1,select_coverage,2.0,exact,list,e,0,1.0,1.0,1.0,1.0,0,,,,,,9
14,1,select_coverage,3.0,DAC,list,e,0,0.9901538461538462,0.9897382945283087,0.9900933360157532,0.9802352551344968,16,,,,,,9
14,1,select_coverage,3.0,exact,majority,e,0,0.9993846153846154,0.99933598937583,0.9993812411350892,0.9987632475191576,1,,,,,,9
14,1,select_coverage,3.0,exact,cmar,e,0,0.9987692307692309,0.99867197875166,0.998762368696839,0.9975277970484429,2,,,,,,9
14,1,select_coverage,3.0,exact,top_k_avg,e,0,1.0,1.0,1.0,1.0,0,,,,,,9
14,1,select_coverage,3.0,exact,list,e,0,1.0,1.0,1.0,1.0,0,,,,,,9
14,1,select_coverage,4.0,DAC,list,e,0,0.9901538461538462,0.9897382945283087,0.9900933360157532,0.9802352551344968,16,,,,,,9
14,1,select_coverage,4.0,exact,majority,e,0,0.9963076923076924,0.9963784007700088,0.9962884516409992,0.9925799531083588,6,,,,,,9
14,1,select_coverage,4.0,exact,cmar,e,0,0.9950769230769232,0.99468791500664,0.9950466680078766,0.9901421636744326,8,,,,,,9
14,1,select_coverage,4.0,exact,top_k_avg,e,0,1.0,1.0,1.0,1.0,0,,,,,,9
14,1,select_coverage,4.0,exact,list,e,0,1.0,1.0,1.0,1.0,0,,,,,,9
14,1,select_coverage_CBA_M1,,DAC,list,e,0,0.9901538461538462,0.9897382945283087,0.9900933360157532,0.9802352551344968,16,,,,,,9
14,1,select_coverage_CBA_M1,,exact,majority,e,0,0.9950769230769232,0.99468791500664,0.9950466680078766,0.9901421636744326,8,,,,,,9
14,1,select_coverage_CBA_M1,,exact,cmar,e,0,0.9926153846153846,0.9920318725099602,0.9925670792509446,0.9852438346112902,12,,,,,,9
14,1,select_coverage_CBA_M1,,exact,top_k_avg,e,0,0.9926153846153846,0.9920318725099602,0.9925670792509446,0.9852438346112902,12,,,,,,9
14,1,select_coverage_CBA_M1,,exact,list,e,0,0.9956923076923077,0.99535192563081,0.9956662522778368,0.991369904239012,7,,,,,,9
14,2,select_coverage,1.0,exact,majority,e,0,0.9981538461538462,0.9981892003850044,0.9981440597921118,0.9962888836039712,3,,,,,,9
14,2,select_coverage,1.0,exact,cmar,e,0,0.9987692307692309,0.99867197875166,0.998762368696839,0.9975277970484429,2,,,,,,9
14,2,select_coverage,1.0,exact,top_k_avg,e,0,0.9932307692307693,0.9926958831341302,0.9931871671002106,0.9864665314399176,11,,,,,,9
14,2,select_coverage,1.0,exact,list,e,0,1.0,1.0,1.0,1.0,0,,,,,,9
14,2,select_coverage,2.0,exact,majority,e,0,1.0,1.0,1.0,1.0,0,,,,,,9
14,2,select_coverage,2.0,exact,cmar,e,0,0.9987692307692309,0.99867197875166,0.998762368696839,0.9975277970484429,2,,,,,,9
14,2,select_coverage,2.0,exact,top_k_avg,e,0,0.9981538461538462,0.99800796812749,0.99814338123981,0.9962936436982496,3,,,,,,9
14,2,select_coverage,2.0,exact,list,e,0,1.0,1.0,1.0,1.0,0,,,,,,9
14,2,select_coverage,3.0,exact,majority,e,0,0.9993846153846154,0.99933598937583,0.9993812411350892,0.9987632475191576,1,,,,,,9
14,2,select_coverage,3.0,exact,cmar,e,0,0.9987692307692309,0.99867197875166,0.998762368696839,0.9975277970484429,2,,,,,,9
14,2,select_coverage,3.0,exact,top_k_avg,e,0,1.0,1.0,1.0,1.0,0,,,,,,9
14,2,select_coverage,3.0,exact,list,e,0,1.0,1.0,1.0,1.0,0,,,,,,9
14,2,select_coverage,4.0,exact,majority,e,0,0.9963076923076924,0.9963784007700088,0.9962884516409992,0.9925799531083588,6,,,,,,9
14,2,select_coverage,4.0,exact,cmar,e,0,0.9950769230769232,0.99468791500664,0.9950466680078766,0.9901421636744326,8,,,,,,9
14,2,select_coverage,4.0,exact,top_k_avg,e,0,1.0,1.0,1.0,1.0,0,,,,,,9
14,2,select_coverage,4.0,exact,list,e,0,1.0,1.0,1.0,1.0,0,,,,,,9
14,2,select_coverage_CBA_M1,,exact,majority,e,0,0.9950769230769232,0.99468791500664,0.9950466680078766,0.9901421636744326,8,,,,,,9
14,2,select_coverage_CBA_M1,,exact,cmar,e,0,0.9926153846153846,0.9920318725099602,0.9925670792509446,0.9852438346112902,12,,,,,,9
14,2,select_coverage_CBA_M1,,exact,top_k_avg,e,0,0.9926153846153846,0.9920318725099602,0.9925670792509446,0.9852438346112902,12,,,,,,9
14,2,select_coverage_CBA_M1,,exact,list,e,0,0.9956923076923077,0.99535192563081,0.9956662522778368,0.991369904239012,7,,,,,,9
17,1,select_coverage,1.0,DAC,list,e,0,0.9926153846153846,0.9925724346716688,0.9926126961613296,0.9852374299444676,12,,,,,,9
17,1,select_coverage,1.0,exact,majority,e,0,0.9993846153846154,0.9993742177722152,0.9993844326230256,0.998769622626085,1,,,,,,9
17,1,select_coverage,1.0,exact,cmar,e,0,0.9987692307692309,0.9987484355444304,0.9987688386625572,0.99754070511271,2,,,,,,9
17,1,select_coverage,1.0,exact,top_k_avg,e,0,1.0,1.0,1.0,1.0,0,,,,,,9
17,1,select_coverage,1.0,exact,list,e,0,1.0,1.0,1.0,1.0,0,,,,,,9
17,1,select_coverage,2.0,DAC,list,e,0,0.9926153846153846,0.9925724346716688,0.9926126961613296,0.9852374299444676,12,,,,,,9
17,1,select_coverage,2.0,exact,majority,e,0,0.9993846153846154,0.9993946731234866,0.9993844578058136,0.9987696729297324,1,,,,,,9
17,1,select_coverage,2.0,exact,cmar,e,0,0.9987692307692309,0.998768890895702,0.998768890895702,0.997537781791404,2,,,,,,9
17,1,select_coverage,2.0,exact,top_k_avg,e,0,1.0,1.0,1.0,1.0,0,,,,,,9
17,1,select_coverage,2.0,exact,list,e,0,1.0,1.0,1.0,1.0,0,,,,,,9
17,1,select_coverage,3.0,DAC,list,e,0,0.9926153846153846,0.9925724346716688,0.9926126961613296,0.9852374299444676,12,,,,,,9
17,1,select_coverage,3.0,exact,majority,e,0,0.9987692307692309,0.998768890895702,0.998768890895702,0.997537781791404,2,,,,,,9
17,1,select_coverage,3.0,exact,cmar,e,0,0.9987692307692309,0.998768890895702,0.998768890895702,0.997537781791404,2,,,,,,9
17,1,select_coverage,3.0,exact,top_k_avg,e,0,1.0,1.0,1.0,1.0,0,,,,,,9
17,1,select_coverage,3.0,exact,list,e,0,1.0,1.0,1.0,1.0,0,,,,,,9
17,1,select_coverage,4.0,DAC,list,e,0,0.9926153846153846,0.9925724346716688,0.9926126961613296,0.9852374299444676,12,,,,,,9
17,1,select_coverage,4.0,exact,majority,e,0,0.9981538461538462,0.9981635640191886,0.998153373417441,0.9963075032198516,3,,,,,,9
17,1,select_coverage,4.0,exact,cmar,e,0,0.9987692307692309,0.998768890895702,0.998768890895702,0.997537781791404,2,,,,,,9
17,1,select_coverage,4.0,exact,top_k_avg,e,0,1.0,1.0,1.0,1.0,0,,,,,,9
17,1,select_coverage,4.0,exact,list,e,0,1.0,1.0,1.0,1.0,0,,,,,,9
17,1,select_coverage_CBA_M1,,DAC,list,e,0,0.9926153846153846,0.9925724346716688,0.9926126961613296,0.9852374299444676,12,,,,,,9
17,1,select_coverage_CBA_M1,,exact,majority,e,0,0.9981538461538462,0.9981226533166458,0.9981532167176506,0.9963132420739192,3,,,,,,9
17,1,select_coverage_CBA_M1,,exact,cmar,e,0,0.9969230769230768,0.9968710888610764,0.996921883269479,0.9938626579715863,5,,,,,,9
17,1,select_coverage_CBA_M1,,exact,top_k_avg,e,0,0.9981538461538462,0.9981431086679172,0.998153297869076,0.9963073521848984,3,,,,,,9
17,1,select_coverage_CBA_M1,,exact,list,e,0,0.9987692307692309,0.9987484355444304,0.9987688386625572,0.99754070511271,2,,,,,,9
17,2,select_coverage,1.0,exact,majority,e,0,0.9993846153846154,0.9993742177722152,0.9993844326230256,0.998769622626085,1,,,,,,9
17,2,select_coverage,1.0,exact,cmar,e,0,0.9987692307692309,0.9987484355444304,0.9987688386625572,0.99754070511271,2,,,,,,9
17,2,select_coverage,1.0,exact,top_k_avg,e,0,1.0,1.0,1.0,1.0,0,,,,,,9
17,2,select_coverage,1.0,exact,list,e,0,1.0,1.0,1.0,1.0,0,,,,,,9
17,2,select_coverage,2.0,exact,majority,e,0,0.9993846153846154,0.9993946731234866,0.9993844578058136,0.9987696729297324,1,,,,,,9
17,2,select_coverage,2.0,exact,cmar,e,0,0.9987692307692309,0.998768890895702,0.998768890895702,0.997537781791404,2,,,,,,9
17,2,select_coverage,2.0,exact,top_k_avg,e,0,1.0,1.0,1.0,1.0,0,,,,,,9
17,2,select_coverage,2.0,exact,list,e,0,1.0,1.0,1.0,1.0,0,,,,,,9
17,2,select_coverage,3.0,exact,majority,e,0,0.9987692307692309,0.998768890895702,0.998768890895702,0.997537781791404,2,,,,,,9
17,2,select_coverage,3.0,exact,cmar,e,0,0.9987692307692309,0.998768890895702,0.998768890895702,0.997537781791404,2,,,,,,9
17,2,select_coverage,3.0,exact,top_k_avg,e,0,1.0,1.0,1.0,1.0,0,,,,,,9
17,2,select_coverage,3.0,exact,list,e,0,1.0,1.0,1.0,1.0,0,,,,,,9
17,2,select_coverage,4.0,exact,majority,e,0,0.9981538461538462,0.9981635640191886,0.998153373417441,0.9963075032198516,3,,,,,,9
17,2,select_coverage,4.0,exact,cmar,e,0,0.9987692307692309,0.998768890895702,0.998768890895702,0.997537781791404,2,,,,,,9
17,2,select_coverage,4.0,exact,top_k_avg,e,0,1.0,1.0,1.0,1.0,0,,,,,,9
17,2,select_coverage,4.0,exact,list,e,0,1.0,1.0,1.0,1.0,0,,,,,,9
17,2,select_coverage_CBA_M1,,exact,majority,e,0,0.9993846153846154,0.9993742177722152,0.9993844326230256,0.998769622626085,1,,,,,,9
17,2,select_coverage_CBA_M1,,exact,cmar,e,0,0.9975384615384616,0.9974968710888612,0.99753756538711,0.995087228142845,4,,,,,,9
17,2,select_coverage_CBA_M1,,exact,top_k_avg,e,0,1.0,1.0,1.0,1.0,0,,,,,,9
17,2,select_coverage_CBA_M1,,exact,list,e,0,1.0,1.0,1.0,1.0,0,,,,,,9
19,1,select_coverage,1.0,DAC,list,e,0,0.9938461538461538,0.9938712345701456,0.9938457599747924,0.9877035653235668,10,,,,,,9
19,1,select_coverage,1.0,exact,majority,e,0,0.9993846153846154,0.9993909866017052,0.9993845557192952,0.998769868515932,1,,,,,,9
19,1,select_coverage,1.0,exact,cmar,e,0,0.9963076923076924,0.9963330424612624,0.9963074559848754,0.9926269871813193,6,,,,,,9
19,1,select_coverage,1.0,exact,top_k_avg,e,0,0.9993846153846154,0.9993781094527364,0.9993845398687498,0.998769836853814,1,,,,,,9
19,1,select_coverage,1.0,exact,list,e,0,1.0,1.0,1.0,1.0,0,,,,,,9
19,1,select_coverage,2.0,DAC,list,e,0,0.9938461538461538,0.9938712345701456,0.9938457599747924,0.9877035653235668,10,,,,,,9
19,1,select_coverage,2.0,exact,majority,e,0,0.9969230769230768,0.996954933008526,0.996922909121482,0.9938646971243118,5,,,,,,9
19,1,select_coverage,2.0,exact,cmar,e,0,0.9963076923076924,0.9963330424612624,0.9963074559848754,0.9926269871813193,6,,,,,,9
19,1,select_coverage,2.0,exact,top_k_avg,e,0,0.9987692307692309,0.9987562189054726,0.9987690624876906,0.9975411516635264,2,,,,,,9
19,1,select_coverage,2.0,exact,list,e,0,1.0,1.0,1.0,1.0,0,,,,,,9
19,1,select_coverage,3.0,DAC,list,e,0,0.9938461538461538,0.9938712345701456,0.9938457599747924,0.9877035653235668,10,,,,,,9
19,1,select_coverage,3.0,exact,majority,e,0,0.9975384615384616,0.9975639464068208,0.9975383039899168,0.9950886981101956,4,,,,,,9
19,1,select_coverage,3.0,exact,cmar,e,0,0.9969230769230768,0.9969420558595572,0.9969228485219636,0.9938524936668928,5,,,,,,9
19,1,select_coverage,3.0,exact,top_k_avg,e,0,1.0,1.0,1.0,1.0,0,,,,,,9
19,1,select_coverage,3.0,exact,list,e,0,1.0,1.0,1.0,1.0,0,,,,,,9
19,1,select_coverage,4.0,DAC,list,e,0,0.9938461538461538,0.9938712345701456,0.9938457599747924,0.9877035653235668,10,,,,,,9
19,1,select_coverage,4.0,exact,majority,e,0,0.9969230769230768,0.996954933008526,0.996922909121482,0.9938646971243118,5,,,,,,9
19,1,select_coverage,4.0,exact,cmar,e,0,0.9969230769230768,0.9969420558595572,0.9969228485219636,0.9938524936668928,5,,,,,,9
19,1,select_coverage,4.0,exact,top_k_avg,e,0,1.0,1.0,1.0,1.0,0,,,,,,9
19,1,select_coverage,4.0,exact,list,e,0,1.0,1.0,1.0,1.0,0,,,,,,9
19,1,select_coverage_CBA_M1,,DAC,list,e,0,0.9938461538461538,0.9938712345701456,0.9938457599747924,0.9877035653235668,10,,,,,,9
19,1,select_coverage_CBA_M1,,exact,majority,e,0,0.9993846153846154,0.9993781094527364,0.9993845398687498,0.998769836853814,1,,,,,,9
19,1,select_coverage_CBA_M1,,exact,cmar,e,0,0.9956923076923077,0.99569827476503,0.9956918900350672,0.991384534349849,7,,,,,,9
19,1,select_coverage_CBA_M1,,exact,top_k_avg,e,0,0.9987692307692309,0.9987562189054726,0.9987690624876906,0.9975411516635264,2,,,,,,9
19,1,select_coverage_CBA_M1,,exact,list,e,0,0.9993846153846154,0.9993781094527364,0.9993845398687498,0.998769836853814,1,,,,,,9
19,2,select_coverage,1.0,exact,majority,e,0,0.9993846153846154,0.9993909866017052,0.9993845557192952,0.998769868515932,1,,,,,,9
19,2,select_coverage,1.0,exact,cmar,e,0,0.9963076923076924,0.9963330424612624,0.9963074559848754,0.9926269871813193,6,,,,,,9
19,2,select_coverage,1.0,exact,top_k_avg,e,0,0.9993846153846154,0.9993781094527364,0.9993845398687498,0.998769836853814,1,,,,,,9
19,2,select_coverage,1.0,exact,list,e,0,1.0,1.0,1.0,1.0,0,,,,,,9
19,2,select_coverage,2.0,exact,majority,e,0,0.9969230769230768,0.996954933008526,0.996922909121482,0.9938646971243118,5,,,,,,9
19,2,select_coverage,2.0,exact,cmar,e,0,0.9963076923076924,0.9963330424612624,0.9963074559848754,0.9926269871813193,6,,,,,,9
19,2,select_coverage,2.0,exact,top_k_avg,e,0,0.9987692307692309,0.9987562189054726,0.9987690624876906,0.9975411516635264,2,,,,,,9
19,2,select_coverage,2.0,exact,list,e,0,1.0,1.0,1.0,1.0,0,,,,,,9
19,2,select_coverage,3.0,exact,majority,e,0,0.9975384615384616,0.9975639464068208,0.9975383039899168,0.9950886981101956,4,,,,,,9
19,2,select_coverage,3.0,exact,cmar,e,0,0.9969230769230768,0.9969420558595572,0.9969228485219636,0.9938524936668928,5,,,,,,9
19,2,select_coverage,3.0,exact,top_k_avg,e,0,1.0,1.0,1.0,1.0,0,,,,,,9
19,2,select_coverage,3.0,exact,list,e,0,1.0,1.0,1.0,1.0,0,,,,,,9
19,2,select_coverage,4.0,exact,majority,e,0,0.9969230769230768,0.996954933008526,0.996922909121482,0.9938646971243118,5,,,,,,9
19,2,select_coverage,4.0,exact,cmar,e,0,0.9969230769230768,0.9969420558595572,0.9969228485219636,0.9938524936668928,5,,,,,,9
19,2,select_coverage,4.0,exact,top_k_avg,e,0,1.0,1.0,1.0,1.0,0,,,,,,9
19,2,select_coverage,4.0,exact,list,e,0,1.0,1.0,1.0,1.0,0,,,,,,9
19,2,select_coverage_CBA_M1,,exact,majority,e,0,0.9993846153846154,0.9993781094527364,0.9993845398687498,0.998769836853814,1,,,,,,9
19,2,select_coverage_CBA_M1,,exact,cmar,e,0,0.9956923076923077,0.99569827476503,0.9956918900350672,0.991384534349849,7,,,,,,9
19,2,select_coverage_CBA_M1,,exact,top_k_avg,e,0,0.9987692307692309,0.9987562189054726,0.9987690624876906,0.9975411516635264,2,,,,,,9
19,2,select_coverage_CBA_M1,,exact,list,e,0,0.9993846153846154,0.9993781094527364,0.9993845398687498,0.998769836853814,1,,,,,,9
29,1,select_coverage,1.0,DAC,list,e,0,0.9969230769230768,0.9969271017957178,0.9969229603961334,0.993846675915567,5,,,,,,9
29,1,select_coverage,1.0,exact,majority,e,0,0.9969230769230768,0.9969271017957178,0.9969229603961334,0.993846675915567,5,,,,,,9
29,1,select_coverage,1.0,exact,cmar,e,0,0.9975384615384616,0.9975383487394832,0.9975383487394832,0.995076697478966,4,,,,,,9
29,1,select_coverage,1.0,exact,top_k_avg,e,0,0.9993846153846154,0.9993804213135068,0.9993845818242963,0.9987699206617496,1,,,,,,9
29,1,select_coverage,1.0,exact,list,e,0,1.0,1.0,1.0,1.0,0,,,,,,9
29,1,select_coverage,2.0,DAC,list,e,0,0.9969230769230768,0.9969271017957178,0.9969229603961334,0.993846675915567,5,,,,,,9
29,1,select_coverage,2.0,exact,majority,e,0,0.9975384615384616,0.997546680482211,0.9975383860295456,0.9950797943769824,4,,,,,,9
29,1,select_coverage,2.0,exact,cmar,e,0,0.9969230769230768,0.9969271017957178,0.9969229603961334,0.993846675915567,5,,,,,,9
29,1,select_coverage,2.0,exact,top_k_avg,e,0,0.9987692307692309,0.9987608426270136,0.9987691519949584,0.9975413302384496,2,,,,,,9
29,1,select_coverage,2.0,exact,list,e,0,1.0,1.0,1.0,1.0,0,,,,,,9
29,1,select_coverage,3.0,DAC,list,e,0,0.9969230769230768,0.9969271017957178,0.9969229603961334,0.993846675915567,5,,,,,,9
29,1,select_coverage,3.0,exact,majority,e,0,0.9950769230769232,0.995093360964422,0.9950768317215638,0.9901657226451864,8,,,,,,9
29,1,select_coverage,3.0,exact,cmar,e,0,0.9975384615384616,0.9975383487394832,0.9975383487394832,0.995076697478966,4,,,,,,9
29,1,select_coverage,3.0,exact,top_k_avg,e,0,0.9993846153846154,0.9993887530562346,0.9993845920792268,0.9987699411463972,1,,,,,,9
29,1,select_coverage,3.0,exact,list,e,0,1.0,1.0,1.0,1.0,0,,,,,,9
29,1,select_coverage,4.0,DAC,list,e,0,0.9969230769230768,0.9969271017957178,0.9969229603961334,0.993846675915567,5,,,,,,9
29,1,select_coverage,4.0,exact,majority,e,0,0.9956923076923077,0.9957129396509152,0.9956922489641516,0.9914033519641308,7,,,,,,9
29,1,select_coverage,4.0,exact,cmar,e,0,0.9969230769230768,0.9969271017957178,0.9969229603961334,0.993846675915567,5,,,,,,9
29,1,select_coverage,4.0,exact,top_k_avg,e,0,1.0,1.0,1.0,1.0,0,,,,,,9
29,1,select_coverage,4.0,exact,list,e,0,1.0,1.0,1.0,1.0,0,,,,,,9
29,1,select_coverage_CBA_M1,,DAC,list,e,0,0.9969230769230768,0.9969271017957178,0.9969229603961334,0.993846675915567,5,,,,,,9
29,1,select_coverage_CBA_M1,,exact,majority,e,0,0.9981538461538462,0.9981495956832483,0.9981537454728892,0.9963082470265512,3,,,,,,9
29,1,select_coverage_CBA_M1,,exact,cmar,e,0,0.9975384615384616,0.9975383487394832,0.9975383487394832,0.995076697478966,4,,,,,,9
29,1,select_coverage_CBA_M1,,exact,top_k_avg,e,0,0.9987692307692309,0.9987608426270136,0.9987691519949584,0.9975413302384496,2,,,,,,9
29,1,select_coverage_CBA_M1,,exact,list,e,0,0.9987692307692309,0.9987608426270136,0.9987691519949584,0.9975413302384496,2,,,,,,9
29,2,select_coverage,1.0,exact,majority,e,0,0.9969230769230768,0.9969271017957178,0.9969229603961334,0.993846675915567,5,,,,,,9
29,2,select_coverage,1.0,exact,cmar,e,0,0.9975384615384616,0.9975383487394832,0.9975383487394832,0.995076697478966,4,,,,,,9
29,2,select_coverage,1.0,exact,top_k_avg,e,0,0.9993846153846154,0.9993804213135068,0.9993845818242963,0.9987699206617496,1,,,,,,9
29,2,select_coverage,1.0,exact,list,e,0,1.0,1.0,1.0,1.0,0,,,,,,9
29,2,select_coverage,2.0,exact,majority,e,0,0.9975384615384616,0.997546680482211,0.9975383860295456,0.9950797943769824,4,,,,,,9
29,2,select_coverage,2.0,exact,cmar,e,0,0.9969230769230768,0.9969271017957178,0.9969229603961334,0.993846675915567,5,,,,,,9
29,2,select_coverage,2.0,exact,top_k_avg,e,0,0.9987692307692309,0.9987608426270136,0.9987691519949584,0.9975413302384496,2,,,,,,9
29,2,select_coverage,2.0,exact,list,e,0,1.0,1.0,1.0,1.0,0,,,,,,9
29,2,select_coverage,3.0,exact,majority,e,0,0.9950769230769232,0.995093360964422,0.9950768317215638,0.9901657226451864,8,,,,,,9
29,2,select_coverage,3.0,exact,cmar,e,0,0.9975384615384616,0.9975383487394832,0.9975383487394832,0.995076697478966,4,,,,,,9
29,2,select_coverage,3.0,exact,top_k_avg,e,0,0.9993846153846154,0.9993887530562346,0.9993845920792268,0.9987699411463972,1,,,,,,9
29,2,select_coverage,3.0,exact,list,e,0,1.0,1.0,1.0,1.0,0,,,,,,9
29,2,select_coverage,4.0,exact,majority,e,0,0.9956923076923077,0.9957129396509152,0.9956922489641516,0.9914033519641308,7,,,,,,9
29,2,select_coverage,4.0,exact,cmar,e,0,0.9969230769230768,0.9969271017957178,0.9969229603961334,0.993846675915567,5,,,,,,9
29,2,select_coverage,4.0,exact,top_k_avg,e,0,1.0,1.0,1.0,1.0,0,,,,,,9
29,2,select_coverage,4.0,exact,list,e,0,1.0,1.0,1.0,1.0,0,,,,,,9
29,2,select_coverage_CBA_M1,,exact,majority,e,0,0.9981538461538462,0.9981495956832483,0.9981537454728892,0.9963082470265512,3,,,,,,9
29,2,select_coverage_CBA_M1,,exact,cmar,e,0,0.9975384615384616,0.9975383487394832,0.9975383487394832,0.995076697478966,4,,,,,,9
29,2,select_coverage_CBA_M1,,exact,top_k_avg,e,0,1.0,1.0,1.0,1.0,0,,,,,,9
29,2,select_coverage_CBA_M1,,exact,list,e,0,1.0,1.0,1.0,1.0,0,,,,,,9
31,1,select_coverage,1.0,DAC,list,e,0,0.992,0.9916511791750936,0.9919753848491468,0.9840422415251676,13,,,,,,9
31,1,select_coverage,1.0,exact,majority,e,0,0.9950769230769232,0.9948253557567917,0.995062771167799,0.9901740545900124,8,,,,,,9
31,1,select_coverage,1.0,exact,cmar,e,0,0.9926153846153846,0.9922980097054948,0.9925931665694284,0.985261966058278,12,,,,,,9
31,1,select_coverage,1.0,exact,top_k_avg,e,0,0.9956923076923077,0.9956521144981142,0.9956818419079616,0.9913644416029748,7,,,,,,9
31,1,select_coverage,1.0,exact,list,e,0,1.0,1.0,1.0,1.0,0,,,,,,9
31,1,select_coverage,2.0,DAC,list,e,0,0.992,0.9916511791750936,0.9919753848491468,0.9840422415251676,13,,,,,,9
31,1,select_coverage,2.0,exact,majority,e,0,0.9969230769230768,0.996825823418302,0.9969152219464588,0.99383727414358,5,,,,,,9
31,1,select_coverage,2.0,exact,cmar,e,0,0.9956923076923077,0.9955321623575,0.9956807662909156,0.991380486830395,7,,,,,,9
31,1,select_coverage,2.0,exact,top_k_avg,e,0,0.9981538461538462,0.9980595084087968,0.9981491331678752,0.9963051050620084,3,,,,,,9
31,1,select_coverage,2.0,exact,list,e,0,0.9987692307692309,0.998706338939198,0.9987661651349398,0.9975353712054932,2,,,,,,9
31,1,select_coverage,3.0,DAC,list,e,0,0.992,0.9916511791750936,0.9919753848491468,0.9840422415251676,13,,,,,,9
31,1,select_coverage,3.0,exact,majority,e,0,0.9950769230769232,0.9948853318270988,0.9950634161160476,0.9901541129889504,8,,,,,,9
31,1,select_coverage,3.0,exact,cmar,e,0,0.9938461538461538,0.9935916707662968,0.9938284639597488,0.9877053798244336,10,,,,,,9
31,1,select_coverage,3.0,exact,top_k_avg,e,0,0.9975384615384616,0.9974126778783958,0.9975320229514272,0.9950761976557904,4,,,,,,9
31,1,select_coverage,3.0,exact,list,e,0,0.9987692307692309,0.998706338939198,0.9987661651349398,0.9975353712054932,2,,,,,,9
31,1,select_coverage,4.0,DAC,list,e,0,0.992,0.9916511791750936,0.9919753848491468,0.9840422415251676,13,,,,,,9
31,1,select_coverage,4.0,exact,majority,e,0,0.9963076923076924,0.996178992887901,0.9962980344271408,0.9926082055356804,6,,,,,,9
31,1,select_coverage,4.0,exact,cmar,e,0,0.9975384615384616,0.997472653948703,0.9975323302698796,0.9950676977093798,4,,,,,,9
31,1,select_coverage,4.0,exact,top_k_avg,e,0,0.9987692307692309,0.998706338939198,0.9987661651349398,0.9975353712054932,2,,,,,,9
31,1,select_coverage,4.0,exact,list,e,0,0.9987692307692309,0.998706338939198,0.9987661651349398,0.9975353712054932,2,,,,,,9
31,1,select_coverage_CBA_M1,,DAC,list,e,0,0.9907692307692308,0.9903575181142916,0.9907395482267232,0.981606732449526,15,,,,,,9
31,1,select_coverage_CBA_M1,,exact,majority,e,0,0.9932307692307693,0.9928848641655886,0.9932099410262012,0.9865114680719635,11,,,,,,9
31,1,select_coverage_CBA_M1,,exact,cmar,e,0,0.992,0.9915912031047864,0.9919742751298268,0.984076345839056,13,,,,,,9
31,1,select_coverage_CBA_M1,,exact,top_k_avg,e,0,0.9956923076923077,0.995592138427807,0.9956813107250424,0.9913694432251516,7,,,,,,9
31,1,select_coverage_CBA_M1,,exact,list,e,0,0.9993846153846154,0.999353169469599,0.999383120272566,0.9987670011559856,1,,,,,,9
31,2,select_coverage,1.0,exact,majority,e,0,0.9950769230769232,0.9948253557567917,0.995062771167799,0.9901740545900124,8,,,,,,9
31,2,select_coverage,1.0,exact,cmar,e,0,0.9926153846153846,0.9922980097054948,0.9925931665694284,0.985261966058278,12,,,,,,9
31,2,select_coverage,1.0,exact,top_k_avg,e,0,0.9956923076923077,0.9956521144981142,0.9956818419079616,0.9913644416029748,7,,,,,,9
31,2,select_coverage,1.0,exact,list,e,0,1.0,1.0,1.0,1.0,0,,,,,,9
31,2,select_coverage,2.0,exact,majority,e,0,0.9969230769230768,0.996825823418302,0.9969152219464588,0.99383727414358,5,,,,,,9
31,2,select_coverage,2.0,exact,cmar,e,0,0.9956923076923077,0.9955321623575,0.9956807662909156,0.991380486830395,7,,,,,,9
31,2,select_coverage,2.0,exact,top_k_avg,e,0,0.9981538461538462,0.9980595084087968,0.9981491331678752,0.9963051050620084,3,,,,,,9
31,2,select_coverage,2.0,exact,list,e,0,0.9987692307692309,0.998706338939198,0.9987661651349398,0.9975353712054932,2,,,,,,9
31,2,select_coverage,3.0,exact,majority,e,0,0.9950769230769232,0.9948853318270988,0.9950634161160476,0.9901541129889504,8,,,,,,9
31,2,select_coverage,3.0,exact,cmar,e,0,0.9938461538461538,0.9935916707662968,0.9938284639597488,0.9877053798244336,10,,,,,,9
31,2,select_coverage,3.0,exact,top_k_avg,e,0,0.9975384615384616,0.9974126778783958,0.9975320229514272,0.9950761976557904,4,,,,,,9
31,2,select_coverage,3.0,exact,list,e,0,0.9987692307692309,0.998706338939198,0.9987661651349398,0.9975353712054932,2,,,,,,9
31,2,select_coverage,4.0,exact,majority,e,0,0.9963076923076924,0.996178992887901,0.9962980344271408,0.9926082055356804,6,,,,,,9
31,2,select_coverage,4.0,exact,cmar,e,0,0.9975384615384616,0.997472653948703,0.9975323302698796,0.9950676977093798,4,,,,,,9
31,2,select_coverage,4.0,exact,top_k_avg,e,0,0.9987692307692309,0.998706338939198,0.9987661651349398,0.9975353712054932,2,,,,,,9
31,2,select_coverage,4.0,exact,list,e,0,0.9987692307692309,0.998706338939198,0.9987661651349398,0.9975353712054932,2,,,,,,9
31,2,select_coverage_CBA_M1,,exact,majority,e,0,0.9944615384615384,0.9941785252263906,0.9944452483800066,0.988951865403812,9,,,,,,9
31,2,select_coverage_CBA_M1,,exact,cmar,e,0,0.9926153846153846,0.9922380336351876,0.9925921536091028,0.9852932500318302,12,,,,,,9
31,2,select_coverage_CBA_M1,,exact,top_k_avg,e,0,0.9956923076923077,0.9956521144981142,0.9956818419079616,0.9913644416029748,7,,,,,,9
31,2,select_coverage_CBA_M1,,exact,list,e,0,1.0,1.0,1.0,1.0,0,,,,,,9
34,1,select_coverage,1.0,DAC,list,e,0,0.9883076923076924,0.9881019520803392,0.9882927779995988,0.976676362082058,19,,,,,,9
34,1,select_coverage,1.0,exact,majority,e,0,0.9975384615384616,0.9975007731911874,0.997536221336778,0.9950754702961891,4,,,,,,9
34,1,select_coverage,1.0,exact,cmar,e,0,0.9963076923076924,0.996233346068247,0.9963040518206052,0.99262020104497,6,,,,,,9
34,1,select_coverage,1.0,exact,top_k_avg,e,0,0.9956923076923077,0.9955640050697084,0.99568754551772,0.9914121256761916,7,,,,,,9
34,1,select_coverage,1.0,exact,list,e,0,1.0,1.0,1.0,1.0,0,,,,,,9
34,1,select_coverage,2.0,DAC,list,e,0,0.9883076923076924,0.9881019520803392,0.9882927779995988,0.976676362082058,19,,,,,,9
34,1,select_coverage,2.0,exact,majority,e,0,0.9975384615384616,0.9975007731911874,0.997536221336778,0.9950754702961891,4,,,,,,9
34,1,select_coverage,2.0,exact,cmar,e,0,0.9938461538461538,0.993698491822366,0.9938390961480134,0.9877264784260344,10,,,,,,9
34,1,select_coverage,2.0,exact,top_k_avg,e,0,0.9969230769230768,0.9968670596297172,0.9969201610992656,0.993847130661682,5,,,,,,9
34,1,select_coverage,2.0,exact,list,e,0,1.0,1.0,1.0,1.0,0,,,,,,9
34,1,select_coverage,3.0,DAC,list,e,0,0.9883076923076924,0.9881019520803392,0.9882927779995988,0.976676362082058,19,,,,,,9
34,1,select_coverage,3.0,exact,majority,e,0,0.9975384615384616,0.9975007731911874,0.997536221336778,0.9950754702961891,4,,,,,,9
34,1,select_coverage,3.0,exact,cmar,e,0,0.9938461538461538,0.993698491822366,0.9938390961480134,0.9877264784260344,10,,,,,,9
34,1,select_coverage,3.0,exact,top_k_avg,e,0,0.9987692307692309,0.9987682003141278,0.9987682003141278,0.9975364006282558,2,,,,,,9
34,1,select_coverage,3.0,exact,list,e,0,1.0,1.0,1.0,1.0,0,,,,,,9
34,1,select_coverage,4.0,DAC,list,e,0,0.9883076923076924,0.9881019520803392,0.9882927779995988,0.976676362082058,19,,,,,,9
34,1,select_coverage,4.0,exact,majority,e,0,0.9975384615384616,0.9975007731911874,0.997536221336778,0.9950754702961891,4,,,,,,9
34,1,select_coverage,4.0,exact,cmar,e,0,0.9938461538461538,0.993698491822366,0.9938390961480134,0.9877264784260344,10,,,,,,9
34,1,select_coverage,4.0,exact,top_k_avg,e,0,0.9993846153846154,0.9993662864385298,0.999384077979897,0.998768914212232,1,,,,,,9
34,1,select_coverage,4.0,exact,list,e,0,1.0,1.0,1.0,1.0,0,,,,,,9
34,1,select_coverage_CBA_M1,,DAC,list,e,0,0.9883076923076924,0.9881019520803392,0.9882927779995988,0.976676362082058,19,,,,,,9
34,1,select_coverage_CBA_M1,,exact,majority,e,0,0.9932307692307693,0.9930291508238276,0.9932221346313468,0.9865355288473928,11,,,,,,9
34,1,select_coverage_CBA_M1,,exact,cmar,e,0,0.9932307692307693,0.9930291508238276,0.9932221346313468,0.9865355288473928,11,,,,,,9
34,1,select_coverage_CBA_M1,,exact,top_k_avg,e,0,0.9913846153846154,0.9911636375764852,0.9913732431751924,0.9828549008946988,14,,,,,,9
34,1,select_coverage_CBA_M1,,exact,list,e,0,0.9956923076923077,0.9955640050697084,0.99568754551772,0.9914121256761916,7,,,,,,9
34,2,select_coverage,1.0,exact,majority,e,0,0.9975384615384616,0.9975007731911874,0.997536221336778,0.9950754702961891,4,,,,,,9
34,2,select_coverage,1.0,exact,cmar,e,0,0.9963076923076924,0.996233346068247,0.9963040518206052,0.99262020104497,6,,,,,,9
34,2,select_coverage,1.0,exact,top_k_avg,e,0,0.9956923076923077,0.9955640050697084,0.99568754551772,0.9914121256761916,7,,,,,,9
34,2,select_coverage,1.0,exact,list,e,0,1.0,1.0,1.0,1.0,0,,,,,,9
34,2,select_coverage,2.0,exact,majority,e,0,0.9975384615384616,0.9975007731911874,0.997536221336778,0.9950754702961891,4,,,,,,9
34,2,select_coverage,2.0,exact,cmar,e,0,0.9938461538461538,0.993698491822366,0.9938390961480134,0.9877264784260344,10,,,,,,9
34,2,select_coverage,2.0,exact,top_k_avg,e,0,0.9969230769230768,0.9968670596297172,0.9969201610992656,0.993847130661682,5,,,,,,9
34,2,select_coverage,2.0,exact,list,e,0,1.0,1.0,1.0,1.0,0,,,,,,9
34,2,select_coverage,3.0,exact,majority,e,0,0.9975384615384616,0.9975007731911874,0.997536221336778,0.9950754702961891,4,,,,,,9
34,2,select_coverage,3.0,exact,cmar,e,0,0.9938461538461538,0.993698491822366,0.9938390961480134,0.9877264784260344,10,,,,,,9
34,2,select_coverage,3.0,exact,top_k_avg,e,0,0.9987692307692309,0.9987682003141278,0.9987682003141278,0.9975364006282558,2,,,,,,9
34,2,select_coverage,3.0,exact,list,e,0,1.0,1.0,1.0,1.0,0,,,,,,9
34,2,select_coverage,4.0,exact,majority,e,0,0.9975384615384616,0.9975007731911874,0.997536221336778,0.9950754702961891,4,,,,,,9
34,2,select_coverage,4.0,exact,cmar,e,0,0.9938461538461538,0.993698491822366,0.9938390961480134,0.9877264784260344,10,,,,,,9
34,2,select_coverage,4.0,exact,top_k_avg,e,0,0.9993846153846154,0.9993662864385298,0.999384077979897,0.998768914212232,1,,,,,,9
34,2,select_coverage,4.0,exact,list,e,0,1.0,1.0,1.0,1.0,0,,,,,,9
34,2,select_coverage_CBA_M1,,exact,majority,e,0,0.9950769230769232,0.9949302915082384,0.9950712769184108,0.9901908999019068,8,,,,,,9
34,2,select_coverage_CBA_M1,,exact,cmar,e,0,0.9938461538461538,0.9936628643852978,0.993838572884564,0.9877526066187092,10,,,,,,9
34,2,select_coverage_CBA_M1,,exact,top_k_avg,e,0,0.9956923076923077,0.9955996325067769,0.9956878920938116,0.9913946762161664,7,,,,,,9
34,2,select_coverage_CBA_M1,,exact,list,e,0,1.0,1.0,1.0,1.0,0,,,,,,9
42,1,select_coverage,1.0,DAC,list,e,0,0.9981538461538462,0.9981743741903384,0.9981513258311924,0.9963034097225728,3,,,,,,9
42,1,select_coverage,1.0,exact,majority,e,0,0.9981538461538462,0.9981281078112816,0.9981511547602928,0.996303067720818,3,,,,,,9
42,1,select_coverage,1.0,exact,cmar,e,0,0.9987692307692309,0.99876749400054,0.99876749400054,0.99753498800108,2,,,,,,9
42,1,select_coverage,1.0,exact,top_k_avg,e,0,0.9987692307692309,0.9987212276214834,0.9987673780728316,0.997537791112704,2,,,,,,9
42,1,select_coverage,1.0,exact,list,e,0,1.0,1.0,1.0,1.0,0,,,,,,9
42,1,select_coverage,2.0,DAC,list,e,0,0.9981538461538462,0.9981743741903384,0.9981513258311924,0.9963034097225728,3,,,,,,9
42,1,select_coverage,2.0,exact,majority,e,0,0.9987692307692309,0.99876749400054,0.99876749400054,0.99753498800108,2,,,,,,9
42,1,select_coverage,2.0,exact,cmar,e,0,0.9993846153846154,0.9993606138107416,0.999383718253431,0.9987681956447204,1,,,,,,9
42,1,select_coverage,2.0,exact,top_k_avg,e,0,0.9993846153846154,0.9993606138107416,0.999383718253431,0.9987681956447204,1,,,,,,9
42,1,select_coverage,2.0,exact,list,e,0,1.0,1.0,1.0,1.0,0,,,,,,9
42,1,select_coverage,3.0,DAC,list,e,0,0.9981538461538462,0.9981743741903384,0.9981513258311924,0.9963034097225728,3,,,,,,9
42,1,select_coverage,3.0,exact,majority,e,0,0.9993846153846154,0.9993606138107416,0.999383718253431,0.9987681956447204,1,,,,,,9
42,1,select_coverage,3.0,exact,cmar,e,0,0.9993846153846154,0.9993606138107416,0.999383718253431,0.9987681956447204,1,,,,,,9
42,1,select_coverage,3.0,exact,top_k_avg,e,0,1.0,1.0,1.0,1.0,0,,,,,,9
42,1,select_coverage,3.0,exact,list,e,0,1.0,1.0,1.0,1.0,0,,,,,,9
42,1,select_coverage,4.0,DAC,list,e,0,0.9981538461538462,0.9981743741903384,0.9981513258311924,0.9963034097225728,3,,,,,,9
42,1,select_coverage,4.0,exact,majority,e,0,0.9993846153846154,0.9993606138107416,0.999383718253431,0.9987681956447204,1,,,,,,9
42,1,select_coverage,4.0,exact,cmar,e,0,0.9993846153846154,0.9993606138107416,0.999383718253431,0.9987681956447204,1,,,,,,9
42,1,select_coverage,4.0,exact,top_k_avg,e,0,1.0,1.0,1.0,1.0,0,,,,,,9
42,1,select_coverage,4.0,exact,list,e,0,1.0,1.0,1.0,1.0,0,,,,,,9
42,1,select_coverage_CBA_M1,,DAC,list,e,4,0.9981538461538462,0.9981743741903384,0.9981513258311924,0.9963034097225728,3,0.9956923076923077,0.9956168294333052,0.9956856154436382,0.9913780391284834,7.0,9
42,1,select_coverage_CBA_M1,,exact,majority,e,4,0.9987692307692309,0.9987212276214834,0.9987673780728316,0.997537791112704,2,0.9963076923076924,0.99616368286445,0.9963014047833648,0.9926300677913532,6.0,9
42,1,select_coverage_CBA_M1,,exact,cmar,e,4,0.9993846153846154,0.9993606138107416,0.999383718253431,0.9987681956447204,1,0.9969230769230768,0.9968030690537084,0.9969179928148456,0.9938549246996304,5.0,9
42,1,select_coverage_CBA_M1,,exact,top_k_avg,e,4,0.9987692307692309,0.9987212276214834,0.9987673780728316,0.997537791112704,2,0.9963076923076924,0.99616368286445,0.9963014047833648,0.9926300677913532,6.0,9
42,1,select_coverage_CBA_M1,,exact,list,e,4,1.0,1.0,1.0,1.0,0,0.9975384615384616,0.9974424552429668,0.997534516765286,0.9950811607983182,4.0,9
42,2,select_coverage,1.0,exact,majority,e,0,0.9981538461538462,0.9981281078112816,0.9981511547602928,0.996303067720818,3,,,,,,9
42,2,select_coverage,1.0,exact,cmar,e,0,0.9987692307692309,0.99876749400054,0.99876749400054,0.99753498800108,2,,,,,,9
42,2,select_coverage,1.0,exact,top_k_avg,e,0,0.9987692307692309,0.9987212276214834,0.9987673780728316,0.997537791112704,2,,,,,,9
42,2,select_coverage,1.0,exact,list,e,0,1.0,1.0,1.0,1.0,0,,,,,,9
42,2,select_coverage,2.0,exact,majority,e,0,0.9987692307692309,0.99876749400054,0.99876749400054,0.99753498800108,2,,,,,,9
42,2,select_coverage,2.0,exact,cmar,e,0,0.9993846153846154,0.9993606138107416,0.999383718253431,0.9987681956447204,1,,,,,,9
42,2,select_coverage,2.0,exact,top_k_avg,e,0,0.9993846153846154,0.9993606138107416,0.999383718253431,0.9987681956447204,1,,,,,,9
42,2,select_coverage,2.0,exact,list,e,0,1.0,1.0,1.0,1.0,0,,,,,,9
42,2,select_coverage,3.0,exact,majority,e,0,0.9993846153846154,0.9993606138107416,0.999383718253431,0.9987681956447204,1,,,,,,9
42,2,select_coverage,3.0,exact,cmar,e,0,0.9993846153846154,0.9993606138107416,0.999383718253431,0.9987681956447204,1,,,,,,9
42,2,select_coverage,3.0,exact,top_k_avg,e,0,1.0,1.0,1.0,1.0,0,,,,,,9
42,2,select_coverage,3.0,exact,list,e,0,1.0,1.0,1.0,1.0,0,,,,,,9
42,2,select_coverage,4.0,exact,majority,e,0,0.9993846153846154,0.9993606138107416,0.999383718253431,0.9987681956447204,1,,,,,,9
42,2,select_coverage,4.0,exact,cmar,e,0,0.9993846153846154,0.9993606138107416,0.999383718253431,0.9987681956447204,1,,,,,,9
42,2,select_coverage,4.0,exact,top_k_avg,e,0,1.0,1.0,1.0,1.0,0,,,,,,9
42,2,select_coverage,4.0,exact,list,e,0,1.0,1.0,1.0,1.0,0,,,,,,9
42,2,select_coverage_CBA_M1,,exact,majority,e,2,0.9987692307692309,0.9987212276214834,0.9987673780728316,0.997537791112704,2,0.9975384615384616,0.9974424552429668,0.997534516765286,0.9950811607983182,4.0,9
42,2,select_coverage_CBA_M1,,exact,cmar,e,2,0.9993846153846154,0.9993606138107416,0.999383718253431,0.9987681956447204,1,0.9981538461538462,0.998081841432225,0.9981509780472736,0.9963087812195291,3.0,9
42,2,select_coverage_CBA_M1,,exact,top_k_avg,e,2,0.9987692307692309,0.9987212276214834,0.9987673780728316,0.997537791112704,2,0.9975384615384616,0.9974424552429668,0.997534516765286,0.9950811607983182,4.0,9
42,2,select_coverage_CBA_M1,,exact,list,e,2,1.0,1.0,1.0,1.0,0,0.9987692307692309,0.9987212276214834,0.9987673780728316,0.997537791112704,2.0,9
49,1,select_coverage,1.0,DAC,list,e,0,0.9876923076923076,0.9877532811420676,0.9876919301477272,0.9756262809143208,20,,,,,,9
49,1,select_coverage,1.0,exact,majority,e,0,0.9969230769230768,0.9969195741483572,0.9969229603961334,0.993846675915567,5,,,,,,9
49,1,select_coverage,1.0,exact,cmar,e,0,0.9987692307692309,0.9987760097919216,0.9987692079303908,0.9975414418346056,2,,,,,,9
49,1,select_coverage,1.0,exact,top_k_avg,e,0,0.9969230769230768,0.996940024479804,0.9969230582793592,0.9938649936154672,5,,,,,,9
49,1,select_coverage,1.0,exact,list,e,0,1.0,1.0,1.0,1.0,0,,,,,,9
49,1,select_coverage,2.0,DAC,list,e,0,0.9870769230769232,0.9871412860380284,0.98707643366376,0.9744228111008756,21,,,,,,9
49,1,select_coverage,2.0,exact,majority,e,0,0.9987692307692309,0.9987623762376238,0.9987691743697416,0.9975413748781276,2,,,,,,9
49,1,select_coverage,2.0,exact,cmar,e,0,0.9981538461538462,0.9981640146878824,0.9981538209846365,0.9963144461612586,3,,,,,,9
49,1,select_coverage,2.0,exact,top_k_avg,e,0,1.0,1.0,1.0,1.0,0,,,,,,9
49,1,select_coverage,2.0,exact,list,e,0,1.0,1.0,1.0,1.0,0,,,,,,9
49,1,select_coverage,3.0,DAC,list,e,0,0.9870769230769232,0.9871412860380284,0.98707643366376,0.9744228111008756,21,,,,,,9
49,1,select_coverage,3.0,exact,majority,e,0,0.9993846153846154,0.9993880048959608,0.99938460046937,0.9987699579060558,1,,,,,,9
49,1,select_coverage,3.0,exact,cmar,e,0,0.9963076923076924,0.996328029375765,0.996307679723216,0.9926425255980108,6,,,,,,9
49,1,select_coverage,3.0,exact,top_k_avg,e,0,0.9993846153846154,0.9993880048959608,0.99938460046937,0.9987699579060558,1,,,,,,9
49,1,select_coverage,3.0,exact,list,e,0,1.0,1.0,1.0,1.0,0,,,,,,9
49,1,select_coverage,4.0,DAC,list,e,0,0.9870769230769232,0.9871412860380284,0.98707643366376,0.9744228111008756,21,,,,,,9
49,1,select_coverage,4.0,exact,majority,e,0,0.9987692307692309,0.9987760097919216,0.9987692079303908,0.9975414418346056,2,,,,,,9
49,1,select_coverage,4.0,exact,cmar,e,0,0.9963076923076924,0.996328029375765,0.996307679723216,0.9926425255980108,6,,,,,,9
49,1,select_coverage,4.0,exact,top_k_avg,e,0,1.0,1.0,1.0,1.0,0,,,,,,9
49,1,select_coverage,4.0,exact,list,e,0,1.0,1.0,1.0,1.0,0,,,,,,9
49,1,select_coverage_CBA_M1,,DAC,list,e,2,0.9876923076923076,0.9877532811420676,0.9876919301477272,0.9756262809143208,20,0.9864615384615384,0.9865292909339892,0.9864609180671567,0.9732207654256636,22.0,9
49,1,select_coverage_CBA_M1,,exact,majority,e,2,0.9944615384615384,0.9944920440636476,0.9944615384615384,0.988984088127295,9,0.9932307692307693,0.9932680538555692,0.993230758976771,0.9865525470030932,11.0,9
49,1,select_coverage_CBA_M1,,exact,cmar,e,2,0.9932307692307693,0.9932680538555692,0.993230758976771,0.9865525470030932,11,0.992,0.9920440636474908,0.9919999515263336,0.9841268887062888,13.0,9
49,1,select_coverage_CBA_M1,,exact,top_k_avg,e,2,0.9975384615384616,0.9975520195838432,0.9975384382337348,0.9950889652824813,4,0.9963076923076924,0.996328029375765,0.996307679723216,0.9926425255980108,6.0,9
49,1,select_coverage_CBA_M1,,exact,list,e,2,0.9975384615384616,0.9975520195838432,0.9975384382337348,0.9950889652824813,4,0.9963076923076924,0.996328029375765,0.996307679723216,0.9926425255980108,6.0,9
49,2,select_coverage,1.0,exact,majority,e,0,0.9969230769230768,0.9969195741483572,0.9969229603961334,0.993846675915567,5,,,,,,9
49,2,select_coverage,1.0,exact,cmar,e,0,0.9987692307692309,0.9987760097919216,0.9987692079303908,0.9975414418346056,2,,,,,,9
49,2,select_coverage,1.0,exact,top_k_avg,e,0,0.9969230769230768,0.996940024479804,0.9969230582793592,0.9938649936154672,5,,,,,,9
49,2,select_coverage,1.0,exact,list,e,0,1.0,1.0,1.0,1.0,0,,,,,,9
49,2,select_coverage,2.0,exact,majority,e,0,0.9987692307692309,0.9987623762376238,0.9987691743697416,0.9975413748781276,2,,,,,,9
49,2,select_coverage,2.0,exact,cmar,e,0,0.9981538461538462,0.9981640146878824,0.9981538209846365,0.9963144461612586,3,,,,,,9
49,2,select_coverage,2.0,exact,top_k_avg,e,0,1.0,1.0,1.0,1.0,0,,,,,,9
49,2,select_coverage,2.0,exact,list,e,0,1.0,1.0,1.0,1.0,0,,,,,,9
49,2,select_coverage,3.0,exact,majority,e,0,0.9993846153846154,0.9993880048959608,0.99938460046937,0.9987699579060558,1,,,,,,9
49,2,select_coverage,3.0,exact,cmar,e,0,0.9963076923076924,0.996328029375765,0.996307679723216,0.9926425255980108,6,,,,,,9
49,2,select_coverage,3.0,exact,top_k_avg,e,0,0.9993846153846154,0.9993880048959608,0.99938460046937,0.9987699579060558,1,,,,,,9
49,2,select_coverage,3.0,exact,list,e,0,1.0,1.0,1.0,1.0,0,,,,,,9
49,2,select_coverage,4.0,exact,majority,e,0,0.9987692307692309,0.9987760097919216,0.9987692079303908,0.9975414418346056,2,,,,,,9
49,2,select_coverage,4.0,exact,cmar,e,0,0.9963076923076924,0.996328029375765,0.996307679723216,0.9926425255980108,6,,,,,,9
49,2,select_coverage,4.0,exact,top_k_avg,e,0,1.0,1.0,1.0,1.0,0,,,,,,9
49,2,select_coverage,4.0,exact,list,e,0,1.0,1.0,1.0,1.0,0,,,,,,9
49,2,select_coverage_CBA_M1,,exact,majority,e,0,0.9944615384615384,0.9944920440636476,0.9944615384615384,0.988984088127295,9,,,,,,9
49,2,select_coverage_CBA_M1,,exact,cmar,e,0,0.9932307692307693,0.9932680538555692,0.993230758976771,0.9865525470030932,11,,,,,,9
49,2,select_coverage_CBA_M1,,exact,top_k_avg,e,0,0.9975384615384616,0.9975520195838432,0.9975384382337348,0.9950889652824813,4,,,,,,9
49,2,select_coverage_CBA_M1,,exact,list,e,0,0.9975384615384616,0.9975520195838432,0.9975384382337348,0.9950889652824813,4,,,,,,9
63,1,select_coverage,1.0,DAC,list,e,0,0.9963076923076924,0.9963351197982346,0.9963057770826323,0.9926145756900112,6,,,,,,9
63,1,select_coverage,1.0,exact,majority,e,0,0.9993846153846154,0.9993990384615384,0.9993842786834248,0.998769315125506,1,,,,,,9
63,1,select_coverage,1.0,exact,cmar,e,0,0.9981538461538462,0.9981380044136192,0.9981527268593516,0.9963062106324498,3,,,,,,9
63,1,select_coverage,1.0,exact,top_k_avg,e,0,1.0,1.0,1.0,1.0,0,,,,,,9
63,1,select_coverage,1.0,exact,list,e,0,1.0,1.0,1.0,1.0,0,,,,,,9
63,1,select_coverage,2.0,DAC,list,e,0,0.9963076923076924,0.9963351197982346,0.9963057770826323,0.9926145756900112,6,,,,,,9
63,1,select_coverage,2.0,exact,majority,e,0,0.9993846153846154,0.9993990384615384,0.9993842786834248,0.998769315125506,1,,,,,,9
63,1,select_coverage,2.0,exact,cmar,e,0,0.9981538461538462,0.9981380044136192,0.9981527268593516,0.9963062106324498,3,,,,,,9
63,1,select_coverage,2.0,exact,top_k_avg,e,0,1.0,1.0,1.0,1.0,0,,,,,,9
63,1,select_coverage,2.0,exact,list,e,0,1.0,1.0,1.0,1.0,0,,,,,,9
63,1,select_coverage,3.0,DAC,list,e,0,0.9963076923076924,0.9963351197982346,0.9963057770826323,0.9926145756900112,6,,,,,,9
63,1,select_coverage,3.0,exact,majority,e,0,1.0,1.0,1.0,1.0,0,,,,,,9
63,1,select_coverage,3.0,exact,cmar,e,0,0.9981538461538462,0.9981380044136192,0.9981527268593516,0.9963062106324498,3,,,,,,9
63,1,select_coverage,3.0,exact,top_k_avg,e,0,0.9975384615384616,0.9974779319041612,0.9975367367294534,0.9950855789508932,4,,,,,,9
63,1,select_coverage,3.0,exact,list,e,0,1.0,1.0,1.0,1.0,0,,,,,,9
63,1,select_coverage,4.0,DAC,list,e,0,0.9963076923076924,0.9963351197982346,0.9963057770826323,0.9926145756900112,6,,,,,,9
63,1,select_coverage,4.0,exact,majority,e,0,0.9993846153846154,0.9993990384615384,0.9993842786834248,0.998769315125506,1,,,,,,9
63,1,select_coverage,4.0,exact,cmar,e,0,0.9981538461538462,0.9981380044136192,0.9981527268593516,0.9963062106324498,3,,,,,,9
63,1,select_coverage,4.0,exact,top_k_avg,e,0,0.9993846153846154,0.9993694829760404,0.9993842422864504,0.9987692424210908,1,,,,,,9
63,1,select_coverage,4.0,exact,list,e,0,1.0,1.0,1.0,1.0,0,,,,,,9
63,1,select_coverage_CBA_M1,,DAC,list,e,1,0.9950769230769232,0.9950740857503152,0.9950740857503152,0.9901481715006304,8,0.9944615384615384,0.9944435687263556,0.9944581805780544,0.9889171152665268,9.0,9
63,1,select_coverage_CBA_M1,,exact,majority,e,1,0.9987692307692309,0.9987389659520808,0.9987684467726484,0.9975399232583724,2,0.9981538461538462,0.9981084489281212,0.9981526120549736,0.9963120371995586,3.0,9
63,1,select_coverage_CBA_M1,,exact,cmar,e,1,0.9975384615384616,0.9974779319041612,0.9975367367294534,0.9950855789508932,4,0.9969230769230768,0.9968474148802018,0.9969208193917508,0.993860543237034,5.0,9
63,1,select_coverage_CBA_M1,,exact,top_k_avg,e,1,0.9981538461538462,0.9981380044136192,0.9981527268593516,0.9963062106324498,3,0.9975384615384616,0.9975074873896594,0.9975368935452968,0.9950768130654344,4.0,9
63,1,select_coverage_CBA_M1,,exact,list,e,1,0.9987692307692309,0.9987389659520808,0.9987684467726484,0.9975399232583724,2,0.9981538461538462,0.9981084489281212,0.9981526120549736,0.9963120371995586,3.0,9
63,2,select_coverage,1.0,exact,majority,e,0,0.9993846153846154,0.9993990384615384,0.9993842786834248,0.998769315125506,1,,,,,,9
63,2,select_coverage,1.0,exact,cmar,e,0,0.9981538461538462,0.9981380044136192,0.9981527268593516,0.9963062106324498,3,,,,,,9
63,2,select_coverage,1.0,exact,top_k_avg,e,0,1.0,1.0,1.0,1.0,0,,,,,,9
63,2,select_coverage,1.0,exact,list,e,0,1.0,1.0,1.0,1.0,0,,,,,,9
63,2,select_coverage,2.0,exact,majority,e,0,0.9993846153846154,0.9993990384615384,0.9993842786834248,0.998769315125506,1,,,,,,9
63,2,select_coverage,2.0,exact,cmar,e,0,0.9981538461538462,0.9981380044136192,0.9981527268593516,0.9963062106324498,3,,,,,,9
63,2,select_coverage,2.0,exact,top_k_avg,e,0,1.0,1.0,1.0,1.0,0,,,,,,9
63,2,select_coverage,2.0,exact,list,e,0,1.0,1.0,1.0,1.0,0,,,,,,9
63,2,select_coverage,3.0,exact,majority,e,0,1.0,1.0,1.0,1.0,0,,,,,,9
63,2,select_coverage,3.0,exact,cmar,e,0,0.9981538461538462,0.9981380044136192,0.9981527268593516,0.9963062106324498,3,,,,,,9
63,2,select_coverage,3.0,exact,top_k_avg,e,0,0.9975384615384616,0.9974779319041612,0.9975367367294534,0.9950855789508932,4,,,,,,9
63,2,select_coverage,3.0,exact,list,e,0,1.0,1.0,1.0,1.0,0,,,,,,9
63,2,select_coverage,4.0,exact,majority,e,0,0.9993846153846154,0.9993990384615384,0.9993842786834248,0.998769315125506,1,,,,,,9
63,2,select_coverage,4.0,exact,cmar,e,0,0.9981538461538462,0.9981380044136192,0.9981527268593516,0.9963062106324498,3,,,,,,9
63,2,select_coverage,4.0,exact,top_k_avg,e,0,0.9993846153846154,0.9993694829760404,0.9993842422864504,0.9987692424210908,1,,,,,,9
63,2,select_coverage,4.0,exact,list,e,0,1.0,1.0,1.0,1.0,0,,,,,,9
63,2,select_coverage_CBA_M1,,exact,majority,e,1,0.9987692307692309,0.9987389659520808,0.9987684467726484,0.9975399232583724,2,0.9981538461538462,0.9981084489281212,0.9981526120549736,0.9963120371995586,3.0,9
63,2,select_coverage_CBA_M1,,exact,cmar,e,1,0.9975384615384616,0.9974779319041612,0.9975367367294534,0.9950855789508932,4,0.9969230769230768,0.9968474148802018,0.9969208193917508,0.993860543237034,5.0,9
63,2,select_coverage_CBA_M1,,exact,top_k_avg,e,1,0.9981538461538462,0.9981380044136192,0.9981527268593516,0.9963062106324498,3,0.9975384615384616,0.9975074873896594,0.9975368935452968,0.9950768130654344,4.0,9
63,2,select_coverage_CBA_M1,,exact,list,e,1,0.9987692307692309,0.9987389659520808,0.9987684467726484,0.9975399232583724,2,0.9981538461538462,0.9981084489281212,0.9981526120549736,0.9963120371995586,3.0,9
64,1,select_coverage,1.0,DAC,list,e,0,0.9913846153846154,0.9911673122199438,0.9913575125439532,0.9827422256804444,14,,,,,,9
64,1,select_coverage,1.0,exact,majority,e,0,0.9969230769230768,0.99681780208096,0.9969140268777814,0.9938348892830898,5,,,,,,9
64,1,select_coverage,1.0,exact,cmar,e,0,0.9969230769230768,0.99681780208096,0.9969140268777814,0.9938348892830898,5,,,,,,9
64,1,select_coverage,1.0,exact,top_k_avg,e,0,0.9956923076923077,0.9954545454545456,0.9956784558391376,0.9913941019316506,7,,,,,,9
64,1,select_coverage,1.0,exact,list,e,0,1.0,1.0,1.0,1.0,0,,,,,,9
64,1,select_coverage,2.0,DAC,list,e,0,0.9913846153846154,0.9911673122199438,0.9913575125439532,0.9827422256804444,14,,,,,,9
64,1,select_coverage,2.0,exact,majority,e,0,0.9969230769230768,0.99681780208096,0.9969140268777814,0.9938348892830898,5,,,,,,9
64,1,select_coverage,2.0,exact,cmar,e,0,0.9981538461538462,0.9981165033796612,0.9981486608266884,0.9962980818966852,3,,,,,,9
64,1,select_coverage,2.0,exact,top_k_avg,e,0,0.9993846153846154,0.9993506493506494,0.9993828869422294,0.9987665350704577,1,,,,,,9
64,1,select_coverage,2.0,exact,list,e,0,1.0,1.0,1.0,1.0,0,,,,,,9
64,1,select_coverage,3.0,DAC,list,e,0,0.9913846153846154,0.9911673122199438,0.9913575125439532,0.9827422256804444,14,,,,,,9
64,1,select_coverage,3.0,exact,majority,e,0,0.9987692307692309,0.998765854029012,0.998765854029012,0.9975317080580238,2,,,,,,9
64,1,select_coverage,3.0,exact,cmar,e,0,0.9981538461538462,0.9981165033796612,0.9981486608266884,0.9962980818966852,3,,,,,,9
64,1,select_coverage,3.0,exact,top_k_avg,e,0,0.9993846153846154,0.9994152046783626,0.999382966612988,0.9987666942155664,1,,,,,,9
64,1,select_coverage,3.0,exact,list,e,0,1.0,1.0,1.0,1.0,0,,,,,,9
64,1,select_coverage,4.0,DAC,list,e,0,0.9913846153846154,0.9911673122199438,0.9913575125439532,0.9827422256804444,14,,,,,,9
64,1,select_coverage,4.0,exact,majority,e,0,0.9987692307692309,0.998765854029012,0.998765854029012,0.9975317080580238,2,,,,,,9
64,1,select_coverage,4.0,exact,cmar,e,0,0.9987692307692309,0.998765854029012,0.998765854029012,0.9975317080580238,2,,,,,,9
64,1,select_coverage,4.0,exact,top_k_avg,e,0,0.9987692307692309,0.998765854029012,0.998765854029012,0.9975317080580238,2,,,,,,9
64,1,select_coverage,4.0,exact,list,e,0,1.0,1.0,1.0,1.0,0,,,,,,9
64,1,select_coverage_CBA_M1,,DAC,list,e,0,0.9889230769230768,0.9885699096225412,0.9888850889192886,0.9778455902430172,18,,,,,,9
64,1,select_coverage_CBA_M1,,exact,majority,e,0,0.9950769230769232,0.9948051948051948,0.995060745234759,0.9901700423491904,8,,,,,,9
64,1,select_coverage_CBA_M1,,exact,cmar,e,0,0.9950769230769232,0.994869750132908,0.995061435739402,0.9901501740200538,8,,,,,,9
64,1,select_coverage_CBA_M1,,exact,top_k_avg,e,0,0.9944615384615384,0.9941558441558442,0.9944429435642448,0.9889473064282924,9,,,,,,9
64,1,select_coverage_CBA_M1,,exact,list,e,0,0.9981538461538462,0.998051948051948,0.9981484161266688,0.996303676269584,3,,,,,,9
64,2,select_coverage,1.0,exact,majority,e,0,0.9969230769230768,0.99681780208096,0.9969140268777814,0.9938348892830898,5,,,,,,9
64,2,select_coverage,1.0,exact,cmar,e,0,0.9969230769230768,0.99681780208096,0.9969140268777814,0.9938348892830898,5,,,,,,9
64,2,select_coverage,1.0,exact,top_k_avg,e,0,0.9956923076923077,0.9954545454545456,0.9956784558391376,0.9913941019316506,7,,,,,,9
64,2,select_coverage,1.0,exact,list,e,0,1.0,1.0,1.0,1.0,0,,,,,,9
64,2,select_coverage,2.0,exact,majority,e,0,0.9969230769230768,0.99681780208096,0.9969140268777814,0.9938348892830898,5,,,,,,9
64,2,select_coverage,2.0,exact,cmar,e,0,0.9981538461538462,0.9981165033796612,0.9981486608266884,0.9962980818966852,3,,,,,,9
64,2,select_coverage,2.0,exact,top_k_avg,e,0,0.9993846153846154,0.9993506493506494,0.9993828869422294,0.9987665350704577,1,,,,,,9
64,2,select_coverage,2.0,exact,list,e,0,1.0,1.0,1.0,1.0,0,,,,,,9
64,2,select_coverage,3.0,exact,majority,e,0,0.9987692307692309,0.998765854029012,0.998765854029012,0.9975317080580238,2,,,,,,9
64,2,select_coverage,3.0,exact,cmar,e,0,0.9981538461538462,0.9981165033796612,0.9981486608266884,0.9962980818966852,3,,,,,,9
64,2,select_coverage,3.0,exact,top_k_avg,e,0,0.9993846153846154,0.9994152046783626,0.999382966612988,0.9987666942155664,1,,,,,,9
64,2,select_coverage,3.0,exact,list,e,0,1.0,1.0,1.0,1.0,0,,,,,,9
64,2,select_coverage,4.0,exact,majority,e,0,0.9987692307692309,0.998765854029012,0.998765854029012,0.9975317080580238,2,,,,,,9
64,2,select_coverage,4.0,exact,cmar,e,0,0.9987692307692309,0.998765854029012,0.998765854029012,0.9975317080580238,2,,,,,,9
64,2,select_coverage,4.0,exact,top_k_avg,e,0,0.9987692307692309,0.998765854029012,0.998765854029012,0.9975317080580238,2,,,,,,9
64,2,select_coverage,4.0,exact,list,e,0,1.0,1.0,1.0,1.0,0,,,,,,9
64,2,select_coverage_CBA_M1,,exact,majority,e,0,0.9950769230769232,0.9948051948051948,0.995060745234759,0.9901700423491904,8,,,,,,9
64,2,select_coverage_CBA_M1,,exact,cmar,e,0,0.9950769230769232,0.994869750132908,0.995061435739402,0.9901501740200538,8,,,,,,9
64,2,select_coverage_CBA_M1,,exact,top_k_avg,e,0,0.9944615384615384,0.9941558441558442,0.9944429435642448,0.9889473064282924,9,,,,,,9
64,2,select_coverage_CBA_M1,,exact,list,e,0,0.9981538461538462,0.998051948051948,0.9981484161266688,0.996303676269584,3,,,,,,9
65,1,select_coverage,1.0,DAC,list,e,0,0.9963076923076924,0.9963599973273238,0.9962989450285152,0.9926009227264996,6,,,,,,9
65,1,select_coverage,1.0,exact,majority,e,0,0.9987692307692309,0.9987046632124352,0.9987660114757136,0.997535064643578,2,,,,,,9
65,1,select_coverage,1.0,exact,cmar,e,0,0.9987692307692309,0.9987046632124352,0.9987660114757136,0.997535064643578,2,,,,,,9
65,1,select_coverage,1.0,exact,top_k_avg,e,0,0.9993846153846154,0.9993523316062176,0.9993830443892916,0.998766849576461,1,,,,,,9
65,1,select_coverage,1.0,exact,list,e,0,1.0,1.0,1.0,1.0,0,,,,,,9
65,1,select_coverage,2.0,DAC,list,e,0,0.9963076923076924,0.9963599973273238,0.9962989450285152,0.9926009227264996,6,,,,,,9
65,1,select_coverage,2.0,exact,majority,e,0,0.9987692307692309,0.9987046632124352,0.9987660114757136,0.997535064643578,2,,,,,,9
65,1,select_coverage,2.0,exact,cmar,e,0,0.9987692307692309,0.9987046632124352,0.9987660114757136,0.997535064643578,2,,,,,,9
65,1,select_coverage,2.0,exact,top_k_avg,e,0,0.9987692307692309,0.9987046632124352,0.9987660114757136,0.997535064643578,2,,,,,,9
65,1,select_coverage,2.0,exact,list,e,0,1.0,1.0,1.0,1.0,0,,,,,,9
65,1,select_coverage,3.0,DAC,list,e,0,0.9963076923076924,0.9963599973273238,0.9962989450285152,0.9926009227264996,6,,,,,,9
65,1,select_coverage,3.0,exact,majority,e,0,0.9969230769230768,0.9969461637986016,0.9969156013628298,0.9938319614539785,5,,,,,,9
65,1,select_coverage,3.0,exact,cmar,e,0,0.9987692307692309,0.9987046632124352,0.9987660114757136,0.997535064643578,2,,,,,,9
65,1,select_coverage,3.0,exact,top_k_avg,e,0,1.0,1.0,1.0,1.0,0,,,,,,9
65,1,select_coverage,3.0,exact,list,e,0,1.0,1.0,1.0,1.0,0,,,,,,9
65,1,select_coverage,4.0,DAC,list,e,0,0.9963076923076924,0.9963599973273238,0.9962989450285152,0.9926009227264996,6,,,,,,9
65,1,select_coverage,4.0,exact,majority,e,0,0.9987692307692309,0.9987046632124352,0.9987660114757136,0.997535064643578,2,,,,,,9
65,1,select_coverage,4.0,exact,cmar,e,0,0.9987692307692309,0.9987046632124352,0.9987660114757136,0.997535064643578,2,,,,,,9
65,1,select_coverage,4.0,exact,top_k_avg,e,0,1.0,1.0,1.0,1.0,0,,,,,,9
65,1,select_coverage,4.0,exact,list,e,0,1.0,1.0,1.0,1.0,0,,,,,,9
65,1,select_coverage_CBA_M1,,DAC,list,e,2,0.9963076923076924,0.9963599973273238,0.9962989450285152,0.9926009227264996,6,0.9950769230769232,0.9950646605397592,0.9950646605397592,0.9901293210795182,8.0,9
65,1,select_coverage_CBA_M1,,exact,majority,e,2,0.9987692307692309,0.9987046632124352,0.9987660114757136,0.997535064643578,2,0.9975384615384616,0.9974093264248703,0.9975317080580238,0.9950755709624712,4.0,9
65,1,select_coverage_CBA_M1,,exact,cmar,e,2,0.9987692307692309,0.9987046632124352,0.9987660114757136,0.997535064643578,2,0.9975384615384616,0.9974093264248703,0.9975317080580238,0.9950755709624712,4.0,9
65,1,select_coverage_CBA_M1,,exact,top_k_avg,e,2,1.0,1.0,1.0,1.0,0,0.9987692307692309,0.9987046632124352,0.9987660114757136,0.997535064643578,2.0,9
65,1,select_coverage_CBA_M1,,exact,list,e,2,1.0,1.0,1.0,1.0,0,0.9987692307692309,0.9987046632124352,0.9987660114757136,0.997535064643578,2.0,9
65,2,select_coverage,1.0,exact,majority,e,0,0.9987692307692309,0.9987046632124352,0.9987660114757136,0.997535064643578,2,,,,,,9
65,2,select_coverage,1.0,exact,cmar,e,0,0.9987692307692309,0.9987046632124352,0.9987660114757136,0.997535064643578,2,,,,,,9
65,2,select_coverage,1.0,exact,top_k_avg,e,0,0.9993846153846154,0.9993523316062176,0.9993830443892916,0.998766849576461,1,,,,,,9
65,2,select_coverage,1.0,exact,list,e,0,1.0,1.0,1.0,1.0,0,,,,,,9
65,2,select_coverage,2.0,exact,majority,e,0,0.9987692307692309,0.9987046632124352,0.9987660114757136,0.997535064643578,2,,,,,,9
65,2,select_coverage,2.0,exact,cmar,e,0,0.9987692307692309,0.9987046632124352,0.9987660114757136,0.997535064643578,2,,,,,,9
65,2,select_coverage,2.0,exact,top_k_avg,e,0,0.9987692307692309,0.9987046632124352,0.9987660114757136,0.997535064643578,2,,,,,,9
65,2,select_coverage,2.0,exact,list,e,0,1.0,1.0,1.0,1.0,0,,,,,,9
65,2,select_coverage,3.0,exact,majority,e,0,0.9969230769230768,0.9969461637986016,0.9969156013628298,0.9938319614539785,5,,,,,,9
65,2,select_coverage,3.0,exact,cmar,e,0,0.9987692307692309,0.9987046632124352,0.9987660114757136,0.997535064643578,2,,,,,,9
65,2,select_coverage,3.0,exact,top_k_avg,e,0,1.0,1.0,1.0,1.0,0,,,,,,9
65,2,select_coverage,3.0,exact,list,e,0,1.0,1.0,1.0,1.0,0,,,,,,9
65,2,select_coverage,4.0,exact,majority,e,0,0.9987692307692309,0.9987046632124352,0.9987660114757136,0.997535064643578,2,,,,,,9
65,2,select_coverage,4.0,exact,cmar,e,0,0.9987692307692309,0.9987046632124352,0.9987660114757136,0.997535064643578,2,,,,,,9
65,2,select_coverage,4.0,exact,top_k_avg,e,0,1.0,1.0,1.0,1.0,0,,,,,,9
65,2,select_coverage,4.0,exact,list,e,0,1.0,1.0,1.0,1.0,0,,,,,,9
65,2,select_coverage_CBA_M1,,exact,majority,e,2,0.9987692307692309,0.9987046632124352,0.9987660114757136,0.997535064643578,2,0.9975384615384616,0.9974093264248703,0.9975317080580238,0.9950755709624712,4.0,9
65,2,select_coverage_CBA_M1,,exact,cmar,e,2,0.9987692307692309,0.9987046632124352,0.9987660114757136,0.997535064643578,2,0.9975384615384616,0.9974093264248703,0.9975317080580238,0.9950755709624712,4.0,9
65,2,select_coverage_CBA_M1,,exact,top_k_avg,e,2,1.0,1.0,1.0,1.0,0,0.9987692307692309,0.9987046632124352,0.9987660114757136,0.997535064643578,2.0,9
65,2,select_coverage_CBA_M1,,exact,list,e,2,1.0,1.0,1.0,1.0,0,0.9987692307692309,0.9987046632124352,0.9987660114757136,0.997535064643578,2.0,9
68,1,select_coverage,1.0,DAC,list,e,0,0.9926153846153846,0.9925733875048096,0.9926141511349208,0.9853035103871874,12,,,,,,9
68,1,select_coverage,1.0,exact,majority,e,0,0.9993846153846154,0.9993887530562346,0.9993845920792268,0.9987699411463972,1,,,,,,9
68,1,select_coverage,1.0,exact,cmar,e,0,0.9993846153846154,0.9993887530562346,0.9993845920792268,0.9987699411463972,1,,,,,,9
68,1,select_coverage,1.0,exact,top_k_avg,e,0,0.9981538461538462,0.9981412639405204,0.9981537091131782,0.996314223241464,3,,,,,,9
68,1,select_coverage,1.0,exact,list,e,0,1.0,1.0,1.0,1.0,0,,,,,,9
68,1,select_coverage,2.0,DAC,list,e,0,0.9926153846153846,0.9925733875048096,0.9926141511349208,0.9853035103871874,12,,,,,,9
68,1,select_coverage,2.0,exact,majority,e,0,1.0,1.0,1.0,1.0,0,,,,,,9
68,1,select_coverage,2.0,exact,cmar,e,0,1.0,1.0,1.0,1.0,0,,,,,,9
68,1,select_coverage,2.0,exact,top_k_avg,e,0,1.0,1.0,1.0,1.0,0,,,,,,9
68,1,select_coverage,2.0,exact,list,e,0,1.0,1.0,1.0,1.0,0,,,,,,9
68,1,select_coverage,3.0,DAC,list,e,0,0.9926153846153846,0.9925733875048096,0.9926141511349208,0.9853035103871874,12,,,,,,9
68,1,select_coverage,3.0,exact,majority,e,0,1.0,1.0,1.0,1.0,0,,,,,,9
68,1,select_coverage,3.0,exact,cmar,e,0,1.0,1.0,1.0,1.0,0,,,,,,9
68,1,select_coverage,3.0,exact,top_k_avg,e,0,1.0,1.0,1.0,1.0,0,,,,,,9
68,1,select_coverage,3.0,exact,list,e,0,1.0,1.0,1.0,1.0,0,,,,,,9
68,1,select_coverage,4.0,DAC,list,e,0,0.9926153846153846,0.9925733875048096,0.9926141511349208,0.9853035103871874,12,,,,,,9
68,1,select_coverage,4.0,exact,majority,e,0,1.0,1.0,1.0,1.0,0,,,,,,9
68,1,select_coverage,4.0,exact,cmar,e,0,0.9993846153846154,0.9993804213135068,0.9993845818242963,0.9987699206617496,1,,,,,,9
68,1,select_coverage,4.0,exact,top_k_avg,e,0,1.0,1.0,1.0,1.0,0,,,,,,9
68,1,select_coverage,4.0,exact,list,e,0,1.0,1.0,1.0,1.0,0,,,,,,9
68,1,select_coverage_CBA_M1,,DAC,list,e,0,0.9926153846153846,0.9925733875048096,0.9926141511349208,0.9853035103871874,12,,,,,,9
68,1,select_coverage_CBA_M1,,exact,majority,e,0,0.9987692307692309,0.9987608426270136,0.9987691519949584,0.9975413302384496,2,,,,,,9
68,1,select_coverage_CBA_M1,,exact,cmar,e,0,0.9969230769230768,0.996902106567534,0.9969227785964764,0.9938644376710416,5,,,,,,9
68,1,select_coverage_CBA_M1,,exact,top_k_avg,e,0,0.9981538461538462,0.9981412639405204,0.9981537091131782,0.996314223241464,3,,,,,,9
68,1,select_coverage_CBA_M1,,exact,list,e,0,0.9987692307692309,0.9987608426270136,0.9987691519949584,0.9975413302384496,2,,,,,,9
68,2,select_coverage,1.0,exact,majority,e,0,0.9993846153846154,0.9993887530562346,0.9993845920792268,0.9987699411463972,1,,,,,,9
68,2,select_coverage,1.0,exact,cmar,e,0,0.9993846153846154,0.9993887530562346,0.9993845920792268,0.9987699411463972,1,,,,,,9
68,2,select_coverage,1.0,exact,top_k_avg,e,0,0.9981538461538462,0.9981412639405204,0.9981537091131782,0.996314223241464,3,,,,,,9
68,2,select_coverage,1.0,exact,list,e,0,1.0,1.0,1.0,1.0,0,,,,,,9
68,2,select_coverage,2.0,exact,majority,e,0,1.0,1.0,1.0,1.0,0,,,,,,9
68,2,select_coverage,2.0,exact,cmar,e,0,1.0,1.0,1.0,1.0,0,,,,,,9
68,2,select_coverage,2.0,exact,top_k_avg,e,0,1.0,1.0,1.0,1.0,0,,,,,,9
68,2,select_coverage,2.0,exact,list,e,0,1.0,1.0,1.0,1.0,0,,,,,,9
68,2,select_coverage,3.0,exact,majority,e,0,1.0,1.0,1.0,1.0,0,,,,,,9
68,2,select_coverage,3.0,exact,cmar,e,0,1.0,1.0,1.0,1.0,0,,,,,,9
68,2,select_coverage,3.0,exact,top_k_avg,e,0,1.0,1.0,1.0,1.0,0,,,,,,9
68,2,select_coverage,3.0,exact,list,e,0,1.0,1.0,1.0,1.0,0,,,,,,9
68,2,select_coverage,4.0,exact,majority,e,0,1.0,1.0,1.0,1.0,0,,,,,,9
68,2,select_coverage,4.0,exact,cmar,e,0,0.9993846153846154,0.9993804213135068,0.9993845818242963,0.9987699206617496,1,,,,,,9
68,2,select_coverage,4.0,exact,top_k_avg,e,0,1.0,1.0,1.0,1.0,0,,,,,,9
68,2,select_coverage,4.0,exact,list,e,0,1.0,1.0,1.0,1.0,0,,,,,,9
68,2,select_coverage_CBA_M1,,exact,majority,e,0,0.9987692307692309,0.9987608426270136,0.9987691519949584,0.9975413302384496,2,,,,,,9
68,2,select_coverage_CBA_M1,,exact,cmar,e,0,0.9987692307692309,0.9987608426270136,0.9987691519949584,0.9975413302384496,2,,,,,,9
68,2,select_coverage_CBA_M1,,exact,top_k_avg,e,0,0.9981538461538462,0.9981412639405204,0.9981537091131782,0.996314223241464,3,,,,,,9
68,2,select_coverage_CBA_M1,,exact,list,e,0,0.9987692307692309,0.9987608426270136,0.9987691519949584,0.9975413302384496,2,,,,,,9
74,1,select_coverage,1.0,DAC,list,e,0,0.9901538461538462,0.9899874843554444,0.9901469469178136,0.9804861633770589,16,,,,,,9
74,1,select_coverage,1.0,exact,majority,e,0,0.9969230769230768,0.9969119995636192,0.996922163115127,0.9938450817437114,5,,,,,,9
74,1,select_coverage,1.0,exact,cmar,e,0,0.9956923076923077,0.9956195244055068,0.9956904210657522,0.9914178276110628,7,,,,,,9
74,1,select_coverage,1.0,exact,top_k_avg,e,0,0.9981538461538462,0.9981226533166458,0.9981532167176506,0.9963132420739192,3,,,,,,9
74,1,select_coverage,1.0,exact,list,e,0,0.9987692307692309,0.9987893462469734,0.9987689393939394,0.9975409060806474,2,,,,,,9
74,1,select_coverage,2.0,DAC,list,e,0,0.9901538461538462,0.9899874843554444,0.9901469469178136,0.9804861633770589,16,,,,,,9
74,1,select_coverage,2.0,exact,majority,e,0,0.9981538461538462,0.9981635640191886,0.998153373417441,0.9963075032198516,3,,,,,,9
74,1,select_coverage,2.0,exact,cmar,e,0,0.9975384615384616,0.9974968710888612,0.99753756538711,0.995087228142845,4,,,,,,9
74,1,select_coverage,2.0,exact,top_k_avg,e,0,1.0,1.0,1.0,1.0,0,,,,,,9
74,1,select_coverage,2.0,exact,list,e,0,1.0,1.0,1.0,1.0,0,,,,,,9
74,1,select_coverage,3.0,DAC,list,e,0,0.9901538461538462,0.9899874843554444,0.9901469469178136,0.9804861633770589,16,,,,,,9
74,1,select_coverage,3.0,exact,majority,e,0,0.9981538461538462,0.9981635640191886,0.998153373417441,0.9963075032198516,3,,,,,,9
74,1,select_coverage,3.0,exact,cmar,e,0,0.9963076923076924,0.9962453066332916,0.99630616896303,0.9926395262310964,6,,,,,,9
74,1,select_coverage,3.0,exact,top_k_avg,e,0,0.9987692307692309,0.9987893462469734,0.9987689393939394,0.9975409060806474,2,,,,,,9
74,1,select_coverage,3.0,exact,list,e,0,1.0,1.0,1.0,1.0,0,,,,,,9
74,1,select_coverage,4.0,DAC,list,e,0,0.9901538461538462,0.9899874843554444,0.9901469469178136,0.9804861633770589,16,,,,,,9
74,1,select_coverage,4.0,exact,majority,e,0,0.9975384615384616,0.997537781791404,0.997537781791404,0.9950755635828078,4,,,,,,9
74,1,select_coverage,4.0,exact,cmar,e,0,0.9963076923076924,0.9962453066332916,0.99630616896303,0.9926395262310964,6,,,,,,9
74,1,select_coverage,4.0,exact,top_k_avg,e,0,0.9981538461538462,0.9981635640191886,0.998153373417441,0.9963075032198516,3,,,,,,9
74,1,select_coverage,4.0,exact,list,e,0,1.0,1.0,1.0,1.0,0,,,,,,9
74,1,select_coverage_CBA_M1,,DAC,list,e,3,0.9901538461538462,0.9899874843554444,0.9901469469178136,0.9804861633770589,16,0.9883076923076924,0.98811013767209,0.9882983154501274,0.97686731968946,19.0,9
74,1,select_coverage_CBA_M1,,exact,majority,e,3,0.9938461538461538,0.9937421777221528,0.9938429618043874,0.9877612776492108,10,0.992,0.9918648310387984,0.9919951497238564,0.9841174363748416,13.0,9
74,1,select_coverage_CBA_M1,,exact,cmar,e,3,0.9938461538461538,0.9937421777221528,0.9938429618043874,0.9877612776492108,10,0.992,0.9918648310387984,0.9919951497238564,0.9841174363748416,13.0,9
74,1,select_coverage_CBA_M1,,exact,top_k_avg,e,3,0.9926153846153846,0.9924906132665832,0.9926111286254728,0.9853306467538968,12,0.9907692307692308,0.990613266583229,0.9907630602748686,0.9816951998420784,15.0,9
74,1,select_coverage_CBA_M1,,exact,list,e,3,0.9938461538461538,0.9937421777221528,0.9938429618043874,0.9877612776492108,10,0.992,0.9918648310387984,0.9919951497238564,0.9841174363748416,13.0,9
74,2,select_coverage,1.0,exact,majority,e,0,0.9969230769230768,0.9969119995636192,0.996922163115127,0.9938450817437114,5,,,,,,9
74,2,select_coverage,1.0,exact,cmar,e,0,0.9956923076923077,0.9956195244055068,0.9956904210657522,0.9914178276110628,7,,,,,,9
74,2,select_coverage,1.0,exact,top_k_avg,e,0,0.9981538461538462,0.9981226533166458,0.9981532167176506,0.9963132420739192,3,,,,,,9
74,2,select_coverage,1.0,exact,list,e,0,0.9987692307692309,0.9987893462469734,0.9987689393939394,0.9975409060806474,2,,,,,,9
74,2,select_coverage,2.0,exact,majority,e,0,0.9981538461538462,0.9981635640191886,0.998153373417441,0.9963075032198516,3,,,,,,9
74,2,select_coverage,2.0,exact,cmar,e,0,0.9975384615384616,0.9974968710888612,0.99753756538711,0.995087228142845,4,,,,,,9
74,2,select_coverage,2.0,exact,top_k_avg,e,0,1.0,1.0,1.0,1.0,0,,,,,,9
74,2,select_coverage,2.0,exact,list,e,0,1.0,1.0,1.0,1.0,0,,,,,,9
74,2,select_coverage,3.0,exact,majority,e,0,0.9981538461538462,0.9981635640191886,0.998153373417441,0.9963075032198516,3,,,,,,9
74,2,select_coverage,3.0,exact,cmar,e,0,0.9963076923076924,0.9962453066332916,0.99630616896303,0.9926395262310964,6,,,,,,9
74,2,select_coverage,3.0,exact,top_k_avg,e,0,0.9987692307692309,0.9987893462469734,0.9987689393939394,0.9975409060806474,2,,,,,,9
74,2,select_coverage,3.0,exact,list,e,0,1.0,1.0,1.0,1.0,0,,,,,,9
74,2,select_coverage,4.0,exact,majority,e,0,0.9975384615384616,0.997537781791404,0.997537781791404,0.9950755635828078,4,,,,,,9
74,2,select_coverage,4.0,exact,cmar,e,0,0.9963076923076924,0.9962453066332916,0.99630616896303,0.9926395262310964,6,,,,,,9
74,2,select_coverage,4.0,exact,top_k_avg,e,0,0.9981538461538462,0.9981635640191886,0.998153373417441,0.9963075032198516,3,,,,,,9
74,2,select_coverage,4.0,exact,list,e,0,1.0,1.0,1.0,1.0,0,,,,,,9
74,2,select_coverage_CBA_M1,,exact,majority,e,3,0.9938461538461538,0.9937421777221528,0.9938429618043874,0.9877612776492108,10,0.992,0.9918648310387984,0.9919951497238564,0.9841174363748416,13.0,9
74,2,select_coverage_CBA_M1,,exact,cmar,e,3,0.9938461538461538,0.9937421777221528,0.9938429618043874,0.9877612776492108,10,0.992,0.9918648310387984,0.9919951497238564,0.9841174363748416,13.0,9
74,2,select_coverage_CBA_M1,,exact,top_k_avg,e,3,0.9944615384615384,0.9943679599499374,0.994458818889195,0.9889787085841084,9,0.9926153846153846,0.9924906132665832,0.9926111286254728,0.9853306467538968,12.0,9
74,2,select_coverage_CBA_M1,,exact,list,e,3,0.9956923076923077,0.9956195244055068,0.9956904210657522,0.9914178276110628,7,0.9938461538461538,0.9937421777221528,0.9938429618043874,0.9877612776492108,10.0,9
76,1,select_coverage,1.0,DAC,list,e,0,0.9895384615384616,0.9890885750962772,0.9895104324207948,0.9792386364626616,17,,,,,,9
76,1,select_coverage,1.0,exact,majority,e,0,0.9975384615384616,0.9975342698555764,0.9975342698555764,0.9950685397111528,4,,,,,,9
76,1,select_coverage,1.0,exact,cmar,e,0,0.9944615384615384,0.9942741952615496,0.9944500292013848,0.9889371186675124,9,,,,,,9
76,1,select_coverage,1.0,exact,top_k_avg,e,0,0.9981538461538462,0.9980744544287548,0.9981504140227072,0.9963076573272062,3,,,,,,9
76,1,select_coverage,1.0,exact,list,e,0,1.0,1.0,1.0,1.0,0,,,,,,9
76,1,select_coverage,2.0,DAC,list,e,0,0.9895384615384616,0.9890885750962772,0.9895104324207948,0.9792386364626616,17,,,,,,9
76,1,select_coverage,2.0,exact,majority,e,0,0.9981538461538462,0.998176118379325,0.9981507956889072,0.9963023498720358,3,,,,,,9
76,1,select_coverage,2.0,exact,cmar,e,0,0.9932307692307693,0.9929904982140528,0.9932159300210373,0.9864930613789732,11,,,,,,9
76,1,select_coverage,2.0,exact,top_k_avg,e,0,0.9993846153846154,0.9993581514762516,0.9993835358939543,0.9987678313748192,1,,,,,,9
76,1,select_coverage,2.0,exact,list,e,0,1.0,1.0,1.0,1.0,0,,,,,,9
76,1,select_coverage,3.0,DAC,list,e,0,0.9895384615384616,0.9890885750962772,0.9895104324207948,0.9792386364626616,17,,,,,,9
76,1,select_coverage,3.0,exact,majority,e,0,1.0,1.0,1.0,1.0,0,,,,,,9
76,1,select_coverage,3.0,exact,cmar,e,0,0.9926153846153846,0.9922978177150192,0.9925978900570304,0.9853045555067456,12,,,,,,9
76,1,select_coverage,3.0,exact,top_k_avg,e,0,1.0,1.0,1.0,1.0,0,,,,,,9
76,1,select_coverage,3.0,exact,list,e,0,1.0,1.0,1.0,1.0,0,,,,,,9
76,1,select_coverage,4.0,DAC,list,e,0,0.9895384615384616,0.9890885750962772,0.9895104324207948,0.9792386364626616,17,,,,,,9
76,1,select_coverage,4.0,exact,majority,e,0,0.9993846153846154,0.9993581514762516,0.9993835358939543,0.9987678313748192,1,,,,,,9
76,1,select_coverage,4.0,exact,cmar,e,0,0.9926153846153846,0.9922978177150192,0.9925978900570304,0.9853045555067456,12,,,,,,9
76,1,select_coverage,4.0,exact,top_k_avg,e,0,1.0,1.0,1.0,1.0,0,,,,,,9
76,1,select_coverage,4.0,exact,list,e,0,1.0,1.0,1.0,1.0,0,,,,,,9
76,1,select_coverage_CBA_M1,,DAC,list,e,17,0.9895384615384616,0.9890885750962772,0.9895104324207948,0.9792386364626616,17,0.9790769230769232,0.9781771501925546,0.9789957816686587,0.9588556971047468,34.0,9
76,1,select_coverage_CBA_M1,,exact,majority,e,17,0.9944615384615384,0.9942233632862644,0.9944493972899396,0.9889600720896446,9,0.984,0.9833119383825416,0.9839474220129668,0.9684020459712764,26.0,9
76,1,select_coverage_CBA_M1,,exact,cmar,e,17,0.9913846153846154,0.9910141206675224,0.9913631559445784,0.982874221393945,14,0.9809230769230768,0.9801026957637996,0.9808534405464646,0.962426239222199,31.0,9
76,1,select_coverage_CBA_M1,,exact,top_k_avg,e,17,0.9969230769230768,0.9968415893565432,0.996917356704512,0.993841534238632,5,0.9864615384615384,0.9859301644528204,0.986422620711447,0.973145841412674,22.0,9
76,1,select_coverage_CBA_M1,,exact,list,e,17,0.9975384615384616,0.9974326059050064,0.99753375342998,0.9950796416198056,4,0.9870769230769232,0.9865211810012836,0.987038912886682,0.974409493942284,21.0,9
76,2,select_coverage,1.0,exact,majority,e,0,0.9975384615384616,0.9975342698555764,0.9975342698555764,0.9950685397111528,4,,,,,,9
76,2,select_coverage,1.0,exact,cmar,e,0,0.9944615384615384,0.9942741952615496,0.9944500292013848,0.9889371186675124,9,,,,,,9
76,2,select_coverage,1.0,exact,top_k_avg,e,0,0.9981538461538462,0.9980744544287548,0.9981504140227072,0.9963076573272062,3,,,,,,9
76,2,select_coverage,1.0,exact,list,e,0,1.0,1.0,1.0,1.0,0,,,,,,9
76,2,select_coverage,2.0,exact,majority,e,0,0.9981538461538462,0.998176118379325,0.9981507956889072,0.9963023498720358,3,,,,,,9
76,2,select_coverage,2.0,exact,cmar,e,0,0.9932307692307693,0.9929904982140528,0.9932159300210373,0.9864930613789732,11,,,,,,9
76,2,select_coverage,2.0,exact,top_k_avg,e,0,0.9993846153846154,0.9993581514762516,0.9993835358939543,0.9987678313748192,1,,,,,,9
76,2,select_coverage,2.0,exact,list,e,0,1.0,1.0,1.0,1.0,0,,,,,,9
76,2,select_coverage,3.0,exact,majority,e,0,1.0,1.0,1.0,1.0,0,,,,,,9
76,2,select_coverage,3.0,exact,cmar,e,0,0.9926153846153846,0.9922978177150192,0.9925978900570304,0.9853045555067456,12,,,,,,9
76,2,select_coverage,3.0,exact,top_k_avg,e,0,1.0,1.0,1.0,1.0,0,,,,,,9
76,2,select_coverage,3.0,exact,list,e,0,1.0,1.0,1.0,1.0,0,,,,,,9
76,2,select_coverage,4.0,exact,majority,e,0,0.9993846153846154,0.9993581514762516,0.9993835358939543,0.9987678313748192,1,,,,,,9
76,2,select_coverage,4.0,exact,cmar,e,0,0.9926153846153846,0.9922978177150192,0.9925978900570304,0.9853045555067456,12,,,,,,9
76,2,select_coverage,4.0,exact,top_k_avg,e,0,1.0,1.0,1.0,1.0,0,,,,,,9
76,2,select_coverage,4.0,exact,list,e,0,1.0,1.0,1.0,1.0,0,,,,,,9
76,2,select_coverage_CBA_M1,,exact,majority,e,17,0.9963076923076924,0.9961489088575096,0.9963002258569816,0.9926277272543867,6,0.9858461538461538,0.985237483953787,0.985802603963875,0.9720026796584976,23.0,9
76,2,select_coverage_CBA_M1,,exact,cmar,e,17,0.9938461538461538,0.993581514762516,0.9938323055107686,0.987740224524004,10,0.9833846153846154,0.9826700898587932,0.983328830692734,0.9672043723384686,27.0,9
76,2,select_coverage_CBA_M1,,exact,top_k_avg,e,17,1.0,1.0,1.0,1.0,0,0.9895384615384616,0.9890885750962772,0.9895104324207948,0.9792386364626616,17.0,9
76,2,select_coverage_CBA_M1,,exact,list,e,17,1.0,1.0,1.0,1.0,0,0.9895384615384616,0.9890885750962772,0.9895104324207948,0.9792386364626616,17.0,9
100,1,select_coverage,1.0,DAC,list,e,0,0.9969230769230768,0.9969324549148906,0.9969222890290684,0.9938453335099704,5,,,,,,9
100,1,select_coverage,1.0,exact,majority,e,0,0.9981538461538462,0.9981635640191886,0.998153373417441,0.9963075032198516,3,,,,,,9
100,1,select_coverage,1.0,exact,cmar,e,0,0.9975384615384616,0.997537781791404,0.997537781791404,0.9950755635828078,4,,,,,,9
100,1,select_coverage,1.0,exact,top_k_avg,e,0,0.9975384615384616,0.9974968710888612,0.99753756538711,0.995087228142845,4,,,,,,9
100,1,select_coverage,1.0,exact,list,e,0,1.0,1.0,1.0,1.0,0,,,,,,9
100,1,select_coverage,2.0,DAC,list,e,0,0.9969230769230768,0.9969324549148906,0.9969222890290684,0.9938453335099704,5,,,,,,9
100,1,select_coverage,2.0,exact,majority,e,0,0.9975384615384616,0.997537781791404,0.997537781791404,0.9950755635828078,4,,,,,,9
100,1,select_coverage,2.0,exact,cmar,e,0,0.9975384615384616,0.997537781791404,0.997537781791404,0.9950755635828078,4,,,,,,9
100,1,select_coverage,2.0,exact,top_k_avg,e,0,0.9981538461538462,0.9981226533166458,0.9981532167176506,0.9963132420739192,3,,,,,,9
100,1,select_coverage,2.0,exact,list,e,0,1.0,1.0,1.0,1.0,0,,,,,,9
100,1,select_coverage,3.0,DAC,list,e,0,0.9969230769230768,0.9969324549148906,0.9969222890290684,0.9938453335099704,5,,,,,,9
100,1,select_coverage,3.0,exact,majority,e,0,0.9993846153846154,0.9993742177722152,0.9993844326230256,0.998769622626085,1,,,,,,9
100,1,select_coverage,3.0,exact,cmar,e,0,0.9975384615384616,0.997537781791404,0.997537781791404,0.9950755635828078,4,,,,,,9
100,1,select_coverage,3.0,exact,top_k_avg,e,0,0.9993846153846154,0.9993742177722152,0.9993844326230256,0.998769622626085,1,,,,,,9
100,1,select_coverage,3.0,exact,list,e,0,1.0,1.0,1.0,1.0,0,,,,,,9
100,1,select_coverage,4.0,DAC,list,e,0,0.9969230769230768,0.9969324549148906,0.9969222890290684,0.9938453335099704,5,,,,,,9
100,1,select_coverage,4.0,exact,majority,e,0,0.9987692307692309,0.9987484355444304,0.9987688386625572,0.99754070511271,2,,,,,,9
100,1,select_coverage,4.0,exact,cmar,e,0,0.9975384615384616,0.997537781791404,0.997537781791404,0.9950755635828078,4,,,,,,9
100,1,select_coverage,4.0,exact,top_k_avg,e,0,0.9993846153846154,0.9993742177722152,0.9993844326230256,0.998769622626085,1,,,,,,9
100,1,select_coverage,4.0,exact,list,e,0,1.0,1.0,1.0,1.0,0,,,,,,9
100,1,select_coverage_CBA_M1,,DAC,list,e,0,0.9969230769230768,0.9969324549148906,0.9969222890290684,0.9938453335099704,5,,,,,,9
100,1,select_coverage_CBA_M1,,exact,majority,e,0,0.9993846153846154,0.9993742177722152,0.9993844326230256,0.998769622626085,1,,,,,,9
100,1,select_coverage_CBA_M1,,exact,cmar,e,0,0.9987692307692309,0.9987484355444304,0.9987688386625572,0.99754070511271,2,,,,,,9
100,1,select_coverage_CBA_M1,,exact,top_k_avg,e,0,0.9944615384615384,0.9943679599499374,0.994458818889195,0.9889787085841084,9,,,,,,9
100,1,select_coverage_CBA_M1,,exact,list,e,0,0.9981538461538462,0.9981226533166458,0.9981532167176506,0.9963132420739192,3,,,,,,9
100,2,select_coverage,1.0,exact,majority,e,0,0.9981538461538462,0.9981635640191886,0.998153373417441,0.9963075032198516,3,,,,,,9
100,2,select_coverage,1.0,exact,cmar,e,0,0.9975384615384616,0.997537781791404,0.997537781791404,0.9950755635828078,4,,,,,,9
100,2,select_coverage,1.0,exact,top_k_avg,e,0,0.9975384615384616,0.9974968710888612,0.99753756538711,0.995087228142845,4,,,,,,9
100,2,select_coverage,1.0,exact,list,e,0,1.0,1.0,1.0,1.0,0,,,,,,9
100,2,select_coverage,2.0,exact,majority,e,0,0.9975384615384616,0.997537781791404,0.997537781791404,0.9950755635828078,4,,,,,,9
100,2,select_coverage,2.0,exact,cmar,e,0,0.9975384615384616,0.997537781791404,0.997537781791404,0.9950755635828078,4,,,,,,9
100,2,select_coverage,2.0,exact,top_k_avg,e,0,0.9981538461538462,0.9981226533166458,0.9981532167176506,0.9963132420739192,3,,,,,,9
100,2,select_coverage,2.0,exact,list,e,0,1.0,1.0,1.0,1.0,0,,,,,,9
100,2,select_coverage,3.0,exact,majority,e,0,0.9993846153846154,0.9993742177722152,0.9993844326230256,0.998769622626085,1,,,,,,9
100,2,select_coverage,3.0,exact,cmar,e,0,0.9975384615384616,0.997537781791404,0.997537781791404,0.9950755635828078,4,,,,,,9
100,2,select_coverage,3.0,exact,top_k_avg,e,0,0.9993846153846154,0.9993742177722152,0.9993844326230256,0.998769622626085,1,,,,,,9
100,2,select_coverage,3.0,exact,list,e,0,1.0,1.0,1.0,1.0,0,,,,,,9
100,2,select_coverage,4.0,exact,majority,e,0,0.9987692307692309,0.9987484355444304,0.9987688386625572,0.99754070511271,2,,,,,,9
100,2,select_coverage,4.0,exact,cmar,e,0,0.9975384615384616,0.997537781791404,0.997537781791404,0.9950755635828078,4,,,,,,9
100,2,select_coverage,4.0,exact,top_k_avg,e,0,0.9993846153846154,0.9993742177722152,0.9993844326230256,0.998769622626085,1,,,,,,9
100,2,select_coverage,4.0,exact,list,e,0,1.0,1.0,1.0,1.0,0,,,,,,9
100,2,select_coverage_CBA_M1,,exact,majority,e,0,0.9987692307692309,0.998768890895702,0.998768890895702,0.997537781791404,2,,,,,,9
100,2,select_coverage_CBA_M1,,exact,cmar,e,0,0.9981538461538462,0.9981431086679172,0.998153297869076,0.9963073521848984,3,,,,,,9
100,2,select_coverage_CBA_M1,,exact,top_k_avg,e,0,0.9944615384615384,0.9943679599499374,0.994458818889195,0.9889787085841084,9,,,,,,9
100,2,select_coverage_CBA_M1,,exact,list,e,0,0.9981538461538462,0.9981226533166458,0.9981532167176506,0.9963132420739192,3,,,,,,9
114,1,select_coverage,1.0,DAC,list,e,0,0.9932307692307693,0.99281045751634,0.993201842709466,0.9864954885561144,11,,,,,,9
114,1,select_coverage,1.0,exact,majority,e,0,0.9987692307692309,0.9986928104575163,0.9987648296453048,0.997532706804608,2,,,,,,9
114,1,select_coverage,1.0,exact,cmar,e,0,0.9987692307692309,0.9986928104575163,0.9987648296453048,0.997532706804608,2,,,,,,9
114,1,select_coverage,1.0,exact,top_k_avg,e,0,0.9993846153846154,0.9993464052287582,0.9993824601192745,0.998765682477202,1,,,,,,9
114,1,select_coverage,1.0,exact,list,e,0,1.0,1.0,1.0,1.0,0,,,,,,9
114,1,select_coverage,2.0,DAC,list,e,0,0.9932307692307693,0.99281045751634,0.993201842709466,0.9864954885561144,11,,,,,,9
114,1,select_coverage,2.0,exact,majority,e,0,1.0,1.0,1.0,1.0,0,,,,,,9
114,1,select_coverage,2.0,exact,cmar,e,0,0.9981538461538462,0.9980392156862744,0.998147107149658,0.996301067977826,3,,,,,,9
114,1,select_coverage,2.0,exact,top_k_avg,e,0,0.9993846153846154,0.9993464052287582,0.9993824601192745,0.998765682477202,1,,,,,,9
114,1,select_coverage,2.0,exact,list,e,0,1.0,1.0,1.0,1.0,0,,,,,,9
114,1,select_coverage,3.0,DAC,list,e,0,0.9926153846153846,0.992156862745098,0.9925832275967832,0.9852756587692943,12,,,,,,9
114,1,select_coverage,3.0,exact,majority,e,0,0.9993846153846154,0.9993464052287582,0.9993824601192745,0.998765682477202,1,,,,,,9
114,1,select_coverage,3.0,exact,cmar,e,0,0.9981538461538462,0.9980392156862744,0.998147107149658,0.996301067977826,3,,,,,,9
114,1,select_coverage,3.0,exact,top_k_avg,e,0,0.9993846153846154,0.9993464052287582,0.9993824601192745,0.998765682477202,1,,,,,,9
114,1,select_coverage,3.0,exact,list,e,0,1.0,1.0,1.0,1.0,0,,,,,,9
114,1,select_coverage,4.0,DAC,list,e,0,0.9926153846153846,0.992156862745098,0.9925832275967832,0.9852756587692943,12,,,,,,9
114,1,select_coverage,4.0,exact,majority,e,0,0.9987692307692309,0.9986928104575163,0.9987648296453048,0.997532706804608,2,,,,,,9
114,1,select_coverage,4.0,exact,cmar,e,0,0.9981538461538462,0.9980392156862744,0.998147107149658,0.996301067977826,3,,,,,,9
114,1,select_coverage,4.0,exact,top_k_avg,e,0,0.9993846153846154,0.9993464052287582,0.9993824601192745,0.998765682477202,1,,,,,,9
114,1,select_coverage,4.0,exact,list,e,0,1.0,1.0,1.0,1.0,0,,,,,,9
114,1,select_coverage_CBA_M1,,DAC,list,e,0,0.9932307692307693,0.99281045751634,0.993201842709466,0.9864954885561144,11,,,,,,9
114,1,select_coverage_CBA_M1,,exact,majority,e,0,0.9981538461538462,0.9980392156862744,0.998147107149658,0.996301067977826,3,,,,,,9
114,1,select_coverage_CBA_M1,,exact,cmar,e,0,0.9963076923076924,0.996078431372549,0.9962933732356456,0.992614122769498,6,,,,,,9
114,1,select_coverage_CBA_M1,,exact,top_k_avg,e,0,0.9993846153846154,0.9993464052287582,0.9993824601192745,0.998765682477202,1,,,,,,9
114,1,select_coverage_CBA_M1,,exact,list,e,0,0.9993846153846154,0.9993464052287582,0.9993824601192745,0.998765682477202,1,,,,,,9
114,2,select_coverage,1.0,exact,majority,e,0,0.9987692307692309,0.9986928104575163,0.9987648296453048,0.997532706804608,2,,,,,,9
114,2,select_coverage,1.0,exact,cmar,e,0,0.9987692307692309,0.9986928104575163,0.9987648296453048,0.997532706804608,2,,,,,,9
114,2,select_coverage,1.0,exact,top_k_avg,e,0,0.9993846153846154,0.9993464052287582,0.9993824601192745,0.998765682477202,1,,,,,,9
114,2,select_coverage,1.0,exact,list,e,0,1.0,1.0,1.0,1.0,0,,,,,,9
114,2,select_coverage,2.0,exact,majority,e,0,1.0,1.0,1.0,1.0,0,,,,,,9
114,2,select_coverage,2.0,exact,cmar,e,0,0.9981538461538462,0.9980392156862744,0.998147107149658,0.996301067977826,3,,,,,,9
114,2,select_coverage,2.0,exact,top_k_avg,e,0,0.9993846153846154,0.9993464052287582,0.9993824601192745,0.998765682477202,1,,,,,,9
114,2,select_coverage,2.0,exact,list,e,0,1.0,1.0,1.0,1.0,0,,,,,,9
114,2,select_coverage,3.0,exact,majority,e,0,0.9993846153846154,0.9993464052287582,0.9993824601192745,0.998765682477202,1,,,,,,9
114,2,select_coverage,3.0,exact,cmar,e,0,0.9981538461538462,0.9980392156862744,0.998147107149658,0.996301067977826,3,,,,,,9
114,2,select_coverage,3.0,exact,top_k_avg,e,0,0.9993846153846154,0.9993464052287582,0.9993824601192745,0.998765682477202,1,,,,,,9
114,2,select_coverage,3.0,exact,list,e,0,1.0,1.0,1.0,1.0,0,,,,,,9
114,2,select_coverage,4.0,exact,majority,e,0,0.9987692307692309,0.9986928104575163,0.9987648296453048,0.997532706804608,2,,,,,,9
114,2,select_coverage,4.0,exact,cmar,e,0,0.9981538461538462,0.9980392156862744,0.998147107149658,0.996301067977826,3,,,,,,9
114,2,select_coverage,4.0,exact,top_k_avg,e,0,0.9993846153846154,0.9993464052287582,0.9993824601192745,0.998765682477202,1,,,,,,9
114,2,select_coverage,4.0,exact,list,e,0,1.0,1.0,1.0,1.0,0,,,,,,9
114,2,select_coverage_CBA_M1,,exact,majority,e,0,0.9981538461538462,0.9980392156862744,0.998147107149658,0.996301067977826,3,,,,,,9
114,2,select_coverage_CBA_M1,,exact,cmar,e,0,0.9963076923076924,0.996078431372549,0.9962933732356456,0.992614122769498,6,,,,,,9
114,2,select_coverage_CBA_M1,,exact,top_k_avg,e,0,0.9993846153846154,0.9993464052287582,0.9993824601192745,0.998765682477202,1,,,,,,9
114,2,select_coverage_CBA_M1,,exact,list,e,0,0.9993846153846154,0.9993464052287582,0.9993824601192745,0.998765682477202,1,,,,,,9
133,1,select_coverage,1.0,DAC,list,e,0,0.9981538461538462,0.9981371336413354,0.9981526120549736,0.9963059811176048,3,,,,,,9
133,1,select_coverage,1.0,exact,majority,e,0,0.9975384615384616,0.9975990396158464,0.9975371847217548,0.9950864705434744,4,,,,,,9
133,1,select_coverage,1.0,exact,cmar,e,0,0.9969230769230768,0.9969366534492584,0.9969212114322524,0.9938431788438088,5,,,,,,9
133,1,select_coverage,1.0,exact,top_k_avg,e,0,0.9963076923076924,0.9962121212121212,0.9963046009423836,0.9926364131923952,6,,,,,,9
133,1,select_coverage,1.0,exact,list,e,0,1.0,1.0,1.0,1.0,0,,,,,,9
133,1,select_coverage,2.0,DAC,list,e,0,0.9981538461538462,0.9981371336413354,0.9981526120549736,0.9963059811176048,3,,,,,,9
133,1,select_coverage,2.0,exact,majority,e,0,0.9956923076923077,0.9957983193277312,0.9956904210657522,0.9914178276110628,7,,,,,,9
133,1,select_coverage,2.0,exact,cmar,e,0,0.9963076923076924,0.99633641335322,0.9963055643127364,0.9926141504969912,6,,,,,,9
133,1,select_coverage,2.0,exact,top_k_avg,e,0,0.9969230769230768,0.9968745073787092,0.9969208193917508,0.993848444345416,5,,,,,,9
133,1,select_coverage,2.0,exact,list,e,0,1.0,1.0,1.0,1.0,0,,,,,,9
133,1,select_coverage,3.0,DAC,list,e,0,0.9981538461538462,0.9981371336413354,0.9981526120549736,0.9963059811176048,3,,,,,,9
133,1,select_coverage,3.0,exact,majority,e,0,0.9987692307692309,0.9987995198079233,0.9987685214375788,0.9975400722213332,2,,,,,,9
133,1,select_coverage,3.0,exact,cmar,e,0,0.9981538461538462,0.9981371336413354,0.9981526120549736,0.9963059811176048,3,,,,,,9
133,1,select_coverage,3.0,exact,top_k_avg,e,0,0.9975384615384616,0.9975058205100222,0.9975367367294534,0.9950764998181116,4,,,,,,9
133,1,select_coverage,3.0,exact,list,e,0,1.0,1.0,1.0,1.0,0,,,,,,9
133,1,select_coverage,4.0,DAC,list,e,0,0.9981538461538462,0.9981371336413354,0.9981526120549736,0.9963059811176048,3,,,,,,9
133,1,select_coverage,4.0,exact,majority,e,0,0.9987692307692309,0.9987684467726484,0.9987684467726484,0.997536893545297,2,,,,,,9
133,1,select_coverage,4.0,exact,cmar,e,0,0.9975384615384616,0.9975368935452968,0.9975368935452968,0.9950737870905938,4,,,,,,9
133,1,select_coverage,4.0,exact,top_k_avg,e,0,0.9993846153846154,0.9993686868686869,0.9993842040183244,0.9987691659789816,1,,,,,,9
133,1,select_coverage,4.0,exact,list,e,0,1.0,1.0,1.0,1.0,0,,,,,,9
133,1,select_coverage_CBA_M1,,DAC,list,e,0,0.9981538461538462,0.9981371336413354,0.9981526120549736,0.9963059811176048,3,,,,,,9
133,1,select_coverage_CBA_M1,,exact,majority,e,0,0.9993846153846154,0.9993997599039616,0.9993842422864504,0.9987692424210908,1,,,,,,9
133,1,select_coverage_CBA_M1,,exact,cmar,e,0,0.9981538461538462,0.9981371336413354,0.9981526120549736,0.9963059811176048,3,,,,,,9
133,1,select_coverage_CBA_M1,,exact,top_k_avg,e,0,0.9963076923076924,0.9962121212121212,0.9963046009423836,0.9926364131923952,6,,,,,,9
133,1,select_coverage_CBA_M1,,exact,list,e,0,1.0,1.0,1.0,1.0,0,,,,,,9
133,2,select_coverage,1.0,exact,majority,e,0,0.9975384615384616,0.9975990396158464,0.9975371847217548,0.9950864705434744,4,,,,,,9
133,2,select_coverage,1.0,exact,cmar,e,0,0.9969230769230768,0.9969366534492584,0.9969212114322524,0.9938431788438088,5,,,,,,9
133,2,select_coverage,1.0,exact,top_k_avg,e,0,0.9963076923076924,0.9962121212121212,0.9963046009423836,0.9926364131923952,6,,,,,,9
133,2,select_coverage,1.0,exact,list,e,0,1.0,1.0,1.0,1.0,0,,,,,,9
133,2,select_coverage,2.0,exact,majority,e,0,0.9956923076923077,0.9957983193277312,0.9956904210657522,0.9914178276110628,7,,,,,,9
133,2,select_coverage,2.0,exact,cmar,e,0,0.9963076923076924,0.99633641335322,0.9963055643127364,0.9926141504969912,6,,,,,,9
133,2,select_coverage,2.0,exact,top_k_avg,e,0,0.9969230769230768,0.9968745073787092,0.9969208193917508,0.993848444345416,5,,,,,,9
133,2,select_coverage,2.0,exact,list,e,0,1.0,1.0,1.0,1.0,0,,,,,,9
133,2,select_coverage,3.0,exact,majority,e,0,0.9987692307692309,0.9987995198079233,0.9987685214375788,0.9975400722213332,2,,,,,,9
133,2,select_coverage,3.0,exact,cmar,e,0,0.9981538461538462,0.9981371336413354,0.9981526120549736,0.9963059811176048,3,,,,,,9
133,2,select_coverage,3.0,exact,top_k_avg,e,0,0.9975384615384616,0.9975058205100222,0.9975367367294534,0.9950764998181116,4,,,,,,9
133,2,select_coverage,3.0,exact,list,e,0,1.0,1.0,1.0,1.0,0,,,,,,9
133,2,select_coverage,4.0,exact,majority,e,0,0.9987692307692309,0.9987684467726484,0.9987684467726484,0.997536893545297,2,,,,,,9
133,2,select_coverage,4.0,exact,cmar,e,0,0.9975384615384616,0.9975368935452968,0.9975368935452968,0.9950737870905938,4,,,,,,9
133,2,select_coverage,4.0,exact,top_k_avg,e,0,0.9993846153846154,0.9993686868686869,0.9993842040183244,0.9987691659789816,1,,,,,,9
133,2,select_coverage,4.0,exact,list,e,0,1.0,1.0,1.0,1.0,0,,,,,,9
133,2,select_coverage_CBA_M1,,exact,majority,e,0,0.9993846153846154,0.9993997599039616,0.9993842422864504,0.9987692424210908,1,,,,,,9
133,2,select_coverage_CBA_M1,,exact,cmar,e,0,0.9981538461538462,0.9981371336413354,0.9981526120549736,0.9963059811176048,3,,,,,,9
133,2,select_coverage_CBA_M1,,exact,top_k_avg,e,0,0.9963076923076924,0.9962121212121212,0.9963046009423836,0.9926364131923952,6,,,,,,9
133,2,select_coverage_CBA_M1,,exact,list,e,0,1.0,1.0,1.0,1.0,0,,,,,,9
138,1,select_coverage,1.0,DAC,list,e,0,0.9950769230769232,0.9950646605397592,0.9950646605397592,0.9901293210795182,8,,,,,,9
138,1,select_coverage,1.0,exact,majority,e,0,0.9987692307692309,0.9987661651349398,0.9987661651349398,0.9975323302698796,2,,,,,,9
138,1,select_coverage,1.0,exact,cmar,e,0,0.9975384615384616,0.997470828347375,0.9975320229514272,0.9950670838271384,4,,,,,,9
138,1,select_coverage,1.0,exact,top_k_avg,e,0,0.9975384615384616,0.9974093264248703,0.9975317080580238,0.9950755709624712,4,,,,,,9
138,1,select_coverage,1.0,exact,list,e,0,1.0,1.0,1.0,1.0,0,,,,,,9
138,1,select_coverage,2.0,DAC,list,e,0,0.9950769230769232,0.9950646605397592,0.9950646605397592,0.9901293210795182,8,,,,,,9
138,1,select_coverage,2.0,exact,majority,e,0,0.9975384615384616,0.997593832192384,0.9975326300190102,0.9950682964716552,4,,,,,,9
138,1,select_coverage,2.0,exact,cmar,e,0,0.9975384615384616,0.997470828347375,0.9975320229514272,0.9950670838271384,4,,,,,,9
138,1,select_coverage,2.0,exact,top_k_avg,e,0,0.9975384615384616,0.9974093264248703,0.9975317080580238,0.9950755709624712,4,,,,,,9
138,1,select_coverage,2.0,exact,list,e,0,1.0,1.0,1.0,1.0,0,,,,,,9
138,1,select_coverage,3.0,DAC,list,e,0,0.9950769230769232,0.9950646605397592,0.9950646605397592,0.9901293210795182,8,,,,,,9
138,1,select_coverage,3.0,exact,majority,e,0,0.9975384615384616,0.997593832192384,0.9975326300190102,0.9950682964716552,4,,,,,,9
138,1,select_coverage,3.0,exact,cmar,e,0,0.9975384615384616,0.997470828347375,0.9975320229514272,0.9950670838271384,4,,,,,,9
138,1,select_coverage,3.0,exact,top_k_avg,e,0,0.9987692307692309,0.9987046632124352,0.9987660114757136,0.997535064643578,2,,,,,,9
138,1,select_coverage,3.0,exact,list,e,0,1.0,1.0,1.0,1.0,0,,,,,,9
138,1,select_coverage,4.0,DAC,list,e,0,0.9950769230769232,0.9950646605397592,0.9950646605397592,0.9901293210795182,8,,,,,,9
138,1,select_coverage,4.0,exact,majority,e,0,0.9987692307692309,0.9987661651349398,0.9987661651349398,0.9975323302698796,2,,,,,,9
138,1,select_coverage,4.0,exact,cmar,e,0,0.9975384615384616,0.997470828347375,0.9975320229514272,0.9950670838271384,4,,,,,,9
138,1,select_coverage,4.0,exact,top_k_avg,e,0,1.0,1.0,1.0,1.0,0,,,,,,9
138,1,select_coverage,4.0,exact,list,e,0,1.0,1.0,1.0,1.0,0,,,,,,9
138,1,select_coverage_CBA_M1,,DAC,list,e,3,0.9956923076923077,0.9956508270110368,0.9956813107250424,0.9913633794227724,7,0.9938461538461538,0.9937078218296898,0.9938292701450596,0.9876706498988812,10.0,9
138,1,select_coverage_CBA_M1,,exact,majority,e,3,0.9993846153846154,0.9993523316062176,0.9993830443892916,0.998766849576461,1,0.9975384615384616,0.9974093264248703,0.9975317080580238,0.9950755709624712,4.0,9
138,1,select_coverage_CBA_M1,,exact,cmar,e,3,0.9981538461538462,0.9980569948186528,0.9981488998389638,0.9963046401253514,3,0.9963076923076924,0.9961139896373056,0.9962970783758492,0.9926214785483372,6.0,9
138,1,select_coverage_CBA_M1,,exact,top_k_avg,e,3,0.9975384615384616,0.9974093264248703,0.9975317080580238,0.9950755709624712,4,0.9956923076923077,0.9954663212435232,0.995679637628894,0.9913964452609793,7.0,9
138,1,select_coverage_CBA_M1,,exact,list,e,3,1.0,1.0,1.0,1.0,0,0.9981538461538462,0.9980569948186528,0.9981488998389638,0.9963046401253514,3.0,9
138,2,select_coverage,1.0,exact,majority,e,0,0.9987692307692309,0.9987661651349398,0.9987661651349398,0.9975323302698796,2,,,,,,9
138,2,select_coverage,1.0,exact,cmar,e,0,0.9975384615384616,0.997470828347375,0.9975320229514272,0.9950670838271384,4,,,,,,9
138,2,select_coverage,1.0,exact,top_k_avg,e,0,0.9975384615384616,0.9974093264248703,0.9975317080580238,0.9950755709624712,4,,,,,,9
138,2,select_coverage,1.0,exact,list,e,0,1.0,1.0,1.0,1.0,0,,,,,,9
138,2,select_coverage,2.0,exact,majority,e,0,0.9975384615384616,0.997593832192384,0.9975326300190102,0.9950682964716552,4,,,,,,9
138,2,select_coverage,2.0,exact,cmar,e,0,0.9975384615384616,0.997470828347375,0.9975320229514272,0.9950670838271384,4,,,,,,9
138,2,select_coverage,2.0,exact,top_k_avg,e,0,0.9975384615384616,0.9974093264248703,0.9975317080580238,0.9950755709624712,4,,,,,,9
138,2,select_coverage,2.0,exact,list,e,0,1.0,1.0,1.0,1.0,0,,,,,,9
138,2,select_coverage,3.0,exact,majority,e,0,0.9975384615384616,0.997593832192384,0.9975326300190102,0.9950682964716552,4,,,,,,9
138,2,select_coverage,3.0,exact,cmar,e,0,0.9975384615384616,0.997470828347375,0.9975320229514272,0.9950670838271384,4,,,,,,9
138,2,select_coverage,3.0,exact,top_k_avg,e,0,0.9987692307692309,0.9987046632124352,0.9987660114757136,0.997535064643578,2,,,,,,9
138,2,select_coverage,3.0,exact,list,e,0,1.0,1.0,1.0,1.0,0,,,,,,9
138,2,select_coverage,4.0,exact,majority,e,0,0.9987692307692309,0.9987661651349398,0.9987661651349398,0.9975323302698796,2,,,,,,9
138,2,select_coverage,4.0,exact,cmar,e,0,0.9975384615384616,0.997470828347375,0.9975320229514272,0.9950670838271384,4,,,,,,9
138,2,select_coverage,4.0,exact,top_k_avg,e,0,1.0,1.0,1.0,1.0,0,,,,,,9
138,2,select_coverage,4.0,exact,list,e,0,1.0,1.0,1.0,1.0,0,,,,,,9
138,2,select_coverage_CBA_M1,,exact,majority,e,3,0.9993846153846154,0.9993523316062176,0.9993830443892916,0.998766849576461,1,0.9975384615384616,0.9974093264248703,0.9975317080580238,0.9950755709624712,4.0,9
138,2,select_coverage_CBA_M1,,exact,cmar,e,3,0.9981538461538462,0.9980569948186528,0.9981488998389638,0.9963046401253514,3,0.9963076923076924,0.9961139896373056,0.9962970783758492,0.9926214785483372,6.0,9
138,2,select_coverage_CBA_M1,,exact,top_k_avg,e,3,0.9975384615384616,0.9974093264248703,0.9975317080580238,0.9950755709624712,4,0.9956923076923077,0.9954663212435232,0.995679637628894,0.9913964452609793,7.0,9
138,2,select_coverage_CBA_M1,,exact,list,e,3,1.0,1.0,1.0,1.0,0,0.9981538461538462,0.9980569948186528,0.9981488998389638,0.9963046401253514,3.0,9
148,1,select_coverage,1.0,DAC,list,e,0,0.9864615384615384,0.9860318284033904,0.9864261262328496,0.97304452786945,22,,,,,,9
148,1,select_coverage,1.0,exact,majority,e,0,0.9987692307692309,0.9987671349277882,0.9987671349277882,0.9975342698555764,2,,,,,,9
148,1,select_coverage,1.0,exact,cmar,e,0,0.9987692307692309,0.9987671349277882,0.9987671349277882,0.9975342698555764,2,,,,,,9
148,1,select_coverage,1.0,exact,top_k_avg,e,0,0.9987692307692309,0.9987163029525032,0.9987670077060122,0.99753705220093,2,,,,,,9
148,1,select_coverage,1.0,exact,list,e,0,1.0,1.0,1.0,1.0,0,,,,,,9
148,1,select_coverage,2.0,DAC,list,e,0,0.9864615384615384,0.9860318284033904,0.9864261262328496,0.97304452786945,22,,,,,,9
148,1,select_coverage,2.0,exact,majority,e,0,0.9993846153846154,0.9994089834515368,0.9993835985629692,0.9987679565585138,1,,,,,,9
148,1,select_coverage,2.0,exact,cmar,e,0,0.9993846153846154,0.9993581514762516,0.9993835358939543,0.9987678313748192,1,,,,,,9
148,1,select_coverage,2.0,exact,top_k_avg,e,0,0.9993846153846154,0.9993581514762516,0.9993835358939543,0.9987678313748192,1,,,,,,9
148,1,select_coverage,2.0,exact,list,e,0,1.0,1.0,1.0,1.0,0,,,,,,9
148,1,select_coverage,3.0,DAC,list,e,0,0.9864615384615384,0.9860318284033904,0.9864261262328496,0.97304452786945,22,,,,,,9
148,1,select_coverage,3.0,exact,majority,e,0,1.0,1.0,1.0,1.0,0,,,,,,9
148,1,select_coverage,3.0,exact,cmar,e,0,0.9981538461538462,0.9980744544287548,0.9981504140227072,0.9963076573272062,3,,,,,,9
148,1,select_coverage,3.0,exact,top_k_avg,e,0,0.9993846153846154,0.9993581514762516,0.9993835358939543,0.9987678313748192,1,,,,,,9
148,1,select_coverage,3.0,exact,list,e,0,1.0,1.0,1.0,1.0,0,,,,,,9
148,1,select_coverage,4.0,DAC,list,e,0,0.9864615384615384,0.9860318284033904,0.9864261262328496,0.97304452786945,22,,,,,,9
148,1,select_coverage,4.0,exact,majority,e,0,1.0,1.0,1.0,1.0,0,,,,,,9
148,1,select_coverage,4.0,exact,cmar,e,0,0.9981538461538462,0.9980744544287548,0.9981504140227072,0.9963076573272062,3,,,,,,9
148,1,select_coverage,4.0,exact,top_k_avg,e,0,0.9993846153846154,0.9993581514762516,0.9993835358939543,0.9987678313748192,1,,,,,,9
148,1,select_coverage,4.0,exact,list,e,0,1.0,1.0,1.0,1.0,0,,,,,,9
148,1,select_coverage_CBA_M1,,DAC,list,e,0,0.9864615384615384,0.9860318284033904,0.9864261262328496,0.97304452786945,22,,,,,,9
148,1,select_coverage_CBA_M1,,exact,majority,e,0,0.9963076923076924,0.9961489088575096,0.9963002258569816,0.9926277272543867,6,,,,,,9
148,1,select_coverage_CBA_M1,,exact,cmar,e,0,0.9975384615384616,0.9974326059050064,0.99753375342998,0.9950796416198056,4,,,,,,9
148,1,select_coverage_CBA_M1,,exact,top_k_avg,e,0,0.9975384615384616,0.9974326059050064,0.99753375342998,0.9950796416198056,4,,,,,,9
148,1,select_coverage_CBA_M1,,exact,list,e,0,0.9981538461538462,0.9980744544287548,0.9981504140227072,0.9963076573272062,3,,,,,,9
148,2,select_coverage,1.0,exact,majority,e,0,0.9987692307692309,0.9987671349277882,0.9987671349277882,0.9975342698555764,2,,,,,,9
148,2,select_coverage,1.0,exact,cmar,e,0,0.9987692307692309,0.9987671349277882,0.9987671349277882,0.9975342698555764,2,,,,,,9
148,2,select_coverage,1.0,exact,top_k_avg,e,0,0.9987692307692309,0.9987163029525032,0.9987670077060122,0.99753705220093,2,,,,,,9
148,2,select_coverage,1.0,exact,list,e,0,1.0,1.0,1.0,1.0,0,,,,,,9
148,2,select_coverage,2.0,exact,majority,e,0,0.9993846153846154,0.9994089834515368,0.9993835985629692,0.9987679565585138,1,,,,,,9
148,2,select_coverage,2.0,exact,cmar,e,0,0.9993846153846154,0.9993581514762516,0.9993835358939543,0.9987678313748192,1,,,,,,9
148,2,select_coverage,2.0,exact,top_k_avg,e,0,0.9993846153846154,0.9993581514762516,0.9993835358939543,0.9987678313748192,1,,,,,,9
148,2,select_coverage,2.0,exact,list,e,0,1.0,1.0,1.0,1.0,0,,,,,,9
148,2,select_coverage,3.0,exact,majority,e,0,1.0,1.0,1.0,1.0,0,,,,,,9
148,2,select_coverage,3.0,exact,cmar,e,0,0.9981538461538462,0.9980744544287548,0.9981504140227072,0.9963076573272062,3,,,,,,9
148,2,select_coverage,3.0,exact,top_k_avg,e,0,0.9993846153846154,0.9993581514762516,0.9993835358939543,0.9987678313748192,1,,,,,,9
148,2,select_coverage,3.0,exact,list,e,0,1.0,1.0,1.0,1.0,0,,,,,,9
148,2,select_coverage,4.0,exact,majority,e,0,1.0,1.0,1.0,1.0,0,,,,,,9
148,2,select_coverage,4.0,exact,cmar,e,0,0.9981538461538462,0.9980744544287548,0.9981504140227072,0.9963076573272062,3,,,,,,9
148,2,select_coverage,4.0,exact,top_k_avg,e,0,0.9993846153846154,0.9993581514762516,0.9993835358939543,0.9987678313748192,1,,,,,,9
148,2,select_coverage,4.0,exact,list,e,0,1.0,1.0,1.0,1.0,0,,,,,,9
148,2,select_coverage_CBA_M1,,exact,majority,e,0,0.9969230769230768,0.996790757381258,0.996917024513165,0.9938529999620638,5,,,,,,9
148,2,select_coverage_CBA_M1,,exact,cmar,e,0,0.9975384615384616,0.9974326059050064,0.99753375342998,0.9950796416198056,4,,,,,,9
148,2,select_coverage_CBA_M1,,exact,top_k_avg,e,0,0.9975384615384616,0.9974326059050064,0.99753375342998,0.9950796416198056,4,,,,,,9
148,2,select_coverage_CBA_M1,,exact,list,e,0,0.9987692307692309,0.9987163029525032,0.9987670077060122,0.99753705220093,2,,,,,,9
5,1,select_coverage,1.0,DAC,list,e,0,0.992,0.991920551075391,0.9919960717288372,0.9840289955418354,13,,,,,,10
5,1,select_coverage,1.0,exact,majority,e,0,0.9975384615384616,0.9975157058304772,0.99753756538711,0.9950781551026122,4,,,,,,10
5,1,select_coverage,1.0,exact,cmar,e,0,0.9975384615384616,0.9975157058304772,0.99753756538711,0.9950781551026122,4,,,,,,10
5,1,select_coverage,1.0,exact,top_k_avg,e,0,0.9956923076923077,0.9956140350877192,0.9956901924693738,0.9914173743252708,7,,,,,,10
5,1,select_coverage,1.0,exact,list,e,0,1.0,1.0,1.0,1.0,0,,,,,,10
5,1,select_coverage,2.0,DAC,list,e,0,0.992,0.991920551075391,0.9919960717288372,0.9840289955418354,13,,,,,,10
5,1,select_coverage,2.0,exact,majority,e,0,0.9975384615384616,0.9975157058304772,0.99753756538711,0.9950781551026122,4,,,,,,10
5,1,select_coverage,2.0,exact,cmar,e,0,0.9975384615384616,0.9975157058304772,0.99753756538711,0.9950781551026122,4,,,,,,10
5,1,select_coverage,2.0,exact,top_k_avg,e,0,0.9981538461538462,0.9981203007518796,0.9981531299616874,0.9963130692005248,3,,,,,,10
5,1,select_coverage,2.0,exact,list,e,0,1.0,1.0,1.0,1.0,0,,,,,,10
5,1,select_coverage,3.0,DAC,list,e,0,0.992,0.991920551075391,0.9919960717288372,0.9840289955418354,13,,,,,,10
5,1,select_coverage,3.0,exact,majority,e,0,0.9975384615384616,0.9975157058304772,0.99753756538711,0.9950781551026122,4,,,,,,10
5,1,select_coverage,3.0,exact,cmar,e,0,0.9975384615384616,0.9975157058304772,0.99753756538711,0.9950781551026122,4,,,,,,10
5,1,select_coverage,3.0,exact,top_k_avg,e,0,0.9981538461538462,0.9981203007518796,0.9981531299616874,0.9963130692005248,3,,,,,,10
5,1,select_coverage,3.0,exact,list,e,0,0.9987692307692309,0.9987468671679198,0.998768782693555,0.9975405934496614,2,,,,,,10
5,1,select_coverage,4.0,DAC,list,e,0,0.992,0.991920551075391,0.9919960717288372,0.9840289955418354,13,,,,,,10
5,1,select_coverage,4.0,exact,majority,e,0,0.9975384615384616,0.9975157058304772,0.99753756538711,0.9950781551026122,4,,,,,,10
5,1,select_coverage,4.0,exact,cmar,e,0,0.9975384615384616,0.9975157058304772,0.99753756538711,0.9950781551026122,4,,,,,,10
5,1,select_coverage,4.0,exact,top_k_avg,e,0,0.9981538461538462,0.9981203007518796,0.9981531299616874,0.9963130692005248,3,,,,,,10
5,1,select_coverage,4.0,exact,list,e,0,0.9987692307692309,0.9987468671679198,0.998768782693555,0.9975405934496614,2,,,,,,10
5,1,select_coverage_CBA_M1,,DAC,list,e,1,0.9926153846153846,0.9925251459967936,0.9926115541652648,0.9852712744726984,12,0.992,0.9918985795807536,0.9919956228845236,0.9840521720380836,13.0,10
5,1,select_coverage_CBA_M1,,exact,majority,e,1,0.9981538461538462,0.9981203007518796,0.9981531299616874,0.9963130692005248,3,0.9975384615384616,0.9974937343358397,0.9975374459753532,0.995086990489762,4.0,10
5,1,select_coverage_CBA_M1,,exact,cmar,e,1,0.9981538461538462,0.9981203007518796,0.9981531299616874,0.9963130692005248,3,0.9975384615384616,0.9974937343358397,0.9975374459753532,0.995086990489762,4.0,10
5,1,select_coverage_CBA_M1,,exact,top_k_avg,e,1,0.9975384615384616,0.9974937343358397,0.9975374459753532,0.995086990489762,4,0.9969230769230768,0.9968671679197996,0.9969217293326802,0.9938623519817604,5.0,10
5,1,select_coverage_CBA_M1,,exact,list,e,1,1.0,1.0,1.0,1.0,0,0.9993846153846154,0.99937343358396,0.9993844055725504,0.9987695685916596,1.0,10
5,2,select_coverage,1.0,exact,majority,e,0,0.9975384615384616,0.9975157058304772,0.99753756538711,0.9950781551026122,4,,,,,,10
5,2,select_coverage,1.0,exact,cmar,e,0,0.9975384615384616,0.9975157058304772,0.99753756538711,0.9950781551026122,4,,,,,,10
5,2,select_coverage,1.0,exact,top_k_avg,e,0,0.9956923076923077,0.9956140350877192,0.9956901924693738,0.9914173743252708,7,,,,,,10
5,2,select_coverage,1.0,exact,list,e,0,1.0,1.0,1.0,1.0,0,,,,,,10
5,2,select_coverage,2.0,exact,majority,e,0,0.9975384615384616,0.9975157058304772,0.99753756538711,0.9950781551026122,4,,,,,,10
5,2,select_coverage,2.0,exact,cmar,e,0,0.9975384615384616,0.9975157058304772,0.99753756538711,0.9950781551026122,4,,,,,,10
5,2,select_coverage,2.0,exact,top_k_avg,e,0,0.9981538461538462,0.9981203007518796,0.9981531299616874,0.9963130692005248,3,,,,,,10
5,2,select_coverage,2.0,exact,list,e,0,1.0,1.0,1.0,1.0,0,,,,,,10
5,2,select_coverage,3.0,exact,majority,e,0,0.9975384615384616,0.9975157058304772,0.99753756538711,0.9950781551026122,4,,,,,,10
5,2,select_coverage,3.0,exact,cmar,e,0,0.9975384615384616,0.9975157058304772,0.99753756538711,0.9950781551026122,4,,,,,,10
5,2,select_coverage,3.0,exact,top_k_avg,e,0,0.9981538461538462,0.9981203007518796,0.9981531299616874,0.9963130692005248,3,,,,,,10
5,2,select_coverage,3.0,exact,list,e,0,0.9987692307692309,0.9987468671679198,0.998768782693555,0.9975405934496614,2,,,,,,10
5,2,select_coverage,4.0,exact,majority,e,0,0.9975384615384616,0.9975157058304772,0.99753756538711,0.9950781551026122,4,,,,,,10
5,2,select_coverage,4.0,exact,cmar,e,0,0.9975384615384616,0.9975157058304772,0.99753756538711,0.9950781551026122,4,,,,,,10
5,2,select_coverage,4.0,exact,top_k_avg,e,0,0.9981538461538462,0.9981203007518796,0.9981531299616874,0.9963130692005248,3,,,,,,10
5,2,select_coverage,4.0,exact,list,e,0,0.9987692307692309,0.9987468671679198,0.998768782693555,0.9975405934496614,2,,,,,,10
5,2,select_coverage_CBA_M1,,exact,majority,e,1,0.9981538461538462,0.9981203007518796,0.9981531299616874,0.9963130692005248,3,0.9975384615384616,0.9974937343358397,0.9975374459753532,0.995086990489762,4.0,10
5,2,select_coverage_CBA_M1,,exact,cmar,e,1,0.9981538461538462,0.9981203007518796,0.9981531299616874,0.9963130692005248,3,0.9975384615384616,0.9974937343358397,0.9975374459753532,0.995086990489762,4.0,10
5,2,select_coverage_CBA_M1,,exact,top_k_avg,e,1,0.9975384615384616,0.9974937343358397,0.9975374459753532,0.995086990489762,4,0.9969230769230768,0.9968671679197996,0.9969217293326802,0.9938623519817604,5.0,10
5,2,select_coverage_CBA_M1,,exact,list,e,1,1.0,1.0,1.0,1.0,0,0.9993846153846154,0.99937343358396,0.9993844055725504,0.9987695685916596,1.0,10
14,1,select_coverage,1.0,DAC,list,e,0,0.9963076923076924,0.9963784007700088,0.9962884516409992,0.9925799531083588,6,,,,,,10
14,1,select_coverage,1.0,exact,majority,e,0,0.9993846153846154,0.99933598937583,0.9993812411350892,0.9987632475191576,1,,,,,,10
14,1,select_coverage,1.0,exact,cmar,e,0,0.9987692307692309,0.99867197875166,0.998762368696839,0.9975277970484429,2,,,,,,10
14,1,select_coverage,1.0,exact,top_k_avg,e,0,0.9932307692307693,0.9926958831341302,0.9931871671002106,0.9864665314399176,11,,,,,,10
14,1,select_coverage,1.0,exact,list,e,0,1.0,1.0,1.0,1.0,0,,,,,,10
14,1,select_coverage,2.0,DAC,list,e,0,0.9963076923076924,0.9963784007700088,0.9962884516409992,0.9925799531083588,6,,,,,,10
14,1,select_coverage,2.0,exact,majority,e,0,0.9993846153846154,0.99933598937583,0.9993812411350892,0.9987632475191576,1,,,,,,10
14,1,select_coverage,2.0,exact,cmar,e,0,0.9987692307692309,0.99867197875166,0.998762368696839,0.9975277970484429,2,,,,,,10
14,1,select_coverage,2.0,exact,top_k_avg,e,0,0.9981538461538462,0.99800796812749,0.99814338123981,0.9962936436982496,3,,,,,,10
14,1,select_coverage,2.0,exact,list,e,0,1.0,1.0,1.0,1.0,0,,,,,,10
14,1,select_coverage,3.0,DAC,list,e,0,0.9963076923076924,0.9963784007700088,0.9962884516409992,0.9925799531083588,6,,,,,,10
14,1,select_coverage,3.0,exact,majority,e,0,0.9987692307692309,0.9987625948804172,0.9987625948804172,0.9975251897608344,2,,,,,,10
14,1,select_coverage,3.0,exact,cmar,e,0,0.9981538461538462,0.9980985842562472,0.998143723405268,0.9962882111067488,3,,,,,,10
14,1,select_coverage,3.0,exact,top_k_avg,e,0,1.0,1.0,1.0,1.0,0,,,,,,10
14,1,select_coverage,3.0,exact,list,e,0,1.0,1.0,1.0,1.0,0,,,,,,10
14,1,select_coverage,4.0,DAC,list,e,0,0.9963076923076924,0.9963784007700088,0.9962884516409992,0.9925799531083588,6,,,,,,10
14,1,select_coverage,4.0,exact,majority,e,0,0.9987692307692309,0.9987625948804172,0.9987625948804172,0.9975251897608344,2,,,,,,10
14,1,select_coverage,4.0,exact,cmar,e,0,0.9981538461538462,0.9980985842562472,0.998143723405268,0.9962882111067488,3,,,,,,10
14,1,select_coverage,4.0,exact,top_k_avg,e,0,1.0,1.0,1.0,1.0,0,,,,,,10
14,1,select_coverage,4.0,exact,list,e,0,1.0,1.0,1.0,1.0,0,,,,,,10
14,1,select_coverage_CBA_M1,,DAC,list,e,0,0.9963076923076924,0.9963784007700088,0.9962884516409992,0.9925799531083588,6,,,,,,10
14,1,select_coverage_CBA_M1,,exact,majority,e,0,0.9981538461538462,0.99800796812749,0.99814338123981,0.9962936436982496,3,,,,,,10
14,1,select_coverage_CBA_M1,,exact,cmar,e,0,0.9987692307692309,0.99867197875166,0.998762368696839,0.9975277970484429,2,,,,,,10
14,1,select_coverage_CBA_M1,,exact,top_k_avg,e,0,0.9932307692307693,0.9927864992628872,0.9931885066958408,0.9864387071421472,11,,,,,,10
14,1,select_coverage_CBA_M1,,exact,list,e,0,0.9987692307692309,0.99867197875166,0.998762368696839,0.9975277970484429,2,,,,,,10
14,2,select_coverage,1.0,exact,majority,e,0,0.9993846153846154,0.99933598937583,0.9993812411350892,0.9987632475191576,1,,,,,,10
14,2,select_coverage,1.0,exact,cmar,e,0,0.9987692307692309,0.99867197875166,0.998762368696839,0.9975277970484429,2,,,,,,10
14,2,select_coverage,1.0,exact,top_k_avg,e,0,0.9932307692307693,0.9926958831341302,0.9931871671002106,0.9864665314399176,11,,,,,,10
14,2,select_coverage,1.0,exact,list,e,0,1.0,1.0,1.0,1.0,0,,,,,,10
14,2,select_coverage,2.0,exact,majority,e,0,0.9993846153846154,0.99933598937583,0.9993812411350892,0.9987632475191576,1,,,,,,10
14,2,select_coverage,2.0,exact,cmar,e,0,0.9987692307692309,0.99867197875166,0.998762368696839,0.9975277970484429,2,,,,,,10
14,2,select_coverage,2.0,exact,top_k_avg,e,0,0.9981538461538462,0.99800796812749,0.99814338123981,0.9962936436982496,3,,,,,,10
14,2,select_coverage,2.0,exact,list,e,0,1.0,1.0,1.0,1.0,0,,,,,,10
14,2,select_coverage,3.0,exact,majority,e,0,0.9987692307692309,0.9987625948804172,0.9987625948804172,0.9975251897608344,2,,,,,,10
14,2,select_coverage,3.0,exact,cmar,e,0,0.9981538461538462,0.9980985842562472,0.998143723405268,0.9962882111067488,3,,,,,,10
14,2,select_coverage,3.0,exact,top_k_avg,e,0,1.0,1.0,1.0,1.0,0,,,,,,10
14,2,select_coverage,3.0,exact,list,e,0,1.0,1.0,1.0,1.0,0,,,,,,10
14,2,select_coverage,4.0,exact,majority,e,0,0.9987692307692309,0.9987625948804172,0.9987625948804172,0.9975251897608344,2,,,,,,10
14,2,select_coverage,4.0,exact,cmar,e,0,0.9981538461538462,0.9980985842562472,0.998143723405268,0.9962882111067488,3,,,,,,10
14,2,select_coverage,4.0,exact,top_k_avg,e,0,1.0,1.0,1.0,1.0,0,,,,,,10
14,2,select_coverage,4.0,exact,list,e,0,1.0,1.0,1.0,1.0,0,,,,,,10
14,2,select_coverage_CBA_M1,,exact,majority,e,0,0.9981538461538462,0.99800796812749,0.99814338123981,0.9962936436982496,3,,,,,,10
14,2,select_coverage_CBA_M1,,exact,cmar,e,0,0.9987692307692309,0.99867197875166,0.998762368696839,0.9975277970484429,2,,,,,,10
14,2,select_coverage_CBA_M1,,exact,top_k_avg,e,0,0.9932307692307693,0.9927864992628872,0.9931885066958408,0.9864387071421472,11,,,,,,10
14,2,select_coverage_CBA_M1,,exact,list,e,0,0.9987692307692309,0.99867197875166,0.998762368696839,0.9975277970484429,2,,,,,,10
17,1,select_coverage,1.0,DAC,list,e,0,0.9969230769230768,0.996952910266162,0.9969224056068656,0.9938516097873772,5,,,,,,10
17,1,select_coverage,1.0,exact,majority,e,0,0.9993846153846154,0.9993946731234866,0.9993844578058136,0.9987696729297324,1,,,,,,10
17,1,select_coverage,1.0,exact,cmar,e,0,0.9987692307692309,0.998768890895702,0.998768890895702,0.997537781791404,2,,,,,,10
17,1,select_coverage,1.0,exact,top_k_avg,e,0,0.9987692307692309,0.9987484355444304,0.9987688386625572,0.99754070511271,2,,,,,,10
17,1,select_coverage,1.0,exact,list,e,0,1.0,1.0,1.0,1.0,0,,,,,,10
17,1,select_coverage,2.0,DAC,list,e,0,0.9969230769230768,0.996952910266162,0.9969224056068656,0.9938516097873772,5,,,,,,10
17,1,select_coverage,2.0,exact,majority,e,0,0.9993846153846154,0.9993946731234866,0.9993844578058136,0.9987696729297324,1,,,,,,10
17,1,select_coverage,2.0,exact,cmar,e,0,0.9981538461538462,0.9981635640191886,0.998153373417441,0.9963075032198516,3,,,,,,10
17,1,select_coverage,2.0,exact,top_k_avg,e,0,0.9987692307692309,0.9987484355444304,0.9987688386625572,0.99754070511271,2,,,,,,10
17,1,select_coverage,2.0,exact,list,e,0,1.0,1.0,1.0,1.0,0,,,,,,10
17,1,select_coverage,3.0,DAC,list,e,0,0.9969230769230768,0.996952910266162,0.9969224056068656,0.9938516097873772,5,,,,,,10
17,1,select_coverage,3.0,exact,majority,e,0,0.9993846153846154,0.9993946731234866,0.9993844578058136,0.9987696729297324,1,,,,,,10
17,1,select_coverage,3.0,exact,cmar,e,0,0.9981538461538462,0.9981635640191886,0.998153373417441,0.9963075032198516,3,,,,,,10
17,1,select_coverage,3.0,exact,top_k_avg,e,0,0.9993846153846154,0.9993742177722152,0.9993844326230256,0.998769622626085,1,,,,,,10
17,1,select_coverage,3.0,exact,list,e,0,1.0,1.0,1.0,1.0,0,,,,,,10
17,1,select_coverage,4.0,DAC,list,e,0,0.9969230769230768,0.996952910266162,0.9969224056068656,0.9938516097873772,5,,,,,,10
17,1,select_coverage,4.0,exact,majority,e,0,0.9993846153846154,0.9993946731234866,0.9993844578058136,0.9987696729297324,1,,,,,,10
17,1,select_coverage,4.0,exact,cmar,e,0,0.9987692307692309,0.998768890895702,0.998768890895702,0.997537781791404,2,,,,,,10
17,1,select_coverage,4.0,exact,top_k_avg,e,0,0.9993846153846154,0.9993742177722152,0.9993844326230256,0.998769622626085,1,,,,,,10
17,1,select_coverage,4.0,exact,list,e,0,1.0,1.0,1.0,1.0,0,,,,,,10
17,1,select_coverage_CBA_M1,,DAC,list,e,0,0.9969230769230768,0.996952910266162,0.9969224056068656,0.9938516097873772,5,,,,,,10
17,1,select_coverage_CBA_M1,,exact,majority,e,0,1.0,1.0,1.0,1.0,0,,,,,,10
17,1,select_coverage_CBA_M1,,exact,cmar,e,0,0.9993846153846154,0.9993742177722152,0.9993844326230256,0.998769622626085,1,,,,,,10
17,1,select_coverage_CBA_M1,,exact,top_k_avg,e,0,0.9975384615384616,0.9974968710888612,0.99753756538711,0.995087228142845,4,,,,,,10
17,1,select_coverage_CBA_M1,,exact,list,e,0,1.0,1.0,1.0,1.0,0,,,,,,10
17,2,select_coverage,1.0,exact,majority,e,0,0.9993846153846154,0.9993946731234866,0.9993844578058136,0.9987696729297324,1,,,,,,10
17,2,select_coverage,1.0,exact,cmar,e,0,0.9987692307692309,0.998768890895702,0.998768890895702,0.997537781791404,2,,,,,,10
17,2,select_coverage,1.0,exact,top_k_avg,e,0,0.9987692307692309,0.9987484355444304,0.9987688386625572,0.99754070511271,2,,,,,,10
17,2,select_coverage,1.0,exact,list,e,0,1.0,1.0,1.0,1.0,0,,,,,,10
17,2,select_coverage,2.0,exact,majority,e,0,0.9993846153846154,0.9993946731234866,0.9993844578058136,0.9987696729297324,1,,,,,,10
17,2,select_coverage,2.0,exact,cmar,e,0,0.9981538461538462,0.9981635640191886,0.998153373417441,0.9963075032198516,3,,,,,,10
17,2,select_coverage,2.0,exact,top_k_avg,e,0,0.9987692307692309,0.9987484355444304,0.9987688386625572,0.99754070511271,2,,,,,,10
17,2,select_coverage,2.0,exact,list,e,0,1.0,1.0,1.0,1.0,0,,,,,,10
17,2,select_coverage,3.0,exact,majority,e,0,0.9993846153846154,0.9993946731234866,0.9993844578058136,0.9987696729297324,1,,,,,,10
17,2,select_coverage,3.0,exact,cmar,e,0,0.9981538461538462,0.9981635640191886,0.998153373417441,0.9963075032198516,3,,,,,,10
17,2,select_coverage,3.0,exact,top_k_avg,e,0,0.9993846153846154,0.9993742177722152,0.9993844326230256,0.998769622626085,1,,,,,,10
17,2,select_coverage,3.0,exact,list,e,0,1.0,1.0,1.0,1.0,0,,,,,,10
17,2,select_coverage,4.0,exact,majority,e,0,0.9993846153846154,0.9993946731234866,0.9993844578058136,0.9987696729297324,1,,,,,,10
17,2,select_coverage,4.0,exact,cmar,e,0,0.9987692307692309,0.998768890895702,0.998768890895702,0.997537781791404,2,,,,,,10
17,2,select_coverage,4.0,exact,top_k_avg,e,0,0.9993846153846154,0.9993742177722152,0.9993844326230256,0.998769622626085,1,,,,,,10
17,2,select_coverage,4.0,exact,list,e,0,1.0,1.0,1.0,1.0,0,,,,,,10
17,2,select_coverage_CBA_M1,,exact,majority,e,0,1.0,1.0,1.0,1.0,0,,,,,,10
17,2,select_coverage_CBA_M1,,exact,cmar,e,0,0.9987692307692309,0.998768890895702,0.998768890895702,0.997537781791404,2,,,,,,10
17,2,select_coverage_CBA_M1,,exact,top_k_avg,e,0,0.9987692307692309,0.9987484355444304,0.9987688386625572,0.99754070511271,2,,,,,,10
17,2,select_coverage_CBA_M1,,exact,list,e,0,1.0,1.0,1.0,1.0,0,,,,,,10
19,1,select_coverage,1.0,DAC,list,e,0,0.9938461538461538,0.9938969888680834,0.9938459650738636,0.9877401093280084,10,,,,,,10
19,1,select_coverage,1.0,exact,majority,e,0,0.9993846153846154,0.9993909866017052,0.9993845557192952,0.998769868515932,1,,,,,,10
19,1,select_coverage,1.0,exact,cmar,e,0,0.9987692307692309,0.9987690960544416,0.9987690960544416,0.9975381921088832,2,,,,,,10
19,1,select_coverage,1.0,exact,top_k_avg,e,0,0.9993846153846154,0.9993781094527364,0.9993845398687498,0.998769836853814,1,,,,,,10
19,1,select_coverage,1.0,exact,list,e,0,1.0,1.0,1.0,1.0,0,,,,,,10
19,1,select_coverage,2.0,DAC,list,e,0,0.9938461538461538,0.9938969888680834,0.9938459650738636,0.9877401093280084,10,,,,,,10
19,1,select_coverage,2.0,exact,majority,e,0,0.9993846153846154,0.9993909866017052,0.9993845557192952,0.998769868515932,1,,,,,,10
19,1,select_coverage,2.0,exact,cmar,e,0,0.9981538461538462,0.9981600826561468,0.998153667157886,0.9963080904605708,3,,,,,,10
19,1,select_coverage,2.0,exact,top_k_avg,e,0,0.9993846153846154,0.9993781094527364,0.9993845398687498,0.998769836853814,1,,,,,,10
19,1,select_coverage,2.0,exact,list,e,0,1.0,1.0,1.0,1.0,0,,,,,,10
19,1,select_coverage,3.0,DAC,list,e,0,0.9938461538461538,0.9938969888680834,0.9938459650738636,0.9877401093280084,10,,,,,,10
19,1,select_coverage,3.0,exact,majority,e,0,0.9993846153846154,0.9993909866017052,0.9993845557192952,0.998769868515932,1,,,,,,10
19,1,select_coverage,3.0,exact,cmar,e,0,0.9987692307692309,0.9987690960544416,0.9987690960544416,0.9975381921088832,2,,,,,,10
19,1,select_coverage,3.0,exact,top_k_avg,e,0,0.9987692307692309,0.9987562189054726,0.9987690624876906,0.9975411516635264,2,,,,,,10
19,1,select_coverage,3.0,exact,list,e,0,1.0,1.0,1.0,1.0,0,,,,,,10
19,1,select_coverage,4.0,DAC,list,e,0,0.9938461538461538,0.9938969888680834,0.9938459650738636,0.9877401093280084,10,,,,,,10
19,1,select_coverage,4.0,exact,majority,e,0,0.9993846153846154,0.9993909866017052,0.9993845557192952,0.998769868515932,1,,,,,,10
19,1,select_coverage,4.0,exact,cmar,e,0,0.9987692307692309,0.9987690960544416,0.9987690960544416,0.9975381921088832,2,,,,,,10
19,1,select_coverage,4.0,exact,top_k_avg,e,0,1.0,1.0,1.0,1.0,0,,,,,,10
19,1,select_coverage,4.0,exact,list,e,0,1.0,1.0,1.0,1.0,0,,,,,,10
19,1,select_coverage_CBA_M1,,DAC,list,e,0,0.9938461538461538,0.9938969888680834,0.9938459650738636,0.9877401093280084,10,,,,,,10
19,1,select_coverage_CBA_M1,,exact,majority,e,0,0.9993846153846154,0.9993781094527364,0.9993845398687498,0.998769836853814,1,,,,,,10
19,1,select_coverage_CBA_M1,,exact,cmar,e,0,0.9993846153846154,0.9993781094527364,0.9993845398687498,0.998769836853814,1,,,,,,10
19,1,select_coverage_CBA_M1,,exact,top_k_avg,e,0,0.9987692307692309,0.9987562189054726,0.9987690624876906,0.9975411516635264,2,,,,,,10
19,1,select_coverage_CBA_M1,,exact,list,e,0,0.9993846153846154,0.9993781094527364,0.9993845398687498,0.998769836853814,1,,,,,,10
19,2,select_coverage,1.0,exact,majority,e,0,0.9993846153846154,0.9993909866017052,0.9993845557192952,0.998769868515932,1,,,,,,10
19,2,select_coverage,1.0,exact,cmar,e,0,0.9987692307692309,0.9987690960544416,0.9987690960544416,0.9975381921088832,2,,,,,,10
19,2,select_coverage,1.0,exact,top_k_avg,e,0,0.9993846153846154,0.9993781094527364,0.9993845398687498,0.998769836853814,1,,,,,,10
19,2,select_coverage,1.0,exact,list,e,0,1.0,1.0,1.0,1.0,0,,,,,,10
19,2,select_coverage,2.0,exact,majority,e,0,0.9993846153846154,0.9993909866017052,0.9993845557192952,0.998769868515932,1,,,,,,10
19,2,select_coverage,2.0,exact,cmar,e,0,0.9981538461538462,0.9981600826561468,0.998153667157886,0.9963080904605708,3,,,,,,10
19,2,select_coverage,2.0,exact,top_k_avg,e,0,0.9993846153846154,0.9993781094527364,0.9993845398687498,0.998769836853814,1,,,,,,10
19,2,select_coverage,2.0,exact,list,e,0,1.0,1.0,1.0,1.0,0,,,,,,10
19,2,select_coverage,3.0,exact,majority,e,0,0.9993846153846154,0.9993909866017052,0.9993845557192952,0.998769868515932,1,,,,,,10
19,2,select_coverage,3.0,exact,cmar,e,0,0.9987692307692309,0.9987690960544416,0.9987690960544416,0.9975381921088832,2,,,,,,10
19,2,select_coverage,3.0,exact,top_k_avg,e,0,0.9987692307692309,0.9987562189054726,0.9987690624876906,0.9975411516635264,2,,,,,,10
19,2,select_coverage,3.0,exact,list,e,0,1.0,1.0,1.0,1.0,0,,,,,,10
19,2,select_coverage,4.0,exact,majority,e,0,0.9993846153846154,0.9993909866017052,0.9993845557192952,0.998769868515932,1,,,,,,10
19,2,select_coverage,4.0,exact,cmar,e,0,0.9987692307692309,0.9987690960544416,0.9987690960544416,0.9975381921088832,2,,,,,,10
19,2,select_coverage,4.0,exact,top_k_avg,e,0,1.0,1.0,1.0,1.0,0,,,,,,10
19,2,select_coverage,4.0,exact,list,e,0,1.0,1.0,1.0,1.0,0,,,,,,10
19,2,select_coverage_CBA_M1,,exact,majority,e,0,0.9993846153846154,0.9993781094527364,0.9993845398687498,0.998769836853814,1,,,,,,10
19,2,select_coverage_CBA_M1,,exact,cmar,e,0,0.9993846153846154,0.9993781094527364,0.9993845398687498,0.998769836853814,1,,,,,,10
19,2,select_coverage_CBA_M1,,exact,top_k_avg,e,0,0.9987692307692309,0.9987562189054726,0.9987690624876906,0.9975411516635264,2,,,,,,10
19,2,select_coverage_CBA_M1,,exact,list,e,0,0.9993846153846154,0.9993781094527364,0.9993845398687498,0.998769836853814,1,,,,,,10
29,1,select_coverage,1.0,DAC,list,e,0,0.9876923076923076,0.9876167580128642,0.9876883866255723,0.9756193317707592,20,,,,,,10
29,1,select_coverage,1.0,exact,majority,e,0,0.9956923076923077,0.9956796126800036,0.9956919879307492,0.9913907640923216,7,,,,,,10
29,1,select_coverage,1.0,exact,cmar,e,0,0.9981538461538462,0.9981495956832483,0.9981537454728892,0.9963082470265512,3,,,,,,10
29,1,select_coverage,1.0,exact,top_k_avg,e,0,0.9987692307692309,0.9987608426270136,0.9987691519949584,0.9975413302384496,2,,,,,,10
29,1,select_coverage,1.0,exact,list,e,0,1.0,1.0,1.0,1.0,0,,,,,,10
29,1,select_coverage,2.0,DAC,list,e,0,0.9876923076923076,0.9876167580128642,0.9876883866255723,0.9756193317707592,20,,,,,,10
29,1,select_coverage,2.0,exact,majority,e,0,0.9975384615384616,0.997546680482211,0.9975383860295456,0.9950797943769824,4,,,,,,10
29,1,select_coverage,2.0,exact,cmar,e,0,0.9975384615384616,0.9975383487394832,0.9975383487394832,0.995076697478966,4,,,,,,10
29,1,select_coverage,2.0,exact,top_k_avg,e,0,0.9981538461538462,0.9981495956832483,0.9981537454728892,0.9963082470265512,3,,,,,,10
29,1,select_coverage,2.0,exact,list,e,0,1.0,1.0,1.0,1.0,0,,,,,,10
29,1,select_coverage,3.0,DAC,list,e,0,0.9876923076923076,0.9876167580128642,0.9876883866255723,0.9756193317707592,20,,,,,,10
29,1,select_coverage,3.0,exact,majority,e,0,0.9981538461538462,0.9981579274259762,0.99815377623768,0.996308308530982,3,,,,,,10
29,1,select_coverage,3.0,exact,cmar,e,0,0.9975384615384616,0.9975383487394832,0.9975383487394832,0.995076697478966,4,,,,,,10
29,1,select_coverage,3.0,exact,top_k_avg,e,0,0.9993846153846154,0.9993887530562346,0.9993845920792268,0.9987699411463972,1,,,,,,10
29,1,select_coverage,3.0,exact,list,e,0,1.0,1.0,1.0,1.0,0,,,,,,10
29,1,select_coverage,4.0,DAC,list,e,0,0.9876923076923076,0.9876167580128642,0.9876883866255723,0.9756193317707592,20,,,,,,10
29,1,select_coverage,4.0,exact,majority,e,0,0.9981538461538462,0.9981495956832483,0.9981537454728892,0.9963082470265512,3,,,,,,10
29,1,select_coverage,4.0,exact,cmar,e,0,0.9981538461538462,0.9981495956832483,0.9981537454728892,0.9963082470265512,3,,,,,,10
29,1,select_coverage,4.0,exact,top_k_avg,e,0,1.0,1.0,1.0,1.0,0,,,,,,10
29,1,select_coverage,4.0,exact,list,e,0,1.0,1.0,1.0,1.0,0,,,,,,10
29,1,select_coverage_CBA_M1,,DAC,list,e,0,0.9876923076923076,0.9876167580128642,0.9876883866255723,0.9756193317707592,20,,,,,,10
29,1,select_coverage_CBA_M1,,exact,majority,e,0,0.9950769230769232,0.9950433705080546,0.9950762499507624,0.9902007489319752,8,,,,,,10
29,1,select_coverage_CBA_M1,,exact,cmar,e,0,0.9926153846153846,0.9925733875048096,0.9926141511349208,0.9853035103871874,12,,,,,,10
29,1,select_coverage_CBA_M1,,exact,top_k_avg,e,0,0.9981538461538462,0.9981412639405204,0.9981537091131782,0.996314223241464,3,,,,,,10
29,1,select_coverage_CBA_M1,,exact,list,e,0,0.9981538461538462,0.9981412639405204,0.9981537091131782,0.996314223241464,3,,,,,,10
29,2,select_coverage,1.0,exact,majority,e,0,0.9956923076923077,0.9956796126800036,0.9956919879307492,0.9913907640923216,7,,,,,,10
29,2,select_coverage,1.0,exact,cmar,e,0,0.9981538461538462,0.9981495956832483,0.9981537454728892,0.9963082470265512,3,,,,,,10
29,2,select_coverage,1.0,exact,top_k_avg,e,0,0.9987692307692309,0.9987608426270136,0.9987691519949584,0.9975413302384496,2,,,,,,10
29,2,select_coverage,1.0,exact,list,e,0,1.0,1.0,1.0,1.0,0,,,,,,10
29,2,select_coverage,2.0,exact,majority,e,0,0.9975384615384616,0.997546680482211,0.9975383860295456,0.9950797943769824,4,,,,,,10
29,2,select_coverage,2.0,exact,cmar,e,0,0.9975384615384616,0.9975383487394832,0.9975383487394832,0.995076697478966,4,,,,,,10
29,2,select_coverage,2.0,exact,top_k_avg,e,0,0.9981538461538462,0.9981495956832483,0.9981537454728892,0.9963082470265512,3,,,,,,10
29,2,select_coverage,2.0,exact,list,e,0,1.0,1.0,1.0,1.0,0,,,,,,10
29,2,select_coverage,3.0,exact,majority,e,0,0.9981538461538462,0.9981579274259762,0.99815377623768,0.996308308530982,3,,,,,,10
29,2,select_coverage,3.0,exact,cmar,e,0,0.9975384615384616,0.9975383487394832,0.9975383487394832,0.995076697478966,4,,,,,,10
29,2,select_coverage,3.0,exact,top_k_avg,e,0,0.9993846153846154,0.9993887530562346,0.9993845920792268,0.9987699411463972,1,,,,,,10
29,2,select_coverage,3.0,exact,list,e,0,1.0,1.0,1.0,1.0,0,,,,,,10
29,2,select_coverage,4.0,exact,majority,e,0,0.9981538461538462,0.9981495956832483,0.9981537454728892,0.9963082470265512,3,,,,,,10
29,2,select_coverage,4.0,exact,cmar,e,0,0.9981538461538462,0.9981495956832483,0.9981537454728892,0.9963082470265512,3,,,,,,10
29,2,select_coverage,4.0,exact,top_k_avg,e,0,1.0,1.0,1.0,1.0,0,,,,,,10
29,2,select_coverage,4.0,exact,list,e,0,1.0,1.0,1.0,1.0,0,,,,,,10
29,2,select_coverage_CBA_M1,,exact,majority,e,0,0.9963076923076924,0.9962908596237688,0.99630737767005,0.992626831061986,6,,,,,,10
29,2,select_coverage_CBA_M1,,exact,cmar,e,0,0.9963076923076924,0.9962908596237688,0.99630737767005,0.992626831061986,6,,,,,,10
29,2,select_coverage_CBA_M1,,exact,top_k_avg,e,0,1.0,1.0,1.0,1.0,0,,,,,,10
29,2,select_coverage_CBA_M1,,exact,list,e,0,1.0,1.0,1.0,1.0,0,,,,,,10
31,1,select_coverage,1.0,DAC,list,e,0,0.992,0.9916511791750936,0.9919753848491468,0.9840422415251676,13,,,,,,10
31,1,select_coverage,1.0,exact,majority,e,0,0.9969230769230768,0.9967658473479948,0.9969148330649396,0.9938486439337676,5,,,,,,10
31,1,select_coverage,1.0,exact,cmar,e,0,0.9956923076923077,0.9955321623575,0.9956807662909156,0.991380486830395,7,,,,,,10
31,1,select_coverage,1.0,exact,top_k_avg,e,0,0.9981538461538462,0.998119484479104,0.998149360817698,0.996299481304982,3,,,,,,10
31,1,select_coverage,1.0,exact,list,e,0,1.0,1.0,1.0,1.0,0,,,,,,10
31,1,select_coverage,2.0,DAC,list,e,0,0.992,0.9916511791750936,0.9919753848491468,0.9840422415251676,13,,,,,,10
31,1,select_coverage,2.0,exact,majority,e,0,0.9963076923076924,0.9961190168175936,0.9962975620870358,0.9926224388594332,6,,,,,,10
31,1,select_coverage,2.0,exact,cmar,e,0,0.9956923076923077,0.9955321623575,0.9956807662909156,0.991380486830395,7,,,,,,10
31,1,select_coverage,2.0,exact,top_k_avg,e,0,0.9969230769230768,0.996825823418302,0.9969152219464588,0.99383727414358,5,,,,,,10
31,1,select_coverage,2.0,exact,list,e,0,0.9987692307692309,0.998706338939198,0.9987661651349398,0.9975353712054932,2,,,,,,10
31,1,select_coverage,3.0,DAC,list,e,0,0.992,0.9916511791750936,0.9919753848491468,0.9840422415251676,13,,,,,,10
31,1,select_coverage,3.0,exact,majority,e,0,0.9981538461538462,0.9980595084087968,0.9981491331678752,0.9963051050620084,3,,,,,,10
31,1,select_coverage,3.0,exact,cmar,e,0,0.9956923076923077,0.9955321623575,0.9956807662909156,0.991380486830395,7,,,,,,10
31,1,select_coverage,3.0,exact,top_k_avg,e,0,0.9969230769230768,0.9967658473479948,0.9969148330649396,0.9938486439337676,5,,,,,,10
31,1,select_coverage,3.0,exact,list,e,0,0.9987692307692309,0.998706338939198,0.9987661651349398,0.9975353712054932,2,,,,,,10
31,1,select_coverage,4.0,DAC,list,e,0,0.992,0.9916511791750936,0.9919753848491468,0.9840422415251676,13,,,,,,10
31,1,select_coverage,4.0,exact,majority,e,0,0.9981538461538462,0.998119484479104,0.998149360817698,0.996299481304982,3,,,,,,10
31,1,select_coverage,4.0,exact,cmar,e,0,0.9956923076923077,0.9955321623575,0.9956807662909156,0.991380486830395,7,,,,,,10
31,1,select_coverage,4.0,exact,top_k_avg,e,0,0.9987692307692309,0.998706338939198,0.9987661651349398,0.9975353712054932,2,,,,,,10
31,1,select_coverage,4.0,exact,list,e,0,0.9987692307692309,0.998706338939198,0.9987661651349398,0.9975353712054932,2,,,,,,10
31,1,select_coverage_CBA_M1,,DAC,list,e,0,0.9907692307692308,0.9903575181142916,0.9907395482267232,0.981606732449526,15,,,,,,10
31,1,select_coverage_CBA_M1,,exact,majority,e,0,0.9926153846153846,0.9922380336351876,0.9925921536091028,0.9852932500318302,12,,,,,,10
31,1,select_coverage_CBA_M1,,exact,cmar,e,0,0.9950769230769232,0.9948253557567917,0.995062771167799,0.9901740545900124,8,,,,,,10
31,1,select_coverage_CBA_M1,,exact,top_k_avg,e,0,0.9981538461538462,0.9981794605494112,0.9981495827926004,0.9962999250728984,3,,,,,,10
31,1,select_coverage_CBA_M1,,exact,list,e,0,0.9993846153846154,0.999353169469599,0.999383120272566,0.9987670011559856,1,,,,,,10
31,2,select_coverage,1.0,exact,majority,e,0,0.9969230769230768,0.9967658473479948,0.9969148330649396,0.9938486439337676,5,,,,,,10
31,2,select_coverage,1.0,exact,cmar,e,0,0.9956923076923077,0.9955321623575,0.9956807662909156,0.991380486830395,7,,,,,,10
31,2,select_coverage,1.0,exact,top_k_avg,e,0,0.9981538461538462,0.998119484479104,0.998149360817698,0.996299481304982,3,,,,,,10
31,2,select_coverage,1.0,exact,list,e,0,1.0,1.0,1.0,1.0,0,,,,,,10
31,2,select_coverage,2.0,exact,majority,e,0,0.9963076923076924,0.9961190168175936,0.9962975620870358,0.9926224388594332,6,,,,,,10
31,2,select_coverage,2.0,exact,cmar,e,0,0.9956923076923077,0.9955321623575,0.9956807662909156,0.991380486830395,7,,,,,,10
31,2,select_coverage,2.0,exact,top_k_avg,e,0,0.9969230769230768,0.996825823418302,0.9969152219464588,0.99383727414358,5,,,,,,10
31,2,select_coverage,2.0,exact,list,e,0,0.9987692307692309,0.998706338939198,0.9987661651349398,0.9975353712054932,2,,,,,,10
31,2,select_coverage,3.0,exact,majority,e,0,0.9981538461538462,0.9980595084087968,0.9981491331678752,0.9963051050620084,3,,,,,,10
31,2,select_coverage,3.0,exact,cmar,e,0,0.9956923076923077,0.9955321623575,0.9956807662909156,0.991380486830395,7,,,,,,10
31,2,select_coverage,3.0,exact,top_k_avg,e,0,0.9969230769230768,0.9967658473479948,0.9969148330649396,0.9938486439337676,5,,,,,,10
31,2,select_coverage,3.0,exact,list,e,0,0.9987692307692309,0.998706338939198,0.9987661651349398,0.9975353712054932,2,,,,,,10
31,2,select_coverage,4.0,exact,majority,e,0,0.9981538461538462,0.998119484479104,0.998149360817698,0.996299481304982,3,,,,,,10
31,2,select_coverage,4.0,exact,cmar,e,0,0.9956923076923077,0.9955321623575,0.9956807662909156,0.991380486830395,7,,,,,,10
31,2,select_coverage,4.0,exact,top_k_avg,e,0,0.9987692307692309,0.998706338939198,0.9987661651349398,0.9975353712054932,2,,,,,,10
31,2,select_coverage,4.0,exact,list,e,0,0.9987692307692309,0.998706338939198,0.9987661651349398,0.9975353712054932,2,,,,,,10
31,2,select_coverage_CBA_M1,,exact,majority,e,0,0.9950769230769232,0.9948253557567917,0.995062771167799,0.9901740545900124,8,,,,,,10
31,2,select_coverage_CBA_M1,,exact,cmar,e,0,0.9956923076923077,0.9954721862871928,0.9956802085956064,0.9913975774127431,7,,,,,,10
31,2,select_coverage_CBA_M1,,exact,top_k_avg,e,0,0.9981538461538462,0.998119484479104,0.998149360817698,0.996299481304982,3,,,,,,10
31,2,select_coverage_CBA_M1,,exact,list,e,0,1.0,1.0,1.0,1.0,0,,,,,,10
34,1,select_coverage,1.0,DAC,list,e,0,0.9876923076923076,0.9875038659559372,0.987677145769128,0.9754292839796108,20,,,,,,10
34,1,select_coverage,1.0,exact,majority,e,0,0.9987692307692309,0.9987682003141278,0.9987682003141278,0.9975364006282558,2,,,,,,10
34,1,select_coverage,1.0,exact,cmar,e,0,0.9963076923076924,0.996233346068247,0.9963040518206052,0.99262020104497,6,,,,,,10
34,1,select_coverage,1.0,exact,top_k_avg,e,0,0.9932307692307693,0.9930291508238276,0.9932221346313468,0.9865355288473928,11,,,,,,10
34,1,select_coverage,1.0,exact,list,e,0,1.0,1.0,1.0,1.0,0,,,,,,10
34,1,select_coverage,2.0,DAC,list,e,0,0.9876923076923076,0.9875038659559372,0.987677145769128,0.9754292839796108,20,,,,,,10
34,1,select_coverage,2.0,exact,majority,e,0,0.9981538461538462,0.9981344867526576,0.9981522339396912,0.99630522519638,3,,,,,,10
34,1,select_coverage,2.0,exact,cmar,e,0,0.9950769230769232,0.9949659189453066,0.9950716805114534,0.9901705509632752,8,,,,,,10
34,1,select_coverage,2.0,exact,top_k_avg,e,0,0.9956923076923077,0.9955996325067769,0.9956878920938116,0.9913946762161664,7,,,,,,10
34,1,select_coverage,2.0,exact,list,e,0,1.0,1.0,1.0,1.0,0,,,,,,10
34,1,select_coverage,3.0,DAC,list,e,0,0.9876923076923076,0.9875038659559372,0.987677145769128,0.9754292839796108,20,,,,,,10
34,1,select_coverage,3.0,exact,majority,e,0,0.9987692307692309,0.9987682003141278,0.9987682003141278,0.9975364006282558,2,,,,,,10
34,1,select_coverage,3.0,exact,cmar,e,0,0.9944615384615384,0.9943322053838364,0.9944554156656402,0.9889478200920804,9,,,,,,10
34,1,select_coverage,3.0,exact,top_k_avg,e,0,0.9975384615384616,0.9975007731911874,0.997536221336778,0.9950754702961891,4,,,,,,10
34,1,select_coverage,3.0,exact,list,e,0,1.0,1.0,1.0,1.0,0,,,,,,10
34,1,select_coverage,4.0,DAC,list,e,0,0.9876923076923076,0.9875038659559372,0.987677145769128,0.9754292839796108,20,,,,,,10
34,1,select_coverage,4.0,exact,majority,e,0,0.9981538461538462,0.998170114189726,0.9981523655973884,0.9963054884040567,3,,,,,,10
34,1,select_coverage,4.0,exact,cmar,e,0,0.9956923076923077,0.9955996325067769,0.9956878920938116,0.9913946762161664,7,,,,,,10
34,1,select_coverage,4.0,exact,top_k_avg,e,0,1.0,1.0,1.0,1.0,0,,,,,,10
34,1,select_coverage,4.0,exact,list,e,0,1.0,1.0,1.0,1.0,0,,,,,,10
34,1,select_coverage_CBA_M1,,DAC,list,e,0,0.9876923076923076,0.9875038659559372,0.987677145769128,0.9754292839796108,20,,,,,,10
34,1,select_coverage_CBA_M1,,exact,majority,e,0,0.9944615384615384,0.994296577946768,0.994454953177056,0.9889710619293788,9,,,,,,10
34,1,select_coverage_CBA_M1,,exact,cmar,e,0,0.9938461538461538,0.9936628643852978,0.993838572884564,0.9877526066187092,10,,,,,,10
34,1,select_coverage_CBA_M1,,exact,top_k_avg,e,0,0.992,0.9917973511379554,0.9919897954734096,0.9840707371560592,13,,,,,,10
34,1,select_coverage_CBA_M1,,exact,list,e,0,0.9963076923076924,0.9961977186311788,0.99630376038359,0.992634744409635,6,,,,,,10
34,2,select_coverage,1.0,exact,majority,e,0,0.9987692307692309,0.9987682003141278,0.9987682003141278,0.9975364006282558,2,,,,,,10
34,2,select_coverage,1.0,exact,cmar,e,0,0.9963076923076924,0.996233346068247,0.9963040518206052,0.99262020104497,6,,,,,,10
34,2,select_coverage,1.0,exact,top_k_avg,e,0,0.9932307692307693,0.9930291508238276,0.9932221346313468,0.9865355288473928,11,,,,,,10
34,2,select_coverage,1.0,exact,list,e,0,1.0,1.0,1.0,1.0,0,,,,,,10
34,2,select_coverage,2.0,exact,majority,e,0,0.9981538461538462,0.9981344867526576,0.9981522339396912,0.99630522519638,3,,,,,,10
34,2,select_coverage,2.0,exact,cmar,e,0,0.9950769230769232,0.9949659189453066,0.9950716805114534,0.9901705509632752,8,,,,,,10
34,2,select_coverage,2.0,exact,top_k_avg,e,0,0.9956923076923077,0.9955996325067769,0.9956878920938116,0.9913946762161664,7,,,,,,10
34,2,select_coverage,2.0,exact,list,e,0,1.0,1.0,1.0,1.0,0,,,,,,10
34,2,select_coverage,3.0,exact,majority,e,0,0.9987692307692309,0.9987682003141278,0.9987682003141278,0.9975364006282558,2,,,,,,10
34,2,select_coverage,3.0,exact,cmar,e,0,0.9944615384615384,0.9943322053838364,0.9944554156656402,0.9889478200920804,9,,,,,,10
34,2,select_coverage,3.0,exact,top_k_avg,e,0,0.9975384615384616,0.9975007731911874,0.997536221336778,0.9950754702961891,4,,,,,,10
34,2,select_coverage,3.0,exact,list,e,0,1.0,1.0,1.0,1.0,0,,,,,,10
34,2,select_coverage,4.0,exact,majority,e,0,0.9981538461538462,0.998170114189726,0.9981523655973884,0.9963054884040567,3,,,,,,10
34,2,select_coverage,4.0,exact,cmar,e,0,0.9956923076923077,0.9955996325067769,0.9956878920938116,0.9913946762161664,7,,,,,,10
34,2,select_coverage,4.0,exact,top_k_avg,e,0,1.0,1.0,1.0,1.0,0,,,,,,10
34,2,select_coverage,4.0,exact,list,e,0,1.0,1.0,1.0,1.0,0,,,,,,10
34,2,select_coverage_CBA_M1,,exact,majority,e,0,0.9987692307692309,0.9987325728770596,0.998768110668389,0.9975392527017272,2,,,,,,10
34,2,select_coverage_CBA_M1,,exact,cmar,e,0,0.9938461538461538,0.993698491822366,0.9938390961480134,0.9877264784260344,10,,,,,,10
34,2,select_coverage_CBA_M1,,exact,top_k_avg,e,0,0.9938461538461538,0.993698491822366,0.9938390961480134,0.9877264784260344,10,,,,,,10
34,2,select_coverage_CBA_M1,,exact,list,e,0,1.0,1.0,1.0,1.0,0,,,,,,10
42,1,select_coverage,1.0,DAC,list,e,0,0.9950769230769232,0.9949774432440468,0.995069033530572,0.9901501643073392,8,,,,,,10
42,1,select_coverage,1.0,exact,majority,e,0,0.9993846153846154,0.9994068801897984,0.999383775277064,0.998768309551596,1,,,,,,10
42,1,select_coverage,1.0,exact,cmar,e,0,0.9993846153846154,0.9993606138107416,0.999383718253431,0.9987681956447204,1,,,,,,10
42,1,select_coverage,1.0,exact,top_k_avg,e,0,0.9963076923076924,0.99616368286445,0.9963014047833648,0.9926300677913532,6,,,,,,10
42,1,select_coverage,1.0,exact,list,e,0,1.0,1.0,1.0,1.0,0,,,,,,10
42,1,select_coverage,2.0,DAC,list,e,0,0.9950769230769232,0.9949774432440468,0.995069033530572,0.9901501643073392,8,,,,,,10
42,1,select_coverage,2.0,exact,majority,e,0,1.0,1.0,1.0,1.0,0,,,,,,10
42,1,select_coverage,2.0,exact,cmar,e,0,0.9993846153846154,0.9993606138107416,0.999383718253431,0.9987681956447204,1,,,,,,10
42,1,select_coverage,2.0,exact,top_k_avg,e,0,0.9993846153846154,0.9993606138107416,0.999383718253431,0.9987681956447204,1,,,,,,10
42,1,select_coverage,2.0,exact,list,e,0,1.0,1.0,1.0,1.0,0,,,,,,10
42,1,select_coverage,3.0,DAC,list,e,0,0.9944615384615384,0.9943843234338452,0.9944529341418206,0.9889126680829604,9,,,,,,10
42,1,select_coverage,3.0,exact,majority,e,0,1.0,1.0,1.0,1.0,0,,,,,,10
42,1,select_coverage,3.0,exact,cmar,e,0,0.9987692307692309,0.99876749400054,0.99876749400054,0.99753498800108,2,,,,,,10
42,1,select_coverage,3.0,exact,top_k_avg,e,0,1.0,1.0,1.0,1.0,0,,,,,,10
42,1,select_coverage,3.0,exact,list,e,0,1.0,1.0,1.0,1.0,0,,,,,,10
42,1,select_coverage,4.0,DAC,list,e,0,0.9944615384615384,0.9943843234338452,0.9944529341418206,0.9889126680829604,9,,,,,,10
42,1,select_coverage,4.0,exact,majority,e,0,0.9993846153846154,0.9993606138107416,0.999383718253431,0.9987681956447204,1,,,,,,10
42,1,select_coverage,4.0,exact,cmar,e,0,0.9987692307692309,0.99876749400054,0.99876749400054,0.99753498800108,2,,,,,,10
42,1,select_coverage,4.0,exact,top_k_avg,e,0,1.0,1.0,1.0,1.0,0,,,,,,10
42,1,select_coverage,4.0,exact,list,e,0,1.0,1.0,1.0,1.0,0,,,,,,10
42,1,select_coverage_CBA_M1,,DAC,list,e,0,0.9950769230769232,0.9949774432440468,0.995069033530572,0.9901501643073392,8,,,,,,10
42,1,select_coverage_CBA_M1,,exact,majority,e,0,0.9981538461538462,0.998081841432225,0.9981509780472736,0.9963087812195291,3,,,,,,10
42,1,select_coverage_CBA_M1,,exact,cmar,e,0,0.9963076923076924,0.99616368286445,0.9963014047833648,0.9926300677913532,6,,,,,,10
42,1,select_coverage_CBA_M1,,exact,top_k_avg,e,0,0.9950769230769232,0.9948849104859336,0.9950680308240484,0.9901844711035764,8,,,,,,10
42,1,select_coverage_CBA_M1,,exact,list,e,0,0.9987692307692309,0.9987212276214834,0.9987673780728316,0.997537791112704,2,,,,,,10
42,2,select_coverage,1.0,exact,majority,e,0,0.9993846153846154,0.9994068801897984,0.999383775277064,0.998768309551596,1,,,,,,10
42,2,select_coverage,1.0,exact,cmar,e,0,0.9993846153846154,0.9993606138107416,0.999383718253431,0.9987681956447204,1,,,,,,10
42,2,select_coverage,1.0,exact,top_k_avg,e,0,0.9963076923076924,0.99616368286445,0.9963014047833648,0.9926300677913532,6,,,,,,10
42,2,select_coverage,1.0,exact,list,e,0,1.0,1.0,1.0,1.0,0,,,,,,10
42,2,select_coverage,2.0,exact,majority,e,0,1.0,1.0,1.0,1.0,0,,,,,,10
42,2,select_coverage,2.0,exact,cmar,e,0,0.9993846153846154,0.9993606138107416,0.999383718253431,0.9987681956447204,1,,,,,,10
42,2,select_coverage,2.0,exact,top_k_avg,e,0,0.9993846153846154,0.9993606138107416,0.999383718253431,0.9987681956447204,1,,,,,,10
42,2,select_coverage,2.0,exact,list,e,0,1.0,1.0,1.0,1.0,0,,,,,,10
42,2,select_coverage,3.0,exact,majority,e,0,1.0,1.0,1.0,1.0,0,,,,,,10
42,2,select_coverage,3.0,exact,cmar,e,0,0.9987692307692309,0.99876749400054,0.99876749400054,0.99753498800108,2,,,,,,10
42,2,select_coverage,3.0,exact,top_k_avg,e,0,1.0,1.0,1.0,1.0,0,,,,,,10
42,2,select_coverage,3.0,exact,list,e,0,1.0,1.0,1.0,1.0,0,,,,,,10
42,2,select_coverage,4.0,exact,majority,e,0,0.9993846153846154,0.9993606138107416,0.999383718253431,0.9987681956447204,1,,,,,,10
42,2,select_coverage,4.0,exact,cmar,e,0,0.9987692307692309,0.99876749400054,0.99876749400054,0.99753498800108,2,,,,,,10
42,2,select_coverage,4.0,exact,top_k_avg,e,0,1.0,1.0,1.0,1.0,0,,,,,,10
42,2,select_coverage,4.0,exact,list,e,0,1.0,1.0,1.0,1.0,0,,,,,,10
42,2,select_coverage_CBA_M1,,exact,majority,e,0,0.9981538461538462,0.998081841432225,0.9981509780472736,0.9963087812195291,3,,,,,,10
42,2,select_coverage_CBA_M1,,exact,cmar,e,0,0.9963076923076924,0.99616368286445,0.9963014047833648,0.9926300677913532,6,,,,,,10
42,2,select_coverage_CBA_M1,,exact,top_k_avg,e,0,0.9950769230769232,0.9948849104859336,0.9950680308240484,0.9901844711035764,8,,,,,,10
42,2,select_coverage_CBA_M1,,exact,list,e,0,0.9987692307692309,0.9987212276214834,0.9987673780728316,0.997537791112704,2,,,,,,10
49,1,select_coverage,1.0,DAC,list,e,0,0.9809230769230768,0.9810213349976368,0.98092018672651,0.9624655773241606,31,,,,,,10
49,1,select_coverage,1.0,exact,majority,e,0,0.9969230769230768,0.9969195741483572,0.9969229603961334,0.993846675915567,5,,,,,,10
49,1,select_coverage,1.0,exact,cmar,e,0,0.9975384615384616,0.9975520195838432,0.9975384382337348,0.9950889652824813,4,,,,,,10
49,1,select_coverage,1.0,exact,top_k_avg,e,0,0.9981538461538462,0.9981640146878824,0.9981538209846365,0.9963144461612586,3,,,,,,10
49,1,select_coverage,1.0,exact,list,e,0,1.0,1.0,1.0,1.0,0,,,,,,10
49,1,select_coverage,2.0,DAC,list,e,0,0.9809230769230768,0.9810213349976368,0.98092018672651,0.9624655773241606,31,,,,,,10
49,1,select_coverage,2.0,exact,majority,e,0,0.9975384615384616,0.9975315692523964,0.9975383487394832,0.9950797198882004,4,,,,,,10
49,1,select_coverage,2.0,exact,cmar,e,0,0.9969230769230768,0.996940024479804,0.9969230582793592,0.9938649936154672,5,,,,,,10
49,1,select_coverage,2.0,exact,top_k_avg,e,0,0.9981538461538462,0.9981640146878824,0.9981538209846365,0.9963144461612586,3,,,,,,10
49,1,select_coverage,2.0,exact,list,e,0,1.0,1.0,1.0,1.0,0,,,,,,10
49,1,select_coverage,3.0,DAC,list,e,0,0.9809230769230768,0.9810213349976368,0.98092018672651,0.9624655773241606,31,,,,,,10
49,1,select_coverage,3.0,exact,majority,e,0,0.9993846153846154,0.9993880048959608,0.99938460046937,0.9987699579060558,1,,,,,,10
49,1,select_coverage,3.0,exact,cmar,e,0,0.9950769230769232,0.9951040391676866,0.995076921212562,0.990202078365195,8,,,,,,10
49,1,select_coverage,3.0,exact,top_k_avg,e,0,0.9987692307692309,0.9987760097919216,0.9987692079303908,0.9975414418346056,2,,,,,,10
49,1,select_coverage,3.0,exact,list,e,0,1.0,1.0,1.0,1.0,0,,,,,,10
49,1,select_coverage,4.0,DAC,list,e,0,0.9809230769230768,0.9810213349976368,0.98092018672651,0.9624655773241606,31,,,,,,10
49,1,select_coverage,4.0,exact,majority,e,0,0.9993846153846154,0.9993880048959608,0.99938460046937,0.9987699579060558,1,,,,,,10
49,1,select_coverage,4.0,exact,cmar,e,0,0.9944615384615384,0.9944920440636476,0.9944615384615384,0.988984088127295,9,,,,,,10
49,1,select_coverage,4.0,exact,top_k_avg,e,0,0.9987692307692309,0.9987760097919216,0.9987692079303908,0.9975414418346056,2,,,,,,10
49,1,select_coverage,4.0,exact,list,e,0,1.0,1.0,1.0,1.0,0,,,,,,10
49,1,select_coverage_CBA_M1,,DAC,list,e,20,0.9809230769230768,0.9810213349976368,0.98092018672651,0.9624655773241606,31,0.9686153846153848,0.9687814329168536,0.9685963566089748,0.9389578249125669,51.0,10
49,1,select_coverage_CBA_M1,,exact,majority,e,20,0.9870769230769232,0.9871481028151774,0.9870762183102244,0.9744822225726671,21,0.9747692307692308,0.974908200734394,0.9747594428097276,0.9507616761756396,41.0,10
49,1,select_coverage_CBA_M1,,exact,cmar,e,20,0.9870769230769232,0.9871481028151774,0.9870762183102244,0.9744822225726671,21,0.9747692307692308,0.974908200734394,0.9747594428097276,0.9507616761756396,41.0,10
49,1,select_coverage_CBA_M1,,exact,top_k_avg,e,20,0.9932307692307693,0.9932680538555692,0.993230758976771,0.9865525470030932,11,0.9809230769230768,0.981028151774786,0.9809195796739644,0.962553648965673,31.0,10
49,1,select_coverage_CBA_M1,,exact,list,e,20,0.9932307692307693,0.9932680538555692,0.993230758976771,0.9865525470030932,11,0.9809230769230768,0.981028151774786,0.9809195796739644,0.962553648965673,31.0,10
49,2,select_coverage,1.0,exact,majority,e,0,0.9969230769230768,0.9969195741483572,0.9969229603961334,0.993846675915567,5,,,,,,10
49,2,select_coverage,1.0,exact,cmar,e,0,0.9975384615384616,0.9975520195838432,0.9975384382337348,0.9950889652824813,4,,,,,,10
49,2,select_coverage,1.0,exact,top_k_avg,e,0,0.9981538461538462,0.9981640146878824,0.9981538209846365,0.9963144461612586,3,,,,,,10
49,2,select_coverage,1.0,exact,list,e,0,1.0,1.0,1.0,1.0,0,,,,,,10
49,2,select_coverage,2.0,exact,majority,e,0,0.9975384615384616,0.9975315692523964,0.9975383487394832,0.9950797198882004,4,,,,,,10
49,2,select_coverage,2.0,exact,cmar,e,0,0.9969230769230768,0.996940024479804,0.9969230582793592,0.9938649936154672,5,,,,,,10
49,2,select_coverage,2.0,exact,top_k_avg,e,0,0.9981538461538462,0.9981640146878824,0.9981538209846365,0.9963144461612586,3,,,,,,10
49,2,select_coverage,2.0,exact,list,e,0,1.0,1.0,1.0,1.0,0,,,,,,10
49,2,select_coverage,3.0,exact,majority,e,0,0.9993846153846154,0.9993880048959608,0.99938460046937,0.9987699579060558,1,,,,,,10
49,2,select_coverage,3.0,exact,cmar,e,0,0.9950769230769232,0.9951040391676866,0.995076921212562,0.990202078365195,8,,,,,,10
49,2,select_coverage,3.0,exact,top_k_avg,e,0,0.9987692307692309,0.9987760097919216,0.9987692079303908,0.9975414418346056,2,,,,,,10
49,2,select_coverage,3.0,exact,list,e,0,1.0,1.0,1.0,1.0,0,,,,,,10
49,2,select_coverage,4.0,exact,majority,e,0,0.9993846153846154,0.9993880048959608,0.99938460046937,0.9987699579060558,1,,,,,,10
49,2,select_coverage,4.0,exact,cmar,e,0,0.9944615384615384,0.9944920440636476,0.9944615384615384,0.988984088127295,9,,,,,,10
49,2,select_coverage,4.0,exact,top_k_avg,e,0,0.9987692307692309,0.9987760097919216,0.9987692079303908,0.9975414418346056,2,,,,,,10
49,2,select_coverage,4.0,exact,list,e,0,1.0,1.0,1.0,1.0,0,,,,,,10
49,2,select_coverage_CBA_M1,,exact,majority,e,0,0.9870769230769232,0.9871481028151774,0.9870762183102244,0.9744822225726671,21,,,,,,10
49,2,select_coverage_CBA_M1,,exact,cmar,e,0,0.9870769230769232,0.9871481028151774,0.9870762183102244,0.9744822225726671,21,,,,,,10
49,2,select_coverage_CBA_M1,,exact,top_k_avg,e,0,0.9932307692307693,0.9932680538555692,0.993230758976771,0.9865525470030932,11,,,,,,10
49,2,select_coverage_CBA_M1,,exact,list,e,0,0.9932307692307693,0.9932680538555692,0.993230758976771,0.9865525470030932,11,,,,,,10
63,1,select_coverage,1.0,DAC,list,e,0,0.9926153846153846,0.9925520176544766,0.99261021018836,0.985232466041446,12,,,,,,10
63,1,select_coverage,1.0,exact,majority,e,0,1.0,1.0,1.0,1.0,0,,,,,,10
63,1,select_coverage,1.0,exact,cmar,e,0,0.9987692307692309,0.9987389659520808,0.9987684467726484,0.9975399232583724,2,,,,,,10
63,1,select_coverage,1.0,exact,top_k_avg,e,0,0.9969230769230768,0.9968474148802018,0.9969208193917508,0.993860543237034,5,,,,,,10
63,1,select_coverage,1.0,exact,list,e,0,1.0,1.0,1.0,1.0,0,,,,,,10
63,1,select_coverage,2.0,DAC,list,e,0,0.9926153846153846,0.9925520176544766,0.99261021018836,0.985232466041446,12,,,,,,10
63,1,select_coverage,2.0,exact,majority,e,0,0.9993846153846154,0.9993990384615384,0.9993842786834248,0.998769315125506,1,,,,,,10
63,1,select_coverage,2.0,exact,cmar,e,0,0.9981538461538462,0.9981380044136192,0.9981527268593516,0.9963062106324498,3,,,,,,10
63,1,select_coverage,2.0,exact,top_k_avg,e,0,0.9981538461538462,0.9981084489281212,0.9981526120549736,0.9963120371995586,3,,,,,,10
63,1,select_coverage,2.0,exact,list,e,0,1.0,1.0,1.0,1.0,0,,,,,,10
63,1,select_coverage,3.0,DAC,list,e,0,0.9926153846153846,0.9925520176544766,0.99261021018836,0.985232466041446,12,,,,,,10
63,1,select_coverage,3.0,exact,majority,e,0,1.0,1.0,1.0,1.0,0,,,,,,10
63,1,select_coverage,3.0,exact,cmar,e,0,0.9981538461538462,0.9981380044136192,0.9981527268593516,0.9963062106324498,3,,,,,,10
63,1,select_coverage,3.0,exact,top_k_avg,e,0,0.9993846153846154,0.9993694829760404,0.9993842422864504,0.9987692424210908,1,,,,,,10
63,1,select_coverage,3.0,exact,list,e,0,1.0,1.0,1.0,1.0,0,,,,,,10
63,1,select_coverage,4.0,DAC,list,e,0,0.9926153846153846,0.9925520176544766,0.99261021018836,0.985232466041446,12,,,,,,10
63,1,select_coverage,4.0,exact,majority,e,0,0.9993846153846154,0.9993990384615384,0.9993842786834248,0.998769315125506,1,,,,,,10
63,1,select_coverage,4.0,exact,cmar,e,0,0.9981538461538462,0.9981380044136192,0.9981527268593516,0.9963062106324498,3,,,,,,10
63,1,select_coverage,4.0,exact,top_k_avg,e,0,1.0,1.0,1.0,1.0,0,,,,,,10
63,1,select_coverage,4.0,exact,list,e,0,1.0,1.0,1.0,1.0,0,,,,,,10
63,1,select_coverage_CBA_M1,,DAC,list,e,0,0.9926153846153846,0.9925520176544766,0.99261021018836,0.985232466041446,12,,,,,,10
63,1,select_coverage_CBA_M1,,exact,majority,e,0,0.9981538461538462,0.9981084489281212,0.9981526120549736,0.9963120371995586,3,,,,,,10
63,1,select_coverage_CBA_M1,,exact,cmar,e,0,0.9987692307692309,0.9987389659520808,0.9987684467726484,0.9975399232583724,2,,,,,,10
63,1,select_coverage_CBA_M1,,exact,top_k_avg,e,0,1.0,1.0,1.0,1.0,0,,,,,,10
63,1,select_coverage_CBA_M1,,exact,list,e,0,1.0,1.0,1.0,1.0,0,,,,,,10
63,2,select_coverage,1.0,exact,majority,e,0,1.0,1.0,1.0,1.0,0,,,,,,10
63,2,select_coverage,1.0,exact,cmar,e,0,0.9987692307692309,0.9987389659520808,0.9987684467726484,0.9975399232583724,2,,,,,,10
63,2,select_coverage,1.0,exact,top_k_avg,e,0,0.9969230769230768,0.9968474148802018,0.9969208193917508,0.993860543237034,5,,,,,,10
63,2,select_coverage,1.0,exact,list,e,0,1.0,1.0,1.0,1.0,0,,,,,,10
63,2,select_coverage,2.0,exact,majority,e,0,0.9993846153846154,0.9993990384615384,0.9993842786834248,0.998769315125506,1,,,,,,10
63,2,select_coverage,2.0,exact,cmar,e,0,0.9981538461538462,0.9981380044136192,0.9981527268593516,0.9963062106324498,3,,,,,,10
63,2,select_coverage,2.0,exact,top_k_avg,e,0,0.9981538461538462,0.9981084489281212,0.9981526120549736,0.9963120371995586,3,,,,,,10
63,2,select_coverage,2.0,exact,list,e,0,1.0,1.0,1.0,1.0,0,,,,,,10
63,2,select_coverage,3.0,exact,majority,e,0,1.0,1.0,1.0,1.0,0,,,,,,10
63,2,select_coverage,3.0,exact,cmar,e,0,0.9981538461538462,0.9981380044136192,0.9981527268593516,0.9963062106324498,3,,,,,,10
63,2,select_coverage,3.0,exact,top_k_avg,e,0,0.9993846153846154,0.9993694829760404,0.9993842422864504,0.9987692424210908,1,,,,,,10
63,2,select_coverage,3.0,exact,list,e,0,1.0,1.0,1.0,1.0,0,,,,,,10
63,2,select_coverage,4.0,exact,majority,e,0,0.9993846153846154,0.9993990384615384,0.9993842786834248,0.998769315125506,1,,,,,,10
63,2,select_coverage,4.0,exact,cmar,e,0,0.9981538461538462,0.9981380044136192,0.9981527268593516,0.9963062106324498,3,,,,,,10
63,2,select_coverage,4.0,exact,top_k_avg,e,0,1.0,1.0,1.0,1.0,0,,,,,,10
63,2,select_coverage,4.0,exact,list,e,0,1.0,1.0,1.0,1.0,0,,,,,,10
63,2,select_coverage_CBA_M1,,exact,majority,e,0,0.9981538461538462,0.9981084489281212,0.9981526120549736,0.9963120371995586,3,,,,,,10
63,2,select_coverage_CBA_M1,,exact,cmar,e,0,0.9987692307692309,0.9987389659520808,0.9987684467726484,0.9975399232583724,2,,,,,,10
63,2,select_coverage_CBA_M1,,exact,top_k_avg,e,0,1.0,1.0,1.0,1.0,0,,,,,,10
63,2,select_coverage_CBA_M1,,exact,list,e,0,1.0,1.0,1.0,1.0,0,,,,,,10
64,1,select_coverage,1.0,DAC,list,e,0,0.9907692307692308,0.9905825168983065,0.9907408286720925,0.9815005321937648,15,,,,,,10
64,1,select_coverage,1.0,exact,majority,e,0,0.9987692307692309,0.998765854029012,0.998765854029012,0.9975317080580238,2,,,,,,10
64,1,select_coverage,1.0,exact,cmar,e,0,0.9987692307692309,0.998765854029012,0.998765854029012,0.9975317080580238,2,,,,,,10
64,1,select_coverage,1.0,exact,top_k_avg,e,0,0.9987692307692309,0.9987012987012986,0.9987656927919496,0.9975344288453806,2,,,,,,10
64,1,select_coverage,1.0,exact,list,e,0,1.0,1.0,1.0,1.0,0,,,,,,10
64,1,select_coverage,2.0,DAC,list,e,0,0.9870769230769232,0.9866864130022024,0.9870316625047646,0.974154416274677,21,,,,,,10
64,1,select_coverage,2.0,exact,majority,e,0,0.9987692307692309,0.998765854029012,0.998765854029012,0.9975317080580238,2,,,,,,10
64,1,select_coverage,2.0,exact,cmar,e,0,0.9969230769230768,0.9970114680640996,0.9969152219464588,0.99383727414358,5,,,,,,10
64,1,select_coverage,2.0,exact,top_k_avg,e,0,0.9981538461538462,0.9981165033796612,0.9981486608266884,0.9962980818966852,3,,,,,,10
64,1,select_coverage,2.0,exact,list,e,0,1.0,1.0,1.0,1.0,0,,,,,,10
64,1,select_coverage,3.0,DAC,list,e,0,0.9870769230769232,0.9866864130022024,0.9870316625047646,0.974154416274677,21,,,,,,10
64,1,select_coverage,3.0,exact,majority,e,0,0.9993846153846154,0.9994152046783626,0.999382966612988,0.9987666942155664,1,,,,,,10
64,1,select_coverage,3.0,exact,cmar,e,0,0.9987692307692309,0.998765854029012,0.998765854029012,0.9975317080580238,2,,,,,,10
64,1,select_coverage,3.0,exact,top_k_avg,e,0,0.9993846153846154,0.9993506493506494,0.9993828869422294,0.9987665350704577,1,,,,,,10
64,1,select_coverage,3.0,exact,list,e,0,1.0,1.0,1.0,1.0,0,,,,,,10
64,1,select_coverage,4.0,DAC,list,e,0,0.9870769230769232,0.9866864130022024,0.9870316625047646,0.974154416274677,21,,,,,,10
64,1,select_coverage,4.0,exact,majority,e,0,0.9987692307692309,0.998765854029012,0.998765854029012,0.9975317080580238,2,,,,,,10
64,1,select_coverage,4.0,exact,cmar,e,0,0.9987692307692309,0.998765854029012,0.998765854029012,0.9975317080580238,2,,,,,,10
64,1,select_coverage,4.0,exact,top_k_avg,e,0,0.9993846153846154,0.9993506493506494,0.9993828869422294,0.9987665350704577,1,,,,,,10
64,1,select_coverage,4.0,exact,list,e,0,1.0,1.0,1.0,1.0,0,,,,,,10
64,1,select_coverage_CBA_M1,,DAC,list,e,0,0.9907692307692308,0.9905825168983065,0.9907408286720925,0.9815005321937648,15,,,,,,10
64,1,select_coverage_CBA_M1,,exact,majority,e,0,0.9975384615384616,0.9974025974025974,0.9975310555231428,0.9950742723044064,4,,,,,,10
64,1,select_coverage_CBA_M1,,exact,cmar,e,0,0.9987692307692309,0.998765854029012,0.998765854029012,0.9975317080580238,2,,,,,,10
64,1,select_coverage_CBA_M1,,exact,top_k_avg,e,0,0.9975384615384616,0.9974025974025974,0.9975310555231428,0.9950742723044064,4,,,,,,10
64,1,select_coverage_CBA_M1,,exact,list,e,0,0.9981538461538462,0.998051948051948,0.9981484161266688,0.996303676269584,3,,,,,,10
64,2,select_coverage,1.0,exact,majority,e,0,0.9987692307692309,0.998765854029012,0.998765854029012,0.9975317080580238,2,,,,,,10
64,2,select_coverage,1.0,exact,cmar,e,0,0.9987692307692309,0.998765854029012,0.998765854029012,0.9975317080580238,2,,,,,,10
64,2,select_coverage,1.0,exact,top_k_avg,e,0,0.9987692307692309,0.9987012987012986,0.9987656927919496,0.9975344288453806,2,,,,,,10
64,2,select_coverage,1.0,exact,list,e,0,1.0,1.0,1.0,1.0,0,,,,,,10
64,2,select_coverage,2.0,exact,majority,e,0,0.9987692307692309,0.998765854029012,0.998765854029012,0.9975317080580238,2,,,,,,10
64,2,select_coverage,2.0,exact,cmar,e,0,0.9969230769230768,0.9970114680640996,0.9969152219464588,0.99383727414358,5,,,,,,10
64,2,select_coverage,2.0,exact,top_k_avg,e,0,0.9981538461538462,0.9981165033796612,0.9981486608266884,0.9962980818966852,3,,,,,,10
64,2,select_coverage,2.0,exact,list,e,0,1.0,1.0,1.0,1.0,0,,,,,,10
64,2,select_coverage,3.0,exact,majority,e,0,0.9993846153846154,0.9994152046783626,0.999382966612988,0.9987666942155664,1,,,,,,10
64,2,select_coverage,3.0,exact,cmar,e,0,0.9987692307692309,0.998765854029012,0.998765854029012,0.9975317080580238,2,,,,,,10
64,2,select_coverage,3.0,exact,top_k_avg,e,0,0.9993846153846154,0.9993506493506494,0.9993828869422294,0.9987665350704577,1,,,,,,10
64,2,select_coverage,3.0,exact,list,e,0,1.0,1.0,1.0,1.0,0,,,,,,10
64,2,select_coverage,4.0,exact,majority,e,0,0.9987692307692309,0.998765854029012,0.998765854029012,0.9975317080580238,2,,,,,,10
64,2,select_coverage,4.0,exact,cmar,e,0,0.9987692307692309,0.998765854029012,0.998765854029012,0.9975317080580238,2,,,,,,10
64,2,select_coverage,4.0,exact,top_k_avg,e,0,0.9993846153846154,0.9993506493506494,0.9993828869422294,0.9987665350704577,1,,,,,,10
64,2,select_coverage,4.0,exact,list,e,0,1.0,1.0,1.0,1.0,0,,,,,,10
64,2,select_coverage_CBA_M1,,exact,majority,e,0,0.9975384615384616,0.9974025974025974,0.9975310555231428,0.9950742723044064,4,,,,,,10
64,2,select_coverage_CBA_M1,,exact,cmar,e,0,0.9987692307692309,0.998765854029012,0.998765854029012,0.9975317080580238,2,,,,,,10
64,2,select_coverage_CBA_M1,,exact,top_k_avg,e,0,0.9975384615384616,0.9974025974025974,0.9975310555231428,0.9950742723044064,4,,,,,,10
64,2,select_coverage_CBA_M1,,exact,list,e,0,0.9981538461538462,0.998051948051948,0.9981484161266688,0.996303676269584,3,,,,,,10
65,1,select_coverage,1.0,DAC,list,e,0,0.9963076923076924,0.9963599973273238,0.9962989450285152,0.9926009227264996,6,,,,,,10
65,1,select_coverage,1.0,exact,majority,e,0,0.9993846153846154,0.9993523316062176,0.9993830443892916,0.998766849576461,1,,,,,,10
65,1,select_coverage,1.0,exact,cmar,e,0,0.9987692307692309,0.9987046632124352,0.9987660114757136,0.997535064643578,2,,,,,,10
65,1,select_coverage,1.0,exact,top_k_avg,e,0,0.9981538461538462,0.9980569948186528,0.9981488998389638,0.9963046401253514,3,,,,,,10
65,1,select_coverage,1.0,exact,list,e,0,1.0,1.0,1.0,1.0,0,,,,,,10
65,1,select_coverage,2.0,DAC,list,e,0,0.9963076923076924,0.9963599973273238,0.9962989450285152,0.9926009227264996,6,,,,,,10
65,1,select_coverage,2.0,exact,majority,e,0,1.0,1.0,1.0,1.0,0,,,,,,10
65,1,select_coverage,2.0,exact,cmar,e,0,0.9987692307692309,0.9987046632124352,0.9987660114757136,0.997535064643578,2,,,,,,10
65,1,select_coverage,2.0,exact,top_k_avg,e,0,0.9987692307692309,0.9987046632124352,0.9987660114757136,0.997535064643578,2,,,,,,10
65,1,select_coverage,2.0,exact,list,e,0,1.0,1.0,1.0,1.0,0,,,,,,10
65,1,select_coverage,3.0,DAC,list,e,0,0.9963076923076924,0.9963599973273238,0.9962989450285152,0.9926009227264996,6,,,,,,10
65,1,select_coverage,3.0,exact,majority,e,0,0.9969230769230768,0.9970691676436108,0.9969163318277442,0.9938516230818168,5,,,,,,10
65,1,select_coverage,3.0,exact,cmar,e,0,0.9987692307692309,0.9987046632124352,0.9987660114757136,0.997535064643578,2,,,,,,10
65,1,select_coverage,3.0,exact,top_k_avg,e,0,1.0,1.0,1.0,1.0,0,,,,,,10
65,1,select_coverage,3.0,exact,list,e,0,1.0,1.0,1.0,1.0,0,,,,,,10
65,1,select_coverage,4.0,DAC,list,e,0,0.9963076923076924,0.9963599973273238,0.9962989450285152,0.9926009227264996,6,,,,,,10
65,1,select_coverage,4.0,exact,majority,e,0,0.9975384615384616,0.997593832192384,0.9975326300190102,0.9950682964716552,4,,,,,,10
65,1,select_coverage,4.0,exact,cmar,e,0,0.9987692307692309,0.9987046632124352,0.9987660114757136,0.997535064643578,2,,,,,,10
65,1,select_coverage,4.0,exact,top_k_avg,e,0,1.0,1.0,1.0,1.0,0,,,,,,10
65,1,select_coverage,4.0,exact,list,e,0,1.0,1.0,1.0,1.0,0,,,,,,10
65,1,select_coverage_CBA_M1,,DAC,list,e,2,0.9950769230769232,0.9950646605397592,0.9950646605397592,0.9901293210795182,8,0.9938461538461538,0.9937693237521944,0.993830057378568,0.9876631413778189,10.0,10
65,1,select_coverage_CBA_M1,,exact,majority,e,2,0.9987692307692309,0.9987046632124352,0.9987660114757136,0.997535064643578,2,0.9975384615384616,0.9974093264248703,0.9975317080580238,0.9950755709624712,4.0,10
65,1,select_coverage_CBA_M1,,exact,cmar,e,2,0.9981538461538462,0.9980569948186528,0.9981488998389638,0.9963046401253514,3,0.9969230769230768,0.996761658031088,0.9969144347111474,0.9938478521122138,5.0,10
65,1,select_coverage_CBA_M1,,exact,top_k_avg,e,2,0.9975384615384616,0.9974093264248703,0.9975317080580238,0.9950755709624712,4,0.9963076923076924,0.9961139896373056,0.9962970783758492,0.9926214785483372,6.0,10
65,1,select_coverage_CBA_M1,,exact,list,e,2,0.9993846153846154,0.9993523316062176,0.9993830443892916,0.998766849576461,1,0.9981538461538462,0.9980569948186528,0.9981488998389638,0.9963046401253514,3.0,10
65,2,select_coverage,1.0,exact,majority,e,0,0.9993846153846154,0.9993523316062176,0.9993830443892916,0.998766849576461,1,,,,,,10
65,2,select_coverage,1.0,exact,cmar,e,0,0.9987692307692309,0.9987046632124352,0.9987660114757136,0.997535064643578,2,,,,,,10
65,2,select_coverage,1.0,exact,top_k_avg,e,0,0.9981538461538462,0.9980569948186528,0.9981488998389638,0.9963046401253514,3,,,,,,10
65,2,select_coverage,1.0,exact,list,e,0,1.0,1.0,1.0,1.0,0,,,,,,10
65,2,select_coverage,2.0,exact,majority,e,0,1.0,1.0,1.0,1.0,0,,,,,,10
65,2,select_coverage,2.0,exact,cmar,e,0,0.9987692307692309,0.9987046632124352,0.9987660114757136,0.997535064643578,2,,,,,,10
65,2,select_coverage,2.0,exact,top_k_avg,e,0,0.9987692307692309,0.9987046632124352,0.9987660114757136,0.997535064643578,2,,,,,,10
65,2,select_coverage,2.0,exact,list,e,0,1.0,1.0,1.0,1.0,0,,,,,,10
65,2,select_coverage,3.0,exact,majority,e,0,0.9969230769230768,0.9970691676436108,0.9969163318277442,0.9938516230818168,5,,,,,,10
65,2,select_coverage,3.0,exact,cmar,e,0,0.9987692307692309,0.9987046632124352,0.9987660114757136,0.997535064643578,2,,,,,,10
65,2,select_coverage,3.0,exact,top_k_avg,e,0,1.0,1.0,1.0,1.0,0,,,,,,10
65,2,select_coverage,3.0,exact,list,e,0,1.0,1.0,1.0,1.0,0,,,,,,10
65,2,select_coverage,4.0,exact,majority,e,0,0.9975384615384616,0.997593832192384,0.9975326300190102,0.9950682964716552,4,,,,,,10
65,2,select_coverage,4.0,exact,cmar,e,0,0.9987692307692309,0.9987046632124352,0.9987660114757136,0.997535064643578,2,,,,,,10
65,2,select_coverage,4.0,exact,top_k_avg,e,0,1.0,1.0,1.0,1.0,0,,,,,,10
65,2,select_coverage,4.0,exact,list,e,0,1.0,1.0,1.0,1.0,0,,,,,,10
65,2,select_coverage_CBA_M1,,exact,majority,e,2,0.9987692307692309,0.9987046632124352,0.9987660114757136,0.997535064643578,2,0.9975384615384616,0.9974093264248703,0.9975317080580238,0.9950755709624712,4.0,10
65,2,select_coverage_CBA_M1,,exact,cmar,e,2,0.9981538461538462,0.9980569948186528,0.9981488998389638,0.9963046401253514,3,0.9969230769230768,0.996761658031088,0.9969144347111474,0.9938478521122138,5.0,10
65,2,select_coverage_CBA_M1,,exact,top_k_avg,e,2,0.9975384615384616,0.9974093264248703,0.9975317080580238,0.9950755709624712,4,0.9963076923076924,0.9961139896373056,0.9962970783758492,0.9926214785483372,6.0,10
65,2,select_coverage_CBA_M1,,exact,list,e,2,0.9993846153846154,0.9993523316062176,0.9993830443892916,0.998766849576461,1,0.9981538461538462,0.9980569948186528,0.9981488998389638,0.9963046401253514,3.0,10
68,1,select_coverage,1.0,DAC,list,e,0,0.9987692307692309,0.9987775061124696,0.9987691930147728,0.9975414120766212,2,,,,,,10
68,1,select_coverage,1.0,exact,majority,e,0,0.9993846153846154,0.9993887530562346,0.9993845920792268,0.9987699411463972,1,,,,,,10
68,1,select_coverage,1.0,exact,cmar,e,0,0.9993846153846154,0.9993887530562346,0.9993845920792268,0.9987699411463972,1,,,,,,10
68,1,select_coverage,1.0,exact,top_k_avg,e,0,0.9987692307692309,0.9987691743697416,0.9987691743697416,0.9975383487394832,2,,,,,,10
68,1,select_coverage,1.0,exact,list,e,0,1.0,1.0,1.0,1.0,0,,,,,,10
68,1,select_coverage,2.0,DAC,list,e,0,0.9963076923076924,0.9962991913664968,0.9963074559848754,0.9926179307589208,6,,,,,,10
68,1,select_coverage,2.0,exact,majority,e,0,1.0,1.0,1.0,1.0,0,,,,,,10
68,1,select_coverage,2.0,exact,cmar,e,0,0.9993846153846154,0.9993887530562346,0.9993845920792268,0.9987699411463972,1,,,,,,10
68,1,select_coverage,2.0,exact,top_k_avg,e,0,0.9993846153846154,0.9993887530562346,0.9993845920792268,0.9987699411463972,1,,,,,,10
68,1,select_coverage,2.0,exact,list,e,0,1.0,1.0,1.0,1.0,0,,,,,,10
68,1,select_coverage,3.0,DAC,list,e,0,0.9969230769230768,0.996910438310262,0.9969228485219636,0.9938524936668928,5,,,,,,10
68,1,select_coverage,3.0,exact,majority,e,0,0.9987692307692309,0.9987775061124696,0.9987691930147728,0.9975414120766212,2,,,,,,10
68,1,select_coverage,3.0,exact,cmar,e,0,0.9993846153846154,0.9993804213135068,0.9993845818242963,0.9987699206617496,1,,,,,,10
68,1,select_coverage,3.0,exact,top_k_avg,e,0,1.0,1.0,1.0,1.0,0,,,,,,10
68,1,select_coverage,3.0,exact,list,e,0,1.0,1.0,1.0,1.0,0,,,,,,10
68,1,select_coverage,4.0,DAC,list,e,0,0.9969230769230768,0.996910438310262,0.9969228485219636,0.9938524936668928,5,,,,,,10
68,1,select_coverage,4.0,exact,majority,e,0,0.9987692307692309,0.9987775061124696,0.9987691930147728,0.9975414120766212,2,,,,,,10
68,1,select_coverage,4.0,exact,cmar,e,0,0.9993846153846154,0.9993804213135068,0.9993845818242963,0.9987699206617496,1,,,,,,10
68,1,select_coverage,4.0,exact,top_k_avg,e,0,1.0,1.0,1.0,1.0,0,,,,,,10
68,1,select_coverage,4.0,exact,list,e,0,1.0,1.0,1.0,1.0,0,,,,,,10
68,1,select_coverage_CBA_M1,,DAC,list,e,0,0.9975384615384616,0.9975383487394832,0.9975383487394832,0.995076697478966,4,,,,,,10
68,1,select_coverage_CBA_M1,,exact,majority,e,0,0.9987692307692309,0.9987608426270136,0.9987691519949584,0.9975413302384496,2,,,,,,10
68,1,select_coverage_CBA_M1,,exact,cmar,e,0,0.9993846153846154,0.9993804213135068,0.9993845818242963,0.9987699206617496,1,,,,,,10
68,1,select_coverage_CBA_M1,,exact,top_k_avg,e,0,0.9981538461538462,0.9981495956832483,0.9981537454728892,0.9963082470265512,3,,,,,,10
68,1,select_coverage_CBA_M1,,exact,list,e,0,0.9987692307692309,0.9987608426270136,0.9987691519949584,0.9975413302384496,2,,,,,,10
68,2,select_coverage,1.0,exact,majority,e,0,0.9993846153846154,0.9993887530562346,0.9993845920792268,0.9987699411463972,1,,,,,,10
68,2,select_coverage,1.0,exact,cmar,e,0,0.9993846153846154,0.9993887530562346,0.9993845920792268,0.9987699411463972,1,,,,,,10
68,2,select_coverage,1.0,exact,top_k_avg,e,0,0.9987692307692309,0.9987691743697416,0.9987691743697416,0.9975383487394832,2,,,,,,10
68,2,select_coverage,1.0,exact,list,e,0,1.0,1.0,1.0,1.0,0,,,,,,10
68,2,select_coverage,2.0,exact,majority,e,0,1.0,1.0,1.0,1.0,0,,,,,,10
68,2,select_coverage,2.0,exact,cmar,e,0,0.9993846153846154,0.9993887530562346,0.9993845920792268,0.9987699411463972,1,,,,,,10
68,2,select_coverage,2.0,exact,top_k_avg,e,0,0.9993846153846154,0.9993887530562346,0.9993845920792268,0.9987699411463972,1,,,,,,10
68,2,select_coverage,2.0,exact,list,e,0,1.0,1.0,1.0,1.0,0,,,,,,10
68,2,select_coverage,3.0,exact,majority,e,0,0.9987692307692309,0.9987775061124696,0.9987691930147728,0.9975414120766212,2,,,,,,10
68,2,select_coverage,3.0,exact,cmar,e,0,0.9993846153846154,0.9993804213135068,0.9993845818242963,0.9987699206617496,1,,,,,,10
68,2,select_coverage,3.0,exact,top_k_avg,e,0,1.0,1.0,1.0,1.0,0,,,,,,10
68,2,select_coverage,3.0,exact,list,e,0,1.0,1.0,1.0,1.0,0,,,,,,10
68,2,select_coverage,4.0,exact,majority,e,0,0.9987692307692309,0.9987775061124696,0.9987691930147728,0.9975414120766212,2,,,,,,10
68,2,select_coverage,4.0,exact,cmar,e,0,0.9993846153846154,0.9993804213135068,0.9993845818242963,0.9987699206617496,1,,,,,,10
68,2,select_coverage,4.0,exact,top_k_avg,e,0,1.0,1.0,1.0,1.0,0,,,,,,10
68,2,select_coverage,4.0,exact,list,e,0,1.0,1.0,1.0,1.0,0,,,,,,10
68,2,select_coverage_CBA_M1,,exact,majority,e,0,0.9987692307692309,0.9987608426270136,0.9987691519949584,0.9975413302384496,2,,,,,,10
68,2,select_coverage_CBA_M1,,exact,cmar,e,0,0.9993846153846154,0.9993804213135068,0.9993845818242963,0.9987699206617496,1,,,,,,10
68,2,select_coverage_CBA_M1,,exact,top_k_avg,e,0,0.9981538461538462,0.9981495956832483,0.9981537454728892,0.9963082470265512,3,,,,,,10
68,2,select_coverage_CBA_M1,,exact,list,e,0,0.9987692307692309,0.9987608426270136,0.9987691519949584,0.9975413302384496,2,,,,,,10
74,1,select_coverage,1.0,DAC,list,e,0,0.992,0.9919261970926128,0.9919964962649684,0.9840298407362555,13,,,,,,10
74,1,select_coverage,1.0,exact,majority,e,0,0.9993846153846154,0.9993742177722152,0.9993844326230256,0.998769622626085,1,,,,,,10
74,1,select_coverage,1.0,exact,cmar,e,0,0.9950769230769232,0.9949937421777222,0.9950746381753428,0.9901975568197948,8,,,,,,10
74,1,select_coverage,1.0,exact,top_k_avg,e,0,0.9981538461538462,0.9981226533166458,0.9981532167176506,0.9963132420739192,3,,,,,,10
74,1,select_coverage,1.0,exact,list,e,0,1.0,1.0,1.0,1.0,0,,,,,,10
74,1,select_coverage,2.0,DAC,list,e,0,0.992,0.9919261970926128,0.9919964962649684,0.9840298407362555,13,,,,,,10
74,1,select_coverage,2.0,exact,majority,e,0,0.9993846153846154,0.9993742177722152,0.9993844326230256,0.998769622626085,1,,,,,,10
74,1,select_coverage,2.0,exact,cmar,e,0,0.9963076923076924,0.9962453066332916,0.99630616896303,0.9926395262310964,6,,,,,,10
74,1,select_coverage,2.0,exact,top_k_avg,e,0,0.9981538461538462,0.9981226533166458,0.9981532167176506,0.9963132420739192,3,,,,,,10
74,1,select_coverage,2.0,exact,list,e,0,1.0,1.0,1.0,1.0,0,,,,,,10
74,1,select_coverage,3.0,DAC,list,e,0,0.992,0.9919261970926128,0.9919964962649684,0.9840298407362555,13,,,,,,10
74,1,select_coverage,3.0,exact,majority,e,0,0.9981538461538462,0.9981226533166458,0.9981532167176506,0.9963132420739192,3,,,,,,10
74,1,select_coverage,3.0,exact,cmar,e,0,0.9956923076923077,0.9956195244055068,0.9956904210657522,0.9914178276110628,7,,,,,,10
74,1,select_coverage,3.0,exact,top_k_avg,e,0,1.0,1.0,1.0,1.0,0,,,,,,10
74,1,select_coverage,3.0,exact,list,e,0,1.0,1.0,1.0,1.0,0,,,,,,10
74,1,select_coverage,4.0,DAC,list,e,0,0.992,0.9919261970926128,0.9919964962649684,0.9840298407362555,13,,,,,,10
74,1,select_coverage,4.0,exact,majority,e,0,0.9981538461538462,0.9981226533166458,0.9981532167176506,0.9963132420739192,3,,,,,,10
74,1,select_coverage,4.0,exact,cmar,e,0,0.9963076923076924,0.9962453066332916,0.99630616896303,0.9926395262310964,6,,,,,,10
74,1,select_coverage,4.0,exact,top_k_avg,e,0,0.9993846153846154,0.9993742177722152,0.9993844326230256,0.998769622626085,1,,,,,,10
74,1,select_coverage,4.0,exact,list,e,0,1.0,1.0,1.0,1.0,0,,,,,,10
74,1,select_coverage_CBA_M1,,DAC,list,e,6,0.992,0.9919261970926128,0.9919964962649684,0.9840298407362555,13,0.9883076923076924,0.9881715037259045,0.9883006034425592,0.976727870019422,19.0,10
74,1,select_coverage_CBA_M1,,exact,majority,e,6,0.9956923076923077,0.9956195244055068,0.9956904210657522,0.9914178276110628,7,0.992,0.9918648310387984,0.9919951497238564,0.9841174363748416,13.0,10
74,1,select_coverage_CBA_M1,,exact,cmar,e,6,0.9938461538461538,0.9937421777221528,0.9938429618043874,0.9877612776492108,10,0.9901538461538462,0.9899874843554444,0.9901469469178136,0.9804861633770589,16.0,10
74,1,select_coverage_CBA_M1,,exact,top_k_avg,e,6,0.9981538461538462,0.9981226533166458,0.9981532167176506,0.9963132420739192,3,0.9944615384615384,0.9943679599499374,0.994458818889195,0.9889787085841084,9.0,10
74,1,select_coverage_CBA_M1,,exact,list,e,6,0.9981538461538462,0.9981226533166458,0.9981532167176506,0.9963132420739192,3,0.9944615384615384,0.9943679599499374,0.994458818889195,0.9889787085841084,9.0,10
74,2,select_coverage,1.0,exact,majority,e,0,0.9993846153846154,0.9993742177722152,0.9993844326230256,0.998769622626085,1,,,,,,10
74,2,select_coverage,1.0,exact,cmar,e,0,0.9950769230769232,0.9949937421777222,0.9950746381753428,0.9901975568197948,8,,,,,,10
74,2,select_coverage,1.0,exact,top_k_avg,e,0,0.9981538461538462,0.9981226533166458,0.9981532167176506,0.9963132420739192,3,,,,,,10
74,2,select_coverage,1.0,exact,list,e,0,1.0,1.0,1.0,1.0,0,,,,,,10
74,2,select_coverage,2.0,exact,majority,e,0,0.9993846153846154,0.9993742177722152,0.9993844326230256,0.998769622626085,1,,,,,,10
74,2,select_coverage,2.0,exact,cmar,e,0,0.9963076923076924,0.9962453066332916,0.99630616896303,0.9926395262310964,6,,,,,,10
74,2,select_coverage,2.0,exact,top_k_avg,e,0,0.9981538461538462,0.9981226533166458,0.9981532167176506,0.9963132420739192,3,,,,,,10
74,2,select_coverage,2.0,exact,list,e,0,1.0,1.0,1.0,1.0,0,,,,,,10
74,2,select_coverage,3.0,exact,majority,e,0,0.9981538461538462,0.9981226533166458,0.9981532167176506,0.9963132420739192,3,,,,,,10
74,2,select_coverage,3.0,exact,cmar,e,0,0.9956923076923077,0.9956195244055068,0.9956904210657522,0.9914178276110628,7,,,,,,10
74,2,select_coverage,3.0,exact,top_k_avg,e,0,1.0,1.0,1.0,1.0,0,,,,,,10
74,2,select_coverage,3.0,exact,list,e,0,1.0,1.0,1.0,1.0,0,,,,,,10
74,2,select_coverage,4.0,exact,majority,e,0,0.9981538461538462,0.9981226533166458,0.9981532167176506,0.9963132420739192,3,,,,,,10
74,2,select_coverage,4.0,exact,cmar,e,0,0.9963076923076924,0.9962453066332916,0.99630616896303,0.9926395262310964,6,,,,,,10
74,2,select_coverage,4.0,exact,top_k_avg,e,0,0.9993846153846154,0.9993742177722152,0.9993844326230256,0.998769622626085,1,,,,,,10
74,2,select_coverage,4.0,exact,list,e,0,1.0,1.0,1.0,1.0,0,,,,,,10
74,2,select_coverage_CBA_M1,,exact,majority,e,0,0.9956923076923077,0.9956195244055068,0.9956904210657522,0.9914178276110628,7,,,,,,10
74,2,select_coverage_CBA_M1,,exact,cmar,e,0,0.9938461538461538,0.9937421777221528,0.9938429618043874,0.9877612776492108,10,,,,,,10
74,2,select_coverage_CBA_M1,,exact,top_k_avg,e,0,1.0,1.0,1.0,1.0,0,,,,,,10
74,2,select_coverage_CBA_M1,,exact,list,e,0,1.0,1.0,1.0,1.0,0,,,,,,10
76,1,select_coverage,1.0,DAC,list,e,0,0.992,0.991706801166556,0.9919815254346014,0.984054383875625,13,,,,,,10
76,1,select_coverage,1.0,exact,majority,e,0,0.9975384615384616,0.9975851018308616,0.997534516765286,0.9950720653336425,4,,,,,,10
76,1,select_coverage,1.0,exact,cmar,e,0,0.9969230769230768,0.996892421331828,0.9969176794697726,0.9938361166489836,5,,,,,,10
76,1,select_coverage,1.0,exact,top_k_avg,e,0,0.9987692307692309,0.9987163029525032,0.9987670077060122,0.99753705220093,2,,,,,,10
76,1,select_coverage,1.0,exact,list,e,0,1.0,1.0,1.0,1.0,0,,,,,,10
76,1,select_coverage,2.0,DAC,list,e,0,0.992,0.991706801166556,0.9919815254346014,0.984054383875625,13,,,,,,10
76,1,select_coverage,2.0,exact,majority,e,0,0.9981538461538462,0.998176118379325,0.9981507956889072,0.9963023498720358,3,,,,,,10
76,1,select_coverage,2.0,exact,cmar,e,0,0.9956923076923077,0.9955578923090462,0.995683834318431,0.9913865960840508,7,,,,,,10
76,1,select_coverage,2.0,exact,top_k_avg,e,0,0.9993846153846154,0.9993581514762516,0.9993835358939543,0.9987678313748192,1,,,,,,10
76,1,select_coverage,2.0,exact,list,e,0,1.0,1.0,1.0,1.0,0,,,,,,10
76,1,select_coverage,3.0,DAC,list,e,0,0.992,0.991706801166556,0.9919815254346014,0.984054383875625,13,,,,,,10
76,1,select_coverage,3.0,exact,majority,e,0,0.9987692307692309,0.9987671349277882,0.9987671349277882,0.9975342698555764,2,,,,,,10
76,1,select_coverage,3.0,exact,cmar,e,0,0.9956923076923077,0.9955578923090462,0.995683834318431,0.9913865960840508,7,,,,,,10
76,1,select_coverage,3.0,exact,top_k_avg,e,0,1.0,1.0,1.0,1.0,0,,,,,,10
76,1,select_coverage,3.0,exact,list,e,0,1.0,1.0,1.0,1.0,0,,,,,,10
76,1,select_coverage,4.0,DAC,list,e,0,0.992,0.991706801166556,0.9919815254346014,0.984054383875625,13,,,,,,10
76,1,select_coverage,4.0,exact,majority,e,0,0.9987692307692309,0.9987671349277882,0.9987671349277882,0.9975342698555764,2,,,,,,10
76,1,select_coverage,4.0,exact,cmar,e,0,0.9950769230769232,0.994916043785298,0.9950669678093088,0.9901611773279568,8,,,,,,10
76,1,select_coverage,4.0,exact,top_k_avg,e,0,1.0,1.0,1.0,1.0,0,,,,,,10
76,1,select_coverage,4.0,exact,list,e,0,1.0,1.0,1.0,1.0,0,,,,,,10
76,1,select_coverage_CBA_M1,,DAC,list,e,0,0.992,0.991706801166556,0.9919815254346014,0.984054383875625,13,,,,,,10
76,1,select_coverage_CBA_M1,,exact,majority,e,0,0.9969230769230768,0.996790757381258,0.996917024513165,0.9938529999620638,5,,,,,,10
76,1,select_coverage_CBA_M1,,exact,cmar,e,0,0.9926153846153846,0.9922978177150192,0.9925978900570304,0.9853045555067456,12,,,,,,10
76,1,select_coverage_CBA_M1,,exact,top_k_avg,e,0,0.9975384615384616,0.9974326059050064,0.99753375342998,0.9950796416198056,4,,,,,,10
76,1,select_coverage_CBA_M1,,exact,list,e,0,0.9975384615384616,0.9974326059050064,0.99753375342998,0.9950796416198056,4,,,,,,10
76,2,select_coverage,1.0,exact,majority,e,0,0.9975384615384616,0.9975851018308616,0.997534516765286,0.9950720653336425,4,,,,,,10
76,2,select_coverage,1.0,exact,cmar,e,0,0.9969230769230768,0.996892421331828,0.9969176794697726,0.9938361166489836,5,,,,,,10
76,2,select_coverage,1.0,exact,top_k_avg,e,0,0.9987692307692309,0.9987163029525032,0.9987670077060122,0.99753705220093,2,,,,,,10
76,2,select_coverage,1.0,exact,list,e,0,1.0,1.0,1.0,1.0,0,,,,,,10
76,2,select_coverage,2.0,exact,majority,e,0,0.9981538461538462,0.998176118379325,0.9981507956889072,0.9963023498720358,3,,,,,,10
76,2,select_coverage,2.0,exact,cmar,e,0,0.9956923076923077,0.9955578923090462,0.995683834318431,0.9913865960840508,7,,,,,,10
76,2,select_coverage,2.0,exact,top_k_avg,e,0,0.9993846153846154,0.9993581514762516,0.9993835358939543,0.9987678313748192,1,,,,,,10
76,2,select_coverage,2.0,exact,list,e,0,1.0,1.0,1.0,1.0,0,,,,,,10
76,2,select_coverage,3.0,exact,majority,e,0,0.9987692307692309,0.9987671349277882,0.9987671349277882,0.9975342698555764,2,,,,,,10
76,2,select_coverage,3.0,exact,cmar,e,0,0.9956923076923077,0.9955578923090462,0.995683834318431,0.9913865960840508,7,,,,,,10
76,2,select_coverage,3.0,exact,top_k_avg,e,0,1.0,1.0,1.0,1.0,0,,,,,,10
76,2,select_coverage,3.0,exact,list,e,0,1.0,1.0,1.0,1.0,0,,,,,,10
76,2,select_coverage,4.0,exact,majority,e,0,0.9987692307692309,0.9987671349277882,0.9987671349277882,0.9975342698555764,2,,,,,,10
76,2,select_coverage,4.0,exact,cmar,e,0,0.9950769230769232,0.994916043785298,0.9950669678093088,0.9901611773279568,8,,,,,,10
76,2,select_coverage,4.0,exact,top_k_avg,e,0,1.0,1.0,1.0,1.0,0,,,,,,10
76,2,select_coverage,4.0,exact,list,e,0,1.0,1.0,1.0,1.0,0,,,,,,10
76,2,select_coverage_CBA_M1,,exact,majority,e,0,0.9993846153846154,0.9993581514762516,0.9993835358939543,0.9987678313748192,1,,,,,,10
76,2,select_coverage_CBA_M1,,exact,cmar,e,0,0.9956923076923077,0.9955578923090462,0.995683834318431,0.9913865960840508,7,,,,,,10
76,2,select_coverage_CBA_M1,,exact,top_k_avg,e,0,1.0,1.0,1.0,1.0,0,,,,,,10
76,2,select_coverage_CBA_M1,,exact,list,e,0,1.0,1.0,1.0,1.0,0,,,,,,10
100,1,select_coverage,1.0,DAC,list,e,0,0.9846153846153848,0.9843963550079246,0.9846019494974264,0.9695333930632968,25,,,,,,10
100,1,select_coverage,1.0,exact,majority,e,0,0.9987692307692309,0.9987484355444304,0.9987688386625572,0.99754070511271,2,,,,,,10
100,1,select_coverage,1.0,exact,cmar,e,0,0.9969230769230768,0.9968710888610764,0.996921883269479,0.9938626579715863,5,,,,,,10
100,1,select_coverage,1.0,exact,top_k_avg,e,0,0.9981538461538462,0.9981226533166458,0.9981532167176506,0.9963132420739192,3,,,,,,10
100,1,select_coverage,1.0,exact,list,e,0,1.0,1.0,1.0,1.0,0,,,,,,10
100,1,select_coverage,2.0,DAC,list,e,0,0.9846153846153848,0.9843963550079246,0.9846019494974264,0.9695333930632968,25,,,,,,10
100,1,select_coverage,2.0,exact,majority,e,0,0.9987692307692309,0.9987484355444304,0.9987688386625572,0.99754070511271,2,,,,,,10
100,1,select_coverage,2.0,exact,cmar,e,0,0.9963076923076924,0.9962453066332916,0.99630616896303,0.9926395262310964,6,,,,,,10
100,1,select_coverage,2.0,exact,top_k_avg,e,0,0.9981538461538462,0.9981226533166458,0.9981532167176506,0.9963132420739192,3,,,,,,10
100,1,select_coverage,2.0,exact,list,e,0,1.0,1.0,1.0,1.0,0,,,,,,10
100,1,select_coverage,3.0,DAC,list,e,0,0.9846153846153848,0.9843963550079246,0.9846019494974264,0.9695333930632968,25,,,,,,10
100,1,select_coverage,3.0,exact,majority,e,0,0.9987692307692309,0.9987484355444304,0.9987688386625572,0.99754070511271,2,,,,,,10
100,1,select_coverage,3.0,exact,cmar,e,0,0.9987692307692309,0.9987484355444304,0.9987688386625572,0.99754070511271,2,,,,,,10
100,1,select_coverage,3.0,exact,top_k_avg,e,0,0.9981538461538462,0.9981226533166458,0.9981532167176506,0.9963132420739192,3,,,,,,10
100,1,select_coverage,3.0,exact,list,e,0,1.0,1.0,1.0,1.0,0,,,,,,10
100,1,select_coverage,4.0,DAC,list,e,0,0.9846153846153848,0.9843963550079246,0.9846019494974264,0.9695333930632968,25,,,,,,10
100,1,select_coverage,4.0,exact,majority,e,0,0.9987692307692309,0.9987484355444304,0.9987688386625572,0.99754070511271,2,,,,,,10
100,1,select_coverage,4.0,exact,cmar,e,0,0.9987692307692309,0.9987484355444304,0.9987688386625572,0.99754070511271,2,,,,,,10
100,1,select_coverage,4.0,exact,top_k_avg,e,0,1.0,1.0,1.0,1.0,0,,,,,,10
100,1,select_coverage,4.0,exact,list,e,0,1.0,1.0,1.0,1.0,0,,,,,,10
100,1,select_coverage_CBA_M1,,DAC,list,e,0,0.9846153846153848,0.9843963550079246,0.9846019494974264,0.9695333930632968,25,,,,,,10
100,1,select_coverage_CBA_M1,,exact,majority,e,0,0.9963076923076924,0.9962453066332916,0.99630616896303,0.9926395262310964,6,,,,,,10
100,1,select_coverage_CBA_M1,,exact,cmar,e,0,0.9926153846153846,0.9924906132665832,0.9926111286254728,0.9853306467538968,12,,,,,,10
100,1,select_coverage_CBA_M1,,exact,top_k_avg,e,0,0.9969230769230768,0.9968710888610764,0.996921883269479,0.9938626579715863,5,,,,,,10
100,1,select_coverage_CBA_M1,,exact,list,e,0,0.9981538461538462,0.9981226533166458,0.9981532167176506,0.9963132420739192,3,,,,,,10
100,2,select_coverage,1.0,exact,majority,e,0,0.9987692307692309,0.9987484355444304,0.9987688386625572,0.99754070511271,2,,,,,,10
100,2,select_coverage,1.0,exact,cmar,e,0,0.9969230769230768,0.9968710888610764,0.996921883269479,0.9938626579715863,5,,,,,,10
100,2,select_coverage,1.0,exact,top_k_avg,e,0,0.9981538461538462,0.9981226533166458,0.9981532167176506,0.9963132420739192,3,,,,,,10
100,2,select_coverage,1.0,exact,list,e,0,1.0,1.0,1.0,1.0,0,,,,,,10
100,2,select_coverage,2.0,exact,majority,e,0,0.9987692307692309,0.9987484355444304,0.9987688386625572,0.99754070511271,2,,,,,,10
100,2,select_coverage,2.0,exact,cmar,e,0,0.9963076923076924,0.9962453066332916,0.99630616896303,0.9926395262310964,6,,,,,,10
100,2,select_coverage,2.0,exact,top_k_avg,e,0,0.9981538461538462,0.9981226533166458,0.9981532167176506,0.9963132420739192,3,,,,,,10
100,2,select_coverage,2.0,exact,list,e,0,1.0,1.0,1.0,1.0,0,,,,,,10
100,2,select_coverage,3.0,exact,majority,e,0,0.9987692307692309,0.9987484355444304,0.9987688386625572,0.99754070511271,2,,,,,,10
100,2,select_coverage,3.0,exact,cmar,e,0,0.9987692307692309,0.9987484355444304,0.9987688386625572,0.99754070511271,2,,,,,,10
100,2,select_coverage,3.0,exact,top_k_avg,e,0,0.9981538461538462,0.9981226533166458,0.9981532167176506,0.9963132420739192,3,,,,,,10
100,2,select_coverage,3.0,exact,list,e,0,1.0,1.0,1.0,1.0,0,,,,,,10
100,2,select_coverage,4.0,exact,majority,e,0,0.9987692307692309,0.9987484355444304,0.9987688386625572,0.99754070511271,2,,,,,,10
100,2,select_coverage,4.0,exact,cmar,e,0,0.9987692307692309,0.9987484355444304,0.9987688386625572,0.99754070511271,2,,,,,,10
100,2,select_coverage,4.0,exact,top_k_avg,e,0,1.0,1.0,1.0,1.0,0,,,,,,10
100,2,select_coverage,4.0,exact,list,e,0,1.0,1.0,1.0,1.0,0,,,,,,10
100,2,select_coverage_CBA_M1,,exact,majority,e,0,0.9963076923076924,0.9962453066332916,0.99630616896303,0.9926395262310964,6,,,,,,10
100,2,select_coverage_CBA_M1,,exact,cmar,e,0,0.9926153846153846,0.9924906132665832,0.9926111286254728,0.9853306467538968,12,,,,,,10
100,2,select_coverage_CBA_M1,,exact,top_k_avg,e,0,0.9969230769230768,0.9968710888610764,0.996921883269479,0.9938626579715863,5,,,,,,10
100,2,select_coverage_CBA_M1,,exact,list,e,0,0.9981538461538462,0.9981226533166458,0.9981532167176506,0.9963132420739192,3,,,,,,10
114,1,select_coverage,1.0,DAC,list,e,0,0.9907692307692308,0.990484876120991,0.9907327178970892,0.9815024950769926,15,,,,,,10
114,1,select_coverage,1.0,exact,majority,e,0,0.9987692307692309,0.9986928104575163,0.9987648296453048,0.997532706804608,2,,,,,,10
114,1,select_coverage,1.0,exact,cmar,e,0,0.9987692307692309,0.9986928104575163,0.9987648296453048,0.997532706804608,2,,,,,,10
114,1,select_coverage,1.0,exact,top_k_avg,e,0,0.9987692307692309,0.9986928104575163,0.9987648296453048,0.997532706804608,2,,,,,,10
114,1,select_coverage,1.0,exact,list,e,0,1.0,1.0,1.0,1.0,0,,,,,,10
114,1,select_coverage,2.0,DAC,list,e,0,0.9907692307692308,0.990484876120991,0.9907327178970892,0.9815024950769926,15,,,,,,10
114,1,select_coverage,2.0,exact,majority,e,0,0.9993846153846154,0.9993464052287582,0.9993824601192745,0.998765682477202,1,,,,,,10
114,1,select_coverage,2.0,exact,cmar,e,0,0.9981538461538462,0.9980392156862744,0.998147107149658,0.996301067977826,3,,,,,,10
114,1,select_coverage,2.0,exact,top_k_avg,e,0,0.9993846153846154,0.9993464052287582,0.9993824601192745,0.998765682477202,1,,,,,,10
114,1,select_coverage,2.0,exact,list,e,0,1.0,1.0,1.0,1.0,0,,,,,,10
114,1,select_coverage,3.0,DAC,list,e,0,0.9901538461538462,0.9898312813497492,0.9901141285832482,0.9802766385687088,16,,,,,,10
114,1,select_coverage,3.0,exact,majority,e,0,0.9993846153846154,0.9993464052287582,0.9993824601192745,0.998765682477202,1,,,,,,10
114,1,select_coverage,3.0,exact,cmar,e,0,0.9981538461538462,0.9980392156862744,0.998147107149658,0.996301067977826,3,,,,,,10
114,1,select_coverage,3.0,exact,top_k_avg,e,0,0.9993846153846154,0.9993464052287582,0.9993824601192745,0.998765682477202,1,,,,,,10
114,1,select_coverage,3.0,exact,list,e,0,1.0,1.0,1.0,1.0,0,,,,,,10
114,1,select_coverage,4.0,DAC,list,e,0,0.9901538461538462,0.9898312813497492,0.9901141285832482,0.9802766385687088,16,,,,,,10
114,1,select_coverage,4.0,exact,majority,e,0,0.9987692307692309,0.9986928104575163,0.9987648296453048,0.997532706804608,2,,,,,,10
114,1,select_coverage,4.0,exact,cmar,e,0,0.9981538461538462,0.9980392156862744,0.998147107149658,0.996301067977826,3,,,,,,10
114,1,select_coverage,4.0,exact,top_k_avg,e,0,0.9993846153846154,0.9993464052287582,0.9993824601192745,0.998765682477202,1,,,,,,10
114,1,select_coverage,4.0,exact,list,e,0,1.0,1.0,1.0,1.0,0,,,,,,10
114,1,select_coverage_CBA_M1,,DAC,list,e,2,0.9907692307692308,0.990484876120991,0.9907327178970892,0.9815024950769926,15,0.9895384615384616,0.9891776865785074,0.9894954348395644,0.9790520739574798,17.0,10
114,1,select_coverage_CBA_M1,,exact,majority,e,2,0.9981538461538462,0.9980392156862744,0.998147107149658,0.996301067977826,3,0.9969230769230768,0.9967320261437908,0.9969113803753862,0.993841780924586,5.0,10
114,1,select_coverage_CBA_M1,,exact,cmar,e,2,0.9963076923076924,0.996078431372549,0.9962933732356456,0.992614122769498,6,0.9950769230769232,0.9947712418300654,0.995057064291624,0.9901627524995356,8.0,10
114,1,select_coverage_CBA_M1,,exact,top_k_avg,e,2,0.9993846153846154,0.9993464052287582,0.9993824601192745,0.998765682477202,1,0.9981538461538462,0.9980392156862744,0.998147107149658,0.996301067977826,3.0,10
114,1,select_coverage_CBA_M1,,exact,list,e,2,0.9993846153846154,0.9993464052287582,0.9993824601192745,0.998765682477202,1,0.9981538461538462,0.9980392156862744,0.998147107149658,0.996301067977826,3.0,10
114,2,select_coverage,1.0,exact,majority,e,0,0.9987692307692309,0.9986928104575163,0.9987648296453048,0.997532706804608,2,,,,,,10
114,2,select_coverage,1.0,exact,cmar,e,0,0.9987692307692309,0.9986928104575163,0.9987648296453048,0.997532706804608,2,,,,,,10
114,2,select_coverage,1.0,exact,top_k_avg,e,0,0.9987692307692309,0.9986928104575163,0.9987648296453048,0.997532706804608,2,,,,,,10
114,2,select_coverage,1.0,exact,list,e,0,1.0,1.0,1.0,1.0,0,,,,,,10
114,2,select_coverage,2.0,exact,majority,e,0,0.9993846153846154,0.9993464052287582,0.9993824601192745,0.998765682477202,1,,,,,,10
114,2,select_coverage,2.0,exact,cmar,e,0,0.9981538461538462,0.9980392156862744,0.998147107149658,0.996301067977826,3,,,,,,10
114,2,select_coverage,2.0,exact,top_k_avg,e,0,0.9993846153846154,0.9993464052287582,0.9993824601192745,0.998765682477202,1,,,,,,10
114,2,select_coverage,2.0,exact,list,e,0,1.0,1.0,1.0,1.0,0,,,,,,10
114,2,select_coverage,3.0,exact,majority,e,0,0.9993846153846154,0.9993464052287582,0.9993824601192745,0.998765682477202,1,,,,,,10
114,2,select_coverage,3.0,exact,cmar,e,0,0.9981538461538462,0.9980392156862744,0.998147107149658,0.996301067977826,3,,,,,,10
114,2,select_coverage,3.0,exact,top_k_avg,e,0,0.9993846153846154,0.9993464052287582,0.9993824601192745,0.998765682477202,1,,,,,,10
114,2,select_coverage,3.0,exact,list,e,0,1.0,1.0,1.0,1.0,0,,,,,,10
114,2,select_coverage,4.0,exact,majority,e,0,0.9987692307692309,0.9986928104575163,0.9987648296453048,0.997532706804608,2,,,,,,10
114,2,select_coverage,4.0,exact,cmar,e,0,0.9981538461538462,0.9980392156862744,0.998147107149658,0.996301067977826,3,,,,,,10
114,2,select_coverage,4.0,exact,top_k_avg,e,0,0.9993846153846154,0.9993464052287582,0.9993824601192745,0.998765682477202,1,,,,,,10
114,2,select_coverage,4.0,exact,list,e,0,1.0,1.0,1.0,1.0,0,,,,,,10
114,2,select_coverage_CBA_M1,,exact,majority,e,2,0.9981538461538462,0.9980392156862744,0.998147107149658,0.996301067977826,3,0.9969230769230768,0.9967320261437908,0.9969113803753862,0.993841780924586,5.0,10
114,2,select_coverage_CBA_M1,,exact,cmar,e,2,0.9963076923076924,0.996078431372549,0.9962933732356456,0.992614122769498,6,0.9950769230769232,0.9947712418300654,0.995057064291624,0.9901627524995356,8.0,10
114,2,select_coverage_CBA_M1,,exact,top_k_avg,e,2,0.9993846153846154,0.9993464052287582,0.9993824601192745,0.998765682477202,1,0.9981538461538462,0.9980392156862744,0.998147107149658,0.996301067977826,3.0,10
114,2,select_coverage_CBA_M1,,exact,list,e,2,0.9993846153846154,0.9993464052287582,0.9993824601192745,0.998765682477202,1,0.9981538461538462,0.9980392156862744,0.998147107149658,0.996301067977826,3.0,10
133,1,select_coverage,1.0,DAC,list,e,0,0.9981538461538462,0.9981371336413354,0.9981526120549736,0.9963059811176048,3,,,,,,10
133,1,select_coverage,1.0,exact,majority,e,0,0.9876923076923076,0.9879951980792316,0.9876902518915348,0.9756798777464304,20,,,,,,10
133,1,select_coverage,1.0,exact,cmar,e,0,0.9950769230769232,0.9951359331611432,0.9950743694435098,0.990160810095103,8,,,,,,10
133,1,select_coverage,1.0,exact,top_k_avg,e,0,0.9969230769230768,0.9968434343434344,0.9969206093289807,0.9938601256829994,5,,,,,,10
133,1,select_coverage,1.0,exact,list,e,0,1.0,1.0,1.0,1.0,0,,,,,,10
133,1,select_coverage,2.0,DAC,list,e,0,0.9981538461538462,0.9981371336413354,0.9981526120549736,0.9963059811176048,3,,,,,,10
133,1,select_coverage,2.0,exact,majority,e,0,0.9932307692307693,0.9933973589435774,0.993228461298052,0.9865480130362064,11,,,,,,10
133,1,select_coverage,2.0,exact,cmar,e,0,0.9956923076923077,0.9957361732571816,0.9956899507839744,0.9913866961924858,7,,,,,,10
133,1,select_coverage,2.0,exact,top_k_avg,e,0,0.9969230769230768,0.9968745073787092,0.9969208193917508,0.993848444345416,5,,,,,,10
133,1,select_coverage,2.0,exact,list,e,0,1.0,1.0,1.0,1.0,0,,,,,,10
133,1,select_coverage,3.0,DAC,list,e,0,0.9981538461538462,0.9981371336413354,0.9981526120549736,0.9963059811176048,3,,,,,,10
133,1,select_coverage,3.0,exact,majority,e,0,0.9901538461538462,0.9903961584633854,0.9901515151515152,0.9804951233374988,16,,,,,,10
133,1,select_coverage,3.0,exact,cmar,e,0,0.9956923076923077,0.9957361732571816,0.9956899507839744,0.9913866961924858,7,,,,,,10
133,1,select_coverage,3.0,exact,top_k_avg,e,0,0.9981538461538462,0.9981371336413354,0.9981526120549736,0.9963059811176048,3,,,,,,10
133,1,select_coverage,3.0,exact,list,e,0,1.0,1.0,1.0,1.0,0,,,,,,10
133,1,select_coverage,4.0,DAC,list,e,0,0.9981538461538462,0.9981371336413354,0.9981526120549736,0.9963059811176048,3,,,,,,10
133,1,select_coverage,4.0,exact,majority,e,0,0.9907692307692308,0.9909653255241492,0.990766489345381,0.9816598799195884,15,,,,,,10
133,1,select_coverage,4.0,exact,cmar,e,0,0.9956923076923077,0.9957361732571816,0.9956899507839744,0.9913866961924858,7,,,,,,10
133,1,select_coverage,4.0,exact,top_k_avg,e,0,0.9987692307692309,0.9987373737373736,0.9987683683647266,0.9975397668278452,2,,,,,,10
133,1,select_coverage,4.0,exact,list,e,0,1.0,1.0,1.0,1.0,0,,,,,,10
133,1,select_coverage_CBA_M1,,DAC,list,e,0,0.9981538461538462,0.9981371336413354,0.9981526120549736,0.9963059811176048,3,,,,,,10
133,1,select_coverage_CBA_M1,,exact,majority,e,0,0.9981538461538462,0.9981371336413354,0.9981526120549736,0.9963059811176048,3,,,,,,10
133,1,select_coverage_CBA_M1,,exact,cmar,e,0,0.9981538461538462,0.9981371336413354,0.9981526120549736,0.9963059811176048,3,,,,,,10
133,1,select_coverage_CBA_M1,,exact,top_k_avg,e,0,0.9969230769230768,0.9968434343434344,0.9969206093289807,0.9938601256829994,5,,,,,,10
133,1,select_coverage_CBA_M1,,exact,list,e,0,0.9987692307692309,0.9987373737373736,0.9987683683647266,0.9975397668278452,2,,,,,,10
133,2,select_coverage,1.0,exact,majority,e,0,0.9876923076923076,0.9879951980792316,0.9876902518915348,0.9756798777464304,20,,,,,,10
133,2,select_coverage,1.0,exact,cmar,e,0,0.9950769230769232,0.9951359331611432,0.9950743694435098,0.990160810095103,8,,,,,,10
133,2,select_coverage,1.0,exact,top_k_avg,e,0,0.9969230769230768,0.9968434343434344,0.9969206093289807,0.9938601256829994,5,,,,,,10
133,2,select_coverage,1.0,exact,list,e,0,1.0,1.0,1.0,1.0,0,,,,,,10
133,2,select_coverage,2.0,exact,majority,e,0,0.9932307692307693,0.9933973589435774,0.993228461298052,0.9865480130362064,11,,,,,,10
133,2,select_coverage,2.0,exact,cmar,e,0,0.9956923076923077,0.9957361732571816,0.9956899507839744,0.9913866961924858,7,,,,,,10
133,2,select_coverage,2.0,exact,top_k_avg,e,0,0.9969230769230768,0.9968745073787092,0.9969208193917508,0.993848444345416,5,,,,,,10
133,2,select_coverage,2.0,exact,list,e,0,1.0,1.0,1.0,1.0,0,,,,,,10
133,2,select_coverage,3.0,exact,majority,e,0,0.9901538461538462,0.9903961584633854,0.9901515151515152,0.9804951233374988,16,,,,,,10
133,2,select_coverage,3.0,exact,cmar,e,0,0.9956923076923077,0.9957361732571816,0.9956899507839744,0.9913866961924858,7,,,,,,10
133,2,select_coverage,3.0,exact,top_k_avg,e,0,0.9981538461538462,0.9981371336413354,0.9981526120549736,0.9963059811176048,3,,,,,,10
133,2,select_coverage,3.0,exact,list,e,0,1.0,1.0,1.0,1.0,0,,,,,,10
133,2,select_coverage,4.0,exact,majority,e,0,0.9907692307692308,0.9909653255241492,0.990766489345381,0.9816598799195884,15,,,,,,10
133,2,select_coverage,4.0,exact,cmar,e,0,0.9956923076923077,0.9957361732571816,0.9956899507839744,0.9913866961924858,7,,,,,,10
133,2,select_coverage,4.0,exact,top_k_avg,e,0,0.9987692307692309,0.9987373737373736,0.9987683683647266,0.9975397668278452,2,,,,,,10
133,2,select_coverage,4.0,exact,list,e,0,1.0,1.0,1.0,1.0,0,,,,,,10
133,2,select_coverage_CBA_M1,,exact,majority,e,0,0.9956923076923077,0.9957361732571816,0.9956899507839744,0.9913866961924858,7,,,,,,10
133,2,select_coverage_CBA_M1,,exact,cmar,e,0,0.9981538461538462,0.9981371336413354,0.9981526120549736,0.9963059811176048,3,,,,,,10
133,2,select_coverage_CBA_M1,,exact,top_k_avg,e,0,0.9969230769230768,0.9968434343434344,0.9969206093289807,0.9938601256829994,5,,,,,,10
133,2,select_coverage_CBA_M1,,exact,list,e,0,0.9987692307692309,0.9987373737373736,0.9987683683647266,0.9975397668278452,2,,,,,,10
138,1,select_coverage,1.0,DAC,list,e,0,0.9907692307692308,0.9905309817832824,0.9907420806333442,0.9815211464015956,15,,,,,,10
138,1,select_coverage,1.0,exact,majority,e,0,0.9963076923076924,0.9961754915598102,0.9962975620870358,0.9926072639412746,6,,,,,,10
138,1,select_coverage,1.0,exact,cmar,e,0,0.9963076923076924,0.9961754915598102,0.9962975620870358,0.9926072639412746,6,,,,,,10
138,1,select_coverage,1.0,exact,top_k_avg,e,0,0.9981538461538462,0.9980569948186528,0.9981488998389638,0.9963046401253514,3,,,,,,10
138,1,select_coverage,1.0,exact,list,e,0,1.0,1.0,1.0,1.0,0,,,,,,10
138,1,select_coverage,2.0,DAC,list,e,0,0.9907692307692308,0.9905309817832824,0.9907420806333442,0.9815211464015956,15,,,,,,10
138,1,select_coverage,2.0,exact,majority,e,0,0.9975384615384616,0.997470828347375,0.9975320229514272,0.9950670838271384,4,,,,,,10
138,1,select_coverage,2.0,exact,cmar,e,0,0.9963076923076924,0.9961754915598102,0.9962975620870358,0.9926072639412746,6,,,,,,10
138,1,select_coverage,2.0,exact,top_k_avg,e,0,0.9981538461538462,0.9980569948186528,0.9981488998389638,0.9963046401253514,3,,,,,,10
138,1,select_coverage,2.0,exact,list,e,0,1.0,1.0,1.0,1.0,0,,,,,,10
138,1,select_coverage,3.0,DAC,list,e,0,0.9907692307692308,0.9905309817832824,0.9907420806333442,0.9815211464015956,15,,,,,,10
138,1,select_coverage,3.0,exact,majority,e,0,0.9975384615384616,0.997470828347375,0.9975320229514272,0.9950670838271384,4,,,,,,10
138,1,select_coverage,3.0,exact,cmar,e,0,0.9963076923076924,0.9961754915598102,0.9962975620870358,0.9926072639412746,6,,,,,,10
138,1,select_coverage,3.0,exact,top_k_avg,e,0,0.9993846153846154,0.9993523316062176,0.9993830443892916,0.998766849576461,1,,,,,,10
138,1,select_coverage,3.0,exact,list,e,0,1.0,1.0,1.0,1.0,0,,,,,,10
138,1,select_coverage,4.0,DAC,list,e,0,0.9907692307692308,0.9905309817832824,0.9907420806333442,0.9815211464015956,15,,,,,,10
138,1,select_coverage,4.0,exact,majority,e,0,0.9975384615384616,0.997470828347375,0.9975320229514272,0.9950670838271384,4,,,,,,10
138,1,select_coverage,4.0,exact,cmar,e,0,0.9963076923076924,0.9961754915598102,0.9962975620870358,0.9926072639412746,6,,,,,,10
138,1,select_coverage,4.0,exact,top_k_avg,e,0,1.0,1.0,1.0,1.0,0,,,,,,10
138,1,select_coverage,4.0,exact,list,e,0,1.0,1.0,1.0,1.0,0,,,,,,10
138,1,select_coverage_CBA_M1,,DAC,list,e,2,0.9901538461538462,0.9898218114669954,0.9901228714788036,0.9803212076141976,16,0.9889230769230768,0.9885264746794308,0.9888866767782076,0.9778819185730452,18.0,10
138,1,select_coverage_CBA_M1,,exact,majority,e,2,0.9944615384615384,0.9941709844559584,0.9944444972032556,0.988950379557651,9,0.9932307692307693,0.9928756476683938,0.9932090020329304,0.9865096152470392,11.0,10
138,1,select_coverage_CBA_M1,,exact,cmar,e,2,0.9963076923076924,0.9961139896373056,0.9962970783758492,0.9926214785483372,6,0.9950769230769232,0.9948186528497408,0.9950621110462854,0.9901727472565538,8.0,10
138,1,select_coverage_CBA_M1,,exact,top_k_avg,e,2,0.9963076923076924,0.9961139896373056,0.9962970783758492,0.9926214785483372,6,0.9950769230769232,0.9948186528497408,0.9950621110462854,0.9901727472565538,8.0,10
138,1,select_coverage_CBA_M1,,exact,list,e,2,0.9981538461538462,0.9980569948186528,0.9981488998389638,0.9963046401253514,3,0.9969230769230768,0.996761658031088,0.9969144347111474,0.9938478521122138,5.0,10
138,2,select_coverage,1.0,exact,majority,e,0,0.9963076923076924,0.9961754915598102,0.9962975620870358,0.9926072639412746,6,,,,,,10
138,2,select_coverage,1.0,exact,cmar,e,0,0.9963076923076924,0.9961754915598102,0.9962975620870358,0.9926072639412746,6,,,,,,10
138,2,select_coverage,1.0,exact,top_k_avg,e,0,0.9981538461538462,0.9980569948186528,0.9981488998389638,0.9963046401253514,3,,,,,,10
138,2,select_coverage,1.0,exact,list,e,0,1.0,1.0,1.0,1.0,0,,,,,,10
138,2,select_coverage,2.0,exact,majority,e,0,0.9975384615384616,0.997470828347375,0.9975320229514272,0.9950670838271384,4,,,,,,10
138,2,select_coverage,2.0,exact,cmar,e,0,0.9963076923076924,0.9961754915598102,0.9962975620870358,0.9926072639412746,6,,,,,,10
138,2,select_coverage,2.0,exact,top_k_avg,e,0,0.9981538461538462,0.9980569948186528,0.9981488998389638,0.9963046401253514,3,,,,,,10
138,2,select_coverage,2.0,exact,list,e,0,1.0,1.0,1.0,1.0,0,,,,,,10
138,2,select_coverage,3.0,exact,majority,e,0,0.9975384615384616,0.997470828347375,0.9975320229514272,0.9950670838271384,4,,,,,,10
138,2,select_coverage,3.0,exact,cmar,e,0,0.9963076923076924,0.9961754915598102,0.9962975620870358,0.9926072639412746,6,,,,,,10
138,2,select_coverage,3.0,exact,top_k_avg,e,0,0.9993846153846154,0.9993523316062176,0.9993830443892916,0.998766849576461,1,,,,,,10
138,2,select_coverage,3.0,exact,list,e,0,1.0,1.0,1.0,1.0,0,,,,,,10
138,2,select_coverage,4.0,exact,majority,e,0,0.9975384615384616,0.997470828347375,0.9975320229514272,0.9950670838271384,4,,,,,,10
138,2,select_coverage,4.0,exact,cmar,e,0,0.9963076923076924,0.9961754915598102,0.9962975620870358,0.9926072639412746,6,,,,,,10
138,2,select_coverage,4.0,exact,top_k_avg,e,0,1.0,1.0,1.0,1.0,0,,,,,,10
138,2,select_coverage,4.0,exact,list,e,0,1.0,1.0,1.0,1.0,0,,,,,,10
138,2,select_coverage_CBA_M1,,exact,majority,e,1,0.9950769230769232,0.9948186528497408,0.9950621110462854,0.9901727472565538,8,0.9944615384615384,0.9941709844559584,0.9944444972032556,0.988950379557651,9.0,10
138,2,select_coverage_CBA_M1,,exact,cmar,e,1,0.9963076923076924,0.9961139896373056,0.9962970783758492,0.9926214785483372,6,0.9956923076923077,0.9954663212435232,0.995679637628894,0.9913964452609793,7.0,10
138,2,select_coverage_CBA_M1,,exact,top_k_avg,e,1,0.9975384615384616,0.9974093264248703,0.9975317080580238,0.9950755709624712,4,0.9969230769230768,0.996761658031088,0.9969144347111474,0.9938478521122138,5.0,10
138,2,select_coverage_CBA_M1,,exact,list,e,1,0.9993846153846154,0.9993523316062176,0.9993830443892916,0.998766849576461,1,0.9987692307692309,0.9987046632124352,0.9987660114757136,0.997535064643578,2.0,10
148,1,select_coverage,1.0,DAC,list,e,0,0.9907692307692308,0.9905756000449142,0.9907500486689746,0.9815370194276132,15,,,,,,10
148,1,select_coverage,1.0,exact,majority,e,0,0.9993846153846154,0.9994089834515368,0.9993835985629692,0.9987679565585138,1,,,,,,10
148,1,select_coverage,1.0,exact,cmar,e,0,0.9993846153846154,0.9994089834515368,0.9993835985629692,0.9987679565585138,1,,,,,,10
148,1,select_coverage,1.0,exact,top_k_avg,e,0,0.9987692307692309,0.9987163029525032,0.9987670077060122,0.99753705220093,2,,,,,,10
148,1,select_coverage,1.0,exact,list,e,0,1.0,1.0,1.0,1.0,0,,,,,,10
148,1,select_coverage,2.0,DAC,list,e,0,0.9907692307692308,0.9905756000449142,0.9907500486689746,0.9815370194276132,15,,,,,,10
148,1,select_coverage,2.0,exact,majority,e,0,0.9993846153846154,0.9994089834515368,0.9993835985629692,0.9987679565585138,1,,,,,,10
148,1,select_coverage,2.0,exact,cmar,e,0,1.0,1.0,1.0,1.0,0,,,,,,10
148,1,select_coverage,2.0,exact,top_k_avg,e,0,0.9993846153846154,0.9993581514762516,0.9993835358939543,0.9987678313748192,1,,,,,,10
148,1,select_coverage,2.0,exact,list,e,0,1.0,1.0,1.0,1.0,0,,,,,,10
148,1,select_coverage,3.0,DAC,list,e,0,0.9907692307692308,0.9905756000449142,0.9907500486689746,0.9815370194276132,15,,,,,,10
148,1,select_coverage,3.0,exact,majority,e,0,0.9993846153846154,0.9994089834515368,0.9993835985629692,0.9987679565585138,1,,,,,,10
148,1,select_coverage,3.0,exact,cmar,e,0,0.9987692307692309,0.9987163029525032,0.9987670077060122,0.99753705220093,2,,,,,,10
148,1,select_coverage,3.0,exact,top_k_avg,e,0,0.9993846153846154,0.9993581514762516,0.9993835358939543,0.9987678313748192,1,,,,,,10
148,1,select_coverage,3.0,exact,list,e,0,1.0,1.0,1.0,1.0,0,,,,,,10
148,1,select_coverage,4.0,DAC,list,e,0,0.9907692307692308,0.9905756000449142,0.9907500486689746,0.9815370194276132,15,,,,,,10
148,1,select_coverage,4.0,exact,majority,e,0,0.9993846153846154,0.9994089834515368,0.9993835985629692,0.9987679565585138,1,,,,,,10
148,1,select_coverage,4.0,exact,cmar,e,0,0.9987692307692309,0.9987163029525032,0.9987670077060122,0.99753705220093,2,,,,,,10
148,1,select_coverage,4.0,exact,top_k_avg,e,0,0.9993846153846154,0.9993581514762516,0.9993835358939543,0.9987678313748192,1,,,,,,10
148,1,select_coverage,4.0,exact,list,e,0,1.0,1.0,1.0,1.0,0,,,,,,10
148,1,select_coverage_CBA_M1,,DAC,list,e,6,0.9907692307692308,0.9905756000449142,0.9907500486689746,0.9815370194276132,15,0.9870769230769232,0.986724508902424,0.9870455257238846,0.9742180120961088,21.0,10
148,1,select_coverage_CBA_M1,,exact,majority,e,6,0.9981538461538462,0.9980744544287548,0.9981504140227072,0.9963076573272062,3,0.9944615384615384,0.9942233632862644,0.9944493972899396,0.9889600720896446,9.0,10
148,1,select_coverage_CBA_M1,,exact,cmar,e,6,0.9975384615384616,0.9974326059050064,0.99753375342998,0.9950796416198056,4,0.9938461538461538,0.993581514762516,0.9938323055107686,0.987740224524004,10.0,10
148,1,select_coverage_CBA_M1,,exact,top_k_avg,e,6,0.9975384615384616,0.9974326059050064,0.99753375342998,0.9950796416198056,4,0.9938461538461538,0.993581514762516,0.9938323055107686,0.987740224524004,10.0,10
148,1,select_coverage_CBA_M1,,exact,list,e,6,0.9981538461538462,0.9980744544287548,0.9981504140227072,0.9963076573272062,3,0.9944615384615384,0.9942233632862644,0.9944493972899396,0.9889600720896446,9.0,10
148,2,select_coverage,1.0,exact,majority,e,0,0.9993846153846154,0.9994089834515368,0.9993835985629692,0.9987679565585138,1,,,,,,10
148,2,select_coverage,1.0,exact,cmar,e,0,0.9993846153846154,0.9994089834515368,0.9993835985629692,0.9987679565585138,1,,,,,,10
148,2,select_coverage,1.0,exact,top_k_avg,e,0,0.9987692307692309,0.9987163029525032,0.9987670077060122,0.99753705220093,2,,,,,,10
148,2,select_coverage,1.0,exact,list,e,0,1.0,1.0,1.0,1.0,0,,,,,,10
148,2,select_coverage,2.0,exact,majority,e,0,0.9993846153846154,0.9994089834515368,0.9993835985629692,0.9987679565585138,1,,,,,,10
148,2,select_coverage,2.0,exact,cmar,e,0,1.0,1.0,1.0,1.0,0,,,,,,10
148,2,select_coverage,2.0,exact,top_k_avg,e,0,0.9993846153846154,0.9993581514762516,0.9993835358939543,0.9987678313748192,1,,,,,,10
148,2,select_coverage,2.0,exact,list,e,0,1.0,1.0,1.0,1.0,0,,,,,,10
148,2,select_coverage,3.0,exact,majority,e,0,0.9993846153846154,0.9994089834515368,0.9993835985629692,0.9987679565585138,1,,,,,,10
148,2,select_coverage,3.0,exact,cmar,e,0,0.9987692307692309,0.9987163029525032,0.9987670077060122,0.99753705220093,2,,,,,,10
148,2,select_coverage,3.0,exact,top_k_avg,e,0,0.9993846153846154,0.9993581514762516,0.9993835358939543,0.9987678313748192,1,,,,,,10
148,2,select_coverage,3.0,exact,list,e,0,1.0,1.0,1.0,1.0,0,,,,,,10
148,2,select_coverage,4.0,exact,majority,e,0,0.9993846153846154,0.9994089834515368,0.9993835985629692,0.9987679565585138,1,,,,,,10
148,2,select_coverage,4.0,exact,cmar,e,0,0.9987692307692309,0.9987163029525032,0.9987670077060122,0.99753705220093,2,,,,,,10
148,2,select_coverage,4.0,exact,top_k_avg,e,0,0.9993846153846154,0.9993581514762516,0.9993835358939543,0.9987678313748192,1,,,,,,10
148,2,select_coverage,4.0,exact,list,e,0,1.0,1.0,1.0,1.0,0,,,,,,10
148,2,select_coverage_CBA_M1,,exact,majority,e,0,0.9981538461538462,0.9980744544287548,0.9981504140227072,0.9963076573272062,3,,,,,,10
148,2,select_coverage_CBA_M1,,exact,cmar,e,0,0.9975384615384616,0.9974326059050064,0.99753375342998,0.9950796416198056,4,,,,,,10
148,2,select_coverage_CBA_M1,,exact,top_k_avg,e,0,0.9975384615384616,0.9974326059050064,0.99753375342998,0.9950796416198056,4,,,,,,10
148,2,select_coverage_CBA_M1,,exact,list,e,0,0.9981538461538462,0.9980744544287548,0.9981504140227072,0.9963076573272062,3,,,,,,10
