ranking,selection,param,strategy,acc_train,bacc_train,f1_train,mcc_train,erros_train,acc_test,bacc_test,f1_test,mcc_test,erros_test,seed
1,select_coverage,1.0,majority,0.9971264367816092,0.9976635514018692,0.9969703037531668,0.9939589073244612,1,0.9310344827586208,0.9223085460599334,0.9267676767676768,0.8546354932096242,6,5
1,select_coverage,1.0,cmar,0.985632183908046,0.9869228623238946,0.984892554807901,0.9699468491891636,5,0.9195402298850576,0.9128745837957823,0.915050913656019,0.8303700719800146,7,5
1,select_coverage,1.0,top_k_avg,0.9942528735632185,0.9925373134328358,0.9939150201084106,0.9879036215673088,2,0.9195402298850576,0.9076026637069924,0.9140437544107268,0.8305571897076579,7,5
1,select_coverage,1.0,list,1.0,1.0,1.0,1.0,0,0.9195402298850576,0.9076026637069924,0.9140437544107268,0.8305571897076579,7,5
1,select_coverage,2.0,majority,0.9942528735632185,0.9939322081182872,0.9939322081182872,0.9878644162365742,2,0.9310344827586208,0.9275804661487236,0.9275804661487236,0.8551609322974473,6,5
1,select_coverage,2.0,cmar,0.9798850574712644,0.9822499651276329,0.9789052555010002,0.9582546673710866,7,0.9310344827586208,0.9275804661487236,0.9275804661487236,0.8551609322974473,6,5
1,select_coverage,2.0,top_k_avg,0.9885057471264368,0.9850746268656716,0.9877946127946128,0.9758833690524464,4,0.9195402298850576,0.9076026637069924,0.9140437544107268,0.8305571897076579,7,5
1,select_coverage,2.0,list,0.9971264367816092,0.9962686567164178,0.9969618396584689,0.9939420812161128,1,0.9195402298850576,0.9076026637069924,0.9140437544107268,0.8305571897076579,7,5
1,select_coverage,3.0,majority,0.9942528735632185,0.9939322081182872,0.9939322081182872,0.9878644162365742,2,0.9195402298850576,0.9181465038845726,0.9159420289855073,0.8321472168426434,7,5
1,select_coverage,3.0,cmar,0.9827586206896552,0.9845864137257636,0.9818951165371808,0.964076117966324,6,0.9310344827586208,0.9275804661487236,0.9275804661487236,0.8551609322974473,6,5
1,select_coverage,3.0,top_k_avg,0.9913793103448276,0.9888059701492538,0.9908593442192356,0.9818841926887224,3,0.9195402298850576,0.9076026637069924,0.9140437544107268,0.8305571897076579,7,5
1,select_coverage,3.0,list,0.9971264367816092,0.9962686567164178,0.9969618396584689,0.9939420812161128,1,0.9195402298850576,0.9076026637069924,0.9140437544107268,0.8305571897076579,7,5
1,select_coverage,4.0,majority,0.9971264367816092,0.9976635514018692,0.9969703037531668,0.9939589073244612,1,0.942528735632184,0.9370144284128744,0.9393220811828706,0.8789199350594912,5,5
1,select_coverage,4.0,cmar,0.985632183908046,0.9883177570093458,0.9849323253578572,0.9703116716463464,5,0.9310344827586208,0.9275804661487236,0.9275804661487236,0.8551609322974473,6,5
1,select_coverage,4.0,top_k_avg,0.9942528735632185,0.9925373134328358,0.9939150201084106,0.9879036215673088,2,0.9195402298850576,0.9076026637069924,0.9140437544107268,0.8305571897076579,7,5
1,select_coverage,4.0,list,1.0,1.0,1.0,1.0,0,0.9195402298850576,0.9076026637069924,0.9140437544107268,0.8305571897076579,7,5
1,select_coverage_CBA_M1,,majority,0.9971264367816092,0.9976635514018692,0.9969703037531668,0.9939589073244612,1,0.9310344827586208,0.9223085460599334,0.9267676767676768,0.8546354932096242,6,5
1,select_coverage_CBA_M1,,cmar,0.9971264367816092,0.9976635514018692,0.9969703037531668,0.9939589073244612,1,0.9195402298850576,0.9128745837957823,0.915050913656019,0.8303700719800146,7,5
1,select_coverage_CBA_M1,,top_k_avg,0.9971264367816092,0.9976635514018692,0.9969703037531668,0.9939589073244612,1,0.9195402298850576,0.9076026637069924,0.9140437544107268,0.8305571897076579,7,5
1,select_coverage_CBA_M1,,list,0.9971264367816092,0.9976635514018692,0.9969703037531668,0.9939589073244612,1,0.9195402298850576,0.9076026637069924,0.9140437544107268,0.8305571897076579,7,5
2,select_coverage,1.0,majority,0.9971264367816092,0.9976635514018692,0.9969703037531668,0.9939589073244612,1,0.9195402298850576,0.9128745837957823,0.915050913656019,0.8303700719800146,7,5
2,select_coverage,1.0,cmar,0.985632183908046,0.9869228623238946,0.984892554807901,0.9699468491891636,5,0.9195402298850576,0.9128745837957823,0.915050913656019,0.8303700719800146,7,5
2,select_coverage,1.0,top_k_avg,0.9942528735632185,0.9925373134328358,0.9939150201084106,0.9879036215673088,2,0.9195402298850576,0.9076026637069924,0.9140437544107268,0.8305571897076579,7,5
2,select_coverage,1.0,list,1.0,1.0,1.0,1.0,0,0.9195402298850576,0.9128745837957823,0.915050913656019,0.8303700719800146,7,5
2,select_coverage,2.0,majority,0.9942528735632185,0.9939322081182872,0.9939322081182872,0.9878644162365742,2,0.9310344827586208,0.9275804661487236,0.9275804661487236,0.8551609322974473,6,5
2,select_coverage,2.0,cmar,0.9798850574712644,0.9822499651276329,0.9789052555010002,0.9582546673710866,7,0.9310344827586208,0.9275804661487236,0.9275804661487236,0.8551609322974473,6,5
2,select_coverage,2.0,top_k_avg,0.9885057471264368,0.9850746268656716,0.9877946127946128,0.9758833690524464,4,0.9195402298850576,0.9076026637069924,0.9140437544107268,0.8305571897076579,7,5
2,select_coverage,2.0,list,0.9971264367816092,0.9962686567164178,0.9969618396584689,0.9939420812161128,1,0.9195402298850576,0.9128745837957823,0.915050913656019,0.8303700719800146,7,5
2,select_coverage,3.0,majority,0.9942528735632185,0.9939322081182872,0.9939322081182872,0.9878644162365742,2,0.9195402298850576,0.9181465038845726,0.9159420289855073,0.8321472168426434,7,5
2,select_coverage,3.0,cmar,0.9827586206896552,0.9845864137257636,0.9818951165371808,0.964076117966324,6,0.9310344827586208,0.9275804661487236,0.9275804661487236,0.8551609322974473,6,5
2,select_coverage,3.0,top_k_avg,0.9913793103448276,0.9888059701492538,0.9908593442192356,0.9818841926887224,3,0.9195402298850576,0.9076026637069924,0.9140437544107268,0.8305571897076579,7,5
2,select_coverage,3.0,list,0.9971264367816092,0.9962686567164178,0.9969618396584689,0.9939420812161128,1,0.9195402298850576,0.9128745837957823,0.915050913656019,0.8303700719800146,7,5
2,select_coverage,4.0,majority,0.9971264367816092,0.9976635514018692,0.9969703037531668,0.9939589073244612,1,0.942528735632184,0.9370144284128744,0.9393220811828706,0.8789199350594912,5,5
2,select_coverage,4.0,cmar,0.985632183908046,0.9883177570093458,0.9849323253578572,0.9703116716463464,5,0.9310344827586208,0.9275804661487236,0.9275804661487236,0.8551609322974473,6,5
2,select_coverage,4.0,top_k_avg,0.9942528735632185,0.9925373134328358,0.9939150201084106,0.9879036215673088,2,0.9195402298850576,0.9076026637069924,0.9140437544107268,0.8305571897076579,7,5
2,select_coverage,4.0,list,1.0,1.0,1.0,1.0,0,0.9195402298850576,0.9128745837957823,0.915050913656019,0.8303700719800146,7,5
2,select_coverage_CBA_M1,,majority,0.9971264367816092,0.9976635514018692,0.9969703037531668,0.9939589073244612,1,0.9310344827586208,0.9223085460599334,0.9267676767676768,0.8546354932096242,6,5
2,select_coverage_CBA_M1,,cmar,0.9971264367816092,0.9976635514018692,0.9969703037531668,0.9939589073244612,1,0.9195402298850576,0.9128745837957823,0.915050913656019,0.8303700719800146,7,5
2,select_coverage_CBA_M1,,top_k_avg,0.9971264367816092,0.9976635514018692,0.9969703037531668,0.9939589073244612,1,0.9195402298850576,0.9076026637069924,0.9140437544107268,0.8305571897076579,7,5
2,select_coverage_CBA_M1,,list,0.9971264367816092,0.9976635514018692,0.9969703037531668,0.9939589073244612,1,0.9195402298850576,0.9128745837957823,0.915050913656019,0.8303700719800146,7,5
1,select_coverage,1.0,majority,1.0,1.0,1.0,1.0,0,0.9310344827586208,0.9294594594594594,0.9294594594594594,0.8589189189189189,6,14
1,select_coverage,1.0,cmar,0.9798850574712644,0.9808456748865516,0.9786718031782164,0.9575069579697616,7,0.942528735632184,0.942972972972973,0.9414141414141416,0.8830865110123761,5,14
1,select_coverage,1.0,top_k_avg,0.9971264367816092,0.9961832061068704,0.9969348659003832,0.9938884608989949,1,0.9310344827586208,0.925945945945946,0.928921568627451,0.8588842818926248,6,14
1,select_coverage,1.0,list,1.0,1.0,1.0,1.0,0,0.9080459770114944,0.9024324324324324,0.9052287581699344,0.811471253640938,8,14
1,select_coverage,2.0,majority,0.9971264367816092,0.9961832061068704,0.9969348659003832,0.9938884608989949,1,0.9310344827586208,0.9294594594594594,0.9294594594594594,0.8589189189189189,6,14
1,select_coverage,2.0,cmar,0.971264367816092,0.973933232490238,0.9696610405914354,0.9399638727932762,10,0.9310344827586208,0.932972972972973,0.9299140708915146,0.8608425500925799,6,14
1,select_coverage,2.0,top_k_avg,0.9798850574712644,0.9732824427480916,0.9783380018674136,0.957593197983584,7,0.9195402298850576,0.915945945945946,0.9174013291740132,0.8350575696765379,7,14
1,select_coverage,2.0,list,0.9971264367816092,0.9961832061068704,0.9969348659003832,0.9938884608989949,1,0.9080459770114944,0.9024324324324324,0.9052287581699344,0.811471253640938,8,14
1,select_coverage,3.0,majority,0.9971264367816092,0.9961832061068704,0.9969348659003832,0.9938884608989949,1,0.9310344827586208,0.9294594594594594,0.9294594594594594,0.8589189189189189,6,14
1,select_coverage,3.0,cmar,0.9741379310344828,0.976237379955676,0.97265655692622,0.9457614460300674,9,0.9310344827586208,0.932972972972973,0.9299140708915146,0.8608425500925799,6,14
1,select_coverage,3.0,top_k_avg,0.9885057471264368,0.9847328244274808,0.9876818519698418,0.9756632407152204,4,0.9195402298850576,0.915945945945946,0.9174013291740132,0.8350575696765379,7,14
1,select_coverage,3.0,list,0.9971264367816092,0.9961832061068704,0.9969348659003832,0.9938884608989949,1,0.9080459770114944,0.9024324324324324,0.9052287581699344,0.811471253640938,8,14
1,select_coverage,4.0,majority,0.9971264367816092,0.9961832061068704,0.9969348659003832,0.9938884608989949,1,0.9310344827586208,0.9294594594594594,0.9294594594594594,0.8589189189189189,6,14
1,select_coverage,4.0,cmar,0.9798850574712644,0.9823583213142436,0.978732877609282,0.9579170444647868,7,0.9195402298850576,0.9194594594594596,0.917979797979798,0.8362112660715117,7,14
1,select_coverage,4.0,top_k_avg,0.9885057471264368,0.9847328244274808,0.9876818519698418,0.9756632407152204,4,0.9195402298850576,0.915945945945946,0.9174013291740132,0.8350575696765379,7,14
1,select_coverage,4.0,list,1.0,1.0,1.0,1.0,0,0.9080459770114944,0.9024324324324324,0.9052287581699344,0.811471253640938,8,14
1,select_coverage_CBA_M1,,majority,0.9942528735632185,0.9923664122137404,0.9938602681721947,0.9877954396519012,2,0.942528735632184,0.9394594594594594,0.9410009494100094,0.8822635531475312,5,14
1,select_coverage_CBA_M1,,cmar,0.9942528735632185,0.9923664122137404,0.9938602681721947,0.9877954396519012,2,0.942528735632184,0.9394594594594594,0.9410009494100094,0.8822635531475312,5,14
1,select_coverage_CBA_M1,,top_k_avg,0.9942528735632185,0.9923664122137404,0.9938602681721947,0.9877954396519012,2,0.9080459770114944,0.8989189189189188,0.9043956043956044,0.8129178192384399,8,14
1,select_coverage_CBA_M1,,list,0.9942528735632185,0.9923664122137404,0.9938602681721947,0.9877954396519012,2,0.9080459770114944,0.8989189189189188,0.9043956043956044,0.8129178192384399,8,14
2,select_coverage,1.0,majority,1.0,1.0,1.0,1.0,0,0.9310344827586208,0.9294594594594594,0.9294594594594594,0.8589189189189189,6,14
2,select_coverage,1.0,cmar,0.9798850574712644,0.9808456748865516,0.9786718031782164,0.9575069579697616,7,0.942528735632184,0.942972972972973,0.9414141414141416,0.8830865110123761,5,14
2,select_coverage,1.0,top_k_avg,0.9971264367816092,0.9961832061068704,0.9969348659003832,0.9938884608989949,1,0.9310344827586208,0.925945945945946,0.928921568627451,0.8588842818926248,6,14
2,select_coverage,1.0,list,1.0,1.0,1.0,1.0,0,0.9195402298850576,0.915945945945946,0.9174013291740132,0.8350575696765379,7,14
2,select_coverage,2.0,majority,0.9971264367816092,0.9961832061068704,0.9969348659003832,0.9938884608989949,1,0.9310344827586208,0.9294594594594594,0.9294594594594594,0.8589189189189189,6,14
2,select_coverage,2.0,cmar,0.971264367816092,0.973933232490238,0.9696610405914354,0.9399638727932762,10,0.9310344827586208,0.932972972972973,0.9299140708915146,0.8608425500925799,6,14
2,select_coverage,2.0,top_k_avg,0.9798850574712644,0.9732824427480916,0.9783380018674136,0.957593197983584,7,0.9195402298850576,0.915945945945946,0.9174013291740132,0.8350575696765379,7,14
2,select_coverage,2.0,list,0.9971264367816092,0.9961832061068704,0.9969348659003832,0.9938884608989949,1,0.9195402298850576,0.915945945945946,0.9174013291740132,0.8350575696765379,7,14
2,select_coverage,3.0,majority,0.9971264367816092,0.9961832061068704,0.9969348659003832,0.9938884608989949,1,0.9310344827586208,0.9294594594594594,0.9294594594594594,0.8589189189189189,6,14
2,select_coverage,3.0,cmar,0.9741379310344828,0.976237379955676,0.97265655692622,0.9457614460300674,9,0.9310344827586208,0.932972972972973,0.9299140708915146,0.8608425500925799,6,14
2,select_coverage,3.0,top_k_avg,0.9885057471264368,0.9847328244274808,0.9876818519698418,0.9756632407152204,4,0.9195402298850576,0.915945945945946,0.9174013291740132,0.8350575696765379,7,14
2,select_coverage,3.0,list,0.9971264367816092,0.9961832061068704,0.9969348659003832,0.9938884608989949,1,0.9195402298850576,0.915945945945946,0.9174013291740132,0.8350575696765379,7,14
2,select_coverage,4.0,majority,0.9971264367816092,0.9961832061068704,0.9969348659003832,0.9938884608989949,1,0.9310344827586208,0.9294594594594594,0.9294594594594594,0.8589189189189189,6,14
2,select_coverage,4.0,cmar,0.9798850574712644,0.9823583213142436,0.978732877609282,0.9579170444647868,7,0.9195402298850576,0.9194594594594596,0.917979797979798,0.8362112660715117,7,14
2,select_coverage,4.0,top_k_avg,0.9885057471264368,0.9847328244274808,0.9876818519698418,0.9756632407152204,4,0.9195402298850576,0.915945945945946,0.9174013291740132,0.8350575696765379,7,14
2,select_coverage,4.0,list,1.0,1.0,1.0,1.0,0,0.9195402298850576,0.915945945945946,0.9174013291740132,0.8350575696765379,7,14
2,select_coverage_CBA_M1,,majority,0.9942528735632185,0.9923664122137404,0.9938602681721947,0.9877954396519012,2,0.942528735632184,0.9394594594594594,0.9410009494100094,0.8822635531475312,5,14
2,select_coverage_CBA_M1,,cmar,0.9942528735632185,0.9923664122137404,0.9938602681721947,0.9877954396519012,2,0.942528735632184,0.9394594594594594,0.9410009494100094,0.8822635531475312,5,14
2,select_coverage_CBA_M1,,top_k_avg,0.9942528735632185,0.9923664122137404,0.9938602681721947,0.9877954396519012,2,0.9080459770114944,0.8989189189189188,0.9043956043956044,0.8129178192384399,8,14
2,select_coverage_CBA_M1,,list,0.9942528735632185,0.9923664122137404,0.9938602681721947,0.9877954396519012,2,0.9195402298850576,0.9124324324324324,0.9167236428278408,0.8357786561908387,7,14
1,select_coverage,1.0,majority,1.0,1.0,1.0,1.0,0,0.9540229885057472,0.949884792626728,0.949884792626728,0.8997695852534562,4,17
1,select_coverage,1.0,cmar,0.9971264367816092,0.9976303317535544,0.9969941697257612,0.9940063529543356,1,0.942528735632184,0.9409562211981566,0.9377949377949376,0.875878763049883,5,17
1,select_coverage,1.0,top_k_avg,1.0,1.0,1.0,1.0,0,0.942528735632184,0.9337557603686636,0.9368924996373132,0.8740817571963164,5,17
1,select_coverage,1.0,list,1.0,1.0,1.0,1.0,0,0.942528735632184,0.9337557603686636,0.9368924996373132,0.8740817571963164,5,17
1,select_coverage,2.0,majority,1.0,1.0,1.0,1.0,0,0.9540229885057472,0.949884792626728,0.949884792626728,0.8997695852534562,4,17
1,select_coverage,2.0,cmar,0.9971264367816092,0.9976303317535544,0.9969941697257612,0.9940063529543356,1,0.942528735632184,0.9409562211981566,0.9377949377949376,0.875878763049883,5,17
1,select_coverage,2.0,top_k_avg,1.0,1.0,1.0,1.0,0,0.942528735632184,0.9337557603686636,0.9368924996373132,0.8740817571963164,5,17
1,select_coverage,2.0,list,1.0,1.0,1.0,1.0,0,0.942528735632184,0.9337557603686636,0.9368924996373132,0.8740817571963164,5,17
1,select_coverage,3.0,majority,1.0,1.0,1.0,1.0,0,0.9540229885057472,0.949884792626728,0.949884792626728,0.8997695852534562,4,17
1,select_coverage,3.0,cmar,0.9971264367816092,0.9976303317535544,0.9969941697257612,0.9940063529543356,1,0.942528735632184,0.9409562211981566,0.9377949377949376,0.875878763049883,5,17
1,select_coverage,3.0,top_k_avg,0.9971264367816092,0.9976303317535544,0.9969941697257612,0.9940063529543356,1,0.9310344827586208,0.924827188940092,0.924827188940092,0.8496543778801844,6,17
1,select_coverage,3.0,list,1.0,1.0,1.0,1.0,0,0.942528735632184,0.9337557603686636,0.9368924996373132,0.8740817571963164,5,17
1,select_coverage,4.0,majority,1.0,1.0,1.0,1.0,0,0.9540229885057472,0.949884792626728,0.949884792626728,0.8997695852534562,4,17
1,select_coverage,4.0,cmar,0.9971264367816092,0.9976303317535544,0.9969941697257612,0.9940063529543356,1,0.942528735632184,0.9409562211981566,0.9377949377949376,0.875878763049883,5,17
1,select_coverage,4.0,top_k_avg,0.9971264367816092,0.9976303317535544,0.9969941697257612,0.9940063529543356,1,0.9310344827586208,0.924827188940092,0.924827188940092,0.8496543778801844,6,17
1,select_coverage,4.0,list,1.0,1.0,1.0,1.0,0,0.942528735632184,0.9337557603686636,0.9368924996373132,0.8740817571963164,5,17
1,select_coverage_CBA_M1,,majority,0.9971264367816092,0.9976303317535544,0.9969941697257612,0.9940063529543356,1,0.9540229885057472,0.949884792626728,0.949884792626728,0.8997695852534562,4,17
1,select_coverage_CBA_M1,,cmar,0.9971264367816092,0.9976303317535544,0.9969941697257612,0.9940063529543356,1,0.942528735632184,0.9409562211981566,0.9377949377949376,0.875878763049883,5,17
1,select_coverage_CBA_M1,,top_k_avg,0.9971264367816092,0.9976303317535544,0.9969941697257612,0.9940063529543356,1,0.942528735632184,0.9337557603686636,0.9368924996373132,0.8740817571963164,5,17
1,select_coverage_CBA_M1,,list,0.9971264367816092,0.9976303317535544,0.9969941697257612,0.9940063529543356,1,0.942528735632184,0.9337557603686636,0.9368924996373132,0.8740817571963164,5,17
2,select_coverage,1.0,majority,1.0,1.0,1.0,1.0,0,0.942528735632184,0.9409562211981566,0.9377949377949376,0.875878763049883,5,17
2,select_coverage,1.0,cmar,0.9971264367816092,0.9976303317535544,0.9969941697257612,0.9940063529543356,1,0.942528735632184,0.9409562211981566,0.9377949377949376,0.875878763049883,5,17
2,select_coverage,1.0,top_k_avg,1.0,1.0,1.0,1.0,0,0.942528735632184,0.9337557603686636,0.9368924996373132,0.8740817571963164,5,17
2,select_coverage,1.0,list,1.0,1.0,1.0,1.0,0,0.942528735632184,0.9409562211981566,0.9377949377949376,0.875878763049883,5,17
2,select_coverage,2.0,majority,1.0,1.0,1.0,1.0,0,0.942528735632184,0.9409562211981566,0.9377949377949376,0.875878763049883,5,17
2,select_coverage,2.0,cmar,0.9971264367816092,0.9976303317535544,0.9969941697257612,0.9940063529543356,1,0.942528735632184,0.9409562211981566,0.9377949377949376,0.875878763049883,5,17
2,select_coverage,2.0,top_k_avg,1.0,1.0,1.0,1.0,0,0.942528735632184,0.9337557603686636,0.9368924996373132,0.8740817571963164,5,17
2,select_coverage,2.0,list,1.0,1.0,1.0,1.0,0,0.942528735632184,0.9409562211981566,0.9377949377949376,0.875878763049883,5,17
2,select_coverage,3.0,majority,1.0,1.0,1.0,1.0,0,0.9540229885057472,0.949884792626728,0.949884792626728,0.8997695852534562,4,17
2,select_coverage,3.0,cmar,0.9971264367816092,0.9976303317535544,0.9969941697257612,0.9940063529543356,1,0.942528735632184,0.9409562211981566,0.9377949377949376,0.875878763049883,5,17
2,select_coverage,3.0,top_k_avg,0.9971264367816092,0.9976303317535544,0.9969941697257612,0.9940063529543356,1,0.9310344827586208,0.924827188940092,0.924827188940092,0.8496543778801844,6,17
2,select_coverage,3.0,list,1.0,1.0,1.0,1.0,0,0.942528735632184,0.9409562211981566,0.9377949377949376,0.875878763049883,5,17
2,select_coverage,4.0,majority,1.0,1.0,1.0,1.0,0,0.942528735632184,0.9409562211981566,0.9377949377949376,0.875878763049883,5,17
2,select_coverage,4.0,cmar,0.9971264367816092,0.9976303317535544,0.9969941697257612,0.9940063529543356,1,0.942528735632184,0.9409562211981566,0.9377949377949376,0.875878763049883,5,17
2,select_coverage,4.0,top_k_avg,0.9971264367816092,0.9976303317535544,0.9969941697257612,0.9940063529543356,1,0.9310344827586208,0.924827188940092,0.924827188940092,0.8496543778801844,6,17
2,select_coverage,4.0,list,1.0,1.0,1.0,1.0,0,0.942528735632184,0.9409562211981566,0.9377949377949376,0.875878763049883,5,17
2,select_coverage_CBA_M1,,majority,0.9971264367816092,0.9976303317535544,0.9969941697257612,0.9940063529543356,1,0.942528735632184,0.9409562211981566,0.9377949377949376,0.875878763049883,5,17
2,select_coverage_CBA_M1,,cmar,0.9971264367816092,0.9976303317535544,0.9969941697257612,0.9940063529543356,1,0.942528735632184,0.9409562211981566,0.9377949377949376,0.875878763049883,5,17
2,select_coverage_CBA_M1,,top_k_avg,0.9971264367816092,0.9976303317535544,0.9969941697257612,0.9940063529543356,1,0.942528735632184,0.9337557603686636,0.9368924996373132,0.8740817571963164,5,17
2,select_coverage_CBA_M1,,list,0.9971264367816092,0.9976303317535544,0.9969941697257612,0.9940063529543356,1,0.942528735632184,0.9409562211981566,0.9377949377949376,0.875878763049883,5,17
1,select_coverage,1.0,majority,0.9913793103448276,0.9915749111759946,0.9908323747135116,0.98168324492908,3,0.9540229885057472,0.952972972972973,0.952972972972973,0.905945945945946,4,19
1,select_coverage,1.0,cmar,0.9741379310344828,0.974724733527984,0.9725780326577068,0.9453183406102812,9,0.942528735632184,0.942972972972973,0.9414141414141416,0.8830865110123761,5,19
1,select_coverage,1.0,top_k_avg,0.9971264367816092,0.9976958525345624,0.996944124904504,0.9939068662699744,1,0.9540229885057472,0.9564864864864864,0.9532760472610096,0.9075924264084692,4,19
1,select_coverage,1.0,list,0.9971264367816092,0.9976958525345624,0.996944124904504,0.9939068662699744,1,0.9540229885057472,0.952972972972973,0.952972972972973,0.905945945945946,4,19
1,select_coverage,2.0,majority,0.9942528735632185,0.9953917050691244,0.9938973063973064,0.987868620561233,2,0.942528735632184,0.942972972972973,0.9414141414141416,0.8830865110123761,5,19
1,select_coverage,2.0,cmar,0.9626436781609196,0.9685334365216168,0.9608240459304288,0.9237582231800971,13,0.9310344827586208,0.9364864864864866,0.9302884615384616,0.8646011687432725,6,19
1,select_coverage,2.0,top_k_avg,0.985632183908046,0.9824286769620432,0.9846266665488634,0.9694207264475608,5,0.9770114942528736,0.9764864864864864,0.9764864864864864,0.952972972972973,2,19
1,select_coverage,2.0,list,0.9971264367816092,0.9976958525345624,0.996944124904504,0.9939068662699744,1,0.9540229885057472,0.952972972972973,0.952972972972973,0.905945945945946,4,19
1,select_coverage,3.0,majority,0.9942528735632185,0.9953917050691244,0.9938973063973064,0.987868620561233,2,0.942528735632184,0.942972972972973,0.9414141414141416,0.8830865110123761,5,19
1,select_coverage,3.0,cmar,0.9655172413793104,0.9708375839870546,0.9637902330743618,0.9293341661516088,12,0.942528735632184,0.9464864864864866,0.9417592716561788,0.8858195362029468,5,19
1,select_coverage,3.0,top_k_avg,0.9913793103448276,0.9900622647483026,0.9908045977011496,0.9816278021115844,3,0.9655172413793104,0.9664864864864864,0.9648484848484848,0.9299617559532404,3,19
1,select_coverage,3.0,list,0.9971264367816092,0.9976958525345624,0.996944124904504,0.9939068662699744,1,0.9540229885057472,0.952972972972973,0.952972972972973,0.905945945945946,4,19
1,select_coverage,4.0,majority,0.9942528735632185,0.9953917050691244,0.9938973063973064,0.987868620561233,2,0.942528735632184,0.9464864864864866,0.9417592716561788,0.8858195362029468,5,19
1,select_coverage,4.0,cmar,0.971264367816092,0.97544587891793,0.9697443922796036,0.9406239978990568,10,0.942528735632184,0.9464864864864866,0.9417592716561788,0.8858195362029468,5,19
1,select_coverage,4.0,top_k_avg,0.9913793103448276,0.9900622647483026,0.9908045977011496,0.9816278021115844,3,0.9655172413793104,0.9664864864864864,0.9648484848484848,0.9299617559532404,3,19
1,select_coverage,4.0,list,0.9971264367816092,0.9976958525345624,0.996944124904504,0.9939068662699744,1,0.942528735632184,0.942972972972973,0.9414141414141416,0.8830865110123761,5,19
1,select_coverage_CBA_M1,,majority,0.9942528735632185,0.9923664122137404,0.9938602681721947,0.9877954396519012,2,0.942528735632184,0.9394594594594594,0.9410009494100094,0.8822635531475312,5,19
1,select_coverage_CBA_M1,,cmar,0.9942528735632185,0.9923664122137404,0.9938602681721947,0.9877954396519012,2,0.9195402298850576,0.9194594594594596,0.917979797979798,0.8362112660715117,7,19
1,select_coverage_CBA_M1,,top_k_avg,0.9942528735632185,0.9923664122137404,0.9938602681721947,0.9877954396519012,2,0.9540229885057472,0.9494594594594594,0.9526143790849672,0.9062973101443116,4,19
1,select_coverage_CBA_M1,,list,0.9942528735632185,0.9923664122137404,0.9938602681721947,0.9877954396519012,2,0.942528735632184,0.9394594594594594,0.9410009494100094,0.8822635531475312,5,19
2,select_coverage,1.0,majority,0.9913793103448276,0.9915749111759946,0.9908323747135116,0.98168324492908,3,0.9540229885057472,0.952972972972973,0.952972972972973,0.905945945945946,4,19
2,select_coverage,1.0,cmar,0.9741379310344828,0.974724733527984,0.9725780326577068,0.9453183406102812,9,0.942528735632184,0.942972972972973,0.9414141414141416,0.8830865110123761,5,19
2,select_coverage,1.0,top_k_avg,0.9971264367816092,0.9976958525345624,0.996944124904504,0.9939068662699744,1,0.9540229885057472,0.9564864864864864,0.9532760472610096,0.9075924264084692,4,19
2,select_coverage,1.0,list,0.9971264367816092,0.9976958525345624,0.996944124904504,0.9939068662699744,1,0.942528735632184,0.942972972972973,0.9414141414141416,0.8830865110123761,5,19
2,select_coverage,2.0,majority,0.9942528735632185,0.9953917050691244,0.9938973063973064,0.987868620561233,2,0.942528735632184,0.942972972972973,0.9414141414141416,0.8830865110123761,5,19
2,select_coverage,2.0,cmar,0.9626436781609196,0.9685334365216168,0.9608240459304288,0.9237582231800971,13,0.9310344827586208,0.9364864864864866,0.9302884615384616,0.8646011687432725,6,19
2,select_coverage,2.0,top_k_avg,0.985632183908046,0.9824286769620432,0.9846266665488634,0.9694207264475608,5,0.9770114942528736,0.9764864864864864,0.9764864864864864,0.952972972972973,2,19
2,select_coverage,2.0,list,0.9971264367816092,0.9976958525345624,0.996944124904504,0.9939068662699744,1,0.9540229885057472,0.952972972972973,0.952972972972973,0.905945945945946,4,19
2,select_coverage,3.0,majority,0.9942528735632185,0.9953917050691244,0.9938973063973064,0.987868620561233,2,0.942528735632184,0.942972972972973,0.9414141414141416,0.8830865110123761,5,19
2,select_coverage,3.0,cmar,0.9655172413793104,0.9708375839870546,0.9637902330743618,0.9293341661516088,12,0.942528735632184,0.9464864864864866,0.9417592716561788,0.8858195362029468,5,19
2,select_coverage,3.0,top_k_avg,0.9913793103448276,0.9900622647483026,0.9908045977011496,0.9816278021115844,3,0.9655172413793104,0.9664864864864864,0.9648484848484848,0.9299617559532404,3,19
2,select_coverage,3.0,list,0.9971264367816092,0.9976958525345624,0.996944124904504,0.9939068662699744,1,0.942528735632184,0.942972972972973,0.9414141414141416,0.8830865110123761,5,19
2,select_coverage,4.0,majority,0.9942528735632185,0.9953917050691244,0.9938973063973064,0.987868620561233,2,0.942528735632184,0.9464864864864866,0.9417592716561788,0.8858195362029468,5,19
2,select_coverage,4.0,cmar,0.971264367816092,0.97544587891793,0.9697443922796036,0.9406239978990568,10,0.942528735632184,0.9464864864864866,0.9417592716561788,0.8858195362029468,5,19
2,select_coverage,4.0,top_k_avg,0.9913793103448276,0.9900622647483026,0.9908045977011496,0.9816278021115844,3,0.9655172413793104,0.9664864864864864,0.9648484848484848,0.9299617559532404,3,19
2,select_coverage,4.0,list,0.9971264367816092,0.9976958525345624,0.996944124904504,0.9939068662699744,1,0.9310344827586208,0.932972972972973,0.9299140708915146,0.8608425500925799,6,19
2,select_coverage_CBA_M1,,majority,0.9942528735632185,0.9923664122137404,0.9938602681721947,0.9877954396519012,2,0.9310344827586208,0.9294594594594594,0.9294594594594594,0.8589189189189189,6,19
2,select_coverage_CBA_M1,,cmar,0.9942528735632185,0.9923664122137404,0.9938602681721947,0.9877954396519012,2,0.9195402298850576,0.9194594594594596,0.917979797979798,0.8362112660715117,7,19
2,select_coverage_CBA_M1,,top_k_avg,0.9942528735632185,0.9923664122137404,0.9938602681721947,0.9877954396519012,2,0.9540229885057472,0.9494594594594594,0.9526143790849672,0.9062973101443116,4,19
2,select_coverage_CBA_M1,,list,0.9942528735632185,0.9923664122137404,0.9938602681721947,0.9877954396519012,2,0.9310344827586208,0.9294594594594594,0.9294594594594594,0.8589189189189189,6,19
1,select_coverage,1.0,majority,0.9942528735632185,0.9952606635071092,0.9939958592132504,0.9880633692175584,2,0.9310344827586208,0.924827188940092,0.924827188940092,0.8496543778801844,6,29
1,select_coverage,1.0,cmar,0.9798850574712644,0.9834123222748816,0.979110749046006,0.9590757135537288,7,0.9310344827586208,0.924827188940092,0.924827188940092,0.8496543778801844,6,29
1,select_coverage,1.0,top_k_avg,0.9971264367816092,0.9976303317535544,0.9969941697257612,0.9940063529543356,1,0.942528735632184,0.9337557603686636,0.9368924996373132,0.8740817571963164,5,29
1,select_coverage,1.0,list,0.9971264367816092,0.9976303317535544,0.9969941697257612,0.9940063529543356,1,0.9310344827586208,0.924827188940092,0.924827188940092,0.8496543778801844,6,29
1,select_coverage,2.0,majority,0.9942528735632185,0.9952606635071092,0.9939958592132504,0.9880633692175584,2,0.9310344827586208,0.924827188940092,0.924827188940092,0.8496543778801844,6,29
1,select_coverage,2.0,cmar,0.9655172413793104,0.971563981042654,0.9643868326795156,0.931220353992102,12,0.9310344827586208,0.924827188940092,0.924827188940092,0.8496543778801844,6,29
1,select_coverage,2.0,top_k_avg,0.9942528735632185,0.9927007299270072,0.993965038845727,0.9880024615287356,2,0.942528735632184,0.9337557603686636,0.9368924996373132,0.8740817571963164,5,29
1,select_coverage,2.0,list,0.9971264367816092,0.9976303317535544,0.9969941697257612,0.9940063529543356,1,0.9310344827586208,0.924827188940092,0.924827188940092,0.8496543778801844,6,29
1,select_coverage,3.0,majority,0.9942528735632185,0.9952606635071092,0.9939958592132504,0.9880633692175584,2,0.9310344827586208,0.924827188940092,0.924827188940092,0.8496543778801844,6,29
1,select_coverage,3.0,cmar,0.9683908045977012,0.9739336492890996,0.967319759252145,0.9367057713403136,11,0.9310344827586208,0.924827188940092,0.924827188940092,0.8496543778801844,6,29
1,select_coverage,3.0,top_k_avg,0.9971264367816092,0.9963503649635036,0.9969864650715714,0.9939910358318852,1,0.942528735632184,0.9337557603686636,0.9368924996373132,0.8740817571963164,5,29
1,select_coverage,3.0,list,0.9971264367816092,0.9976303317535544,0.9969941697257612,0.9940063529543356,1,0.9310344827586208,0.924827188940092,0.924827188940092,0.8496543778801844,6,29
1,select_coverage,4.0,majority,0.9942528735632185,0.993980696717058,0.993980696717058,0.9879613934341164,2,0.9310344827586208,0.924827188940092,0.924827188940092,0.8496543778801844,6,29
1,select_coverage,4.0,cmar,0.9741379310344828,0.9786729857819904,0.9732030561520888,0.9478035101564204,9,0.9310344827586208,0.924827188940092,0.924827188940092,0.8496543778801844,6,29
1,select_coverage,4.0,top_k_avg,0.9971264367816092,0.9963503649635036,0.9969864650715714,0.9939910358318852,1,0.9310344827586208,0.924827188940092,0.924827188940092,0.8496543778801844,6,29
1,select_coverage,4.0,list,0.9971264367816092,0.9976303317535544,0.9969941697257612,0.9940063529543356,1,0.9310344827586208,0.924827188940092,0.924827188940092,0.8496543778801844,6,29
1,select_coverage_CBA_M1,,majority,0.9942528735632185,0.9952606635071092,0.9939958592132504,0.9880633692175584,2,0.942528735632184,0.9337557603686636,0.9368924996373132,0.8740817571963164,5,29
1,select_coverage_CBA_M1,,cmar,0.9942528735632185,0.9952606635071092,0.9939958592132504,0.9880633692175584,2,0.9310344827586208,0.924827188940092,0.924827188940092,0.8496543778801844,6,29
1,select_coverage_CBA_M1,,top_k_avg,0.9942528735632185,0.9952606635071092,0.9939958592132504,0.9880633692175584,2,0.9310344827586208,0.924827188940092,0.924827188940092,0.8496543778801844,6,29
1,select_coverage_CBA_M1,,list,0.9942528735632185,0.9952606635071092,0.9939958592132504,0.9880633692175584,2,0.9310344827586208,0.924827188940092,0.924827188940092,0.8496543778801844,6,29
2,select_coverage,1.0,majority,0.9942528735632185,0.9952606635071092,0.9939958592132504,0.9880633692175584,2,0.9310344827586208,0.924827188940092,0.924827188940092,0.8496543778801844,6,29
2,select_coverage,1.0,cmar,0.9798850574712644,0.9834123222748816,0.979110749046006,0.9590757135537288,7,0.9310344827586208,0.924827188940092,0.924827188940092,0.8496543778801844,6,29
2,select_coverage,1.0,top_k_avg,0.9971264367816092,0.9976303317535544,0.9969941697257612,0.9940063529543356,1,0.942528735632184,0.9337557603686636,0.9368924996373132,0.8740817571963164,5,29
2,select_coverage,1.0,list,0.9971264367816092,0.9976303317535544,0.9969941697257612,0.9940063529543356,1,0.9310344827586208,0.924827188940092,0.924827188940092,0.8496543778801844,6,29
2,select_coverage,2.0,majority,0.9942528735632185,0.9952606635071092,0.9939958592132504,0.9880633692175584,2,0.9310344827586208,0.924827188940092,0.924827188940092,0.8496543778801844,6,29
2,select_coverage,2.0,cmar,0.9655172413793104,0.971563981042654,0.9643868326795156,0.931220353992102,12,0.9310344827586208,0.924827188940092,0.924827188940092,0.8496543778801844,6,29
2,select_coverage,2.0,top_k_avg,0.9942528735632185,0.9927007299270072,0.993965038845727,0.9880024615287356,2,0.942528735632184,0.9337557603686636,0.9368924996373132,0.8740817571963164,5,29
2,select_coverage,2.0,list,0.9971264367816092,0.9976303317535544,0.9969941697257612,0.9940063529543356,1,0.9310344827586208,0.924827188940092,0.924827188940092,0.8496543778801844,6,29
2,select_coverage,3.0,majority,0.9942528735632185,0.9952606635071092,0.9939958592132504,0.9880633692175584,2,0.9310344827586208,0.924827188940092,0.924827188940092,0.8496543778801844,6,29
2,select_coverage,3.0,cmar,0.9683908045977012,0.9739336492890996,0.967319759252145,0.9367057713403136,11,0.9310344827586208,0.924827188940092,0.924827188940092,0.8496543778801844,6,29
2,select_coverage,3.0,top_k_avg,0.9971264367816092,0.9963503649635036,0.9969864650715714,0.9939910358318852,1,0.942528735632184,0.9337557603686636,0.9368924996373132,0.8740817571963164,5,29
2,select_coverage,3.0,list,0.9971264367816092,0.9976303317535544,0.9969941697257612,0.9940063529543356,1,0.9310344827586208,0.924827188940092,0.924827188940092,0.8496543778801844,6,29
2,select_coverage,4.0,majority,0.9942528735632185,0.993980696717058,0.993980696717058,0.9879613934341164,2,0.9310344827586208,0.924827188940092,0.924827188940092,0.8496543778801844,6,29
2,select_coverage,4.0,cmar,0.9741379310344828,0.9786729857819904,0.9732030561520888,0.9478035101564204,9,0.9310344827586208,0.924827188940092,0.924827188940092,0.8496543778801844,6,29
2,select_coverage,4.0,top_k_avg,0.9971264367816092,0.9963503649635036,0.9969864650715714,0.9939910358318852,1,0.9310344827586208,0.924827188940092,0.924827188940092,0.8496543778801844,6,29
2,select_coverage,4.0,list,0.9971264367816092,0.9976303317535544,0.9969941697257612,0.9940063529543356,1,0.9310344827586208,0.924827188940092,0.924827188940092,0.8496543778801844,6,29
2,select_coverage_CBA_M1,,majority,0.9942528735632185,0.9952606635071092,0.9939958592132504,0.9880633692175584,2,0.942528735632184,0.9337557603686636,0.9368924996373132,0.8740817571963164,5,29
2,select_coverage_CBA_M1,,cmar,0.9942528735632185,0.9952606635071092,0.9939958592132504,0.9880633692175584,2,0.9310344827586208,0.924827188940092,0.924827188940092,0.8496543778801844,6,29
2,select_coverage_CBA_M1,,top_k_avg,0.9942528735632185,0.9952606635071092,0.9939958592132504,0.9880633692175584,2,0.9310344827586208,0.924827188940092,0.924827188940092,0.8496543778801844,6,29
2,select_coverage_CBA_M1,,list,0.9942528735632185,0.9952606635071092,0.9939958592132504,0.9880633692175584,2,0.9310344827586208,0.924827188940092,0.924827188940092,0.8496543778801844,6,29
1,select_coverage,1.0,majority,0.9942528735632185,0.9954128440366972,0.9938790586414324,0.987832565594008,2,0.9310344827586208,0.9240064446831364,0.928921568627451,0.8620151494137016,6,31
1,select_coverage,1.0,cmar,0.971264367816092,0.9724064925899788,0.969486531986532,0.9392614338514848,10,0.942528735632184,0.9371643394199785,0.9410009494100094,0.884359546353219,5,31
1,select_coverage,1.0,top_k_avg,0.9971264367816092,0.9977064220183488,0.9969348659003832,0.9938884608989949,1,0.9195402298850576,0.9078947368421052,0.9159420289855073,0.8448761977199288,7,31
1,select_coverage,1.0,list,0.9971264367816092,0.9977064220183488,0.9969348659003832,0.9938884608989949,1,0.9195402298850576,0.9108485499462944,0.9167236428278408,0.8399389918373763,7,31
1,select_coverage,2.0,majority,0.9942528735632185,0.9954128440366972,0.9938790586414324,0.987832565594008,2,0.9655172413793104,0.9634801288936627,0.9648484848484848,0.9299617559532404,3,31
1,select_coverage,2.0,cmar,0.9626436781609196,0.9686309103740296,0.9607206425005426,0.9235621378106068,13,0.9655172413793104,0.9634801288936627,0.9648484848484848,0.9299617559532404,3,31
1,select_coverage,2.0,top_k_avg,0.9885057471264368,0.9861679604798872,0.9876818519698418,0.975438578477584,4,0.9080459770114944,0.8947368421052632,0.9034406215316316,0.8238145180262384,8,31
1,select_coverage,2.0,list,0.9971264367816092,0.9977064220183488,0.9969348659003832,0.9938884608989949,1,0.9195402298850576,0.9108485499462944,0.9167236428278408,0.8399389918373763,7,31
1,select_coverage,3.0,majority,0.9942528735632185,0.9954128440366972,0.9938790586414324,0.987832565594008,2,0.9540229885057472,0.9503222341568206,0.952972972972973,0.906999162096994,4,31
1,select_coverage,3.0,cmar,0.9683908045977012,0.9732180663373324,0.966673341284835,0.9347827553596252,11,0.9655172413793104,0.9634801288936627,0.9648484848484848,0.9299617559532404,3,31
1,select_coverage,3.0,top_k_avg,0.9913793103448276,0.990014114326041,0.990775999929318,0.9815707214027464,3,0.9080459770114944,0.8976906552094521,0.9043956043956044,0.8181046973765302,8,31
1,select_coverage,3.0,list,0.9971264367816092,0.9977064220183488,0.9969348659003832,0.9938884608989949,1,0.9195402298850576,0.9108485499462944,0.9167236428278408,0.8399389918373763,7,31
1,select_coverage,4.0,majority,0.9942528735632185,0.9954128440366972,0.9938790586414324,0.987832565594008,2,0.9655172413793104,0.9634801288936627,0.9648484848484848,0.9299617559532404,3,31
1,select_coverage,4.0,cmar,0.9741379310344828,0.9778052223006352,0.97265655692622,0.9461920605196628,9,0.9655172413793104,0.9634801288936627,0.9648484848484848,0.9299617559532404,3,31
1,select_coverage,4.0,top_k_avg,0.9885057471264368,0.9861679604798872,0.9876818519698418,0.975438578477584,4,0.9310344827586208,0.9240064446831364,0.928921568627451,0.8620151494137016,6,31
1,select_coverage,4.0,list,0.9971264367816092,0.9977064220183488,0.9969348659003832,0.9938884608989949,1,0.9195402298850576,0.9108485499462944,0.9167236428278408,0.8399389918373763,7,31
1,select_coverage_CBA_M1,,majority,0.9942528735632185,0.9954128440366972,0.9938790586414324,0.987832565594008,2,0.9540229885057472,0.9473684210526316,0.9526143790849672,0.9095106009646782,4,31
1,select_coverage_CBA_M1,,cmar,0.9942528735632185,0.9954128440366972,0.9938790586414324,0.987832565594008,2,0.9540229885057472,0.9503222341568206,0.952972972972973,0.906999162096994,4,31
1,select_coverage_CBA_M1,,top_k_avg,0.9942528735632185,0.9954128440366972,0.9938790586414324,0.987832565594008,2,0.9195402298850576,0.9108485499462944,0.9167236428278408,0.8399389918373763,7,31
1,select_coverage_CBA_M1,,list,0.9942528735632185,0.9954128440366972,0.9938790586414324,0.987832565594008,2,0.9310344827586208,0.9240064446831364,0.928921568627451,0.8620151494137016,6,31
2,select_coverage,1.0,majority,0.9942528735632185,0.9954128440366972,0.9938790586414324,0.987832565594008,2,0.942528735632184,0.9371643394199785,0.9410009494100094,0.884359546353219,5,31
2,select_coverage,1.0,cmar,0.971264367816092,0.9724064925899788,0.969486531986532,0.9392614338514848,10,0.942528735632184,0.9371643394199785,0.9410009494100094,0.884359546353219,5,31
2,select_coverage,1.0,top_k_avg,0.9971264367816092,0.9977064220183488,0.9969348659003832,0.9938884608989949,1,0.9195402298850576,0.9078947368421052,0.9159420289855073,0.8448761977199288,7,31
2,select_coverage,1.0,list,0.9971264367816092,0.9977064220183488,0.9969348659003832,0.9938884608989949,1,0.942528735632184,0.9371643394199785,0.9410009494100094,0.884359546353219,5,31
2,select_coverage,2.0,majority,0.9942528735632185,0.9954128440366972,0.9938790586414324,0.987832565594008,2,0.9655172413793104,0.9634801288936627,0.9648484848484848,0.9299617559532404,3,31
2,select_coverage,2.0,cmar,0.9626436781609196,0.9686309103740296,0.9607206425005426,0.9235621378106068,13,0.9655172413793104,0.9634801288936627,0.9648484848484848,0.9299617559532404,3,31
2,select_coverage,2.0,top_k_avg,0.9885057471264368,0.9861679604798872,0.9876818519698418,0.975438578477584,4,0.9080459770114944,0.8947368421052632,0.9034406215316316,0.8238145180262384,8,31
2,select_coverage,2.0,list,0.9971264367816092,0.9977064220183488,0.9969348659003832,0.9938884608989949,1,0.942528735632184,0.9371643394199785,0.9410009494100094,0.884359546353219,5,31
2,select_coverage,3.0,majority,0.9942528735632185,0.9954128440366972,0.9938790586414324,0.987832565594008,2,0.9540229885057472,0.9503222341568206,0.952972972972973,0.906999162096994,4,31
2,select_coverage,3.0,cmar,0.9683908045977012,0.9732180663373324,0.966673341284835,0.9347827553596252,11,0.9655172413793104,0.9634801288936627,0.9648484848484848,0.9299617559532404,3,31
2,select_coverage,3.0,top_k_avg,0.9913793103448276,0.990014114326041,0.990775999929318,0.9815707214027464,3,0.9080459770114944,0.8976906552094521,0.9043956043956044,0.8181046973765302,8,31
2,select_coverage,3.0,list,0.9971264367816092,0.9977064220183488,0.9969348659003832,0.9938884608989949,1,0.9540229885057472,0.9503222341568206,0.952972972972973,0.906999162096994,4,31
2,select_coverage,4.0,majority,0.9942528735632185,0.9954128440366972,0.9938790586414324,0.987832565594008,2,0.9655172413793104,0.9634801288936627,0.9648484848484848,0.9299617559532404,3,31
2,select_coverage,4.0,cmar,0.9741379310344828,0.9778052223006352,0.97265655692622,0.9461920605196628,9,0.9655172413793104,0.9634801288936627,0.9648484848484848,0.9299617559532404,3,31
2,select_coverage,4.0,top_k_avg,0.9885057471264368,0.9861679604798872,0.9876818519698418,0.975438578477584,4,0.9310344827586208,0.9240064446831364,0.928921568627451,0.8620151494137016,6,31
2,select_coverage,4.0,list,0.9971264367816092,0.9977064220183488,0.9969348659003832,0.9938884608989949,1,0.9540229885057472,0.9503222341568206,0.952972972972973,0.906999162096994,4,31
2,select_coverage_CBA_M1,,majority,0.9942528735632185,0.9954128440366972,0.9938790586414324,0.987832565594008,2,0.9540229885057472,0.9503222341568206,0.952972972972973,0.906999162096994,4,31
2,select_coverage_CBA_M1,,cmar,0.9942528735632185,0.9954128440366972,0.9938790586414324,0.987832565594008,2,0.9540229885057472,0.9503222341568206,0.952972972972973,0.906999162096994,4,31
2,select_coverage_CBA_M1,,top_k_avg,0.9942528735632185,0.9954128440366972,0.9938790586414324,0.987832565594008,2,0.9310344827586208,0.9210526315789472,0.9282967032967032,0.8661635148456444,6,31
2,select_coverage_CBA_M1,,list,0.9942528735632185,0.9954128440366972,0.9938790586414324,0.987832565594008,2,0.9540229885057472,0.9503222341568206,0.952972972972973,0.906999162096994,4,31
1,select_coverage,1.0,majority,1.0,1.0,1.0,1.0,0,0.9195402298850576,0.9286903440621532,0.9174013291740132,0.84119787755626,7,34
1,select_coverage,1.0,cmar,0.9770114942528736,0.979913516529502,0.9759227868682326,0.9524815632664504,8,0.9195402298850576,0.9286903440621532,0.9174013291740132,0.84119787755626,7,34
1,select_coverage,1.0,top_k_avg,0.9971264367816092,0.9962686567164178,0.9969618396584689,0.9939420812161128,1,0.9310344827586208,0.938124306326304,0.928921568627451,0.8620151494137016,6,34
1,select_coverage,1.0,list,1.0,1.0,1.0,1.0,0,0.9310344827586208,0.938124306326304,0.928921568627451,0.8620151494137016,6,34
1,select_coverage,2.0,majority,1.0,1.0,1.0,1.0,0,0.9195402298850576,0.9286903440621532,0.9174013291740132,0.84119787755626,7,34
1,select_coverage,2.0,cmar,0.9626436781609196,0.969626168224299,0.9612056767997256,0.9253049252294208,13,0.9195402298850576,0.9286903440621532,0.9174013291740132,0.84119787755626,7,34
1,select_coverage,2.0,top_k_avg,0.9913793103448276,0.9888059701492538,0.9908593442192356,0.9818841926887224,3,0.9655172413793104,0.9716981132075472,0.9643101326405032,0.9310771399242632,3,34
1,select_coverage,2.0,list,1.0,1.0,1.0,1.0,0,0.9310344827586208,0.938124306326304,0.928921568627451,0.8620151494137016,6,34
1,select_coverage,3.0,majority,1.0,1.0,1.0,1.0,0,0.9195402298850576,0.9286903440621532,0.9174013291740132,0.84119787755626,7,34
1,select_coverage,3.0,cmar,0.971264367816092,0.9766355140186916,0.9700526660011703,0.9418448126365312,10,0.9310344827586208,0.9433962264150944,0.9294594594594594,0.8682013504398968,6,34
1,select_coverage,3.0,top_k_avg,0.9913793103448276,0.9888059701492538,0.9908593442192356,0.9818841926887224,3,0.9655172413793104,0.9716981132075472,0.9643101326405032,0.9310771399242632,3,34
1,select_coverage,3.0,list,1.0,1.0,1.0,1.0,0,0.9310344827586208,0.938124306326304,0.928921568627451,0.8620151494137016,6,34
1,select_coverage,4.0,majority,1.0,1.0,1.0,1.0,0,0.9310344827586208,0.938124306326304,0.928921568627451,0.8620151494137016,6,34
1,select_coverage,4.0,cmar,0.9741379310344828,0.9789719626168224,0.9730146558334698,0.9474459077546526,9,0.9310344827586208,0.9433962264150944,0.9294594594594594,0.8682013504398968,6,34
1,select_coverage,4.0,top_k_avg,0.9913793103448276,0.9888059701492538,0.9908593442192356,0.9818841926887224,3,0.9655172413793104,0.9716981132075472,0.9643101326405032,0.9310771399242632,3,34
1,select_coverage,4.0,list,1.0,1.0,1.0,1.0,0,0.9310344827586208,0.938124306326304,0.928921568627451,0.8620151494137016,6,34
1,select_coverage_CBA_M1,,majority,0.9971264367816092,0.9976635514018692,0.9969703037531668,0.9939589073244612,1,0.9310344827586208,0.938124306326304,0.928921568627451,0.8620151494137016,6,34
1,select_coverage_CBA_M1,,cmar,0.9971264367816092,0.9976635514018692,0.9969703037531668,0.9939589073244612,1,0.9310344827586208,0.9433962264150944,0.9294594594594594,0.8682013504398968,6,34
1,select_coverage_CBA_M1,,top_k_avg,0.9971264367816092,0.9976635514018692,0.9969703037531668,0.9939589073244612,1,0.9310344827586208,0.938124306326304,0.928921568627451,0.8620151494137016,6,34
1,select_coverage_CBA_M1,,list,0.9971264367816092,0.9976635514018692,0.9969703037531668,0.9939589073244612,1,0.9310344827586208,0.938124306326304,0.928921568627451,0.8620151494137016,6,34
2,select_coverage,1.0,majority,1.0,1.0,1.0,1.0,0,0.9195402298850576,0.9286903440621532,0.9174013291740132,0.84119787755626,7,34
2,select_coverage,1.0,cmar,0.9770114942528736,0.979913516529502,0.9759227868682326,0.9524815632664504,8,0.9195402298850576,0.9286903440621532,0.9174013291740132,0.84119787755626,7,34
2,select_coverage,1.0,top_k_avg,0.9971264367816092,0.9962686567164178,0.9969618396584689,0.9939420812161128,1,0.9310344827586208,0.938124306326304,0.928921568627451,0.8620151494137016,6,34
2,select_coverage,1.0,list,1.0,1.0,1.0,1.0,0,0.9195402298850576,0.9286903440621532,0.9174013291740132,0.84119787755626,7,34
2,select_coverage,2.0,majority,1.0,1.0,1.0,1.0,0,0.9195402298850576,0.9286903440621532,0.9174013291740132,0.84119787755626,7,34
2,select_coverage,2.0,cmar,0.9626436781609196,0.969626168224299,0.9612056767997256,0.9253049252294208,13,0.9195402298850576,0.9286903440621532,0.9174013291740132,0.84119787755626,7,34
2,select_coverage,2.0,top_k_avg,0.9913793103448276,0.9888059701492538,0.9908593442192356,0.9818841926887224,3,0.9655172413793104,0.9716981132075472,0.9643101326405032,0.9310771399242632,3,34
2,select_coverage,2.0,list,1.0,1.0,1.0,1.0,0,0.9195402298850576,0.9286903440621532,0.9174013291740132,0.84119787755626,7,34
2,select_coverage,3.0,majority,1.0,1.0,1.0,1.0,0,0.9195402298850576,0.9286903440621532,0.9174013291740132,0.84119787755626,7,34
2,select_coverage,3.0,cmar,0.971264367816092,0.9766355140186916,0.9700526660011703,0.9418448126365312,10,0.9310344827586208,0.9433962264150944,0.9294594594594594,0.8682013504398968,6,34
2,select_coverage,3.0,top_k_avg,0.9913793103448276,0.9888059701492538,0.9908593442192356,0.9818841926887224,3,0.9655172413793104,0.9716981132075472,0.9643101326405032,0.9310771399242632,3,34
2,select_coverage,3.0,list,1.0,1.0,1.0,1.0,0,0.9195402298850576,0.9286903440621532,0.9174013291740132,0.84119787755626,7,34
2,select_coverage,4.0,majority,1.0,1.0,1.0,1.0,0,0.9195402298850576,0.9286903440621532,0.9174013291740132,0.84119787755626,7,34
2,select_coverage,4.0,cmar,0.9741379310344828,0.9789719626168224,0.9730146558334698,0.9474459077546526,9,0.9310344827586208,0.9433962264150944,0.9294594594594594,0.8682013504398968,6,34
2,select_coverage,4.0,top_k_avg,0.9913793103448276,0.9888059701492538,0.9908593442192356,0.9818841926887224,3,0.9655172413793104,0.9716981132075472,0.9643101326405032,0.9310771399242632,3,34
2,select_coverage,4.0,list,1.0,1.0,1.0,1.0,0,0.9195402298850576,0.9286903440621532,0.9174013291740132,0.84119787755626,7,34
2,select_coverage_CBA_M1,,majority,0.9971264367816092,0.9976635514018692,0.9969703037531668,0.9939589073244612,1,0.9195402298850576,0.9286903440621532,0.9174013291740132,0.84119787755626,7,34
2,select_coverage_CBA_M1,,cmar,0.9971264367816092,0.9976635514018692,0.9969703037531668,0.9939589073244612,1,0.9310344827586208,0.9433962264150944,0.9294594594594594,0.8682013504398968,6,34
2,select_coverage_CBA_M1,,top_k_avg,0.9971264367816092,0.9976635514018692,0.9969703037531668,0.9939589073244612,1,0.9310344827586208,0.938124306326304,0.928921568627451,0.8620151494137016,6,34
2,select_coverage_CBA_M1,,list,0.9971264367816092,0.9976635514018692,0.9969703037531668,0.9939589073244612,1,0.9195402298850576,0.9286903440621532,0.9174013291740132,0.84119787755626,7,34
1,select_coverage,1.0,majority,0.9942528735632185,0.9952606635071092,0.9939958592132504,0.9880633692175584,2,0.9310344827586208,0.924827188940092,0.924827188940092,0.8496543778801844,6,42
1,select_coverage,1.0,cmar,0.9770114942528736,0.9797626872383852,0.9760989010989012,0.9528247421840864,8,0.9310344827586208,0.924827188940092,0.924827188940092,0.8496543778801844,6,42
1,select_coverage,1.0,top_k_avg,0.9971264367816092,0.9963503649635036,0.9969864650715714,0.9939910358318852,1,0.9310344827586208,0.9176267281105992,0.9236842105263158,0.8485552916276633,6,42
1,select_coverage,1.0,list,1.0,1.0,1.0,1.0,0,0.9080459770114944,0.8925691244239631,0.8982456140350877,0.7976419741300035,8,42
1,select_coverage,2.0,majority,0.9913793103448276,0.9916110284706128,0.9909825091772836,0.9819829184451904,3,0.942528735632184,0.9409562211981566,0.9377949377949376,0.875878763049883,5,42
1,select_coverage,2.0,cmar,0.9683908045977012,0.9726536824990486,0.967248179741442,0.9358848998530874,11,0.9310344827586208,0.9320276497695852,0.9258522727272728,0.8528301564241103,6,42
1,select_coverage,2.0,top_k_avg,0.9913793103448276,0.9890510948905108,0.9909355328847408,0.98203384709498,3,0.9195402298850576,0.9014976958525346,0.9102431834929992,0.823157409665789,7,42
1,select_coverage,2.0,list,0.9971264367816092,0.9963503649635036,0.9969864650715714,0.9939910358318852,1,0.9080459770114944,0.8925691244239631,0.8982456140350877,0.7976419741300035,8,42
1,select_coverage,3.0,majority,0.9913793103448276,0.9916110284706128,0.9909825091772836,0.9819829184451904,3,0.9195402298850576,0.9086981566820276,0.9116494994922384,0.8235869943303938,7,42
1,select_coverage,3.0,cmar,0.971264367816092,0.9750233507454942,0.9701922088601088,0.9414872556355208,10,0.9080459770114944,0.8997695852534562,0.8997695852534562,0.7995391705069125,8,42
1,select_coverage,3.0,top_k_avg,0.9913793103448276,0.9890510948905108,0.9909355328847408,0.98203384709498,3,0.9195402298850576,0.9014976958525346,0.9102431834929992,0.823157409665789,7,42
1,select_coverage,3.0,list,0.9971264367816092,0.9963503649635036,0.9969864650715714,0.9939910358318852,1,0.896551724137931,0.8764400921658986,0.8845983787767133,0.7717838840984119,9,42
1,select_coverage,4.0,majority,0.9942528735632185,0.9952606635071092,0.9939958592132504,0.9880633692175584,2,0.9195402298850576,0.9086981566820276,0.9116494994922384,0.8235869943303938,7,42
1,select_coverage,4.0,cmar,0.9770114942528736,0.981042654028436,0.9761537670880872,0.9534174003743024,8,0.9080459770114944,0.8997695852534562,0.8997695852534562,0.7995391705069125,8,42
1,select_coverage,4.0,top_k_avg,0.9885057471264368,0.9866814266440654,0.987930077691454,0.9759320786390744,4,0.9310344827586208,0.9176267281105992,0.9236842105263158,0.8485552916276633,6,42
1,select_coverage,4.0,list,1.0,1.0,1.0,1.0,0,0.896551724137931,0.8764400921658986,0.8845983787767133,0.7717838840984119,9,42
1,select_coverage_CBA_M1,,majority,0.9942528735632185,0.9952606635071092,0.9939958592132504,0.9880633692175584,2,0.9195402298850576,0.9158986175115208,0.9129129129129128,0.826106423150902,7,42
1,select_coverage_CBA_M1,,cmar,0.9942528735632185,0.9952606635071092,0.9939958592132504,0.9880633692175584,2,0.942528735632184,0.9481566820276498,0.9386026817219478,0.8797460770490917,5,42
1,select_coverage_CBA_M1,,top_k_avg,0.9942528735632185,0.9952606635071092,0.9939958592132504,0.9880633692175584,2,0.896551724137931,0.8836405529953917,0.8864064993471638,0.7730922314644711,9,42
1,select_coverage_CBA_M1,,list,0.9942528735632185,0.9952606635071092,0.9939958592132504,0.9880633692175584,2,0.896551724137931,0.8836405529953917,0.8864064993471638,0.7730922314644711,9,42
2,select_coverage,1.0,majority,0.9942528735632185,0.9952606635071092,0.9939958592132504,0.9880633692175584,2,0.9310344827586208,0.924827188940092,0.924827188940092,0.8496543778801844,6,42
2,select_coverage,1.0,cmar,0.9770114942528736,0.9797626872383852,0.9760989010989012,0.9528247421840864,8,0.9310344827586208,0.924827188940092,0.924827188940092,0.8496543778801844,6,42
2,select_coverage,1.0,top_k_avg,0.9971264367816092,0.9963503649635036,0.9969864650715714,0.9939910358318852,1,0.9310344827586208,0.9176267281105992,0.9236842105263158,0.8485552916276633,6,42
2,select_coverage,1.0,list,1.0,1.0,1.0,1.0,0,0.9195402298850576,0.9086981566820276,0.9116494994922384,0.8235869943303938,7,42
2,select_coverage,2.0,majority,0.9913793103448276,0.9916110284706128,0.9909825091772836,0.9819829184451904,3,0.942528735632184,0.9409562211981566,0.9377949377949376,0.875878763049883,5,42
2,select_coverage,2.0,cmar,0.9683908045977012,0.9726536824990486,0.967248179741442,0.9358848998530874,11,0.9310344827586208,0.9320276497695852,0.9258522727272728,0.8528301564241103,6,42
2,select_coverage,2.0,top_k_avg,0.9913793103448276,0.9890510948905108,0.9909355328847408,0.98203384709498,3,0.9195402298850576,0.9014976958525346,0.9102431834929992,0.823157409665789,7,42
2,select_coverage,2.0,list,0.9971264367816092,0.9963503649635036,0.9969864650715714,0.9939910358318852,1,0.9195402298850576,0.9086981566820276,0.9116494994922384,0.8235869943303938,7,42
2,select_coverage,3.0,majority,0.9913793103448276,0.9916110284706128,0.9909825091772836,0.9819829184451904,3,0.9195402298850576,0.9086981566820276,0.9116494994922384,0.8235869943303938,7,42
2,select_coverage,3.0,cmar,0.971264367816092,0.9750233507454942,0.9701922088601088,0.9414872556355208,10,0.9080459770114944,0.8997695852534562,0.8997695852534562,0.7995391705069125,8,42
2,select_coverage,3.0,top_k_avg,0.9913793103448276,0.9890510948905108,0.9909355328847408,0.98203384709498,3,0.9195402298850576,0.9014976958525346,0.9102431834929992,0.823157409665789,7,42
2,select_coverage,3.0,list,0.9971264367816092,0.9963503649635036,0.9969864650715714,0.9939910358318852,1,0.9195402298850576,0.9086981566820276,0.9116494994922384,0.8235869943303938,7,42
2,select_coverage,4.0,majority,0.9942528735632185,0.9952606635071092,0.9939958592132504,0.9880633692175584,2,0.9195402298850576,0.9086981566820276,0.9116494994922384,0.8235869943303938,7,42
2,select_coverage,4.0,cmar,0.9770114942528736,0.981042654028436,0.9761537670880872,0.9534174003743024,8,0.9080459770114944,0.8997695852534562,0.8997695852534562,0.7995391705069125,8,42
2,select_coverage,4.0,top_k_avg,0.9885057471264368,0.9866814266440654,0.987930077691454,0.9759320786390744,4,0.9310344827586208,0.9176267281105992,0.9236842105263158,0.8485552916276633,6,42
2,select_coverage,4.0,list,1.0,1.0,1.0,1.0,0,0.9195402298850576,0.9086981566820276,0.9116494994922384,0.8235869943303938,7,42
2,select_coverage_CBA_M1,,majority,0.9942528735632185,0.9952606635071092,0.9939958592132504,0.9880633692175584,2,0.9195402298850576,0.9158986175115208,0.9129129129129128,0.826106423150902,7,42
2,select_coverage_CBA_M1,,cmar,0.9942528735632185,0.9952606635071092,0.9939958592132504,0.9880633692175584,2,0.942528735632184,0.9481566820276498,0.9386026817219478,0.8797460770490917,5,42
2,select_coverage_CBA_M1,,top_k_avg,0.9942528735632185,0.9952606635071092,0.9939958592132504,0.9880633692175584,2,0.896551724137931,0.8836405529953917,0.8864064993471638,0.7730922314644711,9,42
2,select_coverage_CBA_M1,,list,0.9942528735632185,0.9952606635071092,0.9939958592132504,0.9880633692175584,2,0.9080459770114944,0.8997695852534562,0.8997695852534562,0.7995391705069125,8,42
1,select_coverage,1.0,majority,0.9942528735632185,0.9952380952380953,0.994010533200234,0.9880923694737476,2,0.942528735632184,0.9324561403508772,0.9358879882092852,0.872081599272381,5,49
1,select_coverage,1.0,cmar,0.9770114942528736,0.9784679089026916,0.9760989010989012,0.9524763886852892,8,0.9310344827586208,0.9236842105263158,0.9236842105263158,0.8473684210526315,6,49
1,select_coverage,1.0,top_k_avg,0.9971264367816092,0.9976190476190476,0.9970016284259412,0.994021181334391,1,0.9310344827586208,0.9157894736842104,0.9224137931034484,0.8460509543803651,6,49
1,select_coverage,1.0,list,0.9971264367816092,0.9976190476190476,0.9970016284259412,0.994021181334391,1,0.9310344827586208,0.9236842105263158,0.9236842105263158,0.8473684210526315,6,49
1,select_coverage,2.0,majority,0.9942528735632185,0.9952380952380953,0.994010533200234,0.9880923694737476,2,0.942528735632184,0.9324561403508772,0.9358879882092852,0.872081599272381,5,49
1,select_coverage,2.0,cmar,0.9741379310344828,0.9785714285714286,0.9732616212063004,0.9479146976666616,9,0.9080459770114944,0.906140350877193,0.8997695852534562,0.8006594919249814,8,49
1,select_coverage,2.0,top_k_avg,0.985632183908046,0.9831262939958592,0.9849323253578572,0.9700255527083372,5,0.9310344827586208,0.9078947368421052,0.921004842615012,0.8470802593729477,6,49
1,select_coverage,2.0,list,0.9971264367816092,0.9976190476190476,0.9970016284259412,0.994021181334391,1,0.9310344827586208,0.9236842105263158,0.9236842105263158,0.8473684210526315,6,49
1,select_coverage,3.0,majority,0.9942528735632185,0.9952380952380953,0.994010533200234,0.9880923694737476,2,0.942528735632184,0.9324561403508772,0.9358879882092852,0.872081599272381,5,49
1,select_coverage,3.0,cmar,0.9770114942528736,0.980952380952381,0.9762067550936688,0.9535185638798048,8,0.9080459770114944,0.906140350877193,0.8997695852534562,0.8006594919249814,8,49
1,select_coverage,3.0,top_k_avg,0.985632183908046,0.9831262939958592,0.9849323253578572,0.9700255527083372,5,0.9540229885057472,0.9412280701754384,0.9482758620689656,0.897813565513341,4,49
1,select_coverage,3.0,list,0.9971264367816092,0.9976190476190476,0.9970016284259412,0.994021181334391,1,0.9310344827586208,0.9236842105263158,0.9236842105263158,0.8473684210526315,6,49
1,select_coverage,4.0,majority,0.9942528735632185,0.9952380952380953,0.994010533200234,0.9880923694737476,2,0.942528735632184,0.9324561403508772,0.9358879882092852,0.872081599272381,5,49
1,select_coverage,4.0,cmar,0.9827586206896552,0.9857142857142858,0.9821153253160654,0.964858736267844,6,0.9080459770114944,0.906140350877193,0.8997695852534562,0.8006594919249814,8,49
1,select_coverage,4.0,top_k_avg,0.9885057471264368,0.9867494824016564,0.9879613934341164,0.9759943419060084,4,0.9310344827586208,0.9236842105263158,0.9236842105263158,0.8473684210526315,6,49
1,select_coverage,4.0,list,0.9971264367816092,0.9976190476190476,0.9970016284259412,0.994021181334391,1,0.9310344827586208,0.9236842105263158,0.9236842105263158,0.8473684210526315,6,49
1,select_coverage_CBA_M1,,majority,0.9942528735632185,0.9927536231884058,0.993980696717058,0.9880334043965544,2,0.942528735632184,0.9324561403508772,0.9358879882092852,0.872081599272381,5,49
1,select_coverage_CBA_M1,,cmar,0.9942528735632185,0.9927536231884058,0.993980696717058,0.9880334043965544,2,0.942528735632184,0.9324561403508772,0.9358879882092852,0.872081599272381,5,49
1,select_coverage_CBA_M1,,top_k_avg,0.9942528735632185,0.9927536231884058,0.993980696717058,0.9880334043965544,2,0.9310344827586208,0.9157894736842104,0.9224137931034484,0.8460509543803651,6,49
1,select_coverage_CBA_M1,,list,0.9942528735632185,0.9927536231884058,0.993980696717058,0.9880334043965544,2,0.942528735632184,0.9324561403508772,0.9358879882092852,0.872081599272381,5,49
2,select_coverage,1.0,majority,0.9942528735632185,0.9952380952380953,0.994010533200234,0.9880923694737476,2,0.942528735632184,0.9324561403508772,0.9358879882092852,0.872081599272381,5,49
2,select_coverage,1.0,cmar,0.9770114942528736,0.9784679089026916,0.9760989010989012,0.9524763886852892,8,0.9310344827586208,0.9236842105263158,0.9236842105263158,0.8473684210526315,6,49
2,select_coverage,1.0,top_k_avg,0.9971264367816092,0.9976190476190476,0.9970016284259412,0.994021181334391,1,0.9310344827586208,0.9157894736842104,0.9224137931034484,0.8460509543803651,6,49
2,select_coverage,1.0,list,0.9971264367816092,0.9976190476190476,0.9970016284259412,0.994021181334391,1,0.9310344827586208,0.9236842105263158,0.9236842105263158,0.8473684210526315,6,49
2,select_coverage,2.0,majority,0.9942528735632185,0.9952380952380953,0.994010533200234,0.9880923694737476,2,0.942528735632184,0.9324561403508772,0.9358879882092852,0.872081599272381,5,49
2,select_coverage,2.0,cmar,0.9741379310344828,0.9785714285714286,0.9732616212063004,0.9479146976666616,9,0.9080459770114944,0.906140350877193,0.8997695852534562,0.8006594919249814,8,49
2,select_coverage,2.0,top_k_avg,0.985632183908046,0.9831262939958592,0.9849323253578572,0.9700255527083372,5,0.9310344827586208,0.9078947368421052,0.921004842615012,0.8470802593729477,6,49
2,select_coverage,2.0,list,0.9971264367816092,0.9976190476190476,0.9970016284259412,0.994021181334391,1,0.9310344827586208,0.9236842105263158,0.9236842105263158,0.8473684210526315,6,49
2,select_coverage,3.0,majority,0.9942528735632185,0.9952380952380953,0.994010533200234,0.9880923694737476,2,0.942528735632184,0.9324561403508772,0.9358879882092852,0.872081599272381,5,49
2,select_coverage,3.0,cmar,0.9770114942528736,0.980952380952381,0.9762067550936688,0.9535185638798048,8,0.9080459770114944,0.906140350877193,0.8997695852534562,0.8006594919249814,8,49
2,select_coverage,3.0,top_k_avg,0.985632183908046,0.9831262939958592,0.9849323253578572,0.9700255527083372,5,0.9540229885057472,0.9412280701754384,0.9482758620689656,0.897813565513341,4,49
2,select_coverage,3.0,list,0.9971264367816092,0.9976190476190476,0.9970016284259412,0.994021181334391,1,0.9310344827586208,0.9236842105263158,0.9236842105263158,0.8473684210526315,6,49
2,select_coverage,4.0,majority,0.9942528735632185,0.9952380952380953,0.994010533200234,0.9880923694737476,2,0.942528735632184,0.9324561403508772,0.9358879882092852,0.872081599272381,5,49
2,select_coverage,4.0,cmar,0.9827586206896552,0.9857142857142858,0.9821153253160654,0.964858736267844,6,0.9080459770114944,0.906140350877193,0.8997695852534562,0.8006594919249814,8,49
2,select_coverage,4.0,top_k_avg,0.9885057471264368,0.9867494824016564,0.9879613934341164,0.9759943419060084,4,0.9310344827586208,0.9236842105263158,0.9236842105263158,0.8473684210526315,6,49
2,select_coverage,4.0,list,0.9971264367816092,0.9976190476190476,0.9970016284259412,0.994021181334391,1,0.9310344827586208,0.9236842105263158,0.9236842105263158,0.8473684210526315,6,49
2,select_coverage_CBA_M1,,majority,0.9942528735632185,0.9927536231884058,0.993980696717058,0.9880334043965544,2,0.942528735632184,0.9324561403508772,0.9358879882092852,0.872081599272381,5,49
2,select_coverage_CBA_M1,,cmar,0.9942528735632185,0.9927536231884058,0.993980696717058,0.9880334043965544,2,0.942528735632184,0.9324561403508772,0.9358879882092852,0.872081599272381,5,49
2,select_coverage_CBA_M1,,top_k_avg,0.9942528735632185,0.9927536231884058,0.993980696717058,0.9880334043965544,2,0.9310344827586208,0.9157894736842104,0.9224137931034484,0.8460509543803651,6,49
2,select_coverage_CBA_M1,,list,0.9942528735632185,0.9927536231884058,0.993980696717058,0.9880334043965544,2,0.942528735632184,0.9324561403508772,0.9358879882092852,0.872081599272381,5,49
1,select_coverage,1.0,majority,0.9942528735632185,0.9952153110047848,0.9940247252747252,0.9881204181194057,2,0.942528735632184,0.9310344827586208,0.9347728295096716,0.8698612507990263,5,63
1,select_coverage,1.0,cmar,0.9827586206896552,0.9832363774052528,0.9820741758241758,0.9642184332373598,6,0.9310344827586208,0.9224137931034484,0.9224137931034484,0.8448275862068966,6,63
1,select_coverage,1.0,top_k_avg,0.9942528735632185,0.994010533200234,0.994010533200234,0.9880210664004682,2,0.9310344827586208,0.9137931034482758,0.921004842615012,0.8432740427115678,6,63
1,select_coverage,1.0,list,0.9971264367816092,0.9976076555023924,0.9970088445372732,0.994035527640684,1,0.942528735632184,0.9310344827586208,0.9347728295096716,0.8698612507990263,5,63
1,select_coverage,2.0,majority,0.9942528735632185,0.9952153110047848,0.9940247252747252,0.9881204181194057,2,0.9540229885057472,0.9482758620689656,0.9482758620689656,0.896551724137931,4,63
1,select_coverage,2.0,cmar,0.9683908045977012,0.9724794327217652,0.9673888041709616,0.9361546341961274,11,0.9310344827586208,0.9310344827586208,0.9236842105263158,0.8485552916276633,6,63
1,select_coverage,2.0,top_k_avg,0.9913793103448276,0.9904134108980758,0.9910048852778232,0.9820275827245732,3,0.942528735632184,0.9224137931034482,0.93353705118411,0.8700205096798328,5,63
1,select_coverage,2.0,list,0.9971264367816092,0.9976076555023924,0.9970088445372732,0.994035527640684,1,0.9540229885057472,0.9482758620689656,0.9482758620689656,0.896551724137931,4,63
1,select_coverage,3.0,majority,0.9942528735632185,0.9952153110047848,0.9940247252747252,0.9881204181194057,2,0.9655172413793104,0.956896551724138,0.9608636977058028,0.922052925846968,3,63
1,select_coverage,3.0,cmar,0.971264367816092,0.9748717772193728,0.970322360566263,0.9417382319788395,10,0.942528735632184,0.9396551724137931,0.9358879882092852,0.872081599272381,5,63
1,select_coverage,3.0,top_k_avg,0.9885057471264368,0.9868162885959176,0.987991718426501,0.976054636200141,4,0.9540229885057472,0.9396551724137931,0.9473365617433414,0.8959786703810408,4,63
1,select_coverage,3.0,list,0.9971264367816092,0.9976076555023924,0.9970088445372732,0.994035527640684,1,0.9655172413793104,0.956896551724138,0.9608636977058028,0.922052925846968,3,63
1,select_coverage,4.0,majority,0.9942528735632185,0.9952153110047848,0.9940247252747252,0.9881204181194057,2,0.942528735632184,0.9310344827586208,0.9347728295096716,0.8698612507990263,5,63
1,select_coverage,4.0,cmar,0.9770114942528736,0.979656466214588,0.9762067550936688,0.953034938578936,8,0.9540229885057472,0.9482758620689656,0.9482758620689656,0.896551724137931,4,63
1,select_coverage,4.0,top_k_avg,0.9913793103448276,0.9904134108980758,0.9910048852778232,0.9820275827245732,3,0.9540229885057472,0.9396551724137931,0.9473365617433414,0.8959786703810408,4,63
1,select_coverage,4.0,list,0.9971264367816092,0.9976076555023924,0.9970088445372732,0.994035527640684,1,0.9655172413793104,0.956896551724138,0.9608636977058028,0.922052925846968,3,63
1,select_coverage_CBA_M1,,majority,0.9942528735632185,0.9952153110047848,0.9940247252747252,0.9881204181194057,2,0.942528735632184,0.9396551724137931,0.9358879882092852,0.872081599272381,5,63
1,select_coverage_CBA_M1,,cmar,0.9942528735632185,0.9952153110047848,0.9940247252747252,0.9881204181194057,2,0.9310344827586208,0.9310344827586208,0.9236842105263158,0.8485552916276633,6,63
1,select_coverage_CBA_M1,,top_k_avg,0.9942528735632185,0.9952153110047848,0.9940247252747252,0.9881204181194057,2,0.9080459770114944,0.9051724137931034,0.8982456140350877,0.7976419741300035,8,63
1,select_coverage_CBA_M1,,list,0.9942528735632185,0.9952153110047848,0.9940247252747252,0.9881204181194057,2,0.942528735632184,0.9396551724137931,0.9358879882092852,0.872081599272381,5,63
2,select_coverage,1.0,majority,0.9942528735632185,0.9952153110047848,0.9940247252747252,0.9881204181194057,2,0.942528735632184,0.9310344827586208,0.9347728295096716,0.8698612507990263,5,63
2,select_coverage,1.0,cmar,0.9827586206896552,0.9832363774052528,0.9820741758241758,0.9642184332373598,6,0.9310344827586208,0.9224137931034484,0.9224137931034484,0.8448275862068966,6,63
2,select_coverage,1.0,top_k_avg,0.9942528735632185,0.994010533200234,0.994010533200234,0.9880210664004682,2,0.9310344827586208,0.9137931034482758,0.921004842615012,0.8432740427115678,6,63
2,select_coverage,1.0,list,0.9971264367816092,0.9976076555023924,0.9970088445372732,0.994035527640684,1,0.9195402298850576,0.9137931034482758,0.9102431834929992,0.8207826816681233,7,63
2,select_coverage,2.0,majority,0.9942528735632185,0.9952153110047848,0.9940247252747252,0.9881204181194057,2,0.942528735632184,0.9396551724137931,0.9358879882092852,0.872081599272381,5,63
2,select_coverage,2.0,cmar,0.9683908045977012,0.9724794327217652,0.9673888041709616,0.9361546341961274,11,0.9310344827586208,0.9310344827586208,0.9236842105263158,0.8485552916276633,6,63
2,select_coverage,2.0,top_k_avg,0.9913793103448276,0.9904134108980758,0.9910048852778232,0.9820275827245732,3,0.942528735632184,0.9224137931034482,0.93353705118411,0.8700205096798328,5,63
2,select_coverage,2.0,list,0.9971264367816092,0.9976076555023924,0.9970088445372732,0.994035527640684,1,0.942528735632184,0.9396551724137931,0.9358879882092852,0.872081599272381,5,63
2,select_coverage,3.0,majority,0.9942528735632185,0.9952153110047848,0.9940247252747252,0.9881204181194057,2,0.9540229885057472,0.9482758620689656,0.9482758620689656,0.896551724137931,4,63
2,select_coverage,3.0,cmar,0.971264367816092,0.9748717772193728,0.970322360566263,0.9417382319788395,10,0.942528735632184,0.9396551724137931,0.9358879882092852,0.872081599272381,5,63
2,select_coverage,3.0,top_k_avg,0.9885057471264368,0.9868162885959176,0.987991718426501,0.976054636200141,4,0.9540229885057472,0.9396551724137931,0.9473365617433414,0.8959786703810408,4,63
2,select_coverage,3.0,list,0.9971264367816092,0.9976076555023924,0.9970088445372732,0.994035527640684,1,0.942528735632184,0.9396551724137931,0.9358879882092852,0.872081599272381,5,63
2,select_coverage,4.0,majority,0.9942528735632185,0.9952153110047848,0.9940247252747252,0.9881204181194057,2,0.942528735632184,0.9310344827586208,0.9347728295096716,0.8698612507990263,5,63
2,select_coverage,4.0,cmar,0.9770114942528736,0.979656466214588,0.9762067550936688,0.953034938578936,8,0.9540229885057472,0.9482758620689656,0.9482758620689656,0.896551724137931,4,63
2,select_coverage,4.0,top_k_avg,0.9913793103448276,0.9904134108980758,0.9910048852778232,0.9820275827245732,3,0.9540229885057472,0.9396551724137931,0.9473365617433414,0.8959786703810408,4,63
2,select_coverage,4.0,list,0.9971264367816092,0.9976076555023924,0.9970088445372732,0.994035527640684,1,0.942528735632184,0.9396551724137931,0.9358879882092852,0.872081599272381,5,63
2,select_coverage_CBA_M1,,majority,0.9942528735632185,0.9952153110047848,0.9940247252747252,0.9881204181194057,2,0.942528735632184,0.9396551724137931,0.9358879882092852,0.872081599272381,5,63
2,select_coverage_CBA_M1,,cmar,0.9942528735632185,0.9952153110047848,0.9940247252747252,0.9881204181194057,2,0.9310344827586208,0.9310344827586208,0.9236842105263158,0.8485552916276633,6,63
2,select_coverage_CBA_M1,,top_k_avg,0.9942528735632185,0.9952153110047848,0.9940247252747252,0.9881204181194057,2,0.9080459770114944,0.9051724137931034,0.8982456140350877,0.7976419741300035,8,63
2,select_coverage_CBA_M1,,list,0.9942528735632185,0.9952153110047848,0.9940247252747252,0.9881204181194057,2,0.9195402298850576,0.9224137931034484,0.9116494994922384,0.8258948315174716,7,63
1,select_coverage,1.0,majority,0.9971264367816092,0.9976415094339622,0.9969864650715714,0.9939910358318852,1,0.942528735632184,0.9414772727272728,0.9386026817219478,0.877487282079463,5,64
1,select_coverage,1.0,cmar,0.9942528735632185,0.9952830188679244,0.993980696717058,0.9880334043965544,2,0.942528735632184,0.9414772727272728,0.9386026817219478,0.877487282079463,5,64
1,select_coverage,1.0,top_k_avg,0.9971264367816092,0.9976415094339622,0.9969864650715714,0.9939910358318852,1,0.9310344827586208,0.9258522727272728,0.9258522727272728,0.8517045454545454,6,64
1,select_coverage,1.0,list,0.9971264367816092,0.9976415094339622,0.9969864650715714,0.9939910358318852,1,0.942528735632184,0.9414772727272728,0.9386026817219478,0.877487282079463,5,64
1,select_coverage,2.0,majority,0.9971264367816092,0.9976415094339622,0.9969864650715714,0.9939910358318852,1,0.942528735632184,0.9414772727272728,0.9386026817219478,0.877487282079463,5,64
1,select_coverage,2.0,cmar,0.9942528735632185,0.9952830188679244,0.993980696717058,0.9880334043965544,2,0.942528735632184,0.9414772727272728,0.9386026817219478,0.877487282079463,5,64
1,select_coverage,2.0,top_k_avg,0.9971264367816092,0.9976415094339622,0.9969864650715714,0.9939910358318852,1,0.942528735632184,0.9414772727272728,0.9386026817219478,0.877487282079463,5,64
1,select_coverage,2.0,list,0.9971264367816092,0.9976415094339622,0.9969864650715714,0.9939910358318852,1,0.942528735632184,0.9414772727272728,0.9386026817219478,0.877487282079463,5,64
1,select_coverage,3.0,majority,0.9971264367816092,0.9976415094339622,0.9969864650715714,0.9939910358318852,1,0.942528735632184,0.9414772727272728,0.9386026817219478,0.877487282079463,5,64
1,select_coverage,3.0,cmar,0.9942528735632185,0.9952830188679244,0.993980696717058,0.9880334043965544,2,0.942528735632184,0.9414772727272728,0.9386026817219478,0.877487282079463,5,64
1,select_coverage,3.0,top_k_avg,0.9971264367816092,0.9976415094339622,0.9969864650715714,0.9939910358318852,1,0.942528735632184,0.9414772727272728,0.9386026817219478,0.877487282079463,5,64
1,select_coverage,3.0,list,0.9971264367816092,0.9976415094339622,0.9969864650715714,0.9939910358318852,1,0.942528735632184,0.9414772727272728,0.9386026817219478,0.877487282079463,5,64
1,select_coverage,4.0,majority,0.9971264367816092,0.9976415094339622,0.9969864650715714,0.9939910358318852,1,0.9540229885057472,0.9505681818181818,0.9505681818181818,0.9011363636363636,4,64
1,select_coverage,4.0,cmar,0.9942528735632185,0.9952830188679244,0.993980696717058,0.9880334043965544,2,0.9540229885057472,0.9505681818181818,0.9505681818181818,0.9011363636363636,4,64
1,select_coverage,4.0,top_k_avg,0.9913793103448276,0.9916065482796892,0.9909593952147144,0.9819367815640604,3,0.9540229885057472,0.9505681818181818,0.9505681818181818,0.9011363636363636,4,64
1,select_coverage,4.0,list,0.9971264367816092,0.9976415094339622,0.9969864650715714,0.9939910358318852,1,0.9540229885057472,0.9505681818181818,0.9505681818181818,0.9011363636363636,4,64
1,select_coverage_CBA_M1,,majority,0.9942528735632185,0.9952830188679244,0.993980696717058,0.9880334043965544,2,0.942528735632184,0.9414772727272728,0.9386026817219478,0.877487282079463,5,64
1,select_coverage_CBA_M1,,cmar,0.9942528735632185,0.9952830188679244,0.993980696717058,0.9880334043965544,2,0.942528735632184,0.9414772727272728,0.9386026817219478,0.877487282079463,5,64
1,select_coverage_CBA_M1,,top_k_avg,0.9942528735632185,0.9952830188679244,0.993980696717058,0.9880334043965544,2,0.9310344827586208,0.9258522727272728,0.9258522727272728,0.8517045454545454,6,64
1,select_coverage_CBA_M1,,list,0.9942528735632185,0.9952830188679244,0.993980696717058,0.9880334043965544,2,0.942528735632184,0.9414772727272728,0.9386026817219478,0.877487282079463,5,64
2,select_coverage,1.0,majority,0.9971264367816092,0.9976415094339622,0.9969864650715714,0.9939910358318852,1,0.942528735632184,0.9414772727272728,0.9386026817219478,0.877487282079463,5,64
2,select_coverage,1.0,cmar,0.9942528735632185,0.9952830188679244,0.993980696717058,0.9880334043965544,2,0.942528735632184,0.9414772727272728,0.9386026817219478,0.877487282079463,5,64
2,select_coverage,1.0,top_k_avg,0.9971264367816092,0.9976415094339622,0.9969864650715714,0.9939910358318852,1,0.9310344827586208,0.9258522727272728,0.9258522727272728,0.8517045454545454,6,64
2,select_coverage,1.0,list,0.9971264367816092,0.9976415094339622,0.9969864650715714,0.9939910358318852,1,0.942528735632184,0.9414772727272728,0.9386026817219478,0.877487282079463,5,64
2,select_coverage,2.0,majority,0.9971264367816092,0.9976415094339622,0.9969864650715714,0.9939910358318852,1,0.942528735632184,0.9414772727272728,0.9386026817219478,0.877487282079463,5,64
2,select_coverage,2.0,cmar,0.9942528735632185,0.9952830188679244,0.993980696717058,0.9880334043965544,2,0.942528735632184,0.9414772727272728,0.9386026817219478,0.877487282079463,5,64
2,select_coverage,2.0,top_k_avg,0.9971264367816092,0.9976415094339622,0.9969864650715714,0.9939910358318852,1,0.942528735632184,0.9414772727272728,0.9386026817219478,0.877487282079463,5,64
2,select_coverage,2.0,list,0.9971264367816092,0.9976415094339622,0.9969864650715714,0.9939910358318852,1,0.942528735632184,0.9414772727272728,0.9386026817219478,0.877487282079463,5,64
2,select_coverage,3.0,majority,0.9971264367816092,0.9976415094339622,0.9969864650715714,0.9939910358318852,1,0.942528735632184,0.9414772727272728,0.9386026817219478,0.877487282079463,5,64
2,select_coverage,3.0,cmar,0.9942528735632185,0.9952830188679244,0.993980696717058,0.9880334043965544,2,0.942528735632184,0.9414772727272728,0.9386026817219478,0.877487282079463,5,64
2,select_coverage,3.0,top_k_avg,0.9971264367816092,0.9976415094339622,0.9969864650715714,0.9939910358318852,1,0.942528735632184,0.9414772727272728,0.9386026817219478,0.877487282079463,5,64
2,select_coverage,3.0,list,0.9971264367816092,0.9976415094339622,0.9969864650715714,0.9939910358318852,1,0.942528735632184,0.9414772727272728,0.9386026817219478,0.877487282079463,5,64
2,select_coverage,4.0,majority,0.9971264367816092,0.9976415094339622,0.9969864650715714,0.9939910358318852,1,0.9540229885057472,0.9505681818181818,0.9505681818181818,0.9011363636363636,4,64
2,select_coverage,4.0,cmar,0.9942528735632185,0.9952830188679244,0.993980696717058,0.9880334043965544,2,0.9540229885057472,0.9505681818181818,0.9505681818181818,0.9011363636363636,4,64
2,select_coverage,4.0,top_k_avg,0.9913793103448276,0.9916065482796892,0.9909593952147144,0.9819367815640604,3,0.9540229885057472,0.9505681818181818,0.9505681818181818,0.9011363636363636,4,64
2,select_coverage,4.0,list,0.9971264367816092,0.9976415094339622,0.9969864650715714,0.9939910358318852,1,0.9540229885057472,0.9505681818181818,0.9505681818181818,0.9011363636363636,4,64
2,select_coverage_CBA_M1,,majority,0.9942528735632185,0.9952830188679244,0.993980696717058,0.9880334043965544,2,0.942528735632184,0.9414772727272728,0.9386026817219478,0.877487282079463,5,64
2,select_coverage_CBA_M1,,cmar,0.9942528735632185,0.9952830188679244,0.993980696717058,0.9880334043965544,2,0.942528735632184,0.9414772727272728,0.9386026817219478,0.877487282079463,5,64
2,select_coverage_CBA_M1,,top_k_avg,0.9942528735632185,0.9952830188679244,0.993980696717058,0.9880334043965544,2,0.9310344827586208,0.9258522727272728,0.9258522727272728,0.8517045454545454,6,64
2,select_coverage_CBA_M1,,list,0.9942528735632185,0.9952830188679244,0.993980696717058,0.9880334043965544,2,0.942528735632184,0.9414772727272728,0.9386026817219478,0.877487282079463,5,64
1,select_coverage,1.0,majority,0.9942528735632185,0.9953703703703703,0.9939150201084106,0.9879036215673088,2,0.942528735632184,0.94281045751634,0.9410009494100094,0.8822635531475312,5,65
1,select_coverage,1.0,cmar,0.9741379310344828,0.9762205387205388,0.9727327337785012,0.9459113739456808,9,0.9540229885057472,0.9566993464052288,0.952972972972973,0.906999162096994,4,65
1,select_coverage,1.0,top_k_avg,0.9913793103448276,0.9901094276094276,0.9908323747135116,0.98168324492908,3,0.9310344827586208,0.9248366013071896,0.9282967032967032,0.8576515297878324,6,65
1,select_coverage,1.0,list,0.9971264367816092,0.9976851851851852,0.9969531147397452,0.9939247369007498,1,0.9540229885057472,0.9485294117647058,0.952197802197802,0.905482095872154,4,65
1,select_coverage,2.0,majority,0.9913793103448276,0.9915824915824916,0.9908593442192356,0.9817370762791338,3,0.9655172413793104,0.9705882352941176,0.9648484848484848,0.9320827648567408,3,65
1,select_coverage,2.0,cmar,0.9683908045977012,0.9715909090909092,0.9667636205773822,0.9343911539033524,11,0.9655172413793104,0.9705882352941176,0.9648484848484848,0.9320827648567408,3,65
1,select_coverage,2.0,top_k_avg,0.9798850574712644,0.9749579124579124,0.9784773331684088,0.9574166297093007,7,0.9770114942528736,0.9722222222222222,0.9760989010989012,0.9533126619564752,2,65
1,select_coverage,2.0,list,0.9942528735632185,0.9938973063973064,0.9938973063973064,0.9877946127946128,2,0.9540229885057472,0.9485294117647058,0.952197802197802,0.905482095872154,4,65
1,select_coverage,3.0,majority,0.9913793103448276,0.9915824915824916,0.9908593442192356,0.9817370762791338,3,0.9540229885057472,0.9566993464052288,0.952972972972973,0.906999162096994,4,65
1,select_coverage,3.0,cmar,0.9683908045977012,0.9715909090909092,0.9667636205773822,0.9343911539033524,11,0.9540229885057472,0.96078431372549,0.9532760472610096,0.9107204646354898,4,65
1,select_coverage,3.0,top_k_avg,0.9827586206896552,0.9787457912457912,0.9815808045165844,0.9634573198507618,6,0.9770114942528736,0.9722222222222222,0.9760989010989012,0.9533126619564752,2,65
1,select_coverage,3.0,list,0.9942528735632185,0.9938973063973064,0.9938973063973064,0.9877946127946128,2,0.9540229885057472,0.9485294117647058,0.952197802197802,0.905482095872154,4,65
1,select_coverage,4.0,majority,0.9942528735632185,0.9953703703703703,0.9939150201084106,0.9879036215673088,2,0.9540229885057472,0.9566993464052288,0.952972972972973,0.906999162096994,4,65
1,select_coverage,4.0,cmar,0.9798850574712644,0.9823232323232324,0.9787921262721676,0.958033083996244,7,0.9655172413793104,0.9705882352941176,0.9648484848484848,0.9320827648567408,3,65
1,select_coverage,4.0,top_k_avg,0.9885057471264368,0.9863215488215488,0.9877581172828648,0.9755901961913472,4,0.9885057471264368,0.9861111111111112,0.9881033775468344,0.9764863752380988,1,65
1,select_coverage,4.0,list,0.9971264367816092,0.9976851851851852,0.9969531147397452,0.9939247369007498,1,0.9540229885057472,0.9485294117647058,0.952197802197802,0.905482095872154,4,65
1,select_coverage_CBA_M1,,majority,0.9913793103448276,0.9930555555555556,0.9908855189754068,0.98193560423492,3,0.9540229885057472,0.9485294117647058,0.952197802197802,0.905482095872154,4,65
1,select_coverage_CBA_M1,,cmar,0.9913793103448276,0.9930555555555556,0.9908855189754068,0.98193560423492,3,0.942528735632184,0.9468954248366012,0.9414141414141416,0.8851549867649953,5,65
1,select_coverage_CBA_M1,,top_k_avg,0.9913793103448276,0.9930555555555556,0.9908855189754068,0.98193560423492,3,0.9655172413793104,0.9624183006535948,0.9643101326405032,0.9288929216550652,3,65
1,select_coverage_CBA_M1,,list,0.9913793103448276,0.9930555555555556,0.9908855189754068,0.98193560423492,3,0.9540229885057472,0.9485294117647058,0.952197802197802,0.905482095872154,4,65
2,select_coverage,1.0,majority,0.9942528735632185,0.9953703703703703,0.9939150201084106,0.9879036215673088,2,0.9540229885057472,0.9566993464052288,0.952972972972973,0.906999162096994,4,65
2,select_coverage,1.0,cmar,0.9741379310344828,0.9762205387205388,0.9727327337785012,0.9459113739456808,9,0.9540229885057472,0.9566993464052288,0.952972972972973,0.906999162096994,4,65
2,select_coverage,1.0,top_k_avg,0.9913793103448276,0.9901094276094276,0.9908323747135116,0.98168324492908,3,0.9310344827586208,0.9248366013071896,0.9282967032967032,0.8576515297878324,6,65
2,select_coverage,1.0,list,0.9971264367816092,0.9976851851851852,0.9969531147397452,0.9939247369007498,1,0.9540229885057472,0.9566993464052288,0.952972972972973,0.906999162096994,4,65
2,select_coverage,2.0,majority,0.9913793103448276,0.9915824915824916,0.9908593442192356,0.9817370762791338,3,0.9655172413793104,0.9705882352941176,0.9648484848484848,0.9320827648567408,3,65
2,select_coverage,2.0,cmar,0.9683908045977012,0.9715909090909092,0.9667636205773822,0.9343911539033524,11,0.9655172413793104,0.9705882352941176,0.9648484848484848,0.9320827648567408,3,65
2,select_coverage,2.0,top_k_avg,0.9798850574712644,0.9749579124579124,0.9784773331684088,0.9574166297093007,7,0.9770114942528736,0.9722222222222222,0.9760989010989012,0.9533126619564752,2,65
2,select_coverage,2.0,list,0.9942528735632185,0.9938973063973064,0.9938973063973064,0.9877946127946128,2,0.9655172413793104,0.9665032679738562,0.9646005696460056,0.9294695366185246,3,65
2,select_coverage,3.0,majority,0.9913793103448276,0.9915824915824916,0.9908593442192356,0.9817370762791338,3,0.9540229885057472,0.9566993464052288,0.952972972972973,0.906999162096994,4,65
2,select_coverage,3.0,cmar,0.9683908045977012,0.9715909090909092,0.9667636205773822,0.9343911539033524,11,0.9540229885057472,0.96078431372549,0.9532760472610096,0.9107204646354898,4,65
2,select_coverage,3.0,top_k_avg,0.9827586206896552,0.9787457912457912,0.9815808045165844,0.9634573198507618,6,0.9770114942528736,0.9722222222222222,0.9760989010989012,0.9533126619564752,2,65
2,select_coverage,3.0,list,0.9942528735632185,0.9938973063973064,0.9938973063973064,0.9877946127946128,2,0.9655172413793104,0.9665032679738562,0.9646005696460056,0.9294695366185246,3,65
2,select_coverage,4.0,majority,0.9942528735632185,0.9953703703703703,0.9939150201084106,0.9879036215673088,2,0.9540229885057472,0.9566993464052288,0.952972972972973,0.906999162096994,4,65
2,select_coverage,4.0,cmar,0.9798850574712644,0.9823232323232324,0.9787921262721676,0.958033083996244,7,0.9655172413793104,0.9705882352941176,0.9648484848484848,0.9320827648567408,3,65
2,select_coverage,4.0,top_k_avg,0.9885057471264368,0.9863215488215488,0.9877581172828648,0.9755901961913472,4,0.9885057471264368,0.9861111111111112,0.9881033775468344,0.9764863752380988,1,65
2,select_coverage,4.0,list,0.9971264367816092,0.9976851851851852,0.9969531147397452,0.9939247369007498,1,0.9655172413793104,0.9665032679738562,0.9646005696460056,0.9294695366185246,3,65
2,select_coverage_CBA_M1,,majority,0.9913793103448276,0.9930555555555556,0.9908855189754068,0.98193560423492,3,0.9540229885057472,0.9566993464052288,0.952972972972973,0.906999162096994,4,65
2,select_coverage_CBA_M1,,cmar,0.9913793103448276,0.9930555555555556,0.9908855189754068,0.98193560423492,3,0.942528735632184,0.9468954248366012,0.9414141414141416,0.8851549867649953,5,65
2,select_coverage_CBA_M1,,top_k_avg,0.9913793103448276,0.9930555555555556,0.9908855189754068,0.98193560423492,3,0.9540229885057472,0.9485294117647058,0.952197802197802,0.905482095872154,4,65
2,select_coverage_CBA_M1,,list,0.9913793103448276,0.9930555555555556,0.9908855189754068,0.98193560423492,3,0.9540229885057472,0.9566993464052288,0.952972972972973,0.906999162096994,4,65
1,select_coverage,1.0,majority,1.0,1.0,1.0,1.0,0,0.9540229885057472,0.9526143790849672,0.9526143790849672,0.9052287581699346,4,68
1,select_coverage,1.0,cmar,0.9913793103448276,0.9915824915824916,0.9908593442192356,0.9817370762791338,3,0.9540229885057472,0.9526143790849672,0.9526143790849672,0.9052287581699346,4,68
1,select_coverage,1.0,top_k_avg,0.9971264367816092,0.9962121212121212,0.996944124904504,0.9939068662699744,1,0.9310344827586208,0.9248366013071896,0.9282967032967032,0.8576515297878324,6,68
1,select_coverage,1.0,list,1.0,1.0,1.0,1.0,0,0.9540229885057472,0.9526143790849672,0.9526143790849672,0.9052287581699346,4,68
1,select_coverage,2.0,majority,0.9971264367816092,0.9962121212121212,0.996944124904504,0.9939068662699744,1,0.9540229885057472,0.9526143790849672,0.9526143790849672,0.9052287581699346,4,68
1,select_coverage,2.0,cmar,0.971264367816092,0.9753787878787878,0.9698251942286348,0.9407797276748664,10,0.9540229885057472,0.9526143790849672,0.9526143790849672,0.9052287581699346,4,68
1,select_coverage,2.0,top_k_avg,0.9885057471264368,0.9848484848484848,0.9877205363443896,0.9757387538180902,4,0.9540229885057472,0.9526143790849672,0.9526143790849672,0.9052287581699346,4,68
1,select_coverage,2.0,list,0.9971264367816092,0.9962121212121212,0.996944124904504,0.9939068662699744,1,0.9540229885057472,0.9526143790849672,0.9526143790849672,0.9052287581699346,4,68
1,select_coverage,3.0,majority,0.9971264367816092,0.9962121212121212,0.996944124904504,0.9939068662699744,1,0.9540229885057472,0.9526143790849672,0.9526143790849672,0.9052287581699346,4,68
1,select_coverage,3.0,cmar,0.971264367816092,0.9753787878787878,0.9698251942286348,0.9407797276748664,10,0.9540229885057472,0.9526143790849672,0.9526143790849672,0.9052287581699346,4,68
1,select_coverage,3.0,top_k_avg,0.9913793103448276,0.9886363636363636,0.9908045977011496,0.9817766699401927,3,0.9540229885057472,0.9526143790849672,0.9526143790849672,0.9052287581699346,4,68
1,select_coverage,3.0,list,0.9971264367816092,0.9962121212121212,0.996944124904504,0.9939068662699744,1,0.9540229885057472,0.9526143790849672,0.9526143790849672,0.9052287581699346,4,68
1,select_coverage,4.0,majority,1.0,1.0,1.0,1.0,0,0.9540229885057472,0.9526143790849672,0.9526143790849672,0.9052287581699346,4,68
1,select_coverage,4.0,cmar,0.985632183908046,0.988425925925926,0.984851518765834,0.9701547940468074,5,0.9540229885057472,0.9526143790849672,0.9526143790849672,0.9052287581699346,4,68
1,select_coverage,4.0,top_k_avg,0.9942528735632185,0.9924242424242424,0.9938790586414324,0.987832565594008,2,0.9540229885057472,0.9526143790849672,0.9526143790849672,0.9052287581699346,4,68
1,select_coverage,4.0,list,1.0,1.0,1.0,1.0,0,0.9540229885057472,0.9526143790849672,0.9526143790849672,0.9052287581699346,4,68
1,select_coverage_CBA_M1,,majority,0.9942528735632185,0.9953703703703703,0.9939150201084106,0.9879036215673088,2,0.942528735632184,0.94281045751634,0.9410009494100094,0.8822635531475312,5,68
1,select_coverage_CBA_M1,,cmar,0.9942528735632185,0.9953703703703703,0.9939150201084106,0.9879036215673088,2,0.942528735632184,0.94281045751634,0.9410009494100094,0.8822635531475312,5,68
1,select_coverage_CBA_M1,,top_k_avg,0.9942528735632185,0.9953703703703703,0.9939150201084106,0.9879036215673088,2,0.942528735632184,0.94281045751634,0.9410009494100094,0.8822635531475312,5,68
1,select_coverage_CBA_M1,,list,0.9942528735632185,0.9953703703703703,0.9939150201084106,0.9879036215673088,2,0.942528735632184,0.94281045751634,0.9410009494100094,0.8822635531475312,5,68
2,select_coverage,1.0,majority,1.0,1.0,1.0,1.0,0,0.9540229885057472,0.9526143790849672,0.9526143790849672,0.9052287581699346,4,68
2,select_coverage,1.0,cmar,0.9913793103448276,0.9915824915824916,0.9908593442192356,0.9817370762791338,3,0.9540229885057472,0.9526143790849672,0.9526143790849672,0.9052287581699346,4,68
2,select_coverage,1.0,top_k_avg,0.9971264367816092,0.9962121212121212,0.996944124904504,0.9939068662699744,1,0.9310344827586208,0.9248366013071896,0.9282967032967032,0.8576515297878324,6,68
2,select_coverage,1.0,list,1.0,1.0,1.0,1.0,0,0.9540229885057472,0.9526143790849672,0.9526143790849672,0.9052287581699346,4,68
2,select_coverage,2.0,majority,0.9971264367816092,0.9962121212121212,0.996944124904504,0.9939068662699744,1,0.9540229885057472,0.9526143790849672,0.9526143790849672,0.9052287581699346,4,68
2,select_coverage,2.0,cmar,0.971264367816092,0.9753787878787878,0.9698251942286348,0.9407797276748664,10,0.9540229885057472,0.9526143790849672,0.9526143790849672,0.9052287581699346,4,68
2,select_coverage,2.0,top_k_avg,0.9885057471264368,0.9848484848484848,0.9877205363443896,0.9757387538180902,4,0.9540229885057472,0.9526143790849672,0.9526143790849672,0.9052287581699346,4,68
2,select_coverage,2.0,list,0.9971264367816092,0.9962121212121212,0.996944124904504,0.9939068662699744,1,0.9540229885057472,0.9526143790849672,0.9526143790849672,0.9052287581699346,4,68
2,select_coverage,3.0,majority,0.9971264367816092,0.9962121212121212,0.996944124904504,0.9939068662699744,1,0.9540229885057472,0.9526143790849672,0.9526143790849672,0.9052287581699346,4,68
2,select_coverage,3.0,cmar,0.971264367816092,0.9753787878787878,0.9698251942286348,0.9407797276748664,10,0.9540229885057472,0.9526143790849672,0.9526143790849672,0.9052287581699346,4,68
2,select_coverage,3.0,top_k_avg,0.9913793103448276,0.9886363636363636,0.9908045977011496,0.9817766699401927,3,0.9540229885057472,0.9526143790849672,0.9526143790849672,0.9052287581699346,4,68
2,select_coverage,3.0,list,0.9971264367816092,0.9962121212121212,0.996944124904504,0.9939068662699744,1,0.9540229885057472,0.9526143790849672,0.9526143790849672,0.9052287581699346,4,68
2,select_coverage,4.0,majority,1.0,1.0,1.0,1.0,0,0.9540229885057472,0.9526143790849672,0.9526143790849672,0.9052287581699346,4,68
2,select_coverage,4.0,cmar,0.985632183908046,0.988425925925926,0.984851518765834,0.9701547940468074,5,0.9540229885057472,0.9526143790849672,0.9526143790849672,0.9052287581699346,4,68
2,select_coverage,4.0,top_k_avg,0.9942528735632185,0.9924242424242424,0.9938790586414324,0.987832565594008,2,0.9540229885057472,0.9526143790849672,0.9526143790849672,0.9052287581699346,4,68
2,select_coverage,4.0,list,1.0,1.0,1.0,1.0,0,0.9540229885057472,0.9526143790849672,0.9526143790849672,0.9052287581699346,4,68
2,select_coverage_CBA_M1,,majority,0.9942528735632185,0.9953703703703703,0.9939150201084106,0.9879036215673088,2,0.942528735632184,0.94281045751634,0.9410009494100094,0.8822635531475312,5,68
2,select_coverage_CBA_M1,,cmar,0.9942528735632185,0.9953703703703703,0.9939150201084106,0.9879036215673088,2,0.942528735632184,0.94281045751634,0.9410009494100094,0.8822635531475312,5,68
2,select_coverage_CBA_M1,,top_k_avg,0.9942528735632185,0.9953703703703703,0.9939150201084106,0.9879036215673088,2,0.942528735632184,0.94281045751634,0.9410009494100094,0.8822635531475312,5,68
2,select_coverage_CBA_M1,,list,0.9942528735632185,0.9953703703703703,0.9939150201084106,0.9879036215673088,2,0.942528735632184,0.94281045751634,0.9410009494100094,0.8822635531475312,5,68
1,select_coverage,1.0,majority,0.9971264367816092,0.9976744186046512,0.9969618396584689,0.9939420812161128,1,0.9310344827586208,0.9376373626373626,0.9294594594594594,0.8630325178093121,6,74
1,select_coverage,1.0,cmar,0.985632183908046,0.9855044588214724,0.9848091982923444,0.9696365619790104,5,0.9310344827586208,0.9376373626373626,0.9294594594594594,0.8630325178093121,6,74
1,select_coverage,1.0,top_k_avg,0.9913793103448276,0.9887218045112782,0.9908323747135116,0.981831222860017,3,0.9080459770114944,0.8950549450549451,0.9023569023569024,0.8089996461103643,8,74
1,select_coverage,1.0,list,1.0,1.0,1.0,1.0,0,0.896551724137931,0.8947802197802197,0.8929303979215096,0.7861125609059652,9,74
1,select_coverage,2.0,majority,0.9942528735632185,0.9939150201084106,0.9939150201084106,0.9878300402168212,2,0.9310344827586208,0.932967032967033,0.928921568627451,0.8588842818926248,6,74
1,select_coverage,2.0,cmar,0.9770114942528736,0.9785277146354258,0.9757955138236828,0.9518765558144052,8,0.9195402298850576,0.928021978021978,0.917979797979798,0.8422729138734891,7,74
1,select_coverage,2.0,top_k_avg,0.985632183908046,0.981203007518797,0.9846743295019156,0.9698108841725108,5,0.9540229885057472,0.952197802197802,0.952197802197802,0.9043956043956044,4,74
1,select_coverage,2.0,list,0.9971264367816092,0.9962406015037594,0.9969531147397452,0.9939247369007498,1,0.9080459770114944,0.9043956043956044,0.9043956043956044,0.8087912087912088,8,74
1,select_coverage,3.0,majority,0.9942528735632185,0.9939150201084106,0.9939150201084106,0.9878300402168212,2,0.9195402298850576,0.9233516483516484,0.9174013291740132,0.8370995460259892,7,74
1,select_coverage,3.0,cmar,0.9798850574712644,0.9808532960307744,0.9787921262721676,0.9577458057128688,7,0.9195402298850576,0.928021978021978,0.917979797979798,0.8422729138734891,7,74
1,select_coverage,3.0,top_k_avg,0.985632183908046,0.981203007518797,0.9846743295019156,0.9698108841725108,5,0.9540229885057472,0.952197802197802,0.952197802197802,0.9043956043956044,4,74
1,select_coverage,3.0,list,0.9971264367816092,0.9962406015037594,0.9969531147397452,0.9939247369007498,1,0.9080459770114944,0.9043956043956044,0.9043956043956044,0.8087912087912088,8,74
1,select_coverage,4.0,majority,0.9971264367816092,0.9976744186046512,0.9969618396584689,0.9939420812161128,1,0.9310344827586208,0.9376373626373626,0.9294594594594594,0.8630325178093121,6,74
1,select_coverage,4.0,cmar,0.9827586206896552,0.9846126945270152,0.9818466353677622,0.9639806608103276,6,0.9195402298850576,0.928021978021978,0.917979797979798,0.8422729138734891,7,74
1,select_coverage,4.0,top_k_avg,0.9885057471264368,0.9849624060150376,0.9877581172828648,0.9758121183656004,4,0.942528735632184,0.9425824175824176,0.940516887734172,0.881299468072032,5,74
1,select_coverage,4.0,list,1.0,1.0,1.0,1.0,0,0.9080459770114944,0.9043956043956044,0.9043956043956044,0.8087912087912088,8,74
1,select_coverage_CBA_M1,,majority,0.9942528735632185,0.9953488372093025,0.9939322081182872,0.9879375849893683,2,0.9310344827586208,0.9376373626373626,0.9294594594594594,0.8630325178093121,6,74
1,select_coverage_CBA_M1,,cmar,0.9942528735632185,0.9953488372093025,0.9939322081182872,0.9879375849893683,2,0.9195402298850576,0.928021978021978,0.917979797979798,0.8422729138734891,7,74
1,select_coverage_CBA_M1,,top_k_avg,0.9942528735632185,0.9953488372093025,0.9939322081182872,0.9879375849893683,2,0.8850574712643678,0.8851648351648351,0.8815359477124183,0.7640582253892513,10,74
1,select_coverage_CBA_M1,,list,0.9942528735632185,0.9953488372093025,0.9939322081182872,0.9879375849893683,2,0.8850574712643678,0.8851648351648351,0.8815359477124183,0.7640582253892513,10,74
2,select_coverage,1.0,majority,0.9971264367816092,0.9976744186046512,0.9969618396584689,0.9939420812161128,1,0.9310344827586208,0.9376373626373626,0.9294594594594594,0.8630325178093121,6,74
2,select_coverage,1.0,cmar,0.985632183908046,0.9855044588214724,0.9848091982923444,0.9696365619790104,5,0.9310344827586208,0.9376373626373626,0.9294594594594594,0.8630325178093121,6,74
2,select_coverage,1.0,top_k_avg,0.9913793103448276,0.9887218045112782,0.9908323747135116,0.981831222860017,3,0.9080459770114944,0.8950549450549451,0.9023569023569024,0.8089996461103643,8,74
2,select_coverage,1.0,list,1.0,1.0,1.0,1.0,0,0.9080459770114944,0.909065934065934,0.9052287581699344,0.811471253640938,8,74
2,select_coverage,2.0,majority,0.9942528735632185,0.9939150201084106,0.9939150201084106,0.9878300402168212,2,0.9310344827586208,0.932967032967033,0.928921568627451,0.8588842818926248,6,74
2,select_coverage,2.0,cmar,0.9770114942528736,0.9785277146354258,0.9757955138236828,0.9518765558144052,8,0.9195402298850576,0.928021978021978,0.917979797979798,0.8422729138734891,7,74
2,select_coverage,2.0,top_k_avg,0.985632183908046,0.981203007518797,0.9846743295019156,0.9698108841725108,5,0.9540229885057472,0.952197802197802,0.952197802197802,0.9043956043956044,4,74
2,select_coverage,2.0,list,0.9971264367816092,0.9962406015037594,0.9969531147397452,0.9939247369007498,1,0.9195402298850576,0.9186813186813187,0.9167236428278408,0.8337060144889986,7,74
2,select_coverage,3.0,majority,0.9942528735632185,0.9939150201084106,0.9939150201084106,0.9878300402168212,2,0.9195402298850576,0.9233516483516484,0.9174013291740132,0.8370995460259892,7,74
2,select_coverage,3.0,cmar,0.9798850574712644,0.9808532960307744,0.9787921262721676,0.9577458057128688,7,0.9195402298850576,0.928021978021978,0.917979797979798,0.8422729138734891,7,74
2,select_coverage,3.0,top_k_avg,0.985632183908046,0.981203007518797,0.9846743295019156,0.9698108841725108,5,0.9540229885057472,0.952197802197802,0.952197802197802,0.9043956043956044,4,74
2,select_coverage,3.0,list,0.9971264367816092,0.9962406015037594,0.9969531147397452,0.9939247369007498,1,0.9195402298850576,0.9186813186813187,0.9167236428278408,0.8337060144889986,7,74
2,select_coverage,4.0,majority,0.9971264367816092,0.9976744186046512,0.9969618396584689,0.9939420812161128,1,0.9310344827586208,0.9376373626373626,0.9294594594594594,0.8630325178093121,6,74
2,select_coverage,4.0,cmar,0.9827586206896552,0.9846126945270152,0.9818466353677622,0.9639806608103276,6,0.9195402298850576,0.928021978021978,0.917979797979798,0.8422729138734891,7,74
2,select_coverage,4.0,top_k_avg,0.9885057471264368,0.9849624060150376,0.9877581172828648,0.9758121183656004,4,0.942528735632184,0.9425824175824176,0.940516887734172,0.881299468072032,5,74
2,select_coverage,4.0,list,1.0,1.0,1.0,1.0,0,0.9195402298850576,0.9186813186813187,0.9167236428278408,0.8337060144889986,7,74
2,select_coverage_CBA_M1,,majority,0.9942528735632185,0.9953488372093025,0.9939322081182872,0.9879375849893683,2,0.9310344827586208,0.9376373626373626,0.9294594594594594,0.8630325178093121,6,74
2,select_coverage_CBA_M1,,cmar,0.9942528735632185,0.9953488372093025,0.9939322081182872,0.9879375849893683,2,0.9195402298850576,0.928021978021978,0.917979797979798,0.8422729138734891,7,74
2,select_coverage_CBA_M1,,top_k_avg,0.9942528735632185,0.9953488372093025,0.9939322081182872,0.9879375849893683,2,0.8850574712643678,0.8851648351648351,0.8815359477124183,0.7640582253892513,10,74
2,select_coverage_CBA_M1,,list,0.9942528735632185,0.9953488372093025,0.9939322081182872,0.9879375849893683,2,0.896551724137931,0.8994505494505494,0.893801708938017,0.7898395456987595,9,74
1,select_coverage,1.0,majority,0.9971264367816092,0.9976851851851852,0.9969531147397452,0.9939247369007498,1,0.9195402298850576,0.9272875816993464,0.9184629803186504,0.8431711940321954,7,76
1,select_coverage,1.0,cmar,0.9942528735632185,0.9953703703703703,0.9939150201084106,0.9879036215673088,2,0.9195402298850576,0.9272875816993464,0.9184629803186504,0.8431711940321954,7,76
1,select_coverage,1.0,top_k_avg,0.9971264367816092,0.9976851851851852,0.9969531147397452,0.9939247369007498,1,0.9195402298850576,0.9272875816993464,0.9184629803186504,0.8431711940321954,7,76
1,select_coverage,1.0,list,0.9971264367816092,0.9976851851851852,0.9969531147397452,0.9939247369007498,1,0.9195402298850576,0.9272875816993464,0.9184629803186504,0.8431711940321954,7,76
1,select_coverage,2.0,majority,0.9971264367816092,0.9976851851851852,0.9969531147397452,0.9939247369007498,1,0.9310344827586208,0.9411764705882352,0.9302884615384616,0.8696565534786725,6,76
1,select_coverage,2.0,cmar,0.9942528735632185,0.9953703703703703,0.9939150201084106,0.9879036215673088,2,0.9195402298850576,0.9272875816993464,0.9184629803186504,0.8431711940321954,7,76
1,select_coverage,2.0,top_k_avg,0.9971264367816092,0.9976851851851852,0.9969531147397452,0.9939247369007498,1,0.9195402298850576,0.9272875816993464,0.9184629803186504,0.8431711940321954,7,76
1,select_coverage,2.0,list,0.9971264367816092,0.9976851851851852,0.9969531147397452,0.9939247369007498,1,0.9195402298850576,0.9272875816993464,0.9184629803186504,0.8431711940321954,7,76
1,select_coverage,3.0,majority,0.9971264367816092,0.9976851851851852,0.9969531147397452,0.9939247369007498,1,0.942528735632184,0.9509803921568628,0.9417592716561788,0.8899244724775752,5,76
1,select_coverage,3.0,cmar,0.9942528735632185,0.9953703703703703,0.9939150201084106,0.9879036215673088,2,0.942528735632184,0.9509803921568628,0.9417592716561788,0.8899244724775752,5,76
1,select_coverage,3.0,top_k_avg,0.9942528735632185,0.9953703703703703,0.9939150201084106,0.9879036215673088,2,0.9310344827586208,0.937091503267974,0.9299140708915146,0.8638926393262182,6,76
1,select_coverage,3.0,list,0.9971264367816092,0.9976851851851852,0.9969531147397452,0.9939247369007498,1,0.9310344827586208,0.937091503267974,0.9299140708915146,0.8638926393262182,6,76
1,select_coverage,4.0,majority,0.9971264367816092,0.9976851851851852,0.9969531147397452,0.9939247369007498,1,0.942528735632184,0.9509803921568628,0.9417592716561788,0.8899244724775752,5,76
1,select_coverage,4.0,cmar,0.9942528735632185,0.9953703703703703,0.9939150201084106,0.9879036215673088,2,0.942528735632184,0.9509803921568628,0.9417592716561788,0.8899244724775752,5,76
1,select_coverage,4.0,top_k_avg,0.9942528735632185,0.9953703703703703,0.9939150201084106,0.9879036215673088,2,0.9310344827586208,0.937091503267974,0.9299140708915146,0.8638926393262182,6,76
1,select_coverage,4.0,list,0.9971264367816092,0.9976851851851852,0.9969531147397452,0.9939247369007498,1,0.9310344827586208,0.937091503267974,0.9299140708915146,0.8638926393262182,6,76
1,select_coverage_CBA_M1,,majority,0.9971264367816092,0.9976851851851852,0.9969531147397452,0.9939247369007498,1,0.9195402298850576,0.9272875816993464,0.9184629803186504,0.8431711940321954,7,76
1,select_coverage_CBA_M1,,cmar,0.9971264367816092,0.9976851851851852,0.9969531147397452,0.9939247369007498,1,0.9195402298850576,0.9272875816993464,0.9184629803186504,0.8431711940321954,7,76
1,select_coverage_CBA_M1,,top_k_avg,0.9971264367816092,0.9976851851851852,0.9969531147397452,0.9939247369007498,1,0.9195402298850576,0.9272875816993464,0.9184629803186504,0.8431711940321954,7,76
1,select_coverage_CBA_M1,,list,0.9971264367816092,0.9976851851851852,0.9969531147397452,0.9939247369007498,1,0.9195402298850576,0.9272875816993464,0.9184629803186504,0.8431711940321954,7,76
2,select_coverage,1.0,majority,0.9971264367816092,0.9976851851851852,0.9969531147397452,0.9939247369007498,1,0.9195402298850576,0.9272875816993464,0.9184629803186504,0.8431711940321954,7,76
2,select_coverage,1.0,cmar,0.9942528735632185,0.9953703703703703,0.9939150201084106,0.9879036215673088,2,0.9195402298850576,0.9272875816993464,0.9184629803186504,0.8431711940321954,7,76
2,select_coverage,1.0,top_k_avg,0.9971264367816092,0.9976851851851852,0.9969531147397452,0.9939247369007498,1,0.9195402298850576,0.9272875816993464,0.9184629803186504,0.8431711940321954,7,76
2,select_coverage,1.0,list,0.9971264367816092,0.9976851851851852,0.9969531147397452,0.9939247369007498,1,0.9195402298850576,0.9272875816993464,0.9184629803186504,0.8431711940321954,7,76
2,select_coverage,2.0,majority,0.9971264367816092,0.9976851851851852,0.9969531147397452,0.9939247369007498,1,0.9310344827586208,0.9411764705882352,0.9302884615384616,0.8696565534786725,6,76
2,select_coverage,2.0,cmar,0.9942528735632185,0.9953703703703703,0.9939150201084106,0.9879036215673088,2,0.9195402298850576,0.9272875816993464,0.9184629803186504,0.8431711940321954,7,76
2,select_coverage,2.0,top_k_avg,0.9971264367816092,0.9976851851851852,0.9969531147397452,0.9939247369007498,1,0.9195402298850576,0.9272875816993464,0.9184629803186504,0.8431711940321954,7,76
2,select_coverage,2.0,list,0.9971264367816092,0.9976851851851852,0.9969531147397452,0.9939247369007498,1,0.9195402298850576,0.9272875816993464,0.9184629803186504,0.8431711940321954,7,76
2,select_coverage,3.0,majority,0.9971264367816092,0.9976851851851852,0.9969531147397452,0.9939247369007498,1,0.942528735632184,0.9509803921568628,0.9417592716561788,0.8899244724775752,5,76
2,select_coverage,3.0,cmar,0.9942528735632185,0.9953703703703703,0.9939150201084106,0.9879036215673088,2,0.942528735632184,0.9509803921568628,0.9417592716561788,0.8899244724775752,5,76
2,select_coverage,3.0,top_k_avg,0.9942528735632185,0.9953703703703703,0.9939150201084106,0.9879036215673088,2,0.9310344827586208,0.937091503267974,0.9299140708915146,0.8638926393262182,6,76
2,select_coverage,3.0,list,0.9971264367816092,0.9976851851851852,0.9969531147397452,0.9939247369007498,1,0.9310344827586208,0.937091503267974,0.9299140708915146,0.8638926393262182,6,76
2,select_coverage,4.0,majority,0.9971264367816092,0.9976851851851852,0.9969531147397452,0.9939247369007498,1,0.942528735632184,0.9509803921568628,0.9417592716561788,0.8899244724775752,5,76
2,select_coverage,4.0,cmar,0.9942528735632185,0.9953703703703703,0.9939150201084106,0.9879036215673088,2,0.942528735632184,0.9509803921568628,0.9417592716561788,0.8899244724775752,5,76
2,select_coverage,4.0,top_k_avg,0.9942528735632185,0.9953703703703703,0.9939150201084106,0.9879036215673088,2,0.9310344827586208,0.937091503267974,0.9299140708915146,0.8638926393262182,6,76
2,select_coverage,4.0,list,0.9971264367816092,0.9976851851851852,0.9969531147397452,0.9939247369007498,1,0.9310344827586208,0.937091503267974,0.9299140708915146,0.8638926393262182,6,76
2,select_coverage_CBA_M1,,majority,0.9971264367816092,0.9976851851851852,0.9969531147397452,0.9939247369007498,1,0.9195402298850576,0.9272875816993464,0.9184629803186504,0.8431711940321954,7,76
2,select_coverage_CBA_M1,,cmar,0.9971264367816092,0.9976851851851852,0.9969531147397452,0.9939247369007498,1,0.9195402298850576,0.9272875816993464,0.9184629803186504,0.8431711940321954,7,76
2,select_coverage_CBA_M1,,top_k_avg,0.9971264367816092,0.9976851851851852,0.9969531147397452,0.9939247369007498,1,0.9195402298850576,0.9272875816993464,0.9184629803186504,0.8431711940321954,7,76
2,select_coverage_CBA_M1,,list,0.9971264367816092,0.9976851851851852,0.9969531147397452,0.9939247369007498,1,0.9195402298850576,0.9272875816993464,0.9184629803186504,0.8431711940321954,7,76
1,select_coverage,1.0,majority,1.0,1.0,1.0,1.0,0,0.9195402298850576,0.923202614379085,0.917979797979798,0.8382272086732496,7,100
1,select_coverage,1.0,cmar,0.9798850574712644,0.9808501683501684,0.978732877609282,0.95762819277712,7,0.9195402298850576,0.923202614379085,0.917979797979798,0.8382272086732496,7,100
1,select_coverage,1.0,top_k_avg,0.9913793103448276,0.9886363636363636,0.9908045977011496,0.9817766699401927,3,0.896551724137931,0.8913398692810457,0.8929303979215096,0.7861125609059652,9,100
1,select_coverage,1.0,list,1.0,1.0,1.0,1.0,0,0.9080459770114944,0.909313725490196,0.905945945945946,0.8128919145091128,8,100
1,select_coverage,2.0,majority,0.9971264367816092,0.9962121212121212,0.996944124904504,0.9939068662699744,1,0.942528735632184,0.94281045751634,0.9410009494100094,0.8822635531475312,5,100
1,select_coverage,2.0,cmar,0.9683908045977012,0.9730639730639732,0.966851115787286,0.9351235249668888,11,0.9195402298850576,0.9272875816993464,0.9184629803186504,0.8431711940321954,7,100
1,select_coverage,2.0,top_k_avg,0.985632183908046,0.981060606060606,0.9846266665488634,0.9697183941140723,5,0.9540229885057472,0.9485294117647058,0.952197802197802,0.905482095872154,4,100
1,select_coverage,2.0,list,0.9971264367816092,0.9962121212121212,0.996944124904504,0.9939068662699744,1,0.942528735632184,0.9387254901960784,0.940516887734172,0.881299468072032,5,100
1,select_coverage,3.0,majority,0.9971264367816092,0.9962121212121212,0.996944124904504,0.9939068662699744,1,0.9310344827586208,0.9330065359477124,0.9294594594594594,0.8599455383030534,6,100
1,select_coverage,3.0,cmar,0.9741379310344828,0.9776936026936028,0.9728065986542218,0.9464827841859036,9,0.9195402298850576,0.9272875816993464,0.9184629803186504,0.8431711940321954,7,100
1,select_coverage,3.0,top_k_avg,0.9885057471264368,0.9848484848484848,0.9877205363443896,0.9757387538180902,4,0.9540229885057472,0.9485294117647058,0.952197802197802,0.905482095872154,4,100
1,select_coverage,3.0,list,0.9971264367816092,0.9962121212121212,0.996944124904504,0.9939068662699744,1,0.942528735632184,0.9387254901960784,0.940516887734172,0.881299468072032,5,100
1,select_coverage,4.0,majority,1.0,1.0,1.0,1.0,0,0.942528735632184,0.94281045751634,0.9410009494100094,0.8822635531475312,5,100
1,select_coverage,4.0,cmar,0.9827586206896552,0.9861111111111112,0.9818466353677622,0.9643400286316316,6,0.9310344827586208,0.937091503267974,0.9299140708915146,0.8638926393262182,6,100
1,select_coverage,4.0,top_k_avg,0.9942528735632185,0.9924242424242424,0.9938790586414324,0.987832565594008,2,0.942528735632184,0.9387254901960784,0.940516887734172,0.881299468072032,5,100
1,select_coverage,4.0,list,1.0,1.0,1.0,1.0,0,0.9310344827586208,0.9248366013071896,0.9282967032967032,0.8576515297878324,6,100
1,select_coverage_CBA_M1,,majority,0.9942528735632185,0.9924242424242424,0.9938790586414324,0.987832565594008,2,0.9195402298850576,0.923202614379085,0.917979797979798,0.8382272086732496,7,100
1,select_coverage_CBA_M1,,cmar,0.9942528735632185,0.9924242424242424,0.9938790586414324,0.987832565594008,2,0.9195402298850576,0.923202614379085,0.917979797979798,0.8382272086732496,7,100
1,select_coverage_CBA_M1,,top_k_avg,0.9942528735632185,0.9924242424242424,0.9938790586414324,0.987832565594008,2,0.896551724137931,0.8954248366013071,0.893801708938017,0.7878515862055445,9,100
1,select_coverage_CBA_M1,,list,0.9942528735632185,0.9924242424242424,0.9938790586414324,0.987832565594008,2,0.9080459770114944,0.909313725490196,0.905945945945946,0.8128919145091128,8,100
2,select_coverage,1.0,majority,1.0,1.0,1.0,1.0,0,0.9195402298850576,0.923202614379085,0.917979797979798,0.8382272086732496,7,100
2,select_coverage,1.0,cmar,0.9798850574712644,0.9808501683501684,0.978732877609282,0.95762819277712,7,0.9195402298850576,0.923202614379085,0.917979797979798,0.8382272086732496,7,100
2,select_coverage,1.0,top_k_avg,0.9913793103448276,0.9886363636363636,0.9908045977011496,0.9817766699401927,3,0.896551724137931,0.8913398692810457,0.8929303979215096,0.7861125609059652,9,100
2,select_coverage,1.0,list,1.0,1.0,1.0,1.0,0,0.9195402298850576,0.923202614379085,0.917979797979798,0.8382272086732496,7,100
2,select_coverage,2.0,majority,0.9971264367816092,0.9962121212121212,0.996944124904504,0.9939068662699744,1,0.9310344827586208,0.9330065359477124,0.9294594594594594,0.8599455383030534,6,100
2,select_coverage,2.0,cmar,0.9683908045977012,0.9730639730639732,0.966851115787286,0.9351235249668888,11,0.9195402298850576,0.9272875816993464,0.9184629803186504,0.8431711940321954,7,100
2,select_coverage,2.0,top_k_avg,0.985632183908046,0.981060606060606,0.9846266665488634,0.9697183941140723,5,0.9540229885057472,0.9485294117647058,0.952197802197802,0.905482095872154,4,100
2,select_coverage,2.0,list,0.9971264367816092,0.9962121212121212,0.996944124904504,0.9939068662699744,1,0.9310344827586208,0.9330065359477124,0.9294594594594594,0.8599455383030534,6,100
2,select_coverage,3.0,majority,0.9971264367816092,0.9962121212121212,0.996944124904504,0.9939068662699744,1,0.9195402298850576,0.923202614379085,0.917979797979798,0.8382272086732496,7,100
2,select_coverage,3.0,cmar,0.9741379310344828,0.9776936026936028,0.9728065986542218,0.9464827841859036,9,0.9195402298850576,0.9272875816993464,0.9184629803186504,0.8431711940321954,7,100
2,select_coverage,3.0,top_k_avg,0.9885057471264368,0.9848484848484848,0.9877205363443896,0.9757387538180902,4,0.9540229885057472,0.9485294117647058,0.952197802197802,0.905482095872154,4,100
2,select_coverage,3.0,list,0.9971264367816092,0.9962121212121212,0.996944124904504,0.9939068662699744,1,0.9310344827586208,0.9330065359477124,0.9294594594594594,0.8599455383030534,6,100
2,select_coverage,4.0,majority,1.0,1.0,1.0,1.0,0,0.942528735632184,0.94281045751634,0.9410009494100094,0.8822635531475312,5,100
2,select_coverage,4.0,cmar,0.9827586206896552,0.9861111111111112,0.9818466353677622,0.9643400286316316,6,0.9310344827586208,0.937091503267974,0.9299140708915146,0.8638926393262182,6,100
2,select_coverage,4.0,top_k_avg,0.9942528735632185,0.9924242424242424,0.9938790586414324,0.987832565594008,2,0.942528735632184,0.9387254901960784,0.940516887734172,0.881299468072032,5,100
2,select_coverage,4.0,list,1.0,1.0,1.0,1.0,0,0.9310344827586208,0.9330065359477124,0.9294594594594594,0.8599455383030534,6,100
2,select_coverage_CBA_M1,,majority,0.9942528735632185,0.9924242424242424,0.9938790586414324,0.987832565594008,2,0.9195402298850576,0.923202614379085,0.917979797979798,0.8382272086732496,7,100
2,select_coverage_CBA_M1,,cmar,0.9942528735632185,0.9924242424242424,0.9938790586414324,0.987832565594008,2,0.9195402298850576,0.923202614379085,0.917979797979798,0.8382272086732496,7,100
2,select_coverage_CBA_M1,,top_k_avg,0.9942528735632185,0.9924242424242424,0.9938790586414324,0.987832565594008,2,0.896551724137931,0.8954248366013071,0.893801708938017,0.7878515862055445,9,100
2,select_coverage_CBA_M1,,list,0.9942528735632185,0.9924242424242424,0.9938790586414324,0.987832565594008,2,0.9195402298850576,0.923202614379085,0.917979797979798,0.8382272086732496,7,100
1,select_coverage,1.0,majority,0.9971264367816092,0.9977272727272728,0.9969155225441622,0.9938500105910332,1,0.9080459770114944,0.9074468085106384,0.9074468085106384,0.8148936170212766,8,114
1,select_coverage,1.0,cmar,0.985632183908046,0.9886363636363636,0.9846743295019156,0.9698108841725108,5,0.9080459770114944,0.909308510638298,0.9077412513255568,0.8164484955566128,8,114
1,select_coverage,1.0,top_k_avg,1.0,1.0,1.0,1.0,0,0.9080459770114944,0.9037234042553192,0.9065520945220192,0.8170648140169465,8,114
1,select_coverage,1.0,list,1.0,1.0,1.0,1.0,0,0.896551724137931,0.8949468085106382,0.8956695536309127,0.7915796245255391,9,114
1,select_coverage,2.0,majority,0.9971264367816092,0.9977272727272728,0.9969155225441622,0.9938500105910332,1,0.9080459770114944,0.9074468085106384,0.9074468085106384,0.8148936170212766,8,114
1,select_coverage,2.0,cmar,0.9741379310344828,0.9795454545454544,0.9725780326577068,0.9466176297538776,9,0.896551724137931,0.9005319148936171,0.8964970257766027,0.798941802669434,9,114
1,select_coverage,2.0,top_k_avg,0.9942528735632185,0.9921875,0.9938005486870702,0.9876774558309795,2,0.9195402298850576,0.9162234042553192,0.9184629803186504,0.839169233751581,7,114
1,select_coverage,2.0,list,1.0,1.0,1.0,1.0,0,0.896551724137931,0.8949468085106382,0.8956695536309127,0.7915796245255391,9,114
1,select_coverage,3.0,majority,0.9971264367816092,0.9977272727272728,0.9969155225441622,0.9938500105910332,1,0.9195402298850576,0.9199468085106384,0.9191557148546396,0.8385565608001486,7,114
1,select_coverage,3.0,cmar,0.985632183908046,0.9886363636363636,0.9846743295019156,0.9698108841725108,5,0.9195402298850576,0.9218085106382978,0.9193697868396664,0.8409374474731921,7,114
1,select_coverage,3.0,top_k_avg,0.9942528735632185,0.9921875,0.9938005486870702,0.9876774558309795,2,0.942528735632184,0.9412234042553193,0.9420386409060626,0.8843303684093397,5,114
1,select_coverage,3.0,list,1.0,1.0,1.0,1.0,0,0.896551724137931,0.8949468085106382,0.8956695536309127,0.7915796245255391,9,114
1,select_coverage,4.0,majority,0.9971264367816092,0.9977272727272728,0.9969155225441622,0.9938500105910332,1,0.9195402298850576,0.9199468085106384,0.9191557148546396,0.8385565608001486,7,114
1,select_coverage,4.0,cmar,0.985632183908046,0.9886363636363636,0.9846743295019156,0.9698108841725108,5,0.9195402298850576,0.9218085106382978,0.9193697868396664,0.8409374474731921,7,114
1,select_coverage,4.0,top_k_avg,1.0,1.0,1.0,1.0,0,0.9195402298850576,0.9199468085106384,0.9191557148546396,0.8385565608001486,7,114
1,select_coverage,4.0,list,1.0,1.0,1.0,1.0,0,0.9080459770114944,0.9055851063829788,0.907051282051282,0.8150815839142337,8,114
1,select_coverage_CBA_M1,,majority,0.9971264367816092,0.9977272727272728,0.9969155225441622,0.9938500105910332,1,0.9195402298850576,0.9199468085106384,0.9191557148546396,0.8385565608001486,7,114
1,select_coverage_CBA_M1,,cmar,0.9971264367816092,0.9977272727272728,0.9969155225441622,0.9938500105910332,1,0.9310344827586208,0.9324468085106384,0.9308059384941676,0.8626025040773571,6,114
1,select_coverage_CBA_M1,,top_k_avg,0.9971264367816092,0.9977272727272728,0.9969155225441622,0.9938500105910332,1,0.896551724137931,0.8949468085106382,0.8956695536309127,0.7915796245255391,9,114
1,select_coverage_CBA_M1,,list,0.9971264367816092,0.9977272727272728,0.9969155225441622,0.9938500105910332,1,0.9080459770114944,0.9074468085106384,0.9074468085106384,0.8148936170212766,8,114
2,select_coverage,1.0,majority,0.9971264367816092,0.9977272727272728,0.9969155225441622,0.9938500105910332,1,0.9080459770114944,0.9074468085106384,0.9074468085106384,0.8148936170212766,8,114
2,select_coverage,1.0,cmar,0.985632183908046,0.9886363636363636,0.9846743295019156,0.9698108841725108,5,0.9080459770114944,0.909308510638298,0.9077412513255568,0.8164484955566128,8,114
2,select_coverage,1.0,top_k_avg,1.0,1.0,1.0,1.0,0,0.9080459770114944,0.9037234042553192,0.9065520945220192,0.8170648140169465,8,114
2,select_coverage,1.0,list,1.0,1.0,1.0,1.0,0,0.9080459770114944,0.909308510638298,0.9077412513255568,0.8164484955566128,8,114
2,select_coverage,2.0,majority,0.9971264367816092,0.9977272727272728,0.9969155225441622,0.9938500105910332,1,0.9195402298850576,0.9199468085106384,0.9191557148546396,0.8385565608001486,7,114
2,select_coverage,2.0,cmar,0.9741379310344828,0.9795454545454544,0.9725780326577068,0.9466176297538776,9,0.896551724137931,0.9005319148936171,0.8964970257766027,0.798941802669434,9,114
2,select_coverage,2.0,top_k_avg,0.9942528735632185,0.9921875,0.9938005486870702,0.9876774558309795,2,0.9195402298850576,0.9162234042553192,0.9184629803186504,0.839169233751581,7,114
2,select_coverage,2.0,list,1.0,1.0,1.0,1.0,0,0.9080459770114944,0.909308510638298,0.9077412513255568,0.8164484955566128,8,114
2,select_coverage,3.0,majority,0.9971264367816092,0.9977272727272728,0.9969155225441622,0.9938500105910332,1,0.9195402298850576,0.9199468085106384,0.9191557148546396,0.8385565608001486,7,114
2,select_coverage,3.0,cmar,0.985632183908046,0.9886363636363636,0.9846743295019156,0.9698108841725108,5,0.9195402298850576,0.9218085106382978,0.9193697868396664,0.8409374474731921,7,114
2,select_coverage,3.0,top_k_avg,0.9942528735632185,0.9921875,0.9938005486870702,0.9876774558309795,2,0.942528735632184,0.9412234042553193,0.9420386409060626,0.8843303684093397,5,114
2,select_coverage,3.0,list,1.0,1.0,1.0,1.0,0,0.9080459770114944,0.909308510638298,0.9077412513255568,0.8164484955566128,8,114
2,select_coverage,4.0,majority,0.9971264367816092,0.9977272727272728,0.9969155225441622,0.9938500105910332,1,0.9195402298850576,0.9199468085106384,0.9191557148546396,0.8385565608001486,7,114
2,select_coverage,4.0,cmar,0.985632183908046,0.9886363636363636,0.9846743295019156,0.9698108841725108,5,0.9195402298850576,0.9218085106382978,0.9193697868396664,0.8409374474731921,7,114
2,select_coverage,4.0,top_k_avg,1.0,1.0,1.0,1.0,0,0.9195402298850576,0.9199468085106384,0.9191557148546396,0.8385565608001486,7,114
2,select_coverage,4.0,list,1.0,1.0,1.0,1.0,0,0.9080459770114944,0.909308510638298,0.9077412513255568,0.8164484955566128,8,114
2,select_coverage_CBA_M1,,majority,0.9971264367816092,0.9977272727272728,0.9969155225441622,0.9938500105910332,1,0.9195402298850576,0.9199468085106384,0.9191557148546396,0.8385565608001486,7,114
2,select_coverage_CBA_M1,,cmar,0.9971264367816092,0.9977272727272728,0.9969155225441622,0.9938500105910332,1,0.9310344827586208,0.9324468085106384,0.9308059384941676,0.8626025040773571,6,114
2,select_coverage_CBA_M1,,top_k_avg,0.9971264367816092,0.9977272727272728,0.9969155225441622,0.9938500105910332,1,0.896551724137931,0.8949468085106382,0.8956695536309127,0.7915796245255391,9,114
2,select_coverage_CBA_M1,,list,0.9971264367816092,0.9977272727272728,0.9969155225441622,0.9938500105910332,1,0.9195402298850576,0.9218085106382978,0.9193697868396664,0.8409374474731921,7,114
1,select_coverage,1.0,majority,1.0,1.0,1.0,1.0,0,0.9655172413793104,0.9604377104377104,0.9631616090331688,0.9266130179487766,3,133
1,select_coverage,1.0,cmar,0.9770114942528736,0.9771517996870108,0.9758601553829078,0.951791312859752,8,0.9655172413793104,0.9604377104377104,0.9631616090331688,0.9266130179487766,3,133
1,select_coverage,1.0,top_k_avg,1.0,1.0,1.0,1.0,0,0.9655172413793104,0.9545454545454546,0.9626769626769628,0.928032337334619,3,133
1,select_coverage,1.0,list,1.0,1.0,1.0,1.0,0,0.9540229885057472,0.9452861952861952,0.9505681818181818,0.9022943054967087,4,133
1,select_coverage,2.0,majority,0.9971264367816092,0.9962962962962962,0.9969703037531668,0.9939589073244612,1,0.9770114942528736,0.9755892255892256,0.9755892255892256,0.9511784511784512,2,133
1,select_coverage,2.0,cmar,0.9683908045977012,0.9714658320292122,0.967017912685352,0.9348870055925296,11,0.9655172413793104,0.9663299663299664,0.9635932487097224,0.927469798138968,3,133
1,select_coverage,2.0,top_k_avg,0.9827586206896552,0.977777777777778,0.9816919191919192,0.9640414676214708,6,0.9655172413793104,0.9545454545454546,0.9626769626769628,0.928032337334619,3,133
1,select_coverage,2.0,list,0.9971264367816092,0.9962962962962962,0.9969703037531668,0.9939589073244612,1,0.9540229885057472,0.9452861952861952,0.9505681818181818,0.9022943054967087,4,133
1,select_coverage,3.0,majority,0.9971264367816092,0.9962962962962962,0.9969703037531668,0.9939589073244612,1,0.9770114942528736,0.9755892255892256,0.9755892255892256,0.9511784511784512,2,133
1,select_coverage,3.0,cmar,0.971264367816092,0.973813249869588,0.9699792960662524,0.9405873939241904,10,0.9655172413793104,0.9663299663299664,0.9635932487097224,0.927469798138968,3,133
1,select_coverage,3.0,top_k_avg,0.985632183908046,0.9814814814814814,0.984765573698726,0.9699879671794835,5,0.9770114942528736,0.9696969696969696,0.975284090909091,0.9517584545693072,2,133
1,select_coverage,3.0,list,0.9971264367816092,0.9962962962962962,0.9969703037531668,0.9939589073244612,1,0.9540229885057472,0.9452861952861952,0.9505681818181818,0.9022943054967087,4,133
1,select_coverage,4.0,majority,0.9971264367816092,0.9962962962962962,0.9969703037531668,0.9939589073244612,1,0.9655172413793104,0.9663299663299664,0.9635932487097224,0.927469798138968,3,133
1,select_coverage,4.0,cmar,0.9798850574712644,0.9822117892540428,0.978959188080328,0.9583603119961808,7,0.9770114942528736,0.9755892255892256,0.9755892255892256,0.9511784511784512,2,133
1,select_coverage,4.0,top_k_avg,0.9885057471264368,0.9851851851851852,0.9878300402168212,0.9759525392840432,4,0.9885057471264368,0.9848484848484848,0.9877205363443896,0.9757387538180902,1,133
1,select_coverage,4.0,list,1.0,1.0,1.0,1.0,0,0.9540229885057472,0.9452861952861952,0.9505681818181818,0.9022943054967087,4,133
1,select_coverage_CBA_M1,,majority,0.9942528735632185,0.9925925925925926,0.9939322081182872,0.9879375849893683,2,0.9540229885057472,0.9452861952861952,0.9505681818181818,0.9022943054967087,4,133
1,select_coverage_CBA_M1,,cmar,0.9942528735632185,0.9925925925925926,0.9939322081182872,0.9879375849893683,2,0.9540229885057472,0.9452861952861952,0.9505681818181818,0.9022943054967087,4,133
1,select_coverage_CBA_M1,,top_k_avg,0.9942528735632185,0.9925925925925926,0.9939322081182872,0.9879375849893683,2,0.9310344827586208,0.914983164983165,0.924827188940092,0.8542821429703302,6,133
1,select_coverage_CBA_M1,,list,0.9942528735632185,0.9925925925925926,0.9939322081182872,0.9879375849893683,2,0.942528735632184,0.93013468013468,0.9377949377949376,0.878193563662945,5,133
2,select_coverage,1.0,majority,1.0,1.0,1.0,1.0,0,0.9655172413793104,0.9604377104377104,0.9631616090331688,0.9266130179487766,3,133
2,select_coverage,1.0,cmar,0.9770114942528736,0.9771517996870108,0.9758601553829078,0.951791312859752,8,0.9655172413793104,0.9604377104377104,0.9631616090331688,0.9266130179487766,3,133
2,select_coverage,1.0,top_k_avg,1.0,1.0,1.0,1.0,0,0.9655172413793104,0.9545454545454546,0.9626769626769628,0.928032337334619,3,133
2,select_coverage,1.0,list,1.0,1.0,1.0,1.0,0,0.9540229885057472,0.9452861952861952,0.9505681818181818,0.9022943054967087,4,133
2,select_coverage,2.0,majority,0.9971264367816092,0.9962962962962962,0.9969703037531668,0.9939589073244612,1,0.9770114942528736,0.9755892255892256,0.9755892255892256,0.9511784511784512,2,133
2,select_coverage,2.0,cmar,0.9683908045977012,0.9714658320292122,0.967017912685352,0.9348870055925296,11,0.9655172413793104,0.9663299663299664,0.9635932487097224,0.927469798138968,3,133
2,select_coverage,2.0,top_k_avg,0.9827586206896552,0.977777777777778,0.9816919191919192,0.9640414676214708,6,0.9655172413793104,0.9545454545454546,0.9626769626769628,0.928032337334619,3,133
2,select_coverage,2.0,list,0.9971264367816092,0.9962962962962962,0.9969703037531668,0.9939589073244612,1,0.9540229885057472,0.9452861952861952,0.9505681818181818,0.9022943054967087,4,133
2,select_coverage,3.0,majority,0.9971264367816092,0.9962962962962962,0.9969703037531668,0.9939589073244612,1,0.9770114942528736,0.9755892255892256,0.9755892255892256,0.9511784511784512,2,133
2,select_coverage,3.0,cmar,0.971264367816092,0.973813249869588,0.9699792960662524,0.9405873939241904,10,0.9655172413793104,0.9663299663299664,0.9635932487097224,0.927469798138968,3,133
2,select_coverage,3.0,top_k_avg,0.985632183908046,0.9814814814814814,0.984765573698726,0.9699879671794835,5,0.9770114942528736,0.9696969696969696,0.975284090909091,0.9517584545693072,2,133
2,select_coverage,3.0,list,0.9971264367816092,0.9962962962962962,0.9969703037531668,0.9939589073244612,1,0.9655172413793104,0.9604377104377104,0.9631616090331688,0.9266130179487766,3,133
2,select_coverage,4.0,majority,0.9971264367816092,0.9962962962962962,0.9969703037531668,0.9939589073244612,1,0.9655172413793104,0.9663299663299664,0.9635932487097224,0.927469798138968,3,133
2,select_coverage,4.0,cmar,0.9798850574712644,0.9822117892540428,0.978959188080328,0.9583603119961808,7,0.9770114942528736,0.9755892255892256,0.9755892255892256,0.9511784511784512,2,133
2,select_coverage,4.0,top_k_avg,0.9885057471264368,0.9851851851851852,0.9878300402168212,0.9759525392840432,4,0.9885057471264368,0.9848484848484848,0.9877205363443896,0.9757387538180902,1,133
2,select_coverage,4.0,list,1.0,1.0,1.0,1.0,0,0.9655172413793104,0.9604377104377104,0.9631616090331688,0.9266130179487766,3,133
2,select_coverage_CBA_M1,,majority,0.9942528735632185,0.9925925925925926,0.9939322081182872,0.9879375849893683,2,0.9540229885057472,0.9452861952861952,0.9505681818181818,0.9022943054967087,4,133
2,select_coverage_CBA_M1,,cmar,0.9942528735632185,0.9925925925925926,0.9939322081182872,0.9879375849893683,2,0.9540229885057472,0.9452861952861952,0.9505681818181818,0.9022943054967087,4,133
2,select_coverage_CBA_M1,,top_k_avg,0.9942528735632185,0.9925925925925926,0.9939322081182872,0.9879375849893683,2,0.9310344827586208,0.914983164983165,0.924827188940092,0.8542821429703302,6,133
2,select_coverage_CBA_M1,,list,0.9942528735632185,0.9925925925925926,0.9939322081182872,0.9879375849893683,2,0.942528735632184,0.93013468013468,0.9377949377949376,0.878193563662945,5,133
1,select_coverage,1.0,majority,1.0,1.0,1.0,1.0,0,1.0,1.0,1.0,1.0,0,138
1,select_coverage,1.0,cmar,0.985632183908046,0.9844239440983098,0.9850081421297054,0.9700339841147552,5,1.0,1.0,1.0,1.0,0,138
1,select_coverage,1.0,top_k_avg,0.9971264367816092,0.9976076555023924,0.9970088445372732,0.994035527640684,1,1.0,1.0,1.0,1.0,0,138
1,select_coverage,1.0,list,1.0,1.0,1.0,1.0,0,1.0,1.0,1.0,1.0,0,138
1,select_coverage,2.0,majority,0.9971264367816092,0.9964028776978416,0.9970016284259412,0.994021181334391,1,0.9885057471264368,0.9827586206896552,0.9869545659019344,0.9742446008949096,1,138
1,select_coverage,2.0,cmar,0.985632183908046,0.9844239440983098,0.9850081421297054,0.9700339841147552,5,0.9885057471264368,0.9827586206896552,0.9869545659019344,0.9742446008949096,1,138
1,select_coverage,2.0,top_k_avg,0.9942528735632185,0.994010533200234,0.994010533200234,0.9880210664004682,2,0.9885057471264368,0.9827586206896552,0.9869545659019344,0.9742446008949096,1,138
1,select_coverage,2.0,list,0.9971264367816092,0.9964028776978416,0.9970016284259412,0.994021181334391,1,0.9885057471264368,0.9827586206896552,0.9869545659019344,0.9742446008949096,1,138
1,select_coverage,3.0,majority,0.9942528735632185,0.994010533200234,0.994010533200234,0.9880210664004682,2,0.9885057471264368,0.9827586206896552,0.9869545659019344,0.9742446008949096,1,138
1,select_coverage,3.0,cmar,0.9885057471264368,0.988021066400468,0.988021066400468,0.9760421328009364,4,0.9885057471264368,0.9827586206896552,0.9869545659019344,0.9742446008949096,1,138
1,select_coverage,3.0,top_k_avg,0.9885057471264368,0.988021066400468,0.988021066400468,0.9760421328009364,4,0.9885057471264368,0.9827586206896552,0.9869545659019344,0.9742446008949096,1,138
1,select_coverage,3.0,list,0.9971264367816092,0.9964028776978416,0.9970016284259412,0.994021181334391,1,0.9885057471264368,0.9827586206896552,0.9869545659019344,0.9742446008949096,1,138
1,select_coverage,4.0,majority,0.9942528735632185,0.994010533200234,0.994010533200234,0.9880210664004682,2,0.9885057471264368,0.9827586206896552,0.9869545659019344,0.9742446008949096,1,138
1,select_coverage,4.0,cmar,0.9885057471264368,0.988021066400468,0.988021066400468,0.9760421328009364,4,0.9885057471264368,0.9827586206896552,0.9869545659019344,0.9742446008949096,1,138
1,select_coverage,4.0,top_k_avg,0.9885057471264368,0.988021066400468,0.988021066400468,0.9760421328009364,4,0.9885057471264368,0.9827586206896552,0.9869545659019344,0.9742446008949096,1,138
1,select_coverage,4.0,list,0.9971264367816092,0.9964028776978416,0.9970016284259412,0.994021181334391,1,0.9885057471264368,0.9827586206896552,0.9869545659019344,0.9742446008949096,1,138
1,select_coverage_CBA_M1,,majority,0.9942528735632185,0.9952153110047848,0.9940247252747252,0.9881204181194057,2,1.0,1.0,1.0,1.0,0,138
1,select_coverage_CBA_M1,,cmar,0.9942528735632185,0.9952153110047848,0.9940247252747252,0.9881204181194057,2,1.0,1.0,1.0,1.0,0,138
1,select_coverage_CBA_M1,,top_k_avg,0.9942528735632185,0.9952153110047848,0.9940247252747252,0.9881204181194057,2,1.0,1.0,1.0,1.0,0,138
1,select_coverage_CBA_M1,,list,0.9942528735632185,0.9952153110047848,0.9940247252747252,0.9881204181194057,2,1.0,1.0,1.0,1.0,0,138
2,select_coverage,1.0,majority,1.0,1.0,1.0,1.0,0,1.0,1.0,1.0,1.0,0,138
2,select_coverage,1.0,cmar,0.985632183908046,0.9844239440983098,0.9850081421297054,0.9700339841147552,5,1.0,1.0,1.0,1.0,0,138
2,select_coverage,1.0,top_k_avg,0.9971264367816092,0.9976076555023924,0.9970088445372732,0.994035527640684,1,1.0,1.0,1.0,1.0,0,138
2,select_coverage,1.0,list,1.0,1.0,1.0,1.0,0,1.0,1.0,1.0,1.0,0,138
2,select_coverage,2.0,majority,0.9971264367816092,0.9964028776978416,0.9970016284259412,0.994021181334391,1,0.9885057471264368,0.9827586206896552,0.9869545659019344,0.9742446008949096,1,138
2,select_coverage,2.0,cmar,0.985632183908046,0.9844239440983098,0.9850081421297054,0.9700339841147552,5,0.9885057471264368,0.9827586206896552,0.9869545659019344,0.9742446008949096,1,138
2,select_coverage,2.0,top_k_avg,0.9942528735632185,0.994010533200234,0.994010533200234,0.9880210664004682,2,0.9885057471264368,0.9827586206896552,0.9869545659019344,0.9742446008949096,1,138
2,select_coverage,2.0,list,0.9971264367816092,0.9964028776978416,0.9970016284259412,0.994021181334391,1,0.9885057471264368,0.9827586206896552,0.9869545659019344,0.9742446008949096,1,138
2,select_coverage,3.0,majority,0.9942528735632185,0.994010533200234,0.994010533200234,0.9880210664004682,2,0.9885057471264368,0.9827586206896552,0.9869545659019344,0.9742446008949096,1,138
2,select_coverage,3.0,cmar,0.9885057471264368,0.988021066400468,0.988021066400468,0.9760421328009364,4,0.9885057471264368,0.9827586206896552,0.9869545659019344,0.9742446008949096,1,138
2,select_coverage,3.0,top_k_avg,0.9885057471264368,0.988021066400468,0.988021066400468,0.9760421328009364,4,0.9885057471264368,0.9827586206896552,0.9869545659019344,0.9742446008949096,1,138
2,select_coverage,3.0,list,0.9971264367816092,0.9964028776978416,0.9970016284259412,0.994021181334391,1,0.9885057471264368,0.9827586206896552,0.9869545659019344,0.9742446008949096,1,138
2,select_coverage,4.0,majority,0.9942528735632185,0.994010533200234,0.994010533200234,0.9880210664004682,2,0.9885057471264368,0.9827586206896552,0.9869545659019344,0.9742446008949096,1,138
2,select_coverage,4.0,cmar,0.9885057471264368,0.988021066400468,0.988021066400468,0.9760421328009364,4,0.9885057471264368,0.9827586206896552,0.9869545659019344,0.9742446008949096,1,138
2,select_coverage,4.0,top_k_avg,0.9885057471264368,0.988021066400468,0.988021066400468,0.9760421328009364,4,0.9885057471264368,0.9827586206896552,0.9869545659019344,0.9742446008949096,1,138
2,select_coverage,4.0,list,0.9971264367816092,0.9964028776978416,0.9970016284259412,0.994021181334391,1,0.9885057471264368,0.9827586206896552,0.9869545659019344,0.9742446008949096,1,138
2,select_coverage_CBA_M1,,majority,0.9942528735632185,0.9928057553956836,0.9939958592132504,0.9880633692175584,2,0.9770114942528736,0.9655172413793104,0.9736682808716708,0.9486832980505138,2,138
2,select_coverage_CBA_M1,,cmar,0.9942528735632185,0.9928057553956836,0.9939958592132504,0.9880633692175584,2,0.9770114942528736,0.9655172413793104,0.9736682808716708,0.9486832980505138,2,138
2,select_coverage_CBA_M1,,top_k_avg,0.9942528735632185,0.9928057553956836,0.9939958592132504,0.9880633692175584,2,0.9770114942528736,0.9655172413793104,0.9736682808716708,0.9486832980505138,2,138
2,select_coverage_CBA_M1,,list,0.9942528735632185,0.9928057553956836,0.9939958592132504,0.9880633692175584,2,0.9770114942528736,0.9655172413793104,0.9736682808716708,0.9486832980505138,2,138
1,select_coverage,1.0,majority,0.9971264367816092,0.9977064220183488,0.9969348659003832,0.9938884608989949,1,0.9540229885057472,0.9591836734693876,0.9537234042553192,0.9115392422092774,4,148
1,select_coverage,1.0,cmar,0.9942528735632185,0.9954128440366972,0.9938790586414324,0.987832565594008,2,0.942528735632184,0.9489795918367347,0.9422540820390284,0.8908116103345235,5,148
1,select_coverage,1.0,top_k_avg,0.9971264367816092,0.9977064220183488,0.9969348659003832,0.9938884608989949,1,0.9310344827586208,0.9358216970998926,0.9305851063829788,0.8651626842723141,6,148
1,select_coverage,1.0,list,0.9971264367816092,0.9977064220183488,0.9969348659003832,0.9938884608989949,1,0.942528735632184,0.9460257787325456,0.9420386409060626,0.8863575531704516,5,148
1,select_coverage,2.0,majority,0.9971264367816092,0.9977064220183488,0.9969348659003832,0.9938884608989949,1,0.9655172413793104,0.9693877551020408,0.9652231845436376,0.9327832648657132,3,148
1,select_coverage,2.0,cmar,0.9942528735632185,0.9954128440366972,0.9938790586414324,0.987832565594008,2,0.942528735632184,0.9489795918367347,0.9422540820390284,0.8908116103345235,5,148
1,select_coverage,2.0,top_k_avg,0.9971264367816092,0.9977064220183488,0.9969348659003832,0.9938884608989949,1,0.9310344827586208,0.9358216970998926,0.9305851063829788,0.8651626842723141,6,148
1,select_coverage,2.0,list,0.9971264367816092,0.9977064220183488,0.9969348659003832,0.9938884608989949,1,0.9540229885057472,0.9562298603651987,0.953525641025641,0.90808105643953,4,148
1,select_coverage,3.0,majority,1.0,1.0,1.0,1.0,0,0.9540229885057472,0.9562298603651987,0.953525641025641,0.90808105643953,4,148
1,select_coverage,3.0,cmar,0.9942528735632185,0.9954128440366972,0.9938790586414324,0.987832565594008,2,0.9540229885057472,0.9591836734693876,0.9537234042553192,0.9115392422092774,4,148
1,select_coverage,3.0,top_k_avg,0.9971264367816092,0.9977064220183488,0.9969348659003832,0.9938884608989949,1,0.9310344827586208,0.9358216970998926,0.9305851063829788,0.8651626842723141,6,148
1,select_coverage,3.0,list,0.9971264367816092,0.9977064220183488,0.9969348659003832,0.9938884608989949,1,0.942528735632184,0.9430719656283566,0.9417592716561788,0.8837739245222006,5,148
1,select_coverage,4.0,majority,0.9971264367816092,0.9961538461538462,0.9969253333097728,0.9938695120360064,1,0.9655172413793104,0.9664339419978518,0.9650555629937072,0.9303729132697348,3,148
1,select_coverage,4.0,cmar,0.9942528735632185,0.9954128440366972,0.9938790586414324,0.987832565594008,2,0.9540229885057472,0.9562298603651987,0.953525641025641,0.90808105643953,4,148
1,select_coverage,4.0,top_k_avg,0.9942528735632185,0.9954128440366972,0.9938790586414324,0.987832565594008,2,0.9655172413793104,0.9664339419978518,0.9650555629937072,0.9303729132697348,3,148
1,select_coverage,4.0,list,0.9971264367816092,0.9977064220183488,0.9969348659003832,0.9938884608989949,1,0.9540229885057472,0.9532760472610096,0.9532760472610096,0.9065520945220192,4,148
1,select_coverage_CBA_M1,,majority,0.9942528735632185,0.9954128440366972,0.9938790586414324,0.987832565594008,2,0.9540229885057472,0.9591836734693876,0.9537234042553192,0.9115392422092774,4,148
1,select_coverage_CBA_M1,,cmar,0.9942528735632185,0.9954128440366972,0.9938790586414324,0.987832565594008,2,0.942528735632184,0.9489795918367347,0.9422540820390284,0.8908116103345235,5,148
1,select_coverage_CBA_M1,,top_k_avg,0.9942528735632185,0.9954128440366972,0.9938790586414324,0.987832565594008,2,0.942528735632184,0.9460257787325456,0.9420386409060626,0.8863575531704516,5,148
1,select_coverage_CBA_M1,,list,0.9942528735632185,0.9954128440366972,0.9938790586414324,0.987832565594008,2,0.942528735632184,0.9460257787325456,0.9420386409060626,0.8863575531704516,5,148
2,select_coverage,1.0,majority,0.9971264367816092,0.9977064220183488,0.9969348659003832,0.9938884608989949,1,0.9540229885057472,0.9591836734693876,0.9537234042553192,0.9115392422092774,4,148
2,select_coverage,1.0,cmar,0.9942528735632185,0.9954128440366972,0.9938790586414324,0.987832565594008,2,0.942528735632184,0.9489795918367347,0.9422540820390284,0.8908116103345235,5,148
2,select_coverage,1.0,top_k_avg,0.9971264367816092,0.9977064220183488,0.9969348659003832,0.9938884608989949,1,0.9310344827586208,0.9358216970998926,0.9305851063829788,0.8651626842723141,6,148
2,select_coverage,1.0,list,0.9971264367816092,0.9977064220183488,0.9969348659003832,0.9938884608989949,1,0.9310344827586208,0.9358216970998926,0.9305851063829788,0.8651626842723141,6,148
2,select_coverage,2.0,majority,0.9971264367816092,0.9977064220183488,0.9969348659003832,0.9938884608989949,1,0.9655172413793104,0.9693877551020408,0.9652231845436376,0.9327832648657132,3,148
2,select_coverage,2.0,cmar,0.9942528735632185,0.9954128440366972,0.9938790586414324,0.987832565594008,2,0.942528735632184,0.9489795918367347,0.9422540820390284,0.8908116103345235,5,148
2,select_coverage,2.0,top_k_avg,0.9971264367816092,0.9977064220183488,0.9969348659003832,0.9938884608989949,1,0.9310344827586208,0.9358216970998926,0.9305851063829788,0.8651626842723141,6,148
2,select_coverage,2.0,list,0.9971264367816092,0.9977064220183488,0.9969348659003832,0.9938884608989949,1,0.9310344827586208,0.9358216970998926,0.9305851063829788,0.8651626842723141,6,148
2,select_coverage,3.0,majority,1.0,1.0,1.0,1.0,0,0.9540229885057472,0.9562298603651987,0.953525641025641,0.90808105643953,4,148
2,select_coverage,3.0,cmar,0.9942528735632185,0.9954128440366972,0.9938790586414324,0.987832565594008,2,0.9540229885057472,0.9591836734693876,0.9537234042553192,0.9115392422092774,4,148
2,select_coverage,3.0,top_k_avg,0.9971264367816092,0.9977064220183488,0.9969348659003832,0.9938884608989949,1,0.9310344827586208,0.9358216970998926,0.9305851063829788,0.8651626842723141,6,148
2,select_coverage,3.0,list,0.9971264367816092,0.9977064220183488,0.9969348659003832,0.9938884608989949,1,0.9310344827586208,0.9358216970998926,0.9305851063829788,0.8651626842723141,6,148
2,select_coverage,4.0,majority,0.9971264367816092,0.9961538461538462,0.9969253333097728,0.9938695120360064,1,0.9655172413793104,0.9664339419978518,0.9650555629937072,0.9303729132697348,3,148
2,select_coverage,4.0,cmar,0.9942528735632185,0.9954128440366972,0.9938790586414324,0.987832565594008,2,0.9540229885057472,0.9562298603651987,0.953525641025641,0.90808105643953,4,148
2,select_coverage,4.0,top_k_avg,0.9942528735632185,0.9954128440366972,0.9938790586414324,0.987832565594008,2,0.9655172413793104,0.9664339419978518,0.9650555629937072,0.9303729132697348,3,148
2,select_coverage,4.0,list,0.9971264367816092,0.9977064220183488,0.9969348659003832,0.9938884608989949,1,0.942528735632184,0.9460257787325456,0.9420386409060626,0.8863575531704516,5,148
2,select_coverage_CBA_M1,,majority,0.9942528735632185,0.9954128440366972,0.9938790586414324,0.987832565594008,2,0.942528735632184,0.9489795918367347,0.9422540820390284,0.8908116103345235,5,148
2,select_coverage_CBA_M1,,cmar,0.9942528735632185,0.9954128440366972,0.9938790586414324,0.987832565594008,2,0.942528735632184,0.9489795918367347,0.9422540820390284,0.8908116103345235,5,148
2,select_coverage_CBA_M1,,top_k_avg,0.9942528735632185,0.9954128440366972,0.9938790586414324,0.987832565594008,2,0.942528735632184,0.9460257787325456,0.9420386409060626,0.8863575531704516,5,148
2,select_coverage_CBA_M1,,list,0.9942528735632185,0.9954128440366972,0.9938790586414324,0.987832565594008,2,0.9310344827586208,0.9358216970998926,0.9305851063829788,0.8651626842723141,6,148
